ID,Multiplier
1,1
2,0.7692308
3,0.591716
4,0.45516613
5,0.3501278
6,0.26932907
7,0.20717621
8,0.15936631
9,0.12258948
10,0.09429959
11,0.07253815
12,0.055798575
13,0.042921983
14,0.03301691
15,0.025397623
16,0.019536633
17,0.019536633
18,0.019536633
19,0.019536633
20,0.019536633
21,0.019536633
22,0.019536633
23,0.019536633
24,0.019536633
25,0.019536633
26,0.0195366
27,0.0195366
28,0.0195366
29,0.0195366
30,0.0195366
