ID,ChrModelTextureTargetID,MaterialResourcesID
1,1,151974
2,13,151950
3,1,151975
4,13,151951
5,1,151976
6,13,168430
7,1,151977
8,13,151952
9,1,151978
10,13,151953
11,1,151979
12,13,151954
13,1,151980
14,13,151955
15,1,151981
16,13,151956
17,1,151982
18,13,151957
19,1,151983
20,13,151958
21,1,151974
22,1,160542
23,1,151984
24,13,151959
25,1,151985
26,13,151960
27,1,151986
28,13,151961
29,1,259419
30,13,259416
31,1,262346
32,13,262342
33,1,343745
34,13,343741
37,5,151701
38,5,151702
39,5,151703
40,5,151704
41,5,151705
42,5,151706
43,5,151707
44,5,151708
45,5,151709
46,5,151710
47,5,151711
48,5,151712
49,5,151713
50,5,259414
51,5,262340
52,5,343739
54,5,151714
55,5,151715
56,5,151716
57,5,151717
58,5,151718
59,5,151719
60,5,151720
61,5,151721
62,5,151722
63,5,151723
65,5,151727
66,5,151728
67,5,151729
68,5,151730
69,5,151731
70,5,151732
71,5,151733
72,5,151734
73,5,151735
74,5,151736
75,5,151737
76,5,151738
77,5,151739
79,5,151740
80,5,151741
81,5,151742
82,5,151743
83,5,151744
84,5,151745
85,5,151746
86,5,151747
87,5,151748
88,5,151749
89,5,151750
90,5,151751
91,5,151752
92,5,151753
93,5,151754
94,5,151755
95,5,151756
96,5,151757
97,5,151758
98,5,151759
99,5,151760
100,5,151761
101,5,151762
102,5,151763
103,5,151764
104,5,151765
105,5,151766
106,5,151767
107,5,151768
108,5,151769
109,5,151770
110,5,151771
111,5,151772
112,5,151773
113,5,151774
114,5,151775
115,5,151776
116,5,151777
117,5,151778
118,5,151779
119,5,151780
120,5,151781
121,5,151782
122,5,151783
123,5,151784
124,5,151785
125,5,151786
126,5,151787
127,5,151788
128,5,151789
129,5,151790
130,5,151791
131,5,151792
132,5,151793
133,5,151794
134,5,151795
135,5,151796
136,5,151797
137,5,151798
138,5,151799
139,5,151800
140,5,151801
141,5,151802
142,5,151803
143,5,151804
144,5,151805
145,5,151806
146,5,151807
147,5,151808
148,5,151809
149,5,151810
150,5,151811
151,5,151812
152,5,151813
153,5,151814
154,5,151815
155,5,151816
156,5,151817
157,5,151818
158,5,151819
159,5,151820
160,5,151821
161,5,151822
162,5,151823
163,5,151824
164,5,151825
165,5,151826
166,5,151827
167,5,151828
168,5,151829
169,4,160537
170,4,160538
171,4,160539
172,5,151830
173,5,151831
174,5,151832
175,5,151833
176,5,151834
177,5,151835
178,5,151836
179,5,151837
180,5,151838
181,5,151839
182,5,151840
183,5,151841
184,5,151842
185,5,151843
186,5,151844
187,5,151845
188,5,151846
189,5,151847
190,5,151848
191,5,151849
192,5,151850
193,5,151851
194,5,151852
195,5,151853
196,5,151854
197,5,151855
198,5,151856
199,5,151857
200,5,151858
201,5,151859
202,5,151860
203,5,151861
204,5,151862
205,5,151863
206,5,151864
207,5,151865
208,5,151866
209,5,151867
210,5,151868
211,5,151869
212,5,151870
213,5,151871
214,5,151872
215,5,151873
216,5,151874
217,5,151875
218,5,151876
219,5,151877
220,5,151878
221,5,151879
222,5,151880
223,5,151881
224,5,151882
225,5,151883
226,5,151884
227,5,151885
228,5,151886
229,5,151887
230,5,151888
231,5,151889
232,5,151890
233,5,151891
234,5,151892
235,5,151893
236,5,151894
237,5,151895
238,5,151896
239,5,151897
240,5,151898
241,5,151899
242,5,151900
243,5,151901
244,5,151902
245,5,151903
246,5,151904
247,5,151905
248,5,151906
249,5,151907
250,5,151908
251,5,151909
252,5,151910
253,5,151911
254,5,151912
255,5,151913
256,5,151914
257,5,151915
258,5,151916
259,5,151917
260,5,151918
261,5,151919
262,5,151920
263,5,151921
264,5,151922
265,5,151923
266,5,151924
267,5,151925
268,5,151926
269,5,151927
270,5,151928
271,5,151929
272,5,151940
273,5,151941
274,5,151942
275,5,151943
276,5,151944
277,5,151945
278,5,151946
279,5,151947
280,5,151948
281,5,151949
282,10,159727
283,11,159844
284,10,159728
285,11,159845
286,10,159729
287,11,159846
288,10,159730
289,11,159847
290,10,159731
291,11,159848
292,10,159732
293,11,159849
294,10,159733
295,11,159850
296,10,159734
297,11,159851
298,10,159735
299,11,159852
300,10,159736
301,11,159853
302,10,159737
303,11,159854
304,10,159738
305,11,159855
306,10,159739
307,11,159856
308,10,271446
309,11,271458
311,10,159727
312,11,159844
313,10,159728
314,11,159845
315,10,159729
316,11,159846
317,10,159730
318,11,159847
319,10,159731
320,11,159848
321,10,159732
322,11,159849
323,10,159733
324,11,159850
325,10,159734
326,11,159851
327,10,159735
328,11,159852
329,10,159736
330,11,159853
331,10,159737
332,11,159854
333,10,159738
334,11,159855
335,10,159739
336,11,159856
338,10,159727
339,11,159857
340,10,159728
341,11,159858
342,10,159729
343,11,159859
344,10,159730
345,11,159860
346,10,159731
347,11,159861
348,10,159732
349,11,159862
350,10,159733
351,11,159863
352,10,159734
353,11,159864
354,10,159735
355,11,159865
356,10,159736
357,11,159866
358,10,159737
359,11,159867
360,10,159738
361,11,159868
362,10,159739
363,11,159869
365,10,159727
366,11,159844
367,10,159728
368,11,159845
369,10,159729
370,11,159846
371,10,159730
372,11,159847
373,10,159731
374,11,159848
375,10,159732
376,11,159849
377,10,159733
378,11,159850
379,10,159734
380,11,159851
381,10,159735
382,11,159852
383,10,159736
384,11,159853
385,10,159737
386,11,159854
387,10,159738
388,11,159855
389,10,159739
390,11,159856
392,10,159727
393,11,159844
394,10,159728
395,11,159845
396,10,159729
397,11,159846
398,10,159730
399,11,159847
400,10,159731
401,11,159848
402,10,159732
403,11,159849
404,10,159733
405,11,159850
406,10,159734
407,11,159851
408,10,159735
409,11,159852
410,10,159736
411,11,159853
412,10,159737
413,11,159854
414,10,159738
415,11,159855
416,10,159739
417,11,159856
419,10,159727
420,11,159844
421,10,159728
422,11,159845
423,10,159729
424,11,159846
425,10,159730
426,11,159847
427,10,159731
428,11,159848
429,10,159732
430,11,159849
431,10,159733
432,11,159850
433,10,159734
434,11,159851
435,10,159735
436,11,159852
437,10,159736
438,11,159853
439,10,159737
440,11,159854
441,10,159738
442,11,159855
443,10,159739
444,11,159856
446,10,159727
447,11,159844
448,10,159728
449,11,159845
450,10,159729
451,11,159846
452,10,159730
453,11,159847
454,10,159731
455,11,159848
456,10,159732
457,11,159849
458,10,159733
459,11,159850
460,10,159734
461,11,159851
462,10,159735
463,11,159852
464,10,159736
465,11,159853
466,10,159737
467,11,159854
468,10,159738
469,11,159855
470,10,159739
471,11,159856
473,10,159727
474,11,159883
475,10,159728
476,11,159884
477,10,159729
478,11,159885
479,10,159730
480,11,159886
481,10,159731
482,11,159887
483,10,159732
484,11,159888
485,10,159733
486,11,159889
487,10,159734
488,11,159890
489,10,159735
490,11,159891
491,10,159736
492,11,159892
493,10,159737
494,11,159893
495,10,159738
496,11,159894
497,10,159739
498,11,159895
500,10,159727
501,11,159844
502,10,159728
503,11,159845
504,10,159729
505,11,159846
506,10,159730
507,11,159847
508,10,159731
509,11,159848
510,10,159732
511,11,159849
512,10,159733
513,11,159850
514,10,159734
515,11,159851
516,10,159735
517,11,159852
518,10,159736
519,11,159853
520,10,159737
521,11,159854
522,10,159738
523,11,159855
524,10,159739
525,11,159856
527,10,159727
528,11,159844
529,10,159728
530,11,159845
531,10,159729
532,11,159846
533,10,159730
534,11,159847
535,10,159731
536,11,159848
537,10,159732
538,11,159849
539,10,159733
540,11,159850
541,10,159734
542,11,159851
543,10,159735
544,11,159852
545,10,159736
546,11,159853
547,10,159737
548,11,159854
549,10,159738
550,11,159855
551,10,159739
552,11,159856
554,10,159727
555,11,159844
556,10,159728
557,11,159845
558,10,159729
559,11,159846
560,10,159730
561,11,159847
562,10,159731
563,11,159848
564,10,159732
565,11,159849
566,10,159733
567,11,159850
568,10,159734
569,11,159851
570,10,159735
571,11,159852
572,10,159736
573,11,159853
574,10,159737
575,11,159854
576,10,159738
577,11,159855
578,10,159739
579,11,159856
581,10,159727
582,11,159844
583,10,159728
584,11,159845
585,10,159729
586,11,159846
587,10,159730
588,11,159847
589,10,159731
590,11,159848
591,10,159732
592,11,159849
593,10,159733
594,11,159850
595,10,159734
596,11,159851
597,10,159735
598,11,159852
599,10,159736
600,11,159853
601,10,159737
602,11,159854
603,10,159738
604,11,159855
605,10,159739
606,11,159856
608,10,159727
609,11,159844
610,10,159728
611,11,159845
612,10,159729
613,11,159846
614,10,159730
615,11,159847
616,10,159731
617,11,159848
618,10,159732
619,11,159849
620,10,159733
621,11,159850
622,10,159734
623,11,159851
624,10,159735
625,11,159852
626,10,159736
627,11,159853
628,10,159737
629,11,159854
630,10,159738
631,11,159855
632,10,159739
633,11,159856
635,10,159727
636,11,159844
637,10,159728
638,11,159845
639,10,159729
640,11,159846
641,10,159730
642,11,159847
643,10,159731
644,11,159848
645,10,159732
646,11,159849
647,10,159733
648,11,159850
649,10,159734
650,11,159851
651,10,159735
652,11,159852
653,10,159736
654,11,159853
655,10,159737
656,11,159854
657,10,159738
658,11,159855
659,10,159739
660,11,159856
662,10,159727
663,11,159844
664,10,159728
665,11,159845
666,10,159729
667,11,159846
668,10,159730
669,11,159847
670,10,159731
671,11,159848
672,10,159732
673,11,159849
674,10,159733
675,11,159850
676,10,159734
677,11,159851
678,10,159735
679,11,159852
680,10,159736
681,11,159853
682,10,159737
683,11,159854
684,10,159738
685,11,159855
686,10,159739
687,11,159856
689,10,159727
690,11,159844
691,10,159728
692,11,159845
693,10,159729
694,11,159846
695,10,159730
696,11,159847
697,10,159731
698,11,159848
699,10,159732
700,11,159849
701,10,159733
702,11,159850
703,10,159734
704,11,159851
705,10,159735
706,11,159852
707,10,159736
708,11,159853
709,10,159737
710,11,159854
711,10,159738
712,11,159855
713,10,159739
714,11,159856
716,7,159740
717,7,159753
718,7,159766
719,7,159779
720,7,159792
721,7,159805
722,7,159818
723,7,159831
724,7,159741
725,7,159754
726,7,159767
727,7,159780
728,7,159793
729,7,159806
730,7,159819
731,7,159832
732,7,159742
733,7,159755
734,7,159768
735,7,159781
736,7,159794
737,7,159807
738,7,159820
739,7,159833
740,7,159743
741,7,159756
742,7,159769
743,7,159782
744,7,159795
745,7,159808
746,7,159821
747,7,159834
748,7,159744
749,7,159757
750,7,159770
751,7,159783
752,7,159796
753,7,159809
754,7,159822
755,7,159835
756,7,159745
757,7,159758
758,7,159771
759,7,159784
760,7,159797
761,7,159810
762,7,159823
763,7,159836
764,7,159746
765,7,159759
766,7,159772
767,7,159785
768,7,159798
769,7,159811
770,7,159824
771,7,159837
772,7,159747
773,7,159760
774,7,159773
775,7,159786
776,7,159799
777,7,159812
778,7,159825
779,7,159838
780,7,159748
781,7,159761
782,7,159774
783,7,159787
784,7,159800
785,7,159813
786,7,159826
787,7,159839
788,7,159749
789,7,159762
790,7,159775
791,7,159788
792,7,159801
793,7,159814
794,7,159827
795,7,159840
796,7,159750
797,7,159763
798,7,159776
799,7,159789
800,7,159802
801,7,159815
802,7,159828
803,7,159841
804,7,159751
805,7,159764
806,7,159777
807,7,159790
808,7,159803
809,7,159816
810,7,159829
811,7,159842
812,7,159752
813,7,159765
814,7,159778
815,7,159791
816,7,159804
817,7,159817
818,7,159830
819,7,159843
820,7,271450
823,1,128773
824,13,128747
825,14,128760
826,1,128774
827,13,128748
828,14,128761
829,1,128775
830,13,128749
831,14,128762
832,1,128776
833,13,128750
834,14,128763
835,1,128777
836,13,128751
837,14,128764
838,1,128778
839,13,128752
840,14,128765
841,1,128779
842,13,128753
843,14,128766
844,1,128780
845,13,128754
846,14,128767
847,1,128781
848,13,128755
849,14,128768
850,1,128782
851,13,128756
852,14,128769
853,1,128783
854,1,128784
855,1,128785
856,13,128757
857,14,128770
858,1,128786
859,13,128758
860,14,128771
861,1,128787
862,13,128759
863,14,128772
864,1,262337
865,13,262333
866,14,262335
867,1,343736
868,13,343732
869,14,343734
870,5,128587
871,5,128588
872,5,128589
873,5,128590
874,5,128591
875,5,128592
876,5,128593
877,5,128594
878,5,128595
879,5,128596
880,5,128598
881,5,128599
882,5,128600
883,5,262331
884,5,343730
885,5,128601
886,5,128602
887,5,128603
888,5,128604
889,5,128605
890,5,128606
891,5,128607
892,5,128608
893,5,128609
894,5,128610
895,5,128611
896,5,128612
897,5,128613
898,5,128614
899,5,128615
900,5,128616
901,5,128617
902,5,128618
903,5,128619
904,5,128620
905,5,128621
906,5,128622
907,5,128623
908,5,128624
909,5,128625
910,5,128626
911,5,128627
912,5,128628
913,5,128629
914,5,128630
915,5,128631
916,5,128632
917,5,128633
918,5,128634
919,5,128635
920,5,128636
921,5,128637
922,5,128638
923,5,128639
924,5,128640
925,5,128641
926,5,128642
927,5,128643
928,5,128644
929,5,128645
930,5,128646
931,5,128647
932,5,128648
933,5,128649
934,5,128650
935,5,128651
936,5,128652
937,5,128653
938,5,128654
939,5,128655
940,5,128656
941,5,128657
942,5,128658
943,5,128659
944,5,128660
945,5,128661
946,5,128662
947,5,128663
948,5,128664
949,5,128665
950,5,128666
951,5,128667
952,5,128668
953,5,128669
954,5,128670
955,5,128671
956,5,128672
957,5,128673
958,5,128674
959,5,128675
960,5,128676
961,5,128677
962,5,128678
963,5,128679
964,5,128680
965,5,128681
966,5,128682
967,5,128683
968,5,128684
969,5,128685
970,5,128686
971,5,128687
972,5,128688
973,5,128689
974,5,128690
975,5,128691
976,5,128692
977,5,128693
978,5,128694
979,5,128695
980,5,128696
981,5,128697
982,5,128698
983,5,128699
984,5,128700
985,5,128701
986,5,128702
987,5,128703
988,5,128704
989,5,128705
990,5,128706
991,5,128707
992,5,128708
993,5,128709
994,5,128710
995,5,128711
996,5,128712
997,5,128713
998,5,128714
999,5,128715
1000,5,128716
1001,5,128717
1002,5,128718
1003,5,128719
1004,5,128720
1005,5,128721
1006,5,128722
1007,5,128723
1008,5,128724
1009,5,128725
1010,5,128726
1011,5,128727
1012,5,128728
1013,5,128729
1014,5,128730
1015,5,128731
1016,5,128732
1017,5,128733
1018,5,128734
1019,5,128735
1020,5,128736
1021,5,128737
1022,5,128738
1023,5,128739
1024,5,128740
1025,5,128741
1026,5,128742
1027,5,128743
1028,5,128744
1029,5,128745
1030,5,128746
1031,5,149150
1032,5,149151
1033,5,149152
1034,5,149153
1035,5,149154
1036,5,149155
1037,5,149156
1038,5,149157
1039,5,149158
1040,5,149159
1041,5,149160
1042,5,149161
1043,5,149162
1044,5,149163
1045,5,149164
1046,5,149165
1047,5,149166
1048,5,149167
1049,5,149168
1050,5,149169
1051,5,149170
1052,5,149171
1053,5,149172
1054,5,149173
1055,5,149174
1056,5,149175
1057,5,149176
1058,5,149177
1059,5,149178
1060,5,149179
1061,5,149180
1062,5,149181
1063,5,149182
1064,5,149183
1065,5,149184
1066,5,149185
1067,5,149186
1068,5,149187
1069,5,149188
1070,5,149189
1071,5,149190
1072,5,149191
1073,5,149192
1074,5,149193
1075,5,149194
1076,5,149195
1077,5,149196
1078,5,149197
1079,5,149198
1080,5,149199
1081,5,149200
1082,5,149201
1083,5,149202
1084,5,149203
1085,5,149204
1086,5,149205
1087,5,149206
1088,5,149207
1089,5,149208
1090,5,149209
1091,5,149210
1092,5,149211
1093,5,149212
1094,5,149213
1095,5,149214
1096,5,149215
1097,5,149216
1098,5,149217
1099,5,149218
1100,5,149219
1101,5,149220
1102,5,149221
1103,5,149222
1104,5,149223
1105,5,149224
1106,5,149225
1107,5,149226
1108,5,149227
1109,5,149228
1110,5,149229
1111,5,149230
1112,5,149231
1113,5,149232
1114,5,149233
1115,5,149234
1116,5,149235
1117,5,149236
1118,5,149237
1119,5,149238
1120,5,149239
1121,5,149240
1122,5,149241
1123,5,149242
1124,5,149243
1125,5,149244
1126,5,149245
1127,5,149246
1128,5,149247
1129,5,149248
1130,5,149249
1131,5,149250
1132,5,149251
1133,5,149252
1134,5,149253
1135,5,149254
1136,5,149255
1137,5,149256
1138,5,149257
1139,5,149258
1140,5,149259
1141,5,149260
1142,5,149261
1143,5,149262
1144,5,149263
1145,5,149264
1146,5,149265
1147,5,149266
1148,5,149267
1149,5,149268
1150,5,149269
1151,5,149270
1152,5,149271
1153,5,149272
1154,5,149273
1155,5,149274
1156,5,149275
1157,5,149276
1158,5,149277
1159,5,149278
1160,5,149279
1161,5,149280
1162,5,149281
1163,5,149282
1164,5,149283
1165,5,149284
1166,5,149285
1167,5,149286
1168,5,149287
1169,5,149288
1170,5,149289
1171,5,149290
1172,5,149291
1173,5,149292
1174,5,149293
1175,5,149294
1176,5,149295
1177,5,149296
1178,5,149297
1179,5,149298
1180,5,149299
1181,10,271446
1182,12,271458
1183,10,128788
1184,12,128801
1185,10,128789
1186,12,128802
1187,10,128790
1188,12,128803
1189,10,128791
1190,12,128804
1191,10,128792
1192,12,128805
1193,10,128793
1194,12,128806
1195,10,128794
1196,12,128807
1197,10,128795
1198,12,128808
1199,10,128796
1200,12,128809
1201,10,128797
1202,12,128810
1203,10,128798
1204,12,128811
1205,10,128799
1206,12,128812
1207,10,128800
1208,12,128813
1209,1,108553
1210,13,108497
1211,1,108554
1212,13,108498
1213,1,108555
1214,13,108499
1215,1,108556
1216,13,108500
1217,1,108557
1218,13,108501
1219,1,108558
1220,13,108502
1221,1,108559
1222,13,108503
1223,1,108560
1224,13,108504
1225,1,108561
1226,13,108505
1227,1,108563
1228,1,108564
1229,1,161232
1230,1,108565
1231,1,108566
1232,1,108567
1233,1,108562
1234,13,108506
1235,1,108572
1236,13,108516
1237,1,108581
1238,13,108523
1239,1,108568
1240,1,108569
1241,1,108570
1242,1,108571
1243,1,108573
1244,1,108574
1245,1,108575
1246,1,108576
1247,1,108577
1248,1,108578
1249,1,108579
1250,1,108580
1251,1,265618
1252,13,265616
1253,5,108233
1254,5,108234
1255,5,108235
1256,5,108236
1257,5,108237
1258,5,108238
1259,5,108239
1260,5,108240
1261,5,108241
1262,5,108242
1263,5,108253
1264,5,108262
1265,5,265615
1266,5,108263
1267,5,108264
1268,5,108265
1269,5,108266
1270,5,108267
1271,5,108268
1272,5,108269
1273,5,108270
1274,5,108271
1275,5,108272
1276,5,108280
1277,5,108281
1278,5,108282
1279,5,108283
1280,5,108284
1281,5,108285
1282,5,108286
1283,5,108287
1284,5,108288
1285,5,108289
1286,5,108290
1287,5,108301
1288,5,108302
1289,5,108303
1290,5,108304
1291,5,108305
1292,5,108306
1293,5,108307
1294,5,108308
1295,5,108309
1296,5,108320
1297,5,108321
1298,5,108322
1299,5,108323
1300,5,108324
1301,5,108325
1302,5,108326
1303,5,108327
1304,5,108328
1305,5,108339
1306,5,108340
1307,5,108341
1308,5,108342
1309,5,108343
1310,5,108344
1311,5,108345
1312,5,108346
1313,5,108347
1314,5,108348
1315,5,108356
1316,5,108357
1317,5,108358
1318,5,108359
1319,5,108360
1320,5,108361
1321,5,108362
1322,5,108363
1323,5,108364
1324,5,108365
1325,5,108366
1326,5,108377
1327,5,108378
1328,5,108379
1329,5,108380
1330,5,108381
1331,5,108382
1332,5,108383
1333,5,108384
1334,5,108385
1335,5,108396
1336,5,108397
1337,5,108398
1338,5,108399
1339,5,108400
1340,5,108401
1341,5,108402
1342,5,108403
1343,5,108404
1344,5,108415
1345,5,108416
1346,5,108417
1347,5,108418
1348,5,108419
1349,5,108420
1350,5,108421
1351,5,108422
1352,5,108423
1353,5,108424
1354,5,108425
1355,5,108426
1356,5,108427
1357,5,108428
1358,5,108429
1359,5,108430
1360,5,108431
1361,5,108432
1362,5,108433
1363,5,108434
1364,5,108435
1365,5,108436
1366,5,108437
1367,5,108438
1368,5,108439
1369,5,108440
1370,5,108441
1371,5,108442
1372,5,108443
1373,5,108444
1374,5,108445
1375,5,108446
1376,5,108447
1377,5,108448
1378,5,108449
1379,5,108450
1380,5,108451
1381,5,108452
1382,5,108453
1383,5,108454
1384,5,108455
1385,5,108456
1386,5,108457
1387,5,108458
1388,5,108459
1389,5,108460
1390,5,108461
1391,5,108462
1392,5,108463
1393,5,108464
1394,5,108465
1395,5,108466
1396,5,108467
1397,5,108468
1398,5,108469
1399,5,108470
1400,5,108471
1401,5,108472
1402,5,108473
1403,5,108474
1404,5,108475
1405,5,108476
1406,5,108477
1407,5,108478
1408,5,108479
1409,5,108480
1410,5,108481
1411,5,108482
1412,5,108483
1413,5,108484
1414,5,108485
1415,5,108486
1416,5,108487
1417,5,108488
1418,5,108489
1419,5,108490
1420,5,108491
1421,5,108492
1422,5,108493
1423,5,108494
1424,5,108495
1425,10,168583
1426,10,168584
1427,10,168585
1428,10,168586
1429,10,168587
1430,10,168588
1431,10,168589
1432,10,168590
1433,10,168591
1434,10,168592
1435,10,168593
1436,10,105788
1437,11,168583
1438,10,105789
1439,11,168584
1440,10,105790
1441,11,168585
1442,10,105791
1443,11,168586
1444,10,105792
1445,11,168587
1446,10,105793
1447,11,168588
1448,10,105794
1449,11,168589
1450,10,105795
1451,11,168590
1452,10,105796
1453,11,168591
1454,10,105797
1455,11,168592
1456,10,105798
1457,11,168593
1458,10,271502
1459,11,271492
1460,10,105788
1461,11,168583
1462,10,105789
1463,11,168584
1464,10,105790
1465,11,168585
1466,10,105791
1467,11,168586
1468,10,105792
1469,11,168587
1470,10,105793
1471,11,168588
1472,10,105794
1473,11,168589
1474,10,105795
1475,11,168590
1476,10,105796
1477,11,168591
1478,10,105797
1479,11,168592
1480,10,105798
1481,11,168593
1482,10,105788
1483,11,168594
1484,10,105789
1485,11,168595
1486,10,105790
1487,11,168596
1488,10,105791
1489,11,168597
1490,10,105792
1491,11,168598
1492,10,105793
1493,11,168599
1494,10,105794
1495,11,168600
1496,10,105795
1497,11,168601
1498,10,105796
1499,11,168602
1500,10,105797
1501,11,168603
1502,10,105798
1503,11,168604
1504,10,105788
1505,11,168605
1506,10,105789
1507,11,168606
1508,10,105790
1509,11,168607
1510,10,105791
1511,11,168608
1512,10,105792
1513,11,168609
1514,10,105793
1515,11,168610
1516,10,105794
1517,11,168611
1518,10,105795
1519,11,168612
1520,10,105796
1521,11,168613
1522,10,105797
1523,11,168614
1524,10,105798
1525,11,168615
1526,10,105788
1527,11,168616
1528,10,105789
1529,11,168617
1530,10,105790
1531,11,168618
1532,10,105791
1533,11,168619
1534,10,105792
1535,11,168620
1536,10,105793
1537,11,168621
1538,10,105794
1539,11,168622
1540,10,105795
1541,11,168623
1542,10,105796
1543,11,168624
1544,10,105797
1545,11,168625
1546,10,105798
1547,11,168626
1548,10,105788
1549,11,168627
1550,10,105789
1551,11,168628
1552,10,105790
1553,11,168629
1554,10,105791
1555,11,168630
1556,10,105792
1557,11,168631
1558,10,105793
1559,11,168632
1560,10,105794
1561,11,168633
1562,10,105795
1563,11,168634
1564,10,105796
1565,11,168635
1566,10,105797
1567,11,168636
1568,10,105798
1569,11,168637
1570,10,105788
1571,11,168638
1572,10,105789
1573,11,168639
1574,10,105790
1575,11,168640
1576,10,105791
1577,11,168641
1578,10,105792
1579,11,168642
1580,10,105793
1581,11,168643
1582,10,105794
1583,11,168644
1584,10,105795
1585,11,168645
1586,10,105796
1587,11,168646
1588,10,105797
1589,11,168647
1590,10,105798
1591,11,168648
1592,10,105788
1593,11,168594
1594,10,105789
1595,11,168595
1596,10,105790
1597,11,168596
1598,10,105791
1599,11,168597
1600,10,105792
1601,11,168598
1602,10,105793
1603,11,168599
1604,10,105794
1605,11,168600
1606,10,105795
1607,11,168601
1608,10,105796
1609,11,168602
1610,10,105797
1611,11,168603
1612,10,105798
1613,11,168604
1614,10,105788
1615,11,168583
1616,10,105789
1617,11,168584
1618,10,105790
1619,11,168585
1620,10,105791
1621,11,168586
1622,10,105792
1623,11,168587
1624,10,105793
1625,11,168588
1626,10,105794
1627,11,168589
1628,10,105795
1629,11,168590
1630,10,105796
1631,11,168591
1632,10,105797
1633,11,168592
1634,10,105798
1635,11,168593
1636,10,105788
1637,11,168649
1638,10,105789
1639,11,168650
1640,10,105790
1641,11,168651
1642,10,105791
1643,11,168652
1644,10,105792
1645,11,168653
1646,10,105793
1647,11,168654
1648,10,105794
1649,11,168655
1650,10,105795
1651,11,168656
1652,10,105796
1653,11,168657
1654,10,105797
1655,11,168658
1656,10,105798
1657,11,168659
1658,10,105788
1659,11,168660
1660,10,105789
1661,11,168661
1662,10,105790
1663,11,168662
1664,10,105791
1665,11,168663
1666,10,105792
1667,11,168664
1668,10,105793
1669,11,168665
1670,10,105794
1671,11,168666
1672,10,105795
1673,11,168667
1674,10,105796
1675,11,168668
1676,10,105797
1677,11,168669
1678,10,105798
1679,11,168670
1680,10,105788
1681,10,105789
1682,10,105790
1683,10,105791
1684,10,105792
1685,10,105793
1686,10,105794
1687,10,105795
1688,10,105796
1689,10,105797
1690,10,105798
1691,8,168517
1692,8,168528
1693,8,168539
1694,7,168528
1695,7,168539
1696,7,168539
1697,7,168539
1698,7,168550
1699,7,168561
1700,7,168572
1701,8,168518
1702,8,168529
1703,8,168540
1704,7,168529
1705,7,168540
1706,7,168540
1707,7,168540
1708,7,168551
1709,7,168562
1710,7,168573
1711,8,168519
1712,8,168530
1713,8,168541
1714,7,168530
1715,7,168541
1716,7,168541
1717,7,168541
1718,7,168552
1719,7,168563
1720,7,168574
1721,8,168520
1722,8,168531
1723,8,168542
1724,7,168531
1725,7,168542
1726,7,168542
1727,7,168542
1728,7,168553
1729,7,168564
1730,7,168575
1731,8,168521
1732,8,168532
1733,8,168543
1734,7,168532
1735,7,168543
1736,7,168543
1737,7,168543
1738,7,168554
1739,7,168565
1740,7,168576
1741,8,168522
1742,8,168533
1743,8,168544
1744,7,168533
1745,7,168544
1746,7,168544
1747,7,168544
1748,7,168555
1749,7,168566
1750,7,168577
1751,8,168523
1752,8,168534
1753,8,168545
1754,7,168534
1755,7,168545
1756,7,168545
1757,7,168545
1758,7,168556
1759,7,168567
1760,7,168578
1761,8,168524
1762,8,168535
1763,8,168546
1764,7,168535
1765,7,168546
1766,7,168546
1767,7,168546
1768,7,168557
1769,7,168568
1770,7,168579
1771,8,168525
1772,8,168536
1773,8,168547
1774,7,168536
1775,7,168547
1776,7,168547
1777,7,168547
1778,7,168558
1779,7,168569
1780,7,168580
1781,8,168526
1782,8,168537
1783,8,168548
1784,7,168537
1785,7,168548
1786,7,168548
1787,7,168548
1788,7,168559
1789,7,168570
1790,7,168581
1791,8,168527
1792,8,168538
1793,8,168549
1794,7,168538
1795,7,168549
1796,7,168549
1797,7,168549
1798,7,168560
1799,7,168571
1800,7,168582
1801,8,272026
1802,1,112395
1803,13,112353
1804,14,112374
1805,1,112396
1806,13,112354
1807,14,112375
1808,1,112397
1809,13,112355
1810,14,112376
1811,1,112398
1812,13,112356
1813,14,112377
1814,1,112399
1815,13,112357
1816,14,112378
1817,1,112400
1818,13,112358
1819,14,112379
1820,1,112401
1821,13,112359
1822,14,112380
1823,1,112402
1824,13,112360
1825,14,112381
1826,1,112403
1827,13,112361
1828,14,112382
1829,1,112405
1830,1,112406
1831,1,112404
1832,13,112362
1833,14,112383
1834,1,112413
1835,13,112371
1836,14,112392
1837,1,112414
1838,13,112372
1839,14,112393
1840,1,112407
1841,1,112408
1842,1,112409
1843,1,112410
1844,1,112411
1845,1,112412
1846,1,148767
1847,1,148768
1848,1,148769
1849,1,148770
1850,1,148771
1851,1,148772
1852,1,148773
1853,1,148774
1854,1,148775
1855,1,148776
1856,1,206865
1857,13,206863
1858,14,206864
1859,1,262373
1860,13,262369
1861,14,262371
1862,5,112088
1863,5,112089
1864,5,112090
1865,5,112091
1866,5,112092
1867,5,112093
1868,5,112094
1869,5,112095
1870,5,112096
1871,5,112097
1872,5,112106
1873,5,112107
1874,5,262367
1875,5,112108
1876,5,112109
1877,5,112110
1878,5,112111
1879,5,112112
1880,5,112113
1881,5,112114
1882,5,112115
1883,5,112116
1884,5,112128
1885,5,112129
1886,5,112130
1887,5,112131
1888,5,112132
1889,5,112133
1890,5,112134
1891,5,112135
1892,5,112136
1893,5,112147
1894,5,112148
1895,5,112149
1896,5,112150
1897,5,112151
1898,5,112152
1899,5,112153
1900,5,112154
1901,5,112155
1902,5,112167
1903,5,112168
1904,5,112169
1905,5,112170
1906,5,112171
1907,5,112172
1908,5,112173
1909,5,112174
1910,5,112175
1911,5,112187
1912,5,112188
1913,5,112189
1914,5,112190
1915,5,112191
1916,5,112192
1917,5,112193
1918,5,112194
1919,5,112195
1920,5,112207
1921,5,112208
1922,5,112209
1923,5,112210
1924,5,112211
1925,5,112212
1926,5,112213
1927,5,112214
1928,5,112215
1929,5,112227
1930,5,112228
1931,5,112229
1932,5,112230
1933,5,112231
1934,5,112232
1935,5,112233
1936,5,112234
1937,5,112235
1938,5,112117
1939,5,112126
1940,5,112127
1941,5,112247
1942,5,112248
1943,5,112249
1944,5,112250
1945,5,161343
1946,5,112251
1947,5,112252
1948,5,112253
1949,5,112254
1950,5,112137
1951,5,161342
1952,5,112146
1953,5,112264
1954,5,112265
1955,5,112266
1956,5,112267
1957,5,112268
1958,5,112269
1959,5,112270
1960,5,112271
1961,5,112272
1962,5,112276
1963,5,112277
1964,5,112278
1965,5,112279
1966,5,112280
1967,5,112281
1968,5,112282
1969,5,112283
1970,5,112284
1971,5,112288
1972,5,112289
1973,5,112290
1974,5,112291
1975,5,112292
1976,5,112293
1977,5,112294
1978,5,112295
1979,5,112296
1980,5,112300
1981,5,112301
1982,5,112302
1983,5,112303
1984,5,112304
1985,5,112305
1986,5,112306
1987,5,112307
1988,5,112308
1989,5,112309
1990,5,112310
1991,5,112311
1992,5,112312
1993,5,112313
1994,5,112314
1995,5,112315
1996,5,112316
1997,5,112317
1998,5,112318
1999,5,112319
2000,5,112320
2001,5,112321
2002,5,112322
2003,5,112323
2004,5,112324
2005,5,112325
2006,5,112326
2007,5,112327
2008,5,112328
2009,5,112329
2010,5,112330
2011,5,112331
2012,5,112332
2013,5,112333
2014,5,112334
2015,5,112335
2016,5,112336
2017,5,112337
2018,5,112338
2019,5,112339
2020,5,112340
2021,5,112341
2022,5,112342
2023,5,112343
2024,5,112344
2025,5,112345
2026,5,112346
2027,5,112347
2028,5,112348
2029,5,112349
2030,5,112350
2031,5,112351
2032,5,112352
2033,11,174041
2034,11,174042
2035,11,174043
2036,11,174044
2037,11,174045
2038,11,174046
2039,11,174047
2040,11,174048
2041,11,174049
2042,11,174050
2043,11,174051
2044,11,144940
2045,11,144941
2046,11,173894
2047,11,144942
2048,11,144943
2049,11,144944
2050,11,144945
2051,11,144946
2052,11,144947
2053,11,144948
2054,11,144949
2055,10,271502
2056,11,271492
2057,11,144950
2058,11,144951
2059,11,173895
2060,11,144952
2061,11,144953
2062,11,144954
2063,11,144955
2064,11,144956
2065,11,144957
2066,11,144958
2067,11,144959
2068,11,144960
2069,11,144961
2070,11,173896
2071,11,144962
2072,11,144963
2073,11,144964
2074,11,144965
2075,11,144966
2076,11,144967
2077,11,144968
2078,11,144969
2079,11,144970
2080,11,144971
2081,11,173897
2082,11,144972
2083,11,144973
2084,11,144974
2085,11,144975
2086,11,144976
2087,11,144977
2088,11,144978
2089,11,144979
2090,11,144980
2091,11,144981
2092,11,173898
2093,11,144982
2094,11,144983
2095,11,144984
2096,11,144985
2097,11,144986
2098,11,144987
2099,11,144988
2100,11,144989
2101,11,145000
2102,11,145001
2103,11,173900
2104,11,145002
2105,11,145003
2106,11,145004
2107,11,145005
2108,11,145006
2109,11,145007
2110,11,145008
2111,11,145009
2112,11,145010
2113,11,145011
2114,11,173901
2115,11,145012
2116,11,145013
2117,11,145014
2118,11,145015
2119,11,145016
2120,11,145017
2121,11,145018
2122,11,145019
2123,10,105788
2124,10,105789
2125,10,105790
2126,10,105791
2127,10,105792
2128,10,105793
2129,10,105794
2130,10,105795
2131,10,105796
2132,10,105797
2133,10,105798
2134,1,103678
2135,13,103666
2136,1,103679
2137,13,103667
2138,1,103680
2139,13,103668
2140,1,103681
2141,13,103669
2142,1,103682
2143,13,103670
2144,1,103683
2145,13,103671
2146,1,103684
2147,13,103672
2148,1,103685
2149,13,103673
2150,1,103686
2151,13,103674
2152,1,103688
2153,1,103689
2154,1,103690
2155,1,103691
2156,1,103692
2157,1,103693
2158,1,103694
2159,1,103695
2160,1,103696
2161,1,103697
2162,1,103687
2163,13,103675
2164,1,103698
2165,13,103676
2166,1,103699
2167,13,103677
2168,1,105470
2169,1,105471
2170,1,105472
2171,1,105473
2172,1,265414
2173,13,262298
2174,14,262300
2175,5,103459
2176,5,103460
2177,5,103461
2178,5,103462
2179,5,103463
2180,5,103464
2181,5,103465
2182,5,103466
2183,5,103467
2184,5,103468
2185,5,103470
2186,5,103471
2187,5,262296
2188,5,103472
2189,5,103473
2190,5,103474
2191,5,103475
2192,5,103476
2193,5,103477
2194,5,103478
2195,5,103479
2196,5,103480
2197,5,103481
2198,5,103483
2199,5,103484
2200,5,103485
2201,5,103486
2202,5,103487
2203,5,103488
2204,5,103489
2205,5,103490
2206,5,103491
2207,5,103492
2208,5,103493
2209,5,103495
2210,5,103496
2211,5,103497
2212,5,103498
2213,5,103499
2214,5,103500
2215,5,103501
2216,5,103502
2217,5,103503
2218,5,103504
2219,5,103505
2220,5,103506
2221,5,103507
2222,5,103508
2223,5,103509
2224,5,103510
2225,5,103511
2226,5,103512
2227,5,103516
2228,5,103517
2229,5,103518
2230,5,103519
2231,5,103520
2232,5,103521
2233,5,103522
2234,5,103523
2235,5,103524
2236,5,103528
2237,5,103529
2238,5,103530
2239,5,103531
2240,5,103532
2241,5,103533
2242,5,103534
2243,5,103535
2244,5,103536
2245,5,103540
2246,5,103541
2247,5,103542
2248,5,103543
2249,5,103544
2250,5,103545
2251,5,103546
2252,5,103547
2253,5,103548
2254,5,103552
2255,5,103553
2256,5,103554
2257,5,103555
2258,5,103556
2259,5,103557
2260,5,103558
2261,5,103559
2262,5,103560
2263,5,103564
2264,5,103565
2265,5,103566
2266,5,103567
2267,5,103568
2268,5,103569
2269,5,103570
2270,5,103571
2271,5,103572
2272,5,103573
2273,5,103574
2274,5,103575
2275,5,103576
2276,5,103577
2277,5,103578
2278,5,103579
2279,5,103580
2280,5,103581
2281,5,103582
2282,5,103583
2283,5,103584
2284,5,103585
2285,5,103586
2286,5,103587
2287,5,103588
2288,5,103589
2289,5,103590
2290,5,103591
2291,5,103592
2292,5,103593
2293,5,103594
2294,5,103595
2295,5,103596
2296,5,103597
2297,5,103598
2298,5,103599
2299,5,103600
2300,5,103601
2301,5,103602
2302,5,103603
2303,5,103604
2304,5,103605
2305,5,103606
2306,5,103607
2307,5,103608
2308,5,103609
2309,5,103610
2310,5,103611
2311,5,103612
2312,5,103613
2313,5,103614
2314,5,103615
2315,5,103616
2316,5,103617
2317,5,103618
2318,5,103619
2319,5,103620
2320,5,103621
2321,5,103622
2322,5,103623
2323,5,103624
2324,5,103625
2325,5,103626
2326,5,103627
2327,5,103628
2328,5,103629
2329,5,103630
2330,5,103631
2331,5,103632
2332,5,103633
2333,5,103634
2334,5,103635
2335,5,103636
2336,5,103637
2337,5,103638
2338,5,103639
2339,5,103640
2340,5,103641
2341,5,103642
2342,5,103643
2343,5,103644
2344,5,103645
2345,5,103646
2346,5,103647
2347,5,103648
2348,5,103649
2349,5,103650
2350,5,103651
2351,5,103652
2352,5,103653
2353,5,103654
2354,5,103655
2355,5,103656
2356,5,103657
2357,5,103658
2358,5,103659
2359,5,103660
2360,5,103661
2361,5,103662
2362,5,103663
2363,5,103664
2364,5,103665
2365,11,106572
2366,11,106573
2367,11,106574
2368,11,106575
2369,11,106576
2370,11,106577
2371,11,106578
2372,11,106579
2373,11,106580
2374,11,106581
2375,11,106582
2376,11,106583
2377,11,106584
2378,10,271287
2379,11,106585
2380,12,106586
2381,12,106587
2382,12,106588
2383,12,106589
2384,12,106590
2385,12,106591
2386,12,106592
2387,12,106593
2388,12,106594
2389,12,106595
2390,12,106596
2391,12,106597
2392,12,106598
2393,11,106572
2394,11,106573
2395,11,106574
2396,11,106575
2397,11,106576
2398,11,106577
2399,11,106578
2400,11,106579
2401,11,106580
2402,11,106581
2403,11,106582
2404,11,106583
2405,11,106584
2406,12,106638
2407,12,106639
2408,12,106640
2409,12,106641
2410,12,106642
2411,12,106643
2412,12,106644
2413,12,106645
2414,12,106646
2415,12,106647
2416,12,106648
2417,12,106649
2418,12,106650
2419,11,106572
2420,11,106573
2421,11,106574
2422,11,106575
2423,11,106576
2424,11,106577
2425,11,106578
2426,11,106579
2427,11,106580
2428,11,106581
2429,11,106582
2430,11,106583
2431,11,106584
2432,12,106599
2433,12,106600
2434,12,106601
2435,12,106602
2436,12,106603
2437,12,106604
2438,12,106605
2439,12,106606
2440,12,106607
2441,12,106608
2442,12,106609
2443,12,106610
2444,12,106611
2445,12,146053
2446,11,106587
2447,11,106588
2448,11,106589
2449,11,106590
2450,11,106591
2451,11,106592
2452,11,106593
2453,11,106594
2454,11,106595
2455,11,106596
2456,11,106597
2457,11,106598
2458,11,106599
2459,11,106600
2460,11,106601
2461,11,106602
2462,11,106603
2463,11,106604
2464,11,106605
2465,11,106606
2466,11,106607
2467,11,106608
2468,11,106609
2469,11,106610
2470,11,106611
2471,12,106664
2472,12,106665
2473,12,106666
2474,12,106667
2475,12,106668
2476,12,106669
2477,12,106670
2478,12,106671
2479,12,106672
2480,12,106673
2481,12,106674
2482,12,106675
2483,12,106676
2484,11,106572
2485,11,106573
2486,11,106574
2487,11,106575
2488,11,106576
2489,11,106577
2490,11,106578
2491,11,106579
2492,11,106580
2493,11,106581
2494,11,106582
2495,11,106583
2496,11,106584
2497,10,103732
2498,8,106974
2499,8,106974
2500,8,106974
2501,8,106974
2502,8,106974
2503,8,106974
2504,8,106974
2505,8,106974
2506,8,106974
2507,8,106987
2508,8,106987
2509,10,103733
2510,8,106975
2511,8,106975
2512,8,106975
2513,8,106975
2514,8,106975
2515,8,106975
2516,8,106975
2517,8,106975
2518,8,106975
2519,8,106988
2520,8,106988
2521,10,103734
2522,8,106976
2523,8,106976
2524,8,106976
2525,8,106976
2526,8,106976
2527,8,106976
2528,8,106976
2529,8,106976
2530,8,106976
2531,8,106989
2532,8,106989
2533,10,103735
2534,8,106977
2535,8,106977
2536,8,106977
2537,8,106977
2538,8,106977
2539,8,106977
2540,8,106977
2541,8,106977
2542,8,106977
2543,8,106990
2544,8,106990
2545,10,103736
2546,8,106978
2547,8,106978
2548,8,106978
2549,8,106978
2550,8,106978
2551,8,106978
2552,8,106978
2553,8,106978
2554,8,106978
2555,8,106991
2556,8,106991
2557,10,103737
2558,8,106979
2559,8,106979
2560,8,106979
2561,8,106979
2562,8,106979
2563,8,106979
2564,8,106979
2565,8,106979
2566,8,106979
2567,8,106992
2568,8,106992
2569,10,103738
2570,8,106980
2571,8,106980
2572,8,106980
2573,8,106980
2574,8,106980
2575,8,106980
2576,8,106980
2577,8,106980
2578,8,106980
2579,8,106993
2580,8,106993
2581,10,103739
2582,8,106981
2583,8,106981
2584,8,106981
2585,8,106981
2586,8,106981
2587,8,106981
2588,8,106981
2589,8,106981
2590,8,106981
2591,8,106994
2592,8,106994
2593,10,103740
2594,8,106982
2595,8,106982
2596,8,106982
2597,8,106982
2598,8,106982
2599,8,106982
2600,8,106982
2601,8,106982
2602,8,106982
2603,8,106995
2604,8,106995
2605,10,103741
2606,8,106983
2607,8,106983
2608,8,106983
2609,8,106983
2610,8,106983
2611,8,106983
2612,8,106983
2613,8,106983
2614,8,106983
2615,8,106996
2616,8,106996
2617,10,103742
2618,8,106984
2619,8,106984
2620,8,106984
2621,8,106984
2622,8,106984
2623,8,106984
2624,8,106984
2625,8,106984
2626,8,106984
2627,8,106997
2628,8,106997
2629,10,103743
2630,8,106985
2631,8,106985
2632,8,106985
2633,8,106985
2634,8,106985
2635,8,106985
2636,8,106985
2637,8,106985
2638,8,106985
2639,8,106998
2640,8,106998
2641,10,103744
2642,8,106986
2643,8,106986
2644,8,106986
2645,8,106986
2646,8,106986
2647,8,106986
2648,8,106986
2649,8,106986
2650,8,106986
2651,8,106999
2652,8,106999
2653,8,271279
2654,1,109141
2655,13,109117
2656,14,109129
2657,1,109142
2658,13,109118
2659,14,109130
2660,1,109143
2661,13,109119
2662,14,109131
2663,1,109144
2664,13,109120
2665,14,109132
2666,1,109145
2667,13,109121
2668,14,109133
2669,1,109146
2670,13,109122
2671,14,109134
2672,1,109147
2673,13,109123
2674,14,109135
2675,1,109148
2676,13,109124
2677,14,109136
2678,1,109149
2679,13,109125
2680,14,109137
2681,1,109151
2682,1,109152
2683,1,109150
2684,13,109126
2685,14,109138
2686,1,109153
2687,13,109127
2688,14,109139
2689,1,109154
2690,13,109128
2691,14,109140
2692,1,178969
2693,1,178970
2694,1,178971
2695,1,178972
2696,1,262293
2697,13,262289
2698,14,262291
2699,5,108928
2700,5,108929
2701,5,108930
2702,5,108931
2703,5,108932
2704,5,108933
2705,5,108934
2706,5,108935
2707,5,108936
2708,5,108937
2709,5,108938
2710,5,108939
2711,5,262287
2712,5,108940
2713,5,108941
2714,5,108942
2715,5,108943
2716,5,108944
2717,5,108945
2718,5,108946
2719,5,108947
2720,5,108948
2721,5,108949
2722,5,108950
2723,5,108951
2724,5,108952
2725,5,108953
2726,5,108954
2727,5,108955
2728,5,108956
2729,5,108957
2730,5,108958
2731,5,108959
2732,5,108960
2733,5,108961
2734,5,108962
2735,5,108963
2736,5,108964
2737,5,108965
2738,5,108966
2739,5,108967
2740,5,108968
2741,5,108969
2742,5,108970
2743,5,108971
2744,5,108972
2745,5,108973
2746,5,108974
2747,5,108975
2748,5,108976
2749,5,108977
2750,5,108978
2751,5,108979
2752,5,108980
2753,5,108981
2754,5,108982
2755,5,108983
2756,5,108984
2757,5,108985
2758,5,108986
2759,5,108987
2760,5,108988
2761,5,108989
2762,5,108990
2763,5,108991
2764,5,108992
2765,5,108993
2766,5,108994
2767,5,108995
2768,5,108996
2769,5,108997
2770,5,108998
2771,5,108999
2772,5,109000
2773,5,109001
2774,5,109002
2775,5,109003
2776,5,109004
2777,5,109005
2778,5,109006
2779,5,109007
2780,5,109008
2781,5,109009
2782,5,109010
2783,5,109011
2784,5,109012
2785,5,109013
2786,5,109014
2787,5,109015
2788,5,109016
2789,5,109017
2790,5,109018
2791,5,109019
2792,5,109020
2793,5,109021
2794,5,109022
2795,5,109023
2796,5,109024
2797,5,109025
2798,5,109026
2799,5,109027
2800,5,109028
2801,5,109029
2802,5,109030
2803,5,109031
2804,5,109032
2805,5,109033
2806,5,109034
2807,5,109035
2808,5,109036
2809,5,109037
2810,5,109038
2811,5,109039
2812,5,109040
2813,5,109041
2814,5,109042
2815,5,109043
2816,5,109044
2817,5,109045
2818,5,109046
2819,5,109047
2820,5,109048
2821,5,109049
2822,5,109050
2823,5,109051
2824,5,109052
2825,5,109053
2826,5,109054
2827,5,109055
2828,5,109056
2829,5,109057
2830,5,109058
2831,5,109059
2832,5,109060
2833,5,109061
2834,5,109062
2835,5,109063
2836,5,109064
2837,5,109065
2838,5,109066
2839,5,109067
2840,5,109068
2841,5,109069
2842,5,109070
2843,5,109071
2844,5,109072
2845,5,109073
2846,5,109074
2847,5,109075
2848,5,109076
2849,5,109077
2850,5,109078
2851,5,109079
2852,5,109080
2853,5,109081
2854,5,109082
2855,5,109083
2856,5,109084
2857,5,109085
2858,5,109086
2859,5,109087
2860,5,109088
2861,5,109089
2862,5,109090
2863,5,109091
2864,5,109092
2865,5,109093
2866,5,109094
2867,5,109095
2868,5,109096
2869,5,109097
2870,5,109098
2871,5,109099
2872,5,109100
2873,5,109101
2874,5,109102
2875,5,109103
2876,5,109104
2877,5,109105
2878,5,109106
2879,5,109107
2880,5,109108
2881,5,109109
2882,5,109110
2883,5,109111
2884,5,109112
2885,5,109113
2886,5,109114
2887,5,109115
2888,5,109116
2889,11,145186
2890,11,145187
2891,11,145188
2892,11,145189
2893,11,145190
2894,11,145191
2895,11,145192
2896,11,145193
2897,11,145194
2898,11,145195
2899,11,145196
2900,11,145197
2901,11,145198
2902,11,145186
2903,11,145187
2904,11,145188
2905,11,145189
2906,11,145190
2907,11,145191
2908,11,145192
2909,11,145193
2910,11,145194
2911,11,145195
2912,11,145196
2913,11,145197
2914,11,145198
2915,10,271287
2916,11,271285
2917,11,145186
2918,11,145187
2919,11,145188
2920,11,145189
2921,11,145190
2922,11,145191
2923,11,145192
2924,11,145193
2925,11,145194
2926,11,145195
2927,11,145196
2928,11,145197
2929,11,145198
2930,11,145186
2931,11,145187
2932,11,145188
2933,11,145189
2934,11,145190
2935,11,145191
2936,11,145192
2937,11,145193
2938,11,145194
2939,11,145195
2940,11,145196
2941,11,145197
2942,11,145198
2943,11,145186
2944,11,145187
2945,11,145188
2946,11,145189
2947,11,145190
2948,11,145191
2949,11,145192
2950,11,145193
2951,11,145194
2952,11,145195
2953,11,145196
2954,11,145197
2955,11,145198
2956,11,145186
2957,11,145187
2958,11,145188
2959,11,145189
2960,11,145190
2961,11,145191
2962,11,145192
2963,11,145193
2964,11,145194
2965,11,145195
2966,11,145196
2967,11,145197
2968,11,145198
2969,11,145186
2970,11,145187
2971,11,145188
2972,11,145189
2973,11,145190
2974,11,145191
2975,11,145192
2976,11,145193
2977,11,145194
2978,11,145195
2979,11,145196
2980,11,145197
2981,11,145198
2982,11,106612
2983,11,106613
2984,11,106614
2985,11,106615
2986,11,106616
2987,11,106617
2988,11,106618
2989,11,106619
2990,11,106620
2991,11,106621
2992,11,106622
2993,11,106623
2994,11,106624
2995,11,145186
2996,11,145187
2997,11,145188
2998,11,145189
2999,11,145190
3000,11,145191
3001,11,145192
3002,11,145193
3003,11,145194
3004,11,145195
3005,11,145196
3006,11,145197
3007,11,145198
3008,11,145186
3009,11,145187
3010,11,145188
3011,11,145189
3012,11,145190
3013,11,145191
3014,11,145192
3015,11,145193
3016,11,145194
3017,11,145195
3018,11,145196
3019,11,145197
3020,11,145198
3021,11,145186
3022,11,145187
3023,11,145188
3024,11,145189
3025,11,145190
3026,11,145191
3027,11,145192
3028,11,145193
3029,11,145194
3030,11,145195
3031,11,145196
3032,11,145197
3033,11,145198
3034,11,145186
3035,11,145187
3036,11,145188
3037,11,145189
3038,11,145190
3039,11,145191
3040,11,145192
3041,11,145193
3042,11,145194
3043,11,145195
3044,11,145196
3045,11,145197
3046,11,145198
3047,11,145186
3048,11,145187
3049,11,145188
3050,11,145189
3051,11,145190
3052,11,145191
3053,11,145192
3054,11,145193
3055,11,145194
3056,11,145195
3057,11,145196
3058,11,145197
3059,11,145198
3060,11,145186
3061,11,145187
3062,11,145188
3063,11,145189
3064,11,145190
3065,11,145191
3066,11,145192
3067,11,145193
3068,11,145194
3069,11,145195
3070,11,145196
3071,11,145197
3072,11,145198
3073,11,145186
3074,11,145187
3075,11,145188
3076,11,145189
3077,11,145190
3078,11,145191
3079,11,145192
3080,11,145193
3081,11,145194
3082,11,145195
3083,11,145196
3084,11,145197
3085,11,145198
3086,11,145186
3087,11,145187
3088,11,145188
3089,11,145189
3090,11,145190
3091,11,145191
3092,11,145192
3093,11,145193
3094,11,145194
3095,11,145195
3096,11,145196
3097,11,145197
3098,11,145198
3099,11,145186
3100,11,145187
3101,11,145188
3102,11,145189
3103,11,145190
3104,11,145191
3105,11,145192
3106,11,145193
3107,11,145194
3108,11,145195
3109,11,145196
3110,11,145197
3111,11,145198
3112,11,145186
3113,11,145187
3114,11,145188
3115,11,145189
3116,11,145190
3117,11,145191
3118,11,145192
3119,11,145193
3120,11,145194
3121,11,145195
3122,11,145196
3123,11,145197
3124,11,145198
3125,11,145186
3126,11,145187
3127,11,145188
3128,11,145189
3129,11,145190
3130,11,145191
3131,11,145192
3132,11,145193
3133,11,145194
3134,11,145195
3135,11,145196
3136,11,145197
3137,11,145198
3138,11,145186
3139,11,145187
3140,11,145188
3141,11,145189
3142,11,145190
3143,11,145191
3144,11,145192
3145,11,145193
3146,11,145194
3147,11,145195
3148,11,145196
3149,11,145197
3150,11,145198
3151,11,145186
3152,11,145187
3153,11,145188
3154,11,145189
3155,11,145190
3156,11,145191
3157,11,145192
3158,11,145193
3159,11,145194
3160,11,145195
3161,11,145196
3162,11,145197
3163,11,145198
3164,10,103732
3165,10,103733
3166,10,103734
3167,10,103735
3168,10,103736
3169,10,103737
3170,10,103738
3171,10,103739
3172,10,103740
3173,10,103741
3174,10,103742
3175,10,103743
3176,10,103744
3177,1,153581
3178,13,153560
3179,1,153582
3180,13,153561
3181,1,153583
3182,13,153562
3183,1,153584
3184,13,153563
3185,1,153585
3186,13,153564
3187,1,153586
3188,13,153565
3189,1,153587
3190,13,153566
3191,1,153588
3192,13,153567
3193,1,153589
3194,13,153568
3195,1,153590
3196,13,153569
3197,1,153591
3198,13,153570
3199,1,153592
3200,13,153571
3201,1,160829
3202,1,222355
3203,1,236830
3204,13,236824
3205,1,236831
3206,13,236825
3207,1,236832
3208,13,236826
3209,1,236833
3210,13,236827
3211,1,236834
3212,13,236828
3213,1,236835
3214,13,236829
3215,1,262364
3216,13,262360
3217,1,349427
3218,13,349424
3219,14,349425
3220,1,514059
3221,13,514058
3222,1,523252
3223,13,523251
3224,5,153349
3225,5,153350
3226,5,153351
3227,5,153352
3228,5,153353
3229,5,153354
3230,5,153355
3231,5,153356
3232,5,153357
3233,5,153358
3234,5,153359
3235,5,153360
3236,5,236788
3237,5,236789
3238,5,236790
3239,5,236791
3240,5,236792
3241,5,236793
3242,5,262358
3243,5,349423
3244,5,514049
3245,5,153361
3246,5,153362
3247,5,153363
3248,5,153364
3249,5,153365
3250,5,153366
3251,5,153367
3252,5,153368
3253,5,153369
3254,5,153370
3255,5,153371
3256,5,153372
3257,5,236794
3258,5,236795
3259,5,236796
3260,5,236797
3261,5,236798
3262,5,236799
3263,5,514050
3264,5,153373
3265,5,153374
3266,5,153375
3267,5,153376
3268,5,153377
3269,5,153378
3270,5,153379
3271,5,153380
3272,5,153381
3273,5,236800
3274,5,236801
3275,5,236802
3276,5,236803
3277,5,236804
3278,5,236805
3279,5,514051
3280,5,153382
3281,5,153383
3282,5,153384
3283,5,153385
3284,5,153386
3285,5,153387
3286,5,153388
3287,5,153389
3288,5,153390
3289,5,236806
3290,5,236807
3291,5,236808
3292,5,236809
3293,5,236810
3294,5,236811
3295,5,514052
3296,5,153391
3297,5,153392
3298,5,153393
3299,5,153394
3300,5,153395
3301,5,153396
3302,5,153397
3303,5,153398
3304,5,153399
3305,5,153400
3306,5,153401
3307,5,153402
3308,5,236812
3309,5,236813
3310,5,236814
3311,5,236815
3312,5,236816
3313,5,236817
3314,5,514053
3315,5,153403
3316,5,153404
3317,5,153405
3318,5,153406
3319,5,153407
3320,5,153408
3321,5,153409
3322,5,153410
3323,5,153411
3324,5,236818
3325,5,236819
3326,5,236820
3327,5,236821
3328,5,236822
3329,5,236823
3330,5,514054
3331,5,153412
3332,5,153413
3333,5,153414
3334,5,153415
3335,5,153416
3336,5,153417
3337,5,153418
3338,5,153419
3339,5,153420
3340,5,514055
3341,5,153421
3342,5,153422
3343,5,153423
3344,5,153424
3345,5,153425
3346,5,153426
3347,5,153427
3348,5,153428
3349,5,153429
3350,5,514056
3351,5,153430
3352,5,153431
3353,5,153432
3354,5,153433
3355,5,153434
3356,5,153435
3357,5,153436
3358,5,153437
3359,5,153438
3360,5,514057
3361,5,153439
3362,5,153440
3363,5,153441
3364,5,153442
3365,5,153443
3366,5,153444
3367,5,153445
3368,5,153446
3369,5,153447
3370,5,153448
3371,5,153449
3372,5,153450
3373,5,153451
3374,5,153452
3375,5,153453
3376,5,153454
3377,5,153455
3378,5,153456
3379,5,153457
3380,5,153458
3381,5,153459
3382,5,153460
3383,5,153461
3384,5,153462
3385,5,153463
3386,5,153464
3387,5,153465
3388,5,153466
3389,5,153467
3390,5,153468
3391,5,153469
3392,5,153470
3393,5,153471
3394,5,153472
3395,5,153473
3396,5,153474
3397,5,153475
3398,5,153476
3399,5,153477
3400,5,153478
3401,5,153479
3402,5,153480
3403,5,153481
3404,5,153482
3405,5,153483
3406,5,153484
3407,5,153485
3408,5,153486
3409,5,153487
3410,5,153488
3411,5,153489
3412,5,153490
3413,5,153491
3414,5,153492
3415,5,153493
3416,5,153494
3417,5,153495
3418,5,153496
3419,5,153497
3420,5,153498
3421,5,153499
3422,5,153500
3423,5,153501
3424,5,153502
3425,5,153503
3426,5,153504
3427,5,153505
3428,5,153506
3429,5,153507
3430,5,153508
3431,5,153509
3432,5,153510
3433,5,153511
3434,5,153512
3435,5,153513
3436,5,153514
3437,5,153515
3438,5,153516
3439,5,153517
3440,5,153518
3441,5,153519
3442,11,153573
3443,11,153574
3444,11,153575
3445,11,153576
3446,11,153577
3447,11,153578
3448,11,153579
3449,11,153580
3450,11,249066
3451,11,153573
3452,11,153574
3453,11,153575
3454,11,153576
3455,11,153577
3456,11,153578
3457,11,153579
3458,11,153580
3459,11,249066
3460,10,271467
3461,11,271468
3462,11,153573
3463,11,153574
3464,11,153575
3465,11,153576
3466,11,153577
3467,11,153578
3468,11,153579
3469,11,153580
3470,11,249066
3471,11,153573
3472,11,153574
3473,11,153575
3474,11,153576
3475,11,153577
3476,11,153578
3477,11,153579
3478,11,153580
3479,11,249066
3480,11,153573
3481,11,153574
3482,11,153575
3483,11,153576
3484,11,153577
3485,11,153578
3486,11,153579
3487,11,153580
3488,11,249066
3489,11,153573
3490,11,153574
3491,11,153575
3492,11,153576
3493,11,153577
3494,11,153578
3495,11,153579
3496,11,153580
3497,11,249066
3498,11,153573
3499,11,153574
3500,11,153575
3501,11,153576
3502,11,153577
3503,11,153578
3504,11,153579
3505,11,153580
3506,11,249066
3507,11,153573
3508,11,153574
3509,11,153575
3510,11,153576
3511,11,153577
3512,11,153578
3513,11,153579
3514,11,153580
3515,11,249066
3516,11,153573
3517,11,153574
3518,11,153575
3519,11,153576
3520,11,153577
3521,11,153578
3522,11,153579
3523,11,153580
3524,11,249066
3525,11,153573
3526,11,153574
3527,11,153575
3528,11,153576
3529,11,153577
3530,11,153578
3531,11,153579
3532,11,153580
3533,11,249066
3534,11,153573
3535,11,153574
3536,11,153575
3537,11,153576
3538,11,153577
3539,11,153578
3540,11,153579
3541,11,153580
3542,11,249066
3543,10,128326
3544,7,153520
3545,7,153528
3546,7,153536
3547,7,153544
3548,7,153552
3549,10,128327
3550,7,153521
3551,7,153529
3552,7,153537
3553,7,153545
3554,7,153553
3555,10,128328
3556,7,153522
3557,7,153530
3558,7,153538
3559,7,153546
3560,7,153554
3561,10,128329
3562,7,153523
3563,7,153531
3564,7,153539
3565,7,153547
3566,7,153555
3567,10,128330
3568,7,153524
3569,7,153532
3570,7,153540
3571,7,153548
3572,7,153556
3573,10,128331
3574,7,153525
3575,7,153533
3576,7,153541
3577,7,153549
3578,7,153557
3579,10,141614
3580,7,153526
3581,7,153534
3582,7,153542
3583,7,153550
3584,7,153558
3585,10,128332
3586,7,153527
3587,7,153535
3588,7,153543
3589,7,153551
3590,7,153559
3591,10,128333
3592,11,668965
3593,7,183552
3594,7,183555
3595,7,183558
3596,7,183561
3597,10,128334
3598,11,668964
3599,7,183553
3600,7,183556
3601,7,183559
3602,7,183562
3603,10,128335
3604,7,174165
3605,7,174168
3606,7,174171
3607,7,174174
3608,7,174177
3609,10,128336
3610,10,128337
3611,7,174167
3612,7,174170
3613,7,174173
3614,7,174176
3615,7,174179
3616,10,128338
3623,16,237560
3624,16,259766
3625,16,259772
3626,16,259778
3627,16,259784
3629,16,237561
3630,16,259767
3631,16,259773
3632,16,259779
3633,16,259785
3635,16,237562
3636,16,259768
3637,16,259774
3638,16,259780
3639,16,259786
3641,16,237563
3642,16,259769
3643,16,259775
3644,16,259781
3645,16,259787
3647,16,237564
3648,16,259770
3649,16,259776
3650,16,259782
3651,16,259788
3653,1,126584
3654,13,126566
3655,14,126575
3656,1,126585
3657,13,126567
3658,14,126576
3659,1,126586
3660,13,126568
3661,14,126577
3662,1,127789
3663,13,127781
3664,14,127785
3665,1,126587
3666,13,126569
3667,14,126578
3668,1,126588
3669,13,126570
3670,14,126579
3671,1,126589
3672,13,126571
3673,14,126580
3674,1,126590
3675,13,126572
3676,14,126581
3677,1,126591
3678,13,126573
3679,14,126582
3680,1,126592
3681,13,127782
3682,14,127786
3683,1,126593
3684,13,127783
3685,14,127787
3686,1,126594
3687,13,127784
3688,14,127788
3689,1,126595
3690,1,229813
3691,1,236724
3692,13,236712
3693,14,236718
3694,1,236725
3695,13,236713
3696,14,236719
3697,1,236726
3698,13,236714
3699,14,236720
3700,1,236727
3701,13,236715
3702,14,236721
3703,1,236728
3704,13,236716
3705,14,236722
3706,1,236729
3707,13,236717
3708,14,236723
3709,1,262355
3710,13,262351
3711,14,262353
3712,1,349422
3713,13,349419
3714,14,349420
3715,1,513554
3716,13,513552
3717,14,513553
3718,1,523241
3719,13,523239
3720,14,523240
3721,5,126403
3722,5,126404
3723,5,126405
3724,5,126406
3725,5,126407
3726,5,126408
3727,5,126409
3728,5,126410
3729,5,126411
3730,5,126412
3731,5,126413
3732,5,126414
3733,5,236676
3734,5,236677
3735,5,236678
3736,5,236679
3737,5,236680
3738,5,236681
3739,5,262349
3740,5,349418
3741,5,513543
3742,5,126415
3743,5,126416
3744,5,126417
3745,5,126418
3746,5,126419
3747,5,126420
3748,5,126421
3749,5,126422
3750,5,126423
3751,5,236682
3752,5,236683
3753,5,236684
3754,5,236685
3755,5,236686
3756,5,236687
3757,5,513544
3758,5,126424
3759,5,126425
3760,5,126426
3761,5,126427
3762,5,126428
3763,5,126429
3764,5,126430
3765,5,126431
3766,5,126432
3767,5,236688
3768,5,236689
3769,5,236690
3770,5,236691
3771,5,236692
3772,5,236693
3773,5,513545
3774,5,126433
3775,5,126434
3776,5,126435
3777,5,126436
3778,5,126437
3779,5,126438
3780,5,126439
3781,5,126440
3782,5,126441
3783,5,236694
3784,5,236695
3785,5,236696
3786,5,236697
3787,5,236698
3788,5,236699
3789,5,513546
3790,5,126442
3791,5,126443
3792,5,126444
3793,5,126445
3794,5,126446
3795,5,126447
3796,5,126448
3797,5,126449
3798,5,126450
3799,5,236700
3800,5,236701
3801,5,236702
3802,5,236703
3803,5,236704
3804,5,236705
3805,5,513547
3806,5,126451
3807,5,126452
3808,5,126453
3809,5,126454
3810,5,126455
3811,5,126456
3812,5,126457
3813,5,126458
3814,5,126459
3815,5,236706
3816,5,236707
3817,5,236708
3818,5,236709
3819,5,236710
3820,5,236711
3821,5,513548
3822,5,126460
3823,5,126461
3824,5,126462
3825,5,126463
3826,5,126464
3827,5,126465
3828,5,126466
3829,5,126467
3830,5,126468
3831,5,126469
3832,5,126470
3833,5,126471
3834,5,513549
3835,5,126472
3836,5,126473
3837,5,126474
3838,5,126475
3839,5,126476
3840,5,126477
3841,5,126478
3842,5,126479
3843,5,126480
3844,5,126481
3845,5,126482
3846,5,126483
3847,5,513550
3848,5,126484
3849,5,126485
3850,5,126486
3851,5,126487
3852,5,126488
3853,5,126489
3854,5,126490
3855,5,126491
3856,5,126492
3857,5,513551
3858,5,126493
3859,5,126494
3860,5,126495
3861,5,126496
3862,5,126497
3863,5,126498
3864,5,126499
3865,5,179322
3866,5,126500
3867,5,126501
3868,5,126502
3869,5,126503
3870,5,126504
3871,5,126505
3872,5,126506
3873,5,126507
3874,5,179323
3875,5,126508
3876,5,126509
3877,5,126510
3878,5,126511
3879,5,126512
3880,5,126513
3881,5,126514
3882,5,126515
3883,5,179324
3884,5,126516
3885,5,126517
3886,5,126518
3887,5,126519
3888,5,126520
3889,5,126521
3890,5,126522
3891,5,126523
3892,5,179325
3893,5,126524
3894,5,126525
3895,5,126526
3896,5,126527
3897,5,126528
3898,5,126529
3899,5,126530
3900,5,126531
3901,5,179326
3902,5,126532
3903,5,126533
3904,5,126534
3905,5,126535
3906,5,126536
3907,5,126537
3908,5,126538
3909,5,126539
3910,5,179528
3911,5,126540
3912,5,126541
3913,5,126542
3914,5,126543
3915,5,126544
3916,5,126545
3917,5,126546
3918,5,126547
3919,5,179529
3920,5,126548
3921,5,126549
3922,5,126550
3923,5,126551
3924,5,126552
3925,5,126553
3926,5,126554
3927,5,126555
3928,5,179530
3929,5,126556
3930,5,126557
3931,5,126558
3932,5,126559
3933,5,126560
3934,5,126561
3935,5,126562
3936,5,126563
3937,5,179531
3938,5,126564
3939,11,128114
3940,11,128115
3941,11,128116
3942,11,128117
3943,11,128118
3944,12,128121
3945,12,51846
3946,12,128114
3947,12,128115
3948,12,128116
3949,12,128117
3950,12,128118
3951,12,128121
3952,12,249065
3953,10,271467
3954,12,271468
3955,12,128114
3956,12,128115
3957,12,128116
3958,12,128117
3959,12,128118
3960,12,128121
3961,12,249065
3962,12,128114
3963,12,128115
3964,12,128116
3965,12,128117
3966,12,128118
3967,12,128121
3968,12,249065
3969,12,128114
3970,12,128115
3971,12,128116
3972,12,128117
3973,12,128118
3974,12,128121
3975,12,249065
3976,12,128114
3977,12,128115
3978,12,128116
3979,12,128117
3980,12,128118
3981,12,128121
3982,12,249065
3983,12,128114
3984,12,128115
3985,12,128116
3986,12,128117
3987,12,128118
3988,12,128121
3989,12,249065
3990,12,128114
3991,12,128115
3992,12,128116
3993,12,128117
3994,12,128118
3995,12,128121
3996,12,249065
3997,12,128114
3998,12,128115
3999,12,128116
4000,12,128117
4001,12,128118
4002,12,128121
4003,12,249065
4004,12,128114
4005,12,128115
4006,12,128116
4007,12,128117
4008,12,128118
4009,12,128121
4010,12,249065
4011,12,128114
4012,12,128115
4013,12,128116
4014,12,128117
4015,12,128118
4016,12,128121
4017,12,249065
4018,12,128114
4019,12,128115
4020,12,128116
4021,12,128117
4022,12,128118
4023,12,128121
4024,12,249065
4025,12,128114
4026,12,128115
4027,12,128116
4028,12,128117
4029,12,128118
4030,12,128121
4031,12,249065
4032,12,128114
4033,12,128115
4034,12,128116
4035,12,128117
4036,12,128118
4037,12,128121
4038,12,249065
4039,12,128114
4040,12,128115
4041,12,128116
4042,12,128117
4043,12,128118
4044,12,155567
4045,10,128326
4046,7,128042
4047,7,128050
4048,7,128058
4049,7,128066
4050,7,128074
4051,7,128082
4052,7,128090
4053,7,128098
4054,7,128106
4055,10,128327
4056,7,128043
4057,7,128051
4058,7,128059
4059,7,128067
4060,7,128075
4061,7,128083
4062,7,128091
4063,7,128099
4064,7,128107
4065,10,128328
4066,7,128044
4067,7,128052
4068,7,128060
4069,7,128068
4070,7,128076
4071,7,128084
4072,7,128092
4073,7,128100
4074,7,128108
4075,10,128329
4076,7,128045
4077,7,128053
4078,7,128061
4079,7,128069
4080,7,128077
4081,7,128085
4082,7,128093
4083,7,128101
4084,7,128109
4085,10,128330
4086,7,128046
4087,7,128054
4088,7,128062
4089,7,128070
4090,7,128078
4091,7,128086
4092,7,128094
4093,7,128102
4094,7,128110
4095,10,128331
4096,12,128119
4097,7,128047
4098,7,128055
4099,7,128063
4100,7,128071
4101,7,128079
4102,7,128087
4103,7,128095
4104,7,128103
4105,7,128111
4106,10,141614
4107,12,128120
4108,7,128048
4109,7,128056
4110,7,128064
4111,7,128072
4112,7,128080
4113,7,128088
4114,7,128096
4115,7,128104
4116,7,128112
4117,10,128332
4118,7,128049
4119,7,128057
4120,7,128065
4121,7,128073
4122,7,128081
4123,7,128089
4124,7,128097
4125,7,128105
4126,7,128113
4127,10,128336
4137,10,128337
4147,10,128333
4148,7,179327
4149,7,179266
4150,7,179269
4151,7,179272
4152,7,179275
4153,7,179278
4154,7,179281
4155,7,179284
4156,7,179287
4157,10,128334
4158,7,179328
4159,7,179267
4160,7,179270
4161,7,179273
4162,7,179276
4163,7,179279
4164,7,179282
4165,7,179285
4166,7,179288
4173,16,237555
4174,16,259420
4175,16,259426
4176,16,259432
4177,16,259438
4179,16,236108
4180,16,259421
4181,16,259427
4182,16,259433
4183,16,259439
4185,16,237556
4186,16,259422
4187,16,259428
4188,16,259434
4189,16,259440
4191,16,237557
4192,16,259423
4193,16,259429
4194,16,259435
4195,16,259441
4197,16,237558
4198,16,259424
4199,16,259430
4200,16,259436
4201,16,259442
4203,1,109656
4204,13,109650
4205,1,109657
4206,13,109651
4207,1,109658
4208,13,109652
4209,1,109659
4210,13,109653
4211,1,109660
4212,13,109654
4213,1,109661
4214,13,109655
4215,1,265483
4216,13,265479
4217,5,109590
4218,5,109591
4219,5,109592
4220,5,109593
4221,5,109594
4222,5,109595
4223,5,265477
4224,5,109596
4225,5,109597
4226,5,109598
4227,5,109599
4228,5,109600
4229,5,109601
4230,5,109602
4231,5,109603
4232,5,109604
4233,5,109605
4234,5,109606
4235,5,109607
4236,5,109608
4237,5,109609
4238,5,109610
4239,5,109611
4240,5,109612
4241,5,109613
4242,5,109614
4243,5,109615
4244,5,109616
4245,5,109617
4246,5,109618
4247,5,109619
4248,5,109620
4249,5,109621
4250,5,109622
4251,5,109623
4252,5,109624
4253,5,109625
4254,5,109626
4255,5,109627
4256,5,109628
4257,5,109629
4258,5,109630
4259,5,109631
4260,5,109632
4261,5,109633
4262,5,109634
4263,5,109635
4264,5,109636
4265,5,109637
4266,5,109638
4267,5,109639
4268,5,109640
4269,5,109641
4270,5,109642
4271,5,109643
4272,5,109644
4273,5,109645
4274,5,109646
4275,5,109647
4276,5,109648
4277,5,109649
4278,5,109590
4279,5,109591
4280,5,109592
4281,5,109593
4282,5,109594
4283,5,109595
4284,5,109596
4285,5,109597
4286,5,109598
4287,5,109599
4288,5,109600
4289,5,109601
4290,5,109602
4291,5,109603
4292,5,109604
4293,5,109605
4294,5,109606
4295,5,109607
4296,5,109608
4297,5,109609
4298,5,109610
4299,5,109611
4300,5,109612
4301,5,109613
4302,5,109614
4303,5,109615
4304,5,109616
4305,5,109617
4306,5,109618
4307,5,109619
4308,5,109620
4309,5,109621
4310,5,109622
4311,5,109623
4312,5,109624
4313,5,109625
4314,5,109626
4315,5,109627
4316,5,109628
4317,5,109629
4318,5,109630
4319,5,109631
4320,5,109632
4321,5,109633
4322,5,109634
4323,5,109635
4324,5,109636
4325,5,109637
4326,5,109638
4327,5,109639
4328,5,109640
4329,5,109641
4330,5,109642
4331,5,109643
4332,5,109644
4333,5,109645
4334,5,109646
4335,5,109647
4336,5,109648
4337,5,109649
4338,10,109579
4339,12,145202
4340,10,109580
4341,12,145203
4342,10,109581
4343,12,145204
4344,10,109582
4345,12,145205
4346,10,109583
4347,12,145206
4348,10,109584
4349,12,145207
4350,10,109585
4351,12,145208
4352,10,109586
4353,12,145209
4354,10,109587
4355,12,145210
4356,10,109588
4357,12,145211
4358,10,271576
4359,12,271581
4360,10,109579
4361,12,145212
4362,10,109580
4363,12,145213
4364,10,109581
4365,12,145214
4366,10,109582
4367,12,145215
4368,10,109583
4369,12,145216
4370,10,109584
4371,12,145217
4372,10,109585
4373,12,145218
4374,10,109586
4375,12,145219
4376,10,109587
4377,12,145220
4378,10,109588
4379,12,145221
4380,10,109579
4381,12,145222
4382,10,109580
4383,12,145223
4384,10,109581
4385,12,145224
4386,10,109582
4387,12,145225
4388,10,109583
4389,12,145226
4390,10,109584
4391,12,145227
4392,10,109585
4393,12,145228
4394,10,109586
4395,12,145229
4396,10,109587
4397,12,145230
4398,10,109588
4399,12,145231
4400,10,109579
4401,12,145232
4402,10,109580
4403,12,145233
4404,10,109581
4405,12,145234
4406,10,109582
4407,12,145235
4408,10,109583
4409,12,145236
4410,10,109584
4411,12,145237
4412,10,109585
4413,12,145238
4414,10,109586
4415,12,145239
4416,10,109587
4417,12,145240
4418,10,109588
4419,12,145241
4420,10,109579
4421,12,145242
4422,10,109580
4423,12,145243
4424,10,109581
4425,12,145244
4426,10,109582
4427,12,145245
4428,10,109583
4429,12,145246
4430,10,109584
4431,12,145247
4432,10,109585
4433,12,145248
4434,10,109586
4435,12,145249
4436,10,109587
4437,12,145250
4438,10,109588
4439,12,145251
4440,10,109579
4441,12,145252
4442,10,109580
4443,12,145253
4444,10,109581
4445,12,145254
4446,10,109582
4447,12,145255
4448,10,109583
4449,12,145256
4450,10,109584
4451,12,145257
4452,10,109585
4453,12,145258
4454,10,109586
4455,12,145259
4456,10,109587
4457,12,145260
4458,10,109588
4459,12,145261
4460,10,109579
4461,12,145262
4462,10,109580
4463,12,145263
4464,10,109581
4465,12,145264
4466,10,109582
4467,12,145265
4468,10,109583
4469,12,145266
4470,10,109584
4471,12,145267
4472,10,109585
4473,12,145268
4474,10,109586
4475,12,145269
4476,10,109587
4477,12,145270
4478,10,109588
4479,12,145271
4480,10,109579
4481,10,109580
4482,10,109581
4483,10,109582
4484,10,109583
4485,10,109584
4486,10,109585
4487,10,109586
4488,10,109587
4489,10,109588
4490,10,109579
4491,12,145282
4492,10,109580
4493,12,145283
4494,10,109581
4495,12,145284
4496,10,109582
4497,12,145285
4498,10,109583
4499,12,145286
4500,10,109584
4501,12,145287
4502,10,109585
4503,12,145288
4504,10,109586
4505,12,145289
4506,10,109587
4507,12,145290
4508,10,109588
4509,12,145291
4510,10,109579
4511,12,145282
4512,10,109580
4513,12,145283
4514,10,109581
4515,12,145284
4516,10,109582
4517,12,145285
4518,10,109583
4519,12,145286
4520,10,109584
4521,12,145287
4522,10,109585
4523,12,145288
4524,10,109586
4525,12,145289
4526,10,109587
4527,12,145290
4528,10,109588
4529,12,145291
4530,10,109579
4531,12,145272
4532,10,109580
4533,12,145273
4534,10,109581
4535,12,145274
4536,10,109582
4537,12,145275
4538,10,109583
4539,12,145276
4540,10,109584
4541,12,145277
4542,10,109585
4543,12,145278
4544,10,109586
4545,12,145279
4546,10,109587
4547,12,145280
4548,10,109588
4549,12,145281
4550,10,109579
4551,12,145282
4552,10,109580
4553,12,145283
4554,10,109581
4555,12,145284
4556,10,109582
4557,12,145285
4558,10,109583
4559,12,145286
4560,10,109584
4561,12,145287
4562,10,109585
4563,12,145288
4564,10,109586
4565,12,145289
4566,10,109587
4567,12,145290
4568,10,109588
4569,12,145291
4570,10,109579
4571,12,145282
4572,10,109580
4573,12,145283
4574,10,109581
4575,12,145284
4576,10,109582
4577,12,145285
4578,10,109583
4579,12,145286
4580,10,109584
4581,12,145287
4582,10,109585
4583,12,145288
4584,10,109586
4585,12,145289
4586,10,109587
4587,12,145290
4588,10,109588
4589,12,145291
4590,10,109579
4591,12,145282
4592,10,109580
4593,12,145283
4594,10,109581
4595,12,145284
4596,10,109582
4597,12,145285
4598,10,109583
4599,12,145286
4600,10,109584
4601,12,145287
4602,10,109585
4603,12,145288
4604,10,109586
4605,12,145289
4606,10,109587
4607,12,145290
4608,10,109588
4609,12,145291
4610,10,109579
4611,12,145282
4612,10,109580
4613,12,145283
4614,10,109581
4615,12,145284
4616,10,109582
4617,12,145285
4618,10,109583
4619,12,145286
4620,10,109584
4621,12,145287
4622,10,109585
4623,12,145288
4624,10,109586
4625,12,145289
4626,10,109587
4627,12,145290
4628,10,109588
4629,12,145291
4630,7,115295
4631,8,115312
4632,8,115312
4633,7,115298
4634,7,115298
4635,7,115299
4636,7,115299
4637,7,115305
4638,7,115305
4639,8,115315
4640,7,115295
4641,8,115312
4642,8,115312
4643,7,115298
4644,7,115298
4645,7,115299
4646,7,115299
4647,7,115305
4648,7,115305
4649,8,115315
4650,7,115295
4651,8,115312
4652,8,115312
4653,7,115298
4654,7,115298
4655,7,115299
4656,7,115299
4657,7,115305
4658,7,115305
4659,8,115315
4660,7,115295
4661,8,115312
4662,8,115312
4663,7,115298
4664,7,115298
4665,7,115299
4666,7,115299
4667,7,115305
4668,7,115305
4669,8,115315
4670,7,115295
4671,8,115312
4672,8,115312
4673,7,115298
4674,7,115298
4675,7,115299
4676,7,115299
4677,7,115305
4678,7,115305
4679,8,115315
4680,7,115295
4681,8,115312
4682,8,115312
4683,7,115298
4684,7,115298
4685,7,115299
4686,7,115299
4687,7,115305
4688,7,115305
4689,8,115315
4690,7,115295
4691,8,115312
4692,8,115312
4693,7,115298
4694,7,115298
4695,7,115299
4696,7,115299
4697,7,115305
4698,7,115305
4699,8,115315
4700,7,115295
4701,8,115312
4702,8,115312
4703,7,115298
4704,7,115298
4705,7,115299
4706,7,115299
4707,7,115305
4708,7,115305
4709,8,115315
4710,7,115295
4711,8,115312
4712,8,115312
4713,7,115298
4714,7,115298
4715,7,115299
4716,7,115299
4717,7,115305
4718,7,115305
4719,8,115315
4720,7,115295
4721,8,115312
4722,8,115312
4723,7,115298
4724,7,115298
4725,7,115299
4726,7,115299
4727,7,115305
4728,7,115305
4729,8,115315
4730,1,146701
4731,13,126656
4732,14,126662
4733,1,146702
4734,13,126657
4735,14,126663
4736,1,146703
4737,13,126658
4738,14,126664
4739,1,146704
4740,13,126659
4741,14,126665
4742,1,146705
4743,13,126660
4744,14,126666
4745,1,146706
4746,13,126661
4747,14,126667
4748,1,265474
4749,13,265470
4750,14,265472
4751,5,126596
4752,5,126597
4753,5,126598
4754,5,126599
4755,5,126600
4756,5,126601
4757,5,265468
4758,5,126602
4759,5,126603
4760,5,126604
4761,5,126605
4762,5,126606
4763,5,126607
4764,5,126608
4765,5,126609
4766,5,126610
4767,5,126611
4768,5,126612
4769,5,126613
4770,5,126614
4771,5,126615
4772,5,126616
4773,5,126617
4774,5,126618
4775,5,126619
4776,5,126620
4777,5,126621
4778,5,126622
4779,5,126623
4780,5,126624
4781,5,126625
4782,5,126626
4783,5,126627
4784,5,126628
4785,5,126629
4786,5,126630
4787,5,126631
4788,5,126632
4789,5,126633
4790,5,126634
4791,5,126635
4792,5,126636
4793,5,126637
4794,5,126638
4795,5,126639
4796,5,126640
4797,5,126641
4798,5,126642
4799,5,126643
4800,5,126644
4801,5,126645
4802,5,126646
4803,5,126647
4804,5,126648
4805,5,126649
4806,5,126650
4807,5,126651
4808,5,126652
4809,5,126653
4810,5,126654
4811,5,126655
4812,5,126596
4813,5,126597
4814,5,126598
4815,5,126599
4816,5,126600
4817,5,126601
4818,5,126602
4819,5,126603
4820,5,126604
4821,5,126605
4822,5,126606
4823,5,126607
4824,5,126608
4825,5,126609
4826,5,126610
4827,5,126611
4828,5,126612
4829,5,126613
4830,5,126614
4831,5,126615
4832,5,126616
4833,5,126617
4834,5,126618
4835,5,126619
4836,5,126620
4837,5,126621
4838,5,126622
4839,5,126623
4840,5,126624
4841,5,126625
4842,5,126626
4843,5,126627
4844,5,126628
4845,5,126629
4846,5,126630
4847,5,126631
4848,5,126632
4849,5,126633
4850,5,126634
4851,5,126635
4852,5,126636
4853,5,126637
4854,5,126638
4855,5,126639
4856,5,126640
4857,5,126641
4858,5,126642
4859,5,126643
4860,5,126644
4861,5,126645
4862,5,126646
4863,5,126647
4864,5,126648
4865,5,126649
4866,5,126650
4867,5,126651
4868,5,126652
4869,5,126653
4870,5,126654
4871,5,126655
4872,10,271576
4873,12,271581
4874,10,109579
4875,12,126668
4876,7,146933
4877,7,146936
4878,7,146937
4879,7,146943
4880,10,109580
4881,12,126669
4882,7,146933
4883,7,146936
4884,7,146937
4885,7,146944
4886,10,109581
4887,12,126670
4888,7,146933
4889,7,146936
4890,7,146937
4891,7,146945
4892,10,109582
4893,12,126671
4894,7,146933
4895,7,146936
4896,7,146937
4897,7,146946
4898,10,109583
4899,12,126672
4900,7,146933
4901,7,146936
4902,7,146937
4903,7,146947
4904,10,109584
4905,12,126673
4906,7,146933
4907,7,146936
4908,7,146937
4909,7,146948
4910,10,109585
4911,12,126674
4912,7,146933
4913,7,146936
4914,7,146937
4915,7,146943
4916,10,109586
4917,12,126675
4918,7,146933
4919,7,146936
4920,7,146937
4921,7,146944
4922,10,109587
4923,12,126676
4924,7,146933
4925,7,146936
4926,7,146937
4927,7,146945
4928,10,109588
4929,12,126677
4930,7,146933
4931,7,146936
4932,7,146937
4933,7,146946
4934,1,111959
4935,2,111721
4936,13,111937
4937,2,111721
4938,1,111960
4940,2,111721
4941,1,111961
4943,1,111962
4944,2,111525
4946,2,111525
4947,1,111963
4949,2,111525
4950,1,111964
4952,1,111965
4953,2,111526
4955,2,111526
4956,1,111966
4958,2,111526
4959,1,111967
4961,1,111968
4962,2,111527
4964,2,111527
4965,1,111969
4967,2,111527
4968,1,111970
4970,1,111971
4971,2,111528
4973,2,111528
4974,1,111972
4976,2,111528
4977,1,111973
4979,1,111974
4980,2,111529
4982,2,111529
4983,1,111975
4985,2,111529
4986,1,111976
4988,1,111977
4989,2,111530
4991,1,111978
4992,2,111531
4994,1,111979
4995,2,111532
4997,1,111980
4998,2,111533
5000,2,111721
5001,1,163404
5002,2,111721
5003,1,163405
5004,2,111721
5005,1,163406
5006,2,111526
5007,1,226806
5008,2,111527
5009,1,226807
5010,2,111526
5011,1,226808
5012,1,262430
5013,2,262429
5015,5,111733
5016,5,111734
5017,5,111735
5018,5,111736
5019,5,111737
5020,5,111738
5021,5,111739
5022,5,111740
5023,5,111741
5024,5,111742
5025,5,111743
5026,5,111744
5027,5,111745
5028,5,111746
5029,5,111747
5030,5,111748
5031,5,111749
5032,5,111750
5033,5,111751
5034,5,111752
5035,5,111753
5036,5,111754
5037,5,262422
5038,5,111755
5039,5,111756
5040,5,111757
5041,5,111758
5042,5,111759
5043,5,111760
5044,5,111761
5045,5,111762
5046,5,111763
5047,5,111764
5048,5,111765
5049,5,111766
5050,5,111767
5051,5,111768
5052,5,111769
5053,5,111770
5054,5,111771
5055,5,111772
5056,5,111773
5057,5,111777
5058,5,111778
5059,5,111779
5060,5,111780
5061,5,111781
5062,5,111782
5063,5,111783
5064,5,111784
5065,5,111785
5066,5,111786
5067,5,111787
5068,5,111788
5069,5,111789
5070,5,111790
5071,5,111791
5072,5,111792
5073,5,111793
5074,5,111794
5075,5,111795
5076,5,111796
5077,5,111797
5078,5,111798
5079,5,111799
5080,5,111800
5081,5,111801
5082,5,111802
5083,5,111803
5084,5,111804
5085,5,111805
5086,5,111806
5087,5,111807
5088,5,111808
5089,5,111809
5090,5,111810
5091,5,111811
5092,5,111812
5093,5,111813
5094,5,111814
5095,5,111815
5096,5,111816
5097,5,111817
5098,5,111821
5099,5,111822
5100,5,111823
5101,5,111824
5102,5,111825
5103,5,111826
5104,5,111827
5105,5,111828
5106,5,111829
5107,5,111830
5108,5,111831
5109,5,111832
5110,5,111833
5111,5,111834
5112,5,111835
5113,5,111836
5114,5,111837
5115,5,111838
5116,5,111839
5117,5,111840
5118,5,111841
5119,5,111842
5120,5,111843
5121,5,111844
5122,5,111845
5123,5,111846
5124,5,111847
5125,5,111848
5126,5,111849
5127,5,111850
5128,5,111851
5129,5,111852
5130,5,111853
5131,5,111854
5132,5,111855
5133,5,111856
5134,5,111857
5135,5,111858
5136,5,111859
5137,5,111860
5138,5,111861
5139,5,111862
5140,5,111863
5141,5,111864
5142,5,111865
5143,5,111866
5144,5,111867
5145,5,111868
5146,5,111869
5147,5,111870
5148,5,111871
5149,5,111872
5150,5,111873
5151,5,111874
5152,5,111875
5153,5,111876
5154,5,111877
5155,5,111878
5156,5,111879
5157,5,111880
5158,5,111881
5159,5,111882
5160,5,111883
5161,5,111884
5162,5,111885
5163,5,111886
5164,5,111887
5165,5,111888
5166,5,111889
5167,5,111890
5168,5,111891
5169,5,111892
5170,5,111893
5171,5,111894
5172,5,111895
5173,5,111896
5174,5,111897
5175,5,111898
5176,5,111899
5177,5,111900
5178,5,111901
5179,5,111902
5180,5,111903
5181,5,111904
5182,5,111905
5183,5,111906
5184,5,111907
5185,5,111908
5186,5,111909
5187,5,111910
5188,5,111911
5189,5,111912
5190,5,111913
5191,5,111914
5192,5,111915
5193,5,111916
5194,5,111917
5195,5,111918
5196,5,111919
5197,5,111920
5198,5,111921
5199,5,111922
5200,5,111923
5201,5,111924
5202,5,111925
5203,5,111926
5204,5,111927
5205,5,111928
5206,5,111929
5207,5,111930
5208,5,111931
5209,5,111932
5210,5,111933
5211,5,111934
5212,5,111935
5213,5,111936
5214,10,125480
5215,10,125480
5216,10,125481
5217,10,125482
5218,10,125480
5219,10,125480
5220,10,125481
5221,10,125482
5222,10,125480
5223,10,125480
5224,10,125481
5225,10,125482
5226,10,125480
5227,10,125480
5228,10,125481
5229,10,125482
5230,10,125480
5231,10,125480
5232,10,125481
5233,10,125482
5234,10,125480
5235,10,125480
5236,10,125481
5237,10,125482
5238,10,125480
5239,10,125480
5240,10,125481
5241,10,125482
5242,10,125480
5243,10,125480
5244,10,125481
5245,10,125482
5246,10,125480
5247,10,125480
5248,10,125481
5249,10,125482
5250,10,125480
5251,10,125480
5252,10,125481
5253,10,125482
5254,10,125480
5255,10,125480
5256,10,125481
5257,10,125482
5258,10,125480
5259,10,125480
5260,10,125481
5261,10,125482
5262,10,125480
5263,10,125480
5264,10,125481
5265,10,125482
5266,10,226809
5267,10,226809
5268,10,226809
5269,10,226810
5270,10,226810
5271,10,226810
5272,10,226811
5273,10,226811
5274,10,226811
5275,1,126185
5276,2,126184
5277,13,126156
5278,14,126170
5279,2,126184
5280,1,126187
5283,1,126189
5284,2,126188
5287,2,126188
5288,1,126191
5291,1,126193
5292,2,126192
5295,2,126192
5296,1,126195
5299,1,126197
5300,2,126196
5303,2,126196
5304,1,126199
5307,1,126201
5308,2,126200
5311,2,126200
5312,1,126203
5315,1,126205
5316,2,126204
5319,1,126207
5320,2,126206
5323,1,126209
5324,2,126208
5327,1,126211
5328,2,126210
5331,2,126184
5332,1,168327
5333,2,126184
5334,1,168328
5335,2,126184
5336,1,168329
5337,1,226794
5338,2,126194
5339,2,126196
5340,1,226795
5341,2,126194
5342,1,226796
5343,1,262419
5344,2,262418
5347,4,126059
5348,4,126060
5349,4,126061
5350,4,126062
5351,4,126063
5352,4,126064
5353,4,126065
5354,4,126066
5355,4,126067
5356,4,126068
5357,4,126069
5358,4,126070
5359,4,126071
5360,4,126072
5361,5,262411
5362,5,126073
5363,5,126074
5364,5,126075
5365,5,126076
5366,5,126077
5367,5,126078
5368,5,126079
5369,5,126080
5370,5,126081
5371,5,126082
5372,5,126083
5373,5,126087
5374,5,126088
5375,5,126089
5376,5,126090
5377,5,126091
5378,5,126092
5379,5,126093
5380,5,126094
5381,5,126095
5382,5,126096
5383,5,126097
5384,5,126098
5385,5,126099
5386,5,126100
5387,5,126101
5388,5,126102
5389,5,126103
5390,5,126104
5391,5,126105
5392,5,126106
5393,5,126107
5394,5,126108
5395,5,126109
5396,5,126110
5397,5,126111
5398,5,126112
5399,5,126113
5400,5,126114
5401,5,126115
5402,5,126116
5403,5,126117
5404,5,126118
5405,5,126119
5406,5,126120
5407,5,126121
5408,5,126122
5409,5,126123
5410,5,126124
5411,5,126125
5412,5,126126
5413,5,126127
5414,5,126128
5415,5,126129
5416,5,126130
5417,5,126131
5418,5,126132
5419,5,126133
5420,5,126134
5421,5,126135
5422,5,126136
5423,5,126137
5424,5,126138
5425,5,126139
5426,5,126140
5427,5,126141
5428,5,126142
5429,5,126143
5430,5,126144
5431,5,126145
5432,5,126146
5433,5,126147
5434,5,126148
5435,5,126149
5436,5,126150
5437,5,126151
5438,5,126152
5439,5,126153
5440,5,126154
5441,5,126155
5442,10,125480
5443,10,125481
5444,10,125482
5445,10,125483
5446,10,125480
5447,10,125481
5448,10,125482
5449,10,125483
5450,10,125480
5451,10,125481
5452,10,125482
5453,10,125483
5454,10,125480
5455,10,125481
5456,10,125482
5457,10,125483
5458,10,125480
5459,10,125481
5460,10,125482
5461,10,125483
5462,10,125480
5463,10,125481
5464,10,125482
5465,10,125483
5466,10,125480
5467,10,125481
5468,10,125482
5469,10,125483
5470,10,125480
5471,10,125481
5472,10,125482
5473,10,125483
5474,10,125480
5475,10,125481
5476,10,125482
5477,10,125483
5478,10,125480
5479,10,125481
5480,10,125482
5481,10,125483
5482,10,125480
5483,10,125481
5484,10,125482
5485,10,125483
5486,10,125480
5487,10,125481
5488,10,125482
5489,10,125483
5490,10,125480
5491,10,125481
5492,10,125482
5493,10,125483
5494,10,125480
5495,10,125481
5496,10,125482
5497,10,125483
5498,10,125480
5499,10,125481
5500,10,125482
5501,10,125483
5502,10,226812
5503,10,226812
5504,10,226812
5505,10,226812
5506,10,226812
5507,10,226812
5508,10,226812
5509,10,226812
5510,10,226812
5511,10,226812
5512,10,226812
5513,10,226812
5514,1,105540
5515,13,105532
5516,1,105541
5517,13,105533
5518,1,105542
5519,13,105534
5520,1,105543
5521,13,105535
5522,1,105544
5523,13,105536
5524,1,106946
5525,1,106947
5526,1,105545
5527,13,105537
5528,1,105546
5529,13,105538
5530,1,105547
5531,13,105539
5532,1,262319
5533,13,262315
5534,5,105476
5535,5,105477
5536,5,105478
5537,5,105479
5538,5,105480
5539,5,105481
5540,5,105482
5541,5,105483
5542,5,262313
5543,5,105484
5544,5,105485
5545,5,105486
5546,5,105487
5547,5,105488
5548,5,105492
5549,5,105493
5550,5,105494
5551,5,105495
5552,5,105496
5553,5,105497
5554,5,105498
5555,5,105499
5556,5,105500
5557,5,105501
5558,5,105502
5559,5,105503
5560,5,105504
5561,5,105505
5562,5,105506
5563,5,105507
5564,5,105508
5565,5,105509
5566,5,105510
5567,5,105511
5568,5,105512
5569,5,105516
5570,5,105517
5571,5,105518
5572,5,105519
5573,5,105520
5574,5,105524
5575,5,105525
5576,5,105526
5577,5,105527
5578,5,105528
5579,5,107032
5580,5,107033
5581,5,107034
5582,5,107035
5583,5,107036
5584,5,107037
5585,5,107038
5586,5,107039
5587,5,107040
5588,5,107041
5589,5,107042
5590,5,107043
5591,5,107044
5592,5,107045
5593,5,107046
5594,5,107047
5595,5,107048
5596,5,107049
5597,5,107050
5598,5,107051
5599,5,107052
5600,5,107053
5601,5,107054
5602,5,107055
5603,5,107056
5604,5,107057
5605,5,107058
5606,5,107059
5607,5,107060
5608,5,107061
5609,5,107062
5610,5,107063
5611,5,107064
5612,5,107065
5613,5,107066
5614,10,105630
5615,11,143183
5616,10,105631
5617,11,143184
5618,10,105632
5619,11,143185
5620,10,105633
5621,11,143186
5622,10,105634
5623,11,143187
5624,10,105635
5625,11,143188
5626,10,105636
5627,11,143189
5628,10,105637
5629,11,143190
5630,10,105638
5631,11,143191
5632,10,105639
5633,11,143192
5634,10,105640
5635,11,143193
5636,10,105641
5637,11,143194
5638,10,271385
5639,11,271394
5640,10,105630
5641,11,143195
5642,10,105631
5643,11,143196
5644,10,105632
5645,11,143197
5646,10,105633
5647,11,143198
5648,10,105634
5649,11,143199
5650,10,105635
5651,11,143200
5652,10,105636
5653,11,143201
5654,10,105637
5655,11,143202
5656,10,105638
5657,11,143203
5658,10,105639
5659,11,143204
5660,10,105640
5661,11,143205
5662,10,105641
5663,11,143206
5664,10,105630
5665,11,143207
5666,10,105631
5667,11,143208
5668,10,105632
5669,11,143209
5670,10,105633
5671,11,143210
5672,10,105634
5673,11,143211
5674,10,105635
5675,11,143212
5676,10,105636
5677,11,143213
5678,10,105637
5679,11,143214
5680,10,105638
5681,11,143215
5682,10,105639
5683,11,143216
5684,10,105640
5685,11,143217
5686,10,105641
5687,11,143218
5688,10,105630
5689,11,143207
5690,10,105631
5691,11,143208
5692,10,105632
5693,11,143209
5694,10,105633
5695,11,143210
5696,10,105634
5697,11,143211
5698,10,105635
5699,11,143212
5700,10,105636
5701,11,143213
5702,10,105637
5703,11,143214
5704,10,105638
5705,11,143215
5706,10,105639
5707,11,143216
5708,10,105640
5709,11,143217
5710,10,105641
5711,11,143218
5712,10,105630
5713,11,143219
5714,10,105631
5715,11,143220
5716,10,105632
5717,11,143221
5718,10,105633
5719,11,143222
5720,10,105634
5721,11,143223
5722,10,105635
5723,11,143224
5724,10,105636
5725,11,143225
5726,10,105637
5727,11,143226
5728,10,105638
5729,11,143227
5730,10,105639
5731,11,143228
5732,10,105640
5733,11,143229
5734,10,105641
5735,11,143230
5736,10,105630
5737,11,143231
5738,10,105631
5739,11,143232
5740,10,105632
5741,11,143233
5742,10,105633
5743,11,143234
5744,10,105634
5745,11,143235
5746,10,105635
5747,11,143236
5748,10,105636
5749,11,143237
5750,10,105637
5751,11,143238
5752,10,105638
5753,11,143239
5754,10,105639
5755,11,143240
5756,10,105640
5757,11,143241
5758,10,105641
5759,11,143242
5760,10,105630
5761,11,143267
5762,10,105631
5763,11,143268
5764,10,105632
5765,11,143269
5766,10,105633
5767,11,143270
5768,10,105634
5769,11,143271
5770,10,105635
5771,11,143272
5772,10,105636
5773,11,143273
5774,10,105637
5775,11,143274
5776,10,105638
5777,11,143275
5778,10,105639
5779,11,143276
5780,10,105640
5781,11,143277
5782,10,105641
5783,11,143278
5784,10,105630
5785,11,143267
5786,10,105631
5787,11,143268
5788,10,105632
5789,11,143269
5790,10,105633
5791,11,143270
5792,10,105634
5793,11,143271
5794,10,105635
5795,11,143272
5796,10,105636
5797,11,143273
5798,10,105637
5799,11,143274
5800,10,105638
5801,11,143275
5802,10,105639
5803,11,143276
5804,10,105640
5805,11,143277
5806,10,105641
5807,11,143278
5808,10,105630
5809,11,143243
5810,10,105631
5811,11,143244
5812,10,105632
5813,11,143245
5814,10,105633
5815,11,143246
5816,10,105634
5817,11,143247
5818,10,105635
5819,11,143248
5820,10,105636
5821,11,143249
5822,10,105637
5823,11,143250
5824,10,105638
5825,11,143251
5826,10,105639
5827,11,143252
5828,10,105640
5829,11,143253
5830,10,105641
5831,11,143254
5832,10,105630
5833,11,143267
5834,10,105631
5835,11,143268
5836,10,105632
5837,11,143269
5838,10,105633
5839,11,143270
5840,10,105634
5841,11,143271
5842,10,105635
5843,11,143272
5844,10,105636
5845,11,143273
5846,10,105637
5847,11,143274
5848,10,105638
5849,11,143275
5850,10,105639
5851,11,143276
5852,10,105640
5853,11,143277
5854,10,105641
5855,11,143278
5856,10,105630
5857,11,143255
5858,10,105631
5859,11,143256
5860,10,105632
5861,11,143257
5862,10,105633
5863,11,143258
5864,10,105634
5865,11,143259
5866,10,105635
5867,11,143260
5868,10,105636
5869,11,143261
5870,10,105637
5871,11,143262
5872,10,105638
5873,11,143263
5874,10,105639
5875,11,143264
5876,10,105640
5877,11,143265
5878,10,105641
5879,11,143266
5880,10,105630
5881,11,143267
5882,10,105631
5883,11,143268
5884,10,105632
5885,11,143269
5886,10,105633
5887,11,143270
5888,10,105634
5889,11,143271
5890,10,105635
5891,11,143272
5892,10,105636
5893,11,143273
5894,10,105637
5895,11,143274
5896,10,105638
5897,11,143275
5898,10,105639
5899,11,143276
5900,10,105640
5901,11,143277
5902,10,105641
5903,11,143278
5904,10,105630
5905,11,143195
5906,10,105631
5907,11,143196
5908,10,105632
5909,11,143197
5910,10,105633
5911,11,143198
5912,10,105634
5913,11,143199
5914,10,105635
5915,11,143200
5916,10,105636
5917,11,143201
5918,10,105637
5919,11,143202
5920,10,105638
5921,11,143203
5922,10,105639
5923,11,143204
5924,10,105640
5925,11,143205
5926,10,105641
5927,11,143206
5928,10,105630
5929,11,143195
5930,10,105631
5931,11,143196
5932,10,105632
5933,11,143197
5934,10,105633
5935,11,143198
5936,10,105634
5937,11,143199
5938,10,105635
5939,11,143200
5940,10,105636
5941,11,143201
5942,10,105637
5943,11,143202
5944,10,105638
5945,11,143203
5946,10,105639
5947,11,143204
5948,10,105640
5949,11,143205
5950,10,105641
5951,11,143206
5952,8,106804
5953,8,106816
5954,8,106828
5955,8,106839
5956,8,106850
5957,8,106861
5958,8,106872
5959,8,106805
5960,8,106817
5961,8,106829
5962,8,106840
5963,8,106851
5964,8,106862
5965,8,106873
5966,8,106806
5967,8,106818
5968,8,106830
5969,8,106841
5970,8,106852
5971,8,106863
5972,8,106874
5973,8,106807
5974,8,106819
5975,8,106831
5976,8,106842
5977,8,106853
5978,8,106864
5979,8,106875
5980,8,106808
5981,8,106820
5982,8,106832
5983,8,106843
5984,8,106854
5985,8,106865
5986,8,106876
5987,8,106809
5988,8,106821
5989,8,106833
5990,8,106844
5991,8,106855
5992,8,106866
5993,8,106877
5994,8,106810
5995,8,106822
5996,8,106834
5997,8,106845
5998,8,106856
5999,8,106867
6000,8,106878
6001,8,106811
6002,8,106823
6003,8,106835
6004,8,106846
6005,8,106857
6006,8,106868
6007,8,106879
6008,8,106812
6009,8,106824
6010,8,106836
6011,8,106847
6012,8,106858
6013,8,106869
6014,8,106880
6015,8,106813
6016,8,106825
6017,8,106837
6018,8,106848
6019,8,106859
6020,8,106870
6021,8,106881
6022,8,106814
6023,8,106826
6024,8,106838
6025,8,106849
6026,8,106860
6027,8,106871
6028,8,106882
6029,8,106815
6030,8,106827
6031,8,213587
6032,8,271370
6033,1,110266
6034,13,110250
6035,14,110258
6036,1,110267
6037,13,110251
6038,14,110259
6039,1,110268
6040,13,110252
6041,14,110260
6042,1,110269
6043,13,110253
6044,14,110261
6045,1,110270
6046,13,110254
6047,14,110262
6048,1,179320
6049,1,179321
6050,1,110271
6051,13,110255
6052,14,110263
6053,1,110272
6054,13,110256
6055,14,110264
6056,1,110273
6057,13,110257
6058,14,110265
6059,1,262310
6060,13,262306
6061,14,262308
6062,5,110171
6063,5,110172
6064,5,110173
6065,5,110174
6066,5,110175
6067,5,110176
6068,5,110177
6069,5,110178
6070,5,262304
6071,5,110179
6072,5,110180
6073,5,110181
6074,5,110182
6075,5,110183
6076,5,110184
6077,5,110185
6078,5,110186
6079,5,110187
6080,5,110188
6081,5,110189
6082,5,110190
6083,5,110191
6084,5,110192
6085,5,110193
6086,5,110194
6087,5,110195
6088,5,110196
6089,5,110197
6090,5,110198
6091,5,110199
6092,5,110200
6093,5,110201
6094,5,110202
6095,5,110203
6096,5,110204
6097,5,110205
6098,5,110206
6099,5,110207
6100,5,110208
6101,5,110209
6102,5,110210
6103,5,110211
6104,5,110212
6105,5,110213
6106,5,110214
6107,5,110215
6108,5,110216
6109,5,110217
6110,5,110218
6111,5,110219
6112,5,110220
6113,5,110221
6114,5,110222
6115,5,110223
6116,5,110224
6117,5,110225
6118,5,110226
6119,5,110227
6120,5,110228
6121,5,110229
6122,5,110230
6123,5,110231
6124,5,110232
6125,5,110233
6126,5,110234
6127,5,110235
6128,5,110236
6129,5,110237
6130,5,110238
6131,5,110239
6132,5,110240
6133,5,110241
6134,5,110242
6135,5,110243
6136,5,110244
6137,5,110245
6138,5,110246
6139,5,110247
6140,5,110248
6141,5,110249
6142,10,271385
6143,11,271383
6144,10,105630
6145,11,179598
6146,10,105631
6147,11,179599
6148,10,105632
6149,11,179600
6150,10,105633
6151,11,179601
6152,10,105634
6153,11,179602
6154,10,105635
6155,11,179603
6156,10,105636
6157,11,179604
6158,10,105637
6159,11,179605
6160,10,105638
6161,11,179606
6162,10,105639
6163,11,179607
6164,10,105640
6165,11,179608
6166,10,105641
6167,11,179609
6168,1,155703
6169,13,155542
6170,1,155704
6171,13,155543
6172,1,155705
6173,13,155544
6174,1,155706
6175,13,155545
6176,1,155707
6177,13,155546
6178,1,155708
6179,13,155547
6180,1,155712
6181,1,155713
6182,1,155714
6183,1,155715
6184,1,155716
6185,1,155717
6186,1,155718
6187,1,155719
6188,1,155720
6189,1,155709
6190,13,155548
6191,1,155710
6192,13,155549
6193,1,155711
6194,13,155550
6195,1,262448
6196,13,262444
6197,5,155458
6198,5,155464
6199,5,155465
6200,5,155466
6201,5,262442
6202,5,155476
6203,5,155477
6204,5,155478
6205,5,155479
6206,5,155480
6207,5,155481
6208,5,155482
6209,5,155483
6210,5,155484
6211,5,155485
6212,5,155486
6213,5,155487
6214,5,155488
6215,5,155489
6216,5,155490
6217,5,155494
6218,5,155495
6219,5,155496
6220,5,155497
6221,5,155498
6222,5,155499
6223,5,155500
6224,5,155501
6225,5,155502
6226,5,155503
6227,5,155504
6228,5,155505
6229,5,155506
6230,5,155507
6231,5,155508
6232,5,155512
6233,5,155513
6234,5,155514
6235,5,155515
6236,5,155516
6237,5,155517
6238,5,155518
6239,5,155519
6240,5,155520
6241,5,155521
6242,5,155522
6243,5,155523
6244,5,155524
6245,5,155525
6246,5,155526
6247,5,155527
6248,5,155528
6249,5,155529
6250,5,155530
6251,5,155531
6252,5,155532
6253,5,155533
6254,5,155534
6255,5,155535
6256,5,155536
6257,5,155537
6258,5,155538
6259,5,155539
6260,5,155540
6261,5,155541
6262,10,148277
6263,11,155560
6264,10,148278
6265,11,155561
6266,10,148279
6267,11,155562
6268,10,148280
6269,11,155563
6270,10,148281
6271,11,155564
6272,10,148282
6273,11,155565
6274,10,148283
6275,11,155566
6276,10,148284
6277,11,155567
6278,10,148285
6279,11,155568
6280,10,148286
6281,11,155569
6282,10,148287
6283,11,155570
6284,10,148288
6285,11,155571
6286,10,148289
6287,11,155572
6288,10,271610
6289,11,271611
6290,10,148277
6291,11,155573
6292,10,148278
6293,11,155574
6294,10,148279
6295,11,155575
6296,10,148280
6297,11,155576
6298,10,148281
6299,11,155577
6300,10,148282
6301,11,155578
6302,10,148283
6303,11,155579
6304,10,148284
6305,11,155580
6306,10,148285
6307,11,155581
6308,10,148286
6309,11,155582
6310,10,148287
6311,11,155583
6312,10,148288
6313,11,155584
6314,10,148289
6315,11,155585
6316,10,148277
6317,11,155586
6318,10,148278
6319,11,155587
6320,10,148279
6321,11,155588
6322,10,148280
6323,11,155589
6324,10,148281
6325,11,155590
6326,10,148282
6327,11,155591
6328,10,148283
6329,11,155592
6330,10,148284
6331,11,155593
6332,10,148285
6333,11,155594
6334,10,148286
6335,11,155595
6336,10,148287
6337,11,155596
6338,10,148288
6339,11,155597
6340,10,148289
6341,11,155598
6342,10,148277
6343,11,155599
6344,10,148278
6345,11,155600
6346,10,148279
6347,11,155601
6348,10,148280
6349,11,155602
6350,10,148281
6351,11,155603
6352,10,148282
6353,11,155604
6354,10,148283
6355,11,155605
6356,10,148284
6357,11,155606
6358,10,148285
6359,11,155607
6360,10,148286
6361,11,155608
6362,10,148287
6363,11,155609
6364,10,148288
6365,11,155610
6366,10,148289
6367,11,155611
6368,10,148277
6369,11,155612
6370,10,148278
6371,11,155613
6372,10,148279
6373,11,155614
6374,10,148280
6375,11,155615
6376,10,148281
6377,11,155616
6378,10,148282
6379,11,155617
6380,10,148283
6381,11,155618
6382,10,148284
6383,11,155619
6384,10,148285
6385,11,155620
6386,10,148286
6387,11,155621
6388,10,148287
6389,11,155622
6390,10,148288
6391,11,155623
6392,10,148289
6393,11,155624
6394,10,148277
6395,11,155625
6396,10,148278
6397,11,155626
6398,10,148279
6399,11,155627
6400,10,148280
6401,11,155628
6402,10,148281
6403,11,155629
6404,10,148282
6405,11,155630
6406,10,148283
6407,11,155631
6408,10,148284
6409,11,155632
6410,10,148285
6411,11,155633
6412,10,148286
6413,11,155634
6414,10,148287
6415,11,155635
6416,10,148288
6417,11,155636
6418,10,148289
6419,11,155637
6420,10,148277
6421,11,155638
6422,10,148278
6423,11,155639
6424,10,148279
6425,11,155640
6426,10,148280
6427,11,155641
6428,10,148281
6429,11,155642
6430,10,148282
6431,11,155643
6432,10,148283
6433,11,155644
6434,10,148284
6435,11,155645
6436,10,148285
6437,11,155646
6438,10,148286
6439,11,155647
6440,10,148287
6441,11,155648
6442,10,148288
6443,11,155649
6444,10,148289
6445,11,155650
6446,10,148277
6447,11,155651
6448,10,148278
6449,11,155652
6450,10,148279
6451,11,155653
6452,10,148280
6453,11,155654
6454,10,148281
6455,11,155655
6456,10,148282
6457,11,155656
6458,10,148283
6459,11,155657
6460,10,148284
6461,11,155658
6462,10,148285
6463,11,155659
6464,10,148286
6465,11,155660
6466,10,148287
6467,11,155661
6468,10,148288
6469,11,155662
6470,10,148289
6471,11,155663
6472,10,148277
6473,11,155664
6474,10,148278
6475,11,155665
6476,10,148279
6477,11,155666
6478,10,148280
6479,11,155667
6480,10,148281
6481,11,155668
6482,10,148282
6483,11,155669
6484,10,148283
6485,11,155670
6486,10,148284
6487,11,155671
6488,10,148285
6489,11,155672
6490,10,148286
6491,11,155673
6492,10,148287
6493,11,155674
6494,10,148288
6495,11,155675
6496,10,148289
6497,11,155676
6498,10,148277
6499,11,155677
6500,10,148278
6501,11,155678
6502,10,148279
6503,11,155679
6504,10,148280
6505,11,155680
6506,10,148281
6507,11,155681
6508,10,148282
6509,11,155682
6510,10,148283
6511,11,155683
6512,10,148284
6513,11,155684
6514,10,148285
6515,11,155685
6516,10,148286
6517,11,155686
6518,10,148287
6519,11,155687
6520,10,148288
6521,11,155688
6522,10,148289
6523,11,155689
6524,10,148277
6525,11,155690
6526,10,148278
6527,11,155691
6528,10,148279
6529,11,155692
6530,10,148280
6531,11,155693
6532,10,148281
6533,11,155694
6534,10,148282
6535,11,155695
6536,10,148283
6537,11,155696
6538,10,148284
6539,11,155697
6540,10,148285
6541,11,155698
6542,10,148286
6543,11,155699
6544,10,148287
6545,11,155700
6546,10,148288
6547,11,155701
6548,10,148289
6549,11,155702
6550,10,148277
6551,10,148278
6552,10,148279
6553,10,148280
6554,10,148281
6555,10,148282
6556,10,148283
6557,10,148284
6558,10,148285
6559,10,148286
6560,10,148287
6561,10,148288
6562,10,148289
6563,7,148290
6564,7,148303
6565,7,148316
6566,7,148329
6567,7,148342
6568,7,148355
6569,7,148291
6570,7,148304
6571,7,148317
6572,7,148330
6573,7,148343
6574,7,148356
6575,7,148292
6576,7,148305
6577,7,148318
6578,7,148331
6579,7,148344
6580,7,148357
6581,7,148293
6582,7,148306
6583,7,148319
6584,7,148332
6585,7,148345
6586,7,148358
6587,7,148294
6588,7,148307
6589,7,148320
6590,7,148333
6591,7,148346
6592,7,148359
6593,7,148295
6594,7,148308
6595,7,148321
6596,7,148334
6597,7,148347
6598,7,148360
6599,7,148296
6600,7,148309
6601,7,148322
6602,7,148335
6603,7,148348
6604,7,148361
6605,7,148297
6606,7,148310
6607,7,148323
6608,7,148336
6609,7,148349
6610,7,148362
6611,7,148298
6612,7,148311
6613,7,148324
6614,7,148337
6615,7,148350
6616,7,148363
6617,7,148299
6618,7,148312
6619,7,148325
6620,7,148338
6621,7,148351
6622,7,148364
6623,7,148300
6624,7,148313
6625,7,148326
6626,7,148339
6627,7,148352
6628,7,148365
6629,7,148301
6630,7,148314
6631,7,148327
6632,7,148340
6633,7,148353
6634,7,148366
6635,7,148302
6636,7,148315
6637,7,148328
6638,7,148341
6639,7,148354
6640,7,148367
6641,7,272030
6642,1,157038
6643,13,157002
6644,14,157020
6645,1,157039
6646,13,157003
6647,14,157021
6648,1,157040
6649,13,157004
6650,14,157022
6651,1,157041
6652,13,157005
6653,14,157023
6654,1,157042
6655,13,157006
6656,14,157024
6657,1,157043
6658,13,157007
6659,14,157025
6660,1,157047
6661,1,157048
6662,1,157049
6663,1,157050
6664,1,157051
6665,1,157052
6666,1,157053
6667,1,157054
6668,1,157055
6669,1,157044
6670,13,157008
6671,14,157026
6672,1,157045
6673,13,157009
6674,14,157027
6675,1,157046
6676,13,157010
6677,14,157028
6678,1,262439
6679,13,262435
6680,14,262437
6681,5,156867
6682,5,156868
6683,5,156869
6684,5,156870
6685,5,156871
6686,5,156872
6687,5,156873
6688,5,156874
6689,5,156875
6690,5,262433
6691,5,156885
6692,5,156886
6693,5,156887
6694,5,156888
6695,5,156889
6696,5,156890
6697,5,156903
6698,5,156904
6699,5,156905
6700,5,156906
6701,5,156907
6702,5,156908
6703,5,156921
6704,5,156922
6705,5,156923
6706,5,156924
6707,5,156925
6708,5,156926
6709,5,156891
6710,5,156892
6711,5,156893
6712,5,156936
6713,5,156937
6714,5,156938
6715,5,156939
6716,5,156940
6717,5,156941
6718,5,156951
6719,5,156952
6720,5,156953
6721,5,156954
6722,5,156955
6723,5,156956
6724,5,156909
6725,5,156910
6726,5,156911
6727,5,156966
6728,5,156967
6729,5,156968
6730,5,156969
6731,5,156970
6732,5,156971
6733,5,156972
6734,5,156973
6735,5,156974
6736,5,156975
6737,5,156976
6738,5,156977
6739,5,156978
6740,5,156979
6741,5,156980
6742,5,156981
6743,5,156982
6744,5,156983
6745,5,156984
6746,5,156985
6747,5,156986
6748,5,156987
6749,5,156988
6750,5,156989
6751,5,156990
6752,5,156991
6753,5,156992
6754,5,156993
6755,5,156994
6756,5,156995
6757,5,156996
6758,5,156997
6759,5,156998
6760,5,156999
6761,5,157000
6762,5,157001
6763,12,148172
6764,12,148173
6765,12,148174
6766,12,148175
6767,12,148176
6768,12,148177
6769,12,148178
6770,12,148179
6771,12,148180
6772,12,148181
6773,12,148182
6774,12,148183
6775,12,148184
6776,12,148185
6777,12,148186
6778,12,148187
6779,12,148188
6780,12,148189
6781,12,148190
6782,12,148191
6783,12,148192
6784,12,148193
6785,12,148194
6786,12,148195
6787,12,148196
6788,12,148197
6789,10,271610
6790,12,148172
6791,12,148198
6792,12,148199
6793,12,148200
6794,12,148201
6795,12,148202
6796,12,148203
6797,12,148204
6798,12,148205
6799,12,148206
6800,12,148207
6801,12,148208
6802,12,148209
6803,12,148210
6804,12,148211
6805,12,148212
6806,12,148213
6807,12,148214
6808,12,148215
6809,12,148216
6810,12,148217
6811,12,148218
6812,12,148219
6813,12,148220
6814,12,148221
6815,12,148222
6816,12,148223
6817,12,148172
6818,12,148173
6819,12,148174
6820,12,148175
6821,12,148176
6822,12,148177
6823,12,148178
6824,12,148179
6825,12,148180
6826,12,148181
6827,12,148182
6828,12,148183
6829,12,148184
6830,12,148224
6831,12,148225
6832,12,148226
6833,12,148227
6834,12,148228
6835,12,148229
6836,12,148230
6837,12,148231
6838,12,148232
6839,12,148233
6840,12,148234
6841,12,148235
6842,12,148236
6843,12,148250
6844,12,148251
6845,12,148252
6846,12,148253
6847,12,148254
6848,12,148255
6849,12,148256
6850,12,148257
6851,12,148258
6852,12,148259
6853,12,148260
6854,12,148261
6855,12,148262
6856,12,148263
6857,12,148264
6858,12,148265
6859,12,148266
6860,12,148267
6861,12,148268
6862,12,148269
6863,12,148270
6864,12,148271
6865,12,148272
6866,12,148273
6867,12,148274
6868,12,148275
6869,12,148198
6870,12,148199
6871,12,148200
6872,12,148201
6873,12,148202
6874,12,148203
6875,12,148204
6876,12,148205
6877,12,148206
6878,12,148207
6879,12,148208
6880,12,148209
6881,12,148210
6882,10,148277
6883,10,148278
6884,10,148279
6885,10,148280
6886,10,148281
6887,10,148282
6888,10,148283
6889,10,148284
6890,10,148285
6891,10,148286
6892,10,148287
6893,10,148288
6894,10,148289
6895,1,652890
6896,13,652865
6897,1,652892
6898,13,652866
6899,1,652894
6900,13,652867
6901,1,652896
6902,13,652868
6903,1,652898
6904,13,652869
6905,1,652900
6906,13,652870
6907,1,652902
6908,13,652871
6909,1,652904
6910,13,652872
6911,1,652906
6912,13,652873
6913,1,652907
6914,13,652874
6915,1,652908
6916,13,652875
6917,1,652909
6918,13,652876
6919,1,653418
6920,1,653419
6921,1,653420
6922,1,653421
6923,1,653422
6924,1,653423
6925,1,653424
6926,1,653415
6927,13,653416
6928,14,653417
6929,5,652633
6930,5,652632
6931,5,652636
6932,5,652640
6933,5,652642
6934,5,652644
6935,5,652646
6936,5,652648
6937,5,652650
6938,5,652651
6939,5,652652
6940,5,652653
6941,5,653400
6942,5,652655
6943,5,652657
6944,5,652659
6945,5,652661
6946,5,652663
6947,5,652665
6948,5,652667
6949,5,652669
6950,5,652671
6951,5,652672
6952,5,652673
6953,5,652674
6954,5,652676
6955,5,652678
6956,5,652680
6957,5,652682
6958,5,652684
6959,5,652686
6960,5,652688
6961,5,652690
6962,5,652692
6963,5,652693
6964,5,652694
6965,5,652695
6966,5,652697
6967,5,652699
6968,5,652701
6969,5,652703
6970,5,652705
6971,5,652708
6972,5,652710
6973,5,652712
6974,5,652714
6975,5,652719
6976,5,652721
6977,5,652723
6978,5,652725
6979,5,652727
6980,5,652729
6981,5,652731
6982,5,652733
6983,5,652735
6984,5,652739
6985,5,652741
6986,5,652743
6987,5,652745
6988,5,652747
6989,5,652749
6990,5,652751
6991,5,652753
6992,5,652755
6993,5,652760
6994,5,652762
6995,5,652764
6996,5,652766
6997,5,652768
6998,5,652770
6999,5,652772
7000,5,652774
7001,5,652776
7002,5,652781
7003,5,652783
7004,5,652785
7005,5,652787
7006,5,652789
7007,5,652791
7008,5,652793
7009,5,652795
7010,5,652797
7011,5,652802
7012,5,652804
7013,5,652806
7014,5,652808
7015,5,652810
7016,5,652812
7017,5,652814
7018,5,652816
7019,5,652818
7020,5,652823
7021,5,652804
7022,5,652806
7023,5,652808
7024,5,652810
7025,5,652812
7026,5,652814
7027,5,652816
7028,5,652818
7029,10,653189
7030,10,653177
7031,10,653178
7032,10,653179
7033,10,653180
7034,10,653181
7035,10,653182
7036,10,653183
7037,10,653184
7038,10,653185
7039,10,653186
7040,10,653187
7041,10,653188
7042,1,653953
7043,13,653927
7044,14,653940
7045,1,653954
7046,13,653928
7047,14,653941
7048,1,653955
7049,13,653929
7050,14,653942
7051,1,653956
7052,13,653930
7053,14,653943
7054,1,653957
7055,13,653931
7056,14,653944
7057,1,653958
7058,13,653932
7059,14,653945
7060,1,653959
7061,13,653933
7062,14,653946
7063,1,653960
7064,13,653934
7065,14,653947
7066,1,653961
7067,13,653935
7068,14,653948
7069,1,653962
7070,13,653936
7071,14,653949
7072,1,653963
7073,13,653937
7074,14,653950
7075,1,653967
7076,13,653938
7077,14,653951
7078,1,653968
7079,13,653939
7080,14,653952
7081,4,653593
7082,4,653593
7083,4,653593
7084,4,653593
7085,4,653593
7086,4,653593
7087,4,653593
7088,4,653593
7089,4,653593
7090,4,653593
7091,4,653593
7092,4,653593
7093,5,653738
7094,5,653740
7095,5,653742
7096,5,653744
7097,5,653746
7098,5,653748
7099,5,653750
7100,5,653752
7101,5,653754
7102,5,653755
7103,5,653756
7104,5,653757
7105,5,653758
7106,4,653606
7107,4,653606
7108,4,653606
7109,4,653606
7110,4,653606
7111,4,653606
7112,4,653606
7113,4,653606
7114,4,653606
7115,5,653760
7116,5,653762
7117,5,653764
7118,5,653766
7119,5,653768
7120,5,653770
7121,5,653772
7122,5,653774
7123,5,653776
7124,4,653619
7125,4,653619
7126,4,653619
7127,4,653619
7128,4,653619
7129,4,653619
7130,4,653619
7131,4,653619
7132,4,653619
7133,5,653778
7134,5,653780
7135,5,653782
7136,5,653784
7137,5,653786
7138,5,653788
7139,5,653790
7140,5,653792
7141,5,653794
7142,4,653632
7143,4,653632
7144,4,653632
7145,4,653632
7146,4,653632
7147,4,653632
7148,4,653632
7149,4,653632
7150,4,653632
7151,5,653796
7152,5,653798
7153,5,653800
7154,5,653802
7155,5,653804
7156,5,653806
7157,5,653808
7158,5,653810
7159,5,653812
7160,4,653645
7161,4,653645
7162,4,653645
7163,4,653645
7164,4,653645
7165,4,653645
7166,4,653645
7167,4,653645
7168,4,653645
7169,5,653814
7170,5,653816
7171,5,653818
7172,5,653820
7173,5,653822
7174,5,653824
7175,5,653826
7176,5,653828
7177,5,653830
7178,4,653658
7179,4,653658
7180,4,653658
7181,4,653658
7182,4,653658
7183,4,653658
7184,4,653658
7185,4,653658
7186,4,653658
7187,5,653832
7188,5,653834
7189,5,653836
7190,5,653838
7191,5,653840
7192,5,653842
7193,5,653844
7194,5,653846
7195,5,653848
7196,4,653671
7197,4,653671
7198,4,653671
7199,4,653671
7200,4,653671
7201,4,653671
7202,4,653671
7203,4,653671
7204,4,653671
7205,4,653671
7206,4,653671
7207,4,653671
7208,5,653850
7209,5,653852
7210,5,653854
7211,5,653856
7212,5,653858
7213,5,653860
7214,5,653862
7215,5,653864
7216,5,653866
7217,5,653867
7218,5,653868
7219,5,653869
7220,4,653684
7221,4,653684
7222,4,653684
7223,4,653684
7224,4,653684
7225,4,653684
7226,4,653684
7227,4,653684
7228,4,653684
7229,5,653871
7230,5,653873
7231,5,653875
7232,5,653877
7233,5,653879
7234,5,653881
7235,5,653883
7236,5,653885
7237,5,653887
7238,4,653697
7239,4,653697
7240,4,653697
7241,4,653697
7242,4,653697
7243,4,653697
7244,4,653697
7245,4,653697
7246,4,653697
7247,5,653889
7248,5,653891
7249,5,653893
7250,5,653895
7251,5,653897
7252,5,653899
7253,5,653901
7254,5,653903
7255,5,653905
7256,4,653710
7257,4,653710
7258,4,653710
7259,4,653710
7260,4,653710
7261,4,653710
7262,4,653710
7263,4,653710
7264,4,653710
7265,4,653710
7266,4,653710
7267,4,653710
7268,5,653907
7269,5,653909
7270,5,653911
7271,5,653913
7272,5,653915
7273,5,653917
7274,5,653919
7275,5,653921
7276,5,653923
7277,5,653924
7278,5,653925
7279,5,653926
7280,4,653593
7281,4,653593
7282,4,653593
7283,4,653593
7284,4,653593
7285,4,653593
7286,4,653593
7287,4,653593
7288,4,653593
7289,4,653593
7290,4,653593
7291,4,653593
7292,5,653737
7293,5,653739
7294,5,653741
7295,5,653743
7296,5,653745
7297,5,653747
7298,5,653749
7299,5,653751
7300,5,653753
7301,4,653606
7302,4,653606
7303,4,653606
7304,4,653606
7305,4,653606
7306,4,653606
7307,4,653606
7308,4,653606
7309,4,653606
7310,5,653759
7311,5,653761
7312,5,653763
7313,5,653765
7314,5,653767
7315,5,653769
7316,5,653771
7317,5,653773
7318,5,653775
7319,4,653619
7320,4,653619
7321,4,653619
7322,4,653619
7323,4,653619
7324,4,653619
7325,4,653619
7326,4,653619
7327,4,653619
7328,5,653777
7329,5,653779
7330,5,653781
7331,5,653783
7332,5,653785
7333,5,653787
7334,5,653789
7335,5,653791
7336,5,653793
7337,4,653632
7338,4,653632
7339,4,653632
7340,4,653632
7341,4,653632
7342,4,653632
7343,4,653632
7344,4,653632
7345,4,653632
7346,5,653795
7347,5,653797
7348,5,653799
7349,5,653801
7350,5,653803
7351,5,653805
7352,5,653807
7353,5,653809
7354,5,653811
7355,4,653645
7356,4,653645
7357,4,653645
7358,4,653645
7359,4,653645
7360,4,653645
7361,4,653645
7362,4,653645
7363,4,653645
7364,5,653813
7365,5,653815
7366,5,653817
7367,5,653819
7368,5,653821
7369,5,653823
7370,5,653825
7371,5,653827
7372,5,653829
7373,4,653658
7374,4,653658
7375,4,653658
7376,4,653658
7377,4,653658
7378,4,653658
7379,4,653658
7380,4,653658
7381,4,653658
7382,5,653831
7383,5,653833
7384,5,653835
7385,5,653837
7386,5,653839
7387,5,653841
7388,5,653843
7389,5,653845
7390,5,653847
7391,4,653671
7392,4,653671
7393,4,653671
7394,4,653671
7395,4,653671
7396,4,653671
7397,4,653671
7398,4,653671
7399,4,653671
7400,4,653671
7401,4,653671
7402,4,653671
7403,5,653849
7404,5,653851
7405,5,653853
7406,5,653855
7407,5,653857
7408,5,653859
7409,5,653861
7410,5,653863
7411,5,653865
7412,4,653684
7413,4,653684
7414,4,653684
7415,4,653684
7416,4,653684
7417,4,653684
7418,4,653684
7419,4,653684
7420,4,653684
7421,5,653870
7422,5,653872
7423,5,653874
7424,5,653876
7425,5,653878
7426,5,653880
7427,5,653882
7428,5,653884
7429,5,653886
7430,11,653426
7431,10,653189
7432,11,653426
7433,11,653426
7434,11,653426
7435,11,653426
7436,11,653426
7437,11,653426
7438,11,653426
7439,11,653426
7440,11,653426
7441,11,653426
7442,11,653426
7443,11,653426
7444,11,653426
7445,11,653426
7446,11,653426
7447,10,653177
7448,10,653178
7449,11,653427
7450,10,653179
7451,11,653428
7452,10,653180
7453,11,653429
7454,10,653181
7455,11,653430
7456,10,653182
7457,11,653431
7458,10,653183
7459,11,653432
7460,10,653184
7461,11,653433
7462,10,653185
7463,11,653434
7464,10,653186
7465,11,653435
7466,10,653187
7467,11,653436
7468,10,653188
7469,11,653437
7470,1,1083549
7471,13,1084795
7472,1,1083545
7473,13,1084795
7474,1,1083542
7475,13,1084795
7476,1,1083551
7477,13,1084795
7478,1,1083548
7479,13,1084795
7480,1,1083547
7481,13,1084795
7482,1,1083546
7483,13,1084795
7484,1,1083544
7485,13,1084795
7486,1,1083543
7487,13,1084795
7488,1,1083550
7489,13,1084795
7490,1,1083553
7491,1,1083554
7492,1,1083555
7493,1,1083556
7494,1,1083557
7495,1,1083558
7496,1,1083572
7497,13,1084795
7498,1,1083579
7499,13,1084795
7500,1,1083571
7501,13,1084795
7502,1,1083564
7503,13,1084795
7504,15,214828
7505,1,1083567
7506,13,1084795
7507,15,214829
7508,1,1083565
7509,13,1084795
7510,1,1083568
7511,13,1084795
7512,1,1083569
7513,13,1084795
7514,1,1083566
7515,13,1084795
7516,1,1083578
7517,1,1083570
7518,13,207715
7519,5,1083031
7520,5,1083032
7521,5,1083033
7522,5,1083034
7523,5,1083035
7524,5,1083036
7525,5,1083037
7526,5,1083038
7527,5,1083039
7528,5,1083040
7529,5,1083041
7530,5,1083044
7531,5,1083045
7532,5,1083046
7533,5,1083047
7534,5,1083048
7535,5,1083049
7536,5,1083066
7537,5,1083067
7538,5,1083068
7539,5,1083069
7540,5,1083070
7541,5,1083071
7542,5,1083072
7543,5,1083073
7544,5,1083074
7545,5,1083075
7546,5,1083076
7547,5,1083077
7548,5,1083078
7549,5,1083079
7550,5,1083080
7551,5,1083081
7552,5,1083095
7553,5,1083096
7554,5,1083097
7555,5,1083098
7556,5,1083099
7557,5,1083100
7558,5,1083101
7559,5,1083102
7560,5,1083103
7561,5,1083104
7562,5,1083356
7563,5,1083357
7564,5,1083358
7565,5,1083105
7566,5,1083106
7567,5,1083107
7568,5,1083108
7569,5,1083109
7570,5,1083110
7571,5,1083127
7572,5,1083128
7573,5,1083129
7574,5,1083130
7575,5,1083131
7576,5,1083132
7577,5,1083133
7578,5,1083134
7579,5,1083135
7580,5,1083136
7581,5,1083137
7582,5,1083138
7583,5,1083139
7584,5,1083140
7585,5,1083141
7586,5,1083142
7587,5,1083156
7588,5,1083157
7589,5,1083158
7590,5,1083159
7591,5,1083160
7592,5,1083161
7593,5,1083162
7594,5,1083163
7595,5,1083164
7596,5,1083165
7597,5,1083376
7598,5,1083377
7599,5,1083378
7600,5,1083166
7601,5,1083167
7602,5,1083168
7603,5,1083169
7604,5,1083170
7605,5,1083171
7606,5,1083188
7607,5,1083189
7608,5,1083190
7609,5,1083191
7610,5,1083192
7611,5,1083193
7612,5,1083194
7613,5,1083195
7614,5,1083196
7615,5,1083197
7616,5,1083198
7617,5,1083199
7618,5,1083200
7619,5,1083201
7620,5,1083202
7621,5,1083203
7622,5,1083217
7623,5,1083218
7624,5,1083219
7625,5,1083220
7626,5,1083221
7627,5,1083222
7628,5,1083223
7629,5,1083224
7630,5,1083225
7631,5,1083226
7632,5,1083246
7633,5,1083247
7634,5,1083248
7635,5,1083249
7636,5,1083250
7637,5,1083251
7638,5,1083252
7639,5,1083253
7640,5,1083254
7641,5,1083255
7642,5,1083406
7643,5,1083407
7644,5,1083408
7645,5,1083278
7646,5,1083279
7647,5,1083280
7648,5,1083281
7649,5,1083282
7650,5,1083283
7651,5,1083284
7652,5,1083285
7653,5,1083286
7654,5,1083287
7655,5,1083307
7656,5,1083308
7657,5,1083309
7658,5,1083310
7659,5,1083311
7660,5,1083312
7661,5,1083313
7662,5,1083314
7663,5,1083315
7664,5,1083316
7665,5,1083336
7666,5,1083337
7667,5,1083338
7668,5,1083339
7669,5,1083340
7670,5,1083341
7671,5,1083342
7672,5,1083343
7673,5,1083344
7674,5,1083345
7675,5,1083346
7676,5,1083347
7677,5,1083348
7678,5,1083349
7679,5,1083350
7680,5,1083351
7681,5,1083352
7682,5,1083353
7683,5,1083354
7684,5,1083355
7685,5,1083359
7686,5,1083360
7687,5,1083361
7688,5,1083362
7689,5,1083363
7690,5,1083364
7691,5,1083365
7692,5,207631
7693,5,207632
7694,5,207633
7695,5,1083366
7696,5,1083367
7697,5,1083368
7698,5,1083369
7699,5,1083370
7700,5,1083371
7701,5,1083372
7702,5,1083373
7703,5,1083374
7704,5,1083375
7705,5,1083379
7706,5,1083380
7707,5,1083381
7708,5,1083382
7709,5,1083383
7710,5,1083384
7711,5,1083385
7712,5,207651
7713,5,207652
7714,5,207653
7715,5,1083386
7716,5,1083387
7717,5,1083388
7718,5,1083389
7719,5,1083390
7720,5,1083391
7721,5,1083392
7722,5,1083393
7723,5,1083394
7724,5,1083395
7725,5,1083396
7726,5,1083397
7727,5,1083398
7728,5,1083399
7729,5,1083400
7730,5,1083401
7731,5,1083402
7732,5,1083403
7733,5,1083404
7734,5,1083405
7735,5,1083409
7736,5,1083410
7737,5,1083411
7738,5,1083412
7739,5,1083413
7740,5,1083414
7741,5,1083415
7742,5,207681
7743,5,207682
7744,5,207683
7745,5,1083416
7746,5,1083417
7747,5,1083418
7748,5,1083419
7749,5,1083420
7750,5,1083421
7751,5,1083422
7752,5,1083423
7753,5,1083424
7754,5,1083425
7755,5,1083426
7756,5,1083427
7757,5,1083428
7758,5,1083429
7759,5,1083430
7760,5,1083431
7761,5,1083432
7762,5,1083433
7763,5,1083434
7764,5,1083435
7765,5,445798
7766,5,445801
7767,5,445790
7768,5,445787
7769,5,445810
7770,5,445815
7771,5,445797
7772,5,445803
7773,5,445813
7774,5,445789
7775,5,445791
7776,5,445794
7777,5,445811
7778,5,445818
7779,5,445812
7780,5,445809
7781,5,445807
7782,5,445788
7783,5,445832
7784,5,445836
7785,5,445833
7786,5,445829
7787,5,445821
7788,5,445830
7789,5,445835
7790,5,445822
7791,5,445827
7792,5,445820
7793,5,445831
7794,5,445828
7795,12,215208
7796,12,215208
7797,10,1083603
7798,12,271264
7799,12,215208
7800,12,215208
7801,12,215208
7802,11,215208
7803,12,215208
7804,12,215208
7805,12,215208
7806,12,215208
7807,12,215208
7808,12,215208
7809,12,215208
7810,12,215208
7811,12,215208
7812,12,215208
7813,12,215208
7814,10,1083591
7815,12,215196
7816,10,1083590
7817,12,215197
7818,10,1083583
7819,12,215198
7820,10,1083587
7821,12,215199
7822,10,1083586
7823,12,215200
7824,10,1083589
7825,12,215201
7826,10,1083584
7827,12,215202
7828,10,1083592
7829,12,215203
7830,10,1083599
7831,12,215204
7832,10,1083585
7833,12,215205
7834,10,1083596
7835,12,215206
7836,10,1083602
7837,12,215207
7838,10,1083595
7845,16,237549
7846,16,259736
7847,16,259742
7848,16,259748
7849,16,259754
7851,16,237550
7852,16,259737
7853,16,259743
7854,16,259749
7855,16,259755
7857,16,237551
7858,16,259738
7859,16,259744
7860,16,259750
7861,16,259756
7863,16,237552
7864,16,259739
7865,16,259745
7866,16,259751
7867,16,259757
7869,16,237553
7870,16,259740
7871,16,259746
7872,16,259752
7873,16,259758
7875,1,1082998
7876,13,1084791
7877,14,1084787
7878,1,1082993
7879,13,1084791
7880,14,1084787
7881,1,1082991
7882,13,1084791
7883,14,1084787
7884,1,1083000
7885,13,1084791
7886,14,1084787
7887,1,1082995
7888,13,1084791
7889,14,1084787
7890,1,1082997
7891,13,1084791
7892,14,1084787
7893,1,1082996
7894,13,1084791
7895,14,1084787
7896,1,1082994
7897,13,1084791
7898,14,1084787
7899,1,1082992
7900,13,1084791
7901,14,1084787
7902,1,1082999
7903,13,1084791
7904,14,1084787
7905,1,1083002
7906,1,1083003
7907,1,1083004
7908,1,1083005
7909,1,1083006
7910,1,1083018
7911,1,1083019
7912,13,1084791
7913,14,1084787
7914,1,1083026
7915,13,1084791
7916,14,1084787
7917,1,1083020
7918,13,1084791
7919,14,1084787
7920,1,1083013
7921,13,1084791
7922,14,1084787
7923,1,1083016
7924,13,1084791
7925,14,1084787
7926,1,1083015
7927,13,1084791
7928,14,1084787
7929,1,1083017
7930,13,1084791
7931,14,1084787
7932,1,1083014
7933,13,1084791
7934,14,1084787
7935,1,1083012
7936,13,1084791
7937,14,1084787
7938,1,1083025
7939,13,1084791
7940,14,1084787
7941,5,1082492
7942,5,1082493
7943,5,1082494
7944,5,1082495
7945,5,1082496
7946,5,1082497
7947,5,1082498
7948,5,1082499
7949,5,1082500
7950,5,1082501
7951,5,1082783
7952,5,1082784
7953,5,1082785
7954,5,1082502
7955,5,1082509
7956,5,1082510
7957,5,1082511
7958,5,1082512
7959,5,1082513
7960,5,1082514
7961,5,1082531
7962,5,1082532
7963,5,1082533
7964,5,1082534
7965,5,1082535
7966,5,1082536
7967,5,1082537
7968,5,1082538
7969,5,1082539
7970,5,1082540
7971,5,1082541
7972,5,1082542
7973,5,1082543
7974,5,1082544
7975,5,1082545
7976,5,1082546
7977,5,1082562
7978,5,1082563
7979,5,1082564
7980,5,1082565
7981,5,1082566
7982,5,1082567
7983,5,1082568
7984,5,1082569
7985,5,1082570
7986,5,1082571
7987,5,1082572
7988,5,1082573
7989,5,1082574
7990,5,1082575
7991,5,1082576
7992,5,1082577
7993,5,1082593
7994,5,1082594
7995,5,1082595
7996,5,1082596
7997,5,1082597
7998,5,1082598
7999,5,1082599
8000,5,1082600
8001,5,1082601
8002,5,1082813
8003,5,1082814
8004,5,1082815
8005,5,1082602
8006,5,1082603
8007,5,1082604
8008,5,1082605
8009,5,1082606
8010,5,1082607
8011,5,1082626
8012,5,1082627
8013,5,1082628
8014,5,1082629
8015,5,1082630
8016,5,1082631
8017,5,1082632
8018,5,1082633
8019,5,1082634
8020,5,1082635
8021,5,1082636
8022,5,1082637
8023,5,1082638
8024,5,1082639
8025,5,1082640
8026,5,1082641
8027,5,1082657
8028,5,1082658
8029,5,1082659
8030,5,1082660
8031,5,1082661
8032,5,1082662
8033,5,1082663
8034,5,1082664
8035,5,1082665
8036,5,1082666
8037,5,1082667
8038,5,1082668
8039,5,1082669
8040,5,1082670
8041,5,1082671
8042,5,1082672
8043,5,1082688
8044,5,1082689
8045,5,1082690
8046,5,1082691
8047,5,1082692
8048,5,1082693
8049,5,1082694
8050,5,1082695
8051,5,1082696
8052,5,1082697
8053,5,1082711
8054,5,1082712
8055,5,1082713
8056,5,1082714
8057,5,1082715
8058,5,1082716
8059,5,1082717
8060,5,1082718
8061,5,1082719
8062,5,1082720
8063,5,1082734
8064,5,1082735
8065,5,1082736
8066,5,1082737
8067,5,1082738
8068,5,1082739
8069,5,1082740
8070,5,1082741
8071,5,1082742
8072,5,1082743
8073,5,1082863
8074,5,1082864
8075,5,1082865
8076,5,1082760
8077,5,1082761
8078,5,1082762
8079,5,1082763
8080,5,1082764
8081,5,1082765
8082,5,1082766
8083,5,1082767
8084,5,1082768
8085,5,1082769
8086,5,1082786
8087,5,1082787
8088,5,1082788
8089,5,1082789
8090,5,1082790
8091,5,1082791
8092,5,1082792
8093,5,207341
8094,5,207342
8095,5,207343
8096,5,1082793
8097,5,1082794
8098,5,1082795
8099,5,1082796
8100,5,1082797
8101,5,1082798
8102,5,1082799
8103,5,1082800
8104,5,1082801
8105,5,1082802
8106,5,1082803
8107,5,1082804
8108,5,1082805
8109,5,1082806
8110,5,1082807
8111,5,1082808
8112,5,1082809
8113,5,1082810
8114,5,1082811
8115,5,1082812
8116,5,1082816
8117,5,1082817
8118,5,1082818
8119,5,1082819
8120,5,1082820
8121,5,1082821
8122,5,1082822
8123,5,207371
8124,5,207372
8125,5,207373
8126,5,1082823
8127,5,1082824
8128,5,1082825
8129,5,1082826
8130,5,1082827
8131,5,1082828
8132,5,1082829
8133,5,1082830
8134,5,1082831
8135,5,1082832
8136,5,1082833
8137,5,1082834
8138,5,1082835
8139,5,1082836
8140,5,1082837
8141,5,1082838
8142,5,1082839
8143,5,1082840
8144,5,1082841
8145,5,1082842
8146,5,1082843
8147,5,1082844
8148,5,1082845
8149,5,1082846
8150,5,1082847
8151,5,1082848
8152,5,1082849
8153,5,1082850
8154,5,1082851
8155,5,1082852
8156,5,1082853
8157,5,1082854
8158,5,1082855
8159,5,1082856
8160,5,1082857
8161,5,1082858
8162,5,1082859
8163,5,1082860
8164,5,1082861
8165,5,1082862
8166,5,1082866
8167,5,1082867
8168,5,1082868
8169,5,1082869
8170,5,1082870
8171,5,1082871
8172,5,1082872
8173,5,207421
8174,5,207422
8175,5,207423
8176,5,1082873
8177,5,1082874
8178,5,1082875
8179,5,1082876
8180,5,1082877
8181,5,1082878
8182,5,1082879
8183,5,1082880
8184,5,1082881
8185,5,1082882
8186,5,445772
8187,5,445773
8188,5,445774
8189,5,445775
8190,5,445776
8191,5,445777
8192,5,445784
8193,5,445778
8194,5,445804
8195,5,445779
8196,5,445783
8197,5,445782
8198,5,445780
8199,5,445785
8200,5,445795
8201,5,445793
8202,5,445781
8203,5,445819
8204,5,445786
8205,5,445814
8206,5,445816
8207,5,445817
8208,5,445796
8209,5,445805
8210,5,445802
8211,5,445792
8212,5,445808
8213,5,445800
8214,5,445799
8215,5,445806
8216,10,1083603
8217,12,271261
8218,10,1083591
8219,12,214823
8220,10,1083590
8221,12,214824
8222,10,1083583
8223,12,214825
8224,10,1083587
8225,12,214826
8226,10,1083586
8227,12,214827
8228,10,1083589
8229,12,214828
8230,10,1083584
8231,12,214829
8232,10,1083592
8233,12,214830
8234,10,1083599
8235,12,214831
8236,10,1083585
8237,12,214832
8238,10,1083596
8239,12,214833
8240,10,1083602
8241,12,214834
8242,10,1083595
8243,12,214835
8250,16,237543
8251,16,259382
8252,16,259388
8253,16,259394
8254,16,259400
8256,16,237544
8257,16,259383
8258,16,259389
8259,16,259395
8260,16,259401
8262,16,237545
8263,16,259384
8264,16,259390
8265,16,259396
8266,16,259402
8268,16,237546
8269,16,259385
8270,16,259391
8271,16,259397
8272,16,259403
8274,16,237547
8275,16,259386
8276,16,259392
8277,16,259398
8278,16,259404
8280,1,129687
8281,2,129487
8282,13,129653
8283,14,129670
8284,1,129688
8285,2,129488
8286,13,129654
8287,14,129671
8288,1,129689
8289,2,129489
8290,13,129655
8291,14,129672
8292,1,129690
8293,2,129490
8294,13,129656
8295,14,129673
8296,1,129691
8297,2,129491
8298,13,129657
8299,14,129674
8300,1,129692
8301,2,129492
8302,13,129658
8303,14,129675
8304,1,129693
8305,2,129493
8306,13,129659
8307,14,129676
8308,1,129694
8309,2,129494
8310,13,129660
8311,14,129677
8312,1,129695
8313,2,129495
8314,13,129661
8315,14,129678
8316,1,129696
8317,2,129496
8318,13,129662
8319,14,129679
8320,1,129697
8321,2,129497
8322,13,129663
8323,1,129698
8324,2,129498
8325,13,129664
8326,1,129699
8327,2,129499
8328,13,129665
8329,1,129700
8330,2,129500
8331,13,129666
8332,1,129701
8333,2,129501
8334,13,129667
8335,1,129702
8336,2,129502
8337,13,129668
8338,1,129703
8339,2,129503
8340,13,129669
8341,1,205460
8342,2,205459
8343,1,224261
8344,2,224258
8345,1,224263
8346,2,224259
8347,1,262284
8348,2,262275
8349,13,262280
8350,14,262282
8351,4,129504
8352,4,129505
8353,4,129506
8354,4,129507
8355,4,129508
8356,4,129509
8357,4,129510
8358,4,129511
8359,4,129512
8360,4,129513
8361,4,129514
8362,4,129515
8363,4,129516
8364,4,129517
8365,4,262278
8366,4,129521
8367,4,129522
8368,4,129523
8369,4,129524
8370,4,129525
8371,4,129526
8372,4,129527
8373,4,129528
8374,4,129529
8375,4,129530
8376,4,129531
8377,4,129532
8378,4,129533
8379,4,129534
8380,4,129518
8381,4,129519
8382,4,129520
8383,4,129538
8384,4,129539
8385,4,129540
8386,4,129541
8387,4,129542
8388,4,129543
8389,4,129544
8390,4,129545
8391,4,129546
8392,4,129547
8393,4,129548
8394,4,129549
8395,4,129550
8396,4,129551
8397,4,129555
8398,4,129556
8399,4,129557
8400,4,129558
8401,4,129559
8402,4,129560
8403,4,129561
8404,4,129562
8405,4,129563
8406,4,129564
8407,4,129565
8408,4,129566
8409,4,129567
8410,4,129568
8411,4,129569
8412,4,129570
8413,4,129571
8414,4,129572
8415,4,129573
8416,4,129574
8417,4,129575
8418,4,129576
8419,4,129577
8420,4,129578
8421,4,129579
8422,4,129580
8423,4,129581
8424,4,129582
8425,4,129552
8426,4,129553
8427,4,129554
8428,4,129583
8429,4,129584
8430,4,129585
8431,4,129586
8432,4,129587
8433,4,129588
8434,4,129589
8435,4,129590
8436,4,129591
8437,4,129592
8438,4,129593
8439,4,129594
8440,4,129595
8441,4,129596
8442,4,129597
8443,4,129598
8444,4,129599
8445,4,129600
8446,4,129601
8447,4,129602
8448,4,129603
8449,4,129604
8450,4,129605
8451,4,129606
8452,4,129607
8453,4,129608
8454,4,129609
8455,4,129610
8456,4,129611
8457,4,129612
8458,4,129613
8459,4,129614
8460,4,129615
8461,4,129616
8462,4,129617
8463,4,129618
8464,4,129619
8465,4,129620
8466,4,129621
8467,4,129622
8468,4,129623
8469,4,129624
8470,4,129625
8471,4,129626
8472,4,129627
8473,4,129628
8474,4,129629
8475,4,129630
8476,4,129631
8477,4,129632
8478,4,129633
8479,4,129634
8480,4,129635
8481,4,129636
8482,4,129637
8483,4,129638
8484,4,129639
8485,4,129640
8486,4,129641
8487,4,129642
8488,4,129643
8489,4,129644
8490,4,129645
8491,4,129646
8492,4,129647
8493,4,129648
8494,4,129649
8495,4,129650
8496,4,129651
8497,4,129652
8498,4,129535
8499,4,129536
8500,4,129537
8501,4,129504
8502,4,129505
8503,4,129506
8504,4,129507
8505,4,129508
8506,4,129509
8507,4,129510
8508,4,129511
8509,4,129512
8510,4,129513
8511,4,129514
8512,4,129515
8513,4,129516
8514,4,129517
8515,4,129521
8516,4,129522
8517,4,129523
8518,4,129524
8519,4,129525
8520,4,129526
8521,4,129527
8522,4,129528
8523,4,129529
8524,4,129530
8525,4,129531
8526,4,129532
8527,4,129533
8528,4,129534
8529,4,129538
8530,4,129539
8531,4,129540
8532,4,129541
8533,4,129542
8534,4,129543
8535,4,129544
8536,4,129545
8537,4,129546
8538,4,129547
8539,4,129548
8540,4,129549
8541,4,129550
8542,4,129551
8543,4,129555
8544,4,129556
8545,4,129557
8546,4,129558
8547,4,129559
8548,4,129560
8549,4,129561
8550,4,129562
8551,4,129563
8552,4,129564
8553,4,129565
8554,4,129566
8555,4,129567
8556,4,129568
8557,4,129569
8558,4,129570
8559,4,129571
8560,4,129572
8561,4,129573
8562,4,129574
8563,4,129575
8564,4,129576
8565,4,129577
8566,4,129578
8567,4,129579
8568,4,129580
8569,4,129581
8570,4,129582
8571,4,129583
8572,4,129584
8573,4,129585
8574,4,129586
8575,4,129587
8576,4,129588
8577,4,129589
8578,4,129590
8579,4,129591
8580,4,129592
8581,4,129593
8582,4,129594
8583,4,129595
8584,4,129596
8585,4,129597
8586,4,129598
8587,4,129599
8588,4,129600
8589,4,129601
8590,4,129602
8591,4,129603
8592,4,129604
8593,4,129605
8594,4,129606
8595,4,129607
8596,4,129608
8597,4,129609
8598,4,129610
8599,4,129611
8600,4,129612
8601,4,129613
8602,4,129614
8603,4,129615
8604,4,129616
8605,4,129617
8606,4,129618
8607,4,129619
8608,4,129620
8609,4,129621
8610,4,129622
8611,4,129623
8612,4,129624
8613,4,129625
8614,4,129626
8615,4,129627
8616,4,129628
8617,4,129629
8618,4,129630
8619,4,129631
8620,4,129632
8621,4,129633
8622,4,129634
8623,4,129635
8624,4,129636
8625,4,129637
8626,4,129638
8627,4,129639
8628,4,129640
8629,4,129641
8630,4,129642
8631,4,129643
8632,4,129644
8633,4,129645
8634,4,129646
8635,4,129647
8636,4,129648
8637,4,129649
8638,4,129650
8639,4,129651
8640,4,129652
8641,10,271267
8642,10,129477
8643,10,129478
8644,10,129479
8645,10,129480
8646,10,129481
8647,10,129482
8648,10,129483
8649,10,129484
8650,10,129485
8651,10,129486
8652,10,205458
8653,1,148788
8654,13,149077
8655,14,148787
8656,1,149106
8657,13,149078
8658,14,149092
8659,1,149107
8660,13,149079
8661,14,149093
8662,1,149108
8663,13,149080
8664,14,149094
8665,1,149109
8666,13,149081
8667,14,149095
8668,1,149110
8669,13,149082
8670,14,149096
8671,1,149111
8672,13,149083
8673,14,149097
8674,1,149112
8675,13,149084
8676,14,149098
8677,1,149113
8678,13,149085
8679,14,149099
8680,1,149114
8681,13,149086
8682,14,149100
8683,1,149115
8684,13,149087
8685,14,149101
8686,1,149116
8687,13,149088
8688,14,149102
8689,1,149117
8690,13,149089
8691,14,149103
8692,1,149118
8693,13,149090
8694,14,149104
8695,1,149119
8696,13,149091
8697,14,149105
8698,1,215902
8699,1,224255
8700,1,224257
8701,1,262274
8702,13,262270
8703,14,262272
8704,4,148786
8705,4,148961
8706,4,148962
8707,4,148963
8708,4,148964
8709,4,148965
8710,4,148966
8711,4,148967
8712,4,148968
8713,4,148969
8714,4,148970
8715,4,148971
8716,4,148972
8717,4,148973
8718,4,148974
8719,4,262268
8720,4,148975
8721,4,148976
8722,4,148977
8723,4,148978
8724,4,148979
8725,4,148980
8726,4,148981
8727,4,148982
8728,4,148983
8729,4,148984
8730,4,148985
8731,4,148986
8732,4,148987
8733,4,148988
8734,4,148989
8735,4,148990
8736,4,148991
8737,4,148992
8738,4,148993
8739,4,148994
8740,4,148995
8741,4,148996
8742,4,148997
8743,4,148998
8744,4,148999
8745,4,149000
8746,4,149001
8747,4,149002
8748,4,149003
8749,4,149004
8750,4,149005
8751,4,149006
8752,4,149007
8753,4,149008
8754,4,149009
8755,4,149010
8756,4,149011
8757,4,149012
8758,4,149013
8759,4,149014
8760,4,149015
8761,4,149016
8762,4,149017
8763,4,149018
8764,4,149019
8765,4,149020
8766,4,149021
8767,4,149022
8768,4,149023
8769,4,149024
8770,4,149025
8771,4,149026
8772,4,149027
8773,4,149028
8774,4,149029
8775,4,149030
8776,4,149031
8777,4,149032
8778,4,149033
8779,4,149034
8780,4,149035
8781,4,149036
8782,4,149037
8783,4,149038
8784,4,149039
8785,4,149040
8786,4,149041
8787,4,149042
8788,4,149043
8789,4,149044
8790,4,149045
8791,4,149046
8792,4,149047
8793,4,149048
8794,4,149049
8795,4,149050
8796,4,149051
8797,4,149052
8798,4,149053
8799,4,149054
8800,4,149055
8801,4,149056
8802,4,149057
8803,4,149058
8804,4,149059
8805,4,149060
8806,4,149061
8807,4,149062
8808,4,149063
8809,4,149064
8810,4,149065
8811,4,149066
8812,4,149067
8813,4,149068
8814,4,149069
8815,4,149070
8816,4,149071
8817,4,149072
8818,4,149073
8819,4,149074
8820,4,149075
8821,4,149076
8822,4,149418
8823,4,149419
8824,4,149420
8825,4,149421
8826,4,149422
8827,4,149423
8828,4,149424
8829,4,149425
8830,4,149426
8831,4,149427
8832,4,149428
8833,4,149429
8834,4,149430
8835,4,149431
8836,4,149432
8837,4,149433
8838,4,149434
8839,4,149435
8840,4,149436
8841,4,149437
8842,4,149438
8843,4,149439
8844,4,149440
8845,4,149441
8846,4,149442
8847,4,149443
8848,4,149444
8849,4,149445
8850,4,149446
8851,4,149447
8852,4,149448
8853,4,149449
8854,4,149450
8855,4,149451
8856,4,149452
8857,4,149453
8858,4,149454
8859,4,149455
8860,4,149456
8861,4,149457
8862,4,149458
8863,4,149459
8864,4,149460
8865,4,149461
8866,4,149462
8867,4,149463
8868,4,149464
8869,4,149465
8870,4,149466
8871,4,149467
8872,4,149468
8873,4,149469
8874,4,149470
8875,4,149471
8876,4,149472
8877,4,149473
8878,4,149474
8879,4,149475
8880,4,149476
8881,4,149477
8882,4,149478
8883,4,149479
8884,4,149480
8885,4,149481
8886,4,149482
8887,4,149483
8888,4,149484
8889,4,149485
8890,4,149486
8891,4,149487
8892,4,149488
8893,4,149489
8894,4,149490
8895,4,149491
8896,4,149492
8897,4,149493
8898,4,149494
8899,4,149495
8900,4,149496
8901,4,149497
8902,4,149498
8903,4,149499
8904,4,149500
8905,4,149501
8906,4,149502
8907,4,149503
8908,4,149504
8909,4,149505
8910,4,149506
8911,4,149507
8912,4,149508
8913,4,149509
8914,4,149510
8915,4,149511
8916,4,149512
8917,4,149513
8918,4,149514
8919,4,149515
8920,4,149516
8921,4,149517
8922,4,149518
8923,4,149519
8924,4,149520
8925,4,149521
8926,4,149522
8927,4,149523
8928,4,149524
8929,4,149525
8930,4,149526
8931,4,149527
8932,4,149528
8933,4,149529
8934,4,149530
8935,4,149531
8936,4,149532
8937,4,149533
8938,4,149534
8939,4,149535
8940,4,149536
8941,4,149537
8942,4,149538
8943,4,149539
8944,4,149540
8945,4,149541
8946,4,149542
8947,4,149543
8948,4,149544
8949,4,149545
8950,4,149546
8951,4,149547
8952,4,149548
8953,4,149549
8954,10,271267
8955,11,271265
8956,10,129477
8957,11,181272
8958,10,129478
8959,11,181273
8960,10,129479
8961,11,181274
8962,10,129480
8963,11,181275
8964,10,129481
8965,11,181276
8966,10,129482
8967,11,181277
8968,10,129483
8969,11,181278
8970,10,129484
8971,11,181279
8972,10,129485
8973,11,181280
8974,10,129486
8975,11,181281
8976,1,4231
8977,13,4228
8978,1,4232
8979,13,4229
8980,1,4233
8981,13,4230
8982,4,4222
8983,5,4225
8984,4,4223
8985,5,4226
8986,4,4224
8987,5,4227
8988,1,6350
8989,1,6352
8990,1,6354
8991,1,6363
8992,1,6357
8993,1,370777
8994,1,6320
8995,1,6322
8996,1,6324
8997,1,6326
8998,1,6328
8999,1,370767
9000,1,3645
9001,13,3639
9002,1,3646
9003,13,3640
9004,1,3647
9005,13,3641
9006,1,3648
9007,13,3642
9008,1,3649
9009,13,3643
9010,1,3650
9011,13,3644
9012,4,3627
9013,5,3633
9014,4,3628
9015,5,3634
9016,4,3629
9017,5,3635
9018,4,3630
9019,5,3636
9020,4,3631
9021,5,3637
9022,4,3632
9023,5,3638
9024,10,3616
9025,10,3617
9026,10,3618
9027,10,3619
9028,10,3620
9029,10,3621
9030,10,3622
9031,10,3623
9032,10,3624
9033,10,3625
9034,10,3616
9035,1,7926
9036,13,7926
9037,4,7914
9038,5,7920
9039,10,102937
9040,10,102937
9041,1,7334
9042,13,7322
9043,1,7335
9044,13,7323
9045,1,7336
9046,13,7324
9047,1,7337
9048,13,7325
9049,1,7338
9050,13,7326
9051,1,7339
9052,13,7327
9053,5,7316
9054,5,7317
9055,5,7318
9056,5,7319
9057,5,7320
9058,5,7321
9059,10,253566
9060,12,253561
9061,8,253556
9062,8,253556
9063,8,253556
9064,8,253556
9065,8,253556
9066,10,253567
9067,12,253562
9068,8,253557
9069,8,253557
9070,8,253557
9071,8,253557
9072,8,253557
9073,10,253568
9074,12,253563
9075,8,253558
9076,8,253558
9077,8,253558
9078,8,253558
9079,8,253558
9080,10,253569
9081,12,253564
9082,8,253559
9083,8,253559
9084,8,253559
9085,8,253559
9086,8,253559
9087,10,253570
9088,12,253565
9089,8,253560
9090,8,253560
9091,8,253560
9092,8,253560
9093,8,253560
9094,10,7304
9095,1,7267
9096,13,7260
9097,1,7268
9098,13,7261
9099,1,7269
9100,13,7262
9101,1,7270
9102,13,7263
9103,1,7271
9104,13,7264
9105,1,7272
9106,13,7265
9107,1,7273
9108,13,7266
9109,4,7234
9110,5,7247
9111,4,7235
9112,5,7248
9113,4,7236
9114,5,7249
9115,4,7237
9116,5,7250
9117,4,7238
9118,5,7251
9119,4,7239
9120,5,7252
9121,4,7240
9122,5,7253
9123,10,7225
9124,10,7226
9125,10,7227
9126,10,7228
9127,10,7229
9128,10,7230
9129,10,7231
9130,10,7225
9131,1,5081
9132,13,5067
9133,14,5075
9134,1,5082
9135,13,5068
9136,14,5076
9137,1,5083
9138,13,5069
9139,14,5077
9140,1,5084
9141,13,5070
9142,14,5078
9143,1,5085
9144,13,5072
9145,14,5079
9146,1,5086
9147,13,5074
9148,14,5080
9149,1,67583
9150,1,67584
9151,1,67585
9152,1,67586
9153,1,67587
9154,1,67588
9155,1,67589
9156,1,67590
9157,1,67591
9158,4,5009
9159,5,5039
9160,4,5010
9161,5,5040
9162,4,5011
9163,5,5041
9164,4,5012
9165,5,5042
9166,4,5013
9167,5,5043
9168,4,5014
9169,5,5044
9170,4,5015
9171,5,5045
9172,4,5016
9173,5,5046
9174,4,5017
9175,5,5047
9176,4,5018
9177,5,5048
9178,4,5019
9179,5,5049
9180,4,5020
9181,5,5050
9182,4,5021
9183,5,5051
9184,4,5022
9185,5,5052
9186,4,5023
9187,5,5053
9188,4,5024
9189,5,5054
9190,4,5025
9191,5,5055
9192,4,5026
9193,5,5056
9194,4,5027
9195,5,5057
9196,4,5028
9197,5,5058
9198,4,5029
9199,5,5059
9200,4,5030
9201,5,5060
9202,4,5031
9203,5,5061
9204,4,5032
9205,5,5062
9206,4,5033
9207,5,5071
9208,4,5034
9209,5,5073
9210,4,5035
9211,5,5063
9212,4,5036
9213,5,5064
9214,4,5037
9215,5,5065
9216,4,5038
9217,5,5066
9218,10,4999
9219,11,5087
9220,12,5117
9221,7,4234
9222,8,4294
9223,7,4244
9224,8,4304
9225,7,4254
9226,8,4314
9227,7,4264
9228,8,4972
9229,7,4274
9230,8,4979
9231,7,4284
9232,8,4989
9233,10,5000
9234,11,5088
9235,12,5118
9236,7,4235
9237,8,4295
9238,7,4245
9239,8,4305
9240,7,4255
9241,8,4315
9242,7,4265
9243,8,4978
9244,7,4275
9245,8,4980
9246,7,4285
9247,8,4990
9248,10,5001
9249,11,5089
9250,12,5119
9251,7,4236
9252,8,4296
9253,7,4246
9254,8,4306
9255,7,4256
9256,8,4316
9257,7,4266
9258,8,4969
9259,7,4276
9260,8,4981
9261,7,4286
9262,8,4991
9263,10,5002
9264,11,5090
9265,12,5120
9266,7,4237
9267,8,4297
9268,7,4247
9269,8,4307
9270,7,4257
9271,8,4317
9272,7,4267
9273,8,4970
9274,7,4277
9275,8,4982
9276,7,4287
9277,8,4992
9278,10,5003
9279,11,5091
9280,12,5121
9281,7,4238
9282,8,4298
9283,7,4248
9284,8,4308
9285,7,4258
9286,8,4318
9287,7,4268
9288,8,4971
9289,7,4278
9290,8,4983
9291,7,4288
9292,8,4993
9293,10,5004
9294,11,5092
9295,12,5122
9296,7,4239
9297,8,4299
9298,7,4249
9299,8,4309
9300,7,4259
9301,8,4319
9302,7,4269
9303,8,4973
9304,7,4279
9305,8,4984
9306,7,4289
9307,8,4994
9308,10,5005
9309,11,5093
9310,12,5123
9311,7,4240
9312,8,4300
9313,7,4250
9314,8,4310
9315,7,4260
9316,8,4320
9317,7,4270
9318,8,4974
9319,7,4280
9320,8,4985
9321,7,4290
9322,8,4995
9323,10,5006
9324,11,5094
9325,12,5124
9326,7,4241
9327,8,4301
9328,7,4251
9329,8,4311
9330,7,4261
9331,8,4966
9332,7,4271
9333,8,4975
9334,7,4281
9335,8,4986
9336,7,4291
9337,8,4996
9338,10,5007
9339,11,5095
9340,12,5125
9341,7,4242
9342,8,4302
9343,7,4252
9344,8,4312
9345,7,4262
9346,8,4967
9347,7,4272
9348,8,4976
9349,7,4282
9350,8,4987
9351,7,4292
9352,8,4997
9353,10,5008
9354,11,5096
9355,12,5126
9356,7,4243
9357,8,4303
9358,7,4253
9359,8,4313
9360,7,4263
9361,8,4968
9362,7,4273
9363,8,4977
9364,7,4283
9365,8,4988
9366,7,4293
9367,8,4998
9368,10,4999
9369,1,56747
9370,2,56748
9371,13,56739
9372,14,56743
9373,1,56749
9374,2,56750
9375,13,56740
9376,14,56744
9377,1,56751
9378,2,56752
9379,13,56741
9380,14,56745
9381,1,56753
9382,2,56754
9383,13,56742
9384,14,56746
9385,4,56731
9386,5,56735
9387,4,56732
9388,5,56736
9389,4,56733
9390,5,56737
9391,4,56734
9392,5,56738
9393,1,53206
9394,2,53206
9395,1,51852
9396,2,51852
9397,1,51854
9398,2,51854
9399,1,51856
9400,2,51856
9401,10,7304
9402,10,7305
9403,10,7306
9404,10,7307
9405,1,54007
9406,13,54007
9407,1,54008
9408,13,54008
9409,1,54009
9410,13,54009
9411,1,54010
9412,13,54010
9413,1,54011
9414,13,54011
9415,1,82616
9416,13,82616
9417,1,82617
9418,13,82617
9419,1,82618
9420,13,82618
9421,4,53992
9422,5,53997
9423,4,53993
9424,5,53998
9425,4,53994
9426,5,53999
9427,4,53995
9428,5,54000
9429,4,53996
9430,5,54001
9431,4,82607
9432,5,82610
9433,4,82608
9434,5,82611
9435,4,82609
9436,5,82612
9437,10,53986
9438,10,53987
9439,10,53988
9440,10,53989
9441,10,53990
9442,10,53991
9443,10,53986
9444,10,53987
9445,10,53988
9446,10,53989
9447,10,53990
9448,10,53991
9449,10,53986
9450,10,53987
9451,10,53988
9452,10,53989
9453,10,53990
9454,10,53991
9455,10,53986
9456,10,53987
9457,10,53988
9458,10,53989
9459,10,53990
9460,10,53991
9461,10,53986
9462,10,53987
9463,10,53988
9464,10,53989
9465,10,53990
9466,10,53991
9467,10,53986
9468,1,652016
9469,2,652017
9470,13,652516
9471,1,652533
9472,2,652532
9473,13,652517
9474,1,652535
9475,2,652534
9476,13,652518
9477,1,652537
9478,2,652536
9479,13,652519
9480,1,652539
9481,2,652538
9482,13,652520
9483,1,652541
9484,2,652540
9485,13,652521
9486,1,653191
9487,2,652542
9488,13,652522
9489,1,652544
9490,2,652543
9491,13,652523
9492,1,652947
9493,2,652948
9494,13,652945
9495,5,652429
9496,5,652430
9497,5,652431
9498,5,652432
9499,5,652433
9500,5,652434
9501,5,653190
9502,5,652435
9503,5,652944
9504,5,652436
9505,5,652437
9506,5,652438
9507,5,652439
9508,5,652440
9509,5,652441
9510,5,652442
9511,5,652443
9512,5,652444
9513,5,652445
9514,5,652446
9515,5,652447
9516,5,652448
9517,5,652449
9518,5,652450
9519,5,652451
9520,5,652452
9521,5,652453
9522,5,652454
9523,5,652455
9524,5,652456
9525,5,652457
9526,5,652458
9527,5,652459
9528,5,652460
9529,5,652461
9530,5,652462
9531,5,652463
9532,5,652464
9533,5,652465
9534,5,652466
9535,5,652467
9536,5,652468
9537,5,652469
9538,5,652470
9539,5,652471
9540,5,652472
9541,5,652473
9542,5,652474
9543,5,652475
9544,5,652476
9545,5,652477
9546,5,652478
9547,5,652479
9548,5,652480
9549,5,652481
9550,5,652482
9551,5,652483
9552,5,652484
9553,5,652485
9554,5,652486
9555,5,652487
9556,5,652488
9557,5,652489
9558,5,652490
9559,5,652491
9560,5,652492
9561,5,652493
9562,5,652494
9563,5,652495
9564,5,652496
9565,5,652497
9566,5,652498
9567,5,652499
9568,5,652500
9569,5,652501
9570,5,652502
9571,5,652503
9572,5,652504
9573,5,652505
9574,5,652506
9575,5,652507
9576,5,652508
9577,5,652509
9578,5,652510
9579,5,652511
9580,5,652512
9581,5,652513
9582,5,652514
9583,5,652515
9584,1,652406
9585,2,652405
9586,13,652382
9587,14,652394
9588,1,652408
9589,2,652407
9590,13,652383
9591,14,652915
9592,1,652410
9593,2,652409
9594,13,652384
9595,14,652395
9596,1,652412
9597,2,652411
9598,13,652385
9599,14,652396
9600,1,652414
9601,2,652413
9602,13,652386
9603,14,652397
9604,1,652416
9605,2,652415
9606,13,652387
9607,14,652398
9608,1,652418
9609,2,652417
9610,13,652388
9611,14,652399
9612,1,652420
9613,2,652419
9614,13,652389
9615,14,652400
9616,1,652422
9617,2,652421
9618,13,652390
9619,14,652401
9620,1,652424
9621,2,652423
9622,13,652391
9623,14,652402
9624,1,652426
9625,2,652425
9626,13,652392
9627,14,652403
9628,1,652428
9629,2,652427
9630,13,652393
9631,14,652404
9632,1,652921
9633,2,652920
9634,13,652918
9635,14,652919
9636,5,652077
9637,5,652080
9638,5,652082
9639,5,652084
9640,5,652086
9641,5,652088
9642,5,652090
9643,5,652092
9644,5,652094
9645,5,652917
9646,5,652096
9647,5,652098
9648,5,652100
9649,5,652102
9650,5,652104
9651,5,652106
9652,5,652108
9653,5,652110
9654,5,652559
9655,5,652112
9656,5,652114
9657,5,652116
9658,5,652118
9659,5,652120
9660,5,652122
9661,5,652124
9662,5,652126
9663,5,652128
9664,5,652130
9665,5,652132
9666,5,652134
9667,5,652136
9668,5,652138
9669,5,652140
9670,5,652142
9671,5,652144
9672,5,652146
9673,5,652148
9674,5,652150
9675,5,652152
9676,5,652154
9677,5,652156
9678,5,652158
9679,5,652160
9680,5,652162
9681,5,652164
9682,5,652166
9683,5,652168
9684,5,652170
9685,5,652172
9686,5,652174
9687,5,652176
9688,5,652178
9689,5,652180
9690,5,652182
9691,5,652184
9692,5,652186
9693,5,652188
9694,5,652190
9695,5,652192
9696,5,652194
9697,5,652196
9698,5,652198
9699,5,652200
9700,5,652202
9701,5,652204
9702,5,652206
9703,5,652208
9704,5,652210
9705,5,652212
9706,5,652214
9707,5,652216
9708,5,652218
9709,5,652219
9710,5,652221
9711,5,652223
9712,5,652226
9713,5,652228
9714,5,652230
9715,5,652232
9716,5,652234
9717,5,652236
9718,5,652238
9719,5,652240
9720,5,652242
9721,5,652244
9722,5,652246
9723,5,652248
9724,5,652250
9725,5,652252
9726,5,652254
9727,5,652256
9728,5,652258
9729,5,652260
9730,5,652261
9731,5,652263
9732,5,652265
9733,5,652268
9734,5,652270
9735,5,652272
9736,5,652274
9737,5,652276
9738,5,652278
9739,5,652280
9740,5,652282
9741,5,652284
9742,5,652292
9743,5,652294
9744,5,652296
9745,5,652298
9746,5,652300
9747,5,652302
9748,5,652304
9749,5,652306
9750,5,652308
9751,5,652310
9752,5,652312
9753,5,652314
9754,5,652316
9755,5,652318
9756,5,652320
9757,5,652322
9758,5,652324
9759,5,652326
9760,5,652328
9761,5,652330
9762,5,652332
9763,5,652334
9764,5,652336
9765,5,652338
9766,5,652340
9767,5,652342
9768,5,652344
9769,5,652911
9770,5,652912
9771,5,652913
9772,5,652079
9773,5,652078
9774,5,652081
9775,5,652083
9776,5,652085
9777,5,652087
9778,5,652089
9779,5,652091
9780,5,652093
9781,5,652095
9782,5,652097
9783,5,652099
9784,5,652101
9785,5,652103
9786,5,652105
9787,5,652107
9788,5,652109
9789,5,652558
9790,5,652111
9791,5,652113
9792,5,652115
9793,5,652117
9794,5,652119
9795,5,652121
9796,5,652123
9797,5,652125
9798,5,652127
9799,5,652129
9800,5,652131
9801,5,652133
9802,5,652135
9803,5,652137
9804,5,652139
9805,5,652141
9806,5,652143
9807,5,652145
9808,5,652147
9809,5,652149
9810,5,652151
9811,5,652153
9812,5,652155
9813,5,652157
9814,5,652159
9815,5,652161
9816,5,652163
9817,5,652165
9818,5,652167
9819,5,652169
9820,5,652171
9821,5,652173
9822,5,652175
9823,5,652177
9824,5,652179
9825,5,652181
9826,5,652183
9827,5,652185
9828,5,652187
9829,5,652189
9830,5,652191
9831,5,652193
9832,5,652195
9833,5,652197
9834,5,652199
9835,5,652201
9836,5,652203
9837,5,652205
9838,5,652207
9839,5,652209
9840,5,652211
9841,5,652213
9842,5,652215
9843,5,652217
9844,5,652225
9845,5,652227
9846,5,652229
9847,5,652231
9848,5,652233
9849,5,652235
9850,5,652237
9851,5,652239
9852,5,652241
9853,5,652243
9854,5,652245
9855,5,652247
9856,5,652249
9857,5,652251
9858,5,652253
9859,5,652255
9860,5,652257
9861,5,652259
9862,5,652267
9863,5,652269
9864,5,652271
9865,5,652273
9866,5,652275
9867,5,652277
9868,5,652279
9869,5,652281
9870,5,652283
9871,5,652291
9872,5,652293
9873,5,652295
9874,5,652297
9875,5,652299
9876,5,652301
9877,5,652303
9878,5,652305
9879,5,652307
9880,5,652309
9881,5,652311
9882,5,652313
9883,5,652315
9884,5,652317
9885,5,652319
9886,5,652321
9887,5,652323
9888,5,652325
9889,5,652327
9890,5,652329
9891,5,652331
9892,5,652333
9893,5,652335
9894,5,652337
9895,5,652339
9896,5,652341
9897,5,652343
9898,5,652346
9899,5,652348
9900,5,652350
9901,5,652352
9902,5,652354
9903,5,652356
9904,5,652358
9905,5,652360
9906,5,652362
9907,5,652345
9908,5,652347
9909,5,652349
9910,5,652351
9911,5,652353
9912,5,652355
9913,5,652357
9914,5,652359
9915,5,652361
9916,5,652364
9917,5,652366
9918,5,652368
9919,5,652370
9920,5,652372
9921,5,652374
9922,5,652376
9923,5,652378
9924,5,652380
9925,5,652363
9926,5,652365
9927,5,652367
9928,5,652369
9929,5,652371
9930,5,652373
9931,5,652375
9932,5,652377
9933,5,652379
9934,10,271628
9935,10,652405
9936,10,652407
9937,10,652409
9938,10,652411
9939,10,652413
9940,1,151974
9941,13,151950
9942,1,151977
9943,13,151952
9944,1,151979
9945,13,151954
9946,1,151981
9947,13,151956
9948,1,151983
9949,13,151958
9950,1,151984
9951,13,151959
9952,1,151985
9953,13,151960
9954,1,151986
9955,13,151961
9956,1,262346
9957,13,262342
9958,5,151701
9959,5,151704
9960,5,151706
9961,5,151708
9962,5,151710
9963,5,151711
9964,5,151738
9965,5,160539
9966,5,262340
9967,5,151714
9968,5,151717
9969,5,151719
9970,5,151721
9971,5,151723
9972,5,151727
9973,5,151730
9974,5,151732
9975,5,151734
9976,5,151736
9977,5,151740
9978,5,151743
9979,5,151745
9980,5,151747
9981,5,151749
9982,5,151750
9983,5,151753
9984,5,151755
9985,5,151757
9986,5,151759
9987,5,151760
9988,5,151763
9989,5,151765
9990,5,151767
9991,5,151769
9992,5,151770
9993,5,151773
9994,5,151775
9995,5,151777
9996,5,151779
9997,5,151780
9998,5,151783
9999,5,151785
10000,5,151787
10001,5,151789
10002,5,151790
10003,5,151793
10004,5,151795
10005,5,151797
10006,5,151799
10007,5,151800
10008,5,151803
10009,5,151805
10010,5,151807
10011,5,151809
10012,5,151737
10013,5,151738
10014,5,160539
10015,5,151711
10016,5,160538
10017,5,151739
10018,5,151737
10019,5,151712
10020,5,151713
10021,5,160537
10022,5,151738
10023,5,151739
10024,5,151711
10025,5,160538
10026,5,160539
10027,5,151714
10028,5,151717
10029,5,151719
10030,5,151721
10031,5,151723
10032,5,151727
10033,5,151730
10034,5,151732
10035,5,151734
10036,5,151736
10037,5,151780
10038,5,151783
10039,5,151785
10040,5,151787
10041,5,151789
10042,5,151790
10043,5,151793
10044,5,151795
10045,5,151797
10046,5,151799
10047,10,159727
10048,11,159844
10049,10,159728
10050,11,159845
10051,10,159729
10052,11,159846
10053,10,159730
10054,11,159847
10055,10,159731
10056,11,159848
10057,10,271446
10058,11,271458
10059,10,159727
10060,11,159844
10061,10,159728
10062,11,159845
10063,10,159729
10064,11,159846
10065,10,159730
10066,11,159847
10067,10,159731
10068,11,159848
10069,10,159727
10070,11,159857
10071,10,159728
10072,11,159858
10073,10,159729
10074,11,159859
10075,10,159730
10076,11,159860
10077,10,159731
10078,11,159861
10079,10,159727
10080,11,159844
10081,10,159728
10082,11,159845
10083,10,159729
10084,11,159846
10085,10,159730
10086,11,159847
10087,10,159731
10088,11,159848
10089,10,159727
10090,11,159844
10091,10,159728
10092,11,159845
10093,10,159729
10094,11,159846
10095,10,159730
10096,11,159847
10097,10,159731
10098,11,159848
10099,10,159727
10100,11,159844
10101,10,159728
10102,11,159845
10103,10,159729
10104,11,159846
10105,10,159730
10106,11,159847
10107,10,159731
10108,11,159848
10109,10,159727
10110,11,159844
10111,10,159728
10112,11,159845
10113,10,159729
10114,11,159846
10115,10,159730
10116,11,159847
10117,10,159731
10118,11,159848
10119,10,159727
10120,11,159883
10121,10,159728
10122,11,159884
10123,10,159729
10124,11,159885
10125,10,159730
10126,11,159886
10127,10,159731
10128,11,159887
10129,10,159727
10130,11,159844
10131,10,159728
10132,11,159845
10133,10,159729
10134,11,159846
10135,10,159730
10136,11,159847
10137,10,159731
10138,11,159848
10139,10,159727
10140,11,159844
10141,10,159728
10142,11,159845
10143,10,159729
10144,11,159846
10145,10,159730
10146,11,159847
10147,10,159731
10148,11,159848
10149,10,159727
10150,11,159844
10151,10,159728
10152,11,159845
10153,10,159729
10154,11,159846
10155,10,159730
10156,11,159847
10157,10,159731
10158,11,159848
10159,10,159727
10160,11,159844
10161,10,159728
10162,11,159845
10163,10,159729
10164,11,159846
10165,10,159730
10166,11,159847
10167,10,159731
10168,11,159848
10169,7,159740
10170,7,159753
10171,7,159766
10172,7,159779
10173,7,159792
10174,7,159805
10175,7,159818
10176,7,159831
10177,7,159741
10178,7,159754
10179,7,159767
10180,7,159780
10181,7,159793
10182,7,159806
10183,7,159819
10184,7,159832
10185,7,159742
10186,7,159755
10187,7,159768
10188,7,159781
10189,7,159794
10190,7,159807
10191,7,159820
10192,7,159833
10193,7,159743
10194,7,159756
10195,7,159769
10196,7,159782
10197,7,159795
10198,7,159808
10199,7,159821
10200,7,159834
10201,7,159744
10202,7,159757
10203,7,159770
10204,7,159783
10205,7,159796
10206,7,159809
10207,7,159822
10208,7,159835
10209,7,271450
10210,1,128773
10211,13,128747
10212,14,128760
10213,1,128774
10214,13,128748
10215,14,128761
10216,1,128775
10217,13,128749
10218,14,128762
10219,1,128776
10220,13,128750
10221,14,128763
10222,1,128777
10223,13,128751
10224,14,128764
10225,1,128778
10226,13,128752
10227,14,128765
10228,1,128779
10229,13,128753
10230,14,128766
10231,1,128780
10232,13,128754
10233,14,128767
10234,1,128781
10235,13,128755
10236,14,128768
10237,1,128785
10238,13,128757
10239,14,128770
10240,1,128786
10241,13,128758
10242,14,128771
10243,1,128787
10244,13,128759
10245,14,128772
10246,1,262337
10247,13,262333
10248,14,262335
10249,5,128587
10250,5,128588
10251,5,128589
10252,5,128590
10253,5,128591
10254,5,128592
10255,5,128593
10256,5,128594
10257,5,128595
10258,5,262331
10259,5,128601
10260,5,128602
10261,5,128603
10262,5,128604
10263,5,128605
10264,5,128606
10265,5,128607
10266,5,128608
10267,5,128609
10268,5,128614
10269,5,128615
10270,5,128616
10271,5,128617
10272,5,128618
10273,5,128619
10274,5,128620
10275,5,128621
10276,5,128622
10277,5,128624
10278,5,128625
10279,5,128626
10280,5,128627
10281,5,128628
10282,5,128629
10283,5,128630
10284,5,128631
10285,5,128632
10286,5,128634
10287,5,128635
10288,5,128636
10289,5,128637
10290,5,128638
10291,5,128639
10292,5,128640
10293,5,128641
10294,5,128642
10295,5,128644
10296,5,128645
10297,5,128646
10298,5,128647
10299,5,128648
10300,5,128649
10301,5,128650
10302,5,128651
10303,5,128652
10304,5,128654
10305,5,128655
10306,5,128656
10307,5,128657
10308,5,128658
10309,5,128659
10310,5,128660
10311,5,128661
10312,5,128662
10313,5,128664
10314,5,128665
10315,5,128666
10316,5,128667
10317,5,128668
10318,5,128669
10319,5,128670
10320,5,128671
10321,5,128672
10322,4,128598
10323,4,128599
10324,4,128600
10325,5,128674
10326,5,128675
10327,5,128676
10328,5,128677
10329,5,128678
10330,5,128679
10331,5,128680
10332,5,128681
10333,5,128682
10334,5,128684
10335,5,128685
10336,5,128686
10337,5,128687
10338,5,128688
10339,5,128689
10340,5,128690
10341,5,128691
10342,5,128692
10343,4,128611
10344,4,128612
10345,4,128613
10346,5,128694
10347,5,128695
10348,5,128696
10349,5,128697
10350,5,128698
10351,5,128699
10352,5,128700
10353,5,128701
10354,5,128702
10355,5,128707
10356,5,128708
10357,5,128709
10358,5,128710
10359,5,128711
10360,5,128712
10361,5,128713
10362,5,128714
10363,5,128715
10364,5,128717
10365,5,128718
10366,5,128719
10367,5,128720
10368,5,128721
10369,5,128722
10370,5,128723
10371,5,128724
10372,5,128725
10373,5,128727
10374,5,128728
10375,5,128729
10376,5,128730
10377,5,128731
10378,5,128732
10379,5,128733
10380,5,128734
10381,5,128735
10382,4,128704
10383,4,128705
10384,4,128706
10385,5,128737
10386,5,128738
10387,5,128739
10388,5,128740
10389,5,128741
10390,5,128742
10391,5,128743
10392,5,128744
10393,5,128745
10394,5,149150
10395,5,149151
10396,5,149152
10397,5,149153
10398,5,149154
10399,5,149155
10400,5,149156
10401,5,149157
10402,5,149158
10403,5,149160
10404,5,149161
10405,5,149162
10406,5,149163
10407,5,149164
10408,5,149165
10409,5,149166
10410,5,149167
10411,5,149168
10412,5,149170
10413,5,149171
10414,5,149172
10415,5,149173
10416,5,149174
10417,5,149175
10418,5,149176
10419,5,149177
10420,5,149178
10421,5,149180
10422,5,149181
10423,5,149182
10424,5,149183
10425,5,149184
10426,5,149185
10427,5,149186
10428,5,149187
10429,5,149188
10430,5,149190
10431,5,149191
10432,5,149192
10433,5,149193
10434,5,149194
10435,5,149195
10436,5,149196
10437,5,149197
10438,5,149198
10439,5,149200
10440,5,149201
10441,5,149202
10442,5,149203
10443,5,149204
10444,5,149205
10445,5,149206
10446,5,149207
10447,5,149208
10448,5,149210
10449,5,149211
10450,5,149212
10451,5,149213
10452,5,149214
10453,5,149215
10454,5,149216
10455,5,149217
10456,5,149218
10457,5,149220
10458,5,149221
10459,5,149222
10460,5,149223
10461,5,149224
10462,5,149225
10463,5,149226
10464,5,149227
10465,5,149228
10466,5,149230
10467,5,149231
10468,5,149232
10469,5,149233
10470,5,149234
10471,5,149235
10472,5,149236
10473,5,149237
10474,5,149238
10475,5,149240
10476,5,149241
10477,5,149242
10478,5,149243
10479,5,149244
10480,5,149245
10481,5,149246
10482,5,149247
10483,5,149248
10484,5,149250
10485,5,149251
10486,5,149252
10487,5,149253
10488,5,149254
10489,5,149255
10490,5,149256
10491,5,149257
10492,5,149258
10493,5,149260
10494,5,149261
10495,5,149262
10496,5,149263
10497,5,149264
10498,5,149265
10499,5,149266
10500,5,149267
10501,5,149268
10502,5,149270
10503,5,149271
10504,5,149272
10505,5,149273
10506,5,149274
10507,5,149275
10508,5,149276
10509,5,149277
10510,5,149278
10511,5,128694
10512,5,128695
10513,5,128696
10514,5,128697
10515,5,128698
10516,5,128699
10517,5,128700
10518,5,128701
10519,5,128702
10520,5,149200
10521,5,149201
10522,5,149202
10523,5,149203
10524,5,149204
10525,5,149205
10526,5,149206
10527,5,149207
10528,5,149208
10529,5,128717
10530,5,128718
10531,5,128719
10532,5,128720
10533,5,128721
10534,5,128722
10535,5,128723
10536,5,128724
10537,5,128725
10538,5,149230
10539,5,149231
10540,5,149232
10541,5,149233
10542,5,149234
10543,5,149235
10544,5,149236
10545,5,149237
10546,5,149238
10547,12,128801
10548,12,128802
10549,12,128803
10550,12,128804
10551,12,128805
10552,12,128801
10553,12,128802
10554,12,128803
10555,12,128804
10556,12,128805
10557,10,271446
10558,12,271458
10559,12,128801
10560,12,128802
10561,12,128803
10562,12,128804
10563,12,128805
10564,12,128801
10565,12,128802
10566,12,128803
10567,12,128804
10568,12,128805
10569,12,128801
10570,12,128802
10571,12,128803
10572,12,128804
10573,12,128805
10574,12,128801
10575,12,128802
10576,12,128803
10577,12,128804
10578,12,128805
10579,12,128801
10580,12,128802
10581,12,128803
10582,12,128804
10583,12,128805
10584,12,128801
10585,12,128802
10586,12,128803
10587,12,128804
10588,12,128805
10589,12,128801
10590,12,128802
10591,12,128803
10592,12,128804
10593,12,128805
10594,12,128801
10595,11,128802
10596,11,128803
10597,11,128804
10598,11,128805
10599,11,128801
10600,11,128802
10601,11,128803
10602,11,128804
10603,11,128805
10604,12,128801
10605,12,128802
10606,12,128803
10607,12,128804
10608,12,128805
10609,12,128801
10610,12,128802
10611,12,128803
10612,12,128804
10613,12,128805
10614,12,128801
10615,12,128802
10616,12,128803
10617,12,128804
10618,12,128805
10619,12,128801
10620,12,128802
10621,12,128803
10622,12,128804
10623,12,128805
10624,11,128801
10625,11,128802
10626,11,128803
10627,11,128804
10628,11,128805
10629,12,128801
10630,12,128802
10631,12,128803
10632,12,128804
10633,12,128805
10634,12,128801
10635,12,128802
10636,12,128803
10637,12,128804
10638,12,128805
10639,12,128801
10640,12,128802
10641,12,128803
10642,12,128804
10643,12,128805
10644,12,128801
10645,12,128802
10646,12,128803
10647,12,128804
10648,12,128805
10649,12,128801
10650,12,128802
10651,12,128803
10652,12,128804
10653,12,128805
10654,12,128801
10655,12,128802
10656,12,128803
10657,12,128804
10658,12,128805
10659,12,128801
10660,12,128802
10661,12,128803
10662,12,128804
10663,12,128805
10664,12,128801
10665,12,128802
10666,12,128803
10667,12,128804
10668,12,128805
10669,12,128801
10670,12,128802
10671,12,128803
10672,12,128804
10673,12,128805
10674,12,128801
10675,12,128802
10676,12,128803
10677,12,128804
10678,12,128805
10679,12,128801
10680,12,128802
10681,12,128803
10682,12,128804
10683,12,128805
10684,10,128788
10685,10,128789
10686,10,128790
10687,10,128791
10688,10,128792
10689,1,87121
10690,2,87122
10691,13,87119
10692,14,87120
10693,1,87935
10694,2,87940
10695,13,87925
10696,14,87930
10697,1,87936
10698,2,87941
10699,13,87926
10700,14,87931
10701,1,87937
10702,2,87942
10703,13,87927
10704,14,87932
10705,1,87938
10706,2,87943
10707,13,87928
10708,14,87933
10709,1,87939
10710,2,87944
10711,13,87929
10712,14,87934
10713,2,87122
10714,1,90316
10715,13,90314
10716,14,90315
10717,2,87940
10718,1,90296
10719,13,90282
10720,14,90289
10721,2,87941
10722,1,90297
10723,13,90283
10724,14,90290
10725,2,87942
10726,1,90298
10727,13,90284
10728,14,90291
10729,2,87943
10730,1,90299
10731,13,90285
10732,14,90292
10733,2,87940
10734,1,90300
10735,13,90286
10736,14,90293
10737,2,87941
10738,1,90301
10739,13,90287
10740,14,90294
10741,2,87942
10742,1,90302
10743,13,90288
10744,14,90295
10745,1,262390
10746,13,262388
10747,14,262389
10748,5,87118
10749,5,87118
10750,5,87920
10751,5,87920
10752,5,87920
10753,5,87921
10754,5,87921
10755,5,87921
10756,5,87922
10757,5,87922
10758,5,87922
10759,5,87923
10760,5,87923
10761,5,87924
10762,5,262387
10763,5,88552
10764,5,88552
10765,5,88553
10766,5,88553
10767,5,88553
10768,5,88554
10769,5,88554
10770,5,88554
10771,5,88555
10772,5,88555
10773,5,88555
10774,5,88556
10775,5,88556
10776,5,88557
10777,5,88558
10778,5,88558
10779,5,88559
10780,5,88559
10781,5,88559
10782,5,88560
10783,5,88560
10784,5,88560
10785,5,88561
10786,5,88561
10787,5,88561
10788,5,88562
10789,5,88562
10790,5,88563
10791,5,88564
10792,5,88564
10793,5,88565
10794,5,88565
10795,5,88565
10796,5,88566
10797,5,88566
10798,5,88566
10799,5,88567
10800,5,88567
10801,5,88567
10802,5,88568
10803,5,88568
10804,5,88569
10805,5,88570
10806,5,88570
10807,5,88571
10808,5,88571
10809,5,88571
10810,5,88572
10811,5,88572
10812,5,88572
10813,5,88573
10814,5,88573
10815,5,88573
10816,5,88574
10817,5,88574
10818,5,88575
10819,5,88576
10820,5,88576
10821,5,88577
10822,5,88577
10823,5,88577
10824,5,88578
10825,5,88578
10826,5,88578
10827,5,88579
10828,5,88579
10829,5,88579
10830,5,88580
10831,5,88580
10832,5,88581
10833,5,88582
10834,5,88582
10835,5,88583
10836,5,88583
10837,5,88583
10838,5,88584
10839,5,88584
10840,5,88584
10841,5,88585
10842,5,88585
10843,5,88585
10844,5,88586
10845,5,88586
10846,5,88587
10847,5,88588
10848,5,88588
10849,5,88589
10850,5,88589
10851,5,88589
10852,5,88590
10853,5,88590
10854,5,88590
10855,5,88591
10856,5,88591
10857,5,88591
10858,5,88592
10859,5,88592
10860,5,88593
10861,5,88594
10862,5,88594
10863,5,88595
10864,5,88595
10865,5,88595
10866,5,88596
10867,5,88596
10868,5,88596
10869,5,88597
10870,5,88597
10871,5,88597
10872,5,88598
10873,5,88598
10874,5,88599
10875,5,88600
10876,5,88600
10877,5,88601
10878,5,88601
10879,5,88601
10880,5,88602
10881,5,88602
10882,5,88602
10883,5,88603
10884,5,88603
10885,5,88603
10886,5,88604
10887,5,88604
10888,5,88605
10889,5,88606
10890,5,88606
10891,5,88607
10892,5,88607
10893,5,88607
10894,5,88608
10895,5,88608
10896,5,88608
10897,5,88609
10898,5,88609
10899,5,88609
10900,5,88610
10901,5,88610
10902,5,88611
10903,5,88612
10904,5,88612
10905,5,88613
10906,5,88613
10907,5,88613
10908,5,88614
10909,5,88614
10910,5,88614
10911,5,88615
10912,5,88615
10913,5,88615
10914,5,88616
10915,5,88616
10916,5,88617
10917,5,88618
10918,5,88618
10919,5,88619
10920,5,88619
10921,5,88619
10922,5,88620
10923,5,88620
10924,5,88620
10925,5,88621
10926,5,88621
10927,5,88621
10928,5,88622
10929,5,88622
10930,5,88623
10931,5,88624
10932,5,88624
10933,5,88625
10934,5,88625
10935,5,88625
10936,5,88626
10937,5,88626
10938,5,88626
10939,5,88627
10940,5,88627
10941,5,88627
10942,5,88628
10943,5,88628
10944,5,88629
10945,5,88630
10946,5,88630
10947,5,88631
10948,5,88631
10949,5,88631
10950,5,88632
10951,5,88632
10952,5,88632
10953,5,88633
10954,5,88633
10955,5,88633
10956,5,88634
10957,5,88634
10958,5,88635
10959,5,88636
10960,5,88636
10961,5,88637
10962,5,88637
10963,5,88637
10964,5,88638
10965,5,88638
10966,5,88638
10967,5,88639
10968,5,88639
10969,5,88639
10970,5,88640
10971,5,88640
10972,5,88641
10973,5,88642
10974,5,88642
10975,5,88643
10976,5,88643
10977,5,88643
10978,5,88644
10979,5,88644
10980,5,88644
10981,5,88645
10982,5,88645
10983,5,88645
10984,5,88646
10985,5,88646
10986,5,88647
10987,5,88648
10988,5,88648
10989,5,88649
10990,5,88649
10991,5,88649
10992,5,88650
10993,5,88650
10994,5,88650
10995,5,88651
10996,5,88651
10997,5,88651
10998,5,88652
10999,5,88652
11000,5,88653
11001,5,88654
11002,5,88654
11003,5,88655
11004,5,88655
11005,5,88655
11006,5,88656
11007,5,88656
11008,5,88656
11009,5,88657
11010,5,88657
11011,5,88657
11012,5,88658
11013,5,88658
11014,5,88659
11015,5,88660
11016,5,88660
11017,5,88661
11018,5,88661
11019,5,88661
11020,5,88662
11021,5,88662
11022,5,88662
11023,5,88663
11024,5,88663
11025,5,88663
11026,5,88664
11027,5,88664
11028,5,88665
11029,5,88666
11030,5,88666
11031,5,88667
11032,5,88667
11033,5,88667
11034,5,88668
11035,5,88668
11036,5,88668
11037,5,88669
11038,5,88669
11039,5,88669
11040,5,88670
11041,5,88670
11042,5,88671
11043,10,87122
11044,10,87122
11045,10,87940
11046,10,87940
11047,10,87940
11048,10,87941
11049,10,87941
11050,10,87941
11051,10,87942
11052,10,87942
11053,10,87942
11054,10,87943
11055,10,87943
11056,10,87944
11057,10,87122
11058,10,87122
11059,12,87725
11060,12,87725
11061,10,87940
11062,10,87940
11063,10,87940
11064,12,93521
11065,12,93521
11066,12,93521
11067,10,87941
11068,10,87941
11069,10,87941
11070,12,93522
11071,12,93522
11072,12,93522
11073,10,87942
11074,10,87942
11075,10,87942
11076,12,93523
11077,12,93523
11078,12,93523
11079,10,87943
11080,10,87943
11081,12,93524
11082,12,93524
11083,10,87944
11084,12,93525
11085,10,271567
11086,10,87122
11087,10,87122
11088,12,87726
11089,12,87726
11090,10,87940
11091,10,87940
11092,10,87940
11093,12,93526
11094,12,93526
11095,12,93526
11096,10,87941
11097,10,87941
11098,10,87941
11099,12,93527
11100,12,93527
11101,12,93527
11102,10,87942
11103,10,87942
11104,10,87942
11105,12,93528
11106,12,93528
11107,12,93528
11108,10,87943
11109,10,87943
11110,12,93529
11111,12,93529
11112,10,87944
11113,12,93530
11114,10,87122
11115,10,87122
11116,12,87727
11117,12,87727
11118,10,87940
11119,10,87940
11120,10,87940
11121,12,93531
11122,12,93531
11123,12,93531
11124,10,87941
11125,10,87941
11126,10,87941
11127,12,93532
11128,12,93532
11129,12,93532
11130,10,87942
11131,10,87942
11132,10,87942
11133,12,93533
11134,12,93533
11135,12,93533
11136,10,87943
11137,10,87943
11138,12,93534
11139,12,93534
11140,10,87944
11141,12,93535
11142,10,87122
11143,10,87122
11144,12,87730
11145,12,87730
11146,10,87940
11147,10,87940
11148,10,87940
11149,12,93546
11150,12,93546
11151,12,93546
11152,10,87941
11153,10,87941
11154,10,87941
11155,12,93547
11156,12,93547
11157,12,93547
11158,10,87942
11159,10,87942
11160,10,87942
11161,12,93548
11162,12,93548
11163,12,93548
11164,10,87943
11165,10,87943
11166,12,93549
11167,12,93549
11168,10,87944
11169,12,93550
11170,10,87122
11171,10,87122
11172,12,87727
11173,12,87727
11174,10,87940
11175,10,87940
11176,10,87940
11177,12,93531
11178,12,93531
11179,12,93531
11180,10,87941
11181,10,87941
11182,10,87941
11183,12,93532
11184,12,93532
11185,12,93532
11186,10,87942
11187,10,87942
11188,10,87942
11189,12,93533
11190,12,93533
11191,12,93533
11192,10,87943
11193,10,87943
11194,12,93534
11195,12,93534
11196,10,87944
11197,12,93535
11198,10,87122
11199,10,87122
11200,12,87730
11201,12,87730
11202,10,87940
11203,10,87940
11204,10,87940
11205,12,93546
11206,12,93546
11207,12,93546
11208,10,87941
11209,10,87941
11210,10,87941
11211,12,93547
11212,12,93547
11213,12,93547
11214,10,87942
11215,10,87942
11216,10,87942
11217,12,93548
11218,12,93548
11219,12,93548
11220,10,87943
11221,10,87943
11222,12,93549
11223,12,93549
11224,10,87944
11225,12,93550
11226,10,87122
11227,10,87122
11228,12,87727
11229,12,87727
11230,10,87940
11231,10,87940
11232,10,87940
11233,12,93531
11234,12,93531
11235,12,93531
11236,10,87941
11237,10,87941
11238,10,87941
11239,12,93532
11240,12,93532
11241,12,93532
11242,10,87942
11243,10,87942
11244,10,87942
11245,12,93533
11246,12,93533
11247,12,93533
11248,10,87943
11249,10,87943
11250,12,93534
11251,12,93534
11252,10,87944
11253,12,93535
11254,10,87122
11255,10,87122
11256,12,87730
11257,12,87730
11258,10,87940
11259,10,87940
11260,10,87940
11261,12,93546
11262,12,93546
11263,12,93546
11264,10,87941
11265,10,87941
11266,10,87941
11267,12,93547
11268,12,93547
11269,12,93547
11270,10,87942
11271,10,87942
11272,10,87942
11273,12,93548
11274,12,93548
11275,12,93548
11276,10,87943
11277,10,87943
11278,12,93549
11279,12,93549
11280,10,87944
11281,12,93550
11282,10,87122
11283,10,87122
11284,12,87727
11285,12,87727
11286,10,87940
11287,10,87940
11288,10,87940
11289,12,93531
11290,12,93531
11291,12,93531
11292,10,87941
11293,10,87941
11294,10,87941
11295,12,93532
11296,12,93532
11297,12,93532
11298,10,87942
11299,10,87942
11300,10,87942
11301,12,93533
11302,12,93533
11303,12,93533
11304,10,87943
11305,10,87943
11306,12,93534
11307,12,93534
11308,10,87944
11309,12,93535
11310,10,87122
11311,10,87122
11312,12,87730
11313,12,87730
11314,10,87940
11315,10,87940
11316,10,87940
11317,12,93546
11318,12,93546
11319,12,93546
11320,10,87941
11321,10,87941
11322,10,87941
11323,12,93547
11324,12,93547
11325,12,93547
11326,10,87942
11327,10,87942
11328,10,87942
11329,12,93548
11330,12,93548
11331,12,93548
11332,10,87943
11333,10,87943
11334,12,93549
11335,12,93549
11336,10,87944
11337,12,93550
11338,10,87122
11339,10,87122
11340,12,87726
11341,12,87726
11342,10,87940
11343,10,87940
11344,10,87940
11345,12,93526
11346,12,93526
11347,12,93526
11348,10,87941
11349,10,87941
11350,10,87941
11351,12,93527
11352,12,93527
11353,12,93527
11354,10,87942
11355,10,87942
11356,10,87942
11357,12,93528
11358,12,93528
11359,12,93528
11360,10,87943
11361,10,87943
11362,12,93529
11363,12,93529
11364,10,87944
11365,12,93530
11366,10,87122
11367,10,87122
11368,12,87730
11369,12,87730
11370,10,87940
11371,10,87940
11372,10,87940
11373,12,93546
11374,12,93546
11375,12,93546
11376,10,87941
11377,10,87941
11378,10,87941
11379,12,93547
11380,12,93547
11381,12,93547
11382,10,87942
11383,10,87942
11384,10,87942
11385,12,93548
11386,12,93548
11387,12,93548
11388,10,87943
11389,10,87943
11390,12,93549
11391,12,93549
11392,10,87944
11393,12,93550
11394,10,87122
11395,10,87122
11396,12,87727
11397,12,87727
11398,10,87940
11399,10,87940
11400,10,87940
11401,12,93531
11402,12,93531
11403,12,93531
11404,10,87941
11405,10,87941
11406,10,87941
11407,12,93532
11408,12,93532
11409,12,93532
11410,10,87942
11411,10,87942
11412,10,87942
11413,12,93533
11414,12,93533
11415,12,93533
11416,10,87943
11417,10,87943
11418,12,93534
11419,12,93534
11420,10,87944
11421,12,93535
11422,10,87122
11423,10,87122
11424,12,87728
11425,12,87728
11426,10,87940
11427,10,87940
11428,10,87940
11429,12,93536
11430,12,93536
11431,12,93536
11432,10,87941
11433,10,87941
11434,10,87941
11435,12,93537
11436,12,93537
11437,12,93537
11438,10,87942
11439,10,87942
11440,10,87942
11441,12,93538
11442,12,93538
11443,12,93538
11444,10,87943
11445,10,87943
11446,12,93539
11447,12,93539
11448,10,87944
11449,12,93540
11450,10,87122
11451,10,87122
11452,12,87729
11453,12,87729
11454,10,87940
11455,10,87940
11456,10,87940
11457,12,93541
11458,12,93541
11459,12,93541
11460,10,87941
11461,10,87941
11462,10,87941
11463,12,93542
11464,12,93542
11465,12,93542
11466,10,87942
11467,10,87942
11468,10,87942
11469,12,93543
11470,12,93543
11471,12,93543
11472,10,87943
11473,10,87943
11474,12,93544
11475,12,93544
11476,10,87944
11477,12,93545
11478,10,87122
11479,10,87122
11480,12,87730
11481,12,87730
11482,10,87940
11483,10,87940
11484,10,87940
11485,12,93546
11486,12,93546
11487,12,93546
11488,10,87941
11489,10,87941
11490,10,87941
11491,12,93547
11492,12,93547
11493,12,93547
11494,10,87942
11495,10,87942
11496,10,87942
11497,12,93548
11498,12,93548
11499,12,93548
11500,10,87943
11501,10,87943
11502,12,93549
11503,12,93549
11504,10,87944
11505,12,93550
11506,10,87122
11507,10,87122
11508,12,87731
11509,12,87731
11510,10,87940
11511,10,87940
11512,10,87940
11513,12,93551
11514,12,93551
11515,12,93551
11516,10,87941
11517,10,87941
11518,10,87941
11519,12,93552
11520,12,93552
11521,12,93552
11522,10,87942
11523,10,87942
11524,10,87942
11525,12,93553
11526,12,93553
11527,12,93553
11528,10,87943
11529,10,87943
11530,12,93554
11531,12,93554
11532,10,87944
11533,12,93555
11534,10,87122
11535,10,87122
11536,12,87727
11537,12,87727
11538,10,87940
11539,10,87940
11540,10,87940
11541,12,93531
11542,12,93531
11543,12,93531
11544,10,87941
11545,10,87941
11546,10,87941
11547,12,93532
11548,12,93532
11549,12,93532
11550,10,87942
11551,10,87942
11552,10,87942
11553,12,93533
11554,12,93533
11555,12,93533
11556,10,87943
11557,10,87943
11558,12,93534
11559,12,93534
11560,10,87944
11561,12,93535
11562,8,87714
11563,8,87714
11564,8,93105
11565,8,93105
11566,8,93105
11567,8,93106
11568,8,93106
11569,8,93106
11570,8,93107
11571,8,93107
11572,8,93107
11573,8,93108
11574,8,93108
11575,8,93916
11576,8,271536
11577,8,87715
11578,8,87715
11579,8,93109
11580,8,93109
11581,8,93109
11582,8,93110
11583,8,93110
11584,8,93110
11585,8,93111
11586,8,93111
11587,8,93111
11588,8,93112
11589,8,93112
11590,8,93917
11591,8,87716
11592,8,87716
11593,8,93113
11594,8,93113
11595,8,93113
11596,8,93114
11597,8,93114
11598,8,93114
11599,8,93115
11600,8,93115
11601,8,93115
11602,8,93116
11603,8,93116
11604,8,93918
11605,8,87717
11606,8,87717
11607,8,93117
11608,8,93117
11609,8,93117
11610,8,93118
11611,8,93118
11612,8,93118
11613,8,93119
11614,8,93119
11615,8,93119
11616,8,93120
11617,8,93120
11618,8,93919
11619,8,87718
11620,8,87718
11621,8,93121
11622,8,93121
11623,8,93121
11624,8,93122
11625,8,93122
11626,8,93122
11627,8,93123
11628,8,93123
11629,8,93123
11630,8,93124
11631,8,93124
11632,8,93920
11633,8,87719
11634,8,87719
11635,8,93125
11636,8,93125
11637,8,93125
11638,8,93126
11639,8,93126
11640,8,93126
11641,8,93127
11642,8,93127
11643,8,93127
11644,8,93128
11645,8,93128
11646,8,93921
11647,8,87720
11648,8,87720
11649,8,93129
11650,8,93129
11651,8,93129
11652,8,93130
11653,8,93130
11654,8,93130
11655,8,93131
11656,8,93131
11657,8,93131
11658,8,93132
11659,8,93132
11660,8,93922
11661,8,87721
11662,8,87721
11663,8,93133
11664,8,93133
11665,8,93133
11666,8,93134
11667,8,93134
11668,8,93134
11669,8,93135
11670,8,93135
11671,8,93135
11672,8,93136
11673,8,93136
11674,8,93923
11675,8,87722
11676,8,87722
11677,8,93137
11678,8,93137
11679,8,93137
11680,8,93138
11681,8,93138
11682,8,93138
11683,8,93139
11684,8,93139
11685,8,93139
11686,8,93140
11687,8,93140
11688,8,93924
11689,8,87723
11690,8,87723
11691,8,93141
11692,8,93141
11693,8,93141
11694,8,93142
11695,8,93142
11696,8,93142
11697,8,93143
11698,8,93143
11699,8,93143
11700,8,93144
11701,8,93144
11702,8,93925
11703,8,87724
11704,8,87724
11705,8,93145
11706,8,93145
11707,8,93145
11708,8,93146
11709,8,93146
11710,8,93146
11711,8,93147
11712,8,93147
11713,8,93147
11714,8,93148
11715,8,93148
11716,8,93926
11717,8,90358
11718,8,90358
11719,8,93149
11720,8,93149
11721,8,93149
11722,8,93150
11723,8,93150
11724,8,93150
11725,8,93151
11726,8,93151
11727,8,93151
11728,8,93152
11729,8,93152
11730,8,93927
11731,8,93153
11732,8,93153
11733,8,93154
11734,8,93154
11735,8,93154
11736,8,93155
11737,8,93155
11738,8,93155
11739,8,93156
11740,8,93156
11741,8,93156
11742,8,93157
11743,8,93157
11744,8,93928
11745,8,93158
11746,8,93158
11747,8,93159
11748,8,93159
11749,8,93159
11750,8,93160
11751,8,93160
11752,8,93160
11753,8,93161
11754,8,93161
11755,8,93161
11756,8,93162
11757,8,93162
11758,8,93929
11759,8,93163
11760,8,93163
11761,8,93164
11762,8,93164
11763,8,93164
11764,8,93165
11765,8,93165
11766,8,93165
11767,8,93166
11768,8,93166
11769,8,93166
11770,8,93167
11771,8,93167
11772,8,93930
11773,8,93168
11774,8,93168
11775,8,93169
11776,8,93169
11777,8,93169
11778,8,93170
11779,8,93170
11780,8,93170
11781,8,93171
11782,8,93171
11783,8,93171
11784,8,93172
11785,8,93172
11786,8,93931
11787,8,96239
11788,8,96239
11789,8,96240
11790,8,96240
11791,8,96240
11792,8,96241
11793,8,96241
11794,8,96241
11795,8,96242
11796,8,96242
11797,8,96242
11798,8,96243
11799,8,96243
11800,8,93932
11801,8,93173
11802,8,93173
11803,8,93174
11804,8,93174
11805,8,93174
11806,8,93175
11807,8,93175
11808,8,93175
11809,8,93176
11810,8,93176
11811,8,93176
11812,8,93177
11813,8,93177
11814,8,93933
11815,8,93178
11816,8,93178
11817,8,93179
11818,8,93179
11819,8,93179
11820,8,93180
11821,8,93180
11822,8,93180
11823,8,93181
11824,8,93181
11825,8,93181
11826,8,93182
11827,8,93182
11828,8,93934
11829,8,96244
11830,8,96244
11831,8,96245
11832,8,96245
11833,8,96245
11834,8,96246
11835,8,96246
11836,8,96246
11837,8,96247
11838,8,96247
11839,8,96247
11840,8,96248
11841,8,96248
11842,8,96319
11843,8,96249
11844,8,96249
11845,8,96250
11846,8,96250
11847,8,96250
11848,8,96251
11849,8,96251
11850,8,96251
11851,8,96252
11852,8,96252
11853,8,96252
11854,8,96253
11855,8,96253
11856,8,96320
11857,8,96254
11858,8,96254
11859,8,96255
11860,8,96255
11861,8,96255
11862,8,96256
11863,8,96256
11864,8,96256
11865,8,96257
11866,8,96257
11867,8,96257
11868,8,96258
11869,8,96258
11870,8,96321
11871,8,96259
11872,8,96259
11873,8,96260
11874,8,96260
11875,8,96260
11876,8,96261
11877,8,96261
11878,8,96261
11879,8,96262
11880,8,96262
11881,8,96262
11882,8,96263
11883,8,96263
11884,8,96322
11885,8,96264
11886,8,96264
11887,8,96265
11888,8,96265
11889,8,96265
11890,8,96266
11891,8,96266
11892,8,96266
11893,8,96267
11894,8,96267
11895,8,96267
11896,8,96268
11897,8,96268
11898,8,96323
11899,8,96269
11900,8,96269
11901,8,96270
11902,8,96270
11903,8,96270
11904,8,96271
11905,8,96271
11906,8,96271
11907,8,96272
11908,8,96272
11909,8,96272
11910,8,96273
11911,8,96273
11912,8,96324
11913,8,96274
11914,8,96274
11915,8,96275
11916,8,96275
11917,8,96275
11918,8,96276
11919,8,96276
11920,8,96276
11921,8,96277
11922,8,96277
11923,8,96277
11924,8,96278
11925,8,96278
11926,8,96325
11927,8,96279
11928,8,96279
11929,8,96280
11930,8,96280
11931,8,96280
11932,8,96281
11933,8,96281
11934,8,96281
11935,8,96282
11936,8,96282
11937,8,96282
11938,8,96283
11939,8,96283
11940,8,96326
11941,8,96284
11942,8,96284
11943,8,96285
11944,8,96285
11945,8,96285
11946,8,96286
11947,8,96286
11948,8,96286
11949,8,96287
11950,8,96287
11951,8,96287
11952,8,96288
11953,8,96288
11954,8,96327
11955,8,96289
11956,8,96289
11957,8,96290
11958,8,96290
11959,8,96290
11960,8,96291
11961,8,96291
11962,8,96291
11963,8,96292
11964,8,96292
11965,8,96292
11966,8,96293
11967,8,96293
11968,8,96328
11969,8,96294
11970,8,96294
11971,8,96295
11972,8,96295
11973,8,96295
11974,8,96296
11975,8,96296
11976,8,96296
11977,8,96297
11978,8,96297
11979,8,96297
11980,8,96298
11981,8,96298
11982,8,96329
11983,1,89838
11984,2,89842
11985,13,90201
11986,14,90215
11987,1,89839
11988,2,89843
11989,13,90202
11990,14,90216
11991,1,89840
11992,2,89844
11993,13,90203
11994,14,90217
11995,1,89841
11996,2,89845
11997,13,90204
11998,14,90218
11999,2,89842
12000,1,89758
12001,13,90205
12002,14,90219
12003,2,89843
12004,1,89759
12005,13,90206
12006,14,90220
12007,2,89844
12008,1,89760
12009,13,90207
12010,14,90221
12011,2,89845
12012,1,89761
12013,13,90208
12014,14,90222
12015,2,89842
12016,1,89762
12017,13,90209
12018,14,90223
12019,2,89843
12020,1,89763
12021,13,90210
12022,14,90224
12023,2,89844
12024,1,89764
12025,13,90211
12026,14,90225
12027,2,89845
12028,1,89765
12029,13,90212
12030,14,90226
12031,2,89843
12032,1,89766
12033,13,90213
12034,14,90227
12035,2,89843
12036,1,89767
12037,13,90214
12038,14,90228
12039,1,262386
12040,13,262384
12041,14,262385
12042,5,89678
12043,5,89678
12044,5,89678
12045,5,89679
12046,5,89679
12047,5,89679
12048,5,89679
12049,5,89679
12050,5,89680
12051,5,89680
12052,5,89680
12053,5,89681
12054,5,89681
12055,5,89681
12056,5,262383
12057,5,89682
12058,5,89682
12059,5,89682
12060,5,89683
12061,5,89683
12062,5,89683
12063,5,89683
12064,5,89683
12065,5,89684
12066,5,89684
12067,5,89684
12068,5,89685
12069,5,89685
12070,5,89685
12071,5,89686
12072,5,89686
12073,5,89686
12074,5,89687
12075,5,89687
12076,5,89687
12077,5,89687
12078,5,89687
12079,5,89688
12080,5,89688
12081,5,89688
12082,5,89689
12083,5,89689
12084,5,89689
12085,5,89690
12086,5,89690
12087,5,89690
12088,5,89691
12089,5,89691
12090,5,89691
12091,5,89691
12092,5,89691
12093,5,89692
12094,5,89692
12095,5,89692
12096,5,89693
12097,5,89693
12098,5,89693
12099,5,89694
12100,5,89694
12101,5,89694
12102,5,89695
12103,5,89695
12104,5,89695
12105,5,89695
12106,5,89695
12107,5,89696
12108,5,89696
12109,5,89696
12110,5,89697
12111,5,89697
12112,5,89697
12113,5,89698
12114,5,89698
12115,5,89698
12116,5,89699
12117,5,89699
12118,5,89699
12119,5,89699
12120,5,89699
12121,5,89700
12122,5,89700
12123,5,89700
12124,5,89701
12125,5,89701
12126,5,89701
12127,5,89702
12128,5,89702
12129,5,89702
12130,5,89703
12131,5,89703
12132,5,89703
12133,5,89703
12134,5,89703
12135,5,89704
12136,5,89704
12137,5,89704
12138,5,89705
12139,5,89705
12140,5,89705
12141,5,89706
12142,5,89706
12143,5,89706
12144,5,89707
12145,5,89707
12146,5,89707
12147,5,89707
12148,5,89707
12149,5,89708
12150,5,89708
12151,5,89708
12152,5,89709
12153,5,89709
12154,5,89709
12155,5,89710
12156,5,89710
12157,5,89710
12158,5,89711
12159,5,89711
12160,5,89711
12161,5,89711
12162,5,89711
12163,5,89712
12164,5,89712
12165,5,89712
12166,5,89713
12167,5,89713
12168,5,89713
12169,5,89714
12170,5,89714
12171,5,89714
12172,5,89715
12173,5,89715
12174,5,89715
12175,5,89715
12176,5,89715
12177,5,89716
12178,5,89716
12179,5,89716
12180,5,89717
12181,5,89717
12182,5,89717
12183,5,89718
12184,5,89718
12185,5,89718
12186,5,89719
12187,5,89719
12188,5,89719
12189,5,89719
12190,5,89719
12191,5,89720
12192,5,89720
12193,5,89720
12194,5,89721
12195,5,89721
12196,5,89721
12197,5,89722
12198,5,89722
12199,5,89722
12200,5,89723
12201,5,89723
12202,5,89723
12203,5,89723
12204,5,89723
12205,5,89724
12206,5,89724
12207,5,89724
12208,5,89725
12209,5,89725
12210,5,89725
12211,5,89726
12212,5,89726
12213,5,89726
12214,5,89727
12215,5,89727
12216,5,89727
12217,5,89727
12218,5,89727
12219,5,89728
12220,5,89728
12221,5,89728
12222,5,89729
12223,5,89729
12224,5,89729
12225,5,89730
12226,5,89730
12227,5,89730
12228,5,89731
12229,5,89731
12230,5,89731
12231,5,89731
12232,5,89731
12233,5,89732
12234,5,89732
12235,5,89732
12236,5,89733
12237,5,89733
12238,5,89733
12239,5,89734
12240,5,89734
12241,5,89734
12242,5,89735
12243,5,89735
12244,5,89735
12245,5,89735
12246,5,89735
12247,5,89736
12248,5,89736
12249,5,89736
12250,5,89737
12251,5,89737
12252,5,89737
12253,5,89738
12254,5,89738
12255,5,89738
12256,5,89739
12257,5,89739
12258,5,89739
12259,5,89739
12260,5,89739
12261,5,89740
12262,5,89740
12263,5,89740
12264,5,89741
12265,5,89741
12266,5,89741
12267,5,89742
12268,5,89742
12269,5,89742
12270,5,89743
12271,5,89743
12272,5,89743
12273,5,89743
12274,5,89743
12275,5,89744
12276,5,89744
12277,5,89744
12278,5,89745
12279,5,89745
12280,5,89745
12281,5,89746
12282,5,89746
12283,5,89746
12284,5,89747
12285,5,89747
12286,5,89747
12287,5,89747
12288,5,89747
12289,5,89748
12290,5,89748
12291,5,89748
12292,5,89749
12293,5,89749
12294,5,89749
12295,5,89750
12296,5,89750
12297,5,89750
12298,5,89751
12299,5,89751
12300,5,89751
12301,5,89751
12302,5,89751
12303,5,89752
12304,5,89752
12305,5,89752
12306,5,89753
12307,5,89753
12308,5,89753
12309,5,89754
12310,5,89754
12311,5,89754
12312,5,89755
12313,5,89755
12314,5,89755
12315,5,89755
12316,5,89755
12317,5,89756
12318,5,89756
12319,5,89756
12320,5,89757
12321,5,89757
12322,5,89757
12323,10,271566
12324,10,679213
12325,10,679212
12326,10,679214
12327,10,679215
12328,10,679216
12329,10,679217
12330,10,679218
12331,10,679219
12332,10,89842
12333,10,89843
12334,10,89844
12335,10,89845
12336,1,416130
12337,13,416123
12339,1,416129
12342,1,416131
12345,1,416290
12348,5,416105
12349,5,416106
12350,5,416107
12351,5,416287
12352,5,416108
12353,5,416109
12354,5,416110
12356,5,416111
12357,5,416112
12358,5,416113
12360,5,416114
12361,5,416115
12362,5,416116
12364,5,416117
12365,5,416118
12366,5,416119
12368,5,416120
12369,5,416121
12370,5,416122
12372,10,416165
12373,10,416166
12374,10,416167
12375,10,416282
12376,10,420589
12377,10,420581
12378,10,420586
12379,16,416132
12380,16,416133
12381,16,416134
12382,1,416159
12383,13,416153
12384,14,416156
12385,1,416160
12388,1,416161
12394,5,416135
12395,5,416136
12396,5,416137
12398,5,416138
12399,5,416139
12400,5,416140
12402,5,416141
12403,5,416142
12404,5,416143
12406,5,416144
12407,5,416145
12408,5,416146
12410,5,416147
12411,5,416148
12412,5,416149
12414,5,416150
12415,5,416151
12416,5,416152
12431,16,416162
12432,16,416163
12433,16,416164
12434,1,390400
12435,2,390388
12436,13,390373
12437,14,390371
12438,1,390443
12439,2,390432
12440,13,390368
12441,14,390386
12443,1,390378
12444,13,390435
12445,14,390408
12446,1,390433
12447,2,390399
12448,13,390394
12449,14,390409
12450,1,416271
12452,13,416268
12453,14,416269
12454,5,390393
12455,5,390383
12456,5,390441
12457,5,390384
12458,5,416266
12459,5,390421
12460,5,390370
12461,5,390404
12462,5,390380
12464,5,390396
12465,5,390375
12466,5,390376
12467,5,390381
12469,5,390401
12470,5,390442
12471,5,390420
12472,5,390402
12474,5,390405
12475,5,390416
12476,5,390369
12477,5,390431
12479,10,390410
12480,10,390412
12481,10,416267
12482,16,419852
12483,16,419854
12484,16,419858
12485,16,419853
12486,16,419856
12487,16,419859
12488,16,419855
12489,16,419857
12490,16,419860
12491,1,390407
12492,2,390392
12493,13,390395
12494,14,390389
12495,1,390387
12496,2,390411
12497,13,390418
12498,14,390414
12500,1,390429
12501,13,390377
12502,14,390379
12503,1,390397
12504,2,390385
12505,13,390426
12506,14,390427
12507,1,750320
12509,13,416262
12510,14,416263
12511,5,390390
12512,5,390437
12513,5,390422
12514,5,390419
12516,5,390406
12517,5,390424
12518,5,390413
12519,5,390436
12521,5,390425
12522,5,390391
12523,5,390374
12524,5,390372
12526,5,390428
12527,5,390398
12528,5,390367
12529,5,390423
12531,10,390430
12532,10,390439
12533,10,416261
12534,16,419887
12535,16,419890
12536,16,419893
12537,16,419888
12538,16,419891
12539,16,419894
12540,16,419889
12541,16,419892
12542,16,419896
12543,1,408540
12544,13,408529
12545,14,408512
12546,1,408537
12547,13,408522
12548,14,408515
12549,1,408527
12550,13,408532
12551,14,408530
12552,1,408536
12553,13,408526
12554,14,408534
12555,1,408531
12556,13,408513
12557,14,408524
12558,1,408539
12559,13,408504
12560,14,408533
12561,1,413691
12562,13,413689
12563,14,413690
12564,1,416300
12565,13,416298
12566,14,416299
12567,5,408488
12568,5,408479
12569,5,408481
12570,5,408458
12571,5,408470
12572,5,408471
12573,5,413687
12574,5,416296
12575,5,408467
12576,5,408474
12577,5,408473
12578,5,408482
12579,5,408484
12580,5,408483
12581,5,413687
12582,5,416296
12583,5,408486
12584,5,408461
12585,5,408463
12586,5,408466
12587,5,408468
12588,5,408475
12589,5,413687
12590,5,416296
12591,5,408476
12592,5,408477
12593,5,408525
12594,5,408523
12595,5,408501
12596,5,408502
12597,5,413687
12598,5,416296
12599,5,408516
12600,5,408485
12601,5,408487
12602,5,408489
12603,5,408490
12604,5,408491
12605,5,413687
12606,5,416296
12607,5,408492
12608,5,408493
12609,5,408494
12610,5,408495
12611,5,408496
12612,5,408498
12613,5,413687
12614,5,416296
12615,5,408500
12616,5,408514
12617,5,408506
12618,5,408511
12619,5,408519
12620,5,408508
12621,5,413687
12622,5,416296
12623,5,408517
12624,5,408503
12625,5,408509
12626,5,408518
12627,5,408505
12628,5,408507
12629,5,413687
12630,5,416296
12631,10,408528
12632,10,408497
12633,10,408510
12634,10,408499
12635,10,408538
12636,10,408521
12637,10,408535
12638,10,408520
12639,10,413688
12640,10,416297
12641,1,408478
12642,13,408448
12643,14,408454
12644,1,408460
12645,13,408449
12646,14,408455
12647,1,408457
12648,13,408450
12649,14,408480
12650,1,408462
12651,13,408451
12652,14,408464
12653,1,408456
12654,13,408452
12655,14,408465
12656,1,408459
12657,13,408453
12658,14,408469
12659,1,413696
12660,13,413694
12661,14,413695
12662,1,416295
12663,13,416293
12664,14,416294
12665,5,408393
12666,5,408394
12667,5,408395
12668,5,408396
12669,5,408397
12670,5,408398
12671,5,413692
12672,5,416291
12673,5,408399
12674,5,408400
12675,5,408401
12676,5,408402
12677,5,408403
12678,5,408404
12679,5,413692
12680,5,416291
12681,5,408405
12682,5,408406
12683,5,408407
12684,5,408408
12685,5,408409
12686,5,408410
12687,5,413692
12688,5,416291
12689,5,408411
12690,5,408412
12691,5,408413
12692,5,408414
12693,5,408415
12694,5,408416
12695,5,413692
12696,5,416291
12697,5,408417
12698,5,408418
12699,5,408419
12700,5,408420
12701,5,408421
12702,5,408422
12703,5,413692
12704,5,416291
12705,5,408423
12706,5,408424
12707,5,408425
12708,5,408426
12709,5,408427
12710,5,408428
12711,5,413692
12712,5,416291
12713,5,408429
12714,5,408430
12715,5,408431
12716,5,408432
12717,5,408433
12718,5,408434
12719,5,413692
12720,5,416291
12721,5,408435
12722,5,408436
12723,5,408437
12724,5,408438
12725,5,408439
12726,5,408440
12727,5,413692
12728,5,416291
12729,10,408441
12730,10,408442
12731,10,408443
12732,10,408444
12733,10,408445
12734,10,408472
12735,10,408446
12736,10,408447
12737,10,413693
12738,10,416292
12739,1,379383
12740,2,379412
12741,13,379384
12743,1,379410
12744,2,379386
12745,13,379403
12747,1,379400
12748,2,379397
12749,13,379385
12751,1,416281
12752,2,416278
12753,13,416279
12755,5,379401
12756,5,379411
12757,5,379413
12758,5,416277
12759,5,380707
12760,5,380704
12761,5,380697
12762,5,416277
12763,5,380708
12764,5,380718
12765,5,380715
12766,5,416277
12767,5,380699
12768,5,380720
12769,5,380700
12770,5,416277
12771,5,380701
12772,5,380717
12773,5,380696
12774,5,416277
12775,5,380711
12776,5,380694
12777,5,380714
12778,5,416277
12779,5,380703
12780,5,380693
12781,5,380695
12782,5,416277
12783,5,380710
12784,5,380713
12785,5,380698
12786,5,416277
12787,5,380702
12788,5,380712
12789,5,380709
12790,5,416277
12791,5,380716
12792,5,380706
12793,5,380705
12794,5,416277
12795,10,372440
12796,10,375965
12797,10,376119
12798,10,376014
12799,10,375962
12800,10,416276
12801,16,379399
12802,16,379414
12803,16,379404
12804,1,372441
12805,13,376000
12806,14,376008
12807,1,376083
12808,13,376041
12809,14,376023
12810,1,376151
12811,13,376144
12812,14,375952
12813,1,416275
12814,13,416273
12815,14,416274
12816,5,372443
12817,5,376015
12818,5,376007
12819,5,416272
12820,5,375972
12821,5,375941
12822,5,376042
12824,5,375966
12825,5,376040
12826,5,376038
12828,5,376124
12829,5,375963
12830,5,375951
12832,5,376053
12833,5,375961
12834,5,376044
12836,5,376035
12837,5,376131
12838,5,376067
12840,5,375959
12841,5,376072
12842,5,376064
12844,5,375997
12845,5,376154
12846,5,376071
12848,5,375967
12849,5,376101
12850,5,376069
12852,5,376146
12853,5,376031
12854,5,376078
12862,16,372445
12863,16,376150
12864,16,376099
12865,1,398730
12866,13,398712
12867,14,398747
12868,1,398725
12869,13,398740
12870,14,398699
12871,1,398760
12872,13,398698
12873,14,398724
12874,1,398743
12875,13,398723
12876,14,398759
12877,1,398701
12878,13,398758
12879,14,398742
12880,1,398726
12881,13,398741
12882,14,398700
12883,1,430570
12884,1,624513
12885,13,498428
12886,14,498429
12887,5,398729
12888,5,398714
12889,5,398749
12890,5,398732
12891,5,398690
12892,5,398715
12893,5,498426
12894,5,398750
12895,5,398733
12896,5,398691
12897,5,398716
12898,5,398751
12899,5,398734
12900,5,398692
12901,5,398717
12902,5,398752
12903,5,398735
12904,5,398693
12905,5,398718
12906,5,398753
12907,5,398736
12908,5,398694
12909,5,398719
12910,5,398754
12911,5,398737
12912,5,398695
12913,5,398720
12914,5,398755
12915,5,398738
12916,5,398696
12917,5,398721
12918,5,628181
12919,5,628182
12920,5,628183
12921,5,628184
12922,5,628185
12923,5,628186
12924,10,498427
12925,10,398687
12926,10,398756
12927,10,398739
12928,10,398697
12929,10,398722
12930,10,398757
12931,10,398687
12932,10,398756
12933,10,398739
12934,10,398697
12935,10,398722
12936,10,398757
12937,10,398687
12938,10,398756
12939,10,398739
12940,10,398697
12941,10,398722
12942,10,398757
12943,10,398687
12944,10,398756
12945,10,398739
12946,10,398697
12947,10,398722
12948,10,398757
12949,10,398687
12950,10,398756
12951,10,398739
12952,10,398697
12953,10,398722
12954,10,398757
12955,10,398687
12956,10,398756
12957,10,398739
12958,10,398697
12959,10,398722
12960,10,398757
12961,10,398687
12962,10,398756
12963,10,398739
12964,10,398697
12965,10,398722
12966,10,398757
12967,10,398687
12968,10,398756
12969,10,398739
12970,10,398697
12971,10,398722
12972,10,398757
12973,10,398687
12974,10,398756
12975,10,398739
12976,10,398697
12977,10,398722
12978,10,398757
12979,10,398687
12980,10,398756
12981,10,398739
12982,10,398697
12983,10,398722
12984,10,398757
12985,10,398687
12986,10,398756
12987,10,398739
12988,10,398697
12989,10,398722
12990,10,398757
12991,16,398761
12992,16,398688
12993,16,398744
12994,1,398904
12995,13,398923
12996,14,398950
12997,1,398920
12998,13,398911
12999,14,398940
13000,1,398908
13001,13,398915
13002,14,398935
13003,1,398924
13004,13,398946
13005,14,398943
13006,1,398912
13007,13,398927
13008,14,398937
13009,1,398916
13010,13,398931
13011,14,398900
13012,1,430563
13013,1,498425
13014,13,498423
13015,14,498424
13016,5,398894
13017,5,398895
13018,5,398897
13019,5,398901
13020,5,398917
13021,5,398905
13022,5,498421
13023,5,398921
13024,5,398909
13025,5,398913
13026,5,398944
13027,5,398925
13028,5,398929
13029,5,398948
13030,5,398938
13031,5,398933
13032,5,398941
13033,5,398896
13034,5,398898
13035,5,398902
13036,5,398918
13037,5,398906
13038,5,398922
13039,5,398910
13040,5,398914
13041,5,398945
13042,5,398926
13043,5,398930
13044,5,398949
13045,5,398939
13046,5,398934
13047,5,628142
13048,5,628143
13049,5,628144
13050,5,628145
13051,5,628146
13052,5,628147
13053,10,498422
13054,10,398942
13055,10,398936
13056,10,398899
13057,10,398903
13058,10,398919
13059,10,398907
13060,16,398947
13061,16,398928
13062,16,398932
13063,1,407391
13064,13,407380
13065,14,407385
13066,1,407392
13067,13,407381
13068,14,407386
13069,1,407393
13070,13,407382
13071,14,407387
13072,1,407394
13073,13,407384
13074,14,407388
13075,1,426207
13076,13,426203
13077,14,426205
13078,1,426208
13079,13,426204
13080,14,426206
13081,1,498420
13082,13,498418
13083,14,498419
13084,5,407374
13085,5,407373
13086,5,407375
13087,5,407377
13088,5,426196
13089,5,426197
13090,5,498416
13091,5,410176
13092,5,410177
13093,5,410178
13094,5,410179
13095,5,426198
13096,5,426199
13097,5,474280
13098,5,474281
13099,5,474282
13100,5,474283
13101,5,474284
13102,5,474285
13103,5,474286
13104,5,474287
13105,5,474288
13106,5,474289
13107,5,474290
13108,5,474291
13109,5,474292
13110,5,474293
13111,5,474294
13112,5,474295
13113,5,474296
13114,5,474297
13115,5,474298
13116,5,474299
13117,5,474300
13118,5,474301
13119,5,474302
13120,5,474303
13121,5,474304
13122,5,474305
13123,5,474306
13124,5,474307
13125,5,474308
13126,5,474309
13127,10,498417
13128,10,407376
13129,11,624514
13130,10,407378
13131,11,624515
13132,10,407379
13133,11,624516
13134,10,407383
13135,11,624517
13136,10,426200
13137,11,624518
13138,10,426201
13139,11,624519
13140,10,426202
13141,11,624520
13142,10,407376
13143,11,624514
13144,10,407378
13145,11,624515
13146,10,407379
13147,11,624516
13148,10,407383
13149,11,624517
13150,10,426200
13151,11,624518
13152,10,426201
13153,11,624519
13154,10,426202
13155,11,624520
13156,10,407376
13157,11,624514
13158,10,407378
13159,11,624515
13160,10,407379
13161,11,624516
13162,10,407383
13163,11,624517
13164,10,426200
13165,11,624518
13166,10,426201
13167,11,624519
13168,10,426202
13169,11,624520
13170,10,407376
13171,10,407378
13172,10,407379
13173,10,407383
13174,10,426200
13175,10,426201
13176,10,426202
13177,10,407376
13178,11,624514
13179,10,407378
13180,11,624515
13181,10,407379
13182,11,624516
13183,10,407383
13184,11,624517
13185,10,426200
13186,11,624518
13187,10,426201
13188,11,624519
13189,10,426202
13190,11,624520
13191,8,407442
13192,8,407443
13193,8,407445
13194,8,407444
13195,8,426193
13196,8,426194
13197,8,426195
13198,8,624592
13199,1,425704
13200,13,425699
13201,14,425703
13202,1,425708
13203,13,425700
13204,14,425706
13205,1,425709
13206,13,425702
13207,14,425705
13208,1,425710
13209,13,425701
13210,14,425707
13211,1,426215
13212,13,426211
13213,14,426213
13214,1,426216
13215,13,426212
13216,14,426214
13217,1,498415
13218,13,498413
13219,14,498414
13220,5,425689
13221,5,425690
13222,5,425688
13223,5,425691
13224,5,426209
13225,5,426210
13226,5,498411
13227,5,447379
13228,5,447386
13229,5,447384
13230,5,447381
13231,5,447383
13232,5,447378
13233,5,447385
13234,5,447380
13235,5,447397
13236,5,447388
13237,5,447376
13238,5,447375
13239,5,447374
13240,5,447390
13241,5,447387
13242,5,447398
13243,5,447389
13244,5,447393
13245,5,447377
13246,5,447406
13247,5,447403
13248,5,447401
13249,5,447392
13250,5,447399
13251,5,447400
13252,5,447405
13253,5,447394
13254,5,447402
13255,5,447396
13256,5,447391
13257,5,447382
13258,5,447395
13259,5,447404
13260,5,447407
13261,5,447409
13262,5,447408
13263,10,498412
13264,10,425692
13265,11,625400
13266,8,440215
13267,10,425693
13268,11,625401
13269,8,440216
13270,10,425694
13271,11,625402
13272,8,440217
13273,10,425695
13274,11,625403
13275,8,440218
13276,10,425696
13277,11,625404
13278,8,440219
13279,10,425697
13280,11,625405
13281,8,440220
13282,10,425698
13283,11,625406
13284,8,440221
13285,8,624591
13286,19,425689
13287,19,425689
13288,19,425689
13289,19,425689
13290,19,425689
13291,19,425689
13292,19,425689
13293,22,425689
13294,22,425689
13295,22,425689
13296,22,425689
13297,22,425689
13298,22,425689
13299,22,425689
13300,1,419532
13301,13,419522
13302,14,419527
13303,1,419530
13304,13,419528
13305,14,419531
13306,1,419535
13307,13,419525
13308,14,419534
13309,1,419533
13310,13,419526
13311,14,419529
13312,5,419523
13313,5,419521
13314,5,419520
13315,5,419524
13316,10,407376
13317,10,407378
13318,10,407379
13319,10,407383
13320,10,407376
13321,10,407378
13322,10,407379
13323,10,407383
13324,10,407376
13325,10,407378
13326,10,407379
13327,10,407383
13328,8,407442
13329,8,407443
13330,8,407445
13331,8,407444
13332,1,429404
13333,13,429396
13334,14,429400
13335,1,429405
13336,13,429397
13337,14,429401
13338,1,429406
13339,13,429398
13340,14,429402
13341,1,429407
13342,13,429399
13343,14,429403
13344,1,443572
13345,13,443570
13346,14,443571
13347,5,429356
13348,5,429357
13349,5,429358
13350,5,429359
13351,5,443569
13352,5,429360
13353,5,429361
13354,5,429362
13355,5,429363
13356,5,429364
13357,5,429365
13358,5,429366
13359,5,429367
13360,5,429368
13361,5,429369
13362,5,429370
13363,5,429371
13364,5,429372
13365,5,429373
13366,5,429374
13367,5,429375
13368,5,429376
13369,5,429377
13370,5,429378
13371,5,429379
13372,5,429380
13373,5,429381
13374,5,429382
13375,5,429383
13376,5,429384
13377,5,429385
13378,5,429386
13379,5,429388
13380,5,429387
13381,5,429389
13382,5,429390
13383,5,429391
13384,5,429392
13385,5,429393
13386,5,429394
13387,5,429395
13388,10,443568
13389,10,429350
13390,10,429351
13391,10,429352
13392,10,429353
13393,10,429354
13394,10,429355
13395,17,429350
13396,17,429350
13397,17,429350
13398,17,429350
13399,17,429350
13400,17,429350
13401,19,443725
13402,19,443726
13403,19,443727
13404,19,443728
13405,19,443729
13406,1,429664
13407,13,429656
13408,14,429660
13409,1,429665
13410,13,429657
13411,14,429661
13412,1,429666
13413,13,429658
13414,14,429662
13415,1,429667
13416,13,429659
13417,14,429663
13418,1,443567
13419,13,443565
13420,14,443566
13421,5,429616
13422,5,429617
13423,5,429618
13424,5,429619
13425,5,443564
13426,5,429620
13427,5,429621
13428,5,429622
13429,5,429623
13430,5,429624
13431,5,429625
13432,5,429626
13433,5,429627
13434,5,429628
13435,5,429629
13436,5,429630
13437,5,429631
13438,5,429632
13439,5,429633
13440,5,429634
13441,5,429635
13442,5,429636
13443,5,429637
13444,5,429638
13445,5,429639
13446,5,429640
13447,5,429641
13448,5,429642
13449,5,429643
13450,5,429644
13451,5,429645
13452,5,429646
13453,5,429647
13454,5,429648
13455,5,429649
13456,5,429650
13457,5,429651
13458,5,429652
13459,5,429653
13460,5,429654
13461,5,429655
13462,10,443568
13463,10,429350
13464,10,429351
13465,10,429352
13466,10,429353
13467,10,429354
13468,10,429355
13469,16,443720
13470,16,443721
13471,16,443722
13472,16,443723
13473,16,443724
13474,1,435410
13475,13,435394
13476,14,435402
13477,1,435411
13478,13,435395
13479,14,435403
13480,1,435412
13481,13,435396
13482,14,435404
13483,1,435413
13484,13,435397
13485,14,435405
13486,1,435414
13487,13,435398
13488,14,435406
13489,1,435415
13490,13,435399
13491,14,435407
13492,1,435416
13493,13,435400
13494,14,435408
13495,1,435417
13496,13,435401
13497,14,435409
13498,1,653231
13499,13,653229
13500,14,653230
13501,5,435346
13502,5,435347
13503,5,435348
13504,5,435349
13505,5,435350
13506,5,435351
13507,5,435352
13508,5,435353
13509,5,653228
13510,5,435354
13511,5,435355
13512,5,435356
13513,5,435357
13514,5,435358
13515,5,435359
13516,5,435360
13517,5,435361
13518,5,435362
13519,5,435363
13520,5,435364
13521,5,435365
13522,5,435366
13523,5,435367
13524,5,435368
13525,5,435369
13526,5,435370
13527,5,435371
13528,5,435372
13529,5,435373
13530,5,435374
13531,5,435375
13532,5,435376
13533,5,435377
13534,5,435378
13535,5,435379
13536,5,435380
13537,5,435381
13538,5,435382
13539,5,435383
13540,5,435384
13541,5,435385
13542,5,435386
13543,5,435387
13544,5,435389
13545,5,435388
13546,5,435390
13547,5,435391
13548,5,435392
13549,5,435393
13550,16,435418
13551,16,435419
13552,16,435420
13553,16,435421
13554,16,435422
13555,16,435423
13556,16,435424
13557,16,435425
13558,16,435427
13559,16,435426
13560,16,435428
13561,16,435429
13562,16,435430
13563,16,435431
13564,16,435432
13565,16,435433
13566,1,426390
13567,13,426374
13568,14,426382
13569,1,426391
13570,13,426375
13571,14,426383
13572,1,426392
13573,13,426376
13574,14,426384
13575,1,426393
13576,13,426377
13577,14,426385
13578,1,426394
13579,13,426378
13580,14,426386
13581,1,426395
13582,13,426379
13583,14,426387
13584,1,426396
13585,13,426380
13586,14,426388
13587,1,426397
13588,13,426381
13589,14,426389
13590,1,653227
13591,13,653225
13592,14,653226
13593,5,426326
13594,5,426327
13595,5,426328
13596,5,426329
13597,5,426330
13598,5,426331
13599,5,426332
13600,5,426333
13601,5,653224
13602,5,426334
13603,5,426335
13604,5,426336
13605,5,426337
13606,5,426338
13607,5,426339
13608,5,426340
13609,5,426341
13610,5,426342
13611,5,426343
13612,5,426344
13613,5,426345
13614,5,426346
13615,5,426347
13616,5,426348
13617,5,426349
13618,5,426350
13619,5,426351
13620,5,426352
13621,5,426353
13622,5,426354
13623,5,426355
13624,5,426356
13625,5,426357
13626,5,426358
13627,5,426360
13628,5,426359
13629,5,426361
13630,5,426362
13631,5,426363
13632,5,426364
13633,5,426365
13634,5,426366
13635,5,426367
13636,5,426368
13637,5,426369
13638,5,426370
13639,5,426371
13640,5,426372
13641,5,426373
13642,16,434926
13643,16,434927
13644,16,434928
13645,16,434929
13646,16,434930
13647,16,434931
13648,16,434932
13649,16,434933
13650,16,434934
13651,16,434935
13652,16,434936
13653,16,434937
13654,16,434938
13655,16,434939
13656,16,434940
13657,16,434942
13658,1,435219
13659,13,435199
13660,14,435209
13661,1,435220
13662,13,435200
13663,14,435210
13664,1,435221
13665,13,435201
13666,14,435211
13667,1,435222
13668,13,435202
13669,14,435212
13670,1,435223
13671,13,435203
13672,14,435213
13673,1,435224
13674,13,435204
13675,14,435214
13676,1,435225
13677,13,435205
13678,14,435215
13679,1,435226
13680,13,435206
13681,14,435216
13682,1,435227
13683,13,435207
13684,14,435217
13685,1,435228
13686,13,435208
13687,14,435218
13688,1,443580
13689,13,443579
13690,14,443578
13691,5,435109
13692,5,435110
13693,5,435111
13694,5,435112
13695,5,435113
13696,5,435114
13697,5,435115
13698,5,435116
13699,5,435117
13700,5,435118
13701,5,443577
13702,5,435119
13703,5,435120
13704,5,435121
13705,5,435122
13706,5,435123
13707,5,435124
13708,5,435125
13709,5,435126
13710,5,435127
13711,5,435128
13712,5,435129
13713,5,435130
13714,5,435131
13715,5,435132
13716,5,435133
13717,5,435134
13718,5,435135
13719,5,435136
13720,5,435137
13721,5,435138
13722,5,435139
13723,5,435140
13724,5,435141
13725,5,435142
13726,5,435143
13727,5,435144
13728,5,435145
13729,5,435146
13730,5,435147
13731,5,435148
13732,5,435149
13733,5,435150
13734,5,435151
13735,5,435152
13736,5,435153
13737,5,435154
13738,5,435155
13739,5,435156
13740,5,435157
13741,5,435158
13742,5,435159
13743,5,435160
13744,5,435161
13745,5,435162
13746,5,435163
13747,5,435164
13748,5,435165
13749,5,435166
13750,5,435167
13751,5,435168
13752,5,435169
13753,5,435170
13754,5,435171
13755,5,435172
13756,5,435173
13757,5,435174
13758,5,435175
13759,5,435176
13760,5,435177
13761,5,435178
13762,5,435179
13763,5,435180
13764,5,435181
13765,5,435182
13766,5,435183
13767,5,435184
13768,5,435185
13769,5,435186
13770,5,435187
13771,5,435188
13772,5,435189
13773,5,435190
13774,5,435191
13775,5,435192
13776,5,435193
13777,5,435195
13778,5,435194
13779,5,435196
13780,5,435197
13781,5,435198
13782,10,434572
13783,10,434589
13784,10,434603
13785,10,434587
13786,10,434591
13787,10,434601
13788,10,434577
13789,10,434576
13790,10,443581
13791,10,434572
13792,10,434589
13793,10,434603
13794,10,434587
13795,10,434591
13796,10,434601
13797,10,434577
13798,10,434576
13799,10,434572
13800,10,434589
13801,10,434603
13802,10,434587
13803,10,434591
13804,10,434601
13805,10,434577
13806,10,434576
13807,10,434572
13808,10,434589
13809,10,434603
13810,10,434587
13811,10,434591
13812,10,434601
13813,10,434577
13814,10,434576
13815,10,434572
13816,10,434589
13817,10,434603
13818,10,434587
13819,10,434591
13820,10,434601
13821,10,434577
13822,10,434576
13823,10,434572
13824,10,434589
13825,10,434603
13826,10,434587
13827,10,434591
13828,10,434601
13829,10,434577
13830,10,434576
13831,10,434572
13832,10,434589
13833,10,434603
13834,10,434587
13835,10,434591
13836,10,434601
13837,10,434577
13838,10,434576
13839,1,435099
13840,13,435078
13841,14,435089
13842,1,435100
13843,13,435080
13844,14,435090
13845,1,435101
13846,13,435081
13847,14,435091
13848,1,435102
13849,13,435082
13850,14,435092
13851,1,435103
13852,13,435083
13853,14,435093
13854,1,435104
13855,13,435084
13856,14,435094
13857,1,435105
13858,13,435085
13859,14,435095
13860,1,435106
13861,13,435086
13862,14,435096
13863,1,435107
13864,13,435087
13865,14,435097
13866,1,435108
13867,13,435088
13868,14,435098
13869,1,443576
13870,13,443574
13871,14,443575
13872,1,443986
13873,5,434989
13874,5,434990
13875,5,434991
13876,5,434992
13877,5,434993
13878,5,434994
13879,5,434995
13880,5,434996
13881,5,434997
13882,5,434998
13883,5,443573
13884,5,434999
13885,5,435000
13886,5,435001
13887,5,435002
13888,5,435003
13889,5,435004
13890,5,435005
13891,5,434996
13892,5,435007
13893,5,435008
13894,5,435009
13895,5,435010
13896,5,435011
13897,5,435012
13898,5,435013
13899,5,435014
13900,5,435015
13901,5,435016
13902,5,435017
13903,5,435018
13904,5,435019
13905,5,435020
13906,5,435021
13907,5,435022
13908,5,435023
13909,5,435024
13910,5,435025
13911,5,435026
13912,5,435027
13913,5,435028
13914,5,435029
13915,5,435030
13916,5,435031
13917,5,435032
13918,5,435033
13919,5,435034
13920,5,435035
13921,5,435036
13922,5,435037
13923,5,435038
13924,5,435039
13925,5,435040
13926,5,435041
13927,5,435042
13928,5,435043
13929,5,435044
13930,5,435046
13931,5,435045
13932,5,435047
13933,5,435048
13934,5,435049
13935,5,435050
13936,5,435051
13937,5,435052
13938,5,435053
13939,5,435054
13940,5,435055
13941,5,435056
13942,5,435057
13943,5,435058
13944,5,435059
13945,5,435060
13946,5,435061
13947,5,435062
13948,5,435063
13949,5,435064
13950,5,435065
13951,5,435066
13952,5,435067
13953,5,435068
13954,5,435069
13955,5,435070
13956,5,435071
13957,5,435072
13958,5,435073
13959,5,435074
13960,5,435075
13961,5,435076
13962,5,435077
13963,5,435079
13964,10,443581
13965,10,434572
13966,10,434589
13967,10,434603
13968,10,434587
13969,10,434591
13970,10,434601
13971,10,434577
13972,10,434576
13973,1,105540
13974,2,574806
13975,13,105532
13976,2,574806
13977,1,105541
13978,13,105533
13979,2,574806
13980,1,105542
13981,13,105534
13982,2,574806
13983,1,105543
13984,13,105535
13985,2,574806
13986,1,105544
13987,13,105536
13988,1,105540
13989,2,574805
13990,13,105532
13991,1,105541
13992,2,574805
13993,13,105533
13994,1,105542
13995,2,574805
13996,13,105534
13997,1,105543
13998,2,574805
13999,13,105535
14000,1,105544
14001,2,574805
14002,13,105536
14003,1,105540
14004,2,574804
14005,13,105532
14006,1,105541
14007,2,574804
14008,13,105533
14009,1,105542
14010,2,574804
14011,13,105534
14012,1,105543
14013,2,574804
14014,13,105535
14015,1,105544
14016,2,574804
14017,13,105536
14018,1,262319
14019,2,262313
14020,13,262315
14021,5,105476
14022,5,105476
14023,5,105476
14024,5,105477
14025,5,105477
14026,5,105477
14027,5,105478
14028,5,105478
14029,5,105478
14030,5,105479
14031,5,105479
14032,5,105479
14033,5,105480
14034,5,105480
14035,5,105480
14036,5,262313
14037,5,105484
14038,5,105484
14039,5,105484
14040,5,105485
14041,5,105485
14042,5,105485
14043,5,105486
14044,5,105486
14045,5,105486
14046,5,105487
14047,5,105487
14048,5,105487
14049,5,105488
14050,5,105488
14051,5,105488
14052,5,105492
14053,5,105492
14054,5,105492
14055,5,105493
14056,5,105493
14057,5,105493
14058,5,105494
14059,5,105494
14060,5,105494
14061,5,105495
14062,5,105495
14063,5,105495
14064,5,105496
14065,5,105496
14066,5,105496
14067,5,105500
14068,5,105500
14069,5,105500
14070,5,105501
14071,5,105501
14072,5,105501
14073,5,105502
14074,5,105502
14075,5,105502
14076,5,105503
14077,5,105503
14078,5,105503
14079,5,105504
14080,5,105504
14081,5,105504
14082,5,105508
14083,5,105508
14084,5,105508
14085,5,105509
14086,5,105509
14087,5,105509
14088,5,105510
14089,5,105510
14090,5,105510
14091,5,105511
14092,5,105511
14093,5,105511
14094,5,105512
14095,5,105512
14096,5,105512
14097,10,561801
14098,10,561802
14099,10,561803
14100,10,561804
14101,10,561805
14102,10,561806
14103,10,561807
14104,10,271385
14105,10,561801
14106,10,561802
14107,10,561803
14108,10,561804
14109,10,561805
14110,10,561806
14111,10,561807
14112,10,561801
14113,10,561802
14114,10,561803
14115,10,561804
14116,10,561805
14117,10,561806
14118,10,561807
14119,10,561801
14120,10,561802
14121,10,561803
14122,10,561804
14123,10,561805
14124,10,561806
14125,10,561807
14126,10,561801
14127,10,561802
14128,10,561803
14129,10,561804
14130,10,561805
14131,10,561806
14132,10,561807
14133,10,561801
14134,10,561802
14135,10,561803
14136,10,561804
14137,10,561805
14138,10,561806
14139,10,561807
14140,8,658712
14141,8,658713
14142,8,658714
14143,8,658715
14144,8,658716
14145,8,658717
14146,8,658718
14147,1,110266
14148,2,574806
14149,13,110250
14150,14,110258
14151,2,574806
14152,1,110267
14153,13,110251
14154,14,110259
14155,2,574806
14156,1,110268
14157,13,110252
14158,14,110260
14159,2,574806
14160,1,110269
14161,13,110253
14162,14,110261
14163,2,574806
14164,1,110270
14165,13,110254
14166,14,110262
14167,1,110266
14168,2,574805
14169,13,110250
14170,14,110258
14171,1,110267
14172,2,574805
14173,13,110251
14174,14,110259
14175,1,110268
14176,2,574805
14177,13,110252
14178,14,110260
14179,1,110269
14180,2,574805
14181,13,110253
14182,14,110261
14183,1,110270
14184,2,574805
14185,13,110254
14186,14,110262
14187,1,110266
14188,2,574804
14189,13,110250
14190,14,110258
14191,1,110267
14192,2,574804
14193,13,110251
14194,14,110259
14195,1,110268
14196,2,574804
14197,13,110252
14198,14,110260
14199,1,110269
14200,2,574804
14201,13,110253
14202,14,110261
14203,1,110270
14204,2,574804
14205,13,110254
14206,14,110262
14207,1,262310
14208,2,262304
14209,13,262306
14210,14,262308
14211,5,110171
14212,5,110171
14213,5,110171
14214,5,110172
14215,5,110172
14216,5,110172
14217,5,110173
14218,5,110173
14219,5,110173
14220,5,110174
14221,5,110174
14222,5,110174
14223,5,110175
14224,5,110175
14225,5,110175
14226,5,262304
14227,5,110179
14228,5,110179
14229,5,110179
14230,5,110180
14231,5,110180
14232,5,110180
14233,5,110181
14234,5,110181
14235,5,110181
14236,5,110182
14237,5,110182
14238,5,110182
14239,5,110183
14240,5,110183
14241,5,110183
14242,5,110184
14243,5,110184
14244,5,110184
14245,5,110185
14246,5,110185
14247,5,110185
14248,5,110186
14249,5,110186
14250,5,110186
14251,5,110187
14252,5,110187
14253,5,110187
14254,5,110188
14255,5,110188
14256,5,110188
14257,5,110189
14258,5,110189
14259,5,110189
14260,5,110190
14261,5,110190
14262,5,110190
14263,5,110191
14264,5,110191
14265,5,110191
14266,5,110192
14267,5,110192
14268,5,110192
14269,5,110193
14270,5,110193
14271,5,110193
14272,5,110197
14273,5,110197
14274,5,110197
14275,5,110198
14276,5,110198
14277,5,110198
14278,5,110199
14279,5,110199
14280,5,110199
14281,5,110200
14282,5,110200
14283,5,110200
14284,5,110201
14285,5,110201
14286,5,110201
14287,5,110202
14288,5,110202
14289,5,110202
14290,5,110203
14291,5,110203
14292,5,110203
14293,5,110204
14294,5,110204
14295,5,110204
14296,5,110205
14297,5,110205
14298,5,110205
14299,5,110206
14300,5,110206
14301,5,110206
14302,10,271385
14303,11,271383
14304,10,561801
14305,11,658780
14306,10,561802
14307,11,658781
14308,10,561803
14309,11,658782
14310,10,561804
14311,11,658783
14312,10,561805
14313,11,658784
14314,10,561806
14315,11,658785
14316,10,561807
14317,11,658786
14318,7,183564
14319,7,183565
14320,7,174166
14321,7,174169
14322,7,174172
14323,7,174175
14324,7,174178
14325,10,128338
14326,7,183554
14327,7,183557
14328,7,183560
14329,7,183563
14330,7,183566
14331,7,271462
14332,12,249065
14333,10,128335
14334,7,179329
14335,7,179268
14336,7,179271
14337,7,179274
14338,7,179277
14339,7,179280
14340,7,179283
14341,7,179286
14342,7,179289
14343,10,128338
14344,7,249271
14345,7,249272
14346,7,249273
14347,7,249274
14348,7,249275
14349,7,249276
14350,7,249277
14351,7,249278
14352,7,249279
14353,16,259760
14354,16,259761
14355,16,259762
14356,16,259763
14357,16,259764
14358,16,237554
14359,16,259741
14360,16,259747
14361,16,259753
14362,16,259759
14363,16,259765
14364,16,259406
14365,16,259407
14366,16,259408
14367,16,259409
14368,16,259410
14369,16,237548
14370,16,259387
14371,16,259393
14372,16,259399
14373,16,259405
14374,16,259411
14375,16,259790
14376,16,259791
14377,16,259792
14378,16,259793
14379,16,259794
14380,16,237565
14381,16,259771
14382,16,259777
14383,16,259783
14384,16,259789
14385,16,259795
14386,16,259444
14387,16,259445
14388,16,259446
14389,16,259447
14390,16,259448
14391,16,237559
14392,16,259425
14393,16,259431
14394,16,259437
14395,16,259443
14396,16,259449
14400,25,766119
14401,25,669509
14402,25,669510
14403,25,669511
14404,25,669512
14405,25,669513
14406,25,669514
14407,25,669515
14408,25,669516
14409,25,669517
14410,25,669518
14411,25,669519
14412,25,669520
14413,25,669521
14414,25,669522
14415,25,669523
14416,25,669524
14417,25,669525
14418,25,669526
14419,25,669527
14420,25,669528
14421,25,669529
14422,25,669530
14423,25,669531
14518,26,669444
14521,27,678803
14523,28,678803
14528,30,678687
14529,30,678688
14530,30,678689
14531,30,678690
14536,30,678691
14537,30,678692
14538,30,678693
14539,30,678694
14546,29,678681
14547,29,678682
14548,29,678683
14549,29,678684
14550,29,678685
14551,29,678686
14713,13,160540
14714,1,670215
14715,13,670213
14716,1,670328
14717,13,670326
14728,13,158100
14729,14,158102
14730,13,158101
14731,14,158103
14732,1,671631
14733,13,671587
14734,14,671586
14735,1,679028
14736,13,671598
14737,14,671599
14830,5,670212
14831,5,670315
14832,5,670316
14833,5,670317
14834,5,670318
14835,5,670319
14836,5,670320
14837,5,670321
14838,5,670322
14839,5,670323
14840,5,670324
14841,5,670325
14842,5,673521
14843,5,673522
14844,5,673523
14845,5,673524
14846,5,673525
14847,5,673526
14848,5,673527
14849,5,673528
14850,5,673529
14851,5,673530
14852,5,673531
14853,5,673532
14884,5,670021
14885,5,670058
14886,5,670059
14887,5,670060
14888,5,670061
14889,5,670062
14890,5,670063
14891,5,670064
14892,5,670065
14893,5,670066
14894,5,670067
14895,5,670068
14896,5,673541
14897,5,673546
14898,5,673547
14899,5,673548
14900,5,673549
14901,5,673550
14902,5,673551
14903,5,673552
14904,5,673553
14905,5,673554
14906,5,673555
14907,5,673556
14908,5,673557
14909,5,673558
14910,5,673559
14911,5,673560
14912,5,673561
14913,5,673562
14914,25,669508
14968,10,679613
14969,12,679651
14970,10,679614
14971,12,679652
14972,10,679615
14973,12,679653
14974,10,679616
14975,12,679654
14976,10,679611
14977,12,679655
14978,10,679617
14979,12,679656
14980,10,679618
14981,12,679657
14982,10,679619
14983,12,679658
14984,10,679620
14985,12,679659
14986,10,679621
14987,12,679660
14988,10,679622
14989,12,679661
14990,10,679623
14991,12,679662
14992,10,679612
14993,12,679663
14994,10,679624
14995,10,679625
14996,10,679626
14997,10,679627
14998,10,679628
14999,10,679629
15000,10,679630
15001,10,679631
15002,10,679632
15003,10,679633
15004,10,679634
15005,10,679635
15006,10,679636
15007,10,679637
15008,10,679638
15009,10,679639
15010,10,679640
15011,10,679641
15012,10,679642
15013,10,679643
15014,10,679644
15015,10,679645
15016,10,679646
15017,10,679647
15018,10,679648
15019,10,679649
15020,10,679650
15367,10,679664
15368,7,679664
15369,10,679665
15370,7,679665
15371,10,679666
15372,7,679666
15373,10,679667
15374,7,679667
15375,10,679668
15376,7,679668
15377,10,679669
15378,7,679669
15379,10,679670
15380,7,679670
15381,10,679671
15382,7,679671
15383,10,679672
15384,7,679672
15385,10,679673
15386,7,679673
15387,10,679674
15388,7,679674
15389,10,679675
15390,7,679675
15391,10,679676
15392,7,679676
15393,10,679677
15394,7,679677
15395,11,159870
15396,11,159871
15397,11,159872
15398,11,159873
15399,11,159874
15400,11,159875
15401,11,159876
15402,11,159877
15403,11,159878
15404,11,159879
15405,11,159880
15406,11,159881
15407,11,159882
15408,10,679678
15409,7,679678
15410,10,679679
15411,7,679679
15412,10,679680
15413,7,679680
15414,10,679681
15415,7,679681
15416,10,679682
15417,7,679682
15418,10,679683
15419,7,679683
15420,10,679684
15421,7,679684
15422,10,679685
15423,7,679685
15424,10,679686
15425,7,679686
15426,10,679687
15427,7,679687
15428,10,679688
15429,7,679688
15430,10,679689
15431,7,679689
15432,10,679690
15433,7,679690
15434,10,679691
15435,7,679691
15436,10,679692
15437,7,679692
15438,10,679693
15439,7,679693
15440,10,679694
15441,7,679694
15442,10,679695
15443,7,679695
15444,10,679696
15445,7,679696
15446,10,679697
15447,7,679697
15448,10,679698
15449,7,679698
15450,10,679699
15451,7,679699
15452,10,679700
15453,7,679700
15454,10,679701
15455,7,679701
15456,10,679702
15457,7,679702
15458,10,679703
15459,7,679703
15466,11,271459
15467,11,271460
15468,11,271461
15476,7,271451
15477,7,271452
15478,7,271453
15479,7,271454
15480,7,271455
15481,7,271456
15482,7,271457
15510,25,669441
15511,25,669442
15512,25,669445
15513,25,669446
15514,25,669447
15515,25,669448
15516,25,669449
15517,25,669450
15518,25,669451
15519,25,669452
15520,25,669453
15521,25,669454
15522,25,669455
15523,25,669456
15524,25,669457
15525,25,669458
15526,25,669459
15527,25,669460
15528,25,669461
15529,25,669462
15530,25,669463
15531,25,669464
15532,25,669465
15533,25,669466
15534,25,669467
15535,25,669468
15536,25,669469
15544,25,669532
15545,25,669533
15546,25,669534
15547,25,669535
15548,25,669536
15549,25,669537
15550,25,679413
15564,25,669485
15565,25,669486
15566,25,669487
15567,25,669488
15568,25,669489
15569,25,669490
15570,25,669491
15571,25,669492
15572,25,669493
15573,25,669494
15574,25,669495
15575,25,669496
15576,25,669497
15587,25,669498
15588,25,669499
15589,25,669500
15590,25,669501
15591,25,669502
15592,25,669503
15593,25,669504
15594,25,669505
15595,25,669506
15596,25,669507
15615,10,667930
15616,10,667931
15617,10,667932
15618,10,667933
15619,10,667934
15620,10,667935
15621,10,667936
15622,10,667937
15623,10,667938
15624,10,667939
15625,10,667940
15626,10,667941
15627,10,667942
15628,10,667943
15629,10,667944
15630,10,667945
15631,10,667946
15632,10,667947
15651,10,668403
15652,10,668404
15653,10,668405
15654,10,668406
15655,10,668407
15656,10,668408
15657,10,668409
15658,10,668410
15659,10,668411
15660,10,668412
15661,10,668413
15662,10,668414
15663,10,668415
15664,10,668416
15665,10,668417
15666,10,668418
15667,10,668419
15668,10,668420
15939,12,668421
15940,12,668422
15941,12,668423
15942,12,668424
15943,12,668425
15944,12,668426
15945,12,668427
15946,12,668428
15947,12,668429
15948,12,668430
15949,12,668431
15950,12,668432
15951,12,668433
15952,12,668434
15953,12,668435
15954,12,668436
15955,12,668437
15956,12,668438
16245,12,667966
16246,12,667967
16247,12,667968
16248,12,667969
16249,12,667970
16250,12,667971
16251,12,667972
16252,12,667973
16253,12,667974
16254,12,667975
16255,12,667976
16256,12,667977
16257,12,667978
16258,12,667979
16259,12,667980
16260,12,667981
16261,12,667982
16262,12,667983
16263,12,667948
16264,12,667949
16265,12,667950
16266,12,667951
16267,12,667952
16268,12,667953
16269,12,667954
16270,12,667955
16271,12,667956
16272,12,667957
16273,12,667958
16274,12,667959
16275,12,667960
16276,12,667961
16277,12,667962
16278,12,667963
16279,12,667964
16280,12,667965
16281,12,668002
16282,12,668003
16283,12,668004
16284,12,668005
16285,12,668006
16286,12,668007
16287,12,668008
16288,12,668009
16289,12,668010
16290,12,668011
16291,12,668012
16292,12,668013
16293,12,668014
16294,12,668015
16295,12,668016
16296,12,668017
16297,12,668018
16298,12,668019
16299,12,668020
16300,12,668021
16301,12,668022
16302,12,668023
16303,12,668024
16304,12,668025
16305,12,668026
16306,12,668027
16307,12,668028
16308,12,668029
16309,12,668030
16310,12,668031
16311,12,668032
16312,12,668033
16313,12,668034
16314,12,668035
16315,12,668036
16316,12,668037
16317,12,668056
16318,12,668057
16319,12,668058
16320,12,668059
16321,12,668060
16322,12,668061
16323,12,668062
16324,12,668063
16325,12,668064
16326,12,668065
16327,12,668066
16328,12,668067
16329,12,668068
16330,12,668069
16331,12,668070
16332,12,668071
16333,12,668072
16334,12,668073
16335,12,668074
16336,12,668075
16337,12,668076
16338,12,668077
16339,12,668078
16340,12,668079
16341,12,668080
16342,12,668081
16343,12,668082
16344,12,668083
16345,12,668084
16346,12,668085
16347,12,668086
16348,12,668087
16349,12,668088
16350,12,668089
16351,12,668090
16352,12,668091
16497,12,667984
16498,12,667985
16499,12,667986
16500,12,667987
16501,12,667988
16502,12,667989
16503,12,667990
16504,12,667991
16505,12,667992
16506,12,667993
16507,12,667994
16508,12,667995
16509,12,667996
16510,12,667997
16511,12,667998
16512,12,667999
16513,12,668000
16514,12,668001
16518,8,667907
16519,8,667910
16520,8,667911
16521,8,667917
16522,8,667924
16523,8,667927
16524,31,680942
16525,31,147324
16527,8,667925
16528,8,667926
16529,8,667928
16530,8,667929
16693,1,668793
16694,13,668761
16695,14,668777
16696,1,668794
16697,13,668762
16698,14,668778
16699,1,668795
16700,13,668763
16701,14,668779
16702,1,668796
16703,13,668764
16704,14,668780
16705,1,668797
16706,13,668765
16707,14,668781
16708,1,668798
16709,13,668766
16710,14,668782
16711,1,668799
16712,13,668767
16713,14,668783
16714,1,668800
16715,13,668768
16716,14,668784
16717,1,668801
16718,13,668769
16719,14,668785
16720,1,668802
16721,13,668770
16722,14,668786
16723,1,668803
16724,13,668771
16725,14,668787
16726,1,668804
16727,13,668772
16728,14,668788
16729,1,668805
16730,13,668773
16731,14,668789
16732,1,668806
16733,13,668774
16734,14,668790
16735,1,668807
16736,13,668775
16737,14,668791
16738,1,668808
16739,13,668776
16740,14,668792
16741,1,680870
16742,13,680892
16743,14,680881
16744,1,680871
16745,13,680893
16746,14,680882
16747,1,680872
16748,13,680894
16749,14,680883
16750,1,680873
16751,13,680895
16752,14,680884
16753,1,680874
16754,13,680896
16755,14,680885
16756,1,680875
16757,13,680897
16758,14,680886
16759,1,680876
16760,13,680898
16761,14,680887
16762,1,680877
16763,13,680899
16764,14,680888
16765,1,680878
16766,13,680900
16767,14,680889
16768,1,680879
16769,13,680901
16770,14,680890
16771,1,680880
16772,13,680902
16773,14,680891
16828,1,668315
16829,13,668299
16830,1,668316
16831,13,668300
16832,1,668317
16833,13,668301
16834,1,668318
16835,13,668302
16836,1,668319
16837,13,668303
16838,1,668320
16839,13,668304
16840,1,668321
16841,13,668305
16842,1,668322
16843,13,668306
16844,1,668323
16845,13,668307
16846,1,668324
16847,13,668308
16848,1,668325
16849,13,668309
16850,1,668326
16851,13,668310
16852,1,668327
16853,13,668311
16854,1,668328
16855,13,668312
16856,1,668329
16857,13,668313
16858,1,668330
16859,13,668314
16860,1,681040
16861,13,681050
16862,1,681041
16863,13,681051
16864,1,681042
16865,13,681052
16866,1,681039
16867,13,681053
16868,1,681043
16869,13,681054
16870,1,681044
16871,13,681055
16872,1,681045
16873,13,681056
16874,1,681046
16875,13,681057
16876,1,681047
16877,13,681058
16878,1,681048
16879,13,681059
16880,1,681049
16881,13,681060
17088,25,681229
17107,25,670429
17108,25,670430
17109,25,670431
17110,25,670432
17111,25,670433
17112,25,670434
17113,25,670435
17114,25,670436
17115,25,670437
17116,25,670438
17117,25,670439
17118,25,670440
17119,25,681308
17120,25,681309
17121,25,681310
17122,25,681311
17123,25,681312
17124,25,681313
17727,5,668601
17728,5,668602
17729,5,668603
17730,5,668604
17731,5,668605
17732,5,668617
17733,5,668618
17734,5,668619
17735,5,668620
17736,5,668621
17737,5,668633
17738,5,668634
17739,5,668635
17740,5,668636
17741,5,668637
17742,5,668649
17743,5,668650
17744,5,668651
17745,5,668652
17746,5,668653
17747,5,668665
17748,5,668666
17749,5,668667
17750,5,668668
17751,5,668669
17752,5,668681
17753,5,668682
17754,5,668683
17755,5,668684
17756,5,668685
17757,5,668697
17758,5,668698
17759,5,668699
17760,5,668700
17761,5,668701
17762,5,668713
17763,5,668714
17764,5,668715
17765,5,668716
17766,5,668717
17767,5,668729
17768,5,668730
17769,5,668731
17770,5,668732
17771,5,668733
17772,5,668745
17773,5,668746
17774,5,668747
17775,5,668748
17776,5,668749
17927,5,668128
17928,5,668129
17929,5,668130
17930,5,668131
17931,5,668132
17932,5,668144
17933,5,668145
17934,5,668146
17935,5,668147
17936,5,668148
17937,5,668160
17938,5,668161
17939,5,668162
17940,5,668163
17941,5,668164
17942,5,668176
17943,5,668177
17944,5,668178
17945,5,668179
17946,5,668180
17947,5,668192
17948,5,668193
17949,5,668194
17950,5,668195
17951,5,668196
17952,5,668208
17953,5,668209
17954,5,668210
17955,5,668211
17956,5,668212
17957,5,668224
17958,5,668225
17959,5,668226
17960,5,668227
17961,5,668228
17962,5,668240
17963,5,668241
17964,5,668242
17965,5,668243
17966,5,668244
17967,5,668256
17968,5,668257
17969,5,668258
17970,5,668259
17971,5,668260
17972,5,668272
17973,5,668273
17974,5,668274
17975,5,668275
17976,5,668276
18010,5,681455
18011,5,681456
18012,5,681457
18013,5,681458
18014,5,681459
18015,5,681460
18016,5,681461
18017,5,681462
18018,5,681463
18019,5,681464
18020,5,681465
18033,10,1083600
18034,10,1083588
18035,10,1083601
18043,25,670401
18044,25,670402
18045,25,670403
18046,25,670404
18047,25,681745
18048,25,681746
18049,25,681747
18122,12,670552
18123,12,670553
18124,12,670554
18245,12,681821
18246,12,681820
18247,12,681819
18260,1,1083001
18261,13,670595
18262,14,670599
18263,1,1083009
18264,13,670596
18265,14,670600
18266,1,1083010
18267,13,670597
18268,14,670601
18269,1,1083011
18270,13,670598
18271,14,670602
18280,1,1083552
18281,13,1084795
18282,1,1083561
18283,13,1084795
18284,1,1083562
18285,13,1084795
18286,1,1083563
18287,13,1084795
18288,36,681940
18289,36,681941
18290,36,681939
18291,36,681934
18292,36,681935
18293,36,681933
18294,36,681936
18295,36,681937
18296,36,681938
18297,36,681952
18298,36,681953
18299,36,681954
18300,36,681955
18301,36,681956
18302,36,681957
18303,36,681958
18304,36,681959
18305,36,681960
18306,32,413691
18307,33,413689
18308,35,413688
18312,27,680246
18313,27,680398
18342,16,680247
18343,16,680248
18344,16,680249
18345,16,680250
18346,16,682040
18347,16,682069
18348,16,682070
18349,16,682071
18350,16,682072
18351,16,682073
18352,16,682074
18353,16,682075
18354,16,682076
18355,16,682077
18356,16,682078
18357,16,682079
18358,16,682080
18359,16,682081
18360,16,682082
18361,16,682083
18362,16,682084
18363,16,682085
18364,16,682086
18365,16,682087
18366,16,682088
18367,16,682089
18368,16,682090
18369,16,682091
18370,32,413696
18371,33,413694
18372,34,413695
18373,35,413693
18403,16,682041
18404,16,682042
18405,16,682043
18406,16,682044
18407,16,682045
18408,16,682046
18409,16,682047
18410,16,682048
18411,16,682049
18412,16,682050
18413,16,682051
18414,16,682052
18415,16,682053
18416,16,682054
18417,16,682055
18418,16,682056
18419,16,682057
18420,16,682058
18421,16,682059
18422,16,682060
18423,16,682061
18424,16,682062
18425,16,682063
18426,16,682064
18427,16,682065
18428,16,682066
18429,16,682067
18430,16,682068
18432,25,669752
18434,25,669779
18465,25,670793
18466,25,670794
18467,25,670795
18468,25,670796
18469,25,670797
18470,25,670798
18471,25,670799
18472,25,670800
18473,25,682133
18474,25,670801
18475,25,670802
18476,25,670803
18477,25,670804
18478,25,670805
18479,25,670806
18480,25,670807
18481,25,670808
18482,25,682134
18483,25,670809
18484,25,670810
18485,25,670811
18486,25,670812
18487,25,670813
18488,25,670814
18489,25,682158
18490,25,670815
18491,25,670816
18492,25,670817
18493,25,670818
18494,25,670819
18502,10,669288
18503,10,669289
18504,10,669290
18505,10,669291
18506,10,669292
18507,10,669293
18508,10,669294
18516,10,669638
18517,10,669639
18518,10,669640
18519,10,669641
18520,10,669642
18521,10,669643
18522,10,669644
18530,11,669264
18531,11,669265
18532,11,669266
18533,11,669267
18534,11,669268
18535,11,669269
18536,11,669270
18747,11,146038
18748,11,146039
18749,11,146040
18750,11,146041
18751,11,146042
18752,11,146043
18753,11,146044
18754,11,146045
18755,11,146046
18756,11,146047
18757,11,146048
18758,11,146049
18759,11,146050
18760,11,146051
18761,11,146052
18762,11,669645
18763,11,669646
18764,11,669647
18765,11,669648
18766,11,669649
18767,11,669650
18768,11,146053
18769,11,146054
18770,11,146055
18771,11,146056
18772,11,146057
18773,11,146058
18774,11,146059
18775,11,146060
18776,11,146061
18777,11,146062
18778,11,146063
18779,11,146064
18780,11,146065
18781,11,271350
18782,11,669651
18783,11,669652
18784,11,669653
18785,11,669654
18786,11,669655
18787,11,669656
18788,11,669657
18789,11,146149
18790,11,146150
18791,11,146151
18792,11,146152
18793,11,146153
18794,11,146154
18795,11,146155
18796,11,146156
18797,11,146157
18798,11,146158
18799,11,146159
18800,11,146160
18801,11,146161
18802,11,271354
18803,11,669679
18804,11,669680
18805,11,669681
18806,11,669682
18807,11,669683
18808,11,669684
18809,11,669685
18810,11,146066
18811,11,146067
18812,11,146068
18813,11,146069
18814,11,146070
18815,11,146071
18816,11,146072
18817,11,146073
18818,11,146074
18819,11,146075
18820,11,146076
18821,11,146077
18822,11,146078
18823,11,271351
18824,11,669658
18825,11,669660
18826,11,669659
18827,11,669661
18828,11,669662
18829,11,669663
18830,11,669664
18831,11,146175
18832,11,146176
18833,11,146177
18834,11,146178
18835,11,146179
18836,11,146180
18837,11,146181
18838,11,146182
18839,11,146183
18840,11,146184
18841,11,146185
18842,11,146186
18843,11,146187
18844,11,271356
18845,11,669693
18846,11,669694
18847,11,669695
18848,11,669696
18849,11,669697
18850,11,669698
18851,11,669699
19083,8,146113
19084,8,146114
19085,8,146115
19086,8,146116
19087,8,146117
19088,8,146118
19089,8,146119
19090,8,146120
19091,8,146121
19092,8,146122
19093,8,146123
19094,8,146124
19095,8,146125
19096,8,271347
19097,8,669624
19098,8,669625
19099,8,669626
19100,8,669627
19101,8,669628
19102,8,669629
19103,8,669630
19104,8,146126
19105,8,146127
19106,8,146128
19107,8,146129
19108,8,146130
19109,8,146131
19110,8,146132
19111,8,146133
19112,8,146134
19113,8,146135
19114,8,146136
19115,8,146137
19116,8,146138
19117,8,271348
19118,8,669631
19119,8,669632
19120,8,669633
19121,8,669634
19122,8,669635
19123,8,669636
19124,8,669637
19131,1,669271
19132,13,669258
19133,14,669261
19134,1,669272
19135,13,669259
19136,14,669262
19140,1,669273
19141,13,669260
19142,14,669263
19149,1,669621
19150,13,669618
19151,1,669622
19152,13,669619
19153,1,669623
19154,13,669620
19185,5,669228
19186,5,669231
19187,5,669234
19188,5,669237
19189,5,669240
19190,5,669243
19191,5,669246
19192,5,669249
19193,5,669252
19194,5,669255
19195,5,669229
19196,5,669232
19197,5,669235
19198,5,669238
19199,5,669241
19200,5,669244
19201,5,669247
19202,5,669250
19203,5,669253
19204,5,669256
19205,5,669230
19206,5,669233
19207,5,669236
19208,5,669239
19209,5,669242
19210,5,669245
19211,5,669248
19212,5,669251
19213,5,669254
19214,5,669257
19245,5,669572
19246,5,669575
19247,5,669578
19248,5,669581
19249,5,669584
19250,5,669587
19251,5,669590
19252,5,669593
19253,5,669596
19254,5,669615
19255,5,669573
19256,5,669576
19257,5,669579
19258,5,669582
19259,5,669585
19260,5,669588
19261,5,669591
19262,5,669594
19263,5,669613
19264,5,669616
19265,5,669574
19266,5,669577
19267,5,669580
19268,5,669583
19269,5,669586
19270,5,669589
19271,5,669592
19272,5,669595
19273,5,669614
19274,5,669617
19275,10,669600
19276,10,669601
19277,10,669602
19278,10,669603
19279,10,669604
19280,10,669599
19281,10,669597
19282,10,669598
19283,10,669605
19284,10,669606
19285,10,669607
19286,10,669608
19287,10,669609
19288,10,271349
19289,10,669274
19290,10,669275
19291,10,669276
19292,10,669277
19293,10,669278
19294,10,669279
19295,10,669280
19296,10,669281
19297,10,669282
19298,10,669283
19299,10,669284
19300,10,669285
19301,10,669286
19302,10,669287
19309,26,682330
19310,26,682331
19311,26,682332
19312,26,682333
19313,26,682334
19314,26,682335
19315,25,682369
19323,25,682370
19324,25,682373
19325,25,682374
19326,25,682375
19327,25,682376
19328,25,682377
19329,25,682378
19360,16,680609
19361,16,680610
19362,16,680611
19363,16,680612
19364,16,680613
19365,16,680614
19366,16,680615
19367,16,680616
19368,16,680617
19369,16,680618
19370,16,680619
19371,16,680620
19372,16,680621
19373,16,680622
19374,16,680623
19375,16,680624
19376,16,680625
19377,16,680626
19396,16,680670
19397,16,680671
19398,16,680672
19399,16,680673
19400,16,680674
19401,16,680675
19402,16,680676
19403,16,680677
19404,16,680678
19405,16,680679
19406,16,680680
19407,16,680681
19408,16,680682
19409,16,680683
19410,16,680684
19411,16,680685
19412,16,680686
19413,16,680687
19522,16,682665
19523,16,682664
19524,16,682666
19525,16,682667
19526,16,682668
19527,16,682669
19528,16,682670
19529,16,682671
19530,16,682672
19531,16,682673
19532,16,682674
19533,16,682675
19534,16,682676
19535,16,682677
19536,16,682678
19537,16,682679
19538,16,682680
19539,16,682681
19540,19,682682
19541,19,682683
19542,19,682684
19543,19,682685
19544,19,682686
19545,19,682687
19546,19,682688
19547,19,682689
19548,19,682690
19549,19,682691
19550,19,682692
19551,19,682693
19552,19,682694
19553,19,682695
19554,19,682696
19555,19,682697
19556,19,682698
19557,19,682699
19594,16,682624
19595,16,682625
19596,16,682626
19597,16,682627
19598,16,682628
19599,16,682629
19600,16,682630
19601,16,682631
19602,16,682632
19603,16,682633
19604,16,682634
19605,16,682635
19606,16,682636
19607,16,682637
19608,16,682638
19609,16,682639
19610,16,682640
19611,16,682641
19612,19,682642
19613,19,682643
19614,19,682644
19615,19,682645
19616,19,682646
19617,19,682647
19618,19,682648
19619,19,682649
19620,19,682650
19621,19,682651
19622,19,682652
19623,19,682653
19624,19,682654
19625,19,682655
19626,19,682656
19627,19,682657
19628,19,682658
19629,19,682659
19630,1,680664
19631,2,680663
19632,1,680666
19633,2,680665
19634,1,680668
19635,2,680667
19636,2,680727
19637,1,680728
19638,2,680729
19639,1,680730
19640,2,680731
19641,1,680732
19654,5,680645
19655,5,680646
19656,5,680647
19657,5,680648
19658,5,680649
19659,5,680650
19660,5,680651
19661,5,680652
19662,5,680653
19663,5,680654
19664,5,680655
19665,5,680656
19681,5,680706
19682,5,680707
19683,5,680708
19684,5,680709
19685,5,680710
19686,5,680711
19687,5,680712
19688,5,680713
19689,5,680714
19690,5,680715
19691,5,680716
19692,5,680717
19693,5,680718
19694,5,680719
19695,5,680720
19696,27,682328
19697,27,682329
19698,28,682328
19699,28,682329
19721,36,682767
19722,36,682768
19723,36,682769
19724,36,682770
19725,36,682771
19726,36,682772
19727,36,682773
19728,36,682774
19729,36,682775
19730,36,682776
19731,36,682777
19732,36,682778
19733,36,682779
19734,36,682780
19735,36,682781
19736,36,682782
19737,36,682783
19738,36,682784
19739,36,682785
19740,36,682786
19741,36,682787
19763,36,682788
19764,36,682789
19765,36,682790
19766,36,682791
19767,36,682792
19768,36,682793
19769,36,682794
19770,36,682795
19771,36,682796
19772,36,682797
19773,36,682798
19774,36,682799
19775,36,682800
19776,36,682801
19777,36,682802
19778,36,682803
19779,36,682804
19780,36,682805
19781,36,682806
19782,36,682807
19783,36,682808
19790,1,670904
19791,13,670887
19792,2,670903
19793,1,670906
19794,13,670888
19795,2,670905
19808,1,670896
19809,13,670883
19810,2,670895
19811,1,670898
19812,13,670884
19813,2,670897
19814,1,670900
19815,13,670885
19816,2,670899
19817,1,670902
19818,13,670886
19819,2,670901
19836,1,671030
19837,14,671023
19838,13,671017
19839,2,671029
19840,1,671032
19841,14,671024
19842,13,671018
19843,2,671031
19860,1,671034
19861,14,671025
19862,13,671019
19863,2,671033
19864,1,671036
19865,14,671026
19866,13,671020
19867,2,671035
19868,1,671038
19869,14,671027
19870,13,671021
19871,2,671037
19872,1,671040
19873,14,671028
19874,13,671022
19875,2,671039
19918,5,670841
19919,5,670842
19920,5,670843
19921,5,670844
19922,5,670845
19923,5,670846
19924,5,670847
19925,5,670848
19926,5,670849
19927,5,670850
19928,5,670851
19929,5,670852
19930,5,670853
19931,5,670854
19932,5,670855
19933,5,670856
19934,5,670857
19935,5,670858
19936,5,670859
19937,5,670860
19938,5,670861
19939,5,670862
19940,5,670863
19941,5,670864
19942,5,670865
19943,5,670866
19944,5,670867
19945,5,670868
19946,5,670869
19947,5,670870
19948,5,670871
19949,5,670872
19950,5,670873
19951,5,670874
19952,5,670875
19953,5,670876
19954,5,670877
19955,5,670878
19956,5,670879
19957,5,670880
19958,5,670881
19959,5,670882
20150,5,670928
20151,5,670929
20152,5,670930
20153,5,670931
20154,5,670932
20155,5,670933
20156,5,670934
20157,5,670935
20158,5,670936
20159,5,670937
20160,5,670938
20161,5,670939
20162,5,670940
20163,5,670941
20164,5,670942
20165,5,670943
20166,5,670944
20167,5,670945
20168,5,670946
20169,5,670947
20170,5,670948
20171,5,670949
20172,5,670950
20173,5,670951
20174,5,670952
20175,5,670953
20176,5,670954
20177,5,670955
20178,5,670956
20179,5,670957
20180,5,670958
20181,5,670959
20182,5,670960
20183,5,670961
20184,5,670962
20185,5,670963
20186,5,670964
20187,5,670965
20188,5,670966
20189,5,670967
20190,5,670968
20191,5,670969
20192,5,670970
20193,5,670971
20194,5,670972
20195,5,670973
20196,5,670974
20197,5,670975
20198,5,670976
20199,5,670977
20200,5,670978
20201,5,670979
20202,5,670980
20203,5,670981
20204,5,670982
20205,5,670983
20206,5,670984
20207,5,670985
20208,5,670986
20209,5,682809
20210,5,682810
20211,5,682811
20212,5,682812
20213,5,682813
20214,5,682814
20215,5,670987
20216,5,670988
20217,5,670989
20218,5,670990
20219,5,670991
20220,5,670992
20221,5,670993
20222,5,670994
20223,5,670995
20224,5,670996
20225,5,670997
20226,5,670998
20227,5,670999
20228,5,671000
20229,5,671001
20230,5,671002
20231,5,671003
20232,5,671004
20233,5,671005
20234,5,671006
20235,5,671007
20236,5,671008
20237,5,671009
20238,5,671010
20239,5,671011
20240,5,671012
20241,5,671013
20242,5,671014
20243,5,671015
20244,5,671016
20245,5,682977
20263,25,671466
20264,25,671467
20265,25,671468
20266,25,671469
20267,25,671470
20268,25,671471
20269,25,671472
20270,25,671473
20271,25,671474
20272,25,671475
20273,25,671476
20274,25,671477
20275,25,683020
20276,25,683021
20277,25,683022
20292,25,669805
20293,25,669806
20294,25,669807
20295,25,669808
20296,25,669809
20297,25,669810
20298,25,669811
20299,25,669812
20300,25,669813
20301,25,669814
20302,25,669815
20303,25,669816
20304,25,683177
20305,25,683178
20306,25,683179
20307,25,683180
20308,25,683181
20309,25,683182
20324,10,669402
20325,10,669403
20326,10,669404
20327,10,669405
20328,10,669406
20329,10,669407
20330,10,669408
20331,10,669409
20332,10,669410
20333,10,669411
20334,10,669412
20335,10,669414
20336,10,669415
20337,10,669416
20353,10,669348
20354,10,669349
20355,10,669350
20356,10,669351
20357,10,669352
20358,10,669353
20359,10,669354
20360,10,669355
20361,10,669356
20362,10,669357
20363,10,669359
20364,10,669358
20365,10,669360
20366,10,669361
20367,10,669362
20377,1,669399
20378,13,669393
20379,14,669396
20380,1,669400
20381,13,669394
20382,14,669397
20383,1,669401
20384,13,669395
20385,14,669398
20413,1,669345
20414,13,669339
20415,2,669306
20416,1,669346
20417,13,669340
20418,2,669307
20419,1,669347
20420,13,669341
20421,2,669308
20452,4,669363
20453,4,669364
20454,4,669365
20455,4,669366
20456,4,669367
20457,4,669368
20458,4,669369
20459,4,669370
20460,4,669371
20461,4,669372
20462,4,669373
20463,4,669374
20464,4,669375
20465,4,669376
20466,4,669377
20467,4,669378
20468,4,669379
20469,4,669380
20470,4,669381
20471,4,669382
20472,4,669383
20473,4,669384
20474,4,669385
20475,4,669386
20476,4,669387
20477,4,669388
20478,4,669389
20479,4,669390
20480,4,669391
20481,4,669392
20512,4,669309
20513,4,669310
20514,4,669311
20515,4,669312
20516,4,669313
20517,4,669314
20518,4,669315
20519,4,669316
20520,4,669317
20521,4,669318
20522,4,669319
20523,4,669320
20524,4,669321
20525,4,669322
20526,4,669323
20527,4,669324
20528,4,669325
20529,4,669326
20530,4,669327
20531,4,669328
20532,4,669329
20533,4,669330
20534,4,669331
20535,4,669332
20536,4,669333
20537,4,669334
20538,4,669335
20539,4,669336
20540,4,669337
20541,4,669338
20553,36,683206
20554,36,683209
20555,36,683210
20556,36,683211
20557,36,683212
20558,36,683213
20559,36,683214
20560,36,683215
20561,36,683217
20564,36,683207
20565,36,683208
20577,36,683218
20578,36,683219
20579,36,683220
20580,36,683221
20581,36,683222
20582,36,683223
20583,36,683224
20584,36,683225
20585,36,683226
20586,36,683227
20587,36,683229
20588,26,128326
20594,31,683270
20595,31,683271
20596,31,683272
20597,31,683269
20598,31,683268
20624,2,683235
20625,2,683236
20626,2,683237
20627,2,683238
20628,2,683239
20634,2,683230
20635,2,683231
20636,2,683232
20637,2,683233
20638,2,683234
20658,10,683036
20659,10,683037
20660,10,683038
20661,10,683039
20662,10,683040
20663,10,683041
20664,10,683042
20665,10,683043
20666,10,683044
20667,10,683045
20668,10,683046
20669,10,683047
20670,10,683048
20671,10,683049
20672,10,683050
20673,10,683051
20674,10,683052
20675,10,683053
20684,17,683192
20685,17,683193
20686,17,683194
20687,17,683195
20688,17,683196
20696,10,683621
20697,10,671252
20698,10,671253
20699,10,671254
20808,7,683632
20809,7,683633
20810,7,683634
20811,7,683635
20812,7,683636
20813,7,683637
20814,7,683638
20815,7,683639
20816,7,683640
20817,7,683641
20818,7,683642
20819,7,683643
20820,7,683644
20821,7,683645
20822,7,683646
20823,7,683647
20824,7,683648
20825,7,683649
20826,7,683650
20827,7,683651
20828,7,683652
20829,7,683653
20830,7,683654
20831,7,683655
20832,7,683656
20833,7,683657
20834,7,683658
20835,7,683659
20836,7,683660
20837,7,683661
20838,7,683662
20839,7,683663
20840,7,683664
20841,7,683665
20842,7,683666
20843,7,683667
20844,7,683668
20845,7,683669
20846,7,683670
20847,7,683671
20848,7,683672
20849,7,683673
20850,7,683674
20851,7,683675
20852,7,683676
20853,7,683677
20854,7,683678
20855,7,683679
20856,7,683680
20857,7,683681
20858,7,683682
20859,7,683684
20860,7,683685
20861,7,683686
20862,7,683687
20863,7,683688
20864,7,683689
20865,7,683690
20866,7,683691
20867,7,683692
20868,7,683693
20869,7,683694
20870,7,683695
20871,7,683696
20872,7,683697
20873,7,683698
20874,7,683699
20875,7,683700
20876,7,683701
20877,7,683702
20878,7,683703
20879,7,683704
20880,7,683705
20881,7,683706
20882,7,683707
20883,7,683708
20884,7,683709
20885,7,683710
20886,7,683711
20887,7,683712
20888,7,683713
20889,7,683714
20890,7,683715
20891,7,683716
20892,7,683717
20893,7,683718
20894,7,683719
20895,7,683720
20896,7,683721
20897,7,683722
20898,7,683723
20899,7,683724
20900,7,683725
20901,7,683726
20902,7,683727
20903,7,683728
20904,7,683729
20905,7,683730
20906,7,683731
20907,7,683732
20908,7,683733
20909,7,683734
20910,7,683735
20911,7,683736
20912,7,683737
20913,7,683738
20914,7,683739
20915,7,683740
21024,17,683632
21025,17,683633
21026,17,683634
21027,17,683635
21028,17,683636
21029,17,683637
21030,17,683638
21031,17,683639
21032,17,683640
21033,17,683641
21034,17,683642
21035,17,683643
21036,17,683644
21037,17,683645
21038,17,683646
21039,17,683647
21040,17,683648
21041,17,683649
21042,17,683650
21043,17,683651
21044,17,683652
21045,17,683653
21046,17,683654
21047,17,683655
21048,17,683656
21049,17,683657
21050,17,683658
21051,17,683659
21052,17,683660
21053,17,683661
21054,17,683662
21055,17,683663
21056,17,683664
21057,17,683665
21058,17,683666
21059,17,683667
21060,17,683668
21061,17,683669
21062,17,683670
21063,17,683671
21064,17,683672
21065,17,683673
21066,17,683674
21067,17,683675
21068,17,683676
21069,17,683677
21070,17,683678
21071,17,683679
21072,17,683680
21073,17,683681
21074,17,683682
21075,17,683684
21076,17,683685
21077,17,683686
21078,17,683687
21079,17,683688
21080,17,683689
21081,17,683690
21082,17,683691
21083,17,683692
21084,17,683693
21085,17,683694
21086,17,683695
21087,17,683696
21088,17,683697
21089,17,683698
21090,17,683699
21091,17,683700
21092,17,683701
21093,17,683702
21094,17,683703
21095,17,683704
21096,17,683705
21097,17,683706
21098,17,683707
21099,17,683708
21100,17,683709
21101,17,683710
21102,17,683711
21103,17,683712
21104,17,683713
21105,17,683714
21106,17,683715
21107,17,683716
21108,17,683717
21109,17,683718
21110,17,683719
21111,17,683720
21112,17,683721
21113,17,683722
21114,17,683723
21115,17,683724
21116,17,683725
21117,17,683726
21118,17,683727
21119,17,683728
21120,17,683729
21121,17,683730
21122,17,683731
21123,17,683732
21124,17,683733
21125,17,683734
21126,17,683735
21127,17,683736
21128,17,683737
21129,17,683738
21130,17,683739
21131,17,683740
21141,1,671243
21142,13,671249
21143,14,671246
21144,1,671244
21145,13,671250
21146,14,671247
21147,1,671245
21148,13,671251
21149,14,671248
21156,1,671237
21157,13,671228
21158,1,671238
21159,13,671229
21160,1,671239
21161,13,671230
21216,5,671306
21217,5,671307
21218,5,671308
21219,5,671303
21220,5,671304
21221,5,671305
21222,5,671300
21223,5,671301
21224,5,671302
21225,5,671297
21226,5,671298
21227,5,671299
21228,5,671294
21229,5,671295
21230,5,671296
21231,5,671291
21232,5,671292
21233,5,671293
21234,5,671288
21235,5,671289
21236,5,671290
21237,5,671285
21238,5,671286
21239,5,671287
21240,5,671282
21241,5,671283
21242,5,671284
21243,5,671279
21244,5,671280
21245,5,671281
21246,5,671276
21247,5,671277
21248,5,671278
21249,5,671273
21250,5,671274
21251,5,671275
21252,5,671270
21253,5,671271
21254,5,671272
21255,5,671267
21256,5,671268
21257,5,671269
21258,5,671264
21259,5,671265
21260,5,671266
21261,5,671261
21262,5,671262
21263,5,671263
21264,5,671258
21265,5,671259
21266,5,671260
21267,5,671255
21268,5,671256
21269,5,671257
21324,5,671159
21325,5,671160
21326,5,671161
21327,5,671162
21328,5,671163
21329,5,671164
21330,5,671165
21331,5,671166
21332,5,671167
21333,5,671168
21334,5,671169
21335,5,671170
21336,5,671171
21337,5,671172
21338,5,671173
21339,5,671174
21340,5,671175
21341,5,671176
21342,5,671177
21343,5,671178
21344,5,671179
21345,5,671180
21346,5,671181
21347,5,671182
21348,5,671183
21349,5,671184
21350,5,671185
21351,5,671186
21352,5,671187
21353,5,671188
21354,5,671189
21355,5,671190
21356,5,671191
21357,5,671192
21358,5,671193
21359,5,671194
21360,5,671195
21361,5,671196
21362,5,671197
21363,5,671198
21364,5,671199
21365,5,671200
21366,5,671201
21367,5,671202
21368,5,671203
21369,5,671204
21370,5,671205
21371,5,671206
21372,5,671207
21373,5,671208
21374,5,671209
21375,5,671210
21376,5,671211
21377,5,671212
21486,17,683744
21487,17,683745
21488,17,683751
21489,17,683752
21490,17,683773
21491,17,683750
21492,17,683748
21493,17,805508
21494,17,805509
21495,17,683747
21496,17,683753
21497,17,683754
21498,17,683755
21499,17,683756
21500,17,683757
21501,17,683758
21502,17,683759
21503,17,683760
21504,17,683761
21505,17,805510
21506,17,805511
21507,17,683774
21508,17,683781
21509,17,683776
21510,17,683779
21511,17,683784
21512,17,683769
21513,17,683767
21514,17,683789
21515,17,683783
21516,17,683780
21517,17,805512
21518,17,805513
21519,17,683777
21520,17,683766
21521,17,683785
21522,17,683795
21523,17,683763
21524,17,683786
21525,17,683778
21526,17,683771
21527,17,683764
21528,17,683765
21529,17,805491
21530,17,805492
21531,17,683775
21532,17,683787
21533,17,683790
21534,17,683791
21535,17,683792
21536,17,683793
21537,17,683794
21538,17,683796
21539,17,683797
21540,17,683798
21541,17,805493
21542,17,805494
21543,17,683801
21544,17,683802
21545,17,683803
21546,17,683804
21547,17,683805
21548,17,683806
21549,17,683807
21550,17,683808
21551,17,683809
21552,17,683810
21553,17,805495
21554,17,805496
21555,17,683813
21556,17,683814
21557,17,683815
21558,17,683816
21559,17,683817
21560,17,683818
21561,17,683819
21562,17,683820
21563,17,683821
21564,17,683822
21565,17,805497
21566,17,805498
21567,17,683825
21568,17,683826
21569,17,683827
21570,17,683828
21571,17,683829
21572,17,683830
21573,17,683831
21574,17,683832
21575,17,683833
21576,17,683834
21577,17,805499
21578,17,805500
21579,17,683837
21580,17,683838
21581,17,683839
21582,17,683840
21583,17,683841
21584,17,683842
21585,17,683843
21586,17,683844
21587,17,683845
21588,17,683846
21589,17,805487
21590,17,805488
21591,17,683849
21592,17,683850
21593,17,683851
21803,11,174180
21804,11,174181
21805,11,174182
21806,11,683856
21807,11,671234
21808,11,671235
21809,11,671236
21915,12,683857
21916,12,671240
21917,12,671241
21918,12,671242
21929,25,671740
21930,25,671741
21931,25,671742
21932,25,671743
21933,25,671744
21934,25,671745
21935,25,671746
21936,25,671747
21937,25,671748
21938,25,671749
21948,1,672751
21949,13,672745
21950,14,672748
21951,1,672753
21952,13,672746
21953,14,672749
21954,1,672754
21955,13,672750
21956,14,672752
21959,2,671751
21960,2,671752
21962,2,671753
22026,5,672686
22027,5,672687
22028,5,672688
22029,5,672689
22030,5,672690
22031,5,672691
22032,5,672692
22033,5,672693
22034,5,672694
22035,5,672695
22036,5,672696
22037,5,672697
22038,5,672698
22039,5,672701
22040,5,672699
22041,5,672700
22042,5,672703
22043,5,672702
22044,5,672704
22045,5,672706
22046,5,672705
22047,5,672708
22048,5,672707
22049,5,672709
22050,5,672710
22051,5,672711
22052,5,672712
22053,5,672713
22054,5,672714
22055,5,672715
22056,5,672716
22057,5,672717
22058,5,672718
22059,5,672719
22060,5,672720
22061,5,672721
22062,5,672722
22063,5,672723
22064,5,672724
22065,5,672725
22066,5,672726
22067,5,672727
22068,5,672755
22069,5,672756
22070,5,672757
22071,5,672728
22072,5,672729
22073,5,672730
22074,5,672731
22075,5,672732
22076,5,672733
22077,5,672734
22078,5,672735
22079,5,672736
22080,5,672737
22081,5,672738
22082,5,672739
22083,5,672741
22084,5,672740
22085,5,672744
22086,5,672742
22087,5,672743
22088,5,672747
22101,1,672678
22102,13,672672
22103,14,672675
22104,2,671757
22105,1,672679
22106,13,672673
22107,14,672676
22108,2,671758
22109,1,672680
22110,13,672674
22111,14,672677
22112,2,671759
22173,5,672612
22174,5,672613
22175,5,672614
22176,5,672615
22177,5,672616
22178,5,672617
22179,5,672618
22180,5,672619
22181,5,672620
22182,5,672621
22183,5,672622
22184,5,672623
22185,5,672624
22186,5,672625
22187,5,672626
22188,5,672627
22189,5,672628
22190,5,672629
22191,5,672630
22192,5,672631
22193,5,672632
22194,5,672633
22195,5,672634
22196,5,672635
22197,5,672636
22198,5,672637
22199,5,672638
22200,5,672639
22201,5,672640
22202,5,672641
22203,5,672642
22204,5,672643
22205,5,672644
22206,5,672645
22207,5,672646
22208,5,672647
22209,5,672648
22210,5,672649
22211,5,672650
22212,5,672651
22213,5,672652
22214,5,672653
22215,5,672654
22216,5,672655
22217,5,672656
22218,5,672657
22219,5,672658
22220,5,672659
22221,5,672660
22222,5,672661
22223,5,672662
22224,5,672663
22225,5,672664
22226,5,672665
22227,5,672666
22228,5,672667
22229,5,672668
22230,5,672669
22231,5,672670
22232,5,672671
22241,10,271565
22242,10,671754
22243,10,671755
22244,10,671756
22245,10,679220
22246,10,679221
22247,10,679222
22248,10,679223
22265,25,670702
22266,25,670703
22267,25,670704
22268,25,670705
22269,25,670706
22270,25,670707
22271,25,670708
22272,25,670709
22273,25,670710
22274,25,670711
22275,25,670712
22276,25,670713
22277,25,670714
22278,25,670715
22279,25,670716
22280,25,670717
22282,27,683741
22284,27,683742
22288,10,670718
22289,10,670719
22290,10,670720
22370,19,148290
22371,19,148291
22372,19,148292
22373,19,148293
22374,19,148294
22375,19,148295
22376,19,148296
22377,19,148297
22378,19,148298
22379,19,148299
22380,19,148300
22381,19,148301
22382,19,148302
22383,19,272030
22384,19,148303
22385,19,148304
22386,19,148305
22387,19,148306
22388,19,148307
22389,19,148308
22390,19,148309
22391,19,148310
22392,19,148311
22393,19,148312
22394,19,148313
22395,19,148314
22396,19,148315
22397,19,148316
22398,19,148317
22399,19,148318
22400,19,148319
22401,19,148320
22402,19,148321
22403,19,148322
22404,19,148323
22405,19,148324
22406,19,148325
22407,19,148326
22408,19,148327
22409,19,148328
22410,19,148329
22411,19,148330
22412,19,148331
22413,19,148332
22414,19,148333
22415,19,148334
22416,19,148335
22417,19,148336
22418,19,148337
22419,19,148338
22420,19,148339
22421,19,148340
22422,19,148341
22423,19,148342
22424,19,148343
22425,19,148344
22426,19,148345
22427,19,148346
22428,19,148347
22429,19,148348
22430,19,148349
22431,19,148350
22432,19,148351
22433,19,148352
22434,19,148353
22435,19,148354
22436,19,148355
22437,19,148356
22438,19,148357
22439,19,148358
22440,19,148359
22441,19,148360
22442,19,148361
22443,19,148362
22444,19,148363
22445,19,148364
22446,19,148365
22447,19,148366
22448,19,148367
22467,19,684066
22468,19,684067
22469,19,684068
22470,19,684069
22471,19,684070
22472,19,684071
22473,19,684072
22474,19,684073
22475,19,684074
22476,19,684075
22477,19,684077
22478,19,684078
22479,19,684079
22480,19,684080
22481,19,684081
22482,19,684082
22483,19,684083
22484,19,684084
22503,16,684048
22504,16,684049
22505,16,684050
22506,16,684051
22507,16,684052
22508,16,684053
22509,16,684054
22510,16,684055
22511,16,684056
22512,16,684057
22513,16,684058
22514,16,684059
22515,16,684060
22516,16,684061
22517,16,684062
22518,16,684063
22519,16,684064
22520,16,684065
22539,19,684030
22540,19,684031
22541,19,684032
22542,19,684033
22543,19,684034
22544,19,684035
22545,19,684036
22546,19,684037
22547,19,684038
22548,19,684039
22549,19,684040
22550,19,684041
22551,19,684042
22552,19,684043
22553,19,684044
22554,19,684045
22555,19,684046
22556,19,684047
22575,16,684013
22576,16,684014
22577,16,684012
22578,16,684015
22579,16,684016
22580,16,684017
22581,16,684018
22582,16,684019
22583,16,684020
22584,16,684021
22585,16,684022
22586,16,684023
22587,16,684024
22588,16,684025
22589,16,684026
22590,16,684027
22591,16,684028
22592,16,684029
22596,1,684109
22597,1,684110
22598,1,684111
22631,5,670778
22632,5,670779
22633,5,670780
22634,5,670781
22635,5,670782
22636,5,670783
22637,5,684112
22638,5,684113
22639,5,684114
22640,5,670784
22641,5,670785
22642,5,670786
22643,5,670787
22644,5,670788
22645,5,670789
22646,5,670790
22647,5,670791
22648,5,684116
22652,1,670669
22653,1,670670
22654,1,670671
22670,5,670649
22671,5,670650
22672,5,670651
22673,5,670652
22674,5,670653
22675,5,670654
22676,5,670655
22677,5,670656
22678,5,670657
22679,5,670658
22680,5,670659
22681,5,670660
22682,5,670661
22683,5,670662
22684,5,670663
22766,12,670721
22767,12,670722
22768,12,670723
22769,12,670724
22770,12,670725
22771,12,670726
22772,12,670727
22773,12,670728
22774,12,670729
22775,12,684141
22776,12,684142
22777,12,684143
22778,12,670730
22779,12,670731
22780,12,670732
22781,12,670736
22782,12,670737
22783,12,670738
22784,12,670739
22785,12,670740
22786,12,670741
22820,11,670672
22821,11,670673
22822,11,670674
22823,11,670675
22824,11,670676
22825,11,670677
22826,11,670678
22827,11,670679
22828,11,670680
22829,11,670681
22830,11,670682
22831,11,670683
22832,11,670684
22833,11,670685
22834,11,670686
22835,11,684146
22836,11,684145
22837,11,684144
22838,11,670687
22839,11,670688
22840,11,670689
22841,11,670690
22842,11,670691
22843,11,670692
22844,11,670693
22845,11,670694
22846,11,670695
22847,11,670696
22848,11,670697
22849,11,670698
22850,11,670699
22851,11,670700
22852,11,670701
22855,38,682328
22856,38,682329
22873,38,683019
22874,38,683077
22875,38,683078
22876,38,683079
22877,38,683080
22878,38,683081
22879,38,683082
22880,38,683083
22881,38,683084
22882,38,683085
22883,38,683086
22884,38,683087
22885,38,683092
22886,38,683093
22887,38,683094
22888,38,683095
22905,38,683018
22906,38,683066
22907,38,683067
22908,38,683068
22909,38,683069
22910,38,683070
22911,38,683071
22912,38,683072
22913,38,683073
22914,38,683074
22915,38,683075
22916,38,683076
22917,38,683088
22918,38,683089
22919,38,683090
22920,38,683091
22940,10,105691
22941,10,105692
22942,10,105693
22943,10,105694
22944,10,105695
22945,10,105696
22946,10,105697
22947,10,105698
22948,10,105699
22949,10,105700
22950,10,105701
22951,10,105702
22952,10,667495
22953,10,667496
22954,10,667497
22955,10,667498
22956,10,667499
22957,10,667500
22958,10,667501
22978,10,666497
22979,10,666498
22980,10,666499
22981,10,666500
22982,10,666501
22983,10,666502
22984,10,666503
22985,10,666504
22986,10,666505
22987,10,666506
22988,10,666507
22989,10,666508
22990,10,666509
22991,10,666510
22992,10,666511
22993,10,666512
22994,10,666513
22995,10,666514
22996,10,666515
23081,11,667502
23082,11,667503
23083,11,667504
23084,11,667505
23085,11,667506
23086,11,667507
23087,11,667508
23088,11,667509
23089,11,667510
23090,11,667511
23091,11,667512
23092,11,667513
23093,11,667514
23094,11,667515
23095,11,667516
23096,11,667517
23097,11,667518
23098,11,667519
23099,11,667520
23100,11,667521
23101,11,667522
23102,11,667523
23103,11,667524
23104,11,667525
23105,11,667526
23106,11,667527
23107,11,667528
23108,11,667529
23109,11,667530
23110,11,667531
23111,11,667544
23112,11,667545
23113,11,667546
23114,11,667547
23115,11,667548
23116,11,667549
23117,11,667532
23118,11,667533
23119,11,667534
23120,11,667535
23121,11,667536
23122,11,667537
23123,11,667538
23124,11,667539
23125,11,667540
23126,11,667541
23127,11,667542
23128,11,667543
23225,11,666516
23226,11,666517
23227,11,666518
23228,11,666519
23229,11,666520
23230,11,666521
23240,1,666494
23241,13,666488
23242,14,666491
23243,1,666495
23244,13,666489
23245,14,666492
23246,1,666496
23247,13,666490
23248,14,666493
23270,5,666467
23271,5,666468
23272,5,666469
23273,5,666470
23274,5,666471
23275,5,666472
23276,5,666473
23277,5,666474
23278,5,666475
23279,5,666476
23280,5,666477
23281,5,666478
23282,5,666479
23283,5,666480
23284,5,666481
23285,5,666482
23286,5,666483
23287,5,666484
23288,5,666485
23289,5,666486
23290,5,666487
23297,1,669841
23298,13,667490
23299,1,667493
23300,13,667491
23301,1,667494
23302,13,667492
23324,5,667469
23325,5,667470
23326,5,667471
23327,5,667472
23328,5,667473
23329,5,667474
23330,5,667475
23331,5,667476
23332,5,667477
23333,5,667478
23334,5,667479
23335,5,667480
23336,5,667481
23337,5,667482
23338,5,667483
23339,5,667484
23340,5,667485
23341,5,667486
23342,5,667487
23343,5,667488
23344,5,667489
23350,38,684163
23351,38,684164
23352,38,684165
23353,38,684166
23354,38,684167
23355,10,653223
23412,11,684423
23413,11,684424
23414,11,684425
23415,11,684426
23416,11,684427
23417,11,684428
23418,11,684429
23461,8,684446
23462,8,684445
23463,8,684447
23464,8,684444
23465,8,684448
23466,8,684449
23467,8,684450
23471,2,561811
23472,2,561812
23473,2,561813
23475,38,680669
23477,38,680608
23496,10,666441
23497,10,666442
23498,10,666443
23499,10,666444
23500,10,666445
23501,10,666446
23502,10,666447
23503,10,666448
23504,10,666449
23505,10,666450
23506,10,666452
23507,10,666453
23508,10,666454
23509,10,666455
23510,10,666456
23511,10,666457
23512,10,666458
23513,10,666459
23515,10,666451
23535,10,666347
23536,10,666348
23537,10,666349
23538,10,666350
23539,10,666351
23540,10,666352
23541,10,666353
23542,10,666354
23543,10,666355
23544,10,666356
23545,10,666357
23546,10,666358
23547,10,666359
23548,10,666360
23549,10,666361
23550,10,666362
23551,10,666363
23552,10,666364
23553,10,666365
23562,38,684465
23563,38,684488
23564,38,684489
23565,38,684490
23566,38,684491
23567,38,684492
23568,38,684493
23569,38,684494
23578,38,684464
23579,38,684481
23580,38,684482
23581,38,684483
23582,38,684484
23583,38,684485
23584,38,684486
23585,38,684487
23598,1,666344
23599,13,666338
23600,14,666341
23601,1,666345
23602,13,666339
23603,14,666342
23604,1,666346
23605,13,666340
23606,14,666343
23613,1,666438
23614,13,666435
23615,1,666439
23616,13,666436
23617,1,666440
23618,13,666437
23649,1,666308
23650,1,666309
23651,1,666310
23652,1,666311
23653,1,666312
23654,1,666313
23655,1,666314
23656,1,666315
23657,1,666316
23658,1,666317
23659,1,666318
23660,1,666319
23661,1,666320
23662,1,666321
23663,1,666322
23664,1,666323
23665,1,666324
23666,1,666325
23667,1,666326
23668,1,666327
23669,1,666328
23670,1,666329
23671,1,666330
23672,1,666331
23673,1,666332
23674,1,666333
23675,1,666334
23676,1,666335
23677,1,666336
23678,1,666337
23709,5,666308
23710,5,666309
23711,5,666310
23712,5,666311
23713,5,666312
23714,5,666313
23715,5,666314
23716,5,666315
23717,5,666316
23718,5,666317
23719,5,666318
23720,5,666319
23721,5,666320
23722,5,666321
23723,5,666322
23724,5,666323
23725,5,666324
23726,5,666325
23727,5,666326
23728,5,666327
23729,5,666328
23730,5,666329
23731,5,666330
23732,5,666331
23733,5,666332
23734,5,666333
23735,5,666334
23736,5,666335
23737,5,666336
23738,5,666337
23769,5,666405
23770,5,666406
23771,5,666407
23772,5,666408
23773,5,666409
23774,5,666410
23775,5,666411
23776,5,666412
23777,5,666413
23778,5,666414
23779,5,666415
23780,5,666416
23781,5,666417
23782,5,666418
23783,5,666419
23784,5,666420
23785,5,666421
23786,5,666422
23787,5,666423
23788,5,666424
23789,5,666425
23790,5,666426
23791,5,666427
23792,5,666428
23793,5,666429
23794,5,666430
23795,5,666431
23796,5,666432
23797,5,666433
23798,5,666434
23979,4,653594
23980,4,653595
23981,4,653596
23982,4,653597
23983,4,653598
23984,4,653599
23985,4,653600
23986,4,653601
23987,4,653602
23988,4,653603
23989,4,653604
23990,4,653605
23991,4,666248
23992,4,666249
23993,4,666250
23994,4,666251
23995,4,666252
23996,4,666253
23997,4,653607
23998,4,653608
23999,4,653609
24000,4,653610
24001,4,653611
24002,4,653612
24003,4,653613
24004,4,653614
24005,4,653615
24006,4,653616
24007,4,653617
24008,4,653618
24009,4,666254
24010,4,666255
24011,4,666256
24012,4,666257
24013,4,666258
24014,4,666259
24015,4,653620
24016,4,653621
24017,4,653622
24018,4,653623
24019,4,653624
24020,4,653625
24021,4,653626
24022,4,653627
24023,4,653628
24024,4,653629
24025,4,653630
24026,4,653631
24027,4,666260
24028,4,666261
24029,4,666262
24030,4,666263
24031,4,666264
24032,4,666265
24033,4,653633
24034,4,653634
24035,4,653635
24036,4,653636
24037,4,653637
24038,4,653638
24039,4,653639
24040,4,653640
24041,4,653641
24042,4,653642
24043,4,653643
24044,4,653644
24045,4,666266
24046,4,666267
24047,4,666268
24048,4,666269
24049,4,666270
24050,4,666271
24051,4,653646
24052,4,653647
24053,4,653648
24054,4,653649
24055,4,653650
24056,4,653651
24057,4,653652
24058,4,653653
24059,4,653654
24060,4,653655
24061,4,653656
24062,4,653657
24063,4,666272
24064,4,666273
24065,4,666274
24066,4,666275
24067,4,666276
24068,4,666277
24069,4,653659
24070,4,653660
24071,4,653661
24072,4,653662
24073,4,653663
24074,4,653664
24075,4,653665
24076,4,653666
24077,4,653667
24078,4,653668
24079,4,653669
24080,4,653670
24081,4,666278
24082,4,666279
24083,4,666280
24084,4,666281
24085,4,666282
24086,4,666283
24087,4,653672
24088,4,653673
24089,4,653674
24090,4,653675
24091,4,653676
24092,4,653677
24093,4,653678
24094,4,653679
24095,4,653680
24096,4,653681
24097,4,653682
24098,4,653683
24099,4,666284
24100,4,666285
24101,4,666286
24102,4,666287
24103,4,666288
24104,4,666289
24105,4,653685
24106,4,653686
24107,4,653687
24108,4,653688
24109,4,653689
24110,4,653690
24111,4,653691
24112,4,653692
24113,4,653693
24114,4,653694
24115,4,653695
24116,4,653696
24117,4,666290
24118,4,666291
24119,4,666292
24120,4,666293
24121,4,666294
24122,4,666295
24123,4,653698
24124,4,653699
24125,4,653700
24126,4,653701
24127,4,653702
24128,4,653703
24129,4,653704
24130,4,653705
24131,4,653706
24132,4,653707
24133,4,653708
24134,4,653709
24135,4,666296
24136,4,666297
24137,4,666298
24138,4,666299
24139,4,666300
24140,4,666301
24141,4,653711
24142,4,653712
24143,4,653713
24144,4,653714
24145,4,653715
24146,4,653716
24147,4,653717
24148,4,653718
24149,4,653719
24150,4,653720
24151,4,653721
24152,4,653722
24153,4,666302
24154,4,666303
24155,4,666304
24156,4,666305
24157,4,666306
24158,4,666307
24539,11,666366
24540,11,666367
24541,11,666368
24542,11,666369
24543,11,666370
24544,11,666371
24545,11,666372
24546,11,666373
24547,11,666374
24548,11,666375
24549,11,666376
24550,11,666377
24551,11,666378
24552,11,666379
24553,11,666380
24554,11,666381
24555,11,666382
24556,11,666383
24557,11,666384
24558,11,666385
24559,11,666386
24560,11,666387
24561,11,666388
24562,11,666389
24563,11,666390
24564,11,666391
24565,11,666392
24566,11,666393
24567,11,666394
24568,11,666395
24569,11,666396
24570,11,666397
24571,11,666398
24572,11,666399
24573,11,666400
24574,11,666401
24575,11,666402
24576,11,666403
24600,25,670405
24601,25,670406
24602,25,670407
24603,25,670408
24604,25,670409
24605,25,670410
24606,25,670411
24607,25,670412
24608,25,670413
24609,25,670414
24610,25,670415
24611,25,670416
24612,25,670417
24613,25,670418
24614,25,670419
24615,25,670420
24616,25,670421
24617,25,670422
24618,25,670423
24619,25,670424
24620,25,670425
24621,25,670426
24622,25,670427
24626,10,672892
24627,10,672893
24628,10,672894
24635,1,672292
24636,13,672286
24637,1,672293
24638,13,672287
24639,1,672294
24640,13,672288
24668,5,672115
24669,5,672116
24670,5,672117
24671,5,672118
24672,5,672119
24673,5,672120
24674,5,672121
24675,5,672122
24676,5,672123
24677,5,672124
24678,5,672125
24679,5,672126
24680,5,672127
24681,5,672128
24682,5,672129
24683,5,672130
24684,5,672131
24685,5,672132
24686,5,672133
24687,5,672134
24688,5,672135
24689,5,672136
24690,5,672137
24691,5,672138
24692,5,672139
24693,5,672140
24694,5,672141
24704,1,672438
24705,13,672432
24706,14,672435
24707,1,672439
24708,13,672433
24709,14,672436
24710,1,672440
24711,13,672434
24712,14,672437
24740,5,672377
24741,5,672378
24742,5,672379
24743,5,672380
24744,5,672381
24745,5,672382
24746,5,672383
24747,5,672384
24748,5,672385
24749,5,672386
24750,5,672387
24751,5,672388
24752,5,672389
24753,5,672390
24754,5,672391
24755,5,672392
24756,5,672393
24757,5,672394
24758,5,672395
24759,5,672396
24760,5,672397
24761,5,672398
24762,5,672399
24763,5,672400
24764,5,672401
24765,5,672402
24766,5,672403
24772,2,684636
24773,2,684637
24774,2,684638
24775,2,684639
24776,2,684640
24780,16,684641
24781,16,684642
24782,16,684643
24795,17,684644
24796,17,684645
24797,17,684646
24798,17,684647
24799,17,684648
24800,17,684649
24801,17,684650
24802,17,684651
24803,17,684652
24804,17,684653
24805,17,684654
24806,17,684655
24811,2,684656
24812,2,684657
24813,2,684658
24814,2,684659
24818,16,684660
24819,16,684661
24820,16,684662
24833,17,684663
24834,17,684664
24835,17,684665
24836,17,684666
24837,17,684667
24838,17,684668
24839,17,684669
24840,17,684670
24841,17,684671
24842,17,684672
24843,17,684673
24844,17,684674
24846,25,669780
24865,25,683940
24866,25,683941
24867,25,683942
24868,25,683943
24869,25,683944
24870,25,683945
24871,25,683946
24872,25,683947
24873,25,683948
24874,25,683949
24875,25,683950
24876,25,683951
24877,25,683952
24878,25,683953
24879,25,683954
24880,25,683955
24881,25,683956
24882,25,683957
24884,25,684864
24892,25,684134
24893,25,684135
24894,25,684136
24895,25,684137
24896,25,684138
24897,25,684139
24898,25,684140
24899,2,750321
24900,2,420729
24908,25,670397
24909,25,670398
24910,25,670399
24911,25,670400
24912,25,683931
24913,25,683932
24914,25,683933
24955,5,1083050
24956,5,1083051
24957,5,1083052
24958,5,1083053
24959,5,1083082
24960,5,1083083
24961,5,1083084
24962,5,1083085
24963,5,1083111
24964,5,1083112
24965,5,1083113
24966,5,1083114
24967,5,1083143
24968,5,1083144
24969,5,1083145
24970,5,1083146
24971,5,1083172
24972,5,1083173
24973,5,1083174
24974,5,1083175
24975,5,1083204
24976,5,1083205
24977,5,1083206
24978,5,1083207
24979,5,1083227
24980,5,1083228
24981,5,1083229
24982,5,1083230
24983,5,1083256
24984,5,1083257
24985,5,1083258
24986,5,1083259
24987,5,1083288
24988,5,1083289
24989,5,1083290
24990,5,1083291
24991,5,1083317
24992,5,1083318
24993,5,1083319
24994,5,1083320
25035,5,1082515
25036,5,1082516
25037,5,1082517
25038,5,1082518
25039,5,1082547
25040,5,1082548
25041,5,1082549
25042,5,1082550
25043,5,1082578
25044,5,1082579
25045,5,1082580
25046,5,1082581
25047,5,1082608
25048,5,1082609
25049,5,1082610
25050,5,1082611
25051,5,1082642
25052,5,1082643
25053,5,1082644
25054,5,1082645
25055,5,1082673
25056,5,1082674
25057,5,1082675
25058,5,1082676
25059,5,1082698
25060,5,1082699
25061,5,1082700
25062,5,1082701
25063,5,1082721
25064,5,1082722
25065,5,1082723
25066,5,1082724
25067,5,1082744
25068,5,1082745
25069,5,1082746
25070,5,1082747
25071,5,1082770
25072,5,1082771
25073,5,1082772
25074,5,1082773
25075,25,684838
25131,11,685133
25132,11,685134
25133,11,685135
25134,11,685109
25135,11,685110
25136,11,685111
25137,11,685112
25138,11,685113
25139,11,685114
25140,11,685115
25141,11,685116
25142,11,685117
25143,11,685118
25144,11,685119
25145,11,685120
25146,11,685121
25147,11,685122
25148,11,685123
25149,11,685127
25150,11,685128
25151,11,685129
25152,11,685130
25153,11,685131
25154,11,685132
25155,11,685136
25156,11,685137
25157,11,685138
25158,11,685139
25159,11,685140
25160,11,685141
25161,11,685142
25162,11,685143
25163,11,685144
25164,11,685145
25165,11,685146
25166,11,685147
25167,11,685148
25168,11,685149
25169,11,685150
25170,11,685151
25171,11,685152
25172,11,685153
25173,11,685154
25174,11,685155
25175,11,685156
25176,11,685157
25177,11,685158
25178,11,685159
25179,11,685160
25180,11,685161
25181,11,685162
25182,11,685163
25230,11,685178
25231,11,685179
25232,11,685180
25233,11,685181
25234,11,685182
25235,11,685183
25236,11,685184
25237,11,685185
25238,11,685186
25239,11,685187
25240,11,685188
25241,11,685189
25242,11,685190
25243,11,685191
25244,11,685192
25245,11,685193
25246,11,685194
25247,11,685195
25248,11,685196
25249,11,685197
25250,11,685198
25251,11,685199
25252,11,685200
25253,11,685201
25254,11,685164
25255,11,685165
25256,11,685166
25257,11,685167
25258,11,685168
25259,11,685169
25260,11,685170
25261,11,685171
25262,11,685172
25263,11,685173
25264,11,685174
25265,11,685175
25266,11,685176
25267,11,790139
25271,8,685202
25272,8,685203
25273,8,685204
25274,3,684639
25275,3,684640
25627,8,684682
25628,8,684683
25629,8,684684
25630,8,684685
25631,8,684686
25632,8,684687
25633,8,684688
25634,8,684689
25635,8,684690
25636,8,684691
25637,8,684692
25638,8,684693
25639,8,684694
25640,8,684695
25641,8,684696
25642,8,684697
25643,8,684698
25644,8,684699
25645,8,684700
25646,8,684701
25647,8,684702
25648,8,684703
25649,8,684704
25650,8,684705
25651,8,684706
25652,8,684707
25653,8,684708
25654,8,684709
25655,8,684710
25656,8,684711
25657,8,684712
25658,8,684713
25659,8,684714
25660,8,684715
25661,8,684716
25662,8,684717
25663,8,684718
25664,8,684719
25665,8,684720
25666,8,684721
25667,8,684722
25668,8,684723
25669,8,684724
25670,8,684725
25671,8,684726
25672,8,684727
25673,8,684728
25674,8,684729
25675,8,684730
25676,8,684731
25677,8,684732
25678,8,684733
25679,8,684734
25680,8,684735
25681,8,684736
25682,8,684737
25683,8,684738
25684,8,684739
25685,8,684740
25686,8,684741
25687,8,684742
25688,8,684743
25689,8,684744
25690,8,684745
25691,8,684746
25692,8,684747
25693,8,684748
25694,8,684749
25695,8,684750
25696,8,684751
25697,8,684752
25698,8,684753
25699,8,684754
25700,8,684755
25701,8,684756
25702,8,684757
25703,8,684758
25704,8,684759
25705,8,684760
25706,8,684761
25707,8,684762
25708,8,684763
25709,8,684764
25710,8,684765
25711,8,684766
25712,8,684767
25713,8,684768
25714,8,684769
25715,8,684770
25716,8,684771
25717,8,684772
25718,8,684773
25719,8,684774
25720,8,684775
25721,8,684776
25722,8,684777
25723,8,684778
25724,8,684779
25725,8,684780
25726,8,684781
25727,8,684782
25728,8,684783
25729,8,684784
25730,8,684785
25731,8,684786
25732,8,684787
25733,8,684788
25734,8,684789
25735,8,684790
25736,8,684791
25737,8,684792
25738,8,684793
25739,8,684794
25740,8,684795
25741,8,684796
25742,8,684797
25743,8,684798
25774,12,685363
25775,12,685364
25776,3,685442
25777,3,685443
25778,38,685806
25779,13,262424
25780,13,262413
25781,13,262415
25782,25,689709
26797,8,691240
26798,8,691241
26799,8,691242
26800,8,691243
26801,8,691244
26802,8,691245
26803,8,691246
26804,8,691247
26805,8,691248
26806,8,691249
26807,8,691250
26808,8,691251
26809,8,691252
26810,8,691253
26811,8,691254
26812,8,691255
26813,8,691256
26814,8,691257
26815,8,691258
26816,8,691259
26817,8,691260
26818,8,691261
26819,8,691262
26820,8,691263
26821,8,691264
26822,8,691265
26823,8,691266
26824,8,691267
26825,8,691268
26826,8,691269
26827,8,691270
26828,8,691271
26829,8,691272
26830,8,691273
26831,8,691274
26832,8,691275
26833,8,691276
26834,8,691277
26835,8,691278
26836,8,691279
26837,8,691280
26838,8,691281
26839,8,691282
26840,8,691283
26841,8,691284
26842,8,691285
26843,8,691286
26844,8,691287
26845,8,691288
26846,8,691289
26847,8,691290
26848,8,691291
26849,8,691292
26850,8,691293
26851,8,691294
26852,8,691295
26853,8,691296
26854,8,691297
26855,8,691298
26856,8,691299
26857,8,691300
26858,8,691301
26859,8,691302
26860,8,691303
26861,8,691304
26862,8,691305
26863,8,691306
26864,8,691307
26865,8,691308
26866,8,691309
26867,8,691310
26868,8,691311
26869,8,691312
26870,8,691313
26871,8,691314
26872,8,691315
26873,8,691316
26874,8,691317
26875,8,691318
26876,8,691319
26877,8,691320
26878,8,691321
26879,8,691322
26880,8,691323
26881,8,691324
26882,8,691325
26883,8,691326
26884,8,691327
26885,8,691328
26886,8,691329
26887,8,691330
26888,8,691331
26889,8,691332
26890,8,691333
26891,8,691334
26892,8,691335
26893,8,691336
26894,8,691337
26895,8,691338
26896,8,691339
26897,8,691340
26898,8,691341
26899,8,691342
26900,8,691343
26901,8,691344
26902,8,691345
26903,8,691346
26904,8,691347
26905,8,691348
26906,8,691349
26907,8,691350
26908,8,691351
26909,8,691352
26910,8,691353
26911,8,691354
26912,8,691355
26913,8,691356
26914,8,691357
26915,8,691358
26916,8,691359
26917,8,691360
26918,8,691361
26919,8,691362
26920,8,691363
26921,8,691364
26922,8,691365
26923,8,691366
26924,8,691367
26925,8,691368
26926,8,691369
26927,8,691370
26928,8,691371
26929,8,691372
26930,8,691373
26931,8,691374
26932,8,691375
26933,8,691376
26934,8,691377
26935,8,691378
26936,8,691379
26937,8,691380
26938,8,691381
26939,8,691382
26940,8,691383
26941,8,691384
26942,8,691385
26943,8,691386
26944,8,691387
26945,8,691388
26946,8,691389
26947,8,691390
26948,8,691391
26949,8,691392
26950,8,691393
26951,8,691394
26952,8,691395
26953,8,691396
26954,8,691397
26955,8,691398
26956,8,691399
26957,8,691400
26958,8,691401
26959,8,691402
26960,8,691403
26961,8,691404
26962,8,691405
26963,8,691406
26964,8,691407
26965,8,691408
26966,8,691409
26967,8,691410
26968,8,691411
26969,8,691412
26970,8,691413
26971,8,691414
26972,8,691415
26973,8,691416
26974,8,691417
26975,8,691418
26976,8,691419
26977,8,691420
26978,8,691421
26979,8,691422
26980,8,691423
26981,8,691424
26982,8,691425
26983,8,691426
26984,8,691427
26985,8,691428
26986,8,691429
26987,8,691430
26988,8,691431
26989,8,691432
26990,8,691433
26991,8,691434
26992,8,691435
26993,8,691436
26994,8,691437
26995,8,691438
26996,8,691439
26997,8,691440
26998,8,691441
26999,8,691442
27000,8,691443
27001,8,691444
27002,8,691445
27003,8,691446
27004,8,691447
27005,8,691448
27006,8,691449
27007,8,691450
27008,8,691451
27009,8,691452
27010,8,691453
27011,8,691454
27012,8,691455
27013,8,691456
27014,8,691457
27015,8,691458
27016,8,691459
27017,8,691460
27018,8,691461
27019,8,691462
27020,8,691463
27021,8,691464
27022,8,691465
27023,8,691466
27024,8,691467
27025,8,691468
27026,8,691469
27027,8,691470
27028,8,691471
27029,8,691472
27030,8,691473
27031,8,691474
27032,8,691475
27033,8,691476
27034,8,691477
27035,8,691478
27036,8,691479
27037,8,691480
27038,8,691481
27039,8,691482
27040,8,691483
27041,8,691484
27042,8,691485
27043,8,691486
27044,8,691487
27045,8,691488
27046,8,691489
27047,8,691490
27048,8,691491
27049,8,691492
27050,8,691493
27051,8,691494
27052,8,691495
27053,8,691496
27054,8,691497
27055,8,691498
27056,8,691499
27057,8,691500
27058,8,691501
27059,8,691502
27060,8,691503
27061,8,691504
27062,8,691505
27063,8,691506
27064,8,691507
27065,8,691508
27066,8,691509
27067,8,691510
27068,8,691511
27069,8,691512
27070,8,691513
27071,8,691514
27072,8,691515
27073,8,691516
27074,8,691517
27075,8,691518
27076,8,691519
27077,8,691520
27078,8,691521
27079,8,691522
27080,8,691523
27081,8,691524
27082,8,691525
27083,8,691526
27084,8,691527
27085,8,691528
27086,8,691529
27087,8,691530
27088,8,691531
27089,8,691532
27090,8,691533
27091,8,691534
27092,8,691535
27093,8,691536
27094,8,691537
27095,8,691538
27096,8,691539
27097,8,691540
27098,8,691541
27099,8,691542
27100,8,691543
27101,8,691544
27102,8,691545
27103,8,691546
27104,8,691547
27105,8,691548
27106,8,691549
27107,8,691550
27108,8,691551
27109,8,691552
27110,8,691553
27111,8,691554
27112,8,691555
27113,8,691556
27114,8,691557
27115,8,691558
27116,8,691559
27117,8,691560
27118,8,691561
27119,8,691562
27120,8,691563
27121,8,691564
27122,8,691565
27123,8,691566
27124,8,691567
27125,8,691568
27126,8,691569
27127,8,691570
27128,8,691571
27129,8,691572
27130,8,691573
27131,8,691574
27132,8,691575
27133,8,691576
27134,8,691577
27135,36,695815
27136,36,695816
27137,36,699791
27138,36,699792
27139,36,699791
27140,36,699789
27141,36,699790
27142,36,699789
27143,36,700224
27144,36,700225
27145,36,700226
27146,36,700227
27147,36,700220
27148,36,700221
27149,36,700222
27150,36,700223
27151,36,700219
27152,36,700219
27153,36,700218
27154,36,700218
27155,36,681952
27156,36,681940
27157,2,653222
27158,36,719795
27159,36,719795
27160,36,719796
27161,36,719793
27162,36,719793
27163,36,719794
27164,10,719908
27165,10,719909
27166,10,719910
27167,10,719896
27168,10,719897
27169,10,719898
27170,11,719911
27171,11,719912
27172,11,719913
27173,11,719914
27174,12,719899
27175,8,719915
27176,8,719916
27177,8,719917
27178,8,719918
27179,8,719919
27180,8,719920
27181,8,719921
27182,8,719922
27183,8,719923
27184,8,719924
27185,8,719925
27186,8,719926
27187,8,719927
27188,8,719928
27189,8,719929
27190,8,719930
27191,8,719931
27192,8,719932
27193,8,719933
27194,8,719934
27195,8,719935
27196,8,719936
27197,8,719937
27198,8,719938
27199,8,719939
27200,8,719940
27201,8,719941
27202,8,719942
27203,8,719943
27204,8,719944
27205,8,719945
27206,8,719946
27207,8,719947
27208,8,719948
27209,8,719949
27210,25,682501
27211,25,682503
27212,25,682502
27213,25,682504
27214,25,720541
27215,25,720542
27216,25,720543
27217,25,720544
27218,25,725332
27219,5,1082612
55937,25,746694
55938,25,746695
55939,25,746696
55940,25,746697
55941,25,746698
55942,25,746699
55943,25,746700
55944,25,746701
55945,25,746702
55946,25,746703
55947,25,746704
55948,25,746705
55949,25,746706
55950,25,746707
55951,25,746708
55952,25,746709
55953,25,746710
55954,25,746711
55955,25,746712
55956,25,746713
55957,25,746714
55958,25,746715
55959,25,746716
55960,25,746717
55961,25,746718
55962,25,746719
55963,25,746720
55964,25,746721
55965,25,746722
55966,25,746723
55967,25,746724
55968,25,746725
55969,25,746726
55970,25,746727
55971,25,746728
55972,25,746729
55973,25,746730
55974,25,746731
55975,25,746732
55976,25,746733
55977,25,746734
55978,25,746735
55979,25,746736
55980,25,746737
55981,25,746738
55982,25,746739
55983,25,746740
55984,25,746741
55985,25,746742
55986,25,746743
55987,25,746744
55988,25,746745
55989,25,746746
55990,25,746747
55991,25,746748
55992,25,746749
55993,25,746750
55994,25,746751
55995,25,746752
55996,25,746753
55997,25,746754
55998,25,746755
55999,25,746756
56000,25,746757
56001,25,746758
56002,25,746759
56003,25,746760
56004,25,746761
56005,25,746762
56006,25,746763
56007,25,746764
56008,25,746765
56009,25,746766
56010,25,746767
56011,25,746768
56012,25,746769
56013,25,746770
56014,25,746771
56015,25,746772
56016,25,746773
56017,25,746774
56018,25,746775
56019,25,746776
56020,25,746777
56021,25,746778
56022,25,746779
56023,25,746780
56024,25,746781
56025,25,746782
56026,25,746783
56027,25,746784
56028,25,746785
56029,25,746786
56030,25,746787
56031,25,746788
56032,25,746789
56033,25,746790
56034,25,746791
56035,25,746792
56036,25,746793
56037,25,746794
56038,25,746795
56039,25,746796
56040,25,746797
56041,25,746798
56042,25,746799
56043,25,746800
56044,25,746801
56045,25,746802
56046,25,746803
56047,25,746804
56048,25,746805
56049,25,746806
56050,25,746807
56051,25,746808
56052,25,746809
56053,25,746810
56054,25,746811
56055,25,746812
56056,25,746813
56057,25,746814
56058,25,746815
56059,25,746816
56060,25,746817
56061,25,746818
56062,25,746819
56063,25,746820
56064,10,749202
56065,10,749203
56066,10,749204
56067,10,749205
56068,10,749206
56069,1,749161
56070,1,749162
56071,1,749163
56072,1,749164
56073,5,749103
56074,5,749104
56075,5,749105
56076,5,749106
56077,5,749107
56078,5,749108
56079,5,749109
56080,5,749110
56081,5,749111
56082,5,749112
56083,5,749113
56084,5,749114
56085,5,749115
56086,5,749116
56087,5,749117
56088,5,749118
56089,5,749119
56090,5,749120
56091,5,749121
56092,5,749122
56093,5,749123
56094,5,749124
56095,5,749125
56096,5,749126
56097,5,749127
56098,5,749128
56099,5,749129
56100,5,749130
56101,5,749131
56102,5,749132
56103,5,749133
56104,5,749134
56105,5,749135
56106,5,749136
56107,5,749137
56108,5,749138
56109,5,749139
56110,5,749140
56111,5,749141
56112,5,749142
56113,2,749046
56114,2,749047
56115,2,749048
56116,2,749049
56117,1,749058
56118,1,749059
56119,1,749060
56120,1,749061
56121,5,749006
56122,5,749007
56123,5,749008
56124,5,749009
56125,5,749010
56126,5,749011
56127,5,749012
56128,5,749013
56129,5,749014
56130,5,749015
56131,5,749016
56132,5,749017
56133,5,749018
56134,5,749019
56135,5,749020
56136,5,749021
56137,5,749022
56138,5,749023
56139,5,749024
56140,5,749025
56141,5,749026
56142,5,749027
56143,5,749028
56144,5,749029
56145,5,749030
56146,5,749031
56147,5,749032
56148,5,749033
56149,5,749034
56150,5,749035
56151,5,749036
56152,5,749037
56153,5,749038
56154,5,749039
56155,5,749040
56156,5,749041
56157,5,749042
56158,5,749043
56159,5,749044
56160,5,749045
56161,38,749074
56162,38,749075
56163,38,749076
56164,38,749077
56165,38,749078
56166,38,749079
56167,38,749080
56168,38,749081
56169,38,749082
56170,38,749083
56171,38,749084
56172,38,749085
56173,14,749152
56174,13,749143
56175,14,749153
56176,13,749144
56177,14,749154
56178,13,749145
56179,14,749155
56180,13,749146
56181,14,749156
56182,13,749147
56183,14,749157
56184,13,749148
56185,14,749158
56186,13,749149
56187,14,749159
56188,13,749150
56189,14,749160
56190,13,749151
56191,38,748989
56192,38,748990
56193,38,748991
56194,38,748992
56195,38,748993
56196,38,748994
56197,38,748995
56198,38,748996
56199,38,748997
56200,38,748998
56201,38,748999
56202,38,749000
56203,13,749050
56204,13,749051
56205,13,749052
56206,17,749062
56207,17,749063
56208,17,749064
56209,17,749065
56210,17,749066
56211,17,749067
56212,17,749068
56213,17,749069
56214,17,749070
56215,17,749071
56216,17,749072
56217,17,749073
56218,17,749086
56219,17,749087
56220,17,749088
56221,17,749089
56222,17,749090
56223,17,749091
56224,17,749092
56225,17,749093
56226,17,749094
56227,17,749095
56228,17,749096
56229,17,749097
56230,10,749321
56231,10,749322
56232,10,749323
56233,10,749324
56234,10,749325
56235,1,748954
56236,1,748955
56237,1,748956
56238,1,748957
56239,1,748958
56240,1,748959
56241,1,748960
56256,5,748838
56257,5,748839
56258,5,748840
56259,5,748841
56260,5,748842
56261,5,748843
56262,5,748844
56263,5,748845
56264,5,748846
56265,5,748847
56266,5,748848
56267,5,748849
56268,5,748850
56269,5,748851
56270,5,748852
56271,5,748853
56272,5,748854
56273,5,748855
56274,5,748856
56275,5,748857
56276,5,748858
56277,5,748859
56278,5,748860
56279,5,748861
56280,5,748862
56281,5,748863
56282,5,748864
56283,5,748865
56284,5,748866
56285,5,748867
56286,5,748868
56287,5,748869
56288,5,748870
56289,5,748871
56290,5,748872
56291,5,748873
56292,5,748874
56293,5,748875
56294,5,748876
56295,5,748877
56296,5,748878
56297,5,748879
56298,5,748880
56299,5,748881
56300,5,748882
56301,5,748883
56302,5,748884
56303,5,748885
56304,5,748886
56305,5,748887
56306,5,748888
56307,5,748889
56308,5,748890
56309,5,748891
56310,5,748892
56311,5,748893
56312,5,748894
56313,5,748895
56314,5,748896
56315,5,748897
56316,5,748898
56317,5,748899
56318,5,748900
56319,5,748901
56320,5,748902
56321,5,748903
56322,5,748904
56323,5,748905
56324,5,748906
56325,5,748907
56326,5,748908
56327,5,748909
56328,5,748910
56329,5,748911
56330,5,748912
56331,5,748913
56332,5,748914
56333,5,748915
56334,5,748916
56335,5,748917
56336,5,748918
56337,5,748919
56338,5,748920
56339,5,748921
56340,5,748922
56341,5,748923
56342,5,748924
56343,5,748925
56344,5,748926
56345,5,748927
56346,5,748928
56347,5,748929
56348,5,748930
56349,5,748931
56350,5,748932
56351,5,748933
56352,5,748934
56353,5,748935
56354,5,748936
56355,5,748937
56356,5,748938
56357,5,748939
56358,1,416286
56361,1,748791
56362,1,748792
56363,1,748793
56364,1,748794
56365,1,748795
56366,1,748796
56367,1,748797
56375,5,416283
56376,5,748675
56377,5,748676
56378,5,748677
56379,5,748678
56380,5,748679
56381,5,748680
56382,5,748681
56383,5,748682
56384,5,748683
56385,5,748684
56386,5,748685
56387,5,748686
56388,5,748687
56389,5,748688
56390,5,748689
56391,5,748690
56392,5,748691
56393,5,748692
56394,5,748693
56395,5,748694
56396,5,748695
56397,5,748696
56398,5,748697
56399,5,748698
56400,5,748699
56401,5,748700
56402,5,748701
56403,5,748702
56404,5,748703
56405,5,748704
56406,5,748705
56407,5,748706
56408,5,748707
56409,5,748708
56410,5,748709
56411,5,748710
56412,5,748711
56413,5,748712
56414,5,748713
56415,5,748714
56416,5,748715
56417,5,748716
56418,5,748717
56419,5,748718
56420,5,748719
56421,5,748720
56422,5,748721
56423,5,748722
56424,5,748723
56425,5,748724
56426,5,748725
56427,5,748726
56428,5,748727
56429,5,748728
56430,5,748729
56431,5,748730
56432,5,748731
56433,5,748732
56434,5,748733
56435,5,748734
56436,5,748735
56437,5,748736
56438,5,748737
56439,5,748738
56440,5,748739
56441,5,748740
56442,5,748741
56443,5,748742
56444,5,748743
56445,5,748744
56446,5,748745
56447,5,748746
56448,5,748747
56449,5,748748
56450,5,748749
56451,5,748750
56452,5,748751
56453,5,748752
56454,5,748753
56455,5,748754
56456,5,748755
56457,5,748756
56458,5,748757
56459,5,748758
56460,5,748759
56461,5,748760
56462,5,748761
56463,5,748762
56464,5,748763
56465,5,748764
56466,5,748765
56467,5,748766
56468,5,748767
56469,5,748768
56470,5,748769
56471,5,748770
56472,5,748771
56473,5,748772
56474,5,748773
56475,5,748774
56476,5,748775
56477,5,748776
56478,16,748822
56479,16,748823
56480,16,748824
56481,16,748825
56482,16,748826
56483,16,748827
56484,16,748808
56485,16,748809
56486,16,748810
56487,16,748811
56488,16,748812
56489,16,748813
56490,19,748828
56491,19,748829
56492,19,748830
56493,19,748831
56494,19,748832
56495,19,748833
56496,19,748834
56497,19,748835
56498,19,748814
56499,19,748815
56500,19,748816
56501,19,748817
56502,19,748818
56503,19,748819
56504,19,748820
56505,19,748821
56506,38,684862
56507,38,748836
56508,38,748837
56509,38,684863
56510,38,748673
56511,38,748674
56513,11,413693
56515,11,413688
56517,7,682042
56519,1,750252
56520,1,750254
56521,1,750256
56522,1,750258
56523,1,750260
56524,2,750253
56525,2,750255
56526,2,750257
56527,2,750259
56528,2,750261
56529,1,750322
56530,1,750324
56531,1,750326
56532,1,750328
56533,2,750323
56534,2,750325
56535,2,750327
56536,2,750329
56537,5,750300
56538,1,416265
56539,2,420730
56541,5,416260
56542,5,750301
56543,5,750302
56544,5,750303
56545,5,750304
56546,5,750305
56547,5,750306
56548,5,750307
56549,5,750308
56550,5,750309
56551,5,750310
56552,5,750311
56553,5,750312
56554,5,750313
56555,5,750314
56556,5,750315
56557,5,750316
56558,5,750317
56559,5,750318
56560,5,750319
56561,5,750213
56562,5,750214
56563,5,750215
56564,5,390383
56565,5,750217
56566,5,750218
56567,5,750219
56568,5,750220
56569,5,750221
56570,5,750222
56571,5,750228
56572,5,750230
56573,5,750232
56574,5,750234
56575,5,750236
56576,5,750238
56577,5,750240
56578,5,750242
56579,5,750244
56580,5,750246
56581,5,750247
56582,5,750248
56583,5,750249
56584,5,750250
56585,5,750251
56586,5,750216
56587,38,750270
56588,38,750339
56589,10,750262
56590,10,750263
56591,10,750264
56592,10,750265
56593,10,750266
56594,10,750267
56595,10,750268
56596,10,750269
56597,10,750330
56598,10,750331
56599,10,750332
56600,10,750333
56601,10,750334
56602,10,750335
56603,10,750336
56604,10,750337
56605,10,750338
56606,10,750444
56607,22,749402
56608,1,745375
56609,1,745376
56610,1,745377
56611,1,745378
56612,1,745379
56613,1,745380
56614,1,745381
56615,1,745382
56616,1,745383
56617,1,745384
56618,1,745385
56619,2,745595
56620,2,745596
56621,2,745597
56622,2,745598
56623,2,745599
56624,2,745600
56625,2,745601
56626,2,745602
56627,2,745603
56628,2,745604
56629,2,745605
56641,3,745694
56642,3,745695
56643,3,745696
56644,3,745697
56645,3,745698
56646,3,745699
56647,3,745700
56648,3,745701
56649,3,745702
56650,3,745703
56651,3,745704
56652,2,416264
56780,25,750787
56781,25,750786
56782,25,750788
56783,25,750789
56784,25,750790
56785,25,750791
56786,25,750792
56787,25,750793
56788,25,750794
56789,25,750795
56790,25,750796
56791,25,750797
56792,25,750798
56793,25,750799
56794,25,750800
56795,25,750801
56796,25,750802
56797,25,750803
56798,25,750804
56799,25,750805
56800,25,750806
56801,25,750807
56802,25,750808
56803,25,750809
56804,25,750810
56805,25,750811
56806,25,750812
56807,25,750813
56808,25,750814
56809,25,750815
56810,25,750816
56811,25,750817
56812,25,750818
56813,25,750819
56814,25,750820
56815,25,750821
56816,25,750822
56817,25,750823
56818,25,750824
56819,25,750825
56820,25,750826
56821,25,750827
56822,25,750828
56823,25,750829
56824,25,750830
56825,25,750831
56826,25,750832
56827,25,750833
56828,25,750834
56829,25,750835
56830,25,750836
56831,25,750837
56832,25,750838
56833,25,750839
56834,25,750840
56835,25,750841
56836,25,750856
56837,25,750857
56838,25,750858
56839,25,750859
56840,25,750860
56841,25,750861
56842,25,750862
56843,25,750863
56844,25,750864
56845,25,750865
56846,25,750866
56847,25,750867
56848,25,750868
56849,25,750869
56850,25,750884
56851,25,750885
56852,25,750886
56853,25,750887
56854,25,750888
56855,25,750889
56856,25,750890
56857,25,750891
56858,25,750892
56859,25,750893
56860,25,750894
56861,25,750895
56862,25,750896
56863,25,750897
56864,25,750842
56865,25,750843
56866,25,750844
56867,25,750845
56868,25,750846
56869,25,750847
56870,25,750848
56871,25,750849
56872,25,750850
56873,25,750851
56874,25,750852
56875,25,750853
56876,25,750854
56877,25,750855
56878,25,750870
56879,25,750871
56880,25,750872
56881,25,750873
56882,25,750874
56883,25,750875
56884,25,750876
56885,25,750877
56886,25,750878
56887,25,750879
56888,25,750880
56889,25,750881
56890,25,750882
56891,25,750883
56892,25,750898
56893,25,750899
56894,25,750900
56895,25,750901
56896,25,750902
56897,25,750903
56898,25,750904
56899,25,750905
56900,25,750906
56901,25,750907
56902,25,750908
56903,25,750909
56904,25,750910
56905,25,750911
56906,25,750912
56907,22,751757
56908,4,745474
56909,4,745475
56910,4,745476
56911,4,745477
56912,4,745478
56913,4,745479
56914,4,745480
56915,4,745481
56916,4,745482
56917,4,745483
56918,4,745484
56919,4,745485
56920,4,745486
56921,4,745487
56922,4,745488
56923,4,745489
56924,4,745490
56925,4,745491
56926,4,745492
56927,4,745493
56928,4,745494
56929,4,745495
56930,4,745496
56931,4,745497
56932,4,745498
56933,4,745499
56934,4,745500
56935,4,745501
56936,4,745502
56937,4,745503
56938,4,745504
56939,4,745505
56940,4,745506
57172,16,745661
57173,17,751897
57174,18,745705
57175,16,745672
57176,17,751907
57177,18,745716
57178,16,745683
57179,17,751918
57180,18,745727
57181,16,745662
57182,17,751896
57183,18,745706
57184,16,745673
57185,17,751908
57186,18,745717
57187,16,745684
57188,17,751919
57189,18,745728
57190,16,745663
57191,17,751898
57192,18,745707
57193,16,745674
57194,17,751909
57195,18,745718
57196,16,745685
57197,17,751920
57198,18,745729
57199,16,745664
57200,17,751899
57201,18,745708
57202,16,745675
57203,17,751910
57204,18,745719
57205,16,745686
57206,17,751921
57207,18,745730
57208,16,745665
57209,17,751900
57210,18,745709
57211,16,745676
57212,17,751911
57213,18,745720
57214,16,745687
57215,17,751922
57216,18,745731
57217,16,745666
57218,17,751901
57219,18,745710
57220,16,745677
57221,17,751912
57222,18,745721
57223,16,745688
57224,17,751923
57225,18,745732
57226,16,745667
57227,17,751902
57228,18,745711
57229,16,745678
57230,17,751913
57231,18,745722
57232,16,745689
57233,17,751924
57234,18,745733
57235,16,745668
57236,17,751903
57237,18,745712
57238,16,745679
57239,17,751914
57240,18,745723
57241,16,745690
57242,17,751925
57243,18,745734
57244,16,745669
57245,17,751904
57246,18,745713
57247,16,745680
57248,17,751915
57249,18,745724
57250,16,745691
57251,17,751926
57252,18,745735
57253,16,745670
57254,17,751905
57255,18,745714
57256,16,745681
57257,17,751916
57258,18,745725
57259,16,745692
57260,17,751927
57261,18,745736
57262,16,745671
57263,17,751906
57264,18,745715
57265,16,745682
57266,17,751917
57267,18,745726
57268,16,745693
57269,17,751928
57270,18,745737
57271,10,758128
57272,10,758129
57273,10,758130
57274,10,758131
57275,10,758132
57276,10,758133
57277,10,758134
57278,10,758135
57279,10,758136
57280,10,758137
57281,10,758138
57469,19,745430
57470,21,745749
57471,19,745441
57472,19,745452
57473,19,745463
57474,19,745431
57475,21,745750
57476,19,745442
57477,19,745453
57478,19,745464
57479,19,745432
57480,21,745751
57481,19,745443
57482,19,745454
57483,19,745465
57484,19,745433
57485,21,745752
57486,19,745444
57487,19,745455
57488,19,745466
57489,19,745434
57490,21,745753
57491,19,745445
57492,19,745456
57493,19,745467
57494,19,745435
57495,21,745754
57496,19,745446
57497,19,745457
57498,19,745468
57499,19,745436
57500,21,745755
57501,19,745447
57502,19,745458
57503,19,745469
57504,19,745437
57505,21,745756
57506,19,745448
57507,19,745459
57508,19,745470
57509,19,745438
57510,21,745757
57511,19,745449
57512,19,745460
57513,19,745471
57514,19,745439
57515,21,745758
57516,19,745450
57517,19,745461
57518,19,745472
57519,19,745440
57520,21,745759
57521,19,745451
57522,19,745462
57523,19,745473
57568,5,745551
57569,5,745562
57570,5,745573
57571,5,745584
57572,5,745552
57573,5,745563
57574,5,745574
57575,5,745585
57576,5,745553
57577,5,745564
57578,5,745575
57579,5,745586
57580,5,745554
57581,5,745565
57582,5,745576
57583,5,745587
57584,5,745555
57585,5,745566
57586,5,745577
57587,5,745588
57588,5,745556
57589,5,745567
57590,5,745578
57591,5,745589
57592,5,745557
57593,5,745568
57594,5,745579
57595,5,745590
57596,5,745558
57597,5,745569
57598,5,745580
57599,5,745591
57600,5,745559
57601,5,745570
57602,5,745581
57603,5,745592
57604,5,745560
57605,5,745571
57606,5,745582
57607,5,745593
57608,5,745561
57609,5,745572
57610,5,745583
57611,5,745594
57755,22,745386
57756,23,750497
57757,24,745738
57758,22,745397
57759,22,745408
57760,22,745419
57761,22,745387
57762,23,750498
57763,24,745739
57764,22,745398
57765,22,745409
57766,22,745420
57767,22,745388
57768,23,750499
57769,24,745740
57770,22,745399
57771,22,745410
57772,22,745421
57773,22,745389
57774,23,750500
57775,24,745741
57776,22,745400
57777,22,745411
57778,22,745422
57779,22,745390
57780,23,750501
57781,24,745742
57782,22,745401
57783,22,745412
57784,22,745423
57785,22,745391
57786,23,750502
57787,24,745743
57788,22,745402
57789,22,745413
57790,22,745424
57791,22,745392
57792,23,750503
57793,24,745744
57794,22,745403
57795,22,745414
57796,22,745425
57797,22,745393
57798,23,750504
57799,24,745745
57800,22,745404
57801,22,745415
57802,22,745426
57803,22,745394
57804,23,750505
57805,24,745746
57806,22,745405
57807,22,745416
57808,22,745427
57809,22,745395
57810,23,750506
57811,24,745747
57812,22,745406
57813,22,745417
57814,22,745428
57815,22,745396
57816,23,750507
57817,24,745748
57818,22,745407
57819,22,745418
57820,22,745429
57865,6,745507
57866,6,745518
57867,6,745529
57868,6,745540
57869,6,745508
57870,6,745519
57871,6,745530
57872,6,745541
57873,6,745509
57874,6,745520
57875,6,745531
57876,6,745542
57877,6,745510
57878,6,745521
57879,6,745532
57880,6,745543
57881,6,745511
57882,6,745522
57883,6,745533
57884,6,745544
57885,6,745512
57886,6,745523
57887,6,745534
57888,6,745545
57889,6,745513
57890,6,745524
57891,6,745535
57892,6,745546
57893,6,745514
57894,6,745525
57895,6,745536
57896,6,745547
57897,6,745515
57898,6,745526
57899,6,745537
57900,6,745548
57901,6,745516
57902,6,745527
57903,6,745538
57904,6,745549
57905,6,745517
57906,6,745528
57907,6,745539
57908,6,745550
57933,1,748658
57934,1,748659
57935,1,748660
57936,1,748661
57937,1,748662
57938,1,748663
57939,1,748664
57940,1,748665
57941,1,748666
57942,1,748667
57943,1,752216
57944,1,752217
57945,1,752218
57946,1,752219
57947,1,752220
57948,1,752221
57949,1,752222
57950,1,752223
57951,1,752224
57952,1,752225
57953,1,752226
57954,1,752227
57955,1,751999
57956,1,752000
57957,1,752001
57958,1,752002
57959,1,752003
57960,1,752004
57961,1,752005
57962,1,752006
57963,1,752007
57964,1,752008
57965,1,752009
57966,1,752010
57967,1,752011
57968,1,752012
57969,1,750361
57970,1,750362
57971,1,750363
57972,1,750364
57973,1,750365
57974,1,750366
57975,1,750367
57976,1,750368
57977,1,750369
57978,1,750370
57979,38,753347
57980,38,753348
57987,10,748645
57988,10,748646
57989,10,748647
57990,2,748648
57991,2,748649
57992,2,748650
57993,2,748651
57994,2,748652
57995,2,748653
58000,3,748654
58001,3,748655
58002,3,748656
58003,3,748657
58004,16,750664
58005,16,750665
58006,16,750666
58007,16,750667
58008,16,750668
58009,16,750669
58010,16,750670
58011,16,750671
58012,10,752197
58013,10,752198
58014,10,752199
58015,10,752200
58016,10,752201
58017,10,752202
58018,10,752203
58019,2,780592
58020,2,752205
58021,2,797726
58022,2,752207
58023,2,752208
58024,2,752209
58025,2,797728
58026,2,752211
58027,3,752212
58028,3,752213
58029,3,752214
58030,16,752189
58031,16,752190
58032,16,752191
58033,16,752192
58034,16,752193
58035,16,752194
58036,16,752195
58037,16,752196
58038,16,752572
58044,10,750349
58045,10,750350
58046,10,750351
58047,10,750352
58048,10,750353
58049,2,750354
58050,2,750355
58051,2,750356
58052,2,750357
58053,3,750358
58054,3,750359
58055,3,750360
58056,16,751748
58057,16,751749
58058,16,751750
58059,16,751751
58060,16,751752
58061,16,751753
58062,16,751754
58063,16,751755
58069,10,751980
58070,10,751981
58071,10,751982
58072,10,751983
58073,10,751984
58074,2,751985
58075,2,751986
58076,2,751987
58077,2,751992
58078,2,751993
58079,2,751995
58080,16,751988
58081,16,751989
58082,16,751990
58083,16,751991
58084,16,751994
58085,16,751996
58086,16,751997
58087,16,751998
58215,25,750786
58216,25,750787
58217,25,750788
58218,25,750789
58219,25,750790
58220,25,750791
58221,25,750792
58222,25,750793
58223,25,750794
58224,25,750795
58225,25,750796
58226,25,750797
58227,25,750798
58228,25,750799
58229,25,750800
58230,25,750801
58231,25,750802
58232,25,750803
58233,25,750804
58234,25,750805
58235,25,750806
58236,25,750807
58237,25,750808
58238,25,750809
58239,25,750810
58240,25,750811
58241,25,750812
58242,25,750813
58243,25,750814
58244,25,750815
58245,25,750816
58246,25,750817
58247,25,750818
58248,25,750819
58249,25,750820
58250,25,750821
58251,25,750822
58252,25,750823
58253,25,750824
58254,25,750825
58255,25,750826
58256,25,750827
58257,25,750828
58258,25,750829
58259,25,750830
58260,25,750831
58261,25,750832
58262,25,750833
58263,25,750834
58264,25,750835
58265,25,750836
58266,25,750837
58267,25,750838
58268,25,750839
58269,25,750840
58270,25,750841
58271,25,750842
58272,25,750843
58273,25,750844
58274,25,750845
58275,25,750846
58276,25,750847
58277,25,750848
58278,25,750849
58279,25,750850
58280,25,750851
58281,25,750852
58282,25,750853
58283,25,750854
58284,25,750855
58285,25,750856
58286,25,750857
58287,25,750858
58288,25,750859
58289,25,750860
58290,25,750861
58291,25,750862
58292,25,750863
58293,25,750864
58294,25,750865
58295,25,750866
58296,25,750867
58297,25,750868
58298,25,750869
58299,25,750870
58300,25,750871
58301,25,750872
58302,25,750873
58303,25,750874
58304,25,750875
58305,25,750876
58306,25,750877
58307,25,750878
58308,25,750879
58309,25,750880
58310,25,750881
58311,25,750882
58312,25,750883
58313,25,750884
58314,25,750885
58315,25,750886
58316,25,750887
58317,25,750888
58318,25,750889
58319,25,750890
58320,25,750891
58321,25,750892
58322,25,750893
58323,25,750894
58324,25,750895
58325,25,750896
58326,25,750897
58327,25,750898
58328,25,750899
58329,25,750900
58330,25,750901
58331,25,750902
58332,25,750903
58333,25,750904
58334,25,750905
58335,25,750906
58336,25,750907
58337,25,750908
58338,25,750909
58339,25,750910
58340,25,750911
58341,25,750912
58342,25,750786
58343,25,750787
58344,25,750788
58345,25,750789
58346,25,750790
58347,25,750791
58348,25,750792
58349,25,750793
58350,25,750794
58351,25,750795
58352,25,750796
58353,25,750797
58354,25,750798
58355,25,750799
58356,25,750800
58357,25,750801
58358,25,750802
58359,25,750803
58360,25,750804
58361,25,750805
58362,25,750806
58363,25,750807
58364,25,750808
58365,25,750809
58366,25,750810
58367,25,750811
58368,25,750812
58369,25,750813
58370,25,750814
58371,25,750815
58372,25,750816
58373,25,750817
58374,25,750818
58375,25,750819
58376,25,750820
58377,25,750821
58378,25,750822
58379,25,750823
58380,25,750824
58381,25,750825
58382,25,750826
58383,25,750827
58384,25,750828
58385,25,750829
58386,25,750830
58387,25,750831
58388,25,750832
58389,25,750833
58390,25,750834
58391,25,750835
58392,25,750836
58393,25,750837
58394,25,750838
58395,25,750839
58396,25,750840
58397,25,750841
58398,25,750842
58399,25,750843
58400,25,750844
58401,25,750845
58402,25,750846
58403,25,750847
58404,25,750848
58405,25,750849
58406,25,750850
58407,25,750851
58408,25,750852
58409,25,750853
58410,25,750854
58411,25,750855
58412,25,750856
58413,25,750857
58414,25,750858
58415,25,750859
58416,25,750860
58417,25,750861
58418,25,750862
58419,25,750863
58420,25,750864
58421,25,750865
58422,25,750866
58423,25,750867
58424,25,750868
58425,25,750869
58426,25,750870
58427,25,750871
58428,25,750872
58429,25,750873
58430,25,750874
58431,25,750875
58432,25,750876
58433,25,750877
58434,25,750878
58435,25,750879
58436,25,750880
58437,25,750881
58438,25,750882
58439,25,750883
58440,25,750884
58441,25,750885
58442,25,750886
58443,25,750887
58444,25,750888
58445,25,750889
58446,25,750890
58447,25,750891
58448,25,750892
58449,25,750893
58450,25,750894
58451,25,750895
58452,25,750896
58453,25,750897
58454,25,750898
58455,25,750899
58456,25,750900
58457,25,750901
58458,25,750902
58459,25,750903
58460,25,750904
58461,25,750905
58462,25,750906
58463,25,750907
58464,25,750908
58465,25,750909
58466,25,750910
58467,25,750911
58468,25,750912
58469,25,750786
58470,25,750787
58471,25,750788
58472,25,750789
58473,25,750790
58474,25,750791
58475,25,750792
58476,25,750793
58477,25,750794
58478,25,750795
58479,25,750796
58480,25,750797
58481,25,750798
58482,25,750799
58483,25,750800
58484,25,750801
58485,25,750802
58486,25,750803
58487,25,750804
58488,25,750805
58489,25,750806
58490,25,750807
58491,25,750808
58492,25,750809
58493,25,750810
58494,25,750811
58495,25,750812
58496,25,750813
58497,25,750814
58498,25,750815
58499,25,750816
58500,25,750817
58501,25,750818
58502,25,750819
58503,25,750820
58504,25,750821
58505,25,750822
58506,25,750823
58507,25,750824
58508,25,750825
58509,25,750826
58510,25,750827
58511,25,750828
58512,25,750829
58513,25,750830
58514,25,750831
58515,25,750832
58516,25,750833
58517,25,750834
58518,25,750835
58519,25,750836
58520,25,750837
58521,25,750838
58522,25,750839
58523,25,750840
58524,25,750841
58525,25,750842
58526,25,750843
58527,25,750844
58528,25,750845
58529,25,750846
58530,25,750847
58531,25,750848
58532,25,750849
58533,25,750850
58534,25,750851
58535,25,750852
58536,25,750853
58537,25,750854
58538,25,750855
58539,25,750856
58540,25,750857
58541,25,750858
58542,25,750859
58543,25,750860
58544,25,750861
58545,25,750862
58546,25,750863
58547,25,750864
58548,25,750865
58549,25,750866
58550,25,750867
58551,25,750868
58552,25,750869
58553,25,750870
58554,25,750871
58555,25,750872
58556,25,750873
58557,25,750874
58558,25,750875
58559,25,750876
58560,25,750877
58561,25,750878
58562,25,750879
58563,25,750880
58564,25,750881
58565,25,750882
58566,25,750883
58567,25,750884
58568,25,750885
58569,25,750886
58570,25,750887
58571,25,750888
58572,25,750889
58573,25,750890
58574,25,750891
58575,25,750892
58576,25,750893
58577,25,750894
58578,25,750895
58579,25,750896
58580,25,750897
58581,25,750898
58582,25,750899
58583,25,750900
58584,25,750901
58585,25,750902
58586,25,750903
58587,25,750904
58588,25,750905
58589,25,750906
58590,25,750907
58591,25,750908
58592,25,750909
58593,25,750910
58594,25,750911
58595,25,750912
58596,25,750786
58597,25,750787
58598,25,750788
58599,25,750789
58600,25,750790
58601,25,750791
58602,25,750792
58603,25,750793
58604,25,750794
58605,25,750795
58606,25,750796
58607,25,750797
58608,25,750798
58609,25,750799
58610,25,750800
58611,25,750801
58612,25,750802
58613,25,750803
58614,25,750804
58615,25,750805
58616,25,750806
58617,25,750807
58618,25,750808
58619,25,750809
58620,25,750810
58621,25,750811
58622,25,750812
58623,25,750813
58624,25,750814
58625,25,750815
58626,25,750816
58627,25,750817
58628,25,750818
58629,25,750819
58630,25,750820
58631,25,750821
58632,25,750822
58633,25,750823
58634,25,750824
58635,25,750825
58636,25,750826
58637,25,750827
58638,25,750828
58639,25,750829
58640,25,750830
58641,25,750831
58642,25,750832
58643,25,750833
58644,25,750834
58645,25,750835
58646,25,750836
58647,25,750837
58648,25,750838
58649,25,750839
58650,25,750840
58651,25,750841
58652,25,750842
58653,25,750843
58654,25,750844
58655,25,750845
58656,25,750846
58657,25,750847
58658,25,750848
58659,25,750849
58660,25,750850
58661,25,750851
58662,25,750852
58663,25,750853
58664,25,750854
58665,25,750855
58666,25,750856
58667,25,750857
58668,25,750858
58669,25,750859
58670,25,750860
58671,25,750861
58672,25,750862
58673,25,750863
58674,25,750864
58675,25,750865
58676,25,750866
58677,25,750867
58678,25,750868
58679,25,750869
58680,25,750870
58681,25,750871
58682,25,750872
58683,25,750873
58684,25,750874
58685,25,750875
58686,25,750876
58687,25,750877
58688,25,750878
58689,25,750879
58690,25,750880
58691,25,750881
58692,25,750882
58693,25,750883
58694,25,750884
58695,25,750885
58696,25,750886
58697,25,750887
58698,25,750888
58699,25,750889
58700,25,750890
58701,25,750891
58702,25,750892
58703,25,750893
58704,25,750894
58705,25,750895
58706,25,750896
58707,25,750897
58708,25,750898
58709,25,750899
58710,25,750900
58711,25,750901
58712,25,750902
58713,25,750903
58714,25,750904
58715,25,750905
58716,25,750906
58717,25,750907
58718,25,750908
58719,25,750909
58720,25,750910
58721,25,750911
58722,25,750912
58723,25,750786
58724,25,750787
58725,25,750788
58726,25,750789
58727,25,750790
58728,25,750791
58729,25,750792
58730,25,750793
58731,25,750794
58732,25,750795
58733,25,750796
58734,25,750797
58735,25,750798
58736,25,750799
58737,25,750800
58738,25,750801
58739,25,750802
58740,25,750803
58741,25,750804
58742,25,750805
58743,25,750806
58744,25,750807
58745,25,750808
58746,25,750809
58747,25,750810
58748,25,750811
58749,25,750812
58750,25,750813
58751,25,750814
58752,25,750815
58753,25,750816
58754,25,750817
58755,25,750818
58756,25,750819
58757,25,750820
58758,25,750821
58759,25,750822
58760,25,750823
58761,25,750824
58762,25,750825
58763,25,750826
58764,25,750827
58765,25,750828
58766,25,750829
58767,25,750830
58768,25,750831
58769,25,750832
58770,25,750833
58771,25,750834
58772,25,750835
58773,25,750836
58774,25,750837
58775,25,750838
58776,25,750839
58777,25,750840
58778,25,750841
58779,25,750842
58780,25,750843
58781,25,750844
58782,25,750845
58783,25,750846
58784,25,750847
58785,25,750848
58786,25,750849
58787,25,750850
58788,25,750851
58789,25,750852
58790,25,750853
58791,25,750854
58792,25,750855
58793,25,750856
58794,25,750857
58795,25,750858
58796,25,750859
58797,25,750860
58798,25,750861
58799,25,750862
58800,25,750863
58801,25,750864
58802,25,750865
58803,25,750866
58804,25,750867
58805,25,750868
58806,25,750869
58807,25,750870
58808,25,750871
58809,25,750872
58810,25,750873
58811,25,750874
58812,25,750875
58813,25,750876
58814,25,750877
58815,25,750878
58816,25,750879
58817,25,750880
58818,25,750881
58819,25,750882
58820,25,750883
58821,25,750884
58822,25,750885
58823,25,750886
58824,25,750887
58825,25,750888
58826,25,750889
58827,25,750890
58828,25,750891
58829,25,750892
58830,25,750893
58831,25,750894
58832,25,750895
58833,25,750896
58834,25,750897
58835,25,750898
58836,25,750899
58837,25,750900
58838,25,750901
58839,25,750902
58840,25,750903
58841,25,750904
58842,25,750905
58843,25,750906
58844,25,750907
58845,25,750908
58846,25,750909
58847,25,750910
58848,25,750911
58849,25,750912
58850,25,750786
58851,25,750787
58852,25,750788
58853,25,750789
58854,25,750790
58855,25,750791
58856,25,750792
58857,25,750793
58858,25,750794
58859,25,750795
58860,25,750796
58861,25,750797
58862,25,750798
58863,25,750799
58864,25,750800
58865,25,750801
58866,25,750802
58867,25,750803
58868,25,750804
58869,25,750805
58870,25,750806
58871,25,750807
58872,25,750808
58873,25,750809
58874,25,750810
58875,25,750811
58876,25,750812
58877,25,750813
58878,25,750814
58879,25,750815
58880,25,750816
58881,25,750817
58882,25,750818
58883,25,750819
58884,25,750820
58885,25,750821
58886,25,750822
58887,25,750823
58888,25,750824
58889,25,750825
58890,25,750826
58891,25,750827
58892,25,750828
58893,25,750829
58894,25,750830
58895,25,750831
58896,25,750832
58897,25,750833
58898,25,750834
58899,25,750835
58900,25,750836
58901,25,750837
58902,25,750838
58903,25,750839
58904,25,750840
58905,25,750841
58906,25,750842
58907,25,750843
58908,25,750844
58909,25,750845
58910,25,750846
58911,25,750847
58912,25,750848
58913,25,750849
58914,25,750850
58915,25,750851
58916,25,750852
58917,25,750853
58918,25,750854
58919,25,750855
58920,25,750856
58921,25,750857
58922,25,750858
58923,25,750859
58924,25,750860
58925,25,750861
58926,25,750862
58927,25,750863
58928,25,750864
58929,25,750865
58930,25,750866
58931,25,750867
58932,25,750868
58933,25,750869
58934,25,750870
58935,25,750871
58936,25,750872
58937,25,750873
58938,25,750874
58939,25,750875
58940,25,750876
58941,25,750877
58942,25,750878
58943,25,750879
58944,25,750880
58945,25,750881
58946,25,750882
58947,25,750883
58948,25,750884
58949,25,750885
58950,25,750886
58951,25,750887
58952,25,750888
58953,25,750889
58954,25,750890
58955,25,750891
58956,25,750892
58957,25,750893
58958,25,750894
58959,25,750895
58960,25,750896
58961,25,750897
58962,25,750898
58963,25,750899
58964,25,750900
58965,25,750901
58966,25,750902
58967,25,750903
58968,25,750904
58969,25,750905
58970,25,750906
58971,25,750907
58972,25,750908
58973,25,750909
58974,25,750910
58975,25,750911
58976,25,750912
58977,25,750786
58978,25,750787
58979,25,750788
58980,25,750789
58981,25,750790
58982,25,750791
58983,25,750792
58984,25,750793
58985,25,750794
58986,25,750795
58987,25,750796
58988,25,750797
58989,25,750798
58990,25,750799
58991,25,750800
58992,25,750801
58993,25,750802
58994,25,750803
58995,25,750804
58996,25,750805
58997,25,750806
58998,25,750807
58999,25,750808
59000,25,750809
59001,25,750810
59002,25,750811
59003,25,750812
59004,25,750813
59005,25,750814
59006,25,750815
59007,25,750816
59008,25,750817
59009,25,750818
59010,25,750819
59011,25,750820
59012,25,750821
59013,25,750822
59014,25,750823
59015,25,750824
59016,25,750825
59017,25,750826
59018,25,750827
59019,25,750828
59020,25,750829
59021,25,750830
59022,25,750831
59023,25,750832
59024,25,750833
59025,25,750834
59026,25,750835
59027,25,750836
59028,25,750837
59029,25,750838
59030,25,750839
59031,25,750840
59032,25,750841
59033,25,750842
59034,25,750843
59035,25,750844
59036,25,750845
59037,25,750846
59038,25,750847
59039,25,750848
59040,25,750849
59041,25,750850
59042,25,750851
59043,25,750852
59044,25,750853
59045,25,750854
59046,25,750855
59047,25,750856
59048,25,750857
59049,25,750858
59050,25,750859
59051,25,750860
59052,25,750861
59053,25,750862
59054,25,750863
59055,25,750864
59056,25,750865
59057,25,750866
59058,25,750867
59059,25,750868
59060,25,750869
59061,25,750870
59062,25,750871
59063,25,750872
59064,25,750873
59065,25,750874
59066,25,750875
59067,25,750876
59068,25,750877
59069,25,750878
59070,25,750879
59071,25,750880
59072,25,750881
59073,25,750882
59074,25,750883
59075,25,750884
59076,25,750885
59077,25,750886
59078,25,750887
59079,25,750888
59080,25,750889
59081,25,750890
59082,25,750891
59083,25,750892
59084,25,750893
59085,25,750894
59086,25,750895
59087,25,750896
59088,25,750897
59089,25,750898
59090,25,750899
59091,25,750900
59092,25,750901
59093,25,750902
59094,25,750903
59095,25,750904
59096,25,750905
59097,25,750906
59098,25,750907
59099,25,750908
59100,25,750909
59101,25,750910
59102,25,750911
59103,25,750912
59104,25,750786
59105,25,750787
59106,25,750788
59107,25,750789
59108,25,750790
59109,25,750791
59110,25,750792
59111,25,750793
59112,25,750794
59113,25,750795
59114,25,750796
59115,25,750797
59116,25,750798
59117,25,750799
59118,25,750800
59119,25,750801
59120,25,750802
59121,25,750803
59122,25,750804
59123,25,750805
59124,25,750806
59125,25,750807
59126,25,750808
59127,25,750809
59128,25,750810
59129,25,750811
59130,25,750812
59131,25,750813
59132,25,750814
59133,25,750815
59134,25,750816
59135,25,750817
59136,25,750818
59137,25,750819
59138,25,750820
59139,25,750821
59140,25,750822
59141,25,750823
59142,25,750824
59143,25,750825
59144,25,750826
59145,25,750827
59146,25,750828
59147,25,750829
59148,25,750830
59149,25,750831
59150,25,750832
59151,25,750833
59152,25,750834
59153,25,750835
59154,25,750836
59155,25,750837
59156,25,750838
59157,25,750839
59158,25,750840
59159,25,750841
59160,25,750842
59161,25,750843
59162,25,750844
59163,25,750845
59164,25,750846
59165,25,750847
59166,25,750848
59167,25,750849
59168,25,750850
59169,25,750851
59170,25,750852
59171,25,750853
59172,25,750854
59173,25,750855
59174,25,750856
59175,25,750857
59176,25,750858
59177,25,750859
59178,25,750860
59179,25,750861
59180,25,750862
59181,25,750863
59182,25,750864
59183,25,750865
59184,25,750866
59185,25,750867
59186,25,750868
59187,25,750869
59188,25,750870
59189,25,750871
59190,25,750872
59191,25,750873
59192,25,750874
59193,25,750875
59194,25,750876
59195,25,750877
59196,25,750878
59197,25,750879
59198,25,750880
59199,25,750881
59200,25,750882
59201,25,750883
59202,25,750884
59203,25,750885
59204,25,750886
59205,25,750887
59206,25,750888
59207,25,750889
59208,25,750890
59209,25,750891
59210,25,750892
59211,25,750893
59212,25,750894
59213,25,750895
59214,25,750896
59215,25,750897
59216,25,750898
59217,25,750899
59218,25,750900
59219,25,750901
59220,25,750902
59221,25,750903
59222,25,750904
59223,25,750905
59224,25,750906
59225,25,750907
59226,25,750908
59227,25,750909
59228,25,750910
59229,25,750911
59230,25,750912
59231,25,750786
59232,25,750787
59233,25,750788
59234,25,750789
59235,25,750790
59236,25,750791
59237,25,750792
59238,25,750793
59239,25,750794
59240,25,750795
59241,25,750796
59242,25,750797
59243,25,750798
59244,25,750799
59245,25,750800
59246,25,750801
59247,25,750802
59248,25,750803
59249,25,750804
59250,25,750805
59251,25,750806
59252,25,750807
59253,25,750808
59254,25,750809
59255,25,750810
59256,25,750811
59257,25,750812
59258,25,750813
59259,25,750814
59260,25,750815
59261,25,750816
59262,25,750817
59263,25,750818
59264,25,750819
59265,25,750820
59266,25,750821
59267,25,750822
59268,25,750823
59269,25,750824
59270,25,750825
59271,25,750826
59272,25,750827
59273,25,750828
59274,25,750829
59275,25,750830
59276,25,750831
59277,25,750832
59278,25,750833
59279,25,750834
59280,25,750835
59281,25,750836
59282,25,750837
59283,25,750838
59284,25,750839
59285,25,750840
59286,25,750841
59287,25,750842
59288,25,750843
59289,25,750844
59290,25,750845
59291,25,750846
59292,25,750847
59293,25,750848
59294,25,750849
59295,25,750850
59296,25,750851
59297,25,750852
59298,25,750853
59299,25,750854
59300,25,750855
59301,25,750856
59302,25,750857
59303,25,750858
59304,25,750859
59305,25,750860
59306,25,750861
59307,25,750862
59308,25,750863
59309,25,750864
59310,25,750865
59311,25,750866
59312,25,750867
59313,25,750868
59314,25,750869
59315,25,750870
59316,25,750871
59317,25,750872
59318,25,750873
59319,25,750874
59320,25,750875
59321,25,750876
59322,25,750877
59323,25,750878
59324,25,750879
59325,25,750880
59326,25,750881
59327,25,750882
59328,25,750883
59329,25,750884
59330,25,750885
59331,25,750886
59332,25,750887
59333,25,750888
59334,25,750889
59335,25,750890
59336,25,750891
59337,25,750892
59338,25,750893
59339,25,750894
59340,25,750895
59341,25,750896
59342,25,750897
59343,25,750898
59344,25,750899
59345,25,750900
59346,25,750901
59347,25,750902
59348,25,750903
59349,25,750904
59350,25,750905
59351,25,750906
59352,25,750907
59353,25,750908
59354,25,750909
59355,25,750910
59356,25,750911
59357,25,750912
59358,25,750786
59359,25,750787
59360,25,750788
59361,25,750789
59362,25,750790
59363,25,750791
59364,25,750792
59365,25,750793
59366,25,750794
59367,25,750795
59368,25,750796
59369,25,750797
59370,25,750798
59371,25,750799
59372,25,750800
59373,25,750801
59374,25,750802
59375,25,750803
59376,25,750804
59377,25,750805
59378,25,750806
59379,25,750807
59380,25,750808
59381,25,750809
59382,25,750810
59383,25,750811
59384,25,750812
59385,25,750813
59386,25,750814
59387,25,750815
59388,25,750816
59389,25,750817
59390,25,750818
59391,25,750819
59392,25,750820
59393,25,750821
59394,25,750822
59395,25,750823
59396,25,750824
59397,25,750825
59398,25,750826
59399,25,750827
59400,25,750828
59401,25,750829
59402,25,750830
59403,25,750831
59404,25,750832
59405,25,750833
59406,25,750834
59407,25,750835
59408,25,750836
59409,25,750837
59410,25,750838
59411,25,750839
59412,25,750840
59413,25,750841
59414,25,750842
59415,25,750843
59416,25,750844
59417,25,750845
59418,25,750846
59419,25,750847
59420,25,750848
59421,25,750849
59422,25,750850
59423,25,750851
59424,25,750852
59425,25,750853
59426,25,750854
59427,25,750855
59428,25,750856
59429,25,750857
59430,25,750858
59431,25,750859
59432,25,750860
59433,25,750861
59434,25,750862
59435,25,750863
59436,25,750864
59437,25,750865
59438,25,750866
59439,25,750867
59440,25,750868
59441,25,750869
59442,25,750870
59443,25,750871
59444,25,750872
59445,25,750873
59446,25,750874
59447,25,750875
59448,25,750876
59449,25,750877
59450,25,750878
59451,25,750879
59452,25,750880
59453,25,750881
59454,25,750882
59455,25,750883
59456,25,750884
59457,25,750885
59458,25,750886
59459,25,750887
59460,25,750888
59461,25,750889
59462,25,750890
59463,25,750891
59464,25,750892
59465,25,750893
59466,25,750894
59467,25,750895
59468,25,750896
59469,25,750897
59470,25,750898
59471,25,750899
59472,25,750900
59473,25,750901
59474,25,750902
59475,25,750903
59476,25,750904
59477,25,750905
59478,25,750906
59479,25,750907
59480,25,750908
59481,25,750909
59482,25,750910
59483,25,750911
59484,25,750912
59485,25,750786
59486,25,750787
59487,25,750788
59488,25,750789
59489,25,750790
59490,25,750791
59491,25,750792
59492,25,750793
59493,25,750794
59494,25,750795
59495,25,750796
59496,25,750797
59497,25,750798
59498,25,750799
59499,25,750800
59500,25,750801
59501,25,750802
59502,25,750803
59503,25,750804
59504,25,750805
59505,25,750806
59506,25,750807
59507,25,750808
59508,25,750809
59509,25,750810
59510,25,750811
59511,25,750812
59512,25,750813
59513,25,750814
59514,25,750815
59515,25,750816
59516,25,750817
59517,25,750818
59518,25,750819
59519,25,750820
59520,25,750821
59521,25,750822
59522,25,750823
59523,25,750824
59524,25,750825
59525,25,750826
59526,25,750827
59527,25,750828
59528,25,750829
59529,25,750830
59530,25,750831
59531,25,750832
59532,25,750833
59533,25,750834
59534,25,750835
59535,25,750836
59536,25,750837
59537,25,750838
59538,25,750839
59539,25,750840
59540,25,750841
59541,25,750842
59542,25,750843
59543,25,750844
59544,25,750845
59545,25,750846
59546,25,750847
59547,25,750848
59548,25,750849
59549,25,750850
59550,25,750851
59551,25,750852
59552,25,750853
59553,25,750854
59554,25,750855
59555,25,750856
59556,25,750857
59557,25,750858
59558,25,750859
59559,25,750860
59560,25,750861
59561,25,750862
59562,25,750863
59563,25,750864
59564,25,750865
59565,25,750866
59566,25,750867
59567,25,750868
59568,25,750869
59569,25,750870
59570,25,750871
59571,25,750872
59572,25,750873
59573,25,750874
59574,25,750875
59575,25,750876
59576,25,750877
59577,25,750878
59578,25,750879
59579,25,750880
59580,25,750881
59581,25,750882
59582,25,750883
59583,25,750884
59584,25,750885
59585,25,750886
59586,25,750887
59587,25,750888
59588,25,750889
59589,25,750890
59590,25,750891
59591,25,750892
59592,25,750893
59593,25,750894
59594,25,750895
59595,25,750896
59596,25,750897
59597,25,750898
59598,25,750899
59599,25,750900
59600,25,750901
59601,25,750902
59602,25,750903
59603,25,750904
59604,25,750905
59605,25,750906
59606,25,750907
59607,25,750908
59608,25,750909
59609,25,750910
59610,25,750911
59611,25,750912
59612,25,750786
59613,25,750787
59614,25,750788
59615,25,750789
59616,25,750790
59617,25,750791
59618,25,750792
59619,25,750793
59620,25,750794
59621,25,750795
59622,25,750796
59623,25,750797
59624,25,750798
59625,25,750799
59626,25,750800
59627,25,750801
59628,25,750802
59629,25,750803
59630,25,750804
59631,25,750805
59632,25,750806
59633,25,750807
59634,25,750808
59635,25,750809
59636,25,750810
59637,25,750811
59638,25,750812
59639,25,750813
59640,25,750814
59641,25,750815
59642,25,750816
59643,25,750817
59644,25,750818
59645,25,750819
59646,25,750820
59647,25,750821
59648,25,750822
59649,25,750823
59650,25,750824
59651,25,750825
59652,25,750826
59653,25,750827
59654,25,750828
59655,25,750829
59656,25,750830
59657,25,750831
59658,25,750832
59659,25,750833
59660,25,750834
59661,25,750835
59662,25,750836
59663,25,750837
59664,25,750838
59665,25,750839
59666,25,750840
59667,25,750841
59668,25,750842
59669,25,750843
59670,25,750844
59671,25,750845
59672,25,750846
59673,25,750847
59674,25,750848
59675,25,750849
59676,25,750850
59677,25,750851
59678,25,750852
59679,25,750853
59680,25,750854
59681,25,750855
59682,25,750856
59683,25,750857
59684,25,750858
59685,25,750859
59686,25,750860
59687,25,750861
59688,25,750862
59689,25,750863
59690,25,750864
59691,25,750865
59692,25,750866
59693,25,750867
59694,25,750868
59695,25,750869
59696,25,750870
59697,25,750871
59698,25,750872
59699,25,750873
59700,25,750874
59701,25,750875
59702,25,750876
59703,25,750877
59704,25,750878
59705,25,750879
59706,25,750880
59707,25,750881
59708,25,750882
59709,25,750883
59710,25,750884
59711,25,750885
59712,25,750886
59713,25,750887
59714,25,750888
59715,25,750889
59716,25,750890
59717,25,750891
59718,25,750892
59719,25,750893
59720,25,750894
59721,25,750895
59722,25,750896
59723,25,750897
59724,25,750898
59725,25,750899
59726,25,750900
59727,25,750901
59728,25,750902
59729,25,750903
59730,25,750904
59731,25,750905
59732,25,750906
59733,25,750907
59734,25,750908
59735,25,750909
59736,25,750910
59737,25,750911
59738,25,750912
59739,25,750786
59740,25,750787
59741,25,750788
59742,25,750789
59743,25,750790
59744,25,750791
59745,25,750792
59746,25,750793
59747,25,750794
59748,25,750795
59749,25,750796
59750,25,750797
59751,25,750798
59752,25,750799
59753,25,750800
59754,25,750801
59755,25,750802
59756,25,750803
59757,25,750804
59758,25,750805
59759,25,750806
59760,25,750807
59761,25,750808
59762,25,750809
59763,25,750810
59764,25,750811
59765,25,750812
59766,25,750813
59767,25,750814
59768,25,750815
59769,25,750816
59770,25,750817
59771,25,750818
59772,25,750819
59773,25,750820
59774,25,750821
59775,25,750822
59776,25,750823
59777,25,750824
59778,25,750825
59779,25,750826
59780,25,750827
59781,25,750828
59782,25,750829
59783,25,750830
59784,25,750831
59785,25,750832
59786,25,750833
59787,25,750834
59788,25,750835
59789,25,750836
59790,25,750837
59791,25,750838
59792,25,750839
59793,25,750840
59794,25,750841
59795,25,750842
59796,25,750843
59797,25,750844
59798,25,750845
59799,25,750846
59800,25,750847
59801,25,750848
59802,25,750849
59803,25,750850
59804,25,750851
59805,25,750852
59806,25,750853
59807,25,750854
59808,25,750855
59809,25,750856
59810,25,750857
59811,25,750858
59812,25,750859
59813,25,750860
59814,25,750861
59815,25,750862
59816,25,750863
59817,25,750864
59818,25,750865
59819,25,750866
59820,25,750867
59821,25,750868
59822,25,750869
59823,25,750870
59824,25,750871
59825,25,750872
59826,25,750873
59827,25,750874
59828,25,750875
59829,25,750876
59830,25,750877
59831,25,750878
59832,25,750879
59833,25,750880
59834,25,750881
59835,25,750882
59836,25,750883
59837,25,750884
59838,25,750885
59839,25,750886
59840,25,750887
59841,25,750888
59842,25,750889
59843,25,750890
59844,25,750891
59845,25,750892
59846,25,750893
59847,25,750894
59848,25,750895
59849,25,750896
59850,25,750897
59851,25,750898
59852,25,750899
59853,25,750900
59854,25,750901
59855,25,750902
59856,25,750903
59857,25,750904
59858,25,750905
59859,25,750906
59860,25,750907
59861,25,750908
59862,25,750909
59863,25,750910
59864,25,750911
59865,25,750912
59866,25,750786
59867,25,750787
59868,25,750788
59869,25,750789
59870,25,750790
59871,25,750791
59872,25,750792
59873,25,750793
59874,25,750794
59875,25,750795
59876,25,750796
59877,25,750797
59878,25,750798
59879,25,750799
59880,25,750800
59881,25,750801
59882,25,750802
59883,25,750803
59884,25,750804
59885,25,750805
59886,25,750806
59887,25,750807
59888,25,750808
59889,25,750809
59890,25,750810
59891,25,750811
59892,25,750812
59893,25,750813
59894,25,750814
59895,25,750815
59896,25,750816
59897,25,750817
59898,25,750818
59899,25,750819
59900,25,750820
59901,25,750821
59902,25,750822
59903,25,750823
59904,25,750824
59905,25,750825
59906,25,750826
59907,25,750827
59908,25,750828
59909,25,750829
59910,25,750830
59911,25,750831
59912,25,750832
59913,25,750833
59914,25,750834
59915,25,750835
59916,25,750836
59917,25,750837
59918,25,750838
59919,25,750839
59920,25,750840
59921,25,750841
59922,25,750842
59923,25,750843
59924,25,750844
59925,25,750845
59926,25,750846
59927,25,750847
59928,25,750848
59929,25,750849
59930,25,750850
59931,25,750851
59932,25,750852
59933,25,750853
59934,25,750854
59935,25,750855
59936,25,750856
59937,25,750857
59938,25,750858
59939,25,750859
59940,25,750860
59941,25,750861
59942,25,750862
59943,25,750863
59944,25,750864
59945,25,750865
59946,25,750866
59947,25,750867
59948,25,750868
59949,25,750869
59950,25,750870
59951,25,750871
59952,25,750872
59953,25,750873
59954,25,750874
59955,25,750875
59956,25,750876
59957,25,750877
59958,25,750878
59959,25,750879
59960,25,750880
59961,25,750881
59962,25,750882
59963,25,750883
59964,25,750884
59965,25,750885
59966,25,750886
59967,25,750887
59968,25,750888
59969,25,750889
59970,25,750890
59971,25,750891
59972,25,750892
59973,25,750893
59974,25,750894
59975,25,750895
59976,25,750896
59977,25,750897
59978,25,750898
59979,25,750899
59980,25,750900
59981,25,750901
59982,25,750902
59983,25,750903
59984,25,750904
59985,25,750905
59986,25,750906
59987,25,750907
59988,25,750908
59989,25,750909
59990,25,750910
59991,25,750911
59992,25,750912
59993,25,750786
59994,25,750787
59995,25,750788
59996,25,750789
59997,25,750790
59998,25,750791
59999,25,750792
60000,25,750793
60001,25,750794
60002,25,750795
60003,25,750796
60004,25,750797
60005,25,750798
60006,25,750799
60007,25,750800
60008,25,750801
60009,25,750802
60010,25,750803
60011,25,750804
60012,25,750805
60013,25,750806
60014,25,750807
60015,25,750808
60016,25,750809
60017,25,750810
60018,25,750811
60019,25,750812
60020,25,750813
60021,25,750814
60022,25,750815
60023,25,750816
60024,25,750817
60025,25,750818
60026,25,750819
60027,25,750820
60028,25,750821
60029,25,750822
60030,25,750823
60031,25,750824
60032,25,750825
60033,25,750826
60034,25,750827
60035,25,750828
60036,25,750829
60037,25,750830
60038,25,750831
60039,25,750832
60040,25,750833
60041,25,750834
60042,25,750835
60043,25,750836
60044,25,750837
60045,25,750838
60046,25,750839
60047,25,750840
60048,25,750841
60049,25,750842
60050,25,750843
60051,25,750844
60052,25,750845
60053,25,750846
60054,25,750847
60055,25,750848
60056,25,750849
60057,25,750850
60058,25,750851
60059,25,750852
60060,25,750853
60061,25,750854
60062,25,750855
60063,25,750856
60064,25,750857
60065,25,750858
60066,25,750859
60067,25,750860
60068,25,750861
60069,25,750862
60070,25,750863
60071,25,750864
60072,25,750865
60073,25,750866
60074,25,750867
60075,25,750868
60076,25,750869
60077,25,750870
60078,25,750871
60079,25,750872
60080,25,750873
60081,25,750874
60082,25,750875
60083,25,750876
60084,25,750877
60085,25,750878
60086,25,750879
60087,25,750880
60088,25,750881
60089,25,750882
60090,25,750883
60091,25,750884
60092,25,750885
60093,25,750886
60094,25,750887
60095,25,750888
60096,25,750889
60097,25,750890
60098,25,750891
60099,25,750892
60100,25,750893
60101,25,750894
60102,25,750895
60103,25,750896
60104,25,750897
60105,25,750898
60106,25,750899
60107,25,750900
60108,25,750901
60109,25,750902
60110,25,750903
60111,25,750904
60112,25,750905
60113,25,750906
60114,25,750907
60115,25,750908
60116,25,750909
60117,25,750910
60118,25,750911
60119,25,750912
60120,25,750786
60121,25,750787
60122,25,750788
60123,25,750789
60124,25,750790
60125,25,750791
60126,25,750792
60127,25,750793
60128,25,750794
60129,25,750795
60130,25,750796
60131,25,750797
60132,25,750798
60133,25,750799
60134,25,750800
60135,25,750801
60136,25,750802
60137,25,750803
60138,25,750804
60139,25,750805
60140,25,750806
60141,25,750807
60142,25,750808
60143,25,750809
60144,25,750810
60145,25,750811
60146,25,750812
60147,25,750813
60148,25,750814
60149,25,750815
60150,25,750816
60151,25,750817
60152,25,750818
60153,25,750819
60154,25,750820
60155,25,750821
60156,25,750822
60157,25,750823
60158,25,750824
60159,25,750825
60160,25,750826
60161,25,750827
60162,25,750828
60163,25,750829
60164,25,750830
60165,25,750831
60166,25,750832
60167,25,750833
60168,25,750834
60169,25,750835
60170,25,750836
60171,25,750837
60172,25,750838
60173,25,750839
60174,25,750840
60175,25,750841
60176,25,750842
60177,25,750843
60178,25,750844
60179,25,750845
60180,25,750846
60181,25,750847
60182,25,750848
60183,25,750849
60184,25,750850
60185,25,750851
60186,25,750852
60187,25,750853
60188,25,750854
60189,25,750855
60190,25,750856
60191,25,750857
60192,25,750858
60193,25,750859
60194,25,750860
60195,25,750861
60196,25,750862
60197,25,750863
60198,25,750864
60199,25,750865
60200,25,750866
60201,25,750867
60202,25,750868
60203,25,750869
60204,25,750870
60205,25,750871
60206,25,750872
60207,25,750873
60208,25,750874
60209,25,750875
60210,25,750876
60211,25,750877
60212,25,750878
60213,25,750879
60214,25,750880
60215,25,750881
60216,25,750882
60217,25,750883
60218,25,750884
60219,25,750885
60220,25,750886
60221,25,750887
60222,25,750888
60223,25,750889
60224,25,750890
60225,25,750891
60226,25,750892
60227,25,750893
60228,25,750894
60229,25,750895
60230,25,750896
60231,25,750897
60232,25,750898
60233,25,750899
60234,25,750900
60235,25,750901
60236,25,750902
60237,25,750903
60238,25,750904
60239,25,750905
60240,25,750906
60241,25,750907
60242,25,750908
60243,25,750909
60244,25,750910
60245,25,750911
60246,25,750912
60247,25,750786
60248,25,750787
60249,25,750788
60250,25,750789
60251,25,750790
60252,25,750791
60253,25,750792
60254,25,750793
60255,25,750794
60256,25,750795
60257,25,750796
60258,25,750797
60259,25,750798
60260,25,750799
60261,25,750800
60262,25,750801
60263,25,750802
60264,25,750803
60265,25,750804
60266,25,750805
60267,25,750806
60268,25,750807
60269,25,750808
60270,25,750809
60271,25,750810
60272,25,750811
60273,25,750812
60274,25,750813
60275,25,750814
60276,25,750815
60277,25,750816
60278,25,750817
60279,25,750818
60280,25,750819
60281,25,750820
60282,25,750821
60283,25,750822
60284,25,750823
60285,25,750824
60286,25,750825
60287,25,750826
60288,25,750827
60289,25,750828
60290,25,750829
60291,25,750830
60292,25,750831
60293,25,750832
60294,25,750833
60295,25,750834
60296,25,750835
60297,25,750836
60298,25,750837
60299,25,750838
60300,25,750839
60301,25,750840
60302,25,750841
60303,25,750842
60304,25,750843
60305,25,750844
60306,25,750845
60307,25,750846
60308,25,750847
60309,25,750848
60310,25,750849
60311,25,750850
60312,25,750851
60313,25,750852
60314,25,750853
60315,25,750854
60316,25,750855
60317,25,750856
60318,25,750857
60319,25,750858
60320,25,750859
60321,25,750860
60322,25,750861
60323,25,750862
60324,25,750863
60325,25,750864
60326,25,750865
60327,25,750866
60328,25,750867
60329,25,750868
60330,25,750869
60331,25,750870
60332,25,750871
60333,25,750872
60334,25,750873
60335,25,750874
60336,25,750875
60337,25,750876
60338,25,750877
60339,25,750878
60340,25,750879
60341,25,750880
60342,25,750881
60343,25,750882
60344,25,750883
60345,25,750884
60346,25,750885
60347,25,750886
60348,25,750887
60349,25,750888
60350,25,750889
60351,25,750890
60352,25,750891
60353,25,750892
60354,25,750893
60355,25,750894
60356,25,750895
60357,25,750896
60358,25,750897
60359,25,750898
60360,25,750899
60361,25,750900
60362,25,750901
60363,25,750902
60364,25,750903
60365,25,750904
60366,25,750905
60367,25,750906
60368,25,750907
60369,25,750908
60370,25,750909
60371,25,750910
60372,25,750911
60373,25,750912
60374,25,750786
60375,25,750787
60376,25,750788
60377,25,750789
60378,25,750790
60379,25,750791
60380,25,750792
60381,25,750793
60382,25,750794
60383,25,750795
60384,25,750796
60385,25,750797
60386,25,750798
60387,25,750799
60388,25,750800
60389,25,750801
60390,25,750802
60391,25,750803
60392,25,750804
60393,25,750805
60394,25,750806
60395,25,750807
60396,25,750808
60397,25,750809
60398,25,750810
60399,25,750811
60400,25,750812
60401,25,750813
60402,25,750814
60403,25,750815
60404,25,750816
60405,25,750817
60406,25,750818
60407,25,750819
60408,25,750820
60409,25,750821
60410,25,750822
60411,25,750823
60412,25,750824
60413,25,750825
60414,25,750826
60415,25,750827
60416,25,750828
60417,25,750829
60418,25,750830
60419,25,750831
60420,25,750832
60421,25,750833
60422,25,750834
60423,25,750835
60424,25,750836
60425,25,750837
60426,25,750838
60427,25,750839
60428,25,750840
60429,25,750841
60430,25,750842
60431,25,750843
60432,25,750844
60433,25,750845
60434,25,750846
60435,25,750847
60436,25,750848
60437,25,750849
60438,25,750850
60439,25,750851
60440,25,750852
60441,25,750853
60442,25,750854
60443,25,750855
60444,25,750856
60445,25,750857
60446,25,750858
60447,25,750859
60448,25,750860
60449,25,750861
60450,25,750862
60451,25,750863
60452,25,750864
60453,25,750865
60454,25,750866
60455,25,750867
60456,25,750868
60457,25,750869
60458,25,750870
60459,25,750871
60460,25,750872
60461,25,750873
60462,25,750874
60463,25,750875
60464,25,750876
60465,25,750877
60466,25,750878
60467,25,750879
60468,25,750880
60469,25,750881
60470,25,750882
60471,25,750883
60472,25,750884
60473,25,750885
60474,25,750886
60475,25,750887
60476,25,750888
60477,25,750889
60478,25,750890
60479,25,750891
60480,25,750892
60481,25,750893
60482,25,750894
60483,25,750895
60484,25,750896
60485,25,750897
60486,25,750898
60487,25,750899
60488,25,750900
60489,25,750901
60490,25,750902
60491,25,750903
60492,25,750904
60493,25,750905
60494,25,750906
60495,25,750907
60496,25,750908
60497,25,750909
60498,25,750910
60499,25,750911
60500,25,750912
60501,25,750786
60502,25,750787
60503,25,750788
60504,25,750789
60505,25,750790
60506,25,750791
60507,25,750792
60508,25,750793
60509,25,750794
60510,25,750795
60511,25,750796
60512,25,750797
60513,25,750798
60514,25,750799
60515,25,750800
60516,25,750801
60517,25,750802
60518,25,750803
60519,25,750804
60520,25,750805
60521,25,750806
60522,25,750807
60523,25,750808
60524,25,750809
60525,25,750810
60526,25,750811
60527,25,750812
60528,25,750813
60529,25,750814
60530,25,750815
60531,25,750816
60532,25,750817
60533,25,750818
60534,25,750819
60535,25,750820
60536,25,750821
60537,25,750822
60538,25,750823
60539,25,750824
60540,25,750825
60541,25,750826
60542,25,750827
60543,25,750828
60544,25,750829
60545,25,750830
60546,25,750831
60547,25,750832
60548,25,750833
60549,25,750834
60550,25,750835
60551,25,750836
60552,25,750837
60553,25,750838
60554,25,750839
60555,25,750840
60556,25,750841
60557,25,750842
60558,25,750843
60559,25,750844
60560,25,750845
60561,25,750846
60562,25,750847
60563,25,750848
60564,25,750849
60565,25,750850
60566,25,750851
60567,25,750852
60568,25,750853
60569,25,750854
60570,25,750855
60571,25,750856
60572,25,750857
60573,25,750858
60574,25,750859
60575,25,750860
60576,25,750861
60577,25,750862
60578,25,750863
60579,25,750864
60580,25,750865
60581,25,750866
60582,25,750867
60583,25,750868
60584,25,750869
60585,25,750870
60586,25,750871
60587,25,750872
60588,25,750873
60589,25,750874
60590,25,750875
60591,25,750876
60592,25,750877
60593,25,750878
60594,25,750879
60595,25,750880
60596,25,750881
60597,25,750882
60598,25,750883
60599,25,750884
60600,25,750885
60601,25,750886
60602,25,750887
60603,25,750888
60604,25,750889
60605,25,750890
60606,25,750891
60607,25,750892
60608,25,750893
60609,25,750894
60610,25,750895
60611,25,750896
60612,25,750897
60613,25,750898
60614,25,750899
60615,25,750900
60616,25,750901
60617,25,750902
60618,25,750903
60619,25,750904
60620,25,750905
60621,25,750906
60622,25,750907
60623,25,750908
60624,25,750909
60625,25,750910
60626,25,750911
60627,25,750912
60628,25,750786
60629,25,750787
60630,25,750788
60631,25,750789
60632,25,750790
60633,25,750791
60634,25,750792
60635,25,750793
60636,25,750794
60637,25,750795
60638,25,750796
60639,25,750797
60640,25,750798
60641,25,750799
60642,25,750800
60643,25,750801
60644,25,750802
60645,25,750803
60646,25,750804
60647,25,750805
60648,25,750806
60649,25,750807
60650,25,750808
60651,25,750809
60652,25,750810
60653,25,750811
60654,25,750812
60655,25,750813
60656,25,750814
60657,25,750815
60658,25,750816
60659,25,750817
60660,25,750818
60661,25,750819
60662,25,750820
60663,25,750821
60664,25,750822
60665,25,750823
60666,25,750824
60667,25,750825
60668,25,750826
60669,25,750827
60670,25,750828
60671,25,750829
60672,25,750830
60673,25,750831
60674,25,750832
60675,25,750833
60676,25,750834
60677,25,750835
60678,25,750836
60679,25,750837
60680,25,750838
60681,25,750839
60682,25,750840
60683,25,750841
60684,25,750842
60685,25,750843
60686,25,750844
60687,25,750845
60688,25,750846
60689,25,750847
60690,25,750848
60691,25,750849
60692,25,750850
60693,25,750851
60694,25,750852
60695,25,750853
60696,25,750854
60697,25,750855
60698,25,750856
60699,25,750857
60700,25,750858
60701,25,750859
60702,25,750860
60703,25,750861
60704,25,750862
60705,25,750863
60706,25,750864
60707,25,750865
60708,25,750866
60709,25,750867
60710,25,750868
60711,25,750869
60712,25,750870
60713,25,750871
60714,25,750872
60715,25,750873
60716,25,750874
60717,25,750875
60718,25,750876
60719,25,750877
60720,25,750878
60721,25,750879
60722,25,750880
60723,25,750881
60724,25,750882
60725,25,750883
60726,25,750884
60727,25,750885
60728,25,750886
60729,25,750887
60730,25,750888
60731,25,750889
60732,25,750890
60733,25,750891
60734,25,750892
60735,25,750893
60736,25,750894
60737,25,750895
60738,25,750896
60739,25,750897
60740,25,750898
60741,25,750899
60742,25,750900
60743,25,750901
60744,25,750902
60745,25,750903
60746,25,750904
60747,25,750905
60748,25,750906
60749,25,750907
60750,25,750908
60751,25,750909
60752,25,750910
60753,25,750911
60754,25,750912
60755,25,750786
60756,25,750787
60757,25,750788
60758,25,750789
60759,25,750790
60760,25,750791
60761,25,750792
60762,25,750793
60763,25,750794
60764,25,750795
60765,25,750796
60766,25,750797
60767,25,750798
60768,25,750799
60769,25,750800
60770,25,750801
60771,25,750802
60772,25,750803
60773,25,750804
60774,25,750805
60775,25,750806
60776,25,750807
60777,25,750808
60778,25,750809
60779,25,750810
60780,25,750811
60781,25,750812
60782,25,750813
60783,25,750814
60784,25,750815
60785,25,750816
60786,25,750817
60787,25,750818
60788,25,750819
60789,25,750820
60790,25,750821
60791,25,750822
60792,25,750823
60793,25,750824
60794,25,750825
60795,25,750826
60796,25,750827
60797,25,750828
60798,25,750829
60799,25,750830
60800,25,750831
60801,25,750832
60802,25,750833
60803,25,750834
60804,25,750835
60805,25,750836
60806,25,750837
60807,25,750838
60808,25,750839
60809,25,750840
60810,25,750841
60811,25,750842
60812,25,750843
60813,25,750844
60814,25,750845
60815,25,750846
60816,25,750847
60817,25,750848
60818,25,750849
60819,25,750850
60820,25,750851
60821,25,750852
60822,25,750853
60823,25,750854
60824,25,750855
60825,25,750856
60826,25,750857
60827,25,750858
60828,25,750859
60829,25,750860
60830,25,750861
60831,25,750862
60832,25,750863
60833,25,750864
60834,25,750865
60835,25,750866
60836,25,750867
60837,25,750868
60838,25,750869
60839,25,750870
60840,25,750871
60841,25,750872
60842,25,750873
60843,25,750874
60844,25,750875
60845,25,750876
60846,25,750877
60847,25,750878
60848,25,750879
60849,25,750880
60850,25,750881
60851,25,750882
60852,25,750883
60853,25,750884
60854,25,750885
60855,25,750886
60856,25,750887
60857,25,750888
60858,25,750889
60859,25,750890
60860,25,750891
60861,25,750892
60862,25,750893
60863,25,750894
60864,25,750895
60865,25,750896
60866,25,750897
60867,25,750898
60868,25,750899
60869,25,750900
60870,25,750901
60871,25,750902
60872,25,750903
60873,25,750904
60874,25,750905
60875,25,750906
60876,25,750907
60877,25,750908
60878,25,750909
60879,25,750910
60880,25,750911
60881,25,750912
60882,25,750786
60883,25,750787
60884,25,750788
60885,25,750789
60886,25,750790
60887,25,750791
60888,25,750792
60889,25,750793
60890,25,750794
60891,25,750795
60892,25,750796
60893,25,750797
60894,25,750798
60895,25,750799
60896,25,750800
60897,25,750801
60898,25,750802
60899,25,750803
60900,25,750804
60901,25,750805
60902,25,750806
60903,25,750807
60904,25,750808
60905,25,750809
60906,25,750810
60907,25,750811
60908,25,750812
60909,25,750813
60910,25,750814
60911,25,750815
60912,25,750816
60913,25,750817
60914,25,750818
60915,25,750819
60916,25,750820
60917,25,750821
60918,25,750822
60919,25,750823
60920,25,750824
60921,25,750825
60922,25,750826
60923,25,750827
60924,25,750828
60925,25,750829
60926,25,750830
60927,25,750831
60928,25,750832
60929,25,750833
60930,25,750834
60931,25,750835
60932,25,750836
60933,25,750837
60934,25,750838
60935,25,750839
60936,25,750840
60937,25,750841
60938,25,750842
60939,25,750843
60940,25,750844
60941,25,750845
60942,25,750846
60943,25,750847
60944,25,750848
60945,25,750849
60946,25,750850
60947,25,750851
60948,25,750852
60949,25,750853
60950,25,750854
60951,25,750855
60952,25,750856
60953,25,750857
60954,25,750858
60955,25,750859
60956,25,750860
60957,25,750861
60958,25,750862
60959,25,750863
60960,25,750864
60961,25,750865
60962,25,750866
60963,25,750867
60964,25,750868
60965,25,750869
60966,25,750870
60967,25,750871
60968,25,750872
60969,25,750873
60970,25,750874
60971,25,750875
60972,25,750876
60973,25,750877
60974,25,750878
60975,25,750879
60976,25,750880
60977,25,750881
60978,25,750882
60979,25,750883
60980,25,750884
60981,25,750885
60982,25,750886
60983,25,750887
60984,25,750888
60985,25,750889
60986,25,750890
60987,25,750891
60988,25,750892
60989,25,750893
60990,25,750894
60991,25,750895
60992,25,750896
60993,25,750897
60994,25,750898
60995,25,750899
60996,25,750900
60997,25,750901
60998,25,750902
60999,25,750903
61000,25,750904
61001,25,750905
61002,25,750906
61003,25,750907
61004,25,750908
61005,25,750909
61006,25,750910
61007,25,750911
61008,25,750912
61009,25,750786
61010,25,750787
61011,25,750788
61012,25,750789
61013,25,750790
61014,25,750791
61015,25,750792
61016,25,750793
61017,25,750794
61018,25,750795
61019,25,750796
61020,25,750797
61021,25,750798
61022,25,750799
61023,25,750800
61024,25,750801
61025,25,750802
61026,25,750803
61027,25,750804
61028,25,750805
61029,25,750806
61030,25,750807
61031,25,750808
61032,25,750809
61033,25,750810
61034,25,750811
61035,25,750812
61036,25,750813
61037,25,750814
61038,25,750815
61039,25,750816
61040,25,750817
61041,25,750818
61042,25,750819
61043,25,750820
61044,25,750821
61045,25,750822
61046,25,750823
61047,25,750824
61048,25,750825
61049,25,750826
61050,25,750827
61051,25,750828
61052,25,750829
61053,25,750830
61054,25,750831
61055,25,750832
61056,25,750833
61057,25,750834
61058,25,750835
61059,25,750836
61060,25,750837
61061,25,750838
61062,25,750839
61063,25,750840
61064,25,750841
61065,25,750842
61066,25,750843
61067,25,750844
61068,25,750845
61069,25,750846
61070,25,750847
61071,25,750848
61072,25,750849
61073,25,750850
61074,25,750851
61075,25,750852
61076,25,750853
61077,25,750854
61078,25,750855
61079,25,750856
61080,25,750857
61081,25,750858
61082,25,750859
61083,25,750860
61084,25,750861
61085,25,750862
61086,25,750863
61087,25,750864
61088,25,750865
61089,25,750866
61090,25,750867
61091,25,750868
61092,25,750869
61093,25,750870
61094,25,750871
61095,25,750872
61096,25,750873
61097,25,750874
61098,25,750875
61099,25,750876
61100,25,750877
61101,25,750878
61102,25,750879
61103,25,750880
61104,25,750881
61105,25,750882
61106,25,750883
61107,25,750884
61108,25,750885
61109,25,750886
61110,25,750887
61111,25,750888
61112,25,750889
61113,25,750890
61114,25,750891
61115,25,750892
61116,25,750893
61117,25,750894
61118,25,750895
61119,25,750896
61120,25,750897
61121,25,750898
61122,25,750899
61123,25,750900
61124,25,750901
61125,25,750902
61126,25,750903
61127,25,750904
61128,25,750905
61129,25,750906
61130,25,750907
61131,25,750908
61132,25,750909
61133,25,750910
61134,25,750911
61135,25,750912
61136,25,750786
61137,25,750787
61138,25,750788
61139,25,750789
61140,25,750790
61141,25,750791
61142,25,750792
61143,25,750793
61144,25,750794
61145,25,750795
61146,25,750796
61147,25,750797
61148,25,750798
61149,25,750799
61150,25,750800
61151,25,750801
61152,25,750802
61153,25,750803
61154,25,750804
61155,25,750805
61156,25,750806
61157,25,750807
61158,25,750808
61159,25,750809
61160,25,750810
61161,25,750811
61162,25,750812
61163,25,750813
61164,25,750814
61165,25,750815
61166,25,750816
61167,25,750817
61168,25,750818
61169,25,750819
61170,25,750820
61171,25,750821
61172,25,750822
61173,25,750823
61174,25,750824
61175,25,750825
61176,25,750826
61177,25,750827
61178,25,750828
61179,25,750829
61180,25,750830
61181,25,750831
61182,25,750832
61183,25,750833
61184,25,750834
61185,25,750835
61186,25,750836
61187,25,750837
61188,25,750838
61189,25,750839
61190,25,750840
61191,25,750841
61192,25,750842
61193,25,750843
61194,25,750844
61195,25,750845
61196,25,750846
61197,25,750847
61198,25,750848
61199,25,750849
61200,25,750850
61201,25,750851
61202,25,750852
61203,25,750853
61204,25,750854
61205,25,750855
61206,25,750856
61207,25,750857
61208,25,750858
61209,25,750859
61210,25,750860
61211,25,750861
61212,25,750862
61213,25,750863
61214,25,750864
61215,25,750865
61216,25,750866
61217,25,750867
61218,25,750868
61219,25,750869
61220,25,750870
61221,25,750871
61222,25,750872
61223,25,750873
61224,25,750874
61225,25,750875
61226,25,750876
61227,25,750877
61228,25,750878
61229,25,750879
61230,25,750880
61231,25,750881
61232,25,750882
61233,25,750883
61234,25,750884
61235,25,750885
61236,25,750886
61237,25,750887
61238,25,750888
61239,25,750889
61240,25,750890
61241,25,750891
61242,25,750892
61243,25,750893
61244,25,750894
61245,25,750895
61246,25,750896
61247,25,750897
61248,25,750898
61249,25,750899
61250,25,750900
61251,25,750901
61252,25,750902
61253,25,750903
61254,25,750904
61255,25,750905
61256,25,750906
61257,25,750907
61258,25,750908
61259,25,750909
61260,25,750910
61261,25,750911
61262,25,750912
61263,25,750786
61264,25,750787
61265,25,750788
61266,25,750789
61267,25,750790
61268,25,750791
61269,25,750792
61270,25,750793
61271,25,750794
61272,25,750795
61273,25,750796
61274,25,750797
61275,25,750798
61276,25,750799
61277,25,750800
61278,25,750801
61279,25,750802
61280,25,750803
61281,25,750804
61282,25,750805
61283,25,750806
61284,25,750807
61285,25,750808
61286,25,750809
61287,25,750810
61288,25,750811
61289,25,750812
61290,25,750813
61291,25,750814
61292,25,750815
61293,25,750816
61294,25,750817
61295,25,750818
61296,25,750819
61297,25,750820
61298,25,750821
61299,25,750822
61300,25,750823
61301,25,750824
61302,25,750825
61303,25,750826
61304,25,750827
61305,25,750828
61306,25,750829
61307,25,750830
61308,25,750831
61309,25,750832
61310,25,750833
61311,25,750834
61312,25,750835
61313,25,750836
61314,25,750837
61315,25,750838
61316,25,750839
61317,25,750840
61318,25,750841
61319,25,750842
61320,25,750843
61321,25,750844
61322,25,750845
61323,25,750846
61324,25,750847
61325,25,750848
61326,25,750849
61327,25,750850
61328,25,750851
61329,25,750852
61330,25,750853
61331,25,750854
61332,25,750855
61333,25,750856
61334,25,750857
61335,25,750858
61336,25,750859
61337,25,750860
61338,25,750861
61339,25,750862
61340,25,750863
61341,25,750864
61342,25,750865
61343,25,750866
61344,25,750867
61345,25,750868
61346,25,750869
61347,25,750870
61348,25,750871
61349,25,750872
61350,25,750873
61351,25,750874
61352,25,750875
61353,25,750876
61354,25,750877
61355,25,750878
61356,25,750879
61357,25,750880
61358,25,750881
61359,25,750882
61360,25,750883
61361,25,750884
61362,25,750885
61363,25,750886
61364,25,750887
61365,25,750888
61366,25,750889
61367,25,750890
61368,25,750891
61369,25,750892
61370,25,750893
61371,25,750894
61372,25,750895
61373,25,750896
61374,25,750897
61375,25,750898
61376,25,750899
61377,25,750900
61378,25,750901
61379,25,750902
61380,25,750903
61381,25,750904
61382,25,750905
61383,25,750906
61384,25,750907
61385,25,750908
61386,25,750909
61387,25,750910
61388,25,750911
61389,25,750912
61390,25,750786
61391,25,750787
61392,25,750788
61393,25,750789
61394,25,750790
61395,25,750791
61396,25,750792
61397,25,750793
61398,25,750794
61399,25,750795
61400,25,750796
61401,25,750797
61402,25,750798
61403,25,750799
61404,25,750800
61405,25,750801
61406,25,750802
61407,25,750803
61408,25,750804
61409,25,750805
61410,25,750806
61411,25,750807
61412,25,750808
61413,25,750809
61414,25,750810
61415,25,750811
61416,25,750812
61417,25,750813
61418,25,750814
61419,25,750815
61420,25,750816
61421,25,750817
61422,25,750818
61423,25,750819
61424,25,750820
61425,25,750821
61426,25,750822
61427,25,750823
61428,25,750824
61429,25,750825
61430,25,750826
61431,25,750827
61432,25,750828
61433,25,750829
61434,25,750830
61435,25,750831
61436,25,750832
61437,25,750833
61438,25,750834
61439,25,750835
61440,25,750836
61441,25,750837
61442,25,750838
61443,25,750839
61444,25,750840
61445,25,750841
61446,25,750842
61447,25,750843
61448,25,750844
61449,25,750845
61450,25,750846
61451,25,750847
61452,25,750848
61453,25,750849
61454,25,750850
61455,25,750851
61456,25,750852
61457,25,750853
61458,25,750854
61459,25,750855
61460,25,750856
61461,25,750857
61462,25,750858
61463,25,750859
61464,25,750860
61465,25,750861
61466,25,750862
61467,25,750863
61468,25,750864
61469,25,750865
61470,25,750866
61471,25,750867
61472,25,750868
61473,25,750869
61474,25,750870
61475,25,750871
61476,25,750872
61477,25,750873
61478,25,750874
61479,25,750875
61480,25,750876
61481,25,750877
61482,25,750878
61483,25,750879
61484,25,750880
61485,25,750881
61486,25,750882
61487,25,750883
61488,25,750884
61489,25,750885
61490,25,750886
61491,25,750887
61492,25,750888
61493,25,750889
61494,25,750890
61495,25,750891
61496,25,750892
61497,25,750893
61498,25,750894
61499,25,750895
61500,25,750896
61501,25,750897
61502,25,750898
61503,25,750899
61504,25,750900
61505,25,750901
61506,25,750902
61507,25,750903
61508,25,750904
61509,25,750905
61510,25,750906
61511,25,750907
61512,25,750908
61513,25,750909
61514,25,750910
61515,25,750911
61516,25,750912
61517,25,750786
61518,25,750787
61519,25,750788
61520,25,750789
61521,25,750790
61522,25,750791
61523,25,750792
61524,25,750793
61525,25,750794
61526,25,750795
61527,25,750796
61528,25,750797
61529,25,750798
61530,25,750799
61531,25,750800
61532,25,750801
61533,25,750802
61534,25,750803
61535,25,750804
61536,25,750805
61537,25,750806
61538,25,750807
61539,25,750808
61540,25,750809
61541,25,750810
61542,25,750811
61543,25,750812
61544,25,750813
61545,25,750814
61546,25,750815
61547,25,750816
61548,25,750817
61549,25,750818
61550,25,750819
61551,25,750820
61552,25,750821
61553,25,750822
61554,25,750823
61555,25,750824
61556,25,750825
61557,25,750826
61558,25,750827
61559,25,750828
61560,25,750829
61561,25,750830
61562,25,750831
61563,25,750832
61564,25,750833
61565,25,750834
61566,25,750835
61567,25,750836
61568,25,750837
61569,25,750838
61570,25,750839
61571,25,750840
61572,25,750841
61573,25,750842
61574,25,750843
61575,25,750844
61576,25,750845
61577,25,750846
61578,25,750847
61579,25,750848
61580,25,750849
61581,25,750850
61582,25,750851
61583,25,750852
61584,25,750853
61585,25,750854
61586,25,750855
61587,25,750856
61588,25,750857
61589,25,750858
61590,25,750859
61591,25,750860
61592,25,750861
61593,25,750862
61594,25,750863
61595,25,750864
61596,25,750865
61597,25,750866
61598,25,750867
61599,25,750868
61600,25,750869
61601,25,750870
61602,25,750871
61603,25,750872
61604,25,750873
61605,25,750874
61606,25,750875
61607,25,750876
61608,25,750877
61609,25,750878
61610,25,750879
61611,25,750880
61612,25,750881
61613,25,750882
61614,25,750883
61615,25,750884
61616,25,750885
61617,25,750886
61618,25,750887
61619,25,750888
61620,25,750889
61621,25,750890
61622,25,750891
61623,25,750892
61624,25,750893
61625,25,750894
61626,25,750895
61627,25,750896
61628,25,750897
61629,25,750898
61630,25,750899
61631,25,750900
61632,25,750901
61633,25,750902
61634,25,750903
61635,25,750904
61636,25,750905
61637,25,750906
61638,25,750907
61639,25,750908
61640,25,750909
61641,25,750910
61642,25,750911
61643,25,750912
61644,25,750786
61645,25,750787
61646,25,750788
61647,25,750789
61648,25,750790
61649,25,750791
61650,25,750792
61651,25,750793
61652,25,750794
61653,25,750795
61654,25,750796
61655,25,750797
61656,25,750798
61657,25,750799
61658,25,750800
61659,25,750801
61660,25,750802
61661,25,750803
61662,25,750804
61663,25,750805
61664,25,750806
61665,25,750807
61666,25,750808
61667,25,750809
61668,25,750810
61669,25,750811
61670,25,750812
61671,25,750813
61672,25,750814
61673,25,750815
61674,25,750816
61675,25,750817
61676,25,750818
61677,25,750819
61678,25,750820
61679,25,750821
61680,25,750822
61681,25,750823
61682,25,750824
61683,25,750825
61684,25,750826
61685,25,750827
61686,25,750828
61687,25,750829
61688,25,750830
61689,25,750831
61690,25,750832
61691,25,750833
61692,25,750834
61693,25,750835
61694,25,750836
61695,25,750837
61696,25,750838
61697,25,750839
61698,25,750840
61699,25,750841
61700,25,750842
61701,25,750843
61702,25,750844
61703,25,750845
61704,25,750846
61705,25,750847
61706,25,750848
61707,25,750849
61708,25,750850
61709,25,750851
61710,25,750852
61711,25,750853
61712,25,750854
61713,25,750855
61714,25,750856
61715,25,750857
61716,25,750858
61717,25,750859
61718,25,750860
61719,25,750861
61720,25,750862
61721,25,750863
61722,25,750864
61723,25,750865
61724,25,750866
61725,25,750867
61726,25,750868
61727,25,750869
61728,25,750870
61729,25,750871
61730,25,750872
61731,25,750873
61732,25,750874
61733,25,750875
61734,25,750876
61735,25,750877
61736,25,750878
61737,25,750879
61738,25,750880
61739,25,750881
61740,25,750882
61741,25,750883
61742,25,750884
61743,25,750885
61744,25,750886
61745,25,750887
61746,25,750888
61747,25,750889
61748,25,750890
61749,25,750891
61750,25,750892
61751,25,750893
61752,25,750894
61753,25,750895
61754,25,750896
61755,25,750897
61756,25,750898
61757,25,750899
61758,25,750900
61759,25,750901
61760,25,750902
61761,25,750903
61762,25,750904
61763,25,750905
61764,25,750906
61765,25,750907
61766,25,750908
61767,25,750909
61768,25,750910
61769,25,750911
61770,25,750912
61771,25,750786
61772,25,750787
61773,25,750788
61774,25,750789
61775,25,750790
61776,25,750791
61777,25,750792
61778,25,750793
61779,25,750794
61780,25,750795
61781,25,750796
61782,25,750797
61783,25,750798
61784,25,750799
61785,25,750800
61786,25,750801
61787,25,750802
61788,25,750803
61789,25,750804
61790,25,750805
61791,25,750806
61792,25,750807
61793,25,750808
61794,25,750809
61795,25,750810
61796,25,750811
61797,25,750812
61798,25,750813
61799,25,750814
61800,25,750815
61801,25,750816
61802,25,750817
61803,25,750818
61804,25,750819
61805,25,750820
61806,25,750821
61807,25,750822
61808,25,750823
61809,25,750824
61810,25,750825
61811,25,750826
61812,25,750827
61813,25,750828
61814,25,750829
61815,25,750830
61816,25,750831
61817,25,750832
61818,25,750833
61819,25,750834
61820,25,750835
61821,25,750836
61822,25,750837
61823,25,750838
61824,25,750839
61825,25,750840
61826,25,750841
61827,25,750842
61828,25,750843
61829,25,750844
61830,25,750845
61831,25,750846
61832,25,750847
61833,25,750848
61834,25,750849
61835,25,750850
61836,25,750851
61837,25,750852
61838,25,750853
61839,25,750854
61840,25,750855
61841,25,750856
61842,25,750857
61843,25,750858
61844,25,750859
61845,25,750860
61846,25,750861
61847,25,750862
61848,25,750863
61849,25,750864
61850,25,750865
61851,25,750866
61852,25,750867
61853,25,750868
61854,25,750869
61855,25,750870
61856,25,750871
61857,25,750872
61858,25,750873
61859,25,750874
61860,25,750875
61861,25,750876
61862,25,750877
61863,25,750878
61864,25,750879
61865,25,750880
61866,25,750881
61867,25,750882
61868,25,750883
61869,25,750884
61870,25,750885
61871,25,750886
61872,25,750887
61873,25,750888
61874,25,750889
61875,25,750890
61876,25,750891
61877,25,750892
61878,25,750893
61879,25,750894
61880,25,750895
61881,25,750896
61882,25,750897
61883,25,750898
61884,25,750899
61885,25,750900
61886,25,750901
61887,25,750902
61888,25,750903
61889,25,750904
61890,25,750905
61891,25,750906
61892,25,750907
61893,25,750908
61894,25,750909
61895,25,750910
61896,25,750911
61897,25,750912
61898,25,750786
61899,25,750787
61900,25,750788
61901,25,750789
61902,25,750790
61903,25,750791
61904,25,750792
61905,25,750793
61906,25,750794
61907,25,750795
61908,25,750796
61909,25,750797
61910,25,750798
61911,25,750799
61912,25,750800
61913,25,750801
61914,25,750802
61915,25,750803
61916,25,750804
61917,25,750805
61918,25,750806
61919,25,750807
61920,25,750808
61921,25,750809
61922,25,750810
61923,25,750811
61924,25,750812
61925,25,750813
61926,25,750814
61927,25,750815
61928,25,750816
61929,25,750817
61930,25,750818
61931,25,750819
61932,25,750820
61933,25,750821
61934,25,750822
61935,25,750823
61936,25,750824
61937,25,750825
61938,25,750826
61939,25,750827
61940,25,750828
61941,25,750829
61942,25,750830
61943,25,750831
61944,25,750832
61945,25,750833
61946,25,750834
61947,25,750835
61948,25,750836
61949,25,750837
61950,25,750838
61951,25,750839
61952,25,750840
61953,25,750841
61954,25,750842
61955,25,750843
61956,25,750844
61957,25,750845
61958,25,750846
61959,25,750847
61960,25,750848
61961,25,750849
61962,25,750850
61963,25,750851
61964,25,750852
61965,25,750853
61966,25,750854
61967,25,750855
61968,25,750856
61969,25,750857
61970,25,750858
61971,25,750859
61972,25,750860
61973,25,750861
61974,25,750862
61975,25,750863
61976,25,750864
61977,25,750865
61978,25,750866
61979,25,750867
61980,25,750868
61981,25,750869
61982,25,750870
61983,25,750871
61984,25,750872
61985,25,750873
61986,25,750874
61987,25,750875
61988,25,750876
61989,25,750877
61990,25,750878
61991,25,750879
61992,25,750880
61993,25,750881
61994,25,750882
61995,25,750883
61996,25,750884
61997,25,750885
61998,25,750886
61999,25,750887
62000,25,750888
62001,25,750889
62002,25,750890
62003,25,750891
62004,25,750892
62005,25,750893
62006,25,750894
62007,25,750895
62008,25,750896
62009,25,750897
62010,25,750898
62011,25,750899
62012,25,750900
62013,25,750901
62014,25,750902
62015,25,750903
62016,25,750904
62017,25,750905
62018,25,750906
62019,25,750907
62020,25,750908
62021,25,750909
62022,25,750910
62023,25,750911
62024,25,750912
62025,25,750786
62026,25,750787
62027,25,750788
62028,25,750789
62029,25,750790
62030,25,750791
62031,25,750792
62032,25,750793
62033,25,750794
62034,25,750795
62035,25,750796
62036,25,750797
62037,25,750798
62038,25,750799
62039,25,750800
62040,25,750801
62041,25,750802
62042,25,750803
62043,25,750804
62044,25,750805
62045,25,750806
62046,25,750807
62047,25,750808
62048,25,750809
62049,25,750810
62050,25,750811
62051,25,750812
62052,25,750813
62053,25,750814
62054,25,750815
62055,25,750816
62056,25,750817
62057,25,750818
62058,25,750819
62059,25,750820
62060,25,750821
62061,25,750822
62062,25,750823
62063,25,750824
62064,25,750825
62065,25,750826
62066,25,750827
62067,25,750828
62068,25,750829
62069,25,750830
62070,25,750831
62071,25,750832
62072,25,750833
62073,25,750834
62074,25,750835
62075,25,750836
62076,25,750837
62077,25,750838
62078,25,750839
62079,25,750840
62080,25,750841
62081,25,750842
62082,25,750843
62083,25,750844
62084,25,750845
62085,25,750846
62086,25,750847
62087,25,750848
62088,25,750849
62089,25,750850
62090,25,750851
62091,25,750852
62092,25,750853
62093,25,750854
62094,25,750855
62095,25,750856
62096,25,750857
62097,25,750858
62098,25,750859
62099,25,750860
62100,25,750861
62101,25,750862
62102,25,750863
62103,25,750864
62104,25,750865
62105,25,750866
62106,25,750867
62107,25,750868
62108,25,750869
62109,25,750870
62110,25,750871
62111,25,750872
62112,25,750873
62113,25,750874
62114,25,750875
62115,25,750876
62116,25,750877
62117,25,750878
62118,25,750879
62119,25,750880
62120,25,750881
62121,25,750882
62122,25,750883
62123,25,750884
62124,25,750885
62125,25,750886
62126,25,750887
62127,25,750888
62128,25,750889
62129,25,750890
62130,25,750891
62131,25,750892
62132,25,750893
62133,25,750894
62134,25,750895
62135,25,750896
62136,25,750897
62137,25,750898
62138,25,750899
62139,25,750900
62140,25,750901
62141,25,750902
62142,25,750903
62143,25,750904
62144,25,750905
62145,25,750906
62146,25,750907
62147,25,750908
62148,25,750909
62149,25,750910
62150,25,750911
62151,25,750912
62152,25,750786
62153,25,750787
62154,25,750788
62155,25,750789
62156,25,750790
62157,25,750791
62158,25,750792
62159,25,750793
62160,25,750794
62161,25,750795
62162,25,750796
62163,25,750797
62164,25,750798
62165,25,750799
62166,25,750800
62167,25,750801
62168,25,750802
62169,25,750803
62170,25,750804
62171,25,750805
62172,25,750806
62173,25,750807
62174,25,750808
62175,25,750809
62176,25,750810
62177,25,750811
62178,25,750812
62179,25,750813
62180,25,750814
62181,25,750815
62182,25,750816
62183,25,750817
62184,25,750818
62185,25,750819
62186,25,750820
62187,25,750821
62188,25,750822
62189,25,750823
62190,25,750824
62191,25,750825
62192,25,750826
62193,25,750827
62194,25,750828
62195,25,750829
62196,25,750830
62197,25,750831
62198,25,750832
62199,25,750833
62200,25,750834
62201,25,750835
62202,25,750836
62203,25,750837
62204,25,750838
62205,25,750839
62206,25,750840
62207,25,750841
62208,25,750842
62209,25,750843
62210,25,750844
62211,25,750845
62212,25,750846
62213,25,750847
62214,25,750848
62215,25,750849
62216,25,750850
62217,25,750851
62218,25,750852
62219,25,750853
62220,25,750854
62221,25,750855
62222,25,750856
62223,25,750857
62224,25,750858
62225,25,750859
62226,25,750860
62227,25,750861
62228,25,750862
62229,25,750863
62230,25,750864
62231,25,750865
62232,25,750866
62233,25,750867
62234,25,750868
62235,25,750869
62236,25,750870
62237,25,750871
62238,25,750872
62239,25,750873
62240,25,750874
62241,25,750875
62242,25,750876
62243,25,750877
62244,25,750878
62245,25,750879
62246,25,750880
62247,25,750881
62248,25,750882
62249,25,750883
62250,25,750884
62251,25,750885
62252,25,750886
62253,25,750887
62254,25,750888
62255,25,750889
62256,25,750890
62257,25,750891
62258,25,750892
62259,25,750893
62260,25,750894
62261,25,750895
62262,25,750896
62263,25,750897
62264,25,750898
62265,25,750899
62266,25,750900
62267,25,750901
62268,25,750902
62269,25,750903
62270,25,750904
62271,25,750905
62272,25,750906
62273,25,750907
62274,25,750908
62275,25,750909
62276,25,750910
62277,25,750911
62278,25,750912
62279,25,750786
62280,25,750787
62281,25,750788
62282,25,750789
62283,25,750790
62284,25,750791
62285,25,750792
62286,25,750793
62287,25,750794
62288,25,750795
62289,25,750796
62290,25,750797
62291,25,750798
62292,25,750799
62293,25,750800
62294,25,750801
62295,25,750802
62296,25,750803
62297,25,750804
62298,25,750805
62299,25,750806
62300,25,750807
62301,25,750808
62302,25,750809
62303,25,750810
62304,25,750811
62305,25,750812
62306,25,750813
62307,25,750814
62308,25,750815
62309,25,750816
62310,25,750817
62311,25,750818
62312,25,750819
62313,25,750820
62314,25,750821
62315,25,750822
62316,25,750823
62317,25,750824
62318,25,750825
62319,25,750826
62320,25,750827
62321,25,750828
62322,25,750829
62323,25,750830
62324,25,750831
62325,25,750832
62326,25,750833
62327,25,750834
62328,25,750835
62329,25,750836
62330,25,750837
62331,25,750838
62332,25,750839
62333,25,750840
62334,25,750841
62335,25,750842
62336,25,750843
62337,25,750844
62338,25,750845
62339,25,750846
62340,25,750847
62341,25,750848
62342,25,750849
62343,25,750850
62344,25,750851
62345,25,750852
62346,25,750853
62347,25,750854
62348,25,750855
62349,25,750856
62350,25,750857
62351,25,750858
62352,25,750859
62353,25,750860
62354,25,750861
62355,25,750862
62356,25,750863
62357,25,750864
62358,25,750865
62359,25,750866
62360,25,750867
62361,25,750868
62362,25,750869
62363,25,750870
62364,25,750871
62365,25,750872
62366,25,750873
62367,25,750874
62368,25,750875
62369,25,750876
62370,25,750877
62371,25,750878
62372,25,750879
62373,25,750880
62374,25,750881
62375,25,750882
62376,25,750883
62377,25,750884
62378,25,750885
62379,25,750886
62380,25,750887
62381,25,750888
62382,25,750889
62383,25,750890
62384,25,750891
62385,25,750892
62386,25,750893
62387,25,750894
62388,25,750895
62389,25,750896
62390,25,750897
62391,25,750898
62392,25,750899
62393,25,750900
62394,25,750901
62395,25,750902
62396,25,750903
62397,25,750904
62398,25,750905
62399,25,750906
62400,25,750907
62401,25,750908
62402,25,750909
62403,25,750910
62404,25,750911
62405,25,750912
62406,25,750786
62407,25,750787
62408,25,750788
62409,25,750789
62410,25,750790
62411,25,750791
62412,25,750792
62413,25,750793
62414,25,750794
62415,25,750795
62416,25,750796
62417,25,750797
62418,25,750798
62419,25,750799
62420,25,750800
62421,25,750801
62422,25,750802
62423,25,750803
62424,25,750804
62425,25,750805
62426,25,750806
62427,25,750807
62428,25,750808
62429,25,750809
62430,25,750810
62431,25,750811
62432,25,750812
62433,25,750813
62434,25,750814
62435,25,750815
62436,25,750816
62437,25,750817
62438,25,750818
62439,25,750819
62440,25,750820
62441,25,750821
62442,25,750822
62443,25,750823
62444,25,750824
62445,25,750825
62446,25,750826
62447,25,750827
62448,25,750828
62449,25,750829
62450,25,750830
62451,25,750831
62452,25,750832
62453,25,750833
62454,25,750834
62455,25,750835
62456,25,750836
62457,25,750837
62458,25,750838
62459,25,750839
62460,25,750840
62461,25,750841
62462,25,750842
62463,25,750843
62464,25,750844
62465,25,750845
62466,25,750846
62467,25,750847
62468,25,750848
62469,25,750849
62470,25,750850
62471,25,750851
62472,25,750852
62473,25,750853
62474,25,750854
62475,25,750855
62476,25,750856
62477,25,750857
62478,25,750858
62479,25,750859
62480,25,750860
62481,25,750861
62482,25,750862
62483,25,750863
62484,25,750864
62485,25,750865
62486,25,750866
62487,25,750867
62488,25,750868
62489,25,750869
62490,25,750870
62491,25,750871
62492,25,750872
62493,25,750873
62494,25,750874
62495,25,750875
62496,25,750876
62497,25,750877
62498,25,750878
62499,25,750879
62500,25,750880
62501,25,750881
62502,25,750882
62503,25,750883
62504,25,750884
62505,25,750885
62506,25,750886
62507,25,750887
62508,25,750888
62509,25,750889
62510,25,750890
62511,25,750891
62512,25,750892
62513,25,750893
62514,25,750894
62515,25,750895
62516,25,750896
62517,25,750897
62518,25,750898
62519,25,750899
62520,25,750900
62521,25,750901
62522,25,750902
62523,25,750903
62524,25,750904
62525,25,750905
62526,25,750906
62527,25,750907
62528,25,750908
62529,25,750909
62530,25,750910
62531,25,750911
62532,25,750912
62533,25,750786
62534,25,750787
62535,25,750788
62536,25,750789
62537,25,750790
62538,25,750791
62539,25,750792
62540,25,750793
62541,25,750794
62542,25,750795
62543,25,750796
62544,25,750797
62545,25,750798
62546,25,750799
62547,25,750800
62548,25,750801
62549,25,750802
62550,25,750803
62551,25,750804
62552,25,750805
62553,25,750806
62554,25,750807
62555,25,750808
62556,25,750809
62557,25,750810
62558,25,750811
62559,25,750812
62560,25,750813
62561,25,750814
62562,25,750815
62563,25,750816
62564,25,750817
62565,25,750818
62566,25,750819
62567,25,750820
62568,25,750821
62569,25,750822
62570,25,750823
62571,25,750824
62572,25,750825
62573,25,750826
62574,25,750827
62575,25,750828
62576,25,750829
62577,25,750830
62578,25,750831
62579,25,750832
62580,25,750833
62581,25,750834
62582,25,750835
62583,25,750836
62584,25,750837
62585,25,750838
62586,25,750839
62587,25,750840
62588,25,750841
62589,25,750842
62590,25,750843
62591,25,750844
62592,25,750845
62593,25,750846
62594,25,750847
62595,25,750848
62596,25,750849
62597,25,750850
62598,25,750851
62599,25,750852
62600,25,750853
62601,25,750854
62602,25,750855
62603,25,750856
62604,25,750857
62605,25,750858
62606,25,750859
62607,25,750860
62608,25,750861
62609,25,750862
62610,25,750863
62611,25,750864
62612,25,750865
62613,25,750866
62614,25,750867
62615,25,750868
62616,25,750869
62617,25,750870
62618,25,750871
62619,25,750872
62620,25,750873
62621,25,750874
62622,25,750875
62623,25,750876
62624,25,750877
62625,25,750878
62626,25,750879
62627,25,750880
62628,25,750881
62629,25,750882
62630,25,750883
62631,25,750884
62632,25,750885
62633,25,750886
62634,25,750887
62635,25,750888
62636,25,750889
62637,25,750890
62638,25,750891
62639,25,750892
62640,25,750893
62641,25,750894
62642,25,750895
62643,25,750896
62644,25,750897
62645,25,750898
62646,25,750899
62647,25,750900
62648,25,750901
62649,25,750902
62650,25,750903
62651,25,750904
62652,25,750905
62653,25,750906
62654,25,750907
62655,25,750908
62656,25,750909
62657,25,750910
62658,25,750911
62659,25,750912
62660,25,750786
62661,25,750787
62662,25,750788
62663,25,750789
62664,25,750790
62665,25,750791
62666,25,750792
62667,25,750793
62668,25,750794
62669,25,750795
62670,25,750796
62671,25,750797
62672,25,750798
62673,25,750799
62674,25,750800
62675,25,750801
62676,25,750802
62677,25,750803
62678,25,750804
62679,25,750805
62680,25,750806
62681,25,750807
62682,25,750808
62683,25,750809
62684,25,750810
62685,25,750811
62686,25,750812
62687,25,750813
62688,25,750814
62689,25,750815
62690,25,750816
62691,25,750817
62692,25,750818
62693,25,750819
62694,25,750820
62695,25,750821
62696,25,750822
62697,25,750823
62698,25,750824
62699,25,750825
62700,25,750826
62701,25,750827
62702,25,750828
62703,25,750829
62704,25,750830
62705,25,750831
62706,25,750832
62707,25,750833
62708,25,750834
62709,25,750835
62710,25,750836
62711,25,750837
62712,25,750838
62713,25,750839
62714,25,750840
62715,25,750841
62716,25,750842
62717,25,750843
62718,25,750844
62719,25,750845
62720,25,750846
62721,25,750847
62722,25,750848
62723,25,750849
62724,25,750850
62725,25,750851
62726,25,750852
62727,25,750853
62728,25,750854
62729,25,750855
62730,25,750856
62731,25,750857
62732,25,750858
62733,25,750859
62734,25,750860
62735,25,750861
62736,25,750862
62737,25,750863
62738,25,750864
62739,25,750865
62740,25,750866
62741,25,750867
62742,25,750868
62743,25,750869
62744,25,750870
62745,25,750871
62746,25,750872
62747,25,750873
62748,25,750874
62749,25,750875
62750,25,750876
62751,25,750877
62752,25,750878
62753,25,750879
62754,25,750880
62755,25,750881
62756,25,750882
62757,25,750883
62758,25,750884
62759,25,750885
62760,25,750886
62761,25,750887
62762,25,750888
62763,25,750889
62764,25,750890
62765,25,750891
62766,25,750892
62767,25,750893
62768,25,750894
62769,25,750895
62770,25,750896
62771,25,750897
62772,25,750898
62773,25,750899
62774,25,750900
62775,25,750901
62776,25,750902
62777,25,750903
62778,25,750904
62779,25,750905
62780,25,750906
62781,25,750907
62782,25,750908
62783,25,750909
62784,25,750910
62785,25,750911
62786,25,750912
62787,25,750786
62788,25,750787
62789,25,750788
62790,25,750789
62791,25,750790
62792,25,750791
62793,25,750792
62794,25,750793
62795,25,750794
62796,25,750795
62797,25,750796
62798,25,750797
62799,25,750798
62800,25,750799
62801,25,750800
62802,25,750801
62803,25,750802
62804,25,750803
62805,25,750804
62806,25,750805
62807,25,750806
62808,25,750807
62809,25,750808
62810,25,750809
62811,25,750810
62812,25,750811
62813,25,750812
62814,25,750813
62815,25,750814
62816,25,750815
62817,25,750816
62818,25,750817
62819,25,750818
62820,25,750819
62821,25,750820
62822,25,750821
62823,25,750822
62824,25,750823
62825,25,750824
62826,25,750825
62827,25,750826
62828,25,750827
62829,25,750828
62830,25,750829
62831,25,750830
62832,25,750831
62833,25,750832
62834,25,750833
62835,25,750834
62836,25,750835
62837,25,750836
62838,25,750837
62839,25,750838
62840,25,750839
62841,25,750840
62842,25,750841
62843,25,750842
62844,25,750843
62845,25,750844
62846,25,750845
62847,25,750846
62848,25,750847
62849,25,750848
62850,25,750849
62851,25,750850
62852,25,750851
62853,25,750852
62854,25,750853
62855,25,750854
62856,25,750855
62857,25,750856
62858,25,750857
62859,25,750858
62860,25,750859
62861,25,750860
62862,25,750861
62863,25,750862
62864,25,750863
62865,25,750864
62866,25,750865
62867,25,750866
62868,25,750867
62869,25,750868
62870,25,750869
62871,25,750870
62872,25,750871
62873,25,750872
62874,25,750873
62875,25,750874
62876,25,750875
62877,25,750876
62878,25,750877
62879,25,750878
62880,25,750879
62881,25,750880
62882,25,750881
62883,25,750882
62884,25,750883
62885,25,750884
62886,25,750885
62887,25,750886
62888,25,750887
62889,25,750888
62890,25,750889
62891,25,750890
62892,25,750891
62893,25,750892
62894,25,750893
62895,25,750894
62896,25,750895
62897,25,750896
62898,25,750897
62899,25,750898
62900,25,750899
62901,25,750900
62902,25,750901
62903,25,750902
62904,25,750903
62905,25,750904
62906,25,750905
62907,25,750906
62908,25,750907
62909,25,750908
62910,25,750909
62911,25,750910
62912,25,750911
62913,25,750912
62914,25,750786
62915,25,750787
62916,25,750788
62917,25,750789
62918,25,750790
62919,25,750791
62920,25,750792
62921,25,750793
62922,25,750794
62923,25,750795
62924,25,750796
62925,25,750797
62926,25,750798
62927,25,750799
62928,25,750800
62929,25,750801
62930,25,750802
62931,25,750803
62932,25,750804
62933,25,750805
62934,25,750806
62935,25,750807
62936,25,750808
62937,25,750809
62938,25,750810
62939,25,750811
62940,25,750812
62941,25,750813
62942,25,750814
62943,25,750815
62944,25,750816
62945,25,750817
62946,25,750818
62947,25,750819
62948,25,750820
62949,25,750821
62950,25,750822
62951,25,750823
62952,25,750824
62953,25,750825
62954,25,750826
62955,25,750827
62956,25,750828
62957,25,750829
62958,25,750830
62959,25,750831
62960,25,750832
62961,25,750833
62962,25,750834
62963,25,750835
62964,25,750836
62965,25,750837
62966,25,750838
62967,25,750839
62968,25,750840
62969,25,750841
62970,25,750842
62971,25,750843
62972,25,750844
62973,25,750845
62974,25,750846
62975,25,750847
62976,25,750848
62977,25,750849
62978,25,750850
62979,25,750851
62980,25,750852
62981,25,750853
62982,25,750854
62983,25,750855
62984,25,750856
62985,25,750857
62986,25,750858
62987,25,750859
62988,25,750860
62989,25,750861
62990,25,750862
62991,25,750863
62992,25,750864
62993,25,750865
62994,25,750866
62995,25,750867
62996,25,750868
62997,25,750869
62998,25,750870
62999,25,750871
63000,25,750872
63001,25,750873
63002,25,750874
63003,25,750875
63004,25,750876
63005,25,750877
63006,25,750878
63007,25,750879
63008,25,750880
63009,25,750881
63010,25,750882
63011,25,750883
63012,25,750884
63013,25,750885
63014,25,750886
63015,25,750887
63016,25,750888
63017,25,750889
63018,25,750890
63019,25,750891
63020,25,750892
63021,25,750893
63022,25,750894
63023,25,750895
63024,25,750896
63025,25,750897
63026,25,750898
63027,25,750899
63028,25,750900
63029,25,750901
63030,25,750902
63031,25,750903
63032,25,750904
63033,25,750905
63034,25,750906
63035,25,750907
63036,25,750908
63037,25,750909
63038,25,750910
63039,25,750911
63040,25,750912
63041,25,750786
63042,25,750787
63043,25,750788
63044,25,750789
63045,25,750790
63046,25,750791
63047,25,750792
63048,25,750793
63049,25,750794
63050,25,750795
63051,25,750796
63052,25,750797
63053,25,750798
63054,25,750799
63055,25,750800
63056,25,750801
63057,25,750802
63058,25,750803
63059,25,750804
63060,25,750805
63061,25,750806
63062,25,750807
63063,25,750808
63064,25,750809
63065,25,750810
63066,25,750811
63067,25,750812
63068,25,750813
63069,25,750814
63070,25,750815
63071,25,750816
63072,25,750817
63073,25,750818
63074,25,750819
63075,25,750820
63076,25,750821
63077,25,750822
63078,25,750823
63079,25,750824
63080,25,750825
63081,25,750826
63082,25,750827
63083,25,750828
63084,25,750829
63085,25,750830
63086,25,750831
63087,25,750832
63088,25,750833
63089,25,750834
63090,25,750835
63091,25,750836
63092,25,750837
63093,25,750838
63094,25,750839
63095,25,750840
63096,25,750841
63097,25,750842
63098,25,750843
63099,25,750844
63100,25,750845
63101,25,750846
63102,25,750847
63103,25,750848
63104,25,750849
63105,25,750850
63106,25,750851
63107,25,750852
63108,25,750853
63109,25,750854
63110,25,750855
63111,25,750856
63112,25,750857
63113,25,750858
63114,25,750859
63115,25,750860
63116,25,750861
63117,25,750862
63118,25,750863
63119,25,750864
63120,25,750865
63121,25,750866
63122,25,750867
63123,25,750868
63124,25,750869
63125,25,750870
63126,25,750871
63127,25,750872
63128,25,750873
63129,25,750874
63130,25,750875
63131,25,750876
63132,25,750877
63133,25,750878
63134,25,750879
63135,25,750880
63136,25,750881
63137,25,750882
63138,25,750883
63139,25,750884
63140,25,750885
63141,25,750886
63142,25,750887
63143,25,750888
63144,25,750889
63145,25,750890
63146,25,750891
63147,25,750892
63148,25,750893
63149,25,750894
63150,25,750895
63151,25,750896
63152,25,750897
63153,25,750898
63154,25,750899
63155,25,750900
63156,25,750901
63157,25,750902
63158,25,750903
63159,25,750904
63160,25,750905
63161,25,750906
63162,25,750907
63163,25,750908
63164,25,750909
63165,25,750910
63166,25,750911
63167,25,750912
63168,25,750786
63169,25,750787
63170,25,750788
63171,25,750789
63172,25,750790
63173,25,750791
63174,25,750792
63175,25,750793
63176,25,750794
63177,25,750795
63178,25,750796
63179,25,750797
63180,25,750798
63181,25,750799
63182,25,750800
63183,25,750801
63184,25,750802
63185,25,750803
63186,25,750804
63187,25,750805
63188,25,750806
63189,25,750807
63190,25,750808
63191,25,750809
63192,25,750810
63193,25,750811
63194,25,750812
63195,25,750813
63196,25,750814
63197,25,750815
63198,25,750816
63199,25,750817
63200,25,750818
63201,25,750819
63202,25,750820
63203,25,750821
63204,25,750822
63205,25,750823
63206,25,750824
63207,25,750825
63208,25,750826
63209,25,750827
63210,25,750828
63211,25,750829
63212,25,750830
63213,25,750831
63214,25,750832
63215,25,750833
63216,25,750834
63217,25,750835
63218,25,750836
63219,25,750837
63220,25,750838
63221,25,750839
63222,25,750840
63223,25,750841
63224,25,750842
63225,25,750843
63226,25,750844
63227,25,750845
63228,25,750846
63229,25,750847
63230,25,750848
63231,25,750849
63232,25,750850
63233,25,750851
63234,25,750852
63235,25,750853
63236,25,750854
63237,25,750855
63238,25,750856
63239,25,750857
63240,25,750858
63241,25,750859
63242,25,750860
63243,25,750861
63244,25,750862
63245,25,750863
63246,25,750864
63247,25,750865
63248,25,750866
63249,25,750867
63250,25,750868
63251,25,750869
63252,25,750870
63253,25,750871
63254,25,750872
63255,25,750873
63256,25,750874
63257,25,750875
63258,25,750876
63259,25,750877
63260,25,750878
63261,25,750879
63262,25,750880
63263,25,750881
63264,25,750882
63265,25,750883
63266,25,750884
63267,25,750885
63268,25,750886
63269,25,750887
63270,25,750888
63271,25,750889
63272,25,750890
63273,25,750891
63274,25,750892
63275,25,750893
63276,25,750894
63277,25,750895
63278,25,750896
63279,25,750897
63280,25,750898
63281,25,750899
63282,25,750900
63283,25,750901
63284,25,750902
63285,25,750903
63286,25,750904
63287,25,750905
63288,25,750906
63289,25,750907
63290,25,750908
63291,25,750909
63292,25,750910
63293,25,750911
63294,25,750912
63295,25,750786
63296,25,750787
63297,25,750788
63298,25,750789
63299,25,750790
63300,25,750791
63301,25,750792
63302,25,750793
63303,25,750794
63304,25,750795
63305,25,750796
63306,25,750797
63307,25,750798
63308,25,750799
63309,25,750800
63310,25,750801
63311,25,750802
63312,25,750803
63313,25,750804
63314,25,750805
63315,25,750806
63316,25,750807
63317,25,750808
63318,25,750809
63319,25,750810
63320,25,750811
63321,25,750812
63322,25,750813
63323,25,750814
63324,25,750815
63325,25,750816
63326,25,750817
63327,25,750818
63328,25,750819
63329,25,750820
63330,25,750821
63331,25,750822
63332,25,750823
63333,25,750824
63334,25,750825
63335,25,750826
63336,25,750827
63337,25,750828
63338,25,750829
63339,25,750830
63340,25,750831
63341,25,750832
63342,25,750833
63343,25,750834
63344,25,750835
63345,25,750836
63346,25,750837
63347,25,750838
63348,25,750839
63349,25,750840
63350,25,750841
63351,25,750842
63352,25,750843
63353,25,750844
63354,25,750845
63355,25,750846
63356,25,750847
63357,25,750848
63358,25,750849
63359,25,750850
63360,25,750851
63361,25,750852
63362,25,750853
63363,25,750854
63364,25,750855
63365,25,750856
63366,25,750857
63367,25,750858
63368,25,750859
63369,25,750860
63370,25,750861
63371,25,750862
63372,25,750863
63373,25,750864
63374,25,750865
63375,25,750866
63376,25,750867
63377,25,750868
63378,25,750869
63379,25,750870
63380,25,750871
63381,25,750872
63382,25,750873
63383,25,750874
63384,25,750875
63385,25,750876
63386,25,750877
63387,25,750878
63388,25,750879
63389,25,750880
63390,25,750881
63391,25,750882
63392,25,750883
63393,25,750884
63394,25,750885
63395,25,750886
63396,25,750887
63397,25,750888
63398,25,750889
63399,25,750890
63400,25,750891
63401,25,750892
63402,25,750893
63403,25,750894
63404,25,750895
63405,25,750896
63406,25,750897
63407,25,750898
63408,25,750899
63409,25,750900
63410,25,750901
63411,25,750902
63412,25,750903
63413,25,750904
63414,25,750905
63415,25,750906
63416,25,750907
63417,25,750908
63418,25,750909
63419,25,750910
63420,25,750911
63421,25,750912
63422,25,750786
63423,25,750787
63424,25,750788
63425,25,750789
63426,25,750790
63427,25,750791
63428,25,750792
63429,25,750793
63430,25,750794
63431,25,750795
63432,25,750796
63433,25,750797
63434,25,750798
63435,25,750799
63436,25,750800
63437,25,750801
63438,25,750802
63439,25,750803
63440,25,750804
63441,25,750805
63442,25,750806
63443,25,750807
63444,25,750808
63445,25,750809
63446,25,750810
63447,25,750811
63448,25,750812
63449,25,750813
63450,25,750814
63451,25,750815
63452,25,750816
63453,25,750817
63454,25,750818
63455,25,750819
63456,25,750820
63457,25,750821
63458,25,750822
63459,25,750823
63460,25,750824
63461,25,750825
63462,25,750826
63463,25,750827
63464,25,750828
63465,25,750829
63466,25,750830
63467,25,750831
63468,25,750832
63469,25,750833
63470,25,750834
63471,25,750835
63472,25,750836
63473,25,750837
63474,25,750838
63475,25,750839
63476,25,750840
63477,25,750841
63478,25,750842
63479,25,750843
63480,25,750844
63481,25,750845
63482,25,750846
63483,25,750847
63484,25,750848
63485,25,750849
63486,25,750850
63487,25,750851
63488,25,750852
63489,25,750853
63490,25,750854
63491,25,750855
63492,25,750856
63493,25,750857
63494,25,750858
63495,25,750859
63496,25,750860
63497,25,750861
63498,25,750862
63499,25,750863
63500,25,750864
63501,25,750865
63502,25,750866
63503,25,750867
63504,25,750868
63505,25,750869
63506,25,750870
63507,25,750871
63508,25,750872
63509,25,750873
63510,25,750874
63511,25,750875
63512,25,750876
63513,25,750877
63514,25,750878
63515,25,750879
63516,25,750880
63517,25,750881
63518,25,750882
63519,25,750883
63520,25,750884
63521,25,750885
63522,25,750886
63523,25,750887
63524,25,750888
63525,25,750889
63526,25,750890
63527,25,750891
63528,25,750892
63529,25,750893
63530,25,750894
63531,25,750895
63532,25,750896
63533,25,750897
63534,25,750898
63535,25,750899
63536,25,750900
63537,25,750901
63538,25,750902
63539,25,750903
63540,25,750904
63541,25,750905
63542,25,750906
63543,25,750907
63544,25,750908
63545,25,750909
63546,25,750910
63547,25,750911
63548,25,750912
63549,25,750786
63550,25,750787
63551,25,750788
63552,25,750789
63553,25,750790
63554,25,750791
63555,25,750792
63556,25,750793
63557,25,750794
63558,25,750795
63559,25,750796
63560,25,750797
63561,25,750798
63562,25,750799
63563,25,750800
63564,25,750801
63565,25,750802
63566,25,750803
63567,25,750804
63568,25,750805
63569,25,750806
63570,25,750807
63571,25,750808
63572,25,750809
63573,25,750810
63574,25,750811
63575,25,750812
63576,25,750813
63577,25,750814
63578,25,750815
63579,25,750816
63580,25,750817
63581,25,750818
63582,25,750819
63583,25,750820
63584,25,750821
63585,25,750822
63586,25,750823
63587,25,750824
63588,25,750825
63589,25,750826
63590,25,750827
63591,25,750828
63592,25,750829
63593,25,750830
63594,25,750831
63595,25,750832
63596,25,750833
63597,25,750834
63598,25,750835
63599,25,750836
63600,25,750837
63601,25,750838
63602,25,750839
63603,25,750840
63604,25,750841
63605,25,750842
63606,25,750843
63607,25,750844
63608,25,750845
63609,25,750846
63610,25,750847
63611,25,750848
63612,25,750849
63613,25,750850
63614,25,750851
63615,25,750852
63616,25,750853
63617,25,750854
63618,25,750855
63619,25,750856
63620,25,750857
63621,25,750858
63622,25,750859
63623,25,750860
63624,25,750861
63625,25,750862
63626,25,750863
63627,25,750864
63628,25,750865
63629,25,750866
63630,25,750867
63631,25,750868
63632,25,750869
63633,25,750870
63634,25,750871
63635,25,750872
63636,25,750873
63637,25,750874
63638,25,750875
63639,25,750876
63640,25,750877
63641,25,750878
63642,25,750879
63643,25,750880
63644,25,750881
63645,25,750882
63646,25,750883
63647,25,750884
63648,25,750885
63649,25,750886
63650,25,750887
63651,25,750888
63652,25,750889
63653,25,750890
63654,25,750891
63655,25,750892
63656,25,750893
63657,25,750894
63658,25,750895
63659,25,750896
63660,25,750897
63661,25,750898
63662,25,750899
63663,25,750900
63664,25,750901
63665,25,750902
63666,25,750903
63667,25,750904
63668,25,750905
63669,25,750906
63670,25,750907
63671,25,750908
63672,25,750909
63673,25,750910
63674,25,750911
63675,25,750912
63676,25,750786
63677,25,750787
63678,25,750788
63679,25,750789
63680,25,750790
63681,25,750791
63682,25,750792
63683,25,750793
63684,25,750794
63685,25,750795
63686,25,750796
63687,25,750797
63688,25,750798
63689,25,750799
63690,25,750800
63691,25,750801
63692,25,750802
63693,25,750803
63694,25,750804
63695,25,750805
63696,25,750806
63697,25,750807
63698,25,750808
63699,25,750809
63700,25,750810
63701,25,750811
63702,25,750812
63703,25,750813
63704,25,750814
63705,25,750815
63706,25,750816
63707,25,750817
63708,25,750818
63709,25,750819
63710,25,750820
63711,25,750821
63712,25,750822
63713,25,750823
63714,25,750824
63715,25,750825
63716,25,750826
63717,25,750827
63718,25,750828
63719,25,750829
63720,25,750830
63721,25,750831
63722,25,750832
63723,25,750833
63724,25,750834
63725,25,750835
63726,25,750836
63727,25,750837
63728,25,750838
63729,25,750839
63730,25,750840
63731,25,750841
63732,25,750842
63733,25,750843
63734,25,750844
63735,25,750845
63736,25,750846
63737,25,750847
63738,25,750848
63739,25,750849
63740,25,750850
63741,25,750851
63742,25,750852
63743,25,750853
63744,25,750854
63745,25,750855
63746,25,750856
63747,25,750857
63748,25,750858
63749,25,750859
63750,25,750860
63751,25,750861
63752,25,750862
63753,25,750863
63754,25,750864
63755,25,750865
63756,25,750866
63757,25,750867
63758,25,750868
63759,25,750869
63760,25,750870
63761,25,750871
63762,25,750872
63763,25,750873
63764,25,750874
63765,25,750875
63766,25,750876
63767,25,750877
63768,25,750878
63769,25,750879
63770,25,750880
63771,25,750881
63772,25,750882
63773,25,750883
63774,25,750884
63775,25,750885
63776,25,750886
63777,25,750887
63778,25,750888
63779,25,750889
63780,25,750890
63781,25,750891
63782,25,750892
63783,25,750893
63784,25,750894
63785,25,750895
63786,25,750896
63787,25,750897
63788,25,750898
63789,25,750899
63790,25,750900
63791,25,750901
63792,25,750902
63793,25,750903
63794,25,750904
63795,25,750905
63796,25,750906
63797,25,750907
63798,25,750908
63799,25,750909
63800,25,750910
63801,25,750911
63802,25,750912
63803,25,750786
63804,25,750787
63805,25,750788
63806,25,750789
63807,25,750790
63808,25,750791
63809,25,750792
63810,25,750793
63811,25,750794
63812,25,750795
63813,25,750796
63814,25,750797
63815,25,750798
63816,25,750799
63817,25,750800
63818,25,750801
63819,25,750802
63820,25,750803
63821,25,750804
63822,25,750805
63823,25,750806
63824,25,750807
63825,25,750808
63826,25,750809
63827,25,750810
63828,25,750811
63829,25,750812
63830,25,750813
63831,25,750814
63832,25,750815
63833,25,750816
63834,25,750817
63835,25,750818
63836,25,750819
63837,25,750820
63838,25,750821
63839,25,750822
63840,25,750823
63841,25,750824
63842,25,750825
63843,25,750826
63844,25,750827
63845,25,750828
63846,25,750829
63847,25,750830
63848,25,750831
63849,25,750832
63850,25,750833
63851,25,750834
63852,25,750835
63853,25,750836
63854,25,750837
63855,25,750838
63856,25,750839
63857,25,750840
63858,25,750841
63859,25,750842
63860,25,750843
63861,25,750844
63862,25,750845
63863,25,750846
63864,25,750847
63865,25,750848
63866,25,750849
63867,25,750850
63868,25,750851
63869,25,750852
63870,25,750853
63871,25,750854
63872,25,750855
63873,25,750856
63874,25,750857
63875,25,750858
63876,25,750859
63877,25,750860
63878,25,750861
63879,25,750862
63880,25,750863
63881,25,750864
63882,25,750865
63883,25,750866
63884,25,750867
63885,25,750868
63886,25,750869
63887,25,750870
63888,25,750871
63889,25,750872
63890,25,750873
63891,25,750874
63892,25,750875
63893,25,750876
63894,25,750877
63895,25,750878
63896,25,750879
63897,25,750880
63898,25,750881
63899,25,750882
63900,25,750883
63901,25,750884
63902,25,750885
63903,25,750886
63904,25,750887
63905,25,750888
63906,25,750889
63907,25,750890
63908,25,750891
63909,25,750892
63910,25,750893
63911,25,750894
63912,25,750895
63913,25,750896
63914,25,750897
63915,25,750898
63916,25,750899
63917,25,750900
63918,25,750901
63919,25,750902
63920,25,750903
63921,25,750904
63922,25,750905
63923,25,750906
63924,25,750907
63925,25,750908
63926,25,750909
63927,25,750910
63928,25,750911
63929,25,750912
63930,25,750786
63931,25,750787
63932,25,750788
63933,25,750789
63934,25,750790
63935,25,750791
63936,25,750792
63937,25,750793
63938,25,750794
63939,25,750795
63940,25,750796
63941,25,750797
63942,25,750798
63943,25,750799
63944,25,750800
63945,25,750801
63946,25,750802
63947,25,750803
63948,25,750804
63949,25,750805
63950,25,750806
63951,25,750807
63952,25,750808
63953,25,750809
63954,25,750810
63955,25,750811
63956,25,750812
63957,25,750813
63958,25,750814
63959,25,750815
63960,25,750816
63961,25,750817
63962,25,750818
63963,25,750819
63964,25,750820
63965,25,750821
63966,25,750822
63967,25,750823
63968,25,750824
63969,25,750825
63970,25,750826
63971,25,750827
63972,25,750828
63973,25,750829
63974,25,750830
63975,25,750831
63976,25,750832
63977,25,750833
63978,25,750834
63979,25,750835
63980,25,750836
63981,25,750837
63982,25,750838
63983,25,750839
63984,25,750840
63985,25,750841
63986,25,750842
63987,25,750843
63988,25,750844
63989,25,750845
63990,25,750846
63991,25,750847
63992,25,750848
63993,25,750849
63994,25,750850
63995,25,750851
63996,25,750852
63997,25,750853
63998,25,750854
63999,25,750855
64000,25,750856
64001,25,750857
64002,25,750858
64003,25,750859
64004,25,750860
64005,25,750861
64006,25,750862
64007,25,750863
64008,25,750864
64009,25,750865
64010,25,750866
64011,25,750867
64012,25,750868
64013,25,750869
64014,25,750870
64015,25,750871
64016,25,750872
64017,25,750873
64018,25,750874
64019,25,750875
64020,25,750876
64021,25,750877
64022,25,750878
64023,25,750879
64024,25,750880
64025,25,750881
64026,25,750882
64027,25,750883
64028,25,750884
64029,25,750885
64030,25,750886
64031,25,750887
64032,25,750888
64033,25,750889
64034,25,750890
64035,25,750891
64036,25,750892
64037,25,750893
64038,25,750894
64039,25,750895
64040,25,750896
64041,25,750897
64042,25,750898
64043,25,750899
64044,25,750900
64045,25,750901
64046,25,750902
64047,25,750903
64048,25,750904
64049,25,750905
64050,25,750906
64051,25,750907
64052,25,750908
64053,25,750909
64054,25,750910
64055,25,750911
64056,25,750912
64057,1,747065
64058,1,747066
64059,1,747067
64060,1,747068
64061,1,747069
64062,1,747070
64063,1,747071
64064,1,747072
64065,1,752657
64066,1,752658
64067,1,752659
64068,1,752660
64069,1,752661
64070,1,752662
64071,1,752663
64072,1,752664
64073,1,752665
64074,1,752666
64075,1,752667
64076,1,752668
64077,1,752669
64078,1,752670
64079,10,752647
64080,10,752648
64081,10,752649
64082,10,752650
64083,10,752651
64084,2,752652
64085,2,752653
64086,2,752654
64087,2,752655
64088,2,752656
64089,16,754512
64090,16,754513
64091,16,754514
64092,16,754515
64093,16,754516
64094,16,754517
64095,16,754518
64096,38,757928
64097,38,757929
64098,38,757930
64099,38,757931
64100,38,757932
64164,4,747002
64165,4,747003
64166,4,747004
64167,4,747005
64168,4,747006
64169,4,747007
64170,4,747008
64171,4,747009
64172,4,747010
64173,4,747011
64174,4,747012
64175,4,747013
64176,4,747014
64177,4,747015
64178,4,747016
64179,4,747017
64180,4,747018
64181,4,747019
64182,4,747020
64183,4,747021
64184,4,747022
64185,4,747023
64186,4,747024
64187,4,747025
64188,4,747026
64189,4,747027
64190,4,747028
64191,4,747029
64192,4,747030
64193,4,747031
64194,4,747032
64195,4,747033
64196,4,747034
64197,4,747035
64198,4,747036
64199,4,747037
64200,4,747038
64201,4,747039
64202,4,747040
64203,4,747041
64204,4,747042
64205,4,747043
64206,4,747044
64207,4,747045
64208,4,747046
64209,4,747047
64210,4,747048
64211,4,747049
64212,4,747050
64213,4,747051
64214,4,747052
64215,4,747053
64216,4,747054
64217,4,747055
64218,4,747056
64219,4,747057
64220,4,747058
64221,4,747059
64222,4,747060
64223,4,747061
64224,4,747062
64225,4,747063
64227,10,747238
64228,10,747239
64229,10,747240
64230,10,747241
64231,10,747242
64232,10,747243
64233,10,747244
64234,10,747245
64235,10,747246
64236,10,747247
64237,10,747248
64238,10,747249
64239,10,747250
64240,10,747251
64241,10,747252
64242,10,747253
64243,10,747254
64244,10,747255
64245,10,747256
64246,10,747257
64247,10,747258
64248,10,747259
64249,10,747260
64250,10,747261
64251,10,747262
64252,10,747263
64253,10,747264
64254,10,747265
64255,10,747266
64256,10,747267
64257,10,747268
64258,13,747306
64259,13,747307
64260,13,747308
64261,13,747309
64262,13,747310
64263,13,747311
64264,13,747312
64265,13,747313
64266,13,747314
64267,13,747315
64268,14,747286
64269,14,747287
64270,14,747288
64271,14,747289
64272,14,747290
64273,14,747291
64274,14,747292
64275,14,747293
64276,14,747294
64277,14,747295
64278,14,747296
64279,14,747297
64280,14,747298
64281,14,747299
64282,14,747300
64283,14,747301
64284,14,747302
64285,14,747303
64286,14,747304
64287,14,747305
64299,38,757928
64300,38,757929
64301,38,757930
64302,38,757931
64303,38,757932
64304,11,758128
64305,11,758129
64306,11,758130
64307,11,758131
64308,11,758132
64309,11,758133
64310,11,758134
64311,11,758135
64312,11,758136
64313,11,758137
64314,11,758138
64315,38,758139
64316,38,758140
64317,38,758141
64318,38,758142
64319,38,758143
64320,10,758144
64321,10,758145
64322,10,758146
64323,10,758147
64324,10,758148
64325,10,758149
64326,10,758150
64327,10,758151
64328,10,758152
64329,10,758153
64330,10,758154
64331,10,758155
64332,10,758156
64333,10,758157
64334,10,758158
64335,10,758159
64336,10,758160
64337,10,758161
64338,10,758162
64339,10,758163
64340,10,758164
64341,10,758165
64342,10,758166
64343,10,758167
64344,10,758168
64345,10,758169
64346,10,758170
64347,10,758171
64348,10,758172
64349,10,758173
64350,10,758174
64351,4,758078
64438,25,758227
64439,25,758127
64440,25,758222
64441,25,758204
64442,25,758207
64443,25,758191
64444,25,758219
64445,25,758223
64446,25,758211
64447,25,758214
64448,25,758188
64449,25,758216
64450,25,758228
64451,25,758213
64452,25,758225
64453,25,758218
64454,25,758209
64455,25,758205
64456,25,758208
64457,25,758193
64458,25,758215
64459,25,758201
64460,25,758226
64461,25,758194
64462,25,758198
64463,25,758190
64464,25,758187
64465,25,758224
64466,25,758212
64467,25,758220
64468,25,758206
64469,25,758200
64470,25,758195
64471,25,758210
64472,25,758203
64473,25,758197
64474,25,758199
64475,25,758196
64476,25,758189
64477,25,758202
64478,25,758192
64479,25,758221
64480,25,758217
64481,25,758227
64482,25,758127
64483,25,758222
64484,25,758204
64485,25,758207
64486,25,758191
64487,25,758219
64488,25,758223
64489,25,758211
64490,25,758214
64491,25,758188
64492,25,758216
64493,25,758228
64494,25,758213
64495,25,758225
64496,25,758218
64497,25,758209
64498,25,758205
64499,25,758208
64500,25,758193
64501,25,758215
64502,25,758201
64503,25,758226
64504,25,758194
64505,25,758198
64506,25,758190
64507,25,758187
64508,25,758224
64509,25,758212
64510,25,758220
64511,25,758206
64512,25,758200
64513,25,758195
64514,25,758210
64515,25,758203
64516,25,758197
64517,25,758199
64518,25,758196
64519,25,758189
64520,25,758202
64521,25,758192
64522,25,758221
64523,25,758217
64524,25,758187
64525,25,758127
64526,25,758188
64527,25,758189
64528,25,758190
64529,25,758191
64530,25,758192
64531,25,758193
64532,25,758194
64533,25,758195
64534,25,758196
64535,25,758197
64536,25,758198
64537,25,758199
64538,25,758200
64539,25,758201
64540,25,758202
64541,25,758203
64542,25,758204
64543,25,758205
64544,25,758206
64545,25,758207
64546,25,758208
64547,25,758209
64548,25,758210
64549,25,758211
64550,25,758212
64551,25,758213
64552,25,758214
64553,25,758215
64554,25,758216
64555,25,758217
64556,25,758218
64557,25,758219
64558,25,758220
64559,25,758221
64560,25,758222
64561,25,758223
64562,25,758224
64563,25,758225
64564,25,758226
64565,25,758227
64566,25,758228
64567,12,758175
64568,12,758176
64569,12,758177
64570,12,758178
64571,12,758179
64572,12,758180
64573,12,758181
64574,12,758182
64575,12,758183
64576,12,758184
64577,12,758185
64578,12,758186
64579,2,747073
64580,2,747074
64581,2,747075
64582,2,747076
64583,2,747077
64584,2,747078
64585,2,747079
64586,2,747080
64587,2,747081
64588,2,747082
64589,2,747083
64590,2,747084
64591,2,747085
64592,2,747086
64593,2,747087
64594,2,747088
64595,2,747089
64596,2,747090
64597,2,747091
64598,2,747092
64599,2,747093
64600,2,747094
64601,2,747095
64602,2,747096
64603,2,747097
64604,2,747098
64605,2,747099
64606,2,747100
64607,2,747101
64608,2,747102
64609,2,747103
64610,2,747104
64611,2,747105
64612,2,747106
64613,2,747107
64614,2,747108
64615,2,747109
64616,2,747110
64617,2,747111
64618,2,747112
64619,2,747113
64620,2,747114
64621,2,747115
64622,2,747116
64623,5,747117
64624,5,747118
64625,5,747119
64626,5,747120
64627,5,747121
64628,5,747122
64629,5,747123
64630,5,747124
64631,5,747125
64632,5,747126
64633,5,747127
64634,5,747128
64635,5,747129
64636,5,747130
64637,5,747131
64638,5,747132
64639,5,747133
64640,5,747134
64641,5,747135
64642,5,747136
64643,5,747137
64644,5,747138
64645,5,747139
64646,5,747140
64647,5,747141
64648,5,747142
64649,5,747143
64650,5,747144
64651,5,747145
64652,5,747146
64653,5,747147
64654,5,747148
64655,5,747149
64656,5,747150
64657,5,747151
64658,5,747152
64659,5,747153
64660,5,747154
64661,5,747155
64662,5,747156
64663,5,747157
64664,5,747158
64665,5,747159
64666,5,747160
64667,5,747161
64668,5,747162
64669,5,747163
64670,5,747164
64671,5,747165
64672,5,747166
64673,5,747167
64674,5,747168
64675,5,747169
64676,5,747170
64677,5,758933
64678,5,747172
64679,5,747173
64680,5,747174
64681,5,747175
64682,5,747176
64683,5,747177
64684,5,747178
64685,5,747179
64686,5,747180
64687,5,747181
64688,5,747182
64689,5,747183
64690,5,747184
64691,5,747185
64692,5,747186
64693,5,747187
64694,5,747188
64695,5,747189
64696,5,747190
64697,5,747191
64698,5,747192
64699,5,747193
64700,5,747194
64701,5,747195
64702,5,747196
64703,5,747197
64704,5,747198
64705,5,747199
64706,5,747200
64707,5,747201
64708,5,747202
64709,5,747203
64710,5,747204
64711,5,747205
64712,5,747206
64713,5,747207
64714,5,747208
64715,5,747209
64716,5,747210
64717,5,747211
64718,5,747212
64719,5,747213
64720,5,747214
64721,5,747215
64722,5,747216
64723,5,747217
64724,5,747218
64725,5,747219
64726,5,747220
64727,5,747221
64728,5,747222
64729,5,747223
64730,5,747224
64731,5,747225
64732,5,747226
64733,6,747227
64734,6,747228
64735,6,747229
64736,6,747230
64737,6,747231
64738,6,747232
64739,6,747233
64740,6,747234
64741,6,747235
64742,6,747236
64743,6,747237
64744,4,758761
64745,4,758760
64746,4,758762
64747,4,758763
64748,4,758764
64749,4,758765
64750,4,758766
64751,4,758767
64752,4,758768
64753,44,758756
64754,44,758755
64755,44,758757
64756,1,758564
64757,1,758563
64758,1,758565
64759,1,758566
64760,1,758567
64761,1,758568
64762,1,758569
64763,1,758570
64764,4,758491
64765,4,758492
64766,4,758493
64767,4,758494
64768,4,758495
64769,4,758496
64770,4,758497
64771,4,758498
64772,4,758499
64773,4,758500
64774,4,758501
64775,4,758502
64776,4,758503
64777,4,758504
64778,4,758505
64779,4,758506
64780,4,758507
64781,4,758508
64782,4,758509
64783,4,758510
64784,4,758511
64785,4,758512
64786,4,758513
64787,4,758514
64788,4,758515
64789,4,758516
64790,4,758517
64791,4,758518
64792,4,758519
64793,4,758520
64794,4,758521
64795,4,758522
64796,4,758523
64797,4,758524
64798,4,758525
64799,4,758526
64800,4,758527
64801,4,758528
64802,4,758529
64803,4,758530
64804,4,758531
64805,4,758532
64806,4,758533
64807,4,758534
64808,4,758535
64809,4,758536
64810,4,758537
64811,4,758538
64812,4,758539
64813,4,758540
64814,4,758541
64815,4,758542
64816,4,758543
64817,4,758544
64818,4,758545
64819,4,758546
64820,4,758547
64821,4,758548
64822,4,758549
64823,4,758550
64824,4,758551
64825,4,758552
64826,4,758553
64827,4,758554
64828,4,758555
64829,4,758556
64830,4,758557
64831,4,758558
64832,4,758559
64833,4,758560
64834,4,758561
64835,4,758562
64836,10,758144
64837,10,758145
64838,10,758146
64839,10,758147
64840,10,758148
64841,10,758149
64842,10,758150
64843,10,758151
64844,10,758152
64845,10,758153
64846,10,758154
64847,10,758155
64848,10,758156
64849,10,758157
64850,10,758158
64851,10,758159
64852,10,758160
64853,10,758161
64854,10,758162
64855,10,758163
64856,10,758164
64857,10,758165
64858,10,758166
64859,10,758167
64860,10,758168
64861,10,758169
64862,10,758170
64863,10,758171
64864,10,758172
64865,10,758173
64866,10,758174
64867,13,758740
64868,13,758741
64869,13,758742
64870,13,758743
64871,13,758744
64872,13,758745
64873,13,758746
64874,13,758747
64875,13,758748
64876,13,758749
64882,14,758735
64883,14,758736
64884,14,758737
64885,14,758738
64886,14,758739
64887,25,758187
64888,25,758127
64889,25,758188
64890,25,758189
64891,25,758190
64892,25,758191
64893,25,758192
64894,25,758193
64895,25,758194
64896,25,758195
64897,25,758196
64898,25,758197
64899,25,758198
64900,25,758199
64901,36,758757
64902,36,758755
64903,36,758756
64904,44,758756
64905,44,758755
64906,44,758757
64907,12,758175
64908,12,758176
64909,12,758177
64910,12,758178
64911,12,758179
64912,12,758180
64913,12,758181
64914,12,758182
64915,12,758183
64916,12,758184
64917,12,758185
64918,12,758186
64919,38,758139
64920,38,758140
64921,38,758141
64922,38,758142
64923,38,758143
64924,2,758571
64925,2,758572
64926,2,758573
64927,2,758574
64928,2,758575
64929,2,758576
64930,2,758577
64931,2,758578
64932,2,758579
64933,2,758580
64934,2,758581
64935,2,758582
64936,2,758583
64937,2,758584
64938,2,758585
64939,2,758586
64940,2,758587
64941,2,758588
64942,2,758589
64943,2,758590
64944,2,758591
64945,2,758592
64946,2,758593
64947,2,758594
64948,2,758595
64949,2,758596
64950,2,758597
64951,2,758598
64952,2,758599
64953,2,758600
64954,2,758601
64955,2,758602
64956,2,758603
64957,2,758604
64958,2,758605
64959,2,758606
64960,2,758607
64961,2,758608
64962,2,758609
64963,2,758610
64964,2,758611
64965,2,758612
64966,2,758613
64967,5,758614
64968,5,758615
64969,5,758616
64970,5,758617
64971,5,758618
64972,5,758619
64973,5,758620
64974,5,758621
64975,5,758622
64976,5,758623
64977,5,758624
64978,5,758625
64979,5,758626
64980,5,758627
64981,5,758628
64982,5,758629
64983,5,758630
64984,5,758631
64985,5,758632
64986,5,758633
64987,5,758634
64988,5,758635
64989,5,758636
64990,5,758637
64991,5,758638
64992,5,758639
64993,5,758640
64994,5,758641
64995,5,758642
64996,5,758643
64997,5,758644
64998,5,758645
64999,5,758646
65000,5,758647
65001,5,758648
65002,5,758649
65003,5,758650
65004,5,758651
65005,5,758652
65006,5,758653
65007,5,758654
65008,5,758655
65009,5,758656
65010,5,758657
65011,5,758658
65012,5,758659
65013,5,758660
65014,5,758661
65015,5,758662
65016,5,758663
65017,5,758664
65018,5,758665
65019,5,758666
65020,5,758667
65021,5,758933
65022,5,758669
65023,5,758670
65024,5,758671
65025,5,758672
65026,5,758673
65027,5,758674
65028,5,758675
65029,5,758676
65030,5,758677
65031,5,758678
65032,5,758679
65033,5,758680
65034,5,758681
65035,5,758682
65036,5,758683
65037,5,758684
65038,5,758685
65039,5,758686
65040,5,758687
65041,5,758688
65042,5,758689
65043,5,758690
65044,5,758691
65045,5,758692
65046,5,758693
65047,5,758694
65048,5,758695
65049,5,758696
65050,5,758697
65051,5,758698
65052,5,758699
65053,5,758700
65054,5,758701
65055,5,758702
65056,5,758703
65057,5,758704
65058,5,758705
65059,5,758706
65060,5,758707
65061,5,758708
65062,5,758709
65063,5,758710
65064,5,758711
65065,5,758712
65066,5,758713
65067,5,758714
65068,5,758715
65069,5,758716
65070,5,758717
65071,5,758718
65072,5,758719
65073,5,758720
65074,5,758721
65075,5,758722
65076,5,758723
65077,6,758724
65078,6,758725
65079,6,758726
65080,6,758728
65081,6,758727
65082,6,758729
65083,6,758730
65084,6,758731
65085,6,758732
65086,6,758733
65087,6,758734
65088,2,758571
65089,2,758572
65090,2,758573
65091,2,758574
65092,2,758575
65093,2,758576
65094,2,758577
65095,2,758578
65096,2,758579
65097,2,758580
65098,2,758581
65099,2,758582
65100,2,758583
65101,2,758584
65102,2,758585
65103,2,758586
65104,2,758587
65105,2,758588
65106,2,758589
65107,2,758590
65108,2,758591
65109,2,758592
65110,2,758593
65111,2,758594
65112,2,758595
65113,2,758930
65114,2,758596
65115,2,758597
65116,2,758598
65117,2,758599
65118,2,758600
65119,2,758601
65120,2,758602
65121,2,758603
65122,2,758604
65123,2,758605
65124,2,758606
65125,2,758607
65126,2,758608
65127,2,758609
65128,2,758610
65129,2,758611
65130,2,758612
65131,2,758613
65132,2,758571
65133,2,758582
65134,2,758593
65135,2,758603
65136,2,758572
65137,2,758583
65138,2,758594
65139,2,758604
65140,2,758573
65141,2,758584
65142,2,758595
65143,2,758605
65144,2,758574
65145,2,758585
65146,2,758930
65147,2,758606
65148,2,758575
65149,2,758586
65150,2,758596
65151,2,758607
65152,2,758576
65153,2,758587
65154,2,758597
65155,2,758608
65156,2,758577
65157,2,758588
65158,2,758598
65159,2,758609
65160,2,758578
65161,2,758589
65162,2,758599
65163,2,758610
65164,2,758579
65165,2,758590
65166,2,758600
65167,2,758611
65168,2,758580
65169,2,758591
65170,2,758601
65171,2,758612
65172,2,758581
65173,2,758592
65174,2,758602
65175,2,758613
65176,5,758614
65177,5,758625
65178,5,758636
65179,5,758647
65180,5,758658
65181,5,758669
65182,5,758680
65183,5,758691
65184,5,758702
65185,5,758713
65186,5,758615
65187,5,758626
65188,5,758637
65189,5,758648
65190,5,758659
65191,5,758670
65192,5,758681
65193,5,758692
65194,5,758703
65195,5,758714
65196,5,758616
65197,5,758627
65198,5,758638
65199,5,758649
65200,5,758660
65201,5,758671
65202,5,758682
65203,5,758693
65204,5,758704
65205,5,758715
65206,5,758617
65207,5,758628
65208,5,758639
65209,5,758650
65210,5,758661
65211,5,758672
65212,5,758683
65213,5,758694
65214,5,758705
65215,5,758716
65216,5,758618
65217,5,758629
65218,5,758640
65219,5,758651
65220,5,758662
65221,5,758673
65222,5,758684
65223,5,758695
65224,5,758706
65225,5,758717
65226,5,758619
65227,5,758630
65228,5,758641
65229,5,758652
65230,5,758663
65231,5,758674
65232,5,758685
65233,5,758696
65234,5,758707
65235,5,758718
65236,5,758620
65237,5,758631
65238,5,758642
65239,5,758653
65240,5,758664
65241,5,758675
65242,5,758686
65243,5,758697
65244,5,758708
65245,5,758719
65246,5,758621
65247,5,758632
65248,5,758643
65249,5,758654
65250,5,758665
65251,5,758676
65252,5,758687
65253,5,758698
65254,5,758709
65255,5,758720
65256,5,758622
65257,5,758633
65258,5,758644
65259,5,758655
65260,5,758666
65261,5,758677
65262,5,758688
65263,5,758699
65264,5,758710
65265,5,758721
65266,5,758623
65267,5,758634
65268,5,758645
65269,5,758656
65270,5,758667
65271,5,758678
65272,5,758689
65273,5,758700
65274,5,758711
65275,5,758722
65276,5,758624
65277,5,758635
65278,5,758646
65279,5,758657
65280,5,758932
65281,5,758679
65282,5,758690
65283,5,758701
65284,5,758712
65285,5,758723
65286,2,758571
65287,2,758582
65288,2,758593
65289,2,758603
65290,2,758572
65291,2,758583
65292,2,758594
65293,2,758604
65294,2,758573
65295,2,758584
65296,2,758595
65297,2,758605
65298,2,758574
65299,2,758585
65300,2,758930
65301,2,758606
65302,2,758575
65303,2,758586
65304,2,758596
65305,2,758607
65306,2,758576
65307,2,758587
65308,2,758597
65309,2,758608
65310,2,758577
65311,2,758588
65312,2,758598
65313,2,758609
65314,2,758578
65315,2,758589
65316,2,758599
65317,2,758610
65318,2,758579
65319,2,758590
65320,2,758600
65321,2,758611
65322,2,758580
65323,2,758591
65324,2,758601
65325,2,758612
65326,2,758581
65327,2,758592
65328,2,758602
65329,2,758613
65330,5,758614
65331,5,758625
65332,5,758636
65333,5,758647
65334,5,758658
65335,5,758669
65336,5,758680
65337,5,758691
65338,5,758702
65339,5,758713
65340,5,758615
65341,5,758626
65342,5,758637
65343,5,758648
65344,5,758659
65345,5,758670
65346,5,758681
65347,5,758692
65348,5,758703
65349,5,758714
65350,5,758616
65351,5,758627
65352,5,758638
65353,5,758649
65354,5,758660
65355,5,758671
65356,5,758682
65357,5,758693
65358,5,758704
65359,5,758715
65360,5,758617
65361,5,758628
65362,5,758639
65363,5,758650
65364,5,758661
65365,5,758672
65366,5,758683
65367,5,758694
65368,5,758705
65369,5,758716
65370,5,758618
65371,5,758629
65372,5,758640
65373,5,758651
65374,5,758662
65375,5,758673
65376,5,758684
65377,5,758695
65378,5,758706
65379,5,758717
65380,5,758619
65381,5,758630
65382,5,758641
65383,5,758652
65384,5,758663
65385,5,758674
65386,5,758685
65387,5,758696
65388,5,758707
65389,5,758718
65390,5,758620
65391,5,758631
65392,5,758642
65393,5,758653
65394,5,758664
65395,5,758675
65396,5,758686
65397,5,758697
65398,5,758708
65399,5,758719
65400,5,758621
65401,5,758632
65402,5,758643
65403,5,758654
65404,5,758665
65405,5,758676
65406,5,758687
65407,5,758698
65408,5,758709
65409,5,758720
65410,5,758622
65411,5,758633
65412,5,758644
65413,5,758655
65414,5,758666
65415,5,758677
65416,5,758688
65417,5,758699
65418,5,758710
65419,5,758721
65420,5,758623
65421,5,758634
65422,5,758645
65423,5,758656
65424,5,758667
65425,5,758678
65426,5,758689
65427,5,758700
65428,5,758711
65429,5,758722
65430,5,758624
65431,5,758635
65432,5,758646
65433,5,758657
65434,5,758932
65435,5,758679
65436,5,758690
65437,5,758701
65438,5,758712
65439,5,758723
65440,6,758724
65441,6,758725
65442,6,758726
65443,6,758728
65444,6,758727
65445,6,758729
65446,6,758730
65447,6,758731
65448,6,758732
65449,6,758733
65450,6,758734
65451,11,758128
65452,11,758129
65453,11,758130
65454,11,758131
65455,11,758132
65456,11,758133
65457,11,758134
65458,11,758135
65459,11,758136
65460,11,758137
65461,11,758138
65462,31,760087
65463,31,760082
65464,31,760083
65465,31,760084
65466,31,760085
65467,44,760132
65468,44,760134
65469,44,760133
83247,1,763527
83248,1,763528
83249,1,763525
83250,1,763526
83251,25,761671
83252,25,761672
83253,25,761673
83254,25,761674
83255,10,1083604
83256,25,766119
83257,25,766119
83258,25,766119
83259,25,763461
83260,25,763462
83261,25,763463
83262,25,763464
83263,31,766118
83265,1,760804
83266,1,761020
83267,1,761021
83268,1,761022
83269,1,761023
83270,2,766175
83271,2,761024
83272,2,761025
83273,2,761026
83274,2,761027
83275,3,760805
83276,3,766171
83277,3,766172
83278,3,766173
83279,3,766174
83280,10,761170
83281,10,761171
83282,10,761172
83283,10,761173
83284,39,766476
83285,11,761214
83286,11,761217
83287,11,761219
83288,11,761220
83289,11,761221
83290,11,761222
83291,11,761223
83292,11,761224
83293,11,761225
83294,11,761226
83295,11,761227
83296,11,761228
83297,11,761229
83298,11,761230
83299,11,761231
83300,12,761202
83301,12,761203
83302,12,761204
83303,12,761205
83304,12,761206
83305,12,761207
83306,12,761208
83307,12,761209
83308,12,761216
83309,12,761210
83310,12,761211
83311,12,761212
83312,12,761218
83313,12,761213
83314,12,761215
83315,4,766880
83316,4,766881
83317,4,766882
83318,4,766883
83319,4,766884
83320,4,766885
83321,4,766886
83322,4,766887
83323,4,766888
83324,4,766889
83325,4,766890
83326,4,766891
83327,7,762916
83328,7,762917
83329,7,762918
83330,7,762919
83331,7,762920
83332,7,762921
83333,7,762922
83334,7,762923
83335,7,762924
83336,7,762925
83337,7,762926
83338,7,762927
83339,7,762928
83340,7,762929
83341,7,762930
83342,7,762931
83343,7,762932
83344,7,762933
83345,7,762934
83346,7,762935
83347,7,762936
83348,7,762937
83349,7,762938
83350,7,762939
83351,7,762940
83352,7,762941
83353,7,762942
83354,7,762943
83355,7,762944
83356,7,762945
83357,7,762946
83358,7,762947
83359,7,762948
83360,7,762949
83361,7,762950
83362,7,762951
83363,7,762952
83364,7,762953
83365,7,762954
83366,7,762955
83367,7,762956
83368,7,762957
83369,7,762958
83370,7,762959
83371,7,762960
83372,7,762961
83373,7,762962
83374,7,762963
83375,7,762964
83376,7,762965
83377,7,762966
83378,7,762967
83379,7,762968
83380,7,762969
83381,7,762970
83382,7,762971
83383,7,762972
83384,7,762973
83385,7,762974
83386,7,762975
83387,7,762976
83388,7,762977
83389,7,762978
83390,7,762979
83391,7,762980
83392,7,762981
83393,7,762982
83394,7,762983
83395,7,762984
83396,7,762985
83397,7,762986
83398,7,762987
83399,7,762988
83400,7,762989
83401,7,762990
83402,7,762991
83403,7,762992
83404,7,762993
83405,7,762994
83406,7,762995
83407,7,762996
83408,7,762997
83409,7,762998
83410,7,762999
83411,7,763000
83412,7,763001
83413,7,763002
83414,7,763003
83415,7,763004
83416,7,763005
83417,7,763006
83418,7,763007
83419,7,763008
83420,7,761729
83421,7,761730
83422,7,761731
83423,7,761732
83424,7,761733
83425,7,761734
83426,7,761735
83427,7,761736
83428,7,761737
83429,7,761738
83430,7,761739
83431,7,761740
83432,7,761741
83433,7,761742
83434,7,761743
83435,7,761744
83436,7,761745
83437,7,761746
83438,7,761747
83439,7,761748
83440,7,761749
83441,7,761750
83442,7,761751
83443,7,761752
83444,7,761753
83445,7,761754
83446,7,761755
83447,7,761756
83448,7,761757
83449,7,761758
83450,7,761759
83451,7,761760
83452,7,761761
83453,7,761762
83454,7,761763
83455,7,761764
83456,7,761765
83457,7,761766
83458,7,761767
83459,7,761768
83460,7,761769
83461,7,761770
83462,7,761771
83463,7,761772
83464,7,761773
83465,7,761774
83466,7,761775
83467,7,761776
83468,7,761777
83469,7,761778
83470,7,761779
83471,7,761780
83472,7,761781
83473,7,761782
83474,7,761783
83475,7,761784
83476,7,761785
83477,7,761786
83478,7,761787
83479,7,761788
83480,7,761789
83481,7,761790
83482,7,761791
83483,7,761792
83484,7,761793
83485,7,761794
83486,7,761795
83487,7,761796
83488,7,761797
83489,7,761798
83490,7,761799
83491,7,761800
83492,7,761801
83493,7,761802
83494,7,761803
83495,7,761804
83496,7,761805
83497,7,761806
83498,7,761807
83499,7,761808
83500,7,761809
83501,7,761810
83502,7,761811
83503,7,761812
83504,7,761813
83505,7,761814
83506,7,761815
83507,7,761816
83508,7,761817
83509,7,761818
83510,7,761819
83511,7,761820
83512,7,761821
83513,12,762022
83514,12,762023
83515,12,762024
83516,12,762025
83517,12,762026
83518,12,762022
83519,12,762023
83520,12,762024
83521,12,762025
83522,12,762026
83523,5,762007
83524,5,762008
83525,5,762009
83526,5,762010
83527,5,762011
83528,5,762012
83529,5,762013
83530,5,762014
83531,5,762015
83532,5,762016
83533,5,762017
83534,5,762018
83535,5,762019
83536,5,762020
83537,5,762021
83538,5,761967
83539,5,761971
83540,5,761975
83541,5,761979
83542,5,761983
83543,5,761987
83544,5,761991
83545,5,761995
83546,5,761999
83547,5,762003
83548,5,761968
83549,5,761972
83550,5,761976
83551,5,761980
83552,5,761984
83553,5,761988
83554,5,761992
83555,5,761996
83556,5,762000
83557,5,762004
83558,5,761969
83559,5,761973
83560,5,761977
83561,5,761981
83562,5,761985
83563,5,761989
83564,5,761993
83565,5,761997
83566,5,762001
83567,5,762005
83568,5,761970
83569,5,761974
83570,5,761978
83571,5,761982
83572,5,761986
83573,5,761990
83574,5,761994
83575,5,761998
83576,5,762002
83577,5,762006
83578,5,761967
83579,5,761971
83580,5,761975
83581,5,761979
83582,5,761983
83583,5,761987
83584,5,761991
83585,5,761995
83586,5,761999
83587,5,762003
83588,5,762018
83589,2,761951
83590,2,761955
83591,2,761959
83592,2,761963
83593,2,761952
83594,2,761956
83595,2,761960
83596,2,761964
83597,5,761968
83598,5,761972
83599,5,761976
83600,5,761980
83601,5,761984
83602,5,761988
83603,5,761992
83604,5,761996
83605,5,762000
83606,5,762004
83607,5,762019
83608,2,761953
83609,2,761957
83610,2,761961
83611,2,761965
83612,5,761969
83613,5,761973
83614,5,761977
83615,5,761981
83616,5,761985
83617,5,761989
83618,5,761993
83619,5,761997
83620,5,762001
83621,5,762005
83622,5,762020
83623,2,761954
83624,2,761958
83625,2,761962
83626,2,761966
83627,5,761970
83628,5,761974
83629,5,761978
83630,5,761982
83631,5,761986
83632,5,761990
83633,5,761994
83634,5,761998
83635,5,762002
83636,5,762006
83637,5,762021
83638,5,762895
83639,5,762896
83640,5,762897
83641,5,762898
83642,5,762899
83643,5,761967
83644,5,761968
83645,5,761969
83646,5,761970
83647,5,761971
83648,5,761972
83649,5,761973
83650,5,761974
83651,5,761975
83652,5,761976
83653,5,761977
83654,5,761978
83655,5,761979
83656,5,761980
83657,5,761981
83658,5,761982
83659,5,761983
83660,5,761984
83661,5,761985
83662,5,761986
83663,5,761987
83664,5,761988
83665,5,761989
83666,5,761990
83667,5,761991
83668,5,761992
83669,5,761993
83670,5,761994
83671,5,761995
83672,5,761996
83673,5,761997
83674,5,761998
83675,5,761999
83676,5,762000
83677,5,762001
83678,5,762002
83679,5,762003
83680,5,762004
83681,5,762005
83682,5,762006
83683,5,762018
83684,5,762019
83685,5,762020
83686,5,762021
83687,5,762894
83688,5,762893
83689,5,762892
83690,5,762891
83691,5,762890
83692,5,762889
83693,5,762888
83694,5,762887
83695,5,762886
83696,5,762885
83697,2,762900
83698,2,762904
83699,2,762908
83700,2,762912
83701,2,762901
83702,2,762905
83703,2,762909
83704,2,762913
83705,2,762902
83706,2,762906
83707,2,762910
83708,2,762914
83709,2,762903
83710,2,762907
83711,2,762911
83712,2,762915
83713,5,762845
83714,5,762849
83715,5,762853
83716,5,762857
83717,5,762861
83718,5,762865
83719,5,762869
83720,5,762873
83721,5,762877
83722,5,762881
83723,5,762896
83724,5,762846
83725,5,762850
83726,5,762854
83727,5,762858
83728,5,762862
83729,5,762866
83730,5,762870
83731,5,762874
83732,5,762878
83733,5,762882
83734,5,762847
83735,5,762851
83736,5,762855
83737,5,762859
83738,5,762863
83739,5,762867
83740,5,762871
83741,5,762875
83742,5,762879
83743,5,762883
83744,5,762848
83745,5,762852
83746,5,762856
83747,5,762860
83748,5,762864
83749,5,762868
83750,5,762872
83751,5,762876
83752,5,762880
83753,5,762884
83754,6,767984
83755,6,767985
83756,6,767986
83757,6,767987
83758,6,767980
83759,6,767981
83760,6,767982
83761,6,767983
83762,11,761173
83763,11,761172
83764,11,761171
83765,11,761170
83766,11,761173
83767,11,761172
83768,11,761171
83769,11,761170
83770,20,767211
83771,20,767212
83772,31,767193
83773,31,767194
83774,31,767195
83775,20,767206
83776,20,767207
83777,20,767208
83778,20,767209
83779,20,767210
83780,31,760086
83781,31,767192
83782,20,767213
83783,20,767214
83784,20,767215
83785,3,758265
83786,3,758266
83787,3,758267
83788,20,767196
83789,20,767197
83790,20,767198
83791,20,767199
83792,20,767200
83793,20,767201
83794,20,767202
83795,20,767203
83796,20,767204
83797,20,767205
83798,13,1084795
83799,14,262263
83800,25,669443
83801,41,778697
83802,42,778696
83803,1,775618
83804,1,775620
83805,25,682501
83806,1,775621
83807,25,682501
83808,25,786452
83809,10,781911
83810,10,781912
83811,10,781913
83812,10,781914
83813,10,781915
83814,10,781916
83815,10,781917
83816,10,781918
83817,10,781919
83818,10,781920
83819,10,781901
83820,10,781902
83821,10,781903
83822,10,781904
83823,10,781905
83824,10,781906
83825,10,781907
83826,10,781908
83827,10,781909
83828,10,781910
83829,1,13394
83830,1,13395
83831,1,13396
83832,1,13397
83833,1,226274
83834,1,226275
83835,1,226276
83836,1,208593
83837,1,208594
83838,1,208595
83839,1,208596
83840,25,786452
83841,10,783656
83842,10,783693
83843,10,783694
83844,10,783695
83845,10,783699
83846,10,783698
83847,10,783697
83848,10,783696
83849,10,783703
83850,10,783702
83851,10,783701
83852,10,783700
83853,10,783640
83854,10,783641
83855,10,783642
83856,10,783643
83857,10,783644
83858,10,783645
83859,10,783646
83860,10,783647
83861,10,783648
83862,10,783649
83863,10,783650
83864,10,783651
83865,10,788470
83866,10,788468
83867,10,788469
83868,10,788481
83869,10,788483
83870,10,788482
85325,10,783720
85326,10,783721
85327,10,783722
85328,10,783723
85329,10,789608
85750,10,783720
85751,10,783721
85752,10,783722
85753,10,783723
85754,10,789608
86037,8,783656
86038,8,783657
86039,8,783658
86040,8,783659
86041,8,788472
86042,8,783660
86043,8,783661
86044,8,783662
86045,8,783663
86046,8,788473
86047,8,783664
86048,8,783665
86049,8,783666
86050,8,783667
86051,8,788474
86052,8,783668
86053,8,783669
86054,8,783670
86055,8,783671
86056,8,788475
86057,8,783672
86058,8,783673
86059,8,783674
86060,8,783675
86061,8,788476
86062,8,783676
86063,8,783677
86064,8,783678
86065,8,783679
86066,8,788477
86067,8,783680
86068,8,783681
86069,8,783682
86070,8,783683
86071,8,788478
86072,8,783684
86073,8,783685
86074,8,783686
86075,8,783687
86076,8,788479
86077,8,783688
86078,8,783689
86079,8,783690
86080,8,783691
86081,8,788480
86946,8,783760
86947,8,783761
87023,8,783536
87024,8,783537
87025,8,783538
87026,8,783539
87027,8,788442
87028,8,783540
87029,8,783541
87030,8,783542
87031,8,783543
87032,8,788443
87033,8,783544
87034,8,783545
87035,8,783546
87036,8,783547
87037,8,788444
87038,8,783548
87039,8,783549
87040,8,783550
87041,8,783551
87042,8,788445
87043,8,783552
87044,8,783553
87045,8,783554
87046,8,783555
87047,8,788446
87048,8,783556
87049,8,783557
87050,8,783558
87051,8,783559
87052,8,788447
87053,8,783560
87054,8,783561
87055,8,783562
87056,8,783564
87057,8,788448
87058,8,783563
87059,8,783565
87060,8,783566
87061,8,783567
87062,8,788449
87063,8,783568
87064,8,783569
87065,8,783570
87066,8,783571
87067,8,788450
87068,8,783572
87069,8,783573
87070,8,783574
87071,8,783575
87072,8,788451
87073,8,783576
87074,8,783577
87075,8,783578
87076,8,783579
87077,8,788452
87078,8,783580
87079,8,783581
87080,8,783582
87081,8,783583
87082,8,788453
87083,8,783584
87084,8,783585
87085,8,783586
87086,8,783587
87087,8,788454
87088,8,783588
87089,8,783589
87090,8,783590
87091,8,783591
87092,8,788455
87093,8,783592
87094,8,783593
87095,8,783594
87096,8,783595
87097,8,788456
87098,8,783596
87099,8,783597
87100,8,783598
87101,8,783599
87102,8,788457
87103,8,783600
87104,8,783601
87105,8,783602
87106,8,783603
87107,8,788458
87108,8,783604
87109,8,783605
87110,8,783606
87111,8,783607
87112,8,788459
87113,8,783608
87114,8,783609
87115,8,783610
87116,8,783611
87117,8,788460
87118,8,783612
87119,8,783613
87120,8,783614
87121,8,783615
87122,8,788461
87123,8,783616
87124,8,783617
87125,8,783618
87126,8,783619
87127,8,788462
87128,8,783620
87129,8,783621
87130,8,783622
87131,8,783623
87132,8,788463
87133,8,783624
87134,8,783625
87135,8,783626
87136,8,783627
87137,8,788464
87138,8,783628
87139,8,783629
87140,8,783630
87141,8,783631
87142,8,788465
87143,8,783632
87144,8,783633
87145,8,783634
87146,8,783635
87147,8,788466
87148,8,783636
87149,8,783637
87150,8,783638
87151,8,783639
87152,8,788467
87153,8,783762
87169,8,783763
87200,8,789623
87453,11,783724
87454,11,783725
87455,11,783726
87456,11,783727
87457,11,789609
87458,11,783728
87459,11,783729
87460,11,783730
87461,11,783731
87462,11,789610
87463,11,783732
87464,11,783733
87465,11,783734
87466,11,783735
87467,11,789611
87468,11,783736
87469,11,783737
87470,11,783738
87471,11,783739
87472,11,789612
87473,11,783740
87474,11,783741
87475,11,783742
87476,11,783743
87477,11,789613
87478,11,783748
87479,11,783749
87480,11,783750
87481,11,783751
87482,11,789615
87483,11,783752
87484,11,783753
87485,11,783754
87486,11,783755
87487,11,789616
87491,11,783756
87492,11,783757
87493,11,783758
87494,11,783759
87495,11,789617
87496,11,789860
87497,11,789861
87498,11,789857
87499,11,789858
87500,11,789856
87501,11,789859
87502,11,789862
87503,11,789863
87504,11,789864
87505,11,789865
87647,11,783764
87648,11,783765
87649,11,783766
87650,11,783767
87651,11,789622
87652,11,783768
87653,11,783769
87654,11,783770
87655,11,783771
87656,11,789618
87657,11,783772
87658,11,783773
87659,11,783774
87660,11,783775
87661,11,789621
87662,11,783776
87663,11,783777
87664,11,783778
87665,11,783779
87666,11,789620
87667,11,783780
87668,11,783781
87669,11,783782
87670,11,783783
87671,11,789624
87672,11,783784
87673,11,783785
87674,11,783786
87675,11,783787
87676,11,789625
87677,11,783788
87678,11,783789
87679,11,783790
87680,11,783791
87681,11,789619
87682,11,783792
87683,11,783793
87684,11,783794
87685,11,783795
87686,11,789626
88557,11,790139
88558,11,790140
88559,11,790141
88560,11,790142
88561,11,790143
88581,12,783652
88620,12,783653
88621,12,783654
88622,12,783655
88623,12,788471
89543,12,783704
89544,12,783705
89545,12,783706
89546,12,783707
89547,12,790165
89548,12,783708
89549,12,783709
89550,12,783710
89551,12,783711
89552,12,788484
89553,12,783712
89554,12,783713
89555,12,783714
89556,12,783715
89557,12,788485
89558,12,783716
89559,12,783717
89560,12,783718
89561,12,783719
89562,12,788486
93703,44,775293
93704,44,775292
93705,44,775291
93706,44,775293
93707,44,775292
93708,44,775291
93709,44,775293
93710,44,775292
93711,44,775291
93712,44,775293
93713,44,775292
93714,44,775291
93715,44,775293
93716,44,775292
93717,44,775291
93718,44,775293
93719,44,775292
93720,44,775291
93721,44,775293
93722,44,775292
93723,44,775291
93724,44,775293
93725,44,775292
93726,44,775291
93727,44,775293
93728,44,775292
93729,44,775291
93730,44,775293
93731,44,775292
93732,44,775291
93733,44,775293
93734,44,775292
93735,44,775291
93736,44,775293
93737,44,775292
93738,44,775291
93739,44,775293
93740,44,775292
93741,44,775291
93742,44,775293
93743,44,775292
93744,44,775291
93745,44,775293
93746,44,775292
93747,44,775291
93748,44,775293
93749,44,775292
93750,44,775291
93751,44,775293
93752,44,775292
93753,44,775291
93754,44,775293
93755,44,775292
93756,44,775291
93757,44,775293
93758,44,775292
93759,44,775291
93760,44,775293
93761,44,775292
93762,44,775291
93763,44,775293
93764,44,775292
93765,44,775291
93766,44,775293
93767,44,775292
93768,44,775291
93769,44,775293
93770,44,775292
93771,44,775291
93772,44,775293
93773,44,775292
93774,44,775291
93775,44,775293
93776,44,775292
93777,44,775291
93778,44,775293
93779,44,775292
93780,44,775291
93781,44,775293
93782,44,775292
93783,44,775291
93784,44,775293
93785,44,775292
93786,44,775291
93787,44,775293
93788,44,775292
93789,44,775291
93790,44,775293
93791,44,775292
93792,44,775291
93793,44,775293
93794,44,775292
93795,44,775291
93796,44,775293
93797,44,775292
93798,44,775291
93799,44,775293
93800,44,775292
93801,44,775291
93802,44,775293
93803,44,775292
93804,44,775291
93805,44,775293
93806,44,775292
93807,44,775291
93808,44,775293
93809,44,775292
93810,44,775291
93811,44,775293
93812,44,775292
93813,44,775291
93814,44,775293
93815,44,775292
93816,44,775291
93817,44,775293
93818,44,775292
93819,44,775291
93820,44,775293
93821,44,775292
93822,44,775291
93823,44,775293
93824,44,775292
93825,44,775291
93826,44,775293
93827,44,775292
93828,44,775291
93829,44,775293
93830,44,775292
93831,44,775291
93832,44,775293
93833,44,775292
93834,44,775291
93835,44,775293
93836,44,775292
93837,44,775291
93838,44,775293
93839,44,775292
93840,44,775291
93841,44,775293
93842,44,775292
93843,44,775291
93849,44,775292
93850,44,775291
93851,44,775293
93852,44,775291
93853,44,775292
93854,44,775293
93855,36,719793
93856,36,683935
93862,10,788810
93878,10,788810
93879,10,788811
93880,10,788812
93881,10,788813
93882,10,788814
93883,10,788810
93884,10,788811
93885,10,788812
93886,10,788813
93887,10,788814
93906,25,688996
93907,25,788807
93908,25,788808
93909,25,788809
93910,10,783692
93911,25,688996
93912,25,788807
93913,25,788808
93914,25,788809
93915,36,683937
93916,36,683938
93917,36,683939
93918,36,792167
93919,36,792168
93920,36,792169
93921,36,792170
93932,10,783411
93933,10,783412
93934,10,783413
93935,10,783414
93940,10,783415
93941,10,783416
93942,10,783417
93943,10,783418
93984,5,783419
93985,5,783420
93986,5,783421
93987,5,783424
93988,5,783422
93989,5,783423
93990,5,783425
93991,5,783430
93992,5,783431
93993,5,783426
93994,5,783427
93995,5,783428
93996,5,783429
93997,5,783432
93998,5,783433
93999,5,783434
94000,5,783435
94001,5,783436
94002,5,783437
94003,5,783438
94004,5,783439
94005,5,783440
94006,5,783441
94007,5,783442
94008,5,783443
94009,5,783444
94010,5,783445
94011,5,783446
94012,5,783447
94013,5,783448
94014,5,783449
94015,5,783450
94016,5,783451
94017,5,783452
94018,5,783453
94019,5,783454
94020,5,783455
94021,5,783456
94022,5,783457
94023,5,783458
94024,5,783359
94025,5,783360
94026,5,783361
94027,5,783362
94028,5,783363
94029,5,783364
94030,5,783365
94031,5,783366
94032,5,783367
94033,5,783368
94034,5,783369
94035,5,783370
94036,5,783371
94037,5,783372
94038,5,783373
94039,5,783374
94040,5,783375
94041,5,783376
94042,5,783377
94043,5,783378
94044,5,783379
94045,5,783380
94046,5,783381
94047,5,783382
94048,5,783383
94049,5,783384
94050,5,783385
94051,5,783386
94052,5,783387
94053,5,783388
94054,5,783389
94055,5,783390
94056,5,783391
94057,5,783392
94058,5,783393
94059,5,783394
94060,5,783395
94061,5,783396
94062,5,783397
94063,5,783398
94064,1,783467
94065,1,783468
94066,1,783469
94067,1,783358
94068,13,783459
94069,13,783460
94070,13,783461
94071,13,783462
94072,14,783463
94073,14,783464
94074,14,783465
94075,14,783466
94076,5,783419
94077,5,783420
94078,5,783421
94079,5,783424
94080,5,783422
94081,5,783423
94082,5,783425
94083,5,783430
94084,5,783431
94085,5,783426
94086,5,783427
94087,5,783428
94088,5,783429
94089,5,783432
94090,5,783433
94091,5,783434
94092,5,783435
94093,5,783436
94094,5,783437
94095,5,783438
94096,5,783439
94097,5,783440
94098,5,783441
94099,5,783442
94100,5,783443
94101,5,783444
94102,5,783445
94103,5,783446
94104,5,783447
94105,5,783448
94106,5,783449
94107,5,783450
94108,5,783451
94109,5,783452
94110,5,783453
94111,5,783454
94112,5,783455
94113,5,783456
94114,5,783457
94115,5,783458
94116,1,791713
94117,16,791734
94118,3,791733
94119,2,791717
94120,25,671466
94121,36,683935
94122,36,683936
94123,36,683935
94124,36,792163
94125,36,792708
94126,36,792709
94127,36,792164
94128,36,792710
94129,36,792711
94130,36,792165
94131,36,792712
94132,36,792713
94133,36,792166
94134,36,792714
94135,36,792715
94136,36,683937
94137,36,792167
94138,36,792168
94139,36,792169
94140,36,792170
94141,36,683938
94142,36,792716
94143,36,792718
94144,36,792722
94145,36,683939
94146,36,792717
94147,36,792719
94148,36,792723
94149,36,792721
94150,36,700218
94151,36,792178
94152,36,792179
94153,36,792181
94154,36,792180
94155,36,700219
94156,36,681934
94157,36,681940
94158,36,681936
94159,36,681937
94160,36,681938
94161,36,681941
94162,36,681935
94163,36,791985
94164,36,791987
94165,36,791989
94166,36,681939
94167,36,681933
94168,36,791986
94169,36,791988
94170,36,791990
94171,36,681954
94172,36,681957
94173,36,791992
94174,36,791994
94175,36,791996
94176,36,681953
94177,36,681956
94178,36,791991
94179,36,791993
94180,36,791995
94181,36,681952
94182,36,681955
94183,36,681958
94184,36,681959
94185,36,681960
94186,30,791713
94187,36,682788
94188,36,682788
94189,36,682795
94190,36,682789
94191,36,682790
94192,36,682791
94193,36,682792
94194,36,682793
94195,36,682794
94196,36,682803
94197,36,682804
94198,36,682805
94199,36,682806
94200,36,682807
94201,36,682808
94202,36,681935
94203,36,682797
94204,36,682798
94205,36,682799
94206,36,682800
94207,36,682801
94208,36,682802
94209,36,682767
94210,36,682768
94211,36,682769
94212,36,682770
94213,36,682771
94214,36,682772
94215,36,682773
94216,36,682774
94217,36,682775
94218,36,682776
94219,36,682777
94220,36,682778
94221,36,682779
94222,36,682780
94223,36,682781
94224,36,682782
94225,36,682783
94226,36,682784
94227,36,682785
94228,36,682786
94229,36,682787
94230,36,685330
94231,36,685330
94232,36,791981
94233,36,791982
94234,36,791982
94235,36,685331
94236,36,685331
94237,36,791983
94238,36,791983
94239,36,791984
94240,36,791984
94244,36,792720
94245,36,683206
94246,36,683207
94247,36,683210
94248,36,683213
94249,36,683208
94250,36,683211
94251,36,683214
94252,36,683224
94253,36,683219
94254,36,683222
94255,36,683225
94256,36,683226
94257,36,683223
94258,36,683220
94259,36,791946
94260,36,791945
94261,36,791947
94262,36,791948
94263,36,791949
94264,36,791950
94265,36,791951
94266,36,791952
94267,36,791953
94268,36,791954
94269,36,791955
94270,36,791956
94271,36,791957
94272,36,791958
94273,36,791959
94274,36,791960
94279,1,783407
94280,1,783408
94281,1,783409
94282,1,783410
94283,13,783363
94284,13,783399
94285,13,783400
94286,13,783401
94287,13,783402
94288,14,783403
94289,14,783404
94290,14,783405
94291,14,783406
94292,1,791710
94293,1,791711
94294,1,791712
94295,3,791730
94296,3,791731
94297,3,791732
94298,30,791712
94299,30,791711
94300,30,791710
94301,2,791721
94302,2,791725
94303,2,791729
94304,2,791714
94305,2,791718
94306,2,791722
94307,2,791726
94308,2,791715
94309,2,791719
94310,2,791723
94311,2,791727
94312,2,791716
94313,2,791720
94314,2,791724
94315,2,791728
94316,25,671467
94317,25,671468
94318,16,791735
94319,1,787226
94320,1,787228
94321,1,787230
94322,1,787232
94323,1,787234
94324,2,787225
94325,2,787227
94326,2,787229
94327,2,787231
94328,2,787233
94329,5,787190
94330,5,787191
94331,5,787192
94332,5,787193
94333,5,787194
94334,5,787195
94335,5,787196
94336,5,787197
94337,5,787198
94338,5,787199
94339,5,787200
94340,5,787201
94341,5,787202
94342,5,787203
94343,5,787204
94344,5,787205
94345,5,787206
94346,5,787207
94347,5,787208
94348,5,787209
94349,5,787210
94350,5,787211
94351,5,787212
94352,5,787213
94353,5,787214
94354,5,787215
94355,5,787216
94356,5,787217
94357,5,787218
94358,5,787219
94359,5,787220
94360,5,787221
94361,5,787222
94362,5,787223
94363,5,787224
94364,1,786107
94365,1,786109
94366,1,786111
94367,1,786113
94368,1,786115
94369,5,786027
94370,5,786026
94371,5,786028
94372,5,786029
94373,5,786030
94374,5,786031
94375,5,786032
94376,5,786033
94377,5,786034
94378,5,786035
94379,5,786036
94380,5,786037
94381,5,786038
94382,5,786039
94383,5,786040
94384,5,786041
94385,5,786042
94386,5,786043
94387,5,786044
94388,5,786045
94389,5,786046
94390,5,786047
94391,5,786048
94392,5,786049
94393,5,786050
94394,5,786051
94395,5,786052
94396,5,786053
94397,5,786054
94398,5,786055
94399,5,786056
94400,5,786057
94401,5,786058
94402,5,786059
94403,5,786060
94404,5,652220
94405,5,652222
94406,5,652224
94407,5,786061
94408,5,786062
94409,5,786063
94410,5,786064
94411,5,786065
94412,5,786066
94413,5,786067
94414,5,786068
94415,5,786069
94416,5,786070
94417,5,652262
94418,5,652264
94419,5,652266
94420,5,786071
94421,5,786072
94422,5,786073
94423,5,786074
94424,5,786075
94425,5,786076
94426,5,786077
94427,5,786078
94428,5,786079
94429,5,786080
94430,5,786081
94431,5,786082
94432,5,786083
94433,5,786084
94434,5,786085
94435,5,786086
94436,5,786087
94437,5,786088
94438,5,786089
94439,5,786090
94440,5,786091
94441,5,786092
94442,5,786093
94443,5,786094
94444,5,786095
94445,5,786096
94446,5,786097
94447,5,786098
94448,5,786099
94449,5,786100
94450,5,786101
94451,5,786102
94452,5,786103
94453,5,786104
94454,5,786105
94455,13,793788
94456,13,793789
94457,13,793792
94458,13,793790
94459,13,793791
94460,14,793783
94461,14,793784
94462,14,793785
94463,14,793786
94464,14,793787
94465,2,786106
94466,2,786108
94467,2,786110
94468,2,786112
94469,2,786114
94470,13,793778
94471,13,793779
94472,13,793780
94473,13,793781
94474,13,793782
94475,5,787237
94476,5,787238
94477,5,787239
94478,5,787240
94479,5,787241
94480,5,787242
94481,5,787243
94482,5,787244
94483,5,787245
94484,5,787246
94485,5,787247
94486,5,787248
94487,5,787249
94488,5,787250
94489,5,787251
94490,5,787252
94491,5,787253
94492,5,787254
94493,5,787255
94494,5,787256
94495,5,787257
94496,5,787258
94497,5,787259
94498,5,787260
94499,5,787261
94500,5,787262
94501,5,787263
94502,5,787264
94503,5,787265
94504,5,787266
94505,5,787267
94506,5,787268
94507,5,787269
94508,5,787270
94509,5,787271
94510,5,787272
94511,5,787273
94512,5,787274
94513,5,787275
94514,5,787276
94515,5,787277
94516,5,787278
94517,5,787279
94518,5,787280
94519,5,787281
94520,5,787282
94521,5,787283
94522,5,787284
94523,5,787285
94524,5,787286
94525,5,787287
94526,5,787288
94527,5,787289
94528,5,787290
94529,5,787291
94530,1,800882
94531,1,800881
94532,1,800880
94533,1,800883
94534,1,800884
94535,1,788509
94536,1,788512
94537,1,788513
94538,1,788514
94539,1,788515
94540,2,788510
94541,2,788511
94542,1,797395
94543,2,791166
94544,10,791165
94545,1,797394
94546,2,790557
94547,10,790556
94548,1,791571
94549,2,791570
94550,10,791569
94551,1,791565
94552,2,791564
94553,10,791563
94554,1,791568
94555,2,791567
94556,10,791566
94557,25,791572
94558,1,800885
94559,1,800886
94560,1,800887
94561,1,800888
94562,1,800889
94563,1,800890
94564,1,800891
94565,1,800892
94566,1,800893
94567,1,800894
94568,1,793865
94569,1,793866
94570,1,793867
94571,1,793868
94572,2,793864
94573,1,795830
94574,1,795827
94575,1,795828
94576,1,795829
94577,2,795824
94578,2,795825
94579,2,795826
94580,3,795821
94581,3,795822
94582,3,795823
94583,1,225563
94584,1,225564
94585,1,225565
94586,10,790556
94589,2,790557
94593,1,790558
94594,10,791165
94595,2,791166
94597,1,791167
94598,1,797398
94599,1,791571
94600,10,791569
94601,1,791571
94602,2,797415
94603,1,797397
94604,1,797396
94605,1,797458
94606,1,797461
94607,1,797462
94608,1,797463
94609,1,797464
94610,25,797456
94611,25,797457
94623,1,12402
94624,1,12403
94625,1,12404
94626,1,12405
94627,1,12406
94628,1,12407
94629,1,13447
94630,1,13448
94631,1,13449
94633,1,655591
94634,1,797729
94635,1,797730
94636,1,797731
94637,1,797732
94638,1,797733
94639,1,797734
94640,1,797735
94641,1,797736
94642,1,797737
94643,1,797738
94644,2,797725
94645,2,797726
94646,2,797727
94647,2,797728
94648,2,797414
94649,2,752215
94650,2,797459
94651,2,797460
94652,1,208154
94653,1,224534
94654,1,208155
94655,1,224535
94656,1,208156
94657,1,216044
94658,2,216047
94659,1,270228
94661,25,799168
94662,25,799168
94663,36,791981
94664,25,796790
94665,25,796791
94666,25,796792
94667,25,796793
94735,4,796805
94736,4,796806
94737,4,796807
94738,4,796808
94739,4,796809
94740,4,796810
94741,4,796811
94742,4,796812
94743,4,796813
94744,4,796814
94745,4,796815
94746,4,796816
94747,4,796817
94748,4,796818
94749,4,796819
94750,4,796820
94751,4,796821
94752,4,796822
94753,4,796823
94754,4,796824
94755,4,796825
94756,4,796826
94757,4,796827
94758,4,796828
94759,4,796829
94760,4,796830
94761,4,796831
94762,4,796832
94763,4,796833
94764,4,796834
94765,13,796835
94766,13,796836
94786,1,796841
94787,1,796842
94789,2,796802
94790,2,796803
94791,2,796804
94792,10,796798
94793,10,796799
94794,10,796800
94795,10,796801
94796,10,796798
94797,10,796799
94798,10,796800
94799,10,796801
94800,10,796798
94801,10,796799
94802,10,796800
94803,10,796801
94804,10,796798
94805,10,796799
94806,10,796800
94807,10,796801
94820,1,796880
94821,1,796881
94823,13,796874
94824,13,796875
94825,14,796877
94826,14,796878
94855,1,799895
94856,1,799896
94857,1,799897
94862,2,799891
94863,2,799892
94864,2,799893
94865,10,796794
94866,10,796795
94867,10,796796
94868,10,796797
94877,25,796790
94878,25,796791
94879,25,796792
94880,25,796793
94881,16,799888
94882,16,799889
94883,16,799890
94940,18,790208
94941,18,790207
94942,18,790209
94943,18,790210
94944,18,790211
94945,18,790212
94946,18,790213
94947,18,790214
94948,18,790215
94949,18,790216
94950,18,790217
94951,18,790218
94952,18,790219
94953,18,790220
94954,18,790221
94955,18,790222
94956,18,790223
94957,18,790224
94958,18,790225
94959,18,790226
94960,18,790227
94961,18,790228
94962,18,790229
94963,18,790230
94964,18,790231
94965,18,790232
94966,18,790233
94967,18,790234
94968,17,790310
94970,17,790309
94971,17,790311
94972,17,790312
94973,17,790313
94979,13,795471
94980,13,795472
94981,13,795473
94982,13,795474
94983,13,795475
94984,13,795476
94985,13,795477
94986,13,795478
94987,13,795479
94988,13,795480
94989,13,795481
94990,13,795482
94991,13,795483
94992,13,795484
94993,13,795485
94994,5,800661
94995,5,800632
94996,5,800633
94997,5,800634
94998,5,800635
94999,5,800636
95000,5,800637
95001,5,800638
95002,5,800639
95003,5,800640
95004,5,800641
95005,5,800642
95006,5,800643
95007,5,800644
95008,5,800645
95009,5,800646
95010,5,800647
95011,5,800648
95012,5,800649
95013,5,800650
95014,5,800651
95015,5,800652
95016,5,800653
95017,5,800654
95018,5,800655
95019,5,800656
95020,5,800657
95021,5,800658
95022,5,800659
95023,5,800660
95024,5,800661
95025,5,800662
95026,5,800663
95027,5,800664
95028,5,800665
95029,5,800666
95030,5,800667
95031,5,800668
95032,5,800669
95033,5,800670
95034,5,800671
95035,5,800672
95036,5,800673
95037,5,800674
95038,5,800675
95039,5,800676
95040,5,800677
95041,5,800678
95042,5,800679
95043,5,800680
95044,5,800681
95045,5,800682
95046,5,800683
95047,5,800684
95048,5,800685
95049,5,800631
95050,1,787718
95051,1,787719
95052,1,787720
95053,1,787721
95054,1,787722
95055,1,787723
95056,1,787724
95057,1,787725
95058,1,787726
95059,1,787727
95060,1,787728
95061,1,787729
95062,1,787730
95063,1,787731
95064,1,787732
95065,13,795441
95066,13,795442
95067,13,795443
95068,13,795444
95069,13,795445
95070,13,795446
95071,13,795447
95072,13,795448
95073,13,795449
95074,13,795450
95075,13,795451
95076,13,795452
95077,13,795453
95078,13,795454
95079,13,795455
95080,13,265471
95081,14,795456
95082,14,795457
95083,14,795458
95084,14,795459
95085,14,795460
95086,14,795461
95087,14,795462
95088,14,795463
95089,14,795464
95090,14,795465
95091,14,795466
95092,14,795467
95093,14,795468
95094,14,795469
95095,14,795470
95096,5,787668
95097,5,787669
95098,5,787670
95099,5,787671
95100,5,787672
95101,5,787673
95102,5,787674
95103,5,787675
95104,5,787676
95105,5,787677
95106,5,787678
95107,5,787679
95108,5,787680
95109,5,787681
95110,5,787682
95111,5,787683
95112,5,787684
95113,5,787685
95114,5,787686
95115,5,787687
95116,5,787688
95117,5,787689
95118,5,787690
95119,5,787691
95120,5,787692
95121,5,787693
95122,5,787694
95123,5,787695
95124,5,787696
95125,5,787697
95126,5,787698
95127,5,787699
95128,5,787700
95129,5,787701
95130,5,787702
95131,5,787703
95132,5,787704
95133,5,787705
95134,5,787706
95135,5,787707
95136,5,787708
95137,5,787709
95138,5,787710
95139,5,787711
95140,5,787712
95141,5,787713
95142,5,787714
95143,5,787715
95144,5,787716
95145,5,787717
95146,4,796844
95147,4,796845
95148,4,796847
95149,4,796848
95150,4,796850
95151,4,796851
95152,4,796853
95153,4,796854
95154,4,796856
95155,4,796857
95156,4,796859
95157,4,796860
95158,4,796862
95159,4,796863
95160,4,796865
95161,4,796866
95162,4,796868
95163,4,796869
95164,4,796871
95165,4,796872
95166,17,790235
95167,17,790236
95168,17,790237
95169,17,790238
95170,17,790239
95171,17,790240
95172,17,790241
95173,17,790242
95174,17,790243
95175,17,790244
95176,17,790245
95177,17,790246
95178,17,790247
95179,17,790248
95180,17,790249
95181,17,790250
95182,17,790251
95183,17,790252
95184,17,790253
95185,17,790254
95186,17,790255
95187,17,790256
95188,17,790257
95189,17,790258
95190,17,790259
95191,17,790260
95192,17,790261
95193,17,790262
95194,17,790263
95195,17,790264
95196,17,790265
95197,17,790266
95198,17,790267
95199,17,790268
95200,17,790269
95201,17,790270
95202,17,790271
95203,17,790272
95204,17,790273
95205,17,790274
95206,17,790275
95207,17,790276
95208,17,790277
95209,17,790278
95210,17,790279
95211,17,790280
95212,17,790281
95213,17,790282
95214,17,790283
95215,17,790284
95216,17,790285
95217,17,790286
95218,17,790287
95219,17,790288
95220,17,790289
95221,17,790290
95222,17,790291
95223,17,790292
95224,17,790293
95225,17,790294
95226,17,790295
95227,17,790296
95228,17,790297
95229,17,790298
95230,17,790299
95231,17,790300
95232,17,790301
95233,17,790302
95234,17,790303
95235,17,790304
95236,19,801202
95237,20,801201
95238,19,801620
95239,20,801617
95240,19,801619
95241,20,801616
95242,18,790305
95243,18,790306
95244,18,790307
95245,18,790308
95246,2,802206
95247,1,801122
95248,19,801621
95249,20,801618
95250,16,801121
95251,17,790314
95252,1,797754
95253,1,797756
95254,1,797758
95255,1,797760
95256,2,797755
95257,2,797757
95258,2,797759
95259,2,797761
95262,16,797762
95263,16,797763
95264,1,800882
95265,10,1083597
95266,10,1083594
95267,10,1083598
95268,10,1083593
95277,12,794542
95278,12,794543
95279,12,794544
95280,12,794545
95281,12,794546
95282,12,794547
95283,12,794548
95284,12,794549
95285,10,1083597
95286,10,1083594
95287,10,1083598
95288,10,1083593
95289,18,805483
95290,18,805501
95291,18,805502
95292,18,805503
95293,18,805504
95294,18,805505
95295,18,805506
95296,18,805507
95297,17,805508
95298,17,805510
95299,17,805512
95300,17,805491
95301,17,805493
95302,17,805495
95303,17,805497
95304,17,805499
95305,17,805487
95306,17,805489
95307,17,805509
95308,17,805511
95309,17,805513
95310,17,805492
95311,17,805494
95312,17,805496
95313,17,805498
95314,17,805500
95315,17,805488
95316,17,805490
95317,1,803885
95318,1,803886
95319,1,803875
95320,1,803876
95321,10,803880
95322,10,803894
95323,10,803881
95324,10,803895
95325,10,803882
95326,10,803896
95327,26,803887
95328,26,803888
95329,26,803877
95330,26,803878
95331,16,803879
95332,16,803889
95333,16,803890
95334,16,803891
95335,16,803883
95336,16,803884
95337,16,803892
95338,16,803893
95344,10,787845
95345,10,787846
95346,10,787847
95347,10,787848
95348,10,787849
95350,11,787790
95351,10,787845
95352,10,787846
95353,10,787847
95354,10,787848
95355,10,787849
95356,11,787791
95357,11,787792
95358,11,787793
95359,11,787794
95360,12,787755
95361,12,787756
95362,12,787757
95363,12,787758
95364,12,787759
95365,12,787754
95366,12,787753
95367,12,787752
95368,12,787751
95369,12,787750
95370,12,787760
95371,12,787761
95372,12,787762
95373,12,787763
95374,12,787764
95375,12,787765
95376,12,787766
95377,12,787767
95378,12,787768
95379,12,787769
95380,12,787770
95381,12,787771
95382,12,787772
95383,12,787773
95384,12,787774
95385,12,787780
95386,12,787781
95387,12,787782
95388,12,787783
95389,12,787784
95390,12,787785
95391,12,787786
95392,12,787787
95393,12,787788
95394,12,787789
95395,11,787795
95396,11,787796
95397,11,787797
95398,11,787798
95399,11,787799
95400,11,787800
95401,11,787801
95402,11,787802
95403,11,787803
95404,11,787804
95405,11,787805
95406,11,787806
95407,11,787807
95408,11,787808
95409,11,787809
95410,11,787810
95411,11,787811
95412,11,787812
95413,11,787813
95414,11,787814
95415,11,787815
95416,11,787816
95417,11,787817
95418,11,787818
95419,11,787819
95420,11,787820
95421,11,787821
95422,11,787822
95423,11,787823
95424,11,787824
95425,11,787825
95426,11,787826
95427,11,787827
95428,11,787828
95429,11,787829
95430,11,787830
95431,11,787831
95432,11,787832
95433,11,787833
95434,11,787834
95435,11,787835
95436,11,787836
95437,11,787837
95438,11,787838
95439,11,787839
95440,11,787840
95441,11,787841
95442,11,787842
95443,11,787843
95444,11,787844
95445,1,796882
95446,13,796876
95447,14,796879
95448,13,796837
95449,1,796843
95450,2,796804
95451,1,816148
95452,1,816149
95453,5,816144
95454,5,816145
95455,5,816146
95456,5,816147
95457,10,807242
95458,10,807243
95459,7,816136
95460,7,816137
95461,7,816138
95462,7,816139
95463,2,816140
95464,2,816141
95465,2,816142
95466,2,816143
95467,16,815086
95468,16,815087
95469,11,807244
95470,11,807245
95471,11,807244
95472,11,807245
95473,25,815084
95474,10,797898
95475,10,797899
95476,10,797900
95477,10,797901
95478,10,797902
95479,10,797903
95480,11,797904
95481,11,797905
95482,11,797906
95483,11,797907
95484,11,797908
95485,11,797909
95486,38,815085
95487,8,797892
95488,8,797893
95489,8,797894
95490,8,797895
95491,8,797896
95492,8,797897
95493,10,797916
95494,10,797917
95495,10,797918
95496,10,797919
95497,10,797920
95498,10,797921
95499,11,797922
95500,11,797923
95501,11,797924
95502,11,797925
95503,11,797926
95504,11,797927
95505,2,815069
95506,2,815070
95507,2,815071
95508,2,815072
95509,7,815079
95510,7,815080
95511,7,815081
95512,7,815082
95513,25,815084
95514,4,815073
95515,4,815074
95516,4,815075
95517,4,815076
95518,10,807242
95519,10,807243
95520,1,815077
95521,1,815078
95522,11,807244
95523,11,807245
95524,38,815085
95525,16,815086
95526,16,815087
95527,8,797910
95528,8,797911
95529,8,797912
95530,8,797913
95531,8,797914
95532,8,797915
99524,36,815083
99525,14,817555
99526,1,822197
99527,1,822198
99528,1,822199
99529,1,822200
99530,1,822201
99531,1,822202
99532,1,821912
99533,1,821913
99534,1,821914
99535,1,821915
99536,1,821916
99537,1,821917
99538,13,816151
99539,13,816150
99546,4,817334
99547,4,817335
99548,4,817336
99549,4,817337
99550,4,817338
99551,4,817339
99552,16,817125
99553,16,817126
99554,16,817127
99555,16,817128
99556,16,817129
99557,16,817130
99558,10,817131
99559,10,817132
99560,10,817133
99561,10,817134
99562,10,817135
99563,10,817136
99564,25,817119
99565,25,817120
99566,25,817121
99567,25,817122
99568,25,817123
99569,25,817124
99570,10,817131
99571,10,817132
99572,10,817133
99573,10,817134
99574,10,817135
99575,10,817136
99576,16,817125
99577,16,817126
99578,16,817127
99579,16,817128
99580,16,817129
99581,16,817130
99582,25,817119
99583,25,817120
99584,25,817121
99585,25,817122
99586,25,817123
99587,25,817124
99588,4,821904
99589,4,821905
99590,4,821906
99591,4,821907
99592,4,821908
99593,4,821909
99594,25,817318
99595,25,817319
99597,44,817320
99598,44,817316
99599,25,817318
99600,25,817319
99601,25,817314
99602,25,817315
99603,44,775291
99604,44,775291
99605,44,775293
99606,44,775293
99607,44,775292
99608,44,775292
99611,1,819036
99612,1,819035
99613,2,819034
99614,2,819033
99615,10,819031
99616,4,818608
99617,1,822203
99618,16,821224
99619,16,821225
99620,25,821222
99621,25,821223
99622,1,822203
99623,1,822204
99624,1,822269
99625,1,821918
99626,1,821919
99627,1,822271
99628,16,821224
99629,16,821225
99630,10,821226
99631,10,821227
99632,25,821222
99633,25,821223
99634,4,821232
99635,4,822268
99636,1,822265
99637,1,822266
99638,1,822267
99639,1,821918
99640,1,821919
99641,1,822271
99642,4,821910
99643,4,821911
99644,4,822270
99645,25,824093
99646,25,824094
99647,25,824095
99648,25,824096
99649,25,824097
99650,25,824098
99651,25,824099
99652,25,824100
99653,16,824101
99654,16,824102
99655,16,824103
99656,16,824104
99657,16,824105
99658,16,824106
99659,16,824107
99660,16,824108
99661,16,824101
99662,16,824102
99663,16,824103
99664,16,824104
99665,16,824105
99666,16,824106
99667,16,824107
99668,16,824108
99669,25,824093
99670,25,824094
99671,25,824095
99672,25,824096
99673,25,824097
99674,25,824098
99675,25,824099
99676,25,824100
99677,10,824312
99678,10,824313
99679,10,824314
99680,10,824315
99681,10,824316
99682,10,824317
99683,10,824318
99684,10,824319
99685,1,822232
99686,1,822233
99687,1,822234
99688,1,824560
99689,1,824561
99690,1,824562
99691,1,824563
99692,1,824564
99693,4,824432
99694,4,824433
99695,4,824434
99696,4,824435
99697,4,824436
99698,4,824437
99699,4,824438
99700,4,824439
99701,4,824440
99702,4,824441
99703,4,824442
99704,4,824443
99705,4,824444
99706,4,824445
99707,4,824446
99708,4,824447
99709,4,824448
99710,4,824449
99711,4,824450
99712,4,824451
99713,4,824452
99714,4,824453
99715,4,824454
99716,4,824455
99717,4,824456
99718,4,824457
99719,4,824458
99720,4,824459
99721,4,824460
99722,4,824461
99723,4,824462
99724,4,824463
99725,4,824464
99726,4,824465
99727,4,824466
99728,4,824467
99729,4,824468
99730,4,824469
99731,4,824470
99732,4,824471
99733,4,824472
99734,4,824473
99735,4,824474
99736,4,824475
99737,4,824476
99738,4,824477
99739,4,824478
99740,4,824479
99741,4,824480
99742,4,824481
99743,4,824482
99744,4,824483
99745,4,824484
99746,4,824485
99747,4,824486
99748,4,824487
99749,4,824488
99750,4,824489
99751,4,824490
99752,4,824491
99753,4,824492
99754,4,824493
99755,4,824494
99756,4,824495
99757,4,824496
99758,4,824497
99759,4,824498
99760,4,824499
99761,4,824500
99762,4,824501
99763,4,824502
99764,4,824503
99765,4,824504
99766,4,824505
99767,4,824506
99768,4,824507
99769,4,824508
99770,4,824509
99771,4,824510
99772,4,824511
99773,4,824512
99774,4,824513
99775,4,824514
99776,4,824515
99777,4,824516
99778,4,824517
99779,4,824518
99780,4,824519
99781,4,824520
99782,4,824521
99783,4,824522
99784,4,824523
99785,4,824524
99786,4,824525
99787,4,824526
99788,4,824527
99789,4,824528
99790,4,824529
99791,4,824530
99792,4,824531
99793,4,824532
99794,4,824533
99795,4,824534
99796,4,824535
99797,4,824536
99798,4,824537
99799,4,824538
99800,4,824539
99801,4,824540
99802,4,824541
99803,4,824542
99804,4,824543
99805,4,824544
99806,4,824545
99807,4,822205
99808,4,822206
99809,4,822207
99810,4,822208
99811,4,822209
99812,4,822210
99813,4,822211
99814,4,822212
99815,4,822213
99816,4,824546
99817,4,824547
99818,4,824548
99819,4,824549
99820,4,824550
99821,4,824551
99822,4,824552
99823,4,822214
99824,4,822215
99825,4,822216
99826,4,822217
99827,4,822218
99828,4,822219
99829,4,822220
99830,4,822221
99831,4,822222
99832,4,824553
99833,4,824554
99834,4,824555
99835,4,824556
99836,4,824557
99837,4,824558
99838,4,824559
99857,1,819835
99858,1,819836
99859,1,819837
99860,1,819838
99861,1,819839
99862,1,819840
99863,1,819841
99864,16,819842
99865,16,819843
99866,16,819844
99867,1,819845
99868,10,824312
99869,10,824313
99870,10,824314
99871,10,824315
99872,10,824316
99873,10,824317
99874,10,824318
99875,10,824319
99876,1,825036
99877,1,825037
99878,1,825038
99879,1,825039
99880,1,825040
99881,4,822235
99882,4,822236
99883,4,822237
99884,4,824905
99885,4,824906
99886,4,824907
99887,4,824908
99888,4,824909
99889,4,824910
99890,4,824911
99891,4,824912
99892,4,824913
99893,4,824914
99894,4,824915
99895,4,824916
99896,4,824917
99897,4,824918
99898,4,824919
99899,4,824920
99900,4,824921
99901,4,824922
99902,4,824923
99903,4,824924
99904,4,824925
99905,4,824926
99906,4,824927
99907,4,824928
99908,4,824929
99909,4,824930
99910,4,824931
99911,4,824932
99912,4,824933
99913,4,824934
99914,4,824935
99915,4,824936
99916,4,824937
99917,4,824938
99918,4,824939
99919,4,824940
99920,4,824941
99921,4,824942
99922,4,824943
99923,4,824944
99924,4,824945
99925,4,824946
99926,4,824947
99927,4,824948
99928,4,824949
99929,4,824950
99930,4,824951
99931,4,824952
99932,4,824953
99933,4,824954
99934,4,824955
99935,4,824956
99936,4,824957
99937,4,824958
99938,4,824959
99939,4,824960
99940,4,824961
99941,4,824962
99942,4,824963
99943,4,824964
99944,4,824965
99945,4,824966
99946,4,824967
99947,4,824968
99948,4,824969
99949,4,824970
99950,4,824971
99951,4,824972
99952,4,824973
99953,4,824974
99954,4,824975
99955,4,824976
99956,4,824977
99957,4,824978
99958,4,824979
99959,4,824980
99960,4,824981
99961,4,824982
99962,4,824983
99963,4,824984
99964,4,824985
99965,4,824986
99966,4,824987
99967,4,824988
99968,4,824989
99969,4,824990
99970,4,824991
99971,4,824992
99972,4,824993
99973,4,824994
99974,4,824995
99975,4,824996
99976,4,824997
99977,4,824998
99978,4,824999
99979,4,825000
99980,4,825001
99981,4,825002
99982,4,825003
99983,4,825004
99984,4,825005
99985,4,825006
99986,4,825007
99987,4,825008
99988,4,825009
99989,4,825010
99990,4,825011
99991,4,825012
99992,4,825013
99993,4,825014
99994,4,825015
99995,4,825016
99996,4,825017
99997,4,825018
99998,4,825019
99999,4,825020
100000,4,825021
100001,4,822238
100002,4,822239
100003,4,822240
100004,4,822241
100005,4,822242
100006,4,822243
100007,4,822244
100008,4,822245
100009,4,822246
100010,4,825022
100011,4,825023
100012,4,825024
100013,4,825025
100014,4,825026
100015,4,825027
100016,4,825028
100017,4,822247
100018,4,822248
100019,4,822249
100020,4,822250
100021,4,822251
100022,4,822252
100023,4,822253
100024,4,822254
100025,4,822255
100026,4,825029
100027,4,825030
100028,4,825031
100029,4,825032
100030,4,825033
100031,4,825034
100032,4,825035
100033,25,817314
100034,10,827422
100035,10,827422
100036,4,825069
100037,4,825070
100038,4,825071
100039,4,825072
100040,4,825073
100041,4,825074
100135,25,819032
100267,16,831979
100268,25,830348
100269,25,830349
100270,17,841633
100273,17,841781
100276,17,841781
100279,1,845522
100280,1,845521
100281,17,845525
100282,17,845526
100283,2,845523
100284,2,845524
100285,17,852881
100286,1,852881
100287,16,852880
100288,1,850339
100289,1,850340
100290,1,850341
100291,1,850342
100292,1,850344
101679,1,851746
101681,5,851745
101682,1,855293
101683,1,855294
101684,17,855301
101685,17,855302
101687,2,855299
101688,2,855300
101689,19,855295
101690,19,855296
101691,20,855297
101692,20,855298
101727,1,862480
101728,1,862478
101729,1,862476
101730,1,862479
101731,2,862482
101732,2,862483
101733,2,862477
101734,2,862481
101735,2,862485
101736,2,862484
101737,2,851647
101738,2,851648
101739,2,851649
101740,2,851650
101741,2,851651
101742,25,859030
101743,25,859031
101744,25,859032
101745,25,859033
101746,25,859034
101747,25,859045
101748,25,859046
101749,25,859047
101750,25,859048
101751,25,859049
101852,14,816152
102223,38,815085
102746,14,816152
102751,13,816151
103011,15,817555
103318,1,1083021
103319,13,1084791
103320,14,1084787
103321,1,1083022
103322,13,1084791
103323,14,1084787
103324,1,1083023
103325,13,1084791
103326,14,1084787
103327,1,1083024
103328,13,1084791
103329,14,1084787
103330,1,1083027
103331,13,1084791
103332,14,1084787
103333,1,1083028
103334,13,1084791
103335,14,1084787
103336,1,1083029
103337,13,1084791
103338,14,1084787
103339,1,1083030
103340,13,1084791
103341,14,1084787
103342,1,1083007
103343,1,1083008
103458,1,1083573
103459,13,1084795
103460,1,1083574
103461,13,1084795
103462,1,1083575
103463,13,1084795
103464,1,1083576
103465,13,1084795
103466,1,1083577
103467,13,1084795
103468,1,1083580
103469,13,1084795
103470,1,1083581
103471,13,1084795
103472,1,1083582
103473,13,1084795
103474,1,1083559
103475,1,1083560
103602,10,1083604
103603,10,1083605
103604,10,1083606
103605,10,1083607
103606,10,1083608
103607,10,1083609
103608,10,1083610
104354,5,1082519
104355,5,1082520
104356,5,1082521
104357,5,1082522
104358,5,1082523
104359,5,1082524
104360,5,1082525
104361,5,1082526
104362,5,1082527
104363,5,1082528
104364,5,1082529
104365,5,1082530
104366,5,1082748
104367,5,1082749
104368,5,1082750
104369,5,1082751
104370,5,1082752
104371,5,1082753
104372,5,1082754
104373,5,1082755
104374,5,1082756
104375,5,1082757
104376,5,1082758
104377,5,1082759
104378,5,1082582
104379,5,1082583
104380,5,1082584
104381,5,1082585
104382,5,1082586
104383,5,1082587
104384,5,1082588
104385,5,1082589
104386,5,1082590
104387,5,1082591
104388,5,1082592
104389,5,1082551
104390,5,1082552
104391,5,1082553
104392,5,1082554
104393,5,1082555
104394,5,1082556
104395,5,1082557
104396,5,1082558
104397,5,1082559
104398,5,1082560
104399,5,1082561
104400,5,1082613
104401,5,1082615
104402,5,1082616
104403,5,1082617
104404,5,1082618
104405,5,1082619
104406,5,1082620
104407,5,1082621
104408,5,1082622
104409,5,1082623
104410,5,1082624
104411,5,1082625
104412,5,1082702
104413,5,1082703
104414,5,1082704
104415,5,1082705
104416,5,1082706
104417,5,1082707
104418,5,1082708
104419,5,1082709
104420,5,1082710
104421,5,1082677
104422,5,1082678
104423,5,1082679
104424,5,1082680
104425,5,1082681
104426,5,1082682
104427,5,1082683
104428,5,1082684
104429,5,1082685
104430,5,1082686
104431,5,1082687
104432,5,1082646
104433,5,1082647
104434,5,1082648
104435,5,1082649
104436,5,1082650
104437,5,1082651
104438,5,1082652
104439,5,1082653
104440,5,1082654
104441,5,1082655
104442,5,1082656
104443,5,1082774
104444,5,1082775
104445,5,1082776
104446,5,1082777
104447,5,1082778
104448,5,1082779
104449,5,1082780
104450,5,1082781
104451,5,1082782
104452,5,1082725
104453,5,1082726
104454,5,1082727
104455,5,1082728
104456,5,1082729
104457,5,1082730
104458,5,1082731
104459,5,1082732
104460,5,1082733
104476,5,1083054
104477,5,1083055
104478,5,1083056
104479,5,1083057
104480,5,1083058
104481,5,1083059
104482,5,1083060
104483,5,1083061
104484,5,1083062
104485,5,1083063
104486,5,1083064
104487,5,1083065
104488,5,1083292
104489,5,1083293
104490,5,1083294
104491,5,1083295
104492,5,1083296
104493,5,1083297
104494,5,1083298
104495,5,1083299
104496,5,1083300
104497,5,1083301
104498,5,1083302
104499,5,1083303
104500,5,1083304
104501,5,1083305
104502,5,1083306
104503,5,1083115
104504,5,1083116
104505,5,1083117
104506,5,1083118
104507,5,1083119
104508,5,1083120
104509,5,1083121
104510,5,1083122
104511,5,1083123
104512,5,1083124
104513,5,1083125
104514,5,1083126
104515,5,1083086
104516,5,1083087
104517,5,1083088
104518,5,1083089
104519,5,1083090
104520,5,1083091
104521,5,1083092
104522,5,1083093
104523,5,1083094
104524,5,1083147
104525,5,1083148
104526,5,1083149
104527,5,1083150
104528,5,1083151
104529,5,1083152
104530,5,1083153
104531,5,1083154
104532,5,1083155
104533,5,1083231
104534,5,1083232
104535,5,1083233
104536,5,1083234
104537,5,1083235
104538,5,1083236
104539,5,1083237
104540,5,1083238
104541,5,1083239
104542,5,1083240
104543,5,1083241
104544,5,1083242
104545,5,1083243
104546,5,1083244
104547,5,1083245
104548,5,1083208
104549,5,1083209
104550,5,1083210
104551,5,1083211
104552,5,1083212
104553,5,1083213
104554,5,1083214
104555,5,1083215
104556,5,1083216
104557,5,1083176
104558,5,1083177
104559,5,1083178
104560,5,1083179
104561,5,1083180
104562,5,1083181
104563,5,1083182
104564,5,1083183
104565,5,1083184
104566,5,1083185
104567,5,1083186
104568,5,1083187
104569,5,1083321
104570,5,1083322
104571,5,1083323
104572,5,1083324
104573,5,1083325
104574,5,1083326
104575,5,1083327
104576,5,1083328
104577,5,1083329
104578,5,1083330
104579,5,1083331
104580,5,1083332
104581,5,1083333
104582,5,1083334
104583,5,1083335
104584,5,1083260
104585,5,1083261
104586,5,1083262
104587,5,1083263
104588,5,1083264
104589,5,1083265
104590,5,1083266
104591,5,1083267
104592,5,1083268
104593,5,1083269
104594,5,1083270
104595,5,1083271
104596,5,1083272
104597,5,1083273
104598,5,1083274
104599,5,1083275
104600,5,1083276
104601,5,1083277
104609,10,1083605
104610,10,1083606
104611,10,1083607
104612,10,1083608
104613,10,1083609
104614,10,1083610
104688,25,1085169
104689,25,1085170
104690,25,1085171
104691,25,1085172
104692,25,1085173
104693,25,1085174
104694,25,1085175
104695,25,1085176
104696,25,1085177
104697,25,1085178
104698,25,1085179
104699,25,1085180
104700,25,1085181
104701,25,1085182
104702,25,1085183
104703,25,1085184
104704,25,1085185
104705,25,1085186
104706,25,1085187
104707,25,1085188
104708,25,1085189
104709,25,1085190
104710,25,1085191
104711,25,1085192
104996,10,1100064
104997,10,1100065
104998,10,1100066
104999,10,1100067
105000,10,1100064
105001,10,1100065
105002,10,1100066
105003,10,1100067
105004,19,1083583
105005,19,1083584
105006,19,1083585
105007,19,1083586
105008,19,1083587
105009,19,1083588
105010,19,1083589
105011,19,1083590
105012,19,1083591
105013,19,1083592
105014,19,1083593
105015,19,1083594
105016,19,1083595
105017,19,1083596
105018,19,1083597
105019,19,1083598
105020,19,1083599
105021,19,1083600
105022,19,1083601
105023,19,1083602
105024,19,1083603
105025,19,1083604
105026,19,1083605
105027,19,1083606
105028,19,1083607
105029,19,1083608
105030,19,1083609
105031,19,1083610
105032,19,1100064
105033,19,1100065
105034,19,1100066
105035,19,1100067
105036,19,1083583
105037,19,1083584
105038,19,1083585
105039,19,1083586
105040,19,1083587
105041,19,1083588
105042,19,1083589
105043,19,1083590
105044,19,1083591
105045,19,1083592
105046,19,1083593
105047,19,1083594
105048,19,1083595
105049,19,1083596
105050,19,1083597
105051,19,1083598
105052,19,1083599
105053,19,1083600
105054,19,1083601
105055,19,1083602
105056,19,1083603
105057,19,1083604
105058,19,1083605
105059,19,1083606
105060,19,1083607
105061,19,1083608
105062,19,1083609
105063,19,1083610
105064,19,1100064
105065,19,1100065
105066,19,1100066
105067,19,1100067
105068,16,1115544
105069,16,1115545
105070,17,1116463
105071,17,1116464
105072,22,1115541
105073,22,1115542
105074,22,1115543
105075,23,1116460
105076,23,1116461
105077,23,1116462
105078,16,1115539
105079,16,1115540
105080,17,1116458
105081,17,1116459
105082,22,1115536
105083,22,1115537
105084,22,1115538
105085,23,1116455
105086,23,1116456
105087,23,1116457
126294,4,4000
126295,4,57245
126296,4,57245
126297,5,6056
126298,4,4580
126299,5,7008
126300,5,7008
126301,5,4461
126302,4,108613
126303,5,52920
126304,11,7391
126305,4,7514
126306,4,7514
126307,4,73638
126308,4,5710
126309,5,59057
126310,4,58209
126311,4,108600
126312,4,4899
126313,4,54267
126314,4,2982
126315,1,5415
126316,11,7890
126317,11,7890
126318,11,7890
126319,4,56007
126320,4,58376
126321,5,51566
126322,5,57391
126323,11,51800
126324,5,6885
126325,5,51446
126326,1,8002
126327,4,55989
126328,4,6601
126329,4,50848
126330,4,3892
126331,5,5391
126332,4,6587
126333,4,51734
126334,14,262334
126335,4,50681
126336,12,3456
126337,5,55569
126338,11,5585
126339,11,5585
126340,11,5585
126341,11,5585
126342,11,5585
126343,11,5585
126344,11,5585
126345,12,56713
126346,12,56713
126347,12,56713
126348,1,4696
126349,5,51771
126350,4,50878
126351,5,55206
126352,4,5922
126353,10,53148
126354,10,53148
126355,10,53148
126356,10,53148
126357,10,53148
126358,10,53148
126359,10,53148
126360,10,53148
126361,10,53148
126362,10,53148
126363,10,53148
126364,10,53148
126365,10,53148
126366,10,53148
126367,10,53148
126368,10,53148
126369,10,4516
126370,10,4516
126371,5,55106
126372,5,53787
126373,8,4124
126374,8,6309
126375,14,57424
126376,4,4351
126377,4,51399
126378,5,57389
126379,5,5761
126380,12,7480
126381,7,5497
126382,7,5497
126383,7,5497
126384,4,56014
126385,13,5550
126386,5,52895
126387,4,58198
126388,7,6443
126389,5,7848
126390,5,7848
126391,5,6118
126392,4,51210
126393,13,6161
126394,5,57397
126395,5,3017
126396,5,59013
126397,5,53404
126398,5,2357
126399,4,5876
126400,11,56456
126401,10,4517
126402,10,4517
126403,5,57384
126404,7,54012
126405,13,3860
126406,11,7398
126407,11,7398
126408,5,55356
126409,4,50718
126410,4,108608
126411,7,51828
126412,4,50649
126413,12,5622
126414,12,5622
126415,12,5622
126416,12,5622
126417,12,5622
126418,12,5622
126419,12,5622
126420,12,5622
126421,12,5622
126422,5,5548
126423,7,6472
126424,12,7460
126425,7,6268
126426,5,5378
126427,4,4001
126428,1,3363
126429,8,3727
126430,4,108657
126431,8,55127
126432,8,50831
126433,5,5334
126434,7,6262
126435,5,55371
126436,5,5393
126437,5,54025
126438,4,4543
126439,5,53058
126440,4,4383
126441,4,4412
126442,5,7850
126443,5,7850
126444,4,51215
126445,5,108683
126446,5,5772
126447,4,52711
126448,5,6781
126449,5,50970
126450,13,262377
126451,5,108738
126452,5,55223
126453,4,4926
126454,4,52710
126455,11,55595
126456,11,55595
126457,11,55595
126458,11,55595
126459,11,55595
126460,11,55595
126461,11,55595
126462,11,55595
126463,11,55595
126464,11,55595
126465,11,55595
126466,5,4652
126467,14,7054
126468,5,53743
126469,4,50838
126470,12,3473
126471,8,3782
126472,5,57179
126473,4,5287
126474,5,51530
126475,4,2996
126476,5,3349
126477,5,4428
126478,4,6608
126479,12,7467
126480,12,7467
126481,5,3925
126482,5,3934
126483,4,54332
126484,11,55597
126485,11,55597
126486,11,55597
126487,11,55597
126488,11,55597
126489,11,55597
126490,11,55597
126491,11,55597
126492,11,55597
126493,11,55597
126494,11,55597
126495,11,55597
126496,11,55597
126497,11,55597
126498,11,55597
126499,8,51868
126500,8,51868
126501,4,4202
126502,5,57390
126503,4,51701
126504,4,7558
126505,4,7558
126506,5,53744
126507,5,51468
126508,1,5817
126509,4,5656
126510,13,7983
126511,5,5361
126512,5,108728
126513,5,5743
126514,4,6654
126515,7,6245
126516,8,55973
126517,5,7115
126518,1,54245
126519,5,55087
126520,5,54187
126521,8,2778
126522,4,58349
126523,5,53256
126524,4,5903
126525,1,56436
126526,5,108716
126527,13,7138
126528,8,4116
126529,5,51519
126530,5,59037
126531,4,6833
126532,4,51879
126533,5,73955
126534,5,55580
126535,4,57514
126536,7,50808
126537,4,4573
126538,5,4483
126539,4,73655
126540,8,6299
126541,4,58356
126542,1,4847
126543,4,3905
126544,5,7960
126545,5,7960
126546,5,54022
126547,4,73628
126548,4,4400
126549,4,56209
126550,8,3729
126551,12,7905
126552,12,7905
126553,12,7905
126554,5,5329
126555,4,52187
126556,5,6158
126557,7,5467
126558,5,53761
126559,7,3692
126560,8,5174
126561,5,51759
126562,12,7432
126563,12,7432
126564,12,7432
126565,12,7432
126566,13,4677
126567,4,5975
126568,12,7456
126569,13,7050
126570,5,4455
126571,11,54759
126572,5,6788
126573,5,3797
126574,11,4716
126575,11,4716
126576,4,51386
126577,4,51942
126578,8,4162
126579,13,4834
126580,12,5609
126581,4,5943
126582,2,8015
126583,2,8015
126584,14,7999
126585,11,56440
126586,11,56440
126587,11,56440
126588,11,56440
126589,11,56440
126590,11,56440
126591,11,56440
126592,11,56440
126593,4,3007
126594,5,5343
126595,10,7072
126596,10,7072
126597,10,7072
126598,10,7072
126599,10,7072
126600,10,7072
126601,10,7072
126602,10,7072
126603,10,7072
126604,10,7072
126605,10,7072
126606,10,7072
126607,10,7072
126608,10,7072
126609,10,7072
126610,10,7072
126611,10,7072
126612,10,7072
126613,10,7072
126614,10,7072
126615,10,7072
126616,10,7072
126617,10,7072
126618,10,7072
126619,13,3865
126620,10,5829
126621,10,5829
126622,4,5672
126623,4,4195
126624,13,7981
126625,5,58468
126626,4,5273
126627,12,54784
126628,7,4049
126629,5,7970
126630,5,7970
126631,4,6980
126632,7,4018
126633,5,59060
126634,4,5897
126635,4,58375
126636,4,51671
126637,12,54779
126638,4,3980
126639,4,52209
126640,4,5280
126641,14,53144
126642,4,4376
126643,11,4712
126644,11,4712
126645,11,4712
126646,11,4712
126647,8,5506
126648,5,4497
126649,4,5292
126650,5,5733
126651,5,50965
126652,5,50992
126653,5,54030
126654,12,7222
126655,12,7222
126656,12,7222
126657,12,7222
126658,12,7222
126659,12,7222
126660,12,7222
126661,12,7222
126662,12,7222
126663,12,7222
126664,12,7222
126665,12,7222
126666,12,7222
126667,4,50694
126668,11,54747
126669,11,54747
126670,11,54747
126671,11,54747
126672,11,54747
126673,11,54747
126674,11,54747
126675,11,54747
126676,11,54747
126677,11,54747
126678,11,54747
126679,11,54747
126680,11,54747
126681,11,54747
126682,11,54747
126683,5,53260
126684,5,6044
126685,4,52620
126686,5,52014
126687,8,6547
126688,8,6547
126689,5,5745
126690,8,51378
126691,5,53783
126692,11,4728
126693,5,5717
126694,4,5689
126695,12,7896
126696,12,7896
126697,12,7896
126698,12,7896
126699,12,7896
126700,12,7896
126701,12,7896
126702,12,7896
126703,12,7896
126704,5,54180
126705,4,5235
126706,10,7084
126707,10,7084
126708,10,7084
126709,10,7084
126710,10,7084
126711,10,7084
126712,4,7941
126713,4,7941
126714,5,3023
126715,4,4583
126716,5,57400
126717,5,55560
126718,11,7401
126719,11,7401
126720,5,53735
126721,8,6563
126722,4,6993
126723,4,51395
126724,4,50863
126725,5,2420
126726,4,55161
126727,8,4096
126728,5,6149
126729,5,57414
126730,4,5879
126731,8,56344
126732,1,7868
126733,5,53884
126734,4,57239
126735,4,57239
126736,5,108689
126737,5,57470
126738,5,5390
126739,5,53753
126740,8,6529
126741,4,6589
126742,5,73750
126743,4,51402
126744,4,4560
126745,7,3711
126746,11,3422
126747,4,73696
126748,5,53491
126749,7,6426
126750,7,6426
126751,5,53760
126752,4,4943
126753,4,2951
126754,5,53066
126755,4,50641
126756,12,5436
126757,12,5436
126758,12,5436
126759,12,5436
126760,12,5436
126761,12,5436
126762,12,5436
126763,12,5436
126764,12,5436
126765,12,5436
126766,12,5436
126767,5,108710
126768,1,7151
126769,11,51792
126770,11,51792
126771,11,51792
126772,11,51792
126773,8,4150
126774,5,3943
126775,5,6136
126776,14,4836
126777,4,3979
126778,8,6281
126779,5,4653
126780,5,5781
126781,4,3903
126782,8,50824
126783,4,53183
126784,4,54356
126785,5,3940
126786,5,52956
126787,1,65142
126788,5,51520
126789,5,73957
126790,13,6910
126791,5,5785
126792,10,6962
126793,10,6962
126794,7,6390
126795,5,7028
126796,5,7028
126797,1,7155
126798,4,50662
126799,4,4933
126800,5,59033
126801,12,7437
126802,12,7437
126803,12,7437
126804,12,7437
126805,8,56345
126806,5,3333
126807,4,54281
126808,5,52123
126809,5,3020
126810,7,6475
126811,4,52595
126812,4,54341
126813,5,4599
126814,4,58330
126815,5,52027
126816,4,57505
126817,7,5493
126818,4,4168
126819,4,50701
126820,4,50704
126821,4,7550
126822,4,7550
126823,7,6366
126824,4,7797
126825,4,7797
126826,4,5272
126827,7,3699
126828,4,52592
126829,11,4721
126830,11,4721
126831,5,57381
126832,5,52919
126833,11,56452
126834,4,4896
126835,5,6042
126836,4,7515
126837,4,7515
126838,5,51435
126839,13,3955
126840,12,4766
126841,1,7060
126842,8,6816
126843,4,52009
126844,12,5447
126845,12,5447
126846,12,5447
126847,12,5447
126848,12,5447
126849,12,5447
126850,12,5447
126851,12,5447
126852,12,5447
126853,12,5447
126854,12,5447
126855,12,5447
126856,12,5447
126857,12,5447
126858,12,5447
126859,5,59064
126860,12,3454
126861,4,50705
126862,4,54350
126863,4,4875
126864,10,7067
126865,10,7067
126866,10,7067
126867,10,7067
126868,10,7067
126869,10,7067
126870,10,7067
126871,10,7067
126872,10,7067
126873,10,7067
126874,10,7067
126875,10,7067
126876,10,7067
126877,10,7067
126878,10,7067
126879,10,7067
126880,10,7067
126881,10,7067
126882,10,7067
126883,10,7067
126884,10,7067
126885,10,7067
126886,10,7067
126887,10,7067
126888,8,56335
126889,10,57854
126890,10,57854
126891,10,5850
126892,10,5850
126893,10,5850
126894,10,5850
126895,10,5850
126896,10,5850
126897,10,5850
126898,10,5850
126899,10,5850
126900,10,5850
126901,1,4698
126902,4,7094
126903,7,6383
126904,7,6383
126905,8,6557
126906,5,53398
126907,13,2429
126908,1,4511
126909,1,53966
126910,11,53968
126911,5,58457
126912,8,4154
126913,5,52932
126914,5,5541
126915,13,6164
126916,11,7376
126917,11,7376
126918,11,7376
126919,11,7376
126920,11,7376
126921,11,7376
126922,11,7376
126923,11,7376
126924,4,73949
126925,4,52076
126926,8,3761
126927,5,5342
126928,4,3901
126929,5,53674
126930,4,73951
126931,5,55366
126932,4,58342
126933,5,59059
126934,1,74010
126935,5,2408
126936,10,5830
126937,10,5830
126938,11,7168
126939,11,7168
126940,11,7168
126941,1,51579
126942,1,4502
126943,5,108687
126944,5,4813
126945,5,6017
126946,5,108730
126947,4,55179
126948,5,56425
126949,5,58466
126950,5,57478
126951,5,57478
126952,8,6496
126953,4,53697
126954,5,7819
126955,5,7819
126956,4,4393
126957,5,7834
126958,5,7834
126959,7,6470
126960,10,6953
126961,10,6953
126962,11,7174
126963,11,7174
126964,11,7174
126965,5,6791
126966,10,5861
126967,10,5861
126968,10,5861
126969,10,5861
126970,10,5861
126971,10,5861
126972,10,5861
126973,10,5861
126974,10,5861
126975,10,5861
126976,10,5861
126977,5,52016
126978,4,5286
126979,12,51804
126980,12,51804
126981,12,51804
126982,12,51804
126983,5,52903
126984,13,6169
126985,4,54347
126986,4,6662
126987,4,3991
126988,4,5260
126989,4,5966
126990,4,3002
126991,5,5321
126992,8,56348
126993,5,53053
126994,5,54233
126995,7,4035
126996,11,56453
126997,5,6881
126998,4,5255
126999,5,3328
127000,4,52083
127001,4,51680
127002,5,5754
127003,5,53870
127004,8,6549
127005,1,8010
127006,4,51165
127007,13,6170
127008,12,54769
127009,12,54769
127010,12,54769
127011,12,54769
127012,12,54769
127013,12,54769
127014,12,54769
127015,12,54769
127016,12,54769
127017,12,54769
127018,12,54769
127019,12,54769
127020,12,54769
127021,12,54769
127022,12,54769
127023,7,6233
127024,12,3461
127025,12,55481
127026,12,55481
127027,12,55481
127028,12,55481
127029,12,55481
127030,12,55481
127031,12,55481
127032,12,55481
127033,12,55481
127034,12,55481
127035,12,55481
127036,12,55481
127037,12,55481
127038,14,3958
127039,4,58221
127040,5,53072
127041,11,53969
127042,4,51976
127043,5,59015
127044,5,73979
127045,4,53704
127046,5,7965
127047,5,7965
127048,4,51880
127049,13,7864
127050,5,108664
127051,13,2430
127052,10,7069
127053,10,7069
127054,10,7069
127055,10,7069
127056,10,7069
127057,10,7069
127058,10,7069
127059,10,7069
127060,10,7069
127061,10,7069
127062,10,7069
127063,10,7069
127064,10,7069
127065,10,7069
127066,10,7069
127067,10,7069
127068,10,7069
127069,10,7069
127070,10,7069
127071,10,7069
127072,10,7069
127073,10,7069
127074,10,7069
127075,10,7069
127076,4,7782
127077,4,7782
127078,5,4431
127079,7,6210
127080,5,6003
127081,4,52585
127082,12,7466
127083,12,7466
127084,5,6023
127085,5,50977
127086,5,2413
127087,5,59008
127088,5,108726
127089,5,54181
127090,8,4149
127091,12,3482
127092,13,850259
127093,1,5560
127094,11,7178
127095,11,7178
127096,11,7178
127097,7,54789
127098,7,54978
127099,5,53213
127100,5,6770
127101,4,6655
127102,12,4777
127103,8,55140
127104,1,6949
127105,4,51147
127106,5,4588
127107,5,3829
127108,5,51563
127109,7,4026
127110,4,5910
127111,4,3906
127112,4,6650
127113,5,58708
127114,1,4506
127115,5,51570
127116,12,4752
127117,12,4752
127118,12,4752
127119,12,4752
127120,4,5269
127121,4,7775
127122,4,7775
127123,4,4169
127124,4,6856
127125,4,5261
127126,13,262305
127127,7,6419
127128,13,5799
127129,5,51467
127130,7,55310
127131,7,55326
127132,5,6866
127133,7,6408
127134,7,6408
127135,5,57177
127136,5,55197
127137,5,57475
127138,5,57475
127139,4,6861
127140,12,53981
127141,12,53981
127142,12,53981
127143,12,53981
127144,12,53981
127145,12,53981
127146,12,53981
127147,5,53781
127148,12,3481
127149,5,3843
127150,5,54048
127151,4,4556
127152,11,7402
127153,11,7402
127154,4,50657
127155,4,4890
127156,7,51824
127157,5,5722
127158,5,51522
127159,5,53253
127160,4,4918
127161,1,54746
127162,8,4101
127163,14,7053
127164,11,4733
127165,4,6818
127166,5,4442
127167,4,52609
127168,4,3907
127169,4,2923
127170,5,4625
127171,11,51794
127172,11,51794
127173,4,53464
127174,12,4780
127175,4,52587
127176,4,5231
127177,4,58226
127178,4,51161
127179,4,50660
127180,5,57419
127181,8,6567
127182,5,52023
127183,8,6522
127184,12,7471
127185,4,6597
127186,4,5936
127187,8,3754
127188,4,50839
127189,5,6789
127190,5,54044
127191,4,3997
127192,4,5909
127193,5,6069
127194,12,7451
127195,12,7451
127196,12,7451
127197,4,52625
127198,5,54236
127199,4,56004
127200,5,5728
127201,4,7524
127202,4,7524
127203,4,4385
127204,5,57188
127205,13,5401
127206,8,4102
127207,4,58336
127208,4,51400
127209,4,52706
127210,4,4170
127211,4,51212
127212,4,4200
127213,4,50700
127214,12,7446
127215,12,7446
127216,12,7446
127217,8,6528
127218,5,55449
127219,4,58456
127220,10,3976
127221,10,3976
127222,10,3976
127223,10,3976
127224,10,3976
127225,10,3976
127226,10,3976
127227,10,3976
127228,10,3976
127229,10,3976
127230,10,3976
127231,10,3976
127232,10,3976
127233,10,3976
127234,10,3976
127235,10,3976
127236,5,51009
127237,4,51719
127238,5,2385
127239,5,3813
127240,1,7152
127241,1,6187
127242,4,2941
127243,5,7806
127244,5,7806
127245,5,6050
127246,4,54262
127247,1,6180
127248,1,4846
127249,12,3475
127250,5,58714
127251,12,7464
127252,12,7464
127253,5,7573
127254,5,7573
127255,4,7535
127256,4,7535
127257,8,6806
127258,4,58384
127259,5,51539
127260,4,7545
127261,4,7545
127262,12,54781
127263,5,6157
127264,5,6020
127265,5,6887
127266,8,6288
127267,5,54053
127268,4,58325
127269,4,58454
127270,5,6060
127271,12,56462
127272,12,56462
127273,12,56462
127274,12,56462
127275,4,7556
127276,4,7556
127277,5,4429
127278,11,53976
127279,11,53976
127280,11,53976
127281,11,53976
127282,11,53976
127283,11,53976
127284,11,53976
127285,11,53976
127286,11,53976
127287,5,3022
127288,4,50850
127289,5,51487
127290,5,59026
127291,4,2948
127292,4,73637
127293,13,54239
127294,11,4745
127295,5,5312
127296,7,4028
127297,4,5223
127298,13,6162
127299,5,55353
127300,1,4852
127301,4,5537
127302,4,56001
127303,4,2924
127304,5,51491
127305,4,51693
127306,4,73627
127307,5,51540
127308,7,5161
127309,5,52121
127310,11,4706
127311,11,4706
127312,11,4706
127313,11,4706
127314,12,4754
127315,12,4754
127316,12,4754
127317,12,4754
127318,5,3948
127319,7,6238
127320,5,108735
127321,7,5155
127322,5,51515
127323,4,52204
127324,13,5402
127325,8,6510
127326,8,6510
127327,7,55321
127328,4,54338
127329,8,4088
127330,5,7979
127331,8,5180
127332,4,5890
127333,5,51534
127334,12,53978
127335,5,4641
127336,4,52572
127337,1,6182
127338,1,7869
127339,4,56008
127340,4,52165
127341,4,54082
127342,4,6987
127343,8,3763
127344,14,262307
127345,4,7539
127346,4,7539
127347,12,3462
127348,1,5814
127349,4,6851
127350,8,6509
127351,8,6509
127352,4,53181
127353,4,57169
127354,8,3774
127355,7,6457
127356,5,7812
127357,5,7812
127358,7,3688
127359,5,4952
127360,4,58204
127361,7,3718
127362,5,51049
127363,7,54962
127364,7,56330
127365,5,51543
127366,4,108605
127367,12,7454
127368,10,4860
127369,10,4860
127370,10,4860
127371,10,4860
127372,10,4860
127373,10,4860
127374,10,4860
127375,10,4860
127376,10,4860
127377,10,4860
127378,10,4860
127379,10,4860
127380,10,4860
127381,10,4860
127382,10,4860
127383,10,4860
127384,8,5202
127385,11,3381
127386,4,4215
127387,13,108751
127388,4,3895
127389,5,59061
127390,5,52937
127391,8,3728
127392,4,51956
127393,4,7747
127394,4,7747
127395,1,5570
127396,7,5159
127397,5,51024
127398,1,6576
127399,4,58432
127400,4,5229
127401,4,5976
127402,5,4462
127403,5,55188
127404,5,54169
127405,8,3776
127406,4,6638
127407,5,55246
127408,13,262359
127409,4,53709
127410,5,108666
127411,4,56763
127412,5,50999
127413,4,52095
127414,7,6461
127415,4,52576
127416,8,55333
127417,4,7543
127418,4,7543
127419,4,7555
127420,4,7555
127421,11,3396
127422,4,5877
127423,5,52974
127424,5,53737
127425,12,3485
127426,4,6989
127427,5,52942
127428,10,50613
127429,10,50613
127430,10,50613
127431,10,50613
127432,10,50613
127433,4,52172
127434,11,54758
127435,4,7565
127436,4,7565
127437,4,55183
127438,1,4507
127439,5,5545
127440,4,4868
127441,4,54346
127442,5,108669
127443,4,108631
127444,8,4113
127445,7,50812
127446,4,54268
127447,5,51020
127448,10,5859
127449,10,5859
127450,10,5859
127451,10,5859
127452,10,5859
127453,10,5859
127454,10,5859
127455,10,5859
127456,10,5859
127457,10,5859
127458,10,5859
127459,13,6167
127460,1,4845
127461,4,108643
127462,1,7157
127463,7,53155
127464,5,54051
127465,4,5682
127466,8,4120
127467,4,51384
127468,5,5383
127469,12,3493
127470,4,7779
127471,4,7779
127472,4,4917
127473,12,7220
127474,12,7220
127475,12,7220
127476,12,7220
127477,12,7220
127478,12,7220
127479,12,7220
127480,12,7220
127481,12,7220
127482,12,7220
127483,12,7220
127484,12,7220
127485,12,7220
127486,5,6863
127487,5,53673
127488,5,4620
127489,5,7814
127490,5,7814
127491,4,4881
127492,8,4086
127493,14,53684
127494,4,53718
127495,4,2970
127496,12,3434
127497,12,3434
127498,12,3434
127499,12,3434
127500,12,3434
127501,12,3434
127502,12,3434
127503,12,3434
127504,12,3434
127505,12,3434
127506,12,3434
127507,12,3434
127508,12,3434
127509,12,3434
127510,12,3434
127511,10,7079
127512,10,7079
127513,10,7079
127514,10,7079
127515,10,7079
127516,10,7079
127517,5,51447
127518,8,3778
127519,5,55239
127520,4,7562
127521,4,7562
127522,8,55146
127523,8,3738
127524,5,6160
127525,5,4450
127526,14,51577
127527,4,56199
127528,5,7042
127529,5,7042
127530,4,6591
127531,5,3833
127532,5,57407
127533,5,57176
127534,5,57469
127535,5,57469
127536,5,52021
127537,4,51688
127538,5,7024
127539,5,7024
127540,4,4337
127541,5,4597
127542,5,51518
127543,4,58420
127544,4,57238
127545,4,7952
127546,4,7952
127547,4,3789
127548,5,4456
127549,8,6523
127550,12,7209
127551,12,7209
127552,12,7209
127553,5,7804
127554,5,7804
127555,4,7760
127556,4,7760
127557,5,4658
127558,8,55131
127559,8,5181
127560,8,5181
127561,4,58431
127562,7,3523
127563,5,7015
127564,5,7015
127565,5,52971
127566,4,52162
127567,4,2977
127568,13,5404
127569,7,6248
127570,5,54731
127571,1,8020
127572,8,6565
127573,8,6565
127574,4,51389
127575,4,6581
127576,4,4332
127577,5,50985
127578,5,5364
127579,11,3428
127580,4,3009
127581,5,108719
127582,4,7783
127583,4,7783
127584,11,7881
127585,11,7881
127586,11,7881
127587,11,7881
127588,11,7881
127589,11,7881
127590,11,7881
127591,11,7881
127592,11,7881
127593,5,6073
127594,4,52180
127595,5,57393
127596,5,3930
127597,4,108661
127598,5,3847
127599,4,51946
127600,4,54085
127601,4,3894
127602,4,58440
127603,4,2994
127604,8,6569
127605,4,56767
127606,1,55406
127607,13,55582
127608,4,54328
127609,4,57503
127610,5,54728
127611,8,50819
127612,4,4534
127613,7,5473
127614,4,51717
127615,5,52112
127616,4,108651
127617,7,3682
127618,13,7863
127619,1,262309
127620,12,7204
127621,12,7204
127622,12,7204
127623,4,7953
127624,4,7953
127625,5,53403
127626,5,4600
127627,4,56003
127628,4,53179
127629,4,57519
127630,13,262434
127631,11,7390
127632,4,58333
127633,5,4635
127634,5,5583
127635,4,51967
127636,5,5371
127637,8,50818
127638,5,59055
127639,5,51025
127640,4,4010
127641,4,5984
127642,8,4139
127643,4,73640
127644,11,7882
127645,11,7882
127646,11,7882
127647,11,7882
127648,11,7882
127649,11,7882
127650,11,7882
127651,11,7882
127652,11,7882
127653,5,4817
127654,4,57862
127655,4,58348
127656,7,51863
127657,7,51863
127658,7,51863
127659,5,55378
127660,8,4106
127661,4,4184
127662,7,5147
127663,4,4576
127664,8,55970
127665,4,73639
127666,7,6407
127667,4,7547
127668,4,7547
127669,5,6151
127670,13,262443
127671,13,6908
127672,5,5996
127673,5,53864
127674,7,5463
127675,7,5463
127676,4,4365
127677,4,52079
127678,7,51816
127679,4,5668
127680,5,51440
127681,1,6190
127682,5,6783
127683,5,6144
127684,13,262332
127685,5,2371
127686,4,5986
127687,5,6999
127688,5,6999
127689,5,7004
127690,5,7004
127691,5,4805
127692,11,56450
127693,11,56450
127694,5,3825
127695,5,3844
127696,5,57186
127697,4,6964
127698,4,5925
127699,4,58360
127700,12,3444
127701,5,6066
127702,12,7895
127703,12,7895
127704,12,7895
127705,12,7895
127706,12,7895
127707,12,7895
127708,12,7895
127709,12,7895
127710,12,7895
127711,5,55212
127712,12,5438
127713,12,5438
127714,12,5438
127715,12,5438
127716,12,5438
127717,12,5438
127718,12,5438
127719,12,5438
127720,12,5438
127721,12,5438
127722,12,5438
127723,5,6888
127724,5,7839
127725,5,7839
127726,11,56439
127727,11,56439
127728,11,56439
127729,11,56439
127730,11,56439
127731,11,56439
127732,11,56439
127733,11,56439
127734,5,6995
127735,5,6995
127736,4,50645
127737,4,53729
127738,4,51715
127739,5,4589
127740,4,7950
127741,4,7950
127742,5,54223
127743,12,4768
127744,8,6519
127745,5,7099
127746,5,55375
127747,4,53711
127748,8,5191
127749,7,2735
127750,12,7908
127751,12,7908
127752,12,7908
127753,4,51219
127754,5,53785
127755,1,53686
127756,4,57873
127757,7,6209
127758,10,5862
127759,10,5862
127760,10,5862
127761,10,5862
127762,10,5862
127763,10,5862
127764,10,5862
127765,10,5862
127766,10,5862
127767,10,5862
127768,10,5862
127769,7,54792
127770,5,55086
127771,4,6839
127772,7,56328
127773,5,52120
127774,13,4829
127775,7,53161
127776,11,7409
127777,5,6891
127778,4,6579
127779,4,56018
127780,5,108700
127781,5,5753
127782,8,4128
127783,5,6883
127784,7,56329
127785,4,4931
127786,5,6083
127787,5,51042
127788,5,5779
127789,4,7525
127790,4,7525
127791,11,4736
127792,5,7013
127793,5,7013
127794,7,54964
127795,5,51527
127796,4,52104
127797,5,108691
127798,10,7073
127799,10,7073
127800,10,7073
127801,10,7073
127802,10,7073
127803,10,7073
127804,10,7073
127805,10,7073
127806,10,7073
127807,10,7073
127808,10,7073
127809,10,7073
127810,10,7073
127811,10,7073
127812,10,7073
127813,10,7073
127814,10,7073
127815,10,7073
127816,10,7073
127817,10,7073
127818,10,7073
127819,10,7073
127820,10,7073
127821,10,7073
127822,4,52713
127823,4,4381
127824,5,59007
127825,5,52019
127826,4,5889
127827,12,4748
127828,12,4748
127829,12,4748
127830,12,4748
127831,5,7027
127832,5,7027
127833,4,5281
127834,11,5596
127835,11,5596
127836,11,5596
127837,11,5596
127838,11,5596
127839,11,5596
127840,11,5596
127841,11,5596
127842,11,5596
127843,4,51214
127844,5,108702
127845,1,6188
127846,5,4630
127847,4,51733
127848,12,5437
127849,12,5437
127850,12,5437
127851,12,5437
127852,12,5437
127853,12,5437
127854,12,5437
127855,12,5437
127856,12,5437
127857,12,5437
127858,12,5437
127859,7,51817
127860,5,6090
127861,10,5863
127862,10,5863
127863,10,5863
127864,10,5863
127865,10,5863
127866,10,5863
127867,10,5863
127868,10,5863
127869,10,5863
127870,10,5863
127871,10,5863
127872,4,55983
127873,12,7484
127874,4,52626
127875,10,51584
127876,10,51584
127877,10,51584
127878,10,51584
127879,10,51584
127880,10,51584
127881,10,51584
127882,10,51584
127883,10,51584
127884,10,51584
127885,10,51584
127886,10,51584
127887,10,51584
127888,10,51584
127889,5,7977
127890,5,7977
127891,7,51825
127892,4,54086
127893,4,58429
127894,4,4894
127895,5,7001
127896,5,7001
127897,5,7846
127898,5,7846
127899,5,53874
127900,11,54767
127901,12,4775
127902,5,6780
127903,5,6794
127904,5,53865
127905,13,57421
127906,14,2440
127907,12,7217
127908,12,7217
127909,12,7217
127910,12,7217
127911,12,7217
127912,12,7217
127913,12,7217
127914,12,7217
127915,12,7217
127916,12,7217
127917,12,7217
127918,12,7217
127919,12,7217
127920,4,6646
127921,4,6669
127922,5,53789
127923,5,4634
127924,4,56422
127925,4,53279
127926,13,7988
127927,4,73948
127928,5,59065
127929,8,4119
127930,1,8008
127931,5,6882
127932,4,50846
127933,4,7559
127934,4,7559
127935,4,5259
127936,1,81630
127937,8,56334
127938,5,7005
127939,5,7005
127940,5,7101
127941,8,3784
127942,4,52699
127943,14,3873
127944,5,51408
127945,5,6133
127946,5,4792
127947,4,5983
127948,5,3329
127949,5,53771
127950,5,4820
127951,5,55559
127952,5,58465
127953,8,4095
127954,4,7510
127955,4,7510
127956,4,4324
127957,5,51507
127958,11,55465
127959,11,55465
127960,11,55465
127961,7,6224
127962,5,52921
127963,5,51019
127964,4,51159
127965,11,51795
127966,11,51795
127967,5,59020
127968,4,53720
127969,11,3424
127970,11,4740
127971,4,50837
127972,4,51728
127973,11,5418
127974,11,5418
127975,11,5418
127976,11,5418
127977,11,5418
127978,11,5418
127979,11,5418
127980,11,5418
127981,11,5418
127982,11,5418
127983,11,5418
127984,5,51127
127985,7,6437
127986,5,5714
127987,13,6168
127988,4,51730
127989,7,53156
127990,7,53156
127991,5,53746
127992,1,5820
127993,8,55969
127994,4,54280
127995,4,6633
127996,4,51158
127997,5,57256
127998,5,52949
127999,4,51708
128000,4,7541
128001,4,7541
128002,5,6032
128003,5,5314
128004,5,52109
128005,7,6481
128006,4,53566
128007,8,4144
128008,12,5630
128009,12,5630
128010,12,5630
128011,12,5630
128012,12,5630
128013,12,5630
128014,12,5630
128015,12,5630
128016,12,5630
128017,4,51996
128018,12,7440
128019,12,7440
128020,12,7440
128021,12,7440
128022,12,7440
128023,12,7440
128024,12,7440
128025,12,7440
128026,12,7910
128027,12,7910
128028,12,7910
128029,4,6607
128030,4,4165
128031,5,55232
128032,5,3932
128033,7,6436
128034,11,3380
128035,5,55382
128036,4,5232
128037,1,108756
128038,1,4704
128039,13,3956
128040,5,53765
128041,8,55132
128042,12,7447
128043,12,7447
128044,12,7447
128045,5,6063
128046,11,3426
128047,5,3926
128048,4,7781
128049,4,7781
128050,5,51439
128051,4,57510
128052,4,4566
128053,5,4417
128054,4,5881
128055,4,52611
128056,11,7414
128057,11,3423
128058,8,2783
128059,5,7961
128060,4,52179
128061,5,108743
128062,5,50971
128063,14,3869
128064,2,56316
128065,11,5572
128066,4,5226
128067,4,5956
128068,4,5935
128069,7,6416
128070,13,6175
128071,4,4350
128072,12,4772
128073,4,51157
128074,4,55986
128075,4,51695
128076,7,6236
128077,4,4403
128078,4,58201
128079,4,4897
128080,13,108747
128081,5,52930
128082,4,56026
128083,4,73668
128084,14,54241
128085,5,7044
128086,5,7044
128087,4,7770
128088,4,7770
128089,4,54261
128090,4,55177
128091,13,262341
128092,4,52630
128093,4,5919
128094,4,54355
128095,5,6119
128096,4,51156
128097,4,58427
128098,8,6303
128099,4,3992
128100,5,53265
128101,5,7832
128102,5,7832
128103,7,3713
128104,14,5813
128105,5,55348
128106,4,4927
128107,8,55149
128108,4,51721
128109,4,5675
128110,5,3839
128111,7,3683
128112,7,53159
128113,7,53159
128114,5,5396
128115,4,50658
128116,4,50671
128117,8,55346
128118,13,53273
128119,1,54745
128120,4,58200
128121,1,108757
128122,13,54240
128123,5,4613
128124,4,5645
128125,5,2407
128126,5,52964
128127,4,54264
128128,13,4831
128129,4,50638
128130,5,52946
128131,4,58446
128132,8,4134
128133,4,6981
128134,4,53172
128135,4,108601
128136,5,53769
128137,5,2363
128138,5,7825
128139,5,7825
128140,5,3802
128141,5,108733
128142,4,54324
128143,4,56206
128144,7,6456
128145,5,5794
128146,4,50624
128147,4,58422
128148,4,5663
128149,4,50686
128150,4,5289
128151,4,4574
128152,11,3391
128153,12,7198
128154,12,7198
128155,12,7198
128156,1,65139
128157,14,4838
128158,11,3389
128159,4,54277
128160,10,7074
128161,10,7074
128162,10,7074
128163,10,7074
128164,10,7074
128165,10,7074
128166,10,7074
128167,10,7074
128168,10,7074
128169,10,7074
128170,10,7074
128171,10,7074
128172,10,7074
128173,10,7074
128174,10,7074
128175,10,7074
128176,10,7074
128177,10,7074
128178,10,7074
128179,10,7074
128180,10,7074
128181,10,7074
128182,10,7074
128183,10,7074
128184,4,7532
128185,4,7532
128186,5,7958
128187,5,7958
128188,5,73749
128189,4,4367
128190,14,262370
128191,11,3371
128192,11,3371
128193,11,3371
128194,11,3371
128195,11,3371
128196,11,3371
128197,11,3371
128198,11,3371
128199,11,3371
128200,11,3371
128201,11,3371
128202,11,3371
128203,11,3371
128204,11,3371
128205,11,3371
128206,4,50726
128207,5,2375
128208,7,6467
128209,5,6798
128210,5,6877
128211,8,5522
128212,11,7393
128213,4,53289
128214,4,7955
128215,5,51511
128216,5,51542
128217,5,6018
128218,4,2921
128219,4,7517
128220,4,7517
128221,8,50825
128222,8,55975
128223,5,4449
128224,1,5563
128225,4,108599
128226,12,7221
128227,12,7221
128228,12,7221
128229,12,7221
128230,12,7221
128231,12,7221
128232,12,7221
128233,12,7221
128234,12,7221
128235,12,7221
128236,12,7221
128237,12,7221
128238,12,7221
128239,7,5468
128240,7,5468
128241,5,55082
128242,13,5556
128243,5,51477
128244,13,57423
128245,5,4623
128246,4,50877
128247,13,4680
128248,4,3987
128249,5,58682
128250,4,7939
128251,4,7939
128252,5,5744
128253,5,57181
128254,5,4957
128255,8,53165
128256,1,8004
128257,2,6185
128258,2,6185
128259,2,6185
128260,4,58346
128261,4,53177
128262,5,6767
128263,4,5946
128264,11,5589
128265,11,5589
128266,11,5589
128267,11,5589
128268,11,5589
128269,11,5589
128270,11,5589
128271,1,3879
128272,10,4512
128273,10,4512
128274,5,52017
128275,11,3407
128276,4,4354
128277,5,53392
128278,4,55171
128279,7,56327
128280,4,7795
128281,4,7795
128282,4,54250
128283,4,57857
128284,5,54373
128285,8,3741
128286,4,2997
128287,4,58350
128288,7,51821
128289,4,7780
128290,4,7780
128291,7,54973
128292,4,54067
128293,5,2411
128294,5,53741
128295,5,51501
128296,5,55568
128297,4,55164
128298,7,5154
128299,8,6284
128300,5,50979
128301,4,56191
128302,5,54734
128303,8,6274
128304,4,4525
128305,4,73701
128306,5,50994
128307,4,53286
128308,1,4701
128309,5,53400
128310,12,54776
128311,12,3448
128312,5,6864
128313,5,6884
128314,4,51150
128315,13,108745
128316,5,53063
128317,12,7485
128318,5,51561
128319,4,56025
128320,5,4665
128321,12,4764
128322,12,4764
128323,4,52199
128324,4,53469
128325,5,53061
128326,8,4122
128327,4,51683
128328,14,3872
128329,4,58202
128330,4,53702
128331,14,262352
128332,4,3910
128333,4,6985
128334,8,6271
128335,4,51731
128336,7,55318
128337,4,52081
128338,4,4357
128339,7,7500
128340,7,7500
128341,7,7500
128342,7,7500
128343,7,54793
128344,4,52077
128345,4,5243
128346,5,6122
128347,5,51481
128348,5,5769
128349,5,3917
128350,4,6992
128351,7,3697
128352,5,53248
128353,1,4509
128354,5,51473
128355,4,5659
128356,14,3957
128357,5,5756
128358,8,4142
128359,5,50984
128360,4,5534
128361,4,51396
128362,5,51502
128363,5,4958
128364,4,2989
128365,7,6448
128366,8,4126
128367,4,56211
128368,5,6065
128369,1,4687
128370,5,5719
128371,5,4478
128372,12,7486
128373,4,3896
128374,4,7512
128375,4,7512
128376,7,6464
128377,5,55554
128378,5,7822
128379,5,7822
128380,4,53710
128381,12,7449
128382,12,7449
128383,12,7449
128384,12,7203
128385,12,7203
128386,12,7203
128387,4,6634
128388,4,7936
128389,4,7936
128390,5,7569
128391,5,7569
128392,4,50636
128393,4,5968
128394,4,4183
128395,4,52716
128396,4,51702
128397,5,6007
128398,5,55383
128399,11,7415
128400,7,6212
128401,8,4091
128402,5,4661
128403,7,4104
128404,1,3962
128405,7,51815
128406,14,2434
128407,5,4446
128408,5,53866
128409,5,51537
128410,12,4782
128411,4,50619
128412,5,58679
128413,14,4841
128414,4,58337
128415,4,5991
128416,5,5727
128417,12,5623
128418,12,5623
128419,12,5623
128420,12,5623
128421,12,5623
128422,12,5623
128423,12,5623
128424,12,5623
128425,12,5623
128426,4,4214
128427,5,3804
128428,5,54020
128429,5,7030
128430,5,7030
128431,5,57486
128432,5,57486
128433,5,57476
128434,11,7892
128435,11,7892
128436,11,7892
128437,8,5524
128438,8,5524
128439,4,51224
128440,13,2427
128441,7,54958
128442,4,6666
128443,4,58443
128444,14,5809
128445,4,53150
128446,4,53471
128447,4,52102
128448,5,4825
128449,5,51453
128450,5,52928
128451,5,53896
128452,5,53188
128453,8,55337
128454,5,55556
128455,8,4129
128456,8,6551
128457,7,4067
128458,5,53065
128459,11,7396
128460,10,4858
128461,10,4858
128462,10,4858
128463,10,4858
128464,10,4858
128465,10,4858
128466,10,4858
128467,10,4858
128468,10,4858
128469,10,4858
128470,10,4858
128471,10,4858
128472,10,4858
128473,10,4858
128474,10,4858
128475,10,4858
128476,5,51760
128477,4,2990
128478,4,3902
128479,8,5518
128480,8,5518
128481,5,5311
128482,4,58676
128483,4,56184
128484,10,5831
128485,10,5831
128486,4,3900
128487,5,6900
128488,5,7802
128489,5,7802
128490,4,57882
128491,8,3742
128492,8,5525
128493,4,5914
128494,7,3511
128495,5,53773
128496,7,6380
128497,7,6380
128498,4,7768
128499,4,7768
128500,5,52960
128501,8,4159
128502,5,52977
128503,5,57418
128504,4,51704
128505,7,3715
128506,5,53894
128507,4,50696
128508,5,55219
128509,5,57482
128510,11,4719
128511,11,4719
128512,8,5519
128513,8,5519
128514,5,2399
128515,5,7003
128516,5,7003
128517,5,7017
128518,5,7017
128519,8,6815
128520,4,52614
128521,8,55139
128522,4,4182
128523,8,4089
128524,4,56762
128525,12,54783
128526,11,5421
128527,11,5421
128528,11,5421
128529,11,5421
128530,11,5421
128531,11,5421
128532,11,5421
128533,11,5421
128534,11,5421
128535,11,5421
128536,11,5421
128537,4,3990
128538,4,51940
128539,10,6960
128540,10,6960
128541,4,5224
128542,5,7023
128543,5,7023
128544,4,4377
128545,7,3701
128546,5,2386
128547,4,2999
128548,13,4679
128549,1,7871
128550,4,4358
128551,11,53975
128552,11,53975
128553,11,53975
128554,11,53975
128555,11,53975
128556,11,53975
128557,11,53975
128558,11,53975
128559,11,53975
128560,5,53494
128561,4,57244
128562,4,7519
128563,4,7519
128564,11,3399
128565,5,54231
128566,4,5958
128567,5,51500
128568,5,57190
128569,5,5758
128570,4,4179
128571,4,5893
128572,4,57888
128573,1,53147
128574,4,4874
128575,8,3747
128576,5,3854
128577,4,52192
128578,4,58199
128579,5,5374
128580,12,7461
128581,12,54777
128582,8,6566
128583,4,5980
128584,4,57249
128585,4,57249
128586,12,3459
128587,4,2931
128588,4,5267
128589,4,4882
128590,1,51139
128591,4,56017
128592,5,3331
128593,5,52972
128594,4,53465
128595,5,55227
128596,11,54752
128597,8,6508
128598,8,6508
128599,5,7842
128600,5,7842
128601,7,5488
128602,5,57195
128603,4,51735
128604,4,4567
128605,7,4024
128606,5,3848
128607,12,4756
128608,12,4756
128609,5,51471
128610,4,6602
128611,4,53726
128612,5,51572
128613,4,50684
128614,5,54178
128615,10,5835
128616,10,5835
128617,10,5835
128618,10,5835
128619,10,5835
128620,10,5835
128621,10,5835
128622,10,5835
128623,10,5835
128624,10,5835
128625,10,5835
128626,10,5835
128627,10,5835
128628,10,5835
128629,4,6857
128630,5,53376
128631,5,50963
128632,5,5322
128633,4,54274
128634,8,6506
128635,8,6506
128636,7,6469
128637,5,4492
128638,13,52984
128639,4,58343
128640,5,53251
128641,5,6890
128642,4,52702
128643,4,54335
128644,5,108715
128645,1,3367
128646,4,3999
128647,7,55327
128648,12,7462
128649,12,7462
128650,5,52965
128651,4,52200
128652,4,7089
128653,5,4611
128654,5,7040
128655,5,7040
128656,5,6138
128657,4,53474
128658,10,53276
128659,7,51362
128660,5,51517
128661,4,108644
128662,4,6620
128663,7,6247
128664,13,51778
128665,7,4032
128666,5,59032
128667,8,4161
128668,5,2373
128669,4,6629
128670,5,53483
128671,14,7991
128672,13,108750
128673,4,7551
128674,4,7551
128675,8,3740
128676,11,7425
128677,5,52111
128678,8,4127
128679,4,52717
128680,4,58355
128681,1,4692
128682,5,2387
128683,13,5400
128684,4,57512
128685,8,55339
128686,10,3971
128687,10,3971
128688,10,3971
128689,10,3971
128690,10,3971
128691,10,3971
128692,10,3971
128693,10,3971
128694,10,3971
128695,10,3971
128696,10,3971
128697,10,3971
128698,10,3971
128699,10,3971
128700,10,3971
128701,10,3971
128702,5,51496
128703,4,5249
128704,4,52008
128705,12,7443
128706,12,7443
128707,12,7443
128708,12,7443
128709,12,7443
128710,12,7443
128711,12,7443
128712,12,7443
128713,5,6102
128714,5,51754
128715,13,4830
128716,4,5681
128717,11,3430
128718,4,50654
128719,5,2397
128720,8,5508
128721,4,5911
128722,5,4655
128723,5,3837
128724,5,57264
128725,5,57264
128726,12,7465
128727,12,7465
128728,4,52616
128729,5,4791
128730,7,51864
128731,7,51864
128732,7,51864
128733,4,57171
128734,10,5826
128735,10,5826
128736,4,52725
128737,4,7763
128738,4,7763
128739,1,71436
128740,5,7820
128741,5,7820
128742,4,53733
128743,13,4678
128744,4,58217
128745,5,6126
128746,4,53281
128747,5,4595
128748,4,53693
128749,5,55349
128750,4,73676
128751,5,4427
128752,5,51044
128753,12,7430
128754,12,7430
128755,12,7430
128756,12,7430
128757,11,7377
128758,11,7377
128759,11,7377
128760,11,7377
128761,11,7377
128762,11,7377
128763,11,7377
128764,11,7377
128765,7,6220
128766,8,6280
128767,5,5547
128768,7,2736
128769,7,6438
128770,12,55479
128771,12,55479
128772,12,55479
128773,12,55479
128774,12,55479
128775,12,55479
128776,12,55479
128777,12,55479
128778,12,55479
128779,12,55479
128780,12,55479
128781,12,55479
128782,12,55479
128783,4,58332
128784,5,57413
128785,1,65137
128786,5,5542
128787,5,51130
128788,5,54172
128789,4,73677
128790,12,3466
128791,5,6763
128792,2,55407
128793,4,52197
128794,14,6927
128795,5,6774
128796,4,6603
128797,5,6139
128798,12,51813
128799,4,58229
128800,5,54186
128801,10,53691
128802,10,53691
128803,10,53691
128804,10,53691
128805,10,53691
128806,10,53691
128807,10,53691
128808,10,53691
128809,10,53691
128810,10,53691
128811,10,53691
128812,10,53691
128813,10,53691
128814,10,53691
128815,10,53691
128816,10,53691
128817,13,262423
128818,4,108582
128819,5,4793
128820,5,55242
128821,8,4078
128822,4,6834
128823,5,4432
128824,5,4627
128825,12,7902
128826,12,7902
128827,12,7902
128828,12,7902
128829,12,7902
128830,12,7902
128831,12,7902
128832,12,7902
128833,12,7902
128834,14,3961
128835,5,51526
128836,14,7994
128837,4,51952
128838,11,7887
128839,11,7887
128840,11,7887
128841,4,7790
128842,4,7790
128843,4,6823
128844,5,51767
128845,4,108656
128846,4,5965
128847,11,7372
128848,11,7372
128849,11,7372
128850,11,7372
128851,11,7372
128852,11,7372
128853,11,7372
128854,11,7372
128855,4,2964
128856,5,7011
128857,5,7011
128858,5,53075
128859,5,4631
128860,5,5354
128861,7,5498
128862,7,5498
128863,7,5498
128864,5,51567
128865,4,58425
128866,4,4939
128867,5,2380
128868,8,5176
128869,5,7125
128870,5,5726
128871,4,51162
128872,4,50841
128873,5,55107
128874,4,6639
128875,4,5988
128876,8,6808
128877,5,53886
128878,5,57477
128879,5,57477
128880,5,108731
128881,4,5291
128882,4,54276
128883,5,52118
128884,5,59063
128885,5,73980
128886,4,50699
128887,5,58460
128888,4,5241
128889,5,6782
128890,4,6673
128891,4,52720
128892,5,51524
128893,13,3360
128894,5,51052
128895,5,108682
128896,4,50670
128897,4,56185
128898,14,7997
128899,10,5842
128900,10,5842
128901,10,5842
128902,10,5842
128903,10,5842
128904,10,5842
128905,10,5842
128906,10,5842
128907,10,5842
128908,10,5842
128909,10,5842
128910,10,5842
128911,10,5842
128912,10,5842
128913,5,51046
128914,4,57247
128915,4,57247
128916,4,52593
128917,1,73886
128918,5,5349
128919,4,6622
128920,4,51164
128921,4,6617
128922,4,6846
128923,8,50822
128924,5,3812
128925,5,3836
128926,12,5442
128927,12,5442
128928,12,5442
128929,12,5442
128930,12,5442
128931,12,5442
128932,12,5442
128933,12,5442
128934,12,5442
128935,12,5442
128936,12,5442
128937,4,53282
128938,11,5416
128939,11,5416
128940,11,5416
128941,11,5416
128942,11,5416
128943,11,5416
128944,11,5416
128945,11,5416
128946,11,5416
128947,11,5416
128948,11,5416
128949,4,52582
128950,4,2920
128951,5,108674
128952,7,4070
128953,10,51582
128954,10,51582
128955,10,51582
128956,10,51582
128957,10,51582
128958,10,51582
128959,10,51582
128960,10,51582
128961,10,51582
128962,10,51582
128963,10,51582
128964,10,51582
128965,10,51582
128966,10,51582
128967,11,5584
128968,11,5584
128969,11,5584
128970,11,5584
128971,11,5584
128972,11,5584
128973,11,5584
128974,4,5227
128975,4,108632
128976,5,108718
128977,4,4411
128978,4,51187
128979,4,52092
128980,12,3445
128981,5,50997
128982,5,3801
128983,5,6002
128984,4,5995
128985,4,50845
128986,4,56768
128987,4,56768
128988,4,4328
128989,5,4498
128990,11,56455
128991,11,4738
128992,4,108627
128993,4,3986
128994,5,3340
128995,7,4020
128996,5,3350
128997,4,51153
128998,7,6425
128999,5,53249
129000,4,108604
129001,1,5412
129002,4,51218
129003,5,51003
129004,11,7424
129005,4,4581
129006,11,51802
129007,5,53214
129008,13,57490
129009,4,50634
129010,11,7375
129011,11,7375
129012,11,7375
129013,11,7375
129014,11,7375
129015,11,7375
129016,11,7375
129017,11,7375
129018,4,6642
129019,4,51981
129020,5,4609
129021,5,4819
129022,5,2421
129023,5,5345
129024,5,108725
129025,4,52703
129026,5,51525
129027,11,54762
129028,5,108708
129029,4,52612
129030,11,4727
129031,1,7063
129032,5,3920
129033,13,2428
129034,12,5455
129035,12,5455
129036,12,5455
129037,12,5455
129038,12,5455
129039,12,5455
129040,12,5455
129041,12,5455
129042,12,5455
129043,12,5455
129044,12,5455
129045,12,5455
129046,12,5455
129047,12,5455
129048,12,5455
129049,5,108721
129050,12,5615
129051,12,5615
129052,12,5615
129053,12,5615
129054,12,5615
129055,12,5615
129056,12,5615
129057,5,6094
129058,1,51581
129059,5,58703
129060,4,54278
129061,5,55357
129062,4,51984
129063,5,54368
129064,4,7087
129065,4,7087
129066,4,50628
129067,8,56347
129068,5,53763
129069,5,6154
129070,7,5459
129071,4,56353
129072,12,5446
129073,12,5446
129074,12,5446
129075,12,5446
129076,12,5446
129077,12,5446
129078,12,5446
129079,12,5446
129080,12,5446
129081,12,5446
129082,12,5446
129083,12,5446
129084,12,5446
129085,12,5446
129086,12,5446
129087,4,7090
129088,5,7856
129089,5,7856
129090,12,56464
129091,12,56464
129092,12,56464
129093,12,56464
129094,12,56464
129095,12,56464
129096,12,56464
129097,12,56464
129098,4,7529
129099,4,7529
129100,13,7986
129101,7,4022
129102,5,51427
129103,13,52986
129104,4,4321
129105,1,6198
129106,4,5923
129107,12,7907
129108,12,7907
129109,12,7907
129110,4,51394
129111,5,55570
129112,5,51512
129113,5,53867
129114,4,58362
129115,4,5653
129116,4,57509
129117,11,7893
129118,11,7893
129119,11,7893
129120,5,6145
129121,4,56756
129122,5,51000
129123,4,55158
129124,4,6844
129125,4,5707
129126,10,5858
129127,10,5858
129128,10,5858
129129,10,5858
129130,10,5858
129131,10,5858
129132,10,5858
129133,10,5858
129134,10,5858
129135,10,5858
129136,10,5858
129137,4,7935
129138,4,7935
129139,4,7744
129140,4,7744
129141,5,108690
129142,8,6295
129143,5,51763
129144,1,3362
129145,4,7794
129146,4,7794
129147,4,4217
129148,5,7967
129149,7,54968
129150,4,50643
129151,4,56023
129152,1,6943
129153,12,7216
129154,12,7216
129155,12,7216
129156,12,7216
129157,12,7216
129158,12,7216
129159,12,7216
129160,12,7216
129161,12,7216
129162,12,7216
129163,12,7216
129164,12,7216
129165,12,7216
129166,5,4447
129167,4,4002
129168,7,3522
129169,4,52071
129170,5,6148
129171,5,6021
129172,5,52909
129173,7,5158
129174,5,53759
129175,5,4453
129176,5,53393
129177,5,55194
129178,4,4582
129179,5,51017
129180,5,52116
129181,4,73689
129182,8,4157
129183,7,3722
129184,13,5552
129185,4,58352
129186,10,4520
129187,10,4520
129188,4,5237
129189,8,6306
129190,8,4133
129191,5,53885
129192,12,56461
129193,12,56461
129194,12,56461
129195,12,56461
129196,5,53198
129197,4,108636
129198,8,4155
129199,8,50816
129200,4,7753
129201,4,7753
129202,4,54330
129203,5,53262
129204,2,57500
129205,8,50834
129206,7,6417
129207,7,6417
129208,8,6540
129209,5,6074
129210,1,65138
129211,11,5575
129212,5,51752
129213,5,3855
129214,5,57479
129215,5,57479
129216,4,4900
129217,5,55553
129218,11,7422
129219,4,50685
129220,4,50859
129221,5,2418
129222,5,4414
129223,1,55463
129224,10,4854
129225,10,4854
129226,10,4854
129227,10,4854
129228,10,4854
129229,10,4854
129230,10,4854
129231,10,4854
129232,10,4854
129233,10,4854
129234,10,4854
129235,10,4854
129236,10,4854
129237,10,4854
129238,10,4854
129239,10,4854
129240,10,51143
129241,10,51143
129242,4,50716
129243,5,53878
129244,4,51673
129245,11,54753
129246,4,5888
129247,11,56443
129248,11,56443
129249,11,56443
129250,11,56443
129251,4,4869
129252,4,2950
129253,5,3928
129254,11,5573
129255,5,51008
129256,7,3685
129257,4,52080
129258,5,53739
129259,4,50875
129260,4,50703
129261,7,5500
129262,7,5500
129263,7,5500
129264,5,59036
129265,5,73985
129266,7,56325
129267,11,4742
129268,13,4835
129269,5,53770
129270,1,57499
129271,5,7000
129272,5,7000
129273,5,6773
129274,14,4843
129275,11,56451
129276,11,56451
129277,5,4626
129278,13,5801
129279,4,7751
129280,4,7751
129281,5,6022
129282,4,55995
129283,4,50633
129284,5,6093
129285,8,55976
129286,4,5695
129287,5,7025
129288,5,7025
129289,4,7548
129290,4,7548
129291,5,6772
129292,5,5771
129293,5,52969
129294,5,55083
129295,5,55445
129296,4,6613
129297,8,6275
129298,4,52211
129299,4,54343
129300,1,108755
129301,5,52901
129302,4,58324
129303,11,4732
129304,7,6216
129305,5,4476
129306,5,5544
129307,4,50683
129308,8,6310
129309,10,3968
129310,10,3968
129311,10,3968
129312,10,3968
129313,10,3968
129314,10,3968
129315,10,3968
129316,10,3968
129317,10,3968
129318,10,3968
129319,10,3968
129320,10,3968
129321,10,3968
129322,10,3968
129323,10,3968
129324,10,3968
129325,4,51736
129326,4,5955
129327,5,53887
129328,4,54070
129329,5,6799
129330,8,5198
129331,4,3891
129332,8,4153
129333,4,6965
129334,4,51943
129335,4,108615
129336,11,54755
129337,4,4544
129338,5,4426
129339,12,56463
129340,12,56463
129341,12,56463
129342,12,56463
129343,12,56463
129344,12,56463
129345,12,56463
129346,12,56463
129347,4,58218
129348,8,6290
129349,5,55561
129350,5,52124
129351,8,6296
129352,11,7183
129353,11,7183
129354,11,7183
129355,5,2422
129356,5,53749
129357,4,54359
129358,4,4009
129359,4,4188
129360,4,51974
129361,12,5617
129362,12,5617
129363,12,5617
129364,12,5617
129365,12,5617
129366,12,5617
129367,12,5617
129368,5,59018
129369,1,4691
129370,4,4359
129371,5,55361
129372,5,7029
129373,5,7029
129374,4,5941
129375,5,5543
129376,5,53872
129377,5,53480
129378,11,51796
129379,11,51796
129380,4,7949
129381,4,55180
129382,5,50996
129383,5,4628
129384,5,5740
129385,4,50640
129386,11,7426
129387,7,3518
129388,13,5405
129389,11,7400
129390,11,7400
129391,4,53185
129392,7,4066
129393,13,7136
129394,5,51521
129395,14,51137
129396,5,55359
129397,1,6952
129398,5,6800
129399,4,56769
129400,4,56769
129401,10,5848
129402,10,5848
129403,10,5848
129404,10,5848
129405,10,5848
129406,10,5848
129407,10,5848
129408,10,5848
129409,10,5848
129410,10,5848
129411,4,5990
129412,14,3874
129413,4,58341
129414,5,7829
129415,5,7829
129416,5,6071
129417,4,6841
129418,4,53202
129419,7,4033
129420,4,7538
129421,4,7538
129422,5,53757
129423,5,53881
129424,4,55990
129425,4,52610
129426,8,3752
129427,8,3773
129428,4,51675
129429,1,6945
129430,4,7942
129431,4,7942
129432,5,55229
129433,8,56340
129434,4,56016
129435,4,5972
129436,12,51810
129437,5,5766
129438,4,50665
129439,5,55108
129440,5,57180
129441,4,5693
129442,7,4038
129443,5,52900
129444,4,5649
129445,4,4007
129446,1,5834
129447,4,56009
129448,4,51188
129449,5,58475
129450,5,5739
129451,5,5734
129452,11,56458
129453,4,7507
129454,4,7507
129455,5,55111
129456,4,58451
129457,4,4569
129458,12,3471
129459,4,51991
129460,5,59019
129461,11,7374
129462,11,7374
129463,11,7374
129464,11,7374
129465,11,7374
129466,11,7374
129467,11,7374
129468,11,7374
129469,11,3372
129470,11,3372
129471,11,3372
129472,11,3372
129473,11,3372
129474,11,3372
129475,11,3372
129476,11,3372
129477,11,3372
129478,11,3372
129479,11,3372
129480,11,3372
129481,11,3372
129482,11,3372
129483,11,3372
129484,1,7163
129485,4,4203
129486,5,6012
129487,10,4519
129488,10,4519
129489,8,4076
129490,5,4822
129491,5,4489
129492,11,3369
129493,11,3369
129494,11,3369
129495,11,3369
129496,11,3369
129497,11,3369
129498,11,3369
129499,11,3369
129500,11,3369
129501,11,3369
129502,11,3369
129503,11,3369
129504,11,3369
129505,11,3369
129506,11,3369
129507,8,2780
129508,4,4378
129509,12,5614
129510,12,5614
129511,12,5614
129512,12,5614
129513,12,5614
129514,12,5614
129515,12,5614
129516,4,55162
129517,4,5244
129518,5,51492
129519,4,54344
129520,5,7129
129521,5,52910
129522,5,5367
129523,4,6647
129524,4,50693
129525,4,54078
129526,5,53045
129527,5,4467
129528,5,5379
129529,4,58366
129530,7,3710
129531,12,7481
129532,10,3974
129533,10,3974
129534,10,3974
129535,10,3974
129536,10,3974
129537,10,3974
129538,10,3974
129539,10,3974
129540,10,3974
129541,10,3974
129542,10,3974
129543,10,3974
129544,10,3974
129545,10,3974
129546,10,3974
129547,10,3974
129548,8,6804
129549,8,55123
129550,5,6802
129551,5,53672
129552,7,6439
129553,12,56730
129554,4,51182
129555,5,53239
129556,4,53210
129557,5,7034
129558,5,7034
129559,4,56186
129560,10,5854
129561,10,5854
129562,10,5854
129563,10,5854
129564,10,5854
129565,10,5854
129566,10,5854
129567,10,5854
129568,10,5854
129569,10,5854
129570,8,4084
129571,4,4345
129572,7,6453
129573,7,6453
129574,4,55979
129575,4,51697
129576,5,59028
129577,4,6854
129578,7,54974
129579,5,5731
129580,4,57518
129581,11,7386
129582,11,7386
129583,11,7386
129584,5,55379
129585,4,108625
129586,4,54255
129587,4,108595
129588,5,3326
129589,13,51776
129590,7,5485
129591,7,5485
129592,11,53973
129593,11,53973
129594,11,53973
129595,11,53973
129596,11,53973
129597,11,53973
129598,11,53973
129599,4,58435
129600,7,5162
129601,11,5571
129602,13,3858
129603,1,8016
129604,14,5811
129605,13,7049
129606,5,58691
129607,4,57506
129608,8,3757
129609,5,7838
129610,5,7838
129611,5,4425
129612,7,6446
129613,10,5873
129614,10,5873
129615,10,5873
129616,10,5873
129617,10,5873
129618,10,7065
129619,10,7065
129620,10,7065
129621,10,7065
129622,10,7065
129623,10,7065
129624,10,7065
129625,10,7065
129626,10,7065
129627,10,7065
129628,10,7065
129629,10,7065
129630,10,7065
129631,10,7065
129632,10,7065
129633,10,7065
129634,10,7065
129635,10,7065
129636,10,7065
129637,10,7065
129638,10,7065
129639,10,7065
129640,10,7065
129641,10,7065
129642,5,3849
129643,5,53389
129644,4,52082
129645,7,6387
129646,8,5189
129647,4,56203
129648,11,56447
129649,12,54782
129650,2,57498
129651,5,4643
129652,7,6430
129653,5,53489
129654,12,7441
129655,12,7441
129656,12,7441
129657,12,7441
129658,12,7441
129659,12,7441
129660,12,7441
129661,12,7441
129662,5,59054
129663,7,4057
129664,5,6036
129665,4,4408
129666,12,53985
129667,12,53985
129668,12,53985
129669,12,53985
129670,12,53985
129671,12,53985
129672,12,53985
129673,12,53985
129674,12,53985
129675,4,108648
129676,5,52976
129677,5,4586
129678,5,4962
129679,5,53266
129680,5,53216
129681,5,51506
129682,8,5169
129683,5,53879
129684,5,6053
129685,4,5276
129686,1,7873
129687,4,50720
129688,5,55096
129689,7,6217
129690,5,51560
129691,7,50813
129692,5,4947
129693,12,4761
129694,12,4761
129695,12,7213
129696,12,7213
129697,12,7213
129698,4,5993
129699,12,7445
129700,12,7445
129701,12,7445
129702,12,7445
129703,12,7445
129704,12,7445
129705,12,7445
129706,12,7445
129707,5,5738
129708,5,51047
129709,13,54736
129710,5,7010
129711,5,7010
129712,1,7150
129713,5,57173
129714,5,55202
129715,5,4466
129716,4,51177
129717,4,58363
129718,4,5233
129719,5,3352
129720,1,5408
129721,4,53475
129722,4,51986
129723,5,7831
129724,5,7831
129725,12,5452
129726,12,5452
129727,12,5452
129728,12,5452
129729,12,5452
129730,12,5452
129731,12,5452
129732,12,5452
129733,12,5452
129734,12,5452
129735,12,5452
129736,12,5452
129737,12,5452
129738,12,5452
129739,12,5452
129740,7,56324
129741,4,2935
129742,4,58436
129743,11,7408
129744,8,56342
129745,1,3365
129746,7,6215
129747,4,4325
129748,4,7516
129749,4,7516
129750,4,57515
129751,5,6904
129752,8,3758
129753,5,108670
129754,5,58692
129755,4,3005
129756,5,52907
129757,4,52601
129758,11,5428
129759,11,5428
129760,11,5428
129761,11,5428
129762,11,5428
129763,11,5428
129764,11,5428
129765,11,5428
129766,11,5428
129767,11,5428
129768,11,5428
129769,11,5428
129770,11,5428
129771,11,5428
129772,11,5428
129773,7,5466
129774,7,5466
129775,5,5380
129776,12,3470
129777,14,3876
129778,14,7995
129779,4,5530
129780,4,52203
129781,4,4906
129782,4,6595
129783,4,50857
129784,5,5392
129785,13,56426
129786,4,58207
129787,7,6231
129788,1,56315
129789,4,4562
129790,5,2381
129791,8,56341
129792,8,51871
129793,12,53977
129794,4,54063
129795,5,51531
129796,5,51007
129797,4,5939
129798,7,56331
129799,8,55974
129800,4,52093
129801,7,6221
129802,4,54263
129803,1,57429
129804,11,5420
129805,11,5420
129806,11,5420
129807,11,5420
129808,11,5420
129809,11,5420
129810,11,5420
129811,11,5420
129812,11,5420
129813,11,5420
129814,11,5420
129815,5,55352
129816,4,73675
129817,7,55314
129818,5,4619
129819,4,54336
129820,5,54182
129821,12,7434
129822,12,7434
129823,12,7434
129824,12,7434
129825,4,4561
129826,4,52615
129827,4,51718
129828,8,6499
129829,4,6618
129830,5,52979
129831,5,53868
129832,13,51133
129833,4,73654
129834,4,4189
129835,4,55178
129836,11,7891
129837,11,7891
129838,11,7891
129839,5,6040
129840,11,51798
129841,5,53747
129842,4,6657
129843,8,6270
129844,4,5703
129845,4,51690
129846,5,4481
129847,5,3853
129848,5,4444
129849,4,55168
129850,4,6594
129851,5,57392
129852,5,4812
129853,4,5892
129854,4,73691
129855,4,5531
129856,13,5549
129857,4,3791
129858,4,58439
129859,8,50835
129860,5,51445
129861,13,3954
129862,8,6500
129863,11,5574
129864,12,55473
129865,12,55473
129866,12,55473
129867,4,52004
129868,4,2953
129869,4,52176
129870,7,4047
129871,4,51958
129872,5,7126
129873,7,51820
129874,5,6076
129875,4,51670
129876,5,55238
129877,5,2389
129878,4,5994
129879,4,52704
129880,5,54361
129881,11,7173
129882,11,7173
129883,11,7173
129884,4,52584
129885,5,55097
129886,11,6355
129887,11,6355
129888,11,6355
129889,11,6355
129890,11,6355
129891,11,6355
129892,11,6355
129893,7,4040
129894,4,2949
129895,4,3911
129896,4,58323
129897,5,5747
129898,5,7127
129899,7,55313
129900,4,51939
129901,5,51126
129902,5,5305
129903,5,6014
129904,5,52929
129905,7,4027
129906,8,5511
129907,5,4608
129908,5,4490
129909,4,7792
129910,4,7792
129911,7,4042
129912,5,53772
129913,5,51495
129914,8,3767
129915,7,3501
129916,10,5845
129917,10,5845
129918,10,5845
129919,10,5845
129920,10,5845
129921,10,5845
129922,10,5845
129923,10,5845
129924,10,5845
129925,10,5845
129926,5,6075
129927,4,52181
129928,4,54325
129929,12,3453
129930,5,3944
129931,5,3803
129932,5,6051
129933,5,54237
129934,4,51707
129935,8,6292
129936,4,5954
129937,13,7987
129938,11,3403
129939,5,6787
129940,4,5221
129941,11,4714
129942,11,4714
129943,11,4714
129944,11,4714
129945,5,53238
129946,4,53212
129947,1,5410
129948,5,55351
129949,5,52117
129950,4,4402
129951,5,55354
129952,7,3524
129953,4,52714
129954,5,6026
129955,4,51392
129956,4,57865
129957,5,52905
129958,5,51058
129959,11,3370
129960,11,3370
129961,11,3370
129962,11,3370
129963,11,3370
129964,11,3370
129965,11,3370
129966,11,3370
129967,11,3370
129968,11,3370
129969,11,3370
129970,11,3370
129971,11,3370
129972,11,3370
129973,11,3370
129974,13,5398
129975,4,3888
129976,8,50826
129977,5,50967
129978,4,4909
129979,5,5381
129980,13,2425
129981,8,4117
129982,8,4099
129983,1,7064
129984,5,7041
129985,5,7041
129986,13,7135
129987,8,55142
129988,5,5788
129989,4,52627
129990,5,5341
129991,5,7112
129992,4,50689
129993,8,5515
129994,8,5515
129995,4,7791
129996,4,7791
129997,11,55594
129998,11,55594
129999,11,55594
130000,11,55594
130001,11,55594
130002,11,55594
130003,11,55594
130004,11,55594
130005,11,55594
130006,11,55594
130007,11,55594
130008,7,5163
130009,7,3709
130010,4,2975
130011,1,5561
130012,7,6369
130013,4,52003
130014,13,53152
130015,5,54374
130016,12,3487
130017,5,6088
130018,4,55977
130019,1,6199
130020,5,57197
130021,13,108749
130022,11,7407
130023,5,4494
130024,5,5346
130025,11,7889
130026,11,7889
130027,11,7889
130028,7,5474
130029,4,51388
130030,5,53242
130031,5,108675
130032,8,51865
130033,5,6061
130034,1,7164
130035,5,4802
130036,4,51192
130037,5,54167
130038,7,4025
130039,5,53679
130040,5,52119
130041,5,7118
130042,12,3469
130043,13,5551
130044,5,53069
130045,5,53046
130046,5,51022
130047,5,4610
130048,11,7403
130049,11,7403
130050,13,3356
130051,5,53258
130052,1,5815
130053,4,57504
130054,5,4654
130055,4,6586
130056,4,52605
130057,12,4779
130058,4,51950
130059,4,2963
130060,13,54238
130061,4,56770
130062,4,56770
130063,4,5230
130064,5,2366
130065,5,6072
130066,4,50729
130067,4,53170
130068,8,6298
130069,4,51947
130070,5,55234
130071,8,6546
130072,4,4389
130073,12,54778
130074,4,4329
130075,12,4762
130076,12,4762
130077,8,5512
130078,8,5512
130079,5,52896
130080,5,53748
130081,13,53680
130082,4,52712
130083,5,53055
130084,12,5621
130085,12,5621
130086,12,5621
130087,12,5621
130088,12,5621
130089,12,5621
130090,12,5621
130091,12,5621
130092,12,5621
130093,5,6064
130094,4,50678
130095,5,4615
130096,1,4705
130097,4,51875
130098,4,52202
130099,5,4624
130100,4,108642
130101,5,4440
130102,4,4548
130103,4,5646
130104,1,3963
130105,4,4210
130106,5,57405
130107,7,6243
130108,5,3810
130109,4,73648
130110,5,7117
130111,4,54266
130112,4,57513
130113,5,4948
130114,7,6263
130115,4,2985
130116,7,51363
130117,5,6079
130118,10,5868
130119,10,5868
130120,10,5868
130121,10,5868
130122,10,5868
130123,4,52590
130124,4,52074
130125,7,6251
130126,4,51678
130127,4,52603
130128,5,52105
130129,5,55376
130130,5,7111
130131,11,5586
130132,11,5586
130133,11,5586
130134,11,5586
130135,11,5586
130136,11,5586
130137,11,5586
130138,12,7459
130139,5,52891
130140,4,53178
130141,5,59012
130142,5,51476
130143,8,55148
130144,5,5751
130145,11,7876
130146,11,7876
130147,11,7876
130148,11,7876
130149,11,7876
130150,11,7876
130151,11,7876
130152,11,7876
130153,11,7876
130154,12,51812
130155,11,3414
130156,4,6656
130157,5,5332
130158,7,5501
130159,7,5501
130160,7,5501
130161,11,3378
130162,4,58372
130163,4,50661
130164,4,54074
130165,1,262438
130166,1,5816
130167,8,50833
130168,4,56197
130169,8,6498
130170,4,6982
130171,5,6880
130172,4,7754
130173,4,7754
130174,4,4876
130175,12,5604
130176,7,4043
130177,5,6038
130178,4,52707
130179,4,3893
130180,12,5619
130181,12,5619
130182,12,5619
130183,12,5619
130184,12,5619
130185,12,5619
130186,12,5619
130187,4,4322
130188,5,108698
130189,12,3495
130190,4,56198
130191,5,5792
130192,4,73642
130193,5,51021
130194,1,53275
130195,12,7894
130196,12,7894
130197,12,7894
130198,12,7894
130199,12,7894
130200,12,7894
130201,12,7894
130202,12,7894
130203,12,7894
130204,12,5625
130205,12,5625
130206,12,5625
130207,12,5625
130208,12,5625
130209,12,5625
130210,12,5625
130211,12,5625
130212,12,5625
130213,4,5989
130214,4,56188
130215,4,58437
130216,5,4826
130217,8,4098
130218,8,51872
130219,5,52975
130220,5,57416
130221,5,5304
130222,5,7816
130223,5,7816
130224,4,7086
130225,4,7086
130226,4,52607
130227,4,7554
130228,4,7554
130229,12,7207
130230,12,7207
130231,12,7207
130232,7,53154
130233,1,5569
130234,4,108653
130235,12,7223
130236,12,7223
130237,12,7223
130238,12,7223
130239,12,7223
130240,12,7223
130241,12,7223
130242,12,7223
130243,12,7223
130244,12,7223
130245,12,7223
130246,12,7223
130247,12,7223
130248,7,53163
130249,7,53163
130250,7,53163
130251,5,2382
130252,4,52166
130253,14,53145
130254,7,3519
130255,5,6996
130256,5,6996
130257,8,50820
130258,5,6054
130259,4,6821
130260,8,3787
130261,7,55322
130262,4,54094
130263,7,6434
130264,4,53461
130265,12,7911
130266,12,7911
130267,12,7911
130268,5,57403
130269,5,54029
130270,1,73622
130271,5,6896
130272,4,54075
130273,4,4895
130274,5,7007
130275,5,7007
130276,7,55317
130277,4,7755
130278,4,7755
130279,5,52899
130280,4,52621
130281,5,2423
130282,5,50988
130283,5,5339
130284,5,53189
130285,1,4853
130286,1,5562
130287,5,108679
130288,8,3739
130289,7,54034
130290,4,58370
130291,1,6204
130292,5,53067
130293,4,3003
130294,8,4125
130295,12,7493
130296,4,108596
130297,4,56187
130298,5,5741
130299,5,52938
130300,1,55591
130301,4,53194
130302,4,50722
130303,5,4648
130304,7,4041
130305,4,58215
130306,5,58474
130307,4,108650
130308,8,5504
130309,5,53390
130310,5,2378
130311,5,3325
130312,4,53467
130313,4,53174
130314,12,5450
130315,12,5450
130316,12,5450
130317,12,5450
130318,12,5450
130319,12,5450
130320,12,5450
130321,12,5450
130322,12,5450
130323,12,5450
130324,12,5450
130325,12,5450
130326,12,5450
130327,12,5450
130328,12,5450
130329,5,5347
130330,8,3764
130331,4,5293
130332,5,3808
130333,5,51050
130334,8,6307
130335,4,51686
130336,5,53391
130337,8,55138
130338,5,6114
130339,4,2934
130340,4,5973
130341,8,4151
130342,4,5288
130343,5,7828
130344,5,7828
130345,11,5597
130346,11,5597
130347,11,5597
130348,11,5597
130349,11,5597
130350,11,5597
130351,11,5597
130352,11,5597
130353,11,5597
130354,5,53382
130355,4,54077
130356,4,4549
130357,10,5849
130358,10,5849
130359,10,5849
130360,10,5849
130361,10,5849
130362,10,5849
130363,10,5849
130364,10,5849
130365,10,5849
130366,10,5849
130367,4,51985
130368,8,2784
130369,4,5937
130370,4,52719
130371,7,6379
130372,7,6379
130373,8,4107
130374,4,51151
130375,5,57471
130376,5,57471
130377,5,4951
130378,5,5348
130379,4,108640
130380,5,4587
130381,5,3950
130382,4,108591
130383,4,4209
130384,5,52913
130385,10,4862
130386,10,4862
130387,10,4862
130388,10,4862
130389,10,4862
130390,10,4862
130391,10,4862
130392,10,4862
130393,10,4862
130394,10,4862
130395,10,4862
130396,10,4862
130397,10,4862
130398,10,4862
130399,10,4862
130400,11,5427
130401,11,5427
130402,11,5427
130403,11,5427
130404,11,5427
130405,11,5427
130406,11,5427
130407,11,5427
130408,11,5427
130409,11,5427
130410,11,5427
130411,11,5427
130412,11,5427
130413,11,5427
130414,11,5427
130415,1,7159
130416,5,6123
130417,5,5335
130418,4,5913
130419,11,7385
130420,11,7385
130421,11,7385
130422,5,55084
130423,8,4080
130424,5,6790
130425,7,5458
130426,7,6473
130427,10,5870
130428,10,5870
130429,10,5870
130430,10,5870
130431,10,5870
130432,5,51569
130433,7,4068
130434,4,51178
130435,4,51186
130436,8,55330
130437,4,4929
130438,4,52624
130439,5,53671
130440,11,5429
130441,11,5429
130442,11,5429
130443,11,5429
130444,11,5429
130445,11,5429
130446,11,5429
130447,11,5429
130448,11,5429
130449,11,5429
130450,11,5429
130451,11,5429
130452,11,5429
130453,11,5429
130454,11,5429
130455,5,53383
130456,4,56189
130457,5,53387
130458,5,7835
130459,5,7835
130460,5,4663
130461,5,108729
130462,4,4363
130463,12,53982
130464,12,53982
130465,12,53982
130466,12,53982
130467,12,53982
130468,12,53982
130469,12,53982
130470,7,50811
130471,7,4046
130472,5,6110
130473,5,6135
130474,5,59042
130475,5,59056
130476,5,108684
130477,11,5600
130478,11,5600
130479,11,5600
130480,11,5600
130481,11,5600
130482,11,5600
130483,11,5600
130484,11,5600
130485,11,5600
130486,4,58377
130487,12,4746
130488,12,4746
130489,12,4746
130490,12,4746
130491,8,3762
130492,4,53712
130493,4,52586
130494,12,3468
130495,5,6769
130496,5,3012
130497,7,54957
130498,11,3406
130499,5,6865
130500,4,6619
130501,12,54772
130502,4,4550
130503,13,6909
130504,11,5430
130505,11,5430
130506,11,5430
130507,11,5430
130508,11,5430
130509,11,5430
130510,11,5430
130511,11,5430
130512,11,5430
130513,11,5430
130514,11,5430
130515,11,5430
130516,11,5430
130517,11,5430
130518,11,5430
130519,11,5577
130520,4,58216
130521,12,3441
130522,12,3441
130523,12,3441
130524,12,3441
130525,12,3441
130526,12,3441
130527,12,3441
130528,12,3441
130529,12,3441
130530,12,3441
130531,12,3441
130532,12,3441
130533,12,3441
130534,12,3441
130535,12,3441
130536,8,7504
130537,8,7504
130538,8,7504
130539,8,3748
130540,5,3010
130541,4,5698
130542,4,58213
130543,11,7406
130544,1,4694
130545,5,53740
130546,5,53777
130547,4,52000
130548,4,5654
130549,14,53143
130550,4,4558
130551,4,6598
130552,4,50616
130553,4,54273
130554,5,7096
130555,5,2398
130556,5,4815
130557,5,55104
130558,11,4739
130559,5,7572
130560,5,7572
130561,8,6560
130562,7,54984
130563,1,3965
130564,4,7798
130565,4,7798
130566,13,53681
130567,4,50632
130568,5,59024
130569,4,51211
130570,5,53395
130571,5,108712
130572,7,54017
130573,7,54017
130574,8,5183
130575,4,5934
130576,4,50659
130577,5,3923
130578,5,3796
130579,5,73713
130580,8,6550
130581,5,51772
130582,8,50832
130583,12,7487
130584,4,7773
130585,4,7773
130586,4,7786
130587,4,7786
130588,10,50607
130589,10,50607
130590,10,50607
130591,10,50607
130592,10,50607
130593,10,50607
130594,10,50607
130595,10,50607
130596,10,50607
130597,10,50607
130598,4,108592
130599,5,2390
130600,4,4914
130601,5,2353
130602,4,7764
130603,4,7764
130604,5,5746
130605,7,6420
130606,4,5902
130607,5,5344
130608,5,5715
130609,5,3918
130610,4,50650
130611,5,4964
130612,5,53245
130613,4,4392
130614,5,6077
130615,4,54270
130616,11,6206
130617,11,6206
130618,5,5395
130619,5,108677
130620,12,7431
130621,12,7431
130622,12,7431
130623,12,7431
130624,5,5762
130625,13,7051
130626,5,53397
130627,13,5796
130628,8,56350
130629,8,50821
130630,4,5906
130631,8,5164
130632,5,3856
130633,11,54750
130634,4,7745
130635,4,7745
130636,5,57371
130637,1,54244
130638,8,4111
130639,5,55575
130640,4,6860
130641,4,53180
130642,5,51055
130643,4,4530
130644,4,52007
130645,4,54093
130646,4,2945
130647,4,55154
130648,10,3972
130649,10,3972
130650,10,3972
130651,10,3972
130652,10,3972
130653,10,3972
130654,10,3972
130655,10,3972
130656,10,3972
130657,10,3972
130658,10,3972
130659,10,3972
130660,10,3972
130661,10,3972
130662,10,3972
130663,10,3972
130664,5,52015
130665,5,55230
130666,4,7932
130667,4,7932
130668,4,51971
130669,4,4916
130670,4,5686
130671,5,7966
130672,5,7966
130673,5,4592
130674,10,7077
130675,10,7077
130676,10,7077
130677,10,7077
130678,10,7077
130679,10,7077
130680,4,58383
130681,13,51777
130682,5,6152
130683,8,3753
130684,4,108646
130685,5,7974
130686,5,7974
130687,4,4379
130688,5,58705
130689,12,54785
130690,8,4094
130691,7,3505
130692,5,6086
130693,8,4135
130694,4,54339
130695,8,51379
130696,4,4577
130697,4,108645
130698,1,5822
130699,4,53716
130700,1,6950
130701,1,53965
130702,5,54733
130703,11,7419
130704,4,7749
130705,4,7749
130706,5,5350
130707,5,55102
130708,5,7859
130709,5,7859
130710,5,52961
130711,4,52163
130712,4,56182
130713,4,5887
130714,5,52018
130715,4,6979
130716,4,57517
130717,1,5564
130718,5,50881
130719,4,4879
130720,11,7167
130721,11,7167
130722,11,7167
130723,4,51385
130724,4,53290
130725,7,54961
130726,5,4601
130727,4,55157
130728,4,58227
130729,4,5960
130730,14,2435
130731,4,58434
130732,5,51528
130733,5,57375
130734,5,51002
130735,8,6536
130736,5,6000
130737,4,54061
130738,4,4912
130739,7,5151
130740,12,7468
130741,12,7468
130742,11,54765
130743,11,4718
130744,11,4718
130745,4,55166
130746,5,4471
130747,7,55311
130748,5,53869
130749,1,8006
130750,5,51436
130751,1,6951
130752,4,51995
130753,8,6279
130754,5,51424
130755,4,108654
130756,7,6249
130757,4,58331
130758,7,3698
130759,4,57887
130760,14,57492
130761,7,6389
130762,11,3402
130763,4,53715
130764,7,6223
130765,4,4941
130766,4,50872
130767,5,3019
130768,5,53263
130769,13,262412
130770,10,54247
130771,10,54247
130772,4,58231
130773,8,55128
130774,8,6555
130775,4,108649
130776,13,5804
130777,4,50666
130778,4,51677
130779,1,6186
130780,4,4326
130781,4,53719
130782,7,54033
130783,14,6923
130784,1,6942
130785,5,4965
130786,8,55137
130787,5,4645
130788,7,6214
130789,7,6372
130790,4,5676
130791,5,58704
130792,14,6928
130793,4,54357
130794,10,4861
130795,10,4861
130796,10,4861
130797,10,4861
130798,10,4861
130799,10,4861
130800,10,4861
130801,10,4861
130802,10,4861
130803,10,4861
130804,10,4861
130805,10,4861
130806,10,4861
130807,10,4861
130808,10,4861
130809,10,4861
130810,5,5767
130811,5,51505
130812,4,57250
130813,7,4045
130814,5,3830
130815,11,7380
130816,11,7380
130817,11,7380
130818,8,51867
130819,5,6905
130820,12,56719
130821,12,56719
130822,7,55325
130823,4,57170
130824,2,6189
130825,2,6189
130826,2,6189
130827,4,56196
130828,5,54024
130829,4,4559
130830,4,50725
130831,4,54342
130832,4,4353
130833,7,55320
130834,5,2383
130835,4,7785
130836,4,7785
130837,11,5591
130838,11,5591
130839,11,5591
130840,11,5591
130841,11,5591
130842,11,5591
130843,11,5591
130844,11,5591
130845,11,5591
130846,4,6858
130847,4,58359
130848,4,52173
130849,4,55173
130850,4,51405
130851,11,5423
130852,11,5423
130853,11,5423
130854,11,5423
130855,11,5423
130856,11,5423
130857,11,5423
130858,11,5423
130859,11,5423
130860,11,5423
130861,11,5423
130862,5,50998
130863,5,55547
130864,11,4743
130865,7,6463
130866,4,2932
130867,5,6141
130868,4,57241
130869,4,57241
130870,4,50627
130871,5,53873
130872,4,58442
130873,13,51132
130874,4,51703
130875,4,7521
130876,4,7521
130877,4,54337
130878,4,58214
130879,5,51478
130880,12,51809
130881,5,7123
130882,4,51168
130883,4,4545
130884,4,4355
130885,4,73631
130886,4,4526
130887,4,6621
130888,4,5250
130889,4,4204
130890,5,52934
130891,11,4715
130892,11,4715
130893,11,4715
130894,11,4715
130895,13,3859
130896,5,52026
130897,4,4564
130898,7,3706
130899,5,57412
130900,4,52169
130901,5,3815
130902,13,55386
130903,7,6479
130904,11,7172
130905,11,7172
130906,11,7172
130907,4,51723
130908,11,5417
130909,11,5417
130910,11,5417
130911,11,5417
130912,11,5417
130913,11,5417
130914,11,5417
130915,11,5417
130916,11,5417
130917,11,5417
130918,11,5417
130919,4,5284
130920,5,5748
130921,5,57395
130922,8,6554
130923,13,3861
130924,13,6173
130925,14,54243
130926,5,52024
130927,7,53158
130928,7,53158
130929,4,4181
130930,4,4178
130931,5,4642
130932,7,6445
130933,5,5998
130934,10,50609
130935,10,50609
130936,10,50609
130937,10,50609
130938,10,50609
130939,10,50609
130940,10,50609
130941,10,50609
130942,10,50609
130943,10,50609
130944,10,50609
130945,8,5199
130946,8,5199
130947,4,6852
130948,5,53375
130949,5,61196
130950,8,6568
130951,4,7520
130952,4,7520
130953,8,4087
130954,5,7841
130955,5,7841
130956,4,55172
130957,4,52096
130958,7,54960
130959,4,4908
130960,12,5439
130961,12,5439
130962,12,5439
130963,12,5439
130964,12,5439
130965,12,5439
130966,12,5439
130967,12,5439
130968,12,5439
130969,12,5439
130970,12,5439
130971,8,2785
130972,12,7898
130973,12,7898
130974,12,7898
130975,12,7898
130976,12,7898
130977,12,7898
130978,12,7898
130979,12,7898
130980,12,7898
130981,4,6604
130982,4,73670
130983,5,55236
130984,5,53044
130985,4,108623
130986,5,5750
130987,12,3455
130988,5,54160
130989,5,3354
130990,4,53285
130991,8,6511
130992,8,6511
130993,4,52723
130994,5,4469
130995,7,2731
130996,5,5384
130997,5,57185
130998,10,5867
130999,10,5867
131000,10,5867
131001,10,5867
131002,10,5867
131003,5,53252
131004,4,57520
131005,4,58223
131006,5,3021
131007,4,4212
131008,5,3323
131009,5,4787
131010,8,5165
131011,4,5296
131012,5,7016
131013,5,7016
131014,5,51565
131015,5,53259
131016,5,59045
131017,4,51876
131018,4,52174
131019,1,262336
131020,4,5271
131021,4,2972
131022,7,3696
131023,7,51857
131024,4,51972
131025,5,51479
131026,13,7982
131027,7,3515
131028,4,4339
131029,5,53788
131030,5,52973
131031,5,4636
131032,4,51189
131033,4,52622
131034,5,59010
131035,5,50983
131036,4,53706
131037,12,7474
131038,4,58368
131039,5,51051
131040,13,262288
131041,5,5351
131042,4,55985
131043,7,51860
131044,4,50675
131045,4,6626
131046,4,4213
131047,5,52936
131048,5,53780
131049,12,56724
131050,5,54372
131051,4,57248
131052,4,57248
131053,7,51819
131054,4,54265
131055,4,51176
131056,4,56766
131057,4,4867
131058,5,52963
131059,5,54161
131060,14,262290
131061,4,52600
131062,1,108758
131063,5,6128
131064,5,5755
131065,7,4064
131066,7,56320
131067,4,2971
131068,1,73620
131069,5,7840
131070,5,7840
131071,4,55982
131072,5,55191
131073,5,6903
131074,7,5481
131075,7,5481
131076,5,3814
131077,5,3841
131078,1,262301
131079,7,5152
131080,8,55133
131081,4,3916
131082,8,3771
131083,10,7066
131084,10,7066
131085,10,7066
131086,10,7066
131087,10,7066
131088,10,7066
131089,10,7066
131090,10,7066
131091,10,7066
131092,10,7066
131093,10,7066
131094,10,7066
131095,10,7066
131096,10,7066
131097,10,7066
131098,10,7066
131099,10,7066
131100,10,7066
131101,10,7066
131102,10,7066
131103,10,7066
131104,10,7066
131105,10,7066
131106,10,7066
131107,4,52705
131108,5,54369
131109,5,53257
131110,5,4638
131111,4,4889
131112,12,5443
131113,12,5443
131114,12,5443
131115,12,5443
131116,12,5443
131117,12,5443
131118,12,5443
131119,12,5443
131120,12,5443
131121,12,5443
131122,12,5443
131123,12,3449
131124,5,52908
131125,8,3783
131126,4,4211
131127,5,55557
131128,14,57426
131129,4,5932
131130,8,55335
131131,7,3693
131132,7,6474
131133,4,5248
131134,10,5851
131135,10,5851
131136,10,5851
131137,10,5851
131138,10,5851
131139,10,5851
131140,10,5851
131141,10,5851
131142,10,5851
131143,10,5851
131144,11,5578
131145,5,3947
131146,8,2779
131147,7,3499
131148,11,5582
131149,11,5582
131150,11,5582
131151,11,5582
131152,11,5582
131153,11,5582
131154,11,5582
131155,7,2729
131156,11,7166
131157,11,7166
131158,11,7166
131159,5,4660
131160,5,3939
131161,4,53567
131162,13,55581
131163,4,4866
131164,5,6043
131165,5,6084
131166,4,2955
131167,5,3346
131168,4,6648
131169,7,6253
131170,7,6227
131171,11,3412
131172,4,4872
131173,12,7433
131174,12,7433
131175,12,7433
131176,12,7433
131177,5,3832
131178,5,6085
131179,11,54766
131180,11,7405
131181,11,7405
131182,4,73920
131183,12,53983
131184,12,53983
131185,12,53983
131186,12,53983
131187,12,53983
131188,12,53983
131189,12,53983
131190,12,53983
131191,12,53983
131192,11,3390
131193,4,57876
131194,5,53057
131195,7,5156
131196,7,54014
131197,8,7503
131198,8,7503
131199,8,7503
131200,8,7503
131201,4,58329
131202,1,4848
131203,5,57474
131204,5,57474
131205,14,6924
131206,12,7210
131207,12,7210
131208,12,7210
131209,4,6637
131210,8,55147
131211,5,53215
131212,4,108633
131213,8,4156
131214,5,51428
131215,5,51557
131216,5,54164
131217,13,56428
131218,13,2432
131219,7,6237
131220,4,52606
131221,4,4347
131222,12,7472
131223,4,52613
131224,1,55461
131225,4,58326
131226,8,6564
131227,8,6814
131228,5,3824
131229,1,5824
131230,4,5964
131231,5,5300
131232,12,7202
131233,12,7202
131234,12,7202
131235,5,4649
131236,7,54018
131237,8,3731
131238,5,54235
131239,4,50697
131240,5,108737
131241,8,4148
131242,5,3850
131243,5,52980
131244,5,51499
131245,4,6660
131246,5,6010
131247,5,51484
131248,4,108609
131249,8,50830
131250,4,108647
131251,5,6057
131252,4,50630
131253,4,54322
131254,4,4522
131255,4,57884
131256,5,59017
131257,5,50975
131258,7,6367
131259,4,6672
131260,4,52196
131261,4,53186
131262,5,4647
131263,5,4806
131264,5,7826
131265,5,7826
131266,12,56722
131267,5,53064
131268,4,6641
131269,12,7224
131270,12,7224
131271,12,7224
131272,12,7224
131273,12,7224
131274,12,7224
131275,12,7224
131276,12,7224
131277,12,7224
131278,12,7224
131279,12,7224
131280,12,7224
131281,12,7224
131282,4,53728
131283,5,2402
131284,8,3769
131285,4,50688
131286,5,51494
131287,10,7082
131288,10,7082
131289,10,7082
131290,10,7082
131291,10,7082
131292,10,7082
131293,4,3788
131294,12,5620
131295,12,5620
131296,12,5620
131297,12,5620
131298,12,5620
131299,12,5620
131300,12,5620
131301,13,265478
131302,8,50817
131303,5,59051
131304,4,6609
131305,7,4048
131306,4,108658
131307,8,3733
131308,5,51482
131309,5,57196
131310,5,3011
131311,4,2954
131312,4,5285
131313,4,58373
131314,5,51448
131315,7,54959
131316,4,52198
131317,5,52944
131318,11,7373
131319,11,7373
131320,11,7373
131321,11,7373
131322,11,7373
131323,11,7373
131324,11,7373
131325,11,7373
131326,4,58211
131327,5,54021
131328,13,53682
131329,5,6113
131330,4,7948
131331,4,7948
131332,1,5407
131333,5,3013
131334,5,50991
131335,4,54252
131336,5,50976
131337,4,58378
131338,8,3785
131339,5,55243
131340,5,58458
131341,5,6895
131342,5,57192
131343,12,3478
131344,4,5277
131345,12,54770
131346,12,54770
131347,12,54770
131348,12,54770
131349,12,54770
131350,12,54770
131351,12,54770
131352,12,54770
131353,12,54770
131354,12,54770
131355,12,54770
131356,12,54770
131357,12,54770
131358,12,54770
131359,12,54770
131360,8,55135
131361,4,50727
131362,4,5917
131363,11,7416
131364,4,4397
131365,4,51965
131366,11,7880
131367,11,7880
131368,11,7880
131369,11,7880
131370,11,7880
131371,11,7880
131372,11,7880
131373,11,7880
131374,11,7880
131375,4,55978
131376,4,54272
131377,5,6111
131378,13,3864
131379,4,52726
131380,11,4725
131381,11,4725
131382,5,7808
131383,5,7808
131384,5,3840
131385,5,55360
131386,5,108711
131387,4,3904
131388,5,55094
131389,5,5369
131390,4,4523
131391,5,3845
131392,11,6208
131393,11,6208
131394,4,4198
131395,4,7561
131396,4,7561
131397,4,5970
131398,5,51774
131399,4,5660
131400,1,3883
131401,4,4404
131402,1,5819
131403,13,7139
131404,5,51769
131405,7,6435
131406,7,6435
131407,4,5708
131408,13,3867
131409,4,50680
131410,11,7170
131411,11,7170
131412,11,7170
131413,4,5657
131414,7,3503
131415,4,58380
131416,11,4735
131417,4,2961
131418,10,3970
131419,10,3970
131420,10,3970
131421,10,3970
131422,10,3970
131423,10,3970
131424,10,3970
131425,10,3970
131426,10,3970
131427,10,3970
131428,10,3970
131429,10,3970
131430,10,3970
131431,10,3970
131432,10,3970
131433,10,3970
131434,4,51172
131435,4,4921
131436,7,6403
131437,4,57243
131438,4,57243
131439,5,51452
131440,5,6792
131441,4,58340
131442,4,51989
131443,5,59044
131444,8,3755
131445,4,108611
131446,11,4722
131447,11,4722
131448,7,6252
131449,5,5997
131450,5,7133
131451,12,5613
131452,12,5613
131453,12,5613
131454,12,5613
131455,12,5613
131456,12,5613
131457,12,5613
131458,1,51580
131459,1,4686
131460,5,57205
131461,5,59053
131462,4,3908
131463,8,55134
131464,11,7171
131465,11,7171
131466,11,7171
131467,4,4338
131468,4,53699
131469,13,57491
131470,4,2922
131471,5,5730
131472,13,4683
131473,5,51410
131474,5,2352
131475,8,6297
131476,5,108668
131477,1,6939
131478,4,50698
131479,5,57410
131480,4,53732
131481,5,3817
131482,4,52727
131483,13,53274
131484,4,7534
131485,4,7534
131486,5,53240
131487,2,6205
131488,4,73661
131489,5,57468
131490,5,57468
131491,4,6611
131492,4,51975
131493,11,5435
131494,11,5435
131495,11,5435
131496,11,5435
131497,11,5435
131498,11,5435
131499,11,5435
131500,11,5435
131501,11,5435
131502,11,5435
131503,11,5435
131504,11,5435
131505,11,5435
131506,11,5435
131507,11,5435
131508,5,4439
131509,5,55443
131510,5,2372
131511,12,3492
131512,4,6837
131513,5,55200
131514,4,73899
131515,4,3006
131516,4,3989
131517,8,4118
131518,7,3705
131519,11,7384
131520,11,7384
131521,11,7384
131522,4,5533
131523,4,5915
131524,5,51014
131525,4,58428
131526,7,6399
131527,5,4486
131528,5,53486
131529,5,4789
131530,4,4171
131531,4,50867
131532,4,7793
131533,4,7793
131534,14,2433
131535,5,108707
131536,5,7119
131537,4,52597
131538,4,5647
131539,8,6308
131540,7,51826
131541,13,7862
131542,4,4935
131543,4,5238
131544,12,4751
131545,12,4751
131546,12,4751
131547,12,4751
131548,4,54269
131549,1,6946
131550,5,55222
131551,5,7043
131552,5,7043
131553,5,3344
131554,4,4390
131555,5,51418
131556,5,108701
131557,4,51149
131558,5,52892
131559,12,3443
131560,4,54326
131561,5,55577
131562,5,2403
131563,5,51421
131564,4,52078
131565,5,57472
131566,5,57472
131567,5,108713
131568,4,7796
131569,4,7796
131570,5,51571
131571,8,5192
131572,12,54787
131573,5,4667
131574,4,2930
131575,4,52617
131576,5,58713
131577,4,5357
131578,14,51576
131579,5,5742
131580,1,6191
131581,5,53247
131582,4,7544
131583,4,7544
131584,4,3988
131585,1,6196
131586,8,5172
131587,12,5618
131588,12,5618
131589,12,5618
131590,12,5618
131591,12,5618
131592,12,5618
131593,12,5618
131594,7,55328
131595,1,4693
131596,4,51988
131597,4,52085
131598,4,5678
131599,1,108761
131600,4,54076
131601,4,50728
131602,5,53268
131603,4,73897
131604,5,5356
131605,5,2404
131606,5,5306
131607,4,58426
131608,4,3008
131609,4,50868
131610,5,55226
131611,8,55129
131612,5,6127
131613,8,6311
131614,7,5490
131615,14,7996
131616,5,4814
131617,4,51154
131618,7,54965
131619,5,5316
131620,5,57399
131621,13,53272
131622,8,3766
131623,12,7491
131624,4,54064
131625,5,4953
131626,4,4885
131627,8,55126
131628,5,7031
131629,5,7031
131630,5,55100
131631,7,4029
131632,14,53685
131633,4,108614
131634,5,6153
131635,4,5978
131636,11,3373
131637,11,3373
131638,11,3373
131639,11,3373
131640,11,3373
131641,11,3373
131642,11,3373
131643,11,3373
131644,11,3373
131645,11,3373
131646,11,3373
131647,11,3373
131648,11,3373
131649,11,3373
131650,11,3373
131651,5,51442
131652,4,55169
131653,5,6902
131654,13,7137
131655,4,4533
131656,5,52925
131657,5,3935
131658,11,5432
131659,11,5432
131660,11,5432
131661,11,5432
131662,11,5432
131663,11,5432
131664,11,5432
131665,11,5432
131666,11,5432
131667,11,5432
131668,11,5432
131669,11,5432
131670,11,5432
131671,11,5432
131672,11,5432
131673,4,4539
131674,8,4115
131675,10,51141
131676,10,51141
131677,4,52156
131678,4,5540
131679,13,4832
131680,4,6986
131681,5,53677
131682,4,5687
131683,5,50880
131684,4,51729
131685,13,108752
131686,4,51951
131687,7,51364
131688,10,6957
131689,10,6957
131690,8,55971
131691,4,53730
131692,13,108746
131693,5,51761
131694,5,7018
131695,5,7018
131696,4,52589
131697,4,6963
131698,5,3846
131699,14,4840
131700,12,5628
131701,12,5628
131702,12,5628
131703,12,5628
131704,12,5628
131705,12,5628
131706,12,5628
131707,12,5628
131708,12,5628
131709,4,52012
131710,4,73698
131711,12,4776
131712,5,53476
131713,12,7448
131714,12,7448
131715,12,7448
131716,5,7959
131717,5,7959
131718,5,53048
131719,5,54038
131720,12,7483
131721,5,6134
131722,4,58452
131723,4,51713
131724,5,53070
131725,7,3719
131726,8,5197
131727,1,5559
131728,4,53207
131729,4,6664
131730,5,53875
131731,4,54062
131732,4,52099
131733,5,54732
131734,14,2438
131735,8,7501
131736,8,7501
131737,11,7884
131738,11,7884
131739,11,7884
131740,4,5900
131741,5,57203
131742,4,51705
131743,5,7116
131744,4,56765
131745,4,50717
131746,4,4396
131747,5,108736
131748,4,54090
131749,5,52110
131750,5,5737
131751,5,53784
131752,4,5246
131753,8,7502
131754,8,7502
131755,8,7502
131756,8,7502
131757,4,50637
131758,5,58706
131759,5,55093
131760,13,5803
131761,4,5270
131762,5,6786
131763,4,54257
131764,4,7934
131765,4,7934
131766,5,53888
131767,1,7154
131768,11,53208
131769,7,6213
131770,5,51016
131771,4,52087
131772,4,2987
131773,5,108678
131774,5,6037
131775,5,52959
131776,4,50840
131777,4,5885
131778,4,58233
131779,5,3806
131780,4,50724
131781,5,59005
131782,1,7872
131783,4,5671
131784,5,53378
131785,5,54229
131786,12,7439
131787,12,7439
131788,12,7439
131789,12,7439
131790,12,7439
131791,12,7439
131792,12,7439
131793,12,7439
131794,5,55205
131795,4,52089
131796,7,4054
131797,5,57198
131798,5,57199
131799,12,56727
131800,13,4828
131801,10,5832
131802,10,5832
131803,8,55338
131804,12,7444
131805,12,7444
131806,12,7444
131807,12,7444
131808,12,7444
131809,12,7444
131810,12,7444
131811,12,7444
131812,5,7810
131813,5,7810
131814,4,51220
131815,7,4065
131816,5,5301
131817,13,6913
131818,4,5977
131819,4,5217
131820,12,3479
131821,5,7131
131822,4,52190
131823,4,5967
131824,4,52086
131825,10,7078
131826,10,7078
131827,10,7078
131828,10,7078
131829,10,7078
131830,10,7078
131831,11,5593
131832,11,5593
131833,11,5593
131834,11,5593
131835,11,5593
131836,11,5593
131837,11,5593
131838,11,5593
131839,11,5593
131840,5,52911
131841,5,55201
131842,4,54333
131843,5,51516
131844,5,53877
131845,4,73947
131846,5,51129
131847,11,54763
131848,4,5699
131849,12,3472
131850,5,6801
131851,5,5331
131852,4,55163
131853,5,53490
131854,12,7450
131855,12,7450
131856,12,7450
131857,7,3516
131858,5,55089
131859,14,5808
131860,5,51414
131861,5,7973
131862,4,108622
131863,7,54972
131864,4,53703
131865,5,51006
131866,12,3490
131867,1,53146
131868,4,5532
131869,5,55241
131870,13,108744
131871,5,6025
131872,5,6103
131873,4,52709
131874,4,4167
131875,4,52098
131876,4,5901
131877,4,51990
131878,11,54749
131879,11,54749
131880,11,54749
131881,11,54749
131882,11,54749
131883,11,54749
131884,11,54749
131885,11,54749
131886,11,54749
131887,11,54749
131888,11,54749
131889,11,54749
131890,11,54749
131891,11,54749
131892,11,54749
131893,5,6001
131894,5,4671
131895,5,4949
131896,11,4730
131897,4,4004
131898,7,6230
131899,4,5278
131900,7,6409
131901,4,53193
131902,4,58339
131903,7,6242
131904,4,4193
131905,5,6011
131906,1,6192
131907,5,58470
131908,4,7954
131909,4,7954
131910,7,4050
131911,7,54790
131912,5,6898
131913,7,6265
131914,4,4380
131915,5,51412
131916,7,6401
131917,4,50614
131918,5,54184
131919,12,7901
131920,12,7901
131921,12,7901
131922,12,7901
131923,12,7901
131924,12,7901
131925,12,7901
131926,12,7901
131927,12,7901
131928,4,5951
131929,5,55372
131930,4,108635
131931,8,3730
131932,4,7091
131933,1,262447
131934,13,4682
131935,14,7056
131936,7,56326
131937,4,2942
131938,1,6940
131939,5,53676
131940,5,54363
131941,4,5538
131942,8,6278
131943,4,5927
131944,4,73952
131945,10,53277
131946,5,73706
131947,8,6276
131948,5,51056
131949,5,4480
131950,5,55224
131951,5,54028
131952,7,6264
131953,5,51409
131954,4,53171
131955,5,5297
131956,4,58338
131957,5,55186
131958,4,57889
131959,5,50987
131960,1,4849
131961,5,52967
131962,4,51948
131963,4,4547
131964,5,6159
131965,7,5157
131966,5,55203
131967,4,53723
131968,8,4100
131969,4,6580
131970,4,50651
131971,4,50847
131972,4,73927
131973,5,55377
131974,10,7081
131975,10,7081
131976,10,7081
131977,10,7081
131978,10,7081
131979,10,7081
131980,5,53782
131981,5,59067
131982,4,4902
131983,4,5265
131984,5,7824
131985,5,7824
131986,5,4495
131987,5,6047
131988,5,57262
131989,12,3437
131990,12,3437
131991,12,3437
131992,12,3437
131993,12,3437
131994,12,3437
131995,12,3437
131996,12,3437
131997,12,3437
131998,12,3437
131999,12,3437
132000,12,3437
132001,12,3437
132002,12,3437
132003,12,3437
132004,14,7993
132005,8,4083
132006,4,4361
132007,12,54774
132008,4,4391
132009,5,52966
132010,5,54047
132011,11,4713
132012,11,4713
132013,11,4713
132014,11,4713
132015,5,7815
132016,5,7815
132017,4,51999
132018,8,6531
132019,1,57427
132020,5,5783
132021,12,5453
132022,12,5453
132023,12,5453
132024,12,5453
132025,12,5453
132026,12,5453
132027,12,5453
132028,12,5453
132029,12,5453
132030,12,5453
132031,12,5453
132032,12,5453
132033,12,5453
132034,12,5453
132035,12,5453
132036,5,6052
132037,4,51685
132038,11,5587
132039,11,5587
132040,11,5587
132041,11,5587
132042,11,5587
132043,11,5587
132044,11,5587
132045,11,3374
132046,11,3374
132047,11,3374
132048,11,3374
132049,11,3374
132050,11,3374
132051,11,3374
132052,11,3374
132053,11,3374
132054,11,3374
132055,11,3374
132056,11,3374
132057,11,3374
132058,11,3374
132059,11,3374
132060,10,5837
132061,10,5837
132062,10,5837
132063,10,5837
132064,10,5837
132065,10,5837
132066,10,5837
132067,10,5837
132068,10,5837
132069,10,5837
132070,10,5837
132071,10,5837
132072,10,5837
132073,10,5837
132074,7,5476
132075,4,4371
132076,5,51529
132077,4,52088
132078,5,57387
132079,5,58464
132080,12,3442
132081,7,6260
132082,4,50873
132083,5,5386
132084,12,7903
132085,12,7903
132086,12,7903
132087,12,7903
132088,12,7903
132089,12,7903
132090,12,7903
132091,12,7903
132092,12,7903
132093,4,6670
132094,14,3877
132095,10,50612
132096,10,50612
132097,10,50612
132098,10,50612
132099,10,50612
132100,4,51877
132101,5,4956
132102,4,6606
132103,4,51225
132104,4,52573
132105,5,55368
132106,1,57497
132107,4,6596
132108,10,5869
132109,10,5869
132110,10,5869
132111,10,5869
132112,10,5869
132113,7,6484
132114,5,51490
132115,12,7913
132116,12,7913
132117,12,7913
132118,5,4435
132119,5,3831
132120,4,5690
132121,1,4688
132122,5,3922
132123,5,108693
132124,5,5725
132125,4,2937
132126,4,52160
132127,13,55453
132128,5,54159
132129,5,4963
132130,5,57411
132131,5,53051
132132,12,3480
132133,4,5950
132134,5,55381
132135,8,6516
132136,12,3476
132137,7,6442
132138,4,4220
132139,4,73950
132140,5,5394
132141,12,55478
132142,12,55478
132143,12,55478
132144,4,53184
132145,5,57377
132146,4,53695
132147,14,7057
132148,4,7774
132149,4,7774
132150,14,57493
132151,4,4175
132152,11,5581
132153,11,5581
132154,11,5581
132155,11,5581
132156,11,5581
132157,11,5581
132158,11,5581
132159,5,58469
132160,4,5539
132161,4,50679
132162,5,59049
132163,4,53721
132164,5,4804
132165,5,51756
132166,12,55474
132167,12,55474
132168,12,55474
132169,4,5957
132170,4,52186
132171,5,108671
132172,5,4593
132173,4,55999
132174,5,5319
132175,4,5774
132176,4,57863
132177,4,5704
132178,4,4207
132179,5,4674
132180,4,51674
132181,12,5607
132182,4,4196
132183,5,7124
132184,7,5160
132185,4,58225
132186,1,262363
132187,4,7771
132188,4,7771
132189,5,58702
132190,5,5320
132191,8,3775
132192,5,56424
132193,1,74011
132194,5,5302
132195,4,5279
132196,4,108606
132197,4,6624
132198,5,108680
132199,7,7494
132200,7,7494
132201,8,4074
132202,5,6095
132203,14,4837
132204,4,52629
132205,4,5992
132206,5,5366
132207,10,6956
132208,10,6956
132209,5,7975
132210,5,7975
132211,8,6537
132212,4,58354
132213,5,53675
132214,4,6842
132215,5,6115
132216,1,73621
132217,7,6219
132218,5,6005
132219,5,51432
132220,8,2877
132221,7,6447
132222,4,7513
132223,4,7513
132224,4,51213
132225,4,58345
132226,4,58374
132227,1,108753
132228,5,108722
132229,11,5598
132230,11,5598
132231,11,5598
132232,11,5598
132233,11,5598
132234,11,5598
132235,11,5598
132236,11,5598
132237,11,5598
132238,4,51160
132239,4,53724
132240,5,4798
132241,5,53052
132242,4,7092
132243,8,56336
132244,5,52951
132245,8,6572
132246,5,59035
132247,4,2980
132248,10,4856
132249,10,4856
132250,10,4856
132251,10,4856
132252,10,4856
132253,10,4856
132254,10,4856
132255,10,4856
132256,10,4856
132257,10,4856
132258,10,4856
132259,10,4856
132260,10,4856
132261,10,4856
132262,10,4856
132263,10,4856
132264,14,4839
132265,5,52020
132266,4,5222
132267,4,5234
132268,7,5472
132269,5,59025
132270,5,5355
132271,1,3885
132272,5,53484
132273,11,5419
132274,11,5419
132275,11,5419
132276,11,5419
132277,11,5419
132278,11,5419
132279,11,5419
132280,11,5419
132281,11,5419
132282,11,5419
132283,11,5419
132284,4,7537
132285,4,7537
132286,4,6991
132287,4,4892
132288,5,54367
132289,5,55231
132290,8,6497
132291,8,55144
132292,1,3361
132293,4,4877
132294,4,4360
132295,4,2957
132296,4,6640
132297,7,3504
132298,4,7767
132299,4,7767
132300,7,3707
132301,5,53751
132302,7,3721
132303,4,6585
132304,7,55316
132305,4,52599
132306,5,6125
132307,5,7807
132308,5,7807
132309,5,55216
132310,1,262416
132311,5,57488
132312,11,3408
132313,5,51562
132314,7,2733
132315,11,7429
132316,5,6068
132317,4,51217
132318,4,6843
132319,8,6545
132320,12,7489
132321,5,6779
132322,4,50626
132323,11,5576
132324,13,5797
132325,4,56013
132326,5,55555
132327,12,4765
132328,12,4765
132329,4,4384
132330,11,54756
132331,5,50978
132332,4,52729
132333,4,5216
132334,12,4774
132335,5,55099
132336,5,54163
132337,5,6031
132338,5,51433
132339,7,3724
132340,4,56205
132341,4,2966
132342,5,51053
132343,12,5448
132344,12,5448
132345,12,5448
132346,12,5448
132347,12,5448
132348,12,5448
132349,12,5448
132350,12,5448
132351,12,5448
132352,12,5448
132353,12,5448
132354,12,5448
132355,12,5448
132356,12,5448
132357,12,5448
132358,1,8018
132359,4,2952
132360,4,58445
132361,12,4753
132362,12,4753
132363,12,4753
132364,12,4753
132365,5,57396
132366,11,53974
132367,11,53974
132368,11,53974
132369,11,53974
132370,11,53974
132371,11,53974
132372,11,53974
132373,11,53974
132374,11,53974
132375,4,6653
132376,5,4460
132377,4,51403
132378,4,52182
132379,1,57495
132380,5,5337
132381,4,51978
132382,5,7818
132383,5,7818
132384,5,6897
132385,4,52628
132386,5,51128
132387,2,8011
132388,2,8011
132389,8,6811
132390,5,52894
132391,7,6402
132392,5,53738
132393,5,59066
132394,12,4755
132395,12,4755
132396,12,4755
132397,12,4755
132398,10,5828
132399,10,5828
132400,1,6947
132401,4,51175
132402,4,5700
132403,4,4584
132404,4,73641
132405,5,53271
132406,8,5179
132407,5,53790
132408,8,6574
132409,8,6574
132410,5,7571
132411,5,7571
132412,7,50814
132413,7,6393
132414,5,108739
132415,5,7844
132416,5,7844
132417,5,2349
132418,7,6241
132419,7,6228
132420,4,5894
132421,4,5712
132422,5,3933
132423,5,54360
132424,4,53211
132425,4,58441
132426,7,3686
132427,14,3959
132428,4,57234
132429,4,57234
132430,4,3998
132431,5,51416
132432,7,6410
132433,7,4062
132434,5,51766
132435,5,53385
132436,4,4540
132437,4,6636
132438,4,4348
132439,8,5185
132440,5,5736
132441,11,7176
132442,11,7176
132443,11,7176
132444,5,51532
132445,13,5555
132446,12,56717
132447,8,56339
132448,5,4644
132449,10,6955
132450,10,6955
132451,5,51013
132452,5,6099
132453,4,56352
132454,5,51023
132455,11,54760
132456,4,53694
132457,12,3433
132458,12,3433
132459,12,3433
132460,12,3433
132461,12,3433
132462,12,3433
132463,12,3433
132464,12,3433
132465,12,3433
132466,12,3433
132467,12,3433
132468,12,3433
132469,12,3433
132470,12,3433
132471,12,3433
132472,5,6901
132473,5,52924
132474,4,7762
132475,4,7762
132476,5,6784
132477,5,57388
132478,12,55477
132479,12,55477
132480,12,55477
132481,5,5308
132482,4,51155
132483,1,8014
132484,8,4075
132485,7,6418
132486,12,3494
132487,4,6599
132488,4,5282
132489,4,57502
132490,8,6277
132491,5,52897
132492,4,52730
132493,5,53254
132494,4,57242
132495,4,57242
132496,5,57172
132497,13,262314
132498,1,3964
132499,4,4173
132500,14,51136
132501,5,57406
132502,5,4790
132503,5,51425
132504,5,5388
132505,4,2958
132506,2,57496
132507,12,54768
132508,12,54768
132509,12,54768
132510,12,54768
132511,12,54768
132512,12,54768
132513,12,54768
132514,12,54768
132515,12,54768
132516,12,54768
132517,12,54768
132518,12,54768
132519,12,54768
132520,12,54768
132521,12,54768
132522,4,4883
132523,7,6222
132524,4,4398
132525,5,52115
132526,5,52114
132527,5,5721
132528,5,6765
132529,7,6244
132530,5,3819
132531,5,51407
132532,4,58367
132533,5,53246
132534,4,4934
132535,8,6507
132536,8,6507
132537,5,3805
132538,12,3435
132539,12,3435
132540,12,3435
132541,12,3435
132542,12,3435
132543,12,3435
132544,12,3435
132545,12,3435
132546,12,3435
132547,12,3435
132548,12,3435
132549,12,3435
132550,12,3435
132551,12,3435
132552,12,3435
132553,5,54366
132554,4,57508
132555,11,3375
132556,11,3375
132557,11,3375
132558,11,3375
132559,11,3375
132560,11,3375
132561,11,3375
132562,11,3375
132563,11,3375
132564,11,3375
132565,11,3375
132566,11,3375
132567,11,3375
132568,11,3375
132569,11,3375
132570,5,57183
132571,12,7897
132572,12,7897
132573,12,7897
132574,12,7897
132575,12,7897
132576,12,7897
132577,12,7897
132578,12,7897
132579,12,7897
132580,1,7062
132581,13,57422
132582,4,73682
132583,8,6287
132584,5,6101
132585,5,53142
132586,4,108618
132587,8,6803
132588,8,55344
132589,5,52948
132590,4,51691
132591,7,50809
132592,5,51011
132593,4,4546
132594,4,4008
132595,5,6041
132596,5,55571
132597,7,6444
132598,7,6444
132599,4,4410
132600,4,73922
132601,13,4695
132602,4,51209
132603,7,53157
132604,7,53157
132605,4,5974
132606,4,7944
132607,4,7944
132608,5,4818
132609,7,6211
132610,5,51472
132611,13,55454
132612,5,54043
132613,12,3491
132614,4,54081
132615,5,53482
132616,4,2998
132617,4,4887
132618,4,2925
132619,11,7888
132620,11,7888
132621,11,7888
132622,4,52006
132623,7,4063
132624,8,4132
132625,11,4708
132626,11,4708
132627,11,4708
132628,11,4708
132629,5,6112
132630,4,50851
132631,4,56195
132632,14,5805
132633,4,6822
132634,4,5669
132635,11,54761
132636,4,108589
132637,5,53776
132638,4,51682
132639,4,53731
132640,7,3517
132641,4,2938
132642,4,108626
132643,12,3474
132644,5,55374
132645,4,52588
132646,4,5239
132647,7,5480
132648,7,5480
132649,5,58678
132650,4,108597
132651,5,53871
132652,4,52700
132653,13,3863
132654,11,4726
132655,4,4551
132656,4,51216
132657,5,53399
132658,4,53141
132659,7,55329
132660,5,59040
132661,5,3327
132662,5,57175
132663,4,73898
132664,7,4044
132665,4,5661
132666,7,5461
132667,5,58684
132668,5,51005
132669,5,2365
132670,5,52113
132671,5,6762
132672,5,51498
132673,5,55549
132674,4,3000
132675,4,73700
132676,4,6671
132677,14,6925
132678,10,6961
132679,10,6961
132680,5,51450
132681,4,52578
132682,5,4622
132683,4,2962
132684,10,5840
132685,10,5840
132686,10,5840
132687,10,5840
132688,10,5840
132689,10,5840
132690,10,5840
132691,10,5840
132692,10,5840
132693,10,5840
132694,10,5840
132695,10,5840
132696,10,5840
132697,10,5840
132698,5,7570
132699,5,7570
132700,4,4394
132701,5,52933
132702,4,51962
132703,7,6428
132704,12,56721
132705,12,56721
132706,5,73956
132707,5,6142
132708,11,7420
132709,5,57417
132710,11,3379
132711,5,54370
132712,5,4803
132713,12,4781
132714,4,52575
132715,5,55573
132716,5,7120
132717,5,51429
132718,5,52918
132719,5,53889
132720,4,54354
132721,5,57372
132722,13,6172
132723,7,5465
132724,7,5465
132725,5,2379
132726,11,7877
132727,11,7877
132728,11,7877
132729,11,7877
132730,11,7877
132731,11,7877
132732,11,7877
132733,11,7877
132734,11,7877
132735,4,51222
132736,5,57200
132737,4,3899
132738,4,52072
132739,4,6651
132740,5,57263
132741,5,57263
132742,12,4778
132743,4,2967
132744,8,4097
132745,8,55141
132746,4,50673
132747,5,57382
132748,12,3447
132749,12,3460
132750,4,6627
132751,4,50676
132752,5,108681
132753,7,6239
132754,11,3384
132755,5,51758
132756,12,7477
132757,5,53401
132758,4,51221
132759,5,4422
132760,5,57253
132761,5,51026
132762,5,53243
132763,4,53692
132764,12,5441
132765,12,5441
132766,12,5441
132767,12,5441
132768,12,5441
132769,12,5441
132770,12,5441
132771,12,5441
132772,12,5441
132773,12,5441
132774,12,5441
132775,5,58467
132776,1,7153
132777,5,6100
132778,7,55309
132779,5,4452
132780,4,53151
132781,5,55088
132782,5,4621
132783,11,7418
132784,5,3852
132785,4,3795
132786,12,51803
132787,12,51803
132788,12,51803
132789,12,51803
132790,5,2412
132791,4,56022
132792,4,4190
132793,5,51420
132794,4,7518
132795,4,7518
132796,7,6378
132797,7,6378
132798,4,52193
132799,5,4823
132800,5,7852
132801,5,7852
132802,5,57473
132803,5,57473
132804,5,51406
132805,4,6600
132806,5,6795
132807,4,6819
132808,5,3929
132809,5,4448
132810,4,57231
132811,4,57231
132812,14,54242
132813,13,262350
132814,8,6526
132815,5,7009
132816,5,7009
132817,13,3866
132818,5,6006
132819,5,51564
132820,5,55250
132821,4,51725
132822,4,4568
132823,1,3880
132824,4,50695
132825,13,4827
132826,11,3395
132827,8,3768
132828,5,57194
132829,14,57494
132830,1,4510
132831,4,54331
132832,4,52191
132833,5,2401
132834,7,6433
132835,4,51957
132836,4,57235
132837,4,57235
132838,5,7012
132839,5,7012
132840,8,6293
132841,4,7769
132842,4,7769
132843,4,52618
132844,4,5258
132845,5,52957
132846,4,56005
132847,5,55380
132848,4,50667
132849,4,52574
132850,5,53076
132851,5,55248
132852,4,73954
132853,14,8000
132854,14,3875
132855,11,3382
132856,13,6177
132857,4,54253
132858,12,5440
132859,12,5440
132860,12,5440
132861,12,5440
132862,12,5440
132863,12,5440
132864,12,5440
132865,12,5440
132866,12,5440
132867,12,5440
132868,12,5440
132869,5,5358
132870,5,6081
132871,11,54751
132872,7,4023
132873,8,3726
132874,1,6203
132875,12,7457
132876,5,51538
132877,7,3714
132878,1,262292
132879,12,3451
132880,1,51788
132881,1,51140
132882,5,2415
132883,5,52950
132884,5,55098
132885,12,7476
132886,7,3702
132887,4,5264
132888,4,5938
132889,4,50672
132890,5,51493
132891,5,55578
132892,10,7070
132893,10,7070
132894,10,7070
132895,10,7070
132896,10,7070
132897,10,7070
132898,10,7070
132899,10,7070
132900,10,7070
132901,10,7070
132902,10,7070
132903,10,7070
132904,10,7070
132905,10,7070
132906,10,7070
132907,10,7070
132908,10,7070
132909,10,7070
132910,10,7070
132911,10,7070
132912,10,7070
132913,10,7070
132914,10,7070
132915,10,7070
132916,5,4430
132917,5,6039
132918,12,7906
132919,12,7906
132920,12,7906
132921,8,3732
132922,10,54248
132923,10,54248
132924,7,4036
132925,11,3411
132926,5,53778
132927,4,73669
132928,4,108630
132929,4,4368
132930,4,54153
132931,4,5665
132932,11,56448
132933,8,4137
132934,4,52731
132935,5,53762
132936,12,5449
132937,12,5449
132938,12,5449
132939,12,5449
132940,12,5449
132941,12,5449
132942,12,5449
132943,12,5449
132944,12,5449
132945,12,5449
132946,12,5449
132947,12,5449
132948,12,5449
132949,12,5449
132950,12,5449
132951,5,7962
132952,5,7962
132953,7,5475
132954,12,5451
132955,12,5451
132956,12,5451
132957,12,5451
132958,12,5451
132959,12,5451
132960,12,5451
132961,12,5451
132962,12,5451
132963,12,5451
132964,12,5451
132965,12,5451
132966,12,5451
132967,12,5451
132968,12,5451
132969,8,5184
132970,8,6810
132971,4,5891
132972,7,5148
132973,4,58358
132974,4,52161
132975,1,6195
132976,5,51057
132977,13,3359
132978,7,3681
132979,5,53485
132980,5,54224
132981,4,51681
132982,4,4197
132983,5,52904
132984,5,3809
132985,4,54089
132986,5,58473
132987,5,7032
132988,5,7032
132989,5,7855
132990,5,7855
132991,11,4734
132992,11,3429
132993,5,5313
132994,13,4685
132995,4,53701
132996,5,54176
132997,7,5477
132998,5,6004
132999,5,3321
133000,5,6028
133001,7,6480
133002,7,6480
133003,5,51125
133004,5,5791
133005,5,51775
133006,8,6520
133007,2,6577
133008,4,6847
133009,5,4640
133010,13,2426
133011,4,52075
133012,8,55143
133013,4,5673
133014,5,6048
133015,4,108587
133016,8,2782
133017,1,6948
133018,12,4767
133019,5,3014
133020,11,5594
133021,11,5594
133022,11,5594
133023,11,5594
133024,11,5594
133025,11,5594
133026,11,5594
133027,11,5594
133028,11,5594
133029,5,55217
133030,5,54157
133031,4,56207
133032,10,6959
133033,10,6959
133034,5,5318
133035,4,50647
133036,5,3016
133037,11,3421
133038,5,6778
133039,4,5884
133040,5,5718
133041,4,7533
133042,4,7533
133043,12,3446
133044,8,4123
133045,4,56020
133046,4,5940
133047,5,57252
133048,7,54979
133049,4,4199
133050,12,3450
133051,7,56181
133052,4,58455
133053,1,262345
133054,5,3941
133055,4,5953
133056,4,54079
133057,12,5626
133058,12,5626
133059,12,5626
133060,12,5626
133061,12,5626
133062,12,5626
133063,12,5626
133064,12,5626
133065,12,5626
133066,5,57174
133067,4,7789
133068,4,7789
133069,5,2395
133070,4,4334
133071,4,52073
133072,4,3981
133073,5,53880
133074,4,4911
133075,7,3717
133076,4,53168
133077,8,6809
133078,4,50622
133079,5,2354
133080,4,5713
133081,4,5242
133082,7,6478
133083,4,7563
133084,4,7563
133085,5,55207
133086,12,7455
133087,8,5194
133088,4,6836
133089,4,58447
133090,8,5513
133091,8,5513
133092,4,51148
133093,1,7368
133094,2,55405
133095,5,52916
133096,7,4017
133097,5,51762
133098,5,55370
133099,4,5692
133100,7,51862
133101,7,51862
133102,4,53462
133103,8,5520
133104,4,52178
133105,5,108697
133106,8,4105
133107,7,6415
133108,5,55204
133109,5,6785
133110,4,51726
133111,5,7964
133112,5,7964
133113,4,5905
133114,4,51700
133115,4,54327
133116,4,4409
133117,5,108740
133118,5,54026
133119,4,108603
133120,5,53071
133121,12,5629
133122,12,5629
133123,12,5629
133124,12,5629
133125,12,5629
133126,12,5629
133127,12,5629
133128,12,5629
133129,12,5629
133130,5,2364
133131,5,6124
133132,4,5702
133133,12,4759
133134,12,4759
133135,5,3800
133136,5,6087
133137,7,51859
133138,5,6013
133139,1,71563
133140,4,4920
133141,1,53967
133142,4,51983
133143,4,57511
133144,4,4932
133145,4,53287
133146,4,53209
133147,5,6029
133148,4,52724
133149,7,3700
133150,5,55247
133151,5,5353
133152,4,4205
133153,5,3341
133154,5,4474
133155,13,55384
133156,7,5482
133157,7,5482
133158,4,52170
133159,4,108655
133160,5,51488
133161,4,58364
133162,4,58430
133163,7,54980
133164,5,3919
133165,12,7211
133166,12,7211
133167,12,7211
133168,11,56442
133169,11,56442
133170,11,56442
133171,11,56442
133172,4,54072
133173,5,3793
133174,1,81631
133175,5,52981
133176,5,53768
133177,5,54171
133178,5,7817
133179,5,7817
133180,14,3868
133181,4,56194
133182,5,55367
133183,5,7978
133184,5,7978
133185,7,54019
133186,5,108717
133187,5,59014
133188,4,56201
133189,8,51870
133190,8,51870
133191,4,4335
133192,5,55558
133193,12,5627
133194,12,5627
133195,12,5627
133196,12,5627
133197,12,5627
133198,12,5627
133199,12,5627
133200,12,5627
133201,12,5627
133202,4,50864
133203,4,52002
133204,13,51575
133205,12,56723
133206,5,55187
133207,4,55984
133208,5,108673
133209,7,4059
133210,5,5999
133211,5,6015
133212,1,6202
133213,5,2416
133214,1,4504
133215,10,3969
133216,10,3969
133217,10,3969
133218,10,3969
133219,10,3969
133220,10,3969
133221,10,3969
133222,10,3969
133223,10,3969
133224,10,3969
133225,10,3969
133226,10,3969
133227,10,3969
133228,10,3969
133229,10,3969
133230,10,3969
133231,5,57378
133232,5,51533
133233,1,6938
133234,4,4194
133235,5,55092
133236,5,73748
133237,12,55476
133238,12,55476
133239,12,55476
133240,5,53261
133241,8,3744
133242,5,5385
133243,11,3425
133244,1,7059
133245,4,4904
133246,4,51185
133247,8,3770
133248,13,54738
133249,4,5947
133250,8,6305
133251,5,55233
133252,7,6240
133253,5,4472
133254,4,6630
133255,11,4711
133256,11,4711
133257,11,4711
133258,11,4711
133259,8,3734
133260,4,5236
133261,1,5818
133262,8,4130
133263,4,53169
133264,7,3690
133265,5,3835
133266,7,3708
133267,5,5382
133268,1,4850
133269,4,6593
133270,4,7801
133271,4,7801
133272,4,51181
133273,5,6058
133274,4,5225
133275,5,5720
133276,12,3489
133277,5,54220
133278,5,6092
133279,12,3458
133280,7,3525
133281,5,3924
133282,4,51882
133283,5,7957
133284,5,7957
133285,4,55994
133286,8,6269
133287,5,4799
133288,12,3463
133289,5,5298
133290,1,6944
133291,4,5949
133292,13,55385
133293,4,2944
133294,4,53696
133295,7,54983
133296,7,4069
133297,11,3386
133298,4,5931
133299,4,51966
133300,5,55362
133301,4,3995
133302,4,5257
133303,5,55192
133304,4,58210
133305,4,4011
133306,5,59034
133307,5,108741
133308,4,51979
133309,8,5200
133310,5,53394
133311,4,54352
133312,5,52945
133313,4,58424
133314,5,108706
133315,5,6155
133316,4,5685
133317,5,4807
133318,5,52970
133319,4,52094
133320,5,57485
133321,5,57485
133322,1,5568
133323,7,6462
133324,7,6462
133325,5,108720
133326,8,4108
133327,11,7169
133328,11,7169
133329,11,7169
133330,5,6089
133331,5,51015
133332,5,7035
133333,5,7035
133334,4,108628
133335,5,4424
133336,4,52212
133337,10,5855
133338,10,5855
133339,10,5855
133340,10,5855
133341,10,5855
133342,10,5855
133343,10,5855
133344,10,5855
133345,10,5855
133346,10,5855
133347,10,5855
133348,14,7055
133349,12,3484
133350,5,58459
133351,8,55340
133352,12,3465
133353,5,73708
133354,5,73707
133355,7,4058
133356,12,53980
133357,12,53980
133358,12,53980
133359,12,53980
133360,12,53980
133361,12,53980
133362,12,53980
133363,5,50980
133364,7,6392
133365,4,52205
133366,8,5523
133367,8,5523
133368,5,54221
133369,5,51048
133370,13,7048
133371,12,7214
133372,12,7214
133373,12,7214
133374,11,5592
133375,11,5592
133376,11,5592
133377,11,5592
133378,11,5592
133379,11,5592
133380,11,5592
133381,11,5592
133382,11,5592
133383,5,4445
133384,4,51945
133385,5,53377
133386,5,2370
133387,5,55085
133388,4,5252
133389,4,4871
133390,4,58220
133391,4,5982
133392,5,53766
133393,8,6502
133394,14,5806
133395,4,73699
133396,4,4923
133397,4,6616
133398,13,7990
133399,12,51807
133400,12,51807
133401,4,50836
133402,11,4737
133403,5,4796
133404,4,51716
133405,4,5263
133406,8,6556
133407,8,6556
133408,5,4684
133409,4,6862
133410,5,3324
133411,5,7845
133412,5,7845
133413,5,55114
133414,5,53060
133415,10,4859
133416,10,4859
133417,10,4859
133418,10,4859
133419,10,4859
133420,10,4859
133421,10,4859
133422,10,4859
133423,10,4859
133424,10,4859
133425,10,4859
133426,10,4859
133427,10,4859
133428,10,4859
133429,10,4859
133430,10,4859
133431,4,50721
133432,4,5254
133433,4,50631
133434,5,6098
133435,1,55593
133436,8,6272
133437,5,55208
133438,4,57522
133439,5,7843
133440,5,7843
133441,4,51941
133442,5,57204
133443,4,58196
133444,11,7874
133445,11,7874
133446,11,7874
133447,11,7874
133448,11,7874
133449,11,7874
133450,11,7874
133451,11,7874
133452,11,7874
133453,4,6855
133454,4,5268
133455,5,50986
133456,4,5650
133457,11,3415
133458,5,4657
133459,4,73629
133460,11,56459
133461,12,56718
133462,5,54174
133463,4,54323
133464,4,108621
133465,5,52940
133466,7,3720
133467,8,6805
133468,8,56343
133469,5,51474
133470,5,53264
133471,11,5590
133472,11,5590
133473,11,5590
133474,11,5590
133475,11,5590
133476,11,5590
133477,11,5590
133478,4,4206
133479,4,5933
133480,7,5487
133481,7,5487
133482,5,54158
133483,4,6588
133484,7,55315
133485,11,51793
133486,11,51793
133487,11,51793
133488,11,51793
133489,1,53687
133490,4,53565
133491,4,5648
133492,11,3419
133493,8,3786
133494,8,55972
133495,5,4670
133496,5,7122
133497,4,6625
133498,4,2926
133499,4,56011
133500,4,4186
133501,13,51574
133502,10,50606
133503,10,50606
133504,10,50606
133505,10,50606
133506,10,50606
133507,10,50606
133508,10,50606
133509,10,50606
133510,10,50606
133511,10,50606
133512,11,5431
133513,11,5431
133514,11,5431
133515,11,5431
133516,11,5431
133517,11,5431
133518,11,5431
133519,11,5431
133520,11,5431
133521,11,5431
133522,11,5431
133523,11,5431
133524,11,5431
133525,11,5431
133526,11,5431
133527,4,3978
133528,4,50865
133529,7,5496
133530,7,5496
133531,7,5496
133532,4,52177
133533,13,5399
133534,4,58433
133535,5,4616
133536,4,3913
133537,1,56435
133538,8,4158
133539,12,56725
133540,4,51387
133541,4,51710
133542,7,6406
133543,5,51451
133544,5,53792
133545,5,57398
133546,1,4702
133547,5,7019
133548,5,7019
133549,11,3420
133550,5,7097
133551,4,50656
133552,4,51712
133553,5,54031
133554,8,6304
133555,5,53786
133556,11,3432
133557,7,51823
133558,4,58230
133559,4,5245
133560,12,56728
133561,5,2348
133562,1,4689
133563,4,7566
133564,4,7566
133565,4,58444
133566,7,3513
133567,11,7875
133568,11,7875
133569,11,7875
133570,11,7875
133571,11,7875
133572,11,7875
133573,11,7875
133574,11,7875
133575,11,7875
133576,4,52604
133577,5,55369
133578,12,54771
133579,10,4521
133580,10,4521
133581,8,6289
133582,10,5874
133583,10,5874
133584,10,5874
133585,10,5874
133586,10,5874
133587,11,4709
133588,11,4709
133589,11,4709
133590,11,4709
133591,12,3452
133592,5,54177
133593,4,5679
133594,10,5843
133595,10,5843
133596,10,5843
133597,10,5843
133598,10,5843
133599,10,5843
133600,10,5843
133601,10,5843
133602,10,5843
133603,10,5843
133604,10,5843
133605,10,5843
133606,10,5843
133607,10,5843
133608,14,8001
133609,5,108667
133610,5,51773
133611,4,51959
133612,5,58683
133613,7,56332
133614,5,5724
133615,5,5359
133616,12,7195
133617,12,7195
133618,12,7195
133619,5,59052
133620,10,4855
133621,10,4855
133622,10,4855
133623,10,4855
133624,10,4855
133625,10,4855
133626,10,4855
133627,10,4855
133628,10,4855
133629,10,4855
133630,10,4855
133631,10,4855
133632,10,4855
133633,10,4855
133634,10,4855
133635,10,4855
133636,5,53047
133637,5,108685
133638,4,108637
133639,4,50644
133640,5,4602
133641,4,4372
133642,7,4055
133643,4,3790
133644,5,51413
133645,13,262297
133646,14,4844
133647,4,57233
133648,4,57233
133649,7,5471
133650,7,5471
133651,4,50674
133652,5,53678
133653,11,4741
133654,4,5987
133655,4,51193
133656,4,53176
133657,13,5403
133658,13,6911
133659,4,58421
133660,7,54986
133661,8,56346
133662,7,54977
133663,1,7156
133664,7,6257
133665,5,51535
133666,12,51814
133667,5,53374
133668,7,3703
133669,5,108663
133670,7,54970
133671,8,4103
133672,11,3394
133673,5,51444
133674,5,53764
133675,4,6848
133676,4,58361
133677,4,50854
133678,1,71564
133679,5,53479
133680,4,73684
133681,4,50620
133682,7,6396
133683,5,7860
133684,5,7860
133685,4,55153
133686,5,2406
133687,4,7536
133688,4,7536
133689,8,5505
133690,5,53791
133691,7,55308
133692,4,5667
133693,4,5697
133694,8,55342
133695,4,52602
133696,4,55996
133697,8,7505
133698,8,7505
133699,8,7505
133700,5,6033
133701,4,51163
133702,14,3870
133703,5,51510
133704,11,5433
133705,11,5433
133706,11,5433
133707,11,5433
133708,11,5433
133709,11,5433
133710,11,5433
133711,11,5433
133712,11,5433
133713,11,5433
133714,11,5433
133715,11,5433
133716,11,5433
133717,11,5433
133718,11,5433
133719,13,4833
133720,5,4810
133721,4,6840
133722,5,52968
133723,5,3355
133724,5,53379
133725,4,54353
133726,5,2367
133727,4,57237
133728,4,57237
133729,4,5916
133730,8,3751
133731,12,54780
133732,4,7523
133733,4,7523
133734,10,4863
133735,10,4863
133736,10,4863
133737,10,4863
133738,10,4863
133739,10,4863
133740,10,4863
133741,10,4863
133742,10,4863
133743,10,4863
133744,10,4863
133745,10,4863
133746,10,4863
133747,10,4863
133748,10,4863
133749,4,50623
133750,5,3820
133751,4,50842
133752,1,4851
133753,4,50648
133754,13,6171
133755,5,3792
133756,4,73632
133757,5,52982
133758,4,6658
133759,5,4463
133760,4,108659
133761,8,6817
133762,7,4072
133763,5,55358
133764,12,4758
133765,12,4758
133766,1,3967
133767,1,3967
133768,5,4420
133769,8,55341
133770,4,56208
133771,1,5414
133772,7,6412
133773,5,54050
133774,4,51722
133775,5,59027
133776,4,4910
133777,10,51585
133778,10,51585
133779,10,51585
133780,10,51585
133781,10,51585
133782,10,51585
133783,10,51585
133784,10,51585
133785,10,51585
133786,10,51585
133787,4,52210
133788,13,54737
133789,4,7528
133790,4,7528
133791,7,3507
133792,4,51684
133793,2,850272
133794,4,6984
133795,4,53713
133796,4,4873
133797,13,7140
133798,4,5262
133799,5,4676
133800,12,3467
133801,1,7161
133802,4,55991
133803,11,54764
133804,4,51398
133805,4,4555
133806,4,50669
133807,5,55103
133808,1,5413
133809,4,4529
133810,5,51753
133811,4,51397
133812,5,5389
133813,5,52022
133814,8,4077
133815,5,3816
133816,11,3392
133817,5,55091
133818,5,54185
133819,12,4760
133820,12,4760
133821,5,6105
133822,4,53175
133823,4,4208
133824,5,55210
133825,5,54376
133826,10,5865
133827,10,5865
133828,10,5865
133829,10,5865
133830,10,5865
133831,7,4030
133832,4,51173
133833,7,6452
133834,4,5882
133835,12,7435
133836,12,7435
133837,12,7435
133838,12,7435
133839,5,5732
133840,7,6255
133841,4,54087
133842,5,4598
133843,7,4019
133844,4,7093
133845,5,50989
133846,13,6163
133847,8,6283
133848,4,7553
133849,4,7553
133850,7,6226
133851,5,6082
133852,5,53488
133853,5,4672
133854,8,6539
133855,11,3405
133856,4,51949
133857,4,7511
133858,4,7511
133859,8,5526
133860,4,57236
133861,4,57236
133862,11,3388
133863,4,2929
133864,4,4575
133865,8,6512
133866,8,6512
133867,5,53752
133868,5,58712
133869,5,51757
133870,4,7757
133871,4,7757
133872,4,7772
133873,4,7772
133874,5,55193
133875,5,5340
133876,10,50611
133877,10,50611
133878,10,50611
133879,10,50611
133880,10,50611
133881,7,6232
133882,8,3736
133883,7,3510
133884,4,58385
133885,5,55350
133886,7,5492
133887,4,54083
133888,4,58205
133889,4,73663
133890,5,50973
133891,5,57483
133892,5,57483
133893,5,51426
133894,5,4479
133895,7,4014
133896,14,3871
133897,5,52107
133898,4,6853
133899,7,3689
133900,1,6194
133901,4,5218
133902,4,51980
133903,8,50827
133904,5,3322
133905,5,57408
133906,11,7421
133907,14,7998
133908,5,55551
133909,4,53284
133910,7,6421
133911,4,6590
133912,4,4342
133913,4,4893
133914,4,2992
133915,10,5838
133916,10,5838
133917,10,5838
133918,10,5838
133919,10,5838
133920,10,5838
133921,10,5838
133922,10,5838
133923,10,5838
133924,10,5838
133925,10,5838
133926,10,5838
133927,10,5838
133928,10,5838
133929,4,6652
133930,5,55184
133931,7,5469
133932,7,5469
133933,5,4482
133934,5,55544
133935,5,5782
133936,13,4681
133937,7,56323
133938,11,7394
133939,5,57189
133940,7,3508
133941,5,55218
133942,4,4395
133943,4,52159
133944,5,54049
133945,11,7879
133946,11,7879
133947,11,7879
133948,11,7879
133949,11,7879
133950,11,7879
133951,11,7879
133952,11,7879
133953,11,7879
133954,4,58219
133955,4,4938
133956,5,55225
133957,7,3704
133958,11,55464
133959,11,55464
133960,11,55464
133961,5,51018
133962,12,7912
133963,12,7912
133964,12,7912
133965,11,56454
133966,7,4051
133967,5,6137
133968,4,6583
133969,5,57261
133970,5,51503
133971,4,58448
133972,4,2983
133973,8,53167
133974,8,53167
133975,4,5895
133976,7,54967
133977,13,7867
133978,5,55195
133979,5,5362
133980,4,108602
133981,5,6997
133982,5,6997
133983,4,52097
133984,8,5201
133985,5,53477
133986,5,5546
133987,5,4811
133988,4,6610
133989,4,53288
133990,8,55332
133991,11,56441
133992,11,56441
133993,11,56441
133994,11,56441
133995,5,53050
133996,4,5920
133997,1,7061
133998,4,6632
133999,4,5944
134000,5,51470
134001,1,6200
134002,5,54365
134003,10,5864
134004,10,5864
134005,10,5864
134006,10,5864
134007,10,5864
134008,10,5864
134009,10,5864
134010,10,5864
134011,10,5864
134012,10,5864
134013,10,5864
134014,4,58327
134015,4,51169
134016,4,52091
134017,11,3413
134018,5,3937
134019,5,4824
134020,5,51469
134021,7,7499
134022,7,7499
134023,7,7499
134024,4,51993
134025,14,5810
134026,5,59029
134027,4,5691
134028,4,58449
134029,5,3334
134030,5,51770
134031,5,52941
134032,4,52194
134033,10,5847
134034,10,5847
134035,10,5847
134036,10,5847
134037,10,5847
134038,10,5847
134039,10,5847
134040,10,5847
134041,10,5847
134042,10,5847
134043,4,56010
134044,4,52010
134045,12,4763
134046,12,4763
134047,7,54013
134048,8,2777
134049,4,52708
134050,4,54071
134051,5,55576
134052,11,7378
134053,11,7378
134054,11,7378
134055,11,7378
134056,11,7378
134057,11,7378
134058,11,7378
134059,11,7378
134060,4,52084
134061,5,57487
134062,5,57487
134063,5,2374
134064,5,3335
134065,5,4633
134066,5,52108
134067,8,3756
134068,11,4723
134069,11,4723
134070,4,5969
134071,11,4744
134072,7,7498
134073,7,7498
134074,7,7498
134075,8,5193
134076,5,55240
134077,4,54092
134078,4,5228
134079,5,53891
134080,5,53396
134081,4,6605
134082,10,5860
134083,10,5860
134084,10,5860
134085,10,5860
134086,10,5860
134087,10,5860
134088,10,5860
134089,10,5860
134090,10,5860
134091,10,5860
134092,10,5860
134093,4,56002
134094,7,6234
134095,5,7853
134096,5,7853
134097,5,58462
134098,7,6225
134099,4,58379
134100,12,7436
134101,12,7436
134102,12,7436
134103,12,7436
134104,1,7160
134105,5,4800
134106,1,71435
134107,11,7428
134108,5,7002
134109,5,7002
134110,4,50871
134111,5,108723
134112,4,52583
134113,7,54971
134114,8,5171
134115,8,5171
134116,4,56183
134117,5,4590
134118,12,54775
134119,8,51866
134120,4,57893
134121,4,4538
134122,4,5674
134123,5,3946
134124,4,6623
134125,4,51692
134126,4,52100
134127,4,108616
134128,5,6899
134129,5,7963
134130,5,7963
134131,5,6892
134132,5,59050
134133,13,3953
134134,11,5588
134135,11,5588
134136,11,5588
134137,11,5588
134138,11,5588
134139,11,5588
134140,11,5588
134141,4,2928
134142,1,4703
134143,4,6635
134144,5,6062
134145,5,6797
134146,10,51142
134147,10,51142
134148,5,5784
134149,4,54260
134150,5,53487
134151,5,55363
134152,4,7088
134153,13,3357
134154,5,51844
134155,4,55156
134156,4,54095
134157,5,3336
134158,7,56321
134159,1,5566
134160,5,59047
134161,4,5220
134162,5,55249
134163,4,52103
134164,11,7389
134165,11,7389
134166,11,7389
134167,4,54334
134168,5,52978
134169,5,53775
134170,13,55452
134171,11,3418
134172,5,7823
134173,5,7823
134174,5,55245
134175,5,57484
134176,5,57484
134177,10,7076
134178,10,7076
134179,10,7076
134180,10,7076
134181,10,7076
134182,10,7076
134183,4,4373
134184,10,5857
134185,10,5857
134186,10,5857
134187,10,5857
134188,10,5857
134189,10,5857
134190,10,5857
134191,10,5857
134192,10,5857
134193,10,5857
134194,10,5857
134195,4,52579
134196,5,53270
134197,5,5373
134198,12,7197
134199,12,7197
134200,12,7197
134201,4,50874
134202,4,7540
134203,4,7540
134204,12,7205
134205,12,7205
134206,12,7205
134207,5,57386
134208,4,53149
134209,11,3393
134210,5,53758
134211,11,53970
134212,4,53283
134213,12,54773
134214,5,5363
134215,5,53187
134216,4,55175
134217,12,5610
134218,4,51146
134219,4,54329
134220,10,54249
134221,10,54249
134222,4,4382
134223,4,58423
134224,5,4607
134225,5,2369
134226,8,6807
134227,7,3500
134228,5,57187
134229,4,4944
134230,4,5926
134231,5,4585
134232,4,7527
134233,4,7527
134234,5,3945
134235,4,7557
134236,4,7557
134237,8,5166
134238,7,3712
134239,4,7095
134240,8,6301
134241,7,2730
134242,10,7075
134243,10,7075
134244,10,7075
134245,10,7075
134246,10,7075
134247,10,7075
134248,4,5959
134249,4,5701
134250,4,7531
134251,4,7531
134252,12,5602
134253,5,7847
134254,5,7847
134255,5,3826
134256,5,53756
134257,5,4603
134258,12,4750
134259,12,4750
134260,12,4750
134261,12,4750
134262,11,3397
134263,11,7382
134264,11,7382
134265,11,7382
134266,13,7047
134267,4,3996
134268,8,4152
134269,5,53754
134270,13,5802
134271,11,7381
134272,11,7381
134273,11,7381
134274,5,53890
134275,11,56438
134276,11,56438
134277,11,56438
134278,11,56438
134279,11,56438
134280,11,56438
134281,11,56438
134282,11,56438
134283,4,6592
134284,5,55564
134285,4,54358
134286,8,4073
134287,5,6046
134288,4,50860
134289,4,54275
134290,8,4131
134291,14,57425
134292,5,2405
134293,1,7158
134294,5,3823
134295,5,51486
134296,11,56445
134297,11,56445
134298,11,56445
134299,4,7938
134300,4,7938
134301,4,2978
134302,5,108665
134303,5,7128
134304,4,108617
134305,4,6628
134306,7,5503
134307,7,5503
134308,7,5503
134309,5,4421
134310,4,5652
134311,5,5333
134312,5,59031
134313,5,6027
134314,4,51170
134315,4,52175
134316,2,6201
134317,2,6201
134318,2,6201
134319,5,4470
134320,4,52722
134321,5,108686
134322,11,7413
134323,4,7746
134324,4,7746
134325,4,58347
134326,5,7036
134327,5,7036
134328,5,53049
134329,4,4330
134330,4,5664
134331,5,58711
134332,12,5624
134333,12,5624
134334,12,5624
134335,12,5624
134336,12,5624
134337,12,5624
134338,12,5624
134339,12,5624
134340,12,5624
134341,11,56444
134342,11,56444
134343,11,56444
134344,4,5985
134345,5,54042
134346,5,55235
134347,5,55109
134348,4,50655
134349,4,5219
134350,8,6521
134351,4,51191
134352,13,7980
134353,1,7870
134354,5,52983
134355,4,58365
134356,5,54362
134357,13,57489
134358,5,5729
134359,5,4591
134360,4,4406
134361,7,51818
134362,4,50617
134363,7,5462
134364,5,4801
134365,7,3687
134366,4,108583
134367,4,58369
134368,4,5651
134369,5,55548
134370,4,108590
134371,12,3483
134372,8,6286
134373,1,71565
134374,4,4886
134375,4,55997
134376,4,5904
134377,11,55468
134378,11,55468
134379,11,55468
134380,5,4808
134381,5,54735
134382,5,5764
134383,13,6178
134384,12,4773
134385,5,81124
134386,5,4605
134387,5,5778
134388,5,4821
134389,8,5507
134390,5,53255
134391,4,108634
134392,4,7766
134393,4,7766
134394,4,54251
134395,4,5705
134396,5,57373
134397,4,4563
134398,14,4842
134399,4,52206
134400,4,5898
134401,4,7943
134402,8,6285
134403,1,56437
134404,4,52184
134405,5,6796
134406,5,2376
134407,4,5295
134408,5,55579
134409,5,55365
134410,1,108760
134411,4,108641
134412,5,4673
134413,4,7542
134414,4,7542
134415,5,3818
134416,5,7021
134417,5,7021
134418,5,55545
134419,5,50964
134420,5,4668
134421,5,4438
134422,4,2976
134423,1,262381
134424,4,52728
134425,13,51134
134426,7,6382
134427,7,6382
134428,5,7809
134429,5,7809
134430,5,55189
134431,4,6643
134432,4,7750
134433,4,7750
134434,4,56192
134435,10,4513
134436,10,4513
134437,7,6376
134438,7,6376
134439,4,5880
134440,4,6849
134441,5,6766
134442,5,57193
134443,4,50855
134444,5,54052
134445,11,7404
134446,11,7404
134447,5,7821
134448,5,7821
134449,8,4110
134450,4,2968
134451,4,2991
134452,4,4905
134453,4,51174
134454,5,5790
134455,11,7175
134456,11,7175
134457,11,7175
134458,5,51434
134459,4,7522
134460,4,7522
134461,12,55480
134462,12,55480
134463,12,55480
134464,12,55480
134465,12,55480
134466,12,55480
134467,12,55480
134468,12,55480
134469,12,55480
134470,12,55480
134471,12,55480
134472,12,55480
134473,12,55480
134474,4,50870
134475,7,55312
134476,5,58715
134477,4,54080
134478,5,53269
134479,5,6107
134480,4,51694
134481,14,262436
134482,11,7383
134483,11,7383
134484,11,7383
134485,7,4015
134486,8,6527
134487,5,59021
134488,8,3760
134489,5,6132
134490,11,51797
134491,5,55209
134492,14,2437
134493,12,54788
134494,7,6256
134495,5,52122
134496,5,5338
134497,5,2410
134498,5,6097
134499,5,59041
134500,4,51724
134501,11,7387
134502,11,7387
134503,11,7387
134504,11,7387
134505,11,7387
134506,11,7387
134507,11,7387
134508,11,7387
134509,11,7387
134510,11,7387
134511,11,7387
134512,8,6532
134513,5,55572
134514,4,5662
134515,4,4375
134516,5,5749
134517,4,52718
134518,5,73978
134519,4,50723
134520,5,57182
134521,5,4457
134522,5,55198
134523,11,7886
134524,11,7886
134525,11,7886
134526,4,4374
134527,4,7940
134528,4,7940
134529,4,50690
134530,5,51559
134531,5,55211
134532,12,7200
134533,12,7200
134534,12,7200
134535,5,3330
134536,5,53493
134537,1,74012
134538,10,5872
134539,10,5872
134540,10,5872
134541,10,5872
134542,10,5872
134543,11,7423
134544,4,50629
134545,13,265469
134546,4,6966
134547,1,7367
134548,12,7488
134549,4,5251
134550,10,4515
134551,10,4515
134552,1,4505
134553,5,7026
134554,5,7026
134555,4,54348
134556,5,6793
134557,7,6258
134558,7,3679
134559,5,55113
134560,5,54156
134561,5,6067
134562,4,5948
134563,4,4570
134564,5,2392
134565,7,7497
134566,7,7497
134567,7,7497
134568,4,4346
134569,5,53895
134570,4,4865
134571,8,4090
134572,5,51454
134573,1,5821
134574,5,59046
134575,7,4037
134576,5,55563
134577,11,3377
134578,11,3377
134579,11,3377
134580,11,3377
134581,11,3377
134582,11,3377
134583,11,3377
134584,11,3377
134585,11,3377
134586,11,3377
134587,11,3377
134588,11,3377
134589,11,3377
134590,11,3377
134591,11,3377
134592,11,3401
134593,12,7201
134594,12,7201
134595,12,7201
134596,4,108585
134597,5,54179
134598,4,57516
134599,1,53688
134600,5,6869
134601,5,52935
134602,8,6573
134603,5,108709
134604,5,3799
134605,5,51441
134606,5,6016
134607,5,55237
134608,7,3509
134609,8,3779
134610,1,5409
134611,5,57257
134612,13,5558
134613,12,5454
134614,12,5454
134615,12,5454
134616,12,5454
134617,12,5454
134618,12,5454
134619,12,5454
134620,12,5454
134621,12,5454
134622,12,5454
134623,12,5454
134624,12,5454
134625,12,5454
134626,12,5454
134627,12,5454
134628,10,7080
134629,10,7080
134630,10,7080
134631,10,7080
134632,10,7080
134633,10,7080
134634,13,6165
134635,11,51801
134636,7,6454
134637,8,4138
134638,11,4707
134639,11,4707
134640,11,4707
134641,11,4707
134642,7,6370
134643,8,3772
134644,4,51970
134645,5,108696
134646,5,4816
134647,5,4418
134648,11,56446
134649,5,4795
134650,4,50692
134651,11,5434
134652,11,5434
134653,11,5434
134654,11,5434
134655,11,5434
134656,11,5434
134657,11,5434
134658,11,5434
134659,11,5434
134660,11,5434
134661,11,5434
134662,11,5434
134663,11,5434
134664,11,5434
134665,11,5434
134666,12,4749
134667,12,4749
134668,12,4749
134669,12,4749
134670,8,4085
134671,7,6259
134672,5,55442
134673,5,54228
134674,8,6541
134675,4,58334
134676,5,57401
134677,4,2988
134678,5,3931
134679,7,53218
134680,5,4413
134681,4,51391
134682,4,50677
134683,5,54226
134684,12,5606
134685,5,108705
134686,4,7946
134687,4,7946
134688,5,5323
134689,14,51135
134690,11,3410
134691,5,54234
134692,4,56200
134693,5,4485
134694,5,55566
134695,4,55170
134696,7,2727
134697,4,5981
134698,13,5553
134699,5,5752
134700,4,4218
134701,2,8003
134702,2,8003
134703,2,8003
134704,2,8003
134705,2,8003
134706,5,5397
134707,5,6131
134708,7,4021
134709,5,51123
134710,7,55319
134711,5,50968
134712,4,51711
134713,4,73690
134714,11,5595
134715,11,5595
134716,11,5595
134717,11,5595
134718,11,5595
134719,11,5595
134720,11,5595
134721,11,5595
134722,11,5595
134723,7,6373
134724,7,6460
134725,1,7370
134726,8,5521
134727,4,52213
134728,5,4788
134729,8,3765
134730,7,6388
134731,4,4180
134732,11,56449
134733,11,56449
134734,4,58228
134735,5,4669
134736,7,6427
134737,12,4757
134738,12,4757
134739,1,6941
134740,4,5962
134741,4,5694
134742,5,4491
134743,4,52715
134744,8,56349
134745,5,108742
134746,4,51998
134747,4,54037
134748,7,54035
134749,5,5325
134750,5,108734
134751,5,4436
134752,5,4960
134753,8,5173
134754,10,6958
134755,10,6958
134756,5,59006
134757,12,5603
134758,8,4093
134759,5,57379
134760,2,6197
134761,2,6197
134762,2,6197
134763,5,3348
134764,5,52958
134765,4,7758
134766,4,7758
134767,4,50625
134768,12,55475
134769,12,55475
134770,12,55475
134771,4,54073
134772,5,53779
134773,5,3938
134774,4,5290
134775,5,4945
134776,8,4109
134777,14,53683
134778,4,7761
134779,4,7761
134780,5,4464
134781,4,4531
134782,10,5856
134783,10,5856
134784,10,5856
134785,10,5856
134786,10,5856
134787,10,5856
134788,10,5856
134789,10,5856
134790,10,5856
134791,10,5856
134792,10,5856
134793,5,51415
134794,5,57191
134795,8,56351
134796,11,53971
134797,11,53971
134798,11,53971
134799,11,53971
134800,11,53971
134801,11,53971
134802,11,53971
134803,4,73946
134804,8,7506
134805,8,7506
134806,8,7506
134807,8,7506
134808,5,4487
134809,4,5929
134810,4,4930
134811,4,6663
134812,4,5924
134813,4,5961
134814,5,54227
134815,5,51012
134816,14,7058
134817,4,53463
134818,4,51994
134819,4,108619
134820,4,73656
134821,5,108692
134822,5,6886
134823,5,6109
134824,4,2936
134825,1,7369
134826,5,53237
134827,5,5309
134828,7,6411
134829,5,7830
134830,5,7830
134831,5,53736
134832,5,51010
134833,4,4323
134834,5,51513
134835,11,55467
134836,11,55467
134837,11,55467
134838,7,54975
134839,5,57402
134840,7,6482
134841,8,3780
134842,5,4650
134843,8,6530
134844,4,54254
134845,11,4717
134846,11,4717
134847,5,57420
134848,4,6615
134849,13,5554
134850,13,7985
134851,7,6235
134852,4,52701
134853,12,56720
134854,12,56720
134855,4,52189
134856,5,3821
134857,4,3400
134858,7,2728
134859,5,53734
134860,8,6503
134861,5,7849
134862,5,7849
134863,5,51443
134864,4,53717
134865,5,51043
134866,1,3887
134867,4,51881
134868,7,7496
134869,7,7496
134870,7,7496
134871,7,7496
134872,5,52914
134873,4,51383
134874,4,58222
134875,5,54170
134876,4,4172
134877,4,52171
134878,4,50702
134879,7,4034
134880,8,5516
134881,8,5516
134882,4,4340
134883,5,5352
134884,8,4112
134885,4,57891
134886,4,58382
134887,4,5878
134888,5,51546
134889,4,50879
134890,4,50635
134891,5,53250
134892,4,52183
134893,7,55324
134894,4,4362
134895,4,4554
134896,5,58471
134897,5,5786
134898,4,54256
134899,5,7836
134900,5,7836
134901,5,7022
134902,5,7022
134903,4,7564
134904,4,7564
134905,10,50608
134906,10,50608
134907,10,50608
134908,10,50608
134909,10,50608
134910,10,50608
134911,10,50608
134912,10,50608
134913,10,50608
134914,10,50608
134915,10,50608
134916,1,262372
134917,8,55136
134918,7,5479
134919,4,51720
134920,4,4191
134921,5,2409
134922,5,7014
134923,5,7014
134924,5,4433
134925,12,3488
134926,5,6894
134927,14,51578
134928,12,3440
134929,12,3440
134930,12,3440
134931,12,3440
134932,12,3440
134933,12,3440
134934,12,3440
134935,12,3440
134936,12,3440
134937,12,3440
134938,12,3440
134939,12,3440
134940,12,3440
134941,12,3440
134942,12,3440
134943,4,4913
134944,4,4343
134945,7,54015
134946,7,54015
134947,7,3723
134948,4,6967
134949,5,55373
134950,8,5175
134951,12,56460
134952,12,56460
134953,12,56460
134954,12,56460
134955,7,2732
134956,5,7033
134957,5,7033
134958,5,6889
134959,7,5491
134960,1,3364
134961,4,3977
134962,5,53244
134963,13,5798
134964,4,54345
134965,4,2943
134966,5,50995
134967,5,6121
134968,5,51764
134969,7,54016
134970,7,54016
134971,5,5770
134972,4,4192
134973,4,5896
134974,5,55112
134975,5,53074
134976,5,2377
134977,4,4401
134978,4,50691
134979,4,5886
134980,4,51954
134981,2,8019
134982,2,8019
134983,4,4366
134984,4,50668
134985,12,7475
134986,5,7037
134987,5,7037
134988,5,55448
134989,4,52188
134990,5,7803
134991,5,7803
134992,5,55220
134993,5,53054
134994,5,57260
134995,5,52947
134996,4,53725
134997,4,2933
134998,5,2361
134999,5,3345
135000,4,73662
135001,5,4493
135002,5,55444
135003,1,108759
135004,5,52923
135005,4,6850
135006,4,4356
135007,5,51419
135008,5,54165
135009,4,54349
135010,11,7180
135011,11,7180
135012,11,7180
135013,5,58710
135014,5,53191
135015,7,5456
135016,4,53700
135017,12,3457
135018,5,52927
135019,5,5780
135020,5,5299
135021,4,50853
135022,4,2984
135023,4,6612
135024,7,6254
135025,4,52168
135026,4,108588
135027,10,7071
135028,10,7071
135029,10,7071
135030,10,7071
135031,10,7071
135032,10,7071
135033,10,7071
135034,10,7071
135035,10,7071
135036,10,7071
135037,10,7071
135038,10,7071
135039,10,7071
135040,10,7071
135041,10,7071
135042,10,7071
135043,10,7071
135044,10,7071
135045,10,7071
135046,10,7071
135047,10,7071
135048,10,7071
135049,10,7071
135050,10,7071
135051,4,6665
135052,11,5422
135053,11,5422
135054,11,5422
135055,11,5422
135056,11,5422
135057,11,5422
135058,11,5422
135059,11,5422
135060,11,5422
135061,11,5422
135062,11,5422
135063,5,4629
135064,4,3909
135065,4,4177
135066,4,58322
135067,7,6381
135068,7,6381
135069,12,7199
135070,12,7199
135071,12,7199
135072,5,3942
135073,5,51556
135074,4,4331
135075,5,55196
135076,5,54727
135077,4,2959
135078,5,5336
135079,4,73928
135080,5,53478
135081,4,52158
135082,5,6878
135083,5,7968
135084,5,7968
135085,5,6147
135086,4,108612
135087,5,108724
135088,5,52939
135089,13,7865
135090,5,5365
135091,5,54729
135092,7,4039
135093,5,6009
135094,12,56714
135095,12,56714
135096,12,56714
135097,8,6513
135098,8,6513
135099,14,2441
135100,5,55450
135101,5,4632
135102,14,2436
135103,5,7006
135104,5,7006
135105,7,5478
135106,4,57507
135107,1,54744
135108,4,7530
135109,4,7530
135110,11,3431
135111,5,6994
135112,5,6994
135113,5,7132
135114,4,51404
135115,4,52013
135116,5,53059
135117,5,55446
135118,4,5677
135119,7,4061
135120,7,51858
135121,4,58677
135122,4,53705
135123,12,4783
135124,5,5326
135125,5,3351
135126,8,3750
135127,4,50719
135128,7,53160
135129,7,5149
135130,4,6835
135131,5,6764
135132,8,51869
135133,8,51869
135134,11,7883
135135,11,7883
135136,11,7883
135137,11,7883
135138,11,7883
135139,11,7883
135140,11,7883
135141,11,7883
135142,11,7883
135143,4,5256
135144,7,6397
135145,4,51171
135146,11,7412
135147,5,4434
135148,8,55347
135149,4,53140
135150,5,7805
135151,5,7805
135152,13,56427
135153,7,3502
135154,4,54088
135155,4,56019
135156,12,7473
135157,4,55165
135158,7,6455
135159,4,50642
135160,4,54065
135161,11,4724
135162,11,4724
135163,5,53767
135164,5,4617
135165,4,2939
135166,7,3512
135167,1,51790
135168,5,53755
135169,2,6193
135170,2,6193
135171,2,6193
135172,5,54225
135173,4,4942
135174,7,50810
135175,11,7182
135176,11,7182
135177,11,7182
135178,10,5871
135179,10,5871
135180,10,5871
135181,10,5871
135182,10,5871
135183,11,7184
135184,11,7184
135185,11,7184
135186,4,6582
135187,8,6812
135188,5,3811
135189,8,55343
135190,5,52915
135191,4,5658
135192,4,56021
135193,4,52596
135194,11,7410
135195,5,6049
135196,4,4572
135197,4,2965
135198,5,3347
135199,4,52157
135200,4,55181
135201,5,108727
135202,5,6024
135203,5,57481
135204,5,57481
135205,5,6907
135206,8,6294
135207,4,5706
135208,4,4524
135209,4,73649
135210,4,4405
135211,4,50639
135212,5,51417
135213,5,52906
135214,4,51997
135215,4,7787
135216,4,7787
135217,1,51789
135218,4,51968
135219,4,5928
135220,8,55968
135221,4,55993
135222,4,52581
135223,4,58353
135224,4,52201
135225,8,51377
135226,4,3915
135227,12,7463
135228,12,7463
135229,4,7937
135230,10,3975
135231,10,3975
135232,10,3975
135233,10,3975
135234,10,3975
135235,10,3975
135236,10,3975
135237,10,3975
135238,10,3975
135239,10,3975
135240,10,3975
135241,10,3975
135242,10,3975
135243,10,3975
135244,10,3975
135245,10,3975
135246,5,7858
135247,5,7858
135248,5,51001
135249,12,7215
135250,12,7215
135251,12,7215
135252,12,7215
135253,12,7215
135254,12,7215
135255,12,7215
135256,12,7215
135257,12,7215
135258,12,7215
135259,12,7215
135260,12,7215
135261,12,7215
135262,4,5942
135263,4,51145
135264,5,4961
135265,4,4937
135266,4,108586
135267,5,5768
135268,4,4500
135269,4,50866
135270,7,5153
135271,12,7453
135272,12,7453
135273,12,7453
135274,4,6859
135275,5,6893
135276,5,3834
135277,4,51144
135278,4,52598
135279,12,56726
135280,5,53068
135281,1,5833
135282,5,51568
135283,4,2974
135284,4,2919
135285,4,51982
135286,5,55221
135287,8,55334
135288,4,4578
135289,7,54969
135290,4,6990
135291,5,3342
135292,13,3862
135293,4,51679
135294,5,108714
135295,8,4079
135296,5,4662
135297,7,54985
135298,5,6104
135299,10,57855
135300,10,57855
135301,4,50682
135302,4,5883
135303,4,5945
135304,5,6906
135305,4,4924
135306,4,58351
135307,5,53388
135308,1,265482
135309,4,7765
135310,4,7765
135311,5,108672
135312,13,7989
135313,12,7899
135314,12,7899
135315,12,7899
135316,12,7899
135317,12,7899
135318,12,7899
135319,12,7899
135320,12,7899
135321,12,7899
135322,4,53473
135323,5,54168
135324,5,4651
135325,4,50663
135326,12,56729
135327,8,4082
135328,4,51714
135329,8,56337
135330,7,3506
135331,5,7971
135332,5,7971
135333,4,108584
135334,8,3759
135335,14,5812
135336,1,4700
135337,5,4419
135338,4,51969
135339,5,3015
135340,4,54271
135341,4,55155
135342,7,5457
135343,5,53863
135344,4,2981
135345,4,5907
135346,4,50615
135347,5,55451
135348,4,52608
135349,13,5557
135350,5,6116
135351,5,7833
135352,5,7833
135353,4,50869
135354,5,54183
135355,5,54046
135356,4,54069
135357,7,4016
135358,5,51765
135359,5,53893
135360,7,6386
135361,7,6465
135362,12,7478
135363,4,7549
135364,4,7549
135365,5,55115
135366,5,5307
135367,5,108676
135368,4,7945
135369,4,7945
135370,8,5510
135371,5,2388
135372,12,7438
135373,12,7438
135374,12,7438
135375,12,7438
135376,12,7438
135377,12,7438
135378,12,7438
135379,12,7438
135380,4,3897
135381,12,51848
135382,12,51848
135383,12,51848
135384,12,51848
135385,12,51848
135386,12,51848
135387,12,51848
135388,12,51848
135389,12,51848
135390,12,51848
135391,12,51848
135392,12,51848
135393,12,51848
135394,12,51848
135395,12,51848
135396,8,6518
135397,8,55336
135398,4,5670
135399,5,53381
135400,4,58344
135401,5,59048
135402,5,51004
135403,4,6631
135404,4,4164
135405,4,2946
135406,4,6820
135407,13,6912
135408,1,55462
135409,5,4797
135410,4,52167
135411,4,54340
135412,1,6183
135413,4,4187
135414,4,56027
135415,8,4160
135416,8,2781
135417,4,57890
135418,4,50687
135419,4,7552
135420,4,7552
135421,4,52591
135422,5,7121
135423,5,5377
135424,4,6988
135425,4,58206
135426,11,3417
135427,5,57385
135428,10,53689
135429,10,53689
135430,10,53689
135431,10,53689
135432,10,53689
135433,10,53689
135434,10,53689
135435,10,53689
135436,10,53689
135437,10,53689
135438,10,53689
135439,10,53689
135440,10,53689
135441,10,53689
135442,10,53689
135443,10,53689
135444,5,73986
135445,5,5328
135446,11,4729
135447,5,3332
135448,8,53166
135449,4,53173
135450,5,2400
135451,8,4145
135452,11,56457
135453,4,5979
135454,5,55185
135455,8,5529
135456,8,5529
135457,8,5529
135458,5,6096
135459,5,2362
135460,4,51152
135461,4,4903
135462,7,54966
135463,5,4458
135464,5,3798
135465,2,6181
135466,2,6181
135467,2,6181
135468,2,6181
135469,2,6181
135470,2,6181
135471,5,7045
135472,5,7045
135473,4,52577
135474,5,51422
135475,4,51699
135476,4,51706
135477,5,6078
135478,5,6091
135479,12,7482
135480,4,4166
135481,4,51179
135482,1,5411
135483,5,4612
135484,4,108593
135485,4,6972
135486,1,3881
135487,5,55199
135488,4,4878
135489,5,4451
135490,4,4388
135491,4,56000
135492,5,59043
135493,4,4557
135494,4,108660
135495,8,6558
135496,12,3486
135497,7,3680
135498,7,4052
135499,4,51963
135500,8,4136
135501,5,3343
135502,4,5952
135503,5,58709
135504,1,850271
135505,4,54091
135506,4,4005
135507,4,3993
135508,5,4794
135509,5,108699
135510,4,51961
135511,1,4501
135512,7,6266
135513,5,73715
135514,1,3884
135515,7,55323
135516,5,51449
135517,5,4656
135518,5,6879
135519,4,51167
135520,4,7508
135521,4,7508
135522,12,53979
135523,4,54279
135524,4,56204
135525,1,7162
135526,5,56423
135527,5,53203
135528,1,54246
135529,4,54036
135530,5,6019
135531,12,51805
135532,12,51805
135533,12,51805
135534,12,51805
135535,4,57230
135536,4,57230
135537,4,51180
135538,5,6140
135539,11,54757
135540,5,58707
135541,11,7181
135542,11,7181
135543,11,7181
135544,5,4659
135545,5,5763
135546,5,5760
135547,11,3383
135548,4,50861
135549,13,5800
135550,5,5330
135551,7,6250
135552,5,4416
135553,5,52912
135554,4,6584
135555,5,5789
135556,4,3889
135557,12,4785
135558,5,7113
135559,5,73987
135560,1,73571
135561,5,5759
135562,5,108703
135563,5,51497
135564,4,4527
135565,5,108732
135566,8,4140
135567,10,57430
135568,10,57430
135569,12,7212
135570,12,7212
135571,12,7212
135572,4,52732
135573,4,52619
135574,13,6174
135575,5,50972
135576,4,51698
135577,4,55176
135578,7,3694
135579,4,5655
135580,4,73953
135581,5,55552
135582,8,3781
135583,4,52001
135584,4,73921
135585,5,54730
135586,4,58197
135587,5,3927
135588,4,6614
135589,5,53373
135590,5,4596
135591,4,6667
135592,5,51483
135593,4,57861
135594,4,108629
135595,4,4221
135596,5,51523
135597,4,4407
135598,4,51992
135599,4,52090
135600,5,6156
135601,1,55404
135602,5,51466
135603,5,4496
135604,7,6398
135605,8,53164
135606,8,53164
135607,4,53182
135608,5,51045
135609,8,50823
135610,5,54232
135611,8,3777
135612,4,7756
135613,4,7756
135614,5,55546
135615,4,56015
135616,13,3952
135617,4,108662
135618,4,6978
135619,5,58695
135620,10,5841
135621,10,5841
135622,10,5841
135623,10,5841
135624,10,5841
135625,10,5841
135626,10,5841
135627,10,5841
135628,10,5841
135629,10,5841
135630,10,5841
135631,10,5841
135632,10,5841
135633,10,5841
135634,7,6429
135635,5,5795
135636,4,50876
135637,5,51431
135638,8,55124
135639,4,4536
135640,5,4946
135641,7,5484
135642,7,5484
135643,4,58453
135644,7,5150
135645,13,6176
135646,4,57883
135647,4,4571
135648,4,5274
135649,5,52106
135650,4,53707
135651,2,8007
135652,2,8007
135653,7,2734
135654,5,4437
135655,4,51223
135656,5,53492
135657,4,57872
135658,10,7083
135659,10,7083
135660,10,7083
135661,10,7083
135662,10,7083
135663,10,7083
135664,4,4344
135665,5,6129
135666,5,51131
135667,4,4370
135668,5,108704
135669,5,4675
135670,4,7784
135671,4,7784
135672,4,4201
135673,4,51709
135674,4,7752
135675,4,7752
135676,5,54230
135677,4,51393
135678,5,55565
135679,5,52125
135680,1,108754
135681,5,7020
135682,5,7020
135683,4,7800
135684,4,7800
135685,12,5611
135686,12,5611
135687,12,5611
135688,12,5611
135689,12,5611
135690,12,5611
135691,12,5611
135692,5,7827
135693,5,7827
135694,4,51953
135695,4,4880
135696,5,53386
135697,7,6371
135698,8,4121
135699,5,55244
135700,5,5310
135701,8,6517
135702,5,5776
135703,12,5616
135704,12,5616
135705,12,5616
135706,12,5616
135707,12,5616
135708,12,5616
135709,12,5616
135710,4,50618
135711,5,53062
135712,5,5315
135713,4,3890
135714,4,4552
135715,4,108607
135716,10,3973
135717,10,3973
135718,10,3973
135719,10,3973
135720,10,3973
135721,10,3973
135722,10,3973
135723,10,3973
135724,10,3973
135725,10,3973
135726,10,3973
135727,10,3973
135728,10,3973
135729,10,3973
135730,10,3973
135731,10,3973
135732,5,52025
135733,4,53204
135734,4,56193
135735,5,7114
135736,12,7490
135737,4,52721
135738,4,53714
135739,4,2986
135740,12,3439
135741,12,3439
135742,12,3439
135743,12,3439
135744,12,3439
135745,12,3439
135746,12,3439
135747,12,3439
135748,12,3439
135749,12,3439
135750,12,3439
135751,12,3439
135752,12,3439
135753,12,3439
135754,12,3439
135755,5,5716
135756,11,3404
135757,12,56465
135758,12,56465
135759,12,56465
135760,12,56465
135761,12,56465
135762,12,56465
135763,12,56465
135764,12,56465
135765,4,58357
135766,4,54258
135767,5,7567
135768,5,7567
135769,5,51558
135770,5,7039
135771,5,7039
135772,5,4786
135773,8,6312
135774,4,5921
135775,13,51573
135776,5,51536
135777,8,4146
135778,5,58461
135779,5,5765
135780,4,6659
135781,5,57184
135782,5,57409
135783,5,53402
135784,4,5684
135785,5,51504
135786,4,50856
135787,5,2358
135788,5,2384
135789,7,51827
135790,4,7776
135791,4,7776
135792,4,56202
135793,5,4488
135794,12,5612
135795,12,5612
135796,12,5612
135797,12,5612
135798,12,5612
135799,12,5612
135800,12,5612
135801,5,6775
135802,5,6117
135803,10,5853
135804,10,5853
135805,10,5853
135806,10,5853
135807,10,5853
135808,10,5853
135809,10,5853
135810,10,5853
135811,10,5853
135812,10,5853
135813,1,3886
135814,5,6045
135815,5,55567
135816,7,7495
135817,7,7495
135818,7,7495
135819,7,7495
135820,5,6143
135821,4,7947
135822,4,7947
135823,5,55190
135824,5,50974
135825,5,54371
135826,5,53267
135827,4,108598
135828,8,55145
135829,7,4053
135830,1,3966
135831,4,4907
135832,10,5839
135833,10,5839
135834,10,5839
135835,10,5839
135836,10,5839
135837,10,5839
135838,10,5839
135839,10,5839
135840,10,5839
135841,10,5839
135842,10,5839
135843,10,5839
135844,10,5839
135845,10,5839
135846,1,3878
135847,8,5190
135848,8,5190
135849,4,51184
135850,8,3746
135851,1,4508
135852,5,51430
135853,4,5696
135854,12,7900
135855,12,7900
135856,12,7900
135857,12,7900
135858,12,7900
135859,12,7900
135860,12,7900
135861,12,7900
135862,12,7900
135863,5,51411
135864,11,7392
135865,12,7219
135866,12,7219
135867,12,7219
135868,12,7219
135869,12,7219
135870,12,7219
135871,12,7219
135872,12,7219
135873,12,7219
135874,12,7219
135875,12,7219
135876,12,7219
135877,12,7219
135878,5,7857
135879,5,7857
135880,5,4459
135881,10,4518
135882,10,4518
135883,1,65140
135884,5,58472
135885,5,4954
135886,7,6368
135887,8,5528
135888,8,5528
135889,8,5528
135890,12,7470
135891,4,52954
135892,4,53466
135893,5,7837
135894,5,7837
135895,7,5494
135896,5,55105
135897,7,4031
135898,5,58687
135899,11,7177
135900,11,7177
135901,11,7177
135902,11,4731
135903,5,5775
135904,13,2424
135905,4,4333
135906,12,53984
135907,12,53984
135908,12,53984
135909,12,53984
135910,12,53984
135911,12,53984
135912,12,53984
135913,12,53984
135914,12,53984
135915,5,50982
135916,4,5275
135917,5,4468
135918,4,56012
135919,13,6166
135920,12,7206
135921,12,7206
135922,12,7206
135923,4,56210
135924,4,50653
135925,4,52195
135926,7,56333
135927,5,51423
135928,12,4770
135929,5,7100
135930,7,4056
135931,5,4955
135932,5,55101
135933,1,850270
135934,5,5324
135935,2,850274
135936,5,51475
135937,4,56761
135938,5,51054
135939,4,50621
135940,5,53745
135941,4,4928
135942,5,7130
135943,5,6055
135944,5,7813
135945,5,7813
135946,5,52890
135947,10,51583
135948,10,51583
135949,10,51583
135950,10,51583
135951,10,51583
135952,10,51583
135953,10,51583
135954,10,51583
135955,10,51583
135956,10,51583
135957,10,51583
135958,10,51583
135959,10,51583
135960,10,51583
135961,4,4936
135962,12,4769
135963,4,57246
135964,4,57246
135965,7,6471
135966,7,6471
135967,5,52931
135968,5,51541
135969,10,5852
135970,10,5852
135971,10,5852
135972,10,5852
135973,10,5852
135974,10,5852
135975,10,5852
135976,10,5852
135977,10,5852
135978,10,5852
135979,4,3985
135980,4,4369
135981,5,3018
135982,5,3842
135983,4,4553
135984,11,3427
135985,4,7788
135986,4,7788
135987,5,53883
135988,8,3745
135989,4,52580
135990,4,5680
135991,5,3353
135992,5,6120
135993,5,6070
135994,5,54173
135995,1,3882
135996,5,54375
135997,5,57265
135998,5,57265
135999,4,53722
136000,5,53481
136001,5,2350
136002,12,4784
136003,8,5203
136004,5,2351
136005,10,5836
136006,10,5836
136007,10,5836
136008,10,5836
136009,10,5836
136010,10,5836
136011,10,5836
136012,10,5836
136013,10,5836
136014,10,5836
136015,10,5836
136016,10,5836
136017,10,5836
136018,10,5836
136019,4,4386
136020,5,51514
136021,7,5489
136022,12,3436
136023,12,3436
136024,12,3436
136025,12,3436
136026,12,3436
136027,12,3436
136028,12,3436
136029,12,3436
136030,12,3436
136031,12,3436
136032,12,3436
136033,12,3436
136034,12,3436
136035,12,3436
136036,12,3436
136037,12,7469
136038,12,7469
136039,7,5483
136040,7,5483
136041,4,4884
136042,4,108639
136043,5,57202
136044,5,4959
136045,8,50815
136046,4,50646
136047,4,58224
136048,5,4618
136049,4,6838
136050,5,59058
136051,4,51689
136052,4,52164
136053,4,6983
136054,5,53380
136055,13,7052
136056,5,7568
136057,5,7568
136058,4,7951
136059,4,7951
136060,12,51808
136061,12,51808
136062,8,56338
136063,4,53280
136064,5,5327
136065,7,3520
136066,4,4341
136067,5,57415
136068,5,6771
136069,5,52943
136070,11,5579
136071,5,5757
136072,5,5787
136073,11,51791
136074,11,51791
136075,11,51791
136076,11,51791
136077,4,58419
136078,7,54982
136079,12,7492
136080,4,52185
136081,8,55331
136082,5,5773
136083,4,4003
136084,7,51822
136085,5,3828
136086,11,4710
136087,11,4710
136088,11,4710
136089,11,4710
136090,11,3385
136091,11,5599
136092,11,5599
136093,11,5599
136094,11,5599
136095,11,5599
136096,11,5599
136097,11,5599
136098,11,5599
136099,11,5599
136100,4,55981
136101,13,7984
136102,8,6533
136103,8,4092
136104,5,54364
136105,5,55090
136106,10,53690
136107,10,53690
136108,10,53690
136109,10,53690
136110,10,53690
136111,10,53690
136112,10,53690
136113,10,53690
136114,10,53690
136115,10,53690
136116,10,53690
136117,10,53690
136118,10,53690
136119,10,53690
136120,10,53690
136121,10,53690
136122,4,108638
136123,5,4454
136124,10,4857
136125,10,4857
136126,10,4857
136127,10,4857
136128,10,4857
136129,10,4857
136130,10,4857
136131,10,4857
136132,10,4857
136133,10,4857
136134,10,4857
136135,10,4857
136136,10,4857
136137,10,4857
136138,10,4857
136139,10,4857
136140,4,7546
136141,4,7546
136142,5,7969
136143,5,7969
136144,4,53468
136145,4,52594
136146,4,108624
136147,4,57885
136148,4,50852
136149,5,3337
136150,1,5565
136151,4,7560
136152,4,7560
136153,4,5912
136154,4,55992
136155,5,2414
136156,5,2368
136157,5,57480
136158,5,57480
136159,4,6649
136160,4,58371
136161,4,58381
136162,12,3464
136163,5,5370
136164,5,7811
136165,5,7811
136166,5,3838
136167,5,2391
136168,12,5601
136169,12,51806
136170,12,51806
136171,4,57886
136172,4,73683
136173,14,7992
136174,5,2393
136175,14,3960
136176,4,7778
136177,4,7778
136178,5,4443
136179,4,4888
136180,4,5930
136181,7,54791
136182,8,3725
136183,4,5536
136184,4,5688
136185,4,5266
136186,4,7759
136187,4,7759
136188,7,3521
136189,5,4499
136190,4,50652
136191,5,52922
136192,4,4532
136193,5,4666
136194,5,4484
136195,5,51480
136196,4,5666
136197,5,5368
136198,4,108652
136199,8,4141
136200,5,108688
136201,1,4690
136202,5,6008
136203,4,5963
136204,5,52898
136205,5,53742
136206,5,50969
136207,5,7098
136208,4,51973
136209,4,5683
136210,4,51732
136211,11,54748
136212,11,54748
136213,11,54748
136214,11,54748
136215,11,54748
136216,11,54748
136217,11,54748
136218,11,54748
136219,11,54748
136220,11,54748
136221,11,54748
136222,11,54748
136223,11,54748
136224,11,54748
136225,11,54748
136226,4,2995
136227,5,5375
136228,5,5372
136229,5,7134
136230,4,3984
136231,4,52207
136232,5,5387
136233,7,5502
136234,7,5502
136235,7,5502
136236,4,5899
136237,4,58208
136238,4,7799
136239,4,7799
136240,11,5580
136241,4,56757
136242,5,53073
136243,4,4925
136244,5,6150
136245,7,5495
136246,4,4579
136247,5,57376
136248,4,4870
136249,7,3514
136250,5,50981
136251,7,5470
136252,7,5470
136253,7,3526
136254,5,54175
136255,4,4891
136256,4,2947
136257,7,54981
136258,4,7748
136259,4,7748
136260,4,73630
136261,4,55987
136262,5,59038
136263,11,4720
136264,11,4720
136265,1,4503
136266,13,108748
136267,8,6313
136268,5,57404
136269,5,55562
136270,4,2979
136271,5,2356
136272,4,5971
136273,8,4147
136274,13,3358
136275,5,4441
136276,4,51183
136277,5,51755
136278,5,4473
136279,5,59039
136280,11,55466
136281,11,55466
136282,11,55466
136283,5,53056
136284,12,7479
136285,11,51799
136286,4,55174
136287,4,55980
136288,4,50862
136289,12,7196
136290,12,7196
136291,12,7196
136292,8,5514
136293,8,5514
136294,5,4477
136295,8,4081
136296,11,7379
136297,11,7379
136298,11,7379
136299,11,7379
136300,11,7379
136301,11,7379
136302,11,7379
136303,11,7379
136304,4,50844
136305,11,55596
136306,11,55596
136307,11,55596
136308,11,55596
136309,11,55596
136310,11,55596
136311,11,55596
136312,11,55596
136313,11,55596
136314,11,55596
136315,11,55596
136316,13,52985
136317,5,59009
136318,14,265471
136319,5,2359
136320,7,4013
136321,11,7165
136322,11,7165
136323,11,7165
136324,1,3366
136325,4,51676
136326,4,73647
136327,10,5827
136328,10,5827
136329,4,53708
136330,1,8012
136331,4,4565
136332,4,5283
136333,5,51508
136334,4,2940
136335,8,4163
136336,5,2396
136337,5,5317
136338,4,3912
136339,5,54222
136340,7,6246
136341,4,5908
136342,4,57856
136343,1,265473
136344,4,4352
136345,11,7885
136346,11,7885
136347,11,7885
136348,4,51672
136349,7,5460
136350,5,3827
136351,4,54351
136352,10,5825
136353,10,5825
136354,4,3983
136355,5,59062
136356,4,52005
136357,4,5535
136358,5,2360
136359,5,4415
136360,11,7411
136361,4,55160
136362,4,57240
136363,4,57240
136364,8,6501
136365,1,5823
136366,5,55550
136367,4,54154
136368,11,53972
136369,11,53972
136370,11,53972
136371,11,53972
136372,11,53972
136373,11,53972
136374,11,53972
136375,4,4537
136376,4,54066
136377,4,3982
136378,4,51977
136379,5,53892
136380,5,57380
136381,5,50990
136382,4,4898
136383,8,6538
136384,8,6538
136385,4,58212
136386,5,4475
136387,5,59022
136388,7,51861
136389,7,51861
136390,5,51544
136391,11,7397
136392,4,55167
136393,4,73697
136394,5,5376
136395,13,2431
136396,11,3398
136397,5,59011
136398,4,51166
136399,4,55998
136400,7,4060
136401,5,6108
136402,4,2973
136403,5,3822
136404,5,54188
136405,11,6207
136406,11,6207
136407,12,4747
136408,12,4747
136409,12,4747
136410,12,4747
136411,5,5735
136412,5,52952
136413,5,55110
136414,5,54162
136415,5,57201
136416,8,6559
136417,11,7427
136418,11,7878
136419,11,7878
136420,11,7878
136421,11,7878
136422,11,7878
136423,11,7878
136424,11,7878
136425,11,7878
136426,11,7878
136427,7,5486
136428,7,5486
136429,4,56190
136430,5,4950
136431,4,5240
136432,4,6661
136433,8,3749
136434,12,51811
136435,5,53882
136436,12,54786
136437,5,3338
136438,11,5426
136439,11,5426
136440,11,5426
136441,11,5426
136442,11,5426
136443,11,5426
136444,11,5426
136445,11,5426
136446,11,5426
136447,11,5426
136448,11,5426
136449,11,5426
136450,11,5426
136451,11,5426
136452,11,5426
136453,5,5777
136454,12,7909
136455,12,7909
136456,12,7909
136457,5,6998
136458,5,6998
136459,13,6179
136460,4,4364
136461,5,73714
136462,8,5527
136463,8,5527
136464,8,5527
136465,4,57892
136466,4,4922
136467,4,4915
136468,5,54045
136469,12,7458
136470,4,5294
136471,5,51545
136472,12,51847
136473,12,51847
136474,12,51847
136475,12,51847
136476,12,51847
136477,12,51847
136478,12,51847
136479,12,51847
136480,12,51847
136481,12,51847
136482,12,51847
136483,7,54976
136484,5,6080
136485,8,55345
136486,5,4637
136487,4,51944
136488,14,2439
136489,5,108694
136490,5,3951
136491,8,50828
136492,1,51138
136493,14,5807
136494,10,7068
136495,10,7068
136496,10,7068
136497,10,7068
136498,10,7068
136499,10,7068
136500,10,7068
136501,10,7068
136502,10,7068
136503,10,7068
136504,10,7068
136505,10,7068
136506,10,7068
136507,10,7068
136508,10,7068
136509,10,7068
136510,10,7068
136511,10,7068
136512,10,7068
136513,10,7068
136514,10,7068
136515,10,7068
136516,10,7068
136517,10,7068
136518,4,6845
136519,4,55988
136520,4,108594
136521,5,7854
136522,5,7854
136523,10,5866
136524,10,5866
136525,10,5866
136526,10,5866
136527,10,5866
136528,4,56006
136529,5,55095
136530,5,55355
136531,5,51489
136532,5,52955
136533,1,57428
136534,5,4664
136535,5,51438
136536,5,4809
136537,4,54084
136538,7,54963
136539,7,3695
136540,8,5170
136541,4,4176
136542,4,54259
136543,4,58450
136544,4,4940
136545,4,2960
136546,4,52953
136547,4,4327
136548,1,6184
136549,5,7972
136550,5,7972
136551,5,2355
136552,5,5793
136553,4,4399
136554,5,53384
136555,4,53278
136556,8,6542
136557,7,6377
136558,7,6377
136559,5,51124
136560,5,54166
136561,4,51955
136562,8,6813
136563,4,2993
136564,4,6644
136565,8,6300
136566,5,52962
136567,7,6424
136568,4,52208
136569,12,7904
136570,12,7904
136571,12,7904
136572,5,57383
136573,8,6548
136574,8,55130
136575,5,55228
136576,5,5303
136577,1,7371
136578,4,5247
136579,12,3477
136580,5,6059
136581,4,2956
136582,11,3409
136583,5,3794
136584,5,52917
136585,4,58203
136586,11,7388
136587,11,7388
136588,11,7388
136589,8,50829
136590,7,6261
136591,7,6218
136592,11,55469
136593,11,55469
136594,11,55469
136595,13,5406
136596,8,3735
136597,4,50858
136598,8,6291
136599,4,5918
136600,5,3921
136601,5,3807
136602,4,57521
136603,4,52623
136604,5,2417
136605,12,5605
136606,5,57258
136607,7,3691
136608,4,51878
136609,11,3376
136610,11,3376
136611,11,3376
136612,11,3376
136613,11,3376
136614,11,3376
136615,11,3376
136616,11,3376
136617,11,3376
136618,11,3376
136619,11,3376
136620,11,3376
136621,11,3376
136622,11,3376
136623,11,3376
136624,4,4216
136625,4,51964
136626,7,6451
136627,4,6668
136628,5,59016
136629,5,53876
136630,8,55125
136631,5,59023
136632,10,5844
136633,10,5844
136634,10,5844
136635,10,5844
136636,10,5844
136637,10,5844
136638,10,5844
136639,10,5844
136640,10,5844
136641,10,5844
136642,10,5844
136643,10,5844
136644,10,5844
136645,10,5844
136646,14,6926
136647,7,6400
136648,4,4006
136649,5,50993
136650,5,3949
136651,4,4219
136652,11,3387
136653,8,3743
136654,7,5464
136655,7,5464
136656,4,51401
136657,5,50966
136658,1,4699
136659,4,5711
136660,7,5499
136661,7,5499
136662,7,5499
136663,5,55447
136664,4,51390
136665,4,51687
136666,8,5188
136667,1,71437
136668,4,50664
136669,4,51696
136670,5,53241
136671,5,6146
136672,4,6645
136673,8,6273
136674,5,7861
136675,5,7861
136676,4,7777
136677,4,7777
136678,8,3737
136679,4,58335
136680,5,6030
136681,12,5608
136682,5,6768
136683,13,7866
136684,8,6302
136685,4,5709
136686,5,7046
136687,5,7046
136688,5,7956
136689,5,7956
136690,4,57232
136691,7,6391
136692,5,108695
136693,10,4514
136694,10,4514
136695,12,4771
136696,12,3438
136697,12,3438
136698,12,3438
136699,12,3438
136700,12,3438
136701,12,3438
136702,12,3438
136703,12,3438
136704,12,3438
136705,12,3438
136706,12,3438
136707,12,3438
136708,12,3438
136709,12,3438
136710,12,3438
136711,11,7179
136712,11,7179
136713,11,7179
136714,4,50849
136715,5,3936
136716,4,4901
136717,7,4012
136718,5,52893
136719,7,3716
136720,7,6229
136721,7,6267
136722,4,52214
136723,5,52902
136724,5,6776
136725,8,4143
136726,4,51960
136727,4,55182
136728,4,3914
136729,5,57374
136730,5,57394
136731,7,3684
136732,5,54027
136733,4,3898
136734,4,52011
136735,5,2394
136736,4,56024
136737,4,7933
136738,4,7933
136739,5,55364
136740,5,5723
136741,11,7417
136742,12,7442
136743,12,7442
136744,12,7442
136745,12,7442
136746,12,7442
136747,12,7442
136748,12,7442
136749,12,7442
136750,5,52926
136751,5,55574
136752,5,54023
136753,5,6777
136754,5,6034
136755,4,56758
136756,13,262414
136757,1,5567
136758,5,6106
136759,12,51845
136760,12,51845
136761,12,51845
136762,12,51845
136763,12,51845
136764,12,51845
136765,12,51845
136766,12,51845
136767,12,51845
136768,12,51845
136769,12,51845
136770,5,5360
136771,5,4465
136772,11,3416
136773,5,7851
136774,5,7851
136775,1,262318
136776,1,55592
136777,5,4639
136778,4,4919
136779,4,4336
136780,12,56716
136781,4,50843
136782,5,7976
136783,5,7976
136784,5,53750
136785,8,4114
136786,4,4349
136787,4,58328
136788,4,7526
136789,4,7526
136790,8,6282
136791,4,54068
136792,11,7399
136793,11,7399
136794,4,51727
136795,5,58463
136796,1,4697
136797,4,4185
136798,12,7218
136799,12,7218
136800,12,7218
136801,12,7218
136802,12,7218
136803,12,7218
136804,12,7218
136805,12,7218
136806,12,7218
136807,12,7218
136808,12,7218
136809,12,7218
136810,12,7218
136811,5,4646
136812,8,5517
136813,8,5517
136814,4,108620
136815,10,6954
136816,10,6954
136817,5,6035
136818,5,53897
136819,4,58232
136820,5,53774
136821,4,53472
136822,4,55159
136823,11,7395
136824,5,51485
136825,12,7208
136826,12,7208
136827,12,7208
136828,4,4387
136829,12,56715
136830,12,56715
136831,12,56715
136832,7,6483
136833,5,57178
136834,4,51190
136835,5,7038
136836,5,7038
136837,4,73929
136838,8,5182
136839,4,2969
136840,7,4071
136841,5,59030
136842,4,53727
136843,4,108610
136844,4,3001
136845,8,5509
136846,5,52733
136847,4,53698
136848,4,3004
136849,10,5846
136850,10,5846
136851,10,5846
136852,10,5846
136853,10,5846
136854,10,5846
136855,10,5846
136856,10,5846
136857,10,5846
136858,10,5846
136859,5,51509
136860,4,51987
136861,1,65141
136862,4,7509
136863,4,7509
136864,5,51768
136865,5,51437
136866,7,53162
136867,5,54155
136868,11,54754
136869,4,53470
136870,4,4541
136871,5,2419
136872,4,3994
136873,7,56322
136874,5,4606
136875,12,7452
136876,12,7452
136877,12,7452
136878,5,53190
136879,5,3851
136880,5,57206
136881,10,50610
136882,10,50610
136883,10,50610
136884,10,50610
136885,10,50610
136886,10,50610
136887,10,50610
136888,10,50610
136889,10,50610
136890,10,50610
136891,10,50610
136892,4,58438
136893,5,3339
136894,4,5253
136895,5,6130
136896,4,52101
200653,4,4529
200654,5,4595
200655,4,4530
200656,5,4596
200657,4,4531
200658,5,4597
200659,4,4532
200660,5,4598
200661,4,4533
200662,5,4599
200663,4,4534
200664,5,4600
200665,4,73637
200666,5,4601
200667,4,73638
200668,5,4602
200669,4,73639
200670,5,4603
200671,4,4536
200672,5,4605
200673,4,4537
200674,5,4606
200675,4,4538
200676,5,4607
200677,4,4539
200678,5,4608
200679,4,4540
200680,5,4609
200681,4,4541
200682,5,4610
200683,4,73647
200684,5,4611
200685,4,73648
200686,5,4612
200687,4,73649
200688,5,4613
200689,4,4543
200690,5,4615
200691,4,4544
200692,5,4616
200693,4,4545
200694,5,4617
200695,4,4546
200696,5,4618
200697,4,4547
200698,5,4619
200699,4,4548
200700,5,4620
200701,4,73654
200702,5,4621
200703,4,73655
200704,5,4622
200705,4,73656
200706,5,4623
200707,4,4549
200708,5,4624
200709,4,4550
200710,5,4625
200711,4,4551
200712,5,4626
200713,4,4552
200714,5,4627
200715,4,4553
200716,5,4628
200717,4,4554
200718,5,4629
200719,4,73661
200720,5,4630
200721,4,73662
200722,5,4631
200723,4,73663
200724,5,4632
200725,4,4555
200726,5,4633
200727,4,4556
200728,5,4634
200729,4,4557
200730,5,4635
200731,4,4558
200732,5,4636
200733,4,4559
200734,5,4637
200735,4,4560
200736,5,4638
200737,4,73668
200738,5,4639
200739,4,73669
200740,5,4640
200741,4,73670
200742,5,4641
200743,4,4561
200744,5,4642
200745,4,4562
200746,5,4643
200747,4,4563
200748,5,4644
200749,4,4564
200750,5,4645
200751,4,4565
200752,5,4646
200753,4,4566
200754,5,4647
200755,4,73675
200756,5,4648
200757,4,73676
200758,5,4649
200759,4,73677
200760,5,4650
200761,4,4567
200762,5,4651
200763,4,4568
200764,5,4652
200765,4,4569
200766,5,4653
200767,4,4570
200768,5,4654
200769,4,4571
200770,5,4655
200771,4,4572
200772,5,4656
200773,4,73682
200774,5,4657
200775,4,73683
200776,5,4658
200777,4,73684
200778,5,4659
200779,4,4573
200780,5,4660
200781,4,4574
200782,5,4661
200783,4,4575
200784,5,4662
200785,4,4576
200786,5,4663
200787,4,4577
200788,5,4664
200789,4,4578
200790,5,4665
200791,4,73689
200792,5,4666
200793,4,73690
200794,5,4667
200795,4,73691
200796,5,4668
200797,4,4581
200798,5,4669
200799,4,4579
200800,5,4670
200801,4,4580
200802,5,4671
200803,4,4582
200804,5,4672
200805,4,4583
200806,5,4673
200807,4,4584
200808,5,4674
200809,4,73696
200810,5,4675
200811,4,73697
200812,5,4676
200813,4,73698
200814,5,4684
200815,11,4706
200816,12,4746
200817,11,4707
200818,12,4747
200819,11,4708
200820,12,4748
200821,5,2383
200822,4,2969
200823,5,2384
200824,4,2970
200825,5,2385
200826,4,2971
200827,5,2386
200828,4,2972
200829,5,2387
200830,4,2973
200831,5,2388
200832,4,2974
200833,5,2389
200834,4,2975
200835,5,2390
200836,4,2976
200837,5,2391
200838,4,2977
200839,5,2392
200840,4,2978
200841,5,2393
200842,4,2979
200843,5,2394
200844,4,2980
200845,5,2395
200846,4,2981
200847,5,2396
200848,4,2982
200849,5,2397
200850,4,2983
200851,5,2398
200852,4,2984
200853,5,2399
200854,4,2985
200855,5,2400
200856,4,2986
200857,5,2401
200858,4,2987
200859,5,2402
200860,4,2988
200861,5,2403
200862,4,2989
200863,5,2404
200864,4,2991
200865,5,2405
200866,4,2992
200867,5,2406
200868,4,2993
200869,5,2407
200870,4,2994
200871,5,2408
200872,4,2995
200873,5,2409
200874,4,2996
200875,5,2410
200876,4,2997
200877,5,2411
200878,4,2998
200879,5,2412
200880,4,2999
200881,5,2413
200882,4,3000
200883,5,2414
200884,4,3001
200885,5,2415
200886,4,3002
200887,5,2416
200888,4,3003
200889,5,2417
200890,4,3004
200891,5,2418
200892,4,3005
200893,5,2419
200894,4,3006
200895,5,2420
200896,4,3007
200897,5,2421
200898,4,3008
200899,5,2422
200900,4,3009
200901,5,2423
200902,10,4512
200903,11,4736
200904,12,4776
200905,10,4513
200906,11,4737
200907,12,4777
200908,10,4514
200909,11,4738
200910,12,4778
200911,10,4515
200912,11,4739
200913,12,4779
200914,10,4516
200915,11,4740
200916,12,4780
200917,10,4517
200918,11,4741
200919,12,4781
200920,10,4518
200921,11,4742
200922,12,4782
200923,10,4519
200924,11,4743
200925,12,4783
200926,10,4520
200927,11,4744
200928,12,4784
200929,10,4521
200930,11,4745
200931,12,4785
200932,1,5407
200933,13,5398
200934,1,5408
200935,13,5399
200936,1,5409
200937,13,5400
200938,1,5410
200939,13,5401
200940,1,5411
200941,13,5402
200942,1,5412
200943,13,5403
200944,1,5413
200945,13,5404
200946,1,5414
200947,13,5405
200948,1,5415
200949,13,5406
200950,4,4865
200951,5,4945
200952,4,4866
200953,5,4946
200954,4,4867
200955,5,4947
200956,4,4868
200957,5,4948
200958,4,4869
200959,5,4949
200960,4,4870
200961,5,4950
200962,4,4871
200963,5,4951
200964,4,4872
200965,5,4952
200966,4,4873
200967,5,4953
200968,4,4874
200969,5,4954
200970,4,4875
200971,5,4955
200972,4,4876
200973,5,4956
200974,4,4877
200975,5,4957
200976,4,4878
200977,5,4958
200978,4,4879
200979,5,4959
200980,4,4880
200981,5,4960
200982,4,4881
200983,5,4961
200984,4,4882
200985,5,4962
200986,4,4883
200987,5,4963
200988,4,4884
200989,5,4964
200990,4,4885
200991,5,4965
200992,4,4886
200993,5,5337
200994,4,4887
200995,5,5338
200996,4,4888
200997,5,5339
200998,4,4889
200999,5,5340
201000,4,4890
201001,5,5341
201002,4,4891
201003,5,5342
201004,4,4892
201005,5,5343
201006,4,5357
201007,5,5344
201008,4,4893
201009,5,5345
201010,4,4894
201011,5,5346
201012,4,4895
201013,5,5347
201014,4,4896
201015,5,5348
201016,4,4897
201017,5,5349
201018,4,4898
201019,5,5350
201020,4,4899
201021,5,5351
201022,4,4900
201023,5,5352
201024,4,4901
201025,5,5353
201026,4,4902
201027,5,5354
201028,4,4903
201029,5,5355
201030,4,4904
201031,5,5356
201032,4,4905
201033,5,5361
201034,4,4906
201035,5,5368
201036,4,4907
201037,5,5358
201038,4,4908
201039,5,5359
201040,4,4909
201041,5,5360
201042,4,4910
201043,5,5362
201044,4,4911
201045,5,5363
201046,4,4912
201047,5,5364
201048,4,4913
201049,5,5365
201050,4,4914
201051,5,5366
201052,4,4915
201053,5,5367
201054,4,4916
201055,5,5369
201056,4,4917
201057,5,5370
201058,4,4918
201059,5,5371
201060,4,4919
201061,5,5372
201062,4,4920
201063,5,5373
201064,4,4921
201065,5,5374
201066,4,4922
201067,5,5375
201068,4,4923
201069,5,5376
201070,4,4924
201071,5,5377
201072,4,4925
201073,5,5378
201074,4,4926
201075,5,5379
201076,4,4927
201077,5,5380
201078,4,4928
201079,5,5381
201080,4,4929
201081,5,5382
201082,4,4930
201083,5,5383
201084,4,4931
201085,5,5384
201086,4,4932
201087,5,5385
201088,4,4933
201089,5,5386
201090,4,4934
201091,5,5387
201092,4,4935
201093,5,5388
201094,4,4936
201095,5,5389
201096,4,4937
201097,5,5390
201098,4,4938
201099,5,5391
201100,4,4939
201101,5,5392
201102,4,4940
201103,5,5393
201104,4,4941
201105,5,5394
201106,4,4942
201107,5,5395
201108,4,4943
201109,5,5396
201110,4,4944
201111,5,5397
201112,10,4854
201113,10,4855
201114,10,4856
201115,10,4857
201116,10,4858
201117,10,4859
201118,10,4860
201119,10,4861
201120,8,55148
201121,8,55128
201122,7,54968
201123,8,55131
201124,7,54971
201125,8,55134
201126,7,54974
201127,8,55137
201128,7,54977
201129,8,55140
201130,7,54980
201131,8,55143
201132,7,54983
201133,8,55146
201134,7,54986
201135,8,55149
201136,7,3701
201137,8,3764
201138,7,3710
201139,8,3773
201140,7,3719
201141,8,3782
201142,7,5151
201143,8,3729
201144,7,5160
201145,8,3738
201146,7,3682
201147,8,3747
201148,7,3692
201149,8,3756
201150,7,3702
201151,8,3765
201152,7,3711
201153,8,3774
201154,7,3720
201155,8,3783
201156,7,5152
201157,8,3730
201158,7,5161
201159,8,3739
201160,7,3683
201161,8,3748
201162,7,3693
201163,8,3757
201164,7,3703
201165,8,3766
201166,7,3712
201167,8,3775
201168,7,3721
201169,8,3784
201170,7,5153
201171,8,3731
201172,7,5162
201173,8,3740
201174,7,3684
201175,8,3749
201176,7,3694
201177,8,3758
201178,7,3704
201179,8,3767
201180,7,3713
201181,1,4845
201182,13,4827
201183,14,4836
201184,1,4846
201185,13,4828
201186,14,4837
201187,1,4847
201188,13,4829
201189,14,4838
201190,1,4848
201191,13,4830
201192,14,4839
201193,1,4849
201194,13,4831
201195,14,4840
201196,1,4850
201197,13,4832
201198,14,4841
201199,1,4851
201200,13,4833
201201,14,4842
201202,1,4852
201203,13,4834
201204,14,4843
201205,1,4853
201206,13,4835
201207,14,4844
201208,4,5216
201209,5,5297
201210,4,5217
201211,5,5298
201212,4,5218
201213,5,5299
201214,4,5219
201215,5,5300
201216,4,5220
201217,5,5301
201218,4,5221
201219,5,5302
201220,4,5222
201221,5,5303
201222,4,5223
201223,5,5304
201224,4,5224
201225,5,5305
201226,4,5225
201227,5,5306
201228,4,5226
201229,5,5307
201230,4,5227
201231,5,5308
201232,4,5228
201233,5,5309
201234,4,5229
201235,5,5310
201236,4,5230
201237,5,5311
201238,4,5231
201239,5,5312
201240,4,5232
201241,5,5313
201242,4,5233
201243,5,5314
201244,4,5234
201245,5,5315
201246,4,5235
201247,5,5316
201248,4,5236
201249,5,5317
201250,4,5237
201251,5,5318
201252,4,5238
201253,5,5319
201254,4,5239
201255,5,5320
201256,4,5240
201257,5,5321
201258,4,5241
201259,5,5322
201260,4,5242
201261,5,5323
201262,4,5243
201263,5,5324
201264,4,5244
201265,5,5325
201266,4,5245
201267,5,5326
201268,4,5246
201269,5,5327
201270,4,5247
201271,11,4709
201272,12,4749
201273,11,4710
201274,12,4750
201275,11,4711
201276,12,4751
201277,11,4712
201278,12,4752
201279,11,4713
201280,12,4753
201281,11,4714
201282,12,4754
201283,11,4715
201284,12,4755
201285,11,4706
201286,12,4746
201287,11,4707
201288,12,4747
201289,11,4708
201290,12,4748
201291,11,4709
201292,12,4749
201293,11,4710
201294,12,4750
201295,11,4711
201296,12,4751
201297,11,4712
201298,12,4752
201299,11,4713
201300,12,4753
201301,11,4714
201302,12,4754
201303,11,4715
201304,12,4755
201305,11,4706
201306,12,4746
201307,11,4707
201308,12,4747
201309,11,4708
201310,12,4748
201311,11,4709
201312,12,4749
201313,11,4710
201314,12,4750
201315,11,4711
201316,12,4751
201317,11,4712
201318,12,4752
201319,11,4713
201320,12,4753
201321,11,4714
201322,12,4754
201323,11,4715
201324,12,4755
201325,11,4716
201326,12,4756
201327,11,4717
201328,12,4757
201329,11,4718
201330,12,4758
201331,11,4719
201332,12,4759
201333,11,4720
201334,12,4760
201335,11,4721
201336,12,4761
201337,11,4722
201338,12,4762
201339,11,4723
201340,12,4763
201341,11,4724
201342,12,4764
201343,11,4725
201344,12,4765
201345,11,4716
201346,12,4756
201347,11,4717
201348,12,4757
201349,11,4718
201350,12,4758
201351,11,4719
201352,12,4759
201353,11,4720
201354,12,4760
201355,11,4721
201356,12,4761
201357,11,4722
201358,12,4762
201359,11,4723
201360,12,4763
201361,11,4724
201362,12,4764
201363,11,4725
201364,12,4765
201365,11,4726
201366,12,4766
201367,11,4727
201368,12,4767
201369,11,4728
201370,12,4768
201371,11,4729
201372,12,4769
201373,11,4730
201374,12,4770
201375,11,4731
201376,12,4771
201377,11,4732
201378,12,4772
201379,11,4733
201380,12,4773
201381,11,4734
201382,12,4774
201383,11,4735
201384,12,4775
201385,11,4706
201386,12,4746
201387,11,4707
201388,12,4747
201389,11,4708
201390,12,4748
201391,11,4709
201392,12,4749
201393,11,4710
201394,12,4750
201395,11,4711
201396,12,4751
201397,11,4712
201398,12,4752
201399,11,4713
201400,12,4753
201401,11,4714
201402,12,4754
201403,11,4715
201404,12,4755
201405,10,4512
201406,10,4513
201407,10,4514
201408,10,4515
201409,10,4516
201410,10,4517
201411,10,4518
201412,10,4519
201413,10,4520
201414,10,4521
201415,7,6366
201416,8,6496
201417,7,6376
201418,7,6376
201419,8,6506
201420,8,6506
201421,7,6386
201422,8,6516
201423,7,6396
201424,8,6526
201425,7,6367
201426,8,6497
201427,7,6377
201428,7,6377
201429,8,6507
201430,8,6507
201431,7,6387
201432,8,6517
201433,7,6397
201434,8,6527
201435,7,6368
201436,8,6498
201437,7,6378
201438,7,6378
201439,8,6508
201440,8,6508
201441,7,6388
201442,8,6518
201443,7,6398
201444,8,6528
201445,7,6369
201446,8,6499
201447,7,6379
201448,7,6379
201449,8,6509
201450,8,6509
201451,7,6389
201452,8,6519
201453,7,6399
201454,8,6529
201455,7,6370
201456,8,6500
201457,7,6380
201458,7,6380
201459,8,6510
201460,8,6510
201461,7,6390
201462,8,6520
201463,7,6400
201464,8,6530
201465,7,6371
201466,8,6501
201467,7,6381
201468,7,6381
201469,8,6511
201470,8,6511
201471,7,6391
201472,8,6521
201473,7,6401
201474,8,6531
201475,7,6372
201476,8,6502
201477,7,6382
201478,7,6382
201479,8,6512
201480,8,6512
201481,7,6392
201482,8,6522
201483,7,6402
201484,8,6532
201485,7,6373
201486,8,6503
201487,7,6383
201488,7,6383
201489,8,6513
201490,8,6513
201491,7,6393
201492,8,6523
201493,7,6403
201494,8,6533
201495,7,54012
201496,7,54015
201497,7,54015
201498,7,54018
201499,7,54957
201500,7,54013
201501,7,54016
201502,7,54016
201503,7,54019
201504,7,54958
201505,7,54014
201506,7,54017
201507,7,54017
201508,7,56181
201509,7,54959
201510,8,6545
201511,7,6424
201512,8,6554
201513,7,6433
201514,8,6563
201515,7,6442
201516,8,6572
201517,7,6451
201518,8,5169
201519,7,6460
201520,8,5179
201521,7,6469
201522,8,5188
201523,7,6478
201524,8,5197
201525,12,3436
201526,10,3972
201527,11,3373
201528,8,6546
201529,7,6425
201530,8,6555
201531,7,6434
201532,8,6564
201533,7,6443
201534,8,6573
201535,7,6452
201536,8,5170
201537,7,6461
201538,8,5180
201539,7,6470
201540,8,5189
201541,7,6479
201542,8,5198
201543,8,6547
201544,7,6426
201545,8,6556
201546,7,6435
201547,8,6565
201548,7,6444
201549,8,6574
201550,7,6453
201551,8,5171
201552,7,6462
201553,8,5181
201554,7,6471
201555,8,5190
201556,7,6480
201557,8,5199
201558,8,6547
201559,7,6426
201560,8,6556
201561,7,6435
201562,8,6565
201563,7,6444
201564,8,6574
201565,7,6453
201566,8,5171
201567,7,6462
201568,8,5181
201569,7,6471
201570,8,5190
201571,7,6480
201572,8,5199
201573,8,6548
201574,7,6427
201575,8,6557
201576,7,6436
201577,8,6566
201578,7,6445
201579,8,5166
201580,7,6454
201581,8,5172
201582,7,6463
201583,8,5182
201584,7,6472
201585,8,5191
201586,7,6481
201587,8,5200
201588,1,4506
201589,13,2424
201590,14,2433
201591,1,4507
201592,13,2425
201593,14,2434
201594,1,4501
201595,13,2426
201596,14,2435
201597,1,4502
201598,13,2427
201599,14,2436
201600,1,4503
201601,13,2428
201602,14,2437
201603,1,4504
201604,13,2429
201605,14,2438
201606,1,4505
201607,13,2430
201608,14,2439
201609,1,4508
201610,13,2431
201611,14,2440
201612,1,4509
201613,13,2432
201614,14,2441
201615,1,4510
201616,1,4511
201617,4,2919
201618,5,3010
201619,4,2920
201620,5,3011
201621,4,2921
201622,5,3012
201623,4,2922
201624,5,3013
201625,4,2923
201626,5,3014
201627,4,2924
201628,5,3015
201629,4,2925
201630,5,3016
201631,4,2926
201632,5,3017
201633,4,2939
201634,5,3018
201635,4,2990
201636,5,3019
201637,4,2928
201638,5,3020
201639,4,2929
201640,5,3021
201641,4,2930
201642,5,3022
201643,4,2931
201644,5,3023
201645,4,2932
201646,5,2348
201647,4,2933
201648,5,2349
201649,4,2934
201650,5,2350
201651,4,2935
201652,5,2351
201653,4,2936
201654,5,2352
201655,4,2937
201656,5,2353
201657,4,2938
201658,5,2354
201659,4,2940
201660,5,2355
201661,4,2941
201662,5,2356
201663,4,2942
201664,5,2357
201665,4,2943
201666,5,2358
201667,4,2944
201668,5,2359
201669,4,2945
201670,5,2360
201671,4,2946
201672,5,2361
201673,4,2947
201674,5,2362
201675,4,2948
201676,5,2363
201677,4,2949
201678,5,2364
201679,4,2950
201680,5,2365
201681,4,2951
201682,5,2366
201683,4,2952
201684,5,2367
201685,4,2953
201686,5,2368
201687,4,2954
201688,5,2369
201689,4,2955
201690,5,2370
201691,4,2956
201692,5,2371
201693,4,2957
201694,5,2372
201695,4,2958
201696,5,2373
201697,4,2959
201698,5,2374
201699,4,2960
201700,5,2375
201701,4,2961
201702,5,2376
201703,4,2962
201704,5,2377
201705,4,2963
201706,5,2378
201707,4,2964
201708,5,2379
201709,4,2965
201710,5,2380
201711,4,2966
201712,5,2381
201713,4,2967
201714,5,2382
201715,4,2968
201716,10,5838
201717,10,5839
201718,10,5840
201719,10,5841
201720,10,5842
201721,10,5843
201722,10,5844
201723,10,5845
201724,10,5846
201725,10,5847
201726,10,5848
201727,10,5849
201728,10,5850
201729,10,5851
201730,10,5852
201731,10,5853
201732,10,5854
201733,10,5835
201734,10,5836
201735,10,5837
201736,10,5838
201737,10,5839
201738,10,5840
201739,10,5841
201740,10,5842
201741,10,5843
201742,10,5844
201743,10,5835
201744,10,5836
201745,10,5837
201746,10,5838
201747,10,5839
201748,10,5840
201749,10,5841
201750,10,5842
201751,10,5843
201752,10,5844
201753,10,5835
201754,10,5836
201755,10,5837
201756,10,5838
201757,10,5839
201758,10,5840
201759,10,5841
201760,10,5842
201761,10,5843
201762,10,5844
201763,10,5835
201764,10,5836
201765,10,5837
201766,10,5838
201767,10,5839
201768,10,5840
201769,10,5841
201770,10,5842
201771,10,5843
201772,10,5844
201773,10,5845
201774,10,5846
201775,10,5847
201776,10,5848
201777,10,5849
201778,10,5850
201779,10,5851
201780,10,5852
201781,10,5853
201782,10,5854
201783,10,5845
201784,10,5846
201785,10,5847
201786,10,5848
201787,10,5849
201788,10,5850
201789,10,5851
201790,10,5852
201791,10,5853
201792,10,5854
201793,10,5845
201794,10,5846
201795,10,5847
201796,10,5848
201797,10,5849
201798,10,5850
201799,10,5851
201800,10,5852
201801,10,5853
201802,10,5854
201803,10,5845
201804,10,5846
201805,10,5847
201806,10,5848
201807,10,5849
201808,10,5850
201809,10,5851
201810,10,5852
201811,10,5853
201812,10,5854
201813,10,5845
201814,10,5846
201815,10,5847
201816,10,5848
201817,10,5849
201818,10,5850
201819,10,5851
201820,10,5852
201821,10,5853
201822,10,5854
201823,10,5835
201824,10,5836
201825,10,5837
201826,10,5838
201827,10,5839
201828,10,5840
201829,10,5841
201830,10,5842
201831,10,5843
201832,10,5844
201833,10,5845
201834,10,5846
201835,10,5847
201836,10,5848
201837,10,5849
201838,10,5850
201839,10,5851
201840,10,5852
201841,10,5853
201842,10,5854
201843,10,5845
201844,10,5846
201845,10,5847
201846,10,5848
201847,10,5849
201848,10,5850
201849,10,5851
201850,10,5852
201851,10,5853
201852,10,5854
201853,10,5845
201854,10,5846
201855,10,5847
201856,10,5848
201857,10,5849
201858,10,5850
201859,10,5851
201860,10,5852
201861,10,5853
201862,10,5854
201863,11,5571
201864,12,5601
201865,11,5572
201866,12,5602
201867,11,5573
201868,12,5603
201869,11,5574
201870,12,5604
201871,11,5575
201872,12,5605
201873,11,5576
201874,12,5606
201875,11,5577
201876,12,5607
201877,11,5578
201878,12,5608
201879,11,5579
201880,12,5609
201881,11,5580
201882,12,5610
201883,1,108753
201884,13,108744
201885,1,108754
201886,13,108745
201887,1,108755
201888,13,108746
201889,1,108756
201890,13,108747
201891,1,108757
201892,13,108748
201893,1,108758
201894,13,108749
201895,1,108759
201896,13,108750
201897,1,108760
201898,13,108751
201899,1,108761
201900,13,108752
201901,1,7367
201902,1,7368
201903,1,7369
201904,1,7370
201905,1,7371
201906,4,108582
201907,5,108663
201908,4,108583
201909,5,108664
201910,4,108584
201911,5,108665
201912,4,108585
201913,5,108666
201914,4,108586
201915,5,108667
201916,4,108587
201917,5,108668
201918,4,108588
201919,5,108669
201920,4,108589
201921,5,108670
201922,4,108590
201923,5,108671
201924,4,108591
201925,5,108672
201926,4,108592
201927,5,108673
201928,4,108593
201929,5,108674
201930,4,108594
201931,5,108675
201932,4,108595
201933,5,108676
201934,4,108596
201935,5,108677
201936,4,108597
201937,5,108678
201938,4,108598
201939,5,108679
201940,4,108599
201941,5,108680
201942,4,108600
201943,5,108681
201944,4,108601
201945,5,108682
201946,4,108602
201947,5,108683
201948,4,108603
201949,5,108684
201950,4,108604
201951,5,108685
201952,4,108605
201953,5,108686
201954,4,108606
201955,5,108687
201956,4,108607
201957,5,108688
201958,4,108608
201959,5,108689
201960,4,108609
201961,5,108690
201962,4,108610
201963,5,108691
201964,4,108611
201965,5,108692
201966,4,108612
201967,5,108693
201968,4,108613
201969,5,108694
201970,4,108614
201971,5,108695
201972,4,108615
201973,5,108696
201974,4,108616
201975,5,108697
201976,4,108617
201977,5,108698
201978,4,108618
201979,5,108699
201980,4,108619
201981,5,108700
201982,4,108620
201983,5,108701
201984,4,108621
201985,5,108702
201986,4,108622
201987,5,108703
201988,4,108623
201989,5,108704
201990,4,108624
201991,5,108705
201992,4,108625
201993,5,108706
201994,4,108626
201995,5,108707
201996,4,108627
201997,5,108708
201998,4,108628
201999,5,108709
202000,4,108629
202001,5,108710
202002,4,108630
202003,5,108711
202004,4,108631
202005,5,108712
202006,4,108632
202007,5,108713
202008,4,108633
202009,5,108714
202010,4,108634
202011,5,108715
202012,4,108635
202013,5,108716
202014,4,108636
202015,5,108717
202016,4,108637
202017,5,108718
202018,4,108638
202019,5,108719
202020,4,108639
202021,5,108720
202022,4,108640
202023,5,108721
202024,4,108641
202025,5,108722
202026,4,108642
202027,5,108723
202028,4,108643
202029,5,108724
202030,4,108644
202031,5,108725
202032,4,108645
202033,5,108726
202034,4,108646
202035,5,108727
202036,4,108647
202037,5,108728
202038,4,108648
202039,5,108729
202040,4,108649
202041,5,108730
202042,4,108650
202043,5,108731
202044,4,108651
202045,5,108732
202046,4,108652
202047,5,108733
202048,4,108653
202049,5,108734
202050,4,108654
202051,5,108735
202052,4,108655
202053,5,108736
202054,4,108656
202055,5,108737
202056,4,108657
202057,5,108738
202058,4,108658
202059,5,108739
202060,4,108659
202061,5,108740
202062,4,108660
202063,5,108741
202064,4,108661
202065,5,108742
202066,4,108662
202067,5,108743
202068,10,5825
202069,11,7372
202070,12,7430
202071,10,5826
202072,11,7373
202073,12,7431
202074,10,5827
202075,11,7374
202076,12,7432
202077,10,5828
202078,11,7375
202079,12,7433
202080,10,5829
202081,11,7376
202082,12,7434
202083,10,5830
202084,11,7377
202085,12,7435
202086,10,5831
202087,11,7378
202088,12,7436
202089,10,5832
202090,11,7379
202091,12,7437
202092,11,7372
202093,12,7430
202094,11,7373
202095,12,7431
202096,11,7374
202097,12,7432
202098,11,7375
202099,12,7433
202100,11,7376
202101,12,7434
202102,11,7377
202103,12,7435
202104,11,7378
202105,12,7436
202106,11,7379
202107,12,7437
202108,11,7387
202109,11,7387
202110,11,7387
202111,11,7387
202112,11,7387
202113,11,7387
202114,11,7387
202115,11,7387
202116,12,7438
202117,12,7439
202118,12,7440
202119,12,7441
202120,12,7442
202121,12,7443
202122,12,7444
202123,12,7445
202124,12,7446
202125,12,7447
202126,12,7448
202127,12,7449
202128,12,7450
202129,12,7451
202130,11,7388
202131,12,7452
202132,11,7389
202133,12,7453
202134,11,7390
202135,12,7454
202136,11,7391
202137,12,7455
202138,11,7392
202139,12,7456
202140,11,7393
202141,12,7457
202142,11,7394
202143,12,7458
202144,11,7395
202145,12,7459
202146,11,7396
202147,12,7460
202148,11,7397
202149,12,7461
202150,11,7398
202151,12,7462
202152,11,7399
202153,12,7463
202154,11,7400
202155,12,7464
202156,11,7401
202157,12,7465
202158,11,7402
202159,12,7466
202160,11,7403
202161,12,7467
202162,11,7404
202163,12,7468
202164,11,7405
202165,12,7469
202166,7,2727
202167,8,2777
202168,7,2728
202169,8,2778
202170,7,2729
202171,8,2779
202172,7,2730
202173,8,2780
202174,7,2731
202175,8,2781
202176,7,2732
202177,8,2782
202178,7,2733
202179,8,2783
202180,7,2734
202181,8,2784
202182,7,2735
202183,8,2785
202184,7,2736
202185,8,2877
202186,7,51362
202187,8,51377
202188,7,51363
202189,8,51378
202190,7,51364
202191,8,51379
202192,12,3434
202193,8,6549
202194,7,6428
202195,8,6558
202196,7,6437
202197,8,6567
202198,7,6446
202199,8,5176
202200,7,6455
202201,8,5173
202202,7,6464
202203,8,5183
202204,7,6473
202205,8,5192
202206,7,6482
202207,8,5201
202208,10,3970
202209,11,3371
202210,12,3435
202211,8,6550
202212,7,6429
202213,8,6559
202214,7,6438
202215,8,6568
202216,7,6447
202217,8,5164
202218,7,6456
202219,8,5174
202220,7,6465
202221,8,5184
202222,7,6474
202223,8,5193
202224,7,6483
202225,8,5202
202226,10,3971
202227,11,3372
202228,8,6551
202229,7,6430
202230,8,6560
202231,7,6439
202232,8,6569
202233,7,6448
202234,8,5165
202235,7,6457
202236,8,5175
202237,7,6467
202238,8,5185
202239,7,6475
202240,8,5194
202241,7,6484
202242,8,5203
202243,8,55126
202244,7,54966
202245,8,55129
202246,7,54969
202247,8,55132
202248,7,54972
202249,8,55135
202250,7,54975
202251,8,55138
202252,7,54978
202253,8,55141
202254,7,54981
202255,8,55144
202256,7,54984
202257,8,55147
202258,8,55127
202259,7,54967
202260,8,55130
202261,7,54970
202262,8,55133
202263,7,54973
202264,8,55136
202265,7,54976
202266,8,55139
202267,7,54979
202268,8,55142
202269,7,54982
202270,8,55145
202271,7,54985
202272,1,5814
202273,13,5796
202274,14,5805
202275,1,5815
202276,13,5797
202277,14,5806
202278,1,5816
202279,13,5798
202280,14,5807
202281,1,5817
202282,13,5799
202283,14,5808
202284,1,5818
202285,13,5800
202286,14,5809
202287,1,5819
202288,13,5801
202289,14,5810
202290,1,5820
202291,13,5802
202292,14,5811
202293,1,5821
202294,13,5803
202295,14,5812
202296,1,5822
202297,13,5804
202298,14,5813
202299,1,5823
202300,1,5824
202301,4,5530
202302,5,5714
202303,4,5531
202304,5,5715
202305,4,5532
202306,5,5716
202307,4,5533
202308,5,5717
202309,4,5534
202310,5,5718
202311,4,5535
202312,5,5719
202313,4,5536
202314,5,5720
202315,4,5537
202316,5,5721
202317,4,5538
202318,5,5722
202319,4,5539
202320,5,5723
202321,4,5540
202322,5,5724
202323,4,5645
202324,5,5725
202325,4,5646
202326,5,5726
202327,4,5647
202328,5,5727
202329,4,5648
202330,5,5728
202331,4,5649
202332,5,5729
202333,4,5650
202334,5,5730
202335,4,5651
202336,5,5731
202337,4,5652
202338,5,5732
202339,4,5653
202340,5,5733
202341,4,5654
202342,5,5734
202343,4,5655
202344,5,5735
202345,4,5656
202346,5,5736
202347,4,5657
202348,5,5737
202349,4,5658
202350,5,5738
202351,4,5659
202352,5,5739
202353,4,5660
202354,5,5740
202355,4,5661
202356,5,5741
202357,4,5662
202358,5,5742
202359,4,5663
202360,5,5743
202361,4,5664
202362,5,5744
202363,4,5665
202364,5,5745
202365,4,5666
202366,5,5746
202367,4,5667
202368,5,5747
202369,4,5668
202370,5,5748
202371,4,5669
202372,5,5749
202373,4,5670
202374,5,5750
202375,4,5671
202376,5,5751
202377,4,5672
202378,5,5752
202379,4,5673
202380,5,5753
202381,4,5774
202382,5,5754
202383,4,5674
202384,5,5755
202385,4,5675
202386,5,5756
202387,4,5676
202388,5,5757
202389,4,5677
202390,5,5758
202391,4,5678
202392,5,5759
202393,4,5679
202394,5,5760
202395,4,5680
202396,5,5761
202397,4,5681
202398,5,5762
202399,4,5682
202400,5,5763
202401,4,5683
202402,5,5764
202403,4,5684
202404,5,5765
202405,4,5685
202406,5,5766
202407,4,5686
202408,5,5767
202409,4,5687
202410,5,5768
202411,4,5688
202412,5,5769
202413,4,5689
202414,5,5770
202415,4,5690
202416,5,5771
202417,4,5691
202418,5,5772
202419,4,5692
202420,5,5773
202421,4,5693
202422,5,5785
202423,4,5694
202424,5,5795
202425,4,5695
202426,5,5775
202427,4,5696
202428,5,5776
202429,4,5697
202430,5,5777
202431,4,5698
202432,5,5778
202433,4,5699
202434,5,5779
202435,4,5700
202436,5,5780
202437,4,5701
202438,5,5781
202439,4,5702
202440,5,5782
202441,4,5703
202442,5,5783
202443,4,5704
202444,5,5784
202445,4,5705
202446,5,5786
202447,4,5706
202448,5,5787
202449,4,5707
202450,5,5788
202451,4,5708
202452,5,5789
202453,4,5709
202454,5,5790
202455,4,5710
202456,5,5791
202457,4,5711
202458,5,5792
202459,4,5712
202460,5,5793
202461,4,5713
202462,5,5794
202463,11,7372
202464,12,7430
202465,11,7373
202466,12,7431
202467,11,7374
202468,12,7432
202469,11,7375
202470,12,7433
202471,11,7376
202472,12,7434
202473,11,7377
202474,12,7435
202475,11,7378
202476,12,7436
202477,11,7379
202478,12,7437
202479,11,7398
202480,12,7462
202481,11,7399
202482,12,7463
202483,11,7400
202484,12,7464
202485,11,7401
202486,12,7465
202487,11,7402
202488,12,7466
202489,11,7403
202490,12,7467
202491,11,7404
202492,12,7468
202493,11,7405
202494,12,7469
202495,11,7380
202496,12,7438
202497,11,7381
202498,12,7439
202499,11,7382
202500,12,7440
202501,11,7383
202502,12,7441
202503,11,7384
202504,12,7442
202505,11,7385
202506,12,7443
202507,11,7386
202508,12,7444
202509,11,7387
202510,12,7445
202511,11,7406
202512,12,7470
202513,11,7407
202514,12,7471
202515,11,7408
202516,12,7472
202517,11,7409
202518,12,7473
202519,11,7410
202520,12,7474
202521,11,7411
202522,12,7475
202523,11,7412
202524,12,7476
202525,11,7413
202526,12,7477
202527,11,7414
202528,12,7478
202529,11,7415
202530,12,7479
202531,11,7416
202532,12,7480
202533,11,7417
202534,12,7481
202535,11,7418
202536,12,7482
202537,11,7419
202538,12,7483
202539,11,7420
202540,12,7484
202541,11,7421
202542,12,7485
202543,11,7422
202544,12,7486
202545,11,7423
202546,12,7487
202547,11,7424
202548,12,7488
202549,11,7425
202550,12,7489
202551,11,7426
202552,12,7490
202553,11,7427
202554,12,7491
202555,11,7428
202556,12,7492
202557,11,7429
202558,12,7493
202559,11,7380
202560,12,7438
202561,11,7381
202562,12,7439
202563,11,7382
202564,12,7440
202565,11,7383
202566,12,7441
202567,11,7384
202568,12,7442
202569,11,7385
202570,12,7443
202571,11,7386
202572,12,7444
202573,11,7387
202574,12,7445
202575,10,5825
202576,10,5826
202577,10,5827
202578,10,5828
202579,10,5829
202580,10,5830
202581,10,5831
202582,10,5832
202583,1,4686
202584,13,4695
202585,1,4687
202586,13,4677
202587,1,4688
202588,13,4678
202589,1,4689
202590,13,4679
202591,1,4690
202592,13,4680
202593,1,4691
202594,13,4681
202595,1,4692
202596,13,4682
202597,1,4693
202598,13,4683
202599,1,4694
202600,13,4685
202601,1,4696
202602,1,4697
202603,1,4698
202604,1,4699
202605,1,4700
202606,1,4701
202607,1,4702
202608,1,4703
202609,1,4704
202610,1,4705
202611,4,4522
202612,5,4585
202613,4,4523
202614,5,4586
202615,4,4524
202616,5,4587
202617,4,4525
202618,5,4588
202619,4,4526
202620,5,4589
202621,4,4527
202622,5,4590
202623,4,73627
202624,5,4591
202625,4,73628
202626,5,4592
202627,4,73629
202628,5,4593
202629,5,57480
202630,5,57480
202631,4,57243
202632,4,57243
202633,5,57481
202634,5,57481
202635,4,57244
202636,5,57482
202637,4,57248
202638,4,57248
202639,5,57486
202640,5,57486
202641,4,57249
202642,4,57249
202643,5,57487
202644,5,57487
202645,4,57250
202646,5,57488
202647,4,57236
202648,4,57236
202649,5,57474
202650,5,57474
202651,4,57237
202652,4,57237
202653,5,57475
202654,5,57475
202655,4,57238
202656,5,57476
202657,4,57242
202658,4,57242
202659,7,3499
202660,8,4073
202661,7,3508
202662,8,4083
202663,7,3518
202664,8,4093
202665,7,4013
202666,8,4103
202667,7,4023
202668,8,4113
202669,7,4033
202670,8,4124
202671,7,4043
202672,8,4134
202673,7,4053
202674,8,4144
202675,7,4063
202676,8,4154
202677,7,3500
202678,8,4074
202679,7,3509
202680,8,4084
202681,7,3519
202682,8,4094
202683,7,4014
202684,8,4111
202685,7,4024
202686,8,4114
202687,7,4034
202688,8,4125
202689,7,4044
202690,8,4135
202691,7,4054
202692,8,4145
202693,7,4064
202694,8,4155
202695,7,3501
202696,8,4075
202697,7,3510
202698,8,4085
202699,7,3520
202700,8,4095
202701,7,4015
202702,8,4116
202703,7,4025
202704,8,4115
202705,7,4035
202706,8,4126
202707,7,4045
202708,8,4136
202709,7,4055
202710,8,4146
202711,7,4065
202712,8,4156
202713,7,3502
202714,8,4076
202715,7,3511
202716,8,4086
202717,7,3521
202718,8,4096
202719,7,4016
202720,8,4105
202721,7,4026
202722,8,4117
202723,7,4036
202724,8,4127
202725,7,4046
202726,8,4137
202727,7,4056
202728,8,4147
202729,7,4066
202730,8,4157
202731,7,3503
202732,8,4077
202733,7,3512
202734,8,4087
202735,7,3522
202736,8,4097
202737,7,4017
202738,8,4106
202739,7,4027
202740,8,4118
202741,7,4037
202742,8,4128
202743,7,4047
202744,8,4138
202745,7,4057
202746,8,4148
202747,7,4067
202748,8,4158
202749,7,3504
202750,8,4078
202751,7,3513
202752,8,4088
202753,7,3523
202754,8,4098
202755,7,4018
202756,8,4107
202757,7,4028
202758,8,4119
202759,7,4038
202760,8,4129
202761,7,4048
202762,8,4139
202763,7,4058
202764,8,4149
202765,7,4068
202766,8,4159
202767,7,4104
202768,8,4079
202769,7,3514
202770,8,4089
202771,7,3524
202772,8,4099
202773,7,4019
202774,8,4108
202775,7,4029
202776,8,4120
202777,7,4039
202778,8,4130
202779,7,4049
202780,8,4140
202781,7,4059
202782,8,4150
202783,7,4069
202784,8,4160
202785,7,3505
202786,8,4080
202787,7,3515
202788,8,4090
202789,7,3525
202790,8,4100
202791,7,4020
202792,8,4109
202793,7,4030
202794,8,4121
202795,7,4040
202796,8,4131
202797,7,4050
202798,8,4141
202799,7,4060
202800,10,7072
202801,11,7891
202802,12,7911
202803,10,7073
202804,11,7892
202805,12,7912
202806,10,7074
202807,11,7893
202808,12,7913
202809,10,7065
202810,11,7884
202811,12,7904
202812,10,7066
202813,11,7885
202814,12,7905
202815,10,7067
202816,11,7886
202817,12,7906
202818,10,7068
202819,11,7887
202820,12,7907
202821,10,7069
202822,11,7888
202823,12,7908
202824,10,7070
202825,11,7889
202826,12,7909
202827,10,7071
202828,11,7890
202829,12,7910
202830,10,7072
202831,11,7891
202832,12,7911
202833,10,7073
202834,11,7892
202835,12,7912
202836,10,7074
202837,11,7893
202838,12,7913
202839,11,7874
202840,12,7894
202841,10,7075
202842,11,7875
202843,12,7895
202844,10,7076
202845,11,7876
202846,12,7896
202847,10,7077
202848,11,7877
202849,12,7897
202850,10,7078
202851,11,7878
202852,12,7898
202853,10,7079
202854,11,7879
202855,8,4151
202856,12,7899
202857,10,7080
202858,11,7880
202859,12,7900
202860,10,7081
202861,11,7881
202862,12,7901
202863,10,7082
202864,11,7882
202865,12,7902
202866,10,7083
202867,11,7883
202868,12,7903
202869,10,7084
202870,10,7065
202871,10,7066
202872,10,7067
202873,10,7068
202874,10,7069
202875,10,7070
202876,10,7071
202877,10,7072
202878,10,7073
202879,10,7074
202880,10,7065
202881,11,7874
202882,12,7894
202883,10,7066
202884,11,7875
202885,12,7895
202886,10,7067
202887,11,7876
202888,12,7896
202889,10,7068
202890,11,7877
202891,12,7897
202892,10,7069
202893,11,7878
202894,12,7898
202895,10,7070
202896,11,7879
202897,12,7899
202898,10,7071
202899,11,7880
202900,12,7900
202901,10,7072
202902,11,7881
202903,12,7901
202904,10,7073
202905,11,7882
202906,12,7902
202907,10,7074
202908,11,7883
202909,12,7903
202910,19,7494
202911,20,7501
202912,7,7495
202913,8,7502
202914,7,7495
202915,8,7502
202916,7,7495
202917,8,7502
202918,7,7496
202919,8,7503
202920,7,7496
202921,8,7503
202922,7,7496
202923,8,7503
202924,19,7497
202925,20,7504
202926,19,7497
202927,20,7504
202928,19,7498
202929,20,7505
202930,19,7498
202931,20,7505
202932,19,7499
202933,19,7499
202934,7,7500
202935,8,7506
202936,7,7500
202937,8,7506
202938,7,7500
202939,8,7506
202940,1,7059
202941,13,7047
202942,14,7053
202943,1,7060
202944,13,7048
202945,14,7054
202946,1,7061
202947,13,7049
202948,14,7055
202949,1,7062
202950,13,7050
202951,14,7056
202952,1,7063
202953,13,7051
202954,14,7057
202955,1,7064
202956,13,7052
202957,14,7058
202958,4,7507
202959,5,7567
202960,4,7508
202961,5,7568
202962,4,7509
202963,5,7569
202964,4,7510
202965,5,7570
202966,4,7511
202967,5,7571
202968,4,7512
202969,5,7572
202970,4,7513
202971,5,7573
202972,4,7514
202973,5,6994
202974,4,7515
202975,5,6995
202976,4,7516
202977,5,6996
202978,4,7517
202979,5,6997
202980,4,7518
202981,5,6998
202982,4,7519
202983,5,6999
202984,4,7520
202985,5,7000
202986,4,7521
202987,5,7001
202988,4,7522
202989,5,7002
202990,4,7523
202991,5,7003
202992,4,7524
202993,5,7004
202994,4,7525
202995,5,7005
202996,4,7526
202997,5,7006
202998,4,7527
202999,5,7007
203000,4,7528
203001,5,7008
203002,4,7529
203003,5,7009
203004,4,7530
203005,5,7010
203006,4,7531
203007,5,7011
203008,4,7532
203009,5,7012
203010,4,7533
203011,5,7013
203012,4,7534
203013,5,7014
203014,4,7535
203015,5,7015
203016,4,7536
203017,5,7016
203018,4,7537
203019,5,7017
203020,4,7538
203021,5,7018
203022,4,7539
203023,5,7019
203024,4,7540
203025,5,7020
203026,4,7541
203027,5,7021
203028,4,7542
203029,5,7022
203030,4,7543
203031,5,7023
203032,4,7544
203033,5,7024
203034,4,7545
203035,5,7025
203036,4,7546
203037,5,7026
203038,4,7547
203039,5,7027
203040,4,7548
203041,5,7028
203042,4,7549
203043,5,7029
203044,4,7550
203045,5,7030
203046,4,7551
203047,5,7031
203048,4,7552
203049,5,7032
203050,4,7553
203051,5,7033
203052,4,7554
203053,5,7034
203054,4,7555
203055,5,7035
203056,4,7556
203057,5,7036
203058,4,7557
203059,5,7037
203060,4,7558
203061,5,7038
203062,4,7559
203063,5,7039
203064,4,7560
203065,5,7040
203066,4,7561
203067,5,7041
203068,4,7562
203069,5,7042
203070,4,7563
203071,5,7043
203072,4,7564
203073,5,7044
203074,4,7565
203075,5,7045
203076,4,7566
203077,5,7046
203078,10,7075
203079,10,7076
203080,10,7077
203081,10,7078
203082,10,7079
203083,10,7080
203084,10,7081
203085,10,7082
203086,10,7083
203087,10,7084
203088,10,7075
203089,10,7076
203090,10,7077
203091,10,7078
203092,10,7079
203093,10,7080
203094,10,7081
203095,10,7082
203096,10,7083
203097,10,7084
203098,10,7065
203099,10,7066
203100,10,7067
203101,10,7068
203102,10,7069
203103,10,7070
203104,10,7071
203105,10,7072
203106,10,7073
203107,10,7074
203108,10,7065
203109,10,7066
203110,10,7067
203111,10,7068
203112,10,7069
203113,10,7070
203114,10,7071
203115,10,7072
203116,10,7073
203117,10,7074
203118,10,7065
203119,10,7066
203120,10,7067
203121,10,7068
203122,10,7069
203123,5,3344
203124,4,4001
203125,5,3345
203126,4,4002
203127,5,3346
203128,4,4003
203129,5,3347
203130,4,4004
203131,5,3348
203132,4,4005
203133,5,3349
203134,4,4006
203135,5,3350
203136,4,4007
203137,5,3351
203138,4,4008
203139,5,3352
203140,4,4009
203141,5,3353
203142,4,4010
203143,5,3354
203144,4,4011
203145,5,3355
203146,10,3968
203147,11,3378
203148,12,3442
203149,10,3969
203150,11,3379
203151,12,3443
203152,10,3970
203153,11,3380
203154,12,3444
203155,10,3971
203156,11,3381
203157,12,3445
203158,10,3972
203159,11,3382
203160,12,3446
203161,10,3973
203162,11,3383
203163,12,3447
203164,10,3974
203165,11,3384
203166,12,3448
203167,10,3975
203168,11,3385
203169,12,3449
203170,10,3976
203171,11,3386
203172,12,3450
203173,11,3387
203174,12,3451
203175,11,3388
203176,12,3452
203177,11,3389
203178,12,3453
203179,11,3390
203180,12,3454
203181,11,3391
203182,12,3455
203183,11,3392
203184,12,3456
203185,11,3393
203186,12,3457
203187,11,3394
203188,12,3458
203189,11,3395
203190,12,3459
203191,11,3396
203192,12,3460
203193,11,3397
203194,12,3461
203195,11,3398
203196,12,3462
203197,11,3399
203198,12,3463
203199,11,3414
203200,12,3464
203201,11,3422
203202,12,3465
203203,11,3401
203204,12,3466
203205,11,3402
203206,12,3467
203207,11,3403
203208,12,3468
203209,11,3404
203210,12,3469
203211,11,3405
203212,12,3470
203213,11,3406
203214,12,3471
203215,11,3407
203216,12,3472
203217,11,3408
203218,12,3473
203219,11,3409
203220,12,3474
203221,11,3410
203222,12,3475
203223,11,3411
203224,12,3476
203225,11,3412
203226,12,3477
203227,11,3413
203228,12,3478
203229,11,3415
203230,12,3479
203231,11,3416
203232,12,3480
203233,11,3417
203234,12,3481
203235,11,3418
203236,12,3482
203237,11,3419
203238,12,3483
203239,11,3420
203240,12,3484
203241,11,3421
203242,12,3485
203243,11,7182
203244,12,7212
203245,11,7183
203246,12,7213
203247,11,7184
203248,12,7214
203249,1,6938
203250,13,6908
203251,14,6923
203252,1,6939
203253,13,6909
203254,14,6924
203255,1,6940
203256,13,6910
203257,14,6925
203258,1,6941
203259,13,6911
203260,14,6926
203261,1,6942
203262,13,6912
203263,14,6927
203264,1,6943
203265,13,6913
203266,14,6928
203267,1,6944
203268,1,6945
203269,1,6946
203270,1,6947
203271,1,6948
203272,1,6949
203273,1,6950
203274,1,6951
203275,1,6952
203276,4,6818
203277,5,6863
203278,4,6819
203279,5,6864
203280,4,6820
203281,5,6865
203282,4,6821
203283,5,6869
203284,4,6822
203285,5,6877
203286,4,6823
203287,5,6866
203288,4,6833
203289,5,6878
203290,4,6834
203291,5,6879
203292,4,6835
203293,5,6880
203294,4,6836
203295,5,6881
203296,4,6837
203297,5,6882
203298,4,6838
203299,5,6883
203300,4,6839
203301,5,6884
203302,4,6840
203303,5,6885
203304,4,6841
203305,5,6886
203306,4,6842
203307,5,6887
203308,4,6843
203309,5,6888
203310,4,6844
203311,5,6889
203312,4,6845
203313,5,6890
203314,4,6846
203315,5,6891
203316,4,6847
203317,5,6892
203318,4,6848
203319,5,6893
203320,4,6849
203321,5,6894
203322,4,6850
203323,5,6895
203324,4,6851
203325,5,6896
203326,4,6852
203327,5,6897
203328,4,6853
203329,5,6898
203330,4,6854
203331,5,6899
203332,4,6855
203333,5,6900
203334,4,6856
203335,5,6901
203336,4,6857
203337,5,6902
203338,4,6858
203339,5,6903
203340,4,6859
203341,5,6904
203342,4,6860
203343,5,6905
203344,4,6861
203345,5,6906
203346,4,6862
203347,5,6907
203348,12,7215
203349,12,7216
203350,12,7217
203351,12,7218
203352,12,7219
203353,12,7220
203354,12,7221
203355,12,7222
203356,12,7223
203357,12,7224
203358,12,55479
203359,12,55480
203360,12,55481
203361,11,7165
203362,12,7195
203363,11,7166
203364,12,7196
203365,11,7167
203366,12,7197
203367,11,7168
203368,12,7198
203369,11,7169
203370,12,7199
203371,11,7170
203372,12,7200
203373,11,7171
203374,12,7201
203375,11,7172
203376,12,7202
203377,11,7173
203378,12,7203
203379,11,7174
203380,12,7204
203381,11,7165
203382,12,7195
203383,11,7166
203384,12,7196
203385,11,7167
203386,12,7197
203387,11,7168
203388,12,7198
203389,11,7169
203390,12,7199
203391,11,7170
203392,12,7200
203393,11,7171
203394,12,7201
203395,11,7172
203396,12,7202
203397,11,7173
203398,12,7203
203399,11,7174
203400,12,7204
203401,12,7215
203402,12,7216
203403,12,7217
203404,12,7218
203405,12,7219
203406,12,7220
203407,12,7221
203408,12,7222
203409,12,7223
203410,12,7224
203411,12,55479
203412,12,55480
203413,12,55481
203414,12,7215
203415,12,7216
203416,12,7217
203417,12,7218
203418,12,7219
203419,12,7220
203420,12,7221
203421,12,7222
203422,12,7223
203423,12,7224
203424,12,55479
203425,12,55480
203426,12,55481
203427,10,6953
203428,10,6954
203429,10,6955
203430,10,6956
203431,10,6957
203432,10,6958
203433,10,6959
203434,10,6960
203435,10,6961
203436,10,6962
203437,11,3423
203438,12,3486
203439,11,3424
203440,12,3487
203441,11,3425
203442,12,3488
203443,11,3426
203444,12,3489
203445,11,3427
203446,12,3490
203447,11,3428
203448,12,3491
203449,11,3429
203450,12,3492
203451,11,3430
203452,12,3493
203453,11,3431
203454,12,3494
203455,11,3432
203456,12,3495
203457,8,56350
203458,7,56321
203459,8,56336
203460,7,54035
203461,8,56339
203462,7,56324
203463,8,56342
203464,7,56327
203465,8,56345
203466,7,56330
203467,8,56348
203468,7,56333
203469,8,56351
203470,1,3962
203471,13,3952
203472,14,3957
203473,1,3963
203474,13,3953
203475,14,3958
203476,1,3964
203477,13,3954
203478,14,3959
203479,1,3965
203480,13,3955
203481,14,3960
203482,1,3966
203483,13,3956
203484,14,3961
203485,1,3967
203486,4,3788
203487,5,3917
203488,4,3789
203489,5,3918
203490,4,3790
203491,5,3919
203492,4,3791
203493,5,3920
203494,4,3795
203495,5,3921
203496,4,3982
203497,5,3922
203498,4,3888
203499,5,3923
203500,4,3889
203501,5,3924
203502,4,3890
203503,5,3925
203504,4,3891
203505,5,3926
203506,4,3892
203507,5,3927
203508,4,3893
203509,5,3928
203510,4,3894
203511,5,3929
203512,4,3895
203513,5,3930
203514,4,3896
203515,5,3931
203516,4,3897
203517,5,3932
203518,4,3898
203519,5,3933
203520,4,3899
203521,5,3934
203522,4,3900
203523,5,3935
203524,4,3901
203525,5,3936
203526,4,3902
203527,5,3937
203528,4,3903
203529,5,3938
203530,4,3904
203531,5,3939
203532,4,3905
203533,5,3940
203534,4,3906
203535,5,3941
203536,4,3907
203537,5,3942
203538,4,3908
203539,5,3943
203540,4,3909
203541,5,3944
203542,4,3910
203543,5,3945
203544,4,3911
203545,5,3946
203546,4,3912
203547,5,3947
203548,4,3913
203549,5,3948
203550,4,3914
203551,5,3949
203552,4,3915
203553,5,3950
203554,4,3916
203555,5,3951
203556,1,7150
203557,13,7135
203558,1,7151
203559,13,7136
203560,1,7152
203561,13,7137
203562,1,7153
203563,13,7138
203564,1,7154
203565,13,7139
203566,1,7155
203567,13,7140
203568,1,7156
203569,1,7157
203570,1,7158
203571,1,7159
203572,1,7160
203573,1,7161
203574,1,7162
203575,1,7163
203576,1,7164
203577,4,6967
203578,5,7096
203579,4,6972
203580,5,7097
203581,4,6963
203582,5,7098
203583,4,6964
203584,5,7099
203585,4,6965
203586,5,7100
203587,4,6966
203588,5,7101
203589,4,6978
203590,5,7111
203591,4,6979
203592,5,7112
203593,4,6980
203594,5,7113
203595,4,6981
203596,5,7114
203597,4,6982
203598,5,7115
203599,4,6983
203600,5,7116
203601,4,6984
203602,5,7117
203603,4,6985
203604,5,7118
203605,4,6986
203606,5,7119
203607,4,6987
203608,5,7120
203609,4,6988
203610,5,7121
203611,4,6989
203612,5,7122
203613,4,6990
203614,5,7123
203615,4,6991
203616,5,7124
203617,4,6992
203618,5,7125
203619,4,6993
203620,5,7126
203621,4,7088
203622,5,7127
203623,4,7089
203624,5,7128
203625,4,7090
203626,5,7129
203627,4,7091
203628,5,7130
203629,4,7092
203630,5,7131
203631,4,7093
203632,5,7132
203633,4,7094
203634,5,7133
203635,4,7095
203636,5,7134
203637,10,6953
203638,11,7165
203639,12,7195
203640,10,6954
203641,11,7166
203642,12,7196
203643,10,6955
203644,11,7167
203645,12,7197
203646,10,6956
203647,11,7168
203648,12,7198
203649,10,6957
203650,11,7169
203651,12,7199
203652,10,6958
203653,11,7170
203654,12,7200
203655,10,6959
203656,11,7171
203657,12,7201
203658,10,6960
203659,11,7172
203660,12,7202
203661,10,6961
203662,11,7173
203663,12,7203
203664,10,6962
203665,11,7174
203666,12,7204
203667,12,7215
203668,12,7216
203669,12,7217
203670,12,7218
203671,12,7219
203672,12,7220
203673,12,7221
203674,12,7222
203675,12,7223
203676,12,7224
203677,12,55479
203678,12,55480
203679,12,55481
203680,11,7175
203681,12,7205
203682,11,7176
203683,12,7206
203684,11,7177
203685,12,7207
203686,11,7178
203687,12,7208
203688,11,7179
203689,12,7209
203690,11,7180
203691,12,7210
203692,11,7181
203693,12,7211
203694,11,7182
203695,12,7212
203696,11,7183
203697,12,7213
203698,11,7184
203699,12,7214
203700,12,7215
203701,12,7216
203702,12,7217
203703,12,7218
203704,12,7219
203705,12,7220
203706,12,7221
203707,12,7222
203708,12,7223
203709,12,7224
203710,12,55479
203711,12,55480
203712,12,55481
203713,11,7175
203714,12,7205
203715,11,7176
203716,12,7206
203717,11,7177
203718,12,7207
203719,11,7178
203720,12,7208
203721,11,7179
203722,12,7209
203723,11,7180
203724,12,7210
203725,11,7181
203726,12,7211
203727,10,7070
203728,10,7071
203729,10,7072
203730,10,7073
203731,10,7074
203732,10,7065
203733,10,7066
203734,10,7067
203735,10,7068
203736,10,7069
203737,10,7070
203738,10,7071
203739,10,7072
203740,10,7073
203741,10,7074
203742,10,7075
203743,10,7076
203744,10,7077
203745,10,7078
203746,10,7079
203747,10,7080
203748,10,7081
203749,10,7082
203750,10,7083
203751,10,7084
203752,10,7075
203753,10,7076
203754,10,7077
203755,10,7078
203756,10,7079
203757,10,7080
203758,10,7081
203759,10,7082
203760,10,7083
203761,10,7084
203762,10,7075
203763,10,7076
203764,10,7077
203765,10,7078
203766,10,7079
203767,10,7080
203768,10,7081
203769,10,7082
203770,10,7083
203771,10,7084
203772,10,7065
203773,10,7066
203774,10,7067
203775,10,7068
203776,10,7069
203777,10,7070
203778,10,7071
203779,10,7072
203780,10,7073
203781,10,7074
203782,11,7874
203783,12,7894
203784,11,7875
203785,12,7895
203786,11,7876
203787,12,7896
203788,11,7877
203789,12,7897
203790,11,7878
203791,12,7898
203792,11,7879
203793,12,7899
203794,11,7880
203795,12,7900
203796,11,7881
203797,12,7901
203798,11,7882
203799,12,7902
203800,11,7883
203801,12,7903
203802,19,7494
203803,20,7501
203804,7,7495
203805,8,7502
203806,7,7496
203807,8,7503
203808,19,7497
203809,20,7504
203810,19,7498
203811,20,7505
203812,19,7499
203813,7,7500
203814,8,7506
203815,8,3776
203816,7,3722
203817,8,3785
203818,7,5154
203819,8,3732
203820,7,5163
203821,8,3741
203822,7,3685
203823,8,3750
203824,7,3695
203825,8,3759
203826,7,3705
203827,8,3768
203828,7,3714
203829,8,3777
203830,7,3723
203831,8,3786
203832,7,5155
203833,8,3733
203834,7,3690
203835,8,3742
203836,7,3686
203837,8,3751
203838,7,3696
203839,8,3760
203840,7,3706
203841,8,3769
203842,7,3715
203843,8,3778
203844,7,3724
203845,8,3787
203846,7,51815
203847,8,50815
203848,7,51818
203849,8,50818
203850,7,51821
203851,8,50821
203852,7,51824
203853,8,50824
203854,7,51827
203855,8,50827
203856,7,50809
203857,8,50830
203858,7,50812
203859,8,50833
203860,4,1133545
203861,5,6762
203862,4,1133560
203863,5,6763
203864,4,1133561
203865,5,6764
203866,4,1133562
203867,5,6765
203868,4,1133563
203869,5,6766
203870,4,1133564
203871,5,6767
203872,4,1133565
203873,5,6768
203874,4,1133566
203875,5,6769
203876,4,1133567
203877,5,6770
203878,4,1133568
203879,5,6771
203880,4,1133569
203881,5,6772
203882,4,1133570
203883,5,6773
203884,4,1133571
203885,5,6774
203886,4,1133572
203887,5,6775
203888,4,1133573
203889,5,6776
203890,4,1133574
203891,5,6777
203892,4,1133575
203893,5,6778
203894,4,1133576
203895,5,6779
203896,4,1133577
203897,5,6780
203898,4,1133578
203899,5,6781
203900,4,1133579
203901,5,6782
203902,4,1133580
203903,5,6783
203904,4,1133581
203905,5,6784
203906,4,1133582
203907,5,6785
203908,4,1133583
203909,5,6786
203910,4,1133584
203911,5,6787
203912,4,1133585
203913,5,6788
203914,4,1133586
203915,5,6789
203916,4,1133587
203917,5,6790
203918,4,1133588
203919,5,6791
203920,4,1133589
203921,5,6792
203922,4,1133590
203923,5,6793
203924,4,1133591
203925,5,6794
203926,4,1133592
203927,5,6795
203928,4,1133593
203929,5,6796
203930,4,1133594
203931,5,6797
203932,4,1133595
203933,5,6798
203934,4,1133596
203935,5,6799
203936,4,1133597
203937,5,6800
203938,4,1133598
203939,5,6801
203940,4,1133599
203941,5,6802
203942,4,1133600
203943,5,6107
203944,4,1133601
203945,5,6108
203946,4,1133602
203947,5,6109
203948,4,1133603
203949,5,6110
203950,4,1133604
203951,5,6111
203952,4,1133605
203953,5,6112
203954,4,1133606
203955,5,6113
203956,4,1133607
203957,5,6114
203958,4,1133608
203959,5,6115
203960,4,1133609
203961,5,6116
203962,4,1133610
203963,5,6117
203964,4,1133611
203965,5,6118
203966,4,1133612
203967,5,6119
203968,4,1133613
203969,5,6120
203970,4,1133614
203971,5,6121
203972,4,1133615
203973,5,6122
203974,4,1133616
203975,5,6123
203976,4,1133617
203977,5,6124
203978,4,1133618
203979,5,6125
203980,4,1133619
203981,5,6126
203982,4,1133620
203983,5,6127
203984,4,1133621
203985,5,6128
203986,4,1133622
203987,5,6129
203988,4,1133623
203989,5,6130
203990,4,1133624
203991,5,6131
203992,4,1133625
203993,5,6132
203994,4,1133626
203995,5,6133
203996,4,1133627
203997,5,6134
203998,4,1133628
203999,5,6135
204000,4,1133629
204001,5,6136
204002,4,1133630
204003,5,6137
204004,4,1133631
204005,5,6138
204006,4,1133632
204007,5,6139
204008,4,1133633
204009,5,6140
204010,4,1133634
204011,5,6141
204012,4,1133635
204013,5,6142
204014,4,1133636
204015,5,6143
204016,4,1133637
204017,5,6144
204018,4,1133638
204019,5,6145
204020,4,1133639
204021,5,6146
204022,4,1133640
204023,5,6147
204024,4,1133641
204025,5,6148
204026,4,1133646
204027,5,6149
204028,4,1133647
204029,5,6150
204030,4,1133648
204031,5,6151
204032,4,1133649
204033,5,6152
204034,4,1133650
204035,5,6153
204036,4,1133651
204037,5,6154
204038,4,1133652
204039,5,6155
204040,4,1133653
204041,5,6156
204042,4,1133654
204043,5,6157
204044,4,1133655
204045,5,6158
204046,4,1133656
204047,5,6159
204048,4,1133657
204049,5,6160
204050,7,51816
204051,8,50816
204052,7,51819
204053,8,50819
204054,7,51822
204055,8,50822
204056,7,51825
204057,8,50825
204058,11,6206
204059,11,6207
204060,11,6208
204061,7,51828
204062,8,50828
204063,7,50810
204064,8,50831
204065,7,50813
204066,8,50834
204067,7,51817
204068,8,50817
204069,7,51820
204070,8,50820
204071,7,51823
204072,8,50823
204073,7,51826
204074,8,50826
204075,7,50808
204076,8,50829
204077,7,50811
204078,8,50832
204079,7,50814
204080,8,50835
204081,7,6209
204082,8,6269
204083,7,6219
204084,8,6279
204085,7,6229
204086,8,6289
204087,7,6239
204088,8,6299
204089,4,7932
204090,4,7932
204091,5,7956
204092,5,7956
204093,4,7933
204094,4,7933
204095,5,7957
204096,5,7957
204097,4,7934
204098,4,7934
204099,5,7958
204100,5,7958
204101,4,7938
204102,4,7938
204103,5,7962
204104,5,7962
204105,4,7939
204106,4,7939
204107,5,7963
204108,5,7963
204109,4,7940
204110,4,7940
204111,5,7964
204112,5,7964
204113,4,7944
204114,4,7944
204115,5,7968
204116,5,7968
204117,4,7945
204118,4,7945
204119,5,7969
204120,5,7969
204121,4,7946
204122,4,7946
204123,5,7970
204124,5,7970
204125,4,7950
204126,4,7950
204127,5,7974
204128,5,7974
204129,4,7951
204130,4,7951
204131,5,7975
204132,5,7975
204133,4,7952
204134,4,7952
204135,5,7976
204136,5,7976
204137,11,6206
204138,11,6207
204139,11,6208
204140,1,3361
204141,13,3356
204142,1,3362
204143,13,3357
204144,1,3363
204145,13,3358
204146,1,3364
204147,13,3359
204148,1,3365
204149,13,3360
204150,1,3366
204151,1,3367
204152,4,3977
204153,5,3321
204154,4,3978
204155,5,3322
204156,4,3979
204157,5,3323
204158,4,3980
204159,5,3324
204160,4,3981
204161,5,3325
204162,4,3983
204163,5,3326
204164,4,3984
204165,5,3327
204166,4,3985
204167,5,3328
204168,4,3400
204169,5,3329
204170,4,3986
204171,5,3330
204172,4,3987
204173,5,3331
204174,4,3988
204175,5,3332
204176,4,3989
204177,5,3333
204178,4,3990
204179,5,3334
204180,4,3991
204181,5,3335
204182,4,3992
204183,5,3336
204184,4,3993
204185,5,3337
204186,4,3994
204187,5,3338
204188,4,3995
204189,5,3339
204190,4,3996
204191,5,3340
204192,4,3997
204193,5,3341
204194,4,3998
204195,5,3342
204196,4,3999
204197,5,3343
204198,4,4000
204199,5,5328
204200,4,5248
204201,5,5329
204202,4,5249
204203,5,5330
204204,4,5250
204205,5,5331
204206,4,5251
204207,5,5332
204208,4,5252
204209,5,5333
204210,4,5253
204211,5,5334
204212,4,5254
204213,5,5335
204214,4,5255
204215,5,5336
204216,4,5256
204217,5,4786
204218,4,5257
204219,5,4787
204220,4,5258
204221,5,4788
204222,4,5259
204223,5,4789
204224,4,5260
204225,5,4790
204226,4,5261
204227,5,4791
204228,4,5262
204229,5,4792
204230,4,5266
204231,5,4793
204232,4,5275
204233,5,4794
204234,4,5263
204235,5,4795
204236,4,5264
204237,5,4796
204238,4,5265
204239,5,4797
204240,4,5267
204241,5,4798
204242,4,5268
204243,5,4799
204244,4,5269
204245,5,4800
204246,4,5270
204247,5,4804
204248,4,5271
204249,5,4817
204250,4,5272
204251,5,4801
204252,4,5273
204253,5,4802
204254,4,5274
204255,5,4803
204256,4,5276
204257,5,4805
204258,4,5277
204259,5,4806
204260,4,5278
204261,5,4807
204262,4,5279
204263,5,4808
204264,4,5280
204265,5,4809
204266,4,5281
204267,5,4810
204268,4,5282
204269,5,4811
204270,4,5283
204271,5,4812
204272,4,5284
204273,5,4813
204274,4,5285
204275,5,4814
204276,4,5286
204277,5,4815
204278,4,5287
204279,5,4816
204280,4,5288
204281,5,4818
204282,4,5289
204283,5,4819
204284,4,5290
204285,5,4820
204286,4,5291
204287,5,4821
204288,4,5292
204289,5,4822
204290,4,5293
204291,5,4823
204292,4,5294
204293,5,4824
204294,4,5295
204295,5,4825
204296,4,5296
204297,5,4826
204298,7,6406
204299,8,6536
204300,7,6415
204301,7,6407
204302,8,6537
204303,7,6416
204304,7,6408
204305,8,6538
204306,7,6417
204307,7,6408
204308,8,6538
204309,7,6417
204310,7,6409
204311,8,6539
204312,7,6418
204313,7,6410
204314,8,6540
204315,7,6419
204316,7,6411
204317,8,6541
204318,7,6420
204319,7,6412
204320,8,6542
204321,7,6421
204322,7,6249
204323,8,6309
204324,7,6259
204325,8,6808
204326,7,6210
204327,8,6270
204328,7,6220
204329,8,6280
204330,7,6230
204331,8,6290
204332,7,6240
204333,8,6300
204334,7,6250
204335,8,6310
204336,7,6260
204337,8,6809
204338,7,6211
204339,8,6271
204340,7,6221
204341,8,6281
204342,7,6231
204343,8,6291
204344,7,6241
204345,8,6301
204346,7,6251
204347,8,6311
204348,7,6261
204349,8,6810
204350,7,6212
204351,8,6272
204352,7,6222
204353,8,6282
204354,7,6232
204355,8,6292
204356,7,6242
204357,8,6302
204358,7,6252
204359,8,6312
204360,7,6262
204361,8,6811
204362,7,6213
204363,8,6273
204364,7,6223
204365,8,6283
204366,7,6233
204367,8,6293
204368,7,6243
204369,8,6303
204370,7,6253
204371,8,6313
204372,7,6263
204373,8,6812
204374,7,6214
204375,8,6274
204376,7,6224
204377,8,6284
204378,7,6234
204379,8,6294
204380,7,6244
204381,8,6304
204382,7,6254
204383,8,6803
204384,7,6264
204385,8,6813
204386,7,6215
204387,8,6275
204388,7,6225
204389,8,6285
204390,7,6235
204391,8,6295
204392,7,6245
204393,8,6305
204394,7,6255
204395,8,6804
204396,7,6265
204397,8,6814
204398,7,6216
204399,8,6276
204400,7,6226
204401,8,6286
204402,7,6236
204403,8,6296
204404,7,6246
204405,8,6306
204406,7,6256
204407,8,6805
204408,7,6266
204409,8,6815
204410,7,6217
204411,8,6277
204412,7,6227
204413,8,6287
204414,7,6237
204415,8,6297
204416,7,6247
204417,8,6307
204418,7,6257
204419,8,6806
204420,7,6267
204421,8,6816
204422,7,6218
204423,8,6278
204424,7,6228
204425,8,6288
204426,7,6238
204427,8,6298
204428,7,6248
204429,8,6308
204430,7,6258
204431,8,6807
204432,7,6268
204433,8,6817
204434,7,54033
204435,8,56334
204436,7,53218
204437,8,56337
204438,7,56322
204439,8,56340
204440,7,56325
204441,8,56343
204442,7,56328
204443,8,56346
204444,7,56331
204445,8,56349
204446,7,56320
204447,8,56335
204448,7,54034
204449,8,56338
204450,7,56323
204451,8,56341
204452,7,56326
204453,8,56344
204454,7,56329
204455,8,56347
204456,7,56332
204457,1,7868
204458,13,7862
204459,1,7869
204460,13,7863
204461,1,7870
204462,13,7864
204463,1,7871
204464,13,7865
204465,1,7872
204466,13,7866
204467,1,7873
204468,13,7867
204469,4,7086
204470,5,7802
204471,4,7087
204472,5,7803
204473,4,7744
204474,5,7804
204475,4,7745
204476,5,7805
204477,4,7746
204478,5,7806
204479,4,7747
204480,5,7807
204481,4,7748
204482,5,7808
204483,4,7749
204484,5,7809
204485,4,7750
204486,5,7810
204487,4,7751
204488,5,7811
204489,4,7752
204490,5,7812
204491,4,7753
204492,5,7813
204493,4,7754
204494,5,7814
204495,4,7755
204496,5,7815
204497,4,7756
204498,5,7816
204499,4,7757
204500,5,7817
204501,4,7758
204502,5,7818
204503,4,7759
204504,5,7819
204505,4,7760
204506,5,7820
204507,4,7761
204508,5,7821
204509,4,7762
204510,5,7822
204511,4,7763
204512,5,7823
204513,4,7764
204514,5,7824
204515,4,7765
204516,5,7825
204517,4,7766
204518,5,7826
204519,4,7767
204520,5,7827
204521,4,7768
204522,5,7828
204523,4,7769
204524,5,7829
204525,4,7770
204526,5,7830
204527,4,7771
204528,5,7831
204529,4,7772
204530,5,7832
204531,4,7773
204532,5,7833
204533,4,7774
204534,5,7834
204535,4,7775
204536,5,7835
204537,4,7776
204538,5,7836
204539,4,7777
204540,5,7837
204541,4,7778
204542,5,7838
204543,4,7779
204544,5,7839
204545,4,7780
204546,5,7840
204547,4,7781
204548,5,7841
204549,4,7782
204550,5,7842
204551,4,7783
204552,5,7843
204553,4,7784
204554,5,7844
204555,4,7785
204556,5,7845
204557,4,7786
204558,5,7846
204559,4,7787
204560,5,7847
204561,4,7788
204562,5,7848
204563,4,7789
204564,5,7849
204565,4,7790
204566,5,7850
204567,4,7791
204568,5,7851
204569,4,7792
204570,5,7852
204571,4,7793
204572,5,7853
204573,4,7794
204574,5,7854
204575,4,7795
204576,5,7855
204577,4,7796
204578,5,7856
204579,4,7797
204580,5,7857
204581,4,7798
204582,5,7858
204583,4,7799
204584,5,7859
204585,4,7800
204586,5,7860
204587,4,7801
204588,5,7861
204589,10,7065
204590,10,7066
204591,10,7067
204592,10,7068
204593,10,7069
204594,10,7070
204595,10,7071
204596,10,7072
204597,10,7073
204598,10,7074
204599,10,7065
204600,11,7874
204601,12,7894
204602,10,7066
204603,11,7875
204604,12,7895
204605,10,7067
204606,11,7876
204607,12,7896
204608,10,7068
204609,11,7877
204610,12,7897
204611,10,7069
204612,11,7878
204613,12,7898
204614,10,7070
204615,11,7879
204616,12,7899
204617,10,7071
204618,11,7880
204619,12,7900
204620,10,7072
204621,11,7881
204622,12,7901
204623,10,7073
204624,11,7882
204625,12,7902
204626,10,7074
204627,11,7883
204628,12,7903
204629,10,7065
204630,10,7066
204631,10,7067
204632,10,7068
204633,10,7069
204634,10,7070
204635,10,7071
204636,10,7072
204637,10,7073
204638,10,7074
204639,10,7065
204640,10,7066
204641,10,7067
204642,10,7068
204643,10,7069
204644,10,7070
204645,10,7071
204646,10,7072
204647,10,7073
204648,10,7074
204649,10,7065
204650,11,7884
204651,12,7904
204652,10,7066
204653,11,7885
204654,12,7905
204655,10,7067
204656,11,7886
204657,12,7906
204658,10,7068
204659,11,7887
204660,12,7907
204661,10,7069
204662,11,7888
204663,12,7908
204664,10,7070
204665,11,7889
204666,12,7909
204667,10,7071
204668,11,7890
204669,12,7910
204670,12,5615
204671,10,5870
204672,11,5586
204673,12,5616
204674,10,5871
204675,11,5587
204676,12,5617
204677,10,5872
204678,11,5588
204679,12,5618
204680,10,5873
204681,11,5589
204682,12,5619
204683,10,5874
204684,11,5590
204685,12,5620
204686,11,5591
204687,12,5621
204688,10,5855
204689,11,5592
204690,12,5622
204691,10,5856
204692,11,5593
204693,12,5623
204694,10,5857
204695,11,5594
204696,12,5624
204697,10,5858
204698,11,5595
204699,12,5625
204700,10,5859
204701,11,5596
204702,12,5626
204703,10,5860
204704,11,5597
204705,12,5627
204706,10,5861
204707,11,5598
204708,12,5628
204709,10,5862
204710,11,5599
204711,12,5629
204712,10,5863
204713,11,5600
204714,12,5630
204715,10,5864
204716,10,5865
204717,11,5591
204718,12,5621
204719,10,5866
204720,11,5592
204721,12,5622
204722,10,5867
204723,11,5593
204724,12,5623
204725,10,5868
204726,11,5594
204727,12,5624
204728,10,5869
204729,11,5595
204730,12,5625
204731,10,5870
204732,11,5596
204733,12,5626
204734,10,5871
204735,11,5597
204736,12,5627
204737,10,5872
204738,11,5598
204739,12,5628
204740,10,5873
204741,11,5599
204742,12,5629
204743,10,5874
204744,11,5600
204745,12,5630
204746,11,5591
204747,12,5621
204748,10,5855
204749,11,5592
204750,12,5622
204751,10,5856
204752,11,5593
204753,12,5623
204754,10,5857
204755,11,5594
204756,12,5624
204757,10,5858
204758,11,5595
204759,12,5625
204760,10,5859
204761,11,5596
204762,12,5626
204763,10,5860
204764,11,5597
204765,12,5627
204766,10,5861
204767,11,5598
204768,12,5628
204769,10,5862
204770,11,5599
204771,12,5629
204772,10,5863
204773,11,5600
204774,12,5630
204775,10,5864
204776,7,5456
204777,8,5504
204778,7,5472
204779,8,5520
204780,7,5463
204781,7,5463
204782,8,5512
204783,8,5512
204784,7,5496
204785,7,5496
204786,7,5496
204787,8,5527
204788,8,5527
204789,8,5527
204790,7,5480
204791,7,5480
204792,7,5488
204793,7,5457
204794,8,5505
204795,7,5473
204796,7,5464
204797,7,5464
204798,8,5513
204799,8,5513
204800,7,5497
204801,7,5497
204802,7,5497
204803,7,5481
204804,7,5481
204805,7,5489
204806,7,5458
204807,8,5506
204808,7,5474
204809,7,5465
204810,7,5465
204811,8,5514
204812,8,5514
204813,7,5498
204814,7,5498
204815,7,5498
204816,7,5482
204817,7,5482
204818,7,5490
204819,7,5461
204820,8,5507
204821,7,5475
204822,7,5466
204823,7,5466
204824,8,5515
204825,8,5515
204826,7,5499
204827,7,5499
204828,7,5499
204829,7,5483
204830,7,5483
204831,7,5491
204832,7,5467
204833,8,5508
204834,7,5476
204835,7,5468
204836,7,5468
204837,8,5516
204838,8,5516
204839,7,5500
204840,7,5500
204841,7,5500
204842,7,5484
204843,7,5484
204844,7,5492
204845,7,5459
204846,8,5509
204847,7,5477
204848,7,5469
204849,7,5469
204850,8,5517
204851,8,5517
204852,7,5501
204853,7,5501
204854,7,5501
204855,7,5485
204856,7,5485
204857,7,5493
204858,7,5460
204859,8,5510
204860,7,5478
204861,8,5521
204862,7,5470
204863,7,5470
204864,8,5518
204865,8,5518
204866,7,5502
204867,7,5502
204868,7,5502
204869,8,5528
204870,8,5528
204871,8,5528
204872,7,5486
204873,7,5486
204874,8,5523
204875,8,5523
204876,7,5494
204877,8,5525
204878,7,5462
204879,8,5511
204880,7,5479
204881,8,5522
204882,7,5471
204883,7,5471
204884,8,5519
204885,8,5519
204886,7,5503
204887,7,5503
204888,7,5503
204889,8,5529
204890,8,5529
204891,8,5529
204892,7,5487
204893,7,5487
204894,8,5524
204895,8,5524
204896,7,5495
204897,8,5526
204898,7,51857
204899,8,51865
204900,7,51858
204901,7,53156
204902,7,53156
204903,8,51868
204904,8,51868
204905,7,51863
204906,7,51863
204907,7,51863
204908,7,53159
204909,7,53159
204910,7,53160
204911,7,53154
204912,8,51866
204913,7,51859
204914,8,53165
204915,7,53157
204916,7,53157
204917,8,51869
204918,8,51869
204919,7,51864
204920,7,51864
204921,7,51864
204922,7,51861
204923,7,51861
204924,8,53167
204925,8,53167
204926,7,53161
204927,8,51871
204928,7,53155
204929,8,51867
204930,7,51860
204931,8,53166
204932,7,53158
204933,7,53158
204934,1,3878
204935,13,3858
204936,14,3868
204937,1,3879
204938,13,3859
204939,14,3869
204940,1,3880
204941,13,3860
204942,14,3870
204943,1,3881
204944,13,3861
204945,14,3871
204946,1,3882
204947,13,3862
204948,14,3872
204949,1,3883
204950,13,3863
204951,14,3873
204952,1,3884
204953,13,3864
204954,14,3874
204955,1,3885
204956,13,3865
204957,14,3875
204958,1,3886
204959,13,3866
204960,14,3876
204961,1,3887
204962,13,3867
204963,14,3877
204964,1,5833
204965,1,5834
204966,4,4164
204967,5,4413
204968,4,4165
204969,5,4414
204970,4,4166
204971,5,4415
204972,4,4167
204973,5,4416
204974,4,4168
204975,5,4418
204976,4,4170
204977,5,4419
204978,4,4171
204979,5,4420
204980,4,4172
204981,5,4421
204982,4,4173
204983,5,4422
204984,4,4175
204985,5,4424
204986,4,4176
204987,5,4425
204988,4,4177
204989,5,4426
204990,4,4178
204991,5,4427
204992,4,4179
204993,5,4428
204994,4,4180
204995,5,4429
204996,4,4181
204997,5,4430
204998,4,4182
204999,5,4431
205000,4,4183
205001,5,4432
205002,4,4184
205003,5,4433
205004,4,4185
205005,5,4434
205006,4,4186
205007,5,4435
205008,4,4187
205009,5,4436
205010,4,4188
205011,5,4437
205012,4,4189
205013,5,4438
205014,4,4190
205015,5,4439
205016,4,4191
205017,5,4440
205018,4,4192
205019,5,4441
205020,4,4193
205021,5,4442
205022,4,4194
205023,5,4443
205024,4,4195
205025,5,4444
205026,4,4196
205027,5,4445
205028,4,4197
205029,5,4446
205030,4,4198
205031,5,4447
205032,4,4199
205033,5,4448
205034,4,4200
205035,5,4449
205036,4,4201
205037,5,4450
205038,4,4202
205039,5,4451
205040,4,4203
205041,5,4452
205042,4,4204
205043,5,4453
205044,4,4205
205045,5,4454
205046,4,4206
205047,5,4455
205048,4,4207
205049,5,4456
205050,4,4208
205051,5,4457
205052,4,4209
205053,5,4458
205054,4,4404
205055,5,4459
205056,4,4210
205057,5,4460
205058,4,4211
205059,5,4461
205060,4,4212
205061,5,4462
205062,4,4213
205063,5,4463
205064,4,4214
205065,5,4464
205066,4,4215
205067,5,4465
205068,4,4216
205069,5,4466
205070,5,4417
205071,4,4169
205072,4,4217
205073,5,4467
205074,4,4218
205075,5,4468
205076,4,4219
205077,5,4469
205078,4,4220
205079,5,4470
205080,4,4221
205081,5,4471
205082,4,4321
205083,5,4472
205084,4,4322
205085,5,4473
205086,4,4323
205087,5,4474
205088,4,4324
205089,5,4475
205090,4,4325
205091,5,4476
205092,4,4326
205093,5,4477
205094,4,4327
205095,5,4478
205096,4,4328
205097,5,4479
205098,4,4329
205099,5,4480
205100,4,4330
205101,5,4481
205102,4,4331
205103,5,4482
205104,4,4332
205105,5,4483
205106,4,4333
205107,5,4484
205108,4,4334
205109,5,4485
205110,4,4335
205111,5,4486
205112,4,4336
205113,5,4487
205114,4,4337
205115,5,4488
205116,4,4338
205117,5,4489
205118,4,4339
205119,5,4490
205120,4,4340
205121,5,4491
205122,4,4341
205123,5,4492
205124,4,4342
205125,5,4493
205126,4,4343
205127,5,4494
205128,4,4344
205129,5,4495
205130,4,4345
205131,5,4496
205132,4,4346
205133,5,4497
205134,4,4347
205135,5,4498
205136,4,4348
205137,5,4499
205138,4,4349
205139,5,3796
205140,4,4350
205141,5,3792
205142,4,4351
205143,5,3793
205144,4,4352
205145,5,3794
205146,4,4353
205147,5,3797
205148,4,4354
205149,5,3798
205150,4,4355
205151,5,3799
205152,4,4356
205153,5,3800
205154,4,4357
205155,5,3801
205156,4,4358
205157,5,3802
205158,4,4359
205159,5,3803
205160,4,4360
205161,5,3804
205162,4,4361
205163,5,3805
205164,4,4362
205165,5,3806
205166,4,4363
205167,5,3807
205168,4,4364
205169,5,3808
205170,4,4365
205171,5,3809
205172,4,4366
205173,5,3810
205174,4,4367
205175,5,3811
205176,4,4368
205177,5,3812
205178,4,4369
205179,5,3813
205180,4,4370
205181,5,3814
205182,4,4371
205183,5,3815
205184,4,4372
205185,5,3816
205186,4,4373
205187,5,3817
205188,4,4374
205189,5,3818
205190,4,4375
205191,5,3819
205192,4,4376
205193,5,3820
205194,4,4377
205195,5,3821
205196,4,4378
205197,5,3822
205198,4,4379
205199,5,3823
205200,4,4380
205201,5,3824
205202,4,4381
205203,5,3825
205204,4,4382
205205,5,3826
205206,4,4383
205207,5,3827
205208,4,4384
205209,5,3828
205210,4,4385
205211,5,3829
205212,4,4386
205213,5,3830
205214,4,4387
205215,5,3831
205216,4,4388
205217,5,3832
205218,4,4389
205219,5,3833
205220,4,4390
205221,5,3834
205222,4,4391
205223,5,3835
205224,4,4392
205225,5,3836
205226,4,4393
205227,5,3837
205228,4,4394
205229,5,3838
205230,4,4395
205231,5,3839
205232,4,4396
205233,5,3840
205234,4,4397
205235,5,3841
205236,4,4398
205237,5,3842
205238,4,4399
205239,5,3843
205240,4,4400
205241,5,3844
205242,4,4401
205243,5,3845
205244,4,4402
205245,5,3846
205246,4,4403
205247,5,3847
205248,4,4500
205249,5,3848
205250,4,4405
205251,5,3849
205252,4,4406
205253,5,3850
205254,4,4407
205255,5,3851
205256,4,4408
205257,5,3852
205258,4,4409
205259,5,3853
205260,4,4410
205261,5,3854
205262,4,4411
205263,5,3855
205264,4,4412
205265,5,3856
205266,10,5835
205267,10,5836
205268,10,5837
205269,10,5838
205270,10,5839
205271,10,5840
205272,10,5841
205273,10,5842
205274,10,5843
205275,10,5844
205276,10,5845
205277,10,5846
205278,10,5847
205279,10,5848
205280,10,5849
205281,10,5850
205282,10,5851
205283,10,5852
205284,10,5853
205285,10,5854
205286,10,5835
205287,10,5836
205288,10,5837
205289,10,5838
205290,10,5839
205291,10,5840
205292,10,5841
205293,10,5842
205294,10,5843
205295,10,5844
205296,10,5835
205297,10,5836
205298,10,5837
205299,10,5838
205300,10,5839
205301,10,5840
205302,10,5841
205303,10,5842
205304,10,5843
205305,10,5844
205306,10,5835
205307,10,5836
205308,10,5837
205309,1,5559
205310,13,5549
205311,1,5560
205312,13,5550
205313,1,5561
205314,13,5551
205315,1,5562
205316,13,5552
205317,1,5563
205318,13,5553
205319,1,5564
205320,13,5554
205321,1,5565
205322,13,5555
205323,1,5566
205324,13,5556
205325,1,5567
205326,13,5557
205327,1,5568
205328,13,5558
205329,1,5569
205330,1,5570
205331,4,5876
205332,5,5996
205333,4,5877
205334,5,5997
205335,4,5878
205336,5,5998
205337,4,5879
205338,5,5999
205339,4,5880
205340,5,6000
205341,4,5881
205342,5,6001
205343,4,5882
205344,5,6002
205345,4,5883
205346,5,6003
205347,4,5884
205348,5,6004
205349,4,5885
205350,5,6005
205351,4,5886
205352,5,6006
205353,4,5887
205354,5,6007
205355,4,5888
205356,5,6008
205357,4,5889
205358,5,6009
205359,4,5890
205360,5,6010
205361,4,5891
205362,5,6011
205363,4,5892
205364,5,6012
205365,4,5893
205366,5,6013
205367,4,5894
205368,5,6014
205369,4,5895
205370,5,6015
205371,4,5896
205372,5,6016
205373,4,5897
205374,5,6017
205375,4,5898
205376,5,6018
205377,4,5899
205378,5,6019
205379,4,5900
205380,5,6020
205381,4,5901
205382,5,6021
205383,4,5902
205384,5,6022
205385,4,5903
205386,5,6023
205387,4,5904
205388,5,6024
205389,4,5905
205390,5,6025
205391,4,5906
205392,5,6026
205393,4,5907
205394,5,6027
205395,4,5908
205396,5,6028
205397,4,5909
205398,5,6029
205399,4,5910
205400,5,6030
205401,4,5911
205402,5,6031
205403,4,5912
205404,5,6032
205405,4,5913
205406,5,6033
205407,4,5914
205408,5,6034
205409,4,5915
205410,5,6035
205411,4,5916
205412,5,6036
205413,4,5917
205414,5,6037
205415,4,5918
205416,5,6038
205417,4,5919
205418,5,6039
205419,4,5920
205420,5,6040
205421,4,5921
205422,5,6041
205423,4,5922
205424,5,6042
205425,4,5923
205426,5,6043
205427,4,5924
205428,5,6044
205429,4,5925
205430,5,6045
205431,4,5926
205432,5,6046
205433,4,5927
205434,5,5583
205435,4,5928
205436,5,6047
205437,4,5929
205438,5,6048
205439,4,5930
205440,5,6049
205441,4,5931
205442,5,6050
205443,4,5932
205444,5,6051
205445,4,5933
205446,5,6052
205447,4,5934
205448,5,6053
205449,4,5935
205450,5,6054
205451,4,5936
205452,5,6055
205453,4,5937
205454,5,6056
205455,4,5938
205456,5,6057
205457,4,5939
205458,5,6058
205459,4,5940
205460,5,6059
205461,4,5941
205462,5,6060
205463,4,5942
205464,5,6061
205465,4,5943
205466,5,6062
205467,4,5944
205468,5,6063
205469,4,5946
205470,5,6064
205471,4,5954
205472,5,6065
205473,4,5945
205474,5,6066
205475,4,5947
205476,5,6067
205477,4,5948
205478,5,6068
205479,4,5949
205480,5,6069
205481,4,5950
205482,5,6070
205483,4,5951
205484,5,6071
205485,4,5952
205486,5,6072
205487,4,5953
205488,5,6073
205489,4,5955
205490,5,6074
205491,4,5956
205492,5,6075
205493,4,5957
205494,5,6076
205495,4,5958
205496,5,6077
205497,4,5959
205498,5,6078
205499,4,5960
205500,5,6079
205501,4,5961
205502,5,6080
205503,4,5962
205504,5,6081
205505,4,5963
205506,5,6082
205507,4,5964
205508,5,6083
205509,4,5965
205510,5,6084
205511,4,5966
205512,5,6085
205513,4,5967
205514,5,6086
205515,4,5968
205516,5,6087
205517,4,5969
205518,5,6088
205519,4,5970
205520,5,6089
205521,4,5971
205522,5,6090
205523,4,5972
205524,5,6091
205525,4,5973
205526,5,6092
205527,4,5974
205528,5,6093
205529,4,5975
205530,5,6094
205531,4,5976
205532,5,6095
205533,4,5977
205534,5,6096
205535,4,5978
205536,5,6097
205537,4,5979
205538,5,6098
205539,4,5980
205540,5,6099
205541,4,5981
205542,5,6100
205543,4,5982
205544,5,6101
205545,4,5983
205546,5,6102
205547,4,5984
205548,5,6103
205549,4,5985
205550,5,6104
205551,4,5986
205552,5,6105
205553,4,5987
205554,5,6106
205555,4,5988
205556,5,5541
205557,4,5989
205558,5,5542
205559,4,5990
205560,5,5543
205561,4,5991
205562,5,5544
205563,4,5992
205564,5,5545
205565,4,5993
205566,5,5546
205567,4,5994
205568,5,5547
205569,4,5995
205570,5,5548
205571,10,5865
205572,11,5591
205573,12,5621
205574,10,5866
205575,11,5592
205576,12,5622
205577,10,5867
205578,11,5593
205579,12,5623
205580,10,5868
205581,11,5594
205582,12,5624
205583,10,5869
205584,11,5595
205585,12,5625
205586,10,5870
205587,11,5596
205588,12,5626
205589,10,5871
205590,11,5597
205591,12,5627
205592,10,5872
205593,11,5598
205594,12,5628
205595,10,5873
205596,11,5599
205597,12,5629
205598,10,5874
205599,11,5600
205600,12,5630
205601,11,5591
205602,12,5621
205603,10,5855
205604,11,5592
205605,12,5622
205606,10,5856
205607,11,5593
205608,12,5623
205609,10,5857
205610,11,5594
205611,12,5624
205612,10,5858
205613,11,5595
205614,12,5625
205615,10,5859
205616,11,5596
205617,12,5626
205618,10,5860
205619,11,5597
205620,12,5627
205621,10,5861
205622,11,5598
205623,12,5628
205624,10,5862
205625,11,5599
205626,12,5629
205627,10,5863
205628,11,5600
205629,12,5630
205630,10,5864
205631,10,5855
205632,11,5581
205633,12,5611
205634,10,5856
205635,11,5582
205636,12,5612
205637,10,5857
205638,11,6355
205639,12,5613
205640,10,5858
205641,11,5584
205642,12,5614
205643,10,5859
205644,11,5585
205645,12,5615
205646,10,5860
205647,11,5586
205648,12,5616
205649,10,5861
205650,11,5587
205651,12,5617
205652,10,5862
205653,11,5588
205654,12,5618
205655,10,5863
205656,11,5589
205657,12,5619
205658,10,5864
205659,11,5590
205660,12,5620
205661,10,5865
205662,11,5591
205663,12,5621
205664,10,5866
205665,11,5592
205666,12,5622
205667,10,5867
205668,11,5593
205669,12,5623
205670,10,5868
205671,11,5594
205672,12,5624
205673,10,5869
205674,11,5595
205675,12,5625
205676,10,5870
205677,11,5596
205678,12,5626
205679,10,5871
205680,11,5597
205681,12,5627
205682,10,5872
205683,11,5598
205684,12,5628
205685,10,5873
205686,11,5599
205687,12,5629
205688,10,5874
205689,11,5600
205690,12,5630
205691,10,5865
205692,11,5591
205693,12,5621
205694,10,5866
205695,11,5592
205696,12,5622
205697,10,5867
205698,11,5593
205699,12,5623
205700,10,5868
205701,11,5594
205702,12,5624
205703,10,5869
205704,11,5595
205705,12,5625
205706,10,5870
205707,11,5596
205708,12,5626
205709,10,5871
205710,11,5597
205711,12,5627
205712,10,5872
205713,11,5598
205714,12,5628
205715,10,5873
205716,11,5599
205717,12,5629
205718,10,5874
205719,11,5600
205720,12,5630
205721,11,5591
205722,12,5621
205723,10,5855
205724,11,5592
205725,12,5622
205726,10,5856
205727,11,5593
205728,12,5623
205729,10,5857
205730,11,5594
205731,12,5624
205732,10,5858
205733,11,5595
205734,12,5625
205735,10,5859
205736,11,5596
205737,12,5626
205738,10,5860
205739,11,5597
205740,12,5627
205741,10,5861
205742,11,5598
205743,12,5628
205744,10,5862
205745,11,5599
205746,12,5629
205747,10,5863
205748,11,5600
205749,12,5630
205750,10,5864
205751,11,5591
205752,12,5621
205753,10,5855
205754,11,5592
205755,12,5622
205756,10,5856
205757,11,5593
205758,12,5623
205759,10,5857
205760,11,5594
205761,12,5624
205762,10,5858
205763,11,5595
205764,12,5625
205765,10,5859
205766,11,5596
205767,12,5626
205768,10,5860
205769,11,5597
205770,12,5627
205771,10,5861
205772,11,5598
205773,12,5628
205774,10,5862
205775,11,5599
205776,12,5629
205777,10,5863
205778,11,5600
205779,12,5630
205780,10,5864
205781,10,5865
205782,11,5581
205783,12,5611
205784,10,5866
205785,11,5582
205786,12,5612
205787,10,5867
205788,11,6355
205789,12,5613
205790,10,5868
205791,11,5584
205792,12,5614
205793,10,5869
205794,11,5585
205795,12,7443
205796,11,7378
205797,12,7444
205798,11,7379
205799,12,7445
205800,11,56438
205801,12,56463
205802,11,56439
205803,12,56464
205804,11,56440
205805,12,56465
205806,11,7372
205807,12,7438
205808,11,7373
205809,12,7439
205810,11,7374
205811,12,7440
205812,11,7375
205813,12,7441
205814,11,7376
205815,12,7442
205816,11,7377
205817,12,7443
205818,11,7378
205819,12,7444
205820,11,7379
205821,12,7445
205822,11,56438
205823,12,56463
205824,11,56439
205825,12,56464
205826,11,56440
205827,12,56465
205828,11,7372
205829,12,7438
205830,11,7373
205831,12,7439
205832,11,7374
205833,12,7440
205834,11,7375
205835,12,7441
205836,7,4070
205837,8,4161
205838,7,3506
205839,8,4081
205840,7,3516
205841,8,4091
205842,7,3526
205843,8,4101
205844,7,4021
205845,8,4110
205846,7,4031
205847,8,4122
205848,7,4041
205849,8,4132
205850,7,4051
205851,8,4142
205852,7,4061
205853,8,4152
205854,7,4071
205855,8,4162
205856,7,3507
205857,8,4082
205858,7,3517
205859,8,4092
205860,7,4012
205861,8,4102
205862,7,4022
205863,8,4112
205864,7,4032
205865,8,4123
205866,7,4042
205867,8,4133
205868,7,4052
205869,8,4143
205870,7,4062
205871,8,4153
205872,7,4072
205873,8,4163
205874,7,54789
205875,8,55330
205876,7,54792
205877,8,55333
205878,7,55309
205879,8,55336
205880,7,55312
205881,8,55339
205882,7,55315
205883,8,55342
205884,7,55318
205885,8,55345
205886,7,55321
205887,8,55968
205888,7,55324
205889,8,55971
205890,7,55327
205891,8,55974
205892,7,54790
205893,8,55331
205894,7,54793
205895,8,55334
205896,7,55310
205897,8,55337
205898,7,55313
205899,8,55340
205900,7,55316
205901,8,55343
205902,7,55319
205903,8,55346
205904,7,55322
205905,8,55969
205906,7,55325
205907,8,55972
205908,7,55328
205909,8,55975
205910,7,54791
205911,8,55332
205912,7,55308
205913,8,55335
205914,7,55311
205915,8,55338
205916,7,55314
205917,8,55341
205918,7,55317
205919,8,55344
205920,7,55320
205921,8,55347
205922,7,55323
205923,8,55970
205924,7,55326
205925,8,55973
205926,7,55329
205927,8,55976
205928,8,53164
205929,8,53164
205930,7,53163
205931,7,53163
205932,7,53163
205933,7,51862
205934,7,51862
205935,8,51870
205936,8,51870
205937,7,53162
205938,8,51872
205939,11,7376
205940,12,7442
205941,11,7377
205942,12,7443
205943,11,7378
205944,12,7444
205945,11,7379
205946,12,7445
205947,11,56438
205948,12,56463
205949,11,56439
205950,12,56464
205951,11,56440
205952,12,56465
205953,10,57430
205954,10,57854
205955,10,57855
205956,1,51788
205957,13,51776
205958,1,51789
205959,13,51777
205960,1,51790
205961,13,51778
205962,4,73630
205963,5,73706
205964,4,73631
205965,5,73707
205966,4,73632
205967,5,73708
205968,4,73640
205969,5,73713
205970,4,73641
205971,5,73714
205972,4,73642
205973,5,73715
205974,4,73699
205975,5,73748
205976,4,73700
205977,5,73749
205978,4,73701
205979,5,73750
205980,4,51144
205981,5,51406
205982,4,51145
205983,5,51407
205984,4,51146
205985,5,51408
205986,4,51147
205987,5,51409
205988,4,51148
205989,5,51410
205990,4,51149
205991,5,51411
205992,4,51150
205993,5,51412
205994,4,51151
205995,5,51413
205996,4,51152
205997,5,51414
205998,4,51153
205999,5,51415
206000,4,51154
206001,5,51416
206002,4,51155
206003,5,51417
206004,4,51156
206005,5,51418
206006,4,51157
206007,5,51419
206008,4,51158
206009,5,51420
206010,4,51159
206011,5,51421
206012,4,51160
206013,5,51422
206014,4,51161
206015,5,51423
206016,4,51162
206017,5,51424
206018,4,51163
206019,5,51425
206020,4,51164
206021,5,51426
206022,4,51165
206023,5,51427
206024,4,51166
206025,5,51428
206026,4,51167
206027,5,51429
206028,4,51168
206029,5,51430
206030,4,51169
206031,5,51431
206032,4,51170
206033,5,51432
206034,4,51171
206035,5,51433
206036,4,51172
206037,5,51434
206038,4,51173
206039,5,51435
206040,4,51174
206041,5,51436
206042,4,51175
206043,5,51437
206044,4,51176
206045,5,51438
206046,4,51177
206047,5,51439
206048,4,51178
206049,5,51440
206050,4,51179
206051,5,51441
206052,4,51180
206053,5,51442
206054,4,51181
206055,5,51443
206056,4,51182
206057,5,51444
206058,4,51183
206059,5,51445
206060,4,51184
206061,5,51446
206062,4,51185
206063,5,51447
206064,4,51186
206065,5,51448
206066,4,51187
206067,5,51449
206068,4,51188
206069,5,51450
206070,4,51189
206071,5,51451
206072,4,51190
206073,5,51452
206074,4,51191
206075,5,51453
206076,4,51192
206077,5,51454
206078,4,51193
206079,5,51556
206080,4,51209
206081,5,51557
206082,4,51210
206083,5,51558
206084,4,51211
206085,5,51559
206086,4,51212
206087,5,51560
206088,4,51213
206089,5,51561
206090,4,51214
206091,5,51562
206092,4,51215
206093,5,51563
206094,4,51216
206095,5,51564
206096,4,51217
206097,5,51565
206098,4,51218
206099,5,51566
206100,4,51219
206101,5,51567
206102,4,51220
206103,5,51568
206104,4,51221
206105,5,51569
206106,4,51222
206107,5,51570
206108,4,51223
206109,5,51571
206110,4,51224
206111,5,51572
206112,4,51225
206113,5,51752
206114,4,51383
206115,5,51753
206116,4,51384
206117,5,51754
206118,4,51385
206119,5,51755
206120,4,51386
206121,5,51756
206122,4,51387
206123,5,51757
206124,4,51388
206125,5,51758
206126,4,51389
206127,5,51759
206128,4,51390
206129,5,51760
206130,4,51391
206131,5,51761
206132,4,51392
206133,5,51762
206134,4,51393
206135,5,51763
206136,4,51394
206137,5,51764
206138,4,51395
206139,5,51765
206140,4,51396
206141,5,51766
206142,4,51397
206143,5,51767
206144,4,51398
206145,5,51768
206146,4,51399
206147,5,51769
206148,4,51400
206149,5,51770
206150,4,51401
206151,5,51771
206152,4,51402
206153,5,51772
206154,4,51403
206155,5,51773
206156,4,51404
206157,5,51774
206158,4,51405
206159,5,51775
206160,11,51791
206161,12,51803
206162,11,51792
206163,12,51804
206164,11,51793
206165,12,51805
206166,11,51791
206167,12,51803
206168,11,51792
206169,12,51804
206170,11,51793
206171,12,51805
206172,11,51791
206173,12,51803
206174,11,51792
206175,12,51804
206176,11,51793
206177,12,51805
206178,11,51794
206179,12,51806
206180,11,51795
206181,12,51807
206182,11,51796
206183,12,51808
206184,11,51794
206185,12,51806
206186,11,51795
206187,12,51807
206188,11,51796
206189,12,51808
206190,11,51797
206191,12,51809
206192,11,51798
206193,12,51810
206194,11,51799
206195,12,51811
206196,11,51791
206197,12,51803
206198,11,51792
206199,12,51804
206200,11,51793
206201,12,51805
206202,10,51141
206203,10,51142
206204,10,51143
206205,5,7960
206206,5,7960
206207,4,7937
206208,5,7961
206209,4,56756
206210,5,54020
206211,4,56757
206212,5,57252
206213,4,56758
206214,5,57253
206215,4,7941
206216,4,7941
206217,5,7965
206218,5,7965
206219,4,7942
206220,4,7942
206221,5,7966
206222,5,7966
206223,4,7943
206224,5,7967
206225,5,7972
206226,5,7972
206227,4,7949
206228,5,7973
206229,4,56761
206230,5,57256
206231,4,56762
206232,5,57257
206233,4,56763
206234,5,57258
206235,5,7978
206236,5,7978
206237,4,7955
206238,5,7979
206239,4,56765
206240,5,57260
206241,4,56766
206242,5,57261
206243,4,56767
206244,5,57262
206245,4,57230
206246,4,57230
206247,5,57468
206248,5,57468
206249,4,57231
206250,4,57231
206251,5,57469
206252,5,57469
206253,4,57232
206254,5,57470
206255,1,53965
206256,13,52984
206257,1,53966
206258,13,52985
206259,1,53967
206260,13,52986
206261,4,50614
206262,5,52733
206263,4,50615
206264,5,52955
206265,4,50616
206266,5,52890
206267,4,50617
206268,5,52891
206269,4,50618
206270,5,52892
206271,4,50619
206272,5,52893
206273,4,50620
206274,5,52894
206275,4,50621
206276,5,52956
206277,4,50622
206278,5,52957
206279,4,50623
206280,5,52895
206281,4,50624
206282,5,52958
206283,4,50625
206284,5,52896
206285,4,50626
206286,5,52959
206287,4,50627
206288,5,52960
206289,4,50628
206290,5,52897
206291,4,50629
206292,5,52898
206293,4,50630
206294,5,52899
206295,4,50631
206296,5,52961
206297,4,50632
206298,5,52962
206299,4,50633
206300,5,52900
206301,4,50634
206302,5,52963
206303,4,50635
206304,5,52901
206305,4,50636
206306,5,52902
206307,4,50637
206308,5,52903
206309,4,50638
206310,5,52904
206311,4,50639
206312,5,52905
206313,4,50640
206314,5,52906
206315,4,50641
206316,5,52964
206317,4,50642
206318,5,52965
206319,4,50643
206320,5,52907
206321,4,50644
206322,5,52966
206323,4,50645
206324,5,52967
206325,4,50646
206326,5,52968
206327,4,50647
206328,5,52969
206329,4,50648
206330,5,52970
206331,4,50649
206332,5,52971
206333,4,50650
206334,5,52908
206335,4,50651
206336,5,52909
206337,4,50652
206338,5,52910
206339,4,50653
206340,5,52911
206341,4,50654
206342,5,52912
206343,4,50655
206344,5,52913
206345,4,50656
206346,5,52914
206347,4,50657
206348,5,52915
206349,4,50658
206350,5,52916
206351,4,50659
206352,5,52917
206353,4,50660
206354,5,52918
206355,4,50661
206356,5,52972
206357,4,50662
206358,5,52919
206359,4,50663
206360,5,52973
206361,4,50664
206362,5,52974
206363,4,50665
206364,5,52975
206365,4,50666
206366,5,52976
206367,4,50667
206368,5,52920
206369,4,50668
206370,5,52921
206371,4,50669
206372,5,52922
206373,4,50670
206374,5,52923
206375,4,50671
206376,5,53203
206377,4,50672
206378,5,52924
206379,4,50673
206380,5,52925
206381,4,50674
206382,5,52926
206383,4,50675
206384,5,52927
206385,4,50676
206386,5,52977
206387,4,50677
206388,5,52978
206389,4,50678
206390,5,52979
206391,4,50679
206392,5,52928
206393,4,50680
206394,5,52929
206395,4,50681
206396,5,52930
206397,4,50682
206398,5,52931
206399,4,50683
206400,5,52932
206401,4,50684
206402,5,52933
206403,4,50685
206404,5,52934
206405,4,50686
206406,5,52935
206407,4,50687
206408,5,52936
206409,4,50688
206410,5,52937
206411,4,50689
206412,5,52938
206413,4,50690
206414,5,52939
206415,4,50691
206416,5,52940
206417,4,50716
206418,5,52941
206419,4,50717
206420,5,52942
206421,4,50718
206422,5,52943
206423,4,50719
206424,5,52944
206425,4,50720
206426,5,52945
206427,4,50721
206428,5,52946
206429,4,50722
206430,5,52947
206431,4,50723
206432,5,52948
206433,4,50724
206434,5,52949
206435,4,50725
206436,5,52950
206437,4,50726
206438,5,52980
206439,4,50727
206440,5,52951
206441,4,50728
206442,5,52952
206443,4,50729
206444,5,53863
206445,4,52699
206446,5,53864
206447,4,52700
206448,5,53865
206449,4,52701
206450,5,53866
206451,4,52702
206452,5,53867
206453,4,52703
206454,5,53868
206455,4,52704
206456,5,53869
206457,4,52705
206458,5,53870
206459,4,52706
206460,5,53871
206461,4,52707
206462,5,53872
206463,4,52708
206464,5,53873
206465,4,52709
206466,5,53874
206467,4,52710
206468,5,53875
206469,4,52711
206470,5,53876
206471,4,52712
206472,5,53877
206473,4,52713
206474,5,53878
206475,4,52714
206476,5,53879
206477,4,52715
206478,5,53880
206479,4,52716
206480,5,53881
206481,4,52717
206482,5,53882
206483,4,52718
206484,5,53883
206485,4,52719
206486,5,53884
206487,4,52720
206488,5,52981
206489,4,52721
206490,5,53885
206491,4,52722
206492,5,53886
206493,4,52723
206494,5,52982
206495,4,52953
206496,5,52983
206497,4,52724
206498,5,53887
206499,4,52725
206500,5,53888
206501,4,52726
206502,5,53889
206503,4,52727
206504,5,53890
206505,4,52728
206506,5,53891
206507,4,52729
206508,5,53892
206509,4,52730
206510,5,53893
206511,4,52731
206512,5,53894
206513,4,52732
206514,5,53895
206515,4,53202
206516,5,53896
206517,4,52954
206518,5,53897
206519,10,50611
206520,11,53974
206521,12,53983
206522,10,50612
206523,11,53975
206524,12,53984
206525,10,50613
206526,11,53976
206527,12,53985
206528,11,53974
206529,12,53983
206530,10,50608
206531,11,53975
206532,12,53984
206533,10,50609
206534,11,53976
206535,12,53985
206536,10,50610
206537,10,50608
206538,11,53971
206539,12,53980
206540,10,50609
206541,11,53972
206542,12,53981
206543,10,50610
206544,11,53973
206545,12,53982
206546,10,50611
206547,11,53974
206548,12,53983
206549,10,50612
206550,11,53975
206551,12,53984
206552,10,50613
206553,11,53976
206554,12,53985
206555,10,50611
206556,11,53974
206557,12,53983
206558,10,50612
206559,11,53975
206560,12,53984
206561,10,50613
206562,11,53976
206563,12,53985
206564,11,53974
206565,12,53983
206566,10,50608
206567,11,53975
206568,12,53984
206569,10,50609
206570,11,53976
206571,12,53985
206572,10,50610
206573,11,53974
206574,12,53983
206575,10,50608
206576,11,53975
206577,12,53984
206578,10,50609
206579,11,53976
206580,12,53985
206581,10,50610
206582,10,50611
206583,11,53971
206584,12,53980
206585,10,50612
206586,11,53972
206587,12,53981
206588,10,50613
206589,11,53973
206590,12,53982
206591,11,53974
206592,12,53983
206593,10,50608
206594,11,53975
206595,12,53984
206596,10,50609
206597,11,53976
206598,12,53985
206599,10,50610
206600,10,50611
206601,11,53974
206602,12,53983
206603,10,50612
206604,11,53975
206605,12,53984
206606,10,50613
206607,11,53976
206608,12,53985
206609,11,53974
206610,12,53983
206611,10,50608
206612,11,53975
206613,12,53984
206614,10,50609
206615,11,53976
206616,12,53985
206617,10,50610
206618,10,5855
206619,11,5581
206620,12,5611
206621,10,5856
206622,11,5582
206623,12,5612
206624,10,5857
206625,11,6355
206626,12,5613
206627,10,5858
206628,11,5584
206629,12,5614
206630,10,5859
206631,11,5585
206632,12,5615
206633,10,5860
206634,11,5586
206635,12,5616
206636,10,5861
206637,11,5587
206638,12,5617
206639,10,5862
206640,11,5588
206641,12,5618
206642,10,5863
206643,11,5589
206644,12,5619
206645,10,5864
206646,11,5590
206647,12,5620
206648,10,50608
206649,11,53971
206650,12,53980
206651,10,50609
206652,11,53972
206653,12,53981
206654,10,50610
206655,11,53973
206656,12,53982
206657,10,5855
206658,11,5581
206659,12,5611
206660,10,5856
206661,11,5582
206662,12,5612
206663,10,5857
206664,11,6355
206665,12,5613
206666,10,5858
206667,11,5584
206668,12,5614
206669,10,5859
206670,11,5585
206671,12,5615
206672,10,5860
206673,11,5586
206674,12,5616
206675,10,5861
206676,11,5587
206677,12,5617
206678,10,5862
206679,11,5588
206680,12,5618
206681,10,5863
206682,11,5589
206683,12,5619
206684,10,5864
206685,11,5590
206686,12,5620
206687,10,50608
206688,11,53971
206689,12,53980
206690,10,50609
206691,11,53972
206692,12,53981
206693,10,50610
206694,11,53973
206695,12,53982
206696,10,5855
206697,11,5581
206698,12,5611
206699,10,5856
206700,11,5582
206701,12,5612
206702,10,5857
206703,11,6355
206704,12,5613
206705,10,5858
206706,11,5584
206707,12,5614
206708,10,5859
206709,11,5585
206710,12,5615
206711,10,5860
206712,11,5586
206713,12,5616
206714,10,5861
206715,11,5587
206716,12,5617
206717,10,5862
206718,11,5588
206719,12,5618
206720,10,5863
206721,11,5589
206722,12,5619
206723,10,5864
206724,11,5590
206725,12,5620
206726,10,50608
206727,11,53971
206728,12,53980
206729,10,50609
206730,11,53972
206731,12,53981
206732,10,50610
206733,11,53973
206734,12,53982
206735,10,5855
206736,11,5581
206737,12,5611
206738,10,5856
206739,11,5582
206740,12,5612
206741,10,5857
206742,11,6355
206743,12,5613
206744,10,5858
206745,11,5584
206746,12,5614
206747,10,5859
206748,11,5585
206749,12,5615
206750,10,5860
206751,11,5586
206752,12,5616
206753,10,5861
206754,11,5587
206755,12,5617
206756,10,5862
206757,11,5588
206758,12,5618
206759,10,5863
206760,11,5589
206761,12,5619
206762,10,5864
206763,11,5590
206764,12,5620
206765,10,50608
206766,11,53971
206767,12,53980
206768,10,50609
206769,11,53972
206770,12,53981
206771,10,50610
206772,11,53973
206773,12,53982
206774,10,5855
206775,11,5581
206776,12,5611
206777,10,5856
206778,11,5582
206779,12,5612
206780,10,5857
206781,11,6355
206782,12,5613
206783,10,5858
206784,11,5584
206785,12,5614
206786,10,5859
206787,11,5585
206788,12,5615
206789,10,5860
206790,11,5586
206791,12,5616
206792,10,5861
206793,11,5587
206794,12,5617
206795,10,5862
206796,11,5588
206797,12,5618
206798,10,5863
206799,11,5589
206800,12,5619
206801,10,5864
206802,11,5590
206803,12,5620
206804,10,50608
206805,11,53971
206806,12,53980
206807,10,50609
206808,11,53972
206809,12,53981
206810,10,50610
206811,11,53973
206812,12,53982
206813,7,5147
206814,8,3725
206815,7,5156
206816,8,3734
206817,7,3698
206818,8,3743
206819,7,3687
206820,8,3752
206821,7,3697
206822,8,3761
206823,7,3707
206824,8,3770
206825,7,3716
206826,8,3779
206827,7,5148
206828,8,3726
206829,7,5157
206830,8,3735
206831,7,3679
206832,8,3744
206833,7,3688
206834,8,3753
206835,7,3699
206836,8,3762
206837,7,3708
206838,8,3771
206839,7,3717
206840,8,3780
206841,7,5149
206842,8,3727
206843,7,5158
206844,8,3736
206845,7,3680
206846,8,3745
206847,7,3689
206848,8,3754
206849,7,3700
206850,8,3763
206851,7,3709
206852,8,3772
206853,7,3718
206854,8,3781
206855,7,5150
206856,8,3728
206857,7,5159
206858,8,3737
206859,7,3681
206860,8,3746
206861,7,3691
206862,8,3755
206863,1,51579
206864,13,51573
206865,14,51576
206866,1,51580
206867,13,51574
206868,14,51577
206869,1,51581
206870,13,51575
206871,14,51578
206872,4,55977
206873,5,53476
206874,4,55978
206875,5,53477
206876,4,55979
206877,5,53478
206878,4,55980
206879,5,53479
206880,4,55981
206881,5,53480
206882,4,55982
206883,5,53481
206884,4,55983
206885,5,53482
206886,4,55984
206887,5,53483
206888,4,55985
206889,5,53484
206890,4,55986
206891,5,53485
206892,4,55987
206893,5,53486
206894,4,55988
206895,5,53487
206896,4,55989
206897,5,53488
206898,4,55990
206899,5,53489
206900,4,55991
206901,5,53490
206902,4,55992
206903,5,53491
206904,4,55993
206905,5,53492
206906,4,55994
206907,5,53493
206908,4,55995
206909,5,53494
206910,4,55996
206911,5,53734
206912,4,55997
206913,5,53735
206914,4,55998
206915,5,53736
206916,4,55999
206917,5,53737
206918,4,56000
206919,5,53738
206920,4,56001
206921,5,53739
206922,4,56002
206923,5,53740
206924,4,56003
206925,5,53741
206926,4,56004
206927,5,53742
206928,4,56005
206929,5,53743
206930,4,56006
206931,5,53744
206932,4,56007
206933,5,53745
206934,4,56008
206935,5,53746
206936,4,56009
206937,5,53747
206938,4,56010
206939,5,53748
206940,4,56011
206941,5,53749
206942,4,56012
206943,5,53750
206944,4,56013
206945,5,53751
206946,4,56014
206947,5,53752
206948,4,56015
206949,5,53753
206950,4,56016
206951,5,53754
206952,4,56017
206953,5,53755
206954,4,56018
206955,5,53756
206956,4,56019
206957,5,53757
206958,4,56020
206959,5,53758
206960,4,56021
206961,5,53759
206962,4,56022
206963,5,53760
206964,4,56023
206965,5,53761
206966,4,56024
206967,5,53762
206968,4,56025
206969,5,53763
206970,4,56026
206971,5,53764
206972,4,56027
206973,5,53765
206974,4,51939
206975,5,53766
206976,4,51940
206977,5,53767
206978,4,51941
206979,5,53768
206980,4,51942
206981,5,53769
206982,4,51943
206983,5,53770
206984,4,51944
206985,5,53771
206986,4,51945
206987,5,53772
206988,4,51946
206989,5,53773
206990,4,51947
206991,5,53774
206992,4,51948
206993,5,53775
206994,4,51949
206995,5,53776
206996,4,51950
206997,5,53777
206998,4,51951
206999,5,53778
207000,4,51952
207001,5,53779
207002,4,51953
207003,5,53780
207004,4,51954
207005,5,53781
207006,4,51955
207007,5,53782
207008,4,51956
207009,5,53783
207010,4,51957
207011,5,53784
207012,4,51958
207013,5,53785
207014,4,51959
207015,5,53786
207016,4,51960
207017,5,53787
207018,4,51961
207019,5,53788
207020,4,51962
207021,5,53789
207022,4,51963
207023,5,53790
207024,4,51964
207025,5,53791
207026,4,51965
207027,5,53792
207028,4,51966
207029,5,51466
207030,4,51967
207031,5,51467
207032,4,51968
207033,5,51468
207034,4,51969
207035,5,51469
207036,4,51970
207037,5,51470
207038,4,51971
207039,5,51471
207040,4,51972
207041,5,51472
207042,4,52572
207043,5,51473
207044,4,52573
207045,5,51474
207046,4,52574
207047,5,51475
207048,4,52575
207049,5,51476
207050,4,52576
207051,5,51477
207052,4,52577
207053,5,51478
207054,4,52578
207055,5,51479
207056,4,52579
207057,5,51480
207058,4,52580
207059,5,51481
207060,4,52581
207061,5,51482
207062,4,52582
207063,5,51483
207064,4,52583
207065,5,51484
207066,4,52584
207067,5,51485
207068,4,52585
207069,5,51486
207070,4,52586
207071,5,51487
207072,4,52587
207073,5,51488
207074,4,52588
207075,5,51489
207076,4,52589
207077,5,51490
207078,4,52590
207079,5,51491
207080,4,52591
207081,5,51492
207082,4,52592
207083,5,51493
207084,4,52593
207085,5,51494
207086,4,52594
207087,5,51495
207088,4,52595
207089,5,51496
207090,4,52596
207091,5,51497
207092,4,52597
207093,5,51498
207094,4,52598
207095,5,51499
207096,4,52599
207097,5,51500
207098,4,52600
207099,5,51501
207100,4,52601
207101,5,51502
207102,4,52602
207103,5,51503
207104,4,52603
207105,5,51504
207106,4,52604
207107,5,51505
207108,4,52605
207109,5,51506
207110,4,52606
207111,5,51507
207112,4,52607
207113,5,51508
207114,4,52608
207115,5,51509
207116,4,52609
207117,5,51510
207118,4,52610
207119,5,51511
207120,4,52611
207121,5,51512
207122,4,52612
207123,5,51513
207124,4,52613
207125,5,51514
207126,4,52614
207127,5,51515
207128,4,52615
207129,5,51516
207130,4,52616
207131,5,51517
207132,4,52617
207133,5,51518
207134,4,52618
207135,5,51519
207136,4,52619
207137,5,51520
207138,4,52620
207139,5,51521
207140,4,52621
207141,5,51522
207142,4,52622
207143,5,51523
207144,4,52623
207145,5,51524
207146,4,52624
207147,5,51525
207148,4,52625
207149,5,51526
207150,4,52626
207151,5,51527
207152,4,52627
207153,5,51528
207154,4,52628
207155,5,51529
207156,4,52629
207157,5,51530
207158,4,52630
207159,5,51531
207160,4,53461
207161,5,51532
207162,4,53462
207163,5,51533
207164,4,53463
207165,5,51534
207166,4,53464
207167,5,51535
207168,4,53465
207169,5,51536
207170,4,53466
207171,5,51537
207172,4,53467
207173,5,51538
207174,4,53468
207175,5,51539
207176,4,53469
207177,5,51540
207178,4,53470
207179,5,51541
207180,4,53471
207181,5,51542
207182,4,53472
207183,5,51543
207184,4,53473
207185,5,51544
207186,4,53474
207187,5,51545
207188,4,53475
207189,5,51546
207190,10,51582
207191,10,51583
207192,10,51584
207193,10,51585
207194,10,50606
207195,10,50607
207196,10,51582
207197,10,51583
207198,10,51584
207199,10,51582
207200,10,51583
207201,10,51584
207202,10,51582
207203,10,51583
207204,10,51584
207205,10,51585
207206,10,50606
207207,10,50607
207208,10,51582
207209,10,51583
207210,10,51584
207211,10,51582
207212,10,51583
207213,10,51584
207214,10,51582
207215,10,51583
207216,10,51584
207217,10,51582
207218,10,51583
207219,10,51584
207220,10,51585
207221,10,50606
207222,10,50607
207223,10,51585
207224,10,50606
207225,10,50607
207226,10,51585
207227,10,50606
207228,10,50607
207229,10,51585
207230,10,50606
207231,10,50607
207232,10,51585
207233,10,50606
207234,10,50607
207235,10,51582
207236,10,51583
207237,10,51584
207238,10,51585
207239,10,50606
207240,10,50607
207241,10,51585
207242,10,50606
207243,10,50607
207244,10,51585
207245,10,50606
207246,10,50607
207247,10,5835
207248,10,5836
207249,10,5837
207250,10,5838
207251,10,5839
207252,10,5840
207253,10,5841
207254,10,5842
207255,10,5843
207256,10,5844
207257,10,51582
207258,10,51583
207259,10,51584
207260,10,5835
207261,10,5836
207262,10,5837
207263,10,5838
207264,10,5839
207265,10,5840
207266,10,5841
207267,10,5842
207268,10,5843
207269,10,5844
207270,10,51582
207271,10,51583
207272,10,51584
207273,10,5835
207274,10,5836
207275,10,5837
207276,10,5838
207277,10,5839
207278,10,5840
207279,10,5841
207280,10,5842
207281,10,5843
207282,10,5844
207283,10,51582
207284,10,51583
207285,10,51584
207286,10,5835
207287,10,5836
207288,10,5837
207289,10,5838
207290,10,5839
207291,10,5840
207292,10,5841
207293,10,5842
207294,10,5843
207295,10,5844
207296,10,51582
207297,10,51583
207298,10,51584
207299,10,5835
207300,10,5836
207301,10,5837
207302,10,5838
207303,10,5839
207304,10,5840
207305,10,5841
207306,10,5842
207307,10,5843
207308,10,5844
207309,10,51582
207310,10,51583
207311,10,51584
207312,11,53968
207313,12,53977
207314,11,53969
207315,12,53978
207316,11,53970
207317,12,53979
207318,1,56435
207319,13,56426
207320,1,56436
207321,13,56427
207322,1,56437
207323,13,56428
207324,4,57856
207325,5,58678
207326,4,57857
207327,5,58679
207328,4,57861
207329,5,58682
207330,4,57862
207331,5,58683
207332,4,57863
207333,5,58684
207334,4,57865
207335,5,58687
207336,4,57872
207337,5,58691
207338,4,57873
207339,5,58692
207340,4,57876
207341,5,58695
207342,4,57882
207343,5,58702
207344,4,57883
207345,5,58703
207346,4,57884
207347,5,58704
207348,4,57885
207349,5,58705
207350,4,57886
207351,5,58706
207352,4,53193
207353,5,58707
207354,4,57887
207355,5,58708
207356,4,57888
207357,5,58709
207358,4,57889
207359,5,58710
207360,4,57890
207361,5,58711
207362,4,57891
207363,5,58712
207364,4,57892
207365,5,58713
207366,4,57893
207367,5,58714
207368,4,58322
207369,5,58715
207370,4,58323
207371,5,59005
207372,4,58324
207373,5,59006
207374,4,58325
207375,5,59007
207376,4,58326
207377,5,59008
207378,4,58327
207379,5,59009
207380,4,58328
207381,5,59010
207382,4,58329
207383,5,59011
207384,4,58330
207385,5,59012
207386,4,58331
207387,5,59013
207388,4,58332
207389,5,59014
207390,4,58333
207391,5,59015
207392,4,58334
207393,5,59016
207394,4,58335
207395,5,59017
207396,4,58336
207397,5,59018
207398,4,58337
207399,5,59019
207400,4,58338
207401,5,59020
207402,4,58339
207403,5,59021
207404,4,58340
207405,5,59022
207406,4,58341
207407,5,59023
207408,4,58342
207409,5,59024
207410,4,58343
207411,5,59025
207412,4,58344
207413,5,59026
207414,4,58345
207415,5,59027
207416,4,58346
207417,5,59028
207418,4,58347
207419,5,59029
207420,4,58348
207421,5,59030
207422,4,58349
207423,5,59031
207424,4,58350
207425,5,59032
207426,4,58351
207427,5,59033
207428,4,58352
207429,5,59034
207430,4,58353
207431,5,59035
207432,4,58354
207433,5,59036
207434,4,58355
207435,5,59037
207436,4,58356
207437,5,59038
207438,4,58357
207439,5,59039
207440,4,58358
207441,5,59040
207442,4,58359
207443,5,59041
207444,4,58360
207445,5,59042
207446,4,58361
207447,5,59043
207448,4,58362
207449,5,59044
207450,4,58363
207451,5,59045
207452,4,58364
207453,5,59046
207454,4,58365
207455,5,59047
207456,4,58366
207457,5,59048
207458,4,58367
207459,5,59049
207460,4,58368
207461,5,59050
207462,4,58369
207463,5,59051
207464,4,58370
207465,5,59052
207466,4,58371
207467,5,59053
207468,4,58372
207469,5,59054
207470,4,58373
207471,5,59055
207472,4,58374
207473,5,59056
207474,4,58375
207475,5,59057
207476,4,58376
207477,5,59058
207478,4,58377
207479,5,59059
207480,4,58378
207481,5,59060
207482,4,58379
207483,5,59061
207484,4,58380
207485,5,59062
207486,4,58381
207487,5,53198
207488,4,58382
207489,5,59063
207490,4,58383
207491,5,59064
207492,4,58384
207493,5,59065
207494,4,58385
207495,5,59066
207496,4,56422
207497,5,59067
207498,4,58676
207499,5,56423
207500,4,53194
207501,5,56424
207502,4,58677
207503,5,56425
207504,10,57430
207505,11,56438
207506,12,56460
207507,10,57854
207508,11,56439
207509,12,56461
207510,10,57855
207511,11,56440
207512,12,56462
207513,11,56438
207514,12,56460
207515,11,56439
207516,12,56461
207517,11,56440
207518,12,56462
207519,11,56441
207520,12,56463
207521,11,56442
207522,12,56464
207523,11,56443
207524,12,56465
207525,12,56713
207526,11,56444
207527,12,56714
207528,11,56445
207529,12,56715
207530,11,56446
207531,12,56716
207532,11,56447
207533,12,56717
207534,11,56448
207535,12,56718
207536,11,56449
207537,12,56719
207538,11,56450
207539,12,56720
207540,11,56451
207541,12,56721
207542,11,7372
207543,12,7430
207544,11,7373
207545,12,7431
207546,11,7374
207547,12,7432
207548,11,7375
207549,12,7433
207550,11,7376
207551,12,7434
207552,11,7377
207553,12,7435
207554,11,7378
207555,12,7436
207556,11,7379
207557,12,7437
207558,11,56438
207559,12,56460
207560,11,56439
207561,12,56461
207562,11,56440
207563,12,56462
207564,12,7446
207565,12,7447
207566,12,7448
207567,12,7449
207568,12,7450
207569,12,7451
207570,11,7388
207571,12,7452
207572,11,7389
207573,12,7453
207574,12,56713
207575,11,56444
207576,12,56714
207577,11,56445
207578,12,56715
207579,12,7446
207580,12,7447
207581,12,7448
207582,12,7449
207583,12,7450
207584,12,7451
207585,11,7388
207586,12,7452
207587,11,7389
207588,12,7453
207589,12,56713
207590,11,56444
207591,12,56714
207592,11,56445
207593,12,56715
207594,1,57427
207595,13,57421
207596,14,57424
207597,1,57428
207598,13,57422
207599,14,57425
207600,1,57429
207601,13,57423
207602,14,57426
207603,4,53168
207604,5,57172
207605,4,51875
207606,5,57173
207607,4,51876
207608,5,57174
207609,4,53169
207610,5,53187
207611,4,51877
207612,5,53188
207613,4,53170
207614,5,53189
207615,4,53171
207616,5,57175
207617,4,51878
207618,5,57176
207619,4,51879
207620,5,53190
207621,4,53172
207622,5,57177
207623,4,51880
207624,5,57178
207625,4,51881
207626,5,57179
207627,4,51882
207628,5,57180
207629,4,53173
207630,5,57181
207631,4,53207
207632,5,57182
207633,4,53174
207634,5,57183
207635,4,53175
207636,5,57184
207637,4,53176
207638,5,57185
207639,4,53177
207640,5,57186
207641,4,53178
207642,5,57187
207643,4,53179
207644,5,57188
207645,4,53180
207646,5,57189
207647,4,53181
207648,5,57190
207649,4,52156
207650,5,57191
207651,4,52157
207652,5,57192
207653,4,52158
207654,5,57193
207655,4,52159
207656,5,57194
207657,4,52160
207658,5,57195
207659,4,52161
207660,5,57196
207661,4,52162
207662,5,57197
207663,4,52163
207664,5,57198
207665,4,52164
207666,5,57199
207667,4,52165
207668,5,57200
207669,4,52166
207670,5,57201
207671,4,52167
207672,5,57202
207673,4,52168
207674,5,57203
207675,4,52169
207676,5,57204
207677,4,52170
207678,5,57205
207679,4,52171
207680,5,57206
207681,4,52172
207682,5,57371
207683,4,52173
207684,5,57372
207685,4,52174
207686,5,57373
207687,4,52175
207688,5,57374
207689,4,52176
207690,5,57375
207691,4,52177
207692,5,57376
207693,4,52178
207694,5,57377
207695,4,52179
207696,5,57378
207697,4,53182
207698,5,57379
207699,4,53183
207700,5,57380
207701,4,52180
207702,5,57381
207703,4,52181
207704,5,57382
207705,4,52182
207706,5,57383
207707,4,52183
207708,5,57384
207709,4,53184
207710,5,57385
207711,4,53185
207712,5,57386
207713,4,52184
207714,5,57387
207715,4,52185
207716,5,57388
207717,4,52186
207718,5,57389
207719,4,52187
207720,5,53191
207721,4,52188
207722,5,57390
207723,4,52189
207724,5,57391
207725,4,52190
207726,5,57392
207727,4,52191
207728,5,57393
207729,4,52192
207730,5,57394
207731,4,52193
207732,5,57395
207733,4,52194
207734,5,57396
207735,4,52195
207736,5,57397
207737,4,52196
207738,5,57398
207739,4,52197
207740,5,57399
207741,4,52198
207742,5,57400
207743,4,52199
207744,5,57401
207745,4,52200
207746,5,57402
207747,4,52201
207748,5,57403
207749,4,52202
207750,5,57404
207751,4,52203
207752,5,57405
207753,4,52204
207754,5,57406
207755,4,52205
207756,5,57407
207757,4,52206
207758,5,57408
207759,4,52207
207760,5,57409
207761,4,52208
207762,5,57410
207763,4,52209
207764,5,57411
207765,4,52210
207766,5,57412
207767,4,52211
207768,5,57413
207769,4,52212
207770,5,57414
207771,4,52213
207772,5,57415
207773,4,52214
207774,5,57416
207775,4,57169
207776,5,57417
207777,4,53186
207778,5,57418
207779,4,57170
207780,5,57419
207781,4,57171
207782,5,57420
207783,11,56438
207784,12,56460
207785,11,56439
207786,12,56461
207787,11,56440
207788,12,56462
207789,11,56449
207790,12,56719
207791,11,56450
207792,12,56720
207793,11,56451
207794,12,56721
207795,11,56441
207796,12,56463
207797,11,56442
207798,12,56464
207799,11,56443
207800,12,56465
207801,11,56452
207802,12,56722
207803,11,56453
207804,12,56723
207805,11,56454
207806,12,56724
207807,11,56455
207808,12,56725
207809,11,56456
207810,12,56726
207811,11,56457
207812,12,56727
207813,11,56458
207814,12,56728
207815,11,56459
207816,12,56729
207817,11,53208
207818,12,56730
207819,11,56441
207820,12,56463
207821,11,56442
207822,12,56464
207823,11,56443
207824,12,56465
207825,11,7380
207826,12,7438
207827,11,7381
207828,12,7439
207829,11,7382
207830,12,7440
207831,11,7383
207832,12,7441
207833,11,7384
207834,12,7442
207835,11,7385
207836,12,7443
207837,11,7386
207838,12,7444
207839,11,7387
207840,12,7445
207841,11,56441
207842,12,56463
207843,11,56442
207844,12,56464
207845,11,56443
207846,12,56465
207847,11,7372
207848,12,7438
207849,11,7373
207850,12,7439
207851,11,7374
207852,12,7440
207853,11,7375
207854,12,7441
207855,11,7376
207856,12,7442
207857,11,7377
207858,12,7443
207859,11,7378
207860,12,7444
207861,11,7379
207862,12,7445
207863,11,56438
207864,12,56463
207865,11,56439
207866,12,56464
207867,11,56440
207868,12,56465
207869,11,7372
207870,12,7438
207871,11,7373
207872,12,7439
207873,11,7374
207874,12,7440
207875,11,7375
207876,12,7441
207877,11,7376
207878,12,7442
207879,11,7377
207880,13,6164
207881,2,6185
207882,1,6186
207883,13,6165
207884,2,6185
207885,1,6187
207886,13,6166
207887,1,6188
207888,2,6189
207889,13,6167
207890,2,6189
207891,1,6190
207892,13,6168
207893,2,6189
207894,1,6191
207895,13,6169
207896,1,6192
207897,2,6193
207898,13,6170
207899,2,6193
207900,1,6194
207901,13,6171
207902,2,6193
207903,1,6195
207904,13,6172
207905,1,6196
207906,2,6197
207907,13,6173
207908,2,6197
207909,1,6198
207910,13,6174
207911,2,6197
207912,1,6199
207913,13,6175
207914,1,6200
207915,2,6201
207916,13,6176
207917,1,53686
207918,13,53680
207919,14,53683
207920,1,53687
207921,13,53681
207922,14,53684
207923,1,53688
207924,13,53682
207925,14,53685
207926,4,50836
207927,5,50880
207928,4,50837
207929,5,50881
207930,4,50838
207931,5,53373
207932,4,50839
207933,5,53374
207934,4,50840
207935,5,53375
207936,4,50841
207937,5,53376
207938,4,50842
207939,5,53377
207940,4,50843
207941,5,53378
207942,4,50844
207943,5,53379
207944,4,50845
207945,5,53380
207946,4,50846
207947,5,53381
207948,4,50847
207949,5,53382
207950,4,50848
207951,5,53383
207952,4,50849
207953,5,53384
207954,4,50850
207955,5,53385
207956,4,50851
207957,5,53386
207958,4,50852
207959,5,53387
207960,4,50853
207961,5,53388
207962,4,50854
207963,5,53389
207964,4,50855
207965,5,53390
207966,4,50856
207967,5,53391
207968,4,50857
207969,5,53392
207970,4,50858
207971,5,53393
207972,4,50859
207973,5,53394
207974,4,50860
207975,5,53395
207976,4,50861
207977,5,53396
207978,4,50862
207979,5,53397
207980,4,50863
207981,5,53398
207982,4,50864
207983,5,53399
207984,4,50865
207985,5,53400
207986,4,50866
207987,5,53401
207988,4,50867
207989,5,53402
207990,4,50868
207991,5,81124
207992,4,50869
207993,4,50870
207994,5,53404
207995,4,50871
207996,5,53671
207997,4,50872
207998,5,53672
207999,4,50873
208000,5,53673
208001,4,50874
208002,5,53674
208003,4,50875
208004,5,53675
208005,4,50876
208006,5,53676
208007,4,50877
208008,5,53677
208009,4,50878
208010,5,53678
208011,4,50879
208012,5,53679
208013,1,55461
208014,13,55452
208015,1,55462
208016,13,55453
208017,1,55463
208018,13,55454
208019,4,54250
208020,5,55184
208021,4,54251
208022,5,55185
208023,4,54252
208024,5,55186
208025,4,54253
208026,5,55187
208027,4,54254
208028,5,55188
208029,4,54255
208030,5,55189
208031,4,54256
208032,5,55190
208033,4,54257
208034,5,55191
208035,4,54258
208036,5,55192
208037,4,54259
208038,5,55193
208039,4,54260
208040,5,55194
208041,4,54261
208042,5,55195
208043,4,54262
208044,5,55196
208045,4,54263
208046,5,55197
208047,4,54264
208048,5,55198
208049,4,54265
208050,5,55199
208051,4,54266
208052,5,55200
208053,4,54267
208054,5,55201
208055,4,54268
208056,5,55202
208057,4,54269
208058,5,55203
208059,4,54270
208060,5,55204
208061,4,54271
208062,5,55205
208063,4,54272
208064,5,55206
208065,4,54273
208066,5,55207
208067,4,54274
208068,5,55208
208069,4,54275
208070,5,55209
208071,4,54276
208072,5,55210
208073,4,54277
208074,5,55211
208075,4,54278
208076,5,55212
208077,4,54279
208078,5,55442
208079,4,54280
208080,5,55443
208081,4,54281
208082,5,55444
208083,4,55177
208084,5,55445
208085,4,55178
208086,5,55446
208087,4,55179
208088,5,55447
208089,4,55180
208090,5,55448
208091,4,55181
208092,5,55449
208093,4,55182
208094,5,55450
208095,4,55183
208096,5,55451
208097,10,54247
208098,11,55464
208099,12,55473
208100,10,54248
208101,11,55465
208102,12,55474
208103,10,54249
208104,11,55466
208105,12,55475
208106,11,55467
208107,12,55476
208108,11,55468
208109,12,55477
208110,11,55469
208111,12,55478
208112,11,55467
208113,12,55476
208114,11,55468
208115,12,55477
208116,11,55469
208117,12,55478
208118,11,7175
208119,12,7205
208120,11,7176
208121,12,7206
208122,11,7177
208123,12,7207
208124,11,7178
208125,12,7208
208126,11,7179
208127,12,7209
208128,11,7180
208129,12,7210
208130,11,7181
208131,12,7211
208132,11,7182
208133,12,7212
208134,11,7183
208135,12,7213
208136,11,7184
208137,12,7214
208138,11,55467
208139,12,55476
208140,11,55468
208141,12,55477
208142,11,55469
208143,12,55478
208144,12,7215
208145,12,7216
208146,12,7217
208147,12,7218
208148,12,7219
208149,12,7220
208150,12,7221
208151,12,7222
208152,12,7223
208153,12,7224
208154,12,55479
208155,12,55480
208156,12,55481
208157,12,7215
208158,12,7216
208159,12,7217
208160,12,7218
208161,12,7219
208162,12,7220
208163,12,7221
208164,12,7222
208165,12,7223
208166,12,7224
208167,12,55479
208168,12,55480
208169,12,55481
208170,2,6201
208171,1,6202
208172,13,6177
208173,2,6201
208174,1,6203
208175,13,6178
208176,1,6204
208177,2,6205
208178,13,6179
208179,1,55404
208180,2,55405
208181,13,55384
208182,1,55406
208183,2,55407
208184,13,55385
208185,1,56315
208186,2,56316
208187,13,55386
208188,2,6181
208189,1,65140
208190,2,6181
208191,1,65141
208192,2,6181
208193,1,65142
208194,1,8002
208195,2,8003
208196,13,7980
208197,14,7991
208198,2,8003
208199,1,8004
208200,13,7981
208201,14,7992
208202,1,8006
208203,2,8007
208204,1,54244
208205,13,54238
208206,14,54241
208207,1,54245
208208,13,54239
208209,14,54242
208210,1,54246
208211,13,54240
208212,14,54243
208213,4,56352
208214,5,54038
208215,4,56353
208216,5,52014
208217,4,51973
208218,5,52015
208219,4,51974
208220,5,52016
208221,4,51975
208222,5,52017
208223,4,51976
208224,5,52018
208225,4,51977
208226,5,52019
208227,4,51978
208228,5,52020
208229,4,51979
208230,5,52021
208231,4,51980
208232,5,52022
208233,4,51981
208234,5,52023
208235,4,51982
208236,5,52024
208237,4,51983
208238,5,52025
208239,4,51984
208240,5,52026
208241,4,51985
208242,5,52027
208243,4,51986
208244,5,54042
208245,4,51987
208246,5,54043
208247,4,54036
208248,5,54044
208249,4,51988
208250,5,54045
208251,4,51989
208252,5,54046
208253,4,51990
208254,5,54047
208255,4,51991
208256,5,54048
208257,4,51992
208258,5,54049
208259,4,51993
208260,5,54050
208261,4,51994
208262,5,54051
208263,4,51995
208264,5,54052
208265,4,51996
208266,5,54053
208267,4,51997
208268,5,54220
208269,4,51998
208270,5,54221
208271,4,51999
208272,5,54222
208273,4,52000
208274,5,54223
208275,4,52001
208276,5,54224
208277,4,54037
208278,5,54225
208279,4,52002
208280,5,54226
208281,4,52003
208282,5,54227
208283,4,52004
208284,5,54228
208285,4,52005
208286,5,54229
208287,4,52006
208288,5,54230
208289,4,52007
208290,5,54231
208291,4,52008
208292,5,54232
208293,4,52009
208294,5,54233
208295,4,52010
208296,5,54234
208297,4,52011
208298,5,54235
208299,4,52012
208300,5,54236
208301,4,52013
208302,5,54237
208303,11,55464
208304,12,55473
208305,11,55465
208306,12,55474
208307,11,55466
208308,12,55475
208309,11,55464
208310,12,55473
208311,11,55465
208312,12,55474
208313,11,55466
208314,12,55475
208315,12,7215
208316,12,7216
208317,12,7217
208318,12,7218
208319,12,7219
208320,12,7220
208321,12,7221
208322,12,7222
208323,12,7223
208324,12,7224
208325,12,55479
208326,12,55480
208327,12,55481
208328,12,7215
208329,12,7216
208330,12,7217
208331,12,7218
208332,12,7219
208333,12,7220
208334,12,7221
208335,12,7222
208336,12,7223
208337,12,7224
208338,12,55479
208339,12,55480
208340,12,55481
208341,12,7215
208342,12,7216
208343,12,7217
208344,12,7218
208345,12,7219
208346,12,7220
208347,12,7221
208348,12,7222
208349,12,7223
208350,12,7224
208351,12,55479
208352,12,55480
208353,12,55481
208354,12,7215
208355,12,7216
208356,12,7217
208357,12,7218
208358,12,7219
208359,12,7220
208360,12,7221
208361,12,7222
208362,12,7223
208363,12,7224
208364,12,55479
208365,12,55480
208366,12,55481
208367,10,54247
208368,10,54248
208369,10,54249
208370,1,51138
208371,13,51132
208372,14,51135
208373,1,51139
208374,13,51133
208375,14,51136
208376,1,51140
208377,13,51134
208378,14,51137
208379,4,73897
208380,5,73955
208381,4,73898
208382,5,73956
208383,4,73899
208384,5,73957
208385,4,73920
208386,5,73978
208387,4,73921
208388,5,73979
208389,4,73922
208390,5,73980
208391,4,73927
208392,5,73985
208393,4,73928
208394,5,73986
208395,4,73929
208396,5,73987
208397,4,73946
208398,5,50963
208399,4,73947
208400,5,50964
208401,4,73948
208402,5,50965
208403,4,73949
208404,5,50966
208405,4,73950
208406,5,50967
208407,4,73951
208408,5,50968
208409,4,73952
208410,5,50969
208411,4,73953
208412,5,50970
208413,4,73954
208414,5,50971
208415,4,51670
208416,5,50972
208417,4,51671
208418,5,50973
208419,4,51672
208420,5,50974
208421,4,51673
208422,5,50975
208423,4,51674
208424,5,50976
208425,4,51675
208426,5,50977
208427,4,51676
208428,5,50978
208429,4,51677
208430,5,50979
208431,4,51678
208432,5,50980
208433,4,51679
208434,5,50981
208435,4,51680
208436,5,50982
208437,4,51681
208438,5,50983
208439,4,51682
208440,5,50984
208441,4,51683
208442,5,50985
208443,4,51684
208444,5,50986
208445,4,51685
208446,5,50987
208447,4,51686
208448,5,50988
208449,4,51687
208450,5,50989
208451,4,51688
208452,5,50990
208453,4,51689
208454,5,50991
208455,4,51690
208456,5,50992
208457,4,51691
208458,5,50993
208459,4,51692
208460,5,50994
208461,4,51693
208462,5,50995
208463,4,51694
208464,5,50996
208465,4,51695
208466,5,50997
208467,4,51696
208468,5,50998
208469,4,51697
208470,5,50999
208471,4,51698
208472,5,51000
208473,4,51699
208474,5,51001
208475,4,51700
208476,5,51002
208477,4,51701
208478,5,51003
208479,4,51702
208480,5,51004
208481,4,51703
208482,5,51005
208483,4,51704
208484,5,51006
208485,4,51705
208486,5,51007
208487,4,51706
208488,5,51008
208489,4,51707
208490,5,51009
208491,4,51708
208492,5,51010
208493,4,51709
208494,5,51011
208495,4,51710
208496,5,51012
208497,4,51711
208498,5,51013
208499,4,51712
208500,5,51014
208501,4,51713
208502,5,51015
208503,4,51714
208504,5,51016
208505,4,51715
208506,5,51017
208507,4,51716
208508,5,51018
208509,4,51717
208510,5,51019
208511,4,51718
208512,5,51020
208513,4,51719
208514,5,51021
208515,4,51720
208516,5,51022
208517,4,51721
208518,5,51023
208519,4,51722
208520,5,51024
208521,4,51723
208522,5,51025
208523,4,51724
208524,5,51026
208525,4,51725
208526,5,51042
208527,4,51726
208528,5,51043
208529,4,51727
208530,5,51044
208531,4,51728
208532,5,51045
208533,4,51729
208534,5,51046
208535,4,51730
208536,5,51047
208537,4,51731
208538,5,51048
208539,4,51732
208540,5,51049
208541,4,51733
208542,5,51050
208543,4,51734
208544,5,51051
208545,4,51735
208546,5,51052
208547,4,51736
208548,5,51053
208549,4,50692
208550,5,51054
208551,4,50693
208552,5,51055
208553,4,50694
208554,5,51056
208555,4,50695
208556,5,51057
208557,4,50696
208558,5,51058
208559,4,50697
208560,5,51123
208561,4,50698
208562,5,51124
208563,4,50699
208564,5,51125
208565,4,50700
208566,5,51126
208567,4,50701
208568,5,51127
208569,4,50702
208570,5,51128
208571,4,50703
208572,5,51129
208573,4,50704
208574,5,51130
208575,4,50705
208576,5,51131
208577,10,51141
208578,11,51800
208579,12,51812
208580,10,51142
208581,11,51801
208582,12,51813
208583,10,51143
208584,11,51802
208585,12,51814
208586,1,55591
208587,13,53152
208588,1,55592
208589,13,55581
208590,1,55593
208591,13,55582
208592,4,53278
208593,5,54360
208594,4,53279
208595,5,54361
208596,4,53280
208597,5,54362
208598,4,53281
208599,5,54363
208600,4,53282
208601,5,54364
208602,4,53283
208603,5,54365
208604,4,53284
208605,5,54366
208606,4,53285
208607,5,54367
208608,4,53286
208609,5,54368
208610,4,53287
208611,5,54369
208612,4,53288
208613,5,54370
208614,4,53289
208615,5,54371
208616,4,53290
208617,5,54372
208618,4,53149
208619,5,54373
208620,4,53204
208621,5,54374
208622,4,53150
208623,5,54375
208624,4,53151
208625,5,54376
208626,4,54061
208627,5,51844
208628,4,54062
208629,5,55216
208630,4,54063
208631,5,55217
208632,4,54064
208633,5,55218
208634,4,54065
208635,5,55219
208636,4,54066
208637,5,55220
208638,4,54067
208639,5,55221
208640,4,54068
208641,5,55222
208642,4,54069
208643,5,55223
208644,4,54070
208645,5,55224
208646,4,54071
208647,5,55225
208648,4,54072
208649,5,55226
208650,4,54073
208651,5,55227
208652,4,54074
208653,5,55228
208654,4,54075
208655,5,55229
208656,4,54076
208657,5,55230
208658,4,54077
208659,5,55231
208660,4,54078
208661,5,55232
208662,4,54079
208663,5,55233
208664,4,54080
208665,5,55234
208666,4,54081
208667,5,55235
208668,4,54082
208669,5,55236
208670,4,54083
208671,5,55237
208672,4,54084
208673,5,55238
208674,4,54085
208675,5,55239
208676,4,54086
208677,5,55240
208678,4,54087
208679,5,55241
208680,4,54088
208681,5,55242
208682,4,54089
208683,5,55243
208684,4,54090
208685,5,55244
208686,4,54091
208687,5,55245
208688,4,54092
208689,5,55246
208690,4,54093
208691,5,55247
208692,4,54094
208693,5,55248
208694,4,54095
208695,5,55249
208696,4,54322
208697,5,55250
208698,4,54323
208699,5,55544
208700,4,54324
208701,5,55545
208702,4,54325
208703,5,55546
208704,4,54326
208705,5,55547
208706,4,54327
208707,5,55548
208708,4,54328
208709,5,55549
208710,4,54329
208711,5,55550
208712,4,54330
208713,5,55551
208714,4,54331
208715,5,55552
208716,4,54332
208717,5,55553
208718,4,54333
208719,5,55554
208720,4,54334
208721,5,55555
208722,4,54335
208723,5,55556
208724,4,54336
208725,5,55557
208726,4,54337
208727,5,55558
208728,4,54338
208729,5,55559
208730,4,54339
208731,5,55560
208732,4,54340
208733,5,55561
208734,4,54341
208735,5,55562
208736,4,54342
208737,5,55563
208738,4,54343
208739,5,55564
208740,4,54344
208741,5,55565
208742,4,54345
208743,5,55566
208744,4,54346
208745,5,55567
208746,4,54347
208747,5,55568
208748,4,54348
208749,5,55569
208750,4,54349
208751,5,55570
208752,4,54350
208753,5,55571
208754,4,54351
208755,5,55572
208756,4,54352
208757,5,55573
208758,4,54353
208759,5,55574
208760,4,54354
208761,5,55575
208762,4,54355
208763,5,55576
208764,4,54356
208765,5,55577
208766,4,54357
208767,5,55578
208768,4,54358
208769,5,55579
208770,4,54359
208771,5,55580
208772,11,5416
208773,12,5436
208774,11,5417
208775,12,5437
208776,11,5418
208777,12,5438
208778,11,5419
208779,12,5439
208780,11,5420
208781,12,5440
208782,11,5421
208783,12,5441
208784,11,5422
208785,12,5442
208786,11,5423
208787,12,5443
208788,11,55594
208789,12,51845
208790,11,55595
208791,12,51846
208792,11,55596
208793,12,51847
208794,11,5416
208795,12,5436
208796,11,5417
208797,12,5437
208798,11,5418
208799,12,5438
208800,11,5419
208801,12,5439
208802,11,5420
208803,12,5440
208804,11,5421
208805,12,5441
208806,11,5422
208807,12,5442
208808,11,5423
208809,12,5443
208810,11,55594
208811,12,51845
208812,11,55595
208813,12,51846
208814,11,55596
208815,12,51847
208816,11,5416
208817,12,5436
208818,11,5417
208819,12,5437
208820,11,5418
208821,12,5438
208822,11,5419
208823,12,5439
208824,11,5420
208825,12,5440
208826,11,5421
208827,12,5441
208828,11,5422
208829,12,5442
208830,11,5423
208831,12,5443
208832,11,55594
208833,12,51845
208834,11,55595
208835,12,51846
208836,11,55596
208837,12,51847
208838,11,5416
208839,12,5436
208840,11,5417
208841,12,5437
208842,11,5418
208843,12,5438
208844,11,5419
208845,12,5439
208846,11,5420
208847,12,5440
208848,11,5421
208849,12,5441
208850,11,5422
208851,12,5442
208852,11,5423
208853,12,5443
208854,11,55594
208855,12,51845
208856,11,55595
208857,12,51846
208858,11,55596
208859,12,51847
208860,11,5416
208861,12,5436
208862,11,5417
208863,12,5437
208864,11,5418
208865,12,5438
208866,11,5419
208867,12,5439
208868,11,5420
208869,12,5440
208870,11,5421
208871,12,5441
208872,11,5422
208873,12,5442
208874,11,5423
208875,12,5443
208876,11,55594
208877,12,51845
208878,11,55595
208879,12,51846
208880,11,55596
208881,12,51847
208882,11,5416
208883,12,5436
208884,11,5417
208885,12,5437
208886,11,5418
208887,12,5438
208888,11,5419
208889,12,5439
208890,11,5420
208891,12,5440
208892,11,5421
208893,12,5441
208894,11,5422
208895,12,5442
208896,11,5423
208897,12,5443
208898,11,55594
208899,12,51845
208900,11,55595
208901,12,51846
208902,11,55596
208903,12,51847
208904,11,5416
208905,12,5436
208906,11,5417
208907,12,5437
208908,11,5418
208909,12,5438
208910,11,5419
208911,12,5439
208912,11,5420
208913,12,5440
208914,11,5421
208915,12,5441
208916,11,5422
208917,12,5442
208918,11,5423
208919,12,5443
208920,11,55594
208921,12,51845
208922,11,55595
208923,12,51846
208924,11,55596
208925,12,51847
208926,11,5416
208927,12,5436
208928,11,5417
208929,12,5437
208930,11,5418
208931,12,5438
208932,11,5419
208933,12,5439
208934,11,5420
208935,12,5440
208936,11,5421
208937,12,5441
208938,11,5422
208939,12,5442
208940,11,5423
208941,12,5443
208942,11,55594
208943,12,51845
208944,11,55595
208945,12,51846
208946,11,55596
208947,12,51847
208948,11,5416
208949,12,5436
208950,11,5417
208951,12,5437
208952,11,5418
208953,12,5438
208954,11,5419
208955,12,5439
208956,11,5420
208957,12,5440
208958,11,5421
208959,12,5441
208960,11,5422
208961,12,5442
208962,11,5423
208963,12,5443
208964,11,55594
208965,12,51845
208966,11,55595
208967,12,51846
208968,11,55596
208969,12,51847
208970,11,5416
208971,12,5436
208972,11,5417
208973,12,5437
208974,11,5418
208975,12,5438
208976,11,5419
208977,12,5439
208978,11,5420
208979,12,5440
208980,11,5421
208981,12,5441
208982,11,5422
208983,12,5442
208984,11,5423
208985,12,5443
208986,11,55594
208987,12,51845
208988,11,55595
208989,12,51846
208990,11,55596
208991,12,51847
208992,11,5416
208993,12,5436
208994,11,5417
208995,12,5437
208996,11,5418
208997,12,5438
208998,11,5419
208999,12,5439
209000,11,5420
209001,12,5440
209002,11,5421
209003,12,5441
209004,11,5422
209005,12,5442
209006,11,5423
209007,12,5443
209008,11,55594
209009,12,51845
209010,11,55595
209011,12,51846
209012,11,55596
209013,12,51847
209014,10,53148
209015,10,53276
209016,10,53277
209017,1,53275
209018,13,53272
209019,14,53143
209020,1,53146
209021,13,53273
209022,14,53144
209023,1,53147
209024,13,53274
209025,14,53145
209026,4,55153
209027,5,52105
209028,4,55154
209029,5,52106
209030,4,55155
209031,5,52107
209032,4,55156
209033,5,52108
209034,4,55157
209035,5,52109
209036,4,55158
209037,5,52110
209038,4,55159
209039,5,52111
209040,4,55160
209041,5,52112
209042,4,55161
209043,5,52113
209044,4,55162
209045,5,52114
209046,4,55163
209047,5,52115
209048,4,55164
209049,5,52116
209050,4,55165
209051,5,52117
209052,4,55166
209053,5,52118
209054,4,55167
209055,5,52119
209056,4,55168
209057,5,52120
209058,4,55169
209059,5,52121
209060,4,55170
209061,5,52122
209062,4,55171
209063,5,52123
209064,4,55172
209065,5,52124
209066,4,55173
209067,5,52125
209068,4,55174
209069,5,53044
209070,4,55175
209071,5,53045
209072,4,55176
209073,5,53046
209074,4,56182
209075,5,53047
209076,4,56183
209077,5,53048
209078,4,56184
209079,5,53049
209080,4,56185
209081,5,53050
209082,4,56186
209083,5,53051
209084,4,56187
209085,5,53052
209086,4,56188
209087,5,53053
209088,4,56189
209089,5,53054
209090,4,56190
209091,5,53055
209092,4,56191
209093,5,53056
209094,4,56192
209095,5,53057
209096,4,56193
209097,5,53058
209098,4,53140
209099,5,53059
209100,4,56194
209101,5,53060
209102,4,56195
209103,5,53061
209104,4,56196
209105,5,53062
209106,4,56197
209107,5,53063
209108,4,56198
209109,5,53064
209110,4,56199
209111,5,53065
209112,4,56200
209113,5,53066
209114,4,56201
209115,5,53067
209116,4,56202
209117,5,53068
209118,4,56203
209119,5,53069
209120,4,56204
209121,5,53070
209122,4,56205
209123,5,53071
209124,4,56206
209125,5,53072
209126,4,56207
209127,5,53073
209128,4,56208
209129,5,53074
209130,4,56209
209131,5,53075
209132,4,56210
209133,5,53076
209134,4,56211
209135,5,53237
209136,4,52071
209137,5,53238
209138,4,52072
209139,5,53239
209140,4,52073
209141,5,53240
209142,4,52074
209143,5,53241
209144,4,52075
209145,5,53242
209146,4,52076
209147,5,53243
209148,4,52077
209149,5,53244
209150,4,52078
209151,5,53245
209152,4,52079
209153,5,53246
209154,4,52080
209155,5,53247
209156,4,52081
209157,5,53248
209158,4,52082
209159,5,53249
209160,4,52083
209161,5,53250
209162,4,52084
209163,5,53251
209164,4,52085
209165,5,53252
209166,4,52086
209167,5,53253
209168,4,52087
209169,5,53254
209170,4,53141
209171,5,53255
209172,4,52088
209173,5,53256
209174,4,52089
209175,5,53257
209176,4,52090
209177,5,53258
209178,4,52091
209179,5,53259
209180,4,52092
209181,5,53260
209182,4,52093
209183,5,53142
209184,4,52094
209185,5,53261
209186,4,52095
209187,5,53262
209188,4,52096
209189,5,53263
209190,4,52097
209191,5,53264
209192,4,52098
209193,5,53265
209194,4,52099
209195,5,53266
209196,4,52100
209197,5,53267
209198,4,52101
209199,5,53268
209200,4,52102
209201,5,53269
209202,4,52103
209203,5,53270
209204,4,52104
209205,5,53271
209206,7,54960
209207,8,55123
209208,7,54963
209209,7,54961
209210,8,55124
209211,7,54964
209212,7,54962
209213,8,55125
209214,7,54965
209215,1,6180
209216,2,6181
209217,13,6161
209218,2,6181
209219,1,6182
209220,4,7086
209221,5,7802
209222,4,7087
209223,5,7803
209224,4,7744
209225,5,7804
209226,4,7745
209227,5,7805
209228,4,7746
209229,5,7806
209230,4,7747
209231,5,7807
209232,4,7748
209233,5,7808
209234,4,7749
209235,5,7809
209236,4,7750
209237,5,7810
209238,4,7751
209239,5,7811
209240,4,7752
209241,5,7812
209242,4,7753
209243,5,7813
209244,4,7754
209245,5,7814
209246,4,7755
209247,5,7815
209248,4,7756
209249,5,7816
209250,4,7757
209251,5,7817
209252,4,7758
209253,5,7818
209254,4,7759
209255,5,7819
209256,4,7760
209257,5,7820
209258,4,7761
209259,5,7821
209260,4,7762
209261,5,7822
209262,4,7763
209263,5,7823
209264,4,7764
209265,5,7824
209266,4,7765
209267,5,7825
209268,4,7766
209269,5,7826
209270,4,7767
209271,5,7827
209272,4,7768
209273,5,7828
209274,4,7769
209275,5,7829
209276,4,7770
209277,5,7830
209278,4,7771
209279,5,7831
209280,4,7772
209281,5,7832
209282,4,7773
209283,5,7833
209284,4,7774
209285,5,7834
209286,4,7775
209287,5,7835
209288,4,7776
209289,5,7836
209290,4,7777
209291,5,7837
209292,4,7778
209293,5,7838
209294,4,7779
209295,5,7839
209296,4,7780
209297,5,7840
209298,4,7781
209299,5,7841
209300,4,7782
209301,5,7842
209302,4,7783
209303,5,7843
209304,4,7784
209305,5,7844
209306,4,7785
209307,5,7845
209308,4,7786
209309,5,7846
209310,4,7787
209311,5,7847
209312,4,7788
209313,5,7848
209314,4,7789
209315,5,7849
209316,4,7790
209317,5,7850
209318,4,7791
209319,5,7851
209320,4,7792
209321,5,7852
209322,4,7793
209323,5,7853
209324,4,7794
209325,5,7854
209326,4,7795
209327,5,7855
209328,4,7796
209329,5,7856
209330,4,7797
209331,5,7857
209332,4,7798
209333,5,7858
209334,4,7799
209335,5,7859
209336,4,7800
209337,5,7860
209338,4,7801
209339,5,7861
209340,10,7065
209341,11,7874
209342,12,7894
209343,10,7066
209344,11,7875
209345,12,7895
209346,10,7067
209347,11,7876
209348,12,7896
209349,10,7068
209350,11,7877
209351,12,7897
209352,10,7069
209353,11,7878
209354,12,7898
209355,10,7070
209356,11,7879
209357,12,7899
209358,10,7071
209359,11,7880
209360,12,7900
209361,10,7072
209362,11,7881
209363,12,7901
209364,10,7073
209365,11,7882
209366,12,7902
209367,10,7074
209368,11,7883
209369,12,7903
209370,10,7065
209371,11,7884
209372,12,7904
209373,10,7066
209374,11,7885
209375,12,7905
209376,10,7067
209377,11,7886
209378,12,7906
209379,10,7068
209380,11,7887
209381,12,7907
209382,10,7069
209383,11,7888
209384,12,7908
209385,10,7070
209386,11,7889
209387,12,7909
209388,10,7071
209389,11,7890
209390,12,7910
209391,10,7072
209392,11,7891
209393,12,7911
209394,10,7073
209395,11,7892
209396,12,7912
209397,10,7074
209398,11,7893
209399,12,7913
209400,10,7065
209401,11,7874
209402,12,7894
209403,10,7066
209404,11,7875
209405,12,7895
209406,10,7067
209407,11,7876
209408,12,7896
209409,10,7068
209410,11,7877
209411,12,7897
209412,10,7069
209413,11,7878
209414,12,7898
209415,10,7070
209416,11,7879
209417,12,7899
209418,10,7071
209419,11,7880
209420,12,7900
209421,10,7072
209422,11,7881
209423,12,7901
209424,10,7073
209425,11,7882
209426,12,7902
209427,10,7074
209428,11,7883
209429,12,7903
209430,10,7065
209431,11,7874
209432,12,7894
209433,10,7066
209434,11,7875
209435,12,7895
209436,10,7067
209437,11,7876
209438,12,7896
209439,10,7068
209440,11,7877
209441,12,7897
209442,10,7069
209443,11,7878
209444,12,7898
209445,10,7070
209446,11,7879
209447,12,7899
209448,10,7071
209449,11,7880
209450,12,7900
209451,10,7072
209452,11,7881
209453,12,7901
209454,10,7073
209455,11,7882
209456,12,7902
209457,10,7074
209458,11,7883
209459,12,7903
209460,10,7065
209461,11,7874
209462,12,7894
209463,10,7066
209464,11,7875
209465,12,7895
209466,10,7067
209467,11,7876
209468,12,7896
209469,10,7068
209470,11,7877
209471,12,7897
209472,10,7069
209473,11,7878
209474,12,7898
209475,10,7070
209476,11,7879
209477,12,7899
209478,10,7071
209479,11,7880
209480,12,7900
209481,10,7072
209482,11,7881
209483,12,7901
209484,10,7073
209485,11,7882
209486,12,7902
209487,10,7074
209488,11,7883
209489,12,7903
209490,4,7507
209491,5,7567
209492,4,7508
209493,5,7568
209494,4,7509
209495,5,7569
209496,4,7510
209497,5,7570
209498,4,7511
209499,5,7571
209500,4,7512
209501,5,7572
209502,4,7513
209503,5,7573
209504,4,7514
209505,5,6994
209506,4,7515
209507,5,6995
209508,4,7516
209509,5,6996
209510,4,7517
209511,5,6997
209512,4,7518
209513,5,6998
209514,4,7519
209515,5,6999
209516,4,7520
209517,5,7000
209518,4,7521
209519,5,7001
209520,4,7522
209521,5,7002
209522,4,7523
209523,5,7003
209524,4,7524
209525,5,7004
209526,4,7525
209527,5,7005
209528,4,7526
209529,5,7006
209530,4,7527
209531,5,7007
209532,4,7528
209533,5,7008
209534,4,7529
209535,5,7009
209536,4,7530
209537,5,7010
209538,4,7531
209539,5,7011
209540,4,7532
209541,5,7012
209542,4,7533
209543,5,7013
209544,4,7534
209545,5,7014
209546,4,7535
209547,5,7015
209548,4,7536
209549,5,7016
209550,4,7537
209551,5,7017
209552,4,7538
209553,5,7018
209554,4,7539
209555,5,7019
209556,4,7540
209557,5,7020
209558,4,7541
209559,5,7021
209560,4,7542
209561,5,7022
209562,4,7543
209563,5,7023
209564,4,7544
209565,5,7024
209566,4,7545
209567,5,7025
209568,4,7546
209569,5,7026
209570,4,7547
209571,5,7027
209572,4,7548
209573,5,7028
209574,4,7549
209575,5,7029
209576,4,7550
209577,5,7030
209578,4,7551
209579,5,7031
209580,4,7552
209581,5,7032
209582,4,7553
209583,5,7033
209584,4,7554
209585,5,7034
209586,4,7555
209587,5,7035
209588,4,7556
209589,5,7036
209590,4,7557
209591,5,7037
209592,4,7558
209593,5,7038
209594,4,7559
209595,5,7039
209596,4,7560
209597,5,7040
209598,4,7561
209599,5,7041
209600,4,7562
209601,5,7042
209602,4,7563
209603,5,7043
209604,4,7564
209605,5,7044
209606,4,7565
209607,5,7045
209608,4,7566
209609,5,7046
209610,10,7065
209611,10,7066
209612,10,7067
209613,10,7068
209614,10,7069
209615,10,7070
209616,10,7071
209617,10,7072
209618,10,7073
209619,10,7074
209620,10,7065
209621,10,7066
209622,10,7067
209623,10,7068
209624,10,7069
209625,10,7070
209626,10,7071
209627,10,7072
209628,10,7073
209629,10,7074
209630,10,7065
209631,10,7066
209632,10,7067
209633,10,7068
209634,10,7069
209635,10,7070
209636,10,7071
209637,10,7072
209638,10,7073
209639,10,7074
209640,10,7065
209641,10,7066
209642,10,7067
209643,10,7068
209644,10,7069
209645,10,7070
209646,10,7071
209647,10,7072
209648,10,7073
209649,10,7074
209650,10,7065
209651,10,7066
209652,10,7067
209653,10,7068
209654,10,7069
209655,10,7070
209656,10,7071
209657,10,7072
209658,10,7073
209659,10,7074
209660,13,6162
209661,2,6181
209662,4,57502
209663,5,53213
209664,4,57503
209665,5,58457
209666,4,57504
209667,5,53214
209668,4,57505
209669,5,58458
209670,4,57506
209671,5,58459
209672,4,57507
209673,5,58460
209674,4,57508
209675,5,58461
209676,4,57509
209677,5,58462
209678,4,57510
209679,5,58463
209680,4,1134018
209681,5,58464
209682,4,1134019
209683,5,58465
209684,4,1134020
209685,5,58466
209686,4,1134021
209687,5,58467
209688,4,1134022
209689,5,58468
209690,4,1134023
209691,5,58469
209692,4,1134024
209693,5,58470
209694,4,1134025
209695,5,58471
209696,4,1134026
209697,5,58472
209698,4,1134027
209699,5,58473
209700,4,1134028
209701,5,58474
209702,4,1134029
209703,5,58475
209704,4,1134030
209705,5,55082
209706,4,1134031
209707,5,55083
209708,4,1134032
209709,5,55084
209710,4,1134033
209711,5,55085
209712,4,1134034
209713,5,55086
209714,4,1134035
209715,5,55087
209716,4,1133544
209717,5,55088
209718,4,1134036
209719,5,55089
209720,4,1134037
209721,5,55090
209722,4,1134038
209723,5,55091
209724,4,1134039
209725,5,55092
209726,4,1134040
209727,5,55093
209728,4,1134041
209729,5,55094
209730,4,1134042
209731,5,55095
209732,4,1134043
209733,5,55096
209734,4,1134044
209735,5,55097
209736,4,1134045
209737,5,53215
209738,4,1134046
209739,5,55098
209740,4,1134047
209741,5,55099
209742,4,1134048
209743,5,55100
209744,4,1134049
209745,5,55101
209746,4,1134050
209747,5,55102
209748,4,1134051
209749,5,55103
209750,4,1134052
209751,5,55104
209752,4,1134053
209753,5,55105
209754,4,1134054
209755,5,55106
209756,4,1134055
209757,5,55107
209758,4,1134056
209759,5,55108
209760,4,1134057
209761,5,55109
209762,4,1134058
209763,5,55110
209764,4,1134059
209765,5,55111
209766,4,1134060
209767,5,55112
209768,4,1134061
209769,5,55113
209770,4,1134062
209771,5,55114
209772,4,1134063
209773,5,55115
209774,4,1134064
209775,5,55348
209776,4,1134065
209777,5,54021
209778,4,1134066
209779,5,54022
209780,4,1134067
209781,5,54023
209782,4,1134068
209783,5,54024
209784,4,1134069
209785,5,54025
209786,4,1134070
209787,5,53216
209788,4,1134071
209789,5,54026
209790,4,1134072
209791,5,54027
209792,4,1134073
209793,5,54028
209794,4,1134074
209795,5,54029
209796,4,1134075
209797,5,54030
209798,4,1134076
209799,5,55349
209800,4,1134077
209801,5,55350
209802,4,1134078
209803,5,55351
209804,4,1134079
209805,5,55352
209806,4,1134080
209807,5,55353
209808,4,1134081
209809,5,55354
209810,4,1134082
209811,5,55355
209812,4,1134083
209813,5,55356
209814,4,1134084
209815,5,55357
209816,4,1134085
209817,5,55358
209818,4,1134086
209819,5,55359
209820,4,1134087
209821,5,55360
209822,4,1134088
209823,5,55361
209824,4,1134089
209825,5,55362
209826,4,1134090
209827,5,55363
209828,4,1134091
209829,5,55364
209830,4,1134092
209831,5,55365
209832,4,1134093
209833,5,55366
209834,4,1134094
209835,5,55367
209836,4,1134095
209837,5,55368
209838,4,1134096
209839,5,54031
209840,4,1134097
209841,5,55369
209842,4,1134098
209843,5,55370
209844,4,1134099
209845,5,55371
209846,4,1134100
209847,5,55372
209848,4,1134101
209849,5,55373
209850,4,1134102
209851,5,55374
209852,4,1134103
209853,5,55375
209854,4,1134104
209855,5,55376
209856,4,1134105
209857,5,55377
209858,4,1134106
209859,5,55378
209860,4,1134107
209861,5,55379
209862,4,1134108
209863,5,55380
209864,4,1134109
209865,5,55381
209866,4,1134110
209867,5,55382
209868,4,1134111
209869,5,55383
209870,1,6183
209871,13,6163
209872,1,6184
209873,2,6185
209874,4,7935
209875,4,7935
209876,5,7959
209877,5,7959
209878,4,7936
209879,4,7936
209880,4,7947
209881,4,7947
209882,5,7971
209883,5,7971
209884,4,7948
209885,4,7948
209886,4,7953
209887,4,7953
209888,5,7977
209889,5,7977
209890,4,7954
209891,4,7954
209892,4,56768
209893,4,56768
209894,5,57263
209895,5,57263
209896,4,56769
209897,4,56769
209898,5,57264
209899,5,57264
209900,4,56770
209901,4,56770
209902,5,57265
209903,5,57265
209904,4,57233
209905,4,57233
209906,5,57471
209907,5,57471
209908,4,57234
209909,4,57234
209910,5,57472
209911,5,57472
209912,4,57235
209913,4,57235
209914,5,57473
209915,5,57473
209916,4,57239
209917,4,57239
209918,5,57477
209919,5,57477
209920,4,57240
209921,4,57240
209922,5,57478
209923,5,57478
209924,4,57241
209925,4,57241
209926,5,57479
209927,5,57479
209928,4,57245
209929,4,57245
209930,5,57483
209931,5,57483
209932,4,57246
209933,4,57246
209934,5,57484
209935,5,57484
209936,4,57247
209937,4,57247
209938,5,57485
209939,5,57485
209940,1,54744
209941,13,54736
209942,1,54745
209943,13,54737
209944,1,54746
209945,13,54738
209946,4,53692
209947,5,54155
209948,4,53693
209949,5,54156
209950,4,53694
209951,5,61196
209952,4,53695
209953,5,54157
209954,4,53696
209955,5,54158
209956,4,53697
209957,5,54159
209958,4,53698
209959,5,54160
209960,4,53699
209961,5,54161
209962,4,53700
209963,5,54162
209964,4,53701
209965,5,54163
209966,4,53702
209967,5,54164
209968,4,53703
209969,5,54165
209970,4,53704
209971,5,54166
209972,4,53705
209973,5,54167
209974,4,53706
209975,5,54168
209976,4,53707
209977,5,54169
209978,4,53708
209979,5,54170
209980,4,53709
209981,5,54171
209982,4,53710
209983,5,54172
209984,4,53711
209985,5,54173
209986,4,53712
209987,5,54174
209988,4,53713
209989,5,54175
209990,4,53714
209991,5,54176
209992,4,53715
209993,5,54177
209994,4,53716
209995,5,54178
209996,4,53717
209997,5,54179
209998,4,53718
209999,5,54180
210000,4,53719
210001,5,54181
210002,4,53720
210003,5,54182
210004,4,53721
210005,5,54183
210006,4,53722
210007,5,54184
210008,4,53723
210009,5,54185
210010,4,53724
210011,5,54186
210012,4,53725
210013,5,54187
210014,4,53726
210015,5,54188
210016,4,53727
210017,5,54727
210018,4,53728
210019,5,54728
210020,4,53729
210021,5,54729
210022,4,53730
210023,5,54730
210024,4,53731
210025,5,54731
210026,4,53732
210027,5,54732
210028,4,53733
210029,5,54733
210030,4,54153
210031,5,54734
210032,4,54154
210033,5,54735
210034,10,53689
210035,11,54750
210036,12,54771
210037,10,53690
210038,11,54751
210039,12,54772
210040,10,53691
210041,11,54752
210042,12,54773
210043,11,54753
210044,12,54774
210045,11,54754
210046,12,54775
210047,11,54755
210048,12,54776
210049,11,54756
210050,12,54777
210051,11,54757
210052,12,54778
210053,11,54758
210054,12,54779
210055,11,54759
210056,12,54780
210057,11,54760
210058,12,54781
210059,11,54761
210060,12,54782
210061,11,54762
210062,12,54783
210063,11,54763
210064,12,54784
210065,11,54764
210066,12,54785
210067,11,54765
210068,12,54786
210069,11,54766
210070,12,54787
210071,11,54767
210072,12,54788
210073,13,7982
210074,14,7993
210075,2,8007
210076,1,8008
210077,13,7983
210078,14,7994
210079,1,8010
210080,2,8011
210081,13,7984
210082,14,7995
210083,2,8011
210084,1,8012
210085,13,7985
210086,14,7996
210087,1,8014
210088,2,8015
210089,13,7986
210090,14,7997
210091,2,8015
210092,1,8016
210093,13,7987
210094,14,7998
210095,1,8018
210096,2,8019
210097,13,7988
210098,14,7999
210099,2,8019
210100,1,8020
210101,13,7989
210102,14,8000
210103,1,6576
210104,2,6577
210105,13,7990
210106,14,8001
210107,1,57495
210108,2,57496
210109,13,57489
210110,14,57492
210111,1,57497
210112,2,57498
210113,13,57490
210114,14,57493
210115,1,57499
210116,2,57500
210117,13,57491
210118,14,57494
210119,2,8003
210120,1,65137
210121,2,8003
210122,1,65138
210123,2,8003
210124,1,65139
210125,10,4861
210126,11,5433
210127,12,5453
210128,10,4862
210129,11,5434
210130,12,5454
210131,10,4863
210132,11,5435
210133,12,5455
210134,10,53148
210135,11,55597
210136,12,51848
210137,10,4854
210138,11,5426
210139,12,5446
210140,10,4855
210141,11,5427
210142,12,5447
210143,10,4856
210144,11,5428
210145,12,5448
210146,10,4857
210147,11,5429
210148,12,5449
210149,10,4858
210150,11,5430
210151,12,5450
210152,10,4859
210153,11,5431
210154,12,5451
210155,10,4860
210156,11,5432
210157,12,5452
210158,10,4861
210159,11,5433
210160,12,5453
210161,10,4862
210162,11,5434
210163,12,5454
210164,10,4863
210165,11,5435
210166,12,5455
210167,10,53148
210168,11,55597
210169,12,51848
210170,10,7065
210171,11,7874
210172,12,7894
210173,10,7066
210174,11,7875
210175,12,7895
210176,10,7067
210177,11,7876
210178,12,7896
210179,10,7068
210180,11,7877
210181,12,7897
210182,10,7069
210183,11,7878
210184,12,7898
210185,10,7070
210186,11,7879
210187,12,7899
210188,10,7071
210189,11,7880
210190,12,7900
210191,10,7072
210192,11,7881
210193,12,7901
210194,10,7073
210195,11,7882
210196,12,7902
210197,10,7074
210198,11,7883
210199,12,7903
210200,1,3967
210201,5,53403
210202,10,3968
210203,11,3369
210204,12,3433
210205,10,3969
210206,11,3370
210207,12,3434
210208,10,3970
210209,11,3371
210210,12,3435
210211,10,3971
210212,11,3372
210213,12,3436
210214,10,3972
210215,11,3373
210216,12,3437
210217,10,3973
210218,11,3374
210219,12,3438
210220,10,3974
210221,11,3375
210222,12,3439
210223,10,3975
210224,11,3376
210225,12,3440
210226,10,3976
210227,11,3377
210228,12,3441
210229,10,53689
210230,11,54747
210231,12,54768
210232,10,53690
210233,11,54748
210234,12,54769
210235,10,53691
210236,11,54749
210237,12,54770
210238,10,3968
210239,11,3369
210240,12,3433
210241,10,3969
210242,11,3370
210243,12,3434
210244,10,3970
210245,11,3371
210246,12,3435
210247,10,3971
210248,11,3372
210249,12,3436
210250,10,3972
210251,11,3373
210252,12,3437
210253,10,3973
210254,11,3374
210255,12,3438
210256,10,3974
210257,11,3375
210258,12,3439
210259,10,3975
210260,11,3376
210261,12,3440
210262,10,3976
210263,11,3377
210264,12,3441
210265,10,53689
210266,11,54747
210267,12,54768
210268,10,53690
210269,11,54748
210270,12,54769
210271,10,53691
210272,11,54749
210273,12,54770
210274,10,3968
210275,11,3369
210276,12,3433
210277,10,3969
210278,11,3370
210279,12,3434
210280,10,3970
210281,11,3371
210282,12,3435
210283,10,3971
210284,11,3372
210285,12,3436
210286,10,3972
210287,11,3373
210288,12,3437
210289,10,3973
210290,11,3374
210291,12,3438
210292,10,3974
210293,11,3375
210294,12,3439
210295,10,3975
210296,11,3376
210297,12,3440
210298,10,3976
210299,11,3377
210300,12,3441
210301,10,53689
210302,11,54747
210303,12,54768
210304,10,53690
210305,11,54748
210306,12,54769
210307,10,53691
210308,11,54749
210309,12,54770
210310,10,3968
210311,11,3369
210312,12,3433
210313,10,3969
210314,11,3370
210315,12,3434
210316,10,3970
210317,11,3371
210318,12,3435
210319,10,3971
210320,11,3372
210321,12,3436
210322,10,3972
210323,11,3373
210324,12,3437
210325,10,3973
210326,11,3374
210327,12,3438
210328,10,3974
210329,11,3375
210330,12,3439
210331,10,3975
210332,11,3376
210333,12,3440
210334,10,3976
210335,11,3377
210336,12,3441
210337,10,53689
210338,11,54747
210339,12,54768
210340,10,53690
210341,11,54748
210342,12,54769
210343,10,53691
210344,11,54749
210345,12,54770
210346,10,3968
210347,11,3369
210348,12,3433
210349,10,3969
210350,11,3370
210351,12,3434
210352,10,3970
210353,11,3371
210354,12,3435
210355,10,3971
210356,11,3372
210357,12,3436
210358,10,3972
210359,11,3373
210360,12,3437
210361,10,3973
210362,11,3374
210363,12,3438
210364,10,3974
210365,11,3375
210366,12,3439
210367,10,3975
210368,11,3376
210369,12,3440
210370,10,3976
210371,11,3377
210372,12,3441
210373,10,53689
210374,11,54747
210375,12,54768
210376,10,53690
210377,11,54748
210378,12,54769
210379,10,53691
210380,11,54749
210381,12,54770
210382,10,3968
210383,11,3369
210384,12,3433
210385,10,3969
210386,11,3370
210387,12,3434
210388,10,3970
210389,11,3371
210390,12,3435
210391,10,3971
210392,11,3372
210393,12,3436
210394,10,3972
210395,11,3373
210396,12,3437
210397,10,3973
210398,11,3374
210399,12,3438
210400,10,3974
210401,11,3375
210402,12,3439
210403,10,3975
210404,11,3376
210405,12,3440
210406,10,3976
210407,11,3377
210408,12,3441
210409,10,53689
210410,11,54747
210411,12,54768
210412,10,53690
210413,11,54748
210414,12,54769
210415,10,53691
210416,11,54749
210417,12,54770
210418,10,3968
210419,11,3369
210420,12,3433
210421,10,3969
210422,11,3370
210423,12,3434
210424,10,3970
210425,11,3371
210426,12,3435
210427,10,3971
210428,11,3372
210429,12,3436
210430,10,3972
210431,11,3373
210432,12,3437
210433,10,3973
210434,11,3374
210435,12,3438
210436,10,3974
210437,11,3375
210438,12,3439
210439,10,3975
210440,11,3376
210441,12,3440
210442,10,3976
210443,11,3377
210444,12,3441
210445,10,53689
210446,11,54747
210447,12,54768
210448,10,53690
210449,11,54748
210450,12,54769
210451,10,53691
210452,11,54749
210453,12,54770
210454,10,3968
210455,11,3369
210456,12,3433
210457,10,3969
210458,11,3370
210459,12,3434
210460,10,3970
210461,11,3371
210462,12,3435
210463,10,3971
210464,11,3372
210465,12,3436
210466,10,3972
210467,11,3373
210468,12,3437
210469,10,3973
210470,11,3374
210471,12,3438
210472,10,3974
210473,11,3375
210474,12,3439
210475,10,3975
210476,11,3376
210477,12,3440
210478,10,3976
210479,11,3377
210480,12,3441
210481,10,53689
210482,11,54747
210483,12,54768
210484,10,53690
210485,11,54748
210486,12,54769
210487,10,53691
210488,11,54749
210489,12,54770
210490,10,3968
210491,11,3369
210492,12,3433
210493,10,3969
210494,11,3370
210495,12,3434
210496,10,3970
210497,11,3371
210498,12,3435
210499,10,3971
210500,11,3372
210501,12,3436
210502,10,3972
210503,11,3373
210504,12,3437
210505,10,3973
210506,11,3374
210507,12,3438
210508,10,3974
210509,11,3375
210510,12,3439
210511,10,3975
210512,11,3376
210513,12,3440
210514,10,3976
210515,11,3377
210516,12,3441
210517,10,53689
210518,11,54747
210519,12,54768
210520,10,53690
210521,11,54748
210522,12,54769
210523,10,53691
210524,11,54749
210525,12,54770
210526,10,3968
210527,11,3369
210528,12,3433
210529,10,3969
210530,11,3370
210531,1,71563
210532,1,71564
210533,1,71565
210534,1,71435
210535,1,71436
210536,1,71437
210537,1,73571
210538,1,73620
210539,1,73621
210540,1,73622
210541,1,74010
210542,1,74011
210543,1,74012
210544,1,73886
210545,1,81631
210546,1,81630
210547,10,4854
210548,11,5426
210549,12,5446
210550,10,4855
210551,11,5427
210552,12,5447
210553,10,4856
210554,11,5428
210555,12,5448
210556,10,4857
210557,11,5429
210558,12,5449
210559,10,4858
210560,11,5430
210561,12,5450
210562,10,4859
210563,11,5431
210564,12,5451
210565,10,4860
210566,11,5432
210567,12,5452
210568,10,4861
210569,11,5433
210570,12,5453
210571,10,4862
210572,11,5434
210573,12,5454
210574,10,4863
210575,11,5435
210576,12,5455
210577,10,53148
210578,11,55597
210579,12,51848
210580,10,4854
210581,11,5426
210582,12,5446
210583,10,4855
210584,11,5427
210585,12,5447
210586,10,4856
210587,11,5428
210588,12,5448
210589,10,4857
210590,11,5429
210591,12,5449
210592,10,4858
210593,11,5430
210594,12,5450
210595,10,4859
210596,11,5431
210597,12,5451
210598,10,4860
210599,11,5432
210600,12,5452
210601,10,4861
210602,11,5433
210603,12,5453
210604,10,4862
210605,11,5434
210606,12,5454
210607,10,4863
210608,11,5435
210609,12,5455
210610,10,53148
210611,11,55597
210612,12,51848
210613,10,4854
210614,11,5426
210615,12,5446
210616,10,4855
210617,11,5427
210618,12,5447
210619,10,4856
210620,11,5428
210621,12,5448
210622,10,4857
210623,11,5429
210624,12,5449
210625,10,4858
210626,11,5430
210627,12,5450
210628,10,4859
210629,11,5431
210630,12,5451
210631,10,4860
210632,11,5432
210633,12,5452
210634,10,4861
210635,11,5433
210636,12,5453
210637,10,4862
210638,11,5434
210639,12,5454
210640,10,4863
210641,11,5435
210642,12,5455
210643,10,53148
210644,11,55597
210645,12,51848
210646,10,4854
210647,11,5426
210648,12,5446
210649,10,4855
210650,11,5427
210651,12,5447
210652,10,4856
210653,11,5428
210654,12,5448
210655,10,4857
210656,11,5429
210657,12,5449
210658,10,4858
210659,11,5430
210660,12,5450
210661,10,4859
210662,11,5431
210663,12,5451
210664,10,4860
210665,11,5432
210666,12,5452
210667,10,4861
210668,11,5433
210669,12,5453
210670,10,4862
210671,11,5434
210672,12,5454
210673,10,4863
210674,11,5435
210675,12,5455
210676,10,53148
210677,11,55597
210678,12,51848
210679,10,4854
210680,11,5426
210681,12,5446
210682,10,4855
210683,11,5427
210684,12,5447
210685,10,4856
210686,11,5428
210687,12,5448
210688,10,4857
210689,11,5429
210690,12,5449
210691,10,4858
210692,11,5430
210693,12,5450
210694,10,4859
210695,11,5431
210696,12,5451
210697,10,4860
210698,11,5432
210699,12,5452
210700,10,4861
210701,11,5433
210702,12,5453
210703,10,4862
210704,11,5434
210705,12,5454
210706,10,4863
210707,11,5435
210708,12,5455
210709,10,53148
210710,11,55597
210711,12,51848
210712,10,4854
210713,11,5426
210714,12,5446
210715,10,4855
210716,11,5427
210717,12,5447
210718,10,4856
210719,11,5428
210720,12,5448
210721,10,4857
210722,11,5429
210723,12,5449
210724,10,4858
210725,11,5430
210726,12,5450
210727,10,4859
210728,11,5431
210729,12,5451
210730,10,4860
210731,11,5432
210732,12,5452
210733,10,4861
210734,11,5433
210735,12,5453
210736,10,4862
210737,11,5434
210738,12,5454
210739,10,4863
210740,11,5435
210741,12,5455
210742,10,53148
210743,11,55597
210744,12,51848
210745,10,4854
210746,11,5426
210747,12,5446
210748,10,4855
210749,11,5427
210750,12,5447
210751,10,4856
210752,11,5428
210753,12,5448
210754,10,4857
210755,11,5429
210756,12,5449
210757,10,4858
210758,11,5430
210759,12,5450
210760,10,4859
210761,11,5431
210762,12,5451
210763,10,4860
210764,11,5432
210765,12,5452
210766,10,4861
210767,11,5433
210768,12,5453
210769,10,4862
210770,11,5434
210771,12,5454
210772,10,4863
210773,11,5435
210774,12,5455
210775,10,53148
210776,11,55597
210777,12,51848
210778,10,4854
210779,11,5426
210780,12,5446
210781,10,4855
210782,11,5427
210783,12,5447
210784,10,4856
210785,11,5428
210786,12,5448
210787,10,4857
210788,11,5429
210789,12,5449
210790,10,4858
210791,11,5430
210792,12,5450
210793,10,4859
210794,11,5431
210795,12,5451
210796,10,4860
210797,11,5432
210798,12,5452
210799,10,4861
210800,11,5433
210801,12,5453
210802,10,4862
210803,11,5434
210804,12,5454
210805,10,4863
210806,11,5435
210807,12,5455
210808,10,53148
210809,11,55597
210810,12,51848
210811,10,4854
210812,11,5426
210813,12,5446
210814,10,4855
210815,11,5427
210816,12,5447
210817,10,4856
210818,11,5428
210819,12,5448
210820,10,4857
210821,11,5429
210822,12,5449
210823,10,4858
210824,11,5430
210825,12,5450
210826,10,4859
210827,11,5431
210828,12,5451
210829,10,4860
210830,11,5432
210831,12,5452
210832,10,4861
210833,11,5433
210834,12,5453
210835,10,4862
210836,11,5434
210837,12,5454
210838,10,4863
210839,11,5435
210840,12,5455
210841,10,53148
210842,11,55597
210843,12,51848
210844,10,4854
210845,11,5426
210846,12,5446
210847,10,4855
210848,11,5427
210849,12,5447
210850,10,4856
210851,11,5428
210852,12,5448
210853,10,4857
210854,11,5429
210855,12,5449
210856,10,4858
210857,11,5430
210858,12,5450
210859,10,4859
210860,11,5431
210861,12,5451
210862,10,4860
210863,11,5432
210864,12,5452
210865,10,4861
210866,11,5433
210867,12,5453
210868,10,4862
210869,11,5434
210870,12,5454
210871,10,4863
210872,11,5435
210873,12,5455
210874,10,53148
210875,11,55597
210876,12,51848
210877,10,4854
210878,11,5426
210879,12,5446
210880,10,4855
210881,11,5427
210882,12,5447
210883,10,4856
210884,11,5428
210885,12,5448
210886,10,4857
210887,11,5429
210888,12,5449
210889,10,4858
210890,11,5430
210891,12,5450
210892,10,4859
210893,11,5431
210894,12,5451
210895,10,4860
210896,11,5432
210897,12,5452
210898,10,4861
210899,11,5433
210900,12,5453
210901,10,4862
210902,11,5434
210903,12,5454
210904,10,4863
210905,11,5435
210906,12,5455
210907,10,53148
210908,11,55597
210909,12,51848
210910,10,4854
210911,11,5426
210912,12,5446
210913,10,4855
210914,11,5427
210915,12,5447
210916,10,4856
210917,11,5428
210918,12,5448
210919,10,4857
210920,11,5429
210921,12,5449
210922,10,4858
210923,11,5430
210924,12,5450
210925,10,4859
210926,11,5431
210927,12,5451
210928,10,4860
210929,11,5432
210930,12,5452
210931,10,4861
210932,11,5433
210933,12,5453
210934,10,4862
210935,11,5434
210936,12,5454
210937,10,4863
210938,11,5435
210939,12,5455
210940,10,53148
210941,11,55597
210942,12,51848
210943,10,4854
210944,11,5426
210945,12,5446
210946,10,4855
210947,11,5427
210948,12,5447
210949,10,4856
210950,11,5428
210951,12,5448
210952,10,4857
210953,11,5429
210954,12,5449
210955,10,4858
210956,11,5430
210957,12,5450
210958,10,4859
210959,11,5431
210960,12,5451
210961,10,4860
210962,11,5432
210963,12,5452
210964,12,3437
210965,10,3973
210966,11,3374
210967,12,3438
210968,10,3974
210969,11,3375
210970,12,3439
210971,10,3975
210972,11,3376
210973,12,3440
210974,10,3976
210975,11,3377
210976,12,3441
210977,10,53689
210978,11,54747
210979,12,54768
210980,10,53690
210981,11,54748
210982,12,54769
210983,10,53691
210984,11,54749
210985,12,54770
210986,10,3968
210987,11,3369
210988,12,3433
210989,10,3969
210990,11,3370
210991,12,3434
210992,10,3970
210993,11,3371
210994,12,3435
210995,10,3971
210996,11,3372
210997,12,3436
210998,10,3972
210999,11,3373
211000,12,3437
211001,10,3973
211002,11,3374
211003,12,3438
211004,10,3974
211005,11,3375
211006,12,3439
211007,10,3975
211008,11,3376
211009,12,3440
211010,10,3976
211011,11,3377
211012,12,3441
211013,10,53689
211014,11,54747
211015,12,54768
211016,10,53690
211017,11,54748
211018,12,54769
211019,10,53691
211020,11,54749
211021,12,54770
211022,10,3968
211023,11,3369
211024,12,3433
211025,10,3969
211026,11,3370
211027,12,3434
211028,10,3970
211029,11,3371
211030,12,3435
211031,10,3971
211032,11,3372
211033,12,3436
211034,10,3972
211035,11,3373
211036,12,3437
211037,10,3973
211038,11,3374
211039,12,3438
211040,10,3974
211041,11,3375
211042,12,3439
211043,10,3975
211044,11,3376
211045,12,3440
211046,10,3976
211047,11,3377
211048,12,3441
211049,10,53689
211050,11,54747
211051,12,54768
211052,10,53690
211053,11,54748
211054,12,54769
211055,10,53691
211056,11,54749
211057,12,54770
211058,10,3968
211059,11,3369
211060,12,3433
211061,10,3969
211062,11,3370
211063,12,3434
211064,10,3970
211065,11,3371
211066,12,3435
211067,10,3971
211068,11,3372
211069,12,3436
211070,10,3972
211071,11,3373
211072,12,3437
211073,10,3973
211074,11,3374
211075,12,3438
211076,10,3974
211077,11,3375
211078,12,3439
211079,10,3975
211080,11,3376
211081,12,3440
211082,10,3976
211083,11,3377
211084,12,3441
211085,10,53689
211086,11,54747
211087,12,54768
211088,10,53690
211089,11,54748
211090,12,54769
211091,10,53691
211092,11,54749
211093,12,54770
211094,10,3968
211095,11,3369
211096,12,3433
211097,10,3969
211098,11,3370
211099,12,3434
211100,10,3970
211101,11,3371
211102,12,3435
211103,10,3971
211104,11,3372
211105,12,3436
211106,10,3972
211107,11,3373
211108,12,3437
211109,10,3973
211110,11,3374
211111,12,3438
211112,10,3974
211113,11,3375
211114,12,3439
211115,10,3975
211116,11,3376
211117,12,3440
211118,10,3976
211119,11,3377
211120,12,3441
211121,10,53689
211122,11,54747
211123,12,54768
211124,10,53690
211125,11,54748
211126,12,54769
211127,10,53691
211128,11,54749
211129,12,54770
211130,12,7215
211131,12,7216
211132,12,7217
211133,12,7218
211134,12,7219
211135,12,7220
211136,12,7221
211137,12,7222
211138,12,7223
211139,12,7224
211140,12,55479
211141,12,55480
211142,12,55481
211143,12,7215
211144,12,7216
211145,12,7217
211146,12,7218
211147,12,7219
211148,12,7220
211149,12,7221
211150,12,7222
211151,12,7223
211152,12,7224
211153,12,55479
211154,12,55480
211155,12,55481
211156,1,262345
211157,13,262341
211158,1,262336
211159,13,262332
211160,14,262334
211161,1,262381
211162,13,262377
211163,10,271502
211164,1,262372
211165,13,850259
211166,14,262370
211167,1,262301
211168,13,262297
211169,1,262292
211170,13,262288
211171,14,262290
211172,1,262363
211173,13,262359
211174,13,262350
211175,14,262352
211176,1,850270
211177,1,265482
211178,13,265478
211179,1,265473
211180,13,265469
211181,14,265471
211182,1,850271
211183,2,850272
211184,1,262416
211185,2,850274
211186,1,262318
211187,13,262314
211188,1,262309
211189,13,262305
211190,14,262307
211191,13,262443
211192,1,262447
211193,10,271610
211194,13,262434
211195,14,262436
211196,1,262438
211197,10,679624
211198,10,679677
211199,10,667940
211200,10,668413
211201,10,271349
211202,10,669287
211203,10,683050
211204,10,683621
211205,10,667495
211206,10,666509
211207,13,262423
211208,13,262412
211209,13,262414
211210,10,4854
211211,11,5426
211212,12,5446
211213,10,4855
211214,11,5427
211215,12,5447
211216,10,4856
211217,11,5428
211218,12,5448
211219,10,4857
211220,11,5429
211221,12,5449
211222,10,4858
211223,11,5430
211224,12,5450
211225,10,4859
211226,11,5431
211227,12,5451
211228,10,4860
211229,11,5432
211230,12,5452
211231,10,4861
211232,11,5433
211233,12,5453
211234,10,4862
211235,11,5434
211236,12,5454
211237,10,4863
211238,11,5435
211239,12,5455
211240,10,53148
211241,11,55597
211242,12,51848
211243,10,3968
211244,11,3369
211245,12,3433
211246,10,3969
211247,11,3370
211248,12,3434
211249,10,3970
211250,11,3371
211251,12,3435
211252,10,3971
211253,11,3372
211254,12,3436
211255,10,3972
211256,11,3373
211257,12,3437
211258,10,3973
211259,11,3374
211260,12,3438
211261,10,3974
211262,11,3375
211263,12,3439
211264,10,3975
211265,11,3376
211266,12,3440
211267,10,3976
211268,11,3377
211269,12,3441
211270,10,53689
211271,11,54747
211272,12,54768
211273,10,53690
211274,11,54748
211275,12,54769
211276,10,53691
211277,11,54749
211278,12,54770
211279,1,1125942
211280,1,1125943
211281,1,1125944
211282,1,1125945
211283,1,1125946
211284,1,1125947
211300,1,1124452
211301,13,1124446
211302,1,1124453
211303,13,1124447
211304,1,1124454
211305,13,1124448
211306,1,1124551
211307,13,1124545
211308,14,1124548
211309,1,1124552
211310,13,1124546
211311,14,1124549
211312,1,1124553
211313,13,1124547
211314,14,1124550
211315,4,1124380
211316,5,1124416
211317,4,1124381
211318,5,1124417
211319,4,1124382
211320,5,1124418
211387,5,1124410
211388,4,1124374
211389,5,1124411
211390,4,1124375
211391,5,1124412
211392,4,1124376
211393,5,1124413
211394,4,1124377
211395,5,1124414
211396,4,1124378
211397,5,1124415
211398,4,1124379
211399,5,1124419
211400,4,1124383
211401,5,1124420
211402,4,1124384
211403,5,1124421
211404,4,1124385
211405,5,1124422
211406,4,1124386
211407,5,1124423
211408,4,1124387
211409,5,1124424
211410,4,1124388
211411,5,1124425
211412,4,1124389
211413,5,1124426
211414,4,1124390
211415,5,1124427
211416,4,1124391
211417,5,1124428
211418,4,1124392
211419,5,1124429
211420,4,1124393
211421,5,1124430
211422,4,1124394
211423,5,1124431
211424,4,1124395
211425,5,1124432
211426,4,1124396
211427,5,1124433
211428,4,1124397
211429,5,1124434
211430,4,1124398
211431,5,1124435
211432,4,1124399
211433,5,1124436
211434,4,1124400
211435,5,1124437
211436,4,1124401
211437,5,1124438
211438,4,1124402
211439,5,1124439
211440,4,1124403
211441,5,1124440
211442,4,1124404
211443,5,1124441
211444,4,1124405
211445,5,1124442
211446,4,1124406
211447,5,1124443
211448,4,1124407
211449,5,1124444
211450,4,1124408
211451,5,1124445
211452,4,1124409
211453,5,1124500
211454,4,1124455
211455,5,1124501
211456,4,1124456
211457,5,1124502
211458,4,1124457
211459,5,1124503
211460,4,1124458
211461,5,1124504
211462,4,1124459
211463,5,1124505
211464,4,1124460
211465,5,1124506
211466,4,1124461
211467,5,1124507
211468,4,1124462
211469,5,1124508
211470,4,1124463
211471,5,1124509
211472,4,1124464
211473,5,1124510
211474,4,1124465
211475,5,1124511
211476,4,1124466
211477,5,1124512
211478,4,1124467
211479,5,1124513
211480,4,1124468
211481,5,1124514
211482,4,1124469
211483,5,1124515
211484,4,1124470
211485,5,1124516
211486,4,1124471
211487,5,1124517
211488,4,1124472
211489,5,1124518
211490,4,1124473
211491,5,1124519
211492,4,1124474
211493,5,1124520
211494,4,1124475
211495,5,1124521
211496,4,1124476
211497,5,1124522
211498,4,1124477
211499,5,1124523
211500,4,1124478
211501,5,1124524
211502,4,1124479
211503,5,1124525
211504,4,1124480
211505,5,1124526
211506,4,1124481
211507,5,1124527
211508,4,1124482
211509,5,1124528
211510,4,1124483
211511,5,1124529
211512,4,1124484
211513,5,1124530
211514,4,1124485
211515,5,1124531
211516,4,1124486
211517,5,1124532
211518,4,1124487
211519,5,1124533
211520,4,1124488
211521,5,1124534
211522,4,1124489
211523,5,1124535
211524,4,1124490
211525,5,1124536
211526,4,1124491
211527,5,1124537
211528,4,1124492
211529,5,1124538
211530,4,1124493
211531,5,1124539
211532,4,1124494
211533,5,1124540
211534,4,1124495
211535,5,1124541
211536,4,1124496
211537,5,1124542
211538,4,1124497
211539,5,1124543
211540,4,1124498
211541,5,1124544
211542,4,1124499
211543,1,1127793
211544,13,1127789
211545,1,1127794
211546,13,1127790
211547,1,1127839
211548,13,1127835
211549,14,1127837
211550,1,1127840
211551,13,1127836
211552,14,1127838
211553,1,1128118
211554,13,1128114
211555,1,1128119
211556,13,1128115
211557,1,1128152
211558,13,1128148
211559,14,1128150
211560,1,1128153
211561,13,1128149
211562,14,1128151
211563,5,1127769
211564,4,1127749
211565,5,1127770
211566,4,1127750
211567,5,1127771
211568,4,1127751
211569,5,1127772
211570,4,1127752
211571,5,1127773
211572,4,1127753
211573,5,1127774
211574,4,1127754
211575,5,1127775
211576,4,1127755
211577,5,1127776
211578,4,1127756
211579,5,1127777
211580,4,1127757
211581,5,1127778
211582,4,1127758
211583,5,1127779
211584,4,1127759
211585,5,1127780
211586,4,1127760
211587,5,1127781
211588,4,1127761
211589,5,1127782
211590,4,1127762
211591,5,1127783
211592,4,1127763
211593,5,1127784
211594,4,1127764
211595,5,1127785
211596,4,1127765
211597,5,1127786
211598,4,1127766
211599,5,1127787
211600,4,1127767
211601,5,1127788
211602,4,1127768
211603,5,1127815
211604,4,1127795
211605,5,1127816
211606,4,1127796
211607,5,1127817
211608,4,1127797
211609,5,1127818
211610,4,1127798
211611,5,1127819
211612,4,1127799
211613,5,1127820
211614,4,1127800
211615,5,1127821
211616,4,1127801
211617,5,1127822
211618,4,1127802
211619,5,1127823
211620,4,1127803
211621,5,1127824
211622,4,1127804
211623,5,1127825
211624,4,1127805
211625,5,1127826
211626,4,1127806
211627,5,1127827
211628,4,1127807
211629,5,1127828
211630,4,1127808
211631,5,1127829
211632,4,1127809
211633,5,1127830
211634,4,1127810
211635,5,1127831
211636,4,1127811
211637,5,1127832
211638,4,1127812
211639,5,1127833
211640,4,1127813
211641,5,1127834
211642,4,1127814
211643,5,1128100
211644,4,1128086
211645,5,1128101
211646,4,1128087
211647,5,1128102
211648,4,1128088
211649,5,1128103
211650,4,1128089
211651,5,1128104
211652,4,1128090
211653,5,1128105
211654,4,1128091
211655,5,1128106
211656,4,1128092
211657,5,1128107
211658,4,1128093
211659,5,1128108
211660,4,1128094
211661,5,1128109
211662,4,1128095
211663,5,1128110
211664,4,1128096
211665,5,1128111
211666,4,1128097
211667,5,1128112
211668,4,1128098
211669,5,1128113
211670,4,1128099
211671,5,1128134
211672,4,1128120
211673,5,1128135
211674,4,1128121
211675,5,1128136
211676,4,1128122
211677,5,1128137
211678,4,1128123
211679,5,1128138
211680,4,1128124
211681,5,1128139
211682,4,1128125
211683,5,1128140
211684,4,1128126
211685,5,1128141
211686,4,1128127
211687,5,1128142
211688,4,1128128
211689,5,1128143
211690,4,1128129
211691,5,1128144
211692,4,1128130
211693,5,1128145
211694,4,1128131
211695,5,1128146
211696,4,1128132
211697,5,1128147
211698,4,1128133
