ID,GeoBox[0],GeoBox[1],GeoBox[2],GeoBox[3],GeoBox[4],GeoBox[5],Flags,FileDataID,WalkSpeed,RunSpeed,BloodID,FootprintTextureID,FootprintTextureLength,FootprintTextureWidth,FootprintParticleScale,FoleyMaterialID,FootstepCameraEffectID,DeathThudCameraEffectID,SoundID,SizeClass,CollisionWidth,CollisionHeight,WorldEffectScale,CreatureGeosetDataID,HoverHeight,AttachedEffectScale,ModelScale,MissileCollisionRadius,MissileCollisionPush,MissileCollisionRaise,MountHeight,OverrideLootEffectScale,OverrideNameScale,OverrideSelectionRadius,TamedPetBaseScale,MountScaleOtherIndex,MountScaleSelf,Field_11_0_0_54210_032,MountScaleOther[0],MountScaleOther[1]
1,-6.0746746,-2.917286,-0.33517984,2.776131,3.0911148,2.0700817,10,123020,2.77778,8,1,7,18,12,1,0,0,0,1,1,0.6111111,2.031278,1,0,0,1,1,0,0,0,0,0,0,0,1,0,1,0,1,1
2,-0.726862,-2.811783,-0.2924,1.90086,2.781771,2.885096,2,123105,1.66667,8,1,0,18,12,1,0,0,0,2,1,0.6111111,2.031278,1,0,0,1,1,0,0,0,1.504953,0,0,0,1,0,1,0,1,1
3,-1.457067,-0.511171,-0.004721,1.011198,0.528218,2.763926,2,123170,1.66667,8,1,0,18,12,1,0,0,0,3,1,0.6111111,2.031278,1,0,0,1,1,0,0,0,1.9117709,0,0,0,1,0,1,0,1,1
4,0,0,0,0,0,0,2,0,0,8,1,0,18,12,1,0,0,0,4,1,0,0,1,0,0,1,1,0,0,0,0,0,0,0,1,0,1,0,1,1
5,-1.3478934,-0.47398028,-0.010816608,0.81944966,0.42342713,1.6211511,2,123348,2.5,8,1,0,18,12,1,0,0,0,5,1,0.6111111,2.031278,1,0,0,1,1,0,0,0,0,0,0,0,1,0,1,0,1,1
6,-0.757493,-1.193324,0.991577,0.6337,1.201044,3.190622,9,123610,2.77778,8,1,0,18,12,1,0,0,0,6,0,0.6111111,2.031278,1,0,0,1,1,0,0,0,0,0,0,0,1,0,1,0,1,1
8,-0.5887372,-0.9538041,-0.0007619616,1.0840536,0.9522877,1.9705865,0,124118,1.66667,6.94444,1,7,18,12,1,0,0,0,8,1,0.6111111,2.031278,1,0,0,1,1,0,0,0,0,0,0,0,1,0,1,0,1,1
9,-1.8998561,-1.9246982,-0.33167496,1.40821,1.5221804,3.1096013,3,124155,2.77778,8,1,0,18,12,1,0,0,0,9,1,0.6111111,2.031278,1,0,0,1,1,0,0,0,0,0,0,0,1,0,1,0,1,1
10,-0.777,-0.700137,0.000479,0.731759,0.764516,1.7562,0,124173,2.5,8.33333,1,7,18,12,1,0,0,0,10,1,0.6111111,2.031278,1,0,0,1,1,0,0,0,0.89164555,0,0,0,1,0,1,0,1,1
11,-1.4382436,-0.7688168,0.0003186798,0.69617367,0.74952805,1.4237113,0,124272,2.5,8,1,4,18,12,1,0,0,0,11,0,0.6111111,2.031278,1,0,0,1,1,0,0,0,0,0,0,0,1,0,1,0,1,1
12,-0.560316,-1.667411,0.857127,0.604706,1.697262,4.541226,1,124329,3.47222,8,1,0,18,12,1,0,0,0,12,1,0.6111111,2.031278,1,0,0,1,1,0,0,0,0,0,0,0,1,0,1,0,1,1
13,-0.19898,-0.378926,-0.014416,0.390325,0.322053,1.896097,0,124437,2.5,8,1,1,18,12,1,0,0,0,13,1,0.50973123,2.0312655,1,0,0,1,1,0,0,0,0,0,0,0,1,0,1,0,1,1
14,-0.2308,-0.378927,-0.014415,0.39032,0.322057,1.883328,0,124440,2.5,8,1,1,18,12,1,0,0,0,14,1,0.50973123,2.0312655,1,0,0,1,1,0,0,0,0,0,0,0,1,0,1,0,1,1
15,-0.198984,-0.378927,-0.014415,0.39032,0.322057,1.901672,0,124442,2.5,8,1,1,18,12,1,0,0,0,15,1,0.50973123,2.0312655,1,0,0,1,1,0,0,0,0,0,0,0,1,0,1,0,1,1
16,-0.489041,-0.398861,-0.014148,0.580239,0.315939,1.777872,0,124553,2.5,8,1,1,18,12,1,0,0,0,16,1,0.5555555,1.8890768,1,0,0,1,1,0,0,0,1.1516955,0,0,0,1,0,1,0,1,1
17,-0.29474,-0.582371,-0.007053,0.519454,0.555572,2.008623,0,124565,2.5,8,1,1,18,12,1,0,0,0,17,1,0.6111111,2.031278,1,0,0,1,1,0,0,0,0,0,0,0,1,0,1,0,1,1
18,-0.29474,-0.689696,-0.007052,0.617837,0.555572,2.275541,0,124569,2.5,8,1,1,18,12,1,0,0,0,18,1,0.50973123,2.0312655,1,0,0,1,1,0,0,0,0,0,0,0,1,0,1,0,1,1
19,-0.293407,-0.581778,-0.006811,0.515013,0.554914,2.010396,0,124571,2.5,8,1,1,18,12,1,0,0,0,19,1,0.50973123,2.0312655,1,0,0,1,1,0,0,0,0,0,0,0,1,0,1,0,1,1
20,-0.293581,-0.581822,-0.006811,0.515113,0.554888,2.050255,0,124572,2.5,8,1,1,18,12,1,0,0,0,20,1,0.50973123,2.0312655,1,0,0,1,1,0,0,0,0,0,0,0,1,0,1,0,1,1
21,-0.524196,-0.47091,-0.002551,0.42839,0.517416,2.227501,0,124576,2.5,8,1,1,18,12,1,0,0,0,21,1,0.50973123,2.0312655,1,0,0,1,1,0,0,0,1.166689,0,0,0,1,0,1,0,1,1
22,-0.7177,-0.869459,-0.000788,0.368035,0.749464,2.025258,0,124578,2.5,8,1,1,18,12,1,0,0,0,22,1,0.6111111,2.031278,1,0,0,1,1,0,0,0,1.166689,0,0,0,1,0,1,0,1,1
23,-0.24361,-0.537323,-0.001524,0.503073,0.540581,2.024281,0,124580,2.5,8,1,1,18,12,1,0,0,0,23,1,0.50973123,2.0312655,1,0,0,1,1,0,0,0,1.166689,0,0,0,1,0,1,0,1,1
24,-1.4390063,-2.7512333,0.030889064,1.0597798,2.7271361,4.129122,2,124637,2.5,8,1,5,18,12,1,0,0,1091,24,1,0.6111111,2.031278,1,0,0,1,1,0,0,0,0,0,0,0,1,0,1,0,1,1
25,-1.852656,-1.0011638,-0.021839198,1.470197,1.5802103,4.1388073,0,124670,2.77778,8,1,6,18,12,1,0,0,0,25,1,0.6111111,2.031278,1,0,0,1,1,0,0,0,1.9958378,0,0,0,1,0,1,0,1,1
26,-0.9811256,-0.55260503,-0.008108695,0.94360775,0.4809845,1.2371856,0,124691,2.5,8,1,1,18,12,1,0,0,0,26,0,0.6111111,2.031278,1,0,0,1,1,0,0,0,0.885781,0,0,0,1,0,1,0,1,1
27,-7.381371,-2.445921,-0.013299,3.354583,2.273486,5.366937,0,124694,2.5,8,1,1,18,12,1,0,1092,1091,27,3,0.6111111,2.031278,1,0,0,1,1,0,0,0,0,0,0,0,1,0,1,0,1,1
28,0,0,0,0,0,0,2,0,2.77778,8,1,0,18,12,1,0,0,0,28,1,0,0,1,0,0,1,1,0,0,0,0,0,0,0,1,0,1,0,1,1
29,-0.569406,-0.520267,-0.004756,0.308936,0.531255,1.948932,0,124809,2.77778,8,1,4,18,12,1,0,0,0,29,1,0.6111111,2.031278,1,0,0,1,1,0,0,0,1.0431145,0,0,0,1,0,1,0,1,1
30,-2.2032235,-2.2001328,-0.017908297,3.8843222,2.1973577,2.0391135,2,124903,2.5,8,2,0,18,12,1,0,0,0,30,1,0.6111111,2.031278,1,0,0,1,1,0,0,0,0,0,0,0,1,0,1,0,1,1
31,-0.6040779,-0.4966644,-0.028715078,0.43333232,0.5180552,1.2852219,0,125024,2.5,8,1,4,18,12,1,0,0,0,31,1,0.6111111,2.031278,1,0,0,1,1,0,0,0,0.38719547,0,0,0,1,0,1,0,1,1
32,-0.57124686,-0.9941021,-0.010560055,0.5162138,0.98990536,2.8802242,0,125263,2.5,8,1,4,18,12,1,0,0,1091,32,3,0.6111111,2.031278,1,0,0,1,1,0,0,0,1.3466867,0,0,0,1,0,1,0,1,1
33,-0.571247,-0.99410343,-0.010559066,0.51621383,0.9899044,2.8838055,8,125264,2.5,8,1,1,18,12,1,0,0,1091,33,3,0.6111111,2.031278,1,0,0,1,1,0,0,0,1.3466867,0,0,0,1,0,1,0,1,1
34,-4.3232193,-1.5266311,-0.062439263,1.9208994,1.7210915,3.1354115,0,125559,2.5,8,1,5,18,12,1,0,0,0,34,1,-20000000,-20000000,1,0,0,1,1,0,0,0,2.56067,0,0,0,1,0,1,0,1,1
35,-2.380527,-4.277986,-0.150071,1.688339,4.446599,7.892841,2,125830,2.5,8,1,4,18,12,1,0,1092,1093,35,4,0.6111111,2.031278,1,0,0,1,1,0,0,0,5.1485085,0,0,0,1,0,1,0,1,1
36,-2.681853,-1.708342,-0.014994,1.425311,1.710168,2.374973,1,125891,2.5,8,2,1,1,1,1,0,0,0,36,1,0.6111111,2.031278,1,0,0,1,1,0,0,0,0,0,0,0,1,0,1,0,1,1
37,-1.6218094,-0.5216433,-0.0057625026,0.2584054,1.2654057,2.0523183,2,126081,2.5,8,1,3,18,12,1,0,0,0,37,1,0.6111111,2.031278,1,0,0,1,1,0,0,0,0,0,0,0,1,0,1,0,1,1
38,-1.6721685,-0.7807119,-0.0286576,1.430013,0.8903592,3.2521234,2,126117,1.66667,8,1,5,18,12,1,0,0,0,38,1,0.6111111,2.031278,1,0,0,1,1,0,0,0,2.4126167,0,0,0,1,0,1,0,1,1
39,-1.1529782,-1.8547944,-0.019997953,1.2144616,1.1421803,7.336598,2,126199,4.16667,8,1,1,18,12,1,0,1091,1093,39,4,0.6111111,2.031278,1,0,0,1,1,0,0,0,4.5489354,0,0,0,1,0,1,0,1,1
40,-1.626472,-2.5981617,-0.005346856,1.261169,2.442171,7.4979734,2,126214,4.16667,8,1,1,18,12,1,0,1092,1094,40,3,0.6111111,2.031278,1,0,0,1,1,0,0,0,4.3099647,0,0,0,1,0,1,0,1,1
41,-0.25368658,-0.8373966,0.0020219712,1.0344057,0.8329252,1.886193,0,126239,2.5,8,1,4,18,12,1,0,0,0,41,1,0.6111111,2.031278,1,0,0,1,1,0,0,0,0.811947,0,0,0,1,0,1,0,1,1
42,-1.10344,-0.704511,0.000752,0.47442,0.761578,2.267059,0,126244,1.66667,8,1,1,18,12,1,0,0,0,42,1,0.6111111,2.031278,1,0,0,1,1,0,0,0,1.5795959,0,0,0,1,0,1,0,1,1
43,-2.2566798,-0.6344103,0.0016939173,1.5867447,0.6654184,1.7027817,16,126487,2.5,8,1,7,9,6,1,0,0,0,43,1,0.6111111,2.031278,1,0,0,1,1,0,0,0,0,0,0,0,1,0,1,0,1,1
44,-0.655967,-1.176232,0.000852,0.702095,1.080357,2.290177,4096,126511,2.5,8,1,7,18,12,1,0,0,0,44,1,0.6111111,2.031278,1,0,0,1,1,0,0,0,1.29405,0,0,0,1,0,1,0,1,1
45,-0.586957,-1.35872,-0.028185,1.17789,1.53303,1.941079,130,124160,1.94444,8,2,1,18,12,1,0,0,0,45,1,0.6111111,2.031278,1,0,0,1,1,0,0,0,1.21797,0,0,0,1,0,1,0,1,1
47,-2.950162,-2.114285,-0.036095,2.255903,2.068478,2.578512,0,123543,2.22222,8,1,5,18,12,1,0,0,0,47,1,0.6111111,2.031278,1,0,0,1,1,0,0,0,1.4516119,0,0,0,1,0,1,0,1,1
49,-0.56197435,-0.58161336,-0.012989961,0.3821445,0.56654966,2.092667,4,119940,2.5,8,1,1,12,10,1,0,0,0,49,1,0.6111111,2.031278,1,0,0,1,1,0,0,0,0,0,0,0,1,0,1,0,1,1
50,-0.53124106,-0.3896913,-0.002803743,0.28685364,0.3818366,1.9249815,4,119563,2.5,8,1,1,12,10,1,0,0,0,50,1,0.6111111,2.031278,1,0,0,1,1,0,0,0,0,0,0,0,1,0,1,0,1,1
51,-0.7434524,-0.93711674,-0.02610512,0.8166252,0.8791799,2.4041278,4,121287,2.5,8,1,1,14,14,1,0,0,0,51,1,0.6111111,2.031278,1,0,0,1,1,0,0,0,0,0,0,0,1,0,1,0,1,1
52,-0.6807833,-0.5545528,-0.010626818,0.3034233,0.5012153,2.1865354,4,121087,2.5,8,1,1,12,11,1,0,0,0,52,1,0.6111111,2.031278,1,0,0,1,1,0,0,0,0,0,0,0,1,0,1,0,1,1
53,-0.58264554,-0.6275207,-0.016845137,0.39467373,0.6532327,1.6448339,4,118355,2.5,8,1,1,12,10,1,0,0,0,53,1,0.6111111,1.6065985,1,0,0,1,1,0,0,0,0,0,0,0,1,0,1,0,1,1
54,-0.42268616,-0.4412079,-0.011404565,0.2537811,0.45264554,1.5913625,4,118135,2.5,8,1,1,12,10,1,0,0,0,54,1,0.44444448,1.5277778,1,0,0,1,1,0,0,0,0,0,0,0,1,0,1,0,1,1
55,-0.6237012,-0.62116545,-0.020031104,0.30689716,0.60709304,2.5602398,4,120791,2.5,8,1,1,12,10,1,0,0,0,55,1,0.7777778,2.4380827,1,0,0,1,1,0,0,0,0,0,0,0,1,0,1,0,1,1
56,-0.45385817,-0.4018805,-0.01133366,0.35177281,0.45522004,2.3550377,4,120590,2.5,8,1,1,12,10,1,0,0,0,56,1,0.6111111,2.031278,1,0,0,1,1,0,0,0,0,0,0,0,1,0,1,0,1,1
57,-0.6576582,-0.5855166,-0.014802484,0.40151426,0.48384288,2.1159284,4,121768,2.5,8,2,1,12,10,1,0,0,0,57,1,0.6111111,2.031278,1,0,0,1,1,0,0,0,0,0,0,0,1,0,1,0,1,1
58,-0.40435427,-0.46053898,-0.0042089014,0.4175204,0.3992812,2.0596669,4,121608,2.5,8,2,1,12,10,1,0,0,0,58,1,0.6111111,2.031278,1,0,0,1,1,0,0,0,0,0,0,0,1,0,1,0,1,1
59,-1.5824755,-1.216425,-0.011808429,1.4054741,1.2067788,3.4328387,4,122055,2.5,8,1,3,22,16,2,0,0,0,59,1,0.6111111,2.031278,1,0,0,1,1,0,0,0,0,0,0,0,1,0,1,0,1.3,1.35
60,-1.3416791,-0.81470376,-0.016156897,0.6316242,0.8200583,2.7987618,4,121961,2.5,8,1,3,20,14,2,0,0,0,60,1,0.6111111,2.031278,1,0,0,1,1,0,0,0,0,0,0,0,1,0,1,0,1,1
61,-2.152836,-2.981109,0.374427,1.676888,3.062344,6.303791,10,123137,2.5,8,1,1,18,12,1,0,0,0,61,0,0.6111111,2.031278,1,0,0,1,1,0,0,0,0,0,0,0,1,0,1,0,1,1
62,-6.072165,-2.7782648,-0.19453618,2.3099453,4.293606,4.7402987,8,124581,2.5,8,1,1,18,12,1,0,0,1091,62,3,0.6111111,2.031278,1,0,0,1,1,0,0,0,0,0,0,0,1,0,1,0,1,1
63,-2.262889,-3.051109,-0.024284,2.927909,3.043403,2.577806,2,126124,2.5,8,1,1,18,12,1,0,0,0,63,1,0.6111111,2.031278,1,0,0,1,1,0,0,0,0,0,0,0,1,0,1,0,1,1
64,-2.262889,-3.051109,-0.024284,2.927909,3.043403,2.577806,2,126124,2.5,8,1,1,18,12,1,0,0,0,64,1,0.6111111,2.031278,1,0,0,1,1,0,0,0,0,0,0,0,1,0,1,0,1,1
65,-1.5165099,-0.426821,-0.015606001,1.7328656,0.394274,2.5858111,0,124427,2.5,9,1,6,18,12,1,0,0,0,65,1,0.6111111,2.031278,1,0,0,1,1,0,0,0,1.8657202,0,0,0,1,0,1,0,1,1
66,-1.156953,-0.452104,-0.028093,1.783582,0.45203,2.095408,0,123090,2.5,8,1,3,9,6,1,0,0,0,66,0,0.6111111,2.031278,1,0,0,1,1,0,0,0,1.27032,0,0,0,1,0,1,0,1,1
67,-1.8368962,-2.8125918,-0.032684125,2.6722763,2.9771814,6.2810364,0,122899,2.77778,8,2,3,18,12,1,0,1092,1093,67,3,0.6111111,2.031278,1,0,0,1,1,0,0,0,0,0,0,0,1,0,1,0,1,1
68,-2.3134074,-2.1714702,0.018265639,0.77806765,2.2148829,4.178381,0,123441,2.5,8,1,3,18,12,1,0,0,0,68,1,0.6111111,2.031278,1,0,0,1,1,0,0,0,0,0,0,0,1,0,1,0,1,1
69,-1.8591938,-2.2969773,-0.13129133,1.8632044,2.1786416,3.3286977,3,123747,3.88889,8,1,3,18,12,1,0,0,0,69,1,0.6111111,2.031278,1,0,0,1,1,0,0,0,0,0,0,0,1,0,1,0,1,1
70,-0.6069571,-0.7474823,-0.016811464,0.53045964,0.6652473,1.9873996,2,125942,2.22222,8,1,1,18,12,1,0,0,0,70,1,0.6111111,2.031278,1,0,0,1,1,0,0,0,1.3914036,0,0,0,1,0,1,0,1,1
71,-1.0735857,-1.481773,-0.00585355,0.7284223,1.4600097,3.3817568,2,124235,2.5,8,3,1,18,12,1,0,0,0,71,1,0.6111111,2.031278,1,0,0,1,1,0,0,0,0,0,0,0,1,0,1,0,1,1
72,-1.0266707,-1.4155958,0.0009969273,0.59584194,1.4251379,3.0070379,2,124243,2.5,8,3,1,18,12,1,0,0,0,72,1,0.6111111,2.031278,1,0,0,1,1,0,0,0,0,0,0,0,1,0,1,0,1,1
73,-2.152961,-0.575959,-0.140682,1.589405,0.546911,1.879035,1,123388,2.5,8,1,7,24,18,1,0,0,0,73,1,0.6111111,2.031278,1,0,0,1,1,0,0,0,1.3991108,0,0,0,1,0,1,0,1,1
74,-0.37056738,-0.540429,0.0005870633,0.44036493,0.5604966,1.8319637,0,124507,1.66667,8,1,4,12,10,1,0,0,0,74,1,0.6111111,2.031278,1,0,0,1,1,0,0,0,0,0,0,0,1,0,1,0,1,1
75,-5.3641562,-2.9527693,0.04020153,2.5016966,2.594871,5.1983466,1,126452,2.5,8,1,5,18,12,1,0,0,0,75,2,0.6111111,2.031278,1,0,0,1,1,0,0,0,0,0,0,0,1,0,1,0,1,1
76,-1.52124,-0.791052,0.012092,1.031662,1.063799,1.454085,9,124004,2.5,8,1,0,18,12,1,0,0,0,76,1,0.6111111,2.031278,1,0,0,1,1,0,0,0,0,0,0,0,1,0,1,0,1,1
77,-0.9848591,-0.58105844,-0.011109602,1.0625657,0.43661818,2.4344785,0,123698,2.5,8,1,6,18,12,1,0,0,0,77,1,0.6111111,2.031278,1,0,0,1,1,0,0,0,0,0,0,0,1,0,1,0,1,1
78,-1.8698887,-0.90447795,-0.0048384457,0.31597787,0.9174758,2.7703998,0,125796,2.5,8,1,3,18,12,1,0,0,0,78,1,0.6111111,2.031278,1,0,0,1,1,0,0,0,0,0,0,0,1,0,1,0,1,1
79,-0.15898901,-0.26004604,0.0071483515,0.21221265,0.25258175,1.271849,0,124495,2.5,8,1,4,18,12,1,0,0,0,79,1,0.6111111,2.031278,1,0,0,1,1,0,0,0,0,0,0,0,1,0,1,0,1,1
80,-0.16876994,-0.2133323,-0.00018590988,0.10781193,0.20951803,1.1695285,0,124456,2.5,8,1,4,18,12,1,0,0,0,80,1,0.6111111,2.031278,1,0,0,1,1,0,0,0,0,0,0,0,1,0,1,0,1,1
81,-2.439453,-1.4281565,-0.030305745,1.0892174,1.4108917,1.8422855,3,125957,2.5,8,2,0,18,12,1,0,0,0,81,1,0.6111111,2.031278,1,0,0,1,1,0,0,0,0,0,0,0,1,0,1,0,1,1
82,-2.4283655,-0.65870047,-0.006202568,1.0295022,0.5337032,1.2681019,16,126171,2.5,8,1,7,18,12,1,0,0,0,82,1,0.6111111,2.031278,1,0,0,1,1,0,0,0,1.24137,0,0,0,1,0,1,0,1,1
83,-1.657582,-0.925305,-0.05871,1.685014,0.867246,1.845206,8,123040,2.5,8,1,7,18,12,1,0,0,0,83,1,0.6111111,2.031278,1,0,0,1,1,0,0,0,0,0,0,0,1,0,1,0,1,1
84,-0.90869683,-1.8407248,-6.573072E-05,1.948899,1.5955381,3.1067524,2,124248,2.5,8,3,0,18,12,1,0,0,1091,84,1,0.6111111,2.031278,1,0,0,1,1,0,0,0,0,0,0,0,1,0,1,0,1,1
85,-3.2013266,-5.2247925,0.85960007,3.1749225,5.238903,7.625875,1,126530,2.5,30,1,0,18,12,1,0,0,0,85,1,0.6111111,2.031278,1,0,0,1,1,0,0,0,1.1938912,0,0,0,1,0,1,0,1,1
86,-0.370568,-0.540429,0.000587,0.440365,0.560497,1.831964,0,124508,1.66667,8,1,1,18,12,1,0,0,0,86,1,0.6111111,2.031278,1,0,0,1,1,0,0,0,0,0,0,0,1,0,1,0,1,1
87,-0.9917762,-0.5270344,0.00058522786,0.4403507,0.523597,1.7618018,0,124509,2.5,8,1,1,18,12,1,0,0,0,87,1,0.6111111,2.031278,1,0,0,1,1,0,0,0,0,0,0,0,1,0,1,0,1,1
88,-0.432397,-0.540428,-0.001787,0.826877,0.575359,1.828942,0,124512,2.5,8,1,1,18,12,1,0,0,0,88,1,0.6111111,2.031278,1,0,0,1,1,0,0,0,0,0,0,0,1,0,1,0,1,1
89,-0.5272886,-0.6404104,0.00065507035,0.5789187,0.54523456,2.1227055,0,124515,2.5,8,1,1,18,12,1,0,0,0,89,1,0.6111111,2.031278,1,0,0,1,1,0,0,0,0,0,0,0,1,0,1,0,1,1
90,-2.3062475,-1.1621219,-0.03756714,2.208455,1.2020557,3.1782067,9,124387,2.5,8,1,0,18,12,1,0,0,0,90,2,0.6111111,2.031278,1,0,0,1,1,0,0,0,1.6565863,0,0,0,1,0,1,0,1,1
91,-2.4607553,-1.4406533,-0.04335618,1.3683693,1.7724708,3.2207038,1,125902,2.5,8,1,1,1,1,1,0,0,0,91,1,0.6111111,2.031278,1,0,0,1,1,0,0,0,0,0,0,0,1,0,1,0,1,1
92,-1.9443035,-2.6101708,0.16483232,2.3371608,2.4841769,5.967975,3,125931,2.5,8,1,0,18,12,1,0,0,0,92,1,0.6111111,2.031278,1,0,0,1,1,0,0,0,0,0,0,0,1,0,1,0,1,1
93,-0.269897,-0.316466,-0.004714,0.246695,0.328929,1.897014,0,124444,2.77778,8,1,1,18,12,1,0,0,0,93,1,0.472222,1.94444,1,0,0,1,1,0,0,0,0,0,0,0,1,0,1,0,1,1
94,-0.529582,-0.427913,-0.00457,0.245354,0.435132,1.883839,0,124452,2.5,8,1,1,18,12,1,0,0,0,94,1,0.6111111,2.031278,1,0,0,1,1,0,0,0,0,0,0,0,1,0,1,0,1,1
95,-0.316277,-0.369578,-0.008559,0.260954,0.463854,2.022604,0,124463,2.5,8,1,1,18,12,1,0,0,0,95,1,0.6111111,2.031278,1,0,0,1,1,0,0,0,0,0,0,0,1,0,1,0,1,1
96,-0.3336,-0.369577,-0.008558,0.249117,0.403831,1.872996,0,124467,2.5,8,1,1,18,12,1,0,0,0,96,1,0.555556,1.94444,1,0,0,1,1,0,0,0,0,0,0,0,1,0,1,0,1,1
97,-0.300864,-0.330077,-0.001708,0.333066,0.421097,1.889445,0,124468,2.5,8,1,1,18,12,1,0,0,0,97,1,0.416666,1.91345,1,0,0,1,1,0,0,0,1.07564,0,0,0,1,0,1,0,1,1
98,-0.281995,-0.342848,-0.002671,0.246974,0.343207,1.913336,0,124472,1.66667,8,1,1,18,12,1,0,0,0,98,1,0.416666,1.91345,1,0,0,1,1,0,0,0,1.06621,0,0,0,1,0,1,0,1,1
99,-0.322469,-0.319104,-0.001459,0.288641,0.329237,1.895215,0,124475,2.5,8,1,1,18,12,1,0,0,0,99,1,0.416666,1.91345,1,0,0,1,1,0,0,0,1.07564,0,0,0,1,0,1,0,1,1
100,-0.271689,-0.325399,-0.001459,0.243055,0.329237,1.895229,0,124478,2.5,8,1,1,18,12,1,0,0,0,100,1,0.416666,1.91345,1,0,0,1,1,0,0,0,1.07564,0,0,0,1,0,1,0,1,1
101,-0.360743,-0.664335,-0.002381,0.438553,0.542029,2.007537,0,124482,2.5,8,1,1,18,12,1,0,0,0,101,1,0.694444,2.05556,1,0,0,1,1,0,0,0,0,0,0,0,1,0,1,0,1,1
102,-0.255377,-0.437861,-0.000814,0.349882,0.434437,2.014777,0,124490,2.5,8,1,1,18,12,1,0,0,0,102,1,0.555556,2.08333,1,0,0,1,1,0,0,0,0,0,0,0,1,0,1,0,1,1
103,-0.360744,-0.664336,-0.002395,0.438486,0.553806,2.046734,0,124506,2.5,8,1,1,18,12,1,0,0,0,103,1,0.6111111,2.031278,1,0,0,1,1,0,0,0,0.871598,0,0,0,1,0,1,0,1,1
104,-0.316737,-0.475834,-0.002818,0.402932,0.484231,2.05718,0,124540,2.5,8,1,1,18,12,1,0,0,0,104,1,0.6111111,2.0312655,1,0,0,1,1,0,0,0,1.166689,0,0,0,1,0,1,0,1,1
105,-0.316737,-0.486773,-0.002813,0.402931,0.513672,1.993774,0,124547,2.5,8,1,1,18,12,1,0,0,0,105,1,0.611112,2.03126,1,0,0,1,1,0,0,0,1.16669,0,0,0,1,0,1,0,1,1
106,-0.360743,-0.664337,-0.002381,0.438496,0.54203,2.282205,0,124552,2.5,8,1,1,18,12,1,0,0,0,106,1,0.509728,2.03126,1,0,0,1,1,0,0,0,0.871598,0,0,0,1,0,1,0,1,1
107,-0.337104,-0.471952,-0.002563,0.403315,0.484192,1.994458,0,124544,2.5,8,1,1,18,12,1,0,0,0,107,1,0.611112,2.03126,1,0,0,1,1,0,0,0,1.16669,0,0,0,1,0,1,0,1,1
108,-0.372525,-0.516474,-0.00081,0.431895,0.514724,2.019828,0,124485,2.5,8,1,1,18,12,1,0,0,0,108,1,0.6111111,2.031264,1,0,0,1,1,0,0,0,1.1666889,0,0,0,1,0,1,0,1,1
109,-0.338402,-0.366659,-0.001565,0.240099,0.346871,1.962467,0,124448,2.5,8,1,1,18,12,1,0,0,0,109,1,0.41666675,1.9134551,1,0,0,1,1,0,0,0,1.0756395,0,0,0,1,0,1,0,1,1
110,-1.041009,-1.680827,0.366207,1.043886,1.684634,3.043421,4107,126426,3.88889,8,1,0,18,12,1,0,0,0,110,1,0.6111111,2.031278,1,0,0,1,1,0,0,0,0,0,0,0,1,0,1,0,1,1
111,-0.269335,-0.200649,0.000307,0.261495,0.185284,0.44167,0,123200,2.5,8,1,5,4,3,1,0,0,0,111,0,0.6111111,2.031278,1,0,0,1,1,0,0,0,0.2690915,0,0,0,1,0,1,0,1,1
112,-0.626689,-0.769626,-0.000164,0.524903,0.730086,2.352855,0,125377,2.5,8,1,1,18,12,1,0,0,0,112,1,0.6111111,2.031278,1,0,0,1,1,0,0,0,1.2363617,0,0,0,1,0,1,0,1,1
113,-0.626689,-0.769626,-0.000164,0.524904,0.730086,2.273276,0,125372,2.5,8,1,1,18,12,1,0,0,0,113,1,0.75,2.3611112,1,0,0,1,1,0,0,0,1.2363617,0,0,0,1,0,1,0,1,1
114,-0.479176,-0.201773,-0.006353,0.28776,0.194655,0.510683,0,125512,2.5,8,1,7,4,3,1,0,0,0,114,0,0.6111111,2.031278,1,0,0,1,1,0,0,0,0,0,0,0,1,0,1,0,1,1
115,-0.423409,-0.614069,-0.006921,0.532601,0.56656,1.55894,0,123708,2.5,8,1,1,18,12,1,0,0,0,115,1,0.6944445,1.388889,1,0,0,1,1,0,0,0,0.82305527,0,0,0,1,0,1,0,1,1
116,-1.123374,-1.141437,-0.048109,0.47753,0.770787,2.282448,0,126248,2.5,8,1,4,18,12,1,0,0,0,116,1,0.6111111,2.031278,1,0,0,1,1,0,0,0,1.4188606,0,0,0,1,0,1,0,1,1
117,-1.123374,-1.141437,-0.048109,0.756848,0.770787,2.557313,0,126247,2.5,8,1,4,18,12,1,0,0,0,117,1,0.6111111,2.031278,1,0,0,1,1,0,0,0,1.4188606,0,0,0,1,0,1,0,1,1
118,-1.110465,-0.707755,-1.4E-05,0.47753,0.758649,2.262716,0,126267,2.5,8,1,4,18,12,1,0,0,0,118,1,0.6111111,2.031278,1,0,0,1,1,0,0,0,1.4188606,0,0,0,1,0,1,0,1,1
119,-1.123951,-1.141413,-0.048104,0.47753,0.770781,2.281977,0,126249,2.5,8,1,4,18,12,1,0,0,0,119,1,0.6111111,2.031278,1,0,0,1,1,0,0,0,1.4188606,0,0,0,1,0,1,0,1,1
120,-1.122086,-1.141437,-0.046315,0.756848,0.770787,2.553173,0,126245,2.5,8,1,4,18,12,1,0,0,0,120,1,0.6111111,2.031278,1,0,0,1,1,0,0,0,1.4188606,0,0,0,1,0,1,0,1,1
121,-1.122086,-1.141437,-0.046315,0.515449,0.770787,2.282449,0,126246,2.5,8,1,4,18,12,1,0,0,0,121,1,0.6111111,2.031278,1,0,0,1,1,0,0,0,1.4188606,0,0,0,1,0,1,0,1,1
122,-0.89678,-0.757445,0.000414,0.731812,0.757685,1.851908,0,124186,2.5,8,1,7,18,12,1,0,0,0,122,1,0.6111111,2.031278,1,0,0,1,1,0,0,0,0.89164555,0,0,0,1,0,1,0,1,1
123,-0.777,-0.700137,0.000479,0.731759,0.764516,1.7562,0,124192,3,8,1,7,18,12,1,0,0,0,123,1,0.6111111,2.031278,1,0,0,1,1,0,0,0,0.89164555,0,0,0,1,0,1,0,1,1
124,-0.470813,-0.257748,-0.003308,1.213048,0.258521,1.677998,0,123362,2.5,8,1,3,18,12,1,0,0,0,124,1,0.6111111,2.031278,1,0,0,1,1,0,0,0,0,0,0,0,1,0,1,0,1,1
125,-0.524196,-0.47091,-0.002551,0.42839,0.517416,2.011116,0,124500,1.66667,8,1,1,18,12,1,0,0,0,125,1,0.50973123,2.0312655,1,0,0,1,1,0,0,0,1.166689,0,0,0,1,0,1,0,1,1
126,-0.5241817,-0.47089255,-0.002548045,0.42839003,0.5174172,2.2275014,0,124494,1.66667,8,1,1,18,12,1,0,0,0,126,1,0.6111111,2.031278,1,0,0,1,1,0,0,0,1.166689,0,0,0,1,0,1,0,1,1
127,-0.240204,-0.497698,-0.000429,0.313023,0.510517,2.056736,0,124516,2.5,8,1,1,18,12,1,0,0,0,127,1,0.6111111,2.031278,1,0,0,1,1,0,0,0,1.166689,0,0,0,1,0,1,0,1,1
128,-0.250635,-0.453516,-0.000599,0.330271,0.44736,2.012269,0,124521,2.5,8,1,4,18,12,1,0,0,0,128,1,0.6111111,2.031278,1,0,0,1,1,0,0,0,1.166689,0,0,0,1,0,1,0,1,1
129,-0.252008,-0.462726,-0.001817,0.309355,0.455395,1.995213,0,124533,2.5,8,1,1,18,12,1,0,0,0,129,1,0.6111111,2.031278,1,0,0,1,1,0,0,0,1.166689,0,0,0,1,0,1,0,1,1
130,-2.6068504,-2.3162174,-0.1812644,1.0395694,2.2844586,3.4673486,0,123673,2.5,8,3,3,18,12,1,0,0,1091,130,2,0.6111111,2.031278,1,0,0,1,1,0,0,0,0,0,0,0,1,0,1,0,1,1
131,-0.286203,-0.445213,-0.001502,0.306011,0.419611,0.929975,0,124198,2.5,8,1,1,18,12,1,0,0,0,131,1,0.6944445,1.25,1,0,0,1,1,0,0,0,0.4816526,0,0,0,1,0,1,0,1,1
132,-0.53722423,-0.9517549,-0.030465558,1.4629326,0.95182407,0.96463984,8,123291,2.5,8,1,1,4,3,1,0,0,0,132,0,0.6111111,2.031278,1,0,0,1,1,0,0,0,0,0,0,0,1,0,1,0,1,1
133,-4.7156897,-1.8399359,-0.7175821,3.3611493,1.7630095,4.616408,12297,126153,2.5,8,1,0,18,12,1,0,0,0,133,1,0.6111111,2.031278,1,0,0,1,1,0,0,0,0,0,0,0,1,0,1,0,1,1
134,-0.44110316,-0.15318896,-0.016193189,0.07676655,0.14562017,0.37031257,0,126061,2.5,8,1,7,4,3,1,0,0,0,134,0,0.6111111,2.031278,1,0,0,1,1,0,0,0,0,0,0,0,1,0,1,0,1,1
136,-1.6081169,-1.2313235,-0.08085963,0.9196799,1.2439902,2.2260876,0,124263,2.5,8,1,4,18,12,1,0,0,0,135,0,0.6111111,2.031278,1,0,0,1,1,0,0,0,0,0,0,0,1,0,1,0,1,1
137,-6.2192116,-2.9860582,-0.33517948,3.3319838,3.1881073,1.6126145,10,123324,2.5,8,1,5,18,12,1,0,0,0,136,0,0.6111111,2.031278,1,0,0,1,1,0,0,0,0,0,0,0,1,0,1,0,1,1
139,-3.8467436,-1.7065263,-0.091361225,2.0623972,0.95109344,2.770738,0,123878,2.5,8,3,5,16.2,10.8,1,0,0,0,138,0,0.6111111,2.031278,1,0,0,1,1,0,0,0,0,0,0,0,1,0,1,0,1,1
140,-0.78618,-0.438844,-0.003739,0.80837,0.407403,1.08683,0,125865,2.5,8,1,3,18,12,1,0,0,0,139,0,0.6111111,2.031278,1,0,0,1,1,0,0,0,0,0,0,0,1,0,1,0,1,1
141,-1.4554626,-1.317728,-0.08035268,1.3783004,1.2777,3.3516893,16,123756,2.5,8,2,5,18,12,1,0,0,0,140,0,0.6111111,2.031278,1,0,0,1,1,0,0,0,1.03618,0,0,0,1,0,1,0,1,1
142,-0.25936943,-0.25518113,-0.002125362,0.25827366,0.2566871,0.27243522,3,124008,2.5,8,1,7,4,3,1,0,0,0,141,0,0.6111111,2.031278,1,0,0,1,1,0,0,0,0,0,0,0,1,0,1,0,1,1
143,-1.5165099,-0.426821,-0.015606001,1.7328656,0.394274,2.5858111,0,124427,2.5,2.5,1,6,18,12,1,0,0,0,65,1,0.6111111,2.031278,1,0,0,1,1,0,0,0,1.8657202,0,0,0,1,0,1,0,1,1
144,-1.0665647,-1.0537784,-0.025107449,0.7370722,1.550998,3.0657363,3,123014,2.5,8,1,4,18,12,1,0,0,0,142,0,0.6111111,2.031278,1,0,0,1,1,0,0,0,0,0,0,0,1,0,1,0,1,1
145,-0.80865407,-0.69556004,-0.010591223,0.6986372,0.7279741,2.1057568,0,125497,2.5,8,1,3,18,12,1,0,0,0,143,0,0.6111111,2.031278,1,0,0,1,1,0,0,0,0.66778266,0,0,0,1,0,1,0,1,1
146,-1.242525,-1.697481,-0.036876,1.313717,1.695407,3.553662,0,126444,2.5,8,1,4,18,12,1,0,0,0,144,0,0.6111111,2.031278,1,0,0,1,1,0,0,0,0,0,0,0,1,0,1,0,1,1
147,-2.5415769,-4.6910086,0.002135992,2.059098,4.7960405,5.346998,1,124290,2.5,30,1,0,18,12,1,0,0,0,145,2,0.6111111,2.031278,1,0,0,1,1,0,0,0,1.5676198,0,0,0,1,0,1,0,1,1
149,-1.0266707,-1.4155958,0.0009969273,0.59584194,1.4251379,3.0070379,0,124243,2.5,8,1,1,0,0,0,0,0,0,147,0,0.6111111,2.031278,1,0,0,1,1,0,0,0,0,0,0,0,1,0,1,0,1,1
150,-0.502933,-0.566322,-0.000469,0.2983,0.359835,1.858261,0,126131,2.5,8,1,1,18,12,1,0,0,0,148,1,0.6944445,2.0833333,1,0,0,1,1,0,0,0,1.2359911,0,0,0,1,0,1,0,1,1
151,-0.290052,-0.452572,-0.003472,0.402503,0.455449,1.995164,0,126136,2.5,8,1,1,18,12,1,0,0,0,149,1,0.6111111,2.0312655,1,0,0,1,1,0,0,0,1.166689,0,0,0,1,0,1,0,1,1
152,-0.558294,-0.435082,-0.004824,0.429658,0.552906,2.157449,0,126133,2.5,8,1,1,18,12,1,0,0,0,150,1,0.6111111,2.0312655,1,0,0,1,1,0,0,0,1.166689,0,0,0,1,0,1,0,1,1
155,-1.2355303,-0.56754875,-0.003313921,1.7201035,0.61148024,1.8299184,0,123288,2.5,8,1,0,18,12,1,0,0,0,153,1,0.6111111,2.031278,1,0,0,1,1,0,0,0,0,0,0,0,1,0,1,0,1,1
156,-1.9156593,-1.9275557,-0.17709124,1.69589,1.8132044,3.1951694,0,123961,2.5,8,1,0,18,12,1,0,0,0,154,2,0.6111111,2.031278,1,0,0,1,1,0,0,0,0,0,0,0,1,0,1,0,1,1
157,-2.25495,-1.787757,0.102808,0.717331,1.763723,4.714993,0,125500,2.5,6.94444,1,0,0,0,0,0,0,0,155,2,0.6111111,2.031278,1,0,0,1,1,0,0,0,0,0,0,0,1,0,1,0,1,1
158,-1.003336,-2.542188,-0.218493,1.600192,1.99959,4.637071,0,125504,2.5,6.94444,1,0,0,0,0,0,0,0,156,1,0.6111111,2.031278,1,0,0,1,1,0,0,0,0,0,0,0,1,0,1,0,1,1
159,-2.340328,-2.820297,-0.118686,2.411597,2.854492,6.635825,0,125508,2.5,8,1,0,18,12,1,0,0,0,157,1,0.6111111,2.031278,1,0,0,1,1,0,0,0,0,0,0,0,1,0,1,0,1,1
160,-0.94343454,-1.5442305,0.085343435,1.086055,1.4752457,2.9571266,11,123934,2.5,8,1,0,18,12,1,0,0,0,158,1,0.6111111,2.031278,1,0,0,1,1,0,0,0,0,0,0,0,1,0,1,0,1,1
161,-0.2983,-0.101972,-0.014137,0.060488,0.107209,0.361309,0,125434,2.5,8,1,7,4,3,1,0,0,0,159,1,0.6111111,2.031278,1,0,0,1,1,0,0,0,0,0,0,0,1,0,1,0,1,1
162,-0.9726629,-1.84117,0.08183462,1.0860153,1.4751079,3.4455066,2,126369,2.5,8,2,1,18,12,1,0,0,0,162,1,0.6111111,2.031278,1,0,0,1,1,0,0,0,0,0,0,0,1,0,1,0,1,1
163,-0.626689,-0.769626,-0.000164,0.524904,0.730086,2.352855,0,125374,2.5,8,1,1,18,12,1,0,0,0,163,1,0.75,2.3611112,1,0,0,1,1,0,0,0,1.2363617,0,0,0,1,0,1,0,1,1
164,-0.403987,-0.578804,-0.005904,0.318469,0.513541,1.42024,0,124224,2.5,8,2,0,18,12,1,0,0,0,164,1,0.6111111,2.031278,1,0,0,1,1,0,0,0,0.531261,0,0,0,1,0,1,0,1,1
165,-0.967315,-0.378373,-0.003408,0.37074,0.391319,0.448367,0,125576,2.5,8,1,5,4,3,1,0,0,0,165,1,0.6111111,2.031278,1,0,0,1,1,0,0,0,0,0,0,0,1,0,1,0,1,1
167,-0.444989,-0.470738,-0.003042,0.435288,0.376716,1.734065,2,126571,2.5,8,2,1,18,12,1,0,0,0,166,1,0.6111111,2.031278,1,0,0,1,1,0,0,0,0,0,0,0,1,0,1,0,1,1
168,-0.444989,-0.470738,-0.003042,0.435288,0.425269,1.972804,2,126570,2.5,8,2,1,18,12,1,0,0,0,167,1,0.6111111,2.031278,1,0,0,1,1,0,0,0,1.128875,0,0,0,1,0,1,0,1,1
170,-0.7811345,-0.4358819,-0.018646922,0.99496543,0.3528465,0.3844437,9,125969,2.5,8,1,1,18,12,1,0,0,0,168,1,0.6111111,2.031278,1,0,0,1,1,0,0,0,0,0,0,0,1,0,1,0,1,1
171,-2.25668,-0.634411,0.001694,1.586745,0.665418,1.702781,3,126488,2.5,8,1,7,18,12,1,0,0,0,169,1,0.6111111,2.031278,1,0,0,1,1,0,0,0,0,0,0,0,1,0,1,0,1,1
172,-3.0656712,-1.8883585,-0.020631574,1.5219855,1.8254824,3.52005,0,124790,2.5,8,1,5,18,12,1,0,0,0,170,2,0.6111111,2.031278,1,0,0,1,1,0,0,0,0,0,0,0,1,0,1,0,1,1
173,-3.347369,-1.345126,-0.066811,1.217559,1.316197,2.30215,10,125837,2.5,8,1,7,18,12,1,0,0,0,171,1,0.6111111,2.031278,1,0,0,1,1,0,0,0,0,0,0,0,1,0,1,0,1,1
174,-1.556712,-0.913821,-0.149383,0.484067,0.60975,2.24024,2,125947,2.5,8,1,1,18,12,1,0,0,0,172,1,0.6111111,2.031278,1,0,0,1,1,0,0,0,0,0,0,0,1,0,1,0,1,1
175,-0.95207846,-2.224276,0.8534647,1.2186965,2.2919858,3.6617627,1,123816,2.5,8,1,0,18,12,1,0,0,0,173,1,0.6111111,2.031278,1,0,0,1,1,0,0,0,0,0,0,0,1,0,1,0,1,1
176,-1.365354,-2.981823,-0.599905,3.527669,2.686704,4.221514,0,124225,2.5,8,1,1,18,12,1,0,0,0,174,1,0.6111111,2.031278,1,0,0,1,1,0,0,0,0,0,0,0,1,0,1,0,1,1
177,-0.952078,-2.309032,0.853465,1.218549,2.316141,3.665983,3,123818,2.5,8,1,0,18,12,1,0,0,0,175,1,0.6111111,2.031278,1,0,0,1,1,0,0,0,0,0,0,0,1,0,1,0,1,1
178,-0.30056688,-0.37306708,-0.082147084,0.6182666,0.4799127,0.30001676,0,123284,1,5,1,1,4,3,0.2,0,0,0,176,0,0.6111111,2.031278,1,0,0,1,1,0,0,0,0,0,0,0,1,0,1,0,1,1
180,-1.657582,-0.925305,-0.05871,1.685014,0.867246,1.845206,0,123040,2.5,8,1,1,18,12,1,0,1095,1094,83,1,0.6111111,2.031278,1,0,0,1,1,0,0,0,0,0,0,0,1,0,1,0,1,1
181,-1.838925,-1.836389,-0.20291,1.83817,1.840706,2.828639,3,126036,0,0,1,0,18,12,1,0,0,0,177,1,0.7936278,2.0833333,1,0,0,1,1,0,0,0,0,0,0,0,1,0,1,0,1,1
182,-0.52928114,-0.43887722,-0.006125717,0.31038144,0.456806,1.5076257,4,119159,2.5,8,1,1,12,10,1,0,0,0,294,1,0.6944441,1.055555,1,0,0,1,1,0,0,0,0,0,0,0,1,0,1,0,1,1
183,-0.58877915,-0.3732612,-0.0030012368,0.16107231,0.36996013,1.3360994,4,119063,2.5,8,1,1,12,10,1,0,0,0,295,1,0.6111108,1.1002022,1,0,0,1,1,0,0,0,0,0,0,0,1,0,1,0,1,1
185,-0.7828616,-0.699444,-0.009995396,1.0207624,0.817165,2.6268327,4,122560,2.5,8,1,1,12,10,1,0,0,0,296,1,0.6111111,2.031278,1,0,0,1,1,0,0,0,0,0,0,0,1,0,1,0,1,1
186,-0.741363,-0.58218676,0.0017772713,0.4146895,0.47490358,2.6679459,4,122414,2.5,8,1,1,12,10,1,0,0,0,297,1,0.6129831,2.4274132,1,0,0,1,1,0,0,0,0,0,0,0,1,0,1,0,1.2,1.25
187,-2.5823474,-3.9539952,0.010690078,3.7663064,3.8193603,9.135681,8,122893,2.5,8,1,1,18,12,1,0,1095,1093,178,4,0.6111111,2.031278,1,0,0,1,1,0,0,0,0,0,0,0,1,0,1,0,1,1
188,-2.5823476,-3.738656,0.010685474,4.744168,3.5895958,9.485642,8,122895,2.5,8,1,1,18,12,1,0,1095,1093,179,4,0.6111111,2.031278,1,0,0,1,1,0,0,0,0,0,0,0,1,0,1,0,1,1
190,-1.970436,-1.92409,-0.20291,1.995676,2.042022,3.585268,3,126033,0,0,1,0,18,12,1,0,0,0,180,1,0.7936278,2.8757172,1,0,0,1,1,0,0,0,0,0,0,0,1,0,1,0,1,1
191,-8.751142,-3.728621,-0.020517,3.668304,3.231867,6.064038,0,126169,2.5,8,1,7,18,12,1,0,0,0,181,2,0.6111111,2.031278,1,0,0,1,1,0,0,0,0,0,0,0,1,0,1,0,1,1
192,-1.59186,-0.57174,0.000812,1.584279,0.602746,1.832312,0,124601,2.5,8,1,7,18,12,1,0,0,0,182,1,0.6111111,2.031278,1,0,0,1,1,0,0,0,0,0,0,0,1,0,1,0,1,1
193,-3.2787683,-3.3906317,-0.10323936,3.0337481,3.5853207,2.658562,9,125860,2.5,8,1,0,18,12,1,0,0,0,183,1,0.6111111,2.031278,1,0,0,1,1,0,0,0,1.4470526,0,0,0,1,0,1,0,1,1
194,-1.3029691,-0.9606858,-0.00778182,1.8471959,0.9157527,3.5221477,0,126065,2,8,1,6,18,12,1,0,0,0,184,1,0.6111111,2.031278,1,0,0,1,1,0,0,0,1.8657155,0,0,0,1,0,1,0,1,1
195,-1.398751,-0.657681,-0.001697,1.975419,0.61867,3.313895,0,125017,2.5,8,1,6,18,12,1,0,0,1091,185,1,0.6111111,2.031278,1,0,0,1,1,0,0,0,1.0784994,0,0,0,1,0,1,0,1,1
197,-0.9906703,-0.27565822,-0.0031802421,1.3347311,0.29532254,3.2724862,0,124148,2.5,8,1,3,18,12,1,0,0,0,186,1,0.6111111,2.031278,1,0,0,1,1,0,0,0,0,0,0,0,1,0,1,0,1,1
198,-1.332436,-0.583711,-0.00183,2.510658,0.579682,6.110201,0,124169,2.5,8,1,3,0,0,0,0,0,0,187,1,0.6111111,2.031278,1,0,0,1,1,0,0,0,0,0,0,0,1,0,1,0,1,1
199,-0.144385,-0.91378,-0.000279,0.136494,0.48755,1.305435,3,126026,0,0,1,0,18,12,1,0,0,0,188,1,0.27989587,1.0999879,1,0,0,1,1,0,0,0,0,0,0,0,1,0,1,0,1,1
201,-2.2001352,-5.2194076,1.1174111,3.1688075,5.239837,7.885399,0,123831,2.5,30,1,0,18,12,1,0,0,0,189,1,0.6111111,2.031278,1,0,0,1,1,0,0,0,1.193892,0,0,0,1,0,1,0,1,1
202,-1.187258,-1.140912,-0.20291,1.212498,1.258844,2.460429,3,126018,0,0,1,0,18,12,1,0,0,0,190,1,0.7936278,2.0833333,1,0,0,1,1,0,0,0,0,0,0,0,1,0,1,0,1,1
203,-20.146122,-9.710936,-0.694383,9.732643,9.767405,13.758296,0,123459,2.5,8,1,5,30,20,3,0,1095,1094,191,4,0.6111111,2.031278,1,0,0,1,1,0,0,0,0,0,0,0,1,0,1,0,1,1
204,-1.8167686,-3.1124437,-0.0038126495,1.7481557,2.6229956,7.391967,2,126215,3.75,8,1,4,18,12,1,0,0,0,192,1,0.6111111,2.031278,1,0,0,1,1,0,0,0,4.309964,0,0,0,1,0,1,0,1,1
205,-2.4410133,-4.121717,-0.066559285,2.4765615,3.8023055,7.6707187,0,124952,1.94444,8,1,1,18,12,1,0,1095,1093,193,3,0.6111111,2.031278,1,0,0,1,1,0,0,0,0,0,0,0,1,0,1,0,1,1
206,-2.380527,-4.277986,-0.150071,1.688339,4.446599,7.892841,0,125830,2.5,8,1,4,18,12,1,0,1095,1094,35,1,0.6111111,2.031278,1,0,0,1,1,0,0,0,5.1485085,0,0,0,1,0,1,0,1,1
207,-0.12276971,-0.7554703,1.0181795,0.4875161,0.7829952,2.5842147,3,126483,2.5,8,1,0,18,12,1,0,0,0,194,1,0.6111111,2.031278,1,0,0,1,1,0,0,0,2.0353553,0,0,0,1,0,1,0,1,1
209,-2.3062475,-1.1621219,-0.03756714,2.208455,1.2020557,3.1782067,1,124387,2.5,30,1,0,18,12,1,0,0,0,90,1,0.6111111,2.031278,1,0,0,1,1,0,0,0,1.6565863,0,0,0,1,0,1,0,1,1
210,-2.615424,-0.779157,-0.098847,1.027964,0.552042,1.438516,0,124781,2.5,8,1,7,18,12,1,0,0,0,196,1,0.6111111,2.031278,1,0,0,1,1,0,0,0,0,0,0,0,1,0,1,0,1,1
212,-1.354468,-0.468764,-0.001343,2.447687,0.41813,2.707861,0,126320,2.5,9.02778,1,6,18,12,1,0,0,0,197,1,0.94444436,2.777778,1,0,0,1,1,0,0,0,1.865715,0,0,0,1,0,1,0,1,1
213,-1.7762667,-1.059725,-0.022344839,1.683424,0.97693866,1.8931696,16,7581815,2.5,6.94444,1,7,18,12,1,0,0,0,83,1,0.6111111,2.031278,1,0,0,1,1,0,0,0,1.82098,0,0,0,1,0,1,0,1,1
214,-1.533105,-0.92128575,-0.072043985,1.7753043,0.8599597,1.8594015,16,123680,2.5,6.94444,1,7,18,12,1,0,0,0,83,1,0.6111111,2.031278,1,0,0,1,1,0,0,0,0,0,0,0,1,0,1,0,1,1
215,-1.6363779,-0.4518685,-0.03425414,1.9388716,0.40464127,2.6834114,0,125227,2.5,9.7,3,6,18,12,1,0,0,1091,65,1,0.6111111,2.031278,1,0,0,1,1,0,0,0,1.9106663,0,0,0,1,0,1,0,1,1
216,-1.2437932,-0.43474308,-0.018193407,2.004621,0.44348702,2.6021347,0,125614,2.5,9.7,1,6,18,12,1,0,0,0,65,1,0.6111111,2.031278,1,0,0,1,1,0,0,0,1.8657155,0,0,0,1,0,1,0,1,1
217,-2.152961,-0.575958,-0.140683,1.589405,0.546911,1.879034,0,123418,2.5,9.7,1,7,24,18,1,0,0,0,73,1,0.6111111,2.031278,1,0,0,1,1,0,0,0,1.3991108,0,0,0,1,0,1,0,1,1
218,-1.2167187,-1.0380967,0.00038151443,1.7111771,1.0874158,1.6034544,1,125815,2.5,8,2,5,0,0,0,0,0,0,198,1,0.6111111,2.031278,1,0,0,1,1,0,0,0,0,0,0,0,1,0,1,0,1,1
219,-1.427234,-1.380888,-0.20291,1.452474,1.49882,2.460429,3,126024,0,0,1,0,18,12,1,0,0,0,199,1,0.7936278,2.0833333,1,0,0,1,1,0,0,0,0,0,0,0,1,0,1,0,1,1
220,-1.335479,-1.112163,-0.20291,1.183749,1.230096,2.71934,3,126032,0,0,1,0,18,12,1,0,0,0,200,1,0.7936278,1.7387624,1,0,0,1,1,0,0,0,0,0,0,0,1,0,1,0,1,1
221,-1.0949599,-1.0486137,-0.20291047,1.1201998,1.1665461,2.469706,3,126020,0,0,1,0,18,12,1,0,0,0,201,1,-20000000,-20000000,1,0,0,1,1,0,0,0,0,0,0,0,1,0,1,0,1,1
222,-0.24724944,-0.28745002,0.6548086,0.2954276,0.30795002,1.2667948,3,126011,2.5,6.94444,2,0,18,12,1,0,0,0,194,0,0.6111111,2.031278,1,0,0,1,1,0,0,0,0,0,0,0,1,0,1,0,1,1
223,-1.8472228,-2.1521673,0.17153427,2.264507,1.6866066,2.8892424,0,125835,2.5,8,1,0,18,12,1,0,0,0,202,1,0.6111111,2.031278,1,0,0,1,1,0,0,0,0,0,0,0,1,0,1,0,1,1
224,-1.8472228,-2.1521673,0.17153427,2.264507,1.6866066,2.8892424,17,125835,2.5,7,1,0,18,12,1,0,0,0,202,1,0.6111111,2.031278,1,0,0,1,1,0,0,0,0,0,0,0,1,0,1,0,1,1
225,-0.9863915,-2.041615,-0.011820026,1.2456343,2.0747201,4.230594,0,123990,2.5,8,1,5,18,12,1,0,0,0,204,1,0.6111111,2.031278,1,0,0,1,1,0,0,0,0,0,0,0,1,0,1,0,1,1
227,-2.486958,-1.3339901,-0.92279387,2.051237,1.3727342,1.8526052,3,125358,2.5,8,1,0,18,12,1,0,0,0,205,1,0.6111111,2.031278,1,0,0,1,1,0,0,0,0,0,0,0,1,0,1,0,1,1
229,-1.4484642,-0.8954708,-0.011252053,2.1411505,0.9686204,2.552333,0,125531,2.5,9.7,1,3,18,12,1,0,0,0,206,1,0.6111111,2.031278,1,0,0,1,1,0,0,0,1.8669243,0,0,0,1,0,1,0,1,1
230,-3.5225482,-3.6230333,-0.11047745,3.2588193,3.730314,2.2557838,1,125859,2.5,8,1,0,18,12,1,0,0,0,207,1,0.6111111,2.031278,1,0,0,1,1,0,0,0,0,0,0,0,1,0,1,0,1,1
250,-2.774229,-2.4443629,-0.18505591,2.0380921,2.4375439,3.505098,1,123329,2.5,8,3,1,18,12,1,0,0,0,227,1,0.6111111,2.031278,1,0,0,1,1,0,0,0,0,0,0,0,1,0,1,0,1,1
270,-0.34013355,-0.92032284,-0.16339417,0.24630268,1.0119894,2.5160484,3,125259,0,0,1,0,18,12,1,0,0,0,247,1,0.4583333,2.0876367,1,0,0,1,1,0,0,0,0,0,0,0,1,0,1,0,1,1
271,-2.083843,-1.216408,-0.132554,0.754068,1.295942,4.58327,3,125254,0,0,1,0,18,12,1,0,0,0,248,1,2.7567923,4.6766276,1,0,0,1,1,0,0,0,0,0,0,0,1,0,1,0,1,1
290,-3.7310605,-2.887356,-0.03297598,3.9055388,2.8873568,4.426822,3,125257,2.5,7.5,1,4,18,12,1,0,0,0,267,1,0.6944445,2.0833333,1,0,0,1,1,0,0,0,0,0,0,0,1,0,1,0,1,1
310,-0.317467,-0.365948,0.001117,0.310581,0.440213,2.328202,0,124367,2.5,8,1,1,18,12,1,0,0,0,287,1,0,0,1,0,0,1,1,0,0,0,1.3347374,0,0,0,1,0,1,0,1,1
311,-0.253885,-0.343081,0.001117,0.310581,0.420011,2.328202,0,124366,2.5,8,1,1,18,12,1,0,0,0,288,1,0,0,1,0,0,1,1,0,0,0,1.3347374,0,0,0,1,0,1,0,1,1
312,-0.317467,-0.342072,0.001117,0.310581,0.420011,2.328202,0,124368,2.5,8,1,1,18,12,1,0,0,0,289,1,0,0,1,0,0,1,1,0,0,0,1.3347374,0,0,0,1,0,1,0,1,1
313,-0.363323,-0.406066,0.001117,0.336256,0.474039,2.328202,0,124369,2.5,8,1,1,18,12,1,0,0,0,290,1,0,0,1,0,0,1,1,0,0,0,1.3347374,0,0,0,1,0,1,0,1,1
314,-0.389116,-0.508516,-0.000256,0.241634,0.50416,2.294297,0,124378,2.5,8,1,1,18,12,1,0,0,0,291,1,0,0,1,0,0,1,1,0,0,0,1.3413384,0,0,0,1,0,1,0,1,1
315,-0.341633,-0.492767,-0.000255,0.241634,0.488248,2.294297,0,124377,2.5,8,1,1,18,12,1,0,0,0,292,1,0.6111111,2.031278,1,0,0,1,1,0,0,0,1.3413384,0,0,0,1,0,1,0,1,1
316,-0.389116,-0.508516,-0.000256,0.241634,0.50416,2.294297,0,124379,2.5,8,1,1,18,12,1,0,0,0,289,1,0,0,1,0,0,1,1,0,0,0,1.3413384,0,0,0,1,0,1,0,1,1
317,-0.381968,-0.509579,-0.000256,0.2519,0.505562,2.294297,0,124380,2.5,8,1,1,18,12,1,0,0,0,293,1,0,0,1,0,0,1,1,0,0,0,1.3413384,0,0,0,1,0,1,0,1,1
331,-2.269799,-5.229757,0.261319,3.439837,5.235109,7.027561,1,123830,2.5,30,1,0,18,12,1,0,0,0,308,1,0.6111111,2.031278,1,0,0,1,1,0,0,0,1.193891,0,0,0,1,0,1,0,1,1
332,-1.7077001,-1.1039823,-0.029985279,0.74472666,1.1140878,2.826015,1,125078,2.5,8,1,1,1,1,1,0,0,0,309,1,0.6111111,2.031278,1,0,0,1,1,0,0,0,1.3189685,0,0,0,1,0,1,0,1,1
351,-4.835459,-6.571578,0.248933,3.524487,6.400875,4.859561,0,123205,2.5,8,1,0,18,12,1,0,0,0,328,1,0.6111111,2.031278,1,0,0,1,1,0,0,0,0,0,0,0,1,0,1,0,1,1
352,-4.040946,-1.548763,-0.029341,1.427939,1.522673,3.453172,0,125851,2.5,8,1,1,1,1,1,0,0,0,329,1,0.6111111,2.031278,1,0,0,1,1,0,0,0,0,0,0,0,1,0,1,0,1,1
371,-1.4382437,-0.7688168,0.00031878578,0.6961739,0.74952805,1.8619653,0,124622,2.5,8,1,3,18,12,1,0,0,0,1688,0,0.6111111,2.031278,1,0,0,1,1,0,0,0,0,0,0,0,1,0,1,0,1,1
372,-1.579814,-0.71447,-0.010908,0.724816,0.726062,2.542257,0,125499,2.5,8,1,6,18,12,1,0,0,0,143,1,0.6944445,2.0833333,1,0,0,1,1,0,0,0,0,0,0,0,1,0,1,0,1,1
373,-2.5910716,-2.98111,0.21932173,1.547392,3.0623438,6.303792,1,125378,2.5,8,1,1,18,12,1,0,0,0,350,1,0.6111111,2.031278,1,0,0,1,1,0,0,0,0,0,0,0,1,0,1,0,1,1
374,-1.1447811,-1.0965997,-0.35216707,1.1654621,1.2136436,1.4658287,3,126041,0,0,1,0,18,12,1,0,0,0,351,1,0.5192677,1.3151135,1,0,0,1,1,0,0,0,0,0,0,0,1,0,1,0,1,1
375,-0.8970008,-0.85283697,-0.23764196,0.92208856,0.96625227,1.4658276,3,126009,0,0,1,0,18,12,1,0,0,0,352,1,0.5192677,1.3151135,1,0,0,1,1,0,0,0,0,0,0,0,1,0,1,0,1,1
376,-1.7231667,-1.6189644,-0.35216707,1.6101665,1.7143688,3.440727,3,126012,0,0,1,0,18,12,1,0,0,0,353,1,0.52006894,1.3151135,1,0,0,1,1,0,0,0,0,0,0,0,1,0,1,0,1,1
377,-0.8970008,-0.85283697,-0.35216707,0.92208856,0.96625227,1.4658277,3,125990,0,0,1,0,18,12,1,0,0,0,354,1,0.6111111,2.031278,1,0,0,1,1,0,0,0,0,0,0,0,1,0,1,0,1,1
391,-0.66325736,-0.9058957,0.4652201,0.83766735,1.0571177,2.9057682,3,125854,2.5,8,3,0,18,12,1,0,0,0,368,1,0.6111111,2.031278,1,0,0,1,1,0,0,0,0,0,0,0,1,0,1,0,1,1
392,-0.8560664,-0.7846794,-0.010908331,0.63513446,0.7957681,2.4102876,0,125498,2.5,8,1,6,18,12,1,0,0,0,143,1,0.6111111,2.031278,1,0,0,1,1,0,0,0,0.89052784,0,0,0,1,0,1,0,1,1
393,-0.897001,-0.852837,-0.421537,0.922089,0.966252,1.465828,3,126013,0,0,1,0,18,12,1,0,0,0,370,1,0.52006894,1.3151135,1,0,0,1,1,0,0,0,0,0,0,0,1,0,1,0,1,1
411,-2.2001352,-5.2194076,1.1174111,3.1688075,5.239837,7.885399,9,123831,2.5,8,2,0,18,12,1,0,0,0,10395,1,0.6111111,2.031278,1,0,0,1,1,0,0,0,1.193892,0,0,0,1,0,1,0,1,1
452,-3.939116,-1.923957,1.866905,2.074345,1.30562,2.515815,1,123947,2.5,5,1,0,18,12,1,0,0,0,389,1,0.6111111,2.031278,1,0,0,1,1,0,0,0,0,0,0,0,1,0,1,0,1,1
453,-1.5088605,-2.9815416,0.68187404,1.7399007,3.0619648,6.304192,1,126075,2.5,0,1,0,0,0,0,0,0,0,390,1,0.6111111,2.031278,1,0,0,1,1,0,0,0,0,0,0,0,1,0,1,0,1,1
454,-9.469951,-2.3917136,-0.10822546,4.2142987,2.3874927,6.9039965,0,126225,2.5,8,1,5,12,18,1,0,1095,1094,391,2,0.6111111,2.031278,1,0,0,1,1,0,0,0,5.792733,0,0,0,1,0,1,0,1,1
455,-0.52241,-0.470738,-0.003042,0.435288,0.423637,1.871041,2,126575,2.5,8,2,4,12,18,1,0,0,0,392,1,0.6111111,2.031278,1,0,0,1,1,0,0,0,1.128875,0,0,0,1,0,1,0,1,1
456,-1.647077,-3.090728,-0.034069,1.888385,2.650772,7.511227,10,122906,2.5,8,3,1,18,12,1,0,1095,1094,40,1,0.6111111,2.031278,1,0,0,1,1,0,0,0,4.309964,0,0,0,1,0,1,0,1,1
457,-2.428365,-0.6587,-0.034593,1.085699,0.521574,1.37463,0,124052,2.5,9.7,1,7,24,18,1,0,0,0,196,1,0.6111111,2.031278,1,0,0,1,1,0,0,0,1.27043,0,0,0,1,0,1,0,1,1
458,-4.344136,-1.4892437,-0.062440395,2.098319,1.68347,3.333978,0,125680,2.5,9.7,1,5,24,18,1,0,0,0,34,1,0.6111111,2.031278,1,0,0,1,1,0,0,0,2.5206087,0,0,0,1,0,1,0,1,1
459,-1.6721685,-0.7807119,-0.0286576,1.430013,0.8903592,3.2521234,0,126117,2.5,9.7,1,3,24,18,1,0,0,0,38,1,0.6111111,2.031278,1,0,0,1,1,0,0,0,2.4126167,0,0,0,1,0,1,0,1,1
471,-1.424755,-0.632918,-0.000172,0.923705,0.632026,2.614836,0,123182,1.66667,8,1,6,18,12,1,0,0,0,3,1,0.6944445,2.0833333,1,0,0,1,1,0,0,0,1.9117709,0,0,0,1,0,1,0,1,1
491,-1.636378,-0.462955,-0.034254,1.856298,0.462889,2.579803,2,126304,2.5,9.02778,3,6,18,12,1,0,0,1091,428,1,0.6111111,2.031278,1,0,0,1,1,0,0,0,1.9420087,0,0,0,1,0,1,0,1,1
492,-1.457186,-0.7473649,-0.004721169,0.93215525,0.66253203,2.824277,0,123171,1.66667,8,1,6,18,12,1,0,0,0,429,1,0.6111111,2.031278,1,0,0,1,1,0,0,0,1.9117709,0,0,0,1,0,1,0,1,1
511,-1.457186,-0.548625,-0.004721,0.932155,0.532051,2.686584,0,123194,1.66667,8,1,6,18,12,1,0,0,0,3,1,0.6111111,2.031278,1,0,0,1,1,0,0,0,1.9117709,0,0,0,1,0,1,0,1,1
512,-3.939116,-1.923957,1.866905,2.074345,1.30562,2.515815,3,123947,2.5,5,1,0,18,12,1,0,0,0,389,1,0.6111111,2.031278,1,0,0,1,1,0,0,0,0,0,0,0,1,0,1,0,1,1
513,0,0,0,0,0,0,3,2199352,2.5,8,1,0,18,12,1,0,0,0,449,1,0,0,1,0,0,1,1,0,0,0,0,0,0,0,1,0,1,0,1,1
531,-1.806379,-0.73834,-0.020102,0.556626,0.7471,2.83436,1,125069,2.5,8,1,0,18,12,1,0,0,0,468,1,0.6111111,2.031278,1,0,0,1,1,0,0,0,1.9767554,0,0,0,1,0,1,0,1,1
551,-0.77703035,-1.0576149,-0.007643647,1.1239017,0.904919,3.646525,0,123870,2.5,8,3,1,22,16,1,0,0,1091,488,1,0.6111111,2.031278,1,0,0,1,1,0,0,0,0,0,0,0,1,0,1,0,1,1
552,-1.636378,-0.462955,-0.034254,1.856299,0.462889,2.579803,2,126306,2.5,9,3,6,12,18,1,0,0,0,428,1,0.6111111,2.031278,1,0,0,1,1,0,0,0,1.8657155,0,0,0,1,0,1,0,1,1
571,-6.451479,-10.211523,-0.551221,2.749523,10.210951,11.512608,9,123636,2.5,8,1,1,18,12,1,0,0,1091,508,2,0.6111111,2.031278,1,0,0,1,1,0,0,0,2.53466,0,0,0,1,0,1,0,1,1
591,-1.393875,-1.649658,0.404554,1.046039,1.511282,2.741903,3,122877,2.5,8,1,0,18,12,1,0,0,0,528,1,0.6111111,2.031278,1,0,0,1,1,0,0,0,0,0,0,0,1,0,1,0,1,1
611,-1.56263,-2.981338,0.68141,1.567612,3.062078,6.304079,1,125395,2.5,8,1,4,18,12,1,0,0,0,548,0,0.6111111,2.031278,1,0,0,1,1,0,0,0,0,0,0,0,1,0,1,0,1,1
631,-1.25599,-0.27844867,-2.2412984E-05,0.5255258,0.27061793,0.68594027,0,123162,2.5,8,1,7,4,3,1,0,0,0,568,0,0.6111111,2.031278,1,0,0,1,1,0,0,0,0,0,0,0,1,0,1,0,1,1
651,-1.56263,-2.981338,0.68141,1.567612,3.062078,6.304079,1,125395,2.5,8,1,0,18,12,1,0,0,0,548,0,0.6111111,2.031278,1,0,0,1,1,0,0,0,0,0,0,0,1,0,1,0,1,1
671,-1.593087,-1.4816368,0.01745969,1.0109975,1.4757693,2.6534953,3,124210,2.5,8,3,0,1,1,1,0,0,1091,588,2,0.6111111,2.031278,1,0,0,1,1,0,0,0,0,0,0,0,1,0,1,0,1,1
691,0,0,0,0,0,0,3,2199352,2.5,8,2,0,18,12,1,0,0,0,449,1,0,0,1,0,0,1,1,0,0,0,0,0,0,0,1,0,1,0,1,1
692,-1.9048244,-3.0888228,-0.10736646,1.732889,2.6630056,7.4842253,2,126072,3.75,8,1,1,18,12,1,0,1092,1094,608,3,0.6111111,2.031278,1,0,0,1,1,0,0,0,3.4877279,0,0,0,1,0,1,0,1,1
711,-7.282069,-2.671489,-0.020839,3.343076,2.366496,4.532022,0,124697,2.5,8,1,1,18,12,1,0,1092,1091,27,3,0.6944445,2.0833333,1,0,0,1,1,0,0,0,0,0,0,0,1,0,1,0,1,1
712,-0.441979,-0.441979,0,0.441979,0.441979,0.859121,3,126022,0,0,1,1,18,12,1,0,0,0,629,0,0.88395816,0.3309271,1,0,0,1,1,0,0,0,0,0,0,0,1,0,1,0,1,1
731,-1.886069,-0.9346813,-0.0037512458,1.9305084,0.93591356,3.1111205,0,124984,2.5,8,1,6,18,12,1,0,0,0,648,1,0.6111111,2.031278,1,0,0,1,1,0,0,0,1.0784994,0,0,0,1,0,1,0,1,1
751,-1.338325,-0.666991,-0.01374,0.986847,0.629889,2.270161,2,124872,2.5,9.7,1,5,18,12,1,0,0,0,688,1,0.6111111,2.031278,1,0,0,1,1,0,0,0,1.6249996,0,0,0,1,0,1,0,1,1
771,-1.552909,-1.694909,-0.191527,0.84789,1.624403,3.185407,2,124208,2.5,8,1,0,1,1,1,0,0,1091,708,2,0.6111111,2.031278,1,0,0,1,1,0,0,0,0,0,0,0,1,0,1,0,1,1
791,-3.2013266,-5.2247925,0.85960007,3.1749225,5.238903,7.625875,1,126530,2.5,8,1,0,18,12,1,0,0,0,85,2,0.6111111,2.031278,1,0,0,1,1,0,0,0,1.1938912,0,0,0,1,0,1,0,1,1
792,-2.5415769,-4.6910086,0.002135992,2.059098,4.7960405,5.346998,1,124290,2.5,8,1,0,18,12,1,0,0,0,145,2,0.6111111,2.031278,1,0,0,1,1,0,0,0,1.5676198,0,0,0,1,0,1,0,1,1
811,-3.120336,-2.74266,-0.31655,2.473806,2.85448,5.277591,2,124204,2.5,5,1,0,18,12,1,0,0,0,728,0,0.6111111,2.031278,1,0,0,1,1,0,0,0,0,0,0,0,1,0,1,0,1,1
831,-0.4181142,-0.52074933,-0.021470902,0.4180696,0.53868973,1.3734946,132,119376,2.5,8,1,1,12,10,1,0,0,0,3131,1,0.5133333,1.2736112,1,0,0,1,1,0,0,0,0,0,0,0,1,0,1,0,1,1
832,-0.61223453,-0.51657516,-0.00981334,0.18176262,0.5323747,1.5437883,132,119369,2.5,8,1,1,12,10,1,0,0,0,3132,1,0.5133333,1.2736112,1,0,0,1,1,0,0,0,0,0,0,0,1,0,1,0,1,1
851,-1.694566,-1.200528,-7.4E-05,1.082574,1.221714,3.909968,0,124207,2.5,2.5,1,1,18,12,1,0,0,0,748,0,0.6111111,2.031278,1,0,0,1,1,0,0,0,0,0,0,0,1,0,1,0,1,1
852,-1.338331,-0.665242,-0.016709,0.985476,0.629889,2.470776,0,124865,2.5,9.02778,1,5,18,12,1,0,0,0,749,1,0.6111111,2.031278,1,0,0,1,1,0,0,0,1.6249998,0,0,0,1,0,1,0,1,1
853,-1.574138,-2.825399,-0.184146,4.142038,3.206416,4.74187,2,124209,2.5,8,1,1,18,12,1,0,0,1091,750,2,0.6111111,2.031278,1,0,0,1,1,0,0,0,0,0,0,0,1,0,1,0,1,1
871,-2.281286,-1.706759,-0.011417,2.881499,1.708731,2.638692,1,125892,2.5,8,2,0,0,0,0,0,0,0,768,1,0.6111111,2.031278,1,0,0,1,1,0,0,0,0,0,0,0,1,0,1,0,1,1
891,-1.51965,-3.358864,0.580546,1.366193,3.355157,3.799889,1,124131,2.5,8,3,1,18,12,1,0,0,0,788,1,0.6111111,2.031278,1,0,0,1,1,0,0,0,0,0,0,0,1,0,1,0,1,1
892,-2.203223,-2.200133,-0.017909057,3.8843224,2.1973577,2.0391135,0,124904,7,8,2,1,18,12,1,0,0,1093,789,3,0.6111111,2.031278,1,0,0,1,1,0,0,0,0,0,0,0,1,0,1,0,1,1
911,-2.794904,-0.64994,-0.029336,1.395791,0.729856,3.287648,1,126512,2.5,8,3,1,18,12,1,0,0,0,808,1,0.6111111,2.031278,1,0,0,1,1,0,0,0,0,0,0,0,1,0,1,0,1,1
912,-0.50608265,-0.5064645,-0.006144689,0.39451662,0.38181594,1.8077564,128,125948,2.5,8,1,4,18,12,1,0,0,0,809,1,0.6111111,2.031278,1,0,0,1,1,0,0,0,1.07824,0,0,0,1,0,1,0,1,1
931,-2.1721282,-1.8532579,-0.16948426,0.7569086,1.8285972,2.9765553,0,123372,2.5,8,1,1,18,12,1,0,0,0,828,1,0.6111111,2.031278,1,0,0,1,1,0,0,0,0,0,0,0,1,0,1,0,1,1
932,-4.814114,-1.8251102,-0.23679823,2.8928359,1.7474241,2.2382812,3,124739,2.5,8,1,1,18,12,1,0,0,0,829,0,0.6111111,2.031278,1,0,0,1,1,0,0,0,0,0,0,0,1,0,1,0,1,1
951,-1.724997,-1.814554,-0.147595,1.369573,1.969019,2.821875,3,124753,2.5,8,2,1,18,12,1,0,0,0,848,1,0.6111111,2.031278,1,0,0,1,1,0,0,0,0,0,0,0,1,0,1,0,1,1
971,-1.0716196,-1.6465349,-0.008478365,1.6882843,1.6156483,3.138299,0,126277,1.66667,8,1,1,18,12,1,0,0,0,868,2,0.6111111,2.031278,1,0,0,1,1,0,0,0,1.5049529,0,0,0,1,0,1,0,1,1
991,-2.015082,-1.149405,-0.136495,0.777326,1.125682,1.386391,3,125958,2.5,8,2,0,18,12,1,0,0,0,81,0,0.6111111,2.031278,1,0,0,1,1,0,0,0,0,0,0,0,1,0,1,0,1,1
1011,-3.1298397,-2.2374425,-0.030038584,1.9466122,1.5834928,2.4436471,0,123577,2.22222,8,1,5,18,12,1,0,0,0,0,1,0.6111111,2.031278,1,0,0,1,1,0,0,0,1.5477326,0,0,0,1,0,1,0,1,1
1031,-2.976949,-2.141864,-0.036774,2.230292,2.095934,3.288544,0,123544,2.22222,8,1,1,18,12,1,0,0,0,47,2,1.388889,2.5,1,0,0,1,1,0,0,0,1.5250051,0,0,0,1,0,1,0,1,1
1051,-1.2990496,-1.3359085,-0.14195168,1.4117892,1.4408573,3.845491,3,124779,2.5,8,3,4,18,12,1,0,0,0,948,1,0.6111111,2.031278,1,0,0,1,1,0,0,0,0,0,0,0,1,0,1,0,1,1
1071,-7.282068,-2.542526,-0.020839,3.343075,2.277804,6.468338,0,124695,2.5,8,1,6,18,12,1,0,1092,1091,27,3,0.6944445,2.0833333,1,0,0,1,1,0,0,0,0,0,0,0,1,0,1,0,1,1
1091,-2.772109,-3.51692,1.41397,2.668927,3.562483,5.628866,3,123977,2.5,9.02778,1,0,18,12,1,0,0,0,1728,1,0.6111111,2.031278,1,0,0,1,1,0,0,0,0,0,0,0,1,0,1,0,1,1
1111,-5.316195,-4.012901,0.062654,3.33823,3.695327,5.707886,3,125938,2.5,8,3,1,18,12,1,0,0,0,988,1,0.6944445,2.0833333,1,0,0,1,1,0,0,0,0,0,0,0,1,0,1,0,1,1
1131,-0.880436,-1.889463,-0.003007,1.933572,1.623736,3.309371,2,124247,2.5,8,3,4,18,12,1,0,0,0,1008,2,0.6111111,2.031278,1,0,0,1,1,0,0,0,0,0,0,0,1,0,1,0,1,1
1151,-1.648451,-1.139407,-0.045229,0.769792,1.099005,3.009744,1,125777,2.5,8,1,1,18,12,1,0,0,0,1028,1,0.6111111,2.031278,1,0,0,1,1,0,0,0,0,0,0,0,1,0,1,0,1,1
1171,-2.464236,-5.229758,0.833279,3.439856,5.235107,7.616105,0,125437,2.5,10,1,5,18,12,1,0,0,0,1048,1,0.6111111,2.031278,1,0,0,1,1,0,0,0,1.1938912,0,0,0,1,0,1,0,1,1
1191,-1.952967,-0.464979,-0.021533,2.040423,0.490535,2.540264,0,126407,2.5,9.02778,1,3,18,12,1,0,0,1091,65,2,0.6111111,2.031278,1,0,0,1,1,0,0,0,1.8657155,0,0,0,1,0,1,0,1,1
1211,-6.536241,-3.4368029,-0.40021223,3.3654046,3.5067005,4.127069,0,123377,2.5,8,3,7,18,12,1,0,0,0,1068,1,0.6111111,2.031278,1,0,0,1,1,0,0,0,0,0,0,0,1,0,1,0,1,1
1231,-2.717952,-0.8624269,-0.04487224,1.0508628,0.5807456,1.4711835,16,123682,2.5,6.94444,1,7,18,12,1,0,0,0,1088,1,0.6111111,2.031278,1,0,0,1,1,0,0,0,1.24137,0,0,0,1,0,1,0,1,1
1232,-2.8054078,-0.93281543,-0.044872236,1.0343392,0.61772287,1.4711835,16,123688,2.5,6.94444,1,7,18,12,1,0,0,0,1089,1,0.6111111,2.031278,1,0,0,1,1,0,0,0,1.24137,0,0,0,1,0,1,0,1,1
1251,-0.94343454,-1.5442305,0.085343435,1.086055,1.4752458,2.9571266,3,1085582,2.5,6.94444,1,0,18,12,1,0,0,0,1148,0,0.6111111,2.031278,1,0,0,1,1,0,0,0,0,0,0,0,1,0,1,0,1,1
1271,1,1,1,-1,-1,-1,3,125995,0,0,1,0,18,12,1,0,0,0,1168,0,0.6111111,2.031278,1,0,0,1,1,0,0,0,0,0,0,0,1,0,1,0,1,1
1291,-6.451479,-10.460274,-0.551216,2.749523,10.458706,11.512608,1,123661,2.5,8,1,0,18,12,1,0,0,1093,1188,3,0.6111111,2.031278,1,0,0,1,1,0,0,0,2.53466,0,0,0,1,0,1,0,1,1
1311,-57.801212,-58.705284,-55.37094,56.913567,59.876663,51.198673,0,126565,0,0,1,0,18,12,1,0,0,0,1208,2,0.6944445,2.0833333,1,0,0,1,1,0,0,0,0,0,0,0,1,0,1,0,1,1
1331,-2.428367,-0.658701,-0.034593,1.0857,0.521574,1.37463,0,124036,2.5,9.7,1,7,24,18,1,0,0,0,1248,1,0.6111111,2.031278,1,0,0,1,1,0,0,0,1.2413719,0,0,0,1,0,1,0,1,1
1351,-0.42861,-0.321016,-0.002542,0.541778,0.321474,0.495842,2,123343,2.08333,6.94444,1,0,18,12,1,0,0,0,1268,0,0.6111111,2.031278,1,0,0,1,1,0,0,0,0,0,0,0,1,0,1,0,1,1
1371,-1.4484617,-0.8954708,-0.011252694,2.1411526,0.96862036,2.5523322,0,125546,2.5,9.7,1,6,18,12,1,0,0,0,1288,1,0.6111111,2.031278,1,0,0,1,1,0,0,0,1.8669243,0,0,0,1,0,1,0,1,1
1391,-0.50456834,-0.52245885,0.0034412278,0.5389787,0.49505,1.4225938,3,123722,2.5,8,1,1,0,0,0,0,0,0,1308,0,0.6111111,2.031278,1,0,0,1,1,0,0,0,0,0,0,0,1,0,1,0,1,1
1411,-3.250959,-4.279484,-0.03537,1.952533,3.144126,4.873828,0,123554,2.22222,6.94444,1,5,18,12,1,0,0,0,1328,3,0.6111111,2.031278,1,0,0,1,1,0,0,0,1.5477327,0,0,0,1,0,1,0,1,1
1431,-0.571247,-1.3241193,-0.013152297,0.60271657,1.1300056,2.8509872,0,125293,2.5,8,1,4,18,12,1,0,0,1091,1348,2,0.6111111,2.031278,1,0,0,1,1,0,0,0,1.34669,0,0,0,1,0,1,0,1,1
1451,-4.1922297,-2.342935,-0.022873215,3.6192703,2.3284996,4.3538876,0,123834,2.5,8,3,1,20,14,1,0,1092,1093,1368,2,0.6111111,2.031278,1,0,0,1,1,0,0,0,0,0,0,0,1,0,1,0,1,1
1471,-4.070566,-2.542066,-0.173831,4.804175,2.435144,2.226632,3,124234,2.5,11.1111,1,1,0,0,0,0,0,0,1388,1,0.6944445,1.388889,1,0,0,1,1,0,0,0,0.531261,0,0,0,1,0,1,0,1,1
1491,-0.671327,-2.47083,0.001102,1.815622,2.064404,2.828682,3,126449,2,8,2,4,18,12,1,0,0,0,1408,2,0.6111111,2.031278,1,0,0,1,1,0,0,0,1.504953,0,0,0,1,0,1,0,1,1
1492,-3.3588517,-7.216312,-0.22996125,1.1616316,7.1673737,6.7306933,3,126042,0,0,1,0,18,12,1,0,0,0,1409,1,0.6111111,2.031278,1,0,0,1,1,0,0,0,0,0,0,0,1,0,1,0,1,1
1511,-1.438126,-0.936908,-0.01994,1.993951,0.909372,3.115737,2,125009,2.5,9.02778,3,6,18,12,1,0,0,1091,1428,2,0.6111111,2.031278,1,0,0,1,1,0,0,0,1.8657155,0,0,0,1,0,1,0,1,1
1531,-1.230732,-1.539625,-0.051298,1.404606,1.467216,2.973903,0,123375,2.5,8,3,5,10,6,1,0,0,0,1468,0,0.6111111,2.031278,1,0,0,1,1,0,0,0,0,0,0,0,1,0,1,0,1,1
1532,-1.746727,-0.925281,-0.154749,2.113511,0.861904,1.9511,0,125389,2.5,8,1,7,10,6,1,0,0,0,1469,0,0.6111111,2.031278,1,0,0,1,1,0,0,0,0,0,0,0,1,0,1,0,1,1
1533,-2.094645,-1.02568,-0.02018,2.075116,1.023076,2.707867,0,126561,2.5,8,1,5,10,6,1,0,0,0,1470,0,0.6111111,2.031278,1,0,0,1,1,0,0,0,0,0,0,0,1,0,1,0,1,1
1551,-19.512096,-10.750466,-1.513201,10.088694,10.988832,13.899625,8,123465,2.5,9,1,5,18,12,1,0,1095,1094,191,4,0.6111111,2.031278,1,0,0,1,1,0,0,0,8.13903,0,0,8,1,0,1,0,1,1
1571,-14.215314,-22.085941,-2.301688,21.839586,22.10667,52.920425,11,125519,2.5,8,1,0,18,12,1,0,0,1094,1508,4,0.6111111,2.031278,1,0,0,1,1,0,0,0,0,0,0,0,1,0,1,0,1,1
1591,-19.7294,-9.707138,-0.6974323,10.304861,9.76749,13.759518,0,123461,5,25,3,5,18,12,1,0,1095,1094,191,4,0.6111111,2.031278,1,0,0,1,1,0,0,0,0,0,0,0,1,0,1,0,1,1
1611,-0.61436194,-0.5019622,-0.008706717,0.44530588,0.54270077,1.3236946,0,126278,2.5,6.94444,1,5,3,2,1,0,0,0,1530,0,0.6111111,2.031278,1,0,0,1,1,0,0,0,0,0,0,0,1,0,1,0,1,1
1631,-1.156953,-0.65814,-0.016944,1.780014,0.658127,2.088925,0,123839,2.5,8.33333,3,3,18,12,1,0,0,0,1548,1,0.6111111,2.031278,1,0,0,1,1,0,0,0,0,0,0,0,1,0,1,0,1,1
1651,-20.146122,-9.707138,-0.697432,10.478224,9.767494,13.759517,0,123460,2.5,6.94444,3,5,30,20,2,0,1095,1094,191,3,0.6111111,2.031278,1,0,0,1,1,0,0,0,0,0,0,0,1,0,1,0,1,1
1671,-0.435358,-0.469183,0.960407,0.467777,0.424166,2.918858,3,123344,0,0,1,0,0,0,0,0,0,0,1568,0,0.6944445,2.0833333,1,0,0,1,1,0,0,0,0,0,0,0,1,0,1,0,1,1
1691,-6.89602,-9.756108,0.00244381,4.3260646,9.908392,11.441096,0,124802,2.5,9.72222,3,3,18,12,1,0,1091,1091,68,3,0.6111111,2.031278,1,0,0,1,1,0,0,0,0,0,0,0,1,0,1,0,1,1
1711,-7.381371,-2.445922,-0.013298,3.354582,2.273486,4.341762,0,124711,2.5,6.94444,1,6,18,12,1,0,0,0,1588,1,0.6111111,2.031278,1,0,0,1,1,0,0,0,3.5428674,0,0,0,1,0,1,0,1,1
1731,1,1,1,-1,-1,-1,3,124640,2.5,8,3,4,0,0,0,0,0,0,1608,1,0.6111111,2.031278,1,0,0,1,1,0,0,0,1.3009539,0,0,0,1,0,1,0,1,1
1751,-2.22477,-2.028813,-0.003786,1.165861,1.996074,4.358971,0,126150,2.5,8,3,1,18,12,1,0,0,0,1628,2,0.6944445,2.0833333,1,0,0,1,1,0,0,0,0,0,0,0,1,0,1,0,1,1
1752,1,1,1,-1,-1,-1,3,124640,1.5,5,3,1,18,12,1,0,0,0,1608,0,0.6111111,2.031278,1,0,0,1,1,0,0,0,1.3009539,0,0,0,1,0,1,0,1,1
1753,-2.1940548,-3.1276898,-0.0520512,2.0366921,2.3912928,3.7089572,0,125260,2.5,8,3,5,18,12,1,0,0,0,1648,3,0.6111111,2.031278,1,0,0,1,1,0,0,0,1.455561,0,0,0,1,0,1,0,1,1
1771,-0.542556,-0.712335,-0.132363,0.927112,0.975776,1.826384,0,123120,2.5,8.33333,1,4,0,0,0,0,0,0,1668,1,0.6111111,2.031278,1,0,0,1,1,0,0,0,0,0,0,0,1,0,1,0,1,1
1791,0,0,0,0,0,0,0,2199501,2.5,8,3,5,0,0,0,0,0,0,1688,0,0,0,1,0,0,1,1,0,0,0,0,0,0,0,1,0,1,0,1,1
1811,-6.89602,-9.756108,0.00244381,4.3260646,9.908392,11.441096,0,124802,2.5,8,3,5,18,12,1,0,1092,1093,1708,3,0.6111111,2.031278,1,0,0,1,1,0,0,0,0,0,0,0,1,0,1,0,1,1
1831,-0.4211219,-0.61374485,-0.024716783,0.66709775,0.59134555,1.1728746,11,125984,0,0,1,1,0,0,0,0,0,0,1748,1,0.6111111,2.031278,1,0,0,1,1,0,0,0,0,0,0,0,1,0,1,0,1,1
1851,-4.700993,-2.344445,-0.024322,2.764986,2.329423,4.868563,0,126363,2.5,8,3,5,18,12,1,0,0,0,1768,1,0.6111111,2.031278,1,0,0,1,1,0,0,0,0,0,0,0,1,0,1,0,1,1
1871,-0.9427894,-1.8411996,0.08182289,1.0859234,1.8405089,3.4455073,9,124850,2.5,8,1,0,0,0,0,0,0,0,1788,1,0.6111111,2.031278,1,0,0,1,1,0,0,0,0,0,0,0,1,0,1,0,1,1
1891,-2.918366,-1.6252601,0.0051418305,1.8980255,3.2306528,4.3720284,0,123507,2.5,8,1,1,18,12,1,0,0,1091,1808,1,0.6111111,2.031278,1,0,0,1,1,0,0,0,0,0,0,0,1,0,1,0,1,1
1911,-2.152961,-0.633568,-0.140683,1.606593,0.546911,2.025824,0,123410,2.5,9.7,1,7,24,18,1,0,0,0,1828,1,0.6111111,2.031278,1,0,0,1,1,0,0,0,1.3991108,0,0,0,1,0,1,0,1,1
1912,-2.428366,-0.6587004,-0.03459227,1.1033645,0.53441656,1.4409387,0,124038,2.5,9.7,1,7,24,18,1,0,0,0,1829,1,0.6111111,2.031278,1,0,0,1,1,0,0,0,1.2704253,0,0,0,1,0,1,0,1,1
1913,-1.275898,-1.019645,-0.010314,2.220588,0.906675,2.616677,0,125522,2.5,9.7,1,6,18,12,1,0,0,0,1830,1,0.6111111,2.031278,1,0,0,1,1,0,0,0,2.1066353,0,0,0,1,0,1,0,1,1
1914,-7.468287,-2.502763,-0.010109,3.615493,2.319098,4.696958,0,124696,2.5,9.7,1,6,18,12,1,0,0,0,1831,1,0.6111111,2.031278,1,0,0,1,1,0,0,0,3.5428674,0,0,0,1,0,1,0,1,1
1915,-1.958585,-1.011947,-0.01374,1.308336,0.982742,2.551032,0,124880,2.5,9.7,3,5,18,12,1,0,0,0,1832,1,0.6111111,2.031278,1,0,0,1,1,0,0,0,1.6249996,0,0,0,1,0,1,0,1,1
1916,-4.3441377,-1.4892448,-0.062439933,1.9492407,1.6834711,3.3622801,0,125649,2.5,9.7,1,5,24,18,1,0,0,0,1833,1,0.6111111,2.031278,1,0,0,1,1,0,0,0,2.5206087,0,0,0,1,0,1,0,1,1
1917,-1.6488355,-0.5038113,-0.014185276,1.7603558,0.48457307,2.6721537,0,125620,2.5,9.7,1,6,18,12,1,0,0,0,1834,0,0.6111111,2.031278,1,0,0,1,1,0,0,0,1.8657155,0,0,0,1,0,1,0,1,1
1931,-4.1922297,-2.342935,-0.02287317,3.0124493,2.328496,6.0329103,0,123664,2.5,8,2,5,18,12,1,0,0,0,1848,3,0.6111111,2.031278,1,0,0,1,1,0,0,0,0,0,0,0,1,0,1,0,1,1
1951,-1.4349444,-0.8853238,-0.013644127,1.9791489,0.9024236,2.905088,0,125223,2.5,9.02778,3,3,18,12,1,0,0,0,1868,1,0.6111111,2.031278,1,0,0,1,1,0,0,0,1.8657175,0,0,0,1,0,1,0,1,1
1952,-1.952967,-0.575571,-0.021533,2.406198,0.509168,2.830639,0,126403,2.5,9.02778,1,3,18,12,1,0,0,0,1869,1,0.6111111,2.031278,1,0,0,1,1,0,0,0,1.8657155,0,0,0,1,0,1,0,1,1
1971,-3.1718414,-3.1597416,-0.31336665,3.15447,3.166568,3.9920824,0,125991,0,0,1,0,18,12,1,0,0,0,1888,0,-20000000,-20000000,1,0,0,1,1,0,0,0,0,0,0,0,1,0,1,0,1,1
1972,-3.146996,-3.1353738,-0.49931479,3.1292117,3.1408343,4.3381457,0,125993,0,0,1,0,0,0,0,0,0,0,1889,0,-20000000,-20000000,1,0,0,1,1,0,0,0,0,0,0,0,1,0,1,0,1,1
1973,-2.996845,-4.284276,-0.036123,2.235243,3.149613,3.529596,0,123553,2.5,8,1,5,18,12,1,0,0,0,1890,2,0.6111111,2.031278,1,0,0,1,1,0,0,0,1.5477325,0,0,0,1,0,1,0,1,1
1991,-1.243596,-1.158481,-0.021547,2.118665,1.180331,3.533072,0,125603,2.5,9.02778,1,3,0,0,0,0,0,0,1908,1,0.6111111,2.031278,1,0,0,1,1,0,0,0,1.8657155,0,0,0,1,0,1,0,1,1
2011,-0.18328705,-0.26006037,0.0050473064,0.18089065,0.25259563,1.3797271,0,125367,2.5,7,1,4,18,12,1,0,0,0,1928,0,0.6111111,2.031278,1,0,0,1,1,0,0,0,0,0,0,0,1,0,1,0,1,1
2031,-0.158125,-0.22201848,-0.00029701382,0.12854789,0.21819423,1.1546016,0,125362,2.5,7,1,1,18,12,1,0,0,0,1948,0,0.6111111,2.031278,1,0,0,1,1,0,0,0,0,0,0,0,1,0,1,0,1,1
2051,-2.5823474,-3.9539952,0.010690078,3.7663064,3.8193603,9.135681,0,122893,2.5,8,3,5,18,12,1,0,1095,1094,178,4,0.6111111,2.031278,1,0,0,1,1,0,0,0,0,0,0,0,1,0,1,0,1,1
2071,-3.483494,-1.146939,0.500492,0.917643,0.892391,4.278034,1,123225,2.5,8,1,0,0,0,0,0,0,0,1968,0,0.6111111,2.031278,1,0,0,1,1,0,0,0,0,0,0,0,1,0,1,0,1,1
2072,-3.146996,-3.1353738,-0.49931479,3.1292117,3.1408343,4.3381457,0,125992,0,0,1,0,0,0,0,0,0,0,1969,0,-20000000,-20000000,1,0,0,1,1,0,0,0,0,0,0,0,1,0,1,0,1,1
2073,-3.1718414,-3.1597416,-0.31336665,3.15447,3.166568,4.2959185,0,125994,0,0,1,0,18,12,1,0,0,0,1970,0,-20000000,-20000000,1,0,0,1,1,0,0,0,0,0,0,0,1,0,1,0,1,1
2091,-1.429576,-0.922217,-0.016732,0.959842,0.865049,2.273337,0,126195,2.5,8,1,5,18,12,1,0,0,0,1988,1,0.6111111,2.031278,1,0,0,1,1,0,0,0,1.2940471,0,0,0,1,0,1,0,1,1
2111,-17.724155,-26.311945,-2.301688,40.68152,22.382824,55.233616,11,126158,0,0,1,0,18,12,1,0,0,1094,2008,0,0.6111111,2.031278,1,0,0,1,1,0,0,0,0,0,0,0,1,0,1,0,1,1
2131,-1.473266,-2.935503,-0.232176,1.712248,2.071268,4.740191,0,126194,2.5,8,1,7,18,12,1,0,0,0,2028,1,0.6111111,2.031278,1,0,0,1,1,0,0,0,1.3193258,0,0,0,1,0,1,0,1,1
2151,-1.648573,-0.835492,-0.046446,0.807789,0.8421,2.161887,0,125967,2.5,8,1,0,0,0,0,0,0,0,2048,1,0.6944445,2.0833333,1,0,0,1,1,0,0,0,0,0,0,0,1,0,1,0,1,1
2171,-1.520481,-3.357987,0.57848,1.19516,3.35428,3.799081,0,124928,2.5,8,1,0,0,0,0,0,0,0,2068,1,0.6944445,2.0833333,1,0,0,1,1,0,0,0,0,0,0,0,1,0,1,0,1,1
2191,-2.34082,-2.438102,-0.186012,2.054128,2.437529,3.30298,0,123705,2.5,6.94444,1,0,0,0,0,0,0,0,2088,2,0.6944445,2.0833333,1,0,0,1,1,0,0,0,0,0,0,0,1,0,1,0,1,1
2192,-1.748604,-1.908683,-0.136982,0.565231,1.896802,2.754535,0,124317,2.5,8,1,0,18,12,1,0,0,0,2089,0,0.6111111,2.031278,1,0,0,1,1,0,0,0,0,0,0,0,1,0,1,0,1,1
2193,-1.748604,-1.908683,-0.136982,0.565231,1.896802,2.754535,0,124317,2.5,6.94444,1,0,0,0,0,0,0,0,2089,0,0.6111111,2.031278,1,0,0,1,1,0,0,0,0,0,0,0,1,0,1,0,1,1
2194,-2.269799,-5.229757,1.393457,3.439837,5.235109,7.355855,1,123821,2.5,8,1,0,18,12,1,0,0,0,2090,1,0.6111111,2.031278,1,0,0,1,1,0,0,0,0,0,0,0,1,0,1,0,1,1
2195,-2.886896,-1.68521,-0.045064,2.675554,1.453197,6.669011,0,124203,10,30,3,0,0,0,0,0,0,0,2091,1,0.6111111,2.031278,1,0,0,1,1,0,0,0,1.3772188,0,0,0,1,0,1,0,1,1
2196,-20.13961,-9.659348,-0.580811,9.828201,9.58968,14.088421,0,123498,2.5,8,1,5,30,20,3,0,1095,1094,2092,3,0.6111111,2.031278,1,0,0,1,1,0,0,0,0,0,0,0,1,0,1,0,1,1
2197,-20.141626,-9.659346,-0.58081514,9.828202,9.589692,13.89963,0,123496,2.5,8,1,5,30,20,5,0,1095,1094,2093,3,0.6111111,2.031278,1,0,0,1,1,0,0,0,0,0,0,0,1,0,1,0,1,1
2198,-0.6848689,-0.5117992,-0.0019518093,0.44131383,0.50968575,1.3094814,0,125023,2.5,8,1,5,7,5,1,0,0,0,2094,0,0.6111111,2.031278,1,0,0,1,1,0,0,0,0.38719562,0,0,0,1,0,1,0,1,1
2199,-0.9782886,-1.6517684,-0.0013593258,0.8849341,1.6494589,3.9645555,0,7581777,2.5,6.94444,1,5,18,12,1,0,0,0,2095,1,0.6111111,2.031278,1,0,0,1,1,0,0,0,1.34669,0,0,0,1,0,1,0,1,1
2200,-0.9782886,-1.6517684,-0.0013592957,0.8849341,1.6494589,2.919123,0,7581785,2.5,6.94444,1,5,18,12,1,0,0,0,2096,1,0.6111111,2.031278,1,0,0,1,1,0,0,0,1.34669,0,0,0,1,0,1,0,1,1
2201,-0.443818,-0.420379,-0.002871,0.438546,0.425988,0.67447,11,126069,4,6,3,0,18,12,1,0,0,0,2097,0,0.6111111,2.031278,1,0,0,1,1,0,0,0,0,0,0,0,1,0,1,0,1,1
2202,-0.6848689,-0.5117992,-0.0019518093,0.44131383,0.50968575,1.3094814,0,125023,2.5,10,1,5,18,12,1,0,0,0,2094,0,0.6111111,2.031278,1,0,0,1,1,0,0,0,0.38719562,0,0,0,1,0,1,0,1,1
2204,-3.812147,-6.740961,0.676792,5.469414,6.097661,13.655319,1,125932,2.5,8,2,0,18,12,1,0,0,0,2099,2,0.6111111,2.031278,1,0,0,1,1,0,0,0,0,0,0,0,1,0,1,0,1,1
2205,-2.062212,-3.175582,-0.003742,1.753953,2.73148,8.821517,0,124424,2.5,8,1,1,18,12,1,0,0,0,2100,3,0.6111111,2.031278,1,0,0,1,1,0,0,0,4.1128907,0,0,0,1,0,1,0,1,1
2206,0,0,0,0,0,0,3,124639,2.5,6.94444,1,0,0,0,0,0,0,0,2101,1,0.6111111,2.031278,1,0,0,1,1,0,0,0,0,0,0,0,1,0,1,0,1,1
2208,-0.6662287,-0.27215236,0.10286698,0.3952969,1.4041353,1.829082,2052,117170,2.5,8,1,1,12,10,1,0,0,0,2155,1,0.6111111,2.031278,1,0,0,1,1,0,0,0,1.1661316,0,0,0,1,0,1,0,1,1
2209,-0.61698854,-0.429371,-0.012267836,0.1744566,0.3171766,1.986789,2052,116921,2.5,8,1,1,12,10,1,0,0,0,2156,1,0.6111111,2.031278,1,0,0,1,1,0,0,0,1.1580071,0,0,0,1,0,1,0,1,1
2213,-13.174946,-13.077299,-1.2884197,14.061119,13.077568,25.282297,1,123808,0,0,3,0,18,12,1,0,0,1094,2106,4,0.6111111,2.031278,1,0,0,1,1,0,0,0,0,0,0,0,1,0,1,0,1,1
2216,-4.432913,-3.856311,0.005919,5.594217,4.160723,7.533815,1,125912,2.5,8,2,0,18,12,1,0,0,0,2108,2,0.6111111,2.031278,1,0,0,1,1,0,0,0,0,0,0,0,1,0,1,0,1,1
2217,-4.393952,-3.855811,0.007917,5.63382,4.16358,7.195999,1,125913,2.5,8,2,0,0,0,0,0,0,0,2109,2,3.8243968,8.341268,1,0,0,1,1,0,0,0,0,0,0,0,1,0,1,0,1,1
2218,-1.3059043,-1.6939301,-1.1228472,1.0553637,1.5943029,4.272961,1,125795,0,0,2,0,18,12,1,0,0,0,2110,4,0.6111111,2.031278,1,0,0,1,1,0,0,0,0,0,0,0,1,0,1,0,1,1
2220,-2.460755,-1.440653,-0.045787,1.368563,1.772541,3.220704,1,125687,2.5,9.7,2,0,18,12,1,0,0,0,2112,1,0.6111111,2.031278,1,0,0,1,1,0,0,0,1.8172631,0,0,0,1,0,1,0,1,1
2221,-14.11625,-8.599489,-0.19557257,7.038184,8.420648,12.854353,0,125965,2.5,8,2,0,18,12,1,0,0,0,81,3,0.6111111,2.031278,1,0,0,1,1,0,0,0,1.0361831,0,0,0,1,0,1,0,1,1
2222,-9.007006,-5.021999,-1.599886,4.6138544,5.3842106,2.8934374,0,125782,2.5,8,2,0,18,12,1,0,0,0,2113,2,0.6111111,2.031278,1,0,0,1,1,0,0,0,0,0,0,0,1,0,1,0,1,1
2223,-1.13633,-2.048992,-0.009415,0.882669,2.041512,6.659571,0,126289,2.5,8,2,0,0,0,0,0,0,0,2114,2,0.6111111,2.031278,1,0,0,1,1,0,0,0,3.39035,0,0,0,1,0,1,0,1,1
2224,-24.30436,-21.523544,-5.896994,25.408894,23.422157,31.03249,0,123101,0,0,1,0,0,0,0,0,0,1021,2115,4,0.6111111,2.031278,1,0,0,1,1,0,0,0,0,0,0,0,1,0,1,0,1,1
2225,-15.907019,-15.93944,-13.414211,15.924347,15.895338,7.592352,0,124324,0,0,1,0,0,0,0,0,0,0,2116,4,0.6111111,2.031278,1,0,0,1,1,0,0,0,0,0,0,0,1,0,1,0,1,1
2226,-2.60715,-1.013019,-0.936005,1.239717,1.016241,6.181449,0,123814,0,0,3,0,18,12,1,0,0,0,2106,2,0.6111111,2.031278,1,0,0,1,1,0,0,0,0,0,0,0,1,0,1,0,1,1
2227,-1.336396,-1.446017,-1.185424,2.977994,1.445978,3.817413,0,123235,0,0,3,0,18,12,1,0,0,0,2117,2,0.6111111,2.031278,1,0,0,1,1,0,0,0,0,0,0,0,1,0,1,0,1,1
2228,-3.598259,-3.746583,-12.892159,1.928209,3.750278,-1.138525,0,125021,0,0,3,0,18,12,1,0,0,0,2118,2,0.6111111,2.031278,1,0,0,1,1,0,0,0,-0.15052117,0,0,0,1,0,1,0,1,1
2229,-3.2787683,-3.3906317,-0.10323936,3.0337481,3.5853207,2.658562,0,125860,2.5,8,1,0,18,12,1,0,0,0,183,3,0.6111111,2.031278,1,0,0,1,1,0,0,0,1.4470526,0,0,0,1,0,1,0,1,1
2230,-27.406946,-27.19981,-4.362099,26.039421,27.07105,1.413876,0,125432,0,0,1,0,0,0,0,0,0,0,2119,3,0.6111111,2.031278,1,0,0,1,1,0,0,0,0,0,0,0,1,0,1,0,1,1
2231,-4.1912737,-2.2892652,-0.019385748,3.1466622,2.31181,4.351174,0,125217,2.5,8,3,5,18,12,1,0,1092,1093,2120,2,0.6111111,2.031278,1,0,0,1,1,0,0,0,0,0,0,0,1,0,1,0,1,1
2232,-1.15492,-0.85228,-0.018185,2.678789,0.742371,2.779006,0,125581,2.5,9.02778,1,6,18,12,1,0,0,0,2121,1,0.6944445,2.0833333,1,0,0,1,1,0,0,0,0,0,0,0,1,0,1,0,1,1
2233,-1.154923,-0.851931,-0.018223,2.67822,0.742371,2.774176,0,125583,2.5,9.02778,1,6,18,12,1,0,0,0,2122,1,0.6111111,2.031278,1,0,0,1,1,0,0,0,2.0078042,0,0,0,1,0,1,0,1,1
2234,-7.355033,-5.992128,-0.22850609,8.218714,6.232436,12.264189,9,123335,2.5,8,3,0,18,12,1,0,0,0,2123,2,0.6111111,2.031278,1,0,0,1,1,0,0,0,0,0,0,0,1,0,1,0,1,1
2236,-1.299049,-1.335908,-0.141952,1.411789,1.440858,3.877636,3,124677,2.5,8,1,0,18,12,1,0,0,0,2125,3,0.6111111,2.031278,1,0,0,1,1,0,0,0,0,0,0,0,1,0,1,0,1,1
2237,-1.044851,-1.19413,1.896722,1.037953,1.182046,4.661427,1,123345,0,0,1,0,18,12,1,0,0,0,2126,1,0.6111111,2.031278,1,0,0,1,1,0,0,0,0.45460638,0,0,0,1,0,1,0,1,1
2239,-0.14438532,-1.0660496,-0.0002788151,0.14267199,0.62536716,1.4272615,0,126040,0,0,1,0,18,12,1,0,0,0,2127,1,0.29191324,1.1035593,1,0,0,1,1,0,0,0,0,0,0,0,1,0,1,0,1,1
2240,-3.3588517,-7.216312,-0.22996125,1.1616316,7.1673737,6.7306933,0,126045,0,0,1,0,18,12,1,0,0,0,2128,0,0.6111111,2.031278,1,0,0,1,1,0,0,0,0,0,0,0,1,0,1,0,1,1
2241,-18.760561,-10.518046,-0.41540527,10.052433,10.59156,13.753929,0,124077,2.5,10,1,5,18,12,1,0,0,0,2129,3,0.6111111,2.031278,1,0,0,1,1,0,0,0,0,0,0,0,1,0,1,0,1,1
2242,-2.490578,-4.420593,-0.025929,1.947312,4.970353,7.959436,0,123952,2.5,8,2,4,18,12,1,0,0,0,2130,3,0.6111111,2.031278,1,0,0,1,1,0,0,0,5.1485085,0,0,0,1,0,1,0,1,1
2243,-1.6576078,-1.8739386,-0.19567269,2.593604,1.8738348,1.8257307,1,124166,2.5,9,3,0,18,12,1,0,0,0,2131,3,0.6111111,2.031278,1,0,0,1,1,0,0,0,0,0,0,0,1,0,1,0,1,1
2244,-0.644079,-0.585343,-0.00719,0.384069,0.430197,1.958345,0,124827,2.5,8,1,4,18,12,1,0,0,0,2132,1,0.6111111,2.031278,1,0,0,1,1,0,0,0,1.0782353,0,0,0,1,0,1,0,1,1
2245,-3.412704,-2.115863,-0.023412,2.86083,2.204113,4.392829,0,126302,2.5,8,2,5,18,12,1,0,0,0,2133,3,0.6111111,2.031278,1,0,0,1,1,0,0,0,0,0,0,0,1,0,1,0,1,1
2246,-0.7376869,-2.6671581,-0.13337275,1.8259139,2.6828966,2.9174745,0,124110,2,8,3,1,18,12,1,0,0,0,2134,3,0.6111111,2.031278,1,0,0,1,1,0,0,0,1.5049531,0,0,0,1,0,1,0,1,1
2247,-1.9318389,-1.9568312,0.7652994,1.8938904,1.8566557,4.657229,3,126052,2,8,2,0,18,12,1,0,0,0,2135,1,0.6111111,2.031278,1,0,0,1,1,0,0,0,0,0,0,0,1,0,1,0,1,1
2251,-0.55457,-0.733395,-0.007872,0.730067,0.823736,5.077107,0,125452,0,0,1,0,0,0,0,0,0,0,2136,0,0.6944445,3.1944444,1,0,0,1,1,0,0,0,0,0,0,0,1,0,1,0,1,1
2252,-0.529891,-0.600945,-0.013781,0.730067,0.945045,4.782206,0,125454,0,0,1,0,0,0,0,0,0,0,2137,0,0.6944445,3.1944444,1,0,0,1,1,0,0,0,0,0,0,0,1,0,1,0,1,1
2253,-1.83191,-3.542557,-0.004407,1.868842,3.099257,7.291783,0,123972,2.5,10,1,1,18,12,1,0,0,0,2138,1,0.6111111,2.031278,1,0,0,1,1,0,0,0,4.1128907,0,0,0,1,0,1,0,1,1
2254,-1.88607,-0.934682,-0.003634,1.953828,0.935913,3.111121,0,124987,2.5,6.94444,1,0,18,12,1,0,0,0,2139,1,0.6944445,2.0833333,1,0,0,1,1,0,0,0,1.0784994,0,0,0,1,0,1,0,1,1
2255,-1.88607,-0.934682,-0.003634,1.953828,0.935913,3.346166,0,124985,2.5,6.94444,1,0,0,0,0,0,0,0,2140,0,0.6944445,2.0833333,1,0,0,1,1,0,0,0,1.0784994,0,0,0,1,0,1,0,1,1
2256,-1.886069,-0.9346813,-0.0037512458,1.9538267,0.93591344,3.4428082,0,124988,2.5,6.94444,1,0,0,0,0,0,0,0,2141,0,0.6111111,2.031278,1,0,0,1,1,0,0,0,1.0784994,0,0,0,1,0,1,0,1,1
2257,-1.886069,-0.9346813,-0.0037512458,1.9538267,0.93591344,3.2089221,0,124986,2.5,6.94444,1,0,0,0,0,0,0,0,2142,0,0.6111111,2.031278,1,0,0,1,1,0,0,0,1.1616998,0,0,0,1,0,1,0,1,1
2258,0,0,0,0,0,0,0,2199329,2.5,6.94444,1,0,0,0,0,0,0,0,2143,0,0,0,1,0,0,1,1,0,0,0,0,0,0,0,1,0,1,0,1,1
2259,-1.7467272,-0.9252808,-0.1547814,2.1135602,0.8619796,1.953073,0,123051,2.5,6.94444,1,0,18,12,1,0,0,0,2144,0,0.6111111,2.031278,1,0,0,1,1,0,0,0,0,0,0,0,1,0,1,0,1,1
2260,-1.247049,-1.441736,-0.332708,1.257095,1.4498,2.31809,0,123285,0,0,1,0,0,0,0,0,0,0,2145,1,0.6111111,2.031278,1,0,0,1,1,0,0,0,0,0,0,0,1,0,1,0,1,1
2261,-0.5374194,-0.56709343,-0.0018282408,0.39582774,0.55618083,2.344902,0,125092,2.5,8,1,1,18,12,1,0,0,0,2146,1,0.6111111,2.031278,1,0,0,1,1,0,0,0,1.0361832,0,0,0,1,0,1,0,1,1
2264,-0.86547405,-0.36806473,-0.00017615873,0.81536746,0.34031254,1.0444542,0,125420,1.11111,6.94444,1,0,18,12,1,0,0,0,66,0,0.6111111,2.031278,1,0,0,1,1,0,0,0,0.8884056,0,0,0,1,0,1,0,1,1
2265,-2.982562,-1.302321,0.000177,1.429795,1.308524,2.110399,0,126281,2.5,6.94444,1,0,18,12,1,0,0,0,171,0,0.6111111,2.031278,1,0,0,1,1,0,0,0,0,0,0,0,1,0,1,0,1,1
2268,-0.12276971,-0.7554703,1.0181795,0.4875161,0.7829952,2.5842147,0,126483,2.5,6.94444,1,0,0,0,0,0,0,0,2151,0,0.6111111,2.031278,1,0,0,1,1,0,0,0,2.0353553,0,0,0,1,0,1,0,1,1
2296,1,1,1,-1,-1,-1,3,124642,2.5,6.94444,3,4,18,12,1,0,0,0,1608,1,0.6111111,2.031278,1,0,0,1,1,0,0,0,0,0,0,0,1,0,1,0,1,1
2298,-0.725227,-0.874448,-0.006944,0.673703,0.853355,2.350848,4,118652,2.5,8,1,1,12,11,1,0,0,0,0,1,0.75,2.3611112,1,0,0,1,1,0,0,0,0,0,0,0,1,0,1,0,1,1
2299,-0.73345375,-0.8743487,-0.006768463,0.6764751,0.85348946,2.2943778,132,118653,2.5,8,1,1,12,14,1,0,0,0,0,1,0.6111111,2.031278,1,0,0,1,1,0,0,0,1.1170467,0,0,0,1,0,1,0,1,1
2325,-2.0779076,-0.97803634,-0.008182775,0.94361365,0.97803825,1.8498279,0,125715,2.5,6.94444,1,6,18,12,1,0,0,0,2196,1,0.6111111,2.031278,1,0,0,1,1,0,0,0,1.7360165,0,0,0,1,0,1,0,1,1
2326,-2.5415769,-4.6910086,0.002135992,2.059098,4.7960405,5.346998,3,124290,30,30,1,0,18,12,1,0,0,0,2197,0,0.6111111,2.031278,1,0,0,1,1,0,0,0,1.5676198,0,0,0,1,0,1,0,1,1
2332,-2.541015,-4.041359,0.033179,1.934455,4.030257,5.404322,1,122886,2.5,20,1,0,18,12,1,0,0,0,2201,0,0.6111111,2.031278,1,0,0,1,1,0,0,0,1.5676198,0,0,0,1,0,1,0,1,1
2333,-3.20153,-5.221857,0.423987,3.136625,5.234344,6.741571,1,124421,2.5,20,1,0,18,12,1,0,0,0,2202,0,0.6944445,2.0833333,1,0,0,1,1,0,0,0,1.1938912,0,0,0,1,0,1,0,1,1
2337,-0.403987,-0.578804,-0.005904,0.452517,0.616748,1.42024,0,124738,2.5,6.94444,1,1,0,0,0,0,0,0,2206,0,0.6111111,2.031278,1,0,0,1,1,0,0,0,0.531261,0,0,0,1,0,1,0,1,1
2353,-1.6483283,-1.0907233,-0.04523067,0.7604381,1.1079322,2.764085,0,120294,2.5,8,1,1,0,0,0,0,0,0,0,0,0.6111111,2.031278,1,0,0,1,1,0,0,0,1.3952233,0,0,0,1,0,1,0,1,1
2354,-1.8432757,-0.9455348,-0.028519787,0.98427653,1.0257441,2.3997352,4,120263,2.5,8,0,1,0,0,0,0,0,0,0,0,0.6111111,2.031278,1,0,0,0.75,1,0,0,0,2.0049448,0,0,0,1,0,1,0,1,1
2355,-1.156998,-0.284652,-0.004237,0.574445,0.270032,0.761443,0,126173,2.5,6.94444,1,7,0,0,0.25,0,0,0,2208,0,0.6111111,2.031278,1,0,0,1,1,0,0,0,0,0,0,0,1,0,1,0,1,1
2356,-3.664966,-3.22361,4.255825,2.64238,3.336019,9.728064,0,124393,2.5,6.94444,1,0,0,0,0,0,0,0,2209,0,0.6111111,2.031278,1,0,0,1,1,0,0,0,1.6565863,0,0,0,1,0,1,0,1,1
2365,-2.5408304,-4.6893916,0.03303933,2.1330378,4.7798142,5.4040346,1,124297,2.5,30,1,0,18,12,1,0,0,0,2230,0,0.6111111,2.031278,1,0,0,1,1,0,0,0,1.5676191,0,0,0,1,0,1,0,1,1
2367,-1.3757432,-0.8284615,-0.00381322,0.63896775,0.8293387,2.4799452,4,117412,2.5,8,0,1,18,12,1,0,0,0,0,0,0.6111111,2.031278,1,0,0,1,1,0,0,0,0.9872144,0,0,0,1,0,1,0,1,1
2368,-0.755765,-0.704947,-0.000734,0.330821,0.704947,2.14554,12288,117400,2.5,8,0,1,0,0,0,0,0,0,0,0,0.6666667,2.1111112,1,0,0,1,1,0,0,0,1.02331,0,0,0,1,0,1,0,1,1
2369,-0.64940053,-0.57164484,-0.024503822,0.39752918,0.48164445,1.8151617,0,121942,2.5,8,1,1,18,14,1,0,0,0,0,0,0.6111111,2.031278,1,0,0,1,1,0,0,0,0,0,0,0,1,0,1,0,1,1
2370,-0.117494,-0.117093,0,0.118663,0.119065,0.146137,12288,121941,2.5,8,1,1,18,14,1,0,0,0,0,0,0,0,1,0,0,1,1,0,0,0,0,0,0,0,1,0,1,0,1,1
2427,-1.054902,-0.918151,0.000703,0.594212,0.792615,2.662208,0,123769,2.5,8,1,0,18,12,1,0,0,0,2287,4,0.6111111,2.031278,1,0,0,1,1,0,0,0,1.37589,0,0,0,1,0,1,0,1,1
2528,-1.639239,-1.6893188,-1.1228472,0.7220295,1.5989141,4.2729616,4096,123124,0,0,2,4,18,12,1,0,0,0,2365,2,0.6111111,2.031278,0.13,0,0,1,1,0,0,0,0,0,0,0,1,0,1,0,1,1
2542,-0.89532757,-0.83831125,-0.10418491,0.4010536,0.90479916,2.5805533,0,123799,2.5,8,1,1,18,12,1,0,0,0,0,1,0.6111111,2.031278,1,0,0,1,1,0,0,0,0,0,0,0,1,0,1,0,1,1
2559,-1.9328697,-3.480856,0.4449036,2.227627,3.5147924,4.846233,16,123766,2.5,8,3,5,18,12,1,0,0,0,390,1,0.6111111,2.031278,1,0,0,1,1,0,0,0,0.842443,0,0,0,1,0,1,0,1,1
2594,-1.8668685,-1.420915,0.012076976,1.0049607,1.4452338,4.6597967,128,122815,2.5,8,1,1,18,12,1,0,0,0,0,0,0.6111111,2.031278,1,0,0,1.25,1,0,0,0,0,0,0,0,1,0,1,0,1,1
2595,-1.8668685,-1.420915,0.012076976,1.0049607,1.4452338,4.6597967,0,122815,2.5,8,1,1,0,0,0,0,0,0,0,0,0.6111111,2.031278,1,0,0,1,1,0,0,0,0,0,0,0,1,0,1,0,1,1
2604,-1.3343893,-1.1523675,-0.014800124,0.667881,1.1427779,2.7961555,8192,122738,2.5,8,1,1,18,12,1,0,0,0,0,1,-20000000,-20000000,1,0,0,1,1,0,0,0,0.9350231,0,0,0,1,0,1,0,1,1
2605,-1.3343893,-1.1523675,-0.014800124,0.667881,1.1427779,2.7961555,8192,122738,2.5,8,1,1,0,0,0,0,0,0,0,0,-20000000,-20000000,1,0,0,1,1,0,0,0,0.9350231,0,0,0,1,0,1,0,1,1
2610,-1.724997,-1.814554,-0.086876,1.605327,1.969019,3.738541,4096,125444,2.5,8,2,1,18,12,1,0,0,0,2472,1,0.6111111,2.031278,1,0,0,1.3,1,0,0,0,0,0,0,0,1,0,1,0,1,1
2613,-0.9297121,-0.9227149,-0.05180583,0.8530289,0.98712426,2.7933362,128,118798,2.5,8,1,1,12,14,1,0,0,0,0,0,0.6111111,2.031278,1,0,0,1,1,0,0,0,1.5042499,0,0,0,1,0,1,0,1,1
2614,-0.9297121,-0.9227149,-0.05180583,0.8530289,0.98712426,2.7933362,0,118798,2.5,8,1,1,12,14,1,0,0,0,0,0,0.6111111,2.031278,1,0,0,1,1,0,0,0,1.5042499,0,0,0,1,0,1,0,1,1
2891,-1.070817,-0.855726,-0.014023,0.863729,0.858508,2.248531,0,233878,2.5,8,1,1,12,14,1,0,0,0,0,0,0.5902778,1.6527777,1,0,0,1,1,0,0,0,0.987215,0,0,0,1,0,1,0,1.3,1.35
2892,-1.070817,-0.855726,-0.014023,0.863729,0.858508,2.248531,0,233878,2.5,8,1,1,12,14,1,0,0,0,0,0,0.5902778,1.6527777,1,0,0,1,1,0,0,0,0.987215,0,0,0,1,0,1,0,1.2,1.25
2940,-1.6324722,-1.3320975,-0.08709235,1.3358291,1.3816226,4.1612973,0,233367,2.5,8,3,1,12,14,1,0,0,0,0,0,0.6111111,2.031278,0.55,0,0,1,1,0,0,0,2.7451277,0,0,0,1,0,1,0,1,1
2941,-1.6324722,-1.3320975,-0.08709235,1.3358291,1.3816226,4.1612973,0,233367,2.5,8,3,1,12,14,1,0,0,0,0,0,0.6111111,2.031278,1,0,0,1,1,0,0,0,2.7451277,0,0,0,1,0,1,0,1,1
2942,-0.9297121,-0.9037355,-0.05180583,0.9786817,0.97021884,2.7933364,128,232863,2.5,8,1,1,12,14,1,0,0,0,0,0,0.6111111,2.031278,1,0,0,1,1,0,0,0,1.5042498,0,0,0,1,0,1,0,1,1
2943,-0.9297121,-0.9037355,-0.05180583,0.9786817,0.97021884,2.7933364,0,232863,2.5,8,1,1,12,14,1,0,0,0,0,0,0.6111111,2.031278,1,0,0,1,1,0,0,0,1.5042498,0,0,0,1,0,1,0,1,1
3141,-0.7071282,-0.9755955,-0.018647842,0.8321532,1.0113531,2.4446795,4,307454,2.5,8,1,7,12,14,1,0,0,0,0,0,0.6111111,2.031278,1,0,0,1,1,0,0,0,0,0,0,0,1,0,1,0,1,1
3142,-0.60587186,-0.63118666,0.00036631487,0.44436252,0.5435114,2.500123,4,307453,2.5,8,1,7,12,14,1,0,0,0,0,0,0.6111111,2.031278,1,0,0,1,1,0,0,0,0,0,0,0,1,0,1,0,1,1
3234,-1.151664,-1.134408,-0.85887,1.187689,1.159872,1.349231,12291,328197,0,0,3,4,18,12,1,0,0,0,354,0,0.5192677,1.3151135,1,0,0,1,1,0,0,0,0,0,0,0,1,0,1,0,1,1
3235,-1.118749,-1.070567,-0.550365,1.140332,1.188514,1.349407,12291,328198,0,0,3,4,18,12,1,0,0,0,352,0,0.5192677,1.3151135,1,0,0,1,1,0,0,0,0,0,0,0,1,0,1,0,1,1
3236,-1.441764,-1.350936,-0.731881,1.383891,1.474719,1.345448,12291,328199,0,0,3,4,18,12,1,0,0,0,353,0,0.52006894,1.3151135,1,0,0,1,1,0,0,0,0,0,0,0,1,0,1,0,1,1
3237,-1.491318,-1.443136,-0.879095,1.511999,1.56018,1.353574,12291,328200,0,0,3,4,18,12,1,0,0,0,351,0,0.5192677,1.3151135,1,0,0,1,1,0,0,0,0,0,0,0,1,0,1,0,1,1
3805,-0.76841533,-1.2068409,-7.1470975E-05,0.9861872,1.2199389,3.0599585,0,464148,2.5,8,0,0,18,12,1,0,0,0,0,0,0.6111111,2.031278,0.4588,0,0,1.2,1,0,0,0,1.117048,0,0,0,1,0,1,0,1,1
3967,-1.0685611,-1.020838,-0.017419988,0.42850226,0.9538349,2.748087,4,535052,2.5,8,1,1,12,14,1,0,0,0,0,0,0.6111111,2.031278,1,0,0,1,1,0,0,0,0,0,0,0,0,0,1,0,1.2,1
3968,-1.0284914,-0.66214,-0.024380293,0.3851204,0.6762748,2.4887793,4,589715,2.5,8,1,1,12,14,1,0,0,0,0,0,0.6111111,2.031278,1,0,0,1,1,0,0,0,0,0,0,0,0,0,1,0,1,1
4122,-0.297757,-0.621217,1.068069,0.96482,0.673284,2.444522,12347,534430,2.5,8,3,4,18,12,1,0,0,0,0,0,0.6111111,2.031278,1,0,0,1,1,0,0,0,0,0,0,0,1,0,1,0,1,1
4123,-0.28603,-0.729824,1.051169,1.024375,0.713721,2.462422,12347,534432,2.5,8,3,4,18,12,1,0,0,0,0,0,0.6111111,2.031278,1,0,0,1,1,0,0,0,0,0,0,0,1,0,1,0,1,1
4550,-0.78658354,-1.0122241,0.18711036,1.2875344,1.0739148,3.903427,3,612480,2.5,8,1,4,18,12,1,0,0,0,2175,1,0.6111111,2.031278,1,0,0,1,1,0,0,0,0,0,0,0,1,0,1,0,1,1
5161,-4.925527,-3.835463,-0.016263114,1.0384064,5.1062193,6.3307095,16,838728,2.5,8,3,3,27,18,1,0,0,0,0,0,0.6111111,2.031278,0.5,0,0,1,1,0,0,0,0,0,0,0,1,0,1,0,1,1
5408,-0.5632277,-0.6272996,-0.021570204,0.40746874,0.6547631,1.7630559,133124,878772,2.5,8,1,1,12,10,1,0,0,0,53,1,0.6111111,1.6065985,1,0,0,1,1,0,0,0,0,0,0,0,1,0,1,0,1,1
6837,-0.42283234,-0.45273426,-0.010530086,0.42124194,0.469114,1.5179054,133124,900914,2.5,8,1,1,12,10,1,0,0,0,294,1,0.6944441,1.055555,1,0,0,1,1,0,0,0,0,0,0,0,1,0,1,0,1,1
6838,-0.72612613,-0.89412826,-0.025866825,0.8406576,0.8286958,2.4354377,133124,917116,2.5,8,1,1,14,14,1,0,0,0,51,1,0.6111111,2.031278,1,0,0,1,1,0,0,0,0,0,0,0,1,0,1,0,1,1
7130,-0.6460748,-0.39591467,-0.0060054553,0.16433224,0.38317442,1.3367966,133124,940356,2.5,8,1,1,12,10,1,0,0,0,295,1,0.6111108,1.1002022,1,0,0,1,1,0,0,0,0,0,0,0,1,0,1,0,1,1
7200,-0.6786469,-0.54946065,-0.014070106,0.31186038,0.49039695,2.291559,133124,949470,2.5,8,1,1,12,11,1,0,0,0,52,1,0.6111111,2.031278,1,0,0,1,1,0,0,0,0,0,0,0,1,0,1,0,1,1
7203,-0.4241255,-0.40815195,-0.013340561,0.26960868,0.4338687,1.6146781,133124,950080,2.5,8,1,1,12,10,1,0,0,0,54,1,0.44444448,1.5277778,1,0,0,1,1,0,0,0,0,0,0,0,1,0,1,0,1,1
7233,-0.6531045,-0.593585,-0.015458692,0.3884954,0.4815892,2.0559046,133124,959310,2.5,8,2,1,12,10,1,0,0,0,57,1,0.6111111,2.031278,1,0,0,1,1,0,0,0,0,0,0,0,1,0,1,0,1,1
7300,-0.45385855,-0.39596167,-0.010104639,0.35429725,0.44509304,2.341875,133124,921844,2.5,8,1,1,12,10,1,0,0,0,56,1,0.6111111,2.031278,1,0,0,1,1,0,0,0,0,0,0,0,1,0,1,0,1,1
7369,-0.6237011,-0.61504376,-0.014870469,0.30937162,0.6031374,2.564653,133124,974343,2.5,8,1,1,12,10,1,0,0,0,55,1,0.7777778,2.4380827,1,0,0,1,1,0,0,0,0,0,0,0,1,0,1,0,1,1
7399,-1.5777062,-1.2378889,-0.0036050652,1.3045976,1.2118948,3.4328392,133124,968705,2.5,8,1,3,22,16,2,0,0,0,59,1,0.6111111,2.031278,1,0,0,1,1,0,0,0,0,0,0,0,1,0,1,0,1.3,1.35
7576,-1.348767,-0.73845994,-0.007477187,0.6299334,0.7573991,2.794008,133124,986648,2.5,8,1,3,16,12,2,0,0,0,60,1,0.6111111,2.031278,1,0,0,1,1,0,0,0,0,0,0,0,1,0,1,0,1.2,1.25
7578,-0.36183363,-0.47957417,-0.022270244,0.4871,0.413276,2.040085,133124,997378,2.5,8,2,1,12,10,1,0,0,0,58,1,0.6111111,2.031278,1,0,0,1,1,0,0,0,0,0,0,0,1,0,1,0,1,1
7599,-0.38867152,-0.40524364,-0.009989113,0.29818782,0.39738065,1.9705199,133124,1000764,2.5,8,1,1,12,10,1,0,0,0,50,1,0.6111111,2.031278,1,0,0,1,1,0,0,0,0,0,0,0,1,0,1,0,1,1
7629,-1.1179321,-0.9528977,-0.0012786429,0.5602957,0.7323692,2.6448734,133124,1005887,2.5,8,0,3,22,16,2,0,0,0,0,1,0.6111111,2.031278,1,0,0,1,1,0,0,0,0,0,0,0,1,0,1,0,1,1
7661,-0.46973783,-0.5632051,-0.01299007,0.38214737,0.55768436,2.1049213,133124,1011653,2.5,8,1,1,12,10,1,0,0,0,49,1,0.6111111,2.031278,1,0,0,1,1,0,0,0,0,0,0,0,1,0,1,0,1,1
7692,-0.632017,-0.43422073,-0.008556791,0.35525012,0.49112797,2.5357661,133124,1022598,2.5,8,0,3,10,10,1,0,0,0,0,1,0.6111111,2.031278,1,0,0,1,1,0,0,0,0,0,0,0,1,0,1,0,1,1
7778,-0.699363,-0.7150211,-0.0018127272,1.0747181,0.8341165,2.6897075,133124,1022938,2.5,8,1,1,12,10,1,0,0,0,296,1,0.6111111,2.031278,1,0,0,1,1,0,0,0,0,0,0,0,1,0,1,0,1,1
7793,-0.5737256,-0.55470014,-0.013744495,0.36778897,0.503321,2.6674922,133124,1018060,2.5,8,1,1,12,10,1,0,0,0,297,1,0.6129831,2.4274132,1,0,0,1,1,0,0,0,0,0,0,0,1,0,1,0,1,1
8102,-0.4575041,-0.50509435,-0.02033884,0.38080743,0.42967814,2.2013104,133124,1100087,2.5,8,1,1,12,10,1,0,0,0,10385,1,0.6111111,2.031278,1,0,0,1,1,0,0,0,0,0,0,0,1,0,1,0,1,1
8103,-0.47592396,-0.41364872,-0.014179255,0.3556543,0.34632146,2.0803638,133124,1100258,2.5,8,1,1,12,10,1,0,0,0,10384,1,0.6111111,2.031278,1,0,0,1,1,0,0,0,0,0,0,0,1,0,1,0,1,1
8991,-2.7192388,-0.85599136,-0.03710817,1.0665116,0.5805689,1.4711822,4112,1273658,2.5,8,1,7,12,8,1,0,0,0,0,1,0.6111111,2.031278,1.25,0,0,1,1,0,0,0,0,0,0,0,1,0,1,0,1,1
9629,-4.1960745,-6.487522,-0.05471847,2.9811907,8.126537,17.064339,2,1472486,2.5,8,0,6,100,100,1,0,0,0,0,1,0.6111111,2.031278,1,0,0,1.3,0.25,0,0,0,0,0,0,0,1,0,1,0,1,1
9909,-1.2370816,-1.3283647,-0.0019550761,0.77500683,1.1752803,5.638629,0,1570137,2.5,8,3,3,24,18,1,0,0,0,0,0,0.6111111,2.031278,1,0,0,1,1,0,0,0,2.32752,0,0,0,1,0,1,0,1,1
9930,-0.5662917,-0.5797816,-0.014444111,0.50526434,0.5437279,2.5190926,2052,1814471,2.5,8,1,1,12,10,1,0,0,0,0,1,0.7777778,2.4380827,1,0,0,1,1,0,0,0,0,0,0,0,1,0,1,0,1,1
9931,-0.50066924,-0.55457217,-0.009545941,0.5078262,0.40059537,2.3056173,2052,1810676,2.5,8,1,1,12,10,1,0,0,0,0,1,0.5555556,2.25,1,0,0,1,1,0,0,0,0,0,0,0,1,0,1,0,1,1
9932,-1.6449313,-1.2378875,-0.003605105,1.2808466,1.2118952,3.4684446,2052,1630218,2.5,8,1,3,22,16,2,0,0,0,0,1,0.6111111,2.031278,1,0,0,1,1,0,0,0,0,0,0,0,1,0,1,0,1.3,1.35
9933,-1.348767,-0.73846084,-0.0074784853,0.6751575,0.7573992,2.9121351,2052,1630402,2.5,8,1,3,20,14,2,0,0,0,60,1,0.6111111,2.031278,1,0,0,1,1,0,0,0,0,0,0,0,1,0,1,0,1.2,1.25
9934,-0.4575041,-0.50509435,-0.02033884,0.36976382,0.42967752,2.1885054,2052,1734034,2.5,8,0,1,12,10,1,0,0,0,0,1,0.6111111,2.031278,1,0,0,1,1,0,0,0,0,0,0,0,1,0,1,0,1,1
9935,-0.47592378,-0.41364872,-0.014179269,0.3556543,0.34632152,1.9665326,2052,1733758,2.5,8,0,1,12,10,1,0,0,0,0,1,0.6111111,2.031278,1,0,0,1,1,0,0,0,0,0,0,0,1,0,1,0,1,1
9936,-1.1179321,-0.9528977,-0.0012786944,0.5602957,0.7323692,2.6836588,2052,1620605,2.5,8,0,3,10,10,2,0,0,0,0,1,0.6111111,2.031278,1,0,0,1,1,0,0,0,0,0,0,0,1,0,1,0,1,1
9937,-0.632017,-0.43422073,-0.008556791,0.35525012,0.49112797,2.5610604,2052,1593999,2.5,8,0,3,10,10,1,0,0,0,0,1,0.71144086,2.4644177,1,0,0,1,1,0,0,0,0,0,0,0,1,0,1,0,1,1
10087,-0.16484413,-0.212282,-0.0006877165,0.10224866,0.20879088,1.1722771,0,1608483,2.5,8,1,4,6,4,1,0,0,0,80,1,0.6111111,2.031278,1,409,0,1,1,0,0,0,0,0,0,0,1,0,1,0,1,1
10170,-0.15734684,-0.25845426,0.0025863529,0.17438632,0.2513331,1.2627019,0,1622490,2.5,8,1,1,10,6,1,0,0,0,79,1,0.6111111,2.031278,1,411,0,1,1,0,0,0,0.71245265,0,0,0,1,0,1,0,1,1
10220,-1.4382635,-0.76879954,-6.6326375E-06,0.715839,0.7774484,1.870416,0,1098889,2.5,8,3,3,9,6,1,0,0,0,0,0,0.6111111,2.031278,1,0,0,1,1,0,0,0,0,0,0,0,1,0,1,0,1,1
10221,-0.81429434,-1.0585188,-0.008841186,1.1226526,0.89232165,3.5793238,0,1100490,2.5,8,3,1,22,16,1,0,0,0,0,1,0.6111111,2.031278,1,0,0,1.1,1,0,0,0,1.6323,0,0,0,0.91,0,1,0,1,1
10222,-1.618273,-0.52048516,0.0023223462,0.2538413,1.2636821,2.0503564,2,1380189,2.5,8,1,3,8,4,1,0,0,0,0,1,0.6111111,2.031278,1,0,0,1,1,0,0,0,0,0,0,0,1,0,1,0,1,1
10223,-0.94645774,-2.0209467,0.08460037,1.052482,1.9775127,3.5500576,2,1410363,2.5,8,0,1,18,12,1,0,0,0,162,1,0.6111111,2.031278,1,0,0,1,1,0,0,0,0,0,0,0,1,0,1,0,1,1
10224,-3.552923,-1.422116,0.007174058,1.8398438,1.0152433,2.871798,0,1245325,2.5,8,3,5,16,10,1,0,0,0,138,0,0.6111111,2.031278,1.3,0,0,1.1,1,0,0,0,0,0,0,0,1,0,1,0,1,1
10231,-2.6852846,-2.350882,0.9562698,2.7773492,2.3275619,9.848971,12288,1408766,2.5,8,3,0,18,12,1,0,0,0,0,1,0.6111111,2.031278,1,0,1.5,1.3,1,0,0,0,1.2781712,0,0,0,1,0,1,0,1,1
10394,-0.7376851,-0.8083037,-0.013361003,0.6078439,0.69881773,3.0223424,2052,1630447,2.5,8,1,1,12,10,1,0,0,0,296,1,0.6111111,2.031278,1,0,0,1,1,0,0,0,0,0,0,0,1,0,1,0,1.15,1.1
10395,-0.91739964,-0.66125643,-0.015844647,0.4739537,0.6365459,3.0072725,2052,1662187,2.5,8,1,1,12,10,1,0,0,0,297,1,0.6111111,2.031278,1,0,0,1,1,0,0,0,0,0,0,0,1,0,1,0,1,1.1
10531,-0.71443915,-0.8491779,-0.0063954075,0.68299115,0.8995184,2.6145701,4,1721003,2.5,8,1,1,12,14,1,0,0,0,0,0,0.6111111,2.031278,1,0,0,1,1,0,0,0,-0.008001942,0,0,0,0,0,1,0,1.15,1.1
10532,-0.5144573,-0.62471145,-0.009974404,0.38986978,0.6328675,2.4581647,4,1886724,2.5,8,1,1,12,14,1,0,0,0,0,0,0.6111111,2.031278,1,0,0,1,1,0,0,0,0,0,0,0,0,0,1,0,1,1.1
10687,-0.29641622,-0.40813172,-0.0090788435,0.33596084,0.36753488,1.8238539,0,1793470,2.5,8,1,1,12,14,1,0,0,0,0,0,-20000000,-20000000,1,0,0,1,1,0,0,0,0,0,0,0,0,0,1,0,1,1
10688,-0.29641622,-0.40813172,-0.0090788435,0.33596084,0.36753488,1.8238539,0,1793470,2.5,8,1,1,12,14,1,0,0,0,0,0,-20000000,-20000000,1,0,0,1,1,0,0,0,0,0,0,0,0,0,1,0,1,1
10784,-0.69684446,-0.6272856,-0.021570258,0.40746894,0.6547631,1.6313033,2052,1890765,2.5,8,1,1,12,10,1,0,0,0,0,1,0.6111111,1.6065985,1,0,0,1,1,0,0,0,0,0,0,0,1,0,1,0,1,1
10785,-0.37087664,-0.40815148,-0.013340569,0.26960868,0.4338682,1.7040577,2052,1890763,2.5,8,1,1,12,10,1,0,0,0,0,1,0.44444448,1.5277778,1,0,0,1,1,0,0,0,0,0,0,0,1,0,1,0,1,1
10786,-0.8010595,-0.54847544,-0.009412573,0.28286284,0.50019795,1.5675305,4,1890761,2.5,8,1,7,8,6,1,0,0,0,0,1,0.6111111,1.2777778,1,0,0,1,1,0,0,0,0,0,0,0,1,0,1,0,1,1
10787,-0.8010595,-0.54702663,-0.007534638,0.2714612,0.49437305,1.4736856,4,1890759,2.5,8,1,7,8,6,1,0,0,0,0,1,0.6111111,1.2777778,1,0,0,1,1,0,0,0,0,0,0,0,1,0,1,0,1,1
10844,-0.72612613,-0.89412826,-0.025866825,0.8406576,0.8286958,2.4354377,2052,917116,2.5,8,1,1,14,14,1,0,0,0,0,1,0.6111111,2.031278,1,0,0,1,1,0,0,0,0,0,0,0,1,0,1,0,1,1
10845,-0.6786469,-0.54946065,-0.014070106,0.31186038,0.49039695,2.291559,2052,949470,2.5,8,1,1,12,11,1,0,0,0,0,1,0.6111111,2.031278,1,0,0,1,1,0,0,0,0,0,0,0,1,0,1,0,1,1
11488,-0.38521585,-0.44377628,-0.0002925767,0.20771696,0.4693302,1.4275244,133124,2622502,2.5,8,1,1,12,10,1,0,0,0,0,1,0.6944445,1.0555556,1,0,0,1,1,0,0,0,0,0,0,0,1,0,1,0,1,1
11489,-0.55880207,-0.38947606,-0.00016364886,0.13980928,0.37422517,1.3489361,133124,2564806,2.5,8,1,1,12,10,1,0,0,0,0,1,0.6111111,1.1001945,1,0,0,1,1,0,0,0,0,0,0,0,1,0,1,0,1,1
13080,-8.484223,-3.3222241,-0.25675175,3.752478,3.2861214,4.2913494,133124,4227968,2.5,7,0,5,36,36,1,0,0,0,0,1,0.6111111,2.031278,1,0,0,1,1,0,0,0,3.2614253,0,0,0,1,0,1,0,1,1
13108,-2.6550927,-1.0277294,-0.024700344,0.5228427,0.98022246,2.8771477,133124,4207724,2.5,8,1,5,18,12,1,0,0,0,0,1,0.6111111,2.031278,1,0,0,1,1,0,0,0,0,0,0,0,1,0,1,0,1.2,1.25
13128,-3.046867,-1.115272,-0.006732478,1.0153677,0.8329011,1.3594522,4112,4268207,2.5,8,1,7,18,12,1,0,0,0,0,1,0.6111111,2.031278,1,0,0,1,1,0,0,0,0,0,0,0,1,0,1,0,1,1
13138,-9.4711275,-6.133191,-0.44289517,3.790171,6.281523,5.309386,133124,4278602,2.5,7,0,5,60,60,1,0,0,0,0,1,0.6111111,2.031278,1,0,0,1,1,0,0,0,3.720824,0,0,0,1,0,1,0,1,1
13139,-15.097167,-2.427272,-0.4129153,3.7755961,2.695885,5.348451,133124,4252339,2.5,7,0,5,32,24,1,0,0,0,0,1,0.6111111,2.031278,1,0,0,1,1,0,0,0,2.766528,0,0,0,1,0,1,0,1,1
13146,-0.389116,-0.508516,-0.000256,0.241634,0.50416,2.294297,0,124379,2.5,8,1,1,18,12,1,0,0,0,293,1,0,0,1,0,0,1,1,0,0,0,1.34134,0,0,0,1,0,1,0,1,1
13148,-1.8998561,-1.9246982,-0.33167496,1.40821,1.5221804,3.1096013,3,124155,2.77778,8,1,0,18,12,1,0,0,0,9,1,0.6111111,2.031278,1,0,0,1,1,0,0,0,0,0,1,0.01,1,0,1,0,1,1
13181,-0.3876123,-0.40551597,-0.009746697,0.2981879,0.3973813,1.9697754,133124,4220448,2.5,8,1,1,12,10,1,0,0,0,0,1,0.6111111,2.031278,1,0,0,1,1,0,0,0,0,0,0,0,1,0,1,0,1,1
13188,-19.993885,-7.3526998,-1.8204634,7.362664,6.9249725,9.924554,133124,4281540,2.5,7,0,5,64,48,1,0,0,0,0,1,0.6111111,2.031278,1,0,0,1,1,0,0,0,6.4558024,0,0,0,1,0,1,0,1,1
13195,-2.2878208,-2.131641,-0.0014419565,0.74773955,1.8829973,4.1221275,2,4382565,2.5,8,1,3,8,4,1,0,0,0,10492,1,0.6111111,2.031278,1,0,0,1,1,0,0,0,0,0,0,0,0.6,0,1,0,1,1
13198,-0.4575041,-0.50509435,-0.02033884,0.38080743,0.42967814,2.1606884,133124,4395382,2.5,8,1,1,12,10,1,0,0,0,0,1,0.6111111,2.031278,1,0,0,1,1,0,0,0,0,0,0,0,1,0,1,0,1,1
13239,-4.6456285,-1.5692388,-0.41511264,2.270445,1.4827197,2.1717772,4096,4252337,2.5,8,3,5,32,24,1,0,0,0,0,0,0.6111111,2.031278,1,0,0,1,1,0,0,0,1.3722825,0,0,0,1,0,1,0,1,1
13295,-0.9222071,-0.9296151,-0.0010550604,0.9460726,0.9386646,6.787457,0,199912,0,0,1,0,18,12,1,0,0,0,0,0,-20000000,-20000000,1,0,0,1,1,0,0,0,0,0,0,0,1,0,1,0,1,1
13296,-0.922207,-0.92961496,-0.0018562789,0.94607246,0.9386645,11.945926,0,199909,0,0,1,0,18,12,1,0,0,0,0,0,-20000000,-20000000,1,0,0,1,1,0,0,0,0,0,0,0,1,0,1,0,1,1
13297,-0.9222071,-0.9296151,-0.0010550604,0.9460726,0.9386646,6.787457,0,199916,0,0,1,0,18,12,1,0,0,0,0,0,-20000000,-20000000,1,0,0,1,1,0,0,0,0,0,0,0,1,0,1,0,1,1
13313,0,0,0,0,0,0,0,204011,0,0,1,0,18,12,1,0,0,0,0,0,0,0,1,0,0,1,1,0,0,0,0,0,0,0,1,0,1,0,1,1
13929,-3.347369,-1.345126,-0.066811,1.217559,1.316197,2.30215,10,125837,2.5,8,1,7,18,12,1,0,0,0,171,3,0.6111111,2.031278,1,0,0,1,5,0,0,0,0,0,0,0,1,0,1,0,1,1
14029,-8.484224,-3.3222241,-0.8442409,3.623838,3.2861218,4.1713066,133124,5143343,2.5,7,0,5,36,36,1,0,0,0,0,1,0.6111111,2.031278,1,0,0,1,1,0,0,0,3.2614253,0,0,0,1,0,1,0,1,1
14043,-0.6040779,-0.4966644,-0.028715078,0.43333232,0.5180552,1.2852219,0,125024,2.5,8,1,4,18,12,1,0,0,0,31,1,0.6111111,2.031278,1,0,0,1,2,0,0,0,0.38719547,0,0,0,1,0,1,0,1,1
14047,0,0,0,0,0,0,19,203565,0,0,1,0,18,12,1,0,0,0,247,0,0,0,1,0,0,1,1,0,0,0,0,0,0,0,1,0,1,0,1,1
14055,-0.61759734,-0.5480883,-0.6056221,0.55148184,0.5637721,0.6236204,0,198719,0,0,1,0,18,12,1,0,0,0,0,1,1.212333,1.363754,1,0,0,1,1,0,0,0,0,0,0,0,1,0,1,0,1,1
14094,0,0,0,0,0,0,19,201924,1.94444,5.55556,1,0,9,6,0.5,0,0,0,247,0,45.128193,41.196945,1,0,0,1,1,0,0,0,0,0,0,0,1,0,1,0,1,1
14130,1,1,1,-1,-1,-1,3,124640,2.5,8,3,4,0,0,0,0,0,0,1608,1,0.6111111,2.031278,1,0,0,1,1,0,0,0,1.30095,0,0,0,1,0,1,0,1,1
14132,0,0,0,0,0,0,19,198951,0,0,1,0,18,12,1,0,0,0,247,0,1.8107319,2.6035435,1,0,0,1,1,0,0,0,0,0,0,0,1,0,1,0,1,1
14158,0,0,0,0,0,0,19,190363,0,0,1,0,18,12,1,0,0,0,247,0,3.5511773,3.3683398,1,0,0,1,1,0,0,0,0,0,0,0,1,0,1,0,1,1
14175,-0.915952,-2.4011943,-0.8212469,0.9191017,2.4011943,3.6380758,0,197293,0,0,1,0,18,12,1,0,0,0,0,0,1.8287925,1.4350252,1,0,0,1,1,0,0,0,0,0,0,0,1,0,1,0,1,1
14176,-1.1284143,-1.3082193,-0.001382264,1.2453966,1.3125473,1.512676,19,203006,0,0,1,0,18,12,1,0,0,0,247,0,2.263766,1.5111113,1,0,0,1,1,0,0,0,0,0,0,0,1,0,1,0,1,1
14186,0,0,0,0,0,0,0,201142,0,0,1,0,18,12,1,0,0,0,0,0,0,0,1,0,0,1,1,0,0,0,0,0,0,0,1,0,1,0,1,1
14194,0,0,0,0,0,0,19,202868,0,0,1,0,18,12,1,0,0,0,247,0,0,0,1,0,0,1,1,0,0,0,0,0,0,0,1,0,1,0,1,1
14250,-1.5871879,-2.4194524,0,0.26826254,2.416873,8.734192,0,200202,0,0,1,0,18,12,1,0,0,0,0,0,-20000000,-20000000,1,0,0,1,1,0,0,0,0,0,0,0,1,0,1,0,1,1
14252,0,0,0,0,0,0,0,198945,0,0,1,0,18,12,1,0,0,0,0,0,12.201437,31.505154,1,0,0,1,1,0,0,0,0,0,0,0,1,0,1,0,1,1
14254,-3.3954377,-1.3753744,-0.38843635,2.5012183,1.3874267,7.7976823,137220,5305977,2.5,7,0,5,36,36,1,0,0,0,0,1,0.6111111,2.031278,1,0,0,1,1,0,0,0,1.8005466,0,0,0,1,0,1,0,1,1
14255,0,0,0,0,0,0,19,190404,0,0,1,0,18,12,1,0,0,0,0,0,20.065914,19.543875,1,0,0,1,1,0,0,0,0,0,0,0,1,0,1,0,1,1
14258,0,0,0,0,0,0,19,199640,0,0,1,0,18,12,1,0,0,0,0,0,0,0,1,0,0,1,1,0,0,0,0,0,0,0,1,0,1,0,1,1
14264,0,0,0,0,0,0,19,200593,0,0,1,0,18,12,1,0,0,0,0,0,0.7595092,3.223714,1,0,0,1,1,0,0,0,0,0,0,0,1,0,1,0,1,1
14306,-1.724997,-1.814554,-0.086876,1.605327,1.969019,3.738541,3,125444,2.5,8,2,1,18,12,1,0,0,0,848,1,0.6111111,2.031278,1,0,0,1,1,0,0,0,0,0,0,0,1,0,1,0,1,1
14310,-5.9076843,-3.3222291,-0.12769781,3.7511864,3.2861218,4.0854845,4100,5228774,2.5,7,0,5,36,36,1,0,0,0,0,1,0.6111111,2.031278,1,0,0,1,1,0,0,0,3.2614257,0,0,0,1,0,1,0,1,1
14341,-4.9255247,-3.8354611,-0.016263112,1.0384064,5.1062193,6.3307095,0,123371,2.5,8,1,1,18,12,1,0,0,0,828,1,0.6111111,2.031278,1,0,0,1,1,0,0,0,0,0,0,0,1,0,1,0,1,1
14358,0,0,0,0,0,0,19,190548,0,0,1,0,18,12,1,0,0,0,247,0,18.865274,7.330639,1,0,0,1,1,0,0,0,0,0,0,0,1,0,1,0,1,1
14380,-0.80137134,-0.7213788,-0.02480579,0.46858907,0.75297517,1.758533,2052,5548261,2.5,8,1,1,12,10,1,0,0,0,0,1,0.6111111,2.031278,1,0,0,1,1,0,0,0,0,0,0,0,1,0,1,0,1,1
14381,-0.4265082,-0.46937478,-0.015341774,0.31004995,0.4989488,1.7190858,2052,5548259,2.5,8,1,1,12,10,1,0,0,0,0,1,0.6111111,2.031278,1,0,0,1,1,0,0,0,0,0,0,0,1,0,1,0,1,1
14415,-1.6423812,-2.1925013,-0.26190037,0.93460655,2.1649399,4.3605685,132,5154480,2.5,7,0,5,18,12,1,0,0,0,0,0,0.6111111,2.031278,1,0,0,1,1,0,0,0,0,0,0,0,1,0,1,0,1.35,1.25
14444,0,0,0,0,0,0,61555,166935,2.5,2.5,1,1,18,12,1,0,0,0,748,0,0,0,1,0,0,1,1,0,0,0,0,0,0,0,1,0,1,0,1,1
14454,0,0,0,0,0,0,0,197134,0,0,1,0,18,12,1,0,0,0,0,0,4.125334,0.8810948,1,0,0,1,1,0,0,0,0,0,0,0,1,0,1,0,1,1
14470,0,0,0,0,0,0,19,190690,0,0,1,0,18,12,1,0,0,0,247,0,14.234767,14.769394,1,0,0,1,1,0,0,0,0,0,0,0,1,0,1,0,1,1
14505,-0.6237014,-0.614931,-0.0056370585,0.30046552,0.6207076,2.572933,131076,5422149,2.5,8,1,4,18,12,1,0,0,0,0,1,0.7777778,2.4380827,1,0,0,1,1,0,0,0,0,0,0,0,1,0,1,0,1,1
14517,-0.4548264,-0.42949057,-0.010044037,0.37880707,0.48251593,2.323795,131076,5422147,2.5,8,1,4,18,12,1,0,0,0,0,1,0.6111111,2.031278,1,0,0,1,1,0,0,0,0,0,0,0,1,0,1,0,1,1
14523,0,0,0,0,0,0,8,5519021,2.5,8,1,1,18,12,1,0,0,1091,62,3,0,0,1,0,0,1,1,0,0,0,0,0,0,0,1,0,1,0,1,1
14531,0,0,0,0,0,0,325683,189906,11.8056,0,1,0,18,12,1,0,0,0,0,0,0.12940463,0.69127107,1,0,0,1,1,0,0,0,0,0,0,0,1,0,1,0,1,1
14543,0,0,0,0,0,0,0,202690,0,0,1,0,18,12,1,0,0,0,0,0,3.3824353,3.9662073,1,0,0,1,1,0,0,0,0,0,0,0,1,0,1,0,1,1
14567,-0.78618,-0.438844,-0.003739,0.80837,0.407403,1.08683,0,125865,2.5,8,1,3,18,12,1,0,0,0,139,2,0.6111111,2.031278,1,0,0,1,3,0,0,0,0,0,2,0,1,0,1,0,1,1
14568,-0.44110316,-0.15318896,-0.016193189,0.07676655,0.14562017,0.37031257,0,126061,2.5,8,1,7,4,3,1,0,0,0,134,0,0.6111111,2.031278,1,0,0,1,6,0,0,0,0,0,1,0,1,0,1,0,1,1
14569,-0.269335,-0.200649,0.000307,0.261495,0.185284,0.44167,0,123200,2.5,8,1,5,4,3,1,0,0,0,111,0,0.6111111,2.031278,1,0,0,1,6,0,0,0,0.269091,0,1,0,1,0,1,0,1,1
14592,1,1,1,-1,-1,-1,0,165744,0,0,1,0,18,12,1,0,0,0,0,0,-20000000,-20000000,1,0,0,1,1,0,0,0,0,0,0,0,1,0,1,0,1,1
14598,-1.123374,-1.141437,-0.048109,0.756848,0.770787,2.557313,0,126247,1.66667,8,1,1,18,12,1,0,1095,0,8670,1,0.6111111,2.031278,1,0,0,1,1,0,0,0,1.41886,0,0,0,1,0,1,0,1,1
14628,-1.3598353,-1.7661476,-0.08980262,1.4217353,1.5255594,1.9873694,3,123949,2.5,8,2,0,18,12,1,0,0,0,81,1,0.6111111,2.031278,1,0,0,1,1,0,0,0,0,0,0,0,1,0,1,0,1,1
14646,0,0,0,0,0,0,0,197315,0,0,1,0,18,12,1,0,0,0,0,0,0.55045784,1.9625219,1,0,0,1,1,0,0,0,0,0,0,0,1,0,1,0,1,1
14647,0,0,0,0,0,0,0,587744,0,0,1,0,18,12,1,0,0,0,0,0,0,0,1,0,0,1,1,0,0,0,0,0,0,0,1,0,1,0,1,1
14656,0,0,0,0,0,0,0,166579,0,0,1,0,18,12,1,0,0,0,0,0,0,0,1,0,0,1,1,0,0,0,0,0,0,0,1,0,1,0,1,1
14657,-1.694566,-1.200528,-7.4E-05,1.082574,1.221714,3.909968,0,124207,2.5,2.5,1,1,18,12,1,0,0,0,748,0,0.6111111,2.031278,1,0,0,1,1,0,0,0,0,0,0,0,1,0,1,0,1,1
14696,0,0,0,0,0,0,0,219318,0,0,1,0,18,12,1,0,0,0,0,2,19.063305,58.30908,1,0,0,1,1,0,0,0,0,0,0,0,1,0,1,0,1,1
14697,0,0,0,0,0,0,0,219319,0,0,1,0,18,12,1,0,0,0,0,2,27.075396,27.914398,1,0,0,1,1,0,0,0,0,0,0,0,1,0,1,0,1,1
14698,0,0,0,0,0,0,0,219320,0,0,1,0,18,12,1,0,0,0,0,2,14.705472,17.23828,1,0,0,1,1,0,0,0,0,0,0,0,1,0,1,0,1,1
14699,0,0,0,0,0,0,0,219321,0,0,1,0,18,12,1,0,0,0,0,2,68.940674,51.539707,1,0,0,1,1,0,0,0,0,0,0,0,1,0,1,0,1,1
14700,0,0,0,0,0,0,0,219322,0,0,1,0,18,12,1,0,0,0,0,2,62.238243,23.29923,1,0,0,1,1,0,0,0,0,0,0,0,1,0,1,0,1,1
14701,0,0,0,0,0,0,0,219323,0,0,1,0,18,12,1,0,0,0,0,2,44.525455,27.57987,1,0,0,1,1,0,0,0,0,0,0,0,1,0,1,0,1,1
14702,0,0,0,0,0,0,0,219324,0,0,1,0,18,12,1,0,0,0,0,2,43.557285,37.056633,1,0,0,1,1,0,0,0,0,0,0,0,1,0,1,0,1,1
14720,0,0,0,0,0,0,19,201230,0,0,1,0,18,12,1,0,0,0,0,0,1.3477064,9.664016,1,0,0,1,1,0,0,0,0,0,0,0,1,0,1,0,1,1
14744,-3.90106,-3.7073474,-0.23163506,3.8889582,3.7132592,6.9642353,4100,5486691,2.5,7,0,0,36,36,1,0,0,0,0,1,0.6111111,2.031278,1,0,0,1,1,0,0,0,-0.026999855,0,0,0,1,0,1,0,1,1
14749,0,0,0,0,0,0,0,201688,0,0,1,0,18,12,1,0,0,0,0,0,10.68736,5.52413,1,0,0,1,1,0,0,0,0,0,0,0,1,0,1,0,1,1
14758,0,0,0,0,0,0,0,201619,0,0,1,0,18,12,1,0,0,0,0,0,2.9185867,4.147553,1,0,0,1,1,0,0,0,0,0,0,0,1,0,1,0,1,1
14760,0,0,0,0,0,0,0,190775,0,0,1,0,18,12,1,0,0,0,0,0,5.4002767,7.898544,1,0,0,1,1,0,0,0,0,0,0,0,1,0,1,0,1,1
14761,-0.077584,-1.5597706,0.17762938,-0.077583864,1.5597705,3.6467586,0,197046,11.8056,6.94444,1,0,18,12,1,0,0,0,10614,0,-20000000,-20000000,1,0,0,1,1,0,0,0,0,0,0,0,1,0,1,0,1,1
14765,0,0,0,0,0,0,0,190763,0,0,1,0,18,12,1,0,0,0,0,0,4.2619805,12.119482,1,0,0,1,1,0,0,0,0,0,0,0,1,0,1,0,1,1
14767,-4.221789,-8.282014,-2.017056,4.5643578,9.013114,21.801735,0,190766,0,0,1,0,18,12,1,0,0,0,0,0,6.4930453,11.019708,1,0,0,1,1,0,0,0,0,0,0,0,1,0,1,0,1,1
14769,0,0,0,0,0,0,0,190768,0,0,1,0,18,12,1,0,0,0,0,0,5.647622,9.171295,1,0,0,1,1,0,0,0,0,0,0,0,1,0,1,0,1,1
14771,0,0,0,0,0,0,0,190770,0,0,1,0,18,12,1,0,0,0,0,0,10.331324,9.501624,1,0,0,1,1,0,0,0,0,0,0,0,1,0,1,0,1,1
14772,0,0,0,0,0,0,0,190772,0,0,1,0,18,12,1,0,0,0,0,0,10.156514,11.130344,1,0,0,1,1,0,0,0,0,0,0,0,1,0,1,0,1,1
14774,0,0,0,0,0,0,0,190764,0,0,1,0,18,12,1,0,0,0,0,0,2.8516588,5.333903,1,0,0,1,1,0,0,0,0,0,0,0,1,0,1,0,1,1
14775,0,0,0,0,0,0,0,190765,0,0,1,0,18,12,1,0,0,0,0,0,1.5160055,1.7259345,1,0,0,1,1,0,0,0,0,0,0,0,1,0,1,0,1,1
14776,0,0,0,0,0,0,0,190773,0,0,1,0,18,12,1,0,0,0,0,0,4.919958,5.4735603,1,0,0,1,1,0,0,0,0,0,0,0,1,0,1,0,1,1
14777,0,0,0,0,0,0,0,190769,0,0,1,0,18,12,1,0,0,0,0,0,3.1298175,4.6762214,1,0,0,1,1,0,0,0,0,0,0,0,1,0,1,0,1,1
14782,0,0,0,0,0,0,0,190673,0,0,1,0,18,12,1,0,0,0,0,0,2.6960983,1.07625,1,0,0,1,1,0,0,0,0,0,0,0,1,0,1,0,1,1
14783,0,0,0,0,0,0,0,198115,0,0,1,0,18,12,1,0,0,0,0,0,1.177476,1.2522616,1,0,0,1,1,0,0,0,0,0,0,0,1,0,1,0,1,1
14784,0,0,0,0,0,0,0,199091,0,0,1,0,18,12,1,0,0,0,0,0,1.7173666,1.9595282,1,0,0,1,1,0,0,0,0,0,0,0,1,0,1,0,1,1
14785,0,0,0,0,0,0,0,199737,0,0,1,0,18,12,1,0,0,0,0,0,0.8591523,0.9895833,1,0,0,1,1,0,0,0,0,0,0,0,1,0,1,0,1,1
14786,0,0,0,0,0,0,0,199179,11.8056,0,1,0,18,12,1,0,0,0,0,0,0.41779122,0.55087304,1,0,0,1,1,0,0,0,0,0,0,0,1,0,1,0,1,1
14787,0,0,0,0,0,0,0,201494,11.8056,0,1,0,18,12,1,0,0,0,0,0,0,0,1,0,0,1,1,0,0,0,0,0,0,0,1,0,1,0,1,1
14788,0,0,0,0,0,0,0,189697,11.8056,0,1,0,18,12,1,0,0,0,0,0,0,0,1,0,0,1,1,0,0,0,0,0,0,0,1,0,1,0,1,1
14789,0,0,0,0,0,0,0,190566,11.8056,0,1,0,18,12,1,0,0,0,0,0,0,0,1,0,0,1,1,0,0,0,0,0,0,0,1,0,1,0,1,1
14790,-0.454445,-0.651321,-0.055658,0.480427,0.685519,2.610672,0,198801,11.8056,0,1,0,18,12,1,0,0,0,0,0,1.0293787,2.786926,1,0,0,1,1,0,0,0,0,0,0,0,1,0,1,0,1,1
14791,0,0,0,0,0,0,0,198165,11.8056,0,1,0,18,12,1,0,0,0,0,0,0.80022365,0.6348882,1,0,0,1,1,0,0,0,0,0,0,0,1,0,1,0,1,1
14792,-0.6157037,-0.66195375,0,0.6157037,0.66195375,1.24297,0,198168,11.8056,0,1,0,18,12,1,0,0,0,0,0,1.2314074,1.24297,1,0,0,1,1,0,0,0,0,0,0,0,1,0,1,0,1,1
14793,0,0,0,0,0,0,0,198748,11.8056,0,1,0,18,12,1,0,0,0,0,0,1.3581724,0.8333333,1,0,0,1,1,0,0,0,0,0,0,0,1,0,1,0,1,1
14794,0,0,0,0,0,0,0,190658,0,0,1,0,18,12,1,0,0,0,0,0,0.66454333,0.54713786,1,0,0,1,1,0,0,0,0,0,0,0,1,0,1,0,1,1
14795,0,0,0,0,0,0,0,202928,0,0,1,0,18,12,1,0,0,0,0,0,0.86105675,6.1343255,1,0,0,1,1,0,0,0,0,0,0,0,1,0,1,0,1,1
14796,0,0,0,0,0,0,0,190363,0,0,1,0,18,12,1,0,0,0,0,0,3.5511773,3.3683398,1,0,0,1,1,0,0,0,0,0,0,0,1,0,1,0,1,1
14803,0,0,0,0,0,0,0,190332,2.5,6.94444,1,0,18,12,1,0,0,0,0,0,1.4967504,1.5046011,1,0,0,1,1,0,0,0,0,0,0,0,1,0,1,0,1,1
14804,0,0,0,0,0,0,0,200640,2.5,6.94444,1,0,18,12,1,0,0,0,0,0,0.8055555,4.5708623,1,0,0,1,1,0,0,0,0,0,0,0,1,0,1,0,1,1
14805,0,0,0,0,0,0,0,200635,2.5,6.94444,1,0,18,12,1,0,0,0,0,0,0,0,1,0,0,1,1,0,0,0,0,0,0,0,1,0,1,0,1,1
14806,0,0,0,0,0,0,0,200634,2.5,6.94444,1,0,18,12,1,0,0,0,0,0,0,0,1,0,0,1,1,0,0,0,0,0,0,0,1,0,1,0,1,1
14807,0,0,0,0,0,0,0,200633,2.5,6.94444,1,0,18,12,1,0,0,0,0,0,0,0,1,0,0,1,1,0,0,0,0,0,0,0,1,0,1,0,1,1
14808,-0.3646595,-0.69060177,-0.0453264,0.36228096,0.69060177,3.1423821,0,199797,2.5,6.94444,1,0,18,12,1,0,0,0,0,0,0.5584059,2.4182973,1,0,0,1,1,0,0,0,0,0,0,0,1,0,1,0,1,1
14810,-0.6273859,-0.6330842,-0.042705853,0.64475524,0.63905704,1.2102839,0,200621,2.5,6.94444,1,0,18,12,1,0,0,0,0,0,1.258564,1.6066293,1,0,0,1,1,0,0,0,0,0,0,0,1,0,1,0,1,1
14814,0,0,0,0,0,0,0,2199522,2.5,6.94444,1,0,18,12,1,0,0,0,0,0,0,0,1,0,0,1,1,0,0,0,0,0,0,0,1,0,1,0,1,1
14818,-2.7605395,-2.6528838,0.3827365,3.1840558,2.631165,8.056198,1,123071,0,0,3,0,18,12,1,0,0,1094,2106,4,0.6111111,2.031278,1,0,0,1,1,0,0,0,1.27817,0,0,0,1,0,1,0,1,1
14820,0,0,0,0,0,0,0,190438,0,0,1,0,18,12,1,0,0,0,0,0,0,0,1,0,0,1,1,0,0,0,0,0,0,0,1,0,1,0,1,1
14823,0,0,0,0,0,0,0,199940,0,0,1,0,18,12,1,0,0,0,0,0,0,0,1,0,0,1,1,0,0,0,0,0,0,0,1,0,1,0,1,1
14828,0,0,0,0,0,0,19,200585,0,0,1,0,18,12,1,0,0,0,247,0,5.411695,16.161753,1,0,0,1,1,0,0,0,0,0,0,0,1,0,1,0,1,1
14830,0,0,0,0,0,0,19,201936,1.94444,5.55556,1,0,9,6,0.5,0,0,0,247,0,79.615135,226.52846,1,0,0,1,1,0,0,0,0,0,0,0,1,0,1,0,1,1
14833,0,0,0,0,0,0,0,190823,0,0,1,0,18,12,1,0,0,0,0,2,0,0,1,0,5,1,1,0,0,0,0,0,0,0,1,0,1,0,1,1
14837,-0.56197435,-0.58161336,-0.012989961,0.3821445,0.56654966,2.092667,4,119940,2.5,8,1,1,12,10,1,0,1092,1094,193,1,0.6111111,2.031278,1,0,0,1,1,0,0,0,0,0,0,0,1,0,1,0,1,1
14838,0,0,0,0,0,0,19,200633,0,0,1,0,18,12,1,0,0,0,247,0,0,0,1,0,0,1,1,0,0,0,0,0,0,0,1,0,1,0,1,1
14843,0,0,0,0,0,0,0,200638,0,0,1,0,18,12,1,0,0,0,0,0,1.7818803,0.9741618,1,0,0,1,1,0,0,0,0,0,0,0,1,0,1,0,1,1
14844,-0.3646595,-0.69060177,-0.0453264,0.36228096,0.69060177,3.1423821,0,199797,0,0,1,0,18,12,1,0,0,0,0,0,0.5584059,2.4182973,1,0,0,1,1,0,0,0,0,0,0,0,1,0,1,0,1,1
14845,0,0,0,0,0,0,0,199810,0,0,1,0,18,12,1,0,0,0,0,0,0.23906606,0.5116708,1,0,0,1,1,0,0,0,0,0,0,0,1,0,1,0,1,1
14846,-3.381673,-6.3050027,-0.72254586,3.6296382,3.6332316,3.9361467,0,201366,0,0,1,0,18,12,1,0,0,0,0,0,7.0113125,4.6586924,1,0,0,1,1,0,0,0,0,0,0,0,1,0,1,0,1,1
14847,-0.47460186,-0.6965792,-0.179893,1.075211,0.64366096,0.9983775,0,200065,0,0,1,0,18,12,1,0,0,0,0,0,0.35336393,0.85456955,1,0,0,1,1,0,0,0,0,0,0,0,1,0,1,0,1,1
14848,0,0,0,0,0,0,0,190304,0,0,1,0,18,12,1,0,0,0,0,0,3.833611,4.842609,1,0,0,1,1,0,0,0,0,0,0,0,1,0,1,0,1,1
14849,0,0,0,0,0,0,0,200640,0,0,1,0,18,12,1,0,0,0,0,0,0.8055555,4.5708623,1,0,0,1,1,0,0,0,0,0,0,0,1,0,1,0,1,1
14850,-1.1678418,-0.7424543,-0.29269958,0.96349514,0.907074,0.46479082,0,200062,0,0,1,0,18,12,1,0,0,0,0,0,1.1342239,0.27723414,1,0,0,1,1,0,0,0,0,0,0,0,1,0,1,0,1,1
14851,0,0,0,0,0,0,0,190332,2.5,6.94444,1,0,18,12,1,0,0,0,0,0,1.4967504,1.5046011,1,0,0,1,1,0,0,0,0,0,0,0,1,0,1,0,1,1
14852,-1.0716196,-1.6465349,-0.008478365,1.6882843,1.6156483,3.138299,16,126277,1.66667,8,1,1,18,12,1,0,0,0,868,2,0.6111111,2.031278,1,0,0,1,1,0,0,0,1.5049529,0,0,0,1,0,1,0,1,1
14855,-2.439453,-1.4281565,-0.030305745,1.0892174,1.4108917,1.8422855,3,125957,2.5,8,2,0,18,12,1,0,0,0,81,1,0.6111111,2.031278,1,0,0,0.5,1,0,0,0,0,0,0,0,1,0,1,0,1,1
14878,-3.4855E-07,-2.232727,-1.1591388,0,2.2327273,5.008705,3,197017,2.5,6.94444,1,0,18,12,1,0,0,0,1168,1,0,0,1,0,0,1,1,0,0,0,0,0,0,0,1,0,1,0,1,1
14884,0,0,0,0,0,0,3,202130,0,0,1,0,0,0,0,0,0,0,1568,0,1.032302,2.2736268,1,0,0,1,1,0,0,0,0,0,0,0,1,0,1,0,1,1
14885,0,0,0,0,0,0,0,234780,1.66667,8,1,0,18,12,1,0,0,0,0,2,0.6111111,2.031278,1,0,0,1,1,0,0,0,0,0,0,0,0,0,1,0,1,1
14887,-0.014489149,-0.36344445,-0.36959574,0.014489149,0.37422255,0.36807123,41,165989,2.5,8,1,0,0,0,0,0,0,0,1788,1,-20000000,-20000000,1,0,0,1,2,0,0,0,0,0,0,0,1,0,1,0,1,1
14888,-2.7605395,-2.6528838,0.3827365,3.1840558,2.631165,8.056198,19,123071,0,0,1,0,18,12,1,0,0,0,2106,0,0.6111111,2.031278,1,0,0,1,1,0,0,0,1.27817,0,0,0,1,0,1,0,1,1
14889,0,0,0,0,0,0,19,189802,0,0,1,0,18,12,1,0,0,0,2106,0,0.66417474,0.83752054,1,0,0,1,5,0,0,0,0,0,0,0,1,0,1,0,1,1
14898,0,0,0,0,0,0,0,199097,11.8056,0,1,0,18,12,1,0,0,0,0,0,1.6648566,1.3787634,1,0,0,1,1,0,0,0,0,0,0,0,1,0,1,0,1,1
14902,0,0,0,0,0,0,0,190363,0,0,1,0,18,12,1,0,0,0,0,0,3.5511773,3.3683398,1,0,0,1,1,0,0,0,0,0,0,0,1,0,1,0,1,1
14955,-0.77703035,-1.0576149,-0.007643647,1.1239017,0.904919,3.646525,0,123870,2.5,8,3,1,22,16,1,0,0,1091,8791,1,0.6111111,2.031278,1,0,0,1,1,0,0,0,0,0,0,0,1,0,1,0,1,1
14998,-2.062212,-3.175582,-0.003742,1.753953,2.73148,8.821517,0,124424,2.5,6.94444,1,0,18,12,1,0,0,0,0,0,0.6111111,2.031278,1,0,0,1,1,0,0,0,4.11289,0,0,0,1,0,1,0,1,1
15094,-1.907112,-1.97546,-0.036731,1.878037,1.809688,5.182298,0,190025,0,0,1,0,18,12,1,0,0,0,0,0,3.786239,5.206923,1,0,0,1,1,0,0,0,0,0,0,0,1,0,1,0,1,1
15114,0,0,0,0,0,0,11,5917323,2.5,8,1,0,18,12,1,0,0,1094,1508,4,0,0,1,0,0,1,1,0,0,0,0,0,0,0,1,0,1,0,1,1
15121,0,0,0,0,0,0,0,197383,0,0,1,0,18,12,1,0,0,0,0,0,8.470251,5.4797907,1,0,0,1,1,0,0,0,0,0,0,0,1,0,1,0,1,1
15129,0,0,0,0,0,0,0,190165,0,0,1,0,18,12,1,0,0,0,0,0,0,0,1,0,0,1,1.5,0,0,0,0,0,0,0,1,0,1,0,1,1
15131,1,1,1,-1,-1,-1,3,124640,2.5,8,3,4,0,0,0,0,0,0,1608,0,0.6111111,2.031278,1,0,0,1,1,0,0,0,1.30095,0,3,1,1,0,1,0,1,1
15135,-1.3466797,-1.2932001,-0.12061361,1.369947,1.3535705,2.637594,0,201124,0,0,1,0,18,12,1,0,0,0,0,1,0.6111111,2.0312777,1,0,0,1,1,0,0,0,0,0,0,0,1,0,1,0,1,1
15136,0,0,0,0,0,0,524339,201087,0,0,1,0,18,12,1,0,0,0,0,1,1.3977844,1.1017191,1,0,0,1,1,0,0,0,0,0,0,0,1,0,1,0,1,1
15138,1,1,1,-1,-1,-1,3,166421,2.5,8,1,0,18,12,1,0,0,0,92,1,-20000000,-20000000,1,0,0,1,1,0,0,0,0,0,0,0,1,0,1,0,1,1
15139,-2.55589,-2.504015,0,3.015695,2.846848,8.564754,3,201026,2.5,8,3,4,0,0,0,0,0,0,1608,3,5.37885,5.3043213,1,0,0,1,1,0,0,0,0,0,3,10,1,0,1,0,1,1
15146,0,0,0,0,0,0,0,190929,2.5,6.94444,1,0,18,12,1,0,0,0,0,0,0.9777564,1.9328529,1,0,0,1,1,0,0,0,0,0,0,0,1,0,1,0,1,1
15148,-0.1252659,-0.25590363,-0.25093433,0.27898335,0.2550005,0.33113098,0,137963,0,0,1,0,18,12,1,0,0,0,0,0,0,0,1,0,0,1,1,0,0,0,0,0,0,0,1,0,1,0,1,1
15151,-6.0353994,-6.0565104,0.14442635,5.8618493,6.1830177,14.79105,0,200316,2.5,6.94444,1,0,18,12,1,0,0,0,0,0,-20000000,-20000000,1,0,0,1,1,0,0,0,0,0,0,0,1,0,1,0,1,1
15154,0,0,0,0,0,0,4,197330,2.5,8,1,1,12,10,1,0,0,0,53,1,0,0,1,0,0,1,1,0,0,0,0,0,0,0,1,0,1,0,1,1
15155,-0.6564975,-0.8510136,-0.0028428712,0.65268236,0.85000587,1.3149992,4,219372,2.5,8,1,1,12,10,1,0,0,0,53,1,1.1817172,1.3149991,1,0,0,1,0.25,0,0,0,0,0,0,0,1,0,1,0,1,1
15156,0,0,0,0,0,0,0,5936756,2.5,8,1,1,18,12,1,0,0,0,174,3,0,0,1,0,0.41,1,1,0,0,0,2.9521775,0,0,0,1,0,1,0,1,1
15157,0,0,0,0,0,0,3,204056,2.5,6.94444,1,0,18,12,1,0,0,0,1168,1,0,0,1,0,0,1,1,0,0,0,0,0,0,0,1,0,1,0,1,1
15160,0,0,0,0,0,0,0,5936756,2.5,8,1,1,18,12,1,0,0,0,174,3,0,0,1,0,0,1,1,0,0,0,2.9521775,0,0,0,1,0,1,0,1,1
15161,0,0,0,0,0,0,0,201670,0,0,1,0,18,12,1,0,0,0,0,0,4.92553,5.0395327,1,0,0,1,1,0,0,0,0,0,0,0,1,0,1,0,1,1
15162,0,0,0,0,0,0,0,189215,0,0,1,0,18,12,1,0,0,0,0,0,2.069475,3.6030982,1,0,0,1,1,0,0,0,0,0,0,0,1,0,1,0,1,1
15163,0,0,0,0,0,0,0,202129,0,0,1,0,0,0,0,0,0,0,2136,0,1.5940292,3.4015954,1,0,0,1,1,0,0,0,0,0,0,0,1,0,1,0,1,1
15167,-4.1922297,-2.342935,-0.022873215,3.6192703,2.3284996,4.3538876,0,123834,2.5,8,3,1,20,14,1,0,0,0,9007,2,0.6111111,2.031278,1,0,0,1,1,0,0,0,0,0,0,0,1,0,1,0,1,1
15170,-2.946165,-1.1622854,-0.044871494,1.0797116,1.3631116,1.8968197,0,524328,2.5,9.7,1,7,24,18,1,0,0,0,196,1,0.6111111,2.031278,1,0,0,1,1,0,0,0,1.24137,0,0,0,1,0,1,0,1,1
15172,-1.2335293,-1.5442305,0.085343435,1.086055,1.4752458,3.5510793,11,1062239,2.5,8,1,0,18,12,1,0,0,0,158,1,0.6111111,2.031278,1,0,0,1,1,0,0,0,0,0,0,0,1,0,1,0,1,1
15173,-5.1402807,-6.7159753,-0.03174476,3.65927,6.8944225,4.2326846,0,197109,0,0,1,0,18,12,1,0,0,0,0,0,7.4067755,4.2246556,1,0,0,1,1,0,0,0,0,0,0,0,1,0,1,0,1,1
15174,0,0,0,0,0,0,0,197797,0,0,1,0,18,12,1,0,0,0,0,0,5.619119,5.113716,1,0,0,1,1,0,0,0,0,0,0,0,1,0,1,0,1,1
15175,0,0,0,0,0,0,0,2199512,2.5,6.94444,1,0,0,0,0,0,0,0,2151,0,0,0,1,0,0,1,1,0,0,0,0,0,1,1,1,0,1,0,1,1
15176,-2.946165,-1.1622854,-0.044871494,1.0797116,1.3631116,1.8968197,16,524328,2.5,6.94444,1,7,18,12,1,0,0,0,1088,1,0.6111111,2.031278,1,0,0,1,1,0,0,0,1.24137,0,0,0,1,0,1,0,1,1
15180,0,0,0,0,0,0,0,165757,0,0,1,0,18,12,1,0,0,0,0,0,0,0,1,0,0,1,1,0,0,0,0,0,0,0,1,0,1,0,1,1
15181,0,0,0,0,0,0,3,240924,2.5,8,1,0,18,12,1,0,0,0,9017,1,0,0,1,0,0,1,1,0,0,0,0,0,0,0,1,0,1,0,1,1
15205,-5.7585845,-4.008201,-6.1288447,5.7487164,4.142234,-1.3234726,0,202327,0,0,1,0,18,12,1,0,0,0,0,1,-20000000,-20000000,1,0,0,1,1,0,0,0,0,0,0,0,1,0,1,0,1,1
15206,-4.1952683E-07,-1.5101436,-3.5901947,0,1.4987986,-8.477105E-07,0,202326,0,0,1,0,18,12,1,0,0,0,0,1,-20000000,-20000000,1,0,0,1,1,0,0,0,0,0,0,0,1,0,1,0,1,1
15208,0,0,0,0,0,0,0,219276,0,0,1,0,18,12,1,0,0,0,0,1,0,0,1,0,0,1,1,0,0,0,0,0,0,0,1,0,1,0,1,1
15257,-1.0495179,-1.55512,-0.0013585315,0.87926114,1.5519614,3.9689763,0,123690,2.5,9.7,1,7,24,18,1,0,0,0,196,1,0.6111111,2.031278,1,0,0,1,3,0,0,0,1.34669,0,0,0,1,0,1,0,1,1
15266,0,0,0,0,0,0,0,219250,0,0,1,0,18,12,1,0,0,0,0,1,0,0,1,0,0,1,1,0,0,0,0,0,0,0,1,0,1,0,1,1
15278,0,0,0,0,0,0,0,190024,0,0,1,0,18,12,1,0,0,0,0,0,3.5352178,5.206923,1,0,0,1,1,0,0,0,0,0,0,0,1,0,1,0,1,1
15285,-0.7811345,-0.4358819,-0.018646922,0.99496543,0.3528465,0.3844437,9,125969,2.5,8,1,1,18,12,1,0,0,0,168,2,0.6111111,2.031278,1,0,0,1,5,0,0,0,0,0,1,0,1,0,1,0,1,1
15287,-2.4283655,-0.65870047,-0.006202568,1.0295022,0.5337032,1.2681019,0,126171,2.5,8,1,7,18,12,1,0,0,0,82,1,0.6111111,2.031278,1,0,0,1,1,0,0,0,0,0,2,0,1,0,1,0,1,1
15289,-2.4283655,-0.65870047,-0.006202568,1.0295022,0.5337032,1.2681019,0,126171,2.5,8,1,7,18,12,1,0,0,0,82,1,0.6111111,2.031278,1,0,0,1,1,0,0,0,0,0,2,0,1,0,1,0,1,1
15290,-1.51965,-3.358864,0.580546,1.366193,3.355157,3.799889,1,124131,2.5,8,3,1,18,12,1,0,0,0,788,1,0.6111111,2.031278,1,0,0,1,1,0,0,0,0,0,2,0,1,0,1,0,1,1
15291,-4.3232193,-1.5266311,-0.062439263,1.9208994,1.7210915,3.1354115,0,125559,2.5,8,1,5,18,12,1,0,0,0,34,1,-20000000,-20000000,1,0,0,1,1,0,0,0,2.52061,0,4,0,1,0,1,0,1,1
15311,0,0,0,0,0,0,0,198794,2.5,6.94444,1,0,18,12,1,0,0,0,0,0,0.7316747,1.2461098,1,0,0,1,1,0,0,0,0,0,0,0,1,0,1,0,1,1
15332,-0.7022104,-0.71230614,-0.03355823,0.36817622,0.73733115,2.0229328,0,122971,2.5,6.94444,1,4,18,12,1,0,0,0,0,0,0.6111111,2.031278,1,0,0,1,1,0,0,0,0,0,0,0,1,0,1,0,1,1
15333,-0.6370737,-0.69479865,-0.14041243,0.7360275,0.69479865,1.9156916,3,198780,0,0,1,0,18,12,1,0,0,0,0,1,1.3731012,2.0628853,1,0,0,1,1,0,0,0,0,0,0,0,1,0,1,0,1,1
15334,-8.2058525,-2.4958942,-0.06902434,1.625706,2.652399,5.757119,0,125427,2.5,8,1,1,18,12,1,0,0,1091,1808,1,0.6111111,2.031278,1,0,0,1,1,0,0,0,0,0,0,0,1,0,1,0,1,1
15335,-8.205855,-2.493031,-0.09944031,1.7353073,2.652393,5.672406,0,1418496,2.5,8,1,1,18,12,1,0,0,1091,68,1,0.6111111,2.031278,1,0,0,1,1,0,0,0,0,0,0,0,1,0,1,0,1,1
15340,-17.724155,-26.311945,-2.301688,40.68152,22.382824,55.233616,11,126158,0,0,1,0,18,12,1,0,0,1094,2008,0,0.6111111,2.031278,1,0,0,1,1,0,0,0,0,0,0,20,1,0,1,0,1,1
15347,0,0,0,0,0,0,19,202278,0,0,1,0,18,12,1,0,0,0,0,0,1.1584697,8.843555,1,0,0,1,1,0,0,0,0,0,0,0,1,0,1,0,1,1
15348,0,0,0,0,0,0,19,201518,0,0,1,0,18,12,1,0,0,0,0,0,1.3477064,10.839969,1,0,0,1,1,0,0,0,0,0,0,0,1,0,1,0,1,1
15349,0,0,0,0,0,0,19,202054,0,0,1,0,18,12,1,0,0,0,0,0,1.9266531,15.938607,1,0,0,1,1,0,0,0,0,0,0,0,1,0,1,0,1,1
15350,0,0,0,0,0,0,19,201910,0,0,1,0,18,12,1,0,0,0,0,0,13.798507,83.49691,1,0,0,1,1,0,0,0,0,0,0,0,1,0,1,0,1,1
15368,-5.7608843,-1.5639801,-0.82004976,2.0724163,1.5286798,3.0585573,17,6120989,2.5,8,1,0,18,12,1,0,0,0,0,0,0.6111111,2.031278,1,893,0,1,1,0,0,0,1.92917,0,0,0,1,0,1,0,1,1
15401,-3.3617244,-2.3690536,-0.774135,3.4400952,2.372835,3.0560718,9219,6225205,2.5,8,0,4,18,12,1,0,0,0,0,0,0.6111111,2.031278,1,0,0,1,1,0,0,0,0.94115,0,0,0,1,0,1,0,1,1
15452,0,0,0,0,0,0,2,201020,2.5,8,1,0,1,1,1,0,0,1091,708,2,2.7446783,3.4834557,1,0,0,1,1,0,0,0,0,0,0,0,1,0,1,0,1,1
15458,-2.428365,-0.6587,-0.034593,1.065616,0.634824,1.440938,0,125989,2.5,9.7,1,7,24,18,1,0,0,0,2489,0,0.6111111,2.031278,1,0,0,1,1,0,0,0,1.24137,0,0,0,1,0,1,0,1,1
15483,-2.428365,-0.6587,-0.034593,1.065616,0.634824,1.440938,0,125988,2.5,9.7,1,7,24,18,1,0,0,0,2489,0,0.6111111,2.031278,1,0,0,1,1,0,0,0,1.35304,0,0,0,1,0,1,0,1,1
15503,-0.87923163,-2.8091683,-0.81913275,0.8419004,0.23372163,2.502416,0,200789,0,0,1,0,18,12,1,0,0,0,0,0,0.8674204,2.7612915,1,0,0,1,1,0,0,0,0,0,0,0,1,0,1,0,1,1
15504,0.17362621,-0.22947405,0.18383622,0.49558544,0.24401836,1.2398617,0,1315646,0,0,1,0,18,12,1,0,0,0,0,0,0.6111111,2.031278,1,0,0,1,1,0,0,0,0,0,0,0,1,0,1,0,1,1
15511,0,0,0,0,0,0,0,198100,0,0,1,0,18,12,1,0,0,0,0,0,1.9971287,1.5480276,1,0,0,1,1,0,0,0,0,0,0,0,1,0,1,0,1,1
15512,0,0,0,0,0,0,0,200922,0,0,1,0,18,12,1,0,0,0,0,0,0,0,1,0,0,1,1,0,0,0,0,0,0,0,1,0,1,0,1,1
15520,0,0,0,0,0,0,19,198100,0,0,1,0,18,12,1,0,0,0,0,0,1.9971287,1.5480276,1,0,0,1,1,0,0,0,0,0,0,0,1,0,1,0,1,1
15525,-1.7375731,-1.8569951,-1.6673717,2.1803353,1.9313207,2.6644363,0,165782,0,0,1,0,18,12,1,0,0,0,0,0,-20000000,-20000000,1,0,0,1,1,0,0,0,0,0,0,0,1,0,1,0,1,1
15528,-0.98864925,-0.61335576,-0.11045231,0.8275556,0.6255445,1.5049987,0,190685,0,0,1,0,18,12,1,0,0,0,0,0,1.781648,1.618032,1,0,0,1,1,0,0,0,0,0,0,0,1,0,1,0,1,1
15542,-0.2802818,-0.33531877,-0.042973705,0.280684,0.3968652,0.49340144,51,198343,0,0,1,0,18,12,1,0,0,0,0,0,1.1836792,1.1538516,1,0,0,1,1,0,0,0,0,0,0,0,1,0,1,0,1,1
15543,-0.2802818,-0.33531877,-0.042973705,0.280684,0.3968652,0.49340144,51,198344,0,0,1,0,18,12,1,0,0,0,0,0,0.61897105,0.1733756,1,0,0,1,1,0,0,0,0,0,0,0,1,0,1,0,1,1
15546,-4.376728,-5.817208,-0.806318,5.323136,5.722498,8.635706,0,368596,2.5,8.33333,1,4,0,0,0,0,0,0,1668,1,0.6111111,2.031278,1,0,0,1,1,0,0,0,0,0,0,5,1,0,1,0,1,1
15548,-2.1721282,-1.8532579,-0.16948426,0.7569086,1.8285972,2.9765553,0,123372,2.5,8,1,1,18,12,1,0,0,0,9291,1,0.6111111,2.031278,1,0,0,1,1,0,0,0,0,0,0,0,1,0,1,0,1,1
15556,0,0,0,0,0,0,3,201113,0,0,1,0,18,12,1,0,0,0,0,0,0,0,1,0,0,1,1,0,0,0,0,0,0,0,1,0,1,0,1,1
15557,0,0,0,0,0,0,3,198451,0,0,1,0,18,12,1,0,0,0,0,0,0,0,1,0,0,1,1,0,0,0,0,0,0,0,1,0,1,0,1,1
15558,0,0,0,0,0,0,3,198452,0,0,1,0,18,12,1,0,0,0,0,0,0,0,1,0,0,1,1,0,0,0,0,0,0,0,1,0,1,0,1,1
15559,0,0,0,0,0,0,3,198453,0,0,1,0,18,12,1,0,0,0,0,0,0,0,1,0,0,1,1,0,0,0,0,0,0,0,1,0,1,0,1,1
15560,0,0,0,0,0,0,3,198454,0,0,1,0,18,12,1,0,0,0,0,0,0,0,1,0,0,1,1,0,0,0,0,0,0,0,1,0,1,0,1,1
15561,0,0,0,0,0,0,3,198455,0,0,1,0,18,12,1,0,0,0,0,0,0,0,1,0,0,1,1,0,0,0,0,0,0,0,1,0,1,0,1,1
15562,0,0,0,0,0,0,3,203429,0,0,1,0,18,12,1,0,0,0,0,0,0,0,1,0,0,1,1,0,0,0,0,0,0,0,1,0,1,0,1,1
15564,-0.542556,-0.712335,-0.132363,0.927112,0.975776,1.826384,16,123120,2.5,8.33333,1,4,0,0,0,0,0,0,1668,1,0.6111111,2.031278,1,0,0,1,1,0,0,0,0,0,0,0,1,0,1,0,1,1
15571,-0.913929,-1.24582,-0.076837,1.616673,0.566638,2.160921,0,122968,1.52778,6.94444,1,0,18,12,1,0,0,0,0,0,0.6111111,2.031278,1,0,0,1,1,0,0,0,0.876507,0,0,0,1,0,1,0,1,1
15572,0,0,0,0,0,0,0,190007,0,0,1,0,18,12,1,0,0,0,0,0,0,0,1,0,0,1,1,0,0,0,0,0,0,0,1,0,1,0,1,1
15580,0,0,0,0,0,0,0,193722,0,0,1,0,18,12,1,0,0,0,0,1,0,0,1,0,0,1,1,0,0,0,0,0,0,0,1,0,1,0,1,1
15582,-0.009073582,-0.36883348,-0.36959574,0.009073582,0.36883348,0.36807123,67,166526,2.5,8,3,4,0,0,0,0,0,0,1608,1,-20000000,-20000000,1,0,0,1,1,0,0,0,0,0,0,0,1,0,1,0,1,1
15583,-1.56263,-2.981338,0.68141,1.567612,3.062078,6.304079,1,125395,2.5,8,1,4,18,12,1,0,0,0,548,0,0.6111111,2.031278,1,0,80,1,1,0,0,0,0,0,0,0,1,0,1,0,1,1
15587,-0.82499486,-0.7588023,-0.022064047,0.8838285,0.5773484,2.099914,3,123129,2.5,6.94444,1,0,0,0,0,0,0,0,2101,1,0.6111111,2.031278,1,0,0,1,1,0,0,0,0,0,0,0,1,0,1,0,1,1
15588,0,0,0,0,0,0,0,202749,0,0,1,0,18,12,1,0,0,0,0,0,1.7994248,2.1829271,1,0,0,1,1,0,0,0,0,0,0,0,1,0,1,0,1,1
15596,-0.6564975,-0.8510136,-0.0028428712,0.65268236,0.85000587,1.3149992,0,219372,0,0,1,0,18,12,1,0,0,0,0,0,1.1817172,1.3149991,1,0,0,1,1,0,0,0,0,0,0,0,1,0,1,0,1,1
15602,0,0,0,0,0,0,0,190775,0,0,1,0,18,12,1,0,0,0,0,1,5.4002767,7.898544,1,0,0,1,1,0,0,0,0,0,0,0,1,0,1,0,1,1
15603,0,0,0,0,0,0,0,190768,0,0,1,0,18,12,1,0,0,0,0,1,5.647622,9.171295,1,0,0,1,1,0,0,0,0,0,0,0,1,0,1,0,1,1
15605,0,0,0,0,0,0,0,203677,1,1,1,0,18,12,1,0,0,0,0,0,4.849638,8.545901,1,0,0,1,1,0,0,0,0,0,0,0,1,0,1,0,1,1
15620,-0.493138,-0.904696,-0.004171,0.33755,0.90427,2.45682,4,124890,2.5,8,1,1,12,10,1,0,0,0,49,1,0.6111111,2.031278,1,0,0,1,1,0,0,0,1.30095,0,0,0,1,0,1,0,1,1
15622,0,0,0,0,0,0,0,189455,0,0,1,0,18,12,1,0,0,0,0,0,6.7245803,4.3398857,1,0,0,1,1,0,0,0,0,0,0,0,1,0,1,0,1,1
15624,0,0,0,0,0,0,0,202402,0,0,1,0,18,12,1,0,0,0,0,0,3.0907462,14.896382,1,0,0,1,1,0,0,0,0,0,0,0,1,0,1,0,1,1
15626,-0.44640797,-0.27930817,0.0036224267,0.58431953,0.2645525,0.9057698,8192,6597704,2.5,8,1,7,3,2,1,0,0,0,0,0,0.6111111,2.031278,1,0,0,1,1,0,0,0,0,0,0,0,1,0,1,0,1,1
15665,-0.98864925,-0.61335576,-0.11045231,0.8275556,0.6255445,1.5049987,0,190685,0,0,1,0,18,12,1,0,0,0,0,0,1.781648,1.618032,1,0,0,1,1,0,0,0,0,0,0,0,1,0,1,0,1,1
15674,0,0,0,0,0,0,0,189642,0,0,1,0,18,12,1,0,0,0,0,0,1.4522555,0.9816408,1,0,0,1,1,0,0,0,0,0,0,0,1,0,1,0,1,1
15689,-0.175725,-0.201708,0.001131,0.176756,0.247038,0.480552,51,199724,0,0,1,0,18,12,1,0,0,0,0,0,0,0,1,0,0,1,1,0,0,0,0,0,0,0,1,0,1,0,1,1
15693,0,0,0,0,0,0,0,199737,0,0,1,0,18,12,1,0,0,0,0,0,0.8591523,0.9895833,1,0,0,1,1,0,0,0,0,0,0,0,1,0,1,0,1,1
15701,0,0,0,0,0,0,0,148311,0,0,1,0,18,12,1,0,0,0,0,0,0,0,1,0,0,1,1,0,0,0,0.0267436,0,0,0,1,0,1,0,1,1
15715,-0.47957712,-1.1263088,-0.05622795,0.47886363,1.1723719,1.2747352,0,2325555,0,0,1,0,18,12,1,0,0,0,0,0,0.9584408,1.3309631,1,0,0,1,1,0,0,0,0,0,0,0,1,0,1,0,1,1
15729,0,0,0,0,0,0,3,200422,0,0,1,0,18,12,1,0,0,0,0,1,1.9266738,2.3913376,1,0,0,1,1,0,0,0,0,0,0,0,1,0,1,0,1,1
15732,-7.381371,-2.445921,-0.013299,3.354583,2.273486,5.366937,0,124694,2.5,8,1,1,18,12,1,0,1092,1091,27,3,0.6111111,2.031278,1,0,0,1,1,0,0,0,0,0,0,0,1,0,1,0,1,1
15749,-13.58263,-11.8297,-0.39061177,6.815271,12.178719,7.524526,0,125435,2.5,11,1,0,18,12,1,0,0,0,0,0,0.6111111,2.031278,1,0,0,1,1,0,0,0,6.92926,0,0,0,1,0,1,0,1,1
15757,-1.2782435,-1.1433349,-0.019199377,1.2942079,1.1195303,1.7595571,0,198085,0,0,1,0,18,12,1,0,0,0,0,0,2.5665588,1.7822284,1,0,0,1,1,0,0,0,0,0,0,0,1,0,1,0,1,1
15759,0,0,0,0,0,0,3,200947,2.5,7.5,1,4,18,12,1,0,0,0,267,1,10.202539,4.1344514,1,0,0,1,1,0,0,0,0,0,0,0,1,0,1,0,1,1
15762,-4.192932,-1.9655726,-0.09271705,2.0498266,1.230181,2.5405347,4112,6218499,2.5,8,1,7,18,12,1,0,0,0,0,1,0.6111111,2.031278,1,0,0,1,1,0,0,0,2.096111,0,0,0,1,0,1,0,1,1
15767,1,1,1,-1,-1,-1,832,165533,3,7,3,0,18,12,1,0,0,0,0,0,-20000000,-20000000,1,0,0,1,1,0,0,0,0,0,0,0,1,0,1,0,1,1
15768,-3.7310605,-2.887356,-0.03297598,3.9055388,2.8873568,4.426822,3,125257,2.5,7.5,1,4,18,12,1,0,0,0,267,1,0.6944445,2.0833333,1,0,0,1,1,0,0,0,0,0,0,0,1,0,1,0,1,1
15781,-2.4811952,-3.1821475,-0.023764292,2.710909,3.1821475,4.444065,0,197389,0,0,1,0,18,12,1,0,0,0,0,0,5.032935,4.3686037,1,0,0,1,1,0,0,0,0,0,0,0,1,0,1,0,1,1
15782,-0.8708254,-0.5849366,-0.11037074,0.15119171,0.58493674,1.6528469,0,198116,0,0,1,0,18,12,1,0,0,0,0,0,1.022017,1.7632174,1,0,0,1,1,0,0,0,0,0,0,0,1,0,1,0,1,1
15785,0,0,0,0,0,0,0,199786,0,0,1,0,18,12,1,0,0,0,0,0,0,0,1,0,0,1,1,0,0,0,0,0,0,0,1,0,1,0,1,1
15786,-0.22117412,-0.34590182,-0.0025893848,0.2213088,0.34590182,0.78952664,0,199807,0,0,1,0,18,12,1,0,0,0,0,0,-20000000,-20000000,1,0,0,1,1,0,0,0,0,0,0,0,1,0,1,0,1,1
15787,-1.6209832,-1.6545448,-1.2994617,1.71235,1.6787884,2.0338717,0,195041,0,0,1,0,18,12,1,0,0,0,0,0,-20000000,-20000000,1,0,0,1,1,0,0,0,0,0,0,0,1,0,1,0,1,1
15788,0,0,0,0,0,0,0,190650,0,0,1,0,18,12,1,0,0,0,0,0,0,0,1,0,0,1,1,0,0,0,0,0,0,0,1,0,1,0,1,1
15790,-0.50011295,-0.040992368,-0.24818346,1.5010524,0.040888093,0.26687694,0,148233,0,0,1,0,18,12,1,0,0,0,0,0,-20000000,-20000000,1,0,0,1,1,0,0,0,0.026743634,0,0,0,1,0,1,0,1,1
15792,-0.615704,-0.661954,0,0.615704,0.661954,1.24297,0,199636,0,0,1,0,18,12,1,0,0,0,0,0,1.2314074,1.24297,1,0,0,1,1,0,0,0,0,0,0,0,1,0,1,0,1,1
15798,0,0,0,0,0,0,0,197028,0,0,1,0,18,12,1,0,0,0,0,0,4.622622,8.717697,1,0,0,1,1,0,0,0,0,0,0,0,1,0,1,0,1,1
15799,0,0,0,0,0,0,0,197466,2.5,6.94444,1,0,18,12,1,0,0,0,0,0,1.4956352,1.2037253,1,0,0,1,1,0,0,0,0,0,0,0,1,0,1,0,1,1
15804,0,0,0,0,0,0,0,202125,2.5,6.94444,1,0,18,12,1,0,0,0,0,0,1.3705605,2.3916214,1,0,0,1,1,0,0,0,0,0,0,0,1,0,1,0,1,1
15806,0,0,0,0,0,0,0,198798,2.5,6.94444,1,0,18,12,1,0,0,0,0,0,8.928828,4.7578936,1,0,0,1,1,0,0,0,0,0,0,0,1,0,1,0,1,1
15824,0,0,0,0,0,0,0,201049,2.5,9.02778,1,0,18,12,1,0,0,0,1869,1,0,0,1,0,0,1,1,0,0,0,0,0,0,0,1,0,1,0,1,1
15825,0,0,0,0,0,0,0,192080,2.5,6.94444,1,0,18,12,1,0,0,0,0,0,0.25948423,0.92094934,1,0,0,1,1,0,0,0,0,0,0,0,1,0,1,0,1,1
15826,-0.57448715,-0.057654575,-0.38689125,1.7664187,0.057754416,0.3578906,0,148238,0,0,1,0,18,12,1,0,0,0,0,0,-20000000,-20000000,1,0,0,1,1,0,0,0,0.0267436,0,0,0,1,0,1,0,1,1
15833,0,0,0,0,0,0,0,194045,2.5,8,1,1,18,12,1,0,0,0,22,1,1.9705179,13.321349,1,0,0,1,1,0,0,0,0,0,0,0,1,0,1,0,1,1
15840,0,0,0,0,0,0,0,143063,0,0,1,0,18,12,1,0,0,0,0,0,0,0,1,0,0,1,1,0,0,0,0,0,0,0,1,0,1,0,1,1
15847,-3.135936,-5.542256,-2.6160543,2.3176053,5.542256,16.429552,0,5076825,2.5,6.94444,1,0,18,12,1,0,0,0,0,0,-20000000,-20000000,1,0,0,1,1,0,0,0,0,0,0,0,1,0,1,0,1,1
15848,-2.130687,-4.1368318,-2.1666028,1.6301602,4.130639,5.510274,0,200899,2.5,6.94444,1,0,18,12,1,0,0,0,0,0,4.270634,5.4627643,1,0,0,1,1,0,0,0,0,0,0,0,1,0,1,0,1,1
15850,-3.7310605,-2.887356,-0.03297598,3.9055388,2.8873568,4.426822,3,125257,2.5,7.5,1,4,18,12,1,0,0,0,267,1,0.6944445,2.0833333,1,0,0,1,1,0,0,0,0,0,0,0,1,0,1,0,1,1
15860,-3.916336,-1.5559208,-0.047709253,3.7856712,1.5356919,3.0205705,3,1722376,2.5,7.5,1,4,18,12,1,0,0,0,267,1,7.4768376,2.9049323,1,0,0,1,1,0,0,0,0,0,0,0,1,0,1,0,1,1
15867,-0.16073444,-1.2375548,4.2385525E-07,0.97609174,1.2403718,5.7920465,0,197982,2.5,8,1,1,18,12,1,0,0,0,149,1,0.5462698,5.792047,1,0,0,1,1,0,0,0,0,0,0,0,1,0,1,0,1,1
15868,-0.36651048,-0.36225447,-0.18780512,0.3665141,0.3707703,0.19174647,0,166129,0,0,1,0,18,12,1,0,0,0,0,2,-20000000,-20000000,1,0,0,1,20,0,0,0,0,0,0,0,1,0,1,0,1,1
15872,0,0,0,0,0,0,0,165756,0,0,1,0,18,12,1,0,0,0,0,0,0,0,1,0,0,1,1,0,0,0,0,0,0,0,1,0,1,0,1,1
15877,0,0,0,0,0,0,0,165757,0,0,1,0,18,12,1,0,0,0,0,1,0,0,1,0,0,1,1,0,0,0,0,0,0,0,1,0,1,0,1,1
15894,-0.56197435,-0.58161336,-0.012989961,0.3821445,0.56654966,2.092667,0,119940,2.5,8,1,1,12,10,1,0,0,0,49,1,0.6111111,2.031278,1,0,0,1,1,0,0,0,0,0,0,0,1,0,1,0,1,1
15901,-3.916336,-1.5559208,-0.047709253,3.7856712,1.5356919,3.0205705,3,1722376,2.5,7.5,1,4,18,12,1,0,0,0,267,1,7.4768376,2.9049323,1,0,0,1,1,0,0,0,0,0,0,0,1,0,1,0,1,1
15902,-0.5233584,-0.62688816,-0.6373823,0.6408933,0.62688816,0.6373824,3,2491556,2.5,7.5,1,4,18,12,1,0,0,0,267,1,-20000000,-20000000,1,0,0,1,1,0,0,0,0,0,0,0,1,0,1,0,1,1
15904,-6.213602,-7.5963364,-1.0876855,6.1940618,7.5963364,40.092922,0,367435,0,0,1,0,18,12,1,0,0,0,0,0,-20000000,-20000000,1,0,0,1,1,0,0,0,0,0,0,0,1,0,1,0,1,1
15927,-0.81147194,-0.724939,-0.019966662,0.6798352,0.8304459,1.5024266,0,200963,0,0,1,0,18,12,1,0,0,0,0,0,1.24297,0.9730924,1,0,0,1,1,0,0,0,0,0,0,0,1,0,1,0,1,1
15949,-35.173645,-33.235878,-6.6764317,35.08978,35.972977,25.907549,11,5332404,2.5,8,1,0,18,12,1,0,0,0,158,1,-20000000,-20000000,1,0,0,1,1,0,0,0,0,0,0,0,1,0,1,0,1,1
15996,0,0,0,0,0,0,51,198223,0,0,1,0,18,12,1,0,0,0,0,0,0,0,1,0,0,1,1,0,0,0,0,0,0,0,1,0,1,0,1,1
15997,0,0,0,0,0,0,51,371647,0,0,1,0,18,12,1,0,0,0,0,0,1.0316952,0.63949895,1,0,0,1,1,0,0,0,0,0,0,0,1,0,1,0,1,1
16044,-1.2386181,-2.6759763,-0.67854726,1.1969585,2.4398026,5.5361085,9,1342090,2.5,8,1,0,0,0,0,0,0,0,1788,1,0.6111111,2.031278,1,0,0,1,1,0,0,0,0,0,0,0,1,0,1,0,1,1
16045,-2.3959177,-3.924753,0.021148633,3.632712,3.744461,10.265903,9,1544184,2.5,8,1,0,0,0,0,0,0,0,10431,1,0.6111111,2.031278,1,0,0,1,1,0,0,0,0,0,0,0,1,0,1,0,1,1
16046,-1.065403,-0.255883,0.817761,0.377113,0.536611,1.409158,9,124857,2.5,8,1,0,0,0,0,0,0,0,10436,1,0.6111111,2.031278,1,0,0,1,1,0,0,0,0,0,0,0,1,0,1,0,1,1
16047,-0.94284546,-1.8411698,0.081834815,1.0860186,1.8403549,3.4455075,9,977051,2.5,8,1,0,0,0,0,0,0,0,1788,1,0.6111111,2.031278,1,0,0,1,1,0,0,0,0,0,0,0,1,0,1,0,1,1
16050,0,0,0,0,0,0,0,309905,0,0,1,0,18,12,1,0,0,0,0,0,3.8638093,3.2502296,1,0,0,1,1,0,0,0,0,0,0,0,1,0,1,0,1,1
16052,0,0,0,0,0,0,0,390120,0,0,1,0,18,12,1,0,0,0,0,0,3.9976206,7.448168,1,0,0,1,1,0,0,0,0,0,0,0,1,0,1,0,1,1
16053,0,0,0,0,0,0,0,308318,0,0,1,0,18,12,1,0,0,0,0,0,5.712781,3.8231733,1,0,0,1,1,0,0,0,0,0,0,0,1,0,1,0,1,1
16054,0,0,0,0,0,0,0,310315,0,0,1,0,18,12,1,0,0,0,0,0,2.714814,1.7542084,1,0,0,1,1,0,0,0,0,0,0,0,1,0,1,0,1,1
16055,-4.2457047,-8.955241,-0.062266253,3.7776225,8.866989,19.029022,0,251866,2.22222,6.66667,1,0,18,12,1,0,0,0,0,0,0.6111111,2.031278,1,0,0,1,1,0,0,0,0,0,0,0,1,0,1,0,1,1
16056,0,0,0,0,0,0,0,166253,0,0,1,0,18,12,1,0,0,0,0,0,0,0,1,0,0,1,1,0,0,0,0,0,0,0,1,0,1,0,1,1
16063,-0.97950923,-2.8240304,0.2799223,2.8254123,2.9531543,3.5931635,0,2446341,0,0,1,0,18,12,1,0,0,0,0,0,0.6111111,2.031278,1,0,0,1,1,0,0,0,0,0,0,0,1,0,1,0,1,1
16064,-0.4133602,-0.5230391,-0.009101821,0.43819904,0.49805534,1.3633472,0,368597,2.22222,6.94444,1,0,18,12,1,0,0,0,0,0,0.6111111,2.031278,1,0,0,1,1,0,0,0,0,0,0,0,1,0,1,0,1,1
16066,-1.429869,-1.374526,0.003567,0.871181,1.693602,3.137555,9,122953,2.5,8,1,0,0,0,0,0,0,0,1788,1,0.6111111,2.031278,1,0,0,1,1,0,0,0,0,0,0,0,1,0,1,0,1,1
16067,-1.0792348,-0.44119543,-0.019836891,0.78346276,0.5256902,1.7146021,0,5339032,2.5,8,1,1,18,12,1,0,0,0,26,0,0.6111111,2.031278,1,0,0,1,1,0,0,0,0,0,0,0,1,0,1,0,1,1
16073,-0.63661367,-1.1728154,-1.1695524,0.19108695,1.1678596,1.1711226,0,5369617,2.5,8,1,0,18,12,1,0,0,0,194,0,-20000000,-20000000,1,0,0,1,1,0,0,0,0,0,0,0,1,0,1,0,1,1
16087,-1.0627515,-0.2675348,0.8330644,0.3771609,0.53370726,1.4089975,0,1102558,2.5,10,1,0,18,12,1,0,0,0,2129,0,0.6111111,2.031278,1,0,0,1,1,0,0,0,-0.00596509,0,0,0,1,0,1,0,1,1
16091,-1.429869,-1.374526,0.003567,0.871181,1.693602,3.137555,9,122953,2.5,8,1,0,0,0,0,0,0,0,1788,1,0.6111111,2.031278,1,0,0,1,1,0,0,0,0,0,0,0,1,0,1,0,1,1
16094,-0.859367,-0.905668,0.46522,0.837668,1.057118,3.029761,3,124777,2.77778,8,1,0,18,12,1,0,0,0,9,1,0.6111111,2.031278,1,0,0,1,1,0,0,0,0,0,0,0,1,0,1,0,1,1
16095,-4.5143356,-4.732012,-0.40747833,4.2740993,4.7599764,5.2584796,0,1570694,2.5,8,3,5,16.2,10.8,1,0,0,0,138,0,0.6111111,2.031278,1,0,0,1,1,0,0,0,2.71893,0,0,0,1,0,1,0,1,1
16096,-3.1501918,-3.8915493,-0.04152646,2.7529113,4.2317667,8.230792,0,3939973,2.5,7,1,0,18,12,1,0,0,0,0,2,0.6111111,2.031278,1,0,0,1,1,0,0,0,5.30139,0,0,0,1,0,1,0,1,1
16098,-0.8548343,-1.7357187,0.0023227176,1.8645519,1.5360148,3.0446055,9,122952,2.5,8,1,0,0,0,0,0,0,0,1788,1,0.6111111,2.031278,1,0,0,1,1,0,0,0,0,0,0,0,1,0,1,0,1,1
16113,-0.94284576,-1.84117,0.081835344,1.0860188,1.8403554,3.3375478,9,977055,2.5,8,1,0,0,0,0,0,0,0,1788,1,0.6111111,2.031278,1,0,0,1,1,0,0,0,0,0,0,0,1,0,1,0,1,1
16114,-0.9428484,-1.8411696,0.071472086,1.0860158,1.8403547,3.3375492,9,977059,2.5,8,1,0,0,0,0,0,0,0,1788,1,0.6111111,2.031278,1,0,0,1,1,0,0,0,0,0,0,0,1,0,1,0,1,1
16118,-1.9397367,-2.29198,-0.13340484,2.0980747,2.117031,4.1225915,3,122957,2.77778,8,1,0,18,12,1,0,0,0,9,1,0.6111111,2.031278,1,0,0,1,1,0,0,0,0,0,0,0,1,0,1,0,1,1
16119,-1.9397367,-2.29198,-0.13340484,2.0980747,2.117031,4.1225915,3,122957,2.77778,8,1,0,18,12,1,0,0,0,9,1,0.6111111,2.031278,1,0,0,1,1,0,0,0,0,0,0,0,1,0,1,0,1,1
16123,-1.6231058,-3.4402354,0.4655515,2.210046,3.4832296,4.597101,0,123715,2.5,8,1,1,18,12,1,0,0,0,10566,0,0.6111111,2.031278,1,0,0,1,1,0,0,0,0.8722132,0,0,0,1,0,1,0,1,1
16132,-1.8829116,-0.9775358,-0.0003324941,1.6970987,0.97971785,2.2669127,0,4892090,2.5,6.94444,1,0,18,12,1,0,0,0,0,0,0.6111111,2.031278,1,0,0,1,1,0,0,0,2.08624,0,0,0,1,0,1,0,1,1
16135,-5.973489,-3.1087031,-0.0019875818,6.719623,3.1412764,7.8757935,0,926354,1.94444,6.94444,1,0,18,12,1,0,0,0,0,0,0.6111111,2.031278,1,0,0,1,1,0,0,0,4.70089,0,0,0,1,0,1,0,1,1
16136,-1.8636453,-0.79609615,-0.0012928589,0.318592,0.76330847,2.7735364,0,1133999,2.5,6.94444,1,0,18,12,1,0,0,0,0,0,0.6111111,2.031278,1,0,0,1,1.5,0,0,0,0,0,0,0,1,0,1,0,1,1
16137,-0.5769984,-0.94571203,-0.016527014,1.1284384,0.9677366,2.1030836,0,123382,1.66667,6.94444,1,0,18,12,1,0,0,0,0,0,0.6111111,2.031278,1,0,0,1,4,0,0,0,0,0,0,0,1,0,1,0,1,1
16138,-0.5887372,-0.9538041,-0.0007619616,1.0840536,0.9522877,1.9705865,0,124118,1.66667,6.94444,1,0,18,12,1,0,0,0,8,0,0.6111111,2.031278,1,0,0,1,2,0,0,0,0,0,0,0,1,0,1,0,1,1
16139,-0.8042917,-0.77629995,-0.30994388,0.8255157,0.94216007,3.5143197,0,4524206,0,0,1,0,18,12,1,0,0,0,0,0,1.691764,3.9153514,1,0,0,1,1,0,0,0,0,0,0,0,1,0,1,0,1,1
16140,-2.0919342,-0.9697564,-0.10200521,0.7075844,1.1388628,2.5640867,0,1134000,2.5,6.94444,1,0,18,12,1,0,0,0,0,0,0.6111111,2.031278,1,0,0,1,2,0,0,0,0,0,0,0,1,0,1,0,1,1
16147,-1.4382635,-0.76879954,-6.6326375E-06,0.715839,0.7774484,1.870416,0,1098889,2.5,6.94444,1,0,18,12,1,0,0,0,0,0,0.6111111,2.031278,1,0,0,1,1,0,0,0,0,0,0,0,1,0,1,0,1,1
16150,0,0,0,0,0,0,0,201271,0,0,1,0,18,12,1,0,0,0,0,2,0,0,1,0,0,1,1,0,0,0,0,0,0,0,1,0,1,0,1,1
16152,0,0,0,0,0,0,0,198040,0,0,1,0,18,12,1,0,0,0,0,0,0,0,1,0,0,1,1,0,0,0,0,0,0,0,1,0,1,0,1,1
16153,-13.575192,-11.510287,-9.528771,9.713924,11.264526,68.44271,0,3921758,0,0,1,0,18,12,1,0,0,0,0,0,3.1397624,67.59723,1,0,0,1,1,0,0,0,0,0,0,0,1,0,1,0,1,1
16154,-13.575192,-11.510287,-9.528775,9.713924,11.264526,68.44271,0,3948806,0,0,1,0,18,12,1,0,0,0,0,0,3.1397624,67.59723,1,0,0,1,1,0,0,0,0,0,0,0,1,0,1,0,1,1
16155,-12.587735,-10.016156,-9.528771,9.271634,9.492387,68.44271,0,4175470,0,0,1,0,18,12,1,0,0,0,0,0,3.1397624,73.70669,1,0,0,1,1,0,0,0,0,0,0,0,1,0,1,0,1,1
16165,-2.212804,-0.56401646,-0.0022675383,1.6778232,0.5949236,1.726891,0,926251,2.5,8,1,7,9,6,1,0,0,0,43,1,0.6111111,2.031278,1,0,0,1,1,0,0,0,1.4952,0,0,0,1,0,1,0,1,1
16174,0,0,0,0,0,0,3,201099,2.5,6.94444,1,0,18,12,1,0,0,0,1168,1,0,0,1,0,0,1,1,0,0,0,0,0,0,0,1,0,1,0,1,1
16197,-2.2128046,-0.56401694,-0.0022673958,1.6778232,0.5949236,1.7268908,0,984822,2.5,7,1,0,18,12,1,0,0,0,0,0,0.6111111,2.031278,1,0,0,1,1,0,0,0,1.4952,0,0,0,1,0,1,0,1,1
16198,-2.2128046,-0.56401694,-0.0022673958,1.6778232,0.5949236,1.7268908,0,985450,2.5,7,1,0,18,12,1,0,0,0,0,0,0.6111111,2.031278,1,0,0,1,1,0,0,0,1.4952,0,0,0,1,0,1,0,1,1
16199,-2.2128046,-0.56401694,-0.0022673958,1.6778232,0.5949236,1.7268908,0,1350103,2.5,7,1,0,18,12,1,0,0,0,0,0,0.6111111,2.031278,1,0,0,1,1,0,0,0,1.4952,0,0,0,1,0,1,0,1,1
16200,-2.2128046,-0.56401694,-0.0022673958,1.6778232,0.5949236,1.7268908,0,1350104,2.5,7,1,0,18,12,1,0,0,0,0,0,0.6111111,2.031278,1,0,0,1,1,0,0,0,1.4952,0,0,0,1,0,1,0,1,1
16240,-0.47592396,-0.41364872,-0.014179255,0.3556543,0.34632146,2.0803638,133124,7478494,2.5,8,1,1,12,10,1,0,0,0,10571,1,0.6111111,2.031278,1,0,0,1,1,0,0,0,0,0,0,0,1,0,1,0,1,1
16242,-1.0967572,-1.5590682,0.25286543,1.3196158,1.7292218,3.8575375,0,429123,2.22222,6.94444,1,0,18,12,1,0,0,0,0,0,0.6111111,2.031278,1,0,0,1,1,0,0,0,0,0,0,0,1,0,1,0,1,1
16243,-1.0669531,-1.7774531,0.2894088,1.3854785,1.7487956,3.8924096,0,424056,2.22222,6.94444,1,0,18,12,1,0,0,0,0,0,0.6111111,2.031278,1,0,0,1,1,0,0,0,0,0,0,0,1,0,1,0,1,1
16244,-1.0669535,-1.5590694,0.25546187,1.44117,1.7177045,3.8924096,0,410346,2.22222,6.94444,1,0,18,12,1,0,0,0,0,0,0.6111111,2.031278,1,0,0,1,1,0,0,0,0,0,0,0,1,0,1,0,1,1
16245,-1.0967572,-1.5590696,0.2377739,1.4064876,1.7177045,3.8575375,0,405301,2.22222,6.94444,1,0,18,12,1,0,0,0,0,0,0.6111111,2.031278,1,0,0,1,1,0,0,0,0,0,0,0,1,0,1,0,1,1
16247,-1.513746,-6.6093616,-0.8022509,1.5137463,7.030755,14.825184,0,1113720,0,0,1,0,18,12,1,0,0,0,0,0,3.1545708,12.795355,1,0,0,1,1,0,0,0,0,0,0,0,1,0,1,0,1,1
16279,-2.6162229,-3.8486066,-0.12089688,6.521279,3.8485851,4.6073866,0,306229,0,0,1,0,18,12,1,0,0,0,0,0,2.541118,2.9364502,1,0,0,1,1,0,0,0,0.890852,0,0,0,1,0,1,0,1,1
16280,0,0,0,0,0,0,524288,198764,0,0,1,0,18,12,1,0,0,0,0,2,11.592179,5.4653897,1,0,0,1,1,0,0,0,0,0,3,6,1,0,1,0,1,1
16283,-15.891116,-18.97368,-19.006739,17.496698,17.388292,52.60408,3,5351128,2.5,8,3,0,18,12,1,0,0,0,368,1,-20000000,-20000000,1,0,0,1,1,0,0,0,0,0,0,0,1,0,1,0,1,1
16285,-18.781778,-18.781778,-3.634786,18.781778,18.781778,21.74703,3,579012,2.5,8,3,0,18,12,1,0,0,0,368,1,-20000000,-20000000,1,0,2,1,1,0,0,0,0,0,0,0,1,0,1,0,1,1
16286,-0.13994852,-3.1732137,-0.9014308,0.18688792,3.1250107,5.396785,3,4520560,2.5,8,3,0,18,12,1,0,0,0,368,1,-20000000,-20000000,1,0,0,1,1,0,0,1,0,0,0,0,1,0,1,0,1,1
16289,0,0,0,0,0,0,3,445680,2.5,8,3,0,18,12,1,0,0,0,10386,1,0,0,1,0,0,1,1,0,0,0,0,0,0,0,1,0,1,0,1,1
16297,-2.096248,-0.501956,-0.005488,1.590391,0.535973,1.445222,0,321131,2.5,6.94444,1,0,18,12,1,0,0,0,10463,0,0.6111111,2.031278,1,0,0,1,1,0,0,0,0,0,0,0,1,0,1,0,1,1
16298,-0.979929,-0.205003,-0.009655,0.4181,0.240935,1.04374,0,125956,2.5,8,1,7,4,3,1,0,0,0,114,0,0.6111111,2.031278,1,0,0,1,1,0,0,0,0.462593,0,0,0,1,0,1,0,1,1
16299,-0.52928114,-0.43887722,-0.006125717,0.31038144,0.456806,1.5076257,4,119159,2.5,8,1,1,12,10,1,0,0,0,294,1,0.6944441,1.055555,1,0,0,1,1,0,0,0,0,0,0,0,1,0,1,0,1,1
16310,-0.8320862,-4.9742546,-1.1740347,0.37604356,5.0471516,10.151284,0,165828,0,0,3,0,18,12,1,0,0,0,0,0,-20000000,-20000000,1,0,0,1,1,0,0,0,0,0,0,0,1,0,1,0,1,1
16312,-1.724997,-1.773771,-0.086876,1.709322,1.969018,3.020389,3,124765,2.5,8,2,1,18,12,1,0,0,0,848,1,0.6111111,2.031278,1,0,0,1,1,0,0,0,0,0,0,0,1,0,1,0,1,1
16313,0,0,0,0,0,0,0,167161,0,0,3,0,18,12,1,0,0,0,0,0,0,0,1,0,0,1,1,0,0,0,0,0,0,0,1,0,1,0,1,1
16331,-1.2901248,-2.0336585,-0.008455427,1.6108125,2.0338612,5.0114927,0,7581813,2.5,7,1,0,18,12,1,0,0,0,10532,0,0.6111111,2.031278,1,0,0,1,1,0,0,0,0,0,0,0,1,0,1,0,1,1
16334,-1.4554626,-1.317728,-0.08035268,1.3783004,1.2777,3.3516893,0,123756,0,0,1,0,18,12,1,0,0,0,0,0,0.6111111,2.031278,1,0,0,1,1,0,0,0,1.03618,0,0,0,1,0,1,0,1,1
16371,-0.5451927,-0.58281535,-0.00023147673,0.4655293,0.6197072,2.242326,0,7581814,2.5,8,1,1,12,10,1,0,0,0,0,0,0.6111111,2.031278,1,0,0,1,1,0,0,0,0,0,0,0,1,0,1,0,1,1
16375,-1.2382988,-1.0537784,-0.058782697,0.72329795,1.5496941,3.4829655,3,1252028,2.5,8,1,0,18,12,1,0,0,0,528,1,0.6111111,2.031278,1,0,0,1,1,0,0,0,0,0,0,0,1,0,1,0,1,1
16422,-0.5847846,-0.43553963,-0.47455364,0.034472864,0.48157206,0.9509115,3,5911471,2.5,8,3,4,0,0,0,0,0,0,1608,3,-20000000,-20000000,1,0,0,1,1,0,0,0,0,0,3,10,1,0,1,0,1,1
16426,-0.5749403,-1.483891,-0.8264054,0.5049164,1.6895664,1.0163623,3,985337,2.5,8,3,4,0,0,0,0,0,0,1608,3,0.56710565,1.6887414,1,0,0,1,1,0,0,0,0,0,3,1,1,0,1,0,1,1
16431,0,0,0,0,0,0,3,309919,2.5,8,3,4,0,0,0,0,0,0,1608,3,2.7958808,4.5282393,1,0,0,1,1,0,0,0,0,0,3,10,1,0,1,0,1,1
16433,-2.893891,-2.9433188,0.11447386,3.3364394,2.919096,8.519552,0,5932219,0,0,1,0,18,12,1,0,0,0,0,0,0.6111111,2.031278,1,0,0,1,1,0,0,0,1.27817,0,0,0,1,0,1,0,1,1
16435,-4.491697,-1.451083,-0.12226699,1.5640434,1.36426,2.036587,0,7581791,2.5,6.94444,1,0,18,12,1,0,0,0,7658,0,0.6111111,2.031278,1,0,0,1,1,0,0,0,1.5334438,0,0,0,1,0,1,0,1,1
16438,-4.054902,-1.538308,-0.14163157,1.644018,1.4503325,2.4292605,0,4214990,2.5,6.94444,1,0,18,12,1,0,0,0,0,0,0.6111111,2.031278,1,0,0,1,1,0,0,0,1.42444,0,0,0,1,0,1,0,1,1
16439,-4.443412,-1.729153,-0.2520374,2.084046,1.0797231,2.137217,1,773247,2.5,8,1,0,18,12,1,0,0,0,85,2,0.6111111,2.031278,1,0,0,1,1,0,0,0,1.34456,0,0,0,1,0,1,0,1,1
16440,-4.426992,-2.7060328,-0.13447252,3.9685144,2.760848,3.4449484,0,1048975,2.5,8,1,0,18,12,1,0,0,0,328,1,0.6111111,2.031278,1,0,0,1,1,0,0,0,1.52152,0,0,0,1,0,1,0,1,1
16441,-2.780523,-1.1025031,-0.01653155,1.4926753,1.1078444,2.2402716,8,4687804,2.5,8,1,7,18,12,1,0,0,0,83,1,0.6111111,2.031278,1,0,0,1,1,0,0,0,2.08624,0,0,0,1,0,1,0,1,1
16442,-0.60101444,-1.5286419,0.64235806,1.5490086,1.6857898,3.8379464,8,1721534,2.5,8,1,7,18,12,1,0,0,0,10844,1,0.6111111,2.031278,1,0,0,1,1,0,0,0,0,0,0,0,1,0,1,0,1,1
16443,-2.1574557,-2.3437276,-2.3689866,2.3685632,2.4834363,2.6354504,8,1712371,2.5,8,1,7,18,12,1,0,0,0,83,1,0.6111111,2.031278,1,0,0,1,1,0,0,0,0,0,0,0,1,0,1,0,1,1
16444,1,1,1,-1,-1,-1,3,1382579,2.5,6.94444,1,0,0,0,0,0,0,0,2101,1,0.6111111,2.031278,1,0,0,1,1,0,0,0,0,0,0,0,1,0,1,0,1,1
16447,0,0,0,0,0,0,0,203027,0,0,2,0,18,12,1,0,0,0,0,0,1.7466922,3.5400684,1,0,0,1,1,0,0,0,0,0,0,0,1,0,1,0,1,1
16462,-3.2411144,-5.369857,-0.5654621,2.8309455,5.41777,5.874946,0,1611389,2.5,6.94444,1,0,18,12,1,0,0,0,10388,0,0.6111111,2.031278,1,0,2,1,1,0,0,0,1.19389,0,0,0,1,0,1,0,1,1
16463,-0.917562,-1.8468,0.681467,1.705286,1.977427,5.246375,3,579264,2.5,8,3,0,18,12,1,0,0,0,368,1,0.6111111,2.031278,1,0,2,1,1,0,0,0,0,0,0,0,1,0,1,0,1,1
16464,-2.3037374,-1.2178979,-0.11374649,2.1324592,1.2677078,3.0927708,9,1120974,2.5,8,1,0,18,12,1,0,0,0,90,2,0.6111111,2.031278,1,0,0,1,1,0,0,0,1.88129,0,0,0,1,0,1,0,1,1
16466,0,0,0,0,0,0,2,197462,2.5,8,1,0,1,1,1,0,0,0,0,0,0,0,1,0,0,1,1.5,0,0,0,0,0,0,0,1,0,1,0,1,1
16467,-4.9336314,-1.8501401,-0.21591324,2.0395253,1.205773,2.6567965,0,7581794,2.5,8,1,7,4,3,1,0,0,0,134,0,0.6111111,2.031278,1,0,0,1,1,0,0,0,1.49266,0,0,0,1,0,1,0,1,1
16474,-2.5257034,-3.5374308,1.0296464,2.4126704,3.384171,6.908318,3,123939,2.5,8,1,0,18,12,1,0,0,0,10382,1,0.6111111,2.031278,1,0,0,1,1,0,0,0,2.83406,0,0,0,1,0,1,0,1,1
16475,0,0,0,0,0,0,3,202516,2.5,8,1,0,18,12,1,0,0,0,92,1,11.371034,22.517204,1,0,0,1,1,0,0,0,0,0,0,0,1,0,1,0,1,1
16476,-0.84882164,-1.0070686,0.99389267,1.0912075,1.0639585,1.9369407,3,190731,2.5,8,1,0,18,12,1,0,0,0,0,1,-20000000,-20000000,1,0,0,1,1,0,0,0,0,0,0,0,1,0,1,0,1,1
16477,-7.435793,-3.7159495,-0.38211885,3.7045743,3.6692195,5.303264,9,404121,2.5,8,1,1,18,12,1,0,0,1091,508,2,0.6111111,2.031278,1,0,0,1,1,0,0,0,3.05508,0,0,0,1,0,1,0,1,1
16480,-0.3946905,-0.5050941,-0.0203388,0.38080746,0.42967805,2.2013104,133124,7478487,2.5,8,1,1,18,12,1,0,0,0,10570,1,0.6111111,2.031278,1,0,0,1,1,0,0,0,0,0,0,0,1,0,1,0,1,1
16481,-0.568566,-0.753225,-0.00687,0.675036,1.202058,2.135803,2048,122997,2.5,8,1,1,12,10,1,0,0,0,55,1,0.6111111,2.031278,1,0,0,1,1,0,0,0,1.16613,0,0,0,1,0,1,0,1,1
16483,0,0,0,0,0,0,3,305979,2.5,8,3,4,0,0,0,0,0,0,1608,1,0,0,1,0,0,1,1,0,0,0,0,0,3,10,1,0,1,0,1,1
16484,-1.305086,-1.392745,-0.063092,1.451915,1.37493,4.791407,0,330503,2.5,6.94444,1,0,18,12,1,0,0,0,0,0,0.6111111,2.031278,1,0,0,1,1,0,0,0,0,0,0,0,1,0,1,0,1,1
16485,-0.5331992,-0.23995972,-0.06383853,0.40521973,0.21866046,0.65160966,1,1041861,0,0,1,0,18,12,1,0,0,0,10779,1,0,0,1,0,0,1,1,0,0,0,0,0,0,0,1,0,1,0,1,1
16486,-2.851487,-3.6107128,0.70949996,2.7661488,3.5909874,4.887107,3,2029316,2.5,8,1,0,18,12,1,0,0,0,10390,1,0.6111111,2.031278,1,0,0,1,1,0,0,0,0,0,0,0,1,0,1,0,1,1
16488,-14.252167,-11.849676,-0.15395212,7.192129,12.199829,8.034112,0,4423740,2.5,7,1,0,18,12,1,0,0,0,0,0,0.6111111,2.031278,1,0,0,1,1,0,0,0,6.92926,0,0,0,1,0,1,0,1,1
16489,-1.9714029,-0.8043379,-0.00087531237,1.4520731,0.8961828,3.2952404,2,2323979,1.66667,8,1,5,18,12,1,0,0,0,38,1,0.6111111,2.031278,1,0,0,1,1,0,0,0,2.3011,0,0,0,1,0,1,0,1,1
16490,-0.9823654,-1.5079457,0.9417755,0.9288368,1.4954674,4.2714014,3,7581792,2.5,8,1,0,18,12,1,0,0,0,10841,1,0.61111104,2.031278,1,0,0,1,1,0,0,0,0,0,0,0,1,0,1,0,1,1
16493,-1.7998861,-2.385145,-0.44677258,1.3051952,1.9469678,4.920292,3,2180560,2.5,8,1,0,18,12,1,0,0,0,9,1,0.6111111,2.031278,1,0,0,1,1,0,0,0,0,0,0,0,1,0,1,0,1,1
16494,-0.9904427,-0.7115167,-0.023176312,0.75546205,0.72345644,1.3177817,0,2061672,2.5,6.94444,1,0,18,12,1,0,0,0,0,0,0.6111111,2.031278,1,0,0,1,1,0,0,0,0,0,0,0,1,0,1,0,1,1
16501,0,0,0,0,0,0,4100,6996898,2.5,7,0,5,36,36,1,0,0,0,0,1,0,0,1,0,0,1,1,0,0,0,1.40132,0,0,0,1,0,1,0,1,1
16506,-1.9594865,-2.1221614,0,1.9170967,2.048871,0.7331294,0,2313817,0,0,1,0,18,12,1,0,0,0,0,0,4.345909,0.7652051,1,0,0,1,1,0,0,0,0,0,0,0,1,0,1,0,1,1
16514,0,0,0,0,0,0,3,199022,2.5,8,3,4,0,0,0,0,0,0,1608,3,2.6730897,0.7394015,1,0,0,1,1,0,0,0,0,0,3,10,1,0,1,0,1,1
16517,-5.5396295,-3.7392778,-0.03508191,4.008807,3.7392778,9.211349,0,7475864,0,0,1,0,18,12,1,0,0,0,0,0,-20000000,-20000000,1,0,0,1,1,0,0,0,0,0,0,0,1,0,1,0,1,1
16520,0,0,0,0,0,0,4100,7259723,2.5,7,0,5,36,36,1,0,0,0,0,1,0,0,1,0,0,1,1,0,0,0,1.37581,0,0,0,1,0,1,0,1,1
16562,0,0,0,0,0,0,133124,203674,2.5,8,1,1,12,10,1,0,0,0,294,1,11.692494,12.099355,1,0,0,1,1,0,0,0,0,0,0,0,1,0,1,0,1,1
16567,-0.859367,-0.905668,0.46522,0.837668,1.057118,3.029761,0,124777,2.5,6.94444,1,0,18,12,1,0,0,0,1788,0,0.6111111,2.031278,1,0,0,1,1,0,0,0,0,0,0,0,1,0,1,0,1,1
16572,-22.282297,-43.937943,-5.811173,28.429562,44.238594,61.207184,0,465108,2.5,8,1,1,18,12,1,0,0,0,289,1,0.6111111,2.031278,1,0,0,1,1,0,0,0,0,0,0,0,1,0,1,0,1,1
16608,-2.716154,-2.6724615,-4.641347,16.130388,2.8068578,5.0985875,0,7581805,0,0,1,0,18,12,1,0,0,0,10569,3,0.6111111,2.031278,1,989,0,1,1,0,0,0,0,0,0,0,1,0,1,0,1,1
16617,0,0,0,0,0,0,0,317356,0,0,1,0,18,12,1,0,0,0,0,0,0.7142727,0.70280427,1,0,3,1,1,0,0,0,0,0,0,0,1,0,1,0,1,1
16624,-1.5704192,-2.539571,-0.28199014,2.4613233,2.6281927,5.5988503,0,586057,2.5,6.66667,1,0,18,12,1,0,0,0,4097,0,0.6111111,2.031278,1,0,0,1,1,0,0,0,0,0,0,0,1,0,1,0,1,1
16653,-1.639239,-1.6893188,-1.1228472,0.7220295,1.5989141,4.2729616,35,123124,7,12,1,0,18,12,1,0,0,0,0,1,0.6111111,2.031278,1,0,0,1,1,0,0,0,0,0,0,0,1,0,1,0,1,1
16676,-1.8051121,-0.97646326,-0.022345996,1.7535076,0.9708771,1.9263121,8,1266661,2.5,8,1,7,18,12,1,0,0,0,83,1,0.6111111,2.031278,1,0,0,1,1,0,0,0,1.82098,0,0,0,1,0,1,0,1,1
16695,0,0,0,0,0,0,0,197632,2.5,6.94444,1,0,18,12,1,0,0,0,0,0,1.334456,3.3333333,1,0,0,1,1,0,0,0,0,0,0,0,1,0,1,0,1,1
16702,0,0,0,0,0,0,3,305974,2.5,8,3,4,0,0,0,0,0,0,1608,1,0,0,1,0,0,1,1,0,0,0,0,0,3,10,1,0,1,0,1,1
16715,-6.1575108,-3.092647,-0.4052298,3.3363907,2.9752033,3.515265,0,7579699,2.5,6.94444,1,0,18,12,1,0,0,0,10575,0,0.6111111,2.031278,1,0,0,1,1,0,0,0,0,0,0,0,1,0,1,0,1,1
16717,-2.2878199,-2.1316407,-0.0014524133,0.74264205,1.8829974,4.1224537,2,4292136,2.5,8,1,3,8,4,1,0,0,0,10492,1,0.6111111,2.031278,1,0,0,1,1,0,0,0,0,0,0,0,0.6,0,1,0,1,1
16720,-7.322104,-5.5353928,-0.32863593,5.738884,1.9792821,5.4995317,0,1537045,2.5,0,1,0,18,12,1,0,0,0,0,0,0.6111111,2.031278,1,0,0,1,1,0,0,0,0,0,0,0,1,0,1,0,1,1
16721,0,0,0,0,0,0,3,199652,2.5,8,3,4,0,0,0,0,0,0,1608,1,11.617043,29.227926,1,0,0,1,1,0,0,0,0,0,1,0,1,0,1,0,1,1
16726,-3.101874,-3.101874,-3.1018744,3.101874,3.101874,3.1018744,0,1450066,0,0,1,0,18,12,1,0,0,0,0,0,2.3456836,2.3456836,1,0,0,1,1,0,0,0,0,0,0,0,1,0,1,0,1,1
16733,-1.889455,-0.711826,-0.02485,1.853614,0.808165,3.13731,2,538435,1.66667,8,1,5,18,12,1,0,0,0,38,1,0.6111111,2.031278,1,0,0,1,1,0,0,0,2.3011,0,0,0,1,0,1,0,1,1
16735,-0.899119,-1.5877059,-0.089792795,0.95416427,1.6014453,3.424534,2,7455216,2.5,8,1,0,1,1,1,0,0,1091,708,2,0.6111111,2.031278,1,0,0,1,1,0,0,0,0,0,0,0,1,0,1,0,1,1
16741,0,0,0,0,0,0,524403,197946,0,0,1,0,18,12,1,0,0,0,0,1,0.39608896,0.3989819,1,0,0,1,1,0,0,0,0,0,0,0,1,0,1,0,1,1
16751,0,0,0,0,0,0,2048,409142,2.5,8,1,1,12,10,1,0,0,0,0,1,0,0,1,0,0,1,1,0,0,0,0,0,2,0,1,0,1,0,1,1
16753,-0.2557744,-0.38326713,-0.2442013,0.25721014,0.3745987,0.17573407,0,617127,2.5,8,2,4,18,12,1,0,0,0,0,0,-20000000,-20000000,1,0,1,1,1,0,0,0,0,0,0,0,1,0,1,0,1,1
16754,-0.46973783,-0.5632051,-0.01299007,0.38214737,0.55768436,2.1049213,133124,1011653,2.5,8,1,1,12,10,1,0,0,0,0,1,0.6111111,2.031278,1,0,0,1,3,0,0,0,0,0,5,0,1,0,1,0,1,1
16776,-1.3259664,-1.053544,0.07665193,1.3799284,0.8649039,2.9993136,3,2530432,2.77778,8,1,0,18,12,1,0,0,0,9,1,0.6111111,2.031278,1,0,0,1,1,0,0,0,0,0,0,0,1,0,1,0,1,1
16784,-0.15734686,-0.258454,0.002585873,0.17438647,0.25133297,1.2627013,3,1622489,2.77778,8,1,0,18,12,1,0,0,0,9,1,0.6111111,2.031278,1,0,0,1,1,0,0,0,0.712453,0,0,0,1,0,1,0,1,1
16787,-0.16484413,-0.21228221,-0.00068708515,0.10224986,0.2087907,1.1722773,3,1632972,2.77778,8,1,0,18,12,1,0,0,0,9,1,0.6111111,2.031278,1,0,0,1,1,0,0,0,0.665792,0,0,0,1,0,1,0,1,1
16788,-2.5408304,-4.6893916,0.03303933,2.1330378,4.7798142,5.4040346,1,124297,2.5,30,1,0,18,12,1,0,0,0,145,2,0.6111111,2.031278,1,0,0,1,1,0,0,0,1.5676191,0,0,0,1,0,1,0,1,1
16789,-1.404069,-0.444322,-0.060137,2.004621,0.441385,2.697161,2,464001,2.5,9.02778,3,6,18,12,1,0,0,1091,428,1,0.6111111,2.031278,1,0,0,1,1,0,0,0,1.96644,0,0,0,1,0,1,0,1,1
16791,-1.2588371,-0.28349417,-0.00018240418,0.5033943,0.27598965,0.7198267,2,2127028,2.5,9.02778,3,6,18,12,1,0,0,1091,428,1,0.6111111,2.031278,1,0,0,1,1,0,0,0,0,0,0,0,1,0,1,0,1,1
16822,-1.6439764,-2.1371474,-1.2824209,1.6853416,2.0038505,3.0455766,3,2205594,2.5,8,1,0,18,12,1,0,0,0,528,1,0.6111111,2.031278,1,0,0,1,1,0,0,0,0,0,0,0,1,0,1,0,1,1
16823,-1.4218135,-1.4433135,-0.19113827,1.3732424,1.4890281,4.3163953,3,436777,2.5,8,1,0,18,12,1,0,0,0,528,1,0.6111111,2.031278,1,0,0,1,1,0,0,0,0,0,0,0,1,0,1,0,1,1
16841,-0.53033257,-1.3476443,-0.037834257,1.2211556,1.5301554,2.293162,130,1579537,1.94444,8,2,1,18,12,1,0,0,0,45,1,0.6111111,2.031278,1,0,0,1,1,0,0,0,1.2179734,0,0,0,1,0,1,0,1,1
16847,-4.548955,-1.5617158,-0.12021087,2.0435536,2.4062686,3.3516865,10,7581774,2.5,8,1,5,18,12,1,0,0,0,10889,1,0.6111111,2.031278,1,0,0,1,1,0,0,0,0,0,0,0,1,0,1,0,1,1
16849,-0.25949395,-0.56843907,-0.78130776,0.06010225,0.56843907,0.45079306,0,5835628,2.5,6.94444,1,0,18,12,1,0,0,0,0,0,-20000000,-20000000,1,0,0,1,1,0,0,0,0,0,0,0,1,0,1,0,1,1
16850,-4.363,-4.6946096,-0.11706018,2.0352783,4.78805,5.6708183,10,662865,2.5,8,1,5,18,12,1,0,0,0,61,1,0.6111111,2.031278,1,0,0,1,1,0,0,0,1.53149,0,0,0,1,0,1,0,1,1
16855,-18.485573,-6.160222,-0.8803499,6.2849617,6.4426894,11.164598,0,7581811,3.33333,20.8333,1,0,18,12,1,0,0,0,10583,0,0.6111111,2.031278,1,0,0,1,1,0,0,0,7.40754,0,0,0,1,0,1,0,1,1
16856,-0.19996215,-0.75053734,-0.09659004,0.17443246,1.7412784,2.0156639,0,6427292,0,0,1,0,18,12,1,0,0,0,10412,0,0.3743966,0.9351866,1,0,3,1,1,0,0,0,0,0,0,0,1,0,1,0,1,1
16857,-2.3273737,-2.149056,-0.12928602,3.924897,2.1474469,2.0706255,0,7581809,3.33333,20.8333,1,0,18,12,1,0,0,0,10581,0,0.6111111,2.031278,1,0,0,1,1,0,0,0,0,0,0,0,1,0,1,0,1,1
16858,-8.62654,-3.7060003,-0.10292316,4.164689,3.143138,6.0444136,0,7581807,3.33333,20.8333,1,0,18,12,1,0,0,0,10582,0,0.6111111,2.031278,1,0,0,1,1,0,0,0,0,0,0,0,1,0,1,0,1,1
16859,-0.82499486,-0.7588023,-0.022064047,0.8838285,0.5773484,2.099914,0,123129,2.5,6.94444,1,0,18,12,1,0,0,0,10411,0,0.6111111,2.031278,1,0,3,1,1,0,0,0,0,0,0,0,1,0,1,0,1,1
16860,-0.8118057,-1.0165602,-0.3755499,0.7952787,1.0489472,0.5421152,0,965217,2.5,8,2,4,18,12,1,0,0,0,0,0,1.4748914,0.42442372,1,0,1,1,1,0,0,0,0,0,0,0,1,0,1,0,1,1
16861,-0.5595394,-1.4734956,-0.14580981,0.64552784,1.4734964,2.9718876,0,4326548,2.5,8,2,4,18,12,1,0,0,0,0,0,0.9982266,0.99822646,1,0,1,1,1,0,0,0,0,0,0,0,1,0,1,0,1,1
16862,-0.6409565,-1.4734961,-0.23186547,0.6432279,1.4734961,2.7564108,0,4326554,2.5,8,2,0,18,12,1,0,0,0,0,0,0.9982265,0.9982261,1,0,1,1,1,0,0,0,0,0,0,0,1,0,1,0,1,1
16863,-0.8118057,-1.0165602,-0.3755499,0.7952787,1.0489472,0.5421152,0,965217,2.5,8,2,0,18,12,1,0,0,0,0,0,1.4748914,0.42442372,1,0,1,1,1,0,0,0,0,0,0,0,1,0,1,0,1,1
16864,-0.033298,-0.234203,1.513594,0.607624,0.200859,2.246015,0,772750,2.5,8,2,4,18,12,1,0,0,0,0,0,0.6111111,2.031278,1,0,1,1,1,0,0,0,0,0,0,0,1,0,1,0,1,1
16869,-3.4297628,-8.6172695,-0.9325268,11.24042,6.751671,16.596619,0,7749916,3.33333,20.8333,1,0,18,12,1,0,0,0,10584,0,0.6111111,2.031278,1,0,0,1,1,0,0,0,0,0,0,0,1,0,1,0,1,1
16881,0,0,0,0,0,0,786547,199096,0,0,1,0,18,12,1,0,0,0,0,0,1.7811075,1.6494766,1,0,0,1,1,0,0,0,0,0,0,0,1,0,1,0,1,1
16882,0,0,0,0,0,0,786547,199097,0,0,1,0,18,12,1,0,0,0,0,0,1.6648566,1.3787634,1,0,0,1,1,0,0,0,0,0,0,0,1,0,1,0,1,1
16883,0,0,0,0,0,0,786547,200374,0,0,1,0,18,12,1,0,0,0,0,0,1.97137,2.1206412,1,0,0,1,1,0,0,0,0,0,0,0,1,0,1,0,1,1
16888,-0.98864925,-0.61335576,-0.11045231,0.8275556,0.6255445,1.5049987,0,190685,0,0,1,0,18,12,1,0,0,0,0,0,1.781648,1.618032,1,0,0,1,1,0,0,0,0,0,0,0,1,0,1,0,1,1
16892,0,0,0,0,0,0,786547,409803,0,0,1,0,18,12,1,0,0,0,0,0,1.0326803,1.2037334,1,0,0,1,1,0,0,0,0,0,0,0,1,0,1,0,1,1
16893,0,0,0,0,0,0,786547,198165,0,0,1,0,18,12,1,0,0,0,0,0,0.80022365,0.6348882,1,0,0,1,1,0,0,0,0,0,0,0,1,0,1,0,1,1
16909,-3.0230393,-1.0707386,-0.06079407,0.6874325,1.0724181,2.2579892,1,5789476,2.5,8,1,0,18,12,1,0,0,0,10771,1,0.6111111,2.031278,1,0,0,1,1,0,0,0,0,0,0,0,1,0,1,0,1,1
16911,-1.1799076,-1.3843335,-4.135116,1.5564257,1.1258875,1.3425223,0,166042,0,0,1,0,18,12,1,0,0,0,0,0,-20000000,-20000000,1,0,0,1,1,0,0,0,0,0,0,0,1,0,1,0,1,1
16939,-2.3062468,-1.1621219,-0.23005396,2.2443662,1.2020555,3.3045685,0,124410,2.5,7,1,0,18,12,1,0,0,0,10558,0,0.6111111,2.031278,1,0,0,1,1,0,0,0,1.8812871,0,0,0,1,0,1,0,1,1
16941,-0.82840097,-1.1237952,0.7517207,0.50826114,1.1404389,2.0792725,0,357810,3.33333,20.8333,1,0,18,12,1,0,0,0,10891,0,0.6111111,2.031278,1,0,0,1,1,0,0,0,0,0,0,0,1,0,1,0,1,1
16944,-0.31310678,-1.4980106,2.1731005,1.5163374,1.5234103,3.7717874,8,7506756,2.5,8,1,7,18,12,1,0,0,0,83,1,0.6111111,2.031278,1,0,0,1,1,0,0,0,0,0,0,0,1,0,1,0,1,1
16990,0,0,0,0,0,0,0,219481,0,0,1,0,18,12,1,0,0,0,0,0,0,0,1,0,0,1,1,0,0,0,0,0,0,0,1,0,1,0,1,1
17004,-0.70324194,-1.1267517,-0.010636539,0.7681209,0.9624032,2.302532,0,234884,2.5,6.94444,1,0,18,12,1,0,0,0,10486,0,0.6111111,2.031278,1,0,0,1,1,0,0,0,1.50425,0,0,0,1,0,1,0,1,1
17011,-1.6843568,-1.7090163,-0.16443059,0.7682984,1.0058,3.396024,0,1889841,2.5,6.94444,1,0,18,12,1,0,0,0,309,0,0.6111111,2.031278,1,0,0,1,1,0,0,0,1.31897,0,0,0,1,0,1,0,1,1
17013,-0.750646,-1.319483,-0.013152,1.031579,1.30624,2.983274,0,125317,2.5,6.94444,1,1,18,12,1,0,0,0,33,3,0.6111111,2.031278,1,0,0,1,1,0,0,0,1.34669,0,0,0,1,0,1,0,1,1
17015,-0.6324065,-1.1139352,-0.013151967,0.5133599,1.1094497,2.876064,0,125300,2.5,6.94444,1,4,18,12,1,0,0,0,32,3,0.6111111,2.031278,1,0,0,1,1,0,0,0,1.3466867,0,0,0,1,0,1,0,1,1
17016,-1.0089488,-1.0804727,-0.0019940834,0.7889519,1.0754731,3.1097853,0,125313,2.5,6.94444,1,0,18,12,1,0,0,0,1348,3,0.6111111,2.031278,1,0,0,1,1,0,0,0,1.34669,0,0,0,1,0,1,0,1,1
17021,-2.5265124,-0.75132734,-0.04554694,1.8557678,0.73407274,2.6342645,0,852887,2.5,9.02778,1,3,18,12,1,0,0,1091,65,2,0.6111111,2.031278,1,0,0,1,1,0,0,0,2.01392,0,0,0,1,0,1,0,1,1
17023,-2.1377394,-2.174001,-0.7830399,2.2878673,2.2549312,3.5748186,0,219487,0,0,1,0,18,12,1,0,0,0,0,0,-20000000,-20000000,1,0,0,1,1,0,0,0,0,0,0,0,1,0,1,0,1,1
17024,0,0,0,0,0,0,0,219489,0,0,1,0,18,12,1,0,0,0,0,0,0,0,1,0,0,1,1,0,0,0,0,0,0,0,1,0,1,0,1,1
17025,0,0,0,0,0,0,0,219470,0,0,1,0,18,12,1,0,0,0,0,0,0,0,1,0,0,1,1,0,0,0,0,0,0,0,1,0,1,0,1,1
17026,0,0,0,0,0,0,0,219502,0,0,1,0,18,12,1,0,0,0,0,0,0,0,1,0,0,1,1,0,0,0,0,0,0,0,1,0,1,0,1,1
17027,0,0,0,0,0,0,0,219440,0,0,1,0,18,12,1,0,0,0,0,0,0,0,1,0,0,1,1,0,0,0,0,0,0,0,1,0,1,0,1,1
17028,0,0,0,0,0,0,0,219494,0,0,1,0,18,12,1,0,0,0,0,0,0,0,1,0,0,1,1,0,0,0,0,0,0,0,1,0,1,0,1,1
17029,0,0,0,0,0,0,0,219443,0,0,1,0,18,12,1,0,0,0,0,0,0,0,1,0,0,1,1,0,0,0,0,0,0,0,1,0,1,0,1,1
17031,0,0,0,0,0,0,0,219463,0,0,1,0,18,12,1,0,0,0,0,0,0,0,1,0,0,1,1,0,0,0,0,0,0,0,1,0,1,0,1,1
17032,0,0,0,0,0,0,0,219514,0,0,1,0,18,12,1,0,0,0,0,0,3.4411411,6.591425,1,0,0,1,1,0,0,0,0,0,0,0,1,0,1,0,1,1
17033,0,0,0,0,0,0,0,219568,0,0,1,0,18,12,1,0,0,0,0,0,3.5842745,6.5625935,1,0,0,1,1,0,0,0,0,0,0,0,1,0,1,0,1,1
17034,0,0,0,0,0,0,0,219532,0,0,1,0,18,12,1,0,0,0,0,0,4.5780497,6.5120025,1,0,0,1,1,0,0,0,0,0,0,0,1,0,1,0,1,1
17035,0,0,0,0,0,0,0,204112,0,0,1,0,18,12,1,0,0,0,0,0,4.2692904,1.3885539,1,0,0,1,1,0,0,0,0,0,0,0,1,0,1,0,1,1
17036,0,0,0,0,0,0,0,190027,0,0,1,0,18,12,1,0,0,0,0,0,2.6691542,0.8691443,1,0,0,1,1,0,0,0,0,0,0,0,1,0,1,0,1,1
17044,-2.780523,-1.1025031,-0.017667513,1.4871088,1.1078444,2.0276523,8,7581790,2.5,8,1,7,18,12,1,0,0,0,10383,1,0.6111111,2.031278,1,0,0,1,1,0,0,0,2.0862367,0,0,0,1,0,1,0,1,1
17045,0,0,0,0,0,0,0,7516564,2.5,6.94444,1,0,18,12,1,0,0,0,0,0,0,0,1,0,0,1,1,0,0,0,1.53344,0,0,0,1,0,1,0,1,1
17066,-2.63579,-2.63579,-0.075141,2.811008,2.957989,3.714538,0,892305,0,0,1,0,18,12,1,0,0,0,0,3,0.6111111,2.031278,1,0,0,1,1,0,0,0,0,0,0,0,1,0,1,0,1,1
17068,0,0,0,0,0,0,524307,202097,0,0,1,0,18,12,1,0,0,0,0,0,24.809362,21.934015,1,0,0,1,1,0,0,0,0,0,0,0,1,0,1,0,1,1
17069,0,0,0,0,0,0,524307,202098,0,0,1,0,18,12,1,0,0,0,0,0,24.809362,21.934015,1,0,0,1,1,0,0,0,0,0,0,0,1,0,1,0,1,1
17070,-2.0058632,-2.459101,-0.09188157,2.413651,2.616965,4.8442616,0,126547,2.5,7.77778,1,1,18,12,1,0,0,0,0,2,0.6111111,2.031278,1,0,0,1,1,0,0,0,0,0,0,0,1,0,1,0,1,1
17071,0,0,0,0,0,0,524307,242793,0,0,1,0,18,12,1,0,0,0,0,0,0,0,1,0,0,1,1,0,0,0,0,0,0,0,1,0,1,0,1,1
17073,-0.28227368,-0.2828495,-0.030495657,0.26674283,0.28825155,0.2906133,524307,1116159,0,0,1,0,18,12,1,0,0,0,0,0,0,0,1,0,0,1,1,0,0,0,0,0,0,0,1,0,1,0,1,1
17074,-0.24455442,-0.26300624,-0.041734748,0.26241112,0.26238987,0.23029597,524307,1096760,0,0,1,0,18,12,1,0,0,0,0,0,0,0,1,0,0,1,1,0,0,0,0,0,0,0,1,0,1,0,1,1
17075,-2.270789,-4.097405,-0.018221,4.006275,3.937452,9.933223,2,124956,2.5,6.94444,1,1,18,12,1,0,0,0,0,3,0.6111111,2.031278,1,0,0,1,1,0,0,0,0,0,0,0,1,0,1,0,1,1
17083,-4.650373,-1.7663,-0.097298,2.101499,2.434706,3.373363,0,125578,3.33333,20.8333,1,0,18,12,1,0,0,0,0,2,0.6111111,2.031278,1,0,0,1,1,0,0,0,2.72307,0,0,0,1,0,1,0,1,1
17100,0,0,0,0,0,0,19,198280,2.5,6.94444,1,0,18,12,1,0,0,0,0,0,0.6693856,0.64799577,1,0,0,1,1,0,0,0,0,0,0,0,1,0,1,0,1,1
17101,-0.4542825,-0.8375363,-0.019354159,0.6406025,0.96743774,1.2366806,0,7455233,0,0,1,0,18,12,1,0,0,0,0,0,1.1168886,1.2441189,1,0,0,1,1,0,0,0,0,0,0,0,1,0,1,0,1,1
17102,0,0,0,0,0,0,0,219469,0,0,1,0,18,12,1,0,0,0,0,0,0,0,1,0,0,1,1,0,0,0,0,0,0,0,1,0,1,0,1,1
17103,0,0,0,0,0,0,0,219449,0,0,1,0,18,12,1,0,0,0,0,0,0,0,1,0,0,1,1,0,0,0,0,0,0,0,1,0,1,0,1,1
17104,0,0,0,0,0,0,0,219468,0,0,1,0,18,12,1,0,0,0,0,0,0,0,1,0,0,1,1,0,0,0,0,0,0,0,1,0,1,0,1,1
17105,0,0,0,0,0,0,0,219507,0,0,1,0,18,12,1,0,0,0,0,0,0,0,1,0,0,1,1,0,0,0,0,0,0,0,1,0,1,0,1,1
17106,0,0,0,0,0,0,0,219495,0,0,1,0,18,12,1,0,0,0,0,0,0,0,1,0,0,1,1,0,0,0,0,0,0,0,1,0,1,0,1,1
17107,0,0,0,0,0,0,0,219452,0,0,1,0,18,12,1,0,0,0,0,0,0,0,1,0,0,1,1,0,0,0,0,0,0,0,1,0,1,0,1,1
17108,0,0,0,0,0,0,0,219483,0,0,1,0,18,12,1,0,0,0,0,0,0,0,1,0,0,1,1,0,0,0,0,0,0,0,1,0,1,0,1,1
17109,0,0,0,0,0,0,0,219462,0,0,1,0,18,12,1,0,0,0,0,0,0,0,1,0,0,1,1,0,0,0,0,0,0,0,1,0,1,0,1,1
17110,0,0,0,0,0,0,0,219436,0,0,1,0,18,12,1,0,0,0,0,0,0,0,1,0,0,1,1,0,0,0,0,0,0,0,1,0,1,0,1,1
17111,0,0,0,0,0,0,0,219496,0,0,1,0,18,12,1,0,0,0,0,0,0,0,1,0,0,1,1,0,0,0,0,0,0,0,1,0,1,0,1,1
17112,0,0,0,0,0,0,0,219438,0,0,1,0,18,12,1,0,0,0,0,0,0,0,1,0,0,1,1,0,0,0,0,0,0,0,1,0,1,0,1,1
17113,0,0,0,0,0,0,0,219474,0,0,1,0,18,12,1,0,0,0,0,0,0,0,1,0,0,1,1,0,0,0,0,0,0,0,1,0,1,0,1,1
17114,0,0,0,0,0,0,0,219464,0,0,1,0,18,12,1,0,0,0,0,0,0,0,1,0,0,1,1,0,0,0,0,0,0,0,1,0,1,0,1,1
17115,0,0,0,0,0,0,0,219486,0,0,1,0,18,12,1,0,0,0,0,0,0,0,1,0,0,1,1,0,0,0,0,0,0,0,1,0,1,0,1,1
17116,0,0,0,0,0,0,0,219444,0,0,1,0,18,12,1,0,0,0,0,0,0,0,1,0,0,1,1,0,0,0,0,0,0,0,1,0,1,0,1,1
17117,0,0,0,0,0,0,0,219473,0,0,1,0,18,12,1,0,0,0,0,0,0,0,1,0,0,1,1,0,0,0,0,0,0,0,1,0,1,0,1,1
17118,0,0,0,0,0,0,0,219465,0,0,1,0,18,12,1,0,0,0,0,0,0,0,1,0,0,1,1,0,0,0,0,0,0,0,1,0,1,0,1,1
17119,0,0,0,0,0,0,0,219482,0,0,1,0,18,12,1,0,0,0,0,0,0,0,1,0,0,1,1,0,0,0,0,0,0,0,1,0,1,0,1,1
17121,-8.238741,-8.196816,-0.77801067,8.178824,8.123819,15.716105,0,3183273,0,0,1,0,18,12,1,0,0,0,0,0,-20000000,-20000000,1,0,0,1,1,0,0,0,0,0,0,0,1,0,1,0,1,1
17122,-1.2811949,-2.04902,0.6871375,2.3958478,2.2599337,4.6717634,0,1709753,2.5,4.16667,1,0,18,12,1,0,0,0,0,0,0.6111111,2.031278,1,0,0,1,1,0,0,0,0,0,0,0,1,0,1,0,1,1
17123,-0.73196304,-1.255792,2.1732972,0.8449786,1.2481984,4.699501,0,1733375,0,0,1,0,18,12,1,0,0,0,0,0,0.6111111,2.031278,1,0,0,1,1,0,0,0,0,0,0,0,1,0,1,0,1,1
17127,-9.749116,-2.8198195,-3.3585424,3.72192,3.4854386,4.795125,9,368580,2.5,8,1,0,18,12,1,0,0,0,133,1,0.6111111,2.031278,1,0,0,1,1,0,0,0,0,0,0,0,1,0,1,0,1,1
17154,-4.1714635,-1.291652,-0.12848142,1.3341115,1.2931622,3.1654155,0,1670968,2.5,6.94444,1,0,18,12,1,0,0,0,0,0,0.6111111,2.031278,1,0,0,1,1,0,0,0,0,0,0,0,1,0,1,0,1,1
17157,-0.6017734,-1.5369711,0.25546122,1.4064866,1.7057046,3.5324264,0,426122,2.22222,6.94444,1,0,18,12,1,0,0,0,0,1,0.6111111,2.031278,1,0,0,1,1,0,0,0,0,0,0,0,1,0,1,0,1,1
17158,-2.8137584,-1.2926376,-0.08153678,2.3996925,1.2626601,3.101561,0,4575036,2.5,7,1,0,18,12,1,0,0,0,0,1,0.6111111,2.031278,1,0,0,1,1,0,0,0,2.83575,0,0,0,1,0,1,0,1,1
17159,-2.9970837,-4.123348,-0.01822041,4.017204,3.9242914,11.32723,0,124957,2.5,6.94444,1,0,18,12,1,0,0,0,0,3,0.6111111,2.031278,1,0,0,1,1,0,0,0,0,0,0,0,1,0,1,0,1,1
17167,-0.9782886,-1.6517684,-0.0013593258,0.8849341,1.6494589,3.9645555,0,7581777,2.5,8,1,5,18,12,1,0,0,0,204,1,0.6111111,2.031278,1,0,0,1,1,0,0,0,1.34669,0,0,0,1,0,1,0,1,1
17177,-1.6714325,-1.644721,0.013800182,1.4737716,1.5275189,3.1150873,0,7581783,2.5,8,3,5,10,6,1,0,0,0,1468,0,0.6111111,2.031278,1,0,0,1,1,0,0,0,0,0,0,0,1,0,1,0,1,1
17215,0,0,0,0,0,0,524339,195014,0,0,1,0,18,12,1,0,0,0,0,0,0.23602183,0.46141693,1,0,0,1,1,0,0,0,0,0,0,0,1,0,1,0,1,1
17218,-0.12276971,-0.7554703,1.0181795,0.4875161,0.7829952,2.5842147,524291,126483,2.5,8,1,0,18,12,1,0,0,0,0,1,0.6111111,2.031278,1,0,0,1,1,0,0,0,2.0353553,0,0,0,1,0,1,0,1,1
17219,0,0,0,0,0,0,0,202753,0,0,1,0,18,12,1,0,0,0,0,0,1.7994248,2.1829271,1,0,0,1,1,0,0,0,0,0,0,0,1,0,1,0,1,1
17220,0,0,0,0,0,0,0,202751,0,0,1,0,18,12,1,0,0,0,0,0,1.7994248,2.1829271,1,0,0,1,1,0,0,0,0,0,0,0,1,0,1,0,1,1
17223,-0.4548264,-0.42949057,-0.010044037,0.37880707,0.48251593,2.323795,133124,5422147,2.5,8,1,1,12,10,1,0,0,0,55,1,0.6111111,2.031278,1,0,0,1,1,0,0,0,0,0,0,0,1,0,1,0,1,1
17224,0,0,0,0,0,0,0,191448,0,0,1,0,18,12,1,0,0,0,0,0,1.2149527,3.3377218,1,0,0,1,1,0,0,0,0,0,0,0,1,0,1,0,1,1
17233,-60.406605,-25.723488,-7.812025,47.755573,26.976576,61.80481,0,243881,0,0,1,0,18,12,1,0,0,0,0,0,108.16218,69.61683,1,0,0,1,1,0,0,0,0,0,0,0,1,0,1,0,1,1
17246,-9.469951,-2.3917136,-0.10822546,4.2142987,2.3874927,6.9039965,0,126225,2.5,8,1,5,12,18,1,0,1095,1094,391,2,0.6111111,2.031278,1,0,0,1,1,0,0,0,5.79273,0,0,4,1,0,1,0,1,1
17247,-9.469951,-2.3917136,-0.10822546,4.2142987,2.3874927,6.9039965,0,126225,2.5,8,1,5,12,18,1,0,1095,1094,391,2,0.6111111,2.031278,1,0,0,1,1,0,0,0,5.792733,0,0,0,1,0,1,0,1,1
17251,-4.3441396,-1.4892485,-0.06243899,1.9209024,1.683476,3.1354108,0,1385710,2.5,8,1,5,18,12,1,0,0,0,34,1,0.6111111,2.031278,1,0,0,1,1,0,0,0,2.56067,0,0,0,1,0,1,0,1,1
17254,-4.323227,-1.5266609,-0.062436808,1.9208993,1.7210652,3.1354125,0,1043712,2.5,8,1,5,18,12,1,0,0,0,34,1,0.6111111,2.031278,1,0,0,1,1,0,0,0,2.56067,0,0,0,1,0,1,0,1,1
17255,-16.007132,-5.8973484,-0.17711627,5.6417227,6.147031,12.8286,0,1593262,2.5,10,1,5,18,12,1,0,0,0,1048,1,0.6111111,2.031278,1,0,0,1,1,0,0,0,6.26856,0,0,0,1,0,1,0,1,1
17257,-4.34414,-1.4892483,-0.062439464,1.9209023,1.6834757,3.1354115,0,1385709,2.5,8,1,5,18,12,1,0,0,0,34,1,0.6111111,2.031278,1,0,0,1,1,0,0,0,2.56067,0,0,0,1,0,1,0,1,1
17260,-9.77187,-3.3245046,-0.24968302,8.540037,3.1071813,8.19529,4096,660332,2.5,8,1,5,45,30,1,0,0,0,10372,2,0.6111111,2.031278,1,0,0,3,1,0,0,0,6.75754,0,0,0,0.65,0,1,0,1,1
17268,-4.344139,-1.4892492,-0.06243918,1.9209028,1.6834767,3.135412,0,1385711,2.5,8,1,5,18,12,1,0,0,0,34,1,0.6111111,2.031278,1,0,0,1,1,0,0,0,2.56067,0,0,0,1,0,1,0,1,1
17270,-1.6081169,-1.2313235,-0.08085963,0.9196799,1.2439902,2.2260876,0,124263,2.5,8,1,4,18,12,1,0,0,0,135,1,0.6111111,2.031278,1,0,0,1,1,0,0,0,0,0,0,0,1,0,1,0,1,1
17322,-4.544769,-1.819812,-0.174384,1.634355,1.843517,1.385927,3,880043,2.5,8,2,0,18,12,1,0,0,0,81,1,0.6111111,2.031278,1,0,0,1,1,0,0,0,0,0,0,0,1,0,1,0,1,1
17328,0,0,0,0,0,0,524307,199324,0,0,1,0,18,12,1,0,0,0,0,0,1.2342896,3.3754318,1,0,0,1,1,0,0,0,0,0,0,0,1,0,1,0,1,1
17330,0,0,0,0,0,0,524307,199263,0,0,1,0,18,12,1,0,0,0,0,0,1.2342896,3.3754318,1,0,0,1,1,0,0,0,0,0,0,0,1,0,1,0,1,1
17331,0,0,0,0,0,0,524307,199273,0,0,1,0,18,12,1,0,0,0,0,0,1.2342896,3.3754318,1,0,0,1,1,0,0,0,0,0,0,0,1,0,1,0,1,1
17332,0,0,0,0,0,0,524307,199301,0,0,1,0,18,12,1,0,0,0,0,0,0.50635684,3.3754318,1,0,0,1,1,0,0,0,0,0,0,0,1,0,1,0,1,1
17334,0,0,0,0,0,0,524307,199291,0,0,1,0,18,12,1,0,0,0,0,0,0.50635684,3.3754318,1,0,0,1,1,0,0,0,0,0,0,0,1,0,1,0,1,1
17335,0,0,0,0,0,0,524307,199293,0,0,1,0,18,12,1,0,0,0,0,0,0.50635684,3.3754318,1,0,0,1,1,0,0,0,0,0,0,0,1,0,1,0,1,1
17336,0,0,0,0,0,0,524307,199311,0,0,1,0,18,12,1,0,0,0,0,0,0.50635684,3.3754318,1,0,0,1,1,0,0,0,0,0,0,0,1,0,1,0,1,1
17337,0,0,0,0,0,0,524307,199335,0,0,1,0,18,12,1,0,0,0,0,0,0.50635684,3.3754318,1,0,0,1,1,0,0,0,0,0,0,0,1,0,1,0,1,1
17339,0,0,0,0,0,0,524307,203213,0,0,1,0,18,12,1,0,0,0,0,0,3.0522103,5.727086,1,0,0,1,1,0,0,0,0,0,0,0,1,0,1,0,1,1
17354,-4.808122,-5.0137315,-0.0054878662,4.82577,4.515382,4.694276,12288,338494,0,0,2,0,18,12,1,0,0,0,0,2,0.6111111,2.031278,1,0,0,1,1,0,0,0,0,0,0,0,1,0,1,0,1,1
17357,-3.931329,-1.9355793,1.7464591,2.0240517,1.3385367,2.5122347,9,915392,2.5,8,1,0,18,12,1,0,0,0,389,1,0,0,1,0,0,1,1,0,0,0,0,0,0,0,1,0,1,0,1,1
17361,-2.7192388,-0.85599136,-0.03710817,1.0665116,0.5805689,1.4711822,0,1273658,2.5,6.94444,1,7,18,12,1,0,0,0,1088,1,0.6111111,2.031278,1,0,0,1,1,0,0,0,0,0,0,0,1,0,1,0,1,1
17362,-1.777342,-1.0725746,-0.022346279,1.6834241,0.986974,1.8931694,0,1302532,2.5,6.94444,1,7,18,12,1,0,0,0,83,2,0.6111111,2.031278,1,0,0,1,1,0,0,0,1.82098,0,0,0,1,0,1,0,1,1
17377,-3.6860118,-1.6145004,-0.031687617,1.0156763,1.3213422,1.6880752,0,7749919,2.5,8,1,7,18,12,1,0,0,0,10586,1,0.6111111,2.031278,1,0,0,1,1,0,0,0,1.3592526,0,0,0,1,0,1,0,1,1
17378,-1.9107602,-3.4347496,0.690264,2.2599647,3.4729116,4.6723003,1,1135153,2.5,8,1,1,18,12,1,0,0,0,350,1,0.6111111,2.031278,1,0,0,1,1,0,0,0,0,0,0,0,1,0,1,0,1,1
17379,-1.6191878,-2.7669342,0.769405,1.7506453,2.8017764,4.011089,1,4225490,2.5,8,1,1,18,12,1,0,0,0,350,1,0.6111111,2.031278,1,0,0,1,1,0,0,0,0,0,0,0,1,0,1,0,1,1
17396,-9.739508,-3.918645,0.524357,3.827445,4.481482,9.211594,0,125140,7,8,2,1,18,12,1,0,0,1093,789,3,0.6111111,2.031278,1,0,0,1,1,0,0,0,0,0,0,0,1,0,1,0,1,1
17400,-2.9370043,-0.9732475,-0.058064956,1.7634065,1.1620243,3.120256,2,7704354,1.66667,8,1,5,18,12,1,0,0,0,10699,1,0.6111111,2.031278,1,0,0,1,1,0,0,0,2.3326905,0,0,0,1,0,1,0,1,1
17405,-2.3158712,-2.2888768,-0.15626132,2.4493449,2.4189088,1.5179352,0,382368,2.5,6.94444,1,0,18,12,1,0,0,0,0,0,0.6111111,2.031278,1,0,0,1,1,0,0,0,1.4470526,0,0,0,1,0,1,0,1,1
17412,0,0,0,0,0,0,3,963808,2.77778,8,1,0,18,12,1,0,0,0,9,1,0,0,1,0,0,1,1,0,0,0,0,0,0,0,1,0,1,0,1,1
17414,-0.97950894,-2.3187299,0.27992293,2.8254128,2.9371333,3.5931635,0,7581795,0,0,1,0,18,12,1,0,0,0,0,0,0.6111111,2.031278,1,0,0,1,1,0,0,0,0,0,0,0,1,0,1,0,1,1
17423,0,0,0,0,0,0,0,464035,0,0,1,0,18,12,1,0,0,0,0,0,0,0,1,0,0,1,1,0,0,0,0,0,0,0,1,0,1,0,1,1
17428,-0.010915241,-0.38314185,-0.38336298,0.010915241,0.3831419,0.38336304,524339,967563,0,0,3,0,18,12,1,0,0,0,0,0,0,0,1,0,0,1,1,0,0,0,0,0,0,0,1,0,1,0,1,1
17430,-0.6132063,-0.49886912,-0.00025482205,0.47995225,0.50463915,1.2852231,0,3983360,2.5,6.94444,1,0,18,12,1,0,0,0,0,0,0.6111111,2.031278,1,0,0,1,1,0,0,0,0.38719577,0,0,0,1,0,1,0,1,1
17435,-1.247049,-1.441736,-0.332708,1.257095,1.4498,2.31809,0,123285,0,0,1,0,18,12,1,0,0,0,0,0,0.6111111,2.031278,1,0,0,1,1,0,0,0,0,0,0,0,1,0,1,0,1,1
17455,-2.17998,-2.1260793,-0.12814023,3.9248981,2.1244807,1.9977124,0,1513627,0,0,1,0,18,12,1,0,0,0,0,0,0.6111111,2.031278,1,0,0,1,1,0,0,0,0,0,0,0,1,0,1,0,1,1
17478,-0.45385855,-0.39596167,-0.010104639,0.35429725,0.44509304,2.341875,131072,921844,2.5,8,1,1,12,10,1,0,0,0,0,0,0.6111111,2.031278,1,0,0,1,1,0,0,0,0,0,0,0,1,0,1,0,1,1
17484,-2.937005,-0.9732474,-0.058064457,1.7634053,1.1620243,3.1202567,2,7811194,1.66667,8,1,5,18,12,1,0,0,0,38,1,0.6111111,2.031278,1,0,0,1,1,0,0,0,2.3326902,0,0,0,1,0,1,0,1,1
17485,-2.9370043,-0.9732475,-0.058064975,1.7634065,1.162024,3.5580904,2,7704356,1.66667,8,1,5,18,12,1,0,0,0,10699,1,0.6111111,2.031278,1,0,0,1,1,0,0,0,2.3326905,0,0,0,1,0,1,0,0.85,1
17492,-0.5451927,-0.58281535,-0.00023147673,0.4655293,0.6197072,2.242326,0,7581814,2.5,6.94444,1,1,18,12,1,0,0,0,0,0,0.6111111,2.031278,1,0,0,1,1,0,0,0,0,0,0,0,1,0,1,0,1,1
17497,-1.7048978,-3.4019508,0.470899,2.252422,3.4354424,4.8435,4112,126077,2.5,6.94444,2,5,18,12,1,0,0,0,0,1,0.6111111,2.031278,1,0,0,1,1,0,0,0,0,0,0,0,1,0,1,0,1,1
17500,-2.6382115,-2.6382093,-0.07514122,2.819298,2.9675117,3.7191772,0,7579236,0,0,1,0,18,12,1,0,0,0,0,0,0.6111111,2.031278,1,0,0,1,1,0,0,0,0,0,0,0,1,0,1,0,1,1
17504,-2.015082,-1.149405,-0.136495,0.777326,1.125682,1.386391,0,125958,2.5,6.94444,1,0,18,12,1,0,0,0,0,0,0.6111111,2.031278,1,0,0,1,1,0,0,0,0,0,0,0,1,0,1,0,1,1
17510,-3.6860118,-1.6145004,-0.031687617,1.0156763,1.3213422,1.6880752,4112,7749920,2.5,6.94444,1,7,18,12,1,0,0,0,10729,1,0.6111111,2.031278,1,0,0,1,1,0,0,0,1.3592526,0,0,0,1,0,1,0,1,1
17511,-3.255817,-1.2641566,-0.011649043,1.5121841,1.2628767,2.1903734,4112,7749917,2.5,6.94444,1,7,18,12,1,0,0,0,10728,1,0.6111111,2.031278,1,0,0,1,1,0,0,0,2.0862367,0,0,0,1,0,1,0,1,1
17515,-0.30514273,-0.78513515,-0.7787454,0.30514282,0.78513515,0.9526241,3,2063687,2.5,8,1,0,18,12,1,0,0,0,194,1,-20000000,-20000000,1,0,0,1,1,0,0,0,0,0,0,0,1,0,1,0,1,1
17516,-5.378327,-1.4139907,-0.00029922073,3.6137025,1.2952358,3.5291579,0,3308649,2.5,7,1,0,18,12,1,0,0,0,0,0,0.6111111,2.031278,1,0,0,1,1,0,0,0,2.90339,0,0,0,1,0,1,0,1,1
17524,0,0,0,0,0,0,0,201705,0,0,1,0,18,12,1,0,0,0,0,0,12.218523,25.651537,1,0,0,1,1,0,0,0,0,0,0,0,1,0,1,0,1,1
17525,0,0,0,0,0,0,0,328178,0,0,1,0,18,12,1,0,0,0,0,0,5.575852,9.91873,1,0,0,1,1,0,0,0,0,0,0,0,1,0,1,0,1,1
17530,0,0,0,0,0,0,0,201009,2.5,9.02778,1,0,18,12,1,0,0,0,10697,1,0,0,1,0,0,1,1,0,0,0,0,0,0,0,1,0,1,0,1,1
17534,-4.650373,-1.7663,-0.097298,2.101499,2.434706,3.373363,0,125578,3.33333,20.8333,1,0,18,12,1,0,0,0,0,2,0.6111111,2.031278,1,0,0,1,1,0,0,0,2.72307,0,0,0,1,0,1,0,1,1
17535,-18.485577,-5.4793243,-0.8803518,6.012653,5.5644503,10.696421,0,948417,3.33333,20.8333,1,0,18,12,1,0,0,0,0,0,0.6111111,2.031278,1,0,0,1,1,0,0,0,7.40754,0,0,0,1,0,1,0,1,1
17548,1,1,1,-1,-1,-1,3,124640,2.5,8,3,4,0,0,0,0,0,0,1608,1,0.6111111,2.031278,1,0,0,1,1,0,0,0,1.30095,0,0,0,1,0,1,0,1,1
17549,1,1,1,-1,-1,-1,3,124640,2.5,8,3,4,0,0,0,0,0,0,1608,1,0.6111111,2.031278,1,0,0,1,1,0,0,0,1.30095,0,0,0,1,0,1,0,1,1
17550,-0.22141781,-0.2696639,0.00030365228,0.12325881,0.26523802,1.2821099,0,7865149,2.5,8,1,4,18,12,1,0,0,0,80,1,0.6111111,2.031278,1,0,0,1,1,0,0,0,0,0,0,0,1,0,1,0,1,1
17551,-0.16305642,-0.26108277,0.0025696147,0.17096843,0.25501567,1.2924954,0,7865151,2.5,8,1,4,18,12,1,0,0,0,79,1,0.6111111,2.031278,1,0,0,1,1,0,0,0,0.712453,0,0,0,1,0,1,0,1,1
17559,-1.636378,-0.462955,-0.034254,1.856299,0.462889,2.579803,2,126306,2.5,9,3,6,12,18,1,0,0,0,428,1,0.6111111,2.031278,1,0,0,1,1,0,0,0,1.86572,0,0,0,1,0,1,0,1,1
17579,-8.2058525,-2.4958942,-0.06902434,1.625706,2.652399,5.757119,0,125427,2.5,8,1,1,18,12,1,0,0,1091,68,1,0.6111111,2.031278,1,0,0,1,1,0,0,0,0,0,0,0,1,0,1,0,1,1
17581,-2.69251,-2.5903158,0.018264899,0.9866016,2.6615558,4.7600126,0,123443,2.5,8,1,3,18,12,1,0,0,0,68,1,0.6111111,2.031278,1,0,0,1,1,0,0,0,0,0,0,0,1,0,1,0,1,1
17593,-0.8320862,-4.9742546,-1.1740347,0.37604356,5.0471516,10.151284,3,165828,2.5,6.94444,1,0,18,12,1,0,0,0,1168,1,-20000000,-20000000,1,0,0,1,1,0,0,0,0,0,0,0,1,0,1,0,1,1
17604,0,0,0,0,0,0,524339,322323,0,0,1,0,18,12,1,0,0,0,0,0,0,0,1,0,0,1,1,0,0,0,0,0,0,0,1,0,1,0,1,1
17614,-2.342631,-0.80053574,-0.01266057,1.9699458,0.833975,3.5929117,0,7780798,2.5,9.02778,1,3,18,12,1,0,0,0,1428,1,0.6111111,2.031278,1,0,0,1,1,0,0,0,1.9615713,0,0,0,1,0,1,0,1,1
17679,-0.58537567,-1.5369692,0.25546122,1.4283657,1.7057066,3.5792477,0,426123,2.22222,6.94444,1,0,18,12,1,0,0,0,0,3,0.6111111,2.031278,1,0,0,1,1,0,0,0,0,0,0,0,1,0,1,0,1,1
17680,-2.015082,-1.149405,-0.136495,0.777326,1.125682,1.386391,3,125958,2.5,8,2,0,18,12,1,0,0,0,10487,0,0.6111111,2.031278,1,0,0,1,1,0,0,0,0,0,0,0,1,0,1,0,1,1
17681,-2.4515858,-0.90872586,-0.010161988,2.4477015,0.9019575,3.7349029,4096,1394881,2.5,8,1,5,1,2,1,0,0,0,5276,0,0.6111111,2.031278,1,0,0,1,1,0,0,0,2.3011,0,0,0,1,0,1,0,1,1
17682,-0.41012242,-0.2080298,-0.0032135188,0.6125533,0.20175102,0.7615484,1,7579665,2.5,8,1,7,24,18,1,0,0,0,10628,1,0.6111111,2.031278,1,0,0,1,1,0,0,0,0,0,0,0,1,0,1,0,1,1
17686,-1.1872922,-3.0218034,0.5464828,1.3613843,3.2539318,6.704486,3,7581788,2.5,8,3,0,18,12,1,0,0,0,368,1,0.6111111,2.031278,1,0,2,1,1,0,0,0,0,0,0,0,1,0,1,0,1,1
17697,-1.5470146,-1.2158592,-0.0016827771,0.88563406,1.2078693,2.6861606,0,2022260,2.5,8,1,3,18,12,1,0,0,0,143,0,0.6111111,2.031278,1,0,0,1,1,0,0,0,0,0,0,0,1,0,1,0,1,1
17702,-0.5769988,-1.0268466,-0.01652809,1.1284385,1.1006148,2.1030834,0,7579238,1.66667,6.94444,1,0,18,12,1,0,0,0,0,1,0.6111111,2.031278,1,0,0,1,4,0,0,0,0,0,0,0,1,0,1,0,1,1
17703,-0.42101806,-0.49947706,-0.043801643,0.43436044,0.44561678,1.1788932,0,987197,0,0,1,0,18,12,1,0,0,0,0,0,0,0,1,0,0,1,1,0,0,0,0,0,0,0,1,0,1,0,1,1
17730,-12.06667,-12.521047,-0.9889201,12.221146,11.760634,22.29056,3,7926156,2.5,8,3,0,18,12,1,0,0,0,10386,1,-20000000,-20000000,1,0,2,1,1,0,0,0,0,0,0,0,1,0,1,0,1,1
17737,-2.0771198,-3.7510962,-0.41190827,2.6940727,3.5524225,6.7053213,0,4236958,2.5,4.16667,1,0,18,12,1,0,0,0,0,0,0.6111111,2.031278,1,0,0,1,1,0,0,0,0,0,0,0,1,0,1,0,1,1
17740,-1.7062905,-2.6939788,0.95796144,1.6172719,2.7244587,4.3142476,61440,1738730,2.5,6.9444,2,5,18,12,1,0,0,0,0,0,0.6111111,2.031278,1,0,2,1,1,0,0,0,0.872213,0,0,0,1,0,1,0,1,1
17742,-1.7176764,-0.49687582,-0.0007211806,1.897814,0.5003854,2.5618854,2,7958137,2.5,9.02778,3,6,18,12,1,0,0,1091,428,1,0.6111111,2.031278,1,0,0,1,1,0,0,0,1.95288,0,0,0,1,0,1,0,1,1
17744,-0.7579552,-1.5357997,0.4609323,0.8669928,1.5633248,3.6429465,2,1062688,2.5,8,2,1,18,12,1,0,0,0,162,1,0.6111111,2.031278,1,0,0,1,1,0,0,0,0,0,0,0,1,0,1,0,1,1
17745,-0.12276971,-0.7554703,1.0181795,0.4875161,0.7829952,2.5842147,3,126483,2.5,8,1,0,18,12,1,0,0,0,194,1,0.6111111,2.031278,1,0,20,1,1,0,0,0,2.0353553,0,0,0,1,0,1,0,1,1
17748,-2.490361,-0.57491386,-0.08366018,0.9635101,0.62703824,2.0152912,53264,7749922,2.5,6.94444,1,7,18,12,1,0,0,0,10727,1,0.6111111,2.031278,1,0,0,1,1,0,0,0,1.1021107,0,0,0,1,0,1,0,1,1
17754,-0.9476168,-1.4873021,0.5407026,0.6238208,1.5039096,2.3786361,0,357812,0,0,1,0,18,12,1,0,0,0,0,0,0.6111111,2.031278,1,0,0,1,1,0,0,0,0,0,0,0,1,0,1,0,1,1
17768,-2.597057,-0.777422,-0.006203,1.058075,0.533702,1.536153,16,307529,2.5,6.94444,1,7,18,12,1,0,0,0,1088,1,0.6111111,2.031278,1,0,0,1,1,0,0,0,1.24137,0,0,0,1,0,1,0,1,1
17769,-2.551086,-0.75063336,-0.012667865,1.1439143,0.62602997,1.5107255,16,307530,2.5,6.94444,1,7,18,12,1,0,0,0,1088,1,0.6111111,2.031278,1,0,0,1,1,0,0,0,1.24137,0,0,0,1,0,1,0,1,1
17780,0,0,0,0,0,0,0,571501,0,0,1,0,18,12,1,0,0,0,0,0,1.1311054,1.5277461,1,0,0,1,1,0,0,0,0,0,0,0,1,0,1,0,1,1
17782,-1.9397367,-2.29198,-0.13340484,2.0980747,2.117031,4.1225915,0,122957,0,0,1,0,18,12,1,0,0,0,0,0,0.6111111,2.031278,1,0,0,1,1,0,0,0,0,0,0,0,1,0,1,0,1,1
17784,-0.29233658,-0.30269703,0.22450042,0.27224153,0.31866843,2.2589993,0,943218,0,0,1,0,18,12,1,0,0,0,10765,0,0.6111111,2.031278,1,0,0,1,1,0,0,0,0,0,0,0,1,0,1,0,1,1
17789,0,0,0,0,0,0,12299,353152,2.5,8,1,4,18,12,1,0,0,0,0,0,0.6111111,2.031278,1,0,0,1,1,0,0,0,0,0,0,0,1,0,1,0,1,1
17791,-0.73196304,-1.255792,2.1732972,0.84497845,1.2481984,4.699501,0,1733378,0,0,1,0,18,12,1,0,0,0,0,0,0.6111111,2.031278,1,0,0,1,1,0,0,0,0,0,0,0,1,0,1,0,1,1
17796,-7.3813677,-2.44592,-0.013298752,3.3545818,2.273485,4.802895,0,7935081,2.5,6.94444,1,6,18,12,1,0,0,0,1588,1,0.6111111,2.031278,1,0,0,1,1,0,0,0,3.5428674,0,0,0,1,0,1,0,1,1
17815,0,0,0,0,0,0,0,196591,0,0,1,0,18,12,1,0,0,0,0,0,2.047266,0.872905,1,0,0,1,1,0,0,0,0,0,0,0,1,0,1,0,1,1
17825,-1.1447545,-1.1110919,-0.7809502,1.0774677,1.1111304,1.7967737,3,7780535,0,0,1,0,18,12,1,0,0,0,177,1,-20000000,-20000000,1,0,0,1,1,0,0,0,0,0,0,0,1,0,1,0,1,1
17835,-0.897001,-0.852837,-0.421537,0.922089,0.966252,1.465828,0,126013,0,0,1,0,18,12,1,0,0,0,0,1,0.52006894,1.3151135,1,0,0,1,1,0,0,0,0,0,0,0,1,0,1,0,1,1
17839,-0.413001,-0.414362,-0.042844,0.361312,0.434082,0.869027,524339,201872,0,0,1,0,18,12,1,0,0,0,0,0,0,0,1,0,0,1,1,0,0,0,0,0,0,0,1,0,1,0,1,1
17841,-1.8051121,-0.97646374,-0.022350814,1.7535082,0.9708773,1.9263121,0,7704362,2.5,9.7,1,7,18,12,1,0,0,0,10753,1,0.6111111,2.031278,1,0,0,1,1,0,0,0,1.8209845,0,0,0,1,0,1,0,1,1
17851,-1.151664,-1.1344084,-0.53654116,1.1426169,1.1598725,1.3181372,3,329291,0,0,1,0,18,12,1,0,0,0,354,1,0.5192677,1.3151135,1,0,0,1,1,0,0,0,0,0,0,0,1,0,1,0,1,1
17852,-1.4913175,-1.4431362,-0.5521308,1.5119985,1.56018,1.3181369,3,329294,0,0,1,0,18,12,1,0,0,0,351,1,0.5192677,1.3151135,1,0,0,1,1,0,0,0,0,0,0,0,1,0,1,0,1,1
17853,-1.4417636,-1.3509357,-0.44623154,1.3838909,1.4747189,1.3181374,3,329293,0,0,1,0,18,12,1,0,0,0,353,1,0,0,1,0,0,1,1,0,0,0,0,0,0,0,1,0,1,0,1,1
17854,-1.1187494,-1.0705673,-0.32199097,1.1403323,1.1885145,1.3181372,3,329292,0,0,1,0,18,12,1,0,0,0,352,1,0,0,1,0,0,1,1,0,0,0,0,0,0,0,1,0,1,0,1,1
17855,-1.151664,-1.134408,-0.85887,1.187689,1.159873,1.641482,3,328323,0,0,1,0,18,12,1,0,0,0,354,1,0.5192677,1.3151135,1,0,0,1,1,0,0,0,0,0,0,0,1,0,1,0,1,1
17856,-1.491318,-1.443136,-0.879095,1.511999,1.56018,1.641482,3,328326,0,0,1,0,18,12,1,0,0,0,351,1,0.5192677,1.3151135,1,0,0,1,1,0,0,0,0,0,0,0,1,0,1,0,1,1
17857,-1.441764,-1.350936,-0.731881,1.383891,1.474719,1.641482,3,328325,0,0,1,0,18,12,1,0,0,0,353,1,0.52006894,1.3151135,1,0,0,1,1,0,0,0,0,0,0,0,1,0,1,0,1,1
17858,-1.118749,-1.070567,-0.550365,1.140332,1.188514,1.641482,3,328324,0,0,1,0,18,12,1,0,0,0,352,1,0.5192677,1.3151135,1,0,0,1,1,0,0,0,0,0,0,0,1,0,1,0,1,1
17859,-1.1447544,-1.0978345,-0.7809501,1.0774676,1.1243875,1.842375,3,7780531,0,0,1,0,18,12,1,0,0,0,354,1,-20000000,-20000000,1,0,0,1,1,0,0,0,0,0,0,0,1,0,1,0,1,1
17860,-1.1111113,-1.1111113,-0.7809501,1.1111113,1.1111113,1.7909701,3,7780534,0,0,1,0,18,12,1,0,0,0,351,1,-20000000,-20000000,1,0,0,1,1,0,0,0,0,0,0,0,1,0,1,0,1,1
17861,-1.1447545,-1.1110919,-0.7809502,1.0774677,1.1111304,1.7967737,3,7780535,0,0,1,0,18,12,1,0,0,0,353,1,-20000000,-20000000,1,0,0,1,1,0,0,0,0,0,0,0,1,0,1,0,1,1
17862,-1.1111112,-1.1111112,-0.7809501,1.1111112,1.1111112,1.4001524,3,7780533,0,0,1,0,18,12,1,0,0,0,352,1,-20000000,-20000000,1,0,0,1,1,0,0,0,0,0,0,0,1,0,1,0,1,1
17869,-1.611659,-1.169165,-0.016933,1.240952,1.030889,1.993279,0,126502,1.66667,6.94444,1,0,18,12,1,0,0,0,0,0,0.6111111,2.031278,1,0,0,1,1,0,0,0,0,0,0,0,1,0,1,0,1,1
17871,-1.572787,-1.205918,-0.19493,1.74604,1.302909,2.75478,33,314949,2.5,6.94444,1,0,18,12,1,0,0,0,0,0,0.6111111,2.031278,1,0,0,1,1,0,0,0,0,0,0,0,1,0,1,0,1,1
17872,-1.030583,-1.232358,-0.06664,1.367542,1.270938,3.009466,33,314950,2.5,6.94444,1,0,18,12,1,0,0,0,848,0,0.6111111,2.031278,1,0,0,1,1,0,0,0,0,0,0,0,1,0,1,0,1,1
17896,0,0,0,0,0,0,0,392119,0,0,1,0,18,12,1,0,0,0,0,0,0.85002595,0.44463786,1,0,0,1,1,0,0,0,0,0,0,0,1,0,1,0,1,1
17901,0,0,0,0,0,0,0,202128,0,0,1,0,18,12,1,0,0,0,0,0,2.0439584,6.9522653,1,0,0,1,1,0,0,0,0,0,0,0,1,0,1,0,1,1
17954,-0.61759734,-0.5480883,-0.6056221,0.55148184,0.5637721,0.6236204,0,198719,0,0,1,0,18,12,1,0,0,0,0,0,1.212333,1.363754,1,0,0,1,1,0,0,0,0,0,0,0,1,0,1,0,1,1
17957,-2.591071,-2.981109,0.219322,1.547392,3.062344,6.303791,1,523669,2.5,8,1,1,18,12,1,0,0,0,350,1,0.6111111,2.031278,1,0,0,1,1,0,0,0,0,0,0,0,1,0,1,0,1,1
17976,-0.35092485,-0.5476447,-0.012650728,1.2761003,0.52766716,1.3781855,132,8125066,2.5,8,1,1,12,10,1,0,0,0,3131,1,0.5133333,1.2736112,1,0,0,1,1,0,0,0,0,0,0,0,1,0,1,0,1,1
17977,-0.5194073,-0.49340123,-0.005122112,0.19711435,0.5036851,1.3973701,132,8125068,2.5,8,1,1,12,10,1,0,0,0,3132,1,0.5133333,1.2736112,1,0,0,1,1,0,0,0,0,0,0,0,1,0,1,0,1,1
17979,-1.8904066,-1.4864908,-0.025230931,2.775384,1.0714564,3.3660743,1,378543,2.5,30,1,0,18,12,1,0,0,0,145,0,0.6111111,2.031278,1,0,0,1,1,0,0,0,0,0,0,0,1,0,1,0,1,1
17980,-1.4554626,-1.317728,-0.08035268,1.3783004,1.2777,3.3516893,0,123756,2.5,8,2,5,18,12,1,0,0,0,140,0,0.6111111,2.031278,1,0,0,1,1,0,0,0,1.03618,0,0,0,1,0,1,0,1,1
17982,-0.9922994,-3.5866818,-1.6883812,0.9400842,3.5891223,5.436673,0,244119,0,0,1,0,18,12,1,0,0,0,0,0,0,0,1,0,0,1,1,0,0,0,0,0,0,0,1,0,1,0,1,1
17986,-5.189499,-5.518197,-4.155917,5.9216127,5.5929146,6.9551945,0,7864677,0,0,1,0,18,12,1,0,0,0,0,0,1.984161,3.8360455,1,0,0,1,1,0,0,0,0,0,0,2,1,0,1,0,1,1
17990,0,0,0,0,0,0,0,198493,0,0,1,0,18,12,1,0,0,0,0,0,0,0,1,0,0,1,1,0,0,0,0,0,0,0,1,0,1,0,1,1
17993,-2.0755734,-1.2628891,-0.09741642,2.4868653,1.074321,2.5429363,0,124298,2.5,7,1,0,18,12,1,0,0,0,0,0,0.6111111,2.031278,1,0,0,1,1,0,0,0,1.7446,0,0,0,1,0,1,0,1,1
17996,-2.490361,-0.5268856,-0.08366019,0.96351016,0.5651939,1.9321102,53248,7749924,2.5,6.94444,1,7,18,12,1,0,0,0,61,1,0.6111111,2.031278,1,0,0,1,1,0,0,0,1.10211,0,0,0,1,0,1,0,1,1
18001,-3.6860118,-1.6145004,-0.042020522,1.0156765,1.3213422,1.6880752,4096,7749921,2.5,8,3,7,18,12,1,0,0,0,10706,1,0.6111111,2.031278,1.25,0,0,1,1,0,0,0,1.3592526,0,0,0,1,0,1,0,1,1
18004,-2.9115267,-0.5616537,0.013231629,1.229612,0.51987904,1.7894319,4096,7867418,2.5,8,3,7,18,12,1,0,0,0,4129,1,0.6111111,2.031278,1.25,0,0,1,1,0,0,0,1.3449974,0,0,0,1,0,1,0,1,1
18008,-4.7182074,-1.8461304,-0.050198354,1.939968,2.050807,3.420127,4096,7865686,2.5,9.7,1,5,24,18,1,0,0,0,10821,1,0.6111111,2.031278,1.25,0,0,1,1,0,0,0,2.56071,0,0,0,1,0,1,0,1,1
18011,-1.3997141,-1.156717,-0.01039632,2.2958431,1.1293576,3.309494,4096,7865773,2.5,8,3,3,18,12,1,0,0,0,10820,1,0.6111111,2.031278,1.25,0,0,1,1,0,0,0,2.046889,0,0,0,1,0,1,0,1,1
18014,-1.9048163,-1.0391812,-0.022321625,1.7535076,1.0964997,2.2292347,4096,7704360,2.5,8,3,7,18,12,1,0,0,0,10736,1,0.6111111,2.031278,1.25,0,0,1,1,0,0,0,2.01594,0,0,0,1,0,1,0,1,1
18016,-0.7816031,-0.8631367,-0.03371383,1.0343233,0.871355,1.8283795,4096,7704339,2.5,8,3,1,4,3,1,0,0,0,0,1,0.6111111,2.031278,1.25,0,0,1,1,0,0,0,0,0,0,0,1,0,1,0,1,1
18019,-0.59302413,-1.0383385,0.007840201,1.1310637,1.0562533,2.388132,4096,7865141,2.5,8,3,7,4,3,1,0,0,0,10818,1,0.6111111,2.031278,1.25,0,0,1,1,0,0,0,0,0,0,0,1,0,1,0,1,1
18020,-1.7088144,-1.3631705,-0.014122784,0.6834569,1.3768234,2.8067687,4096,7867296,2.5,8,3,5,4,3,1,0,0,0,10819,1,0.6111111,2.031278,1.25,0,0,1,1,0,0,0,1.25199,0,0,0,1,0,1,0,1,1
18022,-0.49225697,-0.5313626,-0.026593674,0.52317816,0.56808406,0.26994768,35,7811198,0,0,3,0,18,12,1,0,0,0,0,0,1.1421195,0.30424786,1,0,0,1,1,0,0,0,0,0,0,0,1,0,1,0,1,1
18033,-1.6973585,-1.0623977,-0.013878038,1.9411621,1.0643634,2.7203987,0,7581781,2.5,8,1,5,10,6,1,0,0,0,1470,0,0.6111111,2.031278,1,0,0,1,1,0,0,0,0,0,0,0,1,0,1,0,1,1
18034,-1.9531624,-0.95890105,-0.16761664,2.0685692,1.0227689,2.2544441,0,7581779,2.5,8,1,7,10,6,1,0,0,0,1469,0,0.6111111,2.031278,1,0,0,1,1,0,0,0,0,0,0,0,1,0,1,0,1,1
18035,-1.6714325,-1.644721,0.013800182,1.4737716,1.5275189,3.1150873,0,7581783,2.5,8,3,5,10,6,1,0,0,0,1468,0,0.6111111,2.031278,1,0,0,1,1,0,0,0,0,0,0,0,1,0,1,0,1,1
18047,0,0,0,0,0,0,0,202752,0,0,1,4,18,12,1,0,0,0,0,0,0.52114433,1.9883527,1,0,0,1,1,0,0,0,0,0,0,0,1,0,1,0,1,1
18048,0,0,0,0,0,0,0,202749,0,0,1,4,18,12,1,0,0,0,0,0,1.7994248,2.1829271,1,0,0,1,1,0,0,0,0,0,0,0,1,0,1,0,1,1
18049,0,0,0,0,0,0,0,202750,0,0,1,4,18,12,1,0,0,0,0,0,0.52114433,1.9883527,1,0,0,1,1,0,0,0,0,0,0,0,1,0,1,0,1,1
18050,0,0,0,0,0,0,0,202755,0,0,1,4,18,12,1,0,0,0,0,0,1.7994248,2.1829271,1,0,0,1,1,0,0,0,0,0,0,0,1,0,1,0,1,1
18054,0,0,0,0,0,0,12299,353152,2.5,8,1,4,18,12,1,0,0,0,0,0,0.6111111,2.031278,1,0,0,1,1,0,0,0,0,0,0,0,1,0,1,0,1,1
18060,-4.323227,-1.5266609,-0.062436808,1.9208993,1.7210652,3.1354125,0,1043712,2.5,8,1,5,18,12,1,0,0,0,34,1,0.6111111,2.031278,1,0,0,1,1,0,0,0,2.56067,0,0,0,1,0,1,0,1,1
18065,-0.16306081,-0.8815224,-0.3132612,0.9654933,0.90070844,1.357845,0,1383945,0,0,1,0,18,12,1,0,0,0,0,0,1.1721258,1.3387356,1,0,0,1,1,0,0,0,0,0,0,0,1,0,1,0,1,1
18115,-2.984341,-1.382986,-0.038714,2.39211,1.384273,1.662155,10,122977,2.5,8,1,5,18,12,1,0,0,0,136,0,0.6111111,2.031278,1,0,0,1,1,0,0,0,0,0,0,0,1,0,1,0,1,1
18122,-0.5225313,-1.6349471,0.24212515,0.95745075,1.7171646,3.303246,3,8221035,2.5,8,1,0,18,12,1,0,0,0,10777,1,0.6111111,2.031278,1,0,0,1,1,0,0,0,0,0,0,0,1,0,1,0,1,1
18131,0,0,0,0,0,0,0,243742,0,0,1,0,18,12,1,0,0,0,0,0,0,0,1,0,0,1,1,0,0,0,0,0,0,0,1,0,1,0,1,1
18132,1,1,1,-1,-1,-1,0,1660572,0,0,1,0,18,12,1,0,0,0,0,0,-20000000,-20000000,1,0,0,1,1,0,0,0,0,0,0,0,1,0,1,0,1,1
18193,-2.4655,-3.9247534,-0.32646024,3.632712,4.152267,10.842808,0,2404848,2.5,8,1,1,18,12,1,0,1095,1093,178,4,0.6111111,2.031278,1,0,0,1,1,0,0,0,0,0,0,0,1,0,1,0,1,1
18224,-1.6529868,-0.97707176,-0.06396331,1.701642,0.92208123,2.0429754,16,307527,2.5,6.94444,1,7,18,12,1,0,0,0,83,1,0.6111111,2.031278,1,0,0,1,1,0,0,0,0,0,0,0,1,0,1,0,1,1
18225,-1.6529877,-0.97707206,-0.063962296,1.6561564,0.92208004,1.9824979,16,307528,2.5,6.94444,1,7,18,12,1,0,0,0,83,1,0.6111111,2.031278,1,0,0,1,1,0,0,0,0,0,0,0,1,0,1,0,1,1
18273,-0.71146536,-0.85215276,-0.014924455,1.2272172,0.70188797,1.2580038,4096,7867342,2.5,8,1,5,7,5,1,0,0,0,2094,1,0.6111111,2.031278,1,0,0,1,1,0,0,0,0.387196,0,0,0,1,0,1,0,1,1
18303,0,0,0,0,0,0,0,953794,0,0,1,0,18,12,1,0,0,0,0,0,0,0,1,0,0,1,1,0,0,0,0,0,0,0,1,0,1,0,1,1
18310,-0.45385855,-0.39596167,-0.010104639,0.35429725,0.44509304,2.341875,2048,921844,2.5,8,1,1,12,10,1,0,0,0,56,1,0.6111111,2.031278,1,0,0,1,1,0,0,0,0,0,0,0,1,0,1,0,1,1
