Pos[0],Pos[1],PosPreSquish[0],PosPreSquish[1],ID,CurveID,OrderIndex
0,0,0,0,527,104,0
0,1,0,0,528,105,0
0,0,0,0,529,106,0
1,1,0,0,530,106,1
0,1,0,1,4780,1344,0
1,0,1,0,4781,1344,1
0,1,0,1,4782,1345,0
1,1,1,1,4783,1345,1
0,1,0,1,4785,1346,0
0.18281938,0.5018657,0.18281938,0.5018657,4786,1346,1
0.5011013,0.19962686,0.5011013,0.19962686,4787,1346,2
1,0,1,0,4788,1346,3
0,1,0,1,4789,1347,0
0.14757709,0.30037314,0.14757709,0.30037314,4790,1347,1
0.3017621,0.10074627,0.3017621,0.10074627,4791,1347,2
1,0,1,0,4792,1347,3
0,1,0,1,4993,1397,0
1,0.49813432,1,0.49813432,4994,1397,1
0,70,0,0,8041,2073,0
0.0990099,70,0,0,8042,2073,1
0.2,40,0,0,8043,2073,2
0.3,27,0,0,8044,2073,3
0.4,20,0,0,8045,2073,4
0.5,16,0,0,8046,2073,5
1,8.3,0,0,8047,2073,6
2,4.2,0,0,8048,2073,7
3,2.8,0,0,8049,2073,8
4,2.11,0,0,8050,2073,9
5,1.69,0,0,8051,2073,10
10,0.845,0,0,8052,2073,11
20,0.423,0,0,8053,2073,12
30,0.282,0,0,8054,2073,13
40,0.2115,0,0,8055,2073,14
50,0.1692,0,0,8056,2073,15
60,0.141,0,0,8057,2073,16
1,1.3,0,0,8968,2244,0
5,0.6,0,0,8969,2244,1
10,0.45,0,0,8970,2244,2
20,0.4,0,0,8971,2244,3
0,1,0,1,11769,2798,0
45,1,45,1,11770,2798,1
90,0.45,90,0.45,11771,2798,2
180,0.2,180,0.2,11772,2798,3
0,1,0,1,11773,2799,0
25,1,25,1,11774,2799,1
90,0.25,90,0.25,11775,2799,2
180,0.1,180,0.1,11776,2799,3
0,10,0,10,11777,2800,0
45,10,45,10,11778,2800,1
90,7,90,7,11779,2800,2
180,4,180,4,11780,2800,3
0,-80,0,-80,13175,3159,0
0.03125,-30,0.03125,-30,13176,3159,1
0,0,0,0,13177,3160,0
0.5,-6,0.5,-6,13178,3160,1
0.75,-12,0.75,-12,14135,3160,2
0.875,-18,0.875,-18,14136,3160,3
0.9375,-24,0.9375,-24,14137,3160,4
0.96875,-30,0.96875,-30,14138,3160,5
0.0625,-24,0.0625,-24,14139,3159,2
0.125,-18,0.125,-18,14140,3159,3
0.25,-12,0.25,-12,14141,3159,4
0.5,-6,0.5,-6,14142,3159,5
0.75,-3,0.75,-3,14143,3159,6
1,0,1,0,14144,3159,7
1,-80,1,-80,14145,3160,6
0,-80,0,-80,29241,7858,0
0.19272727,-56.89839,0.19272727,-56.89839,29242,7858,1
0.35272726,-41.497326,0.35272726,-41.497326,29243,7858,2
0.6290909,-14.973267,0.6290909,-14.973267,29244,7858,3
0.77454543,-7.272728,0.77454543,-7.272728,29245,7858,4
1,0,1,0,29246,7858,5
0,-80,0,-80,29303,7876,0
0.19272727,-56.89839,0.19272727,-56.89839,29304,7876,1
0.35272726,-41.497326,0.35272726,-41.497326,29305,7876,2
0.6290909,-14.973267,0.6290909,-14.973267,29306,7876,3
0.77454543,-7.272728,0.77454543,-7.272728,29307,7876,4
1,0,1,0,29308,7876,5
0,-80,0,-80,29626,7945,0
0,0,0,0,29627,7945,1
0,0,0,0,29628,7945,2
1.0413148,0,1.0413148,0,29629,7945,3
2.4506807,-80,2.4506807,-80,29630,7945,4
3.8780003,-80,3.8780003,-80,29631,7945,5
0,-80,0,-80,44385,12993,0
0.20363636,-20.53476,0.20363636,-20.53476,44386,12993,1
0.5,-6,0.5,-6,44387,12993,2
0.75,-3,0.75,-3,44388,12993,3
1,0,1,0,44389,12993,4
0,-80,0,-80,46530,13773,0
0,0,0,0,46531,13773,1
0.7223565,0,0.7223565,0,46532,13773,2
3.4946434,-78.99581,3.4946434,-78.99581,46533,13773,3
4.217,-80,4.217,-80,46534,13773,4
0,0,0,0,46535,13774,0
4.217,-15.163181,4.217,-15.163181,46536,13774,1
0,-80,0,-80,46587,13833,0
0,0,0,0,46588,13833,1
0.7223565,0,0.7223565,0,46589,13833,2
1.9620764,-80,1.9620764,-80,46590,13833,3
4.217,-80,4.217,-80,46591,13833,4
0,0,0,0,46592,13834,0
0.30260882,4.117155,0.30260882,4.117155,46593,13834,1
0.49784026,-2.711296,0.49784026,-2.711296,46594,13834,2
0.8004491,0.90376663,0.8004491,0.90376663,46595,13834,3
0.96639585,-3.3138084,0.96639585,-3.3138084,46596,13834,4
1.6887523,0.50209236,1.6887523,0.50209236,46597,13834,5
4.217,-2.3096237,4.217,-2.3096237,46598,13834,6
0,0,0,0,46599,13835,0
1.2299583,2.5104618,1.2299583,2.5104618,46600,13835,1
1.3861436,0.10041809,1.3861436,0.10041809,46601,13835,2
4.217,-0.10041809,4.217,-0.10041809,46602,13835,3
0,-80,0,-80,46640,13860,0
0.19439815,0,0.19439815,0,46641,13860,1
1.2693056,0,1.2693056,0,46642,13860,2
2.458565,-80,2.458565,-80,46643,13860,3
4.94,-80,4.94,-80,46644,13860,4
0,-80,0,-80,47440,14260,0
0,0,0,0,47441,14260,1
0.8159792,0,0.8159792,0,47442,14260,2
1.9860624,-80,1.9860624,-80,47443,14260,3
2.217,-80,2.217,-80,47444,14260,4
0,0,0,0,51816,15580,0
0.864,0,0.864,0,51817,15580,1
2.96,0,2.96,0,51818,15580,2
7.5200005,-80,7.5200005,-80,51819,15580,3
8.64,-80,8.64,-80,51820,15580,4
0,15.96653,0,15.96653,58295,17585,0
0.23425695,0.10041809,0.23425695,0.10041809,58296,17585,1
4.8190002,0,4.8190002,0,58297,17585,2
0,13.95816,0,13.95816,58298,17586,0
0.18912037,-0.10041809,0.18912037,-0.10041809,58299,17586,1
4.085,0,4.085,0,58300,17586,2
0,18.175732,0,18.175732,58304,17587,0
0.125414,0,0.125414,0,58305,17587,1
3.187,0,3.187,0,58306,17587,2
0,18.175732,0,18.175732,58307,17588,0
0.125414,0,0.125414,0,58308,17588,1
3.187,0,3.187,0,58309,17588,2
0,13.95816,0,13.95816,58310,17589,0
0.18912037,-0.10041809,0.18912037,-0.10041809,58311,17589,1
4.085,0,4.085,0,58312,17589,2
0,15.96653,0,15.96653,58313,17590,0
0.23425695,0.10041809,0.23425695,0.10041809,58314,17590,1
4.8190002,0,4.8190002,0,58315,17590,2
0,7.732218,0,7.732218,58316,17591,0
0.037625004,0.10041809,0.112875,0,58317,17591,1
5.418,0,5.418,0,58318,17591,2
0,8.334724,0,12.351463,58319,17596,0
0.113472,0,0.113472,0,58320,17596,1
4.085,0,4.085,0,58321,17596,2
0,11.748955,0,11.748955,58322,17600,0
0.044620372,0.30125427,0.044620372,0.30125427,58323,17600,1
4.8190002,0,4.8190002,0,58324,17600,2
0,12.351463,0,12.351463,58325,17604,0
0.113472,0,0.113472,0,58326,17604,1
4.085,0,4.085,0,58327,17604,2
0,6.1255245,0,6.1255245,58331,17606,0
0.0823333,0,0.0823333,0,58332,17606,1
4.446,0,4.446,0,58333,17606,2
0,-80,0,0,69550,21311,0
0,0,0,0,69551,21311,1
0.35011113,0,0,0,69552,21311,2
0.72305554,-7.3640137,0,0,69553,21311,3
1.8723333,-80,0,0,69554,21311,4
3.288,-80,0,0,69555,21311,5
0,15.96653,0,0,71076,21708,0
0.11155093,0.30125427,0,0,71077,21708,1
4.8190002,0,0,0,71078,21708,2
0,13.95816,0,0,71079,21711,0
0.08510417,0.30125427,0,0,71080,21711,1
4.085,0,0,0,71081,21711,2
0,18.175732,0,0,71082,21715,0
0.066395834,0.30125427,0,0,71083,21715,1
3.187,0,0,0,71084,21715,2
0,18.175732,0,0,71085,21717,0
0.066395834,0.30125427,0,0,71086,21717,1
3.187,0,0,0,71087,21717,2
0,13.95816,0,0,71088,21718,0
0.08510417,0.30125427,0,0,71089,21718,1
4.085,0,0,0,71090,21718,2
0,15.96653,0,0,71091,21719,0
0.11155093,0.30125427,0,0,71092,21719,1
4.8190002,0,0,0,71093,21719,2
0,11.748955,0,0,71094,21721,0
0.044620372,0.30125427,0,0,71095,21721,1
4.8190002,0,0,0,71096,21721,2
0,12.351463,0,0,71097,21725,0
0.04728009,0.30125427,0,0,71098,21725,1
4.085,0,0,0,71099,21725,2
0,18.175732,0,0,71100,21728,0
0.066395834,0.30125427,0,0,71101,21728,1
3.187,0,0,0,71102,21728,2
0,13.95816,0,0,71103,21731,0
0.08510417,0.30125427,0,0,71104,21731,1
4.085,0,0,0,71105,21731,2
0,18.175732,0,0,71106,21733,0
0.066395834,0.30125427,0,0,71107,21733,1
3.187,0,0,0,71108,21733,2
0,18.175732,0,0,71109,21734,0
0.066395834,0.30125427,0,0,71110,21734,1
3.187,0,0,0,71111,21734,2
0,13.95816,0,0,71112,21735,0
0.08510417,0.30125427,0,0,71113,21735,1
4.085,0,0,0,71114,21735,2
0,15.96653,0,0,71115,21736,0
0.11155093,0.30125427,0,0,71116,21736,1
4.8190002,0,0,0,71117,21736,2
0,18.175732,0,0,71118,21737,0
0.066395834,0.30125427,0,0,71119,21737,1
3.187,0,0,0,71120,21737,2
0,13.95816,0,0,71121,21738,0
0.08510417,0.30125427,0,0,71122,21738,1
4.085,0,0,0,71123,21738,2
0,15.96653,0,0,71124,21739,0
0.11155093,0.30125427,0,0,71125,21739,1
4.8190002,0,0,0,71126,21739,2
0,-80,0,0,72614,22086,0
0,0,0,0,72615,22086,1
0,0,0,0,72616,22086,2
1.4280093,0,0,0,72617,22086,3
3.1,-50,0,0,72618,22086,4
3.1000001,-80,0,0,72619,22086,5
0,19.581589,0,0,73021,22231,0
0.19708332,0.10041809,0,0,73022,22231,1
4.257,0,0,0,73023,22231,2
0,-80,0,0,75236,22880,0
0.6814653,-18.410042,0,0,75237,22880,1
1.4868335,0,0,0,75238,22880,2
1.652037,0,0,0,75239,22880,3
2.6019583,0,0,0,75240,22880,4
4.1300926,-11.046021,0,0,75241,22880,5
6.0299354,-80,0,0,75242,22880,6
8.673195,-80,0,0,75243,22880,7
8.9210005,-80,0,0,75244,22880,8
0,-80,0,0,75463,22943,0
0,0,0,0,75464,22943,1
0.13577779,0,0,0,75465,22943,2
0.6534306,-6.0251007,0,0,75466,22943,3
1.1201667,-21.422596,0,0,75467,22943,4
1.7354099,-80,0,0,75468,22943,5
1.8117847,-80,0,0,75469,22943,6
1.8330001,-80,0,0,75470,22943,7
0,-80,0,0,77466,23942,0
0,0,0,0,77467,23942,1
0.126875,0,0,0,77468,23942,2
0.29362503,0,0,0,77469,23942,3
0.5075,-9.707115,0,0,77470,23942,4
0.73950005,-78.99581,0,0,77471,23942,5
1.5660001,-80,0,0,77472,23942,6
0,0,0,0,78450,24231,0
2.653,5.322174,0,0,78451,24231,1
0,-80,0,0,78543,24261,0
0,0,0,0,78544,24261,1
0.02284028,0,0,0,78545,24261,2
0.10014585,0,0,0,78546,24261,3
0.2723264,0,0,0,78547,24261,4
0.60965973,-80,0,0,78548,24261,5
0.75900006,-80,0,0,78551,24261,6
0,-80,0,0,84329,26260,0
0,-37.15481,0,0,84330,26260,1
0.0889676,-10.376572,0,0,84331,26260,2
0.25072688,-1.0041885,0,0,84332,26260,3
0.5257177,0,0,0,84333,26260,4
0.6874769,0,0,0,84334,26260,5
1.1161389,0,0,0,84335,26260,6
1.5205371,-3.6820068,0,0,84336,26260,7
1.6984723,-19.748955,0,0,84337,26260,8
1.7470001,-36.48536,0,0,84338,26260,9
1.7470001,-80,0,0,84339,26260,10
0,17.171547,0,0,87215,27410,0
0.099331,0,0,0,87216,27410,1
3.9010003,0,0,0,87217,27410,2
0,0,0,0,94951,29918,0
0,-80,0,0,94952,29918,1
1,-80,0,0,94953,29918,2
0,0,0,0,95382,30100,0
1,1,0,0,95383,30100,1
0,1,0,0,96101,30372,0
0,1,0,0,96102,30373,0
0,1,0,0,96103,30374,0
0,1,0,0,103822,33101,0
1,0.66844916,0,0,103823,33101,1
0,-80,0,0,104275,33296,0
0,0,0,0,104276,33296,1
0.2689815,-0.33473206,0,0,104277,33296,2
0.50337964,-7.3640137,0,0,104278,33296,3
0.8069445,-16.736404,0,0,104279,33296,4
1.0182871,-42.17573,0,0,104280,33296,5
1.1835186,-80,0,0,104281,33296,6
1.6600001,-80,0,0,104282,33296,7
0,0,0,0,105981,33922,0
0.18545455,0,0,0,105982,33922,1
0.28,0.10160428,0,0,105983,33922,2
0.38181818,0.021390378,0,0,105984,33922,3
0.4109091,0.10160428,0,0,105985,33922,4
0.5090909,0.27807486,0,0,105986,33922,5
0.5090909,0.28877008,0,0,105987,33922,6
0.5527273,0.342246,0,0,105988,33922,7
0.66545457,0.48663104,0,0,105989,33922,8
0.68363637,0.51336896,0,0,105990,33922,9
1,0.5026738,0,0,105991,33922,10
0,0,0,0,106120,33963,0
0.20727272,0,0,0,106121,33963,1
0.43636364,0.12834227,0,0,106122,33963,2
0.56363636,0.32085562,0,0,106123,33963,3
0.75636363,0.4919786,0,0,106124,33963,4
1,0.5240642,0,0,106125,33963,5
0,0,0,0,109144,34931,0
0.42181817,0.19786096,1,1,109145,34931,1
0.75272727,0.56149733,0,0,109146,34931,2
1,1,0,0,109147,34931,3
0,0,0,0,109148,34932,0
0.3272727,0.57219255,1,1,109149,34932,1
0.7090909,0.9411765,0,0,109150,34932,2
1,1,0,0,109151,34932,3
0,0,0,0,109152,34933,0
0.12363636,0.48663104,1,1,109153,34933,1
0.7927273,0.7593583,0,0,109154,34933,2
1,1,0,0,109155,34933,3
0,0,0,0,114339,36827,0
0.42181817,0.19786096,1,1,114340,36827,1
0.75272727,0.56149733,0,0,114341,36827,2
1,1,0,0,114342,36827,3
0,0,0,0,114343,36828,0
0.3272727,0.57219255,1,1,114344,36828,1
0.7090909,0.9411765,0,0,114345,36828,2
1,1,0,0,114346,36828,3
0,0,0,0,114347,36829,0
0.12363636,0.48663104,1,1,114348,36829,1
0.7927273,0.7593583,0,0,114349,36829,2
1,1,0,0,114350,36829,3
0,-80,0,0,145495,50618,0
0,0,0,0,145496,50618,1
0.34444445,0,0,0,145497,50618,2
1.6899307,-80,0,0,145498,50618,3
4.65,-80,0,0,145499,50618,4
0,-80,0,0,147933,51752,0
0,0,0,0,147934,51752,1
1.2213218,0,0,0,147935,51752,2
3.2231877,-80,0,0,147936,51752,3
3.9670002,-80,0,0,147937,51752,4
0,-80,0,0,158094,56368,0
0,0,0,0,158095,56368,1
0.9335626,0,0,0,158096,56368,2
2.920375,-80,0,0,158097,56368,3
3.4470003,-80,0,0,158098,56368,4
0,0,0,0,158099,56369,0
3.4470003,3.1129704,0,0,158100,56369,1
0,-80,0,0,158101,56370,0
0.43885422,0,0,0,158102,56370,1
2.4097085,0,0,0,158103,56370,2
3.4470003,-80,0,0,158104,56370,3
3.4470003,-80,0,0,158105,56370,4
0,-80,0,0,166487,60141,0
0,0,0,0,166488,60141,1
0.02284028,0,0,0,166489,60141,2
0.10014585,0,0,0,166490,60141,3
0.2723264,0,0,0,166491,60141,4
0.60965973,-80,0,0,166492,60141,5
0.75900006,-80,0,0,166493,60141,6
0,-80,0,0,166557,60155,0
0.25925925,-11.380753,0,0,166558,60155,1
0.3611111,0,0,0,166559,60155,2
0.6111111,0,0,0,166560,60155,3
3.898148,0,0,0,166561,60155,4
4,0,0,0,166562,60155,5
0,-80,0,0,167130,60414,0
0,0,0,0,167131,60414,1
0.02284028,0,0,0,167132,60414,2
0.10014585,0,0,0,167133,60414,3
0.2723264,0,0,0,167134,60414,4
0.60965973,-80,0,0,167135,60414,5
0.75900006,-80,0,0,167136,60414,6
0,-80,0,0,169111,61058,0
0,0,0,0,169112,61058,1
0.70633334,0,0,0,169113,61058,2
1.5686668,-80,0,0,169114,61058,3
1.8720001,-80,0,0,169115,61058,4
0,-80,0,0,169116,61059,0
0,0,0,0,169117,61059,1
1.2213218,0,0,0,169118,61059,2
3.2231877,-80,0,0,169119,61059,3
3.9670002,-80,0,0,169120,61059,4
0,-80,0,-80,170003,61394,0
1,0,0.03125,-30,170004,61394,1
0,0,0,0,170005,61395,0
1,-80,0.5,-6,170006,61395,1
0,0,0,0,171778,62035,0
0.91600007,-2.51046,0,0,171779,62035,1
0,0,0,0,171780,62034,0
0.91600007,-2.51046,0,0,171781,62034,1
0,-80,0,0,174848,62484,0
0,0,0,0,174849,62484,1
0.047250003,0,0,0,174850,62484,2
0.19775,0,0,0,174851,62484,3
0.37800002,-80,0,0,174852,62484,4
1,1,0,0,179914,64399,0
0,0,0,0,185914,66747,0
2.1594028,24,2.1594028,24,185915,66747,1
7.0140004,24,7.0140004,24,185916,66747,2
0,0,0,0,188489,67877,0
6.202,0,0,0,188490,67877,1
0,0,0,0,188491,67879,0
6.202,0,0,0,188492,67879,1
0,0,0,0,188493,67880,0
9.028001,-1.5062771,0,0,188494,67880,1
0,0,0,0,188495,67881,0
4.418,0,0,0,188496,67881,1
0,-80,0,-80,188497,67882,0
0.03125,-30,0.03125,-30,188498,67882,1
0.0625,-24,0.0625,-24,188499,67882,2
0.10909091,-9.839569,0.125,-18,188500,67882,3
0.17454545,0,0.25,-12,188501,67882,4
0.47636363,0,0.5,-6,188502,67882,5
0.71272725,0,0.75,-3,188503,67882,6
1,0,1,0,188504,67882,7
0,-80,0,-80,188505,67883,0
0.08,-28.23529,0.03125,-30,188506,67883,1
0.27636364,-14.545456,0.0625,-24,188507,67883,2
0.5163636,-8.556152,0.125,-18,188508,67883,3
0.75,-3,0.25,-12,188509,67883,4
1,0,0.5,-6,188510,67883,5
1,0,0,0,188850,67999,0
1,0.5,0,0,188851,67999,1
2,2000,0,0,188852,67999,2
3,5000,0,0,188853,67999,3
4,10000,0,0,188854,67999,4
5,15000,0,0,188855,67999,5
6,20000,0,0,188856,67999,6
7,25000,0,0,188857,67999,7
8,30000,0,0,188858,67999,8
9,35000,0,0,188859,67999,9
10,40000,0,0,188860,67999,10
11,45000,0,0,188861,67999,11
12,50000,0,0,188862,67999,12
13,55000,0,0,188863,67999,13
14,60000,0,0,188864,67999,14
15,65000,0,0,188865,67999,15
1,1,0,0,188878,68000,0
45000,20000,0,0,188879,68000,1
175000,40000,0,0,188880,68000,2
500000,60000,0,0,188881,68000,3
0,9.9414215,0,0,190847,68797,0
0.19625002,0.10041809,0,0,190848,68797,1
1.4130001,0,0,0,190849,68797,2
0,0,0,0,191364,68949,0
6.202,0,0,0,191365,68949,1
0,-80,0,-80,191405,68960,0
0.17090909,-42.352943,0.17090909,-42.352943,191406,68960,1
0.45454547,-18.395721,0.45454547,-18.395721,191407,68960,2
0.75,-3,0.75,-3,191408,68960,3
1,0,1,0,191409,68960,4
0,0,0,0,191410,68961,0
0.14909092,-24.385029,0.14909092,-24.385029,191411,68961,1
0.39636365,-52.192513,0.39636365,-52.192513,191412,68961,2
0.55636364,-60.748665,0.55636364,-60.748665,191413,68961,3
1,-80,1,-80,191414,68961,4
0,-80,0,-80,191601,69051,0
0.0625,-65.454544,0.03125,-30,191602,69051,1
0.125,-50.05348,0.0625,-24,191603,69051,2
0.21818182,-31.657753,0.125,-18,191604,69051,3
0.36363637,-22.245987,0.25,-12,191605,69051,4
0.49454546,-14.117645,0.5,-6,191606,69051,5
0.60727274,-8.128342,0.75,-3,191607,69051,6
1,0,1,0,191608,69051,7
1,0.10000002,0,0,191609,69052,0
1,0.1,0,0,191610,69052,1
2,0.1,0,0,191611,69052,2
3,0.1,0,0,191612,69052,3
4,0.1,0,0,191613,69052,4
5,0.1,0,0,191614,69052,5
6,0.1,0,0,191615,69052,6
7,0.1,0,0,191616,69052,7
8,0.1,0,0,191617,69052,8
9,0.1,0,0,191618,69052,9
10,0.1,0,0,191619,69052,10
11,0.1,0,0,191620,69052,11
12,0.1,0,0,191621,69052,12
13,0.1,0,0,191622,69052,13
14,0.1,0,0,191623,69052,14
15,0.1,0,0,191624,69052,15
16,0.1,0,0,191625,69052,16
16,0.1,0,0,191626,69052,17
16,0.1,0,0,191627,69052,18
17,0.1,0,0,191628,69052,19
18,0.1,0,0,191629,69052,20
19,0.1,0,0,191630,69052,21
20,0.1,0,0,191631,69052,22
21,0.1,0,0,191632,69052,23
22,0.1,0,0,191633,69052,24
23,0.1,0,0,191634,69052,25
24,0.1,0,0,191635,69052,26
25,0.1,0,0,191636,69052,27
26,0.1,0,0,191637,69052,28
27,0.1,0,0,191638,69052,29
28,0.1,0,0,191639,69052,30
29,0.1,0,0,191640,69052,31
30,0.11,0,0,191641,69052,32
31,0.125,0,0,191642,69052,33
32,0.14,0,0,192224,69052,34
33,0.155,0,0,192225,69052,35
34,0.17,0,0,192226,69052,36
35,0.185,0,0,192227,69052,37
36,0.205,0,0,192228,69052,38
37,0.225,0,0,192229,69052,39
38,0.245,0,0,192230,69052,40
39,0.265,0,0,192231,69052,41
40,0.29,0,0,192232,69052,42
41,0.315,0,0,192233,69052,43
42,0.34,0,0,192234,69052,44
43,0.365,0,0,192235,69052,45
44,0.4,0,0,192236,69052,46
45,0.435,0,0,192237,69052,47
46,0.47,0,0,192238,69052,48
47,0.505,0,0,192239,69052,49
48,0.54,0,0,192240,69052,50
49,0.575,0,0,192241,69052,51
50,0.61,0,0,192242,69052,52
51,0.645,0,0,192243,69052,53
52,0.68,0,0,192244,69052,54
53,0.72,0,0,192245,69052,55
54,0.76,0,0,192246,69052,56
55,0.8,0,0,192247,69052,57
56,0.84,0,0,192248,69052,58
57,0.88,0,0,192249,69052,59
58,0.92,0,0,192250,69052,60
59,0.96,0,0,192251,69052,61
60,1,0,0,192252,69052,62
100,1,0,0,192253,69052,63
1,1,0,0,192595,69373,0
2,1,0,0,192596,69373,1
3,1,0,0,192597,69373,2
4,0.8,0,0,192598,69373,3
5,0.8,0,0,192599,69373,4
6,0.8,0,0,192600,69373,5
7,0.7,0,0,192601,69373,6
8,0.7,0,0,192602,69373,7
9,0.6,0,0,192603,69373,8
10,0.6,0,0,192604,69373,9
11,0.5,0,0,192605,69373,10
12,0.5,0,0,192606,69373,11
13,0.4,0,0,192607,69373,12
14,0.34,0,0,192608,69373,13
0,-40,0,0,192620,69378,0
0.252645,-17.2775,0,0,192621,69378,1
1,1,0,0,192782,69430,0
1,1,0,0,192783,69430,1
45000,20000,0,0,192784,69430,2
175000,40000,0,0,192785,69430,3
500000,65000,0,0,192786,69430,4
0,0,0,0,192799,69435,0
0.0985325,0.5344827,0,0,192800,69435,1
0.38784066,0.73448277,0,0,192801,69435,2
0,0,0,0,192802,69436,0
0.5,0.5,0,0,192803,69436,1
1,1,0,0,192804,69436,2
1,1,0,0,192847,69435,3
1,1,0,0,192848,69444,0
1,1,0,0,192849,69444,1
50287.34,19619.88,0,0,192850,69444,2
172502.25,41805.72,0,0,192851,69444,3
500000,65000,0,0,192852,69444,4
0.50661373,-5.968586,0,0,193530,69378,2
1,0,0,0,193531,69378,3
0,0,0,0,197276,70961,0
0.3272727,-5.13369,0,0,197277,70961,1
0.42909092,-8.556152,0,0,197278,70961,2
0.5272727,-37.219246,0,0,197279,70961,3
0.61454546,-78.716576,0,0,197280,70961,4
0.9490909,-80,0,0,197281,70961,5
1,-80,0,0,197282,70961,6
0,-80,0,0,198428,71345,0
0.5421001,0,0,0,198429,71345,1
2.5097225,0,0,0,198430,71345,2
3.5010626,-80,0,0,198431,71345,3
5.4210005,-80,0,0,198432,71345,4
25,3,0,0,201407,72257,0
40,5,0,0,201408,72257,1
50,7,0,0,201409,72257,2
60,13,0,0,201410,72257,3
0,-80,0,-80,201615,72345,0
1,0,0.03125,-30,201616,72345,1
0,0,0,0,201617,72346,0
1,-80,0.5,-6,201618,72346,1
0,0.1,0,0,203754,73147,0
0.05,1,0,0,203755,73147,1
1,1.0160428,0,0,203756,73147,2
0,1,0,0,204000,73218,0
0.7,1,0,0,204001,73218,1
1,0,0,0,204002,73218,2
0,1,0,0,204003,73219,0
0.7,1,0,0,204004,73219,1
1,0,0,0,204005,73219,2
0,1,0,0,204006,73220,0
0.7,1,0,0,204007,73220,1
1,0,0,0,204008,73220,2
0.65090907,0.7058823,0,0,204328,73300,0
0,0,0,0,204371,73312,0
1,1,0,0,204372,73312,1
0,0,0,0,204373,73313,0
1,1,0,0,204374,73313,1
0,0,0,0,204375,73314,0
1,1,0,0,204376,73314,1
0,0,0,0,204377,73315,0
1,1,0,0,204378,73315,1
0,0,0,0,204379,73316,0
1,1,0,0,204380,73316,1
0,0,0,0,204381,73317,0
1,1,0,0,204382,73317,1
0,0,0,0,204383,73318,0
1,1,0,0,204384,73318,1
0,0,0,0,204385,73319,0
1,1,0,0,204386,73319,1
0,0,0,0,204387,73320,0
1,1,0,0,204388,73320,1
0,0,0,0,204389,73321,0
1,1,0,0,204390,73321,1
0,0,0,0,204391,73322,0
1,1,0,0,204392,73322,1
0,0,0,0,204393,73323,0
1,1,0,0,204394,73323,1
0,0,0,0,204395,73324,0
1,1,0,0,204396,73324,1
0,0,0,0,204397,73325,0
1,1,0,0,204398,73325,1
0,0,0,0,204399,73326,0
1,1,0,0,204400,73326,1
0,0,0,0,204401,73327,0
1,1,0,0,204402,73327,1
0,0,0,0,204403,73328,0
1,1,0,0,204404,73328,1
0,0,0,0,204405,73329,0
1,1,0,0,204406,73329,1
0,0,0,0,204413,73333,0
1,1,0,0,204414,73333,1
0,0,0,0,204415,73334,0
1,1,0,0,204416,73334,1
0,0,0,0,204417,73335,0
1,1,0,0,204418,73335,1
0,0,0,0,204419,73336,0
1,1,0,0,204420,73336,1
0,0,0,0,204421,73337,0
1,1,0,0,204422,73337,1
0,0,0,0,204423,73338,0
1,1,0,0,204424,73338,1
0,0,0,0,204425,73339,0
1,1,0,0,204426,73339,1
0,0,0,0,204427,73340,0
1,1,0,0,204428,73340,1
0,0,0,0,204429,73341,0
1,1,0,0,204430,73341,1
0,0,0,0,204431,73342,0
1,1,0,0,204432,73342,1
0,0,0,0,204433,73343,0
1,1,0,0,204434,73343,1
0,0,0,0,204435,73344,0
1,1,0,0,204436,73344,1
0,0,0,0,204437,73345,0
1,1,0,0,204438,73345,1
0,0,0,0,204439,73346,0
1,1,0,0,204440,73346,1
0,0,0,0,204441,73347,0
1,1,0,0,204442,73347,1
0,0,0,0,204443,73348,0
1,1,0,0,204444,73348,1
0,0,0,0,204445,73349,0
1,1,0,0,204446,73349,1
0,0,0,0,204447,73350,0
1,1,0,0,204448,73350,1
0,0,0,0,204459,73353,0
1,1,0,0,204460,73353,1
0,0,0,0,204461,73354,0
1,1,0,0,204462,73354,1
0,0,0,0,204463,73355,0
1,1,0,0,204464,73355,1
0,0,0,0,204465,73356,0
1,1,0,0,204466,73356,1
0,0,0,0,204467,73357,0
1,1,0,0,204468,73357,1
0,0,0,0,204469,73358,0
1,1,0,0,204470,73358,1
0,0,0,0,204471,73359,0
1,1,0,0,204472,73359,1
0,0,0,0,204473,73360,0
0.33333334,0.33333334,0,0,204474,73360,1
0,0,0,0,204475,73361,0
0.33333334,0.33333334,0,0,204476,73361,1
0,0,0,0,204477,73362,0
1,1,0,0,204478,73362,1
0,0,0,0,204479,73363,0
1,1,0,0,204480,73363,1
0,0,0,0,204481,73364,0
1,1,0,0,204482,73364,1
0,0,0,0,204483,73365,0
1,1,0,0,204484,73365,1
0,0,0,0,204485,73366,0
1,1,0,0,204486,73366,1
0,0,0,0,204487,73367,0
1,1,0,0,204488,73367,1
0.6666666,0.6666666,0,0,204489,73360,2
1,1,0,0,204490,73360,3
0.6666666,0.6666666,0,0,204491,73361,2
1,1,0,0,204492,73361,3
0,0,0,0,204493,73368,0
1,1,0,0,204494,73368,1
0,0,0,0,204495,73369,0
1,1,0,0,204496,73369,1
0,0,0,0,204497,73370,0
1,1,0,0,204498,73370,1
0,0,0,0,204499,73371,0
1,1,0,0,204500,73371,1
0,0,0,0,204501,73372,0
1,1,0,0,204502,73372,1
0,0,0,0,204503,73373,0
1,1,0,0,204504,73373,1
0,1,0,0,204613,73428,0
0.3,2,0,0,204614,73428,1
0.9,2,0,0,204615,73428,2
1,0.5,0,0,204616,73428,3
0,1,0,0,204728,73456,0
0.3,4,0,0,204729,73456,1
1,4,0,0,204730,73456,2
0,0.1,0,0,205646,73734,0
0.05,1,0,0,205647,73734,1
1,1.0160428,0,0,205648,73734,2
0,0,0,0,207562,74270,0
1,1,0,0,207563,74270,1
0,0,0,0,207564,74271,0
1,1,0,0,207565,74271,1
0,0,0,0,207566,74272,0
1,1,0,0,207567,74272,1
0,0,0,0,207568,74273,0
1,1,0,0,207569,74273,1
0,0,0,0,207570,74274,0
1,1,0,0,207571,74274,1
0,0,0,0,207572,74275,0
1,1,0,0,207573,74275,1
0,-80,0,0,209646,74925,0
0,0,0,0,209647,74925,1
12.028632,0,0,0,209648,74925,2
15.444618,-80,0,0,209649,74925,3
15.699,-80,0,0,209650,74925,4
0,0,0,0,209719,74949,0
1,1,0,0,209720,74949,1
0,0,0,0,209721,74950,0
1,0,0,0,209722,74950,1
0,-6.2830005,0,0,209723,74951,0
0,0,0,0,209782,74974,0
0.20363636,0,0,0,209783,74974,1
0.49818182,1,0,0,209784,74974,2
0.49818182,0,0,0,209785,74974,3
0.8036364,1,0,0,209786,74974,4
1,1,0,0,209787,74974,5
0.69454545,1,0,0,212140,75379,0
0,0,0,0,212239,75400,0
0.5,-6,0,0,212240,75400,1
0.5781818,-29.518719,0,0,212241,75400,2
0.7381818,-41.497326,0,0,212242,75400,3
0.76363635,-53.04813,0,0,212243,75400,4
0.8618182,-60.748665,0,0,212244,75400,5
1,-80,0,0,212245,75400,6
0,-80,0,0,212246,75401,0
0,-80,0,0,212247,75401,1
0.5,-80,0,0,212248,75401,2
0.7927273,-80,0,0,212249,75401,3
0.92,-80,0,0,212250,75401,4
0.9709091,-80,0,0,212251,75401,5
1,-80,0,0,212252,75401,6
0,0.75,0,0,214238,75892,0
0,0.75,0,0,214239,75893,0
0,0.75,0,0,214240,75894,0
0,1.5,0,0,214241,75895,0
0,1.5,0,0,214242,75896,0
0,2,0,0,214243,75897,0
0,25,0,0,215544,76487,0
0,9.9414215,0,0,216529,76880,0
0.19625002,0.10041809,0,0,216530,76880,1
1.4130001,0,0,0,216531,76880,2
0,-80,0,0,216885,77027,0
0.296338,0,0,0,216886,77027,1
1.5976484,0,0,0,216887,77027,2
5.5660005,-80,0,0,216888,77027,3
5.5660005,-80,0,0,216889,77027,4
0,-80,0,-80,216909,77047,0
1,0,0.03125,-30,216910,77047,1
0,0,0,0,216911,77048,0
1,-80,0.5,-6,216912,77048,1
0,-80,0,0,217835,77415,0
0.0625,-80,0,0,217836,77415,1
0.125,-80,0,0,217837,77415,2
0.24727273,-78.716576,0,0,217838,77415,3
0.5,-80,0,0,217839,77415,4
0.5,-6,0,0,217840,77415,5
0.75,-3,0,0,217841,77415,6
1,0,0,0,217842,77415,7
0,-80,0,0,217925,77450,0
0.0625,-80,0,0,217926,77450,1
0.125,-80,0,0,217927,77450,2
0.25,-80,0,0,217928,77450,3
0.25,-12,0,0,217929,77450,4
0.5,-6,0,0,217930,77450,5
0.75,-3,0,0,217931,77450,6
1,0,0,0,217932,77450,7
0,0,0,0,217933,77451,0
0.23636363,-80,0,0,217934,77451,1
0.41454545,-80,0,0,217935,77451,2
0.68363637,-80,0,0,217936,77451,3
0.8218182,-80,0,0,217937,77451,4
0.9309091,-80,0,0,217938,77451,5
1,-80,0,0,217939,77451,6
0,-80,0,0,217940,77452,0
0.0625,-80,0,0,217941,77452,1
0.125,-80,0,0,217942,77452,2
0.25,-80,0,0,217943,77452,3
0.25,-12,0,0,217944,77452,4
0.5,-6,0,0,217945,77452,5
0.75,-3,0,0,217946,77452,6
1,0,0,0,217947,77452,7
0,0,0,0,217948,77453,0
0.23636363,-80,0,0,217949,77453,1
0.41454545,-80,0,0,217950,77453,2
0.68363637,-80,0,0,217951,77453,3
0.8218182,-80,0,0,217952,77453,4
0.9309091,-80,0,0,217953,77453,5
1,-80,0,0,217954,77453,6
0,-80,0,0,217955,77454,0
0.0625,-80,0,0,217956,77454,1
0.125,-80,0,0,217957,77454,2
0.25,-80,0,0,217958,77454,3
0.5,-80,0,0,217959,77454,4
0.75,-80,0,0,217960,77454,5
0.9236364,-80,0,0,217961,77454,6
1,-80,0,0,217962,77454,7
0,-80,0,0,217963,77455,0
0.14181818,-80,0,0,217964,77455,1
0.45454547,-80,0,0,217965,77455,2
0.5418182,-80,0,0,217966,77455,3
0.7709091,-80,0,0,217967,77455,4
0.9375,-80,0,0,217968,77455,5
1,-80,0,0,217969,77455,6
0,-80,0,-80,219415,77727,0
0.12,-41.925133,0.12,-41.925133,219416,77727,1
0.22909091,-30.802135,0.22909091,-30.802135,219417,77727,2
0.31272727,-22.245987,0.31272727,-22.245987,219418,77727,3
0.40363637,-15.40107,0.40363637,-15.40107,219419,77727,4
0.5709091,-8.556152,0.5709091,-8.556152,219420,77727,5
0.76363635,-5.561493,0.76363635,-5.561493,219421,77727,6
1,0,1,0,219422,77727,7
0,1,0,0,219527,77776,0
10,1,0,0,219528,77776,1
11,10,0,0,219529,77776,2
19,90,0,0,219532,77776,3
20,100,0,0,219533,77776,4
100,500,0,0,219534,77776,5
0,0,0,0,219944,77952,0
1,1,0,0,219945,77952,1
0,0,0,0,219946,77953,0
0.33333334,0.33333334,0,0,219947,77953,1
0.6666666,0.6666666,0,0,219948,77953,2
1,1,0,0,219949,77953,3
0,0,0,0,219950,77954,0
0.33333334,0.33333334,0,0,219951,77954,1
0.6666666,0.6666666,0,0,219952,77954,2
1,1,0,0,219953,77954,3
0,0,0,0,220008,77972,0
1,1,0,0,220009,77972,1
0,0,0,0,220010,77973,0
8.962001,-8.133891,0,0,220011,77973,1
0,0.0053476095,0,0,220075,78008,0
1,1,0,0,220076,78008,1
0,1,0,1,220462,78137,0
1,0,1,0,220463,78137,1
0,-80,0,0,220467,78139,0
0.094545454,-80,0,0,220468,78139,1
0.32,-80,0,0,220469,78139,2
0.56,-80,0,0,220470,78139,3
0.72727275,-80,0,0,220471,78139,4
0.86545455,-80,0,0,220472,78139,5
1,-80,0,0,220473,78139,6
0,0,0,0,221039,78166,0
15.882001,0,0,0,221040,78166,1
0,0,0,0,221273,78472,0
1,1,0,0,221274,78472,1
0,0,0,0,221275,78473,0
0.33333334,0.33333334,0,0,221276,78473,1
0.6666666,0.6666666,0,0,221277,78473,2
1,1,0,0,221278,78473,3
0,0,0,0,221279,78474,0
0.33333334,0.33333334,0,0,221280,78474,1
0.6666666,0.6666666,0,0,221281,78474,2
1,1,0,0,221282,78474,3
0,-80,0,0,221757,78704,0
0,0,0,0,221758,78704,1
1.4153613,0,0,0,221759,78704,2
2.8469908,-80,0,0,221760,78704,3
3.5140002,-80,0,0,221761,78704,4
0,0,0,0,223847,79313,0
2.891,9.539749,0,0,223848,79313,1
0,0,0,0,224149,79409,0
1,1,0,0,224150,79409,1
0,0,0,0,224151,79410,0
1,1,0,0,224152,79410,1
0,0,0,0,224153,79411,0
1,1,0,0,224154,79411,1
0,0,0,0,224155,79412,0
1,1,0,0,224156,79412,1
0,0,0,0,224157,79413,0
1,1,0,0,224158,79413,1
0,0,0,0,224159,79414,0
1,1,0,0,224160,79414,1
0,0,0,0,224259,79445,0
1,1,0,0,224260,79445,1
0,0,0,0,224261,79446,0
1,1,0,0,224262,79446,1
0,0,0,0,224263,79447,0
1,1,0,0,224264,79447,1
0,0,0,0,224265,79448,0
1,1,0,0,224266,79448,1
0,0,0,0,224267,79449,0
1,1,0,0,224268,79449,1
0,0,0,0,224269,79450,0
1,1,0,0,224270,79450,1
0,-80,0,-80,224271,79451,0
0,0,0,0,224272,79451,1
0.35077778,0,0.35077778,0,224273,79451,2
0.6451806,-80,0.6451806,-80,224274,79451,3
1.353,-80,1.353,-80,224275,79451,4
0,0,0,0,224357,79465,0
2.9080002,5.12134,0,0,224358,79465,1
0,-80,0,0,224517,79500,0
0,0,0,0,224518,79500,1
3,0,0,0,224519,79500,2
4.0046296,-80,0,0,224520,79500,3
5,-80,0,0,224521,79500,4
0,-80,0,0,224522,79501,0
0,0,0,0,224523,79501,1
1.5308797,0,0,0,224524,79501,2
2.9994562,-78.99581,0,0,224525,79501,3
3.8450003,-80,0,0,224526,79501,4
0,0,0,0,224666,79534,0
1,0.11764705,0,0,224667,79534,1
0,0,0,0,224684,79535,0
1,0.40106952,0,0,224685,79535,1
0.62545455,0.9946524,0,0,224693,79537,0
0,1,0,1,224794,79564,0
1,0,1,0,224795,79564,1
0,0,0,0,225624,79796,0
1,1,0,0,225625,79796,1
0,0,0,0,225626,79797,0
1,1,0,0,225627,79797,1
0,0,0,0,225628,79798,0
1,1,0,0,225629,79798,1
0,0,0,0,225630,79799,0
1,1,0,0,225631,79799,1
0,0,0,0,225632,79800,0
1,1,0,0,225633,79800,1
0,0,0,0,225634,79801,0
1,1,0,0,225635,79801,1
0,0,0,0,225673,79817,0
1,1,0,0,225674,79817,1
0,0,0,0,225675,79818,0
1,1,0,0,225676,79818,1
0,0,0,0,225677,79819,0
1,1,0,0,225678,79819,1
0,0,0,0,225685,79823,0
1,1,0,0,225686,79823,1
0,0,0,0,225687,79824,0
0.33333334,0.33333334,0,0,225688,79824,1
0,0,0,0,225689,79825,0
0.33333334,0.33333334,0,0,225690,79825,1
0.6666666,0.6666666,0,0,225691,79824,2
1,1,0,0,225692,79824,3
0.6666666,0.6666666,0,0,225693,79825,2
1,1,0,0,225694,79825,3
0,0,0,0,225695,79826,0
1,1,0,0,225696,79826,1
0,0,0,0,225697,79827,0
1,1,0,0,225698,79827,1
0,0,0,0,225699,79828,0
1,1,0,0,225700,79828,1
0,0,0,0,225813,79858,0
1,1,0,0,225814,79858,1
0,0,0,0,225815,79859,0
1,1,0,0,225816,79859,1
0,0,0,0,225817,79860,0
1,1,0,0,225818,79860,1
0,0,0,0,225819,79861,0
1,1,0,0,225820,79861,1
0,0,0,0,225821,79862,0
1,1,0,0,225822,79862,1
0,0,0,0,225823,79863,0
1,1,0,0,225824,79863,1
0,0,0,0,225825,79864,0
1,1,0,0,225826,79864,1
0,0,0,0,225827,79865,0
1,1,0,0,225828,79865,1
0,0,0,0,225829,79866,0
1,1,0,0,225830,79866,1
0,0,0,0,225845,79869,0
1,1,0,0,225846,79869,1
0,0,0,0,225847,79870,0
1,1,0,0,225848,79870,1
0,0,0,0,225849,79871,0
1,1,0,0,225850,79871,1
0,0,0,0,225851,79872,0
1,1,0,0,225852,79872,1
0,0,0,0,225853,79873,0
1,1,0,0,225854,79873,1
0,0,0,0,225855,79874,0
1,1,0,0,225856,79874,1
1,1,0,0,225882,79887,0
20000,45000,0,0,225883,79887,1
40000,175000,0,0,225884,79887,2
60000,500000,0,0,225885,79887,3
0,-80,0,0,226071,79928,0
0,0,0,0,226072,79928,1
0.047250003,0,0,0,226073,79928,2
0.19775,0,0,0,226074,79928,3
0.37800002,-80,0,0,226075,79928,4
0,0,0,0,226092,79935,0
1,1,0,0,226093,79935,1
0,0,0,0,226094,79936,0
1,1,0,0,226095,79936,1
0,0,0,0,226096,79937,0
1,1,0,0,226097,79937,1
0,0,0,0,230285,80579,0
1,1,0,0,230286,80579,1
0,0,0,0,230287,80580,0
1,1,0,0,230288,80580,1
0,0,0,0,230289,80581,0
1,1,0,0,230290,80581,1
0,0,0,0,230918,80667,0
1,1,0,0,230919,80667,1
0,0,0,0,230920,80668,0
1,1,0,0,230921,80668,1
0,0,0,0,230922,80669,0
1,1,0,0,230923,80669,1
0,0,0,0,230924,80670,0
1,1,0,0,230925,80670,1
0,0,0,0,230926,80671,0
1,1,0,0,230927,80671,1
0,0,0,0,230928,80672,0
1,1,0,0,230929,80672,1
0,0,0,0,230930,80673,0
0.33333334,0.33333334,0,0,230931,80673,1
0.6666666,0.6666666,0,0,230932,80673,2
1,1,0,0,230933,80673,3
0,0,0,0,230934,80674,0
0.33333334,0.33333334,0,0,230935,80674,1
0.6666666,0.6666666,0,0,230936,80674,2
1,1,0,0,230937,80674,3
0,0,0,0,230938,80675,0
0.33333334,0.33333334,0,0,230939,80675,1
0.6666666,0.6666666,0,0,230940,80675,2
1,1,0,0,230941,80675,3
0,0,0,0,230942,80676,0
1,1,0,0,230943,80676,1
0,0,0,0,230946,80677,0
0.33333334,0.33333334,0,0,230947,80677,1
0,0,0,0,230950,80678,0
0.33333334,0.33333334,0,0,230951,80678,1
0,0,0,0,230954,80679,0
0.33333334,0.33333334,0,0,230955,80679,1
0.6666666,0.6666666,0,0,230956,80679,2
1,1,0,0,230957,80679,3
0,0,0,0,230958,80680,0
0.33333334,0.33333334,0,0,230959,80680,1
0.6666666,0.6666666,0,0,230960,80680,2
1,1,0,0,230961,80680,3
0,0,0,0,230962,80681,0
0.33333334,0.33333334,0,0,230963,80681,1
0.6666666,0.6666666,0,0,230964,80681,2
1,1,0,0,230965,80681,3
0.6666666,0.6666666,0,0,230966,80677,2
1,1,0,0,230967,80677,3
0.6666666,0.6666666,0,0,230968,80678,2
1,1,0,0,230969,80678,3
0,0,0,0,230970,80682,0
1,1,0,0,230971,80682,1
0,0,0,0,230972,80683,0
1,1,0,0,230973,80683,1
0,0,0,0,230974,80684,0
1,1,0,0,230975,80684,1
0,0,0,0,230976,80685,0
1,1,0,0,230977,80685,1
0,0,0,0,230978,80686,0
1,1,0,0,230979,80686,1
0,0,0,0,230980,80687,0
1,1,0,0,230981,80687,1
0,0,0,0,230982,80688,0
1,1,0,0,230983,80688,1
0,0,0,0,230984,80689,0
1,1,0,0,230985,80689,1
0,0,0,0,230986,80690,0
1,1,0,0,230987,80690,1
0,0,0,0,233841,81132,0
1.6060001,0,0,0,233842,81132,1
0,0,0,0,233871,81145,0
1.6060001,0,0,0,233872,81145,1
0,-80,0,0,233972,81181,0
0,0,0,0,233973,81181,1
0.21296297,0,0,0,233974,81181,2
0.5833333,0,0,0,233975,81181,3
3.8425925,-80,0,0,233976,81181,4
4,-80,0,0,233977,81181,5
0,1,0,0,235173,81442,0
1,0,0,0,235174,81442,1
0,0,0,0,237532,81980,0
1,1,0,0,237533,81980,1
0,0,0,0,237534,81981,0
1,1,0,0,237535,81981,1
0,0,0,0,237536,81982,0
1,1,0,0,237537,81982,1
0,0,0,0,237538,81983,0
1,1,0,0,237539,81983,1
0,0,0,0,237540,81984,0
1,1,0,0,237541,81984,1
0,0,0,0,237542,81985,0
1,1,0,0,237543,81985,1
0,0,0,0,237544,81986,0
1,1,0,0,237545,81986,1
0,0,0,0,237546,81987,0
1,1,0,0,237547,81987,1
0,0,0,0,237548,81988,0
1,1,0,0,237549,81988,1
0,0.935829,0,0,237948,82152,0
0.3018182,4.518717,0,0,237949,82152,1
1,4.4652405,0,0,237950,82152,2
0,0,0,0,238309,82259,0
1,0.5294118,0,0,238310,82259,1
0,2,0,0,238654,82426,0
0,4,0,0,238655,82426,1
0,6,0,0,238656,82426,2
0,8,0,0,238657,82426,3
0,10,0,0,238658,82426,4
0,8,0,0,238659,82427,0
0,17,0,0,238660,82427,1
0,25,0,0,238661,82427,2
0,1,0,0,238662,82428,0
0,2,0,0,238663,82428,1
0,3,0,0,238664,82428,2
0,4,0,0,238665,82428,3
0,5,0,0,238666,82428,4
0,9,0,0,238667,82429,0
0,18,0,0,238668,82429,1
0,27,0,0,238669,82429,2
0,36,0,0,238670,82429,3
0,45,0,0,238671,82429,4
0,5,0,0,238672,82430,0
0,10,0,0,238673,82430,1
0,15,0,0,238674,82430,2
0,20,0,0,238675,82430,3
0,20,0,0,238676,82430,4
0,8,0,0,238677,82431,0
0,17,0,0,238678,82431,1
0,25,0,0,238679,82431,2
0,23,0,0,238680,82432,0
0,47,0,0,238681,82432,1
0,70,0,0,238682,82432,2
0,17,0,0,238683,82433,0
0,33,0,0,238684,82433,1
0,50,0,0,238685,82433,2
0,-1,0,0,238686,82434,0
0,-2,0,0,238687,82434,1
0,-3,0,0,238688,82434,2
0,-4,0,0,238689,82434,3
0,-5,0,0,238690,82434,4
0,1,0,0,238691,82435,0
0,2,0,0,238692,82435,1
0,3,0,0,238693,82435,2
0,-5,0,0,238694,82436,0
0,-10,0,0,238695,82436,1
0,-15,0,0,238696,82436,2
0,10,0,0,238697,82437,0
0,20,0,0,238698,82437,1
0,2,0,0,238699,82438,0
0,4,0,0,238700,82438,1
0,-600000,0,0,238701,82439,0
0,-1200000,0,0,238702,82439,1
0,-5,0,0,238703,82440,0
0,-10,0,0,238704,82440,1
0,-15,0,0,238705,82440,2
0,-20,0,0,238706,82440,3
0,-25,0,0,238707,82440,4
0,-100,0,0,238708,82441,0
0,-200,0,0,238709,82441,1
0,-300,0,0,238710,82441,2
0,-400,0,0,238711,82441,3
0,-500,0,0,238712,82441,4
0,-4,0,0,238713,82442,0
0,-8,0,0,238714,82442,1
0,-12,0,0,238715,82442,2
0,-16,0,0,238716,82442,3
0,-20,0,0,238717,82442,4
0,50,0,0,238718,82443,0
0,100,0,0,238719,82443,1
0,50,0,0,238720,82444,0
0,100,0,0,238721,82444,1
0,10,0,0,238722,82445,0
0,20,0,0,238723,82445,1
0,30,0,0,238724,82445,2
0,-2,0,0,238725,82446,0
0,-4,0,0,238726,82446,1
0,-6,0,0,238727,82446,2
0,2,0,0,238728,82447,0
0,4,0,0,238729,82447,1
0,6,0,0,238730,82447,2
0,8,0,0,238731,82447,3
0,10,0,0,238732,82447,4
0,10,0,0,238733,82448,0
0,15,0,0,238734,82448,1
0,20,0,0,238735,82448,2
0,25,0,0,238736,82448,3
0,30,0,0,238737,82448,4
0,2,0,0,238738,82449,0
0,4,0,0,238739,82449,1
0,6,0,0,238740,82449,2
0,5,0,0,238741,82450,0
0,10,0,0,238742,82450,1
0,15,0,0,238743,82450,2
0,13,0,0,238744,82451,0
0,27,0,0,238745,82451,1
0,40,0,0,238746,82451,2
0,6,0,0,238747,82452,0
0,13,0,0,238748,82452,1
0,20,0,0,238749,82452,2
0,5,0,0,238750,82453,0
0,10,0,0,238751,82453,1
0,15,0,0,238752,82453,2
0,-1000,0,0,238753,82454,0
0,-2000,0,0,238754,82454,1
0,1,0,0,238755,82455,0
0,2,0,0,238756,82455,1
0,3,0,0,238757,82455,2
0,4,0,0,238758,82455,3
0,5,0,0,238759,82455,4
0,-1000,0,0,238760,82456,0
0,-2000,0,0,238761,82456,1
0,10,0,0,238762,82457,0
0,20,0,0,238763,82457,1
0,33,0,0,238764,82458,0
0,67,0,0,238765,82458,1
0,100,0,0,238766,82458,2
0,1,0,0,238767,82459,0
0,2,0,0,238768,82459,1
0,10,0,0,238772,82460,0
0,20,0,0,238773,82460,1
0,25,0,0,238774,82461,0
0,50,0,0,238775,82461,1
0,11,0,0,238776,82462,0
0,22,0,0,238777,82462,1
0,33,0,0,238778,82462,2
0,8,0,0,238779,82463,0
0,15,0,0,238780,82463,1
0,3,0,0,238781,82464,0
0,6,0,0,238782,82464,1
0,23,0,0,238783,82465,0
0,47,0,0,238784,82465,1
0,70,0,0,238785,82465,2
0,-2000,0,0,238786,82466,0
0,-4000,0,0,238787,82466,1
0,10,0,0,238788,82467,0
0,20,0,0,238789,82467,1
0,-170,0,0,238790,82468,0
0,-330,0,0,238791,82468,1
0,-500,0,0,238792,82468,2
0,20,0,0,238793,82469,0
0,40,0,0,238794,82469,1
0,60,0,0,238795,82469,2
0,80,0,0,238796,82469,3
0,100,0,0,238797,82469,4
0,-200,0,0,238798,82470,0
0,-400,0,0,238799,82470,1
0,-600,0,0,238800,82470,2
0,-800,0,0,238801,82470,3
0,-1000,0,0,238802,82470,4
0,3,0,0,238803,82471,0
0,6,0,0,238804,82471,1
0,9,0,0,238805,82471,2
0,5,0,0,238806,82472,0
0,10,0,0,238807,82472,1
0,15,0,0,238808,82472,2
0,0,0,0,238809,82473,0
0,0,0,0,238810,82473,1
0,0,0,0,238811,82473,2
0,-360000,0,0,238812,82474,0
0,-780000,0,0,238813,82474,1
0,-1200000,0,0,238814,82474,2
0,1,0,0,238815,82475,0
0,2,0,0,238816,82475,1
0,-2,0,0,238820,82476,0
0,-4,0,0,238821,82476,1
0,-30,0,0,239619,82676,0
0,-60,0,0,239620,82676,1
0,-50,0,0,239621,82677,0
0,-100,0,0,239622,82677,1
0,17,0,0,239623,82678,0
0,33,0,0,239624,82678,1
0,50,0,0,239625,82678,2
0,10,0,0,239626,82679,0
0,20,0,0,239627,82679,1
0,30,0,0,239628,82679,2
0,40,0,0,239629,82679,3
0,50,0,0,239630,82679,4
0,5,0,0,239631,82680,0
0,10,0,0,239632,82680,1
0,15,0,0,239633,82680,2
0,-2,0,0,239634,82681,0
0,-4,0,0,239635,82681,1
0,-6,0,0,239636,82681,2
0,-8,0,0,239637,82681,3
0,-10,0,0,239638,82681,4
0,2,0,0,239639,82682,0
0,4,0,0,239640,82682,1
0,6,0,0,239641,82682,2
0,8,0,0,239642,82682,3
0,10,0,0,239643,82682,4
0,-100,0,0,239644,82683,0
0,-200,0,0,239645,82683,1
0,-300,0,0,239646,82683,2
0,-400,0,0,239647,82683,3
0,-500,0,0,239648,82683,4
0,-10,0,0,239649,82684,0
0,-20,0,0,239650,82684,1
0,-30,0,0,239651,82684,2
0,-10,0,0,239652,82685,0
0,-20,0,0,239653,82685,1
0,-30,0,0,239654,82685,2
0,2,0,0,239655,82686,0
0,4,0,0,239656,82686,1
0,6,0,0,239657,82686,2
0,8,0,0,239658,82686,3
0,10,0,0,239659,82686,4
0,-100,0,0,239660,82687,0
0,-200,0,0,239661,82687,1
0,-300,0,0,239662,82687,2
0,-400,0,0,239663,82687,3
0,-500,0,0,239664,82687,4
0,-100,0,0,239665,82688,0
0,-200,0,0,239666,82688,1
0,-300,0,0,239667,82688,2
0,-400,0,0,239668,82688,3
0,-500,0,0,239669,82688,4
0,1,0,0,239670,82689,0
0,2,0,0,239671,82689,1
0,3,0,0,239672,82689,2
0,4,0,0,239673,82689,3
0,5,0,0,239674,82689,4
0,-3,0,0,239675,82690,0
0,-6,0,0,239676,82690,1
0,-9,0,0,239677,82690,2
0,25,0,0,239678,82691,0
0,50,0,0,239679,82691,1
0,75,0,0,239680,82691,2
0,5,0,0,239681,82692,0
0,10,0,0,239682,82692,1
0,-15,0,0,239683,82693,0
0,-30,0,0,239684,82693,1
0,10,0,0,239685,82694,0
0,20,0,0,239686,82694,1
0,2,0,0,239687,82695,0
0,4,0,0,239688,82695,1
0,20,0,0,239689,82696,0
0,40,0,0,239690,82696,1
0,60,0,0,239691,82696,2
0,80,0,0,239692,82696,3
0,100,0,0,239693,82696,4
0,-170,0,0,239694,82697,0
0,-330,0,0,239695,82697,1
0,-500,0,0,239696,82697,2
0,5,0,0,239697,82698,0
0,10,0,0,239698,82698,1
0,15,0,0,239699,82698,2
0,17,0,0,239700,82699,0
0,33,0,0,239701,82699,1
0,50,0,0,239702,82699,2
0,2,0,0,239703,82700,0
0,4,0,0,239704,82700,1
0,6,0,0,239705,82700,2
0,8,0,0,239706,82700,3
0,10,0,0,239707,82700,4
0,-10,0,0,239708,82701,0
0,-20,0,0,239709,82701,1
0,4,0,0,239713,82702,0
0,8,0,0,239714,82702,1
0,12,0,0,239715,82702,2
0,16,0,0,239716,82702,3
0,20,0,0,239717,82702,4
0,5,0,0,239718,82703,0
0,10,0,0,239719,82703,1
0,15,0,0,239720,82703,2
0,10,0,0,239721,82704,0
0,20,0,0,239722,82704,1
0,30,0,0,239723,82704,2
0,-15000,0,0,239724,82705,0
0,-30000,0,0,239725,82705,1
0,500,0,0,239726,82706,0
0,1000,0,0,239727,82706,1
0,4,0,0,239728,82707,0
0,8,0,0,239729,82707,1
0,12,0,0,239730,82707,2
0,16,0,0,239731,82707,3
0,20,0,0,239732,82707,4
0,2,0,0,239733,82708,0
0,4,0,0,239734,82708,1
0,15,0,0,239735,82709,0
0,30,0,0,239736,82709,1
0,0,0,0,239737,82710,0
0,0,0,0,239738,82710,1
0,0,0,0,239739,82710,2
0,-6,0,0,239740,82711,0
0,-12,0,0,239741,82711,1
0,-18,0,0,239742,82711,2
0,2,0,0,239743,82712,0
0,4,0,0,239744,82712,1
0,6,0,0,239745,82712,2
0,50,0,0,239746,82713,0
0,100,0,0,239747,82713,1
0,10,0,0,239748,82714,0
0,20,0,0,239749,82714,1
0,10,0,0,239750,82715,0
0,20,0,0,239751,82715,1
0,0,0,0,239752,82716,0
0,0,0,0,239753,82716,1
0,0,0,0,239754,82716,2
0,0,0,0,239755,82716,3
0,0,0,0,239756,82716,4
0,12,0,0,239757,82717,0
0,24,0,0,239758,82717,1
0,36,0,0,239759,82717,2
0,48,0,0,239760,82717,3
0,60,0,0,239761,82717,4
0,3,0,0,239762,82718,0
0,7,0,0,239763,82718,1
0,10,0,0,239764,82718,2
0,50,0,0,239765,82719,0
0,100,0,0,239766,82719,1
0,150,0,0,239767,82719,2
0,4,0,0,239768,82720,0
0,8,0,0,239769,82720,1
0,12,0,0,239770,82720,2
0,16,0,0,239771,82720,3
0,20,0,0,239772,82720,4
0,20,0,0,239773,82721,0
0,40,0,0,239774,82721,1
0,60,0,0,239775,82721,2
0,80,0,0,239776,82721,3
0,100,0,0,239777,82721,4
0,1,0,0,239778,82722,0
0,2,0,0,239779,82722,1
0,3,0,0,239780,82722,2
0,4,0,0,239781,82722,3
0,5,0,0,239782,82722,4
0,14,0,0,239783,82723,0
0,28,0,0,239784,82723,1
0,42,0,0,239785,82723,2
0,56,0,0,239786,82723,3
0,70,0,0,239787,82723,4
0,20,0,0,239788,82724,0
0,40,0,0,239789,82724,1
0,60,0,0,239790,82724,2
0,80,0,0,239791,82724,3
0,100,0,0,239792,82724,4
0,20,0,0,239793,82725,0
0,40,0,0,239794,82725,1
0,60,0,0,239795,82725,2
0,80,0,0,239796,82725,3
0,100,0,0,239797,82725,4
0,-80,0,0,239803,82728,0
1,0,0,0,239804,82728,1
1,3,0,0,239960,82778,0
2,6,0,0,239961,82778,1
3,9,0,0,239962,82778,2
4,12,0,0,239963,82778,3
5,15,0,0,239964,82778,4
1,50,0,0,239965,82779,0
2,100,0,0,239966,82779,1
1,-20,0,0,239967,82780,0
2,-40,0,0,239968,82780,1
1,-30,0,0,239969,82781,0
2,-60,0,0,239970,82781,1
1,5,0,0,239971,82782,0
2,10,0,0,239972,82782,1
1,-10,0,0,239974,82783,0
2,-20,0,0,239975,82783,1
3,-30,0,0,239976,82783,2
1,-10,0,0,239977,82784,0
2,-20,0,0,239978,82784,1
3,-30,0,0,239979,82784,2
1,5,0,0,239980,82785,0
2,10,0,0,239981,82785,1
1,7,0,0,239982,82786,0
2,13,0,0,239983,82786,1
3,20,0,0,239984,82786,2
1,15,0,0,239987,82787,0
2,30,0,0,239988,82787,1
1,15,0,0,239989,82788,0
2,30,0,0,239990,82788,1
1,2,0,0,239991,82789,0
2,4,0,0,239992,82789,1
1,2,0,0,239996,82790,0
2,4,0,0,239997,82790,1
1,1000,0,0,239998,82791,0
2,2000,0,0,239999,82791,1
1,2,0,0,240003,82792,0
2,4,0,0,240004,82792,1
3,6,0,0,240005,82792,2
4,8,0,0,240006,82792,3
5,10,0,0,240007,82792,4
1,1,0,0,240008,82793,0
2,2,0,0,240009,82793,1
3,3,0,0,240010,82793,2
4,4,0,0,240011,82793,3
5,5,0,0,240012,82793,4
1,1,0,0,240013,82794,0
2,2,0,0,240014,82794,1
3,3,0,0,240015,82794,2
4,4,0,0,240016,82794,3
5,5,0,0,240017,82794,4
1,1,0,0,240042,82800,0
2,2,0,0,240043,82800,1
3,3,0,0,240044,82800,2
4,4,0,0,240045,82800,3
5,5,0,0,240046,82800,4
1,50,0,0,240047,82801,0
2,100,0,0,240048,82801,1
1,25,0,0,240049,82802,0
2,50,0,0,240050,82802,1
1,3,0,0,240051,82803,0
2,7,0,0,240052,82803,1
3,10,0,0,240053,82803,2
1,6,0,0,240054,82804,0
2,12,0,0,240055,82804,1
3,18,0,0,240056,82804,2
4,24,0,0,240057,82804,3
5,30,0,0,240058,82804,4
1,2,0,0,240059,82805,0
2,4,0,0,240060,82805,1
3,6,0,0,240061,82805,2
4,8,0,0,240062,82805,3
5,10,0,0,240063,82805,4
1,10,0,0,240064,82806,0
2,20,0,0,240065,82806,1
1,-60000,0,0,240066,82807,0
2,-120000,0,0,240067,82807,1
1,-300,0,0,240068,82808,0
2,-600,0,0,240069,82808,1
3,-900,0,0,240070,82808,2
4,-1200,0,0,240071,82808,3
5,-1500,0,0,240072,82808,4
1,-3,0,0,240073,82809,0
2,-6,0,0,240074,82809,1
3,-9,0,0,240075,82809,2
4,-12,0,0,240076,82809,3
5,-15,0,0,240077,82809,4
1,20,0,0,240078,82810,0
2,40,0,0,240079,82810,1
3,60,0,0,240080,82810,2
1,10,0,0,240081,82811,0
2,20,0,0,240082,82811,1
3,30,0,0,240083,82811,2
1,1,0,0,240084,82812,0
2,2,0,0,240085,82812,1
3,3,0,0,240086,82812,2
4,4,0,0,240087,82812,3
5,5,0,0,240088,82812,4
1,4,0,0,240089,82813,0
2,8,0,0,240090,82813,1
1,2,0,0,240091,82814,0
2,4,0,0,240092,82814,1
3,6,0,0,240093,82814,2
1,20,0,0,240094,82815,0
2,40,0,0,240095,82815,1
3,60,0,0,240096,82815,2
4,80,0,0,240097,82815,3
5,100,0,0,240098,82815,4
1,25,0,0,240099,82816,0
2,50,0,0,240100,82816,1
1,10,0,0,240101,82817,0
2,20,0,0,240102,82817,1
1,10,0,0,240103,82818,0
2,5,0,0,240104,82818,1
1,1,0,0,240105,82819,0
2,1,0,0,240106,82819,1
1,2,0,0,240107,82820,0
2,4,0,0,240108,82820,1
3,6,0,0,240109,82820,2
4,8,0,0,240110,82820,3
1,15,0,0,240111,82821,0
2,50,0,0,240112,82821,1
1,3,0,0,240113,82822,0
2,6,0,0,240114,82822,1
3,9,0,0,240115,82822,2
4,12,0,0,240116,82822,3
5,15,0,0,240117,82822,4
1,3,0,0,240118,82823,0
2,6,0,0,240119,82823,1
1,15,0,0,240120,82824,0
2,30,0,0,240121,82824,1
1,-20,0,0,240122,82825,0
2,-40,0,0,240123,82825,1
1,-3000,0,0,240124,82826,0
2,-6000,0,0,240125,82826,1
1,3,0,0,240126,82827,0
2,6,0,0,240127,82827,1
1,2,0,0,240129,82828,0
2,4,0,0,240130,82828,1
3,6,0,0,240131,82828,2
1,5,0,0,240132,82829,0
2,10,0,0,240133,82829,1
1,1,0,0,240134,82830,0
2,2,0,0,240135,82830,1
1,3,0,0,240136,82831,0
2,6,0,0,240137,82831,1
3,9,0,0,240138,82831,2
4,12,0,0,240139,82831,3
5,15,0,0,240140,82831,4
1,2,0,0,240141,82832,0
2,4,0,0,240142,82832,1
3,6,0,0,240143,82832,2
4,8,0,0,240144,82832,3
5,10,0,0,240145,82832,4
1,-30,0,0,240154,82701,2
2,-40,0,0,240155,82701,3
3,-50,0,0,240156,82701,4
1,-2,0,0,240157,82835,0
2,-4,0,0,240158,82835,1
3,-6,0,0,240159,82835,2
1,4,0,0,240160,82836,0
2,8,0,0,240161,82836,1
3,12,0,0,240162,82836,2
4,16,0,0,240163,82836,3
5,20,0,0,240164,82836,4
1,4,0,0,240165,82837,0
2,8,0,0,240166,82837,1
3,12,0,0,240167,82837,2
4,16,0,0,240168,82837,3
5,20,0,0,240169,82837,4
1,4,0,0,240170,82838,0
2,8,0,0,240171,82838,1
3,12,0,0,240172,82838,2
4,16,0,0,240173,82838,3
5,20,0,0,240174,82838,4
1,4,0,0,240175,82839,0
2,8,0,0,240176,82839,1
3,12,0,0,240177,82839,2
4,16,0,0,240178,82839,3
5,20,0,0,240179,82839,4
1,3,0,0,240183,82840,0
2,6,0,0,240184,82840,1
3,9,0,0,240185,82840,2
1,2,0,0,240286,82871,0
2,4,0,0,240287,82871,1
3,6,0,0,240288,82871,2
1,-3,0,0,240289,82872,0
2,-7,0,0,240290,82872,1
3,-10,0,0,240291,82872,2
1,3,0,0,240292,82475,2
2,4,0,0,240293,82475,3
3,5,0,0,240294,82475,4
1,-6,0,0,240295,82476,2
2,-8,0,0,240296,82476,3
3,-10,0,0,240297,82476,4
1,3,0,0,240298,82459,2
2,4,0,0,240299,82459,3
3,5,0,0,240300,82459,4
1,2,0,0,240547,82945,0
2,4,0,0,240548,82945,1
3,6,0,0,240549,82945,2
4,8,0,0,240550,82945,3
5,10,0,0,240551,82945,4
1,6,0,0,240552,82946,0
2,12,0,0,240553,82946,1
3,18,0,0,240554,82946,2
4,24,0,0,240555,82946,3
5,30,0,0,240556,82946,4
1,8,0,0,240557,82947,0
2,16,0,0,240558,82947,1
3,24,0,0,240559,82947,2
4,32,0,0,240560,82947,3
5,40,0,0,240561,82947,4
1,2,0,0,240562,82948,0
2,4,0,0,240563,82948,1
3,6,0,0,240564,82948,2
1,3,0,0,240565,82949,0
2,7,0,0,240566,82949,1
3,10,0,0,240567,82949,2
1,2,0,0,240568,82950,0
2,4,0,0,240569,82950,1
3,6,0,0,240570,82950,2
4,8,0,0,240571,82950,3
5,10,0,0,240572,82950,4
1,-30000,0,0,240573,82951,0
2,-60000,0,0,240574,82951,1
1,2,0,0,240575,82952,0
2,4,0,0,240576,82952,1
1,-5000,0,0,240577,82953,0
2,-10000,0,0,240578,82953,1
3,-15000,0,0,240579,82953,2
1,-2,0,0,240580,82954,0
2,-4,0,0,240581,82954,1
3,-6,0,0,240582,82954,2
1,4,0,0,240583,82955,0
2,8,0,0,240584,82955,1
3,12,0,0,240585,82955,2
4,16,0,0,240586,82955,3
5,20,0,0,240587,82955,4
1,3000,0,0,240588,82956,0
2,6000,0,0,240589,82956,1
1,-60000,0,0,240590,82957,0
2,-120000,0,0,240591,82957,1
1,1,0,0,240592,82958,0
2,2,0,0,240593,82958,1
3,3,0,0,240594,82958,2
1,2,0,0,240595,82959,0
2,4,0,0,240596,82959,1
3,6,0,0,240597,82959,2
4,8,0,0,240598,82959,3
5,10,0,0,240599,82959,4
1,1,0,0,240600,82960,0
2,2,0,0,240601,82960,1
3,3,0,0,240602,82960,2
4,4,0,0,240603,82960,3
5,5,0,0,240604,82960,4
1,1,0,0,240605,82961,0
2,2,0,0,240606,82961,1
3,3,0,0,240607,82961,2
4,4,0,0,240608,82961,3
5,5,0,0,240609,82961,4
1,1,0,0,240610,82962,0
2,2,0,0,240611,82962,1
3,3,0,0,240612,82962,2
4,4,0,0,240613,82962,3
5,5,0,0,240614,82962,4
1,2,0,0,240615,82963,0
2,4,0,0,240616,82963,1
3,6,0,0,240617,82963,2
1,6,0,0,240618,82964,0
2,12,0,0,240619,82964,1
1,-15,0,0,240620,82965,0
2,-30,0,0,240621,82965,1
1,8,0,0,240622,82966,0
2,15,0,0,240623,82966,1
1,-17,0,0,240624,82967,0
2,-33,0,0,240625,82967,1
1,-10,0,0,240626,82968,0
2,-20,0,0,240627,82968,1
1,-120000,0,0,240628,82969,0
2,-240000,0,0,240629,82969,1
1,-1000,0,0,240630,82970,0
2,-2000,0,0,240631,82970,1
1,20,0,0,240632,82971,0
2,40,0,0,240633,82971,1
3,60,0,0,240634,82971,2
4,80,0,0,240635,82971,3
5,100,0,0,240636,82971,4
1,-15,0,0,240637,82972,0
2,-30,0,0,240638,82972,1
1,2,0,0,240639,82973,0
2,4,0,0,240640,82973,1
3,6,0,0,240641,82973,2
4,8,0,0,240642,82973,3
5,10,0,0,240643,82973,4
1,4,0,0,240644,82974,0
2,8,0,0,240645,82974,1
3,12,0,0,240646,82974,2
1,5,0,0,240647,82975,0
2,10,0,0,240648,82975,1
3,15,0,0,240649,82975,2
1,35,0,0,240652,82976,0
2,70,0,0,240653,82976,1
1,-6,0,0,240657,82977,0
2,-12,0,0,240658,82977,1
3,-18,0,0,240659,82977,2
4,-24,0,0,240660,82977,3
5,-30,0,0,240661,82977,4
1,1,0,0,240662,82978,0
2,2,0,0,240663,82978,1
3,3,0,0,240664,82978,2
1,15,0,0,240667,82979,0
2,30,0,0,240668,82979,1
1,2,0,0,240670,82980,0
2,4,0,0,240671,82980,1
1,5,0,0,240672,82981,0
2,10,0,0,240673,82981,1
1,8,0,0,240674,82982,0
2,15,0,0,240675,82982,1
1,33,0,0,240676,82983,0
2,66,0,0,240677,82983,1
3,100,0,0,240678,82983,2
1,1,0,0,240681,82984,0
2,2,0,0,240682,82984,1
3,3,0,0,240683,82984,2
1,1,0,0,240684,82985,0
2,2,0,0,240685,82985,1
1,50,0,0,240689,82986,0
2,100,0,0,240690,82986,1
1,-20,0,0,240691,82987,0
2,-40,0,0,240692,82987,1
1,-1000,0,0,240693,82988,0
2,-2000,0,0,240694,82988,1
1,-1,0,0,240695,82989,0
2,-2,0,0,240696,82989,1
3,-3,0,0,240697,82989,2
4,-4,0,0,240698,82989,3
5,-5,0,0,240699,82989,4
1,-2,0,0,240700,82990,0
2,-4,0,0,240701,82990,1
3,-6,0,0,240702,82990,2
4,-8,0,0,240703,82990,3
5,-10,0,0,240704,82990,4
1,1,0,0,240705,82991,0
2,2,0,0,240706,82991,1
3,3,0,0,240707,82991,2
4,4,0,0,240708,82991,3
5,5,0,0,240709,82991,4
1,5,0,0,240833,83002,0
2,10,0,0,240834,83002,1
1,-10,0,0,240838,83003,0
2,-20,0,0,240839,83003,1
1,-2,0,0,240840,83004,0
2,-4,0,0,240841,83004,1
1,5,0,0,240842,83005,0
2,15,0,0,240843,83005,1
1,15,0,0,240844,83006,0
2,30,0,0,240845,83006,1
3,45,0,0,240846,83006,2
1,5,0,0,240847,83007,0
2,10,0,0,240848,83007,1
3,15,0,0,240849,83007,2
1,3,0,0,240850,83008,0
2,6,0,0,240851,83008,1
3,9,0,0,240852,83008,2
1,33,0,0,240853,83009,0
2,67,0,0,240854,83009,1
3,100,0,0,240855,83009,2
1,10,0,0,240856,83010,0
2,20,0,0,240857,83010,1
3,30,0,0,240858,83010,2
1,3,0,0,240859,83011,0
2,6,0,0,240860,83011,1
3,9,0,0,240861,83011,2
1,-45000,0,0,240862,83012,0
2,-90000,0,0,240863,83012,1
1,33,0,0,240864,83013,0
2,67,0,0,240865,83013,1
3,100,0,0,240866,83013,2
1,-2000,0,0,240867,83014,0
2,-3000,0,0,240868,83014,1
3,-4000,0,0,240869,83014,2
1,3,0,0,240870,83015,0
2,6,0,0,240871,83015,1
3,9,0,0,240872,83015,2
1,-25,0,0,240873,83016,0
2,-50,0,0,240874,83016,1
1,-25,0,0,240875,83017,0
2,-50,0,0,240876,83017,1
1,10,0,0,240877,83018,0
2,20,0,0,240878,83018,1
1,-1,0,0,240879,83019,0
2,-2,0,0,240880,83019,1
1,20,0,0,240881,83020,0
1,20,0,0,240882,83020,1
1,20,0,0,240883,83020,2
1,20,0,0,240884,83020,3
1,20,0,0,240885,83020,4
1,5,0,0,240886,83021,0
2,10,0,0,240887,83021,1
1,5,0,0,240888,83022,0
2,10,0,0,240889,83022,1
3,15,0,0,240890,83022,2
1,10,0,0,240891,83023,0
2,20,0,0,240892,83023,1
1,1,0,0,240893,83024,0
2,2,0,0,240894,83024,1
1,1,0,0,240895,83025,0
2,2,0,0,240896,83025,1
1,1,0,0,240897,83026,0
2,2,0,0,240898,83026,1
3,3,0,0,240899,83026,2
4,4,0,0,240900,83026,3
5,5,0,0,240901,83026,4
1,3,0,0,240902,83027,0
2,6,0,0,240903,83027,1
3,9,0,0,240904,83027,2
4,12,0,0,240905,83027,3
5,15,0,0,240906,83027,4
1,2,0,0,240907,83028,0
2,4,0,0,240908,83028,1
3,6,0,0,240909,83028,2
1,2,0,0,240912,83029,0
2,4,0,0,240913,83029,1
3,6,0,0,240914,83029,2
1,50,0,0,240915,83030,0
2,100,0,0,240916,83030,1
1,50,0,0,240917,83031,0
2,100,0,0,240918,83031,1
1,17,0,0,240919,83032,0
2,34,0,0,240920,83032,1
3,50,0,0,240921,83032,2
1,-30,0,0,240924,83033,0
2,-60,0,0,240925,83033,1
1,1,0,0,240926,83034,0
2,2,0,0,240927,83034,1
3,3,0,0,240928,83034,2
1,2,0,0,240931,83035,0
2,4,0,0,240932,83035,1
3,6,0,0,240933,83035,2
1,15,0,0,240934,83036,0
2,30,0,0,240935,83036,1
3,45,0,0,240936,83036,2
1,5,0,0,240937,83037,0
2,10,0,0,240938,83037,1
1,-3,0,0,240942,83038,0
2,-5,0,0,240943,83038,1
1,500,0,0,240944,83039,0
2,1000,0,0,240945,83039,1
3,1500,0,0,240946,83039,2
1,20,0,0,240947,83040,0
2,40,0,0,240948,83040,1
3,60,0,0,240949,83040,2
4,80,0,0,240950,83040,3
5,100,0,0,240951,83040,4
1,5,0,0,240952,83041,0
2,10,0,0,240953,83041,1
1,10,0,0,240955,83042,0
2,20,0,0,240956,83042,1
1,2,0,0,240960,83043,0
2,4,0,0,240961,83043,1
1,4,0,0,240965,83044,0
2,8,0,0,240966,83044,1
1,4,0,0,240968,83045,0
2,8,0,0,240969,83045,1
1,4,0,0,240971,83046,0
2,8,0,0,240972,83046,1
3,12,0,0,240973,83046,2
4,16,0,0,240974,83046,3
5,20,0,0,240975,83046,4
1,-5,0,0,240976,83047,0
2,-10,0,0,240977,83047,1
1,15,0,0,240978,83048,0
2,30,0,0,240979,83048,1
3,45,0,0,240980,83048,2
1,10,0,0,240981,83049,0
2,20,0,0,240982,83049,1
1,2,0,0,240984,83050,0
2,4,0,0,240985,83050,1
1,20,0,0,240987,83051,0
2,40,0,0,240988,83051,1
3,60,0,0,240989,83051,2
1,1,0,0,240990,83052,0
2,2,0,0,240991,83052,1
3,3,0,0,240992,83052,2
4,4,0,0,240993,83052,3
5,5,0,0,240994,83052,4
1,20,0,0,240995,83053,0
2,40,0,0,240996,83053,1
1,7,0,0,240997,83054,0
2,13,0,0,240998,83054,1
3,20,0,0,240999,83054,2
1,20,0,0,241050,83063,0
2,40,0,0,241051,83063,1
3,60,0,0,241052,83063,2
4,80,0,0,241053,83063,3
5,100,0,0,241054,83063,4
1,1,0,0,241055,83064,0
2,2,0,0,241056,83064,1
3,3,0,0,241057,83064,2
4,4,0,0,241058,83064,3
5,5,0,0,241059,83064,4
1,1,0,0,241060,83065,0
2,2,0,0,241061,83065,1
1,12,0,0,241062,83066,0
2,23,0,0,241063,83066,1
3,35,0,0,241064,83066,2
1,17,0,0,241065,83067,0
2,33,0,0,241066,83067,1
3,50,0,0,241067,83067,2
1,-10,0,0,241068,83068,0
2,-20,0,0,241069,83068,1
3,-30,0,0,241070,83068,2
1,-5,0,0,241071,83069,0
2,-10,0,0,241072,83069,1
3,-15,0,0,241073,83069,2
1,10,0,0,241074,83070,0
2,20,0,0,241075,83070,1
1,-15,0,0,241076,83071,0
2,-25,0,0,241077,83071,1
3,-40,0,0,241078,83071,2
1,2,0,0,241079,83072,0
2,4,0,0,241080,83072,1
3,6,0,0,241081,83072,2
1,5,0,0,241082,83073,0
2,10,0,0,241083,83073,1
3,15,0,0,241084,83073,2
1,-2000,0,0,241085,83074,0
2,-4000,0,0,241086,83074,1
1,-3,0,0,241087,83075,0
2,-7,0,0,241088,83075,1
3,-10,0,0,241089,83075,2
1,11,0,0,241090,83076,0
2,22,0,0,241091,83076,1
3,33,0,0,241092,83076,2
1,20,0,0,241093,83077,0
2,40,0,0,241094,83077,1
3,60,0,0,241095,83077,2
4,80,0,0,241096,83077,3
5,100,0,0,241097,83077,4
1,1,0,0,241098,83078,0
2,2,0,0,241099,83078,1
3,3,0,0,241100,83078,2
1,-100,0,0,241101,83079,0
2,-200,0,0,241102,83079,1
3,-300,0,0,241103,83079,2
4,-400,0,0,241104,83079,3
5,-500,0,0,241105,83079,4
1,10,0,0,241106,83080,0
2,20,0,0,241107,83080,1
1,15,0,0,241108,83081,0
2,30,0,0,241109,83081,1
1,2,0,0,241110,83082,0
2,4,0,0,241111,83082,1
3,6,0,0,241112,83082,2
4,8,0,0,241113,83082,3
5,10,0,0,241114,83082,4
1,2,0,0,241115,83083,0
2,4,0,0,241116,83083,1
3,6,0,0,241117,83083,2
1,10,0,0,241118,83084,0
2,20,0,0,241119,83084,1
3,30,0,0,241120,83084,2
1,10,0,0,241121,83085,0
2,20,0,0,241122,83085,1
1,33,0,0,241123,83086,0
2,67,0,0,241124,83086,1
3,100,0,0,241125,83086,2
1,33,0,0,241126,83087,0
2,67,0,0,241127,83087,1
3,100,0,0,241128,83087,2
1,-10,0,0,241129,83088,0
2,-20,0,0,241130,83088,1
3,-30,0,0,241131,83088,2
1,23,0,0,241132,83089,0
2,47,0,0,241133,83089,1
3,70,0,0,241134,83089,2
1,5,0,0,241135,83090,0
2,10,0,0,241136,83090,1
3,15,0,0,241137,83090,2
1,3,0,0,241138,83091,0
2,7,0,0,241139,83091,1
3,10,0,0,241140,83091,2
1,3,0,0,241141,83092,0
2,6,0,0,241142,83092,1
1,8,0,0,241143,83093,0
2,16,0,0,241144,83093,1
3,24,0,0,241145,83093,2
4,32,0,0,241146,83093,3
5,40,0,0,241147,83093,4
1,-100,0,0,241148,83094,0
2,-200,0,0,241149,83094,1
3,-300,0,0,241150,83094,2
4,-400,0,0,241151,83094,3
5,-500,0,0,241152,83094,4
1,2,0,0,241153,83095,0
2,4,0,0,241154,83095,1
3,6,0,0,241155,83095,2
1,-1000,0,0,241156,83096,0
2,-2000,0,0,241157,83096,1
1,1,0,0,241158,83097,0
2,2,0,0,241159,83097,1
3,3,0,0,241160,83097,2
1,1,0,0,241161,83098,0
2,2,0,0,241162,83098,1
3,3,0,0,241163,83098,2
1,20,0,0,241164,83099,0
2,40,0,0,241165,83099,1
3,60,0,0,241166,83099,2
4,80,0,0,241167,83099,3
5,100,0,0,241168,83099,4
1,2,0,0,241169,83100,0
2,4,0,0,241170,83100,1
3,6,0,0,241171,83100,2
4,8,0,0,241172,83100,3
5,10,0,0,241173,83100,4
1,17,0,0,241174,83101,0
2,33,0,0,241175,83101,1
3,50,0,0,241176,83101,2
1,2000,0,0,241177,83102,0
2,4000,0,0,241178,83102,1
1,25,0,0,241179,83103,0
2,50,0,0,241180,83103,1
1,-17,0,0,241181,83104,0
2,-33,0,0,241182,83104,1
1,2,0,0,241183,83105,0
2,4,0,0,241184,83105,1
3,6,0,0,241185,83105,2
1,25,0,0,241186,83106,0
2,50,0,0,241187,83106,1
1,3,0,0,241188,83107,0
2,6,0,0,241189,83107,1
1,25,0,0,241190,83108,0
2,50,0,0,241191,83108,1
1,2,0,0,241192,83109,0
2,4,0,0,241193,83109,1
3,6,0,0,241194,83109,2
4,8,0,0,241195,83109,3
5,10,0,0,241196,83109,4
1,5,0,0,241197,83110,0
2,10,0,0,241198,83110,1
1,1,0,0,241199,83111,0
2,2,0,0,241200,83111,1
1,-8,0,0,241201,83112,0
2,-15,0,0,241202,83112,1
1,-15,0,0,241203,83113,0
2,-30,0,0,241204,83113,1
1,20,0,0,241205,83114,0
2,40,0,0,241206,83114,1
3,60,0,0,241207,83114,2
4,80,0,0,241208,83114,3
5,100,0,0,241209,83114,4
1,1,0,0,241210,83115,0
2,2,0,0,241211,83115,1
3,3,0,0,241212,83115,2
4,4,0,0,241213,83115,3
5,5,0,0,241214,83115,4
1,13,0,0,241215,83116,0
2,25,0,0,241216,83116,1
1,-1000,0,0,241271,83130,0
2,-2000,0,0,241272,83130,1
3,-3000,0,0,241273,83130,2
4,-4000,0,0,241274,83130,3
5,-5000,0,0,241275,83130,4
1,2,0,0,241276,83131,0
2,4,0,0,241277,83131,1
3,6,0,0,241278,83131,2
4,8,0,0,241279,83131,3
5,10,0,0,241280,83131,4
1,3,0,0,241281,83132,0
2,6,0,0,241282,83132,1
3,9,0,0,241283,83132,2
4,12,0,0,241284,83132,3
5,15,0,0,241285,83132,4
1,-500,0,0,241286,83133,0
2,-1000,0,0,241287,83133,1
1,5,0,0,241288,83134,0
2,10,0,0,241289,83134,1
3,15,0,0,241290,83134,2
1,4,0,0,241291,83135,0
2,8,0,0,241292,83135,1
3,12,0,0,241293,83135,2
1,15,0,0,241294,83136,0
2,30,0,0,241295,83136,1
3,45,0,0,241296,83136,2
1,-3,0,0,241297,83137,0
2,-7,0,0,241298,83137,1
3,-10,0,0,241299,83137,2
1,17,0,0,241300,83138,0
2,33,0,0,241301,83138,1
3,50,0,0,241302,83138,2
1,50,0,0,241303,83139,0
2,100,0,0,241304,83139,1
1,7,0,0,241305,83140,0
2,14,0,0,241306,83140,1
3,20,0,0,241307,83140,2
1,13,0,0,241308,83141,0
2,25,0,0,241309,83141,1
1,-10,0,0,241310,83142,0
2,-20,0,0,241311,83142,1
3,-30,0,0,241312,83142,2
1,1,0,0,241313,83143,0
2,2,0,0,241314,83143,1
3,3,0,0,241315,83143,2
4,4,0,0,241316,83143,3
5,5,0,0,241317,83143,4
1,13,0,0,241318,83144,0
2,25,0,0,241319,83144,1
1,2,0,0,241323,83145,0
2,4,0,0,241324,83145,1
3,6,0,0,241325,83145,2
4,8,0,0,241326,83145,3
5,10,0,0,241327,83145,4
1,-25,0,0,241328,83146,0
2,-50,0,0,241329,83146,1
1,33,0,0,241330,83147,0
2,67,0,0,241331,83147,1
3,100,0,0,241332,83147,2
1,10,0,0,241333,83148,0
2,20,0,0,241334,83148,1
1,-3000,0,0,241335,83149,0
2,-6000,0,0,241336,83149,1
1,5,0,0,241337,83150,0
2,10,0,0,241338,83150,1
1,10,0,0,241339,83151,0
2,20,0,0,241340,83151,1
1,-500,0,0,241341,83152,0
2,-1000,0,0,241342,83152,1
3,-1500,0,0,241343,83152,2
4,-2000,0,0,241344,83152,3
5,-2500,0,0,241345,83152,4
1,-2000,0,0,241346,83153,0
2,-4000,0,0,241347,83153,1
1,10,0,0,241348,83154,0
2,20,0,0,241349,83154,1
1,3000,0,0,241353,83155,0
2,6000,0,0,241354,83155,1
1,-10,0,0,241356,83156,0
2,-20,0,0,241357,83156,1
3,-30,0,0,241358,83156,2
1,2,0,0,241359,83157,0
2,4,0,0,241360,83157,1
3,6,0,0,241361,83157,2
4,8,0,0,241362,83157,3
5,10,0,0,241363,83157,4
1,20,0,0,241364,83158,0
2,40,0,0,241365,83158,1
3,60,0,0,241366,83158,2
4,80,0,0,241367,83158,3
5,100,0,0,241368,83158,4
1,3,0,0,241369,83159,0
2,7,0,0,241370,83159,1
3,10,0,0,241371,83159,2
1,1,0,0,241372,83160,0
2,3,0,0,241373,83160,1
3,5,0,0,241374,83160,2
4,6,0,0,241375,83160,3
5,8,0,0,241376,83160,4
1,5,0,0,241377,83161,0
2,10,0,0,241378,83161,1
1,2,0,0,241379,83162,0
2,5,0,0,241380,83162,1
1,-5,0,0,241381,83163,0
2,-10,0,0,241382,83163,1
3,-15,0,0,241383,83163,2
1,10,0,0,241384,83164,0
2,20,0,0,241385,83164,1
1,8,0,0,241386,83165,0
2,17,0,0,241387,83165,1
3,25,0,0,241388,83165,2
1,8,0,0,241389,83166,0
2,17,0,0,241390,83166,1
3,25,0,0,241391,83166,2
1,-100,0,0,241392,83167,0
2,-200,0,0,241393,83167,1
3,-300,0,0,241394,83167,2
4,-400,0,0,241395,83167,3
5,-500,0,0,241396,83167,4
1,-2,0,0,241397,83168,0
2,-4,0,0,241398,83168,1
3,-6,0,0,241399,83168,2
4,-8,0,0,241400,83168,3
5,-10,0,0,241401,83168,4
1,1,0,0,241402,83169,0
2,2,0,0,241403,83169,1
3,3,0,0,241404,83169,2
4,4,0,0,241405,83169,3
5,5,0,0,241406,83169,4
1,1,0,0,241407,83170,0
2,2,0,0,241408,83170,1
3,3,0,0,241409,83170,2
4,4,0,0,241410,83170,3
5,5,0,0,241411,83170,4
1,5,0,0,241412,83171,0
2,10,0,0,241413,83171,1
3,15,0,0,241414,83171,2
1,23,0,0,241415,83172,0
2,47,0,0,241416,83172,1
3,70,0,0,241417,83172,2
1,2,0,0,241420,83174,0
2,4,0,0,241421,83174,1
3,6,0,0,241422,83174,2
4,8,0,0,241423,83174,3
5,10,0,0,241424,83174,4
1,4,0,0,241425,83175,0
2,8,0,0,241426,83175,1
3,12,0,0,241427,83175,2
4,16,0,0,241428,83175,3
5,20,0,0,241429,83175,4
1,8,0,0,241430,83176,0
2,17,0,0,241431,83176,1
3,25,0,0,241432,83176,2
1,3,0,0,241435,83177,0
2,7,0,0,241436,83177,1
3,10,0,0,241437,83177,2
1,13,0,0,241440,83178,0
2,26,0,0,241441,83178,1
1,10,0,0,241442,83179,0
2,20,0,0,241443,83179,1
1,3,0,0,241444,83180,0
2,7,0,0,241445,83180,1
3,10,0,0,241446,83180,2
1,3,0,0,241449,83181,0
2,7,0,0,241450,83181,1
3,10,0,0,241451,83181,2
1,23,0,0,241454,83182,0
2,47,0,0,241455,83182,1
3,70,0,0,241456,83182,2
1,20,0,0,241457,83183,0
2,40,0,0,241458,83183,1
3,60,0,0,241459,83183,2
4,80,0,0,241460,83183,3
5,100,0,0,241461,83183,4
1,10,0,0,241462,83184,0
2,20,0,0,241463,83184,1
3,30,0,0,241464,83184,2
4,40,0,0,241465,83184,3
5,50,0,0,241466,83184,4
1,20,0,0,241467,83185,0
2,40,0,0,241468,83185,1
3,60,0,0,241469,83185,2
4,80,0,0,241470,83185,3
5,100,0,0,241471,83185,4
1,-3,0,0,241472,83186,0
2,-6,0,0,241473,83186,1
3,-10,0,0,241474,83186,2
1,-2,0,0,241477,83187,0
2,-4,0,0,241478,83187,1
3,-6,0,0,241479,83187,2
4,-8,0,0,241480,83187,3
5,-10,0,0,241481,83187,4
1,-400,0,0,241482,83188,0
2,-800,0,0,241483,83188,1
3,-1200,0,0,241484,83188,2
4,-1600,0,0,241485,83188,3
5,-2000,0,0,241486,83188,4
1,-100,0,0,241487,83189,0
2,-200,0,0,241488,83189,1
3,-300,0,0,241489,83189,2
4,-400,0,0,241490,83189,3
5,-500,0,0,241491,83189,4
1,4,0,0,241492,83190,0
2,8,0,0,241493,83190,1
3,12,0,0,241494,83190,2
4,16,0,0,241495,83190,3
5,20,0,0,241496,83190,4
1,2,0,0,241497,83191,0
2,4,0,0,241498,83191,1
3,6,0,0,241499,83191,2
4,8,0,0,241500,83191,3
5,10,0,0,241501,83191,4
1,33,0,0,241502,83192,0
2,67,0,0,241503,83192,1
3,100,0,0,241504,83192,2
1,-2000,0,0,241505,83193,0
2,-4000,0,0,241506,83193,1
3,-6000,0,0,241507,83193,2
1,10,0,0,241508,83194,0
2,20,0,0,241509,83194,1
3,30,0,0,241510,83194,2
1,-17,0,0,241511,83195,0
2,-33,0,0,241512,83195,1
3,-50,0,0,241513,83195,2
1,-45,0,0,241514,83196,0
2,-90,0,0,241515,83196,1
1,-20,0,0,241516,83197,0
2,-40,0,0,241517,83197,1
1,8,0,0,241518,83198,0
2,15,0,0,241519,83198,1
1,-2000,0,0,241523,83199,0
2,-4000,0,0,241524,83199,1
1,10,0,0,241525,83200,0
2,20,0,0,241526,83200,1
3,30,0,0,241527,83200,2
1,10,0,0,241528,83201,0
2,20,0,0,241529,83201,1
3,30,0,0,241530,83201,2
1,-50,0,0,241531,83202,0
2,-100,0,0,241532,83202,1
1,-15,0,0,241533,83203,0
2,-30,0,0,241534,83203,1
1,15,0,0,241535,83204,0
2,30,0,0,241536,83204,1
1,5,0,0,241537,83205,0
2,10,0,0,241538,83205,1
3,15,0,0,241539,83205,2
1,10,0,0,241542,83206,0
2,20,0,0,241543,83206,1
3,30,0,0,241544,83206,2
1,-15,0,0,241545,83207,0
2,-30,0,0,241546,83207,1
1,20,0,0,241547,83208,0
2,40,0,0,241548,83208,1
1,2,0,0,241549,83209,0
2,4,0,0,241550,83209,1
3,6,0,0,241551,83209,2
4,8,0,0,241552,83209,3
5,10,0,0,241553,83209,4
1,-300000,0,0,241554,83210,0
2,-600000,0,0,241555,83210,1
1,-20,0,0,241556,83211,0
2,-40,0,0,241557,83211,1
1,3,0,0,241558,83212,0
2,6,0,0,241559,83212,1
1,10,0,0,241560,83213,0
2,20,0,0,241561,83213,1
3,30,0,0,241562,83213,2
1,10,0,0,241563,83214,0
2,20,0,0,241564,83214,1
3,30,0,0,241565,83214,2
1,1,0,0,241566,83215,0
2,2,0,0,241567,83215,1
3,3,0,0,241568,83215,2
4,4,0,0,241569,83215,3
5,5,0,0,241570,83215,4
1,-10,0,0,241571,83216,0
2,-15,0,0,241572,83216,1
3,-20,0,0,241573,83216,2
1,4,0,0,241574,83217,0
2,8,0,0,241575,83217,1
3,12,0,0,241576,83217,2
1,2,0,0,241577,83218,0
2,4,0,0,241578,83218,1
1,10,0,0,241579,83219,0
2,20,0,0,241580,83219,1
1,33,0,0,241581,83220,0
2,67,0,0,241582,83220,1
3,100,0,0,241583,83220,2
1,23,0,0,241584,83221,0
2,47,0,0,241585,83221,1
3,70,0,0,241586,83221,2
1,5,0,0,241587,83222,0
2,10,0,0,241588,83222,1
1,3,0,0,241589,83223,0
2,7,0,0,241590,83223,1
3,10,0,0,241591,83223,2
1,7,0,0,241592,83224,0
2,13,0,0,241593,83224,1
3,20,0,0,241594,83224,2
1,10,0,0,241595,83225,0
2,20,0,0,241596,83225,1
1,50,0,0,241600,83226,0
2,100,0,0,241601,83226,1
1,1,0,0,241602,83227,0
2,2,0,0,241603,83227,1
3,3,0,0,241604,83227,2
4,4,0,0,241605,83227,3
5,5,0,0,241606,83227,4
1,2,0,0,241607,83228,0
2,4,0,0,241608,83228,1
3,6,0,0,241609,83228,2
4,8,0,0,241610,83228,3
5,10,0,0,241611,83228,4
1,-400,0,0,241612,83229,0
2,-800,0,0,241613,83229,1
3,-1200,0,0,241614,83229,2
4,-1600,0,0,241615,83229,3
5,-2000,0,0,241616,83229,4
1,-4,0,0,241617,83230,0
2,-8,0,0,241618,83230,1
3,-12,0,0,241619,83230,2
4,-16,0,0,241620,83230,3
5,-20,0,0,241621,83230,4
1,1,0,0,241622,83231,0
2,2,0,0,241623,83231,1
3,3,0,0,241624,83231,2
4,4,0,0,241625,83231,3
5,5,0,0,241626,83231,4
1,2,0,0,241800,83272,0
2,4,0,0,241801,83272,1
3,6,0,0,241802,83272,2
4,8,0,0,241803,83272,3
5,10,0,0,241804,83272,4
1,5,0,0,241805,83273,0
2,10,0,0,241806,83273,1
3,15,0,0,241807,83273,2
1,-10,0,0,241808,83274,0
2,-20,0,0,241809,83274,1
3,-30,0,0,241810,83274,2
1,1,0,0,241811,83275,0
2,2,0,0,241812,83275,1
3,3,0,0,241813,83275,2
4,4,0,0,241814,83275,3
5,5,0,0,241815,83275,4
1,2,0,0,241816,83276,0
2,4,0,0,241817,83276,1
3,6,0,0,241818,83276,2
4,8,0,0,241819,83276,3
5,10,0,0,241820,83276,4
1,50,0,0,241821,83277,0
2,100,0,0,241822,83277,1
1,-30000,0,0,241823,83278,0
2,-60000,0,0,241824,83278,1
1,-7000,0,0,241825,83279,0
2,-13000,0,0,241826,83279,1
3,-20000,0,0,241827,83279,2
1,-10,0,0,241828,83280,0
2,-20,0,0,241829,83280,1
3,-30,0,0,241830,83280,2
1,20,0,0,241831,83281,0
2,40,0,0,241832,83281,1
3,60,0,0,241833,83281,2
1,5,0,0,241834,83282,0
2,10,0,0,241835,83282,1
3,15,0,0,241836,83282,2
1,-20,0,0,241837,83283,0
2,-40,0,0,241838,83283,1
3,-60,0,0,241839,83283,2
1,2,0,0,241840,83284,0
2,4,0,0,241841,83284,1
3,6,0,0,241842,83284,2
4,8,0,0,241843,83284,3
5,10,0,0,241844,83284,4
1,25,0,0,241845,83285,0
2,50,0,0,241846,83285,1
1,4,0,0,241847,83286,0
2,8,0,0,241848,83286,1
3,12,0,0,241849,83286,2
4,16,0,0,241850,83286,3
5,20,0,0,241851,83286,4
1,20,0,0,241852,83287,0
2,40,0,0,241853,83287,1
3,60,0,0,241854,83287,2
4,80,0,0,241855,83287,3
5,100,0,0,241856,83287,4
1,1,0,0,241857,83288,0
2,2,0,0,241858,83288,1
3,3,0,0,241859,83288,2
4,4,0,0,241860,83288,3
5,5,0,0,241861,83288,4
1,5,0,0,241862,83289,0
2,10,0,0,241863,83289,1
1,50,0,0,241867,83290,0
2,100,0,0,241868,83290,1
1,-5000,0,0,241869,83291,0
2,-10000,0,0,241870,83291,1
1,-2,0,0,241871,83292,0
2,-4,0,0,241872,83292,1
3,-6,0,0,241873,83292,2
4,-8,0,0,241874,83292,3
5,-10,0,0,241875,83292,4
1,1,0,0,241876,83293,0
2,2,0,0,241877,83293,1
3,3,0,0,241878,83293,2
1,2,0,0,241881,83294,0
2,4,0,0,241882,83294,1
3,6,0,0,241883,83294,2
4,8,0,0,241884,83294,3
5,10,0,0,241885,83294,4
1,-30,0,0,241886,83295,0
2,-50,0,0,241887,83295,1
1,5,0,0,241888,83296,0
2,10,0,0,241889,83296,1
3,15,0,0,241890,83296,2
4,20,0,0,241891,83296,3
5,25,0,0,241892,83296,4
1,1,0,0,241893,83297,0
2,2,0,0,241894,83297,1
3,3,0,0,241895,83297,2
1,-10,0,0,241896,83298,0
2,-20,0,0,241897,83298,1
3,-30,0,0,241898,83298,2
1,12,0,0,241899,83299,0
2,24,0,0,241900,83299,1
3,36,0,0,241901,83299,2
4,48,0,0,241902,83299,3
5,60,0,0,241903,83299,4
1,10,0,0,241904,83300,0
2,20,0,0,241905,83300,1
1,1,0,0,241909,83301,0
2,2,0,0,241910,83301,1
3,3,0,0,241911,83301,2
4,4,0,0,241912,83301,3
5,5,0,0,241913,83301,4
1,2,0,0,241914,83302,0
2,4,0,0,241915,83302,1
3,6,0,0,241916,83302,2
4,8,0,0,241917,83302,3
5,10,0,0,241918,83302,4
1,5,0,0,241919,83303,0
2,10,0,0,241920,83303,1
3,15,0,0,241921,83303,2
1,1,0,0,241922,83304,0
2,2,0,0,241923,83304,1
3,3,0,0,241924,83304,2
4,4,0,0,241925,83304,3
5,5,0,0,241926,83304,4
1,1,0,0,241927,83305,0
2,2,0,0,241928,83305,1
3,3,0,0,241929,83305,2
4,4,0,0,241930,83305,3
5,5,0,0,241931,83305,4
1,1,0,0,241932,83306,0
2,2,0,0,241933,83306,1
3,3,0,0,241934,83306,2
4,4,0,0,241935,83306,3
5,5,0,0,241936,83306,4
1,10,0,0,241937,83307,0
2,20,0,0,241938,83307,1
1,1,0,0,241939,83308,0
2,2,0,0,241940,83308,1
3,3,0,0,241941,83308,2
1,20,0,0,241944,83309,0
2,40,0,0,241945,83309,1
3,60,0,0,241946,83309,2
1,25,0,0,241947,83310,0
2,50,0,0,241948,83310,1
1,-250,0,0,241949,83311,0
2,-500,0,0,241950,83311,1
1,100,0,0,241951,83312,0
2,200,0,0,241952,83312,1
1,3,0,0,241953,83313,0
2,6,0,0,241954,83313,1
3,9,0,0,241955,83313,2
4,12,0,0,241956,83313,3
5,15,0,0,241957,83313,4
1,30,0,0,241958,83314,0
2,60,0,0,241959,83314,1
1,12,0,0,241960,83315,0
2,23,0,0,241961,83315,1
3,35,0,0,241962,83315,2
1,1,0,0,241963,83316,0
2,2,0,0,241964,83316,1
3,3,0,0,241965,83316,2
4,4,0,0,241966,83316,3
5,5,0,0,241967,83316,4
1,-10,0,0,241968,83317,0
2,-20,0,0,241969,83317,1
3,-30,0,0,241970,83317,2
1,33,0,0,242121,83366,0
2,67,0,0,242122,83366,1
3,100,0,0,242123,83366,2
1,5,0,0,242126,83367,0
2,10,0,0,242127,83367,1
3,15,0,0,242128,83367,2
4,20,0,0,242129,83367,3
5,25,0,0,242130,83367,4
1,20,0,0,242131,83368,0
2,40,0,0,242132,83368,1
3,60,0,0,242133,83368,2
4,80,0,0,242134,83368,3
5,100,0,0,242135,83368,4
1,50,0,0,242136,83369,0
2,100,0,0,242137,83369,1
1,2,0,0,242138,83370,0
2,4,0,0,242139,83370,1
3,6,0,0,242140,83370,2
4,8,0,0,242141,83370,3
5,10,0,0,242142,83370,4
1,24000,0,0,242143,83371,0
2,48000,0,0,242144,83371,1
3,72000,0,0,242145,83371,2
4,96000,0,0,242146,83371,3
5,120000,0,0,242147,83371,4
1,2,0,0,242148,83372,0
2,4,0,0,242149,83372,1
3,6,0,0,242150,83372,2
4,8,0,0,242151,83372,3
5,10,0,0,242152,83372,4
1,33,0,0,242153,83373,0
2,67,0,0,242154,83373,1
3,100,0,0,242155,83373,2
1,5,0,0,242156,83374,0
2,10,0,0,242157,83374,1
1,-8,0,0,242158,83375,0
2,-16,0,0,242159,83375,1
3,-24,0,0,242160,83375,2
4,-32,0,0,242161,83375,3
5,-40,0,0,242162,83375,4
1,8,0,0,242163,83376,0
2,17,0,0,242164,83376,1
3,25,0,0,242165,83376,2
1,25,0,0,242168,83377,0
2,50,0,0,242169,83377,1
1,50,0,0,242170,83378,0
2,100,0,0,242171,83378,1
1,-6000,0,0,242172,83379,0
2,-12000,0,0,242173,83379,1
3,-18000,0,0,242174,83379,2
1,2,0,0,242175,83380,0
2,4,0,0,242176,83380,1
3,6,0,0,242177,83380,2
4,8,0,0,242178,83380,3
5,10,0,0,242179,83380,4
1,-288000,0,0,242180,83381,0
2,-612000,0,0,242181,83381,1
3,-900000,0,0,242182,83381,2
1,9,0,0,242183,83382,0
2,8,0,0,242184,83382,1
3,7,0,0,242185,83382,2
4,6,0,0,242186,83382,3
5,5,0,0,242187,83382,4
1,5,0,0,242188,83383,0
2,10,0,0,242189,83383,1
1,-5000,0,0,242190,83384,0
2,-10000,0,0,242191,83384,1
1,4,0,0,242192,83385,0
2,8,0,0,242193,83385,1
3,12,0,0,242194,83385,2
4,16,0,0,242195,83385,3
5,20,0,0,242196,83385,4
1,1,0,0,242197,83386,0
2,2,0,0,242198,83386,1
3,3,0,0,242199,83386,2
4,4,0,0,242200,83386,3
5,5,0,0,242201,83386,4
1,2,0,0,242202,83387,0
2,4,0,0,242203,83387,1
3,6,0,0,242204,83387,2
1,3,0,0,242207,83388,0
2,6,0,0,242208,83388,1
3,9,0,0,242209,83388,2
4,12,0,0,242210,83388,3
5,15,0,0,242211,83388,4
1,3,0,0,242212,83389,0
2,6,0,0,242213,83389,1
3,9,0,0,242214,83389,2
4,12,0,0,242215,83389,3
5,15,0,0,242216,83389,4
1,-5,0,0,242217,83390,0
2,-10,0,0,242218,83390,1
1,10,0,0,242219,83391,0
2,20,0,0,242220,83391,1
3,30,0,0,242221,83391,2
4,40,0,0,242222,83391,3
5,50,0,0,242223,83391,4
1,10,0,0,242224,83392,0
2,20,0,0,242225,83392,1
3,30,0,0,242226,83392,2
1,25,0,0,242227,83393,0
2,50,0,0,242228,83393,1
1,4,0,0,242229,83394,0
2,8,0,0,242230,83394,1
3,12,0,0,242231,83394,2
4,16,0,0,242232,83394,3
5,20,0,0,242233,83394,4
1,20,0,0,242234,83395,0
2,40,0,0,242235,83395,1
3,60,0,0,242236,83395,2
4,80,0,0,242237,83395,3
5,100,0,0,242238,83395,4
0,-80,0,0,242244,83397,0
1,0,0,0,242245,83397,1
0,0,0,0,245791,84639,0
1,0.24598932,0,0,245792,84639,1
0,1,0,0,245814,84652,0
1,1,0,0,245815,84652,1
0,1,0,0,245860,84679,0
1,1,0,0,245861,84679,1
0,0,0,0,246012,84721,0
1,1,0,0,246013,84721,1
0,0,0,0,246014,84722,0
1,1,0,0,246015,84722,1
0,0,0,0,246016,84723,0
1,1,0,0,246017,84723,1
0,0,0,0,246242,84816,0
1,1,0,0,246243,84816,1
0,0,0,0,246244,84817,0
1,1,0,0,246245,84817,1
0,0,0,0,246246,84818,0
1,1,0,0,246247,84818,1
0,0,0,0,246263,84825,0
0,0,0,0,246264,84825,1
100,0,0,0,246265,84825,2
0,0.01,0,0,246266,84826,0
100,0.01,0,0,246267,84826,1
0,0.25,0,0,246268,84827,0
100,0.25,0,0,246269,84827,1
0,0.125,0,0,246270,84828,0
100,0.125,0,0,246271,84828,1
0,0,0,0,246575,84916,0
0,0,0,0,246576,84917,0
1,-1,0,0,246929,85050,0
2,-2,0,0,246930,85050,1
3,-3,0,0,246931,85050,2
4,-4,0,0,246932,85050,3
5,-5,0,0,246933,85050,4
1,10,0,0,250993,85182,0
2,20,0,0,250994,85182,1
3,30,0,0,250995,85182,2
4,40,0,0,250996,85182,3
5,50,0,0,250997,85182,4
1,-2,0,0,251075,85214,0
2,-4,0,0,251076,85214,1
3,-6,0,0,251077,85214,2
4,-8,0,0,251078,85214,3
5,-10,0,0,251079,85214,4
1,1,0,0,251080,85215,0
2,2,0,0,251081,85215,1
3,3,0,0,251082,85215,2
4,4,0,0,251083,85215,3
5,5,0,0,251084,85215,4
1,-3,0,0,251085,85216,0
2,-7,0,0,251086,85216,1
3,-10,0,0,251087,85216,2
1,5,0,0,251088,85217,0
2,10,0,0,251089,85217,1
3,15,0,0,251090,85217,2
1,5,0,0,251091,85218,0
2,10,0,0,251092,85218,1
3,15,0,0,251093,85218,2
1,3,0,0,251094,85219,0
2,6,0,0,251095,85219,1
3,9,0,0,251096,85219,2
1,-200,0,0,251097,85220,0
2,-400,0,0,251098,85220,1
3,-600,0,0,251099,85220,2
4,-800,0,0,251100,85220,3
5,-1000,0,0,251101,85220,4
1,20,0,0,251102,85221,0
2,40,0,0,251103,85221,1
3,60,0,0,251104,85221,2
4,80,0,0,251105,85221,3
5,100,0,0,251106,85221,4
1,-2000,0,0,251107,85222,0
2,-4000,0,0,251108,85222,1
1,10,0,0,251109,85223,0
2,20,0,0,251110,85223,1
1,23,0,0,251111,85224,0
2,47,0,0,251112,85224,1
3,70,0,0,251113,85224,2
1,8,0,0,251114,85225,0
2,15,0,0,251115,85225,1
1,3,0,0,251116,85226,0
2,6,0,0,251117,85226,1
1,3,0,0,251118,85227,0
2,7,0,0,251119,85227,1
3,10,0,0,251120,85227,2
1,-170,0,0,251121,85228,0
2,-330,0,0,251122,85228,1
3,-500,0,0,251123,85228,2
1,10,0,0,251247,85264,0
2,20,0,0,251248,85264,1
1,25,0,0,251249,85265,0
2,50,0,0,251250,85265,1
1,2,0,0,251251,85266,0
2,4,0,0,251252,85266,1
3,6,0,0,251253,85266,2
4,8,0,0,251254,85266,3
5,10,0,0,251255,85266,4
1,33,0,0,251264,85272,0
2,67,0,0,251265,85272,1
3,100,0,0,251266,85272,2
1,-1000,0,0,251267,85273,0
2,-2000,0,0,251268,85273,1
1,10,0,0,251269,85274,0
2,20,0,0,251270,85274,1
1,1,0,0,251271,85275,0
2,2,0,0,251272,85275,1
3,3,0,0,251273,85275,2
4,4,0,0,251274,85275,3
5,5,0,0,251275,85275,4
1,-1000,0,0,251319,85293,0
2,-3000,0,0,251320,85293,1
1,5,0,0,251326,85295,0
2,10,0,0,251327,85295,1
3,15,0,0,251328,85295,2
1,13,0,0,251329,85296,0
2,27,0,0,251330,85296,1
3,40,0,0,251331,85296,2
1,5,0,0,251332,85297,0
2,10,0,0,251333,85297,1
3,15,0,0,251334,85297,2
1,7,0,0,251335,85298,0
2,13,0,0,251336,85298,1
3,20,0,0,251337,85298,2
1,2,0,0,251338,85299,0
2,4,0,0,251339,85299,1
3,6,0,0,251340,85299,2
1,5,0,0,251341,85300,0
2,10,0,0,251342,85300,1
3,15,0,0,251343,85300,2
4,20,0,0,251344,85300,3
5,25,0,0,251345,85300,4
1,2,0,0,251346,85301,0
2,4,0,0,251347,85301,1
3,6,0,0,251348,85301,2
4,8,0,0,251349,85301,3
5,10,0,0,251350,85301,4
1,15,0,0,251351,85302,0
2,30,0,0,251352,85302,1
1,15,0,0,251354,85303,0
2,30,0,0,251355,85303,1
1,50,0,0,251357,85304,0
2,100,0,0,251358,85304,1
1,50,0,0,251359,85305,0
2,100,0,0,251360,85305,1
1,-4,0,0,251361,85306,0
2,-8,0,0,251362,85306,1
3,-12,0,0,251363,85306,2
4,-16,0,0,251364,85306,3
5,-20,0,0,251365,85306,4
1,-100,0,0,251366,85307,0
2,-200,0,0,251367,85307,1
3,-300,0,0,251368,85307,2
4,-400,0,0,251369,85307,3
5,-500,0,0,251370,85307,4
1,1,0,0,251371,85308,0
2,2,0,0,251372,85308,1
3,3,0,0,251373,85308,2
4,4,0,0,251374,85308,3
5,5,0,0,251375,85308,4
1,10,0,0,251376,85309,0
2,20,0,0,251377,85309,1
1,2,0,0,251378,85310,0
2,4,0,0,251379,85310,1
1,-600000,0,0,251380,85311,0
2,-1200000,0,0,251381,85311,1
1,1,0,0,251391,85313,0
2,2,0,0,251392,85313,1
3,3,0,0,251393,85313,2
1,-5,0,0,251394,85314,0
2,-10,0,0,251395,85314,1
3,-15,0,0,251396,85314,2
1,-1,0,0,251397,85315,0
2,-2,0,0,251398,85315,1
3,-3,0,0,251399,85315,2
4,-4,0,0,251400,85315,3
5,-5,0,0,251401,85315,4
1,17,0,0,251402,85316,0
2,33,0,0,251403,85316,1
3,50,0,0,251404,85316,2
1,23,0,0,251405,85317,0
2,47,0,0,251406,85317,1
3,70,0,0,251407,85317,2
1,8,0,0,251408,85318,0
2,17,0,0,251409,85318,1
3,25,0,0,251410,85318,2
1,10,0,0,251411,85319,0
2,20,0,0,251412,85319,1
3,30,0,0,251413,85319,2
4,40,0,0,251414,85319,3
5,50,0,0,251415,85319,4
1,5,0,0,251416,85320,0
2,10,0,0,251417,85320,1
3,15,0,0,251418,85320,2
4,20,0,0,251419,85320,3
5,25,0,0,251420,85320,4
1,-5,0,0,251421,85321,0
2,-10,0,0,251422,85321,1
3,-15,0,0,251423,85321,2
4,-20,0,0,251424,85321,3
5,-25,0,0,251425,85321,4
1,8,0,0,251426,85322,0
2,17,0,0,251427,85322,1
3,25,0,0,251428,85322,2
1,2,0,0,251429,85323,0
2,4,0,0,251430,85323,1
3,6,0,0,251431,85323,2
4,8,0,0,251432,85323,3
5,10,0,0,251433,85323,4
1,-100,0,0,251434,85324,0
2,-200,0,0,251435,85324,1
3,-300,0,0,251436,85324,2
4,-400,0,0,251437,85324,3
5,-500,0,0,251438,85324,4
1,1,0,0,251439,85325,0
2,2,0,0,251440,85325,1
3,3,0,0,251441,85325,2
4,4,0,0,251442,85325,3
5,5,0,0,251443,85325,4
1,2,0,0,251444,85326,0
2,4,0,0,251445,85326,1
1,5,0,0,251446,85327,0
2,10,0,0,251447,85327,1
1,-8,0,0,251448,85328,0
2,-17,0,0,251449,85328,1
3,-25,0,0,251450,85328,2
1,2,0,0,251451,85329,0
2,4,0,0,251452,85329,1
1,10,0,0,251453,85330,0
2,20,0,0,251454,85330,1
1,25,0,0,251455,85331,0
2,50,0,0,251456,85331,1
3,75,0,0,251457,85331,2
1,-170,0,0,251458,85332,0
2,-330,0,0,251459,85332,1
3,-500,0,0,251460,85332,2
1,-100,0,0,251461,85333,0
2,-200,0,0,251462,85333,1
3,-300,0,0,251463,85333,2
1,20,0,0,251464,85334,0
2,40,0,0,251465,85334,1
3,60,0,0,251466,85334,2
4,80,0,0,251467,85334,3
5,100,0,0,251468,85334,4
1,2,0,0,251469,85335,0
2,4,0,0,251470,85335,1
3,6,0,0,251471,85335,2
4,8,0,0,251472,85335,3
5,10,0,0,251473,85335,4
1,0,0,0,251474,85336,0
2,0,0,0,251475,85336,1
3,0,0,0,251476,85336,2
1,2,0,0,251477,85337,0
2,4,0,0,251478,85337,1
3,6,0,0,251479,85337,2
4,8,0,0,251480,85337,3
5,10,0,0,251481,85337,4
1,-1,0,0,251482,85338,0
2,-2,0,0,251483,85338,1
3,-3,0,0,251484,85338,2
4,-4,0,0,251485,85338,3
5,-5,0,0,251486,85338,4
1,-10,0,0,251487,85339,0
2,-20,0,0,251488,85339,1
3,-30,0,0,251489,85339,2
4,-40,0,0,251490,85339,3
5,-50,0,0,251491,85339,4
1,-15000,0,0,251492,85340,0
2,-30000,0,0,251493,85340,1
1,500,0,0,251494,85341,0
2,1000,0,0,251495,85341,1
1,10,0,0,251496,85342,0
2,20,0,0,251497,85342,1
3,30,0,0,251498,85342,2
1,5,0,0,251499,85343,0
2,10,0,0,251500,85343,1
3,15,0,0,251501,85343,2
1,15,0,0,251502,85344,0
2,30,0,0,251503,85344,1
1,2,0,0,251504,85345,0
2,4,0,0,251505,85345,1
1,67,0,0,251506,85346,0
2,133,0,0,251507,85346,1
3,200,0,0,251508,85346,2
1,5,0,0,251511,85347,0
2,10,0,0,251512,85347,1
1,3,0,0,251513,85348,0
2,6,0,0,251514,85348,1
1,-10,0,0,251516,85349,0
2,-20,0,0,251517,85349,1
3,-30,0,0,251518,85349,2
1,-6,0,0,251519,85350,0
2,-12,0,0,251520,85350,1
3,-18,0,0,251521,85350,2
1,50,0,0,251522,85351,0
2,100,0,0,251523,85351,1
1,50,0,0,251524,85352,0
2,100,0,0,251525,85352,1
1,50,0,0,251526,85353,0
2,100,0,0,251527,85353,1
3,150,0,0,251528,85353,2
1,10,0,0,251529,85354,0
2,20,0,0,251530,85354,1
1,5,0,0,251531,85355,0
2,10,0,0,251532,85355,1
3,15,0,0,251533,85355,2
1,20,0,0,251536,85356,0
2,40,0,0,251537,85356,1
3,60,0,0,251538,85356,2
1,2,0,0,251541,85357,0
2,4,0,0,251542,85357,1
3,6,0,0,251543,85357,2
4,8,0,0,251544,85357,3
5,10,0,0,251545,85357,4
1,20,0,0,251546,85358,0
2,40,0,0,251547,85358,1
3,60,0,0,251548,85358,2
4,80,0,0,251549,85358,3
5,100,0,0,251550,85358,4
1,1,0,0,251551,85359,0
2,2,0,0,251552,85359,1
3,3,0,0,251553,85359,2
4,4,0,0,251554,85359,3
5,5,0,0,251555,85359,4
1,20,0,0,251556,85360,0
2,40,0,0,251557,85360,1
3,60,0,0,251558,85360,2
4,80,0,0,251559,85360,3
5,100,0,0,251560,85360,4
1,20,0,0,251561,85361,0
2,40,0,0,251562,85361,1
3,60,0,0,251563,85361,2
4,80,0,0,251564,85361,3
5,100,0,0,251565,85361,4
1,14,0,0,251566,85362,0
2,28,0,0,251567,85362,1
3,42,0,0,251568,85362,2
4,56,0,0,251569,85362,3
5,70,0,0,251570,85362,4
1,1,0,0,251571,85363,0
2,2,0,0,251572,85363,1
3,3,0,0,251573,85363,2
4,4,0,0,251574,85363,3
5,5,0,0,251575,85363,4
1,-100,0,0,251576,85364,0
2,-200,0,0,251577,85364,1
3,-300,0,0,251578,85364,2
4,-400,0,0,251579,85364,3
5,-500,0,0,251580,85364,4
1,-10,0,0,251581,85365,0
2,-20,0,0,251582,85365,1
3,-30,0,0,251583,85365,2
1,-10,0,0,251584,85366,0
2,-20,0,0,251585,85366,1
3,-30,0,0,251586,85366,2
1,17,0,0,251638,85389,0
2,33,0,0,251639,85389,1
3,50,0,0,251640,85389,2
1,2,0,0,251643,85390,0
2,4,0,0,251644,85390,1
3,6,0,0,251645,85390,2
4,8,0,0,251646,85390,3
5,10,0,0,251647,85390,4
1,5,0,0,251676,85403,0
2,10,0,0,251677,85403,1
3,15,0,0,251678,85403,2
1,-2,0,0,251681,85404,0
2,-4,0,0,251682,85404,1
3,-6,0,0,251683,85404,2
4,-8,0,0,251684,85404,3
5,-10,0,0,251685,85404,4
1,-12,0,0,251686,85405,0
2,-24,0,0,251687,85405,1
3,-36,0,0,251688,85405,2
4,-48,0,0,251689,85405,3
5,-60,0,0,251690,85405,4
1,-20,0,0,251691,85406,0
2,-40,0,0,251692,85406,1
3,-60,0,0,251693,85406,2
4,-80,0,0,251694,85406,3
5,-100,0,0,251695,85406,4
1,5,0,0,251696,85407,0
2,10,0,0,251697,85407,1
3,15,0,0,251698,85407,2
1,-30,0,0,251699,85408,0
2,-60,0,0,251700,85408,1
1,-50,0,0,251701,85409,0
2,-100,0,0,251702,85409,1
1,10,0,0,251703,85410,0
2,20,0,0,251704,85410,1
3,30,0,0,251705,85410,2
4,40,0,0,251706,85410,3
5,50,0,0,251707,85410,4
3,3000,0,0,251922,82791,2
4,4000,0,0,251923,82791,3
5,5000,0,0,251924,82791,4
3,6,0,0,251925,82789,2
4,8,0,0,251926,82789,3
5,10,0,0,251927,82789,4
1,50,0,0,251946,85425,0
2,100,0,0,251947,85425,1
1,-2,0,0,251971,85469,0
2,-4,0,0,251972,85469,1
3,-6,0,0,251973,85469,2
4,-8,0,0,251974,85469,3
5,-10,0,0,251975,85469,4
1,2,0,0,251976,85470,0
2,4,0,0,251977,85470,1
3,6,0,0,251978,85470,2
4,8,0,0,251979,85470,3
5,10,0,0,251980,85470,4
1,-2,0,0,251981,85471,0
2,-4,0,0,251982,85471,1
3,-6,0,0,251983,85471,2
4,-8,0,0,251984,85471,3
5,-10,0,0,251985,85471,4
1,14,0,0,251993,85472,0
2,28,0,0,251994,85472,1
3,42,0,0,251995,85472,2
4,56,0,0,251996,85472,3
5,70,0,0,251997,85472,4
1,3,0,0,252330,85580,0
123,369,0,0,252331,85580,1
1,2,0,0,252392,85599,0
123,246,0,0,252393,85599,1
1,2,0,0,252394,85600,0
123,246,0,0,252395,85600,1
1,1,0,0,252396,85601,0
123,123,0,0,252397,85601,1
0,0,0,0,253350,85914,0
1,1,0,0,253351,85914,1
0,0,0,0,253352,85915,0
1,1,0,0,253353,85915,1
0,0,0,0,253354,85916,0
1,1,0,0,253355,85916,1
0,0,0,0,254773,86368,0
1,1,0,0,254774,86368,1
0,0,0,0,254775,86369,0
1,1,0,0,254776,86369,1
0,0,0,0,254777,86370,0
1,1,0,0,254778,86370,1
1,33,0,0,255805,86666,0
2,67,0,0,255806,86666,1
3,100,0,0,255807,86666,2
3,3,0,0,257226,82985,2
4,4,0,0,257227,82985,3
5,5,0,0,257228,82985,4
1,0.13,0,0,257242,87126,0
9,0.3125,0,0,257243,87126,1
17,0.454545,0,0,257244,87126,2
18,0.5,0,0,257245,87126,3
22,0.5,0,0,257246,87126,4
23,0.555556,0,0,257247,87126,5
45,0.555556,0,0,257248,87126,6
46,0.625,0,0,257249,87126,7
60,0.625,0,0,257250,87126,8
1,0.5,0,0,257372,87146,0
60,0.5,0,0,257373,87146,1
1,5,0,0,257395,87158,0
2,10,0,0,257396,87158,1
1,5,0,0,257397,87159,0
2,10,0,0,257398,87159,1
1,10,0,0,257698,87241,0
2,20,0,0,257699,87241,1
0,-80,0,0,257982,87325,0
1,0,0,0,257983,87325,1
1,15,0,0,258318,87358,0
2,30,0,0,258319,87358,1
1,2,0,0,258387,87379,0
2,4,0,0,258388,87379,1
3,6,0,0,258389,87379,2
4,8,0,0,258390,87379,3
5,10,0,0,258391,87379,4
1,-15,0,0,258407,87383,0
2,-30,0,0,258408,87383,1
1,-15,0,0,258416,87387,0
2,-30,0,0,258417,87387,1
1,-15,0,0,258418,87388,0
2,-30,0,0,258419,87388,1
1,1,0,0,258420,87389,0
2,2,0,0,258421,87389,1
3,3,0,0,258422,87389,2
4,4,0,0,258423,87389,3
5,5,0,0,258424,87389,4
1,8,0,0,258425,87390,0
2,15,0,0,258426,87390,1
1,1,0,0,258828,87508,0
2,2,0,0,258829,87508,1
3,3,0,0,258830,87508,2
1,10,0,0,258938,87540,0
2,20,0,0,258939,87540,1
0,-80,0,0,258976,87544,0
0,0,0,0,258977,87544,1
0.11216436,0,0,0,258978,87544,2
0.54858565,0,0,0,258979,87544,3
0.88100004,-80,0,0,258980,87544,4
0.88100004,-80,0,0,258981,87544,5
0,-80,0,0,259051,87558,0
0,0,0,0,259052,87558,1
0.11216436,0,0,0,259053,87558,2
0.54858565,0,0,0,259054,87558,3
0.88100004,-80,0,0,259055,87558,4
0.88100004,-80,0,0,259056,87558,5
0,-80,0,0,259213,87593,0
1,0,0,0,259214,87593,1
0,-80,0,0,259276,87612,0
0.75,-3,0,0,259277,87612,1
1,0,0,0,259278,87612,2
0,-80,0,0,259279,87613,0
0.75,-3,0,0,259280,87613,1
1,0,0,0,259281,87613,2
0,-80,0,0,259282,87614,0
0.75,-3,0,0,259283,87614,1
1,0,0,0,259284,87614,2
0,-80,0,0,259285,87615,0
0.75,-3,0,0,259286,87615,1
1,0,0,0,259287,87615,2
1,3,0,0,259288,87616,0
2,7,0,0,259289,87616,1
3,10,0,0,259290,87616,2
1,5,0,0,259291,87617,0
2,10,0,0,259292,87617,1
3,15,0,0,259293,87617,2
4,20,0,0,259294,87617,3
5,25,0,0,259295,87617,4
0,0,0,0,259394,87654,0
2.812,-24,0,0,259395,87654,1
0,0,0,0,259401,87656,0
3.121,0,0,0,259402,87656,1
0,0,0,0,259403,87661,0
3.121,0,0,0,259404,87661,1
0,-80,0,0,259542,87663,0
1,0,0,0,259543,87663,1
1,15,0,0,259691,87682,0
2,30,0,0,259692,87682,1
0,0,0,0,259695,87685,0
2.203,-24,0,0,259696,87685,1
0,-80,0,0,259700,87687,0
0.75,-3,0,0,259701,87687,1
1,0,0,0,259702,87687,2
0,0,0,0,259705,87688,0
2.686,-10.543934,0,0,259706,87688,1
0,-80,0,0,259707,87689,0
0.11111112,0,0,0,259708,87689,1
1.1527779,0,0,0,259709,87689,2
2.3750002,0,0,0,259710,87689,3
2.777778,0,0,0,259711,87689,4
6.0000005,-80,0,0,259712,87689,5
0,0,0,0,259717,87691,0
7.5000005,0,0,0,259718,87691,1
0,0,0,0,259719,87692,0
2.812,-24,0,0,259720,87692,1
0,0,0,0,259876,87751,0
0.36363637,0.22994655,0,0,259877,87751,1
0,0,0,0,259878,87752,0
1,1,0,0,259879,87752,1
0,0,0,0,259880,87753,0
1,1,0,0,259881,87753,1
0.72727275,0.6042781,0,0,259882,87751,2
1,1,0,0,259883,87751,3
1,8,0,0,259898,87761,0
2,16,0,0,259899,87761,1
0,-80,0,0,259928,87769,0
1,0,0,0,259929,87769,1
0,0,0,0,259942,87773,0
5.0220003,0,0,0,259943,87773,1
0,-80,0,0,259950,87775,0
1,0,0,0,259951,87775,1
0,0,0,0,259966,87783,0
2.203,-24,0,0,259967,87783,1
0,-80,0,0,259971,87785,0
1,0,0,0,259972,87785,1
1,1,0,0,260068,87810,0
2,2,0,0,260069,87810,1
3,3,0,0,260070,87810,2
1,2,0,0,260193,87858,0
2,4,0,0,260194,87858,1
3,6,0,0,260195,87858,2
4,8,0,0,260196,87858,3
5,10,0,0,260197,87858,4
1,1,0,0,260798,88007,0
2,2,0,0,260799,88007,1
3,3,0,0,260800,88007,2
1,-4,0,0,260832,88020,0
2,-8,0,0,260833,88020,1
3,-12,0,0,260834,88020,2
4,-16,0,0,260835,88020,3
5,-20,0,0,260836,88020,4
1,1,0,0,260837,88021,0
2,2,0,0,260838,88021,1
3,3,0,0,260839,88021,2
4,4,0,0,260840,88021,3
5,5,0,0,260841,88021,4
1,-146,0,0,261042,88062,0
2,-249,0,0,261043,88062,1
3,-334,0,0,261044,88062,2
1,-436,0,0,261045,88063,0
2,-644,0,0,261046,88063,1
3,-1000,0,0,261047,88063,2
1,1,0,0,261052,88066,0
2,2,0,0,261053,88066,1
3,3,0,0,261054,88066,2
4,4,0,0,261055,88066,3
5,5,0,0,261056,88066,4
1,1,0,0,261057,88067,0
2,2,0,0,261058,88067,1
3,3,0,0,261059,88067,2
4,4,0,0,261060,88067,3
5,5,0,0,261061,88067,4
1,-300,0,0,261080,88072,0
2,-700,0,0,261081,88072,1
3,-1000,0,0,261082,88072,2
1,-100,0,0,261136,88087,0
2,-200,0,0,261137,88087,1
3,-300,0,0,261138,88087,2
4,-400,0,0,261139,88087,3
5,-500,0,0,261140,88087,4
1,0.125,0,0,261536,88208,0
60,0.125,0,0,261537,88208,1
1,0.333333,0,0,261538,88209,0
60,0.333333,0,0,261539,88209,1
1,0.041667,0,0,261540,88210,0
60,0.041667,0,0,261541,88210,1
1,0.071429,0,0,261542,88211,0
60,0.071429,0,0,261543,88211,1
1,0.045455,0,0,261544,88212,0
60,0.045455,0,0,261545,88212,1
1,0.0625,0,0,261546,88213,0
60,0.0625,0,0,261547,88213,1
1,0.092593,0,0,261548,88214,0
9,0.166667,0,0,261549,88214,1
17,0.208333,0,0,261550,88214,2
18,0.208333,0,0,261551,88214,3
22,0.217391,0,0,261552,88214,4
23,0.217391,0,0,261553,88214,5
42,0.263158,0,0,261554,88214,6
60,0.263158,0,0,261555,88214,7
1,0.089286,0,0,261556,88215,0
10,0.172414,0,0,261557,88215,1
15,0.178571,0,0,261558,88215,2
20,0.178571,0,0,261559,88215,3
30,0.185185,0,0,261560,88215,4
40,0.192308,0,0,261561,88215,5
50,0.2,0,0,261562,88215,6
60,0.357143,0,0,261563,88215,7
1,0.121951,0,0,261564,88216,0
10,0.277778,0,0,261565,88216,1
15,0.3125,0,0,261566,88216,2
20,0.333333,0,0,261567,88216,3
30,0.333333,0,0,261568,88216,4
40,0.333333,0,0,261569,88216,5
50,0.357143,0,0,261570,88216,6
60,0.357143,0,0,261571,88216,7
1,0.119048,0,0,261572,88217,0
10,0.131579,0,0,261573,88217,1
15,0.131579,0,0,261574,88217,2
20,0.131579,0,0,261575,88217,3
30,0.142857,0,0,261576,88217,4
40,0.166667,0,0,261577,88217,5
50,0.178571,0,0,261578,88217,6
60,0.192308,0,0,261579,88217,7
1,0.086207,0,0,261580,88218,0
10,0.138889,0,0,261581,88218,1
15,0.138889,0,0,261582,88218,2
20,0.151515,0,0,261583,88218,3
30,0.166667,0,0,261584,88218,4
40,0.172414,0,0,261585,88218,5
50,0.172414,0,0,261586,88218,6
60,0.172414,0,0,261587,88218,7
1,0.079365,0,0,261588,88219,0
10,0.102041,0,0,261589,88219,1
15,0.102041,0,0,261590,88219,2
20,0.102041,0,0,261591,88219,3
30,0.102041,0,0,261592,88219,4
40,0.106383,0,0,261593,88219,5
50,0.113636,0,0,261594,88219,6
60,0.119048,0,0,261595,88219,7
1,0.080645,0,0,261596,88220,0
10,0.113636,0,0,261597,88220,1
15,0.113636,0,0,261598,88220,2
20,0.113636,0,0,261599,88220,3
30,0.113636,0,0,261600,88220,4
40,0.119048,0,0,261601,88220,5
50,0.121951,0,0,261602,88220,6
60,0.128205,0,0,261603,88220,7
1,0.081967,0,0,261604,88221,0
10,0.131579,0,0,261605,88221,1
15,0.131579,0,0,261606,88221,2
20,0.131579,0,0,261607,88221,3
30,0.135135,0,0,261608,88221,4
40,0.138889,0,0,261609,88221,5
50,0.138889,0,0,261610,88221,6
60,0.138889,0,0,261611,88221,7
0,-80,0,0,261624,88227,0
0,0,0,0,261625,88227,1
0.16572222,0,0,0,261626,88227,2
0.32272223,0,0,0,261627,88227,3
2.9568334,-80,0,0,261628,88227,4
3.7680001,-80,0,0,261629,88227,5
0,0,0,0,261848,88328,0
0.36363637,0.22994655,0,0,261849,88328,1
0.72727275,0.6042781,0,0,261850,88328,2
1,1,0,0,261851,88328,3
0,0,0,0,261852,88329,0
1,1,0,0,261853,88329,1
0,0,0,0,261854,88330,0
1,1,0,0,261855,88330,1
0,0,0,0,262240,88444,0
7.1510005,20.585777,0,0,262241,88444,1
0,0,0,0,262616,88532,0
2.023,-5.9246864,0,0,262617,88532,1
0,-80,0,0,262618,88533,0
0,0,0,0,262619,88533,1
0.40525463,0,0,0,262620,88533,2
1.3547084,0,0,0,262621,88533,3
4.816741,-80,0,0,262622,88533,4
5.0020003,-80,0,0,262623,88533,5
0,-80,0,0,262690,88550,0
0,0,0,0,262691,88550,1
0.20833334,0,0,0,262692,88550,2
1.2210648,0,0,0,262693,88550,3
2.2685184,-80,0,0,262694,88550,4
2.5,-80,0,0,262695,88550,5
10,2,0,0,263480,88688,0
11,4,0,0,263481,88688,1
12,4,0,0,263482,88688,2
13,6,0,0,263483,88688,3
14,6,0,0,263484,88688,4
15,8,0,0,263485,88688,5
16,8,0,0,263486,88688,6
17,10,0,0,263487,88688,7
18,10,0,0,263488,88688,8
19,12,0,0,263489,88688,9
20,12,0,0,263490,88688,10
21,14,0,0,263491,88688,11
22,14,0,0,263492,88688,12
23,16,0,0,263493,88688,13
24,16,0,0,263494,88688,14
25,18,0,0,263495,88688,15
26,18,0,0,263496,88688,16
27,20,0,0,263497,88688,17
28,20,0,0,263498,88688,18
29,22,0,0,263499,88688,19
30,22,0,0,263500,88688,20
31,24,0,0,263501,88688,21
32,24,0,0,263502,88688,22
33,26,0,0,263503,88688,23
34,26,0,0,263504,88688,24
35,28,0,0,263505,88688,25
36,28,0,0,263506,88688,26
37,30,0,0,263507,88688,27
38,30,0,0,263508,88688,28
39,32,0,0,263509,88688,29
40,32,0,0,263510,88688,30
41,34,0,0,263511,88688,31
42,34,0,0,263512,88688,32
43,36,0,0,263513,88688,33
44,36,0,0,263514,88688,34
45,38,0,0,263515,88688,35
46,38,0,0,263516,88688,36
47,40,0,0,263517,88688,37
48,40,0,0,263518,88688,38
49,42,0,0,263519,88688,39
50,42,0,0,263520,88688,40
51,44,0,0,263521,88688,41
52,44,0,0,263522,88688,42
53,46,0,0,263523,88688,43
54,46,0,0,263524,88688,44
55,48,0,0,263525,88688,45
56,48,0,0,263526,88688,46
57,50,0,0,263527,88688,47
58,50,0,0,263528,88688,48
59,52,0,0,263529,88688,49
60,52,0,0,263530,88688,50
61,54,0,0,263531,88688,51
62,54,0,0,263532,88688,52
63,56,0,0,263533,88688,53
64,56,0,0,263534,88688,54
65,58,0,0,263535,88688,55
66,59,0,0,263536,88688,56
67,59,0,0,263537,88688,57
68,60,0,0,263538,88688,58
69,60,0,0,263539,88688,59
70,61,0,0,263540,88688,60
71,61,0,0,263541,88688,61
72,62,0,0,263542,88688,62
73,62,0,0,263543,88688,63
74,63,0,0,263544,88688,64
75,64,0,0,263545,88688,65
76,64,0,0,263546,88688,66
77,65,0,0,263547,88688,67
78,65,0,0,263548,88688,68
79,66,0,0,263549,88688,69
80,67,0,0,263550,88688,70
81,67,0,0,263551,88688,71
82,68,0,0,263552,88688,72
83,69,0,0,263553,88688,73
84,69,0,0,263554,88688,74
85,70,0,0,263555,88688,75
86,71,0,0,263556,88688,76
87,71,0,0,263557,88688,77
88,72,0,0,263558,88688,78
89,73,0,0,263559,88688,79
90,73,0,0,263560,88688,80
91,74,0,0,263561,88688,81
92,75,0,0,263562,88688,82
93,75,0,0,263563,88688,83
94,76,0,0,263564,88688,84
95,77,0,0,263565,88688,85
96,77,0,0,263566,88688,86
97,78,0,0,263567,88688,87
98,79,0,0,263568,88688,88
99,80,0,0,263569,88688,89
100,80,0,0,263570,88688,90
0,0,0,0,265968,89438,0
1,1,0,0,265969,89438,1
0,0,0,0,265970,89439,0
0.33333334,0.33333334,0,0,265971,89439,1
0.6666666,0.6666666,0,0,265972,89439,2
1,1,0,0,265973,89439,3
0,0,0,0,265974,89440,0
0.33333334,0.33333334,0,0,265975,89440,1
0.6666666,0.6666666,0,0,265976,89440,2
1,1,0,0,265977,89440,3
0,0,0,0,267944,89986,0
1,1,0,0,267945,89986,1
0,0,0,0,267946,89987,0
1,1,0,0,267947,89987,1
0,0,0,0,267948,89988,0
1,1,0,0,267949,89988,1
0,0,0,0,267950,89989,0
1,1,0,0,267951,89989,1
0,0,0,0,267952,89990,0
1,1,0,0,267953,89990,1
0,0,0,0,267954,89991,0
1,1,0,0,267955,89991,1
0,0,0,0,267956,89992,0
0.33333334,0.33333334,0,0,267957,89992,1
0,0,0,0,267958,89993,0
1,1,0,0,267959,89993,1
0,0,0,0,267960,89994,0
1,1,0,0,267961,89994,1
0,0,0,0,267962,89995,0
1,1,0,0,267963,89995,1
0,0,0,0,267964,89996,0
1,1,0,0,267965,89996,1
0,0,0,0,267966,89997,0
1,1,0,0,267967,89997,1
0,0,0,0,267968,89998,0
0.4,0.19786096,0,0,267969,89998,1
0.8,0.6042781,0,0,267970,89998,2
1,1,0,0,267971,89998,3
0,0,0,0,267972,89999,0
1,1,0,0,267973,89999,1
0,0,0,0,267974,90000,0
1,1,0,0,267975,90000,1
0.6666666,0.6666666,0,0,267976,89992,2
1,1,0,0,267977,89992,3
0,0,0,0,268788,90242,0
1,1,0,0,268789,90242,1
0,0,0,0,268790,90243,0
1,1,0,0,268791,90243,1
0,0,0,0,268792,90244,0
1,1,0,0,268793,90244,1
0,0,0,0,268794,90245,0
1,1,0,0,268795,90245,1
0,0,0,0,268796,90246,0
1,1,0,0,268797,90246,1
0,0,0,0,268798,90247,0
1,1,0,0,268799,90247,1
0,0,0,0,268800,90248,0
1,1,0,0,268801,90248,1
0,0,0,0,268802,90249,0
1,1,0,0,268803,90249,1
0,0,0,0,268804,90250,0
1,1,0,0,268805,90250,1
0,0,0,0,268806,90251,0
1,1,0,0,268807,90251,1
0,0,0,0,268808,90252,0
1,1,0,0,268809,90252,1
0,0,0,0,268810,90253,0
1,1,0,0,268811,90253,1
0,0,0,0,268812,90254,0
1,1,0,0,268813,90254,1
0,0,0,0,268814,90255,0
1,1,0,0,268815,90255,1
0,0,0,0,268816,90256,0
1,1,0,0,268817,90256,1
0,0,0,0,268818,90257,0
1,1,0,0,268819,90257,1
0,0,0,0,268820,90258,0
1,1,0,0,268821,90258,1
0,0,0,0,268822,90259,0
1,1,0,0,268823,90259,1
0,0,0,0,268824,90260,0
1,1,0,0,268825,90260,1
0,0,0,0,268826,90261,0
1,1,0,0,268827,90261,1
0,0,0,0,268828,90262,0
1,1,0,0,268829,90262,1
0,0,0,0,268830,90263,0
1,1,0,0,268831,90263,1
0,0,0,0,268832,90264,0
1,1,0,0,268833,90264,1
0,0,0,0,268834,90265,0
1,1,0,0,268835,90265,1
0,0,0,0,268836,90266,0
1,1,0,0,268837,90266,1
0,0,0,0,268838,90267,0
1,1,0,0,268839,90267,1
0,0,0,0,268840,90268,0
1,1,0,0,268841,90268,1
0,0,0,0,268842,90269,0
1,1,0,0,268843,90269,1
0,0,0,0,268844,90270,0
1,1,0,0,268845,90270,1
0,0,0,0,268846,90271,0
1,1,0,0,268847,90271,1
0,0,0,0,268860,90278,0
1,1,0,0,268861,90278,1
0,0,0,0,268862,90279,0
1,1,0,0,268863,90279,1
0,0,0,0,268864,90280,0
1,1,0,0,268865,90280,1
0,0,0,0,268866,90281,0
1,1,0,0,268867,90281,1
0,0,0,0,268868,90282,0
1,1,0,0,268869,90282,1
0,0,0,0,268870,90283,0
1,1,0,0,268871,90283,1
0,1.7071114,0,0,269123,90372,0
1.065,-1.1046028,0,0,269124,90372,1
0,0,0,0,269125,90380,0
5.5480003,0,0,0,269126,90380,1
0,-80,0,0,269127,90375,0
0,0,0,0,269128,90375,1
0.25685185,0,0,0,269129,90375,2
1.6695372,0,0,0,269130,90375,3
3.9298334,-80,0,0,269131,90375,4
5.5480003,-80,0,0,269132,90375,5
0,0,0,0,269133,90367,0
1.065,0,0,0,269134,90367,1
0,0,0,0,269322,90454,0
1.065,0,0,0,269323,90454,1
0,0,0,0,269324,90460,0
4.6850004,0,0,0,269325,90460,1
0,0,0,0,269326,90462,0
4.6850004,0,0,0,269327,90462,1
0,0,0,0,269435,90505,0
3.121,0,0,0,269436,90505,1
0,0,0,0,270191,90750,0
0.045744445,0,0,0,270192,90750,1
0.09148889,-20,0,0,270193,90750,2
0.33333334,-20,0,0,270194,90750,3
3,-80,0,0,270195,90750,4
0,0,0,0,270196,90751,0
0.4117,0,0,0,270197,90751,1
0.8234,-20,0,0,270198,90751,2
3,-20,0,0,270199,90751,3
3,-80,0,0,270200,90751,4
0,0,0,0,270211,90754,0
0.40370002,0,0,0,270212,90754,1
0.80740005,-20,0,0,270213,90754,2
3,-20,0,0,270214,90754,3
3,-80,0,0,270215,90754,4
0,0,0,0,270216,90755,0
0.40370002,0,0,0,270217,90755,1
0.80740005,-20,0,0,270218,90755,2
3,-20,0,0,270219,90755,3
3,-80,0,0,270220,90755,4
0,0,0,0,270226,90757,0
0.4007,0,0,0,270227,90757,1
0.8014,-20,0,0,270228,90757,2
3,-20,0,0,270229,90757,3
3,-80,0,0,270230,90757,4
0,0,0,0,270278,90764,0
0.39120004,0,0,0,270279,90764,1
0.7824001,-20,0,0,270280,90764,2
1.5,-20,0,0,270281,90764,3
1.5,-80,0,0,270282,90764,4
0,0,0,0,270342,90777,0
0.39120004,0,0,0,270343,90777,1
0.7824001,-20,0,0,270344,90777,2
1.5,-20,0,0,270345,90777,3
1.5,-80,0,0,270346,90777,4
0,0,0,0,270350,90779,0
0.4007,0,0,0,270351,90779,1
0.8014,-20,0,0,270352,90779,2
1.5,-20,0,0,270353,90779,3
1.5,-80,0,0,270354,90779,4
0,0,0,0,270384,90786,0
0.40510002,0,0,0,270385,90786,1
0.81020004,-20,0,0,270386,90786,2
1.5,-20,0,0,270387,90786,3
1.5,-80,0,0,270388,90786,4
0,0,0,0,270390,90788,0
0.4117,0,0,0,270391,90788,1
0.8234,-20,0,0,270392,90788,2
1.5,-20,0,0,270393,90788,3
1.5,-80,0,0,270394,90788,4
0,0,0,0,270399,90789,0
0.4117,0,0,0,270400,90789,1
0.8234,-20,0,0,270401,90789,2
1.5,-20,0,0,270402,90789,3
1.5,-80,0,0,270403,90789,4
0,0,0,0,270422,90792,0
0.40370002,0,0,0,270423,90792,1
0.80740005,-20,0,0,270424,90792,2
1.5,-20,0,0,270425,90792,3
1.5,-80,0,0,270426,90792,4
0,0,0,0,270427,90793,0
0.40370002,0,0,0,270428,90793,1
0.80740005,-20,0,0,270429,90793,2
1.5,-20,0,0,270430,90793,3
1.5,-80,0,0,270431,90793,4
0,0,0,0,270454,90800,0
0.39120004,0,0,0,270455,90800,1
0.7824001,-20,0,0,270456,90800,2
3,-20,0,0,270457,90800,3
3,-80,0,0,270458,90800,4
0,-80,0,0,270645,90860,0
0.19175464,0,0,0,270646,90860,1
0.47938657,0,0,0,270647,90860,2
1.027257,0,0,0,270648,90860,3
3.0680742,-80,0,0,270649,90860,4
5.766336,-80,0,0,270650,90860,5
5.9170003,-80,0,0,270651,90860,6
0,-80,0,0,270997,90979,0
0,0,0,0,270998,90979,1
0.1388889,0,0,0,270999,90979,2
1.3750001,0,0,0,271000,90979,3
2.965278,-80,0,0,271001,90979,4
3.0000002,-80,0,0,271002,90979,5
0,-80,0,0,271078,91000,0
0,0,0,0,271079,91000,1
0.20200002,0,0,0,271080,91000,2
1.0857501,0,0,0,271081,91000,3
8.787001,-80,0,0,271082,91000,4
10.908001,-80,0,0,271083,91000,5
0,-80,0,0,271209,91012,0
0,0,0,0,271210,91012,1
0.22222222,0,0,0,271211,91012,2
1.1111112,0,0,0,271212,91012,3
3.7962964,-80,0,0,271213,91012,4
8,-80,0,0,271214,91012,5
0,-80,0,0,271215,91016,0
0,0,0,0,271216,91016,1
0.22222222,0,0,0,271217,91016,2
1.1111112,0,0,0,271218,91016,3
3.7962964,-80,0,0,271219,91016,4
8,-80,0,0,271220,91016,5
0,-80,0,0,271221,91020,0
0,0,0,0,271222,91020,1
0.22222222,0,0,0,271223,91020,2
1.1111112,0,0,0,271224,91020,3
3.7962964,-80,0,0,271225,91020,4
8,-80,0,0,271226,91020,5
0,0,0,0,271443,91102,0
0.4,0.19786096,0,0,271444,91102,1
0.8,0.6042781,0,0,271445,91102,2
1,1,0,0,271446,91102,3
0,0,0,0,271447,91103,0
1,1,0,0,271448,91103,1
0,0,0,0,271449,91104,0
1,1,0,0,271450,91104,1
0,0,0,0,271451,91105,0
0.33333334,0.33333334,0,0,271452,91105,1
0.6666666,0.6666666,0,0,271453,91105,2
1,1,0,0,271454,91105,3
0,0,0,0,271455,91106,0
1,1,0,0,271456,91106,1
0,0,0,0,271457,91107,0
1,1,0,0,271458,91107,1
0,-80,0,0,271718,91193,0
0,0,0,0,271719,91193,1
0.21790278,0,0,0,271720,91193,2
0.32309723,0,0,0,271721,91193,3
1.5441042,-80,0,0,271722,91193,4
1.623,-80,0,0,271723,91193,5
0,0,0,0,271728,91195,0
0.4181818,-22.245987,0,0,271729,91195,1
0.68363637,-35.508022,0,0,271730,91195,2
0.76363635,-62.459892,0,0,271731,91195,3
0.7927273,-80,0,0,271732,91195,4
0.90181816,-80,0,0,271733,91195,5
1,-80,0,0,271734,91195,6
0,0,0,0,271798,91211,0
0.37454545,0.1871658,0,0,271799,91211,1
0.76363635,0.59358287,0,0,271800,91211,2
1,1,0,0,271801,91211,3
0,0,0,0,271802,91212,0
1,1,0,0,271803,91212,1
0,0,0,0,271804,91213,0
1,1,0,0,271805,91213,1
0,0,0,0,271806,91214,0
0.37454545,0.1871658,0,0,271807,91214,1
0.76363635,0.59358287,0,0,271808,91214,2
1,1,0,0,271809,91214,3
0,0,0,0,271810,91215,0
1,1,0,0,271811,91215,1
0,0,0,0,271812,91216,0
1,1,0,0,271813,91216,1
0,-80,0,0,271858,91231,0
0.073125005,0,0,0,271859,91231,1
0.27,0,0,0,271860,91231,2
0.4865625,0,0,0,271861,91231,3
1.1278125,-80,0,0,271862,91231,4
1.215,-80,0,0,271863,91231,5
0,-80,0,0,271864,91232,0
0.09091668,-0.33473206,0,0,271865,91232,1
0.19951159,0,0,0,271866,91232,2
0.5682292,0,0,0,271867,91232,3
1.0531181,-80,0,0,271868,91232,4
1.0910001,-80,0,0,271869,91232,5
0,-80,0,0,271870,91233,0
0.057875004,0,0,0,271871,91233,1
0.27329862,0,0,0,271872,91233,2
0.53695136,0,0,0,271873,91233,3
1.2989722,-80,0,0,271874,91233,4
1.389,-80,0,0,271875,91233,5
0,-80,0,0,271876,91234,0
0.14510001,0,0,0,271877,91234,1
0.34259725,0,0,0,271878,91234,2
0.69527084,0,0,0,271879,91234,3
1.3233658,-80,0,0,271880,91234,4
1.4510001,-80,0,0,271881,91234,5
0,-80,0,0,272050,91272,0
0.75,-3,0,0,272051,91272,1
1,0,0,0,272052,91272,2
0,-80,0,0,272075,91279,0
0,0,0,0,272076,91279,1
0.27283567,0,0,0,272077,91279,2
0.99709034,0,0,0,272078,91279,3
2.1033149,-80,0,0,272079,91279,4
2.1430001,-80,0,0,272080,91279,5
0,-80,0,0,272274,91340,0
0.75,-3,0,0,272275,91340,1
1,0,0,0,272276,91340,2
0,-80,0,0,272277,91341,0
0.75,-3,0,0,272278,91341,1
1,0,0,0,272279,91341,2
0,-80,0,0,272283,91343,0
0.75,-3,0,0,272284,91343,1
1,0,0,0,272285,91343,2
0,-80,0,0,272295,91346,0
0.75,-3,0,0,272296,91346,1
1,0,0,0,272297,91346,2
0,-80,0,0,272305,91351,0
0.75,-3,0,0,272306,91351,1
1,0,0,0,272307,91351,2
0,-80,0,0,272308,91352,0
0.75,-3,0,0,272309,91352,1
1,0,0,0,272310,91352,2
0,-80,0,0,272508,91422,0
0.75,-3,0,0,272509,91422,1
1,0,0,0,272510,91422,2
0,-80,0,0,272511,91423,0
0.75,-3,0,0,272512,91423,1
1,0,0,0,272513,91423,2
0,-80,0,0,272514,91424,0
0.75,-3,0,0,272515,91424,1
1,0,0,0,272516,91424,2
0,0,0,0,272585,91447,0
0.40510002,0,0,0,272586,91447,1
0.81020004,-20,0,0,272587,91447,2
3,-20,0,0,272588,91447,3
3,-80,0,0,272589,91447,4
0,0,0,0,272590,91448,0
0.39120004,0,0,0,272591,91448,1
0.7824001,-20,0,0,272592,91448,2
3,-20,0,0,272593,91448,3
3,-80,0,0,272594,91448,4
0,-80,0,0,272770,91600,0
0,0,0,0,272771,91600,1
0.8216112,0,0,0,272772,91600,2
2.3576667,-79.33054,0,0,272773,91600,3
3.8580003,-80,0,0,272774,91600,4
0,0,0,0,273016,91704,0
0.4,0.19786096,0,0,273017,91704,1
0.8,0.6042781,0,0,273018,91704,2
1,1,0,0,273019,91704,3
0,0,0,0,273020,91705,0
1,1,0,0,273021,91705,1
0,0,0,0,273022,91706,0
1,1,0,0,273023,91706,1
0,0,0,0,273024,91707,0
0.33333334,0.33333334,0,0,273025,91707,1
0.6666666,0.6666666,0,0,273026,91707,2
1,1,0,0,273027,91707,3
0,0,0,0,273028,91708,0
1,1,0,0,273029,91708,1
0,0,0,0,273030,91709,0
1,1,0,0,273031,91709,1
0,0,0,0,273564,91878,0
1,1,1,1,273565,91878,1
0,0,0,0,273566,91879,0
1,1,1,1,273567,91879,1
0,0,0,0,273568,91880,0
1,1,1,1,273569,91880,1
0,0,0,0,273570,91881,0
1,1,1,1,273571,91881,1
0,0,0,0,273572,91882,0
1,1,1,1,273573,91882,1
0,0,0,0,273574,91883,0
1,1,1,1,273575,91883,1
0,0,0,0,273624,91897,0
0.37454545,0.1871658,0,0,273625,91897,1
0.76363635,0.59358287,0,0,273626,91897,2
1,1,0,0,273627,91897,3
0,0,0,0,273628,91898,0
1,1,0,0,273629,91898,1
0,0,0,0,273630,91899,0
1,1,0,0,273631,91899,1
0,0,0,0,273632,91900,0
0.37454545,0.1871658,0,0,273633,91900,1
0.76363635,0.59358287,0,0,273634,91900,2
1,1,0,0,273635,91900,3
0,0,0,0,273636,91901,0
1,1,0,0,273637,91901,1
0,0,0,0,273638,91902,0
1,1,0,0,273639,91902,1
0,-80,0,-80,273664,91909,0
0.07636364,-80,0.03125,-30,273665,91909,1
0.2,-80,0.0625,-24,273666,91909,2
0.2509091,-80,0.125,-18,273667,91909,3
0.5018182,-80,0.25,-12,273668,91909,4
0.78909093,-80,0.5,-6,273669,91909,5
1,-80,0.75,-3,273670,91909,6
1,0,1,0,273671,91909,7
0,-80,0,-80,273672,91910,0
0.125,-80,0.03125,-30,273673,91910,1
0.125,-80,0.0625,-24,273674,91910,2
0.25,-80,0.125,-18,273675,91910,3
0.5,-80,0.25,-12,273676,91910,4
0.75,-80,0.5,-6,273677,91910,5
1,-80,0.75,-3,273678,91910,6
1,0,1,0,273679,91910,7
0,-80,0,-80,273680,91911,0
0.0625,-80,0.03125,-30,273681,91911,1
0.5,-80,0.0625,-24,273682,91911,2
0.5,-80,0.125,-18,273683,91911,3
0.8981818,-80,0.25,-12,273684,91911,4
1,-80,0.5,-6,273685,91911,5
1,-73.155075,0.75,-3,273686,91911,6
1,0,1,0,273687,91911,7
0,-80,0,-80,273688,91912,0
0.0625,-80,0.03125,-30,273689,91912,1
0.125,-60.748665,0.0625,-24,273690,91912,2
0.25,-72.29947,0.125,-18,273691,91912,3
0.5,-61.604275,0.25,-12,273692,91912,4
0.75,-45.347595,0.5,-6,273693,91912,5
0.90909094,-34.224594,0.75,-3,273694,91912,6
1,0,1,0,273695,91912,7
0,-80,0,-80,273696,91913,0
0.0625,-80,0.03125,-30,273697,91913,1
0.125,-80,0.0625,-24,273698,91913,2
0.25,-75.721924,0.125,-18,273699,91913,3
0.5,-80,0.25,-12,273700,91913,4
0.62545455,-25.66845,0.5,-6,273701,91913,5
0.75,-3,0.75,-3,273702,91913,6
1,0,1,0,273703,91913,7
0,-80,0,-80,273704,91914,0
0.0625,-80,0.03125,-30,273705,91914,1
0.125,-80,0.0625,-24,273706,91914,2
0.5,-80,0.125,-18,273707,91914,3
0.5,-80,0.25,-12,273708,91914,4
0.75,-80,0.5,-6,273709,91914,5
0.75,-3,0.75,-3,273710,91914,6
1,0,1,0,273711,91914,7
0,-80,0,-80,273714,91916,0
0.0625,-80,0.03125,-30,273715,91916,1
0.125,-80,0.0625,-24,273716,91916,2
0.25,-72.72727,0.125,-18,273717,91916,3
0.5,-67.16577,0.25,-12,273718,91916,4
0.75,-52.62032,0.5,-6,273719,91916,5
0.75,-3,0.75,-3,273720,91916,6
1,0,1,0,273721,91916,7
0,-80,0,-80,273722,91917,0
0.0625,-80,0.03125,-30,273723,91917,1
0.125,-80,0.0625,-24,273724,91917,2
0.25,-80,0.125,-18,273725,91917,3
0.5,-62.459892,0.25,-12,273726,91917,4
0.5,-6,0.5,-6,273727,91917,5
0.75,-3,0.75,-3,273728,91917,6
1,0,1,0,273729,91917,7
0,-80,0,-80,273730,91918,0
0.0625,-80,0.03125,-30,273731,91918,1
0.125,-80,0.0625,-24,273732,91918,2
0.25,-74.0107,0.125,-18,273733,91918,3
0.5,-62.459892,0.25,-12,273734,91918,4
0.75,-62.459892,0.5,-6,273735,91918,5
0.75,-3,0.75,-3,273736,91918,6
1,0,1,0,273737,91918,7
0,-80,0,-80,273740,91920,0
0.0625,-80,0.03125,-30,273741,91920,1
0.125,-80,0.0625,-24,273742,91920,2
0.25,-80,0.125,-18,273743,91920,3
0.5,-80,0.25,-12,273744,91920,4
0.56363636,-64.17113,0.5,-6,273745,91920,5
0.7490909,-27.807484,0.75,-3,273746,91920,6
1,0,1,0,273747,91920,7
0,0,0,0,273876,91951,0
0.33333334,0.33333334,0,0,273877,91951,1
0.6666666,0.6666666,0,0,273878,91951,2
1,1,0,0,273879,91951,3
0,0,0,0,273880,91952,0
1,1,0,0,273881,91952,1
0,0,0,0,273882,91953,0
1,1,0,0,273883,91953,1
0,-80,0,-80,273894,91957,0
0.125,-80,0.03125,-30,273895,91957,1
0.125,-61.604275,0.0625,-24,273896,91957,2
0.25,-60.748665,0.125,-18,273897,91957,3
0.5,-58.18182,0.25,-12,273898,91957,4
0.5,-6,0.5,-6,273899,91957,5
0.75,-3,0.75,-3,273900,91957,6
1,0,1,0,273901,91957,7
0,-80,0,-80,273902,91958,0
0.17818181,-80,0.03125,-30,273903,91958,1
0.24727273,-80,0.0625,-24,273904,91958,2
0.24727273,0,0.125,-18,273905,91958,3
0.5,-58.18182,0.25,-12,273906,91958,4
0.5,-6,0.5,-6,273907,91958,5
0.75,-3,0.75,-3,273908,91958,6
1,0,1,0,273909,91958,7
0,0,0,0,275274,92284,0
0.40727273,0.24598932,0,0,275275,92284,1
0.7090909,0.5561497,0,0,275276,92284,2
1,1,0,0,275277,92284,3
0,0,0,0,275278,92285,0
1,1,0,0,275279,92285,1
0,0,0,0,275280,92286,0
1,1,0,0,275281,92286,1
0,0,0,0,275449,92342,0
1.065,0,0,0,275450,92342,1
0,0,0,0,275451,92350,0
4.6850004,0,0,0,275452,92350,1
0,-80,0,0,275468,92353,0
0.24412502,-0.6694565,0,0,275469,92353,1
0.7207501,0,0,0,275470,92353,2
0.93,0,0,0,275471,92353,3
4.67325,-80,0,0,275472,92353,4
5.0220003,-80,0,0,275473,92353,5
0,0,0,0,275986,92471,0
1,1,0,0,275987,92471,1
0,0,0,0,275988,92472,0
1,1,0,0,275989,92472,1
0,0,0,0,275990,92473,0
1,1,0,0,275991,92473,1
0,0,0,0,275992,92474,0
1,1,0,0,275993,92474,1
0,0,0,0,275994,92475,0
1,1,0,0,275995,92475,1
0,0,0,0,275996,92476,0
1,1,0,0,275997,92476,1
0,0,0,0,275998,92477,0
1,1,0,0,275999,92477,1
0,0,0,0,276000,92478,0
1,1,0,0,276001,92478,1
0,0,0,0,276002,92479,0
1,1,0,0,276003,92479,1
0,0,0,0,276004,92480,0
1,1,0,0,276005,92480,1
0,0,0,0,276006,92481,0
1,1,0,0,276007,92481,1
0,0,0,0,276008,92482,0
1,1,0,0,276009,92482,1
0,0,0,0,276010,92483,0
1,1,0,0,276011,92483,1
0,0,0,0,276012,92484,0
1,1,0,0,276013,92484,1
0,0,0,0,276014,92485,0
1,1,0,0,276015,92485,1
0,0,0,0,276686,92676,0
1,1,0,0,276687,92676,1
0,0,0,0,276688,92677,0
1,1,0,0,276689,92677,1
0,0,0,0,276690,92678,0
1,1,0,0,276691,92678,1
0,0,0,0,276692,92679,0
1,1,0,0,276693,92679,1
0,0,0,0,276694,92680,0
1,1,0,0,276695,92680,1
0,0,0,0,276696,92681,0
1,1,0,0,276697,92681,1
0,0,0,0,276698,92682,0
1,1,0,0,276699,92682,1
0,0,0,0,276700,92683,0
1,1,0,0,276701,92683,1
0,0,0,0,276702,92684,0
1,1,0,0,276703,92684,1
0,0,0,0,276704,92685,0
1,1,0,0,276705,92685,1
0,0,0,0,276706,92686,0
1,1,0,0,276707,92686,1
0,0,0,0,276708,92687,0
1,1,0,0,276709,92687,1
0,0,0,0,276710,92688,0
1,1,0,0,276711,92688,1
0,0,0,0,276712,92689,0
1,1,0,0,276713,92689,1
0,0,0,0,276714,92690,0
1,1,0,0,276715,92690,1
0,0,0,0,276724,92692,0
1,1,0,0,276725,92692,1
0,0,0,0,276726,92693,0
1,1,0,0,276727,92693,1
0,0,0,0,276728,92694,0
1,1,0,0,276729,92694,1
0,0,0,0,276730,92695,0
1,1,0,0,276731,92695,1
0,0,0,0,276732,92696,0
1,1,0,0,276733,92696,1
0,0,0,0,276734,92697,0
1,1,0,0,276735,92697,1
0,0,0,0,276736,92698,0
0.47636363,0.24064171,0,0,276737,92698,1
0,0,0,0,276738,92699,0
1,1,0,0,276739,92699,1
0,0,0,0,276740,92700,0
1,1,0,0,276741,92700,1
0,0,0,0,276742,92701,0
1,1,0,0,276743,92701,1
0,0,0,0,276744,92702,0
1,1,0,0,276745,92702,1
0,0,0,0,276746,92703,0
1,1,0,0,276747,92703,1
0,0,0,0,276748,92704,0
1,1,0,0,276749,92704,1
0,0,0,0,276750,92705,0
1,1,0,0,276751,92705,1
0,0,0,0,276752,92706,0
1,1,0,0,276753,92706,1
0.8,0.6042781,0,0,276762,92698,2
1,1,0,0,276763,92698,3
0,-80,0,0,277185,92796,0
0,0,0,0,277186,92796,1
0.99305564,0,0,0,277187,92796,2
2.0011575,0,0,0,277188,92796,3
6.394676,-80,0,0,277189,92796,4
6.5000005,-80,0,0,277190,92796,5
0,0,0,0,277289,92845,0
1,1,0,0,277290,92845,1
0,0,0,0,277291,92846,0
1,1,0,0,277292,92846,1
0,0,0,0,277293,92847,0
1,1,0,0,277294,92847,1
0,0,0,0,277295,92848,0
1,1,0,0,277296,92848,1
0,0,0,0,277297,92849,0
1,1,0,0,277298,92849,1
0,0,0,0,277299,92850,0
1,1,0,0,277300,92850,1
0,0,0,0,277301,92851,0
1,1,0,0,277302,92851,1
0,0,0,0,277303,92852,0
1,1,0,0,277304,92852,1
0,0,0,0,277305,92853,0
1,1,0,0,277306,92853,1
0,0,0,0,277307,92854,0
1,1,0,0,277308,92854,1
0,0,0,0,277309,92855,0
1,1,0,0,277310,92855,1
0,0,0,0,277311,92856,0
1,1,0,0,277312,92856,1
0,0,0,0,277313,92857,0
1,1,0,0,277314,92857,1
0,0,0,0,277315,92858,0
1,1,0,0,277316,92858,1
0,0,0,0,277317,92859,0
1,1,0,0,277318,92859,1
0,0,0,0,277319,92860,0
1,1,0,0,277320,92860,1
0,0,0,0,277321,92861,0
1,1,0,0,277322,92861,1
0,0,0,0,277323,92862,0
1,1,0,0,277324,92862,1
1,2,0,0,277673,92961,0
2,4,0,0,277674,92961,1
3,6,0,0,277675,92961,2
1,1,0,0,277678,92962,0
2,2,0,0,277679,92962,1
3,3,0,0,277680,92962,2
4,4,0,0,277681,92962,3
5,5,0,0,277682,92962,4
1,8,0,0,277683,92963,0
2,17,0,0,277684,92963,1
3,25,0,0,277685,92963,2
1,4,0,0,277753,92979,0
2,8,0,0,277754,92979,1
3,12,0,0,277755,92979,2
4,16,0,0,277756,92979,3
5,20,0,0,277757,92979,4
0,0,0,0,281115,93831,0
1,1,0,0,281116,93831,1
0,0,0,0,281117,93832,0
1,1,0,0,281118,93832,1
0,0,0,0,281119,93833,0
1,1,0,0,281120,93833,1
0,0,0,0,281900,94080,0
0.47636363,0.24064171,0,0,281901,94080,1
0.8,0.6042781,0,0,281902,94080,2
1,1,0,0,281903,94080,3
0,0,0,0,281904,94081,0
1,1,0,0,281905,94081,1
0,0,0,0,281906,94082,0
1,1,0,0,281907,94082,1
0,0,0,0,281989,94117,0
1,-10,0,0,281990,94117,1
0,0,0,0,282269,94217,0
0.47636363,0.24064171,0,0,282270,94217,1
0.8,0.6042781,0,0,282271,94217,2
1,1,0,0,282272,94217,3
0,0,0,0,282273,94218,0
1,1,0,0,282274,94218,1
0,0,0,0,282275,94219,0
1,1,0,0,282276,94219,1
0,0,0,0,283176,94421,0
3.752,-2.912136,0,0,283177,94421,1
0,0,0,0,283235,94447,0
1,-6,0,0,283236,94447,1
0,-1.9079514,0,0,283267,94460,0
2.4629629,-0.70292664,0,0,283268,94460,1
8,0,0,0,283269,94460,2
0,-1.9079514,0,0,283753,94614,0
2.4629629,-0.70292664,0,0,283754,94614,1
8,0,0,0,283755,94614,2
0,-1.9079514,0,0,283758,94613,0
2.4629629,-0.70292664,0,0,283759,94613,1
8,0,0,0,283760,94613,2
0,0,0,0,283761,94617,0
7.1510005,20.585777,0,0,283762,94617,1
0,0,0,0,283763,94623,0
7.1510005,20.585777,0,0,283764,94623,1
0,0,0,0,283765,94632,0
7.1510005,20.585777,0,0,283766,94632,1
0,0,0,0,283767,94631,0
7.1510005,20.585777,0,0,283768,94631,1
0,0,0,0,283781,94634,0
7.1510005,20.585777,0,0,283782,94634,1
0,0,0,0,283783,94638,0
7.1510005,20.585777,0,0,283784,94638,1
0,1,0,0,283845,94664,0
2,1,0,0,283846,94664,1
3,1,0,0,283847,94664,2
4,1,0,0,283848,94664,3
5,1,0,0,283849,94664,4
6,1,0,0,283850,94664,5
7,1,0,0,283851,94664,6
8,1,0,0,283852,94664,7
9,1,0,0,283853,94664,8
10,1,0,0,283854,94664,9
11,2,0,0,283855,94664,10
12,2,0,0,283856,94664,11
13,2,0,0,283857,94664,12
14,3,0,0,283858,94664,13
15,3,0,0,283859,94664,14
16,3,0,0,283860,94664,15
0,1,0,0,283861,94665,0
2,1,0,0,283862,94665,1
3,1,0,0,283863,94665,2
4,1,0,0,283864,94665,3
5,1,0,0,283865,94665,4
6,2,0,0,283866,94665,5
7,2,0,0,283867,94665,6
8,2,0,0,283868,94665,7
9,3,0,0,283869,94665,8
10,3,0,0,283870,94665,9
11,3,0,0,283871,94665,10
12,4,0,0,283872,94665,11
13,4,0,0,283873,94665,12
14,4,0,0,283874,94665,13
15,5,0,0,283875,94665,14
16,5,0,0,283876,94665,15
0,1,0,0,283877,94666,0
2,1,0,0,283878,94666,1
3,1,0,0,283879,94666,2
4,2,0,0,283880,94666,3
5,2,0,0,283881,94666,4
6,2,0,0,283882,94666,5
7,3,0,0,283883,94666,6
8,3,0,0,283884,94666,7
9,3,0,0,283885,94666,8
10,4,0,0,283886,94666,9
11,4,0,0,283887,94666,10
12,4,0,0,283888,94666,11
13,5,0,0,283889,94666,12
14,5,0,0,283890,94666,13
15,5,0,0,283891,94666,14
16,6,0,0,283892,94666,15
0,2,0,0,283893,94667,0
2,3,0,0,283894,94667,1
3,3,0,0,283895,94667,2
4,3,0,0,283896,94667,3
5,4,0,0,283897,94667,4
6,4,0,0,283898,94667,5
7,4,0,0,283899,94667,6
8,5,0,0,283900,94667,7
9,5,0,0,283901,94667,8
10,5,0,0,283902,94667,9
11,6,0,0,283903,94667,10
12,6,0,0,283904,94667,11
13,6,0,0,283905,94667,12
14,7,0,0,283906,94667,13
15,7,0,0,283907,94667,14
16,7,0,0,283908,94667,15
0,4,0,0,283909,94668,0
2,4,0,0,283910,94668,1
3,5,0,0,283911,94668,2
4,5,0,0,283912,94668,3
5,5,0,0,283913,94668,4
6,6,0,0,283914,94668,5
7,6,0,0,283915,94668,6
8,6,0,0,283916,94668,7
9,7,0,0,283917,94668,8
10,7,0,0,283918,94668,9
11,7,0,0,283919,94668,10
12,8,0,0,283920,94668,11
13,8,0,0,283921,94668,12
14,9,0,0,283922,94668,13
15,9,0,0,283923,94668,14
16,9,0,0,283924,94668,15
0,1,0,0,283925,94669,0
10,1,0,0,283926,94669,1
11,2,0,0,283927,94669,2
14,3,0,0,283928,94669,3
17,4,0,0,283929,94669,4
20,5,0,0,283930,94669,5
23,6,0,0,283931,94669,6
26,7,0,0,283932,94669,7
29,8,0,0,283933,94669,8
40,13,0,0,283934,94669,9
50,19,0,0,283935,94669,10
60,27,0,0,283936,94669,11
70,36,0,0,283937,94669,12
80,43,0,0,283938,94669,13
90,51,0,0,283939,94669,14
100,59,0,0,283940,94669,15
17,4,0,0,283947,94664,16
18,4,0,0,283948,94664,17
19,4,0,0,283949,94664,18
20,5,0,0,283950,94664,19
21,5,0,0,283951,94664,20
22,5,0,0,283952,94664,21
23,6,0,0,283953,94664,22
24,6,0,0,283954,94664,23
25,6,0,0,283955,94664,24
26,7,0,0,283956,94664,25
27,7,0,0,283957,94664,26
28,7,0,0,283958,94664,27
29,8,0,0,283959,94664,28
30,8,0,0,283960,94664,29
31,9,0,0,283961,94664,30
32,9,0,0,283962,94664,31
33,9,0,0,283963,94664,32
34,10,0,0,283964,94664,33
35,10,0,0,283965,94664,34
36,11,0,0,283966,94664,35
37,11,0,0,283967,94664,36
38,12,0,0,283968,94664,37
39,12,0,0,283969,94664,38
40,13,0,0,283970,94664,39
41,13,0,0,283971,94664,40
42,14,0,0,283972,94664,41
43,14,0,0,283973,94664,42
44,15,0,0,283974,94664,43
45,15,0,0,283975,94664,44
46,16,0,0,283976,94664,45
47,17,0,0,283977,94664,46
48,17,0,0,283978,94664,47
49,18,0,0,283979,94664,48
50,19,0,0,283980,94664,49
51,20,0,0,283981,94664,50
52,20,0,0,283982,94664,51
53,21,0,0,283983,94664,52
54,22,0,0,283984,94664,53
55,23,0,0,283985,94664,54
56,23,0,0,283986,94664,55
57,24,0,0,283987,94664,56
58,25,0,0,283988,94664,57
59,26,0,0,283989,94664,58
60,27,0,0,283990,94664,59
61,28,0,0,283991,94664,60
62,29,0,0,283992,94664,61
63,30,0,0,283993,94664,62
64,31,0,0,283994,94664,63
65,32,0,0,283995,94664,64
66,33,0,0,283996,94664,65
67,34,0,0,283997,94664,66
68,35,0,0,283998,94664,67
69,36,0,0,283999,94664,68
70,36,0,0,284000,94664,69
71,37,0,0,284001,94664,70
72,38,0,0,284002,94664,71
73,38,0,0,284003,94664,72
74,39,0,0,284004,94664,73
75,40,0,0,284005,94664,74
76,40,0,0,284006,94664,75
77,41,0,0,284007,94664,76
78,42,0,0,284008,94664,77
79,42,0,0,284009,94664,78
80,43,0,0,284010,94664,79
81,44,0,0,284011,94664,80
82,44,0,0,284012,94664,81
83,45,0,0,284013,94664,82
84,46,0,0,284014,94664,83
85,47,0,0,284015,94664,84
86,47,0,0,284016,94664,85
87,48,0,0,284017,94664,86
88,49,0,0,284018,94664,87
89,50,0,0,284019,94664,88
90,51,0,0,284020,94664,89
91,51,0,0,284021,94664,90
92,52,0,0,284022,94664,91
93,53,0,0,284023,94664,92
94,54,0,0,284024,94664,93
95,55,0,0,284025,94664,94
96,55,0,0,284026,94664,95
97,56,0,0,284027,94664,96
98,57,0,0,284028,94664,97
99,58,0,0,284029,94664,98
100,59,0,0,284030,94664,99
17,5,0,0,284031,94665,16
18,6,0,0,284032,94665,17
19,6,0,0,284033,94665,18
20,6,0,0,284034,94665,19
21,7,0,0,284035,94665,20
22,7,0,0,284036,94665,21
23,7,0,0,284037,94665,22
24,8,0,0,284038,94665,23
25,8,0,0,284039,94665,24
26,9,0,0,284040,94665,25
27,9,0,0,284041,94665,26
28,9,0,0,284042,94665,27
29,10,0,0,284043,94665,28
30,10,0,0,284044,94665,29
31,11,0,0,284045,94665,30
32,11,0,0,284046,94665,31
33,12,0,0,284047,94665,32
34,12,0,0,284048,94665,33
35,13,0,0,284049,94665,34
36,13,0,0,284050,94665,35
37,14,0,0,284051,94665,36
38,14,0,0,284052,94665,37
39,15,0,0,284053,94665,38
40,15,0,0,284054,94665,39
41,16,0,0,284055,94665,40
42,17,0,0,284056,94665,41
43,17,0,0,284057,94665,42
44,18,0,0,284058,94665,43
45,19,0,0,284059,94665,44
46,20,0,0,284060,94665,45
47,20,0,0,284061,94665,46
48,21,0,0,284062,94665,47
49,22,0,0,284063,94665,48
50,23,0,0,284064,94665,49
51,23,0,0,284065,94665,50
52,24,0,0,284066,94665,51
53,25,0,0,284067,94665,52
54,26,0,0,284068,94665,53
55,27,0,0,284069,94665,54
56,28,0,0,284070,94665,55
57,29,0,0,284071,94665,56
58,30,0,0,284072,94665,57
59,31,0,0,284073,94665,58
60,32,0,0,284074,94665,59
61,33,0,0,284075,94665,60
62,34,0,0,284076,94665,61
63,35,0,0,284077,94665,62
64,36,0,0,284078,94665,63
65,36,0,0,284079,94665,64
66,37,0,0,284080,94665,65
67,38,0,0,284081,94665,66
68,38,0,0,284082,94665,67
69,39,0,0,284083,94665,68
70,40,0,0,284084,94665,69
71,40,0,0,284085,94665,70
72,41,0,0,284086,94665,71
73,42,0,0,284087,94665,72
74,42,0,0,284088,94665,73
75,43,0,0,284089,94665,74
76,44,0,0,284090,94665,75
77,44,0,0,284091,94665,76
78,45,0,0,284092,94665,77
79,46,0,0,284093,94665,78
80,47,0,0,284094,94665,79
81,47,0,0,284095,94665,80
82,48,0,0,284096,94665,81
83,49,0,0,284097,94665,82
84,50,0,0,284098,94665,83
85,51,0,0,284099,94665,84
86,51,0,0,284100,94665,85
87,52,0,0,284101,94665,86
88,53,0,0,284102,94665,87
89,54,0,0,284103,94665,88
90,55,0,0,284104,94665,89
91,55,0,0,284105,94665,90
92,56,0,0,284106,94665,91
93,57,0,0,284107,94665,92
94,58,0,0,284108,94665,93
95,59,0,0,284109,94665,94
96,60,0,0,284110,94665,95
97,61,0,0,284111,94665,96
98,62,0,0,284112,94665,97
99,63,0,0,284113,94665,98
100,64,0,0,284114,94665,99
17,6,0,0,284115,94666,16
18,6,0,0,284116,94666,17
19,7,0,0,284117,94666,18
20,7,0,0,284118,94666,19
21,7,0,0,284119,94666,20
22,8,0,0,284120,94666,21
23,8,0,0,284121,94666,22
24,9,0,0,284122,94666,23
25,9,0,0,284123,94666,24
26,9,0,0,284124,94666,25
27,10,0,0,284125,94666,26
28,10,0,0,284126,94666,27
29,11,0,0,284127,94666,28
30,11,0,0,284128,94666,29
31,12,0,0,284129,94666,30
32,12,0,0,284130,94666,31
33,13,0,0,284131,94666,32
34,13,0,0,284132,94666,33
35,14,0,0,284133,94666,34
36,14,0,0,284134,94666,35
37,15,0,0,284135,94666,36
38,15,0,0,284136,94666,37
39,16,0,0,284137,94666,38
40,17,0,0,284138,94666,39
41,17,0,0,284139,94666,40
42,18,0,0,284140,94666,41
43,19,0,0,284141,94666,42
44,20,0,0,284142,94666,43
45,20,0,0,284143,94666,44
46,21,0,0,284144,94666,45
47,22,0,0,284145,94666,46
48,23,0,0,284146,94666,47
49,23,0,0,284147,94666,48
50,24,0,0,284148,94666,49
51,25,0,0,284149,94666,50
52,26,0,0,284150,94666,51
53,27,0,0,284151,94666,52
54,28,0,0,284152,94666,53
55,29,0,0,284153,94666,54
56,30,0,0,284154,94666,55
57,31,0,0,284155,94666,56
58,32,0,0,284156,94666,57
59,33,0,0,284157,94666,58
60,34,0,0,284158,94666,59
61,35,0,0,284159,94666,60
62,36,0,0,284160,94666,61
63,36,0,0,284161,94666,62
64,37,0,0,284162,94666,63
65,38,0,0,284163,94666,64
66,38,0,0,284164,94666,65
67,39,0,0,284165,94666,66
68,40,0,0,284166,94666,67
69,40,0,0,284167,94666,68
70,41,0,0,284168,94666,69
71,42,0,0,284169,94666,70
72,42,0,0,284170,94666,71
73,43,0,0,284171,94666,72
74,44,0,0,284172,94666,73
75,44,0,0,284173,94666,74
76,45,0,0,284174,94666,75
77,46,0,0,284175,94666,76
78,47,0,0,284176,94666,77
79,47,0,0,284177,94666,78
80,48,0,0,284178,94666,79
81,49,0,0,284179,94666,80
82,50,0,0,284180,94666,81
83,51,0,0,284181,94666,82
84,51,0,0,284182,94666,83
85,52,0,0,284183,94666,84
86,53,0,0,284184,94666,85
87,54,0,0,284185,94666,86
88,55,0,0,284186,94666,87
89,55,0,0,284187,94666,88
90,56,0,0,284188,94666,89
91,57,0,0,284189,94666,90
92,58,0,0,284190,94666,91
93,59,0,0,284191,94666,92
94,60,0,0,284192,94666,93
95,61,0,0,284193,94666,94
96,62,0,0,284194,94666,95
97,63,0,0,284195,94666,96
98,64,0,0,284196,94666,97
99,65,0,0,284197,94666,98
100,66,0,0,284198,94666,99
17,8,0,0,284199,94667,16
18,8,0,0,284200,94667,17
19,9,0,0,284201,94667,18
20,9,0,0,284202,94667,19
21,9,0,0,284203,94667,20
22,10,0,0,284204,94667,21
23,10,0,0,284205,94667,22
24,11,0,0,284206,94667,23
25,11,0,0,284207,94667,24
26,12,0,0,284208,94667,25
27,12,0,0,284209,94667,26
28,13,0,0,284210,94667,27
29,13,0,0,284211,94667,28
30,14,0,0,284212,94667,29
31,14,0,0,284213,94667,30
32,15,0,0,284214,94667,31
33,15,0,0,284215,94667,32
34,16,0,0,284216,94667,33
35,17,0,0,284217,94667,34
36,17,0,0,284218,94667,35
37,18,0,0,284219,94667,36
38,19,0,0,284220,94667,37
39,20,0,0,284221,94667,38
40,20,0,0,284222,94667,39
41,21,0,0,284223,94667,40
42,22,0,0,284224,94667,41
43,23,0,0,284225,94667,42
44,23,0,0,284226,94667,43
45,24,0,0,284227,94667,44
46,25,0,0,284228,94667,45
47,26,0,0,284229,94667,46
48,27,0,0,284230,94667,47
49,28,0,0,284231,94667,48
50,29,0,0,284232,94667,49
51,30,0,0,284233,94667,50
52,31,0,0,284234,94667,51
53,32,0,0,284235,94667,52
54,33,0,0,284236,94667,53
55,34,0,0,284237,94667,54
56,35,0,0,284238,94667,55
57,36,0,0,284239,94667,56
58,36,0,0,284240,94667,57
59,37,0,0,284241,94667,58
60,38,0,0,284242,94667,59
61,38,0,0,284243,94667,60
62,39,0,0,284244,94667,61
63,40,0,0,284245,94667,62
64,40,0,0,284246,94667,63
65,41,0,0,284247,94667,64
66,42,0,0,284248,94667,65
67,42,0,0,284249,94667,66
68,43,0,0,284250,94667,67
69,44,0,0,284251,94667,68
70,44,0,0,284252,94667,69
71,45,0,0,284253,94667,70
72,46,0,0,284254,94667,71
73,47,0,0,284255,94667,72
74,47,0,0,284256,94667,73
75,48,0,0,284257,94667,74
76,49,0,0,284258,94667,75
77,50,0,0,284259,94667,76
78,51,0,0,284260,94667,77
79,51,0,0,284261,94667,78
80,52,0,0,284262,94667,79
81,53,0,0,284263,94667,80
82,54,0,0,284264,94667,81
83,55,0,0,284265,94667,82
84,55,0,0,284266,94667,83
85,56,0,0,284267,94667,84
86,57,0,0,284268,94667,85
87,58,0,0,284269,94667,86
88,59,0,0,284270,94667,87
89,60,0,0,284271,94667,88
90,61,0,0,284272,94667,89
91,62,0,0,284273,94667,90
92,63,0,0,284274,94667,91
93,64,0,0,284275,94667,92
94,65,0,0,284276,94667,93
95,66,0,0,284277,94667,94
96,67,0,0,284278,94667,95
97,68,0,0,284279,94667,96
98,69,0,0,284280,94667,97
99,70,0,0,284281,94667,98
100,71,0,0,284282,94667,99
17,10,0,0,284283,94668,16
18,10,0,0,284284,94668,17
19,11,0,0,284285,94668,18
20,11,0,0,284286,94668,19
21,12,0,0,284287,94668,20
22,12,0,0,284288,94668,21
23,13,0,0,284289,94668,22
24,13,0,0,284290,94668,23
25,14,0,0,284291,94668,24
26,14,0,0,284292,94668,25
27,15,0,0,284293,94668,26
28,15,0,0,284294,94668,27
29,16,0,0,284295,94668,28
30,17,0,0,284296,94668,29
31,17,0,0,284297,94668,30
32,18,0,0,284298,94668,31
33,19,0,0,284299,94668,32
34,20,0,0,284300,94668,33
35,20,0,0,284301,94668,34
36,21,0,0,284302,94668,35
37,22,0,0,284303,94668,36
38,23,0,0,284304,94668,37
39,23,0,0,284305,94668,38
40,24,0,0,284306,94668,39
41,25,0,0,284307,94668,40
42,26,0,0,284308,94668,41
43,27,0,0,284309,94668,42
44,28,0,0,284310,94668,43
45,29,0,0,284311,94668,44
46,30,0,0,284312,94668,45
47,31,0,0,284313,94668,46
48,32,0,0,284314,94668,47
49,33,0,0,284315,94668,48
50,34,0,0,284316,94668,49
51,35,0,0,284317,94668,50
52,36,0,0,284318,94668,51
53,36,0,0,284319,94668,52
54,37,0,0,284320,94668,53
55,38,0,0,284321,94668,54
56,38,0,0,284322,94668,55
57,39,0,0,284323,94668,56
58,40,0,0,284324,94668,57
59,40,0,0,284325,94668,58
60,41,0,0,284326,94668,59
61,42,0,0,284327,94668,60
62,42,0,0,284328,94668,61
63,43,0,0,284329,94668,62
64,44,0,0,284330,94668,63
65,44,0,0,284331,94668,64
66,45,0,0,284332,94668,65
67,46,0,0,284333,94668,66
68,47,0,0,284334,94668,67
69,47,0,0,284335,94668,68
70,48,0,0,284336,94668,69
71,49,0,0,284337,94668,70
72,50,0,0,284338,94668,71
73,51,0,0,284339,94668,72
74,51,0,0,284340,94668,73
75,52,0,0,284341,94668,74
76,53,0,0,284342,94668,75
77,54,0,0,284343,94668,76
78,55,0,0,284344,94668,77
79,55,0,0,284345,94668,78
80,56,0,0,284346,94668,79
81,57,0,0,284347,94668,80
82,58,0,0,284348,94668,81
83,59,0,0,284349,94668,82
84,60,0,0,284350,94668,83
85,61,0,0,284351,94668,84
86,62,0,0,284352,94668,85
87,63,0,0,284353,94668,86
88,64,0,0,284354,94668,87
89,65,0,0,284355,94668,88
90,66,0,0,284356,94668,89
91,67,0,0,284357,94668,90
92,68,0,0,284358,94668,91
93,69,0,0,284359,94668,92
94,70,0,0,284360,94668,93
95,71,0,0,284361,94668,94
96,72,0,0,284362,94668,95
97,73,0,0,284363,94668,96
98,74,0,0,284364,94668,97
99,75,0,0,284365,94668,98
100,76,0,0,284366,94668,99
0,0,0,0,284708,94757,0
7.1510005,20.585777,0,0,284709,94757,1
0,0,0,0,284999,94810,0
1,0.29411763,0,0,285000,94810,1
0,-80,0,0,285001,94811,0
0.2777778,0,0,0,285002,94811,1
0.84722227,0,0,0,285003,94811,2
1.0972223,0,0,0,285004,94811,3
5.694445,-80,0,0,285005,94811,4
6.0000005,-80,0,0,285006,94811,5
0,10,0,0,285499,94906,0
1,50,0,0,285500,94906,1
2,100,0,0,285501,94906,2
3,150,0,0,285502,94906,3
4,200,0,0,285503,94906,4
5,250,0,0,285504,94906,5
6,300,0,0,285505,94906,6
7,350,0,0,285506,94906,7
8,400,0,0,285507,94906,8
9,450,0,0,285508,94906,9
10,500,0,0,285509,94906,10
0,0,0,0,285848,95056,0
0.4,0.19786096,0,0,285849,95056,1
0.8,0.6042781,0,0,285850,95056,2
1,1,0,0,285851,95056,3
0,0,0,0,285852,95057,0
1,1,0,0,285853,95057,1
0,0,0,0,285854,95058,0
1,1,0,0,285855,95058,1
0,0,0,0,285856,95059,0
0.33333334,0.33333334,0,0,285857,95059,1
0.6666666,0.6666666,0,0,285858,95059,2
1,1,0,0,285859,95059,3
0,0,0,0,285860,95060,0
1,1,0,0,285861,95060,1
0,0,0,0,285862,95061,0
1,1,0,0,285863,95061,1
0,0,0,0,285864,95062,0
1,1,0,0,285865,95062,1
0,0,0,0,285866,95063,0
1,1,0,0,285867,95063,1
0,0,0,0,285868,95064,0
1,1,0,0,285869,95064,1
0,0,0,0,285875,95066,0
0.47636363,0.24064171,0,0,285876,95066,1
0.8,0.6042781,0,0,285877,95066,2
1,1,0,0,285878,95066,3
0,0,0,0,285879,95067,0
1,1,0,0,285880,95067,1
0,0,0,0,285881,95068,0
1,1,0,0,285882,95068,1
0,0,0,0,285883,95069,0
1,1,0,0,285884,95069,1
0,0,0,0,285885,95070,0
1,1,0,0,285886,95070,1
0,0,0,0,285887,95071,0
1,1,0,0,285888,95071,1
0,0,0,0,286276,95178,0
1,1,0,0,286277,95178,1
0,0,0,0,286278,95179,0
1,1,0,0,286279,95179,1
0,0,0,0,286280,95180,0
1,1,0,0,286281,95180,1
0,0,0,0,286499,95246,0
0.4618182,-46.631016,0,0,286500,95246,1
0.52363634,-80,0,0,286501,95246,2
1,-80,0,0,286502,95246,3
0,-80,0,0,287992,95660,0
0,0,0,0,287993,95660,1
0.02284028,0,0,0,287994,95660,2
0.10014585,0,0,0,287995,95660,3
0.2723264,0,0,0,287996,95660,4
0.60965973,-80,0,0,287997,95660,5
0.75900006,-80,0,0,287998,95660,6
0,0,0,0,290515,95847,0
0.33454546,0.17647058,0,0,290516,95847,1
0.8036364,0.65240645,0,0,290517,95847,2
1,1,0,0,290518,95847,3
0,0,0,0,290519,95848,0
1,1,0,0,290520,95848,1
0,0,0,0,290521,95849,0
1,1,0,0,290522,95849,1
0,0,0,0,290730,95929,0
0.33333334,0.33333334,0,0,290731,95929,1
0.6666666,0.6666666,0,0,290732,95929,2
1,1,0,0,290733,95929,3
0,0,0,0,290734,95930,0
1,1,0,0,290735,95930,1
0,0,0,0,290736,95931,0
1,1,0,0,290737,95931,1
0,0,0,0,291089,96057,0
1,1,0,0,291090,96057,1
0,0,0,0,291091,96058,0
0.33333334,0.33333334,0,0,291092,96058,1
0,0,0,0,291093,96059,0
0.33333334,0.33333334,0,0,291094,96059,1
0,0,0,0,291095,96060,0
1,1,0,0,291096,96060,1
0,0,0,0,291097,96061,0
1,1,0,0,291098,96061,1
0,0,0,0,291099,96062,0
1,1,0,0,291100,96062,1
0.6666666,0.6666666,0,0,291101,96058,2
1,1,0,0,291102,96058,3
0.6666666,0.6666666,0,0,291103,96059,2
1,1,0,0,291104,96059,3
0,0,0,0,291490,96219,0
1,1,0,0,291491,96219,1
0,0,0,0,291492,96220,0
1,1,0,0,291493,96220,1
0,0,0,0,291494,96221,0
1,1,0,0,291495,96221,1
0,0,0,0,291496,96222,0
1,1,0,0,291497,96222,1
0,0,0,0,291498,96223,0
1,1,0,0,291499,96223,1
0,0,0,0,291500,96224,0
1,1,0,0,291501,96224,1
0,0,0,0,291502,96225,0
1,1,0,0,291503,96225,1
0,0,0,0,291504,96226,0
1,1,0,0,291505,96226,1
0,0,0,0,291506,96227,0
1,1,0,0,291507,96227,1
0,0,0,0,291508,96228,0
1,1,0,0,291509,96228,1
0,0,0,0,291510,96229,0
1,1,0,0,291511,96229,1
0,0,0,0,291512,96230,0
1,1,0,0,291513,96230,1
0,0,0,0,291514,96231,0
1,1,0,0,291515,96231,1
0,0,0,0,291516,96232,0
1,1,0,0,291517,96232,1
0,0,0,0,291518,96233,0
1,1,0,0,291519,96233,1
0,0,0,0,291520,96234,0
1,1,0,0,291521,96234,1
0,0,0,0,291522,96235,0
1,1,0,0,291523,96235,1
0,0,0,0,291524,96236,0
1,1,0,0,291525,96236,1
0,0.1,0,0,293001,96713,0
120,0.1,0,0,293002,96713,1
0,0.25,0,0,293003,96714,0
120,0.25,0,0,293004,96714,1
0,-80,0,0,293313,96869,0
0,0,0,0,293314,96869,1
0.5358334,0,0,0,293315,96869,2
1.991514,-80,0,0,293316,96869,3
3.8580003,-80,0,0,293317,96869,4
0,-80,0,0,293318,96870,0
0,0,0,0,293319,96870,1
1.4824723,0,0,0,293320,96870,2
2.9202917,-80,0,0,293321,96870,3
3.8580003,-80,0,0,293322,96870,4
1,2,0,0,294563,97152,0
2,4,0,0,294564,97152,1
3,6,0,0,294565,97152,2
4,8,0,0,294566,97152,3
5,10,0,0,294567,97152,4
1,1,0,0,294568,97153,0
2,2,0,0,294569,97153,1
3,3,0,0,294570,97153,2
4,4,0,0,294571,97153,3
5,5,0,0,294572,97153,4
0,0,0,0,294659,97182,0
0.043636363,0,0,0,294660,97182,1
0.33818182,0.080213904,0,0,294661,97182,2
0.63272727,0.17647058,0,0,294662,97182,3
0.81454545,0.21925133,0,0,294663,97182,4
1,0.2352941,0,0,294664,97182,5
0,0,0,0,294684,97193,0
0.4109091,0.40106952,0,0,294685,97193,1
1,1,0,0,294686,97193,2
0,0,0,0,294687,97194,0
0.4109091,0.40106952,0,0,294688,97194,1
1,1,0,0,294689,97194,2
0,0,0,0,294761,97253,0
0.47636363,0.24064171,0,0,294762,97253,1
0.8,0.6042781,0,0,294763,97253,2
1,1,0,0,294764,97253,3
0,0,0,0,294765,97254,0
1,1,0,0,294766,97254,1
0,0,0,0,294767,97255,0
1,1,0,0,294768,97255,1
0,0,0,0,294780,97261,0
1,1,0,0,294781,97261,1
0,0,0,0,294782,97262,0
1,1,0,0,294783,97262,1
0,0,0,0,294784,97263,0
1,1,0,0,294785,97263,1
1,50,0,0,294871,97290,0
2,100,0,0,294872,97290,1
1,10,0,0,295446,97488,0
2,20,0,0,295447,97488,1
0,0,0,0,295465,97497,0
0.47636363,0.24064171,0,0,295466,97497,1
0.8,0.6042781,0,0,295467,97497,2
1,1,0,0,295468,97497,3
0,0,0,0,295469,97498,0
1,1,0,0,295470,97498,1
0,0,0,0,295471,97499,0
1,1,0,0,295472,97499,1
1,1,0,0,295491,97506,0
2,2,0,0,295492,97506,1
3,3,0,0,295493,97506,2
4,4,0,0,295494,97506,3
5,5,0,0,295495,97506,4
1,5,0,0,295496,97507,0
2,10,0,0,295497,97507,1
3,15,0,0,295498,97507,2
4,20,0,0,295499,97507,3
5,25,0,0,295500,97507,4
1,4,0,0,295501,97508,0
2,8,0,0,295502,97508,1
3,12,0,0,295503,97508,2
4,16,0,0,295504,97508,3
5,20,0,0,295505,97508,4
1,5,0,0,295506,97509,0
2,10,0,0,295507,97509,1
3,15,0,0,295508,97509,2
1,10,0,0,295509,97510,0
2,20,0,0,295510,97510,1
3,30,0,0,295511,97510,2
4,40,0,0,295512,97510,3
5,50,0,0,295513,97510,4
1,-5,0,0,295514,97511,0
2,-10,0,0,295515,97511,1
1,1,0,0,295516,97512,0
2,2,0,0,295517,97512,1
3,3,0,0,295518,97512,2
4,4,0,0,295519,97512,3
5,5,0,0,295520,97512,4
1,3,0,0,295521,97513,0
2,6,0,0,295522,97513,1
3,9,0,0,295523,97513,2
4,12,0,0,295524,97513,3
5,15,0,0,295525,97513,4
1,1,0,0,295526,97514,0
2,2,0,0,295527,97514,1
3,3,0,0,295528,97514,2
4,4,0,0,295529,97514,3
5,5,0,0,295530,97514,4
1,20,0,0,295531,97515,0
2,40,0,0,295532,97515,1
3,60,0,0,295533,97515,2
4,80,0,0,295534,97515,3
5,100,0,0,295535,97515,4
1,25,0,0,295536,97516,0
2,50,0,0,295537,97516,1
1,1,0,0,295538,97517,0
2,2,0,0,295539,97517,1
3,3,0,0,295540,97517,2
4,4,0,0,295541,97517,3
5,5,0,0,295542,97517,4
1,4,0,0,295642,97562,0
2,8,0,0,295643,97562,1
3,12,0,0,295644,97562,2
4,16,0,0,295645,97562,3
5,20,0,0,295646,97562,4
1,9,0,0,295647,97563,0
2,9,0,0,295648,97563,1
1,15,0,0,295652,97564,0
2,30,0,0,295653,97564,1
1,-5000,0,0,295654,97565,0
2,-10000,0,0,295655,97565,1
1,-288000,0,0,295656,97566,0
2,-612000,0,0,295657,97566,1
3,-900000,0,0,295658,97566,2
1,50,0,0,295659,97567,0
2,100,0,0,295660,97567,1
1,5,0,0,295661,97568,0
2,10,0,0,295662,97568,1
1,2,0,0,295663,97569,0
2,4,0,0,295664,97569,1
3,6,0,0,295665,97569,2
4,8,0,0,295666,97569,3
5,10,0,0,295667,97569,4
1,5,0,0,295668,97570,0
2,10,0,0,295669,97570,1
3,15,0,0,295670,97570,2
4,20,0,0,295671,97570,3
5,25,0,0,295672,97570,4
1,1,0,0,295673,97571,0
2,2,0,0,295674,97571,1
3,3,0,0,295675,97571,2
4,4,0,0,295676,97571,3
5,5,0,0,295677,97571,4
1,4,0,0,295678,97572,0
2,8,0,0,295679,97572,1
3,12,0,0,295680,97572,2
4,16,0,0,295681,97572,3
5,20,0,0,295682,97572,4
1,-6000,0,0,295683,97573,0
2,-12000,0,0,295684,97573,1
3,-18000,0,0,295685,97573,2
1,-8,0,0,295686,97574,0
2,-16,0,0,295687,97574,1
3,-24,0,0,295688,97574,2
4,-32,0,0,295689,97574,3
5,-40,0,0,295690,97574,4
1,5,0,0,295691,97575,0
2,10,0,0,295692,97575,1
1,33,0,0,295693,97576,0
2,67,0,0,295694,97576,1
3,100,0,0,295695,97576,2
1,24000,0,0,295696,97577,0
2,48000,0,0,295697,97577,1
3,72000,0,0,295698,97577,2
4,96000,0,0,295699,97577,3
5,120000,0,0,295700,97577,4
1,2,0,0,295701,97578,0
2,4,0,0,295702,97578,1
3,6,0,0,295703,97578,2
4,8,0,0,295704,97578,3
5,10,0,0,295705,97578,4
1,2,0,0,295706,97579,0
2,4,0,0,295707,97579,1
3,6,0,0,295708,97579,2
4,8,0,0,295709,97579,3
5,10,0,0,295710,97579,4
1,50,0,0,295711,97580,0
2,100,0,0,295712,97580,1
1,20,0,0,295713,97581,0
2,40,0,0,295714,97581,1
3,60,0,0,295715,97581,2
4,80,0,0,295716,97581,3
5,100,0,0,295717,97581,4
1,5,0,0,295718,97582,0
2,10,0,0,295719,97582,1
3,15,0,0,295720,97582,2
4,20,0,0,295721,97582,3
5,25,0,0,295722,97582,4
1,20,0,0,295723,97583,0
2,40,0,0,295724,97583,1
3,60,0,0,295725,97583,2
4,80,0,0,295726,97583,3
5,100,0,0,295727,97583,4
1,1,0,0,295991,97769,0
2,2,0,0,295992,97769,1
3,3,0,0,295993,97769,2
1,-2,0,0,296058,97798,0
2,-4,0,0,296059,97798,1
1,1,0,0,296104,97825,0
2,2,0,0,296105,97825,1
3,3,0,0,296106,97825,2
4,4,0,0,296107,97825,3
5,5,0,0,296108,97825,4
1,1,0,0,296295,97882,0
2,2,0,0,296296,97882,1
3,3,0,0,296297,97882,2
0,0,0,0,296328,97905,0
0.29818183,0.053475916,0,0,296329,97905,1
0.7309091,0.973262,0,0,296330,97905,2
1,1,0,0,296331,97905,3
0,0,0,0,296481,97943,0
0.33333334,0.33333334,0,0,296482,97943,1
0.6666666,0.6666666,0,0,296483,97943,2
1,1,0,0,296484,97943,3
0,0,0,0,296485,97944,0
1,1,0,0,296486,97944,1
0,0,0,0,296487,97945,0
1,1,0,0,296488,97945,1
1,1,0,0,296838,98030,0
2,2,0,0,296839,98030,1
3,3,0,0,296840,98030,2
4,4,0,0,296841,98030,3
5,5,0,0,296842,98030,4
0,0,0,0,296954,98061,0
0.33333334,0.33333334,0,0,296955,98061,1
0.6666666,0.6666666,0,0,296956,98061,2
1,1,0,0,296957,98061,3
0,0,0,0,296958,98062,0
1,1,0,0,296959,98062,1
0,0,0,0,296960,98063,0
1,1,0,0,296961,98063,1
0,0,0,0,296962,98064,0
1,1,0,0,296963,98064,1
0,0,0,0,296964,98065,0
1,1,0,0,296965,98065,1
0,0,0,0,296966,98066,0
1,1,0,0,296967,98066,1
0,-80,0,0,297082,98108,0
0,0,0,0,297083,98108,1
0.6111111,0,0,0,297084,98108,2
1.5694444,0,0,0,297085,98108,3
3,-80,0,0,297086,98108,4
0,-80,0,0,297087,98109,0
0,0,0,0,297088,98109,1
0.19675925,0,0,0,297089,98109,2
0.39583334,0,0,0,297090,98109,3
0.5,-80,0,0,297091,98109,4
0,0,0,0,297092,98111,0
1,1,0,0,297093,98111,1
0,0,0,0,297094,98112,0
1,1,0,0,297095,98112,1
0,0,0,0,297096,98113,0
1,1,0,0,297097,98113,1
0,0,0,0,297098,98114,0
1,1,0,0,297099,98114,1
0,0,0,0,297100,98115,0
1,1,0,0,297101,98115,1
0,0,0,0,297102,98116,0
1,1,0,0,297103,98116,1
0,0,0,0,297104,98117,0
1,1,0,0,297105,98117,1
0,0,0,0,297106,98118,0
1,1,0,0,297107,98118,1
0,0,0,0,297108,98119,0
1,1,0,0,297109,98119,1
0,0,0,0,297110,98120,0
1,1,0,0,297111,98120,1
0,0,0,0,297112,98121,0
1,1,0,0,297113,98121,1
0,0,0,0,297114,98122,0
1,1,0,0,297115,98122,1
0,0,0,0,297116,98123,0
1,1,0,0,297117,98123,1
0,0,0,0,297118,98124,0
1,1,0,0,297119,98124,1
0,0,0,0,297120,98125,0
1,1,0,0,297121,98125,1
0,0,0,0,297122,98126,0
1,1,0,0,297123,98126,1
0,0,0,0,297124,98127,0
1,1,0,0,297125,98127,1
0,0,0,0,297126,98128,0
1,1,0,0,297127,98128,1
0,0,0,0,297141,98132,0
1,1,0,0,297142,98132,1
0,0,0,0,297143,98133,0
1,1,0,0,297144,98133,1
0,0,0,0,297145,98134,0
1,1,0,0,297146,98134,1
0,0,0,0,297147,98135,0
1,1,0,0,297148,98135,1
0,0,0,0,297149,98136,0
1,1,0,0,297150,98136,1
0,0,0,0,297151,98137,0
1,1,0,0,297152,98137,1
0,0,0,0,297153,98138,0
1,1,0,0,297154,98138,1
0,0,0,0,297155,98139,0
1,1,0,0,297156,98139,1
0,0,0,0,297157,98140,0
1,1,0,0,297158,98140,1
0,0,0,0,297159,98141,0
1,1,0,0,297160,98141,1
0,0,0,0,297161,98142,0
1,1,0,0,297162,98142,1
0,0,0,0,297163,98143,0
1,1,0,0,297164,98143,1
0,0,0,0,297165,98144,0
1,1,0,0,297166,98144,1
0,0,0,0,297167,98145,0
1,1,0,0,297168,98145,1
0,0,0,0,297169,98146,0
1,1,0,0,297170,98146,1
0,0,0,0,297171,98147,0
1,1,0,0,297172,98147,1
0,0,0,0,297173,98148,0
1,1,0,0,297174,98148,1
0,0,0,0,297175,98149,0
1,1,0,0,297176,98149,1
0,0,0,0,297177,98150,0
1,1,0,0,297178,98150,1
0,0,0,0,297179,98151,0
1,1,0,0,297180,98151,1
0,0,0,0,297181,98152,0
1,1,0,0,297182,98152,1
0,0,0,0,297183,98153,0
1,1,0,0,297184,98153,1
0,0,0,0,297185,98154,0
1,1,0,0,297186,98154,1
0,0,0,0,297187,98155,0
1,1,0,0,297188,98155,1
0,0,0,0,297191,98158,0
1,1,0,0,297192,98158,1
0,0,0,0,297193,98159,0
1,1,0,0,297194,98159,1
0,0,0,0,297195,98160,0
1,1,0,0,297196,98160,1
0,0,0,0,297197,98161,0
1,1,0,0,297198,98161,1
0,0,0,0,297199,98162,0
1,1,0,0,297200,98162,1
0,0,0,0,297201,98163,0
1,1,0,0,297202,98163,1
0,0,0,0,297203,98164,0
1,1,0,0,297204,98164,1
0,0,0,0,297205,98165,0
1,1,0,0,297206,98165,1
0,0,0,0,297207,98166,0
1,1,0,0,297208,98166,1
0,0,0,0,297209,98167,0
1,1,0,0,297210,98167,1
0,0,0,0,297211,98168,0
1,1,0,0,297212,98168,1
0,0,0,0,297213,98169,0
1,1,0,0,297214,98169,1
0,0,0,0,297215,98170,0
1,1,0,0,297216,98170,1
0,0,0,0,297217,98171,0
1,1,0,0,297218,98171,1
0,0,0,0,297219,98172,0
1,1,0,0,297220,98172,1
0,0,0,0,297221,98173,0
1,1,0,0,297222,98173,1
0,0,0,0,297223,98174,0
1,1,0,0,297224,98174,1
0,0,0,0,297225,98175,0
1,1,0,0,297226,98175,1
0,0,0,0,297227,98176,0
1,1,0,0,297228,98176,1
0,0,0,0,297229,98177,0
1,1,0,0,297230,98177,1
0,0,0,0,297231,98178,0
1,1,0,0,297232,98178,1
0,0,0,0,297233,98179,0
1,1,0,0,297234,98179,1
0,0,0,0,297235,98180,0
1,1,0,0,297236,98180,1
0,0,0,0,297237,98181,0
1,1,0,0,297238,98181,1
0,0,0,0,297239,98182,0
1,1,0,0,297240,98182,1
0,0,0,0,297241,98183,0
1,1,0,0,297242,98183,1
0,0,0,0,297243,98184,0
1,1,0,0,297244,98184,1
1,4,0,0,297326,98227,0
9,4,0,0,297327,98227,1
10,5,0,0,297328,98227,2
19,5,0,0,297329,98227,3
20,6,0,0,297330,98227,4
29,6,0,0,297331,98227,5
30,7,0,0,297332,98227,6
39,7,0,0,297333,98227,7
40,8,0,0,297334,98227,8
44,8,0,0,297335,98227,9
45,9,0,0,297336,98227,10
49,9,0,0,297337,98227,11
50,10,0,0,297338,98227,12
54,10,0,0,297348,98227,13
55,11,0,0,297349,98227,14
59,11,0,0,297350,98227,15
60,12,0,0,297351,98227,16
100,12,0,0,297352,98227,17
0,0,0,0,297564,98320,0
0.26181817,0.026737988,0,0,297565,98320,1
0.7163636,0.95187163,0,0,297566,98320,2
1,1,0,0,297567,98320,3
0,0,0,0,297766,98385,0
1,1,0,0,297767,98385,1
0,0,0,0,297768,98386,0
1,1,0,0,297769,98386,1
0,0,0,0,297770,98387,0
1,1,0,0,297771,98387,1
0,0,0,0,297772,98388,0
1,1,0,0,297773,98388,1
0,0,0,0,297774,98389,0
1,1,0,0,297775,98389,1
0,0,0,0,297776,98390,0
1,1,0,0,297777,98390,1
0,0,0,0,297778,98391,0
1,1,0,0,297779,98391,1
0,0,0,0,297780,98392,0
1,1,0,0,297781,98392,1
0,0,0,0,297782,98393,0
1,1,0,0,297783,98393,1
0,0,0,0,297784,98394,0
1,1,0,0,297785,98394,1
0,0,0,0,297786,98395,0
1,1,0,0,297787,98395,1
0,0,0,0,297788,98396,0
1,1,0,0,297789,98396,1
0,0,0,0,297790,98397,0
1,1,0,0,297791,98397,1
0,0,0,0,297792,98398,0
1,1,0,0,297793,98398,1
0,0,0,0,297794,98399,0
1,1,0,0,297795,98399,1
0,0,0,0,297796,98400,0
1,1,0,0,297797,98400,1
0,0,0,0,297798,98401,0
1,1,0,0,297799,98401,1
0,0,0,0,297800,98402,0
1,1,0,0,297801,98402,1
0,0,0,0,297802,98403,0
1,1,0,0,297803,98403,1
0,0,0,0,297804,98404,0
1,1,0,0,297805,98404,1
0,0,0,0,297806,98405,0
1,1,0,0,297807,98405,1
0,0,0,0,297808,98406,0
1,1,0,0,297809,98406,1
0,0,0,0,297810,98407,0
1,1,0,0,297811,98407,1
0,0,0,0,297812,98408,0
1,1,0,0,297813,98408,1
0,0,0,0,297814,98409,0
1,1,0,0,297815,98409,1
0,0,0,0,297816,98410,0
1,1,0,0,297817,98410,1
0,0,0,0,297818,98411,0
1,1,0,0,297819,98411,1
0,0,0,0,297820,98412,0
1,1,0,0,297821,98412,1
0,0,0,0,297822,98413,0
1,1,0,0,297823,98413,1
0,0,0,0,297824,98414,0
1,1,0,0,297825,98414,1
0,0,0,0,297826,98415,0
1,1,0,0,297827,98415,1
0,0,0,0,297828,98416,0
1,1,0,0,297829,98416,1
0,0,0,0,297830,98417,0
1,1,0,0,297831,98417,1
0,0,0,0,297965,98454,0
1,1,0,0,297966,98454,1
0,0,0,0,297967,98455,0
1,1,0,0,297968,98455,1
0,0,0,0,297969,98456,0
1,1,0,0,297970,98456,1
0,0,0,0,297971,98457,0
1,1,0,0,297972,98457,1
0,0,0,0,297973,98458,0
1,1,0,0,297974,98458,1
0,0,0,0,297975,98459,0
1,1,0,0,297976,98459,1
0,0,0,0,297977,98460,0
1,1,0,0,297978,98460,1
0,0,0,0,297979,98461,0
1,1,0,0,297980,98461,1
0,0,0,0,297981,98462,0
1,1,0,0,297982,98462,1
0,0,0,0,297983,98463,0
1,1,0,0,297984,98463,1
0,0,0,0,297985,98464,0
1,1,0,0,297986,98464,1
0,0,0,0,297987,98465,0
1,1,0,0,297988,98465,1
0,0,0,0,297989,98466,0
1,1,0,0,297990,98466,1
0,0,0,0,297991,98467,0
1,1,0,0,297992,98467,1
0,0,0,0,297993,98468,0
1,1,0,0,297994,98468,1
0,0,0,0,297995,98469,0
1,1,0,0,297996,98469,1
0,0,0,0,297997,98470,0
1,1,0,0,297998,98470,1
0,0,0,0,297999,98471,0
1,1,0,0,298000,98471,1
0,0,0,0,298001,98472,0
1,1,0,0,298002,98472,1
0,0,0,0,298003,98473,0
1,1,0,0,298004,98473,1
0,0,0,0,298005,98474,0
1,1,0,0,298006,98474,1
0,0,0,0,298007,98475,0
1,1,0,0,298008,98475,1
0,0,0,0,298009,98476,0
1,1,0,0,298010,98476,1
0,0,0,0,298011,98477,0
1,1,0,0,298012,98477,1
0,0,0,0,298013,98478,0
1,1,0,0,298014,98478,1
0,0,0,0,298015,98479,0
1,1,0,0,298016,98479,1
0,0,0,0,298017,98480,0
1,1,0,0,298018,98480,1
0,0,0,0,298019,98481,0
1,1,0,0,298020,98481,1
0,0,0,0,298021,98482,0
1,1,0,0,298022,98482,1
0,0,0,0,298023,98483,0
1,1,0,0,298024,98483,1
0,0,0,0,298025,98484,0
1,1,0,0,298026,98484,1
0,0,0,0,298027,98485,0
1,1,0,0,298028,98485,1
0,0,0,0,298029,98486,0
1,1,0,0,298030,98486,1
0,0,0,0,298037,98490,0
1,1,0,0,298038,98490,1
0,0,0,0,298039,98491,0
1,1,0,0,298040,98491,1
0,0,0,0,298041,98492,0
1,1,0,0,298042,98492,1
0,0,0,0,299964,99176,0
1,1,0,0,299965,99176,1
0,0,0,0,299966,99177,0
1,1,0,0,299967,99177,1
0,0,0,0,299968,99178,0
1,1,0,0,299969,99178,1
0,0,0,0,299970,99179,0
1,1,0,0,299971,99179,1
0,0,0,0,299972,99180,0
1,1,0,0,299973,99180,1
0,0,0,0,299974,99181,0
1,1,0,0,299975,99181,1
0,0,0,0,299976,99182,0
1,1,0,0,299977,99182,1
0,0,0,0,299978,99183,0
1,1,0,0,299979,99183,1
0,0,0,0,299980,99184,0
1,1,0,0,299981,99184,1
0,0,0,0,299982,99185,0
1,1,0,0,299983,99185,1
0,0,0,0,299984,99186,0
1,1,0,0,299985,99186,1
0,0,0,0,299986,99187,0
1,1,0,0,299987,99187,1
0,0,0,0,299988,99188,0
1,1,0,0,299989,99188,1
0,0,0,0,299990,99189,0
1,1,0,0,299991,99189,1
0,0,0,0,299992,99190,0
1,1,0,0,299993,99190,1
0,0,0,0,300032,99203,0
1,1,0,0,300033,99203,1
0,0,0,0,300034,99204,0
1,1,0,0,300035,99204,1
0,0,0,0,300036,99205,0
1,1,0,0,300037,99205,1
0,0,0,0,300038,99206,0
1,1,0,0,300039,99206,1
0,0,0,0,300040,99207,0
1,1,0,0,300041,99207,1
0,0,0,0,300042,99208,0
1,1,0,0,300043,99208,1
0,0,0,0,300044,99209,0
1,1,0,0,300045,99209,1
0,0,0,0,300046,99210,0
1,1,0,0,300047,99210,1
0,0,0,0,300048,99211,0
1,1,0,0,300049,99211,1
0,0,0,0,300050,99212,0
1,1,0,0,300051,99212,1
0,0,0,0,300052,99213,0
1,1,0,0,300053,99213,1
0,0,0,0,300054,99214,0
1,1,0,0,300055,99214,1
0,0,0,0,300056,99215,0
1,1,0,0,300057,99215,1
0,0,0,0,300058,99216,0
1,1,0,0,300059,99216,1
0,0,0,0,300060,99217,0
1,1,0,0,300061,99217,1
0,0,0,0,300062,99218,0
1,1,0,0,300063,99218,1
0,0,0,0,300064,99219,0
1,1,0,0,300065,99219,1
0,0,0,0,300066,99220,0
1,1,0,0,300067,99220,1
0,0,0,0,300068,99221,0
1,1,0,0,300069,99221,1
0,0,0,0,300070,99222,0
1,1,0,0,300071,99222,1
0,0,0,0,300072,99223,0
1,1,0,0,300073,99223,1
0,0,0,0,300074,99224,0
1,1,0,0,300075,99224,1
0,0,0,0,300076,99225,0
1,1,0,0,300077,99225,1
0,0,0,0,300078,99226,0
1,1,0,0,300079,99226,1
0,0,0,0,300080,99227,0
1,1,0,0,300081,99227,1
0,0,0,0,300082,99228,0
1,1,0,0,300083,99228,1
0,0,0,0,300084,99229,0
1,1,0,0,300085,99229,1
0,0,0,0,300086,99230,0
1,1,0,0,300087,99230,1
0,0,0,0,300088,99231,0
1,1,0,0,300089,99231,1
0,0,0,0,300090,99232,0
1,1,0,0,300091,99232,1
0,0,0,0,300092,99233,0
1,1,0,0,300093,99233,1
0,0,0,0,300094,99234,0
1,1,0,0,300095,99234,1
0,0,0,0,300096,99235,0
1,1,0,0,300097,99235,1
0,0,0,0,300098,99236,0
1,1,0,0,300099,99236,1
0,0,0,0,300100,99237,0
1,1,0,0,300101,99237,1
0,0,0,0,300102,99238,0
1,1,0,0,300103,99238,1
0,0,0,0,300104,99239,0
1,1,0,0,300105,99239,1
0,0,0,0,300106,99240,0
1,1,0,0,300107,99240,1
0,0,0,0,300108,99241,0
1,1,0,0,300109,99241,1
0,0,0,0,300110,99242,0
1,1,0,0,300111,99242,1
0,0,0,0,300112,99243,0
1,1,0,0,300113,99243,1
0,0,0,0,300114,99244,0
1,1,0,0,300115,99244,1
0,0,0,0,300116,99245,0
1,1,0,0,300117,99245,1
0,0,0,0,300118,99246,0
1,1,0,0,300119,99246,1
0,0,0,0,300120,99247,0
1,1,0,0,300121,99247,1
0,0,0,0,300122,99248,0
1,1,0,0,300123,99248,1
0,0,0,0,300124,99249,0
1,1,0,0,300125,99249,1
0,0,0,0,300126,99250,0
1,1,0,0,300127,99250,1
0,0,0,0,300128,99251,0
1,1,0,0,300129,99251,1
0,0,0,0,300130,99252,0
1,1,0,0,300131,99252,1
0,0,0,0,300132,99253,0
1,1,0,0,300133,99253,1
0,0,0,0,300134,99254,0
1,1,0,0,300135,99254,1
0,0,0,0,300136,99255,0
1,1,0,0,300137,99255,1
0,0,0,0,300138,99256,0
1,1,0,0,300139,99256,1
0,0,0,0,300140,99257,0
1,1,0,0,300141,99257,1
0,0,0,0,300142,99258,0
1,1,0,0,300143,99258,1
0,0,0,0,300144,99259,0
1,1,0,0,300145,99259,1
0,0,0,0,300146,99260,0
1,1,0,0,300147,99260,1
0,0,0,0,300148,99261,0
1,1,0,0,300149,99261,1
0,0,0,0,300150,99262,0
1,1,0,0,300151,99262,1
0,0,0,0,300152,99263,0
1,1,0,0,300153,99263,1
0,0,0,0,300154,99264,0
1,1,0,0,300155,99264,1
0,0,0,0,300156,99265,0
1,1,0,0,300157,99265,1
0,0,0,0,300158,99266,0
1,1,0,0,300159,99266,1
0,0,0,0,300160,99267,0
1,1,0,0,300161,99267,1
0,0,0,0,300162,99268,0
1,1,0,0,300163,99268,1
0,0.9946524,0,0,300228,99288,0
0.02909091,0.026737988,0,0,300229,99288,1
1,0.0053476095,0,0,300230,99288,2
0,1,0,0,300235,99290,0
1,0.70053476,0,0,300236,99290,1
0,0,0,0,300327,99332,0
1,1,0,0,300328,99332,1
0,0,0,0,300329,99333,0
1,1,0,0,300330,99333,1
0,0,0,0,300331,99334,0
1,1,0,0,300332,99334,1
0,0,0,0,300333,99335,0
1,1,0,0,300334,99335,1
0,0,0,0,300335,99336,0
1,1,0,0,300336,99336,1
0,0,0,0,300337,99337,0
1,1,0,0,300338,99337,1
0,0,0,0,300348,99354,0
0.18181819,0.09625667,0,0,300349,99354,1
0.7672727,0.9037433,0,0,300350,99354,2
1,1,0,0,300351,99354,3
0,0,0,0,300423,99366,0
1,1,0,0,300424,99366,1
0,0,0,0,300425,99367,0
1,1,0,0,300426,99367,1
0,0,0,0,300427,99368,0
1,1,0,0,300428,99368,1
0,0,0,0,300439,99373,0
1,1,0,0,300440,99373,1
0,0,0,0,300441,99374,0
1,1,0,0,300442,99374,1
0,0,0,0,300443,99375,0
1,1,0,0,300444,99375,1
0,1,0,0,300728,99479,0
0.7,1,0,0,300729,99479,1
1,0,0,0,300730,99479,2
0,1,0,0,300731,99480,0
0.7,1,0,0,300732,99480,1
1,0,0,0,300733,99480,2
0,1,0,0,300734,99481,0
0.7,1,0,0,300735,99481,1
1,0,0,0,300736,99481,2
1,4,0,0,301168,99659,0
2,8,0,0,301169,99659,1
3,12,0,0,301170,99659,2
4,16,0,0,301171,99659,3
5,20,0,0,301172,99659,4
1,60000,0,0,301173,99660,0
2,120000,0,0,301174,99660,1
0,0,0,0,301185,99665,0
1,1,0,0,301186,99665,1
0,0,0,0,301187,99666,0
1,1,0,0,301188,99666,1
0,0,0,0,301189,99667,0
1,1,0,0,301190,99667,1
0,0,0,0,301191,99668,0
1,1,0,0,301192,99668,1
0,0,0,0,301193,99669,0
1,1,0,0,301194,99669,1
0,0,0,0,301195,99670,0
1,1,0,0,301196,99670,1
0,0.2,0,0,301197,99671,0
7,0.2,0,0,301198,99671,1
8,0.167,0,0,301199,99671,2
9,0.167,0,0,301200,99671,3
10,0.143,0,0,301201,99671,4
11,0.143,0,0,301202,99671,5
12,0.125,0,0,301203,99671,6
15,0.125,0,0,301204,99671,7
16,0.111,0,0,301205,99671,8
19,0.111,0,0,301206,99671,9
20,0.091,0,0,301207,99671,10
29,0.091,0,0,301208,99671,11
30,0.083,0,0,301209,99671,12
39,0.083,0,0,301210,99671,13
40,0.077,0,0,301211,99671,14
44,0.077,0,0,301212,99671,15
45,0.071,0,0,301213,99671,16
49,0.071,0,0,301214,99671,17
50,0.067,0,0,301215,99671,18
54,0.067,0,0,301216,99671,19
55,0.063,0,0,301217,99671,20
59,0.063,0,0,301218,99671,21
60,0.059,0,0,301219,99671,22
100,0.059,0,0,301220,99671,23
0,0,0,0,301391,99705,0
1,1,0,0,301392,99705,1
0,0,0,0,301393,99706,0
1,1,0,0,301394,99706,1
0,0,0,0,301395,99707,0
1,1,0,0,301396,99707,1
0,0,0,0,301397,99708,0
1,1,0,0,301398,99708,1
0,0,0,0,301399,99709,0
1,1,0,0,301400,99709,1
0,0,0,0,301401,99710,0
1,1,0,0,301402,99710,1
0,0,0,0,301403,99711,0
1,1,0,0,301404,99711,1
0,0,0,0,301405,99712,0
1,1,0,0,301406,99712,1
0,0,0,0,301407,99713,0
1,1,0,0,301408,99713,1
0,0,0,0,301409,99714,0
1,1,0,0,301410,99714,1
0,0,0,0,301411,99715,0
1,1,0,0,301412,99715,1
0,0,0,0,301413,99716,0
1,1,0,0,301414,99716,1
0,0,0,0,301415,99717,0
1,1,0,0,301416,99717,1
0,0,0,0,301417,99718,0
1,1,0,0,301418,99718,1
0,0,0,0,301419,99719,0
1,1,0,0,301420,99719,1
0,0,0,0,301421,99720,0
1,1,0,0,301422,99720,1
0,0,0,0,301423,99721,0
1,1,0,0,301424,99721,1
0,0,0,0,301425,99722,0
1,1,0,0,301426,99722,1
1,4,0,0,301570,99769,0
2,8,0,0,301571,99769,1
3,12,0,0,301572,99769,2
4,16,0,0,301573,99769,3
5,20,0,0,301574,99769,4
1,50,0,0,301575,99770,0
2,100,0,0,301576,99770,1
1,60000,0,0,301577,99771,0
2,120000,0,0,301578,99771,1
0,0,0,0,302018,99887,0
1,1,0,0,302019,99887,1
0,0,0,0,302020,99888,0
1,1,0,0,302021,99888,1
0,0,0,0,302022,99889,0
1,1,0,0,302023,99889,1
0,0,0,0,302024,99890,0
1,1,0,0,302025,99890,1
0,0,0,0,302026,99891,0
1,1,0,0,302027,99891,1
0,0,0,0,302028,99892,0
1,1,0,0,302029,99892,1
0,0,0,0,302030,99893,0
1,1,0,0,302031,99893,1
0,0,0,0,302032,99894,0
1,1,0,0,302033,99894,1
0,0,0,0,302034,99895,0
1,1,0,0,302035,99895,1
0,0,0,0,302036,99896,0
1,1,0,0,302037,99896,1
0,0,0,0,302038,99897,0
1,1,0,0,302039,99897,1
0,0,0,0,302040,99898,0
1,1,0,0,302041,99898,1
0,0,0,0,302042,99899,0
1,1,0,0,302043,99899,1
0,0,0,0,302044,99900,0
1,1,0,0,302045,99900,1
0,0,0,0,302046,99901,0
1,1,0,0,302047,99901,1
0,0,0,0,302048,99902,0
1,1,0,0,302049,99902,1
0,0,0,0,302050,99903,0
1,1,0,0,302051,99903,1
0,0,0,0,302052,99904,0
1,1,0,0,302053,99904,1
0,0,0,0,302054,99905,0
1,1,0,0,302055,99905,1
0,0,0,0,302056,99906,0
1,1,0,0,302057,99906,1
0,0,0,0,302058,99907,0
1,1,0,0,302059,99907,1
0,0,0,0,302060,99908,0
1,1,0,0,302061,99908,1
0,0,0,0,302062,99909,0
1,1,0,0,302063,99909,1
0,0,0,0,302064,99910,0
1,1,0,0,302065,99910,1
0,0,0,0,302066,99911,0
1,1,0,0,302067,99911,1
0,0,0,0,302068,99912,0
1,1,0,0,302069,99912,1
0,0,0,0,302070,99913,0
1,1,0,0,302071,99913,1
0,0,0,0,302072,99914,0
1,1,0,0,302073,99914,1
0,0,0,0,302074,99915,0
1,1,0,0,302075,99915,1
0,0,0,0,302076,99916,0
1,1,0,0,302077,99916,1
0,0,0,0,302078,99917,0
1,1,0,0,302079,99917,1
0,0,0,0,302080,99918,0
1,1,0,0,302081,99918,1
0,0,0,0,302082,99919,0
1,1,0,0,302083,99919,1
0,0,0,0,302128,99927,0
1,1,0,0,302129,99927,1
0,0,0,0,302130,99928,0
1,1,0,0,302131,99928,1
0,0,0,0,302132,99929,0
1,1,0,0,302133,99929,1
0,0,0,0,302170,99943,0
1,1,0,0,302171,99943,1
0,0,0,0,302172,99944,0
1,1,0,0,302173,99944,1
0,0,0,0,302174,99945,0
1,1,0,0,302175,99945,1
0,0,0,0,302236,99966,0
1,1,0,0,302237,99966,1
0,0,0,0,302238,99967,0
1,1,0,0,302239,99967,1
0,0,0,0,302240,99968,0
1,1,0,0,302241,99968,1
0,0,0,0,302242,99969,0
1,1,0,0,302243,99969,1
0,0,0,0,302244,99970,0
1,1,0,0,302245,99970,1
0,0,0,0,302246,99971,0
1,1,0,0,302247,99971,1
0,0,0,0,302248,99972,0
1,1,0,0,302249,99972,1
0,0,0,0,302250,99973,0
1,1,0,0,302251,99973,1
0,0,0,0,302252,99974,0
1,1,0,0,302253,99974,1
0,0,0,0,302254,99975,0
1,1,0,0,302255,99975,1
0,0,0,0,302256,99976,0
1,1,0,0,302257,99976,1
0,0,0,0,302258,99977,0
1,1,0,0,302259,99977,1
0,0,0,0,302260,99978,0
1,1,0,0,302261,99978,1
0,0,0,0,302262,99979,0
1,1,0,0,302263,99979,1
0,0,0,0,302264,99980,0
1,1,0,0,302265,99980,1
0,0,0,0,302266,99981,0
1,1,0,0,302267,99981,1
0,0,0,0,302268,99982,0
1,1,0,0,302269,99982,1
0,0,0,0,302270,99983,0
1,1,0,0,302271,99983,1
0,0,0,0,302272,99984,0
1,1,0,0,302273,99984,1
0,0,0,0,302274,99985,0
1,1,0,0,302275,99985,1
0,0,0,0,302276,99986,0
1,1,0,0,302277,99986,1
0,0,0,0,302278,99987,0
1,1,0,0,302279,99987,1
0,0,0,0,302280,99988,0
1,1,0,0,302281,99988,1
0,0,0,0,302282,99989,0
1,1,0,0,302283,99989,1
0,0,0,0,302284,99990,0
1,1,0,0,302285,99990,1
0,0,0,0,302286,99991,0
1,1,0,0,302287,99991,1
0,0,0,0,302288,99992,0
1,1,0,0,302289,99992,1
0,0,0,0,302290,99993,0
1,1,0,0,302291,99993,1
0,0,0,0,302292,99994,0
1,1,0,0,302293,99994,1
0,0,0,0,302294,99995,0
1,1,0,0,302295,99995,1
0,0,0,0,302296,99996,0
1,1,0,0,302297,99996,1
0,0,0,0,302298,99997,0
1,1,0,0,302299,99997,1
0,0,0,0,302300,99998,0
1,1,0,0,302301,99998,1
0,0,0,0,302302,99999,0
1,1,0,0,302303,99999,1
0,0,0,0,302304,100000,0
1,1,0,0,302305,100000,1
0,0,0,0,302306,100001,0
1,1,0,0,302307,100001,1
0,0,0,0,302499,100081,0
0.29818183,0.053475916,0,0,302500,100081,1
0.7309091,0.973262,0,0,302501,100081,2
1,1,0,0,302502,100081,3
0,0,0,0,302508,100084,0
1,1,0,0,302509,100084,1
0,0,0,0,302510,100085,0
1,1,0,0,302511,100085,1
0,0,0,0,302512,100086,0
1,1,0,0,302513,100086,1
0,0,0,0,302514,100087,0
1,1,0,0,302515,100087,1
0,0,0,0,302516,100088,0
1,1,0,0,302517,100088,1
0,0,0,0,302518,100089,0
1,1,0,0,302519,100089,1
0,0,0,0,302520,100090,0
1,1,0,0,302521,100090,1
0,0,0,0,302522,100091,0
1,1,0,0,302523,100091,1
0,0,0,0,302524,100092,0
1,1,0,0,302525,100092,1
0,0,0,0,302526,100093,0
1,1,0,0,302527,100093,1
0,0,0,0,302528,100094,0
1,1,0,0,302529,100094,1
0,0,0,0,302530,100095,0
1,1,0,0,302531,100095,1
0,0,0,0,302532,100096,0
1,1,0,0,302533,100096,1
0,0,0,0,302534,100097,0
1,1,0,0,302535,100097,1
0,0,0,0,302536,100098,0
1,1,0,0,302537,100098,1
0,0,0,0,302538,100099,0
1,1,0,0,302539,100099,1
0,0,0,0,302540,100100,0
1,1,0,0,302541,100100,1
0,0,0,0,302542,100101,0
1,1,0,0,302543,100101,1
0,0,0,0,302544,100102,0
1,1,0,0,302545,100102,1
0,0,0,0,302546,100103,0
1,1,0,0,302547,100103,1
0,0,0,0,302548,100104,0
1,1,0,0,302549,100104,1
0,0,0,0,302550,100105,0
1,1,0,0,302551,100105,1
0,0,0,0,302552,100106,0
1,1,0,0,302553,100106,1
0,0,0,0,302554,100107,0
1,1,0,0,302555,100107,1
0,0,0,0,302556,100108,0
1,1,0,0,302557,100108,1
0,0,0,0,302558,100109,0
1,1,0,0,302559,100109,1
0,0,0,0,302560,100110,0
1,1,0,0,302561,100110,1
0,0,0,0,302562,100111,0
1,1,0,0,302563,100111,1
0,0,0,0,302564,100112,0
1,1,0,0,302565,100112,1
0,0,0,0,302566,100113,0
1,1,0,0,302567,100113,1
0,0,0,0,302568,100114,0
1,1,0,0,302569,100114,1
0,0,0,0,302570,100115,0
1,1,0,0,302571,100115,1
0,0,0,0,302572,100116,0
1,1,0,0,302573,100116,1
0,0,0,0,302574,100117,0
1,1,0,0,302575,100117,1
0,0,0,0,302576,100118,0
1,1,0,0,302577,100118,1
0,0,0,0,302578,100119,0
1,1,0,0,302579,100119,1
0,0,0,0,302602,100129,0
1,1,0,0,302603,100129,1
0,0,0,0,302604,100130,0
1,1,0,0,302605,100130,1
0,0,0,0,302606,100131,0
1,1,0,0,302607,100131,1
0,0,0,0,302608,100132,0
1,1,0,0,302609,100132,1
0,0,0,0,302610,100133,0
1,1,0,0,302611,100133,1
0,0,0,0,302612,100134,0
1,1,0,0,302613,100134,1
0,0,0,0,302614,100135,0
1,1,0,0,302615,100135,1
0,0,0,0,302616,100136,0
1,1,0,0,302617,100136,1
0,0,0,0,302618,100137,0
1,1,0,0,302619,100137,1
0,0,0,0,302620,100138,0
1,1,0,0,302621,100138,1
0,0,0,0,302622,100139,0
1,1,0,0,302623,100139,1
0,0,0,0,302624,100140,0
1,1,0,0,302625,100140,1
0,0,0,0,302626,100141,0
1,1,0,0,302627,100141,1
0,0,0,0,302628,100142,0
1,1,0,0,302629,100142,1
0,0,0,0,302630,100143,0
1,1,0,0,302631,100143,1
0,0,0,0,302632,100144,0
1,1,0,0,302633,100144,1
0,0,0,0,302634,100145,0
1,1,0,0,302635,100145,1
0,0,0,0,302636,100146,0
1,1,0,0,302637,100146,1
0,0,0,0,302638,100147,0
1,1,0,0,302639,100147,1
0,0,0,0,302640,100148,0
1,1,0,0,302641,100148,1
0,0,0,0,302642,100149,0
1,1,0,0,302643,100149,1
0,0,0,0,302644,100150,0
1,1,0,0,302645,100150,1
0,0,0,0,302646,100151,0
1,1,0,0,302647,100151,1
0,0,0,0,302648,100152,0
1,1,0,0,302649,100152,1
0,0,0,0,302650,100153,0
1,1,0,0,302651,100153,1
0,0,0,0,302652,100154,0
1,1,0,0,302653,100154,1
0,0,0,0,302654,100155,0
1,1,0,0,302655,100155,1
0,0,0,0,302656,100156,0
1,1,0,0,302657,100156,1
0,0,0,0,302658,100157,0
1,1,0,0,302659,100157,1
0,0,0,0,302660,100158,0
1,1,0,0,302661,100158,1
0,0,0,0,302662,100159,0
1,1,0,0,302663,100159,1
0,0,0,0,302664,100160,0
1,1,0,0,302665,100160,1
0,0,0,0,302666,100161,0
1,1,0,0,302667,100161,1
0,0,0,0,302668,100162,0
1,1,0,0,302669,100162,1
0,0,0,0,302670,100163,0
1,1,0,0,302671,100163,1
0,0,0,0,302672,100164,0
1,1,0,0,302673,100164,1
0,0,0,0,302695,100173,0
1,1,0,0,302696,100173,1
0,0,0,0,302697,100174,0
1,1,0,0,302698,100174,1
0,0,0,0,302699,100175,0
1,1,0,0,302700,100175,1
0,0,0,0,302756,100204,0
11,0,0,0,302757,100204,1
12,1,0,0,302758,100204,2
20,1,0,0,302759,100204,3
29,1,0,0,302760,100204,4
35,0,0,0,302761,100204,5
70,0,0,0,302762,100204,6
0,0,0,0,303048,100290,0
1,1,0,0,303049,100290,1
0,0,0,0,303050,100291,0
1,1,0,0,303051,100291,1
0,0,0,0,303052,100292,0
1,1,0,0,303053,100292,1
0,0,0,0,303054,100293,0
1,1,0,0,303055,100293,1
0,0,0,0,303056,100294,0
1,1,0,0,303057,100294,1
0,0,0,0,303058,100295,0
1,1,0,0,303059,100295,1
0,0,0,0,303060,100296,0
1,1,0,0,303061,100296,1
0,0,0,0,303062,100297,0
1,1,0,0,303063,100297,1
0,0,0,0,303064,100298,0
1,1,0,0,303065,100298,1
0,0,0,0,303066,100299,0
1,1,0,0,303067,100299,1
0,0,0,0,303068,100300,0
1,1,0,0,303069,100300,1
0,0,0,0,303070,100301,0
1,1,0,0,303071,100301,1
0,0,0,0,303072,100302,0
1,1,0,0,303073,100302,1
0,0,0,0,303074,100303,0
1,1,0,0,303075,100303,1
0,0,0,0,303076,100304,0
1,1,0,0,303077,100304,1
0,0,0,0,303078,100305,0
1,1,0,0,303079,100305,1
0,0,0,0,303080,100306,0
1,1,0,0,303081,100306,1
0,0,0,0,303082,100307,0
1,1,0,0,303083,100307,1
0,0,0,0,303084,100308,0
1,1,0,0,303085,100308,1
0,0,0,0,303086,100309,0
1,1,0,0,303087,100309,1
0,0,0,0,303088,100310,0
1,1,0,0,303089,100310,1
0,0,0,0,303090,100311,0
1,1,0,0,303091,100311,1
0,0,0,0,303092,100312,0
1,1,0,0,303093,100312,1
0,0,0,0,303094,100313,0
1,1,0,0,303095,100313,1
0,0,0,0,303096,100314,0
1,1,0,0,303097,100314,1
0,0,0,0,303098,100315,0
1,1,0,0,303099,100315,1
0,0,0,0,303100,100316,0
1,1,0,0,303101,100316,1
0,0,0,0,303102,100317,0
1,1,0,0,303103,100317,1
0,0,0,0,303104,100318,0
1,1,0,0,303105,100318,1
0,0,0,0,303106,100319,0
1,1,0,0,303107,100319,1
0,0,0,0,303108,100320,0
1,1,0,0,303109,100320,1
0,0,0,0,303110,100321,0
1,1,0,0,303111,100321,1
0,0,0,0,303112,100322,0
1,1,0,0,303113,100322,1
0,0,0,0,303114,100323,0
1,1,0,0,303115,100323,1
0,0,0,0,303116,100324,0
1,1,0,0,303117,100324,1
0,0,0,0,303118,100325,0
1,1,0,0,303119,100325,1
0,0,0,0,303120,100326,0
1,1,0,0,303121,100326,1
0,0,0,0,303122,100327,0
1,1,0,0,303123,100327,1
0,0,0,0,303124,100328,0
1,1,0,0,303125,100328,1
0,0,0,0,303126,100329,0
1,1,0,0,303127,100329,1
0,0,0,0,303128,100330,0
1,1,0,0,303129,100330,1
0,0,0,0,303130,100331,0
1,1,0,0,303131,100331,1
0,0,0,0,303363,100401,0
1,1,0,0,303364,100401,1
0,0,0,0,303365,100402,0
1,1,0,0,303366,100402,1
0,0,0,0,303367,100403,0
1,1,0,0,303368,100403,1
0,0,0,0,303369,100404,0
1,1,0,0,303370,100404,1
0,0,0,0,303371,100405,0
1,1,0,0,303372,100405,1
0,0,0,0,303373,100406,0
1,1,0,0,303374,100406,1
0,0,0,0,303375,100407,0
1,1,0,0,303376,100407,1
0,0,0,0,303377,100408,0
1,1,0,0,303378,100408,1
0,0,0,0,303379,100409,0
1,1,0,0,303380,100409,1
0,0,0,0,303381,100410,0
1,1,0,0,303382,100410,1
0,0,0,0,303383,100411,0
1,1,0,0,303384,100411,1
0,0,0,0,303385,100412,0
1,1,0,0,303386,100412,1
0,0,0,0,303387,100413,0
1,1,0,0,303388,100413,1
0,0,0,0,303389,100414,0
1,1,0,0,303390,100414,1
0,0,0,0,303391,100415,0
1,1,0,0,303392,100415,1
0,0,0,0,303393,100416,0
1,1,0,0,303394,100416,1
0,0,0,0,303395,100417,0
1,1,0,0,303396,100417,1
0,0,0,0,303397,100418,0
1,1,0,0,303398,100418,1
0,0,0,0,303399,100419,0
1,1,0,0,303400,100419,1
0,0,0,0,303401,100420,0
1,1,0,0,303402,100420,1
0,0,0,0,303403,100421,0
1,1,0,0,303404,100421,1
0,0,0,0,303405,100422,0
1,1,0,0,303406,100422,1
0,0,0,0,303407,100423,0
1,1,0,0,303408,100423,1
0,0,0,0,303409,100424,0
1,1,0,0,303410,100424,1
0,0,0,0,303411,100425,0
1,1,0,0,303412,100425,1
0,0,0,0,303413,100426,0
1,1,0,0,303414,100426,1
0,0,0,0,303415,100427,0
1,1,0,0,303416,100427,1
0,0,0,0,303417,100428,0
1,1,0,0,303418,100428,1
0,0,0,0,303419,100429,0
1,1,0,0,303420,100429,1
0,0,0,0,303421,100430,0
1,1,0,0,303422,100430,1
0,0,0,0,303423,100431,0
1,1,0,0,303424,100431,1
0,0,0,0,303425,100432,0
1,1,0,0,303426,100432,1
0,0,0,0,303427,100433,0
1,1,0,0,303428,100433,1
0,0,0,0,303429,100434,0
1,1,0,0,303430,100434,1
0,0,0,0,303431,100435,0
1,1,0,0,303432,100435,1
0,0,0,0,303433,100436,0
1,1,0,0,303434,100436,1
0,0,0,0,303933,100587,0
1,1,0,0,303934,100587,1
0,0,0,0,303935,100588,0
1,1,0,0,303936,100588,1
0,0,0,0,303937,100589,0
1,1,0,0,303938,100589,1
0,0,0,0,303939,100590,0
1,1,0,0,303940,100590,1
0,0,0,0,303941,100591,0
1,1,0,0,303942,100591,1
0,0,0,0,303943,100592,0
1,1,0,0,303944,100592,1
0,0,0,0,303945,100593,0
1,1,0,0,303946,100593,1
0,0,0,0,303947,100594,0
1,1,0,0,303948,100594,1
0,0,0,0,303949,100595,0
1,1,0,0,303950,100595,1
0,0,0,0,303951,100596,0
1,1,0,0,303952,100596,1
0,0,0,0,303953,100597,0
1,1,0,0,303954,100597,1
0,0,0,0,303955,100598,0
1,1,0,0,303956,100598,1
0,0,0,0,303957,100599,0
1,1,0,0,303958,100599,1
0,0,0,0,303959,100600,0
1,1,0,0,303960,100600,1
0,0,0,0,303961,100601,0
1,1,0,0,303962,100601,1
0,0,0,0,303963,100602,0
1,1,0,0,303964,100602,1
0,0,0,0,303965,100603,0
1,1,0,0,303966,100603,1
0,0,0,0,303967,100604,0
1,1,0,0,303968,100604,1
0,0,0,0,303969,100605,0
1,1,0,0,303970,100605,1
0,0,0,0,303971,100606,0
1,1,0,0,303972,100606,1
0,0,0,0,303973,100607,0
1,1,0,0,303974,100607,1
0,0,0,0,303975,100608,0
1,1,0,0,303976,100608,1
0,0,0,0,303977,100609,0
1,1,0,0,303978,100609,1
0,0,0,0,303979,100610,0
1,1,0,0,303980,100610,1
0,0,0,0,303981,100611,0
1,1,0,0,303982,100611,1
0,0,0,0,303983,100612,0
1,1,0,0,303984,100612,1
0,0,0,0,303985,100613,0
1,1,0,0,303986,100613,1
0,0,0,0,303987,100614,0
1,1,0,0,303988,100614,1
0,0,0,0,303989,100615,0
1,1,0,0,303990,100615,1
0,0,0,0,303991,100616,0
1,1,0,0,303992,100616,1
0,0,0,0,303993,100617,0
1,1,0,0,303994,100617,1
0,0,0,0,303995,100618,0
1,1,0,0,303996,100618,1
0,0,0,0,303997,100619,0
1,1,0,0,303998,100619,1
0,0,0,0,303999,100620,0
1,1,0,0,304000,100620,1
0,0,0,0,304001,100621,0
1,1,0,0,304002,100621,1
0,0,0,0,304003,100622,0
1,1,0,0,304004,100622,1
0,1,0,1,304027,100629,0
1,0,1,0,304028,100629,1
0,0,0,0,304029,100630,0
1,1,0,0,304030,100630,1
1,1,0,0,304041,100635,0
2,2,0,0,304042,100635,1
3,3,0,0,304043,100635,2
4,4,0,0,304044,100635,3
5,5,0,0,304045,100635,4
1,1,0,0,304046,100636,0
2,2,0,0,304047,100636,1
3,3,0,0,304048,100636,2
4,4,0,0,304049,100636,3
5,5,0,0,304050,100636,4
1,-6,0,0,304051,100637,0
2,-12,0,0,304052,100637,1
3,-18,0,0,304053,100637,2
4,-24,0,0,304054,100637,3
5,-30,0,0,304055,100637,4
1,-6,0,0,304056,100638,0
2,-12,0,0,304057,100638,1
3,-18,0,0,304058,100638,2
4,-24,0,0,304059,100638,3
5,-30,0,0,304060,100638,4
0,0,0,0,304081,100643,0
1,1,0,0,304082,100643,1
0,0,0,0,304083,100644,0
1,1,0,0,304084,100644,1
0,0,0,0,304085,100645,0
1,1,0,0,304086,100645,1
0,0,0,0,304087,100646,0
1,1,0,0,304088,100646,1
0,0,0,0,304089,100647,0
1,1,0,0,304090,100647,1
0,0,0,0,304091,100648,0
1,1,0,0,304092,100648,1
0,0,0,0,304093,100649,0
1,1,0,0,304094,100649,1
0,0,0,0,304095,100650,0
1,1,0,0,304096,100650,1
0,0,0,0,304097,100651,0
1,1,0,0,304098,100651,1
0,0,0,0,304099,100652,0
1,1,0,0,304100,100652,1
0,0,0,0,304101,100653,0
1,1,0,0,304102,100653,1
0,0,0,0,304103,100654,0
1,1,0,0,304104,100654,1
0,0,0,0,304105,100655,0
1,1,0,0,304106,100655,1
0,0,0,0,304107,100656,0
1,1,0,0,304108,100656,1
0,0,0,0,304109,100657,0
1,1,0,0,304110,100657,1
0,0,0,0,304111,100658,0
1,1,0,0,304112,100658,1
0,0,0,0,304113,100659,0
1,1,0,0,304114,100659,1
0,0,0,0,304115,100660,0
1,1,0,0,304116,100660,1
0,0,0,0,304117,100661,0
1,1,0,0,304118,100661,1
0,0,0,0,304119,100662,0
1,1,0,0,304120,100662,1
0,0,0,0,304121,100663,0
1,1,0,0,304122,100663,1
0,0,0,0,304123,100664,0
1,1,0,0,304124,100664,1
0,0,0,0,304125,100665,0
1,1,0,0,304126,100665,1
0,0,0,0,304127,100666,0
1,1,0,0,304128,100666,1
0,0,0,0,304129,100667,0
1,1,0,0,304130,100667,1
0,0,0,0,304131,100668,0
1,1,0,0,304132,100668,1
0,0,0,0,304133,100669,0
1,1,0,0,304134,100669,1
0,0,0,0,304135,100670,0
1,1,0,0,304136,100670,1
0,0,0,0,304137,100671,0
1,1,0,0,304138,100671,1
0,0,0,0,304139,100672,0
1,1,0,0,304140,100672,1
0,0,0,0,304141,100673,0
1,1,0,0,304142,100673,1
0,0,0,0,304143,100674,0
1,1,0,0,304144,100674,1
0,0,0,0,304145,100675,0
1,1,0,0,304146,100675,1
0,0,0,0,304147,100676,0
1,1,0,0,304148,100676,1
0,0,0,0,304149,100677,0
1,1,0,0,304150,100677,1
0,0,0,0,304151,100678,0
1,1,0,0,304152,100678,1
0,-80,0,0,304172,100684,0
0,0,0,0,304173,100684,1
0.47100928,0,0,0,304174,100684,2
1.0093056,0,0,0,304175,100684,3
2.236,-80,0,0,304176,100684,4
0,0,0,0,304180,100693,0
7.1510005,20.585777,0,0,304181,100693,1
0,0,0,0,304182,100689,0
7.1510005,20.585777,0,0,304183,100689,1
0,-80,0,0,304184,100694,0
0.75,-3,0,0,304185,100694,1
1,0,0,0,304186,100694,2
0,-80,0,0,304187,100695,0
0.75,-3,0,0,304188,100695,1
1,0,0,0,304189,100695,2
0,0,0,0,304192,100696,0
4.973,0,0,0,304193,100696,1
0,0,0,0,304194,100698,0
4.973,0,0,0,304195,100698,1
0,0,0,0,304226,100708,0
2.7440002,-10.945607,0,0,304227,100708,1
0,0,0,0,304230,100713,0
1.065,0,0,0,304231,100713,1
0,0,0,0,304232,100712,0
1.065,0,0,0,304233,100712,1
0,0,0,0,304238,100715,0
1,-4,0,0,304239,100715,1
0,9.9414215,0,0,304240,100716,0
0.2835648,0.10041809,0,0,304241,100716,1
2.5,0,0,0,304242,100716,2
0,0,0,0,304327,100738,0
0.33333334,0.33333334,0,0,304328,100738,1
0.6666666,0.6666666,0,0,304329,100738,2
1,1,0,0,304330,100738,3
0,0,0,0,304331,100739,0
1,1,0,0,304332,100739,1
0,0,0,0,304333,100740,0
1,1,0,0,304334,100740,1
0,0,0,0,304448,100782,0
1,1,0,0,304449,100782,1
0,0,0,0,304450,100783,0
1,1,0,0,304451,100783,1
0,0,0,0,304452,100784,0
1,1,0,0,304453,100784,1
0,0,0,0,304454,100785,0
1,1,0,0,304455,100785,1
0,0,0,0,304456,100786,0
1,1,0,0,304457,100786,1
0,0,0,0,304458,100787,0
1,1,0,0,304459,100787,1
0,0,0,0,304460,100788,0
1,1,0,0,304461,100788,1
0,0,0,0,304462,100789,0
1,1,0,0,304463,100789,1
0,0,0,0,304464,100790,0
1,1,0,0,304465,100790,1
0,0,0,0,304466,100791,0
1,1,0,0,304467,100791,1
0,0,0,0,304468,100792,0
1,1,0,0,304469,100792,1
0,0,0,0,304470,100793,0
1,1,0,0,304471,100793,1
0,0,0,0,304472,100794,0
1,1,0,0,304473,100794,1
0,0,0,0,304474,100795,0
1,1,0,0,304475,100795,1
0,0,0,0,304476,100796,0
1,1,0,0,304477,100796,1
0,0,0,0,304478,100797,0
1,1,0,0,304479,100797,1
0,0,0,0,304480,100798,0
1,1,0,0,304481,100798,1
0,0,0,0,304482,100799,0
1,1,0,0,304483,100799,1
0,0,0,0,304484,100800,0
1,1,0,0,304485,100800,1
0,0,0,0,304486,100801,0
1,1,0,0,304487,100801,1
0,0,0,0,304488,100802,0
1,1,0,0,304489,100802,1
0,0,0,0,304490,100803,0
1,1,0,0,304491,100803,1
0,0,0,0,304492,100804,0
1,1,0,0,304493,100804,1
0,0,0,0,304494,100805,0
1,1,0,0,304495,100805,1
0,0,0,0,304496,100806,0
1,1,0,0,304497,100806,1
0,0,0,0,304498,100807,0
1,1,0,0,304499,100807,1
0,0,0,0,304500,100808,0
1,1,0,0,304501,100808,1
0,0,0,0,304502,100809,0
1,1,0,0,304503,100809,1
0,0,0,0,304504,100810,0
1,1,0,0,304505,100810,1
0,0,0,0,304506,100811,0
1,1,0,0,304507,100811,1
0,0,0,0,304508,100812,0
1,1,0,0,304509,100812,1
0,0,0,0,304510,100813,0
1,1,0,0,304511,100813,1
0,0,0,0,304512,100814,0
1,1,0,0,304513,100814,1
0,0,0,0,304514,100815,0
1,1,0,0,304515,100815,1
0,0,0,0,304516,100816,0
1,1,0,0,304517,100816,1
0,0,0,0,304518,100817,0
1,1,0,0,304519,100817,1
1,1,0,0,304556,100831,0
2,2,0,0,304557,100831,1
3,3,0,0,304558,100831,2
4,4,0,0,304559,100831,3
5,5,0,0,304560,100831,4
1,3,0,0,304561,100832,0
2,6,0,0,304562,100832,1
3,9,0,0,304563,100832,2
4,12,0,0,304564,100832,3
5,15,0,0,304565,100832,4
1,10,0,0,304566,100833,0
2,20,0,0,304567,100833,1
3,30,0,0,304568,100833,2
4,40,0,0,304569,100833,3
5,50,0,0,304570,100833,4
1,1,0,0,304571,100834,0
2,2,0,0,304572,100834,1
3,3,0,0,304573,100834,2
4,4,0,0,304574,100834,3
5,5,0,0,304575,100834,4
1,3,0,0,304576,100835,0
2,6,0,0,304577,100835,1
3,9,0,0,304578,100835,2
4,12,0,0,304579,100835,3
5,15,0,0,304580,100835,4
1,1,0,0,304581,100836,0
2,2,0,0,304582,100836,1
3,3,0,0,304583,100836,2
4,4,0,0,304584,100836,3
5,5,0,0,304585,100836,4
1,5,0,0,304607,100842,0
2,10,0,0,304608,100842,1
3,15,0,0,304609,100842,2
0,0,0,0,304977,100960,0
1,1,0,0,304978,100960,1
0,0,0,0,304979,100961,0
1,1,0,0,304980,100961,1
0,0,0,0,304981,100962,0
1,1,0,0,304982,100962,1
0,0,0,0,304983,100963,0
1,1,0,0,304984,100963,1
0,0,0,0,304985,100964,0
1,1,0,0,304986,100964,1
0,0,0,0,304987,100965,0
1,1,0,0,304988,100965,1
0,0,0,0,304989,100966,0
1,1,0,0,304990,100966,1
0,0,0,0,304991,100967,0
1,1,0,0,304992,100967,1
0,0,0,0,304993,100968,0
1,1,0,0,304994,100968,1
0,0,0,0,304995,100969,0
1,1,0,0,304996,100969,1
0,0,0,0,304997,100970,0
1,1,0,0,304998,100970,1
0,0,0,0,304999,100971,0
1,1,0,0,305000,100971,1
0,0,0,0,305001,100972,0
1,1,0,0,305002,100972,1
0,0,0,0,305003,100973,0
1,1,0,0,305004,100973,1
0,0,0,0,305005,100974,0
1,1,0,0,305006,100974,1
0,0,0,0,305007,100975,0
1,1,0,0,305008,100975,1
0,0,0,0,305009,100976,0
1,1,0,0,305010,100976,1
0,0,0,0,305011,100977,0
1,1,0,0,305012,100977,1
0,0,0,0,305013,100978,0
1,1,0,0,305014,100978,1
0,0,0,0,305015,100979,0
1,1,0,0,305016,100979,1
0,0,0,0,305017,100980,0
1,1,0,0,305018,100980,1
0,0,0,0,305019,100981,0
1,1,0,0,305020,100981,1
0,0,0,0,305021,100982,0
1,1,0,0,305022,100982,1
0,0,0,0,305023,100983,0
1,1,0,0,305024,100983,1
0,0,0,0,305025,100984,0
1,1,0,0,305026,100984,1
0,0,0,0,305027,100985,0
1,1,0,0,305028,100985,1
0,0,0,0,305029,100986,0
1,1,0,0,305030,100986,1
0,0,0,0,305031,100987,0
1,1,0,0,305032,100987,1
0,0,0,0,305033,100988,0
1,1,0,0,305034,100988,1
0,0,0,0,305035,100989,0
1,1,0,0,305036,100989,1
0,0,0,0,305037,100990,0
1,1,0,0,305038,100990,1
0,0,0,0,305039,100991,0
1,1,0,0,305040,100991,1
0,0,0,0,305041,100992,0
1,1,0,0,305042,100992,1
0,0,0,0,305043,100993,0
1,1,0,0,305044,100993,1
0,0,0,0,305045,100994,0
1,1,0,0,305046,100994,1
0,0,0,0,305047,100995,0
1,1,0,0,305048,100995,1
0,0,0,0,305069,101000,0
1,1,0,0,305070,101000,1
0,0,0,0,305071,101001,0
1,1,0,0,305072,101001,1
0,0,0,0,305073,101002,0
1,1,0,0,305074,101002,1
0,0,0,0,305075,101003,0
1,1,0,0,305076,101003,1
0,0,0,0,305077,101004,0
1,1,0,0,305078,101004,1
0,0,0,0,305079,101005,0
1,1,0,0,305080,101005,1
0,0,0,0,305081,101006,0
1,1,0,0,305082,101006,1
0,0,0,0,305083,101007,0
1,1,0,0,305084,101007,1
0,0,0,0,305085,101008,0
1,1,0,0,305086,101008,1
0,0,0,0,305087,101009,0
1,1,0,0,305088,101009,1
0,0,0,0,305089,101010,0
1,1,0,0,305090,101010,1
0,0,0,0,305091,101011,0
1,1,0,0,305092,101011,1
0,0,0,0,305093,101012,0
1,1,0,0,305094,101012,1
0,0,0,0,305095,101013,0
1,1,0,0,305096,101013,1
0,0,0,0,305097,101014,0
1,1,0,0,305098,101014,1
0,0,0,0,305099,101015,0
1,1,0,0,305100,101015,1
0,0,0,0,305101,101016,0
1,1,0,0,305102,101016,1
0,0,0,0,305103,101017,0
1,1,0,0,305104,101017,1
0,0,0,0,305105,101018,0
1,1,0,0,305106,101018,1
0,0,0,0,305107,101019,0
1,1,0,0,305108,101019,1
0,0,0,0,305109,101020,0
1,1,0,0,305110,101020,1
0,0,0,0,305111,101021,0
1,1,0,0,305112,101021,1
0,0,0,0,305113,101022,0
1,1,0,0,305114,101022,1
0,0,0,0,305115,101023,0
1,1,0,0,305116,101023,1
0,0,0,0,305117,101024,0
1,1,0,0,305118,101024,1
0,0,0,0,305119,101025,0
1,1,0,0,305120,101025,1
0,0,0,0,305121,101026,0
1,1,0,0,305122,101026,1
0,0,0,0,305123,101027,0
1,1,0,0,305124,101027,1
0,0,0,0,305125,101028,0
1,1,0,0,305126,101028,1
0,0,0,0,305127,101029,0
1,1,0,0,305128,101029,1
0,0,0,0,305129,101030,0
1,1,0,0,305130,101030,1
0,0,0,0,305131,101031,0
1,1,0,0,305132,101031,1
0,0,0,0,305133,101032,0
1,1,0,0,305134,101032,1
0,0,0,0,305135,101033,0
1,1,0,0,305136,101033,1
0,0,0,0,305137,101034,0
1,1,0,0,305138,101034,1
0,0,0,0,305139,101035,0
1,1,0,0,305140,101035,1
0,0,0,0,305268,101069,0
1,1,0,0,305269,101069,1
0,0,0,0,305270,101070,0
1,1,0,0,305271,101070,1
0,0,0,0,305272,101071,0
1,1,0,0,305273,101071,1
0,0,0,0,305274,101072,0
1,1,0,0,305275,101072,1
0,0,0,0,305276,101073,0
1,1,0,0,305277,101073,1
0,0,0,0,305278,101074,0
1,1,0,0,305279,101074,1
0,0,0,0,305280,101075,0
1,1,0,0,305281,101075,1
0,0,0,0,305282,101076,0
1,1,0,0,305283,101076,1
0,0,0,0,305284,101077,0
1,1,0,0,305285,101077,1
0,0,0,0,305286,101078,0
1,1,0,0,305287,101078,1
0,0,0,0,305288,101079,0
1,1,0,0,305289,101079,1
0,0,0,0,305290,101080,0
1,1,0,0,305291,101080,1
0,0,0,0,305292,101081,0
1,1,0,0,305293,101081,1
0,0,0,0,305294,101082,0
1,1,0,0,305295,101082,1
0,0,0,0,305296,101083,0
1,1,0,0,305297,101083,1
0,0,0,0,305298,101084,0
1,1,0,0,305299,101084,1
0,0,0,0,305300,101085,0
1,1,0,0,305301,101085,1
0,0,0,0,305302,101086,0
1,1,0,0,305303,101086,1
0,0,0,0,305304,101087,0
1,1,0,0,305305,101087,1
0,0,0,0,305306,101088,0
1,1,0,0,305307,101088,1
0,0,0,0,305308,101089,0
1,1,0,0,305309,101089,1
0,0,0,0,305310,101090,0
1,1,0,0,305311,101090,1
0,0,0,0,305312,101091,0
1,1,0,0,305313,101091,1
0,0,0,0,305314,101092,0
1,1,0,0,305315,101092,1
0,0,0,0,305316,101093,0
1,1,0,0,305317,101093,1
0,0,0,0,305318,101094,0
1,1,0,0,305319,101094,1
0,0,0,0,305320,101095,0
1,1,0,0,305321,101095,1
0,0,0,0,305322,101096,0
1,1,0,0,305323,101096,1
0,0,0,0,305324,101097,0
1,1,0,0,305325,101097,1
0,0,0,0,305326,101098,0
1,1,0,0,305327,101098,1
0,0,0,0,305328,101099,0
1,1,0,0,305329,101099,1
0,0,0,0,305330,101100,0
1,1,0,0,305331,101100,1
0,0,0,0,305332,101101,0
1,1,0,0,305333,101101,1
0,0,0,0,305334,101102,0
1,1,0,0,305335,101102,1
0,0,0,0,305336,101103,0
1,1,0,0,305337,101103,1
0,0,0,0,305338,101104,0
1,1,0,0,305339,101104,1
0,0,0,0,305356,101112,0
1,1,0,0,305357,101112,1
0,0,0,0,305358,101113,0
1,1,0,0,305359,101113,1
0,0,0,0,305360,101114,0
1,1,0,0,305361,101114,1
0,0,0,0,305566,101182,0
1,1,0,0,305567,101182,1
0,0,0,0,305568,101183,0
1,1,0,0,305569,101183,1
0,0,0,0,305570,101184,0
1,1,0,0,305571,101184,1
0,0,0,0,305572,101185,0
1,1,0,0,305573,101185,1
0,0,0,0,305574,101186,0
1,1,0,0,305575,101186,1
0,0,0,0,305576,101187,0
1,1,0,0,305577,101187,1
0,0,0,0,305578,101188,0
1,1,0,0,305579,101188,1
0,0,0,0,305580,101189,0
1,1,0,0,305581,101189,1
0,0,0,0,305582,101190,0
1,1,0,0,305583,101190,1
0,0,0,0,305584,101191,0
1,1,0,0,305585,101191,1
0,0,0,0,305586,101192,0
1,1,0,0,305587,101192,1
0,0,0,0,305588,101193,0
1,1,0,0,305589,101193,1
0,0,0,0,305590,101194,0
1,1,0,0,305591,101194,1
0,0,0,0,305592,101195,0
1,1,0,0,305593,101195,1
0,0,0,0,305594,101196,0
1,1,0,0,305595,101196,1
0,0,0,0,305596,101197,0
1,1,0,0,305597,101197,1
0,0,0,0,305598,101198,0
1,1,0,0,305599,101198,1
0,0,0,0,305600,101199,0
1,1,0,0,305601,101199,1
0,0,0,0,305602,101200,0
1,1,0,0,305603,101200,1
0,0,0,0,305604,101201,0
1,1,0,0,305605,101201,1
0,0,0,0,305606,101202,0
1,1,0,0,305607,101202,1
0,0,0,0,305608,101203,0
1,1,0,0,305609,101203,1
0,0,0,0,305610,101204,0
1,1,0,0,305611,101204,1
0,0,0,0,305612,101205,0
1,1,0,0,305613,101205,1
0,0,0,0,305614,101206,0
1,1,0,0,305615,101206,1
0,0,0,0,305616,101207,0
1,1,0,0,305617,101207,1
0,0,0,0,305618,101208,0
1,1,0,0,305619,101208,1
0,0,0,0,305620,101209,0
1,1,0,0,305621,101209,1
0,0,0,0,305622,101210,0
1,1,0,0,305623,101210,1
0,0,0,0,305624,101211,0
1,1,0,0,305625,101211,1
0,0,0,0,305626,101212,0
1,1,0,0,305627,101212,1
0,0,0,0,305628,101213,0
1,1,0,0,305629,101213,1
0,0,0,0,305630,101214,0
1,1,0,0,305631,101214,1
0,0,0,0,305632,101215,0
1,1,0,0,305633,101215,1
0,0,0,0,305634,101216,0
1,1,0,0,305635,101216,1
0,0,0,0,305636,101217,0
1,1,0,0,305637,101217,1
0,1,0,0,305703,101226,0
1,1,0,0,305704,101226,1
0,1,0,0,305977,101295,0
1,1,0,0,305978,101295,1
0,-80,0,0,306117,101336,0
0,0,0,0,306118,101336,1
0.5028195,0,0,0,306119,101336,2
2.1707084,-80,0,0,306120,101336,3
5.2980003,-80,0,0,306121,101336,4
0,-80,0,0,306122,101337,0
0,0,0,0,306123,101337,1
0.71500003,0,0,0,306124,101337,2
2.3303704,-80,0,0,306125,101337,3
2.8600001,-80,0,0,306126,101337,4
0,0,0,0,306127,101338,0
1,1,0,0,306128,101338,1
0,0,0,0,306129,101339,0
1,1,0,0,306130,101339,1
0,0,0,0,306131,101340,0
1,1,0,0,306132,101340,1
0,0,0,0,306133,101341,0
1,1,0,0,306134,101341,1
0,0,0,0,306135,101342,0
1,1,0,0,306136,101342,1
0,0,0,0,306137,101343,0
1,1,0,0,306138,101343,1
0,0,0,0,306139,101344,0
1,1,0,0,306140,101344,1
0,0,0,0,306141,101345,0
1,1,0,0,306142,101345,1
0,0,0,0,306143,101346,0
1,1,0,0,306144,101346,1
0,0,0,0,306145,101347,0
1,1,0,0,306146,101347,1
0,0,0,0,306147,101348,0
1,1,0,0,306148,101348,1
0,0,0,0,306149,101349,0
1,1,0,0,306150,101349,1
0,0,0,0,306151,101350,0
1,1,0,0,306152,101350,1
0,0,0,0,306153,101351,0
1,1,0,0,306154,101351,1
0,0,0,0,306155,101352,0
1,1,0,0,306156,101352,1
0,0,0,0,306157,101353,0
1,1,0,0,306158,101353,1
0,0,0,0,306159,101354,0
1,1,0,0,306160,101354,1
0,0,0,0,306161,101355,0
1,1,0,0,306162,101355,1
0,0,0,0,306163,101356,0
1,1,0,0,306164,101356,1
0,0,0,0,306165,101357,0
1,1,0,0,306166,101357,1
0,0,0,0,306167,101358,0
1,1,0,0,306168,101358,1
0,0,0,0,306169,101359,0
1,1,0,0,306170,101359,1
0,0,0,0,306171,101360,0
1,1,0,0,306172,101360,1
0,0,0,0,306173,101361,0
1,1,0,0,306174,101361,1
0,0,0,0,306175,101362,0
1,1,0,0,306176,101362,1
0,0,0,0,306177,101363,0
1,1,0,0,306178,101363,1
0,0,0,0,306179,101364,0
1,1,0,0,306180,101364,1
0,0,0,0,306181,101365,0
1,1,0,0,306182,101365,1
0,0,0,0,306183,101366,0
1,1,0,0,306184,101366,1
0,0,0,0,306185,101367,0
1,1,0,0,306186,101367,1
0,0,0,0,306187,101368,0
1,1,0,0,306188,101368,1
0,0,0,0,306189,101369,0
1,1,0,0,306190,101369,1
0,0,0,0,306191,101370,0
1,1,0,0,306192,101370,1
0,0,0,0,306193,101371,0
1,1,0,0,306194,101371,1
0,0,0,0,306195,101372,0
1,1,0,0,306196,101372,1
0,0,0,0,306197,101373,0
1,1,0,0,306198,101373,1
0,0,0,0,306211,101378,0
1,1,0,0,306212,101378,1
0,0,0,0,306213,101379,0
1,1,0,0,306214,101379,1
0,0,0,0,306215,101380,0
1,1,0,0,306216,101380,1
0,0,0,0,306217,101381,0
1,1,0,0,306218,101381,1
0,0,0,0,306219,101382,0
1,1,0,0,306220,101382,1
0,0,0,0,306221,101383,0
1,1,0,0,306222,101383,1
0,0,0,0,306223,101384,0
1,1,0,0,306224,101384,1
0,0,0,0,306225,101385,0
1,1,0,0,306226,101385,1
0,0,0,0,306227,101386,0
1,1,0,0,306228,101386,1
0,0,0,0,306229,101387,0
1,1,0,0,306230,101387,1
0,0,0,0,306231,101388,0
1,1,0,0,306232,101388,1
0,0,0,0,306233,101389,0
1,1,0,0,306234,101389,1
0,0,0,0,306235,101390,0
1,1,0,0,306236,101390,1
0,0,0,0,306237,101391,0
1,1,0,0,306238,101391,1
0,0,0,0,306239,101392,0
1,1,0,0,306240,101392,1
0,0,0,0,306241,101393,0
1,1,0,0,306242,101393,1
0,0,0,0,306243,101394,0
1,1,0,0,306244,101394,1
0,0,0,0,306245,101395,0
1,1,0,0,306246,101395,1
0,0,0,0,306247,101396,0
1,1,0,0,306248,101396,1
0,0,0,0,306249,101397,0
1,1,0,0,306250,101397,1
0,0,0,0,306251,101398,0
1,1,0,0,306252,101398,1
0,0,0,0,306253,101399,0
1,1,0,0,306254,101399,1
0,0,0,0,306255,101400,0
1,1,0,0,306256,101400,1
0,0,0,0,306257,101401,0
1,1,0,0,306258,101401,1
0,0,0,0,306259,101402,0
1,1,0,0,306260,101402,1
0,0,0,0,306261,101403,0
1,1,0,0,306262,101403,1
0,0,0,0,306263,101404,0
1,1,0,0,306264,101404,1
0,0,0,0,306265,101405,0
1,1,0,0,306266,101405,1
0,0,0,0,306267,101406,0
1,1,0,0,306268,101406,1
0,0,0,0,306269,101407,0
1,1,0,0,306270,101407,1
0,0,0,0,306271,101408,0
1,1,0,0,306272,101408,1
0,0,0,0,306273,101409,0
1,1,0,0,306274,101409,1
0,0,0,0,306275,101410,0
1,1,0,0,306276,101410,1
0,0,0,0,306277,101411,0
1,1,0,0,306278,101411,1
0,0,0,0,306279,101412,0
1,1,0,0,306280,101412,1
0,0,0,0,306281,101413,0
1,1,0,0,306282,101413,1
0,0,0,0,306374,101454,0
3.8430002,0,0,0,306375,101454,1
0,0,0,0,306376,101469,0
3.8430002,0,0,0,306377,101469,1
0,1.1046009,0,0,306380,101470,0
3.6310003,-24,0,0,306381,101470,1
0,0,0,0,306403,101477,0
1,1,0,0,306404,101477,1
0,0,0,0,306405,101478,0
1,1,0,0,306406,101478,1
0,0,0,0,306407,101479,0
1,1,0,0,306408,101479,1
0,0,0,0,306409,101480,0
1,1,0,0,306410,101480,1
0,0,0,0,306411,101481,0
1,1,0,0,306412,101481,1
0,0,0,0,306413,101482,0
1,1,0,0,306414,101482,1
0,0,0,0,306415,101483,0
1,1,0,0,306416,101483,1
0,0,0,0,306417,101484,0
1,1,0,0,306418,101484,1
0,0,0,0,306419,101485,0
1,1,0,0,306420,101485,1
0,0,0,0,306421,101486,0
1,1,0,0,306422,101486,1
0,0,0,0,306423,101487,0
1,1,0,0,306424,101487,1
0,0,0,0,306425,101488,0
1,1,0,0,306426,101488,1
0,0,0,0,306427,101489,0
1,1,0,0,306428,101489,1
0,0,0,0,306429,101490,0
1,1,0,0,306430,101490,1
0,0,0,0,306431,101491,0
1,1,0,0,306432,101491,1
0,0,0,0,306433,101492,0
1,1,0,0,306434,101492,1
0,0,0,0,306435,101493,0
1,1,0,0,306436,101493,1
0,0,0,0,306437,101494,0
1,1,0,0,306438,101494,1
0,0,0,0,306439,101495,0
1,1,0,0,306440,101495,1
0,0,0,0,306441,101496,0
1,1,0,0,306442,101496,1
0,0,0,0,306443,101497,0
1,1,0,0,306444,101497,1
0,0,0,0,306445,101498,0
1,1,0,0,306446,101498,1
0,0,0,0,306447,101499,0
1,1,0,0,306448,101499,1
0,0,0,0,306449,101500,0
1,1,0,0,306450,101500,1
0,0,0,0,306451,101501,0
1,1,0,0,306452,101501,1
0,0,0,0,306453,101502,0
1,1,0,0,306454,101502,1
0,0,0,0,306455,101503,0
1,1,0,0,306456,101503,1
0,0,0,0,306457,101504,0
1,1,0,0,306458,101504,1
0,0,0,0,306459,101505,0
1,1,0,0,306460,101505,1
0,0,0,0,306461,101506,0
1,1,0,0,306462,101506,1
0,0,0,0,306463,101507,0
1,1,0,0,306464,101507,1
0,0,0,0,306465,101508,0
1,1,0,0,306466,101508,1
0,0,0,0,306467,101509,0
1,1,0,0,306468,101509,1
0,0,0,0,306469,101510,0
1,1,0,0,306470,101510,1
0,0,0,0,306471,101511,0
1,1,0,0,306472,101511,1
0,0,0,0,306473,101512,0
1,1,0,0,306474,101512,1
0,0,0,0,306476,101513,0
1,1,0,0,306477,101513,1
0,0,0,0,306478,101514,0
1,1,0,0,306479,101514,1
0,0,0,0,306480,101515,0
1,1,0,0,306481,101515,1
0,0,0,0,306482,101516,0
1,1,0,0,306483,101516,1
0,0,0,0,306484,101517,0
1,1,0,0,306485,101517,1
0,0,0,0,306486,101518,0
1,1,0,0,306487,101518,1
0,0,0,0,306488,101519,0
1,1,0,0,306489,101519,1
0,0,0,0,306490,101520,0
1,1,0,0,306491,101520,1
0,0,0,0,306492,101521,0
1,1,0,0,306493,101521,1
0,0,0,0,306494,101522,0
1,1,0,0,306495,101522,1
0,0,0,0,306496,101523,0
1,1,0,0,306497,101523,1
0,0,0,0,306498,101524,0
1,1,0,0,306499,101524,1
0,0,0,0,306500,101525,0
1,1,0,0,306501,101525,1
0,0,0,0,306502,101526,0
1,1,0,0,306503,101526,1
0,0,0,0,306504,101527,0
1,1,0,0,306505,101527,1
0,0,0,0,306506,101528,0
1,1,0,0,306507,101528,1
0,0,0,0,306508,101529,0
1,1,0,0,306509,101529,1
0,0,0,0,306510,101530,0
1,1,0,0,306511,101530,1
0,0,0,0,306512,101531,0
1,1,0,0,306513,101531,1
0,0,0,0,306514,101532,0
1,1,0,0,306515,101532,1
0,0,0,0,306516,101533,0
1,1,0,0,306517,101533,1
0,0,0,0,306518,101534,0
1,1,0,0,306519,101534,1
0,0,0,0,306520,101535,0
1,1,0,0,306521,101535,1
0,0,0,0,306522,101536,0
1,1,0,0,306523,101536,1
0,0,0,0,306524,101537,0
1,1,0,0,306525,101537,1
0,0,0,0,306526,101538,0
1,1,0,0,306527,101538,1
0,0,0,0,306528,101539,0
1,1,0,0,306529,101539,1
0,0,0,0,306530,101540,0
1,1,0,0,306531,101540,1
0,0,0,0,306532,101541,0
1,1,0,0,306533,101541,1
0,0,0,0,306534,101542,0
1,1,0,0,306535,101542,1
0,0,0,0,306541,101544,0
1,1,0,0,306542,101544,1
0,0,0,0,306543,101545,0
1,1,0,0,306544,101545,1
0,0,0,0,306545,101546,0
1,1,0,0,306546,101546,1
0,0,0,0,306547,101547,0
1,1,0,0,306548,101547,1
0,0,0,0,306549,101548,0
1,1,0,0,306550,101548,1
0,0,0,0,306551,101549,0
1,1,0,0,306552,101549,1
0,0,0,0,306553,101550,0
1,1,0,0,306554,101550,1
0,0,0,0,306555,101551,0
1,1,0,0,306556,101551,1
0,0,0,0,306557,101552,0
1,1,0,0,306558,101552,1
0,0,0,0,306559,101553,0
1,1,0,0,306560,101553,1
0,0,0,0,306561,101554,0
1,1,0,0,306562,101554,1
0,0,0,0,306563,101555,0
1,1,0,0,306564,101555,1
0,0,0,0,306565,101556,0
1,1,0,0,306566,101556,1
0,0,0,0,306567,101557,0
1,1,0,0,306568,101557,1
0,0,0,0,306569,101558,0
1,1,0,0,306570,101558,1
0,0,0,0,306571,101559,0
1,1,0,0,306572,101559,1
0,0,0,0,306573,101560,0
1,1,0,0,306574,101560,1
0,0,0,0,306575,101561,0
1,1,0,0,306576,101561,1
0,0,0,0,306577,101562,0
1,1,0,0,306578,101562,1
0,0,0,0,306579,101563,0
1,1,0,0,306580,101563,1
0,0,0,0,306581,101564,0
1,1,0,0,306582,101564,1
0,0,0,0,306583,101565,0
1,1,0,0,306584,101565,1
0,0,0,0,306585,101566,0
1,1,0,0,306586,101566,1
0,0,0,0,306587,101567,0
1,1,0,0,306588,101567,1
0,0,0,0,306589,101568,0
1,1,0,0,306590,101568,1
0,0,0,0,306591,101569,0
1,1,0,0,306592,101569,1
0,0,0,0,306593,101570,0
1,1,0,0,306594,101570,1
0,0,0,0,306595,101571,0
1,1,0,0,306596,101571,1
0,0,0,0,306597,101572,0
1,1,0,0,306598,101572,1
0,0,0,0,306599,101573,0
1,1,0,0,306600,101573,1
0,0,0,0,306601,101574,0
1,1,0,0,306602,101574,1
0,0,0,0,306603,101575,0
1,1,0,0,306604,101575,1
0,0,0,0,306605,101576,0
1,1,0,0,306606,101576,1
0,0,0,0,306607,101577,0
1,1,0,0,306608,101577,1
0,0,0,0,306609,101578,0
1,1,0,0,306610,101578,1
0,0,0,0,306611,101579,0
1,1,0,0,306612,101579,1
0,0,0,0,306613,101580,0
1,1,0,0,306614,101580,1
0,0,0,0,306615,101581,0
1,1,0,0,306616,101581,1
0,0,0,0,306617,101582,0
1,1,0,0,306618,101582,1
0,0,0,0,306619,101583,0
1,1,0,0,306620,101583,1
0,0,0,0,306621,101584,0
1,1,0,0,306622,101584,1
0,0,0,0,306623,101585,0
1,1,0,0,306624,101585,1
0,0,0,0,306625,101586,0
1,1,0,0,306626,101586,1
0,0,0,0,306627,101587,0
1,1,0,0,306628,101587,1
0,0,0,0,306629,101588,0
1,1,0,0,306630,101588,1
0,0,0,0,306631,101589,0
1,1,0,0,306632,101589,1
0,0,0,0,306633,101590,0
1,1,0,0,306634,101590,1
0,0,0,0,306635,101591,0
1,1,0,0,306636,101591,1
0,0,0,0,306637,101592,0
1,1,0,0,306638,101592,1
0,0,0,0,306639,101593,0
1,1,0,0,306640,101593,1
0,0,0,0,306641,101594,0
1,1,0,0,306642,101594,1
0,0,0,0,306643,101595,0
1,1,0,0,306644,101595,1
0,0,0,0,306645,101596,0
1,1,0,0,306646,101596,1
0,0,0,0,306647,101597,0
1,1,0,0,306648,101597,1
0,0,0,0,306649,101598,0
1,1,0,0,306650,101598,1
0,0,0,0,306651,101599,0
1,1,0,0,306652,101599,1
0,0,0,0,306653,101600,0
1,1,0,0,306654,101600,1
0,0,0,0,306655,101601,0
1,1,0,0,306656,101601,1
0,0,0,0,306657,101602,0
1,1,0,0,306658,101602,1
0,0,0,0,306659,101603,0
1,1,0,0,306660,101603,1
0,0,0,0,306661,101604,0
1,1,0,0,306662,101604,1
0,0,0,0,306663,101605,0
1,1,0,0,306664,101605,1
0,0,0,0,306665,101606,0
1,1,0,0,306666,101606,1
0,0,0,0,306667,101607,0
1,1,0,0,306668,101607,1
0,0,0,0,306669,101608,0
1,1,0,0,306670,101608,1
0,0,0,0,306671,101609,0
1,1,0,0,306672,101609,1
0,0,0,0,306673,101610,0
1,1,0,0,306674,101610,1
0,0,0,0,306675,101611,0
1,1,0,0,306676,101611,1
0,0,0,0,306677,101612,0
1,1,0,0,306678,101612,1
0,0,0,0,306679,101613,0
1,1,0,0,306680,101613,1
0,0,0,0,306681,101614,0
1,1,0,0,306682,101614,1
0,0,0,0,306683,101615,0
1,1,0,0,306684,101615,1
0,0,0,0,306695,101618,0
1,1,0,0,306696,101618,1
0,0,0,0,306697,101619,0
1,1,0,0,306698,101619,1
0,0,0,0,306699,101620,0
1,1,0,0,306700,101620,1
0,0,0,0,306701,101621,0
1,1,0,0,306702,101621,1
0,0,0,0,306703,101622,0
1,1,0,0,306704,101622,1
0,0,0,0,306705,101623,0
1,1,0,0,306706,101623,1
0,0,0,0,306707,101624,0
1,1,0,0,306708,101624,1
0,0,0,0,306709,101625,0
1,1,0,0,306710,101625,1
0,0,0,0,306711,101626,0
1,1,0,0,306712,101626,1
0,0,0,0,306713,101627,0
1,1,0,0,306714,101627,1
0,0,0,0,306715,101628,0
1,1,0,0,306716,101628,1
0,0,0,0,306717,101629,0
1,1,0,0,306718,101629,1
0,0,0,0,306719,101630,0
1,1,0,0,306720,101630,1
0,0,0,0,306721,101631,0
1,1,0,0,306722,101631,1
0,0,0,0,306723,101632,0
1,1,0,0,306724,101632,1
0,0,0,0,306725,101633,0
1,1,0,0,306726,101633,1
0,0,0,0,306727,101634,0
1,1,0,0,306728,101634,1
0,0,0,0,306729,101635,0
1,1,0,0,306730,101635,1
0,0,0,0,306731,101636,0
1,1,0,0,306732,101636,1
0,0,0,0,306733,101637,0
1,1,0,0,306734,101637,1
0,0,0,0,306735,101638,0
1,1,0,0,306736,101638,1
0,0,0,0,306737,101639,0
1,1,0,0,306738,101639,1
0,0,0,0,306739,101640,0
1,1,0,0,306740,101640,1
0,0,0,0,306741,101641,0
1,1,0,0,306742,101641,1
0,0,0,0,306743,101642,0
1,1,0,0,306744,101642,1
0,0,0,0,306745,101643,0
1,1,0,0,306746,101643,1
0,0,0,0,306747,101644,0
1,1,0,0,306748,101644,1
0,0,0,0,306749,101645,0
1,1,0,0,306750,101645,1
0,0,0,0,306751,101646,0
1,1,0,0,306752,101646,1
0,0,0,0,306753,101647,0
1,1,0,0,306754,101647,1
0,0,0,0,306755,101648,0
1,1,0,0,306756,101648,1
0,0,0,0,306757,101649,0
1,1,0,0,306758,101649,1
0,0,0,0,306759,101650,0
1,1,0,0,306760,101650,1
0,0,0,0,306761,101651,0
1,1,0,0,306762,101651,1
0,0,0,0,306763,101652,0
1,1,0,0,306764,101652,1
0,0,0,0,306765,101653,0
1,1,0,0,306766,101653,1
0,0,0,0,306770,101655,0
1,1,0,0,306771,101655,1
0,0,0,0,306772,101656,0
1,1,0,0,306773,101656,1
0,0,0,0,306774,101657,0
1,1,0,0,306775,101657,1
0,0,0,0,306776,101658,0
1,1,0,0,306777,101658,1
0,0,0,0,306778,101659,0
1,1,0,0,306779,101659,1
0,0,0,0,306780,101660,0
1,1,0,0,306781,101660,1
0,0,0,0,306782,101661,0
1,1,0,0,306783,101661,1
0,0,0,0,306784,101662,0
1,1,0,0,306785,101662,1
0,0,0,0,306786,101663,0
1,1,0,0,306787,101663,1
0,0,0,0,306788,101664,0
1,1,0,0,306789,101664,1
0,0,0,0,306790,101665,0
1,1,0,0,306791,101665,1
0,0,0,0,306792,101666,0
1,1,0,0,306793,101666,1
0,0,0,0,306794,101667,0
1,1,0,0,306795,101667,1
0,0,0,0,306796,101668,0
1,1,0,0,306797,101668,1
0,0,0,0,306798,101669,0
1,1,0,0,306799,101669,1
0,0,0,0,306800,101670,0
1,1,0,0,306801,101670,1
0,0,0,0,306802,101671,0
1,1,0,0,306803,101671,1
0,0,0,0,306804,101672,0
1,1,0,0,306805,101672,1
0,0,0,0,306806,101673,0
1,1,0,0,306807,101673,1
0,0,0,0,306808,101674,0
1,1,0,0,306809,101674,1
0,0,0,0,306810,101675,0
1,1,0,0,306811,101675,1
0,0,0,0,306812,101676,0
1,1,0,0,306813,101676,1
0,0,0,0,306814,101677,0
1,1,0,0,306815,101677,1
0,0,0,0,306816,101678,0
1,1,0,0,306817,101678,1
0,0,0,0,306818,101679,0
1,1,0,0,306819,101679,1
0,0,0,0,306820,101680,0
1,1,0,0,306821,101680,1
0,0,0,0,306822,101681,0
1,1,0,0,306823,101681,1
0,0,0,0,306824,101682,0
1,1,0,0,306825,101682,1
0,0,0,0,306826,101683,0
1,1,0,0,306827,101683,1
0,0,0,0,306828,101684,0
1,1,0,0,306829,101684,1
0,0,0,0,306830,101685,0
1,1,0,0,306831,101685,1
0,0,0,0,306832,101686,0
1,1,0,0,306833,101686,1
0,0,0,0,306834,101687,0
1,1,0,0,306835,101687,1
0,0,0,0,306836,101688,0
1,1,0,0,306837,101688,1
0,0,0,0,306838,101689,0
1,1,0,0,306839,101689,1
0,0,0,0,306840,101690,0
1,1,0,0,306841,101690,1
0,0,0,0,306842,101691,0
1,1,0,0,306843,101691,1
0,0,0,0,306844,101692,0
1,1,0,0,306845,101692,1
0,0,0,0,306846,101693,0
1,1,0,0,306847,101693,1
0,0,0,0,306848,101694,0
1,1,0,0,306849,101694,1
0,0,0,0,306850,101695,0
1,1,0,0,306851,101695,1
0,0,0,0,306852,101696,0
1,1,0,0,306853,101696,1
0,0,0,0,306854,101697,0
1,1,0,0,306855,101697,1
0,0,0,0,306856,101698,0
1,1,0,0,306857,101698,1
0,0,0,0,306858,101699,0
1,1,0,0,306859,101699,1
0,0,0,0,306860,101700,0
1,1,0,0,306861,101700,1
0,0,0,0,306862,101701,0
1,1,0,0,306863,101701,1
0,0,0,0,306864,101702,0
1,1,0,0,306865,101702,1
0,0,0,0,306866,101703,0
1,1,0,0,306867,101703,1
0,0,0,0,306868,101704,0
1,1,0,0,306869,101704,1
0,0,0,0,306870,101705,0
1,1,0,0,306871,101705,1
0,0,0,0,306872,101706,0
1,1,0,0,306873,101706,1
0,0,0,0,306874,101707,0
1,1,0,0,306875,101707,1
0,0,0,0,306876,101708,0
1,1,0,0,306877,101708,1
0,0,0,0,306878,101709,0
1,1,0,0,306879,101709,1
0,0,0,0,306880,101710,0
1,1,0,0,306881,101710,1
0,0,0,0,306882,101711,0
1,1,0,0,306883,101711,1
0,0,0,0,306884,101712,0
1,1,0,0,306885,101712,1
0,0,0,0,306886,101713,0
1,1,0,0,306887,101713,1
0,0,0,0,306888,101714,0
1,1,0,0,306889,101714,1
0,0,0,0,306890,101715,0
1,1,0,0,306891,101715,1
0,0,0,0,306892,101716,0
1,1,0,0,306893,101716,1
0,0,0,0,306894,101717,0
1,1,0,0,306895,101717,1
0,0,0,0,306896,101718,0
1,1,0,0,306897,101718,1
0,0,0,0,306898,101719,0
1,1,0,0,306899,101719,1
0,0,0,0,306900,101720,0
1,1,0,0,306901,101720,1
0,0,0,0,306902,101721,0
1,1,0,0,306903,101721,1
0,0,0,0,306904,101722,0
1,1,0,0,306905,101722,1
0,0,0,0,306906,101723,0
1,1,0,0,306907,101723,1
0,0,0,0,306908,101724,0
1,1,0,0,306909,101724,1
0,0,0,0,306910,101725,0
1,1,0,0,306911,101725,1
0,0,0,0,306912,101726,0
1,1,0,0,306913,101726,1
0,0,0,0,306914,101727,0
1,1,0,0,306915,101727,1
0,0,0,0,306916,101728,0
1,1,0,0,306917,101728,1
0,0,0,0,306918,101729,0
1,1,0,0,306919,101729,1
0,0,0,0,306920,101730,0
1,1,0,0,306921,101730,1
0,0,0,0,306922,101731,0
1,1,0,0,306923,101731,1
0,0,0,0,306924,101732,0
1,1,0,0,306925,101732,1
0,0,0,0,306926,101733,0
1,1,0,0,306927,101733,1
0,0,0,0,306928,101734,0
1,1,0,0,306929,101734,1
0,0,0,0,306930,101735,0
1,1,0,0,306931,101735,1
0,0,0,0,306932,101736,0
1,1,0,0,306933,101736,1
0,0,0,0,306934,101737,0
1,1,0,0,306935,101737,1
0,0,0,0,306936,101738,0
1,1,0,0,306937,101738,1
0,0,0,0,306938,101739,0
1,1,0,0,306939,101739,1
0,0,0,0,306940,101740,0
1,1,0,0,306941,101740,1
0,0,0,0,306942,101741,0
1,1,0,0,306943,101741,1
0,0,0,0,306944,101742,0
1,1,0,0,306945,101742,1
0,0,0,0,306946,101743,0
1,1,0,0,306947,101743,1
0,0,0,0,306948,101744,0
1,1,0,0,306949,101744,1
0,0,0,0,306950,101745,0
1,1,0,0,306951,101745,1
0,0,0,0,306952,101746,0
1,1,0,0,306953,101746,1
0,0,0,0,306954,101747,0
1,1,0,0,306955,101747,1
0,0,0,0,306956,101748,0
1,1,0,0,306957,101748,1
0,0,0,0,306958,101749,0
1,1,0,0,306959,101749,1
0,0,0,0,306960,101750,0
1,1,0,0,306961,101750,1
0,0,0,0,306962,101751,0
1,1,0,0,306963,101751,1
0,0,0,0,306964,101752,0
1,1,0,0,306965,101752,1
0,0,0,0,306966,101753,0
1,1,0,0,306967,101753,1
0,0,0,0,306968,101754,0
1,1,0,0,306969,101754,1
0,0,0,0,306970,101755,0
1,1,0,0,306971,101755,1
0,0,0,0,306972,101756,0
1,1,0,0,306973,101756,1
0,0,0,0,306974,101757,0
1,1,0,0,306975,101757,1
0,0,0,0,306976,101758,0
1,1,0,0,306977,101758,1
0,0,0,0,306978,101759,0
1,1,0,0,306979,101759,1
0,0,0,0,306980,101760,0
1,1,0,0,306981,101760,1
0,0,0,0,306982,101761,0
1,1,0,0,306983,101761,1
0,0,0,0,306984,101762,0
1,1,0,0,306985,101762,1
0,0,0,0,306986,101763,0
1,1,0,0,306987,101763,1
0,0,0,0,306988,101764,0
1,1,0,0,306989,101764,1
0,0,0,0,306990,101765,0
1,1,0,0,306991,101765,1
0,0,0,0,306992,101766,0
1,1,0,0,306993,101766,1
0,0,0,0,306994,101767,0
1,1,0,0,306995,101767,1
0,0,0,0,306996,101768,0
1,1,0,0,306997,101768,1
0,0,0,0,306998,101769,0
1,1,0,0,306999,101769,1
0,0,0,0,307000,101770,0
1,1,0,0,307001,101770,1
0,0,0,0,307002,101771,0
1,1,0,0,307003,101771,1
0,0,0,0,307004,101772,0
1,1,0,0,307005,101772,1
0,0,0,0,307006,101773,0
1,1,0,0,307007,101773,1
0,0,0,0,307008,101774,0
1,1,0,0,307009,101774,1
0,0,0,0,307010,101775,0
1,1,0,0,307011,101775,1
0,0,0,0,307012,101776,0
1,1,0,0,307013,101776,1
0,0,0,0,307014,101777,0
1,1,0,0,307015,101777,1
0,0,0,0,307016,101778,0
1,1,0,0,307017,101778,1
0,0,0,0,307018,101779,0
1,1,0,0,307019,101779,1
0,0,0,0,307020,101780,0
1,1,0,0,307021,101780,1
0,0,0,0,307022,101781,0
1,1,0,0,307023,101781,1
0,0,0,0,307024,101782,0
1,1,0,0,307025,101782,1
0,0,0,0,307026,101783,0
1,1,0,0,307027,101783,1
0,0,0,0,307028,101784,0
1,1,0,0,307029,101784,1
0,0,0,0,307030,101785,0
1,1,0,0,307031,101785,1
0,0,0,0,307032,101786,0
1,1,0,0,307033,101786,1
0,0,0,0,307034,101787,0
1,1,0,0,307035,101787,1
0,0,0,0,307036,101788,0
1,1,0,0,307037,101788,1
0,0,0,0,307038,101789,0
1,1,0,0,307039,101789,1
0,0,0,0,307040,101790,0
1,1,0,0,307041,101790,1
0,0,0,0,307042,101791,0
1,1,0,0,307043,101791,1
0,0,0,0,307044,101792,0
1,1,0,0,307045,101792,1
0,0,0,0,307046,101793,0
1,1,0,0,307047,101793,1
0,0,0,0,307048,101794,0
1,1,0,0,307049,101794,1
0,0,0,0,307050,101795,0
1,1,0,0,307051,101795,1
0,0,0,0,307052,101796,0
1,1,0,0,307053,101796,1
0,0,0,0,307054,101797,0
1,1,0,0,307055,101797,1
0,0,0,0,307056,101798,0
1,1,0,0,307057,101798,1
0,0,0,0,307058,101799,0
1,1,0,0,307059,101799,1
0,0,0,0,307060,101800,0
1,1,0,0,307061,101800,1
0,0,0,0,307062,101801,0
1,1,0,0,307063,101801,1
0,0,0,0,307064,101802,0
1,1,0,0,307065,101802,1
0,0,0,0,307066,101803,0
1,1,0,0,307067,101803,1
0,0,0,0,307068,101804,0
1,1,0,0,307069,101804,1
0,0,0,0,307070,101805,0
1,1,0,0,307071,101805,1
0,0,0,0,307072,101806,0
1,1,0,0,307073,101806,1
0,0,0,0,307074,101807,0
1,1,0,0,307075,101807,1
0,0,0,0,307076,101808,0
1,1,0,0,307077,101808,1
0,0,0,0,307078,101809,0
1,1,0,0,307079,101809,1
0,0,0,0,307080,101810,0
1,1,0,0,307081,101810,1
0,0,0,0,307082,101811,0
1,1,0,0,307083,101811,1
0,0,0,0,307084,101812,0
1,1,0,0,307085,101812,1
0,0,0,0,307086,101813,0
1,1,0,0,307087,101813,1
0,0,0,0,307088,101814,0
1,1,0,0,307089,101814,1
0,0,0,0,307090,101815,0
1,1,0,0,307091,101815,1
0,0,0,0,307092,101816,0
1,1,0,0,307093,101816,1
0,0,0,0,307094,101817,0
1,1,0,0,307095,101817,1
0,0,0,0,307096,101818,0
1,1,0,0,307097,101818,1
0,0,0,0,307098,101819,0
1,1,0,0,307099,101819,1
0,0,0,0,307100,101820,0
1,1,0,0,307101,101820,1
0,0,0,0,307102,101821,0
1,1,0,0,307103,101821,1
0,0,0,0,307104,101822,0
1,1,0,0,307105,101822,1
0,0,0,0,307106,101823,0
1,1,0,0,307107,101823,1
0,0,0,0,307108,101824,0
1,1,0,0,307109,101824,1
0,0,0,0,307110,101825,0
1,1,0,0,307111,101825,1
0,0,0,0,307112,101826,0
1,1,0,0,307113,101826,1
0,0,0,0,307114,101827,0
1,1,0,0,307115,101827,1
0,0,0,0,307116,101828,0
1,1,0,0,307117,101828,1
0,0,0,0,307118,101829,0
1,1,0,0,307119,101829,1
0,0,0,0,307120,101830,0
1,1,0,0,307121,101830,1
0,0,0,0,307122,101831,0
1,1,0,0,307123,101831,1
0,0,0,0,307124,101832,0
1,1,0,0,307125,101832,1
0,0,0,0,307126,101833,0
1,1,0,0,307127,101833,1
0,0,0,0,307128,101834,0
1,1,0,0,307129,101834,1
0,0,0,0,307130,101835,0
1,1,0,0,307131,101835,1
0,0,0,0,307132,101836,0
1,1,0,0,307133,101836,1
0,0,0,0,307134,101837,0
1,1,0,0,307135,101837,1
0,0,0,0,307136,101838,0
1,1,0,0,307137,101838,1
0,0,0,0,307138,101839,0
1,1,0,0,307139,101839,1
0,0,0,0,307140,101840,0
1,1,0,0,307141,101840,1
0,0,0,0,307142,101841,0
1,1,0,0,307143,101841,1
0,0,0,0,307144,101842,0
1,1,0,0,307145,101842,1
0,0,0,0,307146,101843,0
1,1,0,0,307147,101843,1
0,0,0,0,307148,101844,0
1,1,0,0,307149,101844,1
0,0,0,0,307150,101845,0
1,1,0,0,307151,101845,1
0,0,0,0,307152,101846,0
1,1,0,0,307153,101846,1
0,0,0,0,307154,101847,0
1,1,0,0,307155,101847,1
0,0,0,0,307156,101848,0
1,1,0,0,307157,101848,1
0,0,0,0,307158,101849,0
1,1,0,0,307159,101849,1
0,0,0,0,307160,101850,0
1,1,0,0,307161,101850,1
0,0,0,0,307162,101851,0
1,1,0,0,307163,101851,1
0,0,0,0,307164,101852,0
1,1,0,0,307165,101852,1
0,0,0,0,307166,101853,0
1,1,0,0,307167,101853,1
0,0,0,0,307168,101854,0
1,1,0,0,307169,101854,1
0,0,0,0,307170,101855,0
1,1,0,0,307171,101855,1
0,0,0,0,307172,101856,0
1,1,0,0,307173,101856,1
0,0,0,0,307174,101857,0
1,1,0,0,307175,101857,1
0,0,0,0,307176,101858,0
1,1,0,0,307177,101858,1
0,0,0,0,307178,101859,0
1,1,0,0,307179,101859,1
0,0,0,0,307180,101860,0
1,1,0,0,307181,101860,1
0,0,0,0,307182,101861,0
1,1,0,0,307183,101861,1
0,0,0,0,307184,101862,0
1,1,0,0,307185,101862,1
0,0,0,0,307186,101863,0
1,1,0,0,307187,101863,1
0,0,0,0,307188,101864,0
1,1,0,0,307189,101864,1
0,0,0,0,307190,101865,0
1,1,0,0,307191,101865,1
0,0,0,0,307192,101866,0
1,1,0,0,307193,101866,1
0,0,0,0,307194,101867,0
1,1,0,0,307195,101867,1
0,0,0,0,307196,101868,0
1,1,0,0,307197,101868,1
0,0,0,0,307198,101869,0
1,1,0,0,307199,101869,1
0,0,0,0,307200,101870,0
1,1,0,0,307201,101870,1
0,0,0,0,307202,101871,0
1,1,0,0,307203,101871,1
0,0,0,0,307204,101872,0
1,1,0,0,307205,101872,1
0,0,0,0,307206,101873,0
1,1,0,0,307207,101873,1
0,0,0,0,307208,101874,0
1,1,0,0,307209,101874,1
0,0,0,0,307210,101875,0
1,1,0,0,307211,101875,1
0,0,0,0,307212,101876,0
1,1,0,0,307213,101876,1
0,0,0,0,307214,101877,0
1,1,0,0,307215,101877,1
0,0,0,0,307216,101878,0
1,1,0,0,307217,101878,1
0,0,0,0,307218,101879,0
1,1,0,0,307219,101879,1
0,0,0,0,307220,101880,0
1,1,0,0,307221,101880,1
0,0,0,0,307222,101881,0
1,1,0,0,307223,101881,1
0,0,0,0,307224,101882,0
1,1,0,0,307225,101882,1
0,0,0,0,307226,101883,0
1,1,0,0,307227,101883,1
0,0,0,0,307228,101884,0
1,1,0,0,307229,101884,1
0,0,0,0,307230,101885,0
1,1,0,0,307231,101885,1
0,0,0,0,307232,101886,0
1,1,0,0,307233,101886,1
0,0,0,0,307234,101887,0
1,1,0,0,307235,101887,1
0,0,0,0,307236,101888,0
1,1,0,0,307237,101888,1
0,0,0,0,307238,101889,0
1,1,0,0,307239,101889,1
0,0,0,0,307240,101890,0
1,1,0,0,307241,101890,1
0,0,0,0,307242,101891,0
1,1,0,0,307243,101891,1
0,0,0,0,307244,101892,0
1,1,0,0,307245,101892,1
0,0,0,0,307246,101893,0
1,1,0,0,307247,101893,1
0,0,0,0,307248,101894,0
1,1,0,0,307249,101894,1
0,0,0,0,307250,101895,0
1,1,0,0,307251,101895,1
0,0,0,0,307252,101896,0
1,1,0,0,307253,101896,1
0,0,0,0,307254,101897,0
1,1,0,0,307255,101897,1
0,0,0,0,307256,101898,0
1,1,0,0,307257,101898,1
0,0,0,0,307258,101899,0
1,1,0,0,307259,101899,1
0,0,0,0,307260,101900,0
1,1,0,0,307261,101900,1
0,0,0,0,307262,101901,0
1,1,0,0,307263,101901,1
0,0,0,0,307264,101902,0
1,1,0,0,307265,101902,1
0,0,0,0,307266,101903,0
1,1,0,0,307267,101903,1
0,0,0,0,307268,101904,0
1,1,0,0,307269,101904,1
0,0,0,0,307270,101905,0
1,1,0,0,307271,101905,1
0,0,0,0,307272,101906,0
1,1,0,0,307273,101906,1
0,0,0,0,307274,101907,0
1,1,0,0,307275,101907,1
0,0,0,0,307276,101908,0
1,1,0,0,307277,101908,1
0,0,0,0,307278,101909,0
1,1,0,0,307279,101909,1
0,0,0,0,307280,101910,0
1,1,0,0,307281,101910,1
0,0,0,0,307282,101911,0
1,1,0,0,307283,101911,1
0,0,0,0,307284,101912,0
1,1,0,0,307285,101912,1
0,0,0,0,307286,101913,0
1,1,0,0,307287,101913,1
0,0,0,0,307288,101914,0
1,1,0,0,307289,101914,1
0,0,0,0,307290,101915,0
1,1,0,0,307291,101915,1
0,0,0,0,307292,101916,0
1,1,0,0,307293,101916,1
0,0,0,0,307294,101917,0
1,1,0,0,307295,101917,1
0,0,0,0,307296,101918,0
1,1,0,0,307297,101918,1
0,0,0,0,307298,101919,0
1,1,0,0,307299,101919,1
0,0,0,0,307300,101920,0
1,1,0,0,307301,101920,1
0,0,0,0,307302,101921,0
1,1,0,0,307303,101921,1
0,0,0,0,307304,101922,0
1,1,0,0,307305,101922,1
0,0,0,0,307306,101923,0
1,1,0,0,307307,101923,1
0,0,0,0,307308,101924,0
1,1,0,0,307309,101924,1
0,0,0,0,307310,101925,0
1,1,0,0,307311,101925,1
0,0,0,0,307312,101926,0
1,1,0,0,307313,101926,1
0,0,0,0,307314,101927,0
1,1,0,0,307315,101927,1
0,0,0,0,307316,101928,0
1,1,0,0,307317,101928,1
0,0,0,0,307318,101929,0
1,1,0,0,307319,101929,1
0,0,0,0,307320,101930,0
1,1,0,0,307321,101930,1
0,0,0,0,307322,101931,0
1,1,0,0,307323,101931,1
0,0,0,0,307324,101932,0
1,1,0,0,307325,101932,1
0,0,0,0,307326,101933,0
1,1,0,0,307327,101933,1
0,0,0,0,307328,101934,0
1,1,0,0,307329,101934,1
0,0,0,0,307330,101935,0
1,1,0,0,307331,101935,1
0,0,0,0,307332,101936,0
1,1,0,0,307333,101936,1
0,0,0,0,307334,101937,0
1,1,0,0,307335,101937,1
0,0,0,0,307336,101938,0
1,1,0,0,307337,101938,1
0,0,0,0,307338,101939,0
1,1,0,0,307339,101939,1
0,0,0,0,307340,101940,0
1,1,0,0,307341,101940,1
0,0,0,0,307342,101941,0
1,1,0,0,307343,101941,1
0,0,0,0,307344,101942,0
1,1,0,0,307345,101942,1
0,0,0,0,307346,101943,0
1,1,0,0,307347,101943,1
0,0,0,0,307348,101944,0
1,1,0,0,307349,101944,1
0,0,0,0,307350,101945,0
1,1,0,0,307351,101945,1
0,0,0,0,307352,101946,0
1,1,0,0,307353,101946,1
0,0,0,0,307354,101947,0
1,1,0,0,307355,101947,1
0,0,0,0,307356,101948,0
1,1,0,0,307357,101948,1
0,0,0,0,307358,101949,0
1,1,0,0,307359,101949,1
0,0,0,0,307360,101950,0
1,1,0,0,307361,101950,1
0,0,0,0,307362,101951,0
1,1,0,0,307363,101951,1
0,0,0,0,307364,101952,0
1,1,0,0,307365,101952,1
0,0,0,0,307366,101953,0
1,1,0,0,307367,101953,1
0,0,0,0,307368,101954,0
1,1,0,0,307369,101954,1
0,0,0,0,307370,101955,0
1,1,0,0,307371,101955,1
0,0,0,0,307372,101956,0
1,1,0,0,307373,101956,1
0,0,0,0,307374,101957,0
1,1,0,0,307375,101957,1
0,0,0,0,307376,101958,0
1,1,0,0,307377,101958,1
0,0,0,0,307378,101959,0
1,1,0,0,307379,101959,1
0,0,0,0,307380,101960,0
1,1,0,0,307381,101960,1
0,0,0,0,307382,101961,0
1,1,0,0,307383,101961,1
0,0,0,0,307384,101962,0
1,1,0,0,307385,101962,1
0,0,0,0,307386,101963,0
1,1,0,0,307387,101963,1
0,0,0,0,307388,101964,0
1,1,0,0,307389,101964,1
0,0,0,0,307390,101965,0
1,1,0,0,307391,101965,1
0,0,0,0,307392,101966,0
1,1,0,0,307393,101966,1
0,0,0,0,307394,101967,0
1,1,0,0,307395,101967,1
0,0,0,0,307396,101968,0
1,1,0,0,307397,101968,1
0,0,0,0,307398,101969,0
1,1,0,0,307399,101969,1
0,0,0,0,307400,101970,0
1,1,0,0,307401,101970,1
0,0,0,0,307402,101971,0
1,1,0,0,307403,101971,1
0,0,0,0,307404,101972,0
1,1,0,0,307405,101972,1
0,0,0,0,307406,101973,0
1,1,0,0,307407,101973,1
0,0,0,0,307408,101974,0
1,1,0,0,307409,101974,1
0,0,0,0,307410,101975,0
1,1,0,0,307411,101975,1
0,0,0,0,307412,101976,0
1,1,0,0,307413,101976,1
0,0,0,0,307414,101977,0
1,1,0,0,307415,101977,1
0,0,0,0,307416,101978,0
1,1,0,0,307417,101978,1
0,0,0,0,307418,101979,0
1,1,0,0,307419,101979,1
0,0,0,0,307420,101980,0
1,1,0,0,307421,101980,1
0,0,0,0,307422,101981,0
1,1,0,0,307423,101981,1
0,0,0,0,307424,101982,0
1,1,0,0,307425,101982,1
0,0,0,0,307426,101983,0
1,1,0,0,307427,101983,1
0,0,0,0,307428,101984,0
1,1,0,0,307429,101984,1
0,0,0,0,307430,101985,0
1,1,0,0,307431,101985,1
0,0,0,0,307432,101986,0
1,1,0,0,307433,101986,1
0,0,0,0,307434,101987,0
1,1,0,0,307435,101987,1
0,0,0,0,307436,101988,0
1,1,0,0,307437,101988,1
0,0,0,0,307438,101989,0
1,1,0,0,307439,101989,1
0,0,0,0,307440,101990,0
1,1,0,0,307441,101990,1
0,0,0,0,307442,101991,0
1,1,0,0,307443,101991,1
0,0,0,0,307444,101992,0
1,1,0,0,307445,101992,1
0,0,0,0,307446,101993,0
1,1,0,0,307447,101993,1
0,0,0,0,307448,101994,0
1,1,0,0,307449,101994,1
0,0,0,0,307450,101995,0
1,1,0,0,307451,101995,1
0,0,0,0,307452,101996,0
1,1,0,0,307453,101996,1
0,0,0,0,307454,101997,0
1,1,0,0,307455,101997,1
0,0,0,0,307456,101998,0
1,1,0,0,307457,101998,1
0,0,0,0,307458,101999,0
1,1,0,0,307459,101999,1
0,0,0,0,307460,102000,0
1,1,0,0,307461,102000,1
0,0,0,0,307462,102001,0
1,1,0,0,307463,102001,1
0,0,0,0,307464,102002,0
1,1,0,0,307465,102002,1
0,0,0,0,307466,102003,0
1,1,0,0,307467,102003,1
0,0,0,0,307468,102004,0
1,1,0,0,307469,102004,1
0,0,0,0,307470,102005,0
1,1,0,0,307471,102005,1
0,0,0,0,307472,102006,0
1,1,0,0,307473,102006,1
0,0,0,0,307474,102007,0
1,1,0,0,307475,102007,1
0,0,0,0,307476,102008,0
1,1,0,0,307477,102008,1
0,0,0,0,307478,102009,0
1,1,0,0,307479,102009,1
0,0,0,0,307480,102010,0
1,1,0,0,307481,102010,1
0,0,0,0,307482,102011,0
1,1,0,0,307483,102011,1
0,0,0,0,307484,102012,0
1,1,0,0,307485,102012,1
0,0,0,0,307486,102013,0
1,1,0,0,307487,102013,1
0,0,0,0,307488,102014,0
1,1,0,0,307489,102014,1
0,0,0,0,307490,102015,0
1,1,0,0,307491,102015,1
0,0,0,0,307492,102016,0
1,1,0,0,307493,102016,1
0,0,0,0,307494,102017,0
1,1,0,0,307495,102017,1
0,0,0,0,307496,102018,0
1,1,0,0,307497,102018,1
0,0,0,0,307498,102019,0
1,1,0,0,307499,102019,1
0,0,0,0,307500,102020,0
1,1,0,0,307501,102020,1
0,0,0,0,307502,102021,0
1,1,0,0,307503,102021,1
0,0,0,0,307504,102022,0
1,1,0,0,307505,102022,1
0,0,0,0,307506,102023,0
1,1,0,0,307507,102023,1
0,0,0,0,307508,102024,0
1,1,0,0,307509,102024,1
0,0,0,0,307510,102025,0
1,1,0,0,307511,102025,1
0,0,0,0,307512,102026,0
1,1,0,0,307513,102026,1
0,0,0,0,307514,102027,0
1,1,0,0,307515,102027,1
0,0,0,0,307516,102028,0
1,1,0,0,307517,102028,1
0,0,0,0,307518,102029,0
1,1,0,0,307519,102029,1
0,0,0,0,307520,102030,0
1,1,0,0,307521,102030,1
0,0,0,0,307522,102031,0
1,1,0,0,307523,102031,1
0,0,0,0,307524,102032,0
1,1,0,0,307525,102032,1
0,0,0,0,307526,102033,0
1,1,0,0,307527,102033,1
0,0,0,0,307528,102034,0
1,1,0,0,307529,102034,1
0,0,0,0,307530,102035,0
1,1,0,0,307531,102035,1
0,0,0,0,307532,102036,0
1,1,0,0,307533,102036,1
0,0,0,0,307534,102037,0
1,1,0,0,307535,102037,1
0,0,0,0,307536,102038,0
1,1,0,0,307537,102038,1
0,0,0,0,307538,102039,0
1,1,0,0,307539,102039,1
0,0,0,0,307540,102040,0
1,1,0,0,307541,102040,1
0,0,0,0,307542,102041,0
1,1,0,0,307543,102041,1
0,0,0,0,307544,102042,0
1,1,0,0,307545,102042,1
0,0,0,0,307546,102043,0
1,1,0,0,307547,102043,1
0,0,0,0,307548,102044,0
1,1,0,0,307549,102044,1
0,0,0,0,307550,102045,0
1,1,0,0,307551,102045,1
0,0,0,0,307552,102046,0
1,1,0,0,307553,102046,1
0,0,0,0,307554,102047,0
1,1,0,0,307555,102047,1
0,0,0,0,307556,102048,0
1,1,0,0,307557,102048,1
0,0,0,0,307558,102049,0
1,1,0,0,307559,102049,1
0,0,0,0,307560,102050,0
1,1,0,0,307561,102050,1
0,0,0,0,307562,102051,0
1,1,0,0,307563,102051,1
0,0,0,0,307564,102052,0
1,1,0,0,307565,102052,1
0,0,0,0,307566,102053,0
1,1,0,0,307567,102053,1
0,0,0,0,307568,102054,0
1,1,0,0,307569,102054,1
0,0,0,0,307570,102055,0
1,1,0,0,307571,102055,1
0,0,0,0,307572,102056,0
1,1,0,0,307573,102056,1
0,0,0,0,307574,102057,0
1,1,0,0,307575,102057,1
0,0,0,0,307576,102058,0
1,1,0,0,307577,102058,1
0,0,0,0,307578,102059,0
1,1,0,0,307579,102059,1
0,0,0,0,307580,102060,0
1,1,0,0,307581,102060,1
0,0,0,0,307582,102061,0
1,1,0,0,307583,102061,1
0,0,0,0,307584,102062,0
1,1,0,0,307585,102062,1
0,0,0,0,307586,102063,0
1,1,0,0,307587,102063,1
0,0,0,0,307588,102064,0
1,1,0,0,307589,102064,1
0,0,0,0,307590,102065,0
1,1,0,0,307591,102065,1
0,0,0,0,307592,102066,0
1,1,0,0,307593,102066,1
0,0,0,0,307594,102067,0
1,1,0,0,307595,102067,1
0,0,0,0,307596,102068,0
1,1,0,0,307597,102068,1
0,0,0,0,307598,102069,0
1,1,0,0,307599,102069,1
0,0,0,0,307600,102070,0
1,1,0,0,307601,102070,1
0,0,0,0,307602,102071,0
1,1,0,0,307603,102071,1
0,0,0,0,307604,102072,0
1,1,0,0,307605,102072,1
0,0,0,0,307606,102073,0
1,1,0,0,307607,102073,1
0,0,0,0,307608,102074,0
1,1,0,0,307609,102074,1
0,0,0,0,307610,102075,0
1,1,0,0,307611,102075,1
0,0,0,0,307612,102076,0
1,1,0,0,307613,102076,1
0,0,0,0,307614,102077,0
1,1,0,0,307615,102077,1
0,0,0,0,307616,102078,0
1,1,0,0,307617,102078,1
0,0,0,0,307618,102079,0
1,1,0,0,307619,102079,1
0,0,0,0,307620,102080,0
1,1,0,0,307621,102080,1
0,0,0,0,307622,102081,0
1,1,0,0,307623,102081,1
0,0,0,0,307624,102082,0
1,1,0,0,307625,102082,1
0,0,0,0,307626,102083,0
1,1,0,0,307627,102083,1
0,0,0,0,307628,102084,0
1,1,0,0,307629,102084,1
0,0,0,0,307630,102085,0
1,1,0,0,307631,102085,1
0,0,0,0,307632,102086,0
1,1,0,0,307633,102086,1
0,0,0,0,307634,102087,0
1,1,0,0,307635,102087,1
0,0,0,0,307636,102088,0
1,1,0,0,307637,102088,1
0,0,0,0,307638,102089,0
1,1,0,0,307639,102089,1
0,0,0,0,307640,102090,0
1,1,0,0,307641,102090,1
0,0,0,0,307642,102091,0
1,1,0,0,307643,102091,1
0,0,0,0,307644,102092,0
1,1,0,0,307645,102092,1
0,0,0,0,307646,102093,0
1,1,0,0,307647,102093,1
0,0,0,0,307648,102094,0
1,1,0,0,307649,102094,1
0,0,0,0,307650,102095,0
1,1,0,0,307651,102095,1
0,0,0,0,307652,102096,0
1,1,0,0,307653,102096,1
0,0,0,0,307654,102097,0
1,1,0,0,307655,102097,1
0,0,0,0,307656,102098,0
1,1,0,0,307657,102098,1
0,0,0,0,307658,102099,0
1,1,0,0,307659,102099,1
0,0,0,0,307660,102100,0
1,1,0,0,307661,102100,1
0,0,0,0,307662,102101,0
1,1,0,0,307663,102101,1
0,0,0,0,307664,102102,0
1,1,0,0,307665,102102,1
0,0,0,0,307666,102103,0
1,1,0,0,307667,102103,1
0,0,0,0,307668,102104,0
1,1,0,0,307669,102104,1
0,0,0,0,307670,102105,0
1,1,0,0,307671,102105,1
0,0,0,0,307672,102106,0
1,1,0,0,307673,102106,1
0,0,0,0,307674,102107,0
1,1,0,0,307675,102107,1
0,0,0,0,307676,102108,0
1,1,0,0,307677,102108,1
0,0,0,0,307678,102109,0
1,1,0,0,307679,102109,1
0,0,0,0,307680,102110,0
1,1,0,0,307681,102110,1
0,0,0,0,307682,102111,0
1,1,0,0,307683,102111,1
0,0,0,0,307684,102112,0
1,1,0,0,307685,102112,1
0,0,0,0,307686,102113,0
1,1,0,0,307687,102113,1
0,0,0,0,307688,102114,0
1,1,0,0,307689,102114,1
0,0,0,0,307690,102115,0
1,1,0,0,307691,102115,1
0,0,0,0,307692,102116,0
1,1,0,0,307693,102116,1
0,0,0,0,307694,102117,0
1,1,0,0,307695,102117,1
0,0,0,0,307696,102118,0
1,1,0,0,307697,102118,1
0,0,0,0,307698,102119,0
1,1,0,0,307699,102119,1
0,0,0,0,307700,102120,0
1,1,0,0,307701,102120,1
0,0,0,0,307702,102121,0
1,1,0,0,307703,102121,1
0,0,0,0,307704,102122,0
1,1,0,0,307705,102122,1
0,0,0,0,307839,102153,0
1,1,0,0,307840,102153,1
0,0,0,0,307841,102154,0
1,1,0,0,307842,102154,1
0,0,0,0,307843,102155,0
1,1,0,0,307844,102155,1
0,0,0,0,307845,102156,0
1,1,0,0,307846,102156,1
0,0,0,0,307847,102157,0
1,1,0,0,307848,102157,1
0,0,0,0,307849,102158,0
1,1,0,0,307850,102158,1
0,0,0,0,307851,102159,0
1,1,0,0,307852,102159,1
0,0,0,0,307853,102160,0
1,1,0,0,307854,102160,1
0,0,0,0,307855,102161,0
1,1,0,0,307856,102161,1
0,0,0,0,307857,102162,0
1,1,0,0,307858,102162,1
0,0,0,0,307859,102163,0
1,1,0,0,307860,102163,1
0,0,0,0,307861,102164,0
1,1,0,0,307862,102164,1
0,0,0,0,307863,102165,0
1,1,0,0,307864,102165,1
0,0,0,0,307865,102166,0
1,1,0,0,307866,102166,1
0,0,0,0,307867,102167,0
1,1,0,0,307868,102167,1
0,0,0,0,307869,102168,0
1,1,0,0,307870,102168,1
0,0,0,0,307871,102169,0
1,1,0,0,307872,102169,1
0,0,0,0,307873,102170,0
1,1,0,0,307874,102170,1
0,0,0,0,307875,102171,0
1,1,0,0,307876,102171,1
0,0,0,0,307877,102172,0
1,1,0,0,307878,102172,1
0,0,0,0,307879,102173,0
1,1,0,0,307880,102173,1
0,0,0,0,307881,102174,0
1,1,0,0,307882,102174,1
0,0,0,0,307883,102175,0
1,1,0,0,307884,102175,1
0,0,0,0,307885,102176,0
1,1,0,0,307886,102176,1
0,0,0,0,307887,102177,0
1,1,0,0,307888,102177,1
0,0,0,0,307889,102178,0
1,1,0,0,307890,102178,1
0,0,0,0,307891,102179,0
1,1,0,0,307892,102179,1
0,0,0,0,307893,102180,0
1,1,0,0,307894,102180,1
0,0,0,0,307895,102181,0
1,1,0,0,307896,102181,1
0,0,0,0,307897,102182,0
1,1,0,0,307898,102182,1
0,0,0,0,307899,102183,0
1,1,0,0,307900,102183,1
0,0,0,0,307901,102184,0
1,1,0,0,307902,102184,1
0,0,0,0,307903,102185,0
1,1,0,0,307904,102185,1
0,0,0,0,307905,102186,0
1,1,0,0,307906,102186,1
0,0,0,0,307907,102187,0
1,1,0,0,307908,102187,1
0,0,0,0,307909,102188,0
1,1,0,0,307910,102188,1
0,0,0,0,307911,102189,0
1,1,0,0,307912,102189,1
0,0,0,0,307913,102190,0
1,1,0,0,307914,102190,1
0,0,0,0,307915,102191,0
1,1,0,0,307916,102191,1
0,0,0,0,307917,102192,0
1,1,0,0,307918,102192,1
0,0,0,0,307919,102193,0
1,1,0,0,307920,102193,1
0,0,0,0,307921,102194,0
1,1,0,0,307922,102194,1
0,0,0,0,307923,102195,0
1,1,0,0,307924,102195,1
0,0,0,0,307925,102196,0
1,1,0,0,307926,102196,1
0,0,0,0,307927,102197,0
1,1,0,0,307928,102197,1
0,0,0,0,307929,102198,0
1,1,0,0,307930,102198,1
0,0,0,0,307931,102199,0
1,1,0,0,307932,102199,1
0,0,0,0,307933,102200,0
1,1,0,0,307934,102200,1
0,0,0,0,307935,102201,0
1,1,0,0,307936,102201,1
0,0,0,0,307937,102202,0
1,1,0,0,307938,102202,1
0,0,0,0,307939,102203,0
1,1,0,0,307940,102203,1
0,0,0,0,307941,102204,0
1,1,0,0,307942,102204,1
0,0,0,0,307943,102205,0
1,1,0,0,307944,102205,1
0,0,0,0,307945,102206,0
1,1,0,0,307946,102206,1
0,0,0,0,307947,102207,0
1,1,0,0,307948,102207,1
0,0,0,0,307949,102208,0
1,1,0,0,307950,102208,1
0,0,0,0,307951,102209,0
1,1,0,0,307952,102209,1
0,0,0,0,307953,102210,0
1,1,0,0,307954,102210,1
0,0,0,0,307955,102211,0
1,1,0,0,307956,102211,1
0,0,0,0,307957,102212,0
1,1,0,0,307958,102212,1
0,0,0,0,307959,102213,0
1,1,0,0,307960,102213,1
0,0,0,0,307961,102214,0
1,1,0,0,307962,102214,1
0,0,0,0,307963,102215,0
1,1,0,0,307964,102215,1
0,0,0,0,307965,102216,0
1,1,0,0,307966,102216,1
0,0,0,0,307967,102217,0
1,1,0,0,307968,102217,1
0,0,0,0,307969,102218,0
1,1,0,0,307970,102218,1
0,0,0,0,307971,102219,0
1,1,0,0,307972,102219,1
0,0,0,0,307973,102220,0
1,1,0,0,307974,102220,1
0,0,0,0,307975,102221,0
1,1,0,0,307976,102221,1
0,0,0,0,307977,102222,0
1,1,0,0,307978,102222,1
0,0,0,0,307979,102223,0
1,1,0,0,307980,102223,1
0,0,0,0,307981,102224,0
1,1,0,0,307982,102224,1
0,0,0,0,307983,102225,0
1,1,0,0,307984,102225,1
0,0,0,0,307985,102226,0
1,1,0,0,307986,102226,1
0,0,0,0,307987,102227,0
1,1,0,0,307988,102227,1
0,0,0,0,307989,102228,0
1,1,0,0,307990,102228,1
0,0,0,0,307991,102229,0
1,1,0,0,307992,102229,1
0,0,0,0,307993,102230,0
1,1,0,0,307994,102230,1
0,0,0,0,307995,102231,0
1,1,0,0,307996,102231,1
0,0,0,0,307997,102232,0
1,1,0,0,307998,102232,1
0,0,0,0,307999,102233,0
1,1,0,0,308000,102233,1
0,0,0,0,308001,102234,0
1,1,0,0,308002,102234,1
0,0,0,0,308003,102235,0
1,1,0,0,308004,102235,1
0,0,0,0,308005,102236,0
1,1,0,0,308006,102236,1
0,0,0,0,308007,102237,0
1,1,0,0,308008,102237,1
0,0,0,0,308009,102238,0
1,1,0,0,308010,102238,1
0,0,0,0,308011,102239,0
1,1,0,0,308012,102239,1
0,0,0,0,308013,102240,0
1,1,0,0,308014,102240,1
0,0,0,0,308015,102241,0
1,1,0,0,308016,102241,1
0,0,0,0,308017,102242,0
1,1,0,0,308018,102242,1
0,0,0,0,308019,102243,0
1,1,0,0,308020,102243,1
0,0,0,0,308021,102244,0
1,1,0,0,308022,102244,1
0,0,0,0,308023,102245,0
1,1,0,0,308024,102245,1
0,0,0,0,308025,102246,0
1,1,0,0,308026,102246,1
0,0,0,0,308027,102247,0
1,1,0,0,308028,102247,1
0,0,0,0,308029,102248,0
1,1,0,0,308030,102248,1
0,0,0,0,308031,102249,0
1,1,0,0,308032,102249,1
0,0,0,0,308033,102250,0
1,1,0,0,308034,102250,1
0,0,0,0,308035,102251,0
1,1,0,0,308036,102251,1
0,0,0,0,308037,102252,0
1,1,0,0,308038,102252,1
0,0,0,0,308039,102253,0
1,1,0,0,308040,102253,1
0,0,0,0,308041,102254,0
1,1,0,0,308042,102254,1
0,0,0,0,308043,102255,0
1,1,0,0,308044,102255,1
0,0,0,0,308045,102256,0
1,1,0,0,308046,102256,1
0,0,0,0,308047,102257,0
1,1,0,0,308048,102257,1
0,0,0,0,308049,102258,0
1,1,0,0,308050,102258,1
0,0,0,0,308051,102259,0
1,1,0,0,308052,102259,1
0,0,0,0,308053,102260,0
1,1,0,0,308054,102260,1
0,0,0,0,308055,102261,0
1,1,0,0,308056,102261,1
0,0,0,0,308057,102262,0
1,1,0,0,308058,102262,1
0,0,0,0,308059,102263,0
1,1,0,0,308060,102263,1
0,0,0,0,308061,102264,0
1,1,0,0,308062,102264,1
0,0,0,0,308063,102265,0
1,1,0,0,308064,102265,1
0,0,0,0,308065,102266,0
1,1,0,0,308066,102266,1
0,0,0,0,308067,102267,0
1,1,0,0,308068,102267,1
0,0,0,0,308069,102268,0
1,1,0,0,308070,102268,1
0,0,0,0,308071,102269,0
1,1,0,0,308072,102269,1
0,0,0,0,308073,102270,0
1,1,0,0,308074,102270,1
0,0,0,0,308075,102271,0
1,1,0,0,308076,102271,1
0,0,0,0,308077,102272,0
1,1,0,0,308078,102272,1
0,0,0,0,308079,102273,0
1,1,0,0,308080,102273,1
0,0,0,0,308081,102274,0
1,1,0,0,308082,102274,1
0,0,0,0,308083,102275,0
1,1,0,0,308084,102275,1
0,0,0,0,308085,102276,0
1,1,0,0,308086,102276,1
0,0,0,0,308087,102277,0
1,1,0,0,308088,102277,1
0,0,0,0,308089,102278,0
1,1,0,0,308090,102278,1
0,0,0,0,308091,102279,0
1,1,0,0,308092,102279,1
0,0,0,0,308093,102280,0
1,1,0,0,308094,102280,1
0,0,0,0,308095,102281,0
1,1,0,0,308096,102281,1
0,0,0,0,308097,102282,0
1,1,0,0,308098,102282,1
0,0,0,0,308099,102283,0
1,1,0,0,308100,102283,1
0,0,0,0,308101,102284,0
1,1,0,0,308102,102284,1
0,0,0,0,308103,102285,0
1,1,0,0,308104,102285,1
0,0,0,0,308105,102286,0
1,1,0,0,308106,102286,1
0,0,0,0,308107,102287,0
1,1,0,0,308108,102287,1
0,0,0,0,308109,102288,0
1,1,0,0,308110,102288,1
0,0,0,0,308111,102289,0
1,1,0,0,308112,102289,1
0,0,0,0,308113,102290,0
1,1,0,0,308114,102290,1
0,0,0,0,308115,102291,0
1,1,0,0,308116,102291,1
0,0,0,0,308117,102292,0
1,1,0,0,308118,102292,1
0,0,0,0,308119,102293,0
1,1,0,0,308120,102293,1
0,0,0,0,308121,102294,0
1,1,0,0,308122,102294,1
0,0,0,0,308123,102295,0
1,1,0,0,308124,102295,1
0,0,0,0,308125,102296,0
1,1,0,0,308126,102296,1
0,0,0,0,308131,102299,0
1,1,0,0,308132,102299,1
0,0,0,0,308133,102300,0
1,1,0,0,308134,102300,1
0,0,0,0,308135,102301,0
1,1,0,0,308136,102301,1
0,0,0,0,308137,102302,0
1,1,0,0,308138,102302,1
0,0,0,0,308139,102303,0
1,1,0,0,308140,102303,1
0,0,0,0,308141,102304,0
1,1,0,0,308142,102304,1
0,0,0,0,308143,102305,0
1,1,0,0,308144,102305,1
0,0,0,0,308145,102306,0
1,1,0,0,308146,102306,1
0,0,0,0,308147,102307,0
1,1,0,0,308148,102307,1
0,0,0,0,308149,102308,0
1,1,0,0,308150,102308,1
0,0,0,0,308151,102309,0
1,1,0,0,308152,102309,1
0,0,0,0,308153,102310,0
1,1,0,0,308154,102310,1
0,0,0,0,308155,102311,0
1,1,0,0,308156,102311,1
0,0,0,0,308157,102312,0
1,1,0,0,308158,102312,1
0,0,0,0,308159,102313,0
1,1,0,0,308160,102313,1
0,0,0,0,308161,102314,0
1,1,0,0,308162,102314,1
0,0,0,0,308163,102315,0
1,1,0,0,308164,102315,1
0,0,0,0,308165,102316,0
1,1,0,0,308166,102316,1
0,0,0,0,308167,102317,0
1,1,0,0,308168,102317,1
0,0,0,0,308169,102318,0
1,1,0,0,308170,102318,1
0,0,0,0,308171,102319,0
1,1,0,0,308172,102319,1
0,0,0,0,308173,102320,0
1,1,0,0,308174,102320,1
0,0,0,0,308175,102321,0
1,1,0,0,308176,102321,1
0,0,0,0,308177,102322,0
1,1,0,0,308178,102322,1
0,0,0,0,308179,102323,0
1,1,0,0,308180,102323,1
0,0,0,0,308181,102324,0
1,1,0,0,308182,102324,1
0,0,0,0,308183,102325,0
1,1,0,0,308184,102325,1
0,0,0,0,308185,102326,0
1,1,0,0,308186,102326,1
0,0,0,0,308187,102327,0
1,1,0,0,308188,102327,1
0,0,0,0,308189,102328,0
1,1,0,0,308190,102328,1
0,0,0,0,308191,102329,0
1,1,0,0,308192,102329,1
0,0,0,0,308193,102330,0
1,1,0,0,308194,102330,1
0,0,0,0,308195,102331,0
1,1,0,0,308196,102331,1
0,0,0,0,308197,102332,0
1,1,0,0,308198,102332,1
0,0,0,0,308199,102333,0
1,1,0,0,308200,102333,1
0,0,0,0,308201,102334,0
1,1,0,0,308202,102334,1
0,0,0,0,308219,102339,0
1,1,0,0,308220,102339,1
0,0,0,0,308221,102340,0
1,1,0,0,308222,102340,1
0,0,0,0,308223,102341,0
1,1,0,0,308224,102341,1
0,0,0,0,308225,102342,0
1,1,0,0,308226,102342,1
0,0,0,0,308227,102343,0
1,1,0,0,308228,102343,1
0,0,0,0,308229,102344,0
1,1,0,0,308230,102344,1
0,0,0,0,308233,102346,0
1,1,0,0,308234,102346,1
0,0,0,0,308235,102347,0
1,1,0,0,308236,102347,1
0,0,0,0,308237,102348,0
1,1,0,0,308238,102348,1
0,0,0,0,308239,102349,0
1,1,0,0,308240,102349,1
0,0,0,0,308241,102350,0
1,1,0,0,308242,102350,1
0,0,0,0,308243,102351,0
1,1,0,0,308244,102351,1
0,0,0,0,308245,102352,0
1,1,0,0,308246,102352,1
0,0,0,0,308247,102353,0
1,1,0,0,308248,102353,1
0,0,0,0,308249,102354,0
1,1,0,0,308250,102354,1
0,0,0,0,308251,102355,0
1,1,0,0,308252,102355,1
0,0,0,0,308253,102356,0
1,1,0,0,308254,102356,1
0,0,0,0,308255,102357,0
1,1,0,0,308256,102357,1
0,0,0,0,308257,102358,0
1,1,0,0,308258,102358,1
0,0,0,0,308259,102359,0
1,1,0,0,308260,102359,1
0,0,0,0,308261,102360,0
1,1,0,0,308262,102360,1
0,0,0,0,308263,102361,0
1,1,0,0,308264,102361,1
0,0,0,0,308265,102362,0
1,1,0,0,308266,102362,1
0,0,0,0,308267,102363,0
1,1,0,0,308268,102363,1
0,0,0,0,308269,102364,0
1,1,0,0,308270,102364,1
0,0,0,0,308271,102365,0
1,1,0,0,308272,102365,1
0,0,0,0,308273,102366,0
1,1,0,0,308274,102366,1
0,0,0,0,308275,102367,0
1,1,0,0,308276,102367,1
0,0,0,0,308277,102368,0
1,1,0,0,308278,102368,1
0,0,0,0,308279,102369,0
1,1,0,0,308280,102369,1
0,0,0,0,308497,102424,0
1,1,0,0,308498,102424,1
0,0,0,0,308499,102425,0
1,1,0,0,308500,102425,1
0,0,0,0,308501,102426,0
1,1,0,0,308502,102426,1
0,0,0,0,308503,102427,0
1,1,0,0,308504,102427,1
0,0,0,0,308505,102428,0
1,1,0,0,308506,102428,1
0,0,0,0,308507,102429,0
1,1,0,0,308508,102429,1
0,0,0,0,308509,102430,0
1,1,0,0,308510,102430,1
0,0,0,0,308511,102431,0
1,1,0,0,308512,102431,1
0,0,0,0,308513,102432,0
1,1,0,0,308514,102432,1
0,0,0,0,308515,102433,0
1,1,0,0,308516,102433,1
0,0,0,0,308517,102434,0
1,1,0,0,308518,102434,1
0,0,0,0,308519,102435,0
1,1,0,0,308520,102435,1
0,0,0,0,308658,102473,0
1,1,0,0,308659,102473,1
0,0,0,0,308660,102474,0
1,1,0,0,308661,102474,1
0,0,0,0,308662,102475,0
1,1,0,0,308663,102475,1
0,0,0,0,308664,102476,0
1,1,0,0,308665,102476,1
0,0,0,0,308666,102477,0
1,1,0,0,308667,102477,1
0,0,0,0,308668,102478,0
1,1,0,0,308669,102478,1
0,0,0,0,308672,102480,0
1,1,0,0,308673,102480,1
0,0,0,0,308674,102481,0
1,1,0,0,308675,102481,1
0,0,0,0,308676,102482,0
1,1,0,0,308677,102482,1
0,0,0,0,308678,102483,0
1,1,0,0,308679,102483,1
0,0,0,0,308680,102484,0
1,1,0,0,308681,102484,1
0,0,0,0,308682,102485,0
1,1,0,0,308683,102485,1
0,0,0,0,308775,102532,0
3.121,0,0,0,308776,102532,1
0,0,0,0,308777,102523,0
2.686,-10.543934,0,0,308778,102523,1
0,0,0,0,308779,102524,0
2.686,-10.543934,0,0,308780,102524,1
0,0,0,0,308783,102525,0
2.812,0,0,0,308784,102525,1
0,-80,0,0,308946,102573,0
0,0,0,0,308947,102573,1
1.082176,0,0,0,308948,102573,2
1.5023149,0,0,0,308949,102573,3
2.9664357,-80,0,0,308950,102573,4
5.5000005,-80,0,0,308951,102573,5
0,-80,0,0,308969,102576,0
0,0,0,0,308970,102576,1
0.7083334,0,0,0,308971,102576,2
2.8055558,-80,0,0,308972,102576,3
3.0000002,-80,0,0,308973,102576,4
0,1,0,0,309006,102585,0
1,0.70053476,0,0,309007,102585,1
0,0,0,0,309059,102601,0
1,3,0,0,309060,102601,1
2,5,0,0,309061,102601,2
3,6,0,0,309062,102601,3
4,7,0,0,309063,102601,4
5,8,0,0,309064,102601,5
6,9,0,0,309065,102601,6
7,11,0,0,309066,102601,7
8,12,0,0,309067,102601,8
9,13,0,0,309068,102601,9
10,14,0,0,309069,102601,10
11,14,0,0,309070,102601,11
0,5.9246864,0,0,309071,102602,0
5.0800004,-4.3179893,0,0,309072,102602,1
0,-6.928871,0,0,309073,102603,0
6.0000005,-24,0,0,309074,102603,1
0,0,0,0,309148,102632,0
6.0000005,10.543934,0,0,309149,102632,1
0,0,0,0,309211,102630,0
1.674,0,0,0,309212,102630,1
0,0,0,0,309213,102631,0
2.171,0,0,0,309214,102631,1
0,0,0,0,310256,102659,0
1,1,0,0,310257,102659,1
0,0,0,0,310258,102660,0
1,1,0,0,310259,102660,1
0,0,0,0,310260,102661,0
1,1,0,0,310261,102661,1
0,0,0,0,310262,102662,0
1,1,0,0,310263,102662,1
0,0,0,0,310264,102663,0
1,1,0,0,310265,102663,1
0,0,0,0,310266,102664,0
1,1,0,0,310267,102664,1
1,0,0,0,310278,102666,0
19,1,0,0,310279,102666,1
31,2,0,0,310280,102666,2
43,3,0,0,310281,102666,3
55,4,0,0,310282,102666,4
89,5,0,0,310283,102666,5
100,6,0,0,310284,102666,6
178,8,0,0,310285,102666,7
1000,8,0,0,310295,102666,8
0,0,0,0,310312,102685,0
2.171,0,0,0,310313,102685,1
0,0,0,0,310314,102686,0
1.674,0,0,0,310315,102686,1
0,0,0,0,310325,102691,0
1.674,0,0,0,310326,102691,1
0,0,0,0,310403,102716,0
1,1,0,0,310404,102716,1
0,0,0,0,310405,102717,0
1,1,0,0,310406,102717,1
0,0,0,0,310407,102718,0
1,1,0,0,310408,102718,1
0,0,0,0,310409,102719,0
1,1,0,0,310410,102719,1
0,0,0,0,310411,102720,0
1,1,0,0,310412,102720,1
0,0,0,0,310413,102721,0
1,1,0,0,310414,102721,1
0,0,0,0,310415,102722,0
1,1,0,0,310416,102722,1
0,0,0,0,310417,102723,0
1,1,0,0,310418,102723,1
0,0,0,0,310419,102724,0
1,1,0,0,310420,102724,1
0,0,0,0,310421,102725,0
1,1,0,0,310422,102725,1
0,0,0,0,310423,102726,0
1,1,0,0,310424,102726,1
0,0,0,0,310425,102727,0
1,1,0,0,310426,102727,1
0,0,0,0,310427,102728,0
1,1,0,0,310428,102728,1
0,0,0,0,310429,102729,0
1,1,0,0,310430,102729,1
0,0,0,0,310431,102730,0
1,1,0,0,310432,102730,1
0,0,0,0,310433,102731,0
1,1,0,0,310434,102731,1
0,0,0,0,310435,102732,0
1,1,0,0,310436,102732,1
0,0,0,0,310437,102733,0
1,1,0,0,310438,102733,1
0,0,0,0,310439,102734,0
1,1,0,0,310440,102734,1
0,0,0,0,310441,102735,0
1,1,0,0,310442,102735,1
0,0,0,0,310443,102736,0
1,1,0,0,310444,102736,1
0,0,0,0,310445,102737,0
1,1,0,0,310446,102737,1
0,0,0,0,310447,102738,0
1,1,0,0,310448,102738,1
0,0,0,0,310449,102739,0
1,1,0,0,310450,102739,1
0,0,0,0,310451,102740,0
1,1,0,0,310452,102740,1
0,0,0,0,310453,102741,0
1,1,0,0,310454,102741,1
0,0,0,0,310455,102742,0
1,1,0,0,310456,102742,1
0,0,0,0,310457,102743,0
1,1,0,0,310458,102743,1
0,0,0,0,310459,102744,0
1,1,0,0,310460,102744,1
0,0,0,0,310461,102745,0
1,1,0,0,310462,102745,1
0,0,0,0,310463,102746,0
1,1,0,0,310464,102746,1
0,0,0,0,310465,102747,0
1,1,0,0,310466,102747,1
0,0,0,0,310467,102748,0
1,1,0,0,310468,102748,1
0,0,0,0,310469,102749,0
1,1,0,0,310470,102749,1
0,0,0,0,310471,102750,0
1,1,0,0,310472,102750,1
0,0,0,0,310473,102751,0
1,1,0,0,310474,102751,1
0,0,0,0,310475,102752,0
1,1,0,0,310476,102752,1
0,0,0,0,310477,102753,0
1,1,0,0,310478,102753,1
0,0,0,0,310479,102754,0
1,1,0,0,310480,102754,1
0,0,0,0,310481,102755,0
1,1,0,0,310482,102755,1
0,0,0,0,310483,102756,0
1,1,0,0,310484,102756,1
0,0,0,0,310485,102757,0
1,1,0,0,310486,102757,1
0,0,0,0,310598,102786,0
0.29818183,0.053475916,0,0,310599,102786,1
0.7309091,0.973262,0,0,310600,102786,2
1,1,0,0,310601,102786,3
0,0,0,0,310602,102787,0
1,1,0,0,310603,102787,1
0,0,0,0,310604,102788,0
1,1,0,0,310605,102788,1
0,0,0,0,310606,102789,0
1,1,0,0,310607,102789,1
0,0,0,0,310608,102790,0
1,1,0,0,310609,102790,1
0,0,0,0,310610,102791,0
1,1,0,0,310611,102791,1
0,0,0,0,310612,102792,0
1,1,0,0,310613,102792,1
0,0,0,0,310614,102793,0
1,1,0,0,310615,102793,1
0,0,0,0,310616,102794,0
1,1,0,0,310617,102794,1
0,0,0,0,310618,102795,0
1,1,0,0,310619,102795,1
0,0,0,0,310620,102796,0
1,1,0,0,310621,102796,1
0,0,0,0,310622,102797,0
1,1,0,0,310623,102797,1
0,0,0,0,310624,102798,0
1,1,0,0,310625,102798,1
0,0,0,0,310626,102799,0
1,1,0,0,310627,102799,1
0,0,0,0,310628,102800,0
1,1,0,0,310629,102800,1
0,0,0,0,310630,102801,0
1,1,0,0,310631,102801,1
0,0,0,0,310632,102802,0
1,1,0,0,310633,102802,1
0,0,0,0,310634,102803,0
1,1,0,0,310635,102803,1
0,0,0,0,310636,102804,0
1,1,0,0,310637,102804,1
0,0,0,0,310638,102805,0
1,1,0,0,310639,102805,1
0,0,0,0,310640,102806,0
1,1,0,0,310641,102806,1
0,0,0,0,310642,102807,0
1,1,0,0,310643,102807,1
0,0,0,0,310644,102808,0
1,1,0,0,310645,102808,1
0,0,0,0,310646,102809,0
1,1,0,0,310647,102809,1
0,0,0,0,310648,102810,0
1,1,0,0,310649,102810,1
0,0,0,0,310650,102811,0
1,1,0,0,310651,102811,1
0,0,0,0,310652,102812,0
1,1,0,0,310653,102812,1
0,0,0,0,310654,102813,0
1,1,0,0,310655,102813,1
0,0,0,0,310656,102814,0
1,1,0,0,310657,102814,1
0,0,0,0,310658,102815,0
1,1,0,0,310659,102815,1
0,0,0,0,310660,102816,0
1,1,0,0,310661,102816,1
0,0,0,0,310662,102817,0
1,1,0,0,310663,102817,1
0,0,0,0,310664,102818,0
1,1,0,0,310665,102818,1
0,0,0,0,310666,102819,0
1,1,0,0,310667,102819,1
0,0,0,0,310668,102820,0
1,1,0,0,310669,102820,1
0,0,0,0,310670,102821,0
1,1,0,0,310671,102821,1
0,0,0,0,310672,102822,0
1,1,0,0,310673,102822,1
0,0,0,0,310746,102859,0
1,1,0,0,310747,102859,1
0,0,0,0,310748,102860,0
1,1,0,0,310749,102860,1
0,0,0,0,310750,102861,0
1,1,0,0,310751,102861,1
0,0,0,0,310752,102862,0
1,1,0,0,310753,102862,1
0,0,0,0,310754,102863,0
1,1,0,0,310755,102863,1
0,0,0,0,310756,102864,0
1,1,0,0,310757,102864,1
0,0,0,0,310758,102865,0
1,1,0,0,310759,102865,1
0,0,0,0,310760,102866,0
1,1,0,0,310761,102866,1
0,0,0,0,310762,102867,0
1,1,0,0,310763,102867,1
0,0,0,0,310764,102868,0
1,1,0,0,310765,102868,1
0,0,0,0,310766,102869,0
1,1,0,0,310767,102869,1
0,0,0,0,310768,102870,0
1,1,0,0,310769,102870,1
0,0,0,0,310770,102871,0
1,1,0,0,310771,102871,1
0,0,0,0,310772,102872,0
1,1,0,0,310773,102872,1
0,0,0,0,310774,102873,0
1,1,0,0,310775,102873,1
0,0,0,0,310776,102874,0
1,1,0,0,310777,102874,1
0,0,0,0,310778,102875,0
1,1,0,0,310779,102875,1
0,0,0,0,310780,102876,0
1,1,0,0,310781,102876,1
1,2,0,0,310783,102877,0
2,4,0,0,310784,102877,1
0,0,0,0,310828,102893,0
1,1,0,0,310829,102893,1
0,0,0,0,310830,102894,0
1,1,0,0,310831,102894,1
0,0,0,0,310832,102895,0
1,1,0,0,310833,102895,1
0,0,0,0,310834,102896,0
1,1,0,0,310835,102896,1
0,0,0,0,310836,102897,0
1,1,0,0,310837,102897,1
0,0,0,0,310838,102898,0
1,1,0,0,310839,102898,1
0,0,0,0,310840,102899,0
1,1,0,0,310841,102899,1
0,0,0,0,310842,102900,0
1,1,0,0,310843,102900,1
0,0,0,0,310844,102901,0
1,1,0,0,310845,102901,1
0,0,0,0,310846,102902,0
1,1,0,0,310847,102902,1
0,0,0,0,310848,102903,0
1,1,0,0,310849,102903,1
0,0,0,0,310850,102904,0
1,1,0,0,310851,102904,1
0,0,0,0,310852,102905,0
1,1,0,0,310853,102905,1
0,0,0,0,310854,102906,0
1,1,0,0,310855,102906,1
0,0,0,0,310856,102907,0
1,1,0,0,310857,102907,1
0,0,0,0,310858,102908,0
1,1,0,0,310859,102908,1
0,0,0,0,310860,102909,0
1,1,0,0,310861,102909,1
0,0,0,0,310862,102910,0
1,1,0,0,310863,102910,1
0,0,0,0,310864,102911,0
1,1,0,0,310865,102911,1
0,0,0,0,310866,102912,0
1,1,0,0,310867,102912,1
0,0,0,0,310868,102913,0
1,1,0,0,310869,102913,1
0,0,0,0,310870,102914,0
1,1,0,0,310871,102914,1
0,0,0,0,310872,102915,0
1,1,0,0,310873,102915,1
0,0,0,0,310874,102916,0
1,1,0,0,310875,102916,1
0,0,0,0,310876,102917,0
1,1,0,0,310877,102917,1
0,0,0,0,310878,102918,0
1,1,0,0,310879,102918,1
0,0,0,0,310880,102919,0
1,1,0,0,310881,102919,1
0,0,0,0,310882,102920,0
1,1,0,0,310883,102920,1
0,0,0,0,310884,102921,0
1,1,0,0,310885,102921,1
0,0,0,0,310886,102922,0
1,1,0,0,310887,102922,1
0,0,0,0,310888,102923,0
1,1,0,0,310889,102923,1
0,0,0,0,310890,102924,0
1,1,0,0,310891,102924,1
0,0,0,0,310892,102925,0
1,1,0,0,310893,102925,1
0,0,0,0,310894,102926,0
1,1,0,0,310895,102926,1
0,0,0,0,310896,102927,0
1,1,0,0,310897,102927,1
0,0,0,0,310898,102928,0
1,1,0,0,310899,102928,1
0,0.50209236,0,0,310910,102934,0
4.2660003,1.9079514,0,0,310911,102934,1
0,1.9079514,0,0,310912,102935,0
4.2660003,-1.7071114,0,0,310913,102935,1
0,1,0,1,310937,102941,0
0.20363636,0.29946524,1,1,310938,102941,1
0.5018182,0.10160428,0,0,310939,102941,2
1,0,0,0,310940,102941,3
0,1,0,1,310941,102942,0
0.20363636,0.29411763,1,1,310942,102942,1
0.50545454,0.10160428,0,0,310943,102942,2
1,0,0,0,310944,102942,3
0,0,0,0,310965,102948,0
1,1,0,0,310966,102948,1
0,0,0,0,310967,102949,0
1,1,0,0,310968,102949,1
0,0,0,0,310969,102950,0
1,1,0,0,310970,102950,1
0,0,0,0,310971,102951,0
1,1,0,0,310972,102951,1
0,0,0,0,310973,102952,0
1,1,0,0,310974,102952,1
0,0,0,0,310975,102953,0
1,1,0,0,310976,102953,1
0,0,0,0,310977,102954,0
1,1,0,0,310978,102954,1
0,0,0,0,310979,102955,0
1,1,0,0,310980,102955,1
0,0,0,0,310981,102956,0
1,1,0,0,310982,102956,1
0,0,0,0,310983,102957,0
1,1,0,0,310984,102957,1
0,0,0,0,310985,102958,0
1,1,0,0,310986,102958,1
0,0,0,0,310987,102959,0
1,1,0,0,310988,102959,1
0,0,0,0,310989,102960,0
1,1,0,0,310990,102960,1
0,0,0,0,310991,102961,0
1,1,0,0,310992,102961,1
0,0,0,0,310993,102962,0
1,1,0,0,310994,102962,1
0,0,0,0,310995,102963,0
1,1,0,0,310996,102963,1
0,0,0,0,310997,102964,0
1,1,0,0,310998,102964,1
0,0,0,0,310999,102965,0
1,1,0,0,311000,102965,1
0,0,0,0,311001,102966,0
1,1,0,0,311002,102966,1
0,0,0,0,311003,102967,0
1,1,0,0,311004,102967,1
0,0,0,0,311005,102968,0
1,1,0,0,311006,102968,1
0,0,0,0,311007,102969,0
1,1,0,0,311008,102969,1
0,0,0,0,311009,102970,0
1,1,0,0,311010,102970,1
0,0,0,0,311011,102971,0
1,1,0,0,311012,102971,1
0,0,0,0,311013,102972,0
1,1,0,0,311014,102972,1
0,0,0,0,311015,102973,0
1,1,0,0,311016,102973,1
0,0,0,0,311017,102974,0
1,1,0,0,311018,102974,1
0,0,0,0,311019,102975,0
1,1,0,0,311020,102975,1
0,0,0,0,311021,102976,0
1,1,0,0,311022,102976,1
0,0,0,0,311023,102977,0
1,1,0,0,311024,102977,1
0,0,0,0,311025,102978,0
1,1,0,0,311026,102978,1
0,0,0,0,311027,102979,0
1,1,0,0,311028,102979,1
0,0,0,0,311029,102980,0
1,1,0,0,311030,102980,1
0,0,0,0,311031,102981,0
1,1,0,0,311032,102981,1
0,0,0,0,311033,102982,0
1,1,0,0,311034,102982,1
0,0,0,0,311035,102983,0
1,1,0,0,311036,102983,1
0,100,0,0,311041,102986,0
1,50000,0,0,311042,102986,1
2,100000,0,0,311043,102986,2
3,150000,0,0,311044,102986,3
4,200000,0,0,311045,102986,4
5,250000,0,0,311046,102986,5
6,300000,0,0,311047,102986,6
7,350000,0,0,311048,102986,7
8,400000,0,0,311049,102986,8
9,450000,0,0,311050,102986,9
0,100000,0,0,311051,102987,0
1,200000,0,0,311052,102987,1
2,400000,0,0,311053,102987,2
3,1000000,0,0,311054,102987,3
4,1500000,0,0,311055,102987,4
5,2000000,0,0,311056,102987,5
6,2500000,0,0,311057,102987,6
7,3000000,0,0,311058,102987,7
8,3500000,0,0,311059,102987,8
9,4250000,0,0,311060,102987,9
0,-80,0,0,311111,102997,0
0.3005926,0,0,0,311112,102997,1
5.955491,0,0,0,311113,102997,2
7.514815,-80,0,0,311114,102997,3
8.116,-80,0,0,311115,102997,4
5,10,0,0,311206,82820,4
1,50,0,0,311278,103060,0
2,100,0,0,311279,103060,1
1,5,0,0,311280,103061,0
2,10,0,0,311281,103061,1
3,15,0,0,311282,103061,2
1,2,0,0,311302,103069,0
2,4,0,0,311303,103069,1
3,6,0,0,311304,103069,2
1,50,0,0,311305,103070,0
2,100,0,0,311306,103070,1
1,-20,0,0,311307,103071,0
2,-40,0,0,311308,103071,1
1,50,0,0,311309,103072,0
2,100,0,0,311310,103072,1
1,-50,0,0,311311,103073,0
2,-100,0,0,311312,103073,1
3,9,0,0,311313,83212,2
4,12,0,0,311314,83212,3
5,15,0,0,311315,83212,4
1,3,0,0,311361,103096,0
2,7,0,0,311362,103096,1
3,10,0,0,311363,103096,2
1,20,0,0,311364,103097,0
2,40,0,0,311365,103097,1
3,60,0,0,311366,103097,2
4,80,0,0,311367,103097,3
5,100,0,0,311368,103097,4
0,0,0,0,311383,103102,0
10.662001,0,0,0,311384,103102,1
0,0,0,0,311385,103106,0
10.662001,0,0,0,311386,103106,1
0,0,0,0,311407,103113,0
1,-100,0,0,311408,103113,1
0,0,0,0,311452,103127,0
1,1,0,0,311453,103127,1
0,0,0,0,311454,103128,0
1,1,0,0,311455,103128,1
0,0,0,0,311456,103129,0
1,1,0,0,311457,103129,1
0,0,0,0,311490,103141,0
1,1,0,0,311491,103141,1
0,0,0,0,311492,103142,0
1,1,0,0,311493,103142,1
0,0,0,0,311494,103143,0
1,1,0,0,311495,103143,1
0,0,0,0,311496,103144,0
1,1,0,0,311497,103144,1
0,0,0,0,311498,103145,0
1,1,0,0,311499,103145,1
0,0,0,0,311500,103146,0
1,1,0,0,311501,103146,1
0,0,0,0,311502,103147,0
1,1,0,0,311503,103147,1
0,0,0,0,311504,103148,0
1,1,0,0,311505,103148,1
0,0,0,0,311506,103149,0
1,1,0,0,311507,103149,1
0,0,0,0,311508,103150,0
1,1,0,0,311509,103150,1
0,0,0,0,311510,103151,0
1,1,0,0,311511,103151,1
0,0,0,0,311512,103152,0
1,1,0,0,311513,103152,1
0,0,0,0,311514,103153,0
1,1,0,0,311515,103153,1
0,0,0,0,311516,103154,0
1,1,0,0,311517,103154,1
0,0,0,0,311518,103155,0
1,1,0,0,311519,103155,1
0,0,0,0,311520,103156,0
1,1,0,0,311521,103156,1
0,0,0,0,311522,103157,0
1,1,0,0,311523,103157,1
0,0,0,0,311524,103158,0
1,1,0,0,311525,103158,1
0,0,0,0,311526,103159,0
1,1,0,0,311527,103159,1
0,0,0,0,311528,103160,0
1,1,0,0,311529,103160,1
0,0,0,0,311530,103161,0
1,1,0,0,311531,103161,1
0,0,0,0,311532,103162,0
1,1,0,0,311533,103162,1
0,0,0,0,311534,103163,0
1,1,0,0,311535,103163,1
0,0,0,0,311536,103164,0
1,1,0,0,311537,103164,1
0,0,0,0,311538,103165,0
1,1,0,0,311539,103165,1
0,0,0,0,311540,103166,0
1,1,0,0,311541,103166,1
0,0,0,0,311542,103167,0
1,1,0,0,311543,103167,1
0,0,0,0,311544,103168,0
1,1,0,0,311545,103168,1
0,0,0,0,311546,103169,0
1,1,0,0,311547,103169,1
0,0,0,0,311548,103170,0
1,1,0,0,311549,103170,1
0,0,0,0,311550,103171,0
1,1,0,0,311551,103171,1
0,0,0,0,311552,103172,0
1,1,0,0,311553,103172,1
0,0,0,0,311554,103173,0
1,1,0,0,311555,103173,1
0,0,0,0,311556,103174,0
1,1,0,0,311557,103174,1
0,0,0,0,311558,103175,0
1,1,0,0,311559,103175,1
0,0,0,0,311560,103176,0
1,1,0,0,311561,103176,1
1,2,0,0,311584,103188,0
2,4,0,0,311585,103188,1
3,6,0,0,311586,103188,2
4,8,0,0,311587,103188,3
5,10,0,0,311588,103188,4
1,2,0,0,311589,103189,0
2,4,0,0,311590,103189,1
3,6,0,0,311591,103189,2
4,8,0,0,311592,103189,3
5,10,0,0,311593,103189,4
1,3,0,0,311594,103190,0
2,7,0,0,311595,103190,1
3,10,0,0,311596,103190,2
1,5,0,0,311597,103191,0
2,10,0,0,311598,103191,1
3,15,0,0,311599,103191,2
0,0,0,0,311600,103192,0
1,1,0,0,311601,103192,1
0,0,0,0,311602,103193,0
1,1,0,0,311603,103193,1
0,0,0,0,311604,103194,0
1,1,0,0,311605,103194,1
0,0,0,0,311606,103195,0
1,1,0,0,311607,103195,1
0,0,0,0,311608,103196,0
1,1,0,0,311609,103196,1
0,0,0,0,311610,103197,0
1,1,0,0,311611,103197,1
0,0,0,0,311612,103198,0
1,1,0,0,311613,103198,1
0,0,0,0,311614,103199,0
1,1,0,0,311615,103199,1
0,0,0,0,311616,103200,0
1,1,0,0,311617,103200,1
0,0,0,0,311618,103201,0
1,1,0,0,311619,103201,1
0,0,0,0,311620,103202,0
1,1,0,0,311621,103202,1
0,0,0,0,311622,103203,0
1,1,0,0,311623,103203,1
0,0,0,0,311624,103204,0
1,1,0,0,311625,103204,1
0,0,0,0,311626,103205,0
1,1,0,0,311627,103205,1
0,0,0,0,311628,103206,0
1,1,0,0,311629,103206,1
0,0,0,0,311630,103207,0
1,1,0,0,311631,103207,1
0,0,0,0,311632,103208,0
1,1,0,0,311633,103208,1
0,0,0,0,311634,103209,0
1,1,0,0,311635,103209,1
0,0,0,0,311636,103210,0
1,1,0,0,311637,103210,1
0,0,0,0,311638,103211,0
1,1,0,0,311639,103211,1
0,0,0,0,311640,103212,0
1,1,0,0,311641,103212,1
0,0,0,0,311642,103213,0
1,1,0,0,311643,103213,1
0,0,0,0,311644,103214,0
1,1,0,0,311645,103214,1
0,0,0,0,311646,103215,0
1,1,0,0,311647,103215,1
0,0,0,0,311648,103216,0
1,1,0,0,311649,103216,1
0,0,0,0,311650,103217,0
1,1,0,0,311651,103217,1
0,0,0,0,311652,103218,0
1,1,0,0,311653,103218,1
0,0,0,0,311654,103219,0
1,1,0,0,311655,103219,1
0,0,0,0,311656,103220,0
1,1,0,0,311657,103220,1
0,0,0,0,311658,103221,0
1,1,0,0,311659,103221,1
0,0,0,0,311660,103222,0
1,1,0,0,311661,103222,1
0,0,0,0,311662,103223,0
1,1,0,0,311663,103223,1
0,0,0,0,311664,103224,0
1,1,0,0,311665,103224,1
0,0,0,0,311666,103225,0
1,1,0,0,311667,103225,1
0,0,0,0,311668,103226,0
1,1,0,0,311669,103226,1
0,0,0,0,311670,103227,0
1,1,0,0,311671,103227,1
0,0,0,0,311789,103269,0
1,1,0,0,311790,103269,1
0,0,0,0,311791,103270,0
1,1,0,0,311792,103270,1
0,0,0,0,311793,103271,0
1,1,0,0,311794,103271,1
0,0,0,0,311795,103272,0
1,1,0,0,311796,103272,1
0,0,0,0,311797,103273,0
1,1,0,0,311798,103273,1
0,0,0,0,311799,103274,0
1,1,0,0,311800,103274,1
0,0,0,0,311801,103275,0
1,1,0,0,311802,103275,1
0,0,0,0,311803,103276,0
1,1,0,0,311804,103276,1
0,0,0,0,311805,103277,0
1,1,0,0,311806,103277,1
0,0,0,0,311807,103278,0
1,1,0,0,311808,103278,1
0,0,0,0,311809,103279,0
1,1,0,0,311810,103279,1
0,0,0,0,311811,103280,0
1,1,0,0,311812,103280,1
0,0,0,0,311813,103281,0
1,1,0,0,311814,103281,1
0,0,0,0,311815,103282,0
1,1,0,0,311816,103282,1
0,0,0,0,311817,103283,0
1,1,0,0,311818,103283,1
0,0,0,0,311819,103284,0
1,1,0,0,311820,103284,1
0,0,0,0,311821,103285,0
1,1,0,0,311822,103285,1
0,0,0,0,311823,103286,0
1,1,0,0,311824,103286,1
0,0,0,0,311825,103287,0
1,1,0,0,311826,103287,1
0,0,0,0,311827,103288,0
1,1,0,0,311828,103288,1
0,0,0,0,311829,103289,0
1,1,0,0,311830,103289,1
0,0,0,0,311831,103290,0
1,1,0,0,311832,103290,1
0,0,0,0,311833,103291,0
1,1,0,0,311834,103291,1
0,0,0,0,311835,103292,0
1,1,0,0,311836,103292,1
0,0,0,0,311837,103293,0
1,1,0,0,311838,103293,1
0,0,0,0,311839,103294,0
1,1,0,0,311840,103294,1
0,0,0,0,311841,103295,0
1,1,0,0,311842,103295,1
0,0,0,0,311843,103296,0
1,1,0,0,311844,103296,1
0,0,0,0,311845,103297,0
1,1,0,0,311846,103297,1
0,0,0,0,311847,103298,0
1,1,0,0,311848,103298,1
0,0,0,0,311849,103299,0
1,1,0,0,311850,103299,1
0,0,0,0,311851,103300,0
1,1,0,0,311852,103300,1
0,0,0,0,311853,103301,0
1,1,0,0,311854,103301,1
0,0,0,0,311855,103302,0
1,1,0,0,311856,103302,1
0,0,0,0,311857,103303,0
1,1,0,0,311858,103303,1
0,0,0,0,311859,103304,0
1,1,0,0,311860,103304,1
0,0,0,0,312002,103367,0
45.000004,0,0,0,312003,103367,1
0,0,0,0,312004,103371,0
3.5277781,13.355652,0,0,312005,103371,1
6.0000005,24,0,0,312006,103371,2
0,0,0,0,312007,103361,0
55.000004,0,0,0,312008,103361,1
0,0,0,0,312039,103381,0
6.0000005,9.539749,0,0,312040,103381,1
0,1,0,0,312045,103384,0
1,0.7112299,0,0,312046,103384,1
0,0,0,0,312047,103385,0
2.375,-9.338911,0,0,312048,103385,1
0,1.305439,0,0,312049,103386,0
1.9470001,-4.3179893,0,0,312050,103386,1
0,0,0,0,312051,103391,0
1.9470001,0,0,0,312052,103391,1
0,1.305439,0,0,312059,103399,0
1.9470001,-4.3179893,0,0,312060,103399,1
0,0,0,0,312063,103401,0
5.7860003,5.7238483,0,0,312064,103401,1
0,0,0,0,312074,103403,0
6.0000005,24,0,0,312075,103403,1
0,0,0,0,312100,103410,0
7.5000005,0,0,0,312101,103410,1
0,-80,0,0,312102,103411,0
0,0,0,0,312103,103411,1
0,0,0,0,312104,103411,2
0.6187037,0,0,0,312105,103411,3
2.0262547,-80,0,0,312106,103411,4
3.341,-80,0,0,312107,103411,5
0,0.5614972,0,0,312115,103413,0
1,3.75,0,0,312116,103413,1
0,-6.2830005,0,0,312117,103414,0
0,0.48128337,0,0,312142,103427,0
0,-6.2830005,0,0,312145,103428,0
0,0.48128337,0,0,312146,103429,0
0,-6.2830005,0,0,312149,103430,0
0,0.13368994,0,0,312605,103541,0
1,1,0,0,312606,103541,1
0,-80,0,0,312653,103556,0
0,0,0,0,312654,103556,1
0.81814814,0,0,0,312655,103556,2
0.98177785,0,0,0,312656,103556,3
2.4442177,-80,0,0,312657,103556,4
4.418,-80,0,0,312658,103556,5
0,-80,0,0,312751,103573,0
0,0,0,0,312752,103573,1
0.22833797,0,0,0,312753,103573,2
0.5183889,0,0,0,312754,103573,3
1.3885417,-80,0,0,312755,103573,4
2.6660001,-80,0,0,312756,103573,5
0,0,0,0,312768,103576,0
1,1,0,0,312769,103576,1
0,0,0,0,312770,103577,0
1,1,0,0,312771,103577,1
0,0,0,0,312772,103578,0
1,1,0,0,312773,103578,1
0,0,0,0,312774,103579,0
1,1,0,0,312775,103579,1
0,0,0,0,312776,103580,0
1,1,0,0,312777,103580,1
0,0,0,0,312778,103581,0
1,1,0,0,312779,103581,1
0,0,0,0,312780,103582,0
1,1,0,0,312781,103582,1
0,0,0,0,312782,103583,0
1,1,0,0,312783,103583,1
0,0,0,0,312784,103584,0
1,1,0,0,312785,103584,1
0,0,0,0,312786,103585,0
1,1,0,0,312787,103585,1
0,0,0,0,312788,103586,0
1,1,0,0,312789,103586,1
0,0,0,0,312790,103587,0
1,1,0,0,312791,103587,1
0,0,0,0,312792,103588,0
1,1,0,0,312793,103588,1
0,0,0,0,312794,103589,0
1,1,0,0,312795,103589,1
0,0,0,0,312796,103590,0
1,1,0,0,312797,103590,1
0,0,0,0,312798,103591,0
1,1,0,0,312799,103591,1
0,0,0,0,312800,103592,0
1,1,0,0,312801,103592,1
0,0,0,0,312802,103593,0
1,1,0,0,312803,103593,1
0,0,0,0,312804,103594,0
1,1,0,0,312805,103594,1
0,0,0,0,312806,103595,0
1,1,0,0,312807,103595,1
0,0,0,0,312808,103596,0
1,1,0,0,312809,103596,1
0,0,0,0,312810,103597,0
1,1,0,0,312811,103597,1
0,0,0,0,312812,103598,0
1,1,0,0,312813,103598,1
0,0,0,0,312814,103599,0
1,1,0,0,312815,103599,1
0,-80,0,0,312913,103626,0
0,0,0,0,312914,103626,1
5.0558453,0,0,0,312915,103626,2
7.101563,-80,0,0,312916,103626,3
12.625001,-80,0,0,312917,103626,4
0,-80,0,0,312980,103648,0
0.057875004,0,0,0,312981,103648,1
0.27329862,0,0,0,312982,103648,2
0.53695136,0,0,0,312983,103648,3
1.2989722,-80,0,0,312984,103648,4
1.389,-80,0,0,312985,103648,5
0,0,0,0,312988,103650,0
1,750,0,0,312989,103650,1
2,900,0,0,312990,103650,2
3,1050,0,0,312991,103650,3
4,1200,0,0,312992,103650,4
5,1350,0,0,312993,103650,5
6,1500,0,0,312994,103650,6
7,1650,0,0,312995,103650,7
8,1800,0,0,312996,103650,8
9,1950,0,0,312997,103650,9
10,2100,0,0,312998,103650,10
11,2350,0,0,312999,103650,11
12,2500,0,0,313000,103650,12
13,2650,0,0,313001,103650,13
14,3000,0,0,313002,103650,14
0,0,0,0,313417,103826,0
1,1,0,0,313418,103826,1
0,-80,0,0,313756,103982,0
0,0,0,0,313757,103982,1
0.36805558,0,0,0,313758,103982,2
0.8958334,0,0,0,313759,103982,3
2.888889,-80,0,0,313760,103982,4
3.0000002,-80,0,0,313761,103982,5
0,0,0,0,313765,91270,0
3.752,0,0,0,313766,91270,1
0,-80,0,0,313915,104024,0
0,0,0,0,313916,104024,1
0.22474538,0,0,0,313917,104024,2
0.52012503,0,0,0,313918,104024,3
2.0740788,-80,0,0,313919,104024,4
2.7740002,-80,0,0,313920,104024,5
0,-80,0,0,313953,104034,0
0,0,0,0,313954,104034,1
0.5555556,0,0,0,313955,104034,2
1.4467592,0,0,0,313956,104034,3
5,-80,0,0,313957,104034,4
0,0.973262,0,0,314103,104071,0
1,0.80748665,0,0,314104,104071,1
0,-80,0,0,314146,104087,0
0.19175464,0,0,0,314147,104087,1
0.47938657,0,0,0,314148,104087,2
1.027257,0,0,0,314149,104087,3
3.0680742,-80,0,0,314150,104087,4
5.766336,-80,0,0,314151,104087,5
5.9170003,-80,0,0,314152,104087,6
0,0.5989305,0,0,314244,104114,0
1,0.41176468,0,0,314245,104114,1
0,0,0,0,314336,104144,0
1,1,0,0,314337,104144,1
0,0,0,0,314338,104145,0
1,1,0,0,314339,104145,1
0,0,0,0,314340,104146,0
1,1,0,0,314341,104146,1
0,0,0,0,314342,104147,0
1,1,0,0,314343,104147,1
0,0,0,0,314344,104148,0
1,1,0,0,314345,104148,1
0,0,0,0,314346,104149,0
1,1,0,0,314347,104149,1
0,0,0,0,314348,104150,0
1,1,0,0,314349,104150,1
0,0,0,0,314350,104151,0
1,1,0,0,314351,104151,1
0,0,0,0,314352,104152,0
1,1,0,0,314353,104152,1
0,0,0,0,314354,104153,0
1,1,0,0,314355,104153,1
0,0,0,0,314356,104154,0
1,1,0,0,314357,104154,1
0,0,0,0,314358,104155,0
1,1,0,0,314359,104155,1
0,0,0,0,314360,104156,0
1,1,0,0,314361,104156,1
0,0,0,0,314362,104157,0
1,1,0,0,314363,104157,1
0,0,0,0,314364,104158,0
1,1,0,0,314365,104158,1
0,0,0,0,314366,104159,0
1,1,0,0,314367,104159,1
0,0,0,0,314368,104160,0
1,1,0,0,314369,104160,1
0,0,0,0,314370,104161,0
1,1,0,0,314371,104161,1
0,0,0,0,314372,104162,0
1,1,0,0,314373,104162,1
0,0,0,0,314374,104163,0
1,1,0,0,314375,104163,1
0,0,0,0,314376,104164,0
1,1,0,0,314377,104164,1
0,0,0,0,314378,104165,0
1,1,0,0,314379,104165,1
0,0,0,0,314380,104166,0
1,1,0,0,314381,104166,1
0,0,0,0,314382,104167,0
1,1,0,0,314383,104167,1
0,0,0,0,314384,104168,0
1,1,0,0,314385,104168,1
0,0,0,0,314386,104169,0
1,1,0,0,314387,104169,1
0,0,0,0,314388,104170,0
1,1,0,0,314389,104170,1
0,0,0,0,314390,104171,0
1,1,0,0,314391,104171,1
0,0,0,0,314392,104172,0
1,1,0,0,314393,104172,1
0,0,0,0,314394,104173,0
1,1,0,0,314395,104173,1
0,0,0,0,314396,104174,0
1,1,0,0,314397,104174,1
0,0,0,0,314398,104175,0
1,1,0,0,314399,104175,1
0,0,0,0,314400,104176,0
1,1,0,0,314401,104176,1
0,0,0,0,314402,104177,0
1,1,0,0,314403,104177,1
0,0,0,0,314404,104178,0
1,1,0,0,314405,104178,1
0,0,0,0,314406,104179,0
1,1,0,0,314407,104179,1
0,0,0,0,314420,104183,0
1,1,0,0,314421,104183,1
0,0,0,0,314422,104184,0
1,1,0,0,314423,104184,1
0,0,0,0,314424,104185,0
1,1,0,0,314425,104185,1
0,0,0,0,314426,104186,0
1,1,0,0,314427,104186,1
0,0,0,0,314428,104187,0
1,1,0,0,314429,104187,1
0,0,0,0,314430,104188,0
1,1,0,0,314431,104188,1
0,0,0,0,314432,104189,0
1,1,0,0,314433,104189,1
0,0,0,0,314434,104190,0
1,1,0,0,314435,104190,1
0,0,0,0,314436,104191,0
1,1,0,0,314437,104191,1
0,0,0,0,314438,104192,0
1,1,0,0,314439,104192,1
0,0,0,0,314440,104193,0
1,1,0,0,314441,104193,1
0,0,0,0,314442,104194,0
1,1,0,0,314443,104194,1
0,0,0,0,314444,104195,0
1,1,0,0,314445,104195,1
0,0,0,0,314446,104196,0
1,1,0,0,314447,104196,1
0,0,0,0,314448,104197,0
1,1,0,0,314449,104197,1
0,0,0,0,314450,104198,0
1,1,0,0,314451,104198,1
0,0,0,0,314452,104199,0
1,1,0,0,314453,104199,1
0,0,0,0,314454,104200,0
1,1,0,0,314455,104200,1
0,0,0,0,314456,104201,0
1,1,0,0,314457,104201,1
0,0,0,0,314458,104202,0
1,1,0,0,314459,104202,1
0,0,0,0,314460,104203,0
1,1,0,0,314461,104203,1
0,0,0,0,314462,104204,0
1,1,0,0,314463,104204,1
0,0,0,0,314464,104205,0
1,1,0,0,314465,104205,1
0,0,0,0,314466,104206,0
1,1,0,0,314467,104206,1
0,0,0,0,314468,104207,0
1,1,0,0,314469,104207,1
0,0,0,0,314470,104208,0
1,1,0,0,314471,104208,1
0,0,0,0,314472,104209,0
1,1,0,0,314473,104209,1
0,0,0,0,314474,104210,0
1,1,0,0,314475,104210,1
0,0,0,0,314476,104211,0
1,1,0,0,314477,104211,1
0,0,0,0,314478,104212,0
1,1,0,0,314479,104212,1
0,0,0,0,314480,104213,0
1,1,0,0,314481,104213,1
0,0,0,0,314482,104214,0
1,1,0,0,314483,104214,1
0,0,0,0,314484,104215,0
1,1,0,0,314485,104215,1
0,0,0,0,314486,104216,0
1,1,0,0,314487,104216,1
0,0,0,0,314488,104217,0
1,1,0,0,314489,104217,1
0,0,0,0,314490,104218,0
1,1,0,0,314491,104218,1
0,0,0,0,314559,104240,0
1,1,0,0,314560,104240,1
0,0,0,0,314561,104241,0
1,1,0,0,314562,104241,1
0,0,0,0,314563,104242,0
1,1,0,0,314564,104242,1
0,0,0,0,314565,104243,0
1,1,0,0,314566,104243,1
0,0,0,0,314567,104244,0
1,1,0,0,314568,104244,1
0,0,0,0,314569,104245,0
1,1,0,0,314570,104245,1
0,0,0,0,314571,104246,0
1,1,0,0,314572,104246,1
0,0,0,0,314573,104247,0
1,1,0,0,314574,104247,1
0,0,0,0,314575,104248,0
1,1,0,0,314576,104248,1
0,0,0,0,314577,104249,0
1,1,0,0,314578,104249,1
0,0,0,0,314579,104250,0
1,1,0,0,314580,104250,1
0,0,0,0,314581,104251,0
1,1,0,0,314582,104251,1
0,0,0,0,314583,104252,0
1,1,0,0,314584,104252,1
0,0,0,0,314585,104253,0
1,1,0,0,314586,104253,1
0,0,0,0,314587,104254,0
1,1,0,0,314588,104254,1
0,0,0,0,314589,104255,0
1,1,0,0,314590,104255,1
0,0,0,0,314591,104256,0
1,1,0,0,314592,104256,1
0,0,0,0,314593,104257,0
1,1,0,0,314594,104257,1
0,0,0,0,314595,104258,0
1,1,0,0,314596,104258,1
0,0,0,0,314597,104259,0
1,1,0,0,314598,104259,1
0,0,0,0,314599,104260,0
1,1,0,0,314600,104260,1
0,0,0,0,314601,104261,0
1,1,0,0,314602,104261,1
0,0,0,0,314603,104262,0
1,1,0,0,314604,104262,1
0,0,0,0,314605,104263,0
1,1,0,0,314606,104263,1
0,0,0,0,314607,104264,0
1,1,0,0,314608,104264,1
0,0,0,0,314609,104265,0
1,1,0,0,314610,104265,1
0,0,0,0,314611,104266,0
1,1,0,0,314612,104266,1
0,0,0,0,314613,104267,0
1,1,0,0,314614,104267,1
0,0,0,0,314615,104268,0
1,1,0,0,314616,104268,1
0,0,0,0,314617,104269,0
1,1,0,0,314618,104269,1
0,0,0,0,314619,104270,0
1,1,0,0,314620,104270,1
0,0,0,0,314621,104271,0
1,1,0,0,314622,104271,1
0,0,0,0,314623,104272,0
1,1,0,0,314624,104272,1
0,0,0,0,314625,104273,0
1,1,0,0,314626,104273,1
0,0,0,0,314627,104274,0
1,1,0,0,314628,104274,1
0,0,0,0,314629,104275,0
1,1,0,0,314630,104275,1
0,0,0,0,314735,104306,0
1,1,0,0,314736,104306,1
0,0,0,0,314737,104307,0
1,1,0,0,314738,104307,1
0,0,0,0,314739,104308,0
1,1,0,0,314740,104308,1
0,0,0,0,314741,104309,0
1,1,0,0,314742,104309,1
0,0,0,0,314743,104310,0
1,1,0,0,314744,104310,1
0,0,0,0,314745,104311,0
1,1,0,0,314746,104311,1
0,0,0,0,314747,104312,0
1,1,0,0,314748,104312,1
0,0,0,0,314749,104313,0
1,1,0,0,314750,104313,1
0,0,0,0,314751,104314,0
1,1,0,0,314752,104314,1
0,0,0,0,314753,104315,0
1,1,0,0,314754,104315,1
0,0,0,0,314755,104316,0
1,1,0,0,314756,104316,1
0,0,0,0,314757,104317,0
1,1,0,0,314758,104317,1
0,0,0,0,314759,104318,0
1,1,0,0,314760,104318,1
0,0,0,0,314761,104319,0
1,1,0,0,314762,104319,1
0,0,0,0,314763,104320,0
1,1,0,0,314764,104320,1
0,0,0,0,314765,104321,0
1,1,0,0,314766,104321,1
0,0,0,0,314767,104322,0
1,1,0,0,314768,104322,1
0,0,0,0,314769,104323,0
1,1,0,0,314770,104323,1
0,0,0,0,314771,104324,0
1,1,0,0,314772,104324,1
0,0,0,0,314773,104325,0
1,1,0,0,314774,104325,1
0,0,0,0,314775,104326,0
1,1,0,0,314776,104326,1
0,0,0,0,314777,104327,0
1,1,0,0,314778,104327,1
0,0,0,0,314779,104328,0
1,1,0,0,314780,104328,1
0,0,0,0,314781,104329,0
1,1,0,0,314782,104329,1
0,0,0,0,314783,104330,0
1,1,0,0,314784,104330,1
0,0,0,0,314785,104331,0
1,1,0,0,314786,104331,1
0,0,0,0,314787,104332,0
1,1,0,0,314788,104332,1
0,0,0,0,314789,104333,0
1,1,0,0,314790,104333,1
0,0,0,0,314791,104334,0
1,1,0,0,314792,104334,1
0,0,0,0,314793,104335,0
1,1,0,0,314794,104335,1
0,0,0,0,314795,104336,0
1,1,0,0,314796,104336,1
0,0,0,0,314797,104337,0
1,1,0,0,314798,104337,1
0,0,0,0,314799,104338,0
1,1,0,0,314800,104338,1
0,0,0,0,314801,104339,0
1,1,0,0,314802,104339,1
0,0,0,0,314803,104340,0
1,1,0,0,314804,104340,1
0,0,0,0,314805,104341,0
1,1,0,0,314806,104341,1
0,0,0,0,314807,104342,0
1,1,0,0,314808,104342,1
0,0,0,0,314809,104343,0
1,1,0,0,314810,104343,1
0,0,0,0,314811,104344,0
1,1,0,0,314812,104344,1
0,0,0,0,314813,104345,0
1,1,0,0,314814,104345,1
0,0,0,0,314815,104346,0
1,1,0,0,314816,104346,1
0,0,0,0,314817,104347,0
1,1,0,0,314818,104347,1
0,0,0,0,314840,104354,0
1,1,0,0,314841,104354,1
0,0,0,0,314842,104355,0
1,1,0,0,314843,104355,1
0,0,0,0,314844,104356,0
1,1,0,0,314845,104356,1
0,0,0,0,314846,104357,0
1,1,0,0,314847,104357,1
0,0,0,0,314848,104358,0
1,1,0,0,314849,104358,1
0,0,0,0,314850,104359,0
1,1,0,0,314851,104359,1
0,0,0,0,314852,104360,0
1,1,0,0,314853,104360,1
0,0,0,0,314854,104361,0
1,1,0,0,314855,104361,1
0,0,0,0,314856,104362,0
1,1,0,0,314857,104362,1
0,0,0,0,314858,104363,0
1,1,0,0,314859,104363,1
0,0,0,0,314860,104364,0
1,1,0,0,314861,104364,1
0,0,0,0,314862,104365,0
1,1,0,0,314863,104365,1
0,0,0,0,314864,104366,0
1,1,0,0,314865,104366,1
0,0,0,0,314866,104367,0
1,1,0,0,314867,104367,1
0,0,0,0,314868,104368,0
1,1,0,0,314869,104368,1
1,0.193,0,0,314875,104370,0
2,0.216,0,0,314876,104370,1
3,0.264,0,0,314877,104370,2
0,0,0,0,315108,104431,0
1,1,0,0,315109,104431,1
0,0,0,0,315110,104432,0
1,1,0,0,315111,104432,1
0,0,0,0,315112,104433,0
1,1,0,0,315113,104433,1
0,0,0,0,315114,104434,0
1,1,0,0,315115,104434,1
0,0,0,0,315116,104435,0
1,1,0,0,315117,104435,1
0,0,0,0,315118,104436,0
1,1,0,0,315119,104436,1
0,0,0,0,315120,104437,0
1,1,0,0,315121,104437,1
0,0,0,0,315122,104438,0
1,1,0,0,315123,104438,1
0,0,0,0,315124,104439,0
1,1,0,0,315125,104439,1
0,0,0,0,315126,104440,0
1,1,0,0,315127,104440,1
0,0,0,0,315128,104441,0
1,1,0,0,315129,104441,1
0,0,0,0,315130,104442,0
1,1,0,0,315131,104442,1
0,0,0,0,315132,104443,0
1,1,0,0,315133,104443,1
0,0,0,0,315134,104444,0
1,1,0,0,315135,104444,1
0,0,0,0,315136,104445,0
1,1,0,0,315137,104445,1
0,0,0,0,315138,104446,0
1,1,0,0,315139,104446,1
0,0,0,0,315140,104447,0
1,1,0,0,315141,104447,1
0,0,0,0,315142,104448,0
1,1,0,0,315143,104448,1
0,0,0,0,315144,104449,0
1,1,0,0,315145,104449,1
0,0,0,0,315146,104450,0
1,1,0,0,315147,104450,1
0,0,0,0,315148,104451,0
1,1,0,0,315149,104451,1
0,0,0,0,315150,104452,0
1,1,0,0,315151,104452,1
0,0,0,0,315152,104453,0
1,1,0,0,315153,104453,1
0,0,0,0,315154,104454,0
1,1,0,0,315155,104454,1
0,0,0,0,315156,104455,0
1,1,0,0,315157,104455,1
0,0,0,0,315158,104456,0
1,1,0,0,315159,104456,1
0,0,0,0,315160,104457,0
1,1,0,0,315161,104457,1
0,0,0,0,315162,104458,0
1,1,0,0,315163,104458,1
0,0,0,0,315164,104459,0
1,1,0,0,315165,104459,1
0,0,0,0,315166,104460,0
1,1,0,0,315167,104460,1
0,0,0,0,315168,104461,0
1,1,0,0,315169,104461,1
0,0,0,0,315170,104462,0
1,1,0,0,315171,104462,1
0,0,0,0,315172,104463,0
1,1,0,0,315173,104463,1
0,0,0,0,315174,104464,0
1,1,0,0,315175,104464,1
0,0,0,0,315176,104465,0
1,1,0,0,315177,104465,1
0,0,0,0,315178,104466,0
1,1,0,0,315179,104466,1
0,-80,0,0,315233,104480,0
0,0,0,0,315234,104480,1
0.7083334,0,0,0,315235,104480,2
2.8055558,-80,0,0,315236,104480,3
3.0000002,-80,0,0,315237,104480,4
0,0,0,0,315260,104485,0
0.20727272,0,0,0,315261,104485,1
0.40727273,0.18181819,0,0,315262,104485,2
0.6181818,0.6791444,0,0,315263,104485,3
0.7854546,0.8502674,0,0,315264,104485,4
1,0.8983957,0,0,315265,104485,5
4,0.31,0,0,315393,104370,3
6,0.395,0,0,315394,104370,4
7,0.436,0,0,315395,104370,5
8,0.475,0,0,315396,104370,6
9,0.514,0,0,315397,104370,7
10,0.552,0,0,315398,104370,8
11,0.588,0,0,315399,104370,9
12,0.625,0,0,315400,104370,10
13,0.661,0,0,315401,104370,11
14,0.696,0,0,315402,104370,12
15,0.766,0,0,315403,104370,13
16,0.8,0,0,315404,104370,14
17,0.835,0,0,315405,104370,15
18,0.885,0,0,315406,104370,16
19,0.919,0,0,315407,104370,17
20,1,0,0,315408,104370,18
21,1.034,0,0,315409,104370,19
22,1.067,0,0,315410,104370,20
23,1.101,0,0,315411,104370,21
24,1.165,0,0,315412,104370,22
25,1.229,0,0,315413,104370,23
26,1.278,0,0,315414,104370,24
27,1.328,0,0,315415,104370,25
28,1.405,0,0,315416,104370,26
29,1.522,0,0,315417,104370,27
30,1.612,0,0,315418,104370,28
31,1.662,0,0,315419,104370,29
32,1.752,0,0,315420,104370,30
33,1.805,0,0,315421,104370,31
34,1.858,0,0,315422,104370,32
35,1.964,0,0,315423,104370,33
36,2.032,0,0,315424,104370,34
37,2.126,0,0,315425,104370,35
38,2.196,0,0,315426,104370,36
39,2.292,0,0,315427,104370,37
40,2.351,0,0,315428,104370,38
41,2.446,0,0,315429,104370,39
42,2.506,0,0,315430,104370,40
43,2.626,0,0,315431,104370,41
44,2.686,0,0,315432,104370,42
45,2.782,0,0,315433,104370,43
46,2.854,0,0,315434,104370,44
47,2.95,0,0,315435,104370,45
48,3.012,0,0,315436,104370,46
49,3.074,0,0,315437,104370,47
50,3.195,0,0,315438,104370,48
51,3.269,0,0,315439,104370,49
52,3.378,0,0,315440,104370,50
53,3.475,0,0,315441,104370,51
54,3.583,0,0,315442,104370,52
55,3.658,0,0,315443,104370,53
56,3.788,0,0,315444,104370,54
57,3.863,0,0,315445,104370,55
58,3.972,0,0,315446,104370,56
59,4.048,0,0,315447,104370,57
60,4.167,0,0,315448,104370,58
61,4.266,0,0,315449,104370,59
62,4.4,0,0,315450,104370,60
63,4.514,0,0,315451,104370,61
64,4.662,0,0,315452,104370,62
65,4.768,0,0,315453,104370,63
66,4.908,0,0,315454,104370,64
67,5.016,0,0,315455,104370,65
68,5.169,0,0,315456,104370,66
69,5.292,0,0,315457,104370,67
70,5.437,0,0,315458,104370,68
71,5.593,0,0,315459,104370,69
72,5.709,0,0,315460,104370,70
73,5.858,0,0,315461,104370,71
74,5.998,0,0,315462,104370,72
75,6.15,0,0,315463,104370,73
76,6.282,0,0,315464,104370,74
77,6.415,0,0,315465,104370,75
78,6.594,0,0,315466,104370,76
79,6.762,0,0,315467,104370,77
80,6.899,0,0,315468,104370,78
81,7.082,0,0,315469,104370,79
82,7.222,0,0,315470,104370,80
83,7.376,0,0,315471,104370,81
84,7.552,0,0,315472,104370,82
85,7.697,0,0,315473,104370,83
86,7.876,0,0,315474,104370,84
87,8.024,0,0,315475,104370,85
88,8.196,0,0,315476,104370,86
89,8.347,0,0,315477,104370,87
90,8.533,0,0,315478,104370,88
91,8.741,0,0,315479,104370,89
92,8.898,0,0,315480,104370,90
93,9.055,0,0,315481,104370,91
94,9.215,0,0,315482,104370,92
95,9.408,0,0,315483,104370,93
96,9.572,0,0,315484,104370,94
97,9.736,0,0,315485,104370,95
98,9.902,0,0,315486,104370,96
99,10.091,0,0,315487,104370,97
100,10.293,0,0,315488,104370,98
123,10.293,0,0,315489,104370,99
0,0.15,0,0,315605,104526,0
0.1,1,0,0,315606,104526,1
0.6,1,0,0,315607,104526,2
1,0.15,0,0,315608,104526,3
0,0,0,0,315742,104560,0
0.26181817,0.026737988,0,0,315743,104560,1
0.7163636,0.95187163,0,0,315744,104560,2
1,1,0,0,315745,104560,3
0,-80,0,0,315940,104621,0
0.75,-3,0,0,315941,104621,1
1,0,0,0,315942,104621,2
0,0,0,0,315980,104635,0
0.29818183,0.053475916,0,0,315981,104635,1
0.7309091,0.973262,0,0,315982,104635,2
1,1,0,0,315983,104635,3
0,-80,0,-80,316212,104694,0
1,0,0.03125,-30,316213,104694,1
0,-80,0,0,316230,104701,0
0,0,0,0,316231,104701,1
0.20081945,0,0,0,316232,104701,2
0.3593611,0,0,0,316233,104701,3
1.5220001,-80,0,0,316234,104701,4
2.283,-80,0,0,316235,104701,5
1,350,0,0,316256,104708,0
11,400,0,0,316257,104708,1
21,450,0,0,316258,104708,2
1,800,0,0,316259,104709,0
11,850,0,0,316260,104709,1
21,900,0,0,316261,104709,2
31,950,0,0,316262,104709,3
41,1000,0,0,316263,104709,4
50,1000,0,0,316264,104709,5
31,500,0,0,316265,104708,3
41,550,0,0,316266,104708,4
50,550,0,0,316267,104708,5
0,-80,0,0,316371,104746,0
0.2777778,0,0,0,316372,104746,1
0.84722227,0,0,0,316373,104746,2
1.0972223,0,0,0,316374,104746,3
5.694445,-80,0,0,316375,104746,4
6.0000005,-80,0,0,316376,104746,5
0,-80,0,-80,316439,104777,0
0,0,0,0,316440,104777,1
0.35077778,0,0.35077778,0,316441,104777,2
0.6451806,-80,0.6451806,-80,316442,104777,3
1.353,-80,1.353,-80,316443,104777,4
0,-80,0,0,316492,104778,0
0,0,0,0,316493,104778,1
0.3442593,0,0,0,316494,104778,2
1.5160649,0,0,0,316495,104778,3
2.8600001,-80,0,0,316496,104778,4
0,-80,0,0,316502,104780,0
0,0,0,0,316503,104780,1
0.20706713,0,0,0,316504,104780,2
0.63030326,-80,0,0,316505,104780,3
0.98300004,-80,0,0,316506,104780,4
0,0,0,0,316545,104788,0
2.686,-10.543934,0,0,316546,104788,1
0,0,0,0,316547,104789,0
2.686,-10.543934,0,0,316548,104789,1
1,2,0,0,316599,104809,0
2,4,0,0,316600,104809,1
3,6,0,0,316601,104809,2
4,8,0,0,316602,104809,3
5,10,0,0,316603,104809,4
1,20,0,0,316604,104810,0
2,40,0,0,316605,104810,1
3,60,0,0,316606,104810,2
4,80,0,0,316607,104810,3
5,100,0,0,316608,104810,4
4,80,0,0,316609,82810,3
5,100,0,0,316610,82810,4
1,1,0,0,316663,104822,0
2,2,0,0,316664,104822,1
3,3,0,0,316665,104822,2
0,-80,0,0,316666,104823,0
0,0,0,0,316667,104823,1
0.03361111,0,0,0,316668,104823,2
0.8458797,0,0,0,316669,104823,3
2.42,-80,0,0,316670,104823,4
0,0,0,0,316705,104833,0
0.4618182,-46.631016,0,0,316706,104833,1
0.52363634,-80,0,0,316707,104833,2
1,-80,0,0,316708,104833,3
0,0,0,0,316714,104835,0
0.4618182,-46.631016,0,0,316715,104835,1
0.52363634,-80,0,0,316716,104835,2
1,-80,0,0,316717,104835,3
0,9.9414215,0,0,316724,104838,0
0.19625002,0.10041809,0,0,316725,104838,1
1.4130001,0,0,0,316726,104838,2
0,-80,0,0,316730,104841,0
0,0,0,0,316731,104841,1
0,0,0,0,316732,104841,2
0,0,0,0,316733,104841,3
1.4233009,-80,0,0,316734,104841,4
2.374,-80,0,0,316735,104841,5
0,-80,0,0,316736,104842,0
0,0,0,0,316737,104842,1
0.33591667,0,0,0,316738,104842,2
2.0618334,0,0,0,316739,104842,3
5.004,-80,0,0,316740,104842,4
0,-80,0,0,316765,104849,0
0.75,-3,0,0,316766,104849,1
1,0,0,0,316767,104849,2
0,-80,0,0,316779,104854,0
0,0,0,0,316780,104854,1
0.4194259,0,0,0,316781,104854,2
0.8316204,0,0,0,316782,104854,3
2.0031204,-80,0,0,316783,104854,4
3.124,-80,0,0,316784,104854,5
3,6,0,0,316807,82980,2
1,15,0,0,316808,104858,0
2,30,0,0,316809,104858,1
0,-80,0,0,316826,104867,0
0,0,0,0,316827,104867,1
0.34444445,0,0,0,316828,104867,2
1.6899307,-80,0,0,316829,104867,3
4.65,-80,0,0,316830,104867,4
4,4,0,0,316864,83078,3
5,5,0,0,316865,83078,4
0,0,0,0,316907,104514,0
7.952,0,0,0,316908,104514,1
0,0,0,0,316909,104899,0
6.0000005,0,0,0,316910,104899,1
0,0,0,0,316912,104901,0
1,1,0,0,316913,104901,1
0,0,0,0,316914,104902,0
1,1,0,0,316915,104902,1
0,0,0,0,316916,104903,0
1,1,0,0,316917,104903,1
0,0,0,0,316918,104904,0
1,1,0,0,316919,104904,1
0,0,0,0,316920,104905,0
1,1,0,0,316921,104905,1
0,0,0,0,316922,104906,0
1,1,0,0,316923,104906,1
0,0,0,0,316924,104907,0
1,1,0,0,316925,104907,1
0,0,0,0,316926,104908,0
1,1,0,0,316927,104908,1
0,0,0,0,316928,104909,0
1,1,0,0,316929,104909,1
0,0,0,0,316930,104910,0
1,1,0,0,316931,104910,1
0,0,0,0,316932,104911,0
1,1,0,0,316933,104911,1
0,0,0,0,316934,104912,0
1,1,0,0,316935,104912,1
0,0,0,0,316936,104913,0
1,1,0,0,316937,104913,1
0,0,0,0,316938,104914,0
1,1,0,0,316939,104914,1
0,0,0,0,316940,104915,0
1,1,0,0,316941,104915,1
0,0,0,0,316942,104916,0
1,1,0,0,316943,104916,1
0,0,0,0,316944,104917,0
1,1,0,0,316945,104917,1
0,0,0,0,316946,104918,0
1,1,0,0,316947,104918,1
0,0,0,0,316948,104919,0
1,1,0,0,316949,104919,1
0,0,0,0,316950,104920,0
1,1,0,0,316951,104920,1
0,0,0,0,316952,104921,0
1,1,0,0,316953,104921,1
0,0,0,0,316954,104922,0
1,1,0,0,316955,104922,1
0,0,0,0,316956,104923,0
1,1,0,0,316957,104923,1
0,0,0,0,316958,104924,0
1,1,0,0,316959,104924,1
0,0,0,0,316960,104925,0
1,1,0,0,316961,104925,1
0,0,0,0,316962,104926,0
1,1,0,0,316963,104926,1
0,0,0,0,316964,104927,0
1,1,0,0,316965,104927,1
0,0,0,0,316966,104928,0
1,1,0,0,316967,104928,1
0,0,0,0,316968,104929,0
1,1,0,0,316969,104929,1
0,0,0,0,316970,104930,0
1,1,0,0,316971,104930,1
0,0,0,0,316972,104931,0
1,1,0,0,316973,104931,1
0,0,0,0,316974,104932,0
1,1,0,0,316975,104932,1
0,0,0,0,316976,104933,0
1,1,0,0,316977,104933,1
0,1,0,0,316978,104934,0
12,1,0,0,316979,104934,1
30,0.1,0,0,316980,104934,2
60,0.1,0,0,316981,104934,3
0,0,0,0,317003,104940,0
1,1,0,0,317004,104940,1
0,0,0,0,317005,104941,0
1,1,0,0,317006,104941,1
0,0,0,0,317007,104942,0
1,1,0,0,317008,104942,1
0,0,0,0,317009,104943,0
1,1,0,0,317010,104943,1
0,0,0,0,317011,104944,0
1,1,0,0,317012,104944,1
0,0,0,0,317013,104945,0
1,1,0,0,317014,104945,1
0,0,0,0,317015,104946,0
1,1,0,0,317016,104946,1
0,0,0,0,317017,104947,0
1,1,0,0,317018,104947,1
0,0,0,0,317019,104948,0
1,1,0,0,317020,104948,1
0,0,0,0,317021,104949,0
1,1,0,0,317022,104949,1
0,0,0,0,317023,104950,0
1,1,0,0,317024,104950,1
0,0,0,0,317025,104951,0
1,1,0,0,317026,104951,1
0,0,0,0,317027,104952,0
1,1,0,0,317028,104952,1
0,0,0,0,317029,104953,0
1,1,0,0,317030,104953,1
0,0,0,0,317031,104954,0
1,1,0,0,317032,104954,1
0,0,0,0,317033,104955,0
1,1,0,0,317034,104955,1
0,0,0,0,317035,104956,0
1,1,0,0,317036,104956,1
0,0,0,0,317037,104957,0
1,1,0,0,317038,104957,1
0,0,0,0,317039,104958,0
1,1,0,0,317040,104958,1
0,0,0,0,317041,104959,0
1,1,0,0,317042,104959,1
0,0,0,0,317043,104960,0
1,1,0,0,317044,104960,1
0,0,0,0,317045,104961,0
1,1,0,0,317046,104961,1
0,0,0,0,317047,104962,0
1,1,0,0,317048,104962,1
0,0,0,0,317049,104963,0
1,1,0,0,317050,104963,1
0,0,0,0,317051,104964,0
1,1,0,0,317052,104964,1
0,0,0,0,317053,104965,0
1,1,0,0,317054,104965,1
0,0,0,0,317055,104966,0
1,1,0,0,317056,104966,1
0,0,0,0,317057,104967,0
1,1,0,0,317058,104967,1
0,0,0,0,317059,104968,0
1,1,0,0,317060,104968,1
0,0,0,0,317061,104969,0
1,1,0,0,317062,104969,1
0,0,0,0,317063,104970,0
1,1,0,0,317064,104970,1
0,0,0,0,317065,104971,0
1,1,0,0,317066,104971,1
0,0,0,0,317067,104972,0
1,1,0,0,317068,104972,1
0,0,0,0,317279,105054,0
1,1,0,0,317280,105054,1
0,0,0,0,317281,105055,0
1,1,0,0,317282,105055,1
0,0,0,0,317283,105056,0
1,1,0,0,317284,105056,1
0,0,0,0,317285,105057,0
1,1,0,0,317286,105057,1
0,0,0,0,317287,105058,0
1,1,0,0,317288,105058,1
0,0,0,0,317289,105059,0
1,1,0,0,317290,105059,1
0,-80,0,0,317297,105062,0
0,0,0,0,317298,105062,1
0.39814815,0,0,0,317299,105062,2
2.0185184,0,0,0,317300,105062,3
4,-80,0,0,317301,105062,4
0,-80,0,0,317305,105064,0
0,0,0,0,317306,105064,1
0.8564815,0,0,0,317307,105064,2
1.8287038,0,0,0,317308,105064,3
3.8194444,0,0,0,317309,105064,4
10,-80,0,0,317310,105064,5
0,0,0,0,317319,105066,0
1,1,0,0,317320,105066,1
0,0,0,0,317321,105067,0
1,1,0,0,317322,105067,1
0,0,0,0,317323,105068,0
1,1,0,0,317324,105068,1
0,0,0,0,317325,105069,0
1,1,0,0,317326,105069,1
0,0,0,0,317327,105070,0
1,1,0,0,317328,105070,1
0,0,0,0,317329,105071,0
1,1,0,0,317330,105071,1
0,0,0,0,317331,105072,0
1,1,0,0,317332,105072,1
0,0,0,0,317333,105073,0
1,1,0,0,317334,105073,1
0,0,0,0,317335,105074,0
1,1,0,0,317336,105074,1
0,0,0,0,317337,105075,0
1,1,0,0,317338,105075,1
0,0,0,0,317339,105076,0
1,1,0,0,317340,105076,1
0,0,0,0,317341,105077,0
1,1,0,0,317342,105077,1
0,0,0,0,317343,105078,0
1,1,0,0,317344,105078,1
0,0,0,0,317345,105079,0
1,1,0,0,317346,105079,1
0,0,0,0,317347,105080,0
1,1,0,0,317348,105080,1
0,0,0,0,317349,105081,0
1,1,0,0,317350,105081,1
0,0,0,0,317351,105082,0
1,1,0,0,317352,105082,1
0,0,0,0,317353,105083,0
1,1,0,0,317354,105083,1
0,0,0,0,317355,105084,0
1,1,0,0,317356,105084,1
0,0,0,0,317357,105085,0
1,1,0,0,317358,105085,1
0,0,0,0,317359,105086,0
1,1,0,0,317360,105086,1
0,0,0,0,317361,105087,0
1,1,0,0,317362,105087,1
0,0,0,0,317363,105088,0
1,1,0,0,317364,105088,1
0,0,0,0,317365,105089,0
1,1,0,0,317366,105089,1
0,0,0,0,317367,105090,0
1,1,0,0,317368,105090,1
0,0,0,0,317369,105091,0
1,1,0,0,317370,105091,1
0,0,0,0,317371,105092,0
1,1,0,0,317372,105092,1
0,0,0,0,317373,105093,0
1,1,0,0,317374,105093,1
0,0,0,0,317375,105094,0
1,1,0,0,317376,105094,1
0,0,0,0,317377,105095,0
1,1,0,0,317378,105095,1
0,0,0,0,317379,105096,0
1,1,0,0,317380,105096,1
0,0,0,0,317381,105097,0
1,1,0,0,317382,105097,1
0,0,0,0,317383,105098,0
1,1,0,0,317384,105098,1
0,0,0,0,317385,105099,0
1,1,0,0,317386,105099,1
0,0,0,0,317387,105100,0
1,1,0,0,317388,105100,1
0,0,0,0,317389,105101,0
1,1,0,0,317390,105101,1
0,-80,0,0,317507,105140,0
0,0,0,0,317508,105140,1
0.8564815,0,0,0,317509,105140,2
1.8287038,0,0,0,317510,105140,3
3.8194444,0,0,0,317511,105140,4
10,-80,0,0,317512,105140,5
0,0,0,0,317578,105160,0
1,1,0,0,317579,105160,1
0,0,0,0,317580,105161,0
1,1,0,0,317581,105161,1
0,0,0,0,317582,105162,0
1,1,0,0,317583,105162,1
0,0,0,0,317584,105163,0
1,1,0,0,317585,105163,1
0,0,0,0,317586,105164,0
1,1,0,0,317587,105164,1
0,0,0,0,317588,105165,0
1,1,0,0,317589,105165,1
0,0,0,0,317590,105166,0
1,1,0,0,317591,105166,1
0,0,0,0,317592,105167,0
1,1,0,0,317593,105167,1
0,0,0,0,317594,105168,0
1,1,0,0,317595,105168,1
0,0,0,0,317596,105169,0
1,1,0,0,317597,105169,1
0,0,0,0,317598,105170,0
1,1,0,0,317599,105170,1
0,0,0,0,317600,105171,0
1,1,0,0,317601,105171,1
0,0,0,0,317602,105172,0
1,1,0,0,317603,105172,1
0,0,0,0,317604,105173,0
1,1,0,0,317605,105173,1
0,0,0,0,317606,105174,0
1,1,0,0,317607,105174,1
0,0,0,0,317608,105175,0
1,1,0,0,317609,105175,1
0,0,0,0,317610,105176,0
1,1,0,0,317611,105176,1
0,0,0,0,317612,105177,0
1,1,0,0,317613,105177,1
0,0,0,0,317614,105178,0
1,1,0,0,317615,105178,1
0,0,0,0,317616,105179,0
1,1,0,0,317617,105179,1
0,0,0,0,317618,105180,0
1,1,0,0,317619,105180,1
0,0,0,0,317620,105181,0
1,1,0,0,317621,105181,1
0,0,0,0,317622,105182,0
1,1,0,0,317623,105182,1
0,0,0,0,317624,105183,0
1,1,0,0,317625,105183,1
0,0,0,0,317626,105184,0
1,1,0,0,317627,105184,1
0,0,0,0,317628,105185,0
1,1,0,0,317629,105185,1
0,0,0,0,317630,105186,0
1,1,0,0,317631,105186,1
0,0,0,0,317632,105187,0
1,1,0,0,317633,105187,1
0,0,0,0,317634,105188,0
1,1,0,0,317635,105188,1
0,0,0,0,317636,105189,0
1,1,0,0,317637,105189,1
0,0,0,0,317638,105190,0
1,1,0,0,317639,105190,1
0,0,0,0,317640,105191,0
1,1,0,0,317641,105191,1
0,0,0,0,317642,105192,0
1,1,0,0,317643,105192,1
0,0,0,0,317644,105193,0
1,1,0,0,317645,105193,1
0,0,0,0,317646,105194,0
1,1,0,0,317647,105194,1
0,0,0,0,317648,105195,0
1,1,0,0,317649,105195,1
0,-80,0,0,317767,105238,0
0,0,0,0,317768,105238,1
0.1388889,0,0,0,317769,105238,2
1.3750001,0,0,0,317770,105238,3
2.965278,-80,0,0,317771,105238,4
3.0000002,-80,0,0,317772,105238,5
0,0,0,0,317868,105277,0
1,1,0,0,317869,105277,1
0,0,0,0,317870,105278,0
1,1,0,0,317871,105278,1
0,0,0,0,317872,105279,0
1,1,0,0,317873,105279,1
0,0,0,0,317874,105280,0
1,1,0,0,317875,105280,1
0,0,0,0,317876,105281,0
1,1,0,0,317877,105281,1
0,0,0,0,317878,105282,0
1,1,0,0,317879,105282,1
0,0,0,0,317880,105283,0
1,1,0,0,317881,105283,1
0,0,0,0,317882,105284,0
1,1,0,0,317883,105284,1
0,0,0,0,317884,105285,0
1,1,0,0,317885,105285,1
0,0,0,0,317886,105286,0
1,1,0,0,317887,105286,1
0,0,0,0,317888,105287,0
1,1,0,0,317889,105287,1
0,0,0,0,317890,105288,0
1,1,0,0,317891,105288,1
0,0,0,0,317892,105289,0
1,1,0,0,317893,105289,1
0,0,0,0,317894,105290,0
1,1,0,0,317895,105290,1
0,0,0,0,317896,105291,0
1,1,0,0,317897,105291,1
0,0,0,0,317898,105292,0
1,1,0,0,317899,105292,1
0,0,0,0,317900,105293,0
1,1,0,0,317901,105293,1
0,0,0,0,317902,105294,0
1,1,0,0,317903,105294,1
0,0,0,0,317904,105295,0
1,1,0,0,317905,105295,1
0,0,0,0,317906,105296,0
1,1,0,0,317907,105296,1
0,0,0,0,317908,105297,0
1,1,0,0,317909,105297,1
0,0,0,0,317910,105298,0
1,1,0,0,317911,105298,1
0,0,0,0,317912,105299,0
1,1,0,0,317913,105299,1
0,0,0,0,317914,105300,0
1,1,0,0,317915,105300,1
0,0,0,0,317916,105301,0
1,1,0,0,317917,105301,1
0,0,0,0,317918,105302,0
1,1,0,0,317919,105302,1
0,0,0,0,317920,105303,0
1,1,0,0,317921,105303,1
0,0,0,0,317922,105304,0
1,1,0,0,317923,105304,1
0,0,0,0,317924,105305,0
1,1,0,0,317925,105305,1
0,0,0,0,317926,105306,0
1,1,0,0,317927,105306,1
0,0,0,0,317928,105307,0
1,1,0,0,317929,105307,1
0,0,0,0,317930,105308,0
1,1,0,0,317931,105308,1
0,0,0,0,317932,105309,0
1,1,0,0,317933,105309,1
0,0,0,0,317934,105310,0
1,1,0,0,317935,105310,1
0,0,0,0,317936,105311,0
1,1,0,0,317937,105311,1
0,0,0,0,317938,105312,0
1,1,0,0,317939,105312,1
0,0,0,0,317940,105313,0
1,1,0,0,317941,105313,1
0,0,0,0,317942,105314,0
1,1,0,0,317943,105314,1
0,0,0,0,317944,105315,0
1,1,0,0,317945,105315,1
0,0,0,0,317946,105316,0
1,1,0,0,317947,105316,1
0,0,0,0,317948,105317,0
1,1,0,0,317949,105317,1
0,0,0,0,317950,105318,0
1,1,0,0,317951,105318,1
0,0,0,0,317952,105319,0
1,1,0,0,317953,105319,1
0,0,0,0,317954,105320,0
1,1,0,0,317955,105320,1
0,0,0,0,317956,105321,0
1,1,0,0,317957,105321,1
0,0,0,0,317958,105322,0
1,1,0,0,317959,105322,1
0,0,0,0,317960,105323,0
1,1,0,0,317961,105323,1
0,0,0,0,317962,105324,0
1,1,0,0,317963,105324,1
0,0,0,0,317964,105325,0
1,1,0,0,317965,105325,1
0,0,0,0,317966,105326,0
1,1,0,0,317967,105326,1
0,0,0,0,317968,105327,0
1,1,0,0,317969,105327,1
0,0,0,0,317970,105328,0
1,1,0,0,317971,105328,1
0,0,0,0,317972,105329,0
1,1,0,0,317973,105329,1
0,0,0,0,317974,105330,0
1,1,0,0,317975,105330,1
0,0,0,0,317976,105331,0
1,1,0,0,317977,105331,1
0,0,0,0,317978,105332,0
1,1,0,0,317979,105332,1
0,0,0,0,317980,105333,0
1,1,0,0,317981,105333,1
0,0,0,0,317982,105334,0
1,1,0,0,317983,105334,1
0,0,0,0,317984,105335,0
1,1,0,0,317985,105335,1
0,0,0,0,317986,105336,0
1,1,0,0,317987,105336,1
0,0,0,0,317988,105337,0
1,1,0,0,317989,105337,1
0,0,0,0,317990,105338,0
1,1,0,0,317991,105338,1
0,0,0,0,317992,105339,0
1,1,0,0,317993,105339,1
0,0,0,0,317994,105340,0
1,1,0,0,317995,105340,1
0,0,0,0,317996,105341,0
1,1,0,0,317997,105341,1
0,0,0,0,317998,105342,0
1,1,0,0,317999,105342,1
0,0,0,0,318000,105343,0
1,1,0,0,318001,105343,1
0,0,0,0,318002,105344,0
1,1,0,0,318003,105344,1
0,0,0,0,318004,105345,0
1,1,0,0,318005,105345,1
0,0,0,0,318006,105346,0
1,1,0,0,318007,105346,1
0,0,0,0,318008,105347,0
1,1,0,0,318009,105347,1
0,0,0,0,318010,105348,0
1,1,0,0,318011,105348,1
0,0,0,0,318012,105349,0
1,1,0,0,318013,105349,1
0,0,0,0,318014,105350,0
1,1,0,0,318015,105350,1
0,0,0,0,318016,105351,0
1,1,0,0,318017,105351,1
0,0,0,0,318018,105352,0
1,1,0,0,318019,105352,1
0,0,0,0,318020,105353,0
1,1,0,0,318021,105353,1
0,0,0,0,318022,105354,0
1,1,0,0,318023,105354,1
0,0,0,0,318024,105355,0
1,1,0,0,318025,105355,1
0,0,0,0,318026,105356,0
1,1,0,0,318027,105356,1
0,0,0,0,318028,105357,0
1,1,0,0,318029,105357,1
0,0,0,0,318030,105358,0
1,1,0,0,318031,105358,1
0,0,0,0,318032,105359,0
1,1,0,0,318033,105359,1
0,0,0,0,318034,105360,0
1,1,0,0,318035,105360,1
0,0,0,0,318036,105361,0
1,1,0,0,318037,105361,1
0,0,0,0,318038,105362,0
1,1,0,0,318039,105362,1
0,0,0,0,318040,105363,0
1,1,0,0,318041,105363,1
0,0,0,0,318042,105364,0
1,1,0,0,318043,105364,1
0,0,0,0,318044,105365,0
1,1,0,0,318045,105365,1
0,0,0,0,318046,105366,0
1,1,0,0,318047,105366,1
0,0,0,0,318048,105367,0
1,1,0,0,318049,105367,1
0,0,0,0,318050,105368,0
1,1,0,0,318051,105368,1
0,0,0,0,318052,105369,0
1,1,0,0,318053,105369,1
0,0,0,0,318054,105370,0
1,1,0,0,318055,105370,1
0,0,0,0,318056,105371,0
1,1,0,0,318057,105371,1
0,0,0,0,318058,105372,0
1,1,0,0,318059,105372,1
0,0,0,0,318060,105373,0
1,1,0,0,318061,105373,1
0,0,0,0,318062,105374,0
1,1,0,0,318063,105374,1
0,0,0,0,318064,105375,0
1,1,0,0,318065,105375,1
0,0,0,0,318073,105378,0
1,1,0,0,318074,105378,1
0,0,0,0,318075,105379,0
1,1,0,0,318076,105379,1
0,0,0,0,318077,105380,0
1,1,0,0,318078,105380,1
0,0,0,0,318079,105381,0
1,1,0,0,318080,105381,1
0,0,0,0,318081,105382,0
1,1,0,0,318082,105382,1
0,0,0,0,318083,105383,0
1,1,0,0,318084,105383,1
0,0,0,0,318085,105384,0
1,1,0,0,318086,105384,1
0,0,0,0,318087,105385,0
1,1,0,0,318088,105385,1
0,0,0,0,318089,105386,0
1,1,0,0,318090,105386,1
0,0,0,0,318091,105387,0
1,1,0,0,318092,105387,1
0,0,0,0,318093,105388,0
1,1,0,0,318094,105388,1
0,0,0,0,318095,105389,0
1,1,0,0,318096,105389,1
0,0,0,0,318097,105390,0
1,1,0,0,318098,105390,1
0,0,0,0,318099,105391,0
1,1,0,0,318100,105391,1
0,0,0,0,318101,105392,0
1,1,0,0,318102,105392,1
0,0,0,0,318103,105393,0
1,1,0,0,318104,105393,1
0,0,0,0,318105,105394,0
1,1,0,0,318106,105394,1
0,0,0,0,318107,105395,0
1,1,0,0,318108,105395,1
0,0,0,0,318109,105396,0
1,1,0,0,318110,105396,1
0,0,0,0,318111,105397,0
1,1,0,0,318112,105397,1
0,0,0,0,318113,105398,0
1,1,0,0,318114,105398,1
0,0,0,0,318115,105399,0
1,1,0,0,318116,105399,1
0,0,0,0,318117,105400,0
1,1,0,0,318118,105400,1
0,0,0,0,318119,105401,0
1,1,0,0,318120,105401,1
0,0,0,0,318121,105402,0
1,1,0,0,318122,105402,1
0,0,0,0,318123,105403,0
1,1,0,0,318124,105403,1
0,0,0,0,318125,105404,0
1,1,0,0,318126,105404,1
0,0,0,0,318127,105405,0
1,1,0,0,318128,105405,1
0,0,0,0,318129,105406,0
1,1,0,0,318130,105406,1
0,0,0,0,318131,105407,0
1,1,0,0,318132,105407,1
0,0,0,0,318133,105408,0
1,1,0,0,318134,105408,1
0,0,0,0,318135,105409,0
1,1,0,0,318136,105409,1
0,0,0,0,318137,105410,0
1,1,0,0,318138,105410,1
0,0,0,0,318139,105411,0
1,1,0,0,318140,105411,1
0,0,0,0,318141,105412,0
1,1,0,0,318142,105412,1
0,0,0,0,318143,105413,0
1,1,0,0,318144,105413,1
0,0,0,0,318163,105420,0
1,1,0,0,318164,105420,1
0,0,0,0,318165,105421,0
1,1,0,0,318166,105421,1
0,0,0,0,318167,105422,0
1,1,0,0,318168,105422,1
0,0,0,0,318169,105423,0
1,1,0,0,318170,105423,1
0,0,0,0,318171,105424,0
1,1,0,0,318172,105424,1
0,0,0,0,318173,105425,0
1,1,0,0,318174,105425,1
0,0,0,0,318239,105450,0
1,1,0,0,318240,105450,1
0,0,0,0,318241,105451,0
1,1,0,0,318242,105451,1
0,0,0,0,318243,105452,0
1,1,0,0,318244,105452,1
0,0,0,0,318245,105453,0
1,1,0,0,318246,105453,1
0,0,0,0,318247,105454,0
1,1,0,0,318248,105454,1
0,0,0,0,318249,105455,0
1,1,0,0,318250,105455,1
0,0,0,0,318251,105456,0
1,1,0,0,318252,105456,1
0,0,0,0,318253,105457,0
1,1,0,0,318254,105457,1
0,0,0,0,318255,105458,0
1,1,0,0,318256,105458,1
0,0,0,0,318257,105459,0
1,1,0,0,318258,105459,1
0,0,0,0,318259,105460,0
1,1,0,0,318260,105460,1
0,0,0,0,318261,105461,0
1,1,0,0,318262,105461,1
0,0,0,0,318263,105462,0
1,1,0,0,318264,105462,1
0,0,0,0,318265,105463,0
1,1,0,0,318266,105463,1
0,0,0,0,318267,105464,0
1,1,0,0,318268,105464,1
0,0,0,0,318269,105465,0
1,1,0,0,318270,105465,1
0,0,0,0,318271,105466,0
1,1,0,0,318272,105466,1
0,0,0,0,318273,105467,0
1,1,0,0,318274,105467,1
0,0,0,0,318275,105468,0
1,1,0,0,318276,105468,1
0,0,0,0,318277,105469,0
1,1,0,0,318278,105469,1
0,0,0,0,318279,105470,0
1,1,0,0,318280,105470,1
0,0,0,0,318281,105471,0
1,1,0,0,318282,105471,1
0,0,0,0,318283,105472,0
1,1,0,0,318284,105472,1
0,0,0,0,318285,105473,0
1,1,0,0,318286,105473,1
0,0,0,0,318287,105474,0
1,1,0,0,318288,105474,1
0,0,0,0,318289,105475,0
1,1,0,0,318290,105475,1
0,0,0,0,318291,105476,0
1,1,0,0,318292,105476,1
0,0,0,0,318293,105477,0
1,1,0,0,318294,105477,1
0,0,0,0,318295,105478,0
1,1,0,0,318296,105478,1
0,0,0,0,318297,105479,0
1,1,0,0,318298,105479,1
0,0,0,0,318299,105480,0
1,1,0,0,318300,105480,1
0,0,0,0,318301,105481,0
1,1,0,0,318302,105481,1
0,0,0,0,318303,105482,0
1,1,0,0,318304,105482,1
0,0,0,0,318305,105483,0
1,1,0,0,318306,105483,1
0,0,0,0,318307,105484,0
1,1,0,0,318308,105484,1
0,0,0,0,318309,105485,0
1,1,0,0,318310,105485,1
0,0,0,0,318311,105486,0
1,1,0,0,318312,105486,1
0,0,0,0,318313,105487,0
1,1,0,0,318314,105487,1
0,0,0,0,318315,105488,0
1,1,0,0,318316,105488,1
0,0,0,0,318317,105489,0
1,1,0,0,318318,105489,1
0,0,0,0,318319,105490,0
1,1,0,0,318320,105490,1
0,0,0,0,318321,105491,0
1,1,0,0,318322,105491,1
0,0,0,0,318555,105513,0
1,1,0,0,318556,105513,1
0,0,0,0,318557,105514,0
1,1,0,0,318558,105514,1
0,0,0,0,318559,105515,0
1,1,0,0,318560,105515,1
0,0,0,0,318561,105516,0
1,1,0,0,318562,105516,1
0,0,0,0,318563,105517,0
1,1,0,0,318564,105517,1
0,0,0,0,318565,105518,0
1,1,0,0,318566,105518,1
0,0,0,0,318567,105519,0
1,1,0,0,318568,105519,1
0,0,0,0,318569,105520,0
1,1,0,0,318570,105520,1
0,0,0,0,318571,105521,0
1,1,0,0,318572,105521,1
0,0,0,0,318573,105522,0
1,1,0,0,318574,105522,1
0,0,0,0,318575,105523,0
1,1,0,0,318576,105523,1
0,0,0,0,318577,105524,0
1,1,0,0,318578,105524,1
0,0,0,0,318579,105525,0
1,1,0,0,318580,105525,1
0,0,0,0,318581,105526,0
1,1,0,0,318582,105526,1
0,0,0,0,318583,105527,0
1,1,0,0,318584,105527,1
0,0,0,0,318585,105528,0
1,1,0,0,318586,105528,1
0,0,0,0,318587,105529,0
1,1,0,0,318588,105529,1
0,0,0,0,318589,105530,0
1,1,0,0,318590,105530,1
0,0,0,0,318591,105531,0
1,1,0,0,318592,105531,1
0,0,0,0,318593,105532,0
1,1,0,0,318594,105532,1
0,0,0,0,318595,105533,0
1,1,0,0,318596,105533,1
0,0,0,0,318597,105534,0
1,1,0,0,318598,105534,1
0,0,0,0,318599,105535,0
1,1,0,0,318600,105535,1
0,0,0,0,318601,105536,0
1,1,0,0,318602,105536,1
0,0,0,0,318603,105537,0
1,1,0,0,318604,105537,1
0,0,0,0,318605,105538,0
1,1,0,0,318606,105538,1
0,0,0,0,318607,105539,0
1,1,0,0,318608,105539,1
0,0,0,0,318609,105540,0
1,1,0,0,318610,105540,1
0,0,0,0,318611,105541,0
1,1,0,0,318612,105541,1
0,0,0,0,318613,105542,0
1,1,0,0,318614,105542,1
0,0,0,0,318615,105543,0
1,1,0,0,318616,105543,1
0,0,0,0,318617,105544,0
1,1,0,0,318618,105544,1
0,0,0,0,318619,105545,0
1,1,0,0,318620,105545,1
0,0,0,0,318621,105546,0
1,1,0,0,318622,105546,1
0,0,0,0,318623,105547,0
1,1,0,0,318624,105547,1
0,0,0,0,318625,105548,0
1,1,0,0,318626,105548,1
0,0,0,0,319028,105691,0
1,1,0,0,319029,105691,1
0,0,0,0,319030,105692,0
1,1,0,0,319031,105692,1
0,0,0,0,319032,105693,0
1,1,0,0,319033,105693,1
0,0,0,0,319034,105694,0
1,1,0,0,319035,105694,1
0,0,0,0,319036,105695,0
1,1,0,0,319037,105695,1
0,0,0,0,319038,105696,0
1,1,0,0,319039,105696,1
0,0,0,0,319040,105697,0
1,1,0,0,319041,105697,1
0,0,0,0,319042,105698,0
1,1,0,0,319043,105698,1
0,0,0,0,319044,105699,0
1,1,0,0,319045,105699,1
0,0,0,0,319046,105700,0
1,1,0,0,319047,105700,1
0,0,0,0,319048,105701,0
1,1,0,0,319049,105701,1
0,0,0,0,319050,105702,0
1,1,0,0,319051,105702,1
0,0,0,0,319052,105703,0
1,1,0,0,319053,105703,1
0,0,0,0,319054,105704,0
1,1,0,0,319055,105704,1
0,0,0,0,319056,105705,0
1,1,0,0,319057,105705,1
0,0,0,0,319058,105706,0
1,1,0,0,319059,105706,1
0,0,0,0,319060,105707,0
1,1,0,0,319061,105707,1
0,0,0,0,319062,105708,0
1,1,0,0,319063,105708,1
0,0,0,0,319064,105709,0
1,1,0,0,319065,105709,1
0,0,0,0,319066,105710,0
1,1,0,0,319067,105710,1
0,0,0,0,319068,105711,0
1,1,0,0,319069,105711,1
0,0,0,0,319070,105712,0
1,1,0,0,319071,105712,1
0,0,0,0,319072,105713,0
1,1,0,0,319073,105713,1
0,0,0,0,319074,105714,0
1,1,0,0,319075,105714,1
0,0,0,0,319076,105715,0
1,1,0,0,319077,105715,1
0,0,0,0,319078,105716,0
1,1,0,0,319079,105716,1
0,0,0,0,319080,105717,0
1,1,0,0,319081,105717,1
0,0,0,0,319082,105718,0
1,1,0,0,319083,105718,1
0,0,0,0,319084,105719,0
1,1,0,0,319085,105719,1
0,0,0,0,319086,105720,0
1,1,0,0,319087,105720,1
0,0,0,0,319088,105721,0
1,1,0,0,319089,105721,1
0,0,0,0,319090,105722,0
1,1,0,0,319091,105722,1
0,0,0,0,319092,105723,0
1,1,0,0,319093,105723,1
0,0,0,0,319094,105724,0
1,1,0,0,319095,105724,1
0,0,0,0,319096,105725,0
1,1,0,0,319097,105725,1
0,0,0,0,319098,105726,0
1,1,0,0,319099,105726,1
0,-80,0,0,319139,105741,0
0,0,0,0,319140,105741,1
0.19826853,0,0,0,319141,105741,2
2.0322526,0,0,0,319142,105741,3
3.0590003,-80,0,0,319143,105741,4
0,1,0,0,319174,105757,0
1,1,0,0,319175,105757,1
0,0,0,0,319234,105775,0
1,1,0,0,319235,105775,1
0,0,0,0,319236,105776,0
1,1,0,0,319237,105776,1
0,0,0,0,319238,105777,0
1,1,0,0,319239,105777,1
0,0,0,0,319240,105778,0
1,1,0,0,319241,105778,1
0,0,0,0,319242,105779,0
1,1,0,0,319243,105779,1
0,0,0,0,319244,105780,0
1,1,0,0,319245,105780,1
0,0,0,0,319246,105781,0
1,1,0,0,319247,105781,1
0,0,0,0,319248,105782,0
1,1,0,0,319249,105782,1
0,0,0,0,319250,105783,0
1,1,0,0,319251,105783,1
0,0,0,0,319252,105784,0
1,1,0,0,319253,105784,1
0,0,0,0,319254,105785,0
1,1,0,0,319255,105785,1
0,0,0,0,319256,105786,0
1,1,0,0,319257,105786,1
0,0,0,0,319258,105787,0
1,1,0,0,319259,105787,1
0,0,0,0,319260,105788,0
1,1,0,0,319261,105788,1
0,0,0,0,319262,105789,0
1,1,0,0,319263,105789,1
0,0,0,0,319264,105790,0
1,1,0,0,319265,105790,1
0,0,0,0,319266,105791,0
1,1,0,0,319267,105791,1
0,0,0,0,319268,105792,0
1,1,0,0,319269,105792,1
0,0,0,0,319270,105793,0
1,1,0,0,319271,105793,1
0,0,0,0,319272,105794,0
1,1,0,0,319273,105794,1
0,0,0,0,319274,105795,0
1,1,0,0,319275,105795,1
0,0,0,0,319276,105796,0
1,1,0,0,319277,105796,1
0,0,0,0,319278,105797,0
1,1,0,0,319279,105797,1
0,0,0,0,319280,105798,0
1,1,0,0,319281,105798,1
0,0,0,0,319282,105799,0
1,1,0,0,319283,105799,1
0,0,0,0,319284,105800,0
1,1,0,0,319285,105800,1
0,0,0,0,319286,105801,0
1,1,0,0,319287,105801,1
0,0,0,0,319288,105802,0
1,1,0,0,319289,105802,1
0,0,0,0,319290,105803,0
1,1,0,0,319291,105803,1
0,0,0,0,319292,105804,0
1,1,0,0,319293,105804,1
0,0,0,0,319294,105805,0
1,1,0,0,319295,105805,1
0,0,0,0,319296,105806,0
1,1,0,0,319297,105806,1
0,0,0,0,319298,105807,0
1,1,0,0,319299,105807,1
0,0,0,0,319300,105808,0
1,1,0,0,319301,105808,1
0,0,0,0,319302,105809,0
1,1,0,0,319303,105809,1
0,0,0,0,319304,105810,0
1,1,0,0,319305,105810,1
0,0,0,0,319306,105811,0
1,1,0,0,319307,105811,1
0,0,0,0,319308,105812,0
1,1,0,0,319309,105812,1
0,0,0,0,319310,105813,0
1,1,0,0,319311,105813,1
0,0,0,0,319312,105814,0
1,1,0,0,319313,105814,1
0,0,0,0,319314,105815,0
1,1,0,0,319315,105815,1
0,0,0,0,319316,105816,0
1,1,0,0,319317,105816,1
0,0,0,0,319318,105817,0
1,1,0,0,319319,105817,1
0,0,0,0,319320,105818,0
1,1,0,0,319321,105818,1
0,0,0,0,319322,105819,0
1,1,0,0,319323,105819,1
0,0,0,0,319324,105820,0
1,1,0,0,319325,105820,1
0,0,0,0,319326,105821,0
1,1,0,0,319327,105821,1
0,0,0,0,319328,105822,0
1,1,0,0,319329,105822,1
0,0,0,0,319330,105823,0
1,1,0,0,319331,105823,1
0,0,0,0,319332,105824,0
1,1,0,0,319333,105824,1
0,0,0,0,319334,105825,0
1,1,0,0,319335,105825,1
0,0,0,0,319336,105826,0
1,1,0,0,319337,105826,1
0,0,0,0,319338,105827,0
1,1,0,0,319339,105827,1
0,0,0,0,319340,105828,0
1,1,0,0,319341,105828,1
0,0,0,0,319342,105829,0
1,1,0,0,319343,105829,1
0,0,0,0,319344,105830,0
1,1,0,0,319345,105830,1
0,0,0,0,319346,105831,0
1,1,0,0,319347,105831,1
0,0,0,0,319355,105833,0
1,1,0,0,319356,105833,1
0,0,0,0,319357,105834,0
1,1,0,0,319358,105834,1
0,0,0,0,319359,105835,0
1,1,0,0,319360,105835,1
0,0,0,0,319361,105836,0
1,1,0,0,319362,105836,1
0,0,0,0,319363,105837,0
1,1,0,0,319364,105837,1
0,0,0,0,319365,105838,0
1,1,0,0,319366,105838,1
0,0,0,0,319367,105839,0
1,1,0,0,319368,105839,1
0,0,0,0,319369,105840,0
1,1,0,0,319370,105840,1
0,0,0,0,319371,105841,0
1,1,0,0,319372,105841,1
0,0,0,0,319373,105842,0
1,1,0,0,319374,105842,1
0,0,0,0,319375,105843,0
1,1,0,0,319376,105843,1
0,0,0,0,319377,105844,0
1,1,0,0,319378,105844,1
0,0,0,0,319379,105845,0
1,1,0,0,319380,105845,1
0,0,0,0,319381,105846,0
1,1,0,0,319382,105846,1
0,0,0,0,319383,105847,0
1,1,0,0,319384,105847,1
0,0,0,0,319385,105848,0
1,1,0,0,319386,105848,1
0,0,0,0,319387,105849,0
1,1,0,0,319388,105849,1
0,0,0,0,319389,105850,0
1,1,0,0,319390,105850,1
0,0,0,0,319391,105851,0
1,1,0,0,319392,105851,1
0,0,0,0,319393,105852,0
1,1,0,0,319394,105852,1
0,0,0,0,319395,105853,0
1,1,0,0,319396,105853,1
0,0,0,0,319397,105854,0
1,1,0,0,319398,105854,1
0,0,0,0,319399,105855,0
1,1,0,0,319400,105855,1
0,0,0,0,319401,105856,0
1,1,0,0,319402,105856,1
0,0,0,0,319403,105857,0
1,1,0,0,319404,105857,1
0,0,0,0,319405,105858,0
1,1,0,0,319406,105858,1
0,0,0,0,319407,105859,0
1,1,0,0,319408,105859,1
0,0,0,0,319409,105860,0
1,1,0,0,319410,105860,1
0,0,0,0,319411,105861,0
1,1,0,0,319412,105861,1
0,0,0,0,319413,105862,0
1,1,0,0,319414,105862,1
0,0,0,0,319415,105863,0
1,1,0,0,319416,105863,1
0,0,0,0,319417,105864,0
1,1,0,0,319418,105864,1
0,0,0,0,319419,105865,0
1,1,0,0,319420,105865,1
0,0,0,0,319421,105866,0
1,1,0,0,319422,105866,1
0,0,0,0,319423,105867,0
1,1,0,0,319424,105867,1
0,0,0,0,319425,105868,0
1,1,0,0,319426,105868,1
0,0,0,0,319427,105869,0
1,1,0,0,319428,105869,1
0,0,0,0,319429,105870,0
1,1,0,0,319430,105870,1
0,0,0,0,319431,105871,0
1,1,0,0,319432,105871,1
0,0,0,0,319433,105872,0
1,1,0,0,319434,105872,1
0,0,0,0,319435,105873,0
1,1,0,0,319436,105873,1
0,0,0,0,319437,105874,0
1,1,0,0,319438,105874,1
0,0,0,0,319439,105875,0
1,1,0,0,319440,105875,1
0,0,0,0,319441,105876,0
1,1,0,0,319442,105876,1
0,0,0,0,319443,105877,0
1,1,0,0,319444,105877,1
0,0,0,0,319445,105878,0
1,1,0,0,319446,105878,1
0,0,0,0,319447,105879,0
1,1,0,0,319448,105879,1
0,0,0,0,319449,105880,0
1,1,0,0,319450,105880,1
0,0,0,0,319451,105881,0
1,1,0,0,319452,105881,1
0,0,0,0,319453,105882,0
1,1,0,0,319454,105882,1
0,0,0,0,319455,105883,0
1,1,0,0,319456,105883,1
0,0,0,0,319457,105884,0
1,1,0,0,319458,105884,1
0,0,0,0,319459,105885,0
1,1,0,0,319460,105885,1
0,0,0,0,319461,105886,0
1,1,0,0,319462,105886,1
0,0,0,0,319463,105887,0
1,1,0,0,319464,105887,1
0,0,0,0,319465,105888,0
1,1,0,0,319466,105888,1
0,0,0,0,319467,105889,0
1,1,0,0,319468,105889,1
0,0,0,0,319469,105890,0
1,1,0,0,319470,105890,1
0,0,0,0,319471,105891,0
1,1,0,0,319472,105891,1
0,0,0,0,319473,105892,0
1,1,0,0,319474,105892,1
0,0,0,0,319475,105893,0
1,1,0,0,319476,105893,1
0,0,0,0,319477,105894,0
1,1,0,0,319478,105894,1
0,0,0,0,319479,105895,0
1,1,0,0,319480,105895,1
0,0,0,0,319481,105896,0
1,1,0,0,319482,105896,1
0,0,0,0,319483,105897,0
1,1,0,0,319484,105897,1
0,0,0,0,319485,105898,0
1,1,0,0,319486,105898,1
0,0,0,0,319487,105899,0
1,1,0,0,319488,105899,1
0,0,0,0,319489,105900,0
1,1,0,0,319490,105900,1
0,0,0,0,319491,105901,0
1,1,0,0,319492,105901,1
0,0,0,0,319493,105902,0
1,1,0,0,319494,105902,1
0,0,0,0,319495,105903,0
1,1,0,0,319496,105903,1
0,0,0,0,319497,105904,0
1,1,0,0,319498,105904,1
0,0,0,0,319499,105905,0
1,1,0,0,319500,105905,1
0,0,0,0,319501,105906,0
1,1,0,0,319502,105906,1
0,0,0,0,319503,105907,0
1,1,0,0,319504,105907,1
0,0,0,0,319505,105908,0
1,1,0,0,319506,105908,1
0,0,0,0,319507,105909,0
1,1,0,0,319508,105909,1
0,0,0,0,319509,105910,0
1,1,0,0,319510,105910,1
0,0,0,0,319511,105911,0
1,1,0,0,319512,105911,1
0,0,0,0,319513,105912,0
1,1,0,0,319514,105912,1
0,0,0,0,319515,105913,0
1,1,0,0,319516,105913,1
0,0,0,0,319517,105914,0
1,1,0,0,319518,105914,1
0,0,0,0,319519,105915,0
1,1,0,0,319520,105915,1
0,0,0,0,319521,105916,0
1,1,0,0,319522,105916,1
0,0,0,0,319523,105917,0
1,1,0,0,319524,105917,1
0,0,0,0,319525,105918,0
1,1,0,0,319526,105918,1
0,0,0,0,319527,105919,0
1,1,0,0,319528,105919,1
0,0,0,0,319529,105920,0
1,1,0,0,319530,105920,1
0,0,0,0,319531,105921,0
1,1,0,0,319532,105921,1
0,0,0,0,319533,105922,0
1,1,0,0,319534,105922,1
0,0,0,0,319535,105923,0
1,1,0,0,319536,105923,1
0,0,0,0,319537,105924,0
1,1,0,0,319538,105924,1
0,0,0,0,319539,105925,0
1,1,0,0,319540,105925,1
0,0,0,0,319541,105926,0
1,1,0,0,319542,105926,1
0,0,0,0,319543,105927,0
1,1,0,0,319544,105927,1
0,0,0,0,319545,105928,0
1,1,0,0,319546,105928,1
0,0,0,0,319547,105929,0
1,1,0,0,319548,105929,1
0,0,0,0,319549,105930,0
1,1,0,0,319550,105930,1
0,0,0,0,319551,105931,0
1,1,0,0,319552,105931,1
0,0,0,0,319553,105932,0
1,1,0,0,319554,105932,1
0,0,0,0,319555,105933,0
1,1,0,0,319556,105933,1
0,0,0,0,319557,105934,0
1,1,0,0,319558,105934,1
0,0,0,0,319559,105935,0
1,1,0,0,319560,105935,1
0,0,0,0,319561,105936,0
1,1,0,0,319562,105936,1
0,0,0,0,319563,105937,0
1,1,0,0,319564,105937,1
0,0,0,0,319565,105938,0
1,1,0,0,319566,105938,1
0,0,0,0,319567,105939,0
1,1,0,0,319568,105939,1
0,0,0,0,319569,105940,0
1,1,0,0,319570,105940,1
0,0,0,0,319571,105941,0
1,1,0,0,319572,105941,1
0,0,0,0,319573,105942,0
1,1,0,0,319574,105942,1
0,0,0,0,319575,105943,0
1,1,0,0,319576,105943,1
0,0,0,0,319577,105944,0
1,1,0,0,319578,105944,1
0,0,0,0,319579,105945,0
1,1,0,0,319580,105945,1
0,0,0,0,319581,105946,0
1,1,0,0,319582,105946,1
0,0,0,0,319583,105947,0
1,1,0,0,319584,105947,1
0,0,0,0,319585,105948,0
1,1,0,0,319586,105948,1
0,0,0,0,319587,105949,0
1,1,0,0,319588,105949,1
0,0,0,0,319589,105950,0
1,1,0,0,319590,105950,1
0,0,0,0,319591,105951,0
1,1,0,0,319592,105951,1
0,0,0,0,319593,105952,0
1,1,0,0,319594,105952,1
0,0,0,0,319595,105953,0
1,1,0,0,319596,105953,1
0,0,0,0,319597,105954,0
1,1,0,0,319598,105954,1
0,0,0,0,319599,105955,0
1,1,0,0,319600,105955,1
0,0,0,0,319601,105956,0
1,1,0,0,319602,105956,1
0,0,0,0,319603,105957,0
1,1,0,0,319604,105957,1
0,0,0,0,319605,105958,0
1,1,0,0,319606,105958,1
0,0,0,0,319607,105959,0
1,1,0,0,319608,105959,1
0,0,0,0,319609,105960,0
1,1,0,0,319610,105960,1
0,0,0,0,319611,105961,0
1,1,0,0,319612,105961,1
0,0,0,0,319613,105962,0
1,1,0,0,319614,105962,1
0,0,0,0,319615,105963,0
1,1,0,0,319616,105963,1
0,0,0,0,319617,105964,0
1,1,0,0,319618,105964,1
0,0,0,0,319619,105965,0
1,1,0,0,319620,105965,1
0,0,0,0,319621,105966,0
1,1,0,0,319622,105966,1
0,0,0,0,319623,105967,0
1,1,0,0,319624,105967,1
0,0,0,0,319625,105968,0
1,1,0,0,319626,105968,1
0,0,0,0,319627,105969,0
1,1,0,0,319628,105969,1
0,0,0,0,319629,105970,0
1,1,0,0,319630,105970,1
0,0,0,0,319631,105971,0
1,1,0,0,319632,105971,1
0,0,0,0,319633,105972,0
1,1,0,0,319634,105972,1
0,0,0,0,319635,105973,0
1,1,0,0,319636,105973,1
0,-80,0,0,319666,105984,0
0,0,0,0,319667,105984,1
5.528382,0,0,0,319668,105984,2
5.950396,-80,0,0,319669,105984,3
6.077,-80,0,0,319670,105984,4
0,0,0,0,319683,105991,0
1,1,0,0,319684,105991,1
0,0,0,0,319685,105992,0
1,1,0,0,319686,105992,1
0,0,0,0,319687,105993,0
1,1,0,0,319688,105993,1
0,0,0,0,319689,105994,0
1,1,0,0,319690,105994,1
0,0,0,0,319691,105995,0
1,1,0,0,319692,105995,1
0,0,0,0,319693,105996,0
1,1,0,0,319694,105996,1
0,0,0,0,319695,105997,0
1,1,0,0,319696,105997,1
0,0,0,0,319697,105998,0
1,1,0,0,319698,105998,1
0,0,0,0,319699,105999,0
1,1,0,0,319700,105999,1
0,0,0,0,319701,106000,0
1,1,0,0,319702,106000,1
0,0,0,0,319703,106001,0
1,1,0,0,319704,106001,1
0,0,0,0,319705,106002,0
1,1,0,0,319706,106002,1
0,0,0,0,319707,106003,0
1,1,0,0,319708,106003,1
0,0,0,0,319709,106004,0
1,1,0,0,319710,106004,1
0,0,0,0,319711,106005,0
1,1,0,0,319712,106005,1
0,0,0,0,319713,106006,0
1,1,0,0,319714,106006,1
0,0,0,0,319715,106007,0
1,1,0,0,319716,106007,1
0,0,0,0,319717,106008,0
1,1,0,0,319718,106008,1
0,0,0,0,319719,106009,0
1,1,0,0,319720,106009,1
0,0,0,0,319721,106010,0
1,1,0,0,319722,106010,1
0,0,0,0,319723,106011,0
1,1,0,0,319724,106011,1
0,0,0,0,319725,106012,0
1,1,0,0,319726,106012,1
0,0,0,0,319727,106013,0
1,1,0,0,319728,106013,1
0,0,0,0,319729,106014,0
1,1,0,0,319730,106014,1
0,0,0,0,319731,106015,0
1,1,0,0,319732,106015,1
0,0,0,0,319733,106016,0
1,1,0,0,319734,106016,1
0,0,0,0,319735,106017,0
1,1,0,0,319736,106017,1
0,0,0,0,319737,106018,0
1,1,0,0,319738,106018,1
0,0,0,0,319739,106019,0
1,1,0,0,319740,106019,1
0,0,0,0,319741,106020,0
1,1,0,0,319742,106020,1
0,0,0,0,319743,106021,0
1,1,0,0,319744,106021,1
0,0,0,0,319745,106022,0
1,1,0,0,319746,106022,1
0,0,0,0,319747,106023,0
1,1,0,0,319748,106023,1
0,0,0,0,319749,106024,0
1,1,0,0,319750,106024,1
0,0,0,0,319751,106025,0
1,1,0,0,319752,106025,1
0,0,0,0,319753,106026,0
1,1,0,0,319754,106026,1
0,0,0,0,319851,106051,0
1,1,0,0,319852,106051,1
0,0,0,0,319853,106052,0
1,1,0,0,319854,106052,1
0,0,0,0,319855,106053,0
1,1,0,0,319856,106053,1
0,0,0,0,319857,106054,0
1,1,0,0,319858,106054,1
0,0,0,0,319859,106055,0
1,1,0,0,319860,106055,1
0,0,0,0,319861,106056,0
1,1,0,0,319862,106056,1
0,0,0,0,319863,106057,0
1,1,0,0,319864,106057,1
0,0,0,0,319865,106058,0
1,1,0,0,319866,106058,1
0,0,0,0,319867,106059,0
1,1,0,0,319868,106059,1
0,0,0,0,319869,106060,0
1,1,0,0,319870,106060,1
0,0,0,0,319871,106061,0
1,1,0,0,319872,106061,1
0,0,0,0,319873,106062,0
1,1,0,0,319874,106062,1
0,0,0,0,319875,106063,0
1,1,0,0,319876,106063,1
0,0,0,0,319877,106064,0
1,1,0,0,319878,106064,1
0,0,0,0,319879,106065,0
1,1,0,0,319880,106065,1
0,0,0,0,319881,106066,0
1,1,0,0,319882,106066,1
0,0,0,0,319883,106067,0
1,1,0,0,319884,106067,1
0,0,0,0,319885,106068,0
1,1,0,0,319886,106068,1
0,0,0,0,319887,106069,0
1,1,0,0,319888,106069,1
0,0,0,0,319889,106070,0
1,1,0,0,319890,106070,1
0,0,0,0,319891,106071,0
1,1,0,0,319892,106071,1
0,0,0,0,319893,106072,0
1,1,0,0,319894,106072,1
0,0,0,0,319895,106073,0
1,1,0,0,319896,106073,1
0,0,0,0,319897,106074,0
1,1,0,0,319898,106074,1
0,0,0,0,319899,106075,0
1,1,0,0,319900,106075,1
0,0,0,0,319901,106076,0
1,1,0,0,319902,106076,1
0,0,0,0,319903,106077,0
1,1,0,0,319904,106077,1
0,0,0,0,319905,106078,0
1,1,0,0,319906,106078,1
0,0,0,0,319907,106079,0
1,1,0,0,319908,106079,1
0,0,0,0,319909,106080,0
1,1,0,0,319910,106080,1
0,0,0,0,319911,106081,0
1,1,0,0,319912,106081,1
0,0,0,0,319913,106082,0
1,1,0,0,319914,106082,1
0,0,0,0,319915,106083,0
1,1,0,0,319916,106083,1
0,0,0,0,319917,106084,0
1,1,0,0,319918,106084,1
0,0,0,0,319919,106085,0
1,1,0,0,319920,106085,1
0,0,0,0,319921,106086,0
1,1,0,0,319922,106086,1
11,0,0,0,319993,105757,2
0,0,0,0,319997,106109,0
1,1,0,0,319998,106109,1
0,0,0,0,319999,106110,0
1,1,0,0,320000,106110,1
0,0,0,0,320001,106111,0
1,1,0,0,320002,106111,1
0,0,0,0,320003,106112,0
1,1,0,0,320004,106112,1
0,0,0,0,320005,106113,0
1,1,0,0,320006,106113,1
0,0,0,0,320007,106114,0
1,1,0,0,320008,106114,1
0,0,0,0,320009,106115,0
1,1,0,0,320010,106115,1
0,0,0,0,320011,106116,0
1,1,0,0,320012,106116,1
0,0,0,0,320013,106117,0
1,1,0,0,320014,106117,1
0,0,0,0,320015,106118,0
1,1,0,0,320016,106118,1
0,0,0,0,320017,106119,0
1,1,0,0,320018,106119,1
0,0,0,0,320019,106120,0
1,1,0,0,320020,106120,1
0,0,0,0,320021,106121,0
1,1,0,0,320022,106121,1
0,0,0,0,320023,106122,0
1,1,0,0,320024,106122,1
0,0,0,0,320025,106123,0
1,1,0,0,320026,106123,1
0,0,0,0,320027,106124,0
1,1,0,0,320028,106124,1
0,0,0,0,320029,106125,0
1,1,0,0,320030,106125,1
0,0,0,0,320031,106126,0
1,1,0,0,320032,106126,1
0,0,0,0,320033,106127,0
1,1,0,0,320034,106127,1
0,0,0,0,320035,106128,0
1,1,0,0,320036,106128,1
0,0,0,0,320037,106129,0
1,1,0,0,320038,106129,1
0,0,0,0,320039,106130,0
1,1,0,0,320040,106130,1
0,0,0,0,320041,106131,0
1,1,0,0,320042,106131,1
0,0,0,0,320043,106132,0
1,1,0,0,320044,106132,1
0,0,0,0,320045,106133,0
1,1,0,0,320046,106133,1
0,0,0,0,320047,106134,0
1,1,0,0,320048,106134,1
0,0,0,0,320049,106135,0
1,1,0,0,320050,106135,1
0,0,0,0,320051,106136,0
1,1,0,0,320052,106136,1
0,0,0,0,320053,106137,0
1,1,0,0,320054,106137,1
0,0,0,0,320055,106138,0
1,1,0,0,320056,106138,1
0,0,0,0,320057,106139,0
1,1,0,0,320058,106139,1
0,0,0,0,320059,106140,0
1,1,0,0,320060,106140,1
0,0,0,0,320061,106141,0
1,1,0,0,320062,106141,1
0,0,0,0,320063,106142,0
1,1,0,0,320064,106142,1
0,0,0,0,320065,106143,0
1,1,0,0,320066,106143,1
0,0,0,0,320067,106144,0
1,1,0,0,320068,106144,1
0,0,0,0,320089,106151,0
1,1,0,0,320090,106151,1
0,0,0,0,320091,106152,0
1,1,0,0,320092,106152,1
0,0,0,0,320093,106153,0
1,1,0,0,320094,106153,1
0,0,0,0,320095,106154,0
1,1,0,0,320096,106154,1
0,0,0,0,320097,106155,0
1,1,0,0,320098,106155,1
0,0,0,0,320099,106156,0
1,1,0,0,320100,106156,1
0,0,0,0,320101,106157,0
1,1,0,0,320102,106157,1
0,0,0,0,320103,106158,0
1,1,0,0,320104,106158,1
0,0,0,0,320105,106159,0
1,1,0,0,320106,106159,1
0,0,0,0,320107,106160,0
1,1,0,0,320108,106160,1
0,0,0,0,320109,106161,0
1,1,0,0,320110,106161,1
0,0,0,0,320111,106162,0
1,1,0,0,320112,106162,1
0,0,0,0,320113,106163,0
1,1,0,0,320114,106163,1
0,0,0,0,320115,106164,0
1,1,0,0,320116,106164,1
0,0,0,0,320117,106165,0
1,1,0,0,320118,106165,1
0,0,0,0,320119,106166,0
1,1,0,0,320120,106166,1
0,0,0,0,320121,106167,0
1,1,0,0,320122,106167,1
0,0,0,0,320123,106168,0
1,1,0,0,320124,106168,1
0,0,0,0,320125,106169,0
1,1,0,0,320126,106169,1
0,0,0,0,320127,106170,0
1,1,0,0,320128,106170,1
0,0,0,0,320129,106171,0
1,1,0,0,320130,106171,1
1,1,0,0,320217,106209,0
2,2,0,0,320218,106209,1
3,3,0,0,320219,106209,2
4,4,0,0,320220,106209,3
5,5,0,0,320221,106209,4
1,3,0,0,320222,106210,0
2,6,0,0,320223,106210,1
3,9,0,0,320224,106210,2
4,12,0,0,320225,106210,3
5,15,0,0,320226,106210,4
0,0,0,0,320824,106394,0
1,1,0,0,320825,106394,1
0,0,0,0,320826,106395,0
1,1,0,0,320827,106395,1
0,0,0,0,320828,106396,0
1,1,0,0,320829,106396,1
0,0,0,0,320830,106397,0
1,1,0,0,320831,106397,1
0,0,0,0,320832,106398,0
1,1,0,0,320833,106398,1
0,0,0,0,320834,106399,0
1,1,0,0,320835,106399,1
0,-80,0,0,320846,106404,0
0.75,-3,0,0,320847,106404,1
1,0,0,0,320848,106404,2
0,-80,0,0,320849,106405,0
0,0,0,0,320850,106405,1
0.20081945,0,0,0,320851,106405,2
0.3593611,0,0,0,320852,106405,3
1.5220001,-80,0,0,320853,106405,4
2.283,-80,0,0,320854,106405,5
0,0,0,0,320950,106429,0
1,1,0,0,320951,106429,1
0,0,0,0,320952,106430,0
1,1,0,0,320953,106430,1
0,0,0,0,320954,106431,0
1,1,0,0,320955,106431,1
0,0,0,0,320956,106432,0
1,1,0,0,320957,106432,1
0,0,0,0,320958,106433,0
1,1,0,0,320959,106433,1
0,0,0,0,320960,106434,0
1,1,0,0,320961,106434,1
0,0,0,0,320962,106435,0
1,1,0,0,320963,106435,1
0,0,0,0,320964,106436,0
1,1,0,0,320965,106436,1
0,0,0,0,320966,106437,0
1,1,0,0,320967,106437,1
0,0,0,0,320968,106438,0
1,1,0,0,320969,106438,1
0,0,0,0,320970,106439,0
1,1,0,0,320971,106439,1
0,0,0,0,320972,106440,0
1,1,0,0,320973,106440,1
0,0,0,0,320974,106441,0
1,1,0,0,320975,106441,1
0,0,0,0,320976,106442,0
1,1,0,0,320977,106442,1
0,0,0,0,320978,106443,0
1,1,0,0,320979,106443,1
0,0,0,0,320980,106444,0
1,1,0,0,320981,106444,1
0,0,0,0,320982,106445,0
1,1,0,0,320983,106445,1
0,0,0,0,320984,106446,0
1,1,0,0,320985,106446,1
0,0,0,0,320986,106447,0
1,1,0,0,320987,106447,1
0,0,0,0,320988,106448,0
1,1,0,0,320989,106448,1
0,0,0,0,320990,106449,0
1,1,0,0,320991,106449,1
0,0,0,0,320992,106450,0
1,1,0,0,320993,106450,1
0,0,0,0,320994,106451,0
1,1,0,0,320995,106451,1
0,0,0,0,320996,106452,0
1,1,0,0,320997,106452,1
0,0,0,0,320998,106453,0
1,1,0,0,320999,106453,1
0,0,0,0,321000,106454,0
1,1,0,0,321001,106454,1
0,0,0,0,321002,106455,0
1,1,0,0,321003,106455,1
0,0,0,0,321004,106456,0
1,1,0,0,321005,106456,1
0,0,0,0,321006,106457,0
1,1,0,0,321007,106457,1
0,0,0,0,321008,106458,0
1,1,0,0,321009,106458,1
0,0,0,0,321010,106459,0
1,1,0,0,321011,106459,1
0,0,0,0,321012,106460,0
1,1,0,0,321013,106460,1
0,0,0,0,321014,106461,0
1,1,0,0,321015,106461,1
0,0,0,0,321016,106462,0
1,1,0,0,321017,106462,1
0,0,0,0,321018,106463,0
1,1,0,0,321019,106463,1
0,0,0,0,321020,106464,0
1,1,0,0,321021,106464,1
0,0,0,0,321022,106465,0
1,1,0,0,321023,106465,1
0,0,0,0,321024,106466,0
1,1,0,0,321025,106466,1
0,0,0,0,321026,106467,0
1,1,0,0,321027,106467,1
0,0,0,0,321028,106468,0
1,1,0,0,321029,106468,1
0,0,0,0,321030,106469,0
1,1,0,0,321031,106469,1
0,0,0,0,321032,106470,0
1,1,0,0,321033,106470,1
0,0,0,0,321034,106471,0
1,1,0,0,321035,106471,1
0,0,0,0,321036,106472,0
1,1,0,0,321037,106472,1
0,0,0,0,321038,106473,0
1,1,0,0,321039,106473,1
0,0,0,0,321040,106474,0
1,1,0,0,321041,106474,1
0,0,0,0,321042,106475,0
1,1,0,0,321043,106475,1
0,0,0,0,321044,106476,0
1,1,0,0,321045,106476,1
0,0,0,0,321046,106477,0
1,1,0,0,321047,106477,1
0,0,0,0,321048,106478,0
1,1,0,0,321049,106478,1
0,0,0,0,321050,106479,0
1,1,0,0,321051,106479,1
0,0,0,0,321052,106480,0
1,1,0,0,321053,106480,1
0,0,0,0,321054,106481,0
1,1,0,0,321055,106481,1
0,0,0,0,321056,106482,0
1,1,0,0,321057,106482,1
0,0,0,0,321058,106483,0
1,1,0,0,321059,106483,1
0,0,0,0,321060,106484,0
1,1,0,0,321061,106484,1
0,0,0,0,321062,106485,0
1,1,0,0,321063,106485,1
0,0,0,0,321064,106486,0
1,1,0,0,321065,106486,1
0,0,0,0,321066,106487,0
1,1,0,0,321067,106487,1
0,0,0,0,321068,106488,0
1,1,0,0,321069,106488,1
0,0,0,0,321070,106489,0
1,1,0,0,321071,106489,1
0,0,0,0,321072,106490,0
1,1,0,0,321073,106490,1
0,0,0,0,321074,106491,0
1,1,0,0,321075,106491,1
0,0,0,0,321076,106492,0
1,1,0,0,321077,106492,1
0,0,0,0,321078,106493,0
1,1,0,0,321079,106493,1
0,0,0,0,321080,106494,0
1,1,0,0,321081,106494,1
0,0,0,0,321082,106495,0
1,1,0,0,321083,106495,1
0,0,0,0,321084,106496,0
1,1,0,0,321085,106496,1
0,0,0,0,321086,106497,0
1,1,0,0,321087,106497,1
0,0,0,0,321088,106498,0
1,1,0,0,321089,106498,1
0,0,0,0,321090,106499,0
1,1,0,0,321091,106499,1
0,0,0,0,321092,106500,0
1,1,0,0,321093,106500,1
0,0,0,0,321094,106501,0
1,1,0,0,321095,106501,1
0,0,0,0,321096,106502,0
1,1,0,0,321097,106502,1
0,0,0,0,321098,106503,0
1,1,0,0,321099,106503,1
0,0,0,0,321100,106504,0
1,1,0,0,321101,106504,1
0,0,0,0,321102,106505,0
1,1,0,0,321103,106505,1
0,0,0,0,321104,106506,0
1,1,0,0,321105,106506,1
0,0,0,0,321106,106507,0
1,1,0,0,321107,106507,1
0,0,0,0,321108,106508,0
1,1,0,0,321109,106508,1
0,0,0,0,321110,106509,0
1,1,0,0,321111,106509,1
0,0,0,0,321112,106510,0
1,1,0,0,321113,106510,1
0,0,0,0,321114,106511,0
1,1,0,0,321115,106511,1
0,0,0,0,321116,106512,0
1,1,0,0,321117,106512,1
0,0,0,0,321118,106513,0
1,1,0,0,321119,106513,1
0,0,0,0,321120,106514,0
1,1,0,0,321121,106514,1
0,0,0,0,321122,106515,0
1,1,0,0,321123,106515,1
0,0,0,0,321124,106516,0
1,1,0,0,321125,106516,1
0,0,0,0,321126,106517,0
1,1,0,0,321127,106517,1
0,0,0,0,321128,106518,0
1,1,0,0,321129,106518,1
0,0,0,0,321130,106519,0
1,1,0,0,321131,106519,1
0,0,0,0,321132,106520,0
1,1,0,0,321133,106520,1
0,0,0,0,321134,106521,0
1,1,0,0,321135,106521,1
0,0,0,0,321136,106522,0
1,1,0,0,321137,106522,1
0,0,0,0,321138,106523,0
1,1,0,0,321139,106523,1
0,0,0,0,321140,106524,0
1,1,0,0,321141,106524,1
0,0,0,0,321142,106525,0
1,1,0,0,321143,106525,1
0,0,0,0,321144,106526,0
1,1,0,0,321145,106526,1
0,0,0,0,321146,106527,0
1,1,0,0,321147,106527,1
0,0,0,0,321148,106528,0
1,1,0,0,321149,106528,1
0,0,0,0,321150,106529,0
1,1,0,0,321151,106529,1
0,0,0,0,321152,106530,0
1,1,0,0,321153,106530,1
0,0,0,0,321154,106531,0
1,1,0,0,321155,106531,1
0,0,0,0,321156,106532,0
1,1,0,0,321157,106532,1
0,0,0,0,321158,106533,0
1,1,0,0,321159,106533,1
0,0,0,0,321160,106534,0
1,1,0,0,321161,106534,1
0,0,0,0,321162,106535,0
1,1,0,0,321163,106535,1
0,0,0,0,321164,106536,0
1,1,0,0,321165,106536,1
0,0,0,0,321166,106537,0
1,1,0,0,321167,106537,1
0,0,0,0,321168,106538,0
1,1,0,0,321169,106538,1
0,0,0,0,321170,106539,0
1,1,0,0,321171,106539,1
0,0,0,0,321172,106540,0
1,1,0,0,321173,106540,1
0,0,0,0,321174,106541,0
1,1,0,0,321175,106541,1
0,0,0,0,321176,106542,0
1,1,0,0,321177,106542,1
0,0,0,0,321178,106543,0
1,1,0,0,321179,106543,1
0,0,0,0,321180,106544,0
1,1,0,0,321181,106544,1
0,0,0,0,321182,106545,0
1,1,0,0,321183,106545,1
0,0,0,0,321184,106546,0
1,1,0,0,321185,106546,1
0,0,0,0,321186,106547,0
1,1,0,0,321187,106547,1
0,0,0,0,321188,106548,0
1,1,0,0,321189,106548,1
0,0,0,0,321190,106549,0
1,1,0,0,321191,106549,1
0,0,0,0,321192,106550,0
1,1,0,0,321193,106550,1
0,0,0,0,321194,106551,0
1,1,0,0,321195,106551,1
0,0,0,0,321196,106552,0
1,1,0,0,321197,106552,1
0,0,0,0,321198,106553,0
1,1,0,0,321199,106553,1
0,0,0,0,321200,106554,0
1,1,0,0,321201,106554,1
0,0,0,0,321202,106555,0
1,1,0,0,321203,106555,1
0,0,0,0,321204,106556,0
1,1,0,0,321205,106556,1
0,0,0,0,321206,106557,0
1,1,0,0,321207,106557,1
0,0,0,0,321208,106558,0
1,1,0,0,321209,106558,1
0,0,0,0,321210,106559,0
1,1,0,0,321211,106559,1
0,0,0,0,321212,106560,0
1,1,0,0,321213,106560,1
0,0,0,0,321214,106561,0
1,1,0,0,321215,106561,1
0,0,0,0,321216,106562,0
1,1,0,0,321217,106562,1
0,0,0,0,321218,106563,0
1,1,0,0,321219,106563,1
0,0,0,0,321220,106564,0
1,1,0,0,321221,106564,1
0,0,0,0,321222,106565,0
1,1,0,0,321223,106565,1
0,0,0,0,321224,106566,0
1,1,0,0,321225,106566,1
0,0,0,0,321226,106567,0
1,1,0,0,321227,106567,1
0,0,0,0,321228,106568,0
1,1,0,0,321229,106568,1
0,0,0,0,321230,106569,0
1,1,0,0,321231,106569,1
0,0,0,0,321232,106570,0
1,1,0,0,321233,106570,1
0,0,0,0,321234,106571,0
1,1,0,0,321235,106571,1
0,0,0,0,321236,106572,0
1,1,0,0,321237,106572,1
0,0,0,0,321238,106573,0
1,1,0,0,321239,106573,1
0,0,0,0,321240,106574,0
1,1,0,0,321241,106574,1
0,0,0,0,321242,106575,0
1,1,0,0,321243,106575,1
0,0,0,0,321244,106576,0
1,1,0,0,321245,106576,1
0,0,0,0,321246,106577,0
1,1,0,0,321247,106577,1
0,0,0,0,321248,106578,0
1,1,0,0,321249,106578,1
0,0,0,0,321250,106579,0
1,1,0,0,321251,106579,1
0,0,0,0,321252,106580,0
1,1,0,0,321253,106580,1
0,0,0,0,321254,106581,0
1,1,0,0,321255,106581,1
0,0,0,0,321256,106582,0
1,1,0,0,321257,106582,1
0,0,0,0,321258,106583,0
1,1,0,0,321259,106583,1
0,0,0,0,321260,106584,0
1,1,0,0,321261,106584,1
0,0,0,0,321262,106585,0
1,1,0,0,321263,106585,1
0,0,0,0,321264,106586,0
1,1,0,0,321265,106586,1
0,0,0,0,321266,106587,0
1,1,0,0,321267,106587,1
0,0,0,0,321268,106588,0
1,1,0,0,321269,106588,1
0,0,0,0,321270,106589,0
1,1,0,0,321271,106589,1
0,0,0,0,321272,106590,0
1,1,0,0,321273,106590,1
0,0,0,0,321274,106591,0
1,1,0,0,321275,106591,1
0,0,0,0,321276,106592,0
1,1,0,0,321277,106592,1
0,0,0,0,321278,106593,0
1,1,0,0,321279,106593,1
0,0,0,0,321280,106594,0
1,1,0,0,321281,106594,1
0,0,0,0,321282,106595,0
1,1,0,0,321283,106595,1
0,0,0,0,321284,106596,0
1,1,0,0,321285,106596,1
0,0,0,0,321286,106597,0
1,1,0,0,321287,106597,1
0,0,0,0,321288,106598,0
1,1,0,0,321289,106598,1
0,0,0,0,321290,106599,0
1,1,0,0,321291,106599,1
0,0,0,0,321292,106600,0
1,1,0,0,321293,106600,1
0,0,0,0,321294,106601,0
1,1,0,0,321295,106601,1
0,0,0,0,321296,106602,0
1,1,0,0,321297,106602,1
0,0,0,0,321298,106603,0
1,1,0,0,321299,106603,1
0,0,0,0,321300,106604,0
1,1,0,0,321301,106604,1
0,0,0,0,321302,106605,0
1,1,0,0,321303,106605,1
0,0,0,0,321304,106606,0
1,1,0,0,321305,106606,1
0,0,0,0,321306,106607,0
1,1,0,0,321307,106607,1
0,0,0,0,321308,106608,0
1,1,0,0,321309,106608,1
0,0,0,0,321310,106609,0
1,1,0,0,321311,106609,1
0,0,0,0,321312,106610,0
1,1,0,0,321313,106610,1
0,0,0,0,321314,106611,0
1,1,0,0,321315,106611,1
0,0,0,0,321316,106612,0
1,1,0,0,321317,106612,1
0,0,0,0,321318,106613,0
1,1,0,0,321319,106613,1
0,0,0,0,321320,106614,0
1,1,0,0,321321,106614,1
0,0,0,0,321322,106615,0
1,1,0,0,321323,106615,1
0,0,0,0,321324,106616,0
1,1,0,0,321325,106616,1
0,0,0,0,321326,106617,0
1,1,0,0,321327,106617,1
0,0,0,0,321328,106618,0
1,1,0,0,321329,106618,1
0,0,0,0,321330,106619,0
1,1,0,0,321331,106619,1
0,0,0,0,321332,106620,0
1,1,0,0,321333,106620,1
0,0,0,0,321334,106621,0
1,1,0,0,321335,106621,1
0,0,0,0,321336,106622,0
1,1,0,0,321337,106622,1
0,0,0,0,321338,106623,0
1,1,0,0,321339,106623,1
0,0,0,0,321340,106624,0
1,1,0,0,321341,106624,1
0,0,0,0,321342,106625,0
1,1,0,0,321343,106625,1
0,0,0,0,321344,106626,0
1,1,0,0,321345,106626,1
0,0,0,0,321346,106627,0
1,1,0,0,321347,106627,1
0,0,0,0,321348,106628,0
1,1,0,0,321349,106628,1
0,0,0,0,321350,106629,0
1,1,0,0,321351,106629,1
0,0,0,0,321352,106630,0
1,1,0,0,321353,106630,1
0,0,0,0,321354,106631,0
1,1,0,0,321355,106631,1
0,0,0,0,321356,106632,0
1,1,0,0,321357,106632,1
0,0,0,0,321358,106633,0
1,1,0,0,321359,106633,1
0,0,0,0,321360,106634,0
1,1,0,0,321361,106634,1
0,0,0,0,321362,106635,0
1,1,0,0,321363,106635,1
0,0,0,0,321364,106636,0
1,1,0,0,321365,106636,1
0,0,0,0,321366,106637,0
1,1,0,0,321367,106637,1
0,0,0,0,321368,106638,0
1,1,0,0,321369,106638,1
0,0,0,0,321370,106639,0
1,1,0,0,321371,106639,1
0,0,0,0,321372,106640,0
1,1,0,0,321373,106640,1
0,0,0,0,321374,106641,0
1,1,0,0,321375,106641,1
0,0,0,0,321376,106642,0
1,1,0,0,321377,106642,1
0,0,0,0,321378,106643,0
1,1,0,0,321379,106643,1
0,0,0,0,321380,106644,0
1,1,0,0,321381,106644,1
0,0,0,0,321382,106645,0
1,1,0,0,321383,106645,1
0,0,0,0,321384,106646,0
1,1,0,0,321385,106646,1
0,0,0,0,321386,106647,0
1,1,0,0,321387,106647,1
0,0,0,0,321388,106648,0
1,1,0,0,321389,106648,1
0,0,0,0,321390,106649,0
1,1,0,0,321391,106649,1
0,0,0,0,321392,106650,0
1,1,0,0,321393,106650,1
0,0,0,0,321394,106651,0
1,1,0,0,321395,106651,1
0,0,0,0,321396,106652,0
1,1,0,0,321397,106652,1
0,0,0,0,321398,106653,0
1,1,0,0,321399,106653,1
0,0,0,0,321400,106654,0
1,1,0,0,321401,106654,1
0,0,0,0,321402,106655,0
1,1,0,0,321403,106655,1
0,0,0,0,321404,106656,0
1,1,0,0,321405,106656,1
0,0,0,0,321406,106657,0
1,1,0,0,321407,106657,1
0,0,0,0,321408,106658,0
1,1,0,0,321409,106658,1
0,0,0,0,321410,106659,0
1,1,0,0,321411,106659,1
0,0,0,0,321412,106660,0
1,1,0,0,321413,106660,1
0,0,0,0,321414,106661,0
1,1,0,0,321415,106661,1
0,0,0,0,321416,106662,0
1,1,0,0,321417,106662,1
0,0,0,0,321418,106663,0
1,1,0,0,321419,106663,1
0,0,0,0,321420,106664,0
1,1,0,0,321421,106664,1
0,0,0,0,321422,106665,0
1,1,0,0,321423,106665,1
0,0,0,0,321424,106666,0
0.29818183,0.053475916,0,0,321425,106666,1
0.7309091,0.973262,0,0,321426,106666,2
1,1,0,0,321427,106666,3
0,0,0,0,321428,106667,0
1,1,0,0,321429,106667,1
0,0,0,0,321430,106668,0
1,1,0,0,321431,106668,1
0,0,0,0,321432,106669,0
1,1,0,0,321433,106669,1
0,0,0,0,321434,106670,0
1,1,0,0,321435,106670,1
0,0,0,0,321436,106671,0
1,1,0,0,321437,106671,1
0,0,0,0,321438,106672,0
1,1,0,0,321439,106672,1
0,0,0,0,321440,106673,0
1,1,0,0,321441,106673,1
0,0,0,0,321442,106674,0
1,1,0,0,321443,106674,1
0,0,0,0,321444,106675,0
1,1,0,0,321445,106675,1
0,0,0,0,321446,106676,0
1,1,0,0,321447,106676,1
0,0,0,0,321448,106677,0
1,1,0,0,321449,106677,1
0,0,0,0,321450,106678,0
1,1,0,0,321451,106678,1
0,0,0,0,321452,106679,0
1,1,0,0,321453,106679,1
0,0,0,0,321454,106680,0
1,1,0,0,321455,106680,1
0,0,0,0,321456,106681,0
1,1,0,0,321457,106681,1
0,0,0,0,321458,106682,0
1,1,0,0,321459,106682,1
0,0,0,0,321460,106683,0
1,1,0,0,321461,106683,1
0,0,0,0,321462,106684,0
1,1,0,0,321463,106684,1
0,0,0,0,321474,106688,0
1,1,0,0,321475,106688,1
0,0,0,0,321476,106689,0
1,1,0,0,321477,106689,1
0,0,0,0,321478,106690,0
1,1,0,0,321479,106690,1
0,0,0,0,321480,106691,0
1,1,0,0,321481,106691,1
0,0,0,0,321482,106692,0
1,1,0,0,321483,106692,1
0,0,0,0,321484,106693,0
1,1,0,0,321485,106693,1
0,0,0,0,321486,106694,0
1,1,0,0,321487,106694,1
0,0,0,0,321488,106695,0
1,1,0,0,321489,106695,1
0,0,0,0,321490,106696,0
1,1,0,0,321491,106696,1
0,0,0,0,321492,106697,0
1,1,0,0,321493,106697,1
0,0,0,0,321494,106698,0
1,1,0,0,321495,106698,1
0,0,0,0,321496,106699,0
1,1,0,0,321497,106699,1
0,0,0,0,321498,106700,0
1,1,0,0,321499,106700,1
0,0,0,0,321500,106701,0
1,1,0,0,321501,106701,1
0,0,0,0,321502,106702,0
1,1,0,0,321503,106702,1
0,0,0,0,321504,106703,0
1,1,0,0,321505,106703,1
0,0,0,0,321506,106704,0
1,1,0,0,321507,106704,1
0,0,0,0,321508,106705,0
1,1,0,0,321509,106705,1
0,0,0,0,321510,106706,0
1,1,0,0,321511,106706,1
0,0,0,0,321512,106707,0
1,1,0,0,321513,106707,1
0,0,0,0,321514,106708,0
1,1,0,0,321515,106708,1
0,0,0,0,321516,106709,0
1,1,0,0,321517,106709,1
0,0,0,0,321518,106710,0
1,1,0,0,321519,106710,1
0,0,0,0,321520,106711,0
1,1,0,0,321521,106711,1
0,0,0,0,321522,106712,0
1,1,0,0,321523,106712,1
0,0,0,0,321524,106713,0
1,1,0,0,321525,106713,1
0,0,0,0,321526,106714,0
1,1,0,0,321527,106714,1
0,0,0,0,321528,106715,0
1,1,0,0,321529,106715,1
0,0,0,0,321530,106716,0
1,1,0,0,321531,106716,1
0,0,0,0,321532,106717,0
1,1,0,0,321533,106717,1
0,0,0,0,321534,106718,0
1,1,0,0,321535,106718,1
0,0,0,0,321536,106719,0
1,1,0,0,321537,106719,1
0,0,0,0,321538,106720,0
1,1,0,0,321539,106720,1
0,0,0,0,321540,106721,0
1,1,0,0,321541,106721,1
0,0,0,0,321542,106722,0
1,1,0,0,321543,106722,1
0,0,0,0,321544,106723,0
1,1,0,0,321545,106723,1
0,0,0,0,321546,106724,0
1,1,0,0,321547,106724,1
0,0,0,0,321548,106725,0
1,1,0,0,321549,106725,1
0,0,0,0,321550,106726,0
1,1,0,0,321551,106726,1
0,0,0,0,321552,106727,0
1,1,0,0,321553,106727,1
0,0,0,0,321554,106728,0
1,1,0,0,321555,106728,1
0,0,0,0,321556,106729,0
1,1,0,0,321557,106729,1
0,0,0,0,321558,106730,0
1,1,0,0,321559,106730,1
0,0,0,0,321560,106731,0
1,1,0,0,321561,106731,1
0,0,0,0,321562,106732,0
1,1,0,0,321563,106732,1
0,0,0,0,321564,106733,0
1,1,0,0,321565,106733,1
0,0,0,0,321566,106734,0
1,1,0,0,321567,106734,1
0,0,0,0,321568,106735,0
1,1,0,0,321569,106735,1
0,0,0,0,321570,106736,0
1,1,0,0,321571,106736,1
0,0,0,0,321572,106737,0
1,1,0,0,321573,106737,1
0,0,0,0,321574,106738,0
1,1,0,0,321575,106738,1
0,0,0,0,321576,106739,0
1,1,0,0,321577,106739,1
0,0,0,0,321578,106740,0
1,1,0,0,321579,106740,1
0,0,0,0,321580,106741,0
1,1,0,0,321581,106741,1
0,0,0,0,321582,106742,0
1,1,0,0,321583,106742,1
0,0,0,0,321584,106743,0
1,1,0,0,321585,106743,1
0,0,0,0,321586,106744,0
1,1,0,0,321587,106744,1
0,0,0,0,321588,106745,0
1,1,0,0,321589,106745,1
0,0,0,0,321590,106746,0
1,1,0,0,321591,106746,1
0,0,0,0,321592,106747,0
1,1,0,0,321593,106747,1
0,0,0,0,321594,106748,0
1,1,0,0,321595,106748,1
0,0,0,0,321596,106749,0
1,1,0,0,321597,106749,1
0,0,0,0,321598,106750,0
1,1,0,0,321599,106750,1
0,0,0,0,321600,106751,0
1,1,0,0,321601,106751,1
0,0,0,0,321602,106752,0
1,1,0,0,321603,106752,1
0,0,0,0,321604,106753,0
1,1,0,0,321605,106753,1
0,0,0,0,321606,106754,0
1,1,0,0,321607,106754,1
0,0,0,0,321608,106755,0
1,1,0,0,321609,106755,1
0,0,0,0,321610,106756,0
1,1,0,0,321611,106756,1
0,0,0,0,321612,106757,0
1,1,0,0,321613,106757,1
0,0,0,0,321614,106758,0
1,1,0,0,321615,106758,1
0,0,0,0,321616,106759,0
1,1,0,0,321617,106759,1
0,0,0,0,321618,106760,0
1,1,0,0,321619,106760,1
0,0,0,0,321620,106761,0
1,1,0,0,321621,106761,1
0,0,0,0,321622,106762,0
1,1,0,0,321623,106762,1
0,0,0,0,321624,106763,0
1,1,0,0,321625,106763,1
0,0,0,0,321626,106764,0
1,1,0,0,321627,106764,1
0,0,0,0,321628,106765,0
1,1,0,0,321629,106765,1
0,0,0,0,321630,106766,0
1,1,0,0,321631,106766,1
0,0,0,0,321632,106767,0
1,1,0,0,321633,106767,1
0,0,0,0,321634,106768,0
1,1,0,0,321635,106768,1
0,0,0,0,321636,106769,0
1,1,0,0,321637,106769,1
0,0,0,0,321638,106770,0
1,1,0,0,321639,106770,1
0,0,0,0,321640,106771,0
1,1,0,0,321641,106771,1
0,0,0,0,321642,106772,0
1,1,0,0,321643,106772,1
0,0,0,0,321644,106773,0
1,1,0,0,321645,106773,1
0,0,0,0,321646,106774,0
1,1,0,0,321647,106774,1
0,0,0,0,321648,106775,0
1,1,0,0,321649,106775,1
0,0,0,0,321650,106776,0
1,1,0,0,321651,106776,1
0,0,0,0,321652,106777,0
1,1,0,0,321653,106777,1
0,0,0,0,321654,106778,0
1,1,0,0,321655,106778,1
0,0,0,0,321656,106779,0
1,1,0,0,321657,106779,1
0,0,0,0,321658,106780,0
1,1,0,0,321659,106780,1
0,0,0,0,321660,106781,0
1,1,0,0,321661,106781,1
0,0,0,0,321662,106782,0
1,1,0,0,321663,106782,1
0,0,0,0,321664,106783,0
1,1,0,0,321665,106783,1
0,0,0,0,321666,106784,0
1,1,0,0,321667,106784,1
0,0,0,0,321668,106785,0
1,1,0,0,321669,106785,1
0,0,0,0,321670,106786,0
1,1,0,0,321671,106786,1
0,0,0,0,321672,106787,0
1,1,0,0,321673,106787,1
0,0,0,0,321674,106788,0
1,1,0,0,321675,106788,1
0,0,0,0,321676,106789,0
1,1,0,0,321677,106789,1
0,0,0,0,321678,106790,0
1,1,0,0,321679,106790,1
0,0,0,0,321680,106791,0
1,1,0,0,321681,106791,1
0,0,0,0,321682,106792,0
1,1,0,0,321683,106792,1
0,0,0,0,321684,106793,0
1,1,0,0,321685,106793,1
0,0,0,0,321686,106794,0
1,1,0,0,321687,106794,1
0,0,0,0,321688,106795,0
1,1,0,0,321689,106795,1
0,0,0,0,321690,106796,0
1,1,0,0,321691,106796,1
0,0,0,0,321692,106797,0
1,1,0,0,321693,106797,1
0,0,0,0,321694,106798,0
1,1,0,0,321695,106798,1
0,0,0,0,321696,106799,0
1,1,0,0,321697,106799,1
0,0,0,0,321698,106800,0
1,1,0,0,321699,106800,1
0,0,0,0,321700,106801,0
1,1,0,0,321701,106801,1
0,0,0,0,321702,106802,0
1,1,0,0,321703,106802,1
0,0,0,0,321704,106803,0
1,1,0,0,321705,106803,1
0,0,0,0,321706,106804,0
1,1,0,0,321707,106804,1
0,0,0,0,321708,106805,0
1,1,0,0,321709,106805,1
0,0,0,0,321710,106806,0
1,1,0,0,321711,106806,1
0,0,0,0,321712,106807,0
1,1,0,0,321713,106807,1
0,0,0,0,321714,106808,0
1,1,0,0,321715,106808,1
0,0,0,0,321716,106809,0
1,1,0,0,321717,106809,1
0,0,0,0,321718,106810,0
1,1,0,0,321719,106810,1
0,0,0,0,321720,106811,0
1,1,0,0,321721,106811,1
0,0,0,0,321722,106812,0
1,1,0,0,321723,106812,1
0,0,0,0,321724,106813,0
1,1,0,0,321725,106813,1
0,0,0,0,321726,106814,0
1,1,0,0,321727,106814,1
0,0,0,0,321728,106815,0
1,1,0,0,321729,106815,1
0,0,0,0,321730,106816,0
1,1,0,0,321731,106816,1
0,0,0,0,321732,106817,0
1,1,0,0,321733,106817,1
0,0,0,0,321734,106818,0
1,1,0,0,321735,106818,1
0,0,0,0,321736,106819,0
1,1,0,0,321737,106819,1
0,0,0,0,321738,106820,0
1,1,0,0,321739,106820,1
0,0,0,0,321740,106821,0
1,1,0,0,321741,106821,1
0,0,0,0,321742,106822,0
1,1,0,0,321743,106822,1
0,0,0,0,321744,106823,0
1,1,0,0,321745,106823,1
0,0,0,0,321746,106824,0
1,1,0,0,321747,106824,1
0,0,0,0,321748,106825,0
1,1,0,0,321749,106825,1
0,0,0,0,321750,106826,0
1,1,0,0,321751,106826,1
0,0,0,0,321752,106827,0
1,1,0,0,321753,106827,1
0,0,0,0,321754,106828,0
1,1,0,0,321755,106828,1
0,0,0,0,321756,106829,0
1,1,0,0,321757,106829,1
0,0,0,0,321758,106830,0
1,1,0,0,321759,106830,1
0,0,0,0,321760,106831,0
1,1,0,0,321761,106831,1
0,0,0,0,321762,106832,0
1,1,0,0,321763,106832,1
0,0,0,0,321764,106833,0
1,1,0,0,321765,106833,1
0,0,0,0,321766,106834,0
1,1,0,0,321767,106834,1
0,0,0,0,321768,106835,0
1,1,0,0,321769,106835,1
0,0,0,0,321770,106836,0
1,1,0,0,321771,106836,1
0,0,0,0,321772,106837,0
1,1,0,0,321773,106837,1
0,0,0,0,321785,106844,0
1,1,0,0,321786,106844,1
1,40,0,0,321814,106855,0
60,1,0,0,321815,106855,2
4,60,0,0,321816,106855,4
0,0,0,0,321824,106858,0
1,1,0,0,321825,106858,1
0,0,0,0,321826,106859,0
1,1,0,0,321827,106859,1
0,0,0,0,321828,106860,0
1,1,0,0,321829,106860,1
0,0,0,0,321830,106861,0
1,1,0,0,321831,106861,1
0,0,0,0,321832,106862,0
1,1,0,0,321833,106862,1
0,0,0,0,321834,106863,0
1,1,0,0,321835,106863,1
0,0,0,0,321836,106864,0
1,1,0,0,321837,106864,1
0,0,0,0,321838,106865,0
1,1,0,0,321839,106865,1
0,0,0,0,321840,106866,0
1,1,0,0,321841,106866,1
0,0,0,0,321842,106867,0
1,1,0,0,321843,106867,1
0,0,0,0,321844,106868,0
1,1,0,0,321845,106868,1
0,0,0,0,321846,106869,0
1,1,0,0,321847,106869,1
0,0,0,0,321848,106870,0
1,1,0,0,321849,106870,1
0,0,0,0,321850,106871,0
1,1,0,0,321851,106871,1
0,0,0,0,321852,106872,0
1,1,0,0,321853,106872,1
0,0,0,0,321854,106873,0
1,1,0,0,321855,106873,1
0,0,0,0,321856,106874,0
1,1,0,0,321857,106874,1
0,0,0,0,321858,106875,0
1,1,0,0,321859,106875,1
0,0,0,0,321860,106876,0
1,1,0,0,321861,106876,1
0,0,0,0,321862,106877,0
1,1,0,0,321863,106877,1
0,0,0,0,321864,106878,0
1,1,0,0,321865,106878,1
0,0,0,0,321866,106879,0
1,1,0,0,321867,106879,1
0,0,0,0,321868,106880,0
1,1,0,0,321869,106880,1
0,0,0,0,321870,106881,0
1,1,0,0,321871,106881,1
0,0,0,0,321872,106882,0
1,1,0,0,321873,106882,1
0,0,0,0,321874,106883,0
1,1,0,0,321875,106883,1
0,0,0,0,321876,106884,0
1,1,0,0,321877,106884,1
0,0,0,0,321878,106885,0
1,1,0,0,321879,106885,1
0,0,0,0,321880,106886,0
1,1,0,0,321881,106886,1
0,0,0,0,321882,106887,0
1,1,0,0,321883,106887,1
0,0,0,0,321884,106888,0
1,1,0,0,321885,106888,1
0,0,0,0,321886,106889,0
1,1,0,0,321887,106889,1
0,0,0,0,321888,106890,0
1,1,0,0,321889,106890,1
0,0,0,0,321890,106891,0
1,1,0,0,321891,106891,1
0,0,0,0,321892,106892,0
1,1,0,0,321893,106892,1
0,0,0,0,321894,106893,0
1,1,0,0,321895,106893,1
2,50,0,0,321962,106855,1
3,50,0,0,321963,106855,3
5,60,0,0,321964,106855,5
6,70,0,0,321965,106855,6
7,80,0,0,321966,106855,7
8,90,0,0,321967,106855,8
9,110,0,0,321968,106855,9
10,120,0,0,321969,106855,10
11,130,0,0,321970,106855,11
12,150,0,0,321971,106855,12
13,170,0,0,321972,106855,13
14,190,0,0,321973,106855,14
15,220,0,0,321974,106855,15
16,240,0,0,321975,106855,16
17,280,0,0,321976,106855,17
18,310,0,0,321977,106855,18
19,350,0,0,321978,106855,19
20,400,0,0,321979,106855,20
21,450,0,0,321980,106855,21
22,500,0,0,321981,106855,22
23,570,0,0,321982,106855,23
24,640,0,0,321983,106855,24
25,720,0,0,321984,106855,25
26,810,0,0,321985,106855,26
27,920,0,0,321986,106855,27
28,1040,0,0,321987,106855,28
29,1170,0,0,321988,106855,29
30,1320,0,0,321989,106855,30
31,1490,0,0,321990,106855,31
32,1680,0,0,321991,106855,32
33,1890,0,0,321992,106855,33
34,2130,0,0,321993,106855,34
35,2410,0,0,321994,106855,35
36,2480,0,0,321995,106855,36
37,2550,0,0,321996,106855,37
38,2630,0,0,321997,106855,38
39,2700,0,0,321998,106855,39
40,2780,0,0,321999,106855,40
41,2870,0,0,322000,106855,41
42,2950,0,0,322001,106855,42
43,3040,0,0,322002,106855,43
44,3130,0,0,322003,106855,44
45,3220,0,0,322004,106855,45
46,3320,0,0,322005,106855,46
47,3420,0,0,322006,106855,47
48,3520,0,0,322007,106855,48
49,3620,0,0,322008,106855,49
50,3730,0,0,322009,106855,50
51,3840,0,0,322010,106855,51
52,3960,0,0,322011,106855,52
53,4070,0,0,322012,106855,53
54,4190,0,0,322013,106855,54
55,4320,0,0,322014,106855,55
56,4450,0,0,322015,106855,56
57,4580,0,0,322016,106855,57
58,4720,0,0,322017,106855,58
59,4860,0,0,322018,106855,59
60,5000,0,0,322019,106855,60
0,0,0,0,322029,106915,0
0.29818183,0.053475916,0,0,322030,106915,1
0.7309091,0.973262,0,0,322031,106915,2
1,1,0,0,322032,106915,3
0,0,0,0,322033,106916,0
1,1,0,0,322034,106916,1
0,0,0,0,322035,106917,0
1,1,0,0,322036,106917,1
0,0,0,0,322037,106918,0
1,1,0,0,322038,106918,1
0,0,0,0,322039,106919,0
1,1,0,0,322040,106919,1
0,0,0,0,322041,106920,0
1,1,0,0,322042,106920,1
0,0,0,0,322043,106921,0
1,1,0,0,322044,106921,1
0,0,0,0,322045,106922,0
1,1,0,0,322046,106922,1
0,0,0,0,322047,106923,0
1,1,0,0,322048,106923,1
0,0,0,0,322049,106924,0
1,1,0,0,322050,106924,1
0,0,0,0,322051,106925,0
1,1,0,0,322052,106925,1
0,0,0,0,322053,106926,0
1,1,0,0,322054,106926,1
0,0,0,0,322055,106927,0
1,1,0,0,322056,106927,1
0,0,0,0,322085,106941,0
1,1,0,0,322086,106941,1
0,0,0,0,322087,106942,0
1,1,0,0,322088,106942,1
0,0,0,0,322089,106943,0
1,1,0,0,322090,106943,1
0,0,0,0,322091,106944,0
1,1,0,0,322092,106944,1
0,0,0,0,322093,106945,0
1,1,0,0,322094,106945,1
0,0,0,0,322095,106946,0
1,1,0,0,322096,106946,1
0,0,0,0,322097,106947,0
1,1,0,0,322098,106947,1
0,0,0,0,322099,106948,0
1,1,0,0,322100,106948,1
0,0,0,0,322101,106949,0
1,1,0,0,322102,106949,1
0,0,0,0,322103,106950,0
1,1,0,0,322104,106950,1
0,0,0,0,322105,106951,0
1,1,0,0,322106,106951,1
0,0,0,0,322107,106952,0
1,1,0,0,322108,106952,1
0,0,0,0,322109,106953,0
1,1,0,0,322110,106953,1
0,0,0,0,322111,106954,0
1,1,0,0,322112,106954,1
0,0,0,0,322113,106955,0
1,1,0,0,322114,106955,1
0,0,0,0,322115,106956,0
1,1,0,0,322116,106956,1
0,0,0,0,322117,106957,0
1,1,0,0,322118,106957,1
0,0,0,0,322119,106958,0
1,1,0,0,322120,106958,1
0,0,0,0,322121,106959,0
1,1,0,0,322122,106959,1
0,0,0,0,322123,106960,0
1,1,0,0,322124,106960,1
0,0,0,0,322125,106961,0
1,1,0,0,322126,106961,1
0,0,0,0,322127,106962,0
1,1,0,0,322128,106962,1
0,0,0,0,322129,106963,0
1,1,0,0,322130,106963,1
0,0,0,0,322131,106964,0
1,1,0,0,322132,106964,1
0,0,0,0,322133,106965,0
1,1,0,0,322134,106965,1
0,0,0,0,322135,106966,0
1,1,0,0,322136,106966,1
0,0,0,0,322137,106967,0
1,1,0,0,322138,106967,1
0,0,0,0,322139,106968,0
1,1,0,0,322140,106968,1
0,0,0,0,322141,106969,0
1,1,0,0,322142,106969,1
0,0,0,0,322143,106970,0
1,1,0,0,322144,106970,1
0,0,0,0,322145,106971,0
1,1,0,0,322146,106971,1
0,0,0,0,322147,106972,0
1,1,0,0,322148,106972,1
0,0,0,0,322149,106973,0
1,1,0,0,322150,106973,1
0,0,0,0,322151,106974,0
1,1,0,0,322152,106974,1
0,0,0,0,322153,106975,0
1,1,0,0,322154,106975,1
0,0,0,0,322155,106976,0
1,1,0,0,322156,106976,1
0,0,0,0,322157,106977,0
1,1,0,0,322158,106977,1
0,0,0,0,322159,106978,0
1,1,0,0,322160,106978,1
0,0,0,0,322161,106979,0
1,1,0,0,322162,106979,1
0,0,0,0,322163,106980,0
1,1,0,0,322164,106980,1
0,0,0,0,322165,106981,0
1,1,0,0,322166,106981,1
0,0,0,0,322167,106982,0
1,1,0,0,322168,106982,1
0,0,0,0,322184,106989,0
1,1,0,0,322185,106989,1
0,0,0,0,322186,106990,0
1,1,0,0,322187,106990,1
0,0,0,0,322188,106991,0
1,1,0,0,322189,106991,1
0,0,0,0,322190,106992,0
1,1,0,0,322191,106992,1
0,0,0,0,322192,106993,0
1,1,0,0,322193,106993,1
0,0,0,0,322194,106994,0
1,1,0,0,322195,106994,1
0,0,0,0,322196,106995,0
1,1,0,0,322197,106995,1
0,0,0,0,322198,106996,0
1,1,0,0,322199,106996,1
0,0,0,0,322200,106997,0
1,1,0,0,322201,106997,1
0,0,0,0,322202,106998,0
1,1,0,0,322203,106998,1
0,0,0,0,322204,106999,0
1,1,0,0,322205,106999,1
0,0,0,0,322206,107000,0
1,1,0,0,322207,107000,1
0,0,0,0,322208,107001,0
1,1,0,0,322209,107001,1
0,0,0,0,322210,107002,0
1,1,0,0,322211,107002,1
0,0,0,0,322212,107003,0
1,1,0,0,322213,107003,1
0,0,0,0,322214,107004,0
1,1,0,0,322215,107004,1
0,0,0,0,322216,107005,0
1,1,0,0,322217,107005,1
0,0,0,0,322218,107006,0
1,1,0,0,322219,107006,1
0,0,0,0,322220,107007,0
1,1,0,0,322221,107007,1
0,0,0,0,322222,107008,0
1,1,0,0,322223,107008,1
0,0,0,0,322224,107009,0
1,1,0,0,322225,107009,1
0,0,0,0,322226,107010,0
1,1,0,0,322227,107010,1
0,0,0,0,322228,107011,0
1,1,0,0,322229,107011,1
0,0,0,0,322230,107012,0
1,1,0,0,322231,107012,1
0,0,0,0,322232,107013,0
1,1,0,0,322233,107013,1
0,0,0,0,322234,107014,0
1,1,0,0,322235,107014,1
0,0,0,0,322236,107015,0
1,1,0,0,322237,107015,1
0,0,0,0,322238,107016,0
1,1,0,0,322239,107016,1
0,0,0,0,322240,107017,0
1,1,0,0,322241,107017,1
0,0,0,0,322242,107018,0
1,1,0,0,322243,107018,1
0,0,0,0,322244,107019,0
1,1,0,0,322245,107019,1
0,0,0,0,322246,107020,0
1,1,0,0,322247,107020,1
0,0,0,0,322248,107021,0
1,1,0,0,322249,107021,1
0,0,0,0,322250,107022,0
1,1,0,0,322251,107022,1
0,0,0,0,322252,107023,0
1,1,0,0,322253,107023,1
0,0,0,0,322254,107024,0
1,1,0,0,322255,107024,1
0,0,0,0,322256,107025,0
1,1,0,0,322257,107025,1
0,0,0,0,322258,107026,0
1,1,0,0,322259,107026,1
0,0,0,0,322260,107027,0
1,1,0,0,322261,107027,1
0,0,0,0,322262,107028,0
1,1,0,0,322263,107028,1
0,0,0,0,322264,107029,0
1,1,0,0,322265,107029,1
0,0,0,0,322266,107030,0
1,1,0,0,322267,107030,1
0,0,0,0,322268,107031,0
1,1,0,0,322269,107031,1
0,0,0,0,322270,107032,0
1,1,0,0,322271,107032,1
0,0,0,0,322272,107033,0
1,1,0,0,322273,107033,1
0,0,0,0,322274,107034,0
1,1,0,0,322275,107034,1
0,0,0,0,322276,107035,0
1,1,0,0,322277,107035,1
0,0,0,0,322278,107036,0
1,1,0,0,322279,107036,1
0,0,0,0,322280,107037,0
1,1,0,0,322281,107037,1
0,0,0,0,322282,107038,0
1,1,0,0,322283,107038,1
0,0,0,0,322284,107039,0
1,1,0,0,322285,107039,1
0,0,0,0,322286,107040,0
1,1,0,0,322287,107040,1
0,0,0,0,322288,107041,0
1,1,0,0,322289,107041,1
0,0,0,0,322290,107042,0
1,1,0,0,322291,107042,1
0,0,0,0,322292,107043,0
1,1,0,0,322293,107043,1
0,0,0,0,322294,107044,0
1,1,0,0,322295,107044,1
0,0,0,0,322296,107045,0
1,1,0,0,322297,107045,1
0,0,0,0,322298,107046,0
1,1,0,0,322299,107046,1
0,0,0,0,322300,107047,0
1,1,0,0,322301,107047,1
0,0,0,0,322302,107048,0
1,1,0,0,322303,107048,1
0,0,0,0,322304,107049,0
1,1,0,0,322305,107049,1
0,0,0,0,322306,107050,0
1,1,0,0,322307,107050,1
0,0,0,0,322308,107051,0
1,1,0,0,322309,107051,1
0,0,0,0,322310,107052,0
1,1,0,0,322311,107052,1
0,0,0,0,322312,107053,0
1,1,0,0,322313,107053,1
0,0,0,0,322314,107054,0
1,1,0,0,322315,107054,1
0,0,0,0,322316,107055,0
1,1,0,0,322317,107055,1
0,0,0,0,322318,107056,0
1,1,0,0,322319,107056,1
0,0,0,0,322320,107057,0
1,1,0,0,322321,107057,1
0,0,0,0,322322,107058,0
1,1,0,0,322323,107058,1
0,0,0,0,322324,107059,0
1,1,0,0,322325,107059,1
0,0,0,0,322326,107060,0
1,1,0,0,322327,107060,1
0,0,0,0,322328,107061,0
1,1,0,0,322329,107061,1
0,0,0,0,322330,107062,0
1,1,0,0,322331,107062,1
0,0,0,0,322332,107063,0
1,1,0,0,322333,107063,1
0,0,0,0,322334,107064,0
1,1,0,0,322335,107064,1
0,0,0,0,322336,107065,0
1,1,0,0,322337,107065,1
0,0,0,0,322338,107066,0
1,1,0,0,322339,107066,1
0,0,0,0,322340,107067,0
1,1,0,0,322341,107067,1
0,0,0,0,322342,107068,0
1,1,0,0,322343,107068,1
0,0,0,0,322344,107069,0
1,1,0,0,322345,107069,1
0,0,0,0,322346,107070,0
1,1,0,0,322347,107070,1
0,0,0,0,322348,107071,0
1,1,0,0,322349,107071,1
0,0,0,0,322350,107072,0
1,1,0,0,322351,107072,1
0,0,0,0,322352,107073,0
1,1,0,0,322353,107073,1
0,0,0,0,322354,107074,0
1,1,0,0,322355,107074,1
0,0,0,0,322356,107075,0
1,1,0,0,322357,107075,1
0,0,0,0,322358,107076,0
1,1,0,0,322359,107076,1
0,0,0,0,322360,107077,0
1,1,0,0,322361,107077,1
0,0,0,0,322362,107078,0
1,1,0,0,322363,107078,1
0,0,0,0,322364,107079,0
1,1,0,0,322365,107079,1
0,0,0,0,322366,107080,0
1,1,0,0,322367,107080,1
0,0,0,0,322368,107081,0
1,1,0,0,322369,107081,1
0,0,0,0,322370,107082,0
1,1,0,0,322371,107082,1
0,0,0,0,322372,107083,0
1,1,0,0,322373,107083,1
0,0,0,0,322374,107084,0
1,1,0,0,322375,107084,1
0,0,0,0,322376,107085,0
1,1,0,0,322377,107085,1
0,0,0,0,322378,107086,0
1,1,0,0,322379,107086,1
0,0,0,0,322380,107087,0
1,1,0,0,322381,107087,1
0,0,0,0,322382,107088,0
1,1,0,0,322383,107088,1
0,0,0,0,322384,107089,0
1,1,0,0,322385,107089,1
0,0,0,0,322386,107090,0
1,1,0,0,322387,107090,1
0,0,0,0,322388,107091,0
1,1,0,0,322389,107091,1
0,0,0,0,322390,107092,0
1,1,0,0,322391,107092,1
0,0,0,0,322392,107093,0
1,1,0,0,322393,107093,1
0,0,0,0,322394,107094,0
1,1,0,0,322395,107094,1
0,0,0,0,322396,107095,0
1,1,0,0,322397,107095,1
0,0,0,0,322398,107096,0
1,1,0,0,322399,107096,1
0,0,0,0,322400,107097,0
1,1,0,0,322401,107097,1
0,0,0,0,322402,107098,0
1,1,0,0,322403,107098,1
0,0,0,0,322404,107099,0
1,1,0,0,322405,107099,1
0,0,0,0,322406,107100,0
1,1,0,0,322407,107100,1
0,0,0,0,322408,107101,0
1,1,0,0,322409,107101,1
0,0,0,0,322410,107102,0
1,1,0,0,322411,107102,1
0,0,0,0,322412,107103,0
1,1,0,0,322413,107103,1
0,0,0,0,322414,107104,0
1,1,0,0,322415,107104,1
0,0,0,0,322416,107105,0
1,1,0,0,322417,107105,1
0,0,0,0,322418,107106,0
1,1,0,0,322419,107106,1
0,0,0,0,322420,107107,0
1,1,0,0,322421,107107,1
0,0,0,0,322422,107108,0
1,1,0,0,322423,107108,1
0,0,0,0,322424,107109,0
1,1,0,0,322425,107109,1
0,0,0,0,322426,107110,0
1,1,0,0,322427,107110,1
0,0,0,0,322428,107111,0
1,1,0,0,322429,107111,1
0,0,0,0,322430,107112,0
1,1,0,0,322431,107112,1
0,0,0,0,322432,107113,0
1,1,0,0,322433,107113,1
0,0,0,0,322434,107114,0
1,1,0,0,322435,107114,1
0,0,0,0,322436,107115,0
1,1,0,0,322437,107115,1
0,0,0,0,322438,107116,0
1,1,0,0,322439,107116,1
0,0,0,0,322440,107117,0
1,1,0,0,322441,107117,1
0,0,0,0,322442,107118,0
1,1,0,0,322443,107118,1
0,0,0,0,322444,107119,0
1,1,0,0,322445,107119,1
0,0,0,0,322446,107120,0
1,1,0,0,322447,107120,1
0,0,0,0,322448,107121,0
1,1,0,0,322449,107121,1
0,0,0,0,322450,107122,0
1,1,0,0,322451,107122,1
0,0,0,0,322452,107123,0
1,1,0,0,322453,107123,1
0,0,0,0,322454,107124,0
1,1,0,0,322455,107124,1
0,0,0,0,322456,107125,0
1,1,0,0,322457,107125,1
0,0,0,0,322458,107126,0
1,1,0,0,322459,107126,1
0,0,0,0,322460,107127,0
1,1,0,0,322461,107127,1
0,0,0,0,322462,107128,0
1,1,0,0,322463,107128,1
0,0,0,0,322464,107129,0
1,1,0,0,322465,107129,1
0,0,0,0,322466,107130,0
1,1,0,0,322467,107130,1
0,0,0,0,322468,107131,0
1,1,0,0,322469,107131,1
0,0,0,0,322470,107132,0
1,1,0,0,322471,107132,1
0,0,0,0,322472,107133,0
1,1,0,0,322473,107133,1
0,0,0,0,322474,107134,0
1,1,0,0,322475,107134,1
0,0,0,0,322476,107135,0
1,1,0,0,322477,107135,1
0,0,0,0,322478,107136,0
1,1,0,0,322479,107136,1
0,0,0,0,322480,107137,0
1,1,0,0,322481,107137,1
0,0,0,0,322482,107138,0
1,1,0,0,322483,107138,1
0,0,0,0,322484,107139,0
1,1,0,0,322485,107139,1
0,0,0,0,322486,107140,0
1,1,0,0,322487,107140,1
0,0,0,0,322488,107141,0
1,1,0,0,322489,107141,1
0,0,0,0,322490,107142,0
1,1,0,0,322491,107142,1
0,0,0,0,322492,107143,0
1,1,0,0,322493,107143,1
0,0,0,0,322494,107144,0
1,1,0,0,322495,107144,1
0,0,0,0,322624,107148,0
1,1,0,0,322625,107148,1
0,0,0,0,322626,107149,0
1,1,0,0,322627,107149,1
0,0,0,0,322628,107150,0
1,1,0,0,322629,107150,1
0,0,0,0,322630,107151,0
1,1,0,0,322631,107151,1
0,0,0,0,322632,107152,0
1,1,0,0,322633,107152,1
0,0,0,0,322634,107153,0
1,1,0,0,322635,107153,1
0,0,0,0,322636,107154,0
1,1,0,0,322637,107154,1
0,0,0,0,322638,107155,0
1,1,0,0,322639,107155,1
0,0,0,0,322640,107156,0
1,1,0,0,322641,107156,1
0,0,0,0,322642,107157,0
1,1,0,0,322643,107157,1
0,0,0,0,322644,107158,0
1,1,0,0,322645,107158,1
0,0,0,0,322646,107159,0
1,1,0,0,322647,107159,1
0,0,0,0,322648,107160,0
1,1,0,0,322649,107160,1
0,0,0,0,322650,107161,0
1,1,0,0,322651,107161,1
0,0,0,0,322652,107162,0
1,1,0,0,322653,107162,1
0,0,0,0,322654,107163,0
1,1,0,0,322655,107163,1
0,0,0,0,322656,107164,0
1,1,0,0,322657,107164,1
0,0,0,0,322658,107165,0
1,1,0,0,322659,107165,1
0,0,0,0,322660,107166,0
1,1,0,0,322661,107166,1
0,0,0,0,322662,107167,0
1,1,0,0,322663,107167,1
0,0,0,0,322664,107168,0
1,1,0,0,322665,107168,1
0,0,0,0,322666,107169,0
1,1,0,0,322667,107169,1
0,0,0,0,322668,107170,0
1,1,0,0,322669,107170,1
0,0,0,0,322670,107171,0
1,1,0,0,322671,107171,1
0,0,0,0,322672,107172,0
1,1,0,0,322673,107172,1
0,0,0,0,322674,107173,0
1,1,0,0,322675,107173,1
0,0,0,0,322676,107174,0
1,1,0,0,322677,107174,1
0,0,0,0,322678,107175,0
1,1,0,0,322679,107175,1
0,0,0,0,322680,107176,0
1,1,0,0,322681,107176,1
0,0,0,0,322682,107177,0
1,1,0,0,322683,107177,1
0,0,0,0,322684,107178,0
1,1,0,0,322685,107178,1
0,0,0,0,322686,107179,0
1,1,0,0,322687,107179,1
0,0,0,0,322688,107180,0
1,1,0,0,322689,107180,1
0,0,0,0,322690,107181,0
1,1,0,0,322691,107181,1
0,0,0,0,322692,107182,0
1,1,0,0,322693,107182,1
0,0,0,0,322694,107183,0
1,1,0,0,322695,107183,1
0,0,0,0,322696,107184,0
1,1,0,0,322697,107184,1
0,0,0,0,322698,107185,0
1,1,0,0,322699,107185,1
0,0,0,0,322700,107186,0
1,1,0,0,322701,107186,1
0,0,0,0,322702,107187,0
1,1,0,0,322703,107187,1
0,0,0,0,322704,107188,0
1,1,0,0,322705,107188,1
0,0,0,0,322706,107189,0
1,1,0,0,322707,107189,1
0,0,0,0,322708,107190,0
1,1,0,0,322709,107190,1
0,0,0,0,322710,107191,0
1,1,0,0,322711,107191,1
0,0,0,0,322712,107192,0
1,1,0,0,322713,107192,1
0,0,0,0,322714,107193,0
1,1,0,0,322715,107193,1
0,0,0,0,322716,107194,0
1,1,0,0,322717,107194,1
0,0,0,0,322718,107195,0
1,1,0,0,322719,107195,1
0,0,0,0,322720,107196,0
1,1,0,0,322721,107196,1
0,0,0,0,322722,107197,0
1,1,0,0,322723,107197,1
0,0,0,0,322724,107198,0
1,1,0,0,322725,107198,1
0,0,0,0,322726,107199,0
1,1,0,0,322727,107199,1
0,0,0,0,322728,107200,0
1,1,0,0,322729,107200,1
0,0,0,0,322730,107201,0
1,1,0,0,322731,107201,1
0,0,0,0,322732,107202,0
1,1,0,0,322733,107202,1
0,0,0,0,322734,107203,0
1,1,0,0,322735,107203,1
0,0,0,0,322736,107204,0
1,1,0,0,322737,107204,1
0,0,0,0,322835,107245,0
1,1,0,0,322836,107245,1
0,0,0,0,322837,107246,0
1,1,0,0,322838,107246,1
0,0,0,0,322839,107247,0
1,1,0,0,322840,107247,1
0,0,0,0,322841,107248,0
1,1,0,0,322842,107248,1
0,0,0,0,322843,107249,0
1,1,0,0,322844,107249,1
0,0,0,0,322845,107250,0
1,1,0,0,322846,107250,1
0,0,0,0,322847,107251,0
1,1,0,0,322848,107251,1
0,0,0,0,322849,107252,0
1,1,0,0,322850,107252,1
0,0,0,0,322851,107253,0
1,1,0,0,322852,107253,1
0,0,0,0,322853,107254,0
1,1,0,0,322854,107254,1
0,0,0,0,322855,107255,0
1,1,0,0,322856,107255,1
0,0,0,0,322857,107256,0
1,1,0,0,322858,107256,1
0,0,0,0,322859,107257,0
1,1,0,0,322860,107257,1
0,0,0,0,322861,107258,0
1,1,0,0,322862,107258,1
0,0,0,0,322863,107259,0
1,1,0,0,322864,107259,1
0,0,0,0,322865,107260,0
1,1,0,0,322866,107260,1
0,0,0,0,322867,107261,0
1,1,0,0,322868,107261,1
0,0,0,0,322869,107262,0
1,1,0,0,322870,107262,1
0,0,0,0,322871,107263,0
1,1,0,0,322872,107263,1
0,0,0,0,322873,107264,0
1,1,0,0,322874,107264,1
0,0,0,0,322875,107265,0
1,1,0,0,322876,107265,1
0,0,0,0,322877,107266,0
1,1,0,0,322878,107266,1
0,0,0,0,322879,107267,0
1,1,0,0,322880,107267,1
0,0,0,0,322881,107268,0
1,1,0,0,322882,107268,1
0,0,0,0,322883,107269,0
1,1,0,0,322884,107269,1
0,0,0,0,322885,107270,0
1,1,0,0,322886,107270,1
0,0,0,0,322887,107271,0
1,1,0,0,322888,107271,1
0,0,0,0,322889,107272,0
1,1,0,0,322890,107272,1
0,0,0,0,322891,107273,0
1,1,0,0,322892,107273,1
0,0,0,0,322893,107274,0
1,1,0,0,322894,107274,1
0,0,0,0,322895,107275,0
1,1,0,0,322896,107275,1
0,0,0,0,322897,107276,0
1,1,0,0,322898,107276,1
0,0,0,0,322899,107277,0
1,1,0,0,322900,107277,1
0,0,0,0,322901,107278,0
1,1,0,0,322902,107278,1
0,0,0,0,322903,107279,0
1,1,0,0,322904,107279,1
0,0,0,0,322905,107280,0
1,1,0,0,322906,107280,1
0,0,0,0,322941,107289,0
1,1,0,0,322942,107289,1
0,0,0,0,322943,107290,0
1,1,0,0,322944,107290,1
0,0,0,0,322945,107291,0
1,1,0,0,322946,107291,1
0,0,0,0,322947,107292,0
1,1,0,0,322948,107292,1
0,0,0,0,322949,107293,0
1,1,0,0,322950,107293,1
0,0,0,0,322951,107294,0
1,1,0,0,322952,107294,1
0,0,0,0,322953,107295,0
1,1,0,0,322954,107295,1
0,0,0,0,322955,107296,0
1,1,0,0,322956,107296,1
0,0,0,0,322957,107297,0
1,1,0,0,322958,107297,1
0,0,0,0,322959,107298,0
1,1,0,0,322960,107298,1
0,0,0,0,322961,107299,0
1,1,0,0,322962,107299,1
0,0,0,0,322963,107300,0
1,1,0,0,322964,107300,1
0,0,0,0,322965,107301,0
1,1,0,0,322966,107301,1
0,0,0,0,322967,107302,0
1,1,0,0,322968,107302,1
0,0,0,0,322969,107303,0
1,1,0,0,322970,107303,1
0,0,0,0,322971,107304,0
1,1,0,0,322972,107304,1
0,0,0,0,322973,107305,0
1,1,0,0,322974,107305,1
0,0,0,0,322975,107306,0
1,1,0,0,322976,107306,1
0,0,0,0,322977,107307,0
0.33333334,0.33333334,0,0,322978,107307,1
0.6666666,0.6666666,0,0,322979,107307,2
1,1,0,0,322980,107307,3
0,0,0,0,322981,107308,0
1,1,0,0,322982,107308,1
0,0,0,0,322983,107309,0
1,1,0,0,322984,107309,1
0,0,0,0,322990,107314,0
0.33333334,0.33333334,0,0,322991,107314,1
0.6666666,0.6666666,0,0,322992,107314,2
1,1,0,0,322993,107314,3
0,0,0,0,322994,107315,0
1,1,0,0,322995,107315,1
0,0,0,0,322996,107316,0
1,1,0,0,322997,107316,1
0,0,0,0,322998,107317,0
0.33333334,0.33333334,0,0,322999,107317,1
0.6666666,0.6666666,0,0,323000,107317,2
1,1,0,0,323001,107317,3
0,0,0,0,323002,107318,0
1,1,0,0,323003,107318,1
0,0,0,0,323004,107319,0
1,1,0,0,323005,107319,1
0,0,0,0,323006,107320,0
0.33333334,0.33333334,0,0,323007,107320,1
0.6666666,0.6666666,0,0,323008,107320,2
1,1,0,0,323009,107320,3
0,0,0,0,323010,107321,0
1,1,0,0,323011,107321,1
0,0,0,0,323012,107322,0
1,1,0,0,323013,107322,1
0,0,0,0,323014,107323,0
0.33333334,0.33333334,0,0,323015,107323,1
0.6666666,0.6666666,0,0,323016,107323,2
1,1,0,0,323017,107323,3
0,0,0,0,323018,107324,0
1,1,0,0,323019,107324,1
0,0,0,0,323020,107325,0
1,1,0,0,323021,107325,1
0,0,0,0,323022,107326,0
0.33333334,0.33333334,0,0,323023,107326,1
0.6666666,0.6666666,0,0,323024,107326,2
1,1,0,0,323025,107326,3
0,0,0,0,323026,107327,0
1,1,0,0,323027,107327,1
0,0,0,0,323028,107328,0
1,1,0,0,323029,107328,1
0,0,0,0,323030,107329,0
0.33333334,0.33333334,0,0,323031,107329,1
0.6666666,0.6666666,0,0,323032,107329,2
1,1,0,0,323033,107329,3
0,0,0,0,323034,107330,0
1,1,0,0,323035,107330,1
0,0,0,0,323036,107331,0
1,1,0,0,323037,107331,1
0,0,0,0,323038,107332,0
0.33333334,0.33333334,0,0,323039,107332,1
0.6666666,0.6666666,0,0,323040,107332,2
1,1,0,0,323041,107332,3
0,0,0,0,323042,107333,0
1,1,0,0,323043,107333,1
0,0,0,0,323044,107334,0
1,1,0,0,323045,107334,1
0,0,0,0,323046,107335,0
0.33333334,0.33333334,0,0,323047,107335,1
0.6666666,0.6666666,0,0,323048,107335,2
1,1,0,0,323049,107335,3
0,0,0,0,323050,107336,0
1,1,0,0,323051,107336,1
0,0,0,0,323052,107337,0
1,1,0,0,323053,107337,1
0,0,0,0,323054,107338,0
0.33333334,0.33333334,0,0,323055,107338,1
0.6666666,0.6666666,0,0,323056,107338,2
1,1,0,0,323057,107338,3
0,0,0,0,323058,107339,0
1,1,0,0,323059,107339,1
0,0,0,0,323060,107340,0
1,1,0,0,323061,107340,1
0,0,0,0,323062,107341,0
0.33333334,0.33333334,0,0,323063,107341,1
0.6666666,0.6666666,0,0,323064,107341,2
1,1,0,0,323065,107341,3
0,0,0,0,323066,107342,0
1,1,0,0,323067,107342,1
0,0,0,0,323068,107343,0
1,1,0,0,323069,107343,1
0,0,0,0,323070,107344,0
0.33333334,0.33333334,0,0,323071,107344,1
0.6666666,0.6666666,0,0,323072,107344,2
1,1,0,0,323073,107344,3
0,0,0,0,323074,107345,0
1,1,0,0,323075,107345,1
0,0,0,0,323076,107346,0
1,1,0,0,323077,107346,1
0,0,0,0,323078,107347,0
0.33333334,0.33333334,0,0,323079,107347,1
0.6666666,0.6666666,0,0,323080,107347,2
1,1,0,0,323081,107347,3
0,0,0,0,323082,107348,0
1,1,0,0,323083,107348,1
0,0,0,0,323084,107349,0
1,1,0,0,323085,107349,1
0,0,0,0,323086,107350,0
0.33333334,0.33333334,0,0,323087,107350,1
0.6666666,0.6666666,0,0,323088,107350,2
1,1,0,0,323089,107350,3
0,0,0,0,323090,107351,0
1,1,0,0,323091,107351,1
0,0,0,0,323092,107352,0
1,1,0,0,323093,107352,1
0,0,0,0,323094,107353,0
0.33333334,0.33333334,0,0,323095,107353,1
0.6666666,0.6666666,0,0,323096,107353,2
1,1,0,0,323097,107353,3
0,0,0,0,323098,107354,0
1,1,0,0,323099,107354,1
0,0,0,0,323100,107355,0
1,1,0,0,323101,107355,1
0,0,0,0,323102,107356,0
0.33333334,0.33333334,0,0,323103,107356,1
0.6666666,0.6666666,0,0,323104,107356,2
1,1,0,0,323105,107356,3
0,0,0,0,323106,107357,0
1,1,0,0,323107,107357,1
0,0,0,0,323108,107358,0
1,1,0,0,323109,107358,1
0,0,0,0,323110,107359,0
0.33333334,0.33333334,0,0,323111,107359,1
0.6666666,0.6666666,0,0,323112,107359,2
1,1,0,0,323113,107359,3
0,0,0,0,323114,107360,0
1,1,0,0,323115,107360,1
0,0,0,0,323116,107361,0
1,1,0,0,323117,107361,1
0,0,0,0,323118,107362,0
0.33333334,0.33333334,0,0,323119,107362,1
0.6666666,0.6666666,0,0,323120,107362,2
1,1,0,0,323121,107362,3
0,0,0,0,323122,107363,0
1,1,0,0,323123,107363,1
0,0,0,0,323124,107364,0
1,1,0,0,323125,107364,1
0,0,0,0,323126,107365,0
0.33333334,0.33333334,0,0,323127,107365,1
0.6666666,0.6666666,0,0,323128,107365,2
1,1,0,0,323129,107365,3
0,0,0,0,323130,107366,0
1,1,0,0,323131,107366,1
0,0,0,0,323132,107367,0
1,1,0,0,323133,107367,1
0,0,0,0,323134,107368,0
0.33333334,0.33333334,0,0,323135,107368,1
0.6666666,0.6666666,0,0,323136,107368,2
1,1,0,0,323137,107368,3
0,0,0,0,323138,107369,0
1,1,0,0,323139,107369,1
0,0,0,0,323140,107370,0
1,1,0,0,323141,107370,1
0,0,0,0,323142,107371,0
0.33333334,0.33333334,0,0,323143,107371,1
0.6666666,0.6666666,0,0,323144,107371,2
1,1,0,0,323145,107371,3
0,0,0,0,323146,107372,0
1,1,0,0,323147,107372,1
0,0,0,0,323148,107373,0
1,1,0,0,323149,107373,1
0,0,0,0,323150,107374,0
0.33333334,0.33333334,0,0,323151,107374,1
0.6666666,0.6666666,0,0,323152,107374,2
1,1,0,0,323153,107374,3
0,0,0,0,323154,107375,0
1,1,0,0,323155,107375,1
0,0,0,0,323156,107376,0
1,1,0,0,323157,107376,1
0,0,0,0,323158,107377,0
0.33333334,0.33333334,0,0,323159,107377,1
0.6666666,0.6666666,0,0,323160,107377,2
1,1,0,0,323161,107377,3
0,0,0,0,323162,107378,0
1,1,0,0,323163,107378,1
0,0,0,0,323164,107379,0
1,1,0,0,323165,107379,1
0,0,0,0,323183,107391,0
0.33333334,0.33333334,0,0,323184,107391,1
0.6666666,0.6666666,0,0,323185,107391,2
1,1,0,0,323186,107391,3
0,0,0,0,323187,107392,0
1,1,0,0,323188,107392,1
0,0,0,0,323189,107393,0
1,1,0,0,323190,107393,1
0,0,0,0,323213,107415,0
0.29818183,0.053475916,0,0,323214,107415,1
0.7309091,0.973262,0,0,323215,107415,2
1,1,0,0,323216,107415,3
0,0,0,0,323418,107490,0
1,1,0,0,323419,107490,1
0,0,0,0,323420,107491,0
1,1,0,0,323421,107491,1
0,0,0,0,323422,107492,0
1,1,0,0,323423,107492,1
0,0,0,0,323424,107493,0
1,1,0,0,323425,107493,1
0,0,0,0,323426,107494,0
1,1,0,0,323427,107494,1
0,0,0,0,323428,107495,0
1,1,0,0,323429,107495,1
0,0,0,0,323430,107496,0
1,1,0,0,323431,107496,1
0,0,0,0,323432,107497,0
1,1,0,0,323433,107497,1
0,0,0,0,323434,107498,0
1,1,0,0,323435,107498,1
0,0,0,0,323436,107499,0
1,1,0,0,323437,107499,1
0,0,0,0,323438,107500,0
1,1,0,0,323439,107500,1
0,0,0,0,323440,107501,0
1,1,0,0,323441,107501,1
0,0,0,0,323442,107502,0
1,1,0,0,323443,107502,1
0,0,0,0,323444,107503,0
1,1,0,0,323445,107503,1
0,0,0,0,323446,107504,0
1,1,0,0,323447,107504,1
0,0,0,0,323448,107505,0
1,1,0,0,323449,107505,1
0,0,0,0,323450,107506,0
1,1,0,0,323451,107506,1
0,0,0,0,323452,107507,0
1,1,0,0,323453,107507,1
0,0,0,0,323454,107508,0
1,1,0,0,323455,107508,1
0,0,0,0,323456,107509,0
1,1,0,0,323457,107509,1
0,0,0,0,323458,107510,0
1,1,0,0,323459,107510,1
0,0,0,0,323460,107511,0
1,1,0,0,323461,107511,1
0,0,0,0,323462,107512,0
1,1,0,0,323463,107512,1
0,0,0,0,323464,107513,0
1,1,0,0,323465,107513,1
0,0,0,0,323466,107514,0
1,1,0,0,323467,107514,1
0,0,0,0,323468,107515,0
1,1,0,0,323469,107515,1
0,0,0,0,323470,107516,0
1,1,0,0,323471,107516,1
0,0,0,0,323472,107517,0
1,1,0,0,323473,107517,1
0,0,0,0,323474,107518,0
1,1,0,0,323475,107518,1
0,0,0,0,323476,107519,0
1,1,0,0,323477,107519,1
0,0,0,0,323478,107520,0
1,1,0,0,323479,107520,1
0,0,0,0,323480,107521,0
1,1,0,0,323481,107521,1
0,0,0,0,323482,107522,0
1,1,0,0,323483,107522,1
0,0,0,0,323484,107523,0
1,1,0,0,323485,107523,1
0,0,0,0,323486,107524,0
1,1,0,0,323487,107524,1
0,0,0,0,323488,107525,0
1,1,0,0,323489,107525,1
0,0,0,0,323490,107526,0
1,1,0,0,323491,107526,1
0,0,0,0,323492,107527,0
1,1,0,0,323493,107527,1
0,0,0,0,323494,107528,0
1,1,0,0,323495,107528,1
0,0,0,0,323496,107529,0
1,1,0,0,323497,107529,1
0,0,0,0,323498,107530,0
1,1,0,0,323499,107530,1
0,0,0,0,323500,107531,0
1,1,0,0,323501,107531,1
0,0,0,0,323502,107532,0
1,1,0,0,323503,107532,1
0,0,0,0,323504,107533,0
1,1,0,0,323505,107533,1
0,0,0,0,323506,107534,0
1,1,0,0,323507,107534,1
0,0,0,0,323508,107535,0
1,1,0,0,323509,107535,1
0,0,0,0,323510,107536,0
1,1,0,0,323511,107536,1
0,0,0,0,323512,107537,0
1,1,0,0,323513,107537,1
0,0,0,0,323514,107538,0
1,1,0,0,323515,107538,1
0,0,0,0,323516,107539,0
1,1,0,0,323517,107539,1
0,0,0,0,323518,107540,0
1,1,0,0,323519,107540,1
0,0,0,0,323520,107541,0
1,1,0,0,323521,107541,1
0,0,0,0,323522,107542,0
1,1,0,0,323523,107542,1
0,0,0,0,323524,107543,0
1,1,0,0,323525,107543,1
0,0,0,0,323526,107544,0
1,1,0,0,323527,107544,1
0,0,0,0,323528,107545,0
1,1,0,0,323529,107545,1
0,0,0,0,323530,107546,0
1,1,0,0,323531,107546,1
0,0,0,0,323532,107547,0
1,1,0,0,323533,107547,1
0,0,0,0,323534,107548,0
1,1,0,0,323535,107548,1
0,0,0,0,323536,107549,0
1,1,0,0,323537,107549,1
0,0,0,0,323538,107550,0
1,1,0,0,323539,107550,1
0,0,0,0,323540,107551,0
1,1,0,0,323541,107551,1
0,0,0,0,323542,107552,0
1,1,0,0,323543,107552,1
0,0,0,0,323544,107553,0
1,1,0,0,323545,107553,1
0,0,0,0,323546,107554,0
1,1,0,0,323547,107554,1
0,0,0,0,323548,107555,0
1,1,0,0,323549,107555,1
0,0,0,0,323550,107556,0
1,1,0,0,323551,107556,1
0,0,0,0,323552,107557,0
1,1,0,0,323553,107557,1
0,0,0,0,323554,107558,0
1,1,0,0,323555,107558,1
0,0,0,0,323556,107559,0
1,1,0,0,323557,107559,1
0,0,0,0,323558,107560,0
1,1,0,0,323559,107560,1
0,0,0,0,323560,107561,0
1,1,0,0,323561,107561,1
0,0,0,0,323581,107571,0
1,1,0,0,323582,107571,1
0,0,0,0,323583,107572,0
1,1,0,0,323584,107572,1
0,0,0,0,323585,107573,0
1,1,0,0,323586,107573,1
0,0,0,0,323587,107574,0
1,1,0,0,323588,107574,1
0,0,0,0,323589,107575,0
1,1,0,0,323590,107575,1
0,0,0,0,323591,107576,0
1,1,0,0,323592,107576,1
0,0,0,0,323593,107577,0
1,1,0,0,323594,107577,1
0,0,0,0,323595,107578,0
1,1,0,0,323596,107578,1
0,0,0,0,323597,107579,0
1,1,0,0,323598,107579,1
0,0,0,0,323599,107580,0
1,1,0,0,323600,107580,1
0,0,0,0,323601,107581,0
1,1,0,0,323602,107581,1
0,0,0,0,323603,107582,0
1,1,0,0,323604,107582,1
0,0,0,0,323605,107583,0
1,1,0,0,323606,107583,1
0,0,0,0,323607,107584,0
1,1,0,0,323608,107584,1
0,0,0,0,323609,107585,0
1,1,0,0,323610,107585,1
0,0,0,0,323611,107586,0
1,1,0,0,323612,107586,1
0,0,0,0,323613,107587,0
1,1,0,0,323614,107587,1
0,0,0,0,323615,107588,0
1,1,0,0,323616,107588,1
0,0,0,0,323617,107589,0
1,1,0,0,323618,107589,1
0,0,0,0,323619,107590,0
1,1,0,0,323620,107590,1
0,0,0,0,323621,107591,0
1,1,0,0,323622,107591,1
0,0,0,0,323623,107592,0
1,1,0,0,323624,107592,1
0,0,0,0,323625,107593,0
1,1,0,0,323626,107593,1
0,0,0,0,323627,107594,0
1,1,0,0,323628,107594,1
0,0,0,0,323629,107595,0
1,1,0,0,323630,107595,1
0,0,0,0,323631,107596,0
1,1,0,0,323632,107596,1
0,0,0,0,323633,107597,0
1,1,0,0,323634,107597,1
0,0,0,0,323635,107598,0
1,1,0,0,323636,107598,1
0,0,0,0,323637,107599,0
1,1,0,0,323638,107599,1
0,0,0,0,323639,107600,0
1,1,0,0,323640,107600,1
0,0,0,0,323641,107601,0
1,1,0,0,323642,107601,1
0,0,0,0,323643,107602,0
1,1,0,0,323644,107602,1
0,0,0,0,323645,107603,0
1,1,0,0,323646,107603,1
0,0,0,0,323647,107604,0
1,1,0,0,323648,107604,1
0,0,0,0,323649,107605,0
1,1,0,0,323650,107605,1
0,0,0,0,323651,107606,0
1,1,0,0,323652,107606,1
0,0,0,0,323673,107612,0
1,1,0,0,323674,107612,1
0,0,0,0,323675,107613,0
1,1,0,0,323676,107613,1
0,0,0,0,323677,107614,0
1,1,0,0,323678,107614,1
0,0,0,0,323679,107615,0
1,1,0,0,323680,107615,1
0,0,0,0,323681,107616,0
1,1,0,0,323682,107616,1
0,0,0,0,323683,107617,0
1,1,0,0,323684,107617,1
0,0,0,0,323685,107618,0
1,1,0,0,323686,107618,1
0,0,0,0,323687,107619,0
1,1,0,0,323688,107619,1
0,0,0,0,323689,107620,0
1,1,0,0,323690,107620,1
0,0,0,0,323691,107621,0
1,1,0,0,323692,107621,1
0,0,0,0,323693,107622,0
1,1,0,0,323694,107622,1
0,0,0,0,323695,107623,0
1,1,0,0,323696,107623,1
0,0,0,0,323697,107624,0
1,1,0,0,323698,107624,1
0,0,0,0,323699,107625,0
1,1,0,0,323700,107625,1
0,0,0,0,323701,107626,0
1,1,0,0,323702,107626,1
0,0,0,0,323703,107627,0
1,1,0,0,323704,107627,1
0,0,0,0,323705,107628,0
1,1,0,0,323706,107628,1
0,0,0,0,323707,107629,0
1,1,0,0,323708,107629,1
0,0,0,0,323709,107630,0
1,1,0,0,323710,107630,1
0,0,0,0,323711,107631,0
1,1,0,0,323712,107631,1
0,0,0,0,323713,107632,0
1,1,0,0,323714,107632,1
0,0,0,0,323715,107633,0
1,1,0,0,323716,107633,1
0,0,0,0,323717,107634,0
1,1,0,0,323718,107634,1
0,0,0,0,323719,107635,0
1,1,0,0,323720,107635,1
0,0,0,0,323721,107636,0
1,1,0,0,323722,107636,1
0,0,0,0,323723,107637,0
1,1,0,0,323724,107637,1
0,0,0,0,323725,107638,0
1,1,0,0,323726,107638,1
0,0,0,0,323727,107639,0
1,1,0,0,323728,107639,1
0,0,0,0,323729,107640,0
1,1,0,0,323730,107640,1
0,0,0,0,323731,107641,0
1,1,0,0,323732,107641,1
0,0,0,0,323733,107642,0
1,1,0,0,323734,107642,1
0,0,0,0,323735,107643,0
1,1,0,0,323736,107643,1
0,0,0,0,323737,107644,0
1,1,0,0,323738,107644,1
0,0,0,0,323739,107645,0
1,1,0,0,323740,107645,1
0,0,0,0,323741,107646,0
1,1,0,0,323742,107646,1
0,0,0,0,323743,107647,0
1,1,0,0,323744,107647,1
0,0,0,0,323745,107648,0
1,1,0,0,323746,107648,1
0,0,0,0,323747,107649,0
1,1,0,0,323748,107649,1
0,0,0,0,323749,107650,0
1,1,0,0,323750,107650,1
0,0,0,0,323751,107651,0
1,1,0,0,323752,107651,1
0,0,0,0,323753,107652,0
1,1,0,0,323754,107652,1
0,0,0,0,323755,107653,0
1,1,0,0,323756,107653,1
0,0,0,0,323757,107654,0
1,1,0,0,323758,107654,1
0,0,0,0,323759,107655,0
1,1,0,0,323760,107655,1
0,0,0,0,323761,107656,0
1,1,0,0,323762,107656,1
0,0,0,0,323763,107657,0
1,1,0,0,323764,107657,1
0,0,0,0,323765,107658,0
1,1,0,0,323766,107658,1
0,0,0,0,323767,107659,0
1,1,0,0,323768,107659,1
0,0,0,0,323769,107660,0
1,1,0,0,323770,107660,1
0,0,0,0,323771,107661,0
1,1,0,0,323772,107661,1
0,0,0,0,323773,107662,0
1,1,0,0,323774,107662,1
0,0,0,0,323775,107663,0
1,1,0,0,323776,107663,1
0,0,0,0,323777,107664,0
1,1,0,0,323778,107664,1
0,0,0,0,323779,107665,0
1,1,0,0,323780,107665,1
0,0,0,0,323781,107666,0
1,1,0,0,323782,107666,1
0,0,0,0,323783,107667,0
1,1,0,0,323784,107667,1
0,0,0,0,323785,107668,0
1,1,0,0,323786,107668,1
0,0,0,0,323787,107669,0
1,1,0,0,323788,107669,1
0,0,0,0,323789,107670,0
1,1,0,0,323790,107670,1
0,0,0,0,323791,107671,0
1,1,0,0,323792,107671,1
0,0,0,0,323793,107672,0
1,1,0,0,323794,107672,1
0,0,0,0,323795,107673,0
1,1,0,0,323796,107673,1
0,0,0,0,323797,107674,0
1,1,0,0,323798,107674,1
0,0,0,0,323799,107675,0
1,1,0,0,323800,107675,1
0,0,0,0,323801,107676,0
1,1,0,0,323802,107676,1
0,0,0,0,323803,107677,0
1,1,0,0,323804,107677,1
0,0,0,0,323805,107678,0
1,1,0,0,323806,107678,1
0,0,0,0,323807,107679,0
1,1,0,0,323808,107679,1
0,0,0,0,323809,107680,0
1,1,0,0,323810,107680,1
0,0,0,0,323811,107681,0
1,1,0,0,323812,107681,1
0,0,0,0,323813,107682,0
1,1,0,0,323814,107682,1
0,0,0,0,323815,107683,0
1,1,0,0,323816,107683,1
0,0,0,0,323817,107684,0
1,1,0,0,323818,107684,1
0,0,0,0,323819,107685,0
1,1,0,0,323820,107685,1
0,0,0,0,323821,107686,0
1,1,0,0,323822,107686,1
0,0,0,0,323823,107687,0
1,1,0,0,323824,107687,1
0,0,0,0,323825,107688,0
1,1,0,0,323826,107688,1
0,0,0,0,323827,107689,0
1,1,0,0,323828,107689,1
0,0,0,0,323829,107690,0
1,1,0,0,323830,107690,1
0,0,0,0,323831,107691,0
1,1,0,0,323832,107691,1
0,0,0,0,323833,107692,0
1,1,0,0,323834,107692,1
0,0,0,0,323835,107693,0
1,1,0,0,323836,107693,1
0,0,0,0,323837,107694,0
1,1,0,0,323838,107694,1
0,0,0,0,323839,107695,0
1,1,0,0,323840,107695,1
0,0,0,0,323841,107696,0
1,1,0,0,323842,107696,1
0,0,0,0,323843,107697,0
1,1,0,0,323844,107697,1
0,0,0,0,323845,107698,0
1,1,0,0,323846,107698,1
0,0,0,0,323847,107699,0
1,1,0,0,323848,107699,1
0,0,0,0,323849,107700,0
1,1,0,0,323850,107700,1
0,0,0,0,323851,107701,0
1,1,0,0,323852,107701,1
0,0,0,0,323853,107702,0
1,1,0,0,323854,107702,1
0,0,0,0,323855,107703,0
1,1,0,0,323856,107703,1
0,0,0,0,323857,107704,0
1,1,0,0,323858,107704,1
0,0,0,0,323859,107705,0
1,1,0,0,323860,107705,1
0,0,0,0,323861,107706,0
1,1,0,0,323862,107706,1
0,0,0,0,323863,107707,0
1,1,0,0,323864,107707,1
0,0,0,0,323865,107708,0
1,1,0,0,323866,107708,1
0,0,0,0,323867,107709,0
1,1,0,0,323868,107709,1
0,0,0,0,323869,107710,0
1,1,0,0,323870,107710,1
0,0,0,0,323871,107711,0
1,1,0,0,323872,107711,1
0,0,0,0,323873,107712,0
1,1,0,0,323874,107712,1
0,0,0,0,323875,107713,0
1,1,0,0,323876,107713,1
0,0,0,0,323877,107714,0
1,1,0,0,323878,107714,1
0,0,0,0,323879,107715,0
1,1,0,0,323880,107715,1
0,0,0,0,323881,107716,0
1,1,0,0,323882,107716,1
0,0,0,0,323883,107717,0
1,1,0,0,323884,107717,1
0,0,0,0,323885,107718,0
1,1,0,0,323886,107718,1
0,0,0,0,323887,107719,0
1,1,0,0,323888,107719,1
0,0,0,0,323889,107720,0
1,1,0,0,323890,107720,1
0,0,0,0,323891,107721,0
1,1,0,0,323892,107721,1
0,0,0,0,323893,107722,0
1,1,0,0,323894,107722,1
0,0,0,0,323904,107726,0
1,1,0,0,323905,107726,1
0,0,0,0,323906,107727,0
1,1,0,0,323907,107727,1
0,0,0,0,323908,107728,0
1,1,0,0,323909,107728,1
0,0,0,0,323910,107729,0
1,1,0,0,323911,107729,1
0,0,0,0,323912,107730,0
1,1,0,0,323913,107730,1
0,0,0,0,323914,107731,0
1,1,0,0,323915,107731,1
0,0,0,0,323916,107732,0
1,1,0,0,323917,107732,1
0,0,0,0,323918,107733,0
1,1,0,0,323919,107733,1
0,0,0,0,323920,107734,0
1,1,0,0,323921,107734,1
0,0,0,0,323922,107735,0
1,1,0,0,323923,107735,1
0,0,0,0,323924,107736,0
1,1,0,0,323925,107736,1
0,0,0,0,323926,107737,0
1,1,0,0,323927,107737,1
0,0,0,0,323928,107738,0
1,1,0,0,323929,107738,1
0,0,0,0,323930,107739,0
1,1,0,0,323931,107739,1
0,0,0,0,323932,107740,0
1,1,0,0,323933,107740,1
0,0,0,0,323934,107741,0
1,1,0,0,323935,107741,1
0,0,0,0,323936,107742,0
1,1,0,0,323937,107742,1
0,0,0,0,323938,107743,0
1,1,0,0,323939,107743,1
0,0,0,0,323940,107744,0
1,1,0,0,323941,107744,1
0,0,0,0,323942,107745,0
1,1,0,0,323943,107745,1
0,0,0,0,323944,107746,0
1,1,0,0,323945,107746,1
0,0,0,0,323946,107747,0
1,1,0,0,323947,107747,1
0,0,0,0,323948,107748,0
1,1,0,0,323949,107748,1
0,0,0,0,323950,107749,0
1,1,0,0,323951,107749,1
0,0,0,0,323952,107750,0
1,1,0,0,323953,107750,1
0,0,0,0,323954,107751,0
1,1,0,0,323955,107751,1
0,0,0,0,323956,107752,0
1,1,0,0,323957,107752,1
0,0,0,0,323958,107753,0
1,1,0,0,323959,107753,1
0,0,0,0,323960,107754,0
1,1,0,0,323961,107754,1
0,0,0,0,323962,107755,0
1,1,0,0,323963,107755,1
0,0,0,0,323964,107756,0
1,1,0,0,323965,107756,1
0,0,0,0,323966,107757,0
1,1,0,0,323967,107757,1
0,0,0,0,323968,107758,0
1,1,0,0,323969,107758,1
0,0,0,0,323970,107759,0
1,1,0,0,323971,107759,1
0,0,0,0,323972,107760,0
1,1,0,0,323973,107760,1
0,0,0,0,323974,107761,0
1,1,0,0,323975,107761,1
0,0,0,0,323976,107762,0
1,1,0,0,323977,107762,1
0,0,0,0,323978,107763,0
1,1,0,0,323979,107763,1
0,0,0,0,323980,107764,0
1,1,0,0,323981,107764,1
0,0,0,0,323982,107765,0
1,1,0,0,323983,107765,1
0,0,0,0,323984,107766,0
1,1,0,0,323985,107766,1
0,0,0,0,323986,107767,0
1,1,0,0,323987,107767,1
0,0,0,0,323988,107768,0
1,1,0,0,323989,107768,1
0,0,0,0,323990,107769,0
1,1,0,0,323991,107769,1
0,0,0,0,323992,107770,0
1,1,0,0,323993,107770,1
0,0,0,0,323994,107771,0
1,1,0,0,323995,107771,1
0,0,0,0,323996,107772,0
1,1,0,0,323997,107772,1
0,0,0,0,323998,107773,0
1,1,0,0,323999,107773,1
0,0,0,0,324000,107774,0
1,1,0,0,324001,107774,1
0,0,0,0,324002,107775,0
1,1,0,0,324003,107775,1
0,0,0,0,324004,107776,0
1,1,0,0,324005,107776,1
0,0,0,0,324006,107777,0
1,1,0,0,324007,107777,1
0,0,0,0,324008,107778,0
1,1,0,0,324009,107778,1
0,0,0,0,324010,107779,0
1,1,0,0,324011,107779,1
0,0,0,0,324012,107780,0
1,1,0,0,324013,107780,1
0,0,0,0,324014,107781,0
1,1,0,0,324015,107781,1
0,0,0,0,324016,107782,0
1,1,0,0,324017,107782,1
0,0,0,0,324018,107783,0
1,1,0,0,324019,107783,1
0,0,0,0,324020,107784,0
1,1,0,0,324021,107784,1
0,0,0,0,324022,107785,0
1,1,0,0,324023,107785,1
0,0,0,0,324024,107786,0
1,1,0,0,324025,107786,1
0,0,0,0,324026,107787,0
1,1,0,0,324027,107787,1
0,0,0,0,324028,107788,0
1,1,0,0,324029,107788,1
0,0,0,0,324030,107789,0
1,1,0,0,324031,107789,1
0,0,0,0,324032,107790,0
1,1,0,0,324033,107790,1
0,0,0,0,324034,107791,0
1,1,0,0,324035,107791,1
0,0,0,0,324036,107792,0
1,1,0,0,324037,107792,1
0,0,0,0,324038,107793,0
1,1,0,0,324039,107793,1
0,0,0,0,324040,107794,0
1,1,0,0,324041,107794,1
0,0,0,0,324042,107795,0
1,1,0,0,324043,107795,1
0,0,0,0,324044,107796,0
1,1,0,0,324045,107796,1
0,0,0,0,324046,107797,0
1,1,0,0,324047,107797,1
0,0,0,0,324048,107798,0
1,1,0,0,324049,107798,1
0,0,0,0,324050,107799,0
1,1,0,0,324051,107799,1
0,0,0,0,324052,107800,0
1,1,0,0,324053,107800,1
0,0,0,0,324054,107801,0
1,1,0,0,324055,107801,1
0,0,0,0,324056,107802,0
1,1,0,0,324057,107802,1
0,0,0,0,324058,107803,0
1,1,0,0,324059,107803,1
0,0,0,0,324087,107810,0
1,1,0,0,324088,107810,1
0,0,0,0,324089,107811,0
1,1,0,0,324090,107811,1
0,0,0,0,324091,107812,0
1,1,0,0,324092,107812,1
0,0,0,0,324093,107813,0
1,1,0,0,324094,107813,1
0,0,0,0,324095,107814,0
1,1,0,0,324096,107814,1
0,0,0,0,324097,107815,0
1,1,0,0,324098,107815,1
0,0,0,0,324099,107816,0
1,1,0,0,324100,107816,1
0,0,0,0,324101,107817,0
1,1,0,0,324102,107817,1
0,0,0,0,324103,107818,0
1,1,0,0,324104,107818,1
0,0,0,0,324105,107819,0
1,1,0,0,324106,107819,1
0,0,0,0,324107,107820,0
1,1,0,0,324108,107820,1
0,0,0,0,324109,107821,0
1,1,0,0,324110,107821,1
0,0,0,0,324111,107822,0
1,1,0,0,324112,107822,1
0,0,0,0,324113,107823,0
1,1,0,0,324114,107823,1
0,0,0,0,324115,107824,0
1,1,0,0,324116,107824,1
0,0,0,0,324117,107825,0
1,1,0,0,324118,107825,1
0,0,0,0,324119,107826,0
1,1,0,0,324120,107826,1
0,0,0,0,324121,107827,0
1,1,0,0,324122,107827,1
0,0,0,0,324123,107828,0
1,1,0,0,324124,107828,1
0,0,0,0,324125,107829,0
1,1,0,0,324126,107829,1
0,0,0,0,324127,107830,0
1,1,0,0,324128,107830,1
0,0,0,0,324129,107831,0
1,1,0,0,324130,107831,1
0,0,0,0,324131,107832,0
1,1,0,0,324132,107832,1
0,0,0,0,324133,107833,0
1,1,0,0,324134,107833,1
0,0,0,0,324327,107904,0
1,1,0,0,324328,107904,1
0,0,0,0,324329,107905,0
1,1,0,0,324330,107905,1
0,0,0,0,324331,107906,0
1,1,0,0,324332,107906,1
0,0,0,0,324333,107907,0
1,1,0,0,324334,107907,1
0,0,0,0,324335,107908,0
1,1,0,0,324336,107908,1
0,0,0,0,324337,107909,0
1,1,0,0,324338,107909,1
0,0,0,0,324339,107910,0
1,1,0,0,324340,107910,1
0,0,0,0,324341,107911,0
1,1,0,0,324342,107911,1
0,0,0,0,324343,107912,0
1,1,0,0,324344,107912,1
0,0,0,0,324345,107913,0
1,1,0,0,324346,107913,1
0,0,0,0,324347,107914,0
1,1,0,0,324348,107914,1
0,0,0,0,324349,107915,0
1,1,0,0,324350,107915,1
0,0,0,0,324351,107916,0
1,1,0,0,324352,107916,1
0,0,0,0,324353,107917,0
1,1,0,0,324354,107917,1
0,0,0,0,324355,107918,0
1,1,0,0,324356,107918,1
0,0,0,0,324357,107919,0
1,1,0,0,324358,107919,1
0,0,0,0,324359,107920,0
1,1,0,0,324360,107920,1
0,0,0,0,324361,107921,0
1,1,0,0,324362,107921,1
0,0,0,0,324363,107922,0
1,1,0,0,324364,107922,1
0,0,0,0,324365,107923,0
1,1,0,0,324366,107923,1
0,0,0,0,324367,107924,0
1,1,0,0,324368,107924,1
0,0,0,0,324369,107925,0
1,1,0,0,324370,107925,1
0,0,0,0,324371,107926,0
1,1,0,0,324372,107926,1
0,0,0,0,324373,107927,0
1,1,0,0,324374,107927,1
0,0,0,0,324375,107928,0
1,1,0,0,324376,107928,1
0,0,0,0,324377,107929,0
1,1,0,0,324378,107929,1
0,0,0,0,324379,107930,0
1,1,0,0,324380,107930,1
0,0,0,0,324381,107931,0
1,1,0,0,324382,107931,1
0,0,0,0,324383,107932,0
1,1,0,0,324384,107932,1
0,0,0,0,324385,107933,0
1,1,0,0,324386,107933,1
0,0,0,0,324387,107934,0
1,1,0,0,324388,107934,1
0,0,0,0,324389,107935,0
1,1,0,0,324390,107935,1
0,0,0,0,324391,107936,0
1,1,0,0,324392,107936,1
0,0,0,0,324393,107937,0
1,1,0,0,324394,107937,1
0,0,0,0,324395,107938,0
1,1,0,0,324396,107938,1
0,0,0,0,324397,107939,0
1,1,0,0,324398,107939,1
0,1,0,0,324764,108075,0
1,0.70053476,0,0,324765,108075,1
0,0,0,0,324766,108076,0
1,1,0,0,324767,108076,1
0,0,0,0,324768,108077,0
1,1,0,0,324769,108077,1
0,0,0,0,324770,108078,0
1,1,0,0,324771,108078,1
1,-170,0,0,324998,108156,0
2,-330,0,0,324999,108156,1
3,-500,0,0,325000,108156,2
4,-400,0,0,325001,85333,3
5,-500,0,0,325002,85333,4
1,-10,0,0,325027,108163,0
2,-20,0,0,325028,108163,1
3,-30,0,0,325029,108163,2
4,-40,0,0,325030,108163,3
5,-50,0,0,325031,108163,4
1,1,0,0,325446,108276,0
2,2,0,0,325447,108276,1
3,3,0,0,325448,108276,2
4,4,0,0,325449,108276,3
5,5,0,0,325450,108276,4
1,1,0,0,325559,108304,0
2,2,0,0,325560,108304,1
1,-5,0,0,326194,108478,0
2,-10,0,0,326195,108478,1
3,-15,0,0,326196,108478,2
1,-5,0,0,326197,108479,0
2,-10,0,0,326198,108479,1
3,-15,0,0,326199,108479,2
1,-5,0,0,326200,108480,0
2,-10,0,0,326201,108480,1
3,-15,0,0,326202,108480,2
1,1,0,0,328033,109036,0
2,2,0,0,328034,109036,1
3,3,0,0,328035,109036,2
4,4,0,0,328036,109036,3
5,5,0,0,328037,109036,4
1,5,0,0,328038,109037,0
2,10,0,0,328039,109037,1
1,3,0,0,328042,109039,0
2,6,0,0,328043,109039,1
3,9,0,0,328044,109039,2
4,12,0,0,328045,109039,3
5,15,0,0,328046,109039,4
1,6,0,0,328047,109040,0
2,12,0,0,328048,109040,1
3,18,0,0,328049,109040,2
1,2,0,0,328056,109048,0
2,4,0,0,328057,109048,1
3,6,0,0,328058,109048,2
4,8,0,0,328059,109048,3
5,10,0,0,328060,109048,4
1,1,0,0,328154,109095,0
2,2,0,0,328155,109095,1
3,3,0,0,328156,109095,2
4,4,0,0,328157,109095,3
5,5,0,0,328158,109095,4
1,1,0,0,328159,109096,0
2,2,0,0,328160,109096,1
3,3,0,0,328161,109096,2
4,4,0,0,328162,109096,3
5,5,0,0,328163,109096,4
1,15,0,0,328164,109097,0
2,30,0,0,328165,109097,1
1,-15,0,0,328166,109098,0
2,-30,0,0,328167,109098,1
0,0,0,0,328168,109099,0
1,1,0,0,328169,109099,1
0,0,0,0,328170,109100,0
1,1,0,0,328171,109100,1
0,0,0,0,328172,109101,0
1,1,0,0,328173,109101,1
0,0,0,0,328174,109102,0
1,1,0,0,328175,109102,1
0,0,0,0,328176,109103,0
1,1,0,0,328177,109103,1
0,0,0,0,328178,109104,0
1,1,0,0,328179,109104,1
0,0,0,0,328180,109105,0
1,1,0,0,328181,109105,1
0,0,0,0,328182,109106,0
1,1,0,0,328183,109106,1
0,0,0,0,328184,109107,0
1,1,0,0,328185,109107,1
0,0,0,0,328186,109108,0
1,1,0,0,328187,109108,1
0,0,0,0,328188,109109,0
1,1,0,0,328189,109109,1
0,0,0,0,328190,109110,0
1,1,0,0,328191,109110,1
0,0,0,0,328192,109111,0
1,1,0,0,328193,109111,1
0,0,0,0,328194,109112,0
1,1,0,0,328195,109112,1
0,0,0,0,328196,109113,0
1,1,0,0,328197,109113,1
0,0,0,0,328198,109114,0
1,1,0,0,328199,109114,1
0,0,0,0,328200,109115,0
1,1,0,0,328201,109115,1
0,0,0,0,328202,109116,0
1,1,0,0,328203,109116,1
0,0,0,0,328204,109117,0
1,1,0,0,328205,109117,1
0,0,0,0,328206,109118,0
1,1,0,0,328207,109118,1
0,0,0,0,328208,109119,0
1,1,0,0,328209,109119,1
0,0,0,0,328210,109120,0
1,1,0,0,328211,109120,1
0,0,0,0,328212,109121,0
1,1,0,0,328213,109121,1
0,0,0,0,328214,109122,0
1,1,0,0,328215,109122,1
0,0,0,0,328216,109123,0
1,1,0,0,328217,109123,1
0,0,0,0,328218,109124,0
1,1,0,0,328219,109124,1
0,0,0,0,328220,109125,0
1,1,0,0,328221,109125,1
0,0,0,0,328222,109126,0
1,1,0,0,328223,109126,1
0,0,0,0,328224,109127,0
1,1,0,0,328225,109127,1
0,0,0,0,328226,109128,0
1,1,0,0,328227,109128,1
0,0,0,0,328228,109129,0
1,1,0,0,328229,109129,1
0,0,0,0,328230,109130,0
1,1,0,0,328231,109130,1
0,0,0,0,328232,109131,0
1,1,0,0,328233,109131,1
0,0,0,0,328234,109132,0
1,1,0,0,328235,109132,1
0,0,0,0,328236,109133,0
1,1,0,0,328237,109133,1
0,0,0,0,328238,109134,0
1,1,0,0,328239,109134,1
0,0,0,0,328398,109199,0
1,1,0,0,328399,109199,1
0,0,0,0,328400,109200,0
1,1,0,0,328401,109200,1
0,0,0,0,328402,109201,0
1,1,0,0,328403,109201,1
0,0,0,0,328404,109202,0
1,1,0,0,328405,109202,1
0,0,0,0,328406,109203,0
1,1,0,0,328407,109203,1
0,0,0,0,328408,109204,0
1,1,0,0,328409,109204,1
0,0,0,0,328410,109205,0
1,1,0,0,328411,109205,1
0,0,0,0,328412,109206,0
1,1,0,0,328413,109206,1
0,0,0,0,328414,109207,0
1,1,0,0,328415,109207,1
0,0,0,0,328416,109208,0
1,1,0,0,328417,109208,1
0,0,0,0,328418,109209,0
1,1,0,0,328419,109209,1
0,0,0,0,328420,109210,0
1,1,0,0,328421,109210,1
0,0,0,0,328422,109211,0
1,1,0,0,328423,109211,1
0,0,0,0,328424,109212,0
1,1,0,0,328425,109212,1
0,0,0,0,328426,109213,0
1,1,0,0,328427,109213,1
0,0,0,0,328428,109214,0
1,1,0,0,328429,109214,1
0,0,0,0,328430,109215,0
1,1,0,0,328431,109215,1
0,0,0,0,328432,109216,0
1,1,0,0,328433,109216,1
0,0,0,0,328434,109217,0
1,1,0,0,328435,109217,1
0,0,0,0,328436,109218,0
1,1,0,0,328437,109218,1
0,0,0,0,328438,109219,0
1,1,0,0,328439,109219,1
0,0,0,0,328440,109220,0
1,1,0,0,328441,109220,1
0,0,0,0,328442,109221,0
1,1,0,0,328443,109221,1
0,0,0,0,328444,109222,0
1,1,0,0,328445,109222,1
0,0,0,0,328446,109223,0
1,1,0,0,328447,109223,1
0,0,0,0,328448,109224,0
1,1,0,0,328449,109224,1
0,0,0,0,328450,109225,0
1,1,0,0,328451,109225,1
0,0,0,0,328452,109226,0
1,1,0,0,328453,109226,1
0,0,0,0,328454,109227,0
1,1,0,0,328455,109227,1
0,0,0,0,328456,109228,0
1,1,0,0,328457,109228,1
0,0,0,0,328458,109229,0
1,1,0,0,328459,109229,1
0,0,0,0,328460,109230,0
1,1,0,0,328461,109230,1
0,0,0,0,328462,109231,0
1,1,0,0,328463,109231,1
0,0,0,0,328464,109232,0
1,1,0,0,328465,109232,1
0,0,0,0,328466,109233,0
1,1,0,0,328467,109233,1
0,0,0,0,328468,109234,0
1,1,0,0,328469,109234,1
0,0,0,0,328470,109235,0
1,1,0,0,328471,109235,1
0,0,0,0,328472,109236,0
1,1,0,0,328473,109236,1
0,0,0,0,328474,109237,0
1,1,0,0,328475,109237,1
0,0,0,0,328476,109238,0
1,1,0,0,328477,109238,1
0,0,0,0,328478,109239,0
1,1,0,0,328479,109239,1
0,0,0,0,328480,109240,0
1,1,0,0,328481,109240,1
0,0,0,0,328482,109241,0
1,1,0,0,328483,109241,1
0,0,0,0,328484,109242,0
1,1,0,0,328485,109242,1
0,0,0,0,328486,109243,0
1,1,0,0,328487,109243,1
0,0,0,0,328488,109244,0
1,1,0,0,328489,109244,1
0,0,0,0,328490,109245,0
1,1,0,0,328491,109245,1
0,0,0,0,328492,109246,0
1,1,0,0,328493,109246,1
0,0,0,0,328494,109247,0
1,1,0,0,328495,109247,1
0,0,0,0,328496,109248,0
1,1,0,0,328497,109248,1
0,0,0,0,328498,109249,0
1,1,0,0,328499,109249,1
0,0,0,0,328500,109250,0
1,1,0,0,328501,109250,1
0,0,0,0,328502,109251,0
1,1,0,0,328503,109251,1
0,0,0,0,328504,109252,0
1,1,0,0,328505,109252,1
0,0,0,0,328506,109253,0
1,1,0,0,328507,109253,1
0,0,0,0,328508,109254,0
1,1,0,0,328509,109254,1
0,0,0,0,328510,109255,0
1,1,0,0,328511,109255,1
0,0,0,0,328512,109256,0
1,1,0,0,328513,109256,1
0,0,0,0,328514,109257,0
1,1,0,0,328515,109257,1
0,0,0,0,328516,109258,0
1,1,0,0,328517,109258,1
0,0,0,0,328518,109259,0
1,1,0,0,328519,109259,1
0,0,0,0,328520,109260,0
1,1,0,0,328521,109260,1
0,0,0,0,328522,109261,0
1,1,0,0,328523,109261,1
0,0,0,0,328524,109262,0
1,1,0,0,328525,109262,1
0,0,0,0,328526,109263,0
1,1,0,0,328527,109263,1
0,0,0,0,328528,109264,0
1,1,0,0,328529,109264,1
0,0,0,0,328530,109265,0
1,1,0,0,328531,109265,1
0,0,0,0,328532,109266,0
1,1,0,0,328533,109266,1
0,0,0,0,328534,109267,0
1,1,0,0,328535,109267,1
0,0,0,0,328536,109268,0
1,1,0,0,328537,109268,1
0,0,0,0,328538,109269,0
1,1,0,0,328539,109269,1
0,0,0,0,328540,109270,0
1,1,0,0,328541,109270,1
0,0,0,0,328542,109271,0
1,1,0,0,328543,109271,1
0,0,0,0,328544,109272,0
1,1,0,0,328545,109272,1
0,0,0,0,328546,109273,0
1,1,0,0,328547,109273,1
0,0,0,0,328548,109274,0
1,1,0,0,328549,109274,1
0,0,0,0,328550,109275,0
1,1,0,0,328551,109275,1
0,0,0,0,328552,109276,0
1,1,0,0,328553,109276,1
0,0,0,0,328554,109277,0
1,1,0,0,328555,109277,1
0,0,0,0,328556,109278,0
1,1,0,0,328557,109278,1
0,0,0,0,328558,109279,0
1,1,0,0,328559,109279,1
0,0,0,0,328560,109280,0
1,1,0,0,328561,109280,1
0,0,0,0,328562,109281,0
1,1,0,0,328563,109281,1
0,0,0,0,328564,109282,0
1,1,0,0,328565,109282,1
0,0,0,0,328566,109283,0
1,1,0,0,328567,109283,1
0,0,0,0,328568,109284,0
1,1,0,0,328569,109284,1
0,0,0,0,328570,109285,0
1,1,0,0,328571,109285,1
0,0,0,0,328572,109286,0
1,1,0,0,328573,109286,1
0,0,0,0,328574,109287,0
1,1,0,0,328575,109287,1
0,0,0,0,328576,109288,0
1,1,0,0,328577,109288,1
0,0,0,0,328578,109289,0
1,1,0,0,328579,109289,1
0,0,0,0,328580,109290,0
1,1,0,0,328581,109290,1
0,0,0,0,328582,109291,0
1,1,0,0,328583,109291,1
0,0,0,0,328584,109292,0
1,1,0,0,328585,109292,1
0,0,0,0,328586,109293,0
1,1,0,0,328587,109293,1
0,0,0,0,328588,109294,0
1,1,0,0,328589,109294,1
0,0,0,0,328590,109295,0
1,1,0,0,328591,109295,1
0,0,0,0,328592,109296,0
1,1,0,0,328593,109296,1
0,0,0,0,328594,109297,0
1,1,0,0,328595,109297,1
0,0,0,0,328596,109298,0
1,1,0,0,328597,109298,1
0,0,0,0,328598,109299,0
1,1,0,0,328599,109299,1
0,0,0,0,328600,109300,0
1,1,0,0,328601,109300,1
0,0,0,0,328602,109301,0
1,1,0,0,328603,109301,1
0,0,0,0,328604,109302,0
1,1,0,0,328605,109302,1
0,0,0,0,328606,109303,0
1,1,0,0,328607,109303,1
0,0,0,0,328608,109304,0
1,1,0,0,328609,109304,1
0,0,0,0,328610,109305,0
1,1,0,0,328611,109305,1
0,0,0,0,328612,109306,0
1,1,0,0,328613,109306,1
1,2,0,0,328619,109309,0
2,4,0,0,328620,109309,1
3,6,0,0,328621,109309,2
4,8,0,0,328622,109309,3
5,10,0,0,328623,109309,4
1,1,0,0,328636,109314,0
2,2,0,0,328637,109314,1
3,3,0,0,328638,109314,2
4,4,0,0,328639,109314,3
5,5,0,0,328640,109314,4
1,-330000,0,0,328753,109357,0
2,-660000,0,0,328754,109357,1
1,5,0,0,328755,109358,0
2,10,0,0,328756,109358,1
3,15,0,0,328757,109358,2
1,50,0,0,328758,109359,0
2,100,0,0,328759,109359,1
1,50,0,0,328760,109360,0
2,100,0,0,328761,109360,1
1,1,0,0,328762,109361,0
2,2,0,0,328763,109361,1
3,3,0,0,328764,109361,2
1,-3,0,0,328765,109362,0
2,-6,0,0,328766,109362,1
3,-9,0,0,328767,109362,2
1,-3,0,0,328770,109363,0
2,-6,0,0,328771,109363,1
3,-9,0,0,328772,109363,2
1,-250,0,0,328775,109364,0
2,-500,0,0,328776,109364,1
1,-250,0,0,328777,109365,0
2,-500,0,0,328778,109365,1
1,4,0,0,328779,109366,0
2,8,0,0,328780,109366,1
1,10,0,0,328791,109369,0
2,20,0,0,328792,109369,1
1,2,0,0,329334,109548,0
2,4,0,0,329335,109548,1
3,6,0,0,329336,109548,2
4,8,0,0,329337,109548,3
5,10,0,0,329338,109548,4
1,-20,0,0,329531,109597,0
2,-40,0,0,329532,109597,1
0,0,0,0,329533,109598,0
0.29818183,0.053475916,0,0,329534,109598,1
0.7309091,0.973262,0,0,329535,109598,2
1,1,0,0,329536,109598,3
0,0,0,0,329541,109600,0
0.8690909,0.16042781,0,0,329542,109600,1
1,1,0,0,329543,109600,2
0,0,0,0,329544,109601,0
0.43636364,0.12834227,0,0,329545,109601,1
0.90181816,0.27272725,0,0,329546,109601,2
1,1,0,0,329547,109601,3
0,0,0,0,329548,109602,0
0.48,0.13368982,0,0,329549,109602,1
0.8690909,0.21925133,0,0,329550,109602,2
1,1,0,0,329551,109602,3
0,0,0,0,329552,109603,0
0.47272727,0.11764705,0,0,329553,109603,1
0.84363633,0.21925133,0,0,329554,109603,2
1,1,0,0,329555,109603,3
0,0,0,0,329556,109604,0
0.54545456,0.12299466,0,0,329557,109604,1
0.84,0.2673797,0,0,329558,109604,2
1,1,0,0,329559,109604,3
1,10,0,0,329865,109720,0
2,20,0,0,329866,109720,1
3,30,0,0,329867,109720,2
4,40,0,0,329868,109720,3
5,50,0,0,329869,109720,4
1,6,0,0,329870,109721,0
2,12,0,0,329871,109721,1
3,18,0,0,329872,109721,2
4,24,0,0,329873,109721,3
5,30,0,0,329874,109721,4
1,10,0,0,330055,109801,0
2,20,0,0,330056,109801,1
1,5,0,0,330057,109802,0
2,6,0,0,330058,109802,1
3,7,0,0,330059,109802,2
1,15,0,0,330060,109803,0
2,30,0,0,330061,109803,1
3,45,0,0,330062,109803,2
1,-2,0,0,330063,109804,0
2,-4,0,0,330064,109804,1
3,-6,0,0,330065,109804,2
1,6,0,0,330066,109805,0
2,13,0,0,330067,109805,1
3,20,0,0,330068,109805,2
0,0,0,0,330072,109806,0
2,2,0,0,330073,109806,1
1,1,0,0,330074,109807,0
2,2,0,0,330075,109807,1
1,5,0,0,330076,109808,0
2,10,0,0,330077,109808,1
1,50,0,0,330078,109809,0
2,100,0,0,330079,109809,1
1,50,0,0,330080,109810,0
2,100,0,0,330081,109810,1
1,5,0,0,330082,109811,0
2,10,0,0,330083,109811,1
1,1,0,0,330084,109812,0
2,2,0,0,330085,109812,1
1,1,0,0,330086,109813,0
2,2,0,0,330087,109813,1
0,-80,0,-80,330088,109814,0
0.25,-80,0.03125,-30,330089,109814,1
0.25,-67.16577,0.0625,-24,330090,109814,2
0.36,-56.47059,0.125,-18,330091,109814,3
0.5,-43.208557,0.25,-12,330092,109814,4
0.75,-24.812832,0.5,-6,330093,109814,5
0.75,-3,0.75,-3,330094,109814,6
1,0,1,0,330095,109814,7
0,0,0,0,330096,109815,0
0.31272727,-44.491978,0.5,-6,330097,109815,1
0.49454546,-65.454544,0.75,-12,330098,109815,2
0.51272726,-79.14439,0.875,-18,330099,109815,3
0.65090907,-80,0.9375,-24,330100,109815,4
0.8036364,-80,0.96875,-30,330101,109815,5
1,-80,1,-80,330102,109815,6
0,-1,0,0,330103,109816,0
3.5,2,0,0,330104,109816,1
1,-5,0,0,330105,109817,0
2,-10,0,0,330106,109817,1
1,-5,0,0,330107,109818,0
2,-10,0,0,330108,109818,1
1,-50,0,0,330109,109819,0
2,-100,0,0,330110,109819,1
1,-10,0,0,330111,109820,0
1,-10,0,0,330112,109820,1
4,-5000,0,0,330113,83014,3
5,-6000,0,0,330114,83014,4
4,12,0,0,330115,83015,3
5,15,0,0,330116,83015,4
4,12,0,0,330119,83008,3
5,15,0,0,330120,83008,4
0,0,0,0,330129,109823,0
1,1,0,0,330130,109823,1
0,0,0,0,330131,109824,0
1,1,0,0,330132,109824,1
0,0,0,0,330133,109825,0
1,1,0,0,330134,109825,1
0,0,0,0,330135,109826,0
1,1,0,0,330136,109826,1
0,0,0,0,330137,109827,0
1,1,0,0,330138,109827,1
0,0,0,0,330139,109828,0
1,1,0,0,330140,109828,1
0,0,0,0,330141,109829,0
1,1,0,0,330142,109829,1
0,0,0,0,330143,109830,0
1,1,0,0,330144,109830,1
0,0,0,0,330145,109831,0
1,1,0,0,330146,109831,1
0,0,0,0,330147,109832,0
1,1,0,0,330148,109832,1
0,0,0,0,330149,109833,0
1,1,0,0,330150,109833,1
0,0,0,0,330151,109834,0
1,1,0,0,330152,109834,1
0,0,0,0,330153,109835,0
1,1,0,0,330154,109835,1
0,0,0,0,330155,109836,0
1,1,0,0,330156,109836,1
0,0,0,0,330157,109837,0
1,1,0,0,330158,109837,1
0,0,0,0,330159,109838,0
1,1,0,0,330160,109838,1
0,0,0,0,330161,109839,0
1,1,0,0,330162,109839,1
0,0,0,0,330163,109840,0
1,1,0,0,330164,109840,1
0,0,0,0,330165,109841,0
1,1,0,0,330166,109841,1
0,0,0,0,330167,109842,0
1,1,0,0,330168,109842,1
0,0,0,0,330169,109843,0
1,1,0,0,330170,109843,1
0,0,0,0,330171,109844,0
1,1,0,0,330172,109844,1
0,0,0,0,330173,109845,0
1,1,0,0,330174,109845,1
0,0,0,0,330175,109846,0
1,1,0,0,330176,109846,1
0,0,0,0,330177,109847,0
1,1,0,0,330178,109847,1
0,0,0,0,330179,109848,0
1,1,0,0,330180,109848,1
0,0,0,0,330181,109849,0
1,1,0,0,330182,109849,1
0,0,0,0,330183,109850,0
1,1,0,0,330184,109850,1
0,0,0,0,330185,109851,0
1,1,0,0,330186,109851,1
0,0,0,0,330187,109852,0
1,1,0,0,330188,109852,1
0,0,0,0,330189,109853,0
1,1,0,0,330190,109853,1
0,0,0,0,330191,109854,0
1,1,0,0,330192,109854,1
0,0,0,0,330193,109855,0
1,1,0,0,330194,109855,1
0,0,0,0,330195,109856,0
1,1,0,0,330196,109856,1
0,0,0,0,330197,109857,0
1,1,0,0,330198,109857,1
0,0,0,0,330199,109858,0
1,1,0,0,330200,109858,1
0,0,0,0,330201,109859,0
1,1,0,0,330202,109859,1
0,0,0,0,330203,109860,0
1,1,0,0,330204,109860,1
0,0,0,0,330205,109861,0
1,1,0,0,330206,109861,1
0,0,0,0,330207,109862,0
1,1,0,0,330208,109862,1
0,0,0,0,330209,109863,0
1,1,0,0,330210,109863,1
0,0,0,0,330211,109864,0
1,1,0,0,330212,109864,1
1,4,0,0,330213,109865,0
2,8,0,0,330214,109865,1
3,12,0,0,330215,109865,2
4,16,0,0,330216,109865,3
5,20,0,0,330217,109865,4
1,2,0,0,330218,109866,0
2,4,0,0,330219,109866,1
1,3,0,0,330223,109867,0
2,2,0,0,330224,109867,1
1,3,0,0,330225,109868,0
2,5,0,0,330226,109868,1
1,-5,0,0,330227,109869,0
2,-10,0,0,330228,109869,1
0,0,0,0,330229,109870,0
1,1,0,0,330230,109870,1
0,0,0,0,330231,109871,0
1,1,0,0,330232,109871,1
0,0,0,0,330233,109872,0
1,1,0,0,330234,109872,1
0,0,0,0,330235,109873,0
1,1,0,0,330236,109873,1
0,0,0,0,330237,109874,0
1,1,0,0,330238,109874,1
0,0,0,0,330239,109875,0
1,1,0,0,330240,109875,1
0,0,0,0,330241,109876,0
1,1,0,0,330242,109876,1
0,0,0,0,330243,109877,0
1,1,0,0,330244,109877,1
0,0,0,0,330245,109878,0
1,1,0,0,330246,109878,1
0,0,0,0,330247,109879,0
1,1,0,0,330248,109879,1
0,0,0,0,330249,109880,0
1,1,0,0,330250,109880,1
0,0,0,0,330251,109881,0
1,1,0,0,330252,109881,1
0,0,0,0,330253,109882,0
1,1,0,0,330254,109882,1
0,0,0,0,330255,109883,0
1,1,0,0,330256,109883,1
0,0,0,0,330257,109884,0
1,1,0,0,330258,109884,1
0,0,0,0,330259,109885,0
1,1,0,0,330260,109885,1
0,0,0,0,330261,109886,0
1,1,0,0,330262,109886,1
0,0,0,0,330263,109887,0
1,1,0,0,330264,109887,1
0,0,0,0,330265,109888,0
1,1,0,0,330266,109888,1
0,0,0,0,330267,109889,0
1,1,0,0,330268,109889,1
0,0,0,0,330269,109890,0
1,1,0,0,330270,109890,1
0,0,0,0,330271,109891,0
1,1,0,0,330272,109891,1
0,0,0,0,330273,109892,0
1,1,0,0,330274,109892,1
0,0,0,0,330275,109893,0
1,1,0,0,330276,109893,1
0,0,0,0,330277,109894,0
1,1,0,0,330278,109894,1
0,0,0,0,330279,109895,0
1,1,0,0,330280,109895,1
0,0,0,0,330281,109896,0
1,1,0,0,330282,109896,1
0,0,0,0,330283,109897,0
1,1,0,0,330284,109897,1
0,0,0,0,330285,109898,0
1,1,0,0,330286,109898,1
0,0,0,0,330287,109899,0
1,1,0,0,330288,109899,1
0,0,0,0,330289,109900,0
1,1,0,0,330290,109900,1
0,0,0,0,330291,109901,0
1,1,0,0,330292,109901,1
0,0,0,0,330293,109902,0
1,1,0,0,330294,109902,1
0,0,0,0,330295,109903,0
1,1,0,0,330296,109903,1
0,0,0,0,330297,109904,0
1,1,0,0,330298,109904,1
0,0,0,0,330299,109905,0
1,1,0,0,330300,109905,1
0,0,0,0,330301,109906,0
1,1,0,0,330302,109906,1
0,0,0,0,330303,109907,0
1,1,0,0,330304,109907,1
0,0,0,0,330305,109908,0
1,1,0,0,330306,109908,1
0,0,0,0,330307,109909,0
1,1,0,0,330308,109909,1
0,0,0,0,330309,109910,0
1,1,0,0,330310,109910,1
0,0,0,0,330311,109911,0
1,1,0,0,330312,109911,1
0,0,0,0,330313,109912,0
1,1,0,0,330314,109912,1
0,0,0,0,330315,109913,0
1,1,0,0,330316,109913,1
0,0,0,0,330317,109914,0
1,1,0,0,330318,109914,1
0,0,0,0,330319,109915,0
1,1,0,0,330320,109915,1
0,0,0,0,330321,109916,0
1,1,0,0,330322,109916,1
0,0,0,0,330323,109917,0
1,1,0,0,330324,109917,1
0,0,0,0,330325,109918,0
1,1,0,0,330326,109918,1
0,0,0,0,330327,109919,0
1,1,0,0,330328,109919,1
0,0,0,0,330329,109920,0
1,1,0,0,330330,109920,1
0,0,0,0,330331,109921,0
1,1,0,0,330332,109921,1
0,0,0,0,330333,109922,0
1,1,0,0,330334,109922,1
0,0,0,0,330335,109923,0
1,1,0,0,330336,109923,1
0,0,0,0,330337,109924,0
1,1,0,0,330338,109924,1
0,0,0,0,330339,109925,0
1,1,0,0,330340,109925,1
0,0,0,0,330341,109926,0
1,1,0,0,330342,109926,1
0,0,0,0,330343,109927,0
1,1,0,0,330344,109927,1
0,0,0,0,330345,109928,0
1,1,0,0,330346,109928,1
0,0,0,0,330347,109929,0
1,1,0,0,330348,109929,1
0,0,0,0,330349,109930,0
1,1,0,0,330350,109930,1
0,0,0,0,330351,109931,0
1,1,0,0,330352,109931,1
0,0,0,0,330353,109932,0
1,1,0,0,330354,109932,1
0,0,0,0,330355,109933,0
1,1,0,0,330356,109933,1
0,0,0,0,330357,109934,0
1,1,0,0,330358,109934,1
0,0,0,0,330359,109935,0
1,1,0,0,330360,109935,1
0,0,0,0,330361,109936,0
1,1,0,0,330362,109936,1
0,0,0,0,330363,109937,0
1,1,0,0,330364,109937,1
0,0,0,0,330365,109938,0
1,1,0,0,330366,109938,1
0,0,0,0,330367,109939,0
1,1,0,0,330368,109939,1
0,0,0,0,330369,109940,0
1,1,0,0,330370,109940,1
0,0,0,0,330371,109941,0
1,1,0,0,330372,109941,1
0,0,0,0,330373,109942,0
1,1,0,0,330374,109942,1
0,0,0,0,330375,109943,0
1,1,0,0,330376,109943,1
0,0,0,0,330377,109944,0
1,1,0,0,330378,109944,1
0,0,0,0,330379,109945,0
1,1,0,0,330380,109945,1
0,0,0,0,330381,109946,0
1,1,0,0,330382,109946,1
0,0,0,0,330383,109947,0
1,1,0,0,330384,109947,1
0,0,0,0,330385,109948,0
1,1,0,0,330386,109948,1
0,0,0,0,330387,109949,0
1,1,0,0,330388,109949,1
0,0,0,0,330389,109950,0
1,1,0,0,330390,109950,1
0,0,0,0,330391,109951,0
1,1,0,0,330392,109951,1
0,0,0,0,330393,109952,0
1,1,0,0,330394,109952,1
0,0,0,0,330395,109953,0
1,1,0,0,330396,109953,1
0,0,0,0,330397,109954,0
1,1,0,0,330398,109954,1
0,0,0,0,330399,109955,0
1,1,0,0,330400,109955,1
0,0,0,0,330401,109956,0
1,1,0,0,330402,109956,1
0,0,0,0,330403,109957,0
1,1,0,0,330404,109957,1
0,0,0,0,330405,109958,0
1,1,0,0,330406,109958,1
0,0,0,0,330407,109959,0
1,1,0,0,330408,109959,1
0,0,0,0,330409,109960,0
1,1,0,0,330410,109960,1
0,0,0,0,330411,109961,0
1,1,0,0,330412,109961,1
0,0,0,0,330413,109962,0
1,1,0,0,330414,109962,1
0,0,0,0,330415,109963,0
1,1,0,0,330416,109963,1
0,0,0,0,330417,109964,0
1,1,0,0,330418,109964,1
0,0,0,0,330419,109965,0
1,1,0,0,330420,109965,1
0,0,0,0,330421,109966,0
1,1,0,0,330422,109966,1
0,0,0,0,330423,109967,0
1,1,0,0,330424,109967,1
0,0,0,0,330425,109968,0
1,1,0,0,330426,109968,1
0,0,0,0,330427,109969,0
1,1,0,0,330428,109969,1
0,0,0,0,330429,109970,0
1,1,0,0,330430,109970,1
0,0,0,0,330431,109971,0
1,1,0,0,330432,109971,1
0,0,0,0,330433,109972,0
1,1,0,0,330434,109972,1
0,0,0,0,330435,109973,0
1,1,0,0,330436,109973,1
0,0,0,0,330437,109974,0
1,1,0,0,330438,109974,1
0,0,0,0,330439,109975,0
1,1,0,0,330440,109975,1
0,0,0,0,330441,109976,0
1,1,0,0,330442,109976,1
0,0,0,0,330443,109977,0
1,1,0,0,330444,109977,1
0,0,0,0,330445,109978,0
1,1,0,0,330446,109978,1
0,0,0,0,330447,109979,0
1,1,0,0,330448,109979,1
0,0,0,0,330449,109980,0
1,1,0,0,330450,109980,1
0,0,0,0,330451,109981,0
1,1,0,0,330452,109981,1
0,0,0,0,330453,109982,0
1,1,0,0,330454,109982,1
0,0,0,0,330455,109983,0
1,1,0,0,330456,109983,1
0,0,0,0,330457,109984,0
1,1,0,0,330458,109984,1
0,0,0,0,330459,109985,0
1,1,0,0,330460,109985,1
0,0,0,0,330461,109986,0
1,1,0,0,330462,109986,1
0,0,0,0,330463,109987,0
1,1,0,0,330464,109987,1
0,0,0,0,330465,109988,0
1,1,0,0,330466,109988,1
0,0,0,0,330467,109989,0
1,1,0,0,330468,109989,1
0,0,0,0,330469,109990,0
1,1,0,0,330470,109990,1
0,0,0,0,330471,109991,0
1,1,0,0,330472,109991,1
0,0,0,0,330473,109992,0
1,1,0,0,330474,109992,1
0,0,0,0,330475,109993,0
1,1,0,0,330476,109993,1
0,0,0,0,330477,109994,0
1,1,0,0,330478,109994,1
0,0,0,0,330479,109995,0
1,1,0,0,330480,109995,1
0,0,0,0,330481,109996,0
1,1,0,0,330482,109996,1
0,0,0,0,330483,109997,0
1,1,0,0,330484,109997,1
0,0,0,0,330485,109998,0
1,1,0,0,330486,109998,1
0,0,0,0,330487,109999,0
1,1,0,0,330488,109999,1
0,0,0,0,330489,110000,0
1,1,0,0,330490,110000,1
0,0,0,0,330491,110001,0
1,1,0,0,330492,110001,1
0,0,0,0,330493,110002,0
1,1,0,0,330494,110002,1
0,0,0,0,330495,110003,0
1,1,0,0,330496,110003,1
0,0,0,0,330497,110004,0
1,1,0,0,330498,110004,1
0,0,0,0,330499,110005,0
1,1,0,0,330500,110005,1
0,0,0,0,330501,110006,0
1,1,0,0,330502,110006,1
0,0,0,0,330503,110007,0
1,1,0,0,330504,110007,1
0,0,0,0,330505,110008,0
1,1,0,0,330506,110008,1
0,0,0,0,330507,110009,0
1,1,0,0,330508,110009,1
0,0,0,0,330509,110010,0
1,1,0,0,330510,110010,1
0,0,0,0,330511,110011,0
1,1,0,0,330512,110011,1
0,0,0,0,330513,110012,0
1,1,0,0,330514,110012,1
0,0,0,0,330515,110013,0
1,1,0,0,330516,110013,1
0,0,0,0,330517,110014,0
1,1,0,0,330518,110014,1
0,0,0,0,330519,110015,0
1,1,0,0,330520,110015,1
0,0,0,0,330521,110016,0
1,1,0,0,330522,110016,1
0,0,0,0,330523,110017,0
1,1,0,0,330524,110017,1
0,0,0,0,330525,110018,0
1,1,0,0,330526,110018,1
0,0,0,0,330527,110019,0
1,1,0,0,330528,110019,1
0,0,0,0,330529,110020,0
1,1,0,0,330530,110020,1
0,0,0,0,330531,110021,0
1,1,0,0,330532,110021,1
0,0,0,0,330533,110022,0
1,1,0,0,330534,110022,1
0,0,0,0,330535,110023,0
1,1,0,0,330536,110023,1
0,0,0,0,330537,110024,0
1,1,0,0,330538,110024,1
0,0,0,0,330539,110025,0
1,1,0,0,330540,110025,1
0,0,0,0,330541,110026,0
1,1,0,0,330542,110026,1
0,0,0,0,330543,110027,0
1,1,0,0,330544,110027,1
0,0,0,0,330545,110028,0
1,1,0,0,330546,110028,1
0,0,0,0,330547,110029,0
1,1,0,0,330548,110029,1
0,0,0,0,330549,110030,0
1,1,0,0,330550,110030,1
0,0,0,0,330551,110031,0
1,1,0,0,330552,110031,1
0,0,0,0,330553,110032,0
1,1,0,0,330554,110032,1
0,0,0,0,330555,110033,0
1,1,0,0,330556,110033,1
0,0,0,0,330557,110034,0
1,1,0,0,330558,110034,1
0,0,0,0,330559,110035,0
1,1,0,0,330560,110035,1
0,0,0,0,330561,110036,0
1,1,0,0,330562,110036,1
0,0,0,0,330563,110037,0
1,1,0,0,330564,110037,1
0,0,0,0,330565,110038,0
1,1,0,0,330566,110038,1
0,0,0,0,330567,110039,0
1,1,0,0,330568,110039,1
0,0,0,0,330569,110040,0
1,1,0,0,330570,110040,1
0,0,0,0,330571,110041,0
1,1,0,0,330572,110041,1
0,0,0,0,330573,110042,0
1,1,0,0,330574,110042,1
0,0,0,0,330575,110043,0
1,1,0,0,330576,110043,1
0,0,0,0,330577,110044,0
1,1,0,0,330578,110044,1
0,0,0,0,330579,110045,0
1,1,0,0,330580,110045,1
0,0,0,0,330581,110046,0
1,1,0,0,330582,110046,1
0,0,0,0,330583,110047,0
1,1,0,0,330584,110047,1
0,0,0,0,330585,110048,0
1,1,0,0,330586,110048,1
0,0,0,0,330587,110049,0
1,1,0,0,330588,110049,1
0,0,0,0,330589,110050,0
1,1,0,0,330590,110050,1
0,0,0,0,330591,110051,0
1,1,0,0,330592,110051,1
0,0,0,0,330593,110052,0
1,1,0,0,330594,110052,1
0,0,0,0,330595,110053,0
1,1,0,0,330596,110053,1
0,0,0,0,330597,110054,0
1,1,0,0,330598,110054,1
0,0,0,0,330599,110055,0
1,1,0,0,330600,110055,1
0,0,0,0,330601,110056,0
1,1,0,0,330602,110056,1
0,0,0,0,330603,110057,0
1,1,0,0,330604,110057,1
0,0,0,0,330605,110058,0
1,1,0,0,330606,110058,1
0,0,0,0,330607,110059,0
1,1,0,0,330608,110059,1
0,0,0,0,330609,110060,0
1,1,0,0,330610,110060,1
0,0,0,0,330611,110061,0
1,1,0,0,330612,110061,1
0,0,0,0,330613,110062,0
1,1,0,0,330614,110062,1
0,0,0,0,330615,110063,0
1,1,0,0,330616,110063,1
0,0,0,0,330617,110064,0
1,1,0,0,330618,110064,1
0,0,0,0,330619,110065,0
1,1,0,0,330620,110065,1
0,0,0,0,330621,110066,0
1,1,0,0,330622,110066,1
0,0,0,0,330623,110067,0
1,1,0,0,330624,110067,1
0,0,0,0,330625,110068,0
1,1,0,0,330626,110068,1
0,0,0,0,330627,110069,0
1,1,0,0,330628,110069,1
0,0,0,0,330629,110070,0
1,1,0,0,330630,110070,1
0,0,0,0,330631,110071,0
1,1,0,0,330632,110071,1
0,0,0,0,330633,110072,0
1,1,0,0,330634,110072,1
0,0,0,0,330635,110073,0
1,1,0,0,330636,110073,1
0,0,0,0,330637,110074,0
1,1,0,0,330638,110074,1
0,0,0,0,330639,110075,0
1,1,0,0,330640,110075,1
0,0,0,0,330641,110076,0
1,1,0,0,330642,110076,1
0,0,0,0,330643,110077,0
1,1,0,0,330644,110077,1
0,0,0,0,330645,110078,0
1,1,0,0,330646,110078,1
0,0,0,0,330647,110079,0
1,1,0,0,330648,110079,1
0,0,0,0,330649,110080,0
1,1,0,0,330650,110080,1
0,0,0,0,330651,110081,0
1,1,0,0,330652,110081,1
0,0,0,0,330653,110082,0
1,1,0,0,330654,110082,1
0,0,0,0,330655,110083,0
1,1,0,0,330656,110083,1
0,0,0,0,330657,110084,0
1,1,0,0,330658,110084,1
0,0,0,0,330659,110085,0
1,1,0,0,330660,110085,1
0,0,0,0,330661,110086,0
1,1,0,0,330662,110086,1
0,0,0,0,330663,110087,0
1,1,0,0,330664,110087,1
0,0,0,0,330665,110088,0
1,1,0,0,330666,110088,1
0,0,0,0,330667,110089,0
1,1,0,0,330668,110089,1
0,0,0,0,330669,110090,0
1,1,0,0,330670,110090,1
0,0,0,0,330671,110091,0
1,1,0,0,330672,110091,1
0,0,0,0,330673,110092,0
1,1,0,0,330674,110092,1
0,0,0,0,330675,110093,0
1,1,0,0,330676,110093,1
0,0,0,0,330677,110094,0
1,1,0,0,330678,110094,1
0,0,0,0,330679,110095,0
1,1,0,0,330680,110095,1
0,0,0,0,330681,110096,0
1,1,0,0,330682,110096,1
0,0,0,0,330683,110097,0
1,1,0,0,330684,110097,1
0,0,0,0,330685,110098,0
1,1,0,0,330686,110098,1
0,0,0,0,330687,110099,0
1,1,0,0,330688,110099,1
0,0,0,0,330689,110100,0
1,1,0,0,330690,110100,1
0,0,0,0,330691,110101,0
1,1,0,0,330692,110101,1
0,0,0,0,330693,110102,0
1,1,0,0,330694,110102,1
0,0,0,0,330695,110103,0
1,1,0,0,330696,110103,1
0,0,0,0,330697,110104,0
1,1,0,0,330698,110104,1
0,0,0,0,330699,110105,0
1,1,0,0,330700,110105,1
0,0,0,0,330701,110106,0
1,1,0,0,330702,110106,1
0,0,0,0,330703,110107,0
1,1,0,0,330704,110107,1
0,0,0,0,330705,110108,0
1,1,0,0,330706,110108,1
0,0,0,0,330707,110109,0
1,1,0,0,330708,110109,1
0,0,0,0,330709,110110,0
1,1,0,0,330710,110110,1
0,0,0,0,330711,110111,0
1,1,0,0,330712,110111,1
0,0,0,0,330713,110112,0
1,1,0,0,330714,110112,1
0,0,0,0,330715,110113,0
1,1,0,0,330716,110113,1
0,0,0,0,330717,110114,0
1,1,0,0,330718,110114,1
0,0,0,0,330719,110115,0
1,1,0,0,330720,110115,1
0,0,0,0,330721,110116,0
1,1,0,0,330722,110116,1
0,0,0,0,330723,110117,0
1,1,0,0,330724,110117,1
0,0,0,0,330725,110118,0
1,1,0,0,330726,110118,1
0,0,0,0,330727,110119,0
1,1,0,0,330728,110119,1
0,0,0,0,330729,110120,0
1,1,0,0,330730,110120,1
0,0,0,0,330731,110121,0
1,1,0,0,330732,110121,1
0,0,0,0,330733,110122,0
1,1,0,0,330734,110122,1
0,0,0,0,330735,110123,0
1,1,0,0,330736,110123,1
0,0,0,0,330737,110124,0
1,1,0,0,330738,110124,1
0,0,0,0,330739,110125,0
1,1,0,0,330740,110125,1
0,0,0,0,330741,110126,0
1,1,0,0,330742,110126,1
0,0,0,0,330743,110127,0
1,1,0,0,330744,110127,1
0,0,0,0,330745,110128,0
1,1,0,0,330746,110128,1
0,0,0,0,330747,110129,0
1,1,0,0,330748,110129,1
0,0,0,0,330749,110130,0
1,1,0,0,330750,110130,1
0,0,0,0,330751,110131,0
1,1,0,0,330752,110131,1
0,0,0,0,330753,110132,0
1,1,0,0,330754,110132,1
0,0,0,0,330755,110133,0
1,1,0,0,330756,110133,1
0,0,0,0,330757,110134,0
1,1,0,0,330758,110134,1
0,0,0,0,330759,110135,0
1,1,0,0,330760,110135,1
0,0,0,0,330761,110136,0
1,1,0,0,330762,110136,1
0,0,0,0,330763,110137,0
1,1,0,0,330764,110137,1
0,0,0,0,330765,110138,0
1,1,0,0,330766,110138,1
0,0,0,0,330767,110139,0
1,1,0,0,330768,110139,1
0,0,0,0,330769,110140,0
1,1,0,0,330770,110140,1
0,0,0,0,330771,110141,0
1,1,0,0,330772,110141,1
0,0,0,0,330773,110142,0
1,1,0,0,330774,110142,1
0,0,0,0,330775,110143,0
1,1,0,0,330776,110143,1
0,0,0,0,330777,110144,0
1,1,0,0,330778,110144,1
0,0,0,0,330779,110145,0
1,1,0,0,330780,110145,1
0,0,0,0,330781,110146,0
1,1,0,0,330782,110146,1
0,0,0,0,330783,110147,0
1,1,0,0,330784,110147,1
0,0,0,0,330785,110148,0
1,1,0,0,330786,110148,1
0,0,0,0,330787,110149,0
1,1,0,0,330788,110149,1
0,0,0,0,330789,110150,0
1,1,0,0,330790,110150,1
0,0,0,0,330791,110151,0
1,1,0,0,330792,110151,1
0,0,0,0,330793,110152,0
1,1,0,0,330794,110152,1
0,0,0,0,330795,110153,0
1,1,0,0,330796,110153,1
0,0,0,0,330797,110154,0
1,1,0,0,330798,110154,1
0,0,0,0,330799,110155,0
1,1,0,0,330800,110155,1
0,0,0,0,330801,110156,0
1,1,0,0,330802,110156,1
0,0,0,0,330803,110157,0
1,1,0,0,330804,110157,1
1,5,0,0,330883,110197,0
2,10,0,0,330884,110197,1
1,15000,0,0,331028,110237,0
2,30000,0,0,331029,110237,1
3,45000,0,0,331030,110237,2
1,-2000,0,0,331031,110238,0
2,-4000,0,0,331032,110238,1
3,-6000,0,0,331033,110238,2
1,6,0,0,331034,110239,0
2,13,0,0,331035,110239,1
3,20,0,0,331036,110239,2
1,10,0,0,331037,110240,0
2,20,0,0,331038,110240,1
1,3,0,0,331039,110241,0
2,6,0,0,331040,110241,1
3,9,0,0,331041,110241,2
4,12,0,0,331042,110241,3
5,15,0,0,331043,110241,4
1,5,0,0,331044,110242,0
2,6,0,0,331045,110242,1
3,7,0,0,331046,110242,2
3,12,0,0,331058,82813,2
4,16,0,0,331059,82813,3
5,20,0,0,331060,82813,4
1,10,0,0,331263,110321,0
2,20,0,0,331264,110321,1
3,30,0,0,331265,110321,2
1,5,0,0,331266,110322,0
2,10,0,0,331267,110322,1
1,-500,0,0,331268,110323,0
2,-1000,0,0,331269,110323,1
3,18,0,0,331270,82964,2
1,3,0,0,331271,110324,0
2,6,0,0,331272,110324,1
3,9,0,0,331273,110324,2
4,12,0,0,331274,110324,3
5,15,0,0,331275,110324,4
1,33,0,0,331276,110325,0
2,66,0,0,331277,110325,1
3,100,0,0,331278,110325,2
1,10,0,0,331279,110326,0
2,20,0,0,331280,110326,1
3,30,0,0,331281,110326,2
1,1,0,0,331294,110330,0
2,2,0,0,331295,110330,1
3,3,0,0,331296,110330,2
4,4,0,0,331297,110330,3
5,5,0,0,331298,110330,4
0,0,0,0,331311,110335,0
0.29818183,0.053475916,0,0,331312,110335,1
0.7309091,0.973262,0,0,331313,110335,2
1,1,0,0,331314,110335,3
1,5,0,0,331337,110341,0
2,10,0,0,331338,110341,1
1,2,0,0,331351,110345,0
2,4,0,0,331352,110345,1
3,6,0,0,331353,110345,2
4,8,0,0,331354,110345,3
5,10,0,0,331355,110345,4
1,5,0,0,331356,110346,0
2,10,0,0,331357,110346,1
3,15,0,0,331358,110346,2
4,20,0,0,331359,110346,3
5,25,0,0,331360,110346,4
1,20,0,0,331362,110347,0
2,40,0,0,331363,110347,1
3,60,0,0,331364,110347,2
1,10,0,0,331365,110348,0
2,20,0,0,331366,110348,1
1,-500,0,0,331367,110349,0
2,-1000,0,0,331368,110349,1
1,33,0,0,331369,110350,0
2,66,0,0,331370,110350,1
3,100,0,0,331371,110350,2
1,1,0,0,331372,110351,0
2,2,0,0,331373,110351,1
1,1,0,0,331374,110352,0
2,2,0,0,331375,110352,1
1,1,0,0,331380,110353,0
2,2,0,0,331381,110353,1
1,1,0,0,331382,110354,0
2,2,0,0,331383,110354,1
1,3,0,0,331499,110390,0
2,6,0,0,331500,110390,1
0,0,0,0,331513,110393,0
1,1,0,0,331514,110393,1
0,0,0,0,331515,110394,0
1,1,0,0,331516,110394,1
0,0,0,0,331517,110395,0
1,1,0,0,331518,110395,1
0,0,0,0,331519,110396,0
1,1,0,0,331520,110396,1
0,0,0,0,331521,110397,0
1,1,0,0,331522,110397,1
0,0,0,0,331523,110398,0
1,1,0,0,331524,110398,1
0,0,0,0,331525,110399,0
1,1,0,0,331526,110399,1
0,0,0,0,331527,110400,0
1,1,0,0,331528,110400,1
0,0,0,0,331529,110401,0
1,1,0,0,331530,110401,1
0,0,0,0,331531,110402,0
1,1,0,0,331532,110402,1
0,0,0,0,331533,110403,0
1,1,0,0,331534,110403,1
0,0,0,0,331535,110404,0
1,1,0,0,331536,110404,1
0,0,0,0,331537,110405,0
1,1,0,0,331538,110405,1
0,0,0,0,331539,110406,0
1,1,0,0,331540,110406,1
0,0,0,0,331541,110407,0
1,1,0,0,331542,110407,1
0,0,0,0,331543,110408,0
1,1,0,0,331544,110408,1
0,0,0,0,331545,110409,0
1,1,0,0,331546,110409,1
0,0,0,0,331547,110410,0
1,1,0,0,331548,110410,1
0,0,0,0,331549,110411,0
1,1,0,0,331550,110411,1
0,0,0,0,331551,110412,0
1,1,0,0,331552,110412,1
0,0,0,0,331553,110413,0
1,1,0,0,331554,110413,1
0,0,0,0,331555,110414,0
1,1,0,0,331556,110414,1
0,0,0,0,331557,110415,0
1,1,0,0,331558,110415,1
0,0,0,0,331559,110416,0
1,1,0,0,331560,110416,1
0,0,0,0,331561,110417,0
1,1,0,0,331562,110417,1
0,0,0,0,331563,110418,0
1,1,0,0,331564,110418,1
0,0,0,0,331565,110419,0
1,1,0,0,331566,110419,1
0,0,0,0,331567,110420,0
1,1,0,0,331568,110420,1
0,0,0,0,331569,110421,0
1,1,0,0,331570,110421,1
0,0,0,0,331571,110422,0
1,1,0,0,331572,110422,1
0,0,0,0,331573,110423,0
1,1,0,0,331574,110423,1
0,0,0,0,331575,110424,0
1,1,0,0,331576,110424,1
0,0,0,0,331577,110425,0
1,1,0,0,331578,110425,1
0,0,0,0,331579,110426,0
1,1,0,0,331580,110426,1
0,0,0,0,331581,110427,0
1,1,0,0,331582,110427,1
0,0,0,0,331583,110428,0
1,1,0,0,331584,110428,1
0,0,0,0,331585,110429,0
1,1,0,0,331586,110429,1
0,0,0,0,331587,110430,0
1,1,0,0,331588,110430,1
0,0,0,0,331589,110431,0
1,1,0,0,331590,110431,1
0,0,0,0,331600,110435,0
1,1,0,0,331601,110435,1
0,0,0,0,331602,110436,0
1,1,0,0,331603,110436,1
0,0,0,0,331604,110437,0
1,1,0,0,331605,110437,1
0,0,0,0,331606,110438,0
1,1,0,0,331607,110438,1
0,0,0,0,331608,110439,0
1,1,0,0,331609,110439,1
0,0,0,0,331610,110440,0
1,1,0,0,331611,110440,1
0,0,0,0,331612,110441,0
1,1,0,0,331613,110441,1
0,0,0,0,331614,110442,0
1,1,0,0,331615,110442,1
0,0,0,0,331616,110443,0
1,1,0,0,331617,110443,1
0,0,0,0,331618,110444,0
1,1,0,0,331619,110444,1
0,0,0,0,331620,110445,0
1,1,0,0,331621,110445,1
0,0,0,0,331622,110446,0
1,1,0,0,331623,110446,1
0,0,0,0,331624,110447,0
1,1,0,0,331625,110447,1
0,0,0,0,331626,110448,0
1,1,0,0,331627,110448,1
0,0,0,0,331628,110449,0
1,1,0,0,331629,110449,1
0,0,0,0,331630,110450,0
1,1,0,0,331631,110450,1
0,0,0,0,331632,110451,0
1,1,0,0,331633,110451,1
0,0,0,0,331634,110452,0
1,1,0,0,331635,110452,1
0,0,0,0,331636,110453,0
1,1,0,0,331637,110453,1
0,0,0,0,331638,110454,0
1,1,0,0,331639,110454,1
0,0,0,0,331640,110455,0
1,1,0,0,331641,110455,1
0,0,0,0,331642,110456,0
1,1,0,0,331643,110456,1
0,0,0,0,331644,110457,0
1,1,0,0,331645,110457,1
0,0,0,0,331646,110458,0
1,1,0,0,331647,110458,1
0,0,0,0,331648,110459,0
1,1,0,0,331649,110459,1
0,0,0,0,331650,110460,0
1,1,0,0,331651,110460,1
0,0,0,0,331652,110461,0
1,1,0,0,331653,110461,1
0,0,0,0,331654,110462,0
1,1,0,0,331655,110462,1
0,0,0,0,331656,110463,0
1,1,0,0,331657,110463,1
0,0,0,0,331658,110464,0
1,1,0,0,331659,110464,1
0,0,0,0,331660,110465,0
1,1,0,0,331661,110465,1
0,0,0,0,331662,110466,0
1,1,0,0,331663,110466,1
0,0,0,0,331664,110467,0
1,1,0,0,331665,110467,1
0,0,0,0,331666,110468,0
1,1,0,0,331667,110468,1
0,0,0,0,331668,110469,0
1,1,0,0,331669,110469,1
0,0,0,0,331670,110470,0
1,1,0,0,331671,110470,1
0,0,0,0,331672,110471,0
1,1,0,0,331673,110471,1
0,0,0,0,331674,110472,0
1,1,0,0,331675,110472,1
0,0,0,0,331676,110473,0
1,1,0,0,331677,110473,1
0,-80,0,0,331678,110474,0
0.8587848,-0.33473206,0,0,331679,110474,1
1.3168033,0,0,0,331680,110474,2
1.7175696,0,0,0,331681,110474,3
5.1527085,-80,0,0,331682,110474,4
24.733002,-80,0,0,331683,110474,5
0,-80,0,0,331684,110475,0
0.77430564,0,0,0,331685,110475,1
1.0324074,0,0,0,331686,110475,2
2.219676,0,0,0,331687,110475,3
5.7298613,-80,0,0,331688,110475,4
22.300001,-80,0,0,331689,110475,5
1,5,0,0,331932,110556,0
2,10,0,0,331933,110556,1
0,0,0,0,332006,110593,0
1,1,0,0,332007,110593,1
0,0,0,0,332008,110594,0
1,1,0,0,332009,110594,1
0,0,0,0,332010,110595,0
1,1,0,0,332011,110595,1
0,0,0,0,332012,110596,0
1,1,0,0,332013,110596,1
0,0,0,0,332014,110597,0
1,1,0,0,332015,110597,1
0,0,0,0,332016,110598,0
1,1,0,0,332017,110598,1
0,0,0,0,332018,110599,0
1,1,0,0,332019,110599,1
0,0,0,0,332020,110600,0
1,1,0,0,332021,110600,1
0,0,0,0,332022,110601,0
1,1,0,0,332023,110601,1
0,0,0,0,332024,110602,0
1,1,0,0,332025,110602,1
0,0,0,0,332026,110603,0
1,1,0,0,332027,110603,1
0,0,0,0,332028,110604,0
1,1,0,0,332029,110604,1
0,0,0,0,332030,110605,0
1,1,0,0,332031,110605,1
0,0,0,0,332032,110606,0
1,1,0,0,332033,110606,1
0,0,0,0,332034,110607,0
1,1,0,0,332035,110607,1
0,0,0,0,332036,110608,0
1,1,0,0,332037,110608,1
0,0,0,0,332038,110609,0
1,1,0,0,332039,110609,1
0,0,0,0,332040,110610,0
1,1,0,0,332041,110610,1
0,0,0,0,332042,110611,0
1,1,0,0,332043,110611,1
0,0,0,0,332044,110612,0
1,1,0,0,332045,110612,1
0,0,0,0,332046,110613,0
1,1,0,0,332047,110613,1
0,0,0,0,332048,110614,0
1,1,0,0,332049,110614,1
0,0,0,0,332050,110615,0
1,1,0,0,332051,110615,1
0,0,0,0,332052,110616,0
1,1,0,0,332053,110616,1
0,0,0,0,332054,110617,0
1,1,0,0,332055,110617,1
0,0,0,0,332056,110618,0
1,1,0,0,332057,110618,1
0,0,0,0,332058,110619,0
1,1,0,0,332059,110619,1
0,0,0,0,332060,110620,0
1,1,0,0,332061,110620,1
0,0,0,0,332062,110621,0
1,1,0,0,332063,110621,1
0,0,0,0,332064,110622,0
1,1,0,0,332065,110622,1
0,0,0,0,332066,110623,0
1,1,0,0,332067,110623,1
0,0,0,0,332068,110624,0
1,1,0,0,332069,110624,1
0,0,0,0,332070,110625,0
1,1,0,0,332071,110625,1
0,0,0,0,332072,110626,0
1,1,0,0,332073,110626,1
0,0,0,0,332074,110627,0
1,1,0,0,332075,110627,1
0,0,0,0,332076,110628,0
1,1,0,0,332077,110628,1
0,0,0,0,332084,110632,0
1,-80,0.5,-6,332085,110632,1
0,0,0,0,332088,110634,0
1,1,0,0,332089,110634,1
0,0,0,0,332090,110635,0
1,1,0,0,332091,110635,1
0,0,0,0,332092,110636,0
1,1,0,0,332093,110636,1
0,0,0,0,332094,110637,0
1,1,0,0,332095,110637,1
0,0,0,0,332096,110638,0
1,1,0,0,332097,110638,1
0,0,0,0,332098,110639,0
1,1,0,0,332099,110639,1
0,0,0,0,332100,110640,0
1,1,0,0,332101,110640,1
0,0,0,0,332102,110641,0
1,1,0,0,332103,110641,1
0,0,0,0,332104,110642,0
1,1,0,0,332105,110642,1
0,0,0,0,332106,110643,0
1,1,0,0,332107,110643,1
0,0,0,0,332108,110644,0
1,1,0,0,332109,110644,1
0,0,0,0,332110,110645,0
1,1,0,0,332111,110645,1
0,0,0,0,332112,110646,0
1,1,0,0,332113,110646,1
0,0,0,0,332114,110647,0
1,1,0,0,332115,110647,1
0,0,0,0,332116,110648,0
1,1,0,0,332117,110648,1
0,0,0,0,332118,110649,0
1,1,0,0,332119,110649,1
0,0,0,0,332120,110650,0
1,1,0,0,332121,110650,1
0,0,0,0,332122,110651,0
1,1,0,0,332123,110651,1
0,0,0,0,332124,110652,0
1,1,0,0,332125,110652,1
0,0,0,0,332126,110653,0
1,1,0,0,332127,110653,1
0,0,0,0,332128,110654,0
1,1,0,0,332129,110654,1
0,0,0,0,332130,110655,0
1,1,0,0,332131,110655,1
0,0,0,0,332132,110656,0
1,1,0,0,332133,110656,1
0,0,0,0,332134,110657,0
1,1,0,0,332135,110657,1
0,0,0,0,332136,110658,0
1,1,0,0,332137,110658,1
0,0,0,0,332138,110659,0
1,1,0,0,332139,110659,1
0,0,0,0,332140,110660,0
1,1,0,0,332141,110660,1
0,0,0,0,332142,110661,0
1,1,0,0,332143,110661,1
0,0,0,0,332144,110662,0
1,1,0,0,332145,110662,1
0,0,0,0,332146,110663,0
1,1,0,0,332147,110663,1
0,0,0,0,332148,110664,0
1,1,0,0,332149,110664,1
0,0,0,0,332150,110665,0
1,1,0,0,332151,110665,1
0,0,0,0,332152,110666,0
1,1,0,0,332153,110666,1
0,0,0,0,332154,110667,0
1,1,0,0,332155,110667,1
0,0,0,0,332156,110668,0
1,1,0,0,332157,110668,1
0,0,0,0,332158,110669,0
1,1,0,0,332159,110669,1
0,0,0,0,332160,110670,0
1,1,0,0,332161,110670,1
0,0,0,0,332162,110671,0
1,1,0,0,332163,110671,1
0,0,0,0,332164,110672,0
1,1,0,0,332165,110672,1
0,0,0,0,332166,110673,0
1,1,0,0,332167,110673,1
0,0,0,0,332168,110674,0
1,1,0,0,332169,110674,1
0,0,0,0,332170,110675,0
1,1,0,0,332171,110675,1
0,0,0,0,332172,110676,0
1,1,0,0,332173,110676,1
0,0,0,0,332174,110677,0
1,1,0,0,332175,110677,1
0,0,0,0,332176,110678,0
1,1,0,0,332177,110678,1
0,0,0,0,332178,110679,0
1,1,0,0,332179,110679,1
0,0,0,0,332180,110680,0
1,1,0,0,332181,110680,1
0,0,0,0,332182,110681,0
1,1,0,0,332183,110681,1
0,0,0,0,332184,110682,0
1,1,0,0,332185,110682,1
0,0,0,0,332186,110683,0
1,1,0,0,332187,110683,1
0,0,0,0,332188,110684,0
1,1,0,0,332189,110684,1
0,0,0,0,332190,110685,0
1,1,0,0,332191,110685,1
0,0,0,0,332192,110686,0
1,1,0,0,332193,110686,1
0,0,0,0,332194,110687,0
1,1,0,0,332195,110687,1
0,0,0,0,332196,110688,0
1,1,0,0,332197,110688,1
0,0,0,0,332198,110689,0
1,1,0,0,332199,110689,1
0,0,0,0,332200,110690,0
1,1,0,0,332201,110690,1
0,0,0,0,332202,110691,0
1,1,0,0,332203,110691,1
0,0,0,0,332204,110692,0
1,1,0,0,332205,110692,1
0,0,0,0,332206,110693,0
1,1,0,0,332207,110693,1
0,0,0,0,332208,110694,0
1,1,0,0,332209,110694,1
0,0,0,0,332210,110695,0
1,1,0,0,332211,110695,1
0,0,0,0,332212,110696,0
1,1,0,0,332213,110696,1
0,0,0,0,332214,110697,0
1,1,0,0,332215,110697,1
0,0,0,0,332216,110698,0
1,1,0,0,332217,110698,1
0,0,0,0,332218,110699,0
1,1,0,0,332219,110699,1
0,0,0,0,332220,110700,0
1,1,0,0,332221,110700,1
0,0,0,0,332222,110701,0
1,1,0,0,332223,110701,1
0,0,0,0,332224,110702,0
1,1,0,0,332225,110702,1
0,0,0,0,332226,110703,0
1,1,0,0,332227,110703,1
0,0,0,0,332228,110704,0
1,1,0,0,332229,110704,1
0,0,0,0,332230,110705,0
1,1,0,0,332231,110705,1
0,0,0,0,332239,110713,0
1,1,0,0,332240,110713,1
0,0,0,0,332241,110714,0
1,1,0,0,332242,110714,1
0,0,0,0,332243,110715,0
1,1,0,0,332244,110715,1
0,0,0,0,332245,110716,0
1,1,0,0,332246,110716,1
0,0,0,0,332247,110717,0
1,1,0,0,332248,110717,1
0,0,0,0,332249,110718,0
1,1,0,0,332250,110718,1
0,0,0,0,332251,110719,0
1,1,0,0,332252,110719,1
0,0,0,0,332253,110720,0
1,1,0,0,332254,110720,1
0,0,0,0,332255,110721,0
1,1,0,0,332256,110721,1
0,0,0,0,332257,110722,0
1,1,0,0,332258,110722,1
0,0,0,0,332259,110723,0
1,1,0,0,332260,110723,1
0,0,0,0,332261,110724,0
1,1,0,0,332262,110724,1
0,0,0,0,332263,110725,0
1,1,0,0,332264,110725,1
0,0,0,0,332265,110726,0
1,1,0,0,332266,110726,1
0,0,0,0,332267,110727,0
1,1,0,0,332268,110727,1
0,0,0,0,332297,110736,0
1,1,0,0,332298,110736,1
0,0,0,0,332299,110737,0
1,1,0,0,332300,110737,1
0,0,0,0,332301,110738,0
1,1,0,0,332302,110738,1
0,0,0,0,332303,110739,0
1,1,0,0,332304,110739,1
0,0,0,0,332305,110740,0
1,1,0,0,332306,110740,1
0,0,0,0,332307,110741,0
1,1,0,0,332308,110741,1
0,0,0,0,332309,110742,0
1,1,0,0,332310,110742,1
0,0,0,0,332311,110743,0
1,1,0,0,332312,110743,1
0,0,0,0,332313,110744,0
1,1,0,0,332314,110744,1
0,0,0,0,332315,110745,0
1,1,0,0,332316,110745,1
0,0,0,0,332317,110746,0
1,1,0,0,332318,110746,1
0,0,0,0,332319,110747,0
1,1,0,0,332320,110747,1
0,0,0,0,332321,110748,0
1,1,0,0,332322,110748,1
0,0,0,0,332323,110749,0
1,1,0,0,332324,110749,1
0,0,0,0,332325,110750,0
1,1,0,0,332326,110750,1
0,0,0,0,332327,110751,0
1,1,0,0,332328,110751,1
0,0,0,0,332329,110752,0
1,1,0,0,332330,110752,1
0,0,0,0,332331,110753,0
1,1,0,0,332332,110753,1
0,0,0,0,332335,110754,0
1,1,0,0,332336,110754,1
0,0,0,0,332337,110755,0
1,1,0,0,332338,110755,1
0,0,0,0,332339,110756,0
1,1,0,0,332340,110756,1
0,0,0,0,332341,110757,0
1,1,0,0,332342,110757,1
0,0,0,0,332343,110758,0
1,1,0,0,332344,110758,1
0,0,0,0,332345,110759,0
1,1,0,0,332346,110759,1
0,0,0,0,332347,110760,0
1,1,0,0,332348,110760,1
0,0,0,0,332349,110761,0
1,1,0,0,332350,110761,1
0,0,0,0,332351,110762,0
1,1,0,0,332352,110762,1
0,0,0,0,332353,110763,0
1,1,0,0,332354,110763,1
0,0,0,0,332355,110764,0
1,1,0,0,332356,110764,1
0,0,0,0,332357,110765,0
1,1,0,0,332358,110765,1
0,0,0,0,332359,110766,0
1,1,0,0,332360,110766,1
0,0,0,0,332361,110767,0
1,1,0,0,332362,110767,1
0,0,0,0,332363,110768,0
1,1,0,0,332364,110768,1
0,0,0,0,332365,110769,0
1,1,0,0,332366,110769,1
0,0,0,0,332367,110770,0
1,1,0,0,332368,110770,1
0,0,0,0,332369,110771,0
1,1,0,0,332370,110771,1
0,0,0,0,332371,110772,0
1,1,0,0,332372,110772,1
0,0,0,0,332373,110773,0
1,1,0,0,332374,110773,1
0,0,0,0,332375,110774,0
1,1,0,0,332376,110774,1
0,0,0,0,332377,110775,0
1,1,0,0,332378,110775,1
0,0,0,0,332379,110776,0
1,1,0,0,332380,110776,1
0,0,0,0,332381,110777,0
1,1,0,0,332382,110777,1
0,0,0,0,332383,110778,0
1,1,0,0,332384,110778,1
0,0,0,0,332385,110779,0
1,1,0,0,332386,110779,1
0,0,0,0,332387,110780,0
1,1,0,0,332388,110780,1
0,0,0,0,332389,110781,0
1,1,0,0,332390,110781,1
0,0,0,0,332391,110782,0
1,1,0,0,332392,110782,1
0,0,0,0,332393,110783,0
1,1,0,0,332394,110783,1
0,0,0,0,332395,110784,0
1,1,0,0,332396,110784,1
0,0,0,0,332397,110785,0
1,1,0,0,332398,110785,1
0,0,0,0,332399,110786,0
1,1,0,0,332400,110786,1
0,0,0,0,332401,110787,0
1,1,0,0,332402,110787,1
0,0,0,0,332403,110788,0
1,1,0,0,332404,110788,1
0,0,0,0,332405,110789,0
1,1,0,0,332406,110789,1
1,10,0,0,332407,110790,0
2,20,0,0,332408,110790,1
3,30,0,0,332409,110790,2
1,-5,0,0,332410,110791,0
2,-10,0,0,332411,110791,1
3,-15,0,0,332412,110791,2
0,0,0,0,332413,110792,0
1,1,0,0,332414,110792,1
0,0,0,0,332415,110793,0
1,1,0,0,332416,110793,1
0,0,0,0,332417,110794,0
1,1,0,0,332418,110794,1
0,0,0,0,332419,110795,0
1,1,0,0,332420,110795,1
0,0,0,0,332421,110796,0
1,1,0,0,332422,110796,1
0,0,0,0,332423,110797,0
1,1,0,0,332424,110797,1
0,0,0,0,332425,110798,0
1,1,0,0,332426,110798,1
0,0,0,0,332427,110799,0
1,1,0,0,332428,110799,1
0,0,0,0,332429,110800,0
1,1,0,0,332430,110800,1
0,0,0,0,332431,110801,0
1,1,0,0,332432,110801,1
0,0,0,0,332433,110802,0
1,1,0,0,332434,110802,1
0,0,0,0,332435,110803,0
1,1,0,0,332436,110803,1
0,0,0,0,332437,110804,0
1,1,0,0,332438,110804,1
0,0,0,0,332439,110805,0
1,1,0,0,332440,110805,1
0,0,0,0,332441,110806,0
1,1,0,0,332442,110806,1
0,0,0,0,332443,110807,0
1,1,0,0,332444,110807,1
0,0,0,0,332445,110808,0
1,1,0,0,332446,110808,1
0,0,0,0,332447,110809,0
1,1,0,0,332448,110809,1
0,0,0,0,332449,110810,0
1,1,0,0,332450,110810,1
0,0,0,0,332451,110811,0
1,1,0,0,332452,110811,1
0,0,0,0,332453,110812,0
1,1,0,0,332454,110812,1
0,0,0,0,332455,110813,0
1,1,0,0,332456,110813,1
0,0,0,0,332457,110814,0
1,1,0,0,332458,110814,1
0,0,0,0,332459,110815,0
1,1,0,0,332460,110815,1
0,0,0,0,332461,110816,0
1,1,0,0,332462,110816,1
0,0,0,0,332463,110817,0
1,1,0,0,332464,110817,1
0,0,0,0,332465,110818,0
1,1,0,0,332466,110818,1
0,0,0,0,332467,110819,0
1,1,0,0,332468,110819,1
0,0,0,0,332469,110820,0
1,1,0,0,332470,110820,1
0,0,0,0,332471,110821,0
1,1,0,0,332472,110821,1
0,0,0,0,332473,110822,0
1,1,0,0,332474,110822,1
0,0,0,0,332475,110823,0
1,1,0,0,332476,110823,1
0,0,0,0,332477,110824,0
1,1,0,0,332478,110824,1
0,0,0,0,332479,110825,0
1,1,0,0,332480,110825,1
0,0,0,0,332481,110826,0
1,1,0,0,332482,110826,1
0,0,0,0,332483,110827,0
1,1,0,0,332484,110827,1
0,0,0,0,332485,110828,0
1,1,0,0,332486,110828,1
0,0,0,0,332487,110829,0
1,1,0,0,332488,110829,1
0,0,0,0,332489,110830,0
1,1,0,0,332490,110830,1
0,0,0,0,332491,110831,0
1,1,0,0,332492,110831,1
0,0,0,0,332493,110832,0
1,1,0,0,332494,110832,1
0,0,0,0,332495,110833,0
1,1,0,0,332496,110833,1
0,0,0,0,332497,110834,0
1,1,0,0,332498,110834,1
0,0,0,0,332499,110835,0
1,1,0,0,332500,110835,1
0,0,0,0,332501,110836,0
1,1,0,0,332502,110836,1
0,0,0,0,332503,110837,0
1,1,0,0,332504,110837,1
0,0,0,0,332505,110838,0
1,1,0,0,332506,110838,1
0,0,0,0,332507,110839,0
1,1,0,0,332508,110839,1
0,0,0,0,332509,110840,0
1,1,0,0,332510,110840,1
0,0,0,0,332511,110841,0
1,1,0,0,332512,110841,1
0,0,0,0,332513,110842,0
1,1,0,0,332514,110842,1
0,0,0,0,332515,110843,0
1,1,0,0,332516,110843,1
0,0,0,0,332517,110844,0
1,1,0,0,332518,110844,1
0,0,0,0,332519,110845,0
1,1,0,0,332520,110845,1
0,0,0,0,332521,110846,0
1,1,0,0,332522,110846,1
0,0,0,0,332523,110847,0
1,1,0,0,332524,110847,1
0,0,0,0,332525,110848,0
1,1,0,0,332526,110848,1
0,0,0,0,332527,110849,0
1,1,0,0,332528,110849,1
0,0,0,0,332529,110850,0
1,1,0,0,332530,110850,1
0,0,0,0,332531,110851,0
1,1,0,0,332532,110851,1
0,0,0,0,332533,110852,0
1,1,0,0,332534,110852,1
0,0,0,0,332535,110853,0
1,1,0,0,332536,110853,1
0,0,0,0,332537,110854,0
1,1,0,0,332538,110854,1
0,0,0,0,332539,110855,0
1,1,0,0,332540,110855,1
0,0,0,0,332541,110856,0
1,1,0,0,332542,110856,1
0,0,0,0,332543,110857,0
1,1,0,0,332544,110857,1
0,0,0,0,332545,110858,0
1,1,0,0,332546,110858,1
0,0,0,0,332547,110859,0
1,1,0,0,332548,110859,1
0,0,0,0,332549,110860,0
1,1,0,0,332550,110860,1
0,0,0,0,332551,110861,0
1,1,0,0,332552,110861,1
0,0,0,0,332553,110862,0
1,1,0,0,332554,110862,1
0,0,0,0,332555,110863,0
1,1,0,0,332556,110863,1
0,0,0,0,332557,110864,0
1,1,0,0,332558,110864,1
0,0,0,0,332559,110865,0
1,1,0,0,332560,110865,1
0,0,0,0,332561,110866,0
1,1,0,0,332562,110866,1
0,0,0,0,332563,110867,0
1,1,0,0,332564,110867,1
0,0,0,0,332565,110868,0
1,1,0,0,332566,110868,1
0,0,0,0,332567,110869,0
1,1,0,0,332568,110869,1
0,0,0,0,332569,110870,0
1,1,0,0,332570,110870,1
0,0,0,0,332571,110871,0
1,1,0,0,332572,110871,1
0,0,0,0,332573,110872,0
1,1,0,0,332574,110872,1
0,0,0,0,332575,110873,0
1,1,0,0,332576,110873,1
0,0,0,0,332577,110874,0
1,1,0,0,332578,110874,1
0,0,0,0,332579,110875,0
1,1,0,0,332580,110875,1
0,0,0,0,332581,110876,0
1,1,0,0,332582,110876,1
0,0,0,0,332583,110877,0
1,1,0,0,332584,110877,1
0,0,0,0,332585,110878,0
1,1,0,0,332586,110878,1
0,0,0,0,332587,110879,0
1,1,0,0,332588,110879,1
0,0,0,0,332589,110880,0
1,1,0,0,332590,110880,1
0,0,0,0,332591,110881,0
1,1,0,0,332592,110881,1
0,0,0,0,332593,110882,0
1,1,0,0,332594,110882,1
0,0,0,0,332595,110883,0
1,1,0,0,332596,110883,1
0,0,0,0,332597,110884,0
1,1,0,0,332598,110884,1
0,0,0,0,332599,110885,0
1,1,0,0,332600,110885,1
0,0,0,0,332601,110886,0
1,1,0,0,332602,110886,1
0,0,0,0,332603,110887,0
1,1,0,0,332604,110887,1
0,0,0,0,332605,110888,0
1,1,0,0,332606,110888,1
0,0,0,0,332607,110889,0
1,1,0,0,332608,110889,1
0,0,0,0,332609,110890,0
1,1,0,0,332610,110890,1
0,0,0,0,332611,110891,0
1,1,0,0,332612,110891,1
0,0,0,0,332613,110892,0
1,1,0,0,332614,110892,1
0,0,0,0,332615,110893,0
1,1,0,0,332616,110893,1
0,0,0,0,332617,110894,0
1,1,0,0,332618,110894,1
0,0,0,0,332619,110895,0
1,1,0,0,332620,110895,1
0,0,0,0,332621,110896,0
1,1,0,0,332622,110896,1
0,0,0,0,332623,110897,0
1,1,0,0,332624,110897,1
0,0,0,0,332625,110898,0
1,1,0,0,332626,110898,1
0,0,0,0,332627,110899,0
1,1,0,0,332628,110899,1
0,0,0,0,332629,110900,0
1,1,0,0,332630,110900,1
0,0,0,0,332631,110901,0
1,1,0,0,332632,110901,1
0,0,0,0,332633,110902,0
1,1,0,0,332634,110902,1
0,0,0,0,332635,110903,0
1,1,0,0,332636,110903,1
0,0,0,0,332637,110904,0
1,1,0,0,332638,110904,1
0,0,0,0,332639,110905,0
1,1,0,0,332640,110905,1
0,0,0,0,332641,110906,0
1,1,0,0,332642,110906,1
0,0,0,0,332643,110907,0
1,1,0,0,332644,110907,1
0,0,0,0,332645,110908,0
1,1,0,0,332646,110908,1
0,0,0,0,332647,110909,0
1,1,0,0,332648,110909,1
0,0,0,0,332649,110910,0
1,1,0,0,332650,110910,1
0,0,0,0,332651,110911,0
1,1,0,0,332652,110911,1
0,0,0,0,332653,110912,0
1,1,0,0,332654,110912,1
0,0,0,0,332655,110913,0
1,1,0,0,332656,110913,1
0,0,0,0,332657,110914,0
1,1,0,0,332658,110914,1
0,0,0,0,332659,110915,0
1,1,0,0,332660,110915,1
0,0,0,0,332661,110916,0
1,1,0,0,332662,110916,1
0,0,0,0,332663,110917,0
1,1,0,0,332664,110917,1
0,0,0,0,332682,110924,0
1,1,0,0,332683,110924,1
0,0,0,0,332684,110925,0
1,1,0,0,332685,110925,1
0,0,0,0,332686,110926,0
1,1,0,0,332687,110926,1
0,0,0,0,332688,110927,0
1,1,0,0,332689,110927,1
0,0,0,0,332690,110928,0
1,1,0,0,332691,110928,1
0,0,0,0,332692,110929,0
1,1,0,0,332693,110929,1
0,0,0,0,332694,110930,0
1,1,0,0,332695,110930,1
0,0,0,0,332696,110931,0
1,1,0,0,332697,110931,1
0,0,0,0,332698,110932,0
1,1,0,0,332699,110932,1
0,0,0,0,332700,110933,0
1,1,0,0,332701,110933,1
0,0,0,0,332702,110934,0
1,1,0,0,332703,110934,1
0,0,0,0,332704,110935,0
1,1,0,0,332705,110935,1
0,0,0,0,332706,110936,0
1,1,0,0,332707,110936,1
0,0,0,0,332708,110937,0
1,1,0,0,332709,110937,1
0,0,0,0,332710,110938,0
1,1,0,0,332711,110938,1
0,0,0,0,332712,110939,0
1,1,0,0,332713,110939,1
0,0,0,0,332714,110940,0
1,1,0,0,332715,110940,1
0,0,0,0,332716,110941,0
1,1,0,0,332717,110941,1
0,0,0,0,332718,110942,0
1,1,0,0,332719,110942,1
0,0,0,0,332720,110943,0
1,1,0,0,332721,110943,1
0,0,0,0,332722,110944,0
1,1,0,0,332723,110944,1
0,0,0,0,332724,110945,0
1,1,0,0,332725,110945,1
0,0,0,0,332726,110946,0
1,1,0,0,332727,110946,1
0,0,0,0,332728,110947,0
1,1,0,0,332729,110947,1
0,0,0,0,332730,110948,0
1,1,0,0,332731,110948,1
0,0,0,0,332732,110949,0
1,1,0,0,332733,110949,1
0,0,0,0,332734,110950,0
1,1,0,0,332735,110950,1
0,0,0,0,332736,110951,0
1,1,0,0,332737,110951,1
0,0,0,0,332738,110952,0
1,1,0,0,332739,110952,1
0,0,0,0,332740,110953,0
1,1,0,0,332741,110953,1
0,0,0,0,332742,110954,0
1,1,0,0,332743,110954,1
0,0,0,0,332744,110955,0
1,1,0,0,332745,110955,1
0,0,0,0,332746,110956,0
1,1,0,0,332747,110956,1
0,0,0,0,332748,110957,0
1,1,0,0,332749,110957,1
0,0,0,0,332750,110958,0
1,1,0,0,332751,110958,1
0,0,0,0,332752,110959,0
1,1,0,0,332753,110959,1
0,0,0,0,332754,110960,0
1,1,0,0,332755,110960,1
0,0,0,0,332756,110961,0
1,1,0,0,332757,110961,1
0,0,0,0,332758,110962,0
1,1,0,0,332759,110962,1
0,0,0,0,332783,110972,0
1,1,0,0,332784,110972,1
0,0,0,0,332785,110973,0
1,1,0,0,332786,110973,1
0,0,0,0,332787,110974,0
1,1,0,0,332788,110974,1
0,-80,0,0,332885,110992,0
0,0,0,0,332886,110992,1
0.40525463,0,0,0,332887,110992,2
1.3547084,0,0,0,332888,110992,3
4.816741,-80,0,0,332889,110992,4
5.0020003,-80,0,0,332890,110992,5
0,0,0,0,332911,110997,0
1,1,0,0,332912,110997,1
0,0,0,0,332913,110998,0
1,1,0,0,332914,110998,1
0,0,0,0,332915,110999,0
1,1,0,0,332916,110999,1
0,0,0,0,332917,111000,0
1,1,0,0,332918,111000,1
0,0,0,0,332919,111001,0
1,1,0,0,332920,111001,1
0,0,0,0,332921,111002,0
1,1,0,0,332922,111002,1
0,0,0,0,332923,111003,0
1,1,0,0,332924,111003,1
0,0,0,0,332925,111004,0
1,1,0,0,332926,111004,1
0,0,0,0,332927,111005,0
1,1,0,0,332928,111005,1
0,0,0,0,332929,111006,0
1,1,0,0,332930,111006,1
0,0,0,0,332931,111007,0
1,1,0,0,332932,111007,1
0,0,0,0,332933,111008,0
1,1,0,0,332934,111008,1
0,0,0,0,332935,111009,0
1,1,0,0,332936,111009,1
0,0,0,0,332937,111010,0
1,1,0,0,332938,111010,1
0,0,0,0,332939,111011,0
1,1,0,0,332940,111011,1
0,0,0,0,332941,111012,0
1,1,0,0,332942,111012,1
0,0,0,0,332943,111013,0
1,1,0,0,332944,111013,1
0,0,0,0,332945,111014,0
1,1,0,0,332946,111014,1
0,0,0,0,332947,111015,0
1,1,0,0,332948,111015,1
0,0,0,0,332949,111016,0
1,1,0,0,332950,111016,1
0,0,0,0,332951,111017,0
1,1,0,0,332952,111017,1
0,0,0,0,332953,111018,0
1,1,0,0,332954,111018,1
0,0,0,0,332955,111019,0
1,1,0,0,332956,111019,1
0,0,0,0,332957,111020,0
1,1,0,0,332958,111020,1
0,0,0,0,332959,111021,0
1,1,0,0,332960,111021,1
0,0,0,0,332961,111022,0
1,1,0,0,332962,111022,1
0,0,0,0,332963,111023,0
1,1,0,0,332964,111023,1
0,0,0,0,332965,111024,0
1,1,0,0,332966,111024,1
0,0,0,0,332967,111025,0
1,1,0,0,332968,111025,1
0,0,0,0,332969,111026,0
1,1,0,0,332970,111026,1
0,0,0,0,332971,111027,0
1,1,0,0,332972,111027,1
0,0,0,0,332973,111028,0
1,1,0,0,332974,111028,1
0,0,0,0,332975,111029,0
1,1,0,0,332976,111029,1
0,0,0,0,332977,111030,0
1,1,0,0,332978,111030,1
0,0,0,0,332979,111031,0
1,1,0,0,332980,111031,1
0,0,0,0,332981,111032,0
1,1,0,0,332982,111032,1
0,0,0,0,332983,111033,0
1,1,0,0,332984,111033,1
0,0,0,0,332985,111034,0
1,1,0,0,332986,111034,1
0,0,0,0,332987,111035,0
1,1,0,0,332988,111035,1
0,0,0,0,333000,111038,0
1,1,0,0,333001,111038,1
0,0,0,0,333009,111041,0
100,100,0,0,333010,111041,1
0,0,0,0,333011,111042,0
1,1,0,0,333012,111042,1
0,0,0,0,333013,111043,0
1,1,0,0,333014,111043,1
0,0,0,0,333015,111044,0
1,1,0,0,333016,111044,1
0,0,0,0,333017,111045,0
1,1,0,0,333018,111045,1
0,0,0,0,333019,111046,0
1,1,0,0,333020,111046,1
0,0,0,0,333021,111047,0
1,1,0,0,333022,111047,1
0,0,0,0,333023,111048,0
1,1,0,0,333024,111048,1
0,0,0,0,333025,111049,0
1,1,0,0,333026,111049,1
0,0,0,0,333027,111050,0
1,1,0,0,333028,111050,1
0,0,0,0,333029,111051,0
1,1,0,0,333030,111051,1
0,0,0,0,333031,111052,0
1,1,0,0,333032,111052,1
0,0,0,0,333033,111053,0
1,1,0,0,333034,111053,1
0,0,0,0,333035,111054,0
1,1,0,0,333036,111054,1
0,0,0,0,333037,111055,0
1,1,0,0,333038,111055,1
0,0,0,0,333039,111056,0
1,1,0,0,333040,111056,1
0,0,0,0,333041,111057,0
1,1,0,0,333042,111057,1
0,0,0,0,333043,111058,0
1,1,0,0,333044,111058,1
0,0,0,0,333045,111059,0
1,1,0,0,333046,111059,1
0,0,0,0,333047,111060,0
1,1,0,0,333048,111060,1
0,0,0,0,333049,111061,0
1,1,0,0,333050,111061,1
0,0,0,0,333051,111062,0
1,1,0,0,333052,111062,1
0,0,0,0,333053,111063,0
1,1,0,0,333054,111063,1
0,0,0,0,333055,111064,0
1,1,0,0,333056,111064,1
0,0,0,0,333057,111065,0
1,1,0,0,333058,111065,1
0,0,0,0,333059,111066,0
1,1,0,0,333060,111066,1
0,0,0,0,333061,111067,0
1,1,0,0,333062,111067,1
0,0,0,0,333063,111068,0
1,1,0,0,333064,111068,1
0,0,0,0,333065,111069,0
1,1,0,0,333066,111069,1
0,0,0,0,333067,111070,0
1,1,0,0,333068,111070,1
0,0,0,0,333069,111071,0
1,1,0,0,333070,111071,1
0,0,0,0,333071,111072,0
1,1,0,0,333072,111072,1
0,0,0,0,333073,111073,0
1,1,0,0,333074,111073,1
0,0,0,0,333075,111074,0
1,1,0,0,333076,111074,1
0,0,0,0,333077,111075,0
1,1,0,0,333078,111075,1
0,0,0,0,333079,111076,0
1,1,0,0,333080,111076,1
0,0,0,0,333081,111077,0
1,1,0,0,333082,111077,1
0,0,0,0,333083,111078,0
1,1,0,0,333084,111078,1
0,0,0,0,333085,111079,0
1,1,0,0,333086,111079,1
0,0,0,0,333087,111080,0
1,1,0,0,333088,111080,1
10,5,0,0,333097,111038,2
60,55,0,0,333098,111038,3
0,0,0,0,333099,111082,0
10,0,0,0,333100,111082,1
60,50,0,0,333101,111082,2
0,0,0,0,334320,111629,0
1,1,0,0,334321,111629,1
0,0,0,0,334322,111630,0
1,1,0,0,334323,111630,1
0,0,0,0,334324,111631,0
1,1,0,0,334325,111631,1
0,0,0,0,334326,111632,0
1,1,0,0,334327,111632,1
0,0,0,0,334328,111633,0
1,1,0,0,334329,111633,1
0,0,0,0,334330,111634,0
1,1,0,0,334331,111634,1
0,0,0,0,334332,111635,0
1,1,0,0,334333,111635,1
0,0,0,0,334334,111636,0
1,1,0,0,334335,111636,1
0,0,0,0,334336,111637,0
1,1,0,0,334337,111637,1
0,0,0,0,334338,111638,0
1,1,0,0,334339,111638,1
0,0,0,0,334340,111639,0
1,1,0,0,334341,111639,1
0,0,0,0,334342,111640,0
1,1,0,0,334343,111640,1
0,0,0,0,334344,111641,0
1,1,0,0,334345,111641,1
0,0,0,0,334346,111642,0
1,1,0,0,334347,111642,1
0,0,0,0,334348,111643,0
1,1,0,0,334349,111643,1
0,0,0,0,334350,111644,0
1,1,0,0,334351,111644,1
0,0,0,0,334352,111645,0
1,1,0,0,334353,111645,1
0,0,0,0,334354,111646,0
1,1,0,0,334355,111646,1
0,0,0,0,334356,111647,0
1,1,0,0,334357,111647,1
0,0,0,0,334358,111648,0
1,1,0,0,334359,111648,1
0,0,0,0,334360,111649,0
1,1,0,0,334361,111649,1
0,0,0,0,334362,111650,0
1,1,0,0,334363,111650,1
0,0,0,0,334364,111651,0
1,1,0,0,334365,111651,1
0,0,0,0,334366,111652,0
1,1,0,0,334367,111652,1
0,0,0,0,334368,111653,0
1,1,0,0,334369,111653,1
0,0,0,0,334370,111654,0
1,1,0,0,334371,111654,1
0,0,0,0,334372,111655,0
1,1,0,0,334373,111655,1
0,0,0,0,334374,111656,0
1,1,0,0,334375,111656,1
0,0,0,0,334376,111657,0
1,1,0,0,334377,111657,1
0,0,0,0,334378,111658,0
1,1,0,0,334379,111658,1
0,0,0,0,334380,111659,0
1,1,0,0,334381,111659,1
0,0,0,0,334382,111660,0
1,1,0,0,334383,111660,1
0,0,0,0,334384,111661,0
1,1,0,0,334385,111661,1
0,0,0,0,334386,111662,0
1,1,0,0,334387,111662,1
0,0,0,0,334388,111663,0
1,1,0,0,334389,111663,1
0,0,0,0,334390,111664,0
1,1,0,0,334391,111664,1
0,0,0,0,334392,111665,0
1,1,0,0,334393,111665,1
0,0,0,0,334394,111666,0
1,1,0,0,334395,111666,1
0,0,0,0,334396,111667,0
1,1,0,0,334397,111667,1
0,0,0,0,334398,111668,0
1,1,0,0,334399,111668,1
0,0,0,0,334400,111669,0
1,1,0,0,334401,111669,1
0,0,0,0,334402,111670,0
1,1,0,0,334403,111670,1
1,2,0,0,334404,111671,0
2,4,0,0,334405,111671,1
3,6,0,0,334406,111671,2
4,8,0,0,334407,111671,3
5,10,0,0,334408,111671,4
1,2,0,0,334409,111672,0
2,4,0,0,334410,111672,1
3,6,0,0,334411,111672,2
4,8,0,0,334412,111672,3
5,10,0,0,334413,111672,4
1,-15,0,0,334414,111673,0
2,-30,0,0,334415,111673,1
0,-11.046021,0,0,334426,111675,0
0.21537039,0,0,0,334427,111675,1
1.4322131,0,0,0,334428,111675,2
3.4997687,-80,0,0,334429,111675,3
4.6520004,-80,0,0,334430,111675,4
0,0,0,0,334496,111694,0
0.29818183,0.053475916,0,0,334497,111694,1
0.7309091,0.973262,0,0,334498,111694,2
1,1,0,0,334499,111694,3
1,25,0,0,334502,111697,0
2,50,0,0,334503,111697,1
1,5,0,0,334504,111698,0
2,10,0,0,334505,111698,1
1,5,0,0,334509,111699,0
2,10,0,0,334510,111699,1
1,20,0,0,334737,111755,0
2,40,0,0,334738,111755,1
3,60,0,0,334739,111755,2
4,80,0,0,334740,111755,3
5,100,0,0,334741,111755,4
0,0,0,0,334785,111781,0
0.33333334,0.33333334,0,0,334786,111781,1
0.6666666,0.6666666,0,0,334787,111781,2
1,1,0,0,334788,111781,3
0,0,0,0,334789,111782,0
1,1,0,0,334790,111782,1
0,0,0,0,334791,111783,0
1,1,0,0,334792,111783,1
0,0,0,0,334793,111784,0
0.33333334,0.33333334,0,0,334794,111784,1
0.6666666,0.6666666,0,0,334795,111784,2
1,1,0,0,334796,111784,3
0,0,0,0,334797,111785,0
1,1,0,0,334798,111785,1
0,0,0,0,334799,111786,0
1,1,0,0,334800,111786,1
0,0,0,0,334801,111787,0
0.33333334,0.33333334,0,0,334802,111787,1
0.6666666,0.6666666,0,0,334803,111787,2
1,1,0,0,334804,111787,3
0,0,0,0,334805,111788,0
1,1,0,0,334806,111788,1
0,0,0,0,334807,111789,0
1,1,0,0,334808,111789,1
0,0,0,0,334809,111790,0
0.33333334,0.33333334,0,0,334810,111790,1
0.6666666,0.6666666,0,0,334811,111790,2
1,1,0,0,334812,111790,3
0,0,0,0,334813,111791,0
1,1,0,0,334814,111791,1
0,0,0,0,334815,111792,0
1,1,0,0,334816,111792,1
0,0,0,0,334817,111793,0
0.33333334,0.33333334,0,0,334818,111793,1
0.6666666,0.6666666,0,0,334819,111793,2
1,1,0,0,334820,111793,3
0,0,0,0,334821,111794,0
1,1,0,0,334822,111794,1
0,0,0,0,334823,111795,0
1,1,0,0,334824,111795,1
0,0,0,0,334825,111796,0
0.33333334,0.33333334,0,0,334826,111796,1
0.6666666,0.6666666,0,0,334827,111796,2
1,1,0,0,334828,111796,3
0,0,0,0,334829,111797,0
1,1,0,0,334830,111797,1
0,0,0,0,334831,111798,0
1,1,0,0,334832,111798,1
0,0,0,0,334833,111799,0
0.33333334,0.33333334,0,0,334834,111799,1
0.6666666,0.6666666,0,0,334835,111799,2
1,1,0,0,334836,111799,3
0,0,0,0,334837,111800,0
1,1,0,0,334838,111800,1
0,0,0,0,334839,111801,0
1,1,0,0,334840,111801,1
0,0,0,0,334841,111802,0
1,1,0,0,334842,111802,1
0,0,0,0,334843,111803,0
1,1,0,0,334844,111803,1
0,0,0,0,334845,111804,0
1,1,0,0,334846,111804,1
0,0,0,0,334847,111805,0
0.33333334,0.33333334,0,0,334848,111805,1
0.6666666,0.6666666,0,0,334849,111805,2
1,1,0,0,334850,111805,3
0,0,0,0,334851,111806,0
1,1,0,0,334852,111806,1
0,0,0,0,334853,111807,0
1,1,0,0,334854,111807,1
0,0,0,0,334855,111808,0
0.33333334,0.33333334,0,0,334856,111808,1
0.6666666,0.6666666,0,0,334857,111808,2
1,1,0,0,334858,111808,3
0,0,0,0,334859,111809,0
1,1,0,0,334860,111809,1
0,0,0,0,334861,111810,0
1,1,0,0,334862,111810,1
0,0,0,0,334863,111811,0
0.33333334,0.33333334,0,0,334864,111811,1
0.6666666,0.6666666,0,0,334865,111811,2
1,1,0,0,334866,111811,3
0,0,0,0,334867,111812,0
1,1,0,0,334868,111812,1
0,0,0,0,334869,111813,0
1,1,0,0,334870,111813,1
0,0,0,0,334871,111814,0
0.33333334,0.33333334,0,0,334872,111814,1
0.6666666,0.6666666,0,0,334873,111814,2
1,1,0,0,334874,111814,3
0,0,0,0,334875,111815,0
1,1,0,0,334876,111815,1
0,0,0,0,334877,111816,0
1,1,0,0,334878,111816,1
0,0,0,0,334879,111817,0
0.33333334,0.33333334,0,0,334880,111817,1
0.6666666,0.6666666,0,0,334881,111817,2
1,1,0,0,334882,111817,3
0,0,0,0,334883,111818,0
1,1,0,0,334884,111818,1
0,0,0,0,334885,111819,0
1,1,0,0,334886,111819,1
0,0,0,0,334887,111820,0
0.33333334,0.33333334,0,0,334888,111820,1
0.6666666,0.6666666,0,0,334889,111820,2
1,1,0,0,334890,111820,3
0,0,0,0,334891,111821,0
1,1,0,0,334892,111821,1
0,0,0,0,334893,111822,0
1,1,0,0,334894,111822,1
0,0,0,0,334895,111823,0
1,1,0,0,334896,111823,1
0,0,0,0,334897,111824,0
1,1,0,0,334898,111824,1
0,0,0,0,334899,111825,0
1,1,0,0,334900,111825,1
0,0,0,0,334901,111826,0
1,1,0,0,334902,111826,1
0,0,0,0,334903,111827,0
1,1,0,0,334904,111827,1
0,0,0,0,334905,111828,0
1,1,0,0,334906,111828,1
0,0,0,0,334907,111829,0
1,1,0,0,334908,111829,1
0,0,0,0,334909,111830,0
1,1,0,0,334910,111830,1
0,0,0,0,334911,111831,0
1,1,0,0,334912,111831,1
0,0,0,0,334913,111832,0
1,1,0,0,334914,111832,1
0,0,0,0,334915,111833,0
1,1,0,0,334916,111833,1
0,0,0,0,334917,111834,0
1,1,0,0,334918,111834,1
0,0,0,0,334919,111835,0
1,1,0,0,334920,111835,1
0,0,0,0,334921,111836,0
1,1,0,0,334922,111836,1
0,0,0,0,334923,111837,0
1,1,0,0,334924,111837,1
0,0,0,0,334925,111838,0
1,1,0,0,334926,111838,1
0,0,0,0,334927,111839,0
1,1,0,0,334928,111839,1
0,0,0,0,334929,111840,0
1,1,0,0,334930,111840,1
0,0,0,0,334931,111841,0
1,1,0,0,334932,111841,1
0,0,0,0,334933,111842,0
1,1,0,0,334934,111842,1
0,0,0,0,334935,111843,0
1,1,0,0,334936,111843,1
0,0,0,0,334937,111844,0
1,1,0,0,334938,111844,1
0,0,0,0,334939,111845,0
1,1,0,0,334940,111845,1
0,0,0,0,334941,111846,0
1,1,0,0,334942,111846,1
0,0,0,0,334943,111847,0
1,1,0,0,334944,111847,1
0,0,0,0,334945,111848,0
1,1,0,0,334946,111848,1
0,0,0,0,334947,111849,0
1,1,0,0,334948,111849,1
0,0,0,0,334949,111850,0
1,1,0,0,334950,111850,1
0,0,0,0,334951,111851,0
1,1,0,0,334952,111851,1
0,0,0,0,334953,111852,0
1,1,0,0,334954,111852,1
0,0,0,0,334955,111853,0
1,1,0,0,334956,111853,1
0,0,0,0,334957,111854,0
1,1,0,0,334958,111854,1
0,0,0,0,334959,111855,0
1,1,0,0,334960,111855,1
0,0,0,0,334961,111856,0
1,1,0,0,334962,111856,1
0,0,0,0,334963,111857,0
1,1,0,0,334964,111857,1
0,0,0,0,334965,111858,0
1,1,0,0,334966,111858,1
0,0,0,0,334967,111859,0
1,1,0,0,334968,111859,1
0,0,0,0,334969,111860,0
1,1,0,0,334970,111860,1
0,0,0,0,334971,111861,0
1,1,0,0,334972,111861,1
0,0,0,0,334973,111862,0
1,1,0,0,334974,111862,1
0,0,0,0,334975,111863,0
1,1,0,0,334976,111863,1
0,0,0,0,334977,111864,0
1,1,0,0,334978,111864,1
0,0,0,0,334979,111865,0
1,1,0,0,334980,111865,1
0,0,0,0,334981,111866,0
1,1,0,0,334982,111866,1
0,0,0,0,334983,111867,0
1,1,0,0,334984,111867,1
0,0,0,0,334985,111868,0
1,1,0,0,334986,111868,1
0,0,0,0,334987,111869,0
1,1,0,0,334988,111869,1
0,0,0,0,334989,111870,0
1,1,0,0,334990,111870,1
0,0,0,0,334997,111876,0
0.33333334,0.33333334,0,0,334998,111876,1
0.6666666,0.6666666,0,0,334999,111876,2
1,1,0,0,335000,111876,3
0,0,0,0,335001,111877,0
1,1,0,0,335002,111877,1
0,0,0,0,335003,111878,0
1,1,0,0,335004,111878,1
0,0,0,0,335005,111879,0
0.33333334,0.33333334,0,0,335006,111879,1
0.6666666,0.6666666,0,0,335007,111879,2
1,1,0,0,335008,111879,3
0,0,0,0,335009,111880,0
1,1,0,0,335010,111880,1
0,0,0,0,335011,111881,0
1,1,0,0,335012,111881,1
0,0,0,0,335013,111882,0
0.33333334,0.33333334,0,0,335014,111882,1
0.6666666,0.6666666,0,0,335015,111882,2
1,1,0,0,335016,111882,3
0,0,0,0,335017,111883,0
1,1,0,0,335018,111883,1
0,0,0,0,335019,111884,0
1,1,0,0,335020,111884,1
0,0,0,0,335021,111885,0
0.33333334,0.33333334,0,0,335022,111885,1
0.6666666,0.6666666,0,0,335023,111885,2
1,1,0,0,335024,111885,3
0,0,0,0,335025,111886,0
1,1,0,0,335026,111886,1
0,0,0,0,335027,111887,0
1,1,0,0,335028,111887,1
0,0,0,0,335029,111888,0
0.33333334,0.33333334,0,0,335030,111888,1
0.6666666,0.6666666,0,0,335031,111888,2
1,1,0,0,335032,111888,3
0,0,0,0,335033,111889,0
1,1,0,0,335034,111889,1
0,0,0,0,335035,111890,0
1,1,0,0,335036,111890,1
0,0,0,0,335037,111891,0
0.33333334,0.33333334,0,0,335038,111891,1
0.6666666,0.6666666,0,0,335039,111891,2
1,1,0,0,335040,111891,3
0,0,0,0,335041,111892,0
1,1,0,0,335042,111892,1
0,0,0,0,335043,111893,0
1,1,0,0,335044,111893,1
0,0,0,0,335045,111894,0
0.33333334,0.33333334,0,0,335046,111894,1
0.6666666,0.6666666,0,0,335047,111894,2
1,1,0,0,335048,111894,3
0,0,0,0,335049,111895,0
1,1,0,0,335050,111895,1
0,0,0,0,335051,111896,0
1,1,0,0,335052,111896,1
0,0,0,0,335053,111897,0
0.33333334,0.33333334,0,0,335054,111897,1
0.6666666,0.6666666,0,0,335055,111897,2
1,1,0,0,335056,111897,3
0,0,0,0,335057,111898,0
1,1,0,0,335058,111898,1
0,0,0,0,335059,111899,0
1,1,0,0,335060,111899,1
0,0,0,0,335061,111900,0
0.33333334,0.33333334,0,0,335062,111900,1
0.6666666,0.6666666,0,0,335063,111900,2
1,1,0,0,335064,111900,3
0,0,0,0,335065,111901,0
1,1,0,0,335066,111901,1
0,0,0,0,335067,111902,0
1,1,0,0,335068,111902,1
0,0,0,0,335069,111903,0
0.33333334,0.33333334,0,0,335070,111903,1
0.6666666,0.6666666,0,0,335071,111903,2
1,1,0,0,335072,111903,3
0,0,0,0,335073,111904,0
1,1,0,0,335074,111904,1
0,0,0,0,335075,111905,0
1,1,0,0,335076,111905,1
0,0,0,0,335077,111906,0
0.33333334,0.33333334,0,0,335078,111906,1
0.6666666,0.6666666,0,0,335079,111906,2
1,1,0,0,335080,111906,3
0,0,0,0,335081,111907,0
1,1,0,0,335082,111907,1
0,0,0,0,335083,111908,0
1,1,0,0,335084,111908,1
0,0,0,0,335085,111909,0
0.33333334,0.33333334,0,0,335086,111909,1
0.6666666,0.6666666,0,0,335087,111909,2
1,1,0,0,335088,111909,3
0,0,0,0,335089,111910,0
1,1,0,0,335090,111910,1
0,0,0,0,335091,111911,0
1,1,0,0,335092,111911,1
0,0,0,0,335163,111945,0
1,1,0,0,335164,111945,1
0,0,0,0,335165,111946,0
1,1,0,0,335166,111946,1
0,0,0,0,335167,111947,0
1,1,0,0,335168,111947,1
0,0,0,0,335169,111948,0
1,1,0,0,335170,111948,1
0,0,0,0,335171,111949,0
1,1,0,0,335172,111949,1
0,0,0,0,335173,111950,0
1,1,0,0,335174,111950,1
0,0,0,0,335175,111951,0
1,1,0,0,335176,111951,1
0,0,0,0,335177,111952,0
1,1,0,0,335178,111952,1
0,0,0,0,335179,111953,0
1,1,0,0,335180,111953,1
0,0,0,0,335181,111954,0
1,1,0,0,335182,111954,1
0,0,0,0,335183,111955,0
1,1,0,0,335184,111955,1
0,0,0,0,335185,111956,0
1,1,0,0,335186,111956,1
0,0,0,0,335187,111957,0
1,1,0,0,335188,111957,1
0,0,0,0,335189,111958,0
1,1,0,0,335190,111958,1
0,0,0,0,335191,111959,0
1,1,0,0,335192,111959,1
0,0,0,0,335193,111960,0
1,1,0,0,335194,111960,1
0,0,0,0,335195,111961,0
1,1,0,0,335196,111961,1
0,0,0,0,335197,111962,0
1,1,0,0,335198,111962,1
0,0,0,0,335199,111963,0
1,1,0,0,335200,111963,1
0,0,0,0,335201,111964,0
1,1,0,0,335202,111964,1
0,0,0,0,335203,111965,0
1,1,0,0,335204,111965,1
0,0,0,0,335205,111966,0
1,1,0,0,335206,111966,1
0,0,0,0,335207,111967,0
1,1,0,0,335208,111967,1
0,0,0,0,335209,111968,0
1,1,0,0,335210,111968,1
0,0,0,0,335211,111969,0
1,1,0,0,335212,111969,1
0,0,0,0,335213,111970,0
1,1,0,0,335214,111970,1
0,0,0,0,335215,111971,0
1,1,0,0,335216,111971,1
0,0,0,0,335217,111972,0
1,1,0,0,335218,111972,1
0,0,0,0,335219,111973,0
1,1,0,0,335220,111973,1
0,0,0,0,335221,111974,0
1,1,0,0,335222,111974,1
0,0,0,0,335223,111975,0
1,1,0,0,335224,111975,1
0,0,0,0,335225,111976,0
1,1,0,0,335226,111976,1
0,0,0,0,335227,111977,0
1,1,0,0,335228,111977,1
0,0,0,0,335229,111978,0
1,1,0,0,335230,111978,1
0,0,0,0,335231,111979,0
1,1,0,0,335232,111979,1
0,0,0,0,335233,111980,0
1,1,0,0,335234,111980,1
0,-80,0,0,335251,111985,0
0.35272726,-80,0.5,-6,335252,111985,1
0.4690909,-80,0.75,-12,335253,111985,2
0.5709091,-80,0.875,-18,335254,111985,3
0.72727275,-80,0.9375,-24,335255,111985,4
0.87636364,-80,0.96875,-30,335256,111985,5
1,-80,1,-80,335257,111985,6
1,50,0,0,335263,111989,0
2,100,0,0,335264,111989,1
1,1,0,0,335265,111990,0
2,2,0,0,335266,111990,1
3,3,0,0,335267,111990,2
0,0,0,0,335268,111991,0
1,1,0,0,335269,111991,1
0,0,0,0,335270,111992,0
1,1,0,0,335271,111992,1
0,0,0,0,335272,111993,0
1,1,0,0,335273,111993,1
0,0,0,0,335274,111994,0
1,1,0,0,335275,111994,1
0,0,0,0,335276,111995,0
1,1,0,0,335277,111995,1
0,0,0,0,335278,111996,0
1,1,0,0,335279,111996,1
0,0,0,0,335280,111997,0
1,1,0,0,335281,111997,1
0,0,0,0,335282,111998,0
1,1,0,0,335283,111998,1
0,0,0,0,335284,111999,0
1,1,0,0,335285,111999,1
0,0,0,0,335286,112000,0
1,1,0,0,335287,112000,1
0,0,0,0,335288,112001,0
1,1,0,0,335289,112001,1
0,0,0,0,335290,112002,0
1,1,0,0,335291,112002,1
0,0,0,0,335292,112003,0
1,1,0,0,335293,112003,1
0,0,0,0,335294,112004,0
1,1,0,0,335295,112004,1
0,0,0,0,335296,112005,0
1,1,0,0,335297,112005,1
0,0,0,0,335298,112006,0
1,1,0,0,335299,112006,1
0,0,0,0,335300,112007,0
1,1,0,0,335301,112007,1
0,0,0,0,335302,112008,0
1,1,0,0,335303,112008,1
0,0,0,0,335304,112009,0
1,1,0,0,335305,112009,1
0,0,0,0,335306,112010,0
1,1,0,0,335307,112010,1
0,0,0,0,335308,112011,0
1,1,0,0,335309,112011,1
0,0,0,0,335310,112012,0
1,1,0,0,335311,112012,1
0,0,0,0,335312,112013,0
1,1,0,0,335313,112013,1
0,0,0,0,335314,112014,0
1,1,0,0,335315,112014,1
0,0,0,0,335316,112015,0
1,1,0,0,335317,112015,1
0,0,0,0,335318,112016,0
1,1,0,0,335319,112016,1
0,0,0,0,335320,112017,0
1,1,0,0,335321,112017,1
0,0,0,0,335322,112018,0
1,1,0,0,335323,112018,1
0,0,0,0,335324,112019,0
1,1,0,0,335325,112019,1
0,0,0,0,335326,112020,0
1,1,0,0,335327,112020,1
0,0,0,0,335328,112021,0
1,1,0,0,335329,112021,1
0,0,0,0,335330,112022,0
1,1,0,0,335331,112022,1
0,0,0,0,335332,112023,0
1,1,0,0,335333,112023,1
0,0,0,0,335334,112024,0
1,1,0,0,335335,112024,1
0,0,0,0,335336,112025,0
1,1,0,0,335337,112025,1
0,0,0,0,335338,112026,0
1,1,0,0,335339,112026,1
0,0,0,0,335412,112054,0
1,-15,0,0,335413,112054,1
0,0,0,0,335568,112130,0
1,1,0,0,335569,112130,1
0,0,0,0,335570,112131,0
1,1,0,0,335571,112131,1
0,0,0,0,335572,112132,0
1,1,0,0,335573,112132,1
0,0,0,0,335574,112133,0
1,1,0,0,335575,112133,1
0,0,0,0,335576,112134,0
1,1,0,0,335577,112134,1
0,0,0,0,335578,112135,0
1,1,0,0,335579,112135,1
0,0,0,0,335580,112136,0
1,1,0,0,335581,112136,1
0,0,0,0,335582,112137,0
1,1,0,0,335583,112137,1
0,0,0,0,335584,112138,0
1,1,0,0,335585,112138,1
0,0,0,0,335586,112139,0
1,1,0,0,335587,112139,1
0,0,0,0,335588,112140,0
1,1,0,0,335589,112140,1
0,0,0,0,335590,112141,0
1,1,0,0,335591,112141,1
0,0,0,0,335592,112142,0
1,1,0,0,335593,112142,1
0,0,0,0,335594,112143,0
1,1,0,0,335595,112143,1
0,0,0,0,335596,112144,0
1,1,0,0,335597,112144,1
0,0,0,0,335598,112145,0
1,1,0,0,335599,112145,1
0,0,0,0,335600,112146,0
1,1,0,0,335601,112146,1
0,0,0,0,335602,112147,0
1,1,0,0,335603,112147,1
0,0,0,0,335604,112148,0
1,1,0,0,335605,112148,1
0,0,0,0,335606,112149,0
1,1,0,0,335607,112149,1
0,0,0,0,335608,112150,0
1,1,0,0,335609,112150,1
0,0,0,0,335610,112151,0
1,1,0,0,335611,112151,1
0,0,0,0,335612,112152,0
1,1,0,0,335613,112152,1
0,0,0,0,335614,112153,0
1,1,0,0,335615,112153,1
0,0,0,0,335616,112154,0
1,1,0,0,335617,112154,1
0,0,0,0,335618,112155,0
1,1,0,0,335619,112155,1
0,0,0,0,335620,112156,0
1,1,0,0,335621,112156,1
0,0,0,0,335622,112157,0
1,1,0,0,335623,112157,1
0,0,0,0,335624,112158,0
1,1,0,0,335625,112158,1
0,0,0,0,335626,112159,0
1,1,0,0,335627,112159,1
0,0,0,0,335628,112160,0
1,1,0,0,335629,112160,1
0,0,0,0,335630,112161,0
1,1,0,0,335631,112161,1
0,0,0,0,335632,112162,0
1,1,0,0,335633,112162,1
0,0,0,0,335634,112163,0
1,1,0,0,335635,112163,1
0,0,0,0,335636,112164,0
1,1,0,0,335637,112164,1
0,0,0,0,335638,112165,0
1,1,0,0,335639,112165,1
0,0,0,0,335640,112166,0
1,1,0,0,335641,112166,1
0,0,0,0,335642,112167,0
1,1,0,0,335643,112167,1
0,0,0,0,335644,112168,0
1,1,0,0,335645,112168,1
0,0,0,0,335646,112169,0
1,1,0,0,335647,112169,1
0,0,0,0,335648,112170,0
1,1,0,0,335649,112170,1
0,0,0,0,335650,112171,0
1,1,0,0,335651,112171,1
0,0,0,0,335652,112172,0
1,1,0,0,335653,112172,1
0,0,0,0,335654,112173,0
1,1,0,0,335655,112173,1
0,0,0,0,335656,112174,0
1,1,0,0,335657,112174,1
0,0,0,0,335658,112175,0
1,1,0,0,335659,112175,1
0,0,0,0,335660,112176,0
1,1,0,0,335661,112176,1
0,0,0,0,335662,112177,0
1,1,0,0,335663,112177,1
0,0,0,0,335664,112178,0
1,1,0,0,335665,112178,1
0,0,0,0,335666,112179,0
1,1,0,0,335667,112179,1
0,0,0,0,335668,112180,0
1,1,0,0,335669,112180,1
0,0,0,0,335670,112181,0
1,1,0,0,335671,112181,1
0,0,0,0,335672,112182,0
1,1,0,0,335673,112182,1
0,0,0,0,335674,112183,0
1,1,0,0,335675,112183,1
0,0,0,0,335676,112184,0
1,1,0,0,335677,112184,1
0,0,0,0,335678,112185,0
1,1,0,0,335679,112185,1
0,0,0,0,335680,112186,0
1,1,0,0,335681,112186,1
0,0,0,0,335682,112187,0
1,1,0,0,335683,112187,1
0,0,0,0,335684,112188,0
1,1,0,0,335685,112188,1
0,0,0,0,335686,112189,0
1,1,0,0,335687,112189,1
0,0,0,0,335688,112190,0
1,1,0,0,335689,112190,1
0,0,0,0,335690,112191,0
1,1,0,0,335691,112191,1
0,0,0,0,335692,112192,0
1,1,0,0,335693,112192,1
0,0,0,0,335694,112193,0
1,1,0,0,335695,112193,1
0,0,0,0,335696,112194,0
1,1,0,0,335697,112194,1
0,0,0,0,335698,112195,0
1,1,0,0,335699,112195,1
0,0,0,0,335700,112196,0
1,1,0,0,335701,112196,1
0,0,0,0,335702,112197,0
1,1,0,0,335703,112197,1
0,0,0,0,335704,112198,0
1,1,0,0,335705,112198,1
0,0,0,0,335706,112199,0
1,1,0,0,335707,112199,1
0,0,0,0,335708,112200,0
1,1,0,0,335709,112200,1
0,0,0,0,335710,112201,0
1,1,0,0,335711,112201,1
0,0,0,0,335712,112202,0
1,1,0,0,335713,112202,1
0,0,0,0,335714,112203,0
1,1,0,0,335715,112203,1
0,0,0,0,335716,112204,0
1,1,0,0,335717,112204,1
0,0,0,0,335718,112205,0
1,1,0,0,335719,112205,1
0,0,0,0,335720,112206,0
1,1,0,0,335721,112206,1
0,0,0,0,335722,112207,0
1,1,0,0,335723,112207,1
0,0,0,0,335724,112208,0
1,1,0,0,335725,112208,1
0,0,0,0,335726,112209,0
1,1,0,0,335727,112209,1
0,0,0,0,335728,112210,0
1,1,0,0,335729,112210,1
0,0,0,0,335730,112211,0
1,1,0,0,335731,112211,1
0,0,0,0,335732,112212,0
1,1,0,0,335733,112212,1
0,0,0,0,335734,112213,0
1,1,0,0,335735,112213,1
0,0,0,0,335736,112214,0
1,1,0,0,335737,112214,1
0,0,0,0,335738,112215,0
1,1,0,0,335739,112215,1
0,0,0,0,335740,112216,0
1,1,0,0,335741,112216,1
0,0,0,0,335742,112217,0
1,1,0,0,335743,112217,1
0,0,0,0,335744,112218,0
1,1,0,0,335745,112218,1
0,0,0,0,335746,112219,0
1,1,0,0,335747,112219,1
0,0,0,0,335748,112220,0
1,1,0,0,335749,112220,1
0,0,0,0,335750,112221,0
1,1,0,0,335751,112221,1
0,0,0,0,335752,112222,0
1,1,0,0,335753,112222,1
0,0,0,0,335754,112223,0
1,1,0,0,335755,112223,1
0,0,0,0,335756,112224,0
1,1,0,0,335757,112224,1
0,0,0,0,335758,112225,0
1,1,0,0,335759,112225,1
0,0,0,0,335760,112226,0
1,1,0,0,335761,112226,1
0,0,0,0,335762,112227,0
1,1,0,0,335763,112227,1
0,0,0,0,335764,112228,0
1,1,0,0,335765,112228,1
0,0,0,0,335766,112229,0
1,1,0,0,335767,112229,1
0,0,0,0,335768,112230,0
1,1,0,0,335769,112230,1
0,0,0,0,335770,112231,0
1,1,0,0,335771,112231,1
0,0,0,0,335772,112232,0
1,1,0,0,335773,112232,1
0,0,0,0,335774,112233,0
1,1,0,0,335775,112233,1
0,0,0,0,335776,112234,0
1,1,0,0,335777,112234,1
0,0,0,0,335778,112235,0
1,1,0,0,335779,112235,1
0,0,0,0,335780,112236,0
1,1,0,0,335781,112236,1
0,0,0,0,335782,112237,0
1,1,0,0,335783,112237,1
0,0,0,0,335784,112238,0
1,1,0,0,335785,112238,1
0,0,0,0,335786,112239,0
1,1,0,0,335787,112239,1
0,0,0,0,335788,112240,0
1,1,0,0,335789,112240,1
0,0,0,0,335790,112241,0
1,1,0,0,335791,112241,1
0,0,0,0,335792,112242,0
1,1,0,0,335793,112242,1
0,0,0,0,335794,112243,0
1,1,0,0,335795,112243,1
0,0,0,0,335796,112244,0
1,1,0,0,335797,112244,1
0,0,0,0,335798,112245,0
1,1,0,0,335799,112245,1
0,0,0,0,335800,112246,0
1,1,0,0,335801,112246,1
0,0,0,0,335802,112247,0
1,1,0,0,335803,112247,1
0,0,0,0,335804,112248,0
1,1,0,0,335805,112248,1
0,0,0,0,335806,112249,0
1,1,0,0,335807,112249,1
0,0,0,0,335808,112250,0
1,1,0,0,335809,112250,1
0,0,0,0,335810,112251,0
1,1,0,0,335811,112251,1
0,0,0,0,335812,112252,0
1,1,0,0,335813,112252,1
0,0,0,0,335814,112253,0
1,1,0,0,335815,112253,1
0,0,0,0,335816,112254,0
1,1,0,0,335817,112254,1
0,0,0,0,335818,112255,0
1,1,0,0,335819,112255,1
0,0,0,0,335820,112256,0
1,1,0,0,335821,112256,1
0,0,0,0,335822,112257,0
1,1,0,0,335823,112257,1
0,0,0,0,335824,112258,0
1,1,0,0,335825,112258,1
0,0,0,0,335826,112259,0
1,1,0,0,335827,112259,1
0,0,0,0,335828,112260,0
1,1,0,0,335829,112260,1
0,0,0,0,335830,112261,0
1,1,0,0,335831,112261,1
0,0,0,0,335832,112262,0
1,1,0,0,335833,112262,1
0,0,0,0,335834,112263,0
1,1,0,0,335835,112263,1
0,0,0,0,335836,112264,0
1,1,0,0,335837,112264,1
0,0,0,0,335838,112265,0
1,1,0,0,335839,112265,1
0,0,0,0,335840,112266,0
1,1,0,0,335841,112266,1
0,0,0,0,335842,112267,0
1,1,0,0,335843,112267,1
0,0,0,0,335844,112268,0
1,1,0,0,335845,112268,1
0,0,0,0,335846,112269,0
1,1,0,0,335847,112269,1
0,0,0,0,335848,112270,0
1,1,0,0,335849,112270,1
0,0,0,0,335850,112271,0
1,1,0,0,335851,112271,1
0,0,0,0,335852,112272,0
1,1,0,0,335853,112272,1
0,0,0,0,335854,112273,0
1,1,0,0,335855,112273,1
0,0,0,0,335856,112274,0
1,1,0,0,335857,112274,1
0,0,0,0,335858,112275,0
1,1,0,0,335859,112275,1
0,0,0,0,335860,112276,0
1,1,0,0,335861,112276,1
0,0,0,0,335862,112277,0
1,1,0,0,335863,112277,1
0,0,0,0,335864,112278,0
1,1,0,0,335865,112278,1
0,0,0,0,335866,112279,0
1,1,0,0,335867,112279,1
0,0,0,0,335868,112280,0
1,1,0,0,335869,112280,1
0,0,0,0,335870,112281,0
1,1,0,0,335871,112281,1
0,0,0,0,335872,112282,0
1,1,0,0,335873,112282,1
0,0,0,0,335874,112283,0
1,1,0,0,335875,112283,1
0,0,0,0,335876,112284,0
1,1,0,0,335877,112284,1
0,0,0,0,335878,112285,0
1,1,0,0,335879,112285,1
0,0,0,0,335880,112286,0
1,1,0,0,335881,112286,1
0,0,0,0,335882,112287,0
1,1,0,0,335883,112287,1
0,0,0,0,335884,112288,0
1,1,0,0,335885,112288,1
0,0,0,0,335886,112289,0
1,1,0,0,335887,112289,1
0,0,0,0,335888,112290,0
1,1,0,0,335889,112290,1
0,0,0,0,335890,112291,0
1,1,0,0,335891,112291,1
0,0,0,0,335892,112292,0
1,1,0,0,335893,112292,1
0,0,0,0,335894,112293,0
1,1,0,0,335895,112293,1
0,0,0,0,335896,112294,0
1,1,0,0,335897,112294,1
0,0,0,0,335898,112295,0
1,1,0,0,335899,112295,1
0,0,0,0,335900,112296,0
1,1,0,0,335901,112296,1
0,0,0,0,335902,112297,0
1,1,0,0,335903,112297,1
0,0,0,0,335904,112298,0
1,1,0,0,335905,112298,1
0,0,0,0,335906,112299,0
1,1,0,0,335907,112299,1
0,0,0,0,335908,112300,0
1,1,0,0,335909,112300,1
0,0,0,0,335910,112301,0
1,1,0,0,335911,112301,1
0,0,0,0,335912,112302,0
1,1,0,0,335913,112302,1
0,0,0,0,335914,112303,0
1,1,0,0,335915,112303,1
0,0,0,0,335916,112304,0
1,1,0,0,335917,112304,1
0,0,0,0,335918,112305,0
1,1,0,0,335919,112305,1
0,0,0,0,335920,112306,0
1,1,0,0,335921,112306,1
0,0,0,0,335922,112307,0
1,1,0,0,335923,112307,1
0,0,0,0,335924,112308,0
1,1,0,0,335925,112308,1
0,0,0,0,335926,112309,0
1,1,0,0,335927,112309,1
0,0,0,0,336105,112368,0
1,1,0,0,336106,112368,1
0,0,0,0,336107,112369,0
1,1,0,0,336108,112369,1
0,0,0,0,336109,112370,0
1,1,0,0,336110,112370,1
0,0,0,0,336111,112371,0
1,1,0,0,336112,112371,1
0,0,0,0,336113,112372,0
1,1,0,0,336114,112372,1
0,0,0,0,336115,112373,0
1,1,0,0,336116,112373,1
0,0,0,0,336117,112374,0
1,1,0,0,336118,112374,1
0,0,0,0,336119,112375,0
1,1,0,0,336120,112375,1
0,0,0,0,336121,112376,0
1,1,0,0,336122,112376,1
0,0,0,0,336123,112377,0
1,1,0,0,336124,112377,1
0,0,0,0,336125,112378,0
1,1,0,0,336126,112378,1
0,0,0,0,336127,112379,0
1,1,0,0,336128,112379,1
0,0,0,0,336129,112380,0
1,1,0,0,336130,112380,1
0,0,0,0,336131,112381,0
1,1,0,0,336132,112381,1
0,0,0,0,336133,112382,0
1,1,0,0,336134,112382,1
0,0,0,0,336135,112383,0
1,1,0,0,336136,112383,1
0,0,0,0,336137,112384,0
1,1,0,0,336138,112384,1
0,0,0,0,336139,112385,0
1,1,0,0,336140,112385,1
0,0,0,0,336141,112386,0
1,1,0,0,336142,112386,1
0,0,0,0,336143,112387,0
1,1,0,0,336144,112387,1
0,0,0,0,336145,112388,0
1,1,0,0,336146,112388,1
0,0,0,0,336147,112389,0
1,1,0,0,336148,112389,1
0,0,0,0,336149,112390,0
1,1,0,0,336150,112390,1
0,0,0,0,336151,112391,0
1,1,0,0,336152,112391,1
0,0,0,0,336153,112392,0
1,1,0,0,336154,112392,1
0,0,0,0,336155,112393,0
1,1,0,0,336156,112393,1
0,0,0,0,336157,112394,0
1,1,0,0,336158,112394,1
0,0,0,0,336159,112395,0
1,1,0,0,336160,112395,1
0,0,0,0,336161,112396,0
1,1,0,0,336162,112396,1
0,0,0,0,336163,112397,0
1,1,0,0,336164,112397,1
0,0,0,0,336165,112398,0
1,1,0,0,336166,112398,1
0,0,0,0,336167,112399,0
1,1,0,0,336168,112399,1
0,0,0,0,336169,112400,0
1,1,0,0,336170,112400,1
0,0,0,0,336171,112401,0
1,1,0,0,336172,112401,1
0,0,0,0,336173,112402,0
1,1,0,0,336174,112402,1
0,0,0,0,336175,112403,0
1,1,0,0,336176,112403,1
0,0,0,0,336177,112404,0
0.33454546,0.17647058,0,0,336178,112404,1
0.8036364,0.65240645,0,0,336179,112404,2
1,1,0,0,336180,112404,3
0,0,0,0,336181,112405,0
1,1,0,0,336182,112405,1
0,0,0,0,336183,112406,0
1,1,0,0,336184,112406,1
3,15,0,0,336293,83289,2
4,20,0,0,336294,83289,3
5,25,0,0,336295,83289,4
3,12,0,0,336296,109366,2
4,16,0,0,336297,109366,3
5,20,0,0,336298,109366,4
0,0,0,0,336299,112446,0
1,1,0,0,336300,112446,1
0,0,0,0,336301,112447,0
1,1,0,0,336302,112447,1
0,0,0,0,336303,112448,0
1,1,0,0,336304,112448,1
0,0,0,0,336305,112449,0
1,1,0,0,336306,112449,1
0,0,0,0,336307,112450,0
1,1,0,0,336308,112450,1
0,0,0,0,336309,112451,0
1,1,0,0,336310,112451,1
0,0,0,0,336311,112452,0
1,1,0,0,336312,112452,1
0,0,0,0,336313,112453,0
1,1,0,0,336314,112453,1
0,0,0,0,336315,112454,0
1,1,0,0,336316,112454,1
0,0,0,0,336317,112455,0
1,1,0,0,336318,112455,1
0,0,0,0,336319,112456,0
1,1,0,0,336320,112456,1
0,0,0,0,336321,112457,0
1,1,0,0,336322,112457,1
0,0,0,0,336323,112458,0
1,1,0,0,336324,112458,1
0,0,0,0,336325,112459,0
1,1,0,0,336326,112459,1
0,0,0,0,336327,112460,0
1,1,0,0,336328,112460,1
0,0,0,0,336329,112461,0
1,1,0,0,336330,112461,1
0,0,0,0,336331,112462,0
1,1,0,0,336332,112462,1
0,0,0,0,336333,112463,0
1,1,0,0,336334,112463,1
0,0,0,0,336335,112464,0
1,1,0,0,336336,112464,1
0,0,0,0,336337,112465,0
1,1,0,0,336338,112465,1
0,0,0,0,336339,112466,0
1,1,0,0,336340,112466,1
0,0,0,0,336341,112467,0
1,1,0,0,336342,112467,1
0,0,0,0,336343,112468,0
1,1,0,0,336344,112468,1
0,0,0,0,336345,112469,0
1,1,0,0,336346,112469,1
0,0,0,0,336347,112470,0
1,1,0,0,336348,112470,1
0,0,0,0,336349,112471,0
1,1,0,0,336350,112471,1
0,0,0,0,336351,112472,0
1,1,0,0,336352,112472,1
0,0,0,0,336353,112473,0
1,1,0,0,336354,112473,1
0,0,0,0,336355,112474,0
1,1,0,0,336356,112474,1
0,0,0,0,336357,112475,0
1,1,0,0,336358,112475,1
0,0,0,0,336359,112476,0
1,1,0,0,336360,112476,1
0,0,0,0,336361,112477,0
1,1,0,0,336362,112477,1
0,0,0,0,336363,112478,0
1,1,0,0,336364,112478,1
0,0,0,0,336365,112479,0
1,1,0,0,336366,112479,1
0,0,0,0,336367,112480,0
1,1,0,0,336368,112480,1
0,0,0,0,336369,112481,0
1,1,0,0,336370,112481,1
0,0,0,0,336371,112482,0
1,1,0,0,336372,112482,1
0,0,0,0,336373,112483,0
1,1,0,0,336374,112483,1
0,0,0,0,336375,112484,0
1,1,0,0,336376,112484,1
0,0,0,0,336377,112485,0
1,1,0,0,336378,112485,1
0,0,0,0,336379,112486,0
1,1,0,0,336380,112486,1
0,0,0,0,336381,112487,0
1,1,0,0,336382,112487,1
1,1,0,0,336383,112488,0
2,2,0,0,336384,112488,1
3,3,0,0,336385,112488,2
4,4,0,0,336386,112488,3
5,5,0,0,336387,112488,4
3,30,0,0,336388,83042,2
4,40,0,0,336389,83042,3
5,50,0,0,336390,83042,4
3,6,0,0,336391,83043,2
4,8,0,0,336392,83043,3
5,10,0,0,336393,83043,4
3,12,0,0,336394,83044,2
4,16,0,0,336395,83044,3
5,20,0,0,336396,83044,4
3,12,0,0,336397,83045,2
4,16,0,0,336398,83045,3
5,20,0,0,336399,83045,4
3,24,0,0,336400,87761,2
4,32,0,0,336401,87761,3
5,40,0,0,336402,87761,4
3,30,0,0,336403,109369,2
4,40,0,0,336404,109369,3
5,50,0,0,336405,109369,4
1,1.3,0,0,336412,112491,0
1.4987406,1.3034482,0,0,336413,112491,1
2,1.3,0,0,336414,112491,2
0,0,0,0,336420,112494,0
1,1,0,0,336421,112494,1
0,0,0,0,336422,112495,0
1,1,0,0,336423,112495,1
0,0,0,0,336424,112496,0
1,1,0,0,336425,112496,1
0,0,0,0,336426,112497,0
1,1,0,0,336427,112497,1
0,0,0,0,336428,112498,0
1,1,0,0,336429,112498,1
0,0,0,0,336430,112499,0
1,1,0,0,336431,112499,1
0,0,0,0,336432,112500,0
1,1,0,0,336433,112500,1
0,0,0,0,336434,112501,0
1,1,0,0,336435,112501,1
0,0,0,0,336436,112502,0
1,1,0,0,336437,112502,1
0,0,0,0,336438,112503,0
1,1,0,0,336439,112503,1
0,0,0,0,336440,112504,0
1,1,0,0,336441,112504,1
0,0,0,0,336442,112505,0
1,1,0,0,336443,112505,1
0,0,0,0,336444,112506,0
1,1,0,0,336445,112506,1
0,0,0,0,336446,112507,0
1,1,0,0,336447,112507,1
0,0,0,0,336448,112508,0
1,1,0,0,336449,112508,1
0,0,0,0,336450,112509,0
1,1,0,0,336451,112509,1
0,0,0,0,336452,112510,0
1,1,0,0,336453,112510,1
0,0,0,0,336454,112511,0
1,1,0,0,336455,112511,1
0,0,0,0,336456,112512,0
1,1,0,0,336457,112512,1
0,0,0,0,336458,112513,0
1,1,0,0,336459,112513,1
0,0,0,0,336460,112514,0
1,1,0,0,336461,112514,1
0,0,0,0,336462,112515,0
1,1,0,0,336463,112515,1
0,0,0,0,336464,112516,0
1,1,0,0,336465,112516,1
0,0,0,0,336466,112517,0
1,1,0,0,336467,112517,1
0,0,0,0,336468,112518,0
1,1,0,0,336469,112518,1
0,0,0,0,336470,112519,0
1,1,0,0,336471,112519,1
0,0,0,0,336472,112520,0
1,1,0,0,336473,112520,1
0,0,0,0,336474,112521,0
1,1,0,0,336475,112521,1
0,0,0,0,336476,112522,0
1,1,0,0,336477,112522,1
0,0,0,0,336478,112523,0
1,1,0,0,336479,112523,1
0,0,0,0,336480,112524,0
1,1,0,0,336481,112524,1
0,0,0,0,336482,112525,0
1,1,0,0,336483,112525,1
0,0,0,0,336484,112526,0
1,1,0,0,336485,112526,1
0,0,0,0,336486,112527,0
1,1,0,0,336487,112527,1
0,0,0,0,336488,112528,0
1,1,0,0,336489,112528,1
0,0,0,0,336490,112529,0
1,1,0,0,336491,112529,1
0,0,0,0,336502,112534,0
1,1,0,0,336503,112534,1
0,0,0,0,336504,112535,0
1,1,0,0,336505,112535,1
0,0,0,0,336506,112536,0
1,1,0,0,336507,112536,1
0,0,0,0,336508,112537,0
1,1,0,0,336509,112537,1
0,0,0,0,336510,112538,0
1,1,0,0,336511,112538,1
0,0,0,0,336512,112539,0
1,1,0,0,336513,112539,1
0,0,0,0,336514,112540,0
1,1,0,0,336515,112540,1
0,0,0,0,336516,112541,0
1,1,0,0,336517,112541,1
0,0,0,0,336518,112542,0
1,1,0,0,336519,112542,1
0,0,0,0,336520,112543,0
1,1,0,0,336521,112543,1
0,0,0,0,336522,112544,0
1,1,0,0,336523,112544,1
0,0,0,0,336524,112545,0
1,1,0,0,336525,112545,1
0,0,0,0,336526,112546,0
1,1,0,0,336527,112546,1
0,0,0,0,336528,112547,0
1,1,0,0,336529,112547,1
0,0,0,0,336530,112548,0
1,1,0,0,336531,112548,1
0,0,0,0,336532,112549,0
1,1,0,0,336533,112549,1
0,0,0,0,336534,112550,0
1,1,0,0,336535,112550,1
0,0,0,0,336536,112551,0
1,1,0,0,336537,112551,1
0,0,0,0,336538,112552,0
1,1,0,0,336539,112552,1
0,0,0,0,336540,112553,0
1,1,0,0,336541,112553,1
0,0,0,0,336542,112554,0
1,1,0,0,336543,112554,1
0,0,0,0,336544,112555,0
1,1,0,0,336545,112555,1
0,0,0,0,336546,112556,0
1,1,0,0,336547,112556,1
0,0,0,0,336548,112557,0
1,1,0,0,336549,112557,1
0,0,0,0,336550,112558,0
1,1,0,0,336551,112558,1
0,0,0,0,336552,112559,0
1,1,0,0,336553,112559,1
0,0,0,0,336554,112560,0
1,1,0,0,336555,112560,1
0,0,0,0,336556,112561,0
1,1,0,0,336557,112561,1
0,0,0,0,336558,112562,0
1,1,0,0,336559,112562,1
0,0,0,0,336560,112563,0
1,1,0,0,336561,112563,1
0,0,0,0,336562,112564,0
1,1,0,0,336563,112564,1
0,0,0,0,336564,112565,0
1,1,0,0,336565,112565,1
0,0,0,0,336566,112566,0
1,1,0,0,336567,112566,1
0,0,0,0,336568,112567,0
1,1,0,0,336569,112567,1
0,0,0,0,336570,112568,0
1,1,0,0,336571,112568,1
0,0,0,0,336572,112569,0
1,1,0,0,336573,112569,1
0,0,0,0,336579,112571,0
1,1,0,0,336580,112571,1
0,0,0,0,336581,112572,0
1,1,0,0,336582,112572,1
0,0,0,0,336583,112573,0
1,1,0,0,336584,112573,1
0,0,0,0,336585,112574,0
1,1,0,0,336586,112574,1
0,0,0,0,336587,112575,0
1,1,0,0,336588,112575,1
0,0,0,0,336589,112576,0
1,1,0,0,336590,112576,1
0,0,0,0,336591,112577,0
1,1,0,0,336592,112577,1
0,0,0,0,336593,112578,0
1,1,0,0,336594,112578,1
0,0,0,0,336595,112579,0
1,1,0,0,336596,112579,1
0,0,0,0,336597,112580,0
1,1,0,0,336598,112580,1
0,0,0,0,336599,112581,0
1,1,0,0,336600,112581,1
0,0,0,0,336601,112582,0
1,1,0,0,336602,112582,1
0,0,0,0,336603,112583,0
1,1,0,0,336604,112583,1
0,0,0,0,336605,112584,0
1,1,0,0,336606,112584,1
0,0,0,0,336607,112585,0
1,1,0,0,336608,112585,1
0,0,0,0,336609,112586,0
1,1,0,0,336610,112586,1
0,0,0,0,336611,112587,0
1,1,0,0,336612,112587,1
0,0,0,0,336613,112588,0
1,1,0,0,336614,112588,1
0,0,0,0,336615,112589,0
1,1,0,0,336616,112589,1
0,0,0,0,336617,112590,0
1,1,0,0,336618,112590,1
0,0,0,0,336619,112591,0
1,1,0,0,336620,112591,1
0,0,0,0,336621,112592,0
1,1,0,0,336622,112592,1
0,0,0,0,336623,112593,0
1,1,0,0,336624,112593,1
0,0,0,0,336625,112594,0
1,1,0,0,336626,112594,1
0,0,0,0,336627,112595,0
1,1,0,0,336628,112595,1
0,0,0,0,336629,112596,0
1,1,0,0,336630,112596,1
0,0,0,0,336631,112597,0
1,1,0,0,336632,112597,1
0,0,0,0,336633,112598,0
1,1,0,0,336634,112598,1
0,0,0,0,336635,112599,0
1,1,0,0,336636,112599,1
0,0,0,0,336637,112600,0
1,1,0,0,336638,112600,1
0,0,0,0,336639,112601,0
1,1,0,0,336640,112601,1
0,0,0,0,336641,112602,0
1,1,0,0,336642,112602,1
0,0,0,0,336643,112603,0
1,1,0,0,336644,112603,1
0,0,0,0,336645,112604,0
1,1,0,0,336646,112604,1
0,0,0,0,336647,112605,0
1,1,0,0,336648,112605,1
0,0,0,0,336649,112606,0
1,1,0,0,336650,112606,1
0,0,0,0,336663,112608,0
1,1,0,0,336664,112608,1
0,0,0,0,336665,112609,0
1,1,0,0,336666,112609,1
0,0,0,0,336667,112610,0
1,1,0,0,336668,112610,1
0,0,0,0,336669,112611,0
1,1,0,0,336670,112611,1
0,0,0,0,336671,112612,0
1,1,0,0,336672,112612,1
0,0,0,0,336673,112613,0
1,1,0,0,336674,112613,1
0,0,0,0,336675,112614,0
1,1,0,0,336676,112614,1
0,0,0,0,336677,112615,0
1,1,0,0,336678,112615,1
0,0,0,0,336679,112616,0
1,1,0,0,336680,112616,1
0,0,0,0,336681,112617,0
1,1,0,0,336682,112617,1
0,0,0,0,336683,112618,0
1,1,0,0,336684,112618,1
0,0,0,0,336685,112619,0
1,1,0,0,336686,112619,1
0,0,0,0,336687,112620,0
1,1,0,0,336688,112620,1
0,0,0,0,336689,112621,0
1,1,0,0,336690,112621,1
0,0,0,0,336691,112622,0
1,1,0,0,336692,112622,1
0,0,0,0,336693,112623,0
1,1,0,0,336694,112623,1
0,0,0,0,336695,112624,0
1,1,0,0,336696,112624,1
0,0,0,0,336697,112625,0
1,1,0,0,336698,112625,1
0,0,0,0,336699,112626,0
1,1,0,0,336700,112626,1
0,0,0,0,336701,112627,0
1,1,0,0,336702,112627,1
0,0,0,0,336703,112628,0
1,1,0,0,336704,112628,1
0,0,0,0,336705,112629,0
1,1,0,0,336706,112629,1
0,0,0,0,336707,112630,0
1,1,0,0,336708,112630,1
0,0,0,0,336709,112631,0
1,1,0,0,336710,112631,1
0,0,0,0,336711,112632,0
1,1,0,0,336712,112632,1
0,0,0,0,336713,112633,0
1,1,0,0,336714,112633,1
0,0,0,0,336715,112634,0
1,1,0,0,336716,112634,1
0,0,0,0,336717,112635,0
1,1,0,0,336718,112635,1
0,0,0,0,336719,112636,0
1,1,0,0,336720,112636,1
0,0,0,0,336721,112637,0
1,1,0,0,336722,112637,1
0,0,0,0,336723,112638,0
1,1,0,0,336724,112638,1
0,0,0,0,336725,112639,0
1,1,0,0,336726,112639,1
0,0,0,0,336727,112640,0
1,1,0,0,336728,112640,1
0,0,0,0,336729,112641,0
1,1,0,0,336730,112641,1
0,0,0,0,336731,112642,0
1,1,0,0,336732,112642,1
0,0,0,0,336733,112643,0
1,1,0,0,336734,112643,1
0,0,0,0,336735,112644,0
1,1,0,0,336736,112644,1
0,0,0,0,336737,112645,0
1,1,0,0,336738,112645,1
0,0,0,0,336739,112646,0
1,1,0,0,336740,112646,1
0,0,0,0,336741,112647,0
1,1,0,0,336742,112647,1
0,0,0,0,336743,112648,0
1,1,0,0,336744,112648,1
0,0,0,0,336745,112649,0
1,1,0,0,336746,112649,1
0,0,0,0,336747,112650,0
1,1,0,0,336748,112650,1
0,0,0,0,336749,112651,0
1,1,0,0,336750,112651,1
0,0,0,0,336751,112652,0
1,1,0,0,336752,112652,1
0,0,0,0,336753,112653,0
1,1,0,0,336754,112653,1
0,0,0,0,336755,112654,0
1,1,0,0,336756,112654,1
0,0,0,0,336757,112655,0
1,1,0,0,336758,112655,1
0,0,0,0,336759,112656,0
1,1,0,0,336760,112656,1
0,0,0,0,336761,112657,0
1,1,0,0,336762,112657,1
0,0,0,0,336763,112658,0
1,1,0,0,336764,112658,1
0,0,0,0,336765,112659,0
1,1,0,0,336766,112659,1
0,0,0,0,336767,112660,0
1,1,0,0,336768,112660,1
0,0,0,0,336769,112661,0
1,1,0,0,336770,112661,1
0,0,0,0,336771,112662,0
1,1,0,0,336772,112662,1
0,0,0,0,336773,112663,0
1,1,0,0,336774,112663,1
0,0,0,0,336775,112664,0
1,1,0,0,336776,112664,1
0,0,0,0,336777,112665,0
1,1,0,0,336778,112665,1
0,0,0,0,336779,112666,0
1,1,0,0,336780,112666,1
0,0,0,0,336781,112667,0
1,1,0,0,336782,112667,1
0,0,0,0,336783,112668,0
1,1,0,0,336784,112668,1
0,0,0,0,336785,112669,0
1,1,0,0,336786,112669,1
0,0,0,0,336787,112670,0
1,1,0,0,336788,112670,1
0,0,0,0,336789,112671,0
1,1,0,0,336790,112671,1
0,0,0,0,336791,112672,0
1,1,0,0,336792,112672,1
0,0,0,0,336793,112673,0
1,1,0,0,336794,112673,1
0,0,0,0,336795,112674,0
1,1,0,0,336796,112674,1
0,0,0,0,336797,112675,0
1,1,0,0,336798,112675,1
0,0,0,0,336799,112676,0
1,1,0,0,336800,112676,1
0,0,0,0,336801,112677,0
1,1,0,0,336802,112677,1
0,0,0,0,336803,112678,0
1,1,0,0,336804,112678,1
0,0,0,0,336805,112679,0
1,1,0,0,336806,112679,1
0,0,0,0,336807,112680,0
1,1,0,0,336808,112680,1
0,0,0,0,336809,112681,0
1,1,0,0,336810,112681,1
0,0,0,0,336811,112682,0
1,1,0,0,336812,112682,1
0,0,0,0,336813,112683,0
1,1,0,0,336814,112683,1
0,0,0,0,336815,112684,0
1,1,0,0,336816,112684,1
0,0,0,0,336817,112685,0
1,1,0,0,336818,112685,1
0,0,0,0,336819,112686,0
1,1,0,0,336820,112686,1
0,0,0,0,336821,112687,0
1,1,0,0,336822,112687,1
0,0,0,0,336823,112688,0
1,1,0,0,336824,112688,1
0,0,0,0,336825,112689,0
1,1,0,0,336826,112689,1
0,0,0,0,336827,112690,0
1,1,0,0,336828,112690,1
0,0,0,0,336829,112691,0
1,1,0,0,336830,112691,1
0,0,0,0,336831,112692,0
1,1,0,0,336832,112692,1
0,0,0,0,336833,112693,0
1,1,0,0,336834,112693,1
0,0,0,0,336835,112694,0
1,1,0,0,336836,112694,1
0,0,0,0,336837,112695,0
1,1,0,0,336838,112695,1
0,0,0,0,336839,112696,0
1,1,0,0,336840,112696,1
0,0,0,0,336841,112697,0
1,1,0,0,336842,112697,1
0,0,0,0,336843,112698,0
1,1,0,0,336844,112698,1
0,0,0,0,336845,112699,0
1,1,0,0,336846,112699,1
0,0,0,0,336847,112700,0
1,1,0,0,336848,112700,1
0,0,0,0,336849,112701,0
1,1,0,0,336850,112701,1
0,0,0,0,336851,112702,0
1,1,0,0,336852,112702,1
0,0,0,0,336853,112703,0
1,1,0,0,336854,112703,1
0,0,0,0,336855,112704,0
1,1,0,0,336856,112704,1
0,0,0,0,336857,112705,0
1,1,0,0,336858,112705,1
0,0,0,0,336859,112706,0
1,1,0,0,336860,112706,1
0,0,0,0,336861,112707,0
1,1,0,0,336862,112707,1
0,0,0,0,336863,112708,0
1,1,0,0,336864,112708,1
0,0,0,0,336865,112709,0
1,1,0,0,336866,112709,1
0,0,0,0,336867,112710,0
1,1,0,0,336868,112710,1
0,0,0,0,336869,112711,0
1,1,0,0,336870,112711,1
0,0,0,0,336871,112712,0
1,1,0,0,336872,112712,1
0,0,0,0,336873,112713,0
1,1,0,0,336874,112713,1
0,0,0,0,336875,112714,0
1,1,0,0,336876,112714,1
0,0,0,0,336877,112715,0
1,1,0,0,336878,112715,1
0,0,0,0,336879,112716,0
1,1,0,0,336880,112716,1
0,0,0,0,336881,112717,0
1,1,0,0,336882,112717,1
0,0,0,0,336883,112718,0
1,1,0,0,336884,112718,1
0,0,0,0,336885,112719,0
1,1,0,0,336886,112719,1
0,0,0,0,336887,112720,0
1,1,0,0,336888,112720,1
0,0,0,0,336889,112721,0
1,1,0,0,336890,112721,1
0,0,0,0,336891,112722,0
1,1,0,0,336892,112722,1
0,0,0,0,336893,112723,0
1,1,0,0,336894,112723,1
0,0,0,0,336895,112724,0
1,1,0,0,336896,112724,1
0,0,0,0,336897,112725,0
1,1,0,0,336898,112725,1
0,0,0,0,336899,112726,0
1,1,0,0,336900,112726,1
0,0,0,0,336901,112727,0
1,1,0,0,336902,112727,1
0,0,0,0,336903,112728,0
1,1,0,0,336904,112728,1
0,0,0,0,336905,112729,0
1,1,0,0,336906,112729,1
0,0,0,0,336907,112730,0
1,1,0,0,336908,112730,1
0,0,0,0,336909,112731,0
1,1,0,0,336910,112731,1
0,0,0,0,336911,112732,0
1,1,0,0,336912,112732,1
0,0,0,0,336913,112733,0
1,1,0,0,336914,112733,1
0,0,0,0,336915,112734,0
1,1,0,0,336916,112734,1
0,0,0,0,336917,112735,0
1,1,0,0,336918,112735,1
0,0,0,0,336919,112736,0
1,1,0,0,336920,112736,1
0,0,0,0,336921,112737,0
1,1,0,0,336922,112737,1
0,0,0,0,336923,112738,0
1,1,0,0,336924,112738,1
0,0,0,0,336925,112739,0
1,1,0,0,336926,112739,1
0,0,0,0,336927,112740,0
1,1,0,0,336928,112740,1
0,0,0,0,336929,112741,0
1,1,0,0,336930,112741,1
0,0,0,0,336931,112742,0
1,1,0,0,336932,112742,1
0,0,0,0,336933,112743,0
1,1,0,0,336934,112743,1
0,0,0,0,336935,112744,0
1,1,0,0,336936,112744,1
0,0,0,0,336937,112745,0
1,1,0,0,336938,112745,1
0,0,0,0,336939,112746,0
1,1,0,0,336940,112746,1
0,0,0,0,336941,112747,0
1,1,0,0,336942,112747,1
0,0,0,0,336943,112748,0
1,1,0,0,336944,112748,1
0,0,0,0,336945,112749,0
1,1,0,0,336946,112749,1
0,0,0,0,336947,112750,0
1,1,0,0,336948,112750,1
0,0,0,0,336949,112751,0
1,1,0,0,336950,112751,1
3,300,0,0,336969,83312,2
3,30,0,0,336972,83300,2
4,40,0,0,336973,83300,3
5,50,0,0,336974,83300,4
4,-12,0,0,336975,109362,3
5,-15,0,0,336976,109362,4
4,-12,0,0,336977,109363,3
5,-15,0,0,336978,109363,4
1,2,0,0,336979,112760,0
2,4,0,0,336980,112760,1
3,6,0,0,336981,112760,2
4,8,0,0,336982,112760,3
5,10,0,0,336983,112760,4
0,0,0,0,337074,112795,0
6.202,0,0,0,337075,112795,1
3,15,0,0,337086,83037,2
4,20,0,0,337087,83037,3
5,25,0,0,337088,83037,4
3,30,0,0,337102,83049,2
3,6,0,0,337109,109866,2
4,8,0,0,337110,109866,3
5,10,0,0,337111,109866,4
1,2,0,0,337112,112808,0
2,4,0,0,337113,112808,1
3,6,0,0,337114,112808,2
4,8,0,0,337115,112808,3
5,10,0,0,337116,112808,4
1,4,0,0,337117,112809,0
2,8,0,0,337118,112809,1
3,12,0,0,337119,112809,2
4,16,0,0,337120,112809,3
5,20,0,0,337121,112809,4
0,0,0,0,337122,112810,0
1,1,0,0,337123,112810,1
0,0,0,0,337124,112811,0
1,1,0,0,337125,112811,1
0,0,0,0,337126,112812,0
1,1,0,0,337127,112812,1
0,0,0,0,337128,112813,0
1,1,0,0,337129,112813,1
0,0,0,0,337130,112814,0
1,1,0,0,337131,112814,1
0,0,0,0,337132,112815,0
1,1,0,0,337133,112815,1
0,0,0,0,337134,112816,0
1,1,0,0,337135,112816,1
0,0,0,0,337136,112817,0
1,1,0,0,337137,112817,1
0,0,0,0,337138,112818,0
1,1,0,0,337139,112818,1
0,0,0,0,337140,112819,0
1,1,0,0,337141,112819,1
0,0,0,0,337142,112820,0
1,1,0,0,337143,112820,1
0,0,0,0,337144,112821,0
1,1,0,0,337145,112821,1
0,0,0,0,337146,112822,0
1,1,0,0,337147,112822,1
0,0,0,0,337148,112823,0
1,1,0,0,337149,112823,1
0,0,0,0,337150,112824,0
1,1,0,0,337151,112824,1
0,0,0,0,337152,112825,0
1,1,0,0,337153,112825,1
0,0,0,0,337154,112826,0
1,1,0,0,337155,112826,1
0,0,0,0,337156,112827,0
1,1,0,0,337157,112827,1
0,0,0,0,337158,112828,0
1,1,0,0,337159,112828,1
0,0,0,0,337160,112829,0
1,1,0,0,337161,112829,1
0,0,0,0,337162,112830,0
1,1,0,0,337163,112830,1
0,0,0,0,337164,112831,0
1,1,0,0,337165,112831,1
0,0,0,0,337166,112832,0
1,1,0,0,337167,112832,1
0,0,0,0,337168,112833,0
1,1,0,0,337169,112833,1
0,0,0,0,337170,112834,0
1,1,0,0,337171,112834,1
0,0,0,0,337172,112835,0
1,1,0,0,337173,112835,1
0,0,0,0,337174,112836,0
1,1,0,0,337175,112836,1
0,0,0,0,337176,112837,0
1,1,0,0,337177,112837,1
0,0,0,0,337178,112838,0
1,1,0,0,337179,112838,1
0,0,0,0,337180,112839,0
1,1,0,0,337181,112839,1
0,0,0,0,337182,112840,0
1,1,0,0,337183,112840,1
0,0,0,0,337184,112841,0
1,1,0,0,337185,112841,1
0,0,0,0,337186,112842,0
1,1,0,0,337187,112842,1
0,0,0,0,337188,112843,0
1,1,0,0,337189,112843,1
0,0,0,0,337190,112844,0
1,1,0,0,337191,112844,1
0,0,0,0,337192,112845,0
1,1,0,0,337193,112845,1
0,0,0,0,337194,112846,0
1,1,0,0,337195,112846,1
0,0,0,0,337196,112847,0
1,1,0,0,337197,112847,1
0,0,0,0,337198,112848,0
1,1,0,0,337199,112848,1
0,0,0,0,337200,112849,0
1,1,0,0,337201,112849,1
0,0,0,0,337202,112850,0
1,1,0,0,337203,112850,1
0,0,0,0,337204,112851,0
1,1,0,0,337205,112851,1
0,0,0,0,337206,112852,0
1,1,0,0,337207,112852,1
0,0,0,0,337208,112853,0
1,1,0,0,337209,112853,1
0,0,0,0,337210,112854,0
1,1,0,0,337211,112854,1
0,0,0,0,337212,112855,0
1,1,0,0,337213,112855,1
0,0,0,0,337214,112856,0
1,1,0,0,337215,112856,1
0,0,0,0,337216,112857,0
1,1,0,0,337217,112857,1
0,0,0,0,337218,112858,0
1,1,0,0,337219,112858,1
0,0,0,0,337220,112859,0
1,1,0,0,337221,112859,1
0,0,0,0,337222,112860,0
1,1,0,0,337223,112860,1
0,0,0,0,337224,112861,0
1,1,0,0,337225,112861,1
0,0,0,0,337226,112862,0
1,1,0,0,337227,112862,1
0,0,0,0,337228,112863,0
1,1,0,0,337229,112863,1
0,0,0,0,337230,112864,0
1,1,0,0,337231,112864,1
0,0,0,0,337232,112865,0
1,1,0,0,337233,112865,1
0,0,0,0,337234,112866,0
1,1,0,0,337235,112866,1
0,0,0,0,337236,112867,0
1,1,0,0,337237,112867,1
0,0,0,0,337238,112868,0
1,1,0,0,337239,112868,1
0,0,0,0,337240,112869,0
1,1,0,0,337241,112869,1
0,0,0,0,337242,112870,0
1,1,0,0,337243,112870,1
0,0,0,0,337244,112871,0
1,1,0,0,337245,112871,1
0,0,0,0,337246,112872,0
1,1,0,0,337247,112872,1
0,0,0,0,337248,112873,0
1,1,0,0,337249,112873,1
0,0,0,0,337250,112874,0
1,1,0,0,337251,112874,1
0,0,0,0,337252,112875,0
1,1,0,0,337253,112875,1
0,0,0,0,337254,112876,0
1,1,0,0,337255,112876,1
0,0,0,0,337256,112877,0
1,1,0,0,337257,112877,1
0,0,0,0,337258,112878,0
1,1,0,0,337259,112878,1
0,0,0,0,337260,112879,0
1,1,0,0,337261,112879,1
0,0,0,0,337262,112880,0
1,1,0,0,337263,112880,1
0,0,0,0,337264,112881,0
1,1,0,0,337265,112881,1
0,0,0,0,337266,112882,0
1,1,0,0,337267,112882,1
0,0,0,0,337268,112883,0
1,1,0,0,337269,112883,1
0,0,0,0,337270,112884,0
1,1,0,0,337271,112884,1
0,0,0,0,337272,112885,0
1,1,0,0,337273,112885,1
0,0,0,0,337274,112886,0
1,1,0,0,337275,112886,1
0,0,0,0,337276,112887,0
1,1,0,0,337277,112887,1
0,0,0,0,337278,112888,0
1,1,0,0,337279,112888,1
0,0,0,0,337280,112889,0
1,1,0,0,337281,112889,1
0,0,0,0,337282,112890,0
1,1,0,0,337283,112890,1
0,0,0,0,337284,112891,0
1,1,0,0,337285,112891,1
0,0,0,0,337286,112892,0
1,1,0,0,337287,112892,1
0,0,0,0,337288,112893,0
1,1,0,0,337289,112893,1
0,0,0,0,337290,112894,0
1,1,0,0,337291,112894,1
0,0,0,0,337292,112895,0
1,1,0,0,337293,112895,1
0,0,0,0,337294,112896,0
1,1,0,0,337295,112896,1
0,0,0,0,337296,112897,0
1,1,0,0,337297,112897,1
0,0,0,0,337298,112898,0
1,1,0,0,337299,112898,1
0,0,0,0,337300,112899,0
1,1,0,0,337301,112899,1
0,0,0,0,337302,112900,0
1,1,0,0,337303,112900,1
0,0,0,0,337304,112901,0
1,1,0,0,337305,112901,1
0,0,0,0,337306,112902,0
1,1,0,0,337307,112902,1
0,0,0,0,337308,112903,0
1,1,0,0,337309,112903,1
0,0,0,0,337310,112904,0
1,1,0,0,337311,112904,1
0,0,0,0,337312,112905,0
1,1,0,0,337313,112905,1
0,0,0,0,337314,112906,0
1,1,0,0,337315,112906,1
0,0,0,0,337316,112907,0
1,1,0,0,337317,112907,1
0,0,0,0,337318,112908,0
1,1,0,0,337319,112908,1
0,0,0,0,337320,112909,0
1,1,0,0,337321,112909,1
0,0,0,0,337322,112910,0
1,1,0,0,337323,112910,1
0,0,0,0,337324,112911,0
1,1,0,0,337325,112911,1
0,0,0,0,337326,112912,0
1,1,0,0,337327,112912,1
0,0,0,0,337328,112913,0
1,1,0,0,337329,112913,1
0,0,0,0,337330,112914,0
1,1,0,0,337331,112914,1
0,0,0,0,337332,112915,0
1,1,0,0,337333,112915,1
0,0,0,0,337334,112916,0
1,1,0,0,337335,112916,1
0,0,0,0,337336,112917,0
1,1,0,0,337337,112917,1
0,0,0,0,337338,112918,0
1,1,0,0,337339,112918,1
0,0,0,0,337340,112919,0
1,1,0,0,337341,112919,1
0,0,0,0,337342,112920,0
1,1,0,0,337343,112920,1
0,0,0,0,337344,112921,0
1,1,0,0,337345,112921,1
0,0,0,0,337346,112922,0
1,1,0,0,337347,112922,1
0,0,0,0,337348,112923,0
1,1,0,0,337349,112923,1
0,0,0,0,337350,112924,0
1,1,0,0,337351,112924,1
0,0,0,0,337352,112925,0
1,1,0,0,337353,112925,1
0,0,0,0,337354,112926,0
1,1,0,0,337355,112926,1
0,0,0,0,337356,112927,0
1,1,0,0,337357,112927,1
0,0,0,0,337358,112928,0
1,1,0,0,337359,112928,1
0,0,0,0,337360,112929,0
1,1,0,0,337361,112929,1
0,0,0,0,337362,112930,0
1,1,0,0,337363,112930,1
0,0,0,0,337364,112931,0
1,1,0,0,337365,112931,1
0,0,0,0,337366,112932,0
1,1,0,0,337367,112932,1
0,0,0,0,337368,112933,0
1,1,0,0,337369,112933,1
0,0,0,0,337370,112934,0
1,1,0,0,337371,112934,1
0,0,0,0,337372,112935,0
1,1,0,0,337373,112935,1
0,0,0,0,337374,112936,0
1,1,0,0,337375,112936,1
0,0,0,0,337376,112937,0
1,1,0,0,337377,112937,1
0,0,0,0,337378,112938,0
1,1,0,0,337379,112938,1
0,0,0,0,337380,112939,0
1,1,0,0,337381,112939,1
0,0,0,0,337382,112940,0
1,1,0,0,337383,112940,1
0,0,0,0,337384,112941,0
1,1,0,0,337385,112941,1
0,0,0,0,337386,112942,0
1,1,0,0,337387,112942,1
0,0,0,0,337388,112943,0
1,1,0,0,337389,112943,1
0,0,0,0,337390,112944,0
1,1,0,0,337391,112944,1
0,0,0,0,337392,112945,0
1,1,0,0,337393,112945,1
0,0,0,0,337394,112946,0
1,1,0,0,337395,112946,1
0,0,0,0,337396,112947,0
1,1,0,0,337397,112947,1
0,0,0,0,337398,112948,0
1,1,0,0,337399,112948,1
0,0,0,0,337400,112949,0
1,1,0,0,337401,112949,1
0,0,0,0,337402,112950,0
1,1,0,0,337403,112950,1
0,0,0,0,337404,112951,0
1,1,0,0,337405,112951,1
0,0,0,0,337406,112952,0
1,1,0,0,337407,112952,1
0,0,0,0,337408,112953,0
1,1,0,0,337409,112953,1
0,0,0,0,337410,112954,0
1,1,0,0,337411,112954,1
0,0,0,0,337412,112955,0
1,1,0,0,337413,112955,1
0,0,0,0,337414,112956,0
1,1,0,0,337415,112956,1
0,0,0,0,337416,112957,0
1,1,0,0,337417,112957,1
0,0,0,0,337418,112958,0
1,1,0,0,337419,112958,1
0,0,0,0,337420,112959,0
1,1,0,0,337421,112959,1
0,0,0,0,337422,112960,0
1,1,0,0,337423,112960,1
0,0,0,0,337424,112961,0
1,1,0,0,337425,112961,1
0,0,0,0,337426,112962,0
1,1,0,0,337427,112962,1
0,0,0,0,337428,112963,0
1,1,0,0,337429,112963,1
0,0,0,0,337430,112964,0
1,1,0,0,337431,112964,1
0,0,0,0,337432,112965,0
1,1,0,0,337433,112965,1
0,0,0,0,337434,112966,0
1,1,0,0,337435,112966,1
0,0,0,0,337436,112967,0
1,1,0,0,337437,112967,1
0,0,0,0,337438,112968,0
1,1,0,0,337439,112968,1
0,0,0,0,337440,112969,0
1,1,0,0,337441,112969,1
0,0,0,0,337442,112970,0
1,1,0,0,337443,112970,1
0,0,0,0,337444,112971,0
1,1,0,0,337445,112971,1
0,0,0,0,337446,112972,0
1,1,0,0,337447,112972,1
0,0,0,0,337448,112973,0
1,1,0,0,337449,112973,1
0,0,0,0,337450,112974,0
1,1,0,0,337451,112974,1
0,0,0,0,337452,112975,0
1,1,0,0,337453,112975,1
0,0,0,0,337454,112976,0
1,1,0,0,337455,112976,1
0,0,0,0,337456,112977,0
1,1,0,0,337457,112977,1
0,0,0,0,337458,112978,0
1,1,0,0,337459,112978,1
0,0,0,0,337460,112979,0
1,1,0,0,337461,112979,1
0,0,0,0,337462,112980,0
1,1,0,0,337463,112980,1
0,0,0,0,337464,112981,0
1,1,0,0,337465,112981,1
0,0,0,0,337466,112982,0
1,1,0,0,337467,112982,1
0,0,0,0,337468,112983,0
1,1,0,0,337469,112983,1
0,0,0,0,337470,112984,0
1,1,0,0,337471,112984,1
0,0,0,0,337472,112985,0
1,1,0,0,337473,112985,1
0,0,0,0,337474,112986,0
1,1,0,0,337475,112986,1
0,0,0,0,337476,112987,0
1,1,0,0,337477,112987,1
0,0,0,0,337478,112988,0
1,1,0,0,337479,112988,1
0,0,0,0,337480,112989,0
1,1,0,0,337481,112989,1
0,0,0,0,337482,112990,0
1,1,0,0,337483,112990,1
0,0,0,0,337484,112991,0
1,1,0,0,337485,112991,1
0,0,0,0,337486,112992,0
1,1,0,0,337487,112992,1
0,0,0,0,337488,112993,0
1,1,0,0,337489,112993,1
0,0,0,0,337490,112994,0
1,1,0,0,337491,112994,1
0,0,0,0,337492,112995,0
1,1,0,0,337493,112995,1
0,0,0,0,337494,112996,0
1,1,0,0,337495,112996,1
0,0,0,0,337496,112997,0
1,1,0,0,337497,112997,1
0,0,0,0,337498,112998,0
1,1,0,0,337499,112998,1
0,0,0,0,337500,112999,0
1,1,0,0,337501,112999,1
0,0,0,0,337502,113000,0
1,1,0,0,337503,113000,1
0,0,0,0,337504,113001,0
1,1,0,0,337505,113001,1
0,0,0,0,337506,113002,0
1,1,0,0,337507,113002,1
0,0,0,0,337508,113003,0
1,1,0,0,337509,113003,1
0,0,0,0,337510,113004,0
1,1,0,0,337511,113004,1
0,0,0,0,337512,113005,0
1,1,0,0,337513,113005,1
0,0,0,0,337514,113006,0
1,1,0,0,337515,113006,1
0,0,0,0,337516,113007,0
1,1,0,0,337517,113007,1
0,0,0,0,337518,113008,0
1,1,0,0,337519,113008,1
0,0,0,0,337520,113009,0
1,1,0,0,337521,113009,1
0,0,0,0,337522,113010,0
1,1,0,0,337523,113010,1
0,0,0,0,337524,113011,0
1,1,0,0,337525,113011,1
0,0,0,0,337526,113012,0
1,1,0,0,337527,113012,1
0,0,0,0,337528,113013,0
1,1,0,0,337529,113013,1
0,0,0,0,337530,113014,0
1,1,0,0,337531,113014,1
0,0,0,0,337532,113015,0
1,1,0,0,337533,113015,1
0,0,0,0,337534,113016,0
1,1,0,0,337535,113016,1
0,0,0,0,337536,113017,0
1,1,0,0,337537,113017,1
0,0,0,0,337538,113018,0
1,1,0,0,337539,113018,1
0,0,0,0,337540,113019,0
1,1,0,0,337541,113019,1
0,0,0,0,337542,113020,0
1,1,0,0,337543,113020,1
0,0,0,0,337544,113021,0
1,1,0,0,337545,113021,1
0,0,0,0,337546,113022,0
1,1,0,0,337547,113022,1
0,0,0,0,337636,113062,0
1,1,0,0,337637,113062,1
0,0,0,0,337638,113063,0
1,1,0,0,337639,113063,1
0,0,0,0,337640,113064,0
1,1,0,0,337641,113064,1
0,0,0,0,337642,113065,0
1,1,0,0,337643,113065,1
0,0,0,0,337644,113066,0
1,1,0,0,337645,113066,1
0,0,0,0,337646,113067,0
1,1,0,0,337647,113067,1
0,0,0,0,337648,113068,0
1,1,0,0,337649,113068,1
0,0,0,0,337650,113069,0
1,1,0,0,337651,113069,1
0,0,0,0,337652,113070,0
1,1,0,0,337653,113070,1
0,0,0,0,337654,113071,0
1,1,0,0,337655,113071,1
0,0,0,0,337656,113072,0
1,1,0,0,337657,113072,1
0,0,0,0,337658,113073,0
1,1,0,0,337659,113073,1
0,0,0,0,337660,113074,0
1,1,0,0,337661,113074,1
0,0,0,0,337662,113075,0
1,1,0,0,337663,113075,1
0,0,0,0,337664,113076,0
1,1,0,0,337665,113076,1
0,0,0,0,337666,113077,0
1,1,0,0,337667,113077,1
0,0,0,0,337668,113078,0
1,1,0,0,337669,113078,1
0,0,0,0,337670,113079,0
1,1,0,0,337671,113079,1
0,0,0,0,337672,113080,0
1,1,0,0,337673,113080,1
0,0,0,0,337674,113081,0
1,1,0,0,337675,113081,1
0,0,0,0,337676,113082,0
1,1,0,0,337677,113082,1
0,0,0,0,337678,113083,0
1,1,0,0,337679,113083,1
0,0,0,0,337680,113084,0
1,1,0,0,337681,113084,1
0,0,0,0,337682,113085,0
1,1,0,0,337683,113085,1
0,0,0,0,337684,113086,0
1,1,0,0,337685,113086,1
0,0,0,0,337686,113087,0
1,1,0,0,337687,113087,1
0,0,0,0,337688,113088,0
1,1,0,0,337689,113088,1
0,0,0,0,337690,113089,0
1,1,0,0,337691,113089,1
0,0,0,0,337692,113090,0
1,1,0,0,337693,113090,1
0,0,0,0,337694,113091,0
1,1,0,0,337695,113091,1
0,-80,0,0,337701,113094,0
0,0,0,0,337702,113094,1
0,0,0,0,337703,113094,2
0.2638889,0,0,0,337704,113094,3
1.9166669,-80,0,0,337705,113094,4
6.0000005,-80,0,0,337706,113094,5
0,-80,0,-80,337782,113123,0
1,0,0.03125,-30,337783,113123,1
0,0,0,0,337835,113140,0
0.29818183,0.053475916,0,0,337836,113140,1
0.7309091,0.973262,0,0,337837,113140,2
1,1,0,0,337838,113140,3
0,0,0,0,337839,113141,0
0.29818183,0.053475916,0,0,337840,113141,1
0.7309091,0.973262,0,0,337841,113141,2
1,1,0,0,337842,113141,3
0,0,0,0,337846,113143,0
1,1,0,0,337847,113143,1
0,0,0,0,337848,113144,0
1,1,0,0,337849,113144,1
0,0,0,0,337850,113145,0
1,1,0,0,337851,113145,1
0,0,0,0,337852,113146,0
1,1,0,0,337853,113146,1
0,0,0,0,337854,113147,0
1,1,0,0,337855,113147,1
0,0,0,0,337856,113148,0
1,1,0,0,337857,113148,1
0,0,0,0,337858,113149,0
1,1,0,0,337859,113149,1
0,0,0,0,337860,113150,0
1,1,0,0,337861,113150,1
0,0,0,0,337862,113151,0
1,1,0,0,337863,113151,1
0,0,0,0,337864,113152,0
1,1,0,0,337865,113152,1
0,0,0,0,337866,113153,0
1,1,0,0,337867,113153,1
0,0,0,0,337868,113154,0
1,1,0,0,337869,113154,1
0,0,0,0,337870,113155,0
1,1,0,0,337871,113155,1
0,0,0,0,337872,113156,0
1,1,0,0,337873,113156,1
0,0,0,0,337874,113157,0
1,1,0,0,337875,113157,1
0,0,0,0,337876,113158,0
1,1,0,0,337877,113158,1
0,0,0,0,337878,113159,0
1,1,0,0,337879,113159,1
0,0,0,0,337880,113160,0
1,1,0,0,337881,113160,1
0,0,0,0,337882,113161,0
1,1,0,0,337883,113161,1
0,0,0,0,337884,113162,0
1,1,0,0,337885,113162,1
0,0,0,0,337886,113163,0
1,1,0,0,337887,113163,1
0,0,0,0,337888,113164,0
1,1,0,0,337889,113164,1
0,0,0,0,337890,113165,0
1,1,0,0,337891,113165,1
0,0,0,0,337892,113166,0
1,1,0,0,337893,113166,1
0,0,0,0,337894,113167,0
1,1,0,0,337895,113167,1
0,0,0,0,337896,113168,0
1,1,0,0,337897,113168,1
0,0,0,0,337898,113169,0
1,1,0,0,337899,113169,1
0,0,0,0,337900,113170,0
1,1,0,0,337901,113170,1
0,0,0,0,337902,113171,0
1,1,0,0,337903,113171,1
0,0,0,0,337904,113172,0
1,1,0,0,337905,113172,1
0,0,0,0,337906,113173,0
1,1,0,0,337907,113173,1
0,0,0,0,337908,113174,0
1,1,0,0,337909,113174,1
0,0,0,0,337910,113175,0
1,1,0,0,337911,113175,1
0,0,0,0,337912,113176,0
1,1,0,0,337913,113176,1
0,0,0,0,337914,113177,0
1,1,0,0,337915,113177,1
0,0,0,0,337916,113178,0
1,1,0,0,337917,113178,1
0,0,0,0,337918,113179,0
1,1,0,0,337919,113179,1
0,0,0,0,337920,113180,0
1,1,0,0,337921,113180,1
0,0,0,0,337922,113181,0
1,1,0,0,337923,113181,1
0,0,0,0,337924,113182,0
1,1,0,0,337925,113182,1
0,0,0,0,337926,113183,0
1,1,0,0,337927,113183,1
0,0,0,0,337928,113184,0
1,1,0,0,337929,113184,1
0,0,0,0,337930,113185,0
1,1,0,0,337931,113185,1
0,0,0,0,337932,113186,0
1,1,0,0,337933,113186,1
0,0,0,0,337934,113187,0
1,1,0,0,337935,113187,1
0,0,0,0,337936,113188,0
1,1,0,0,337937,113188,1
0,0,0,0,337938,113189,0
1,1,0,0,337939,113189,1
0,0,0,0,337940,113190,0
1,1,0,0,337941,113190,1
0,0,0,0,337942,113191,0
1,1,0,0,337943,113191,1
0,0,0,0,337944,113192,0
1,1,0,0,337945,113192,1
0,0,0,0,337946,113193,0
1,1,0,0,337947,113193,1
0,0,0,0,337948,113194,0
1,1,0,0,337949,113194,1
0,0,0,0,337950,113195,0
1,1,0,0,337951,113195,1
0,0,0,0,337952,113196,0
1,1,0,0,337953,113196,1
0,0,0,0,337954,113197,0
1,1,0,0,337955,113197,1
0,0,0,0,337956,113198,0
1,1,0,0,337957,113198,1
0,0,0,0,337958,113199,0
1,1,0,0,337959,113199,1
0,0,0,0,337960,113200,0
1,1,0,0,337961,113200,1
0,0,0,0,337962,113201,0
1,1,0,0,337963,113201,1
0,0,0,0,337964,113202,0
1,1,0,0,337965,113202,1
0,0,0,0,337966,113203,0
1,1,0,0,337967,113203,1
0,0,0,0,337968,113204,0
1,1,0,0,337969,113204,1
0,0,0,0,337970,113205,0
1,1,0,0,337971,113205,1
0,0,0,0,337972,113206,0
1,1,0,0,337973,113206,1
0,0,0,0,337974,113207,0
1,1,0,0,337975,113207,1
0,0,0,0,337976,113208,0
1,1,0,0,337977,113208,1
0,0,0,0,337978,113209,0
1,1,0,0,337979,113209,1
0,0,0,0,337980,113210,0
1,1,0,0,337981,113210,1
0,0,0,0,337982,113211,0
1,1,0,0,337983,113211,1
0,0,0,0,337984,113212,0
1,1,0,0,337985,113212,1
0,0,0,0,337986,113213,0
1,1,0,0,337987,113213,1
0,0,0,0,337988,113214,0
1,1,0,0,337989,113214,1
0,0,0,0,337994,113217,0
1,1,0,0,337995,113217,1
0,0,0,0,337996,113218,0
1,1,0,0,337997,113218,1
0,0,0,0,337998,113219,0
1,1,0,0,337999,113219,1
0,0,0,0,338000,113220,0
1,1,0,0,338001,113220,1
0,0,0,0,338002,113221,0
1,1,0,0,338003,113221,1
0,0,0,0,338004,113222,0
1,1,0,0,338005,113222,1
0,0,0,0,338006,113223,0
1,1,0,0,338007,113223,1
0,0,0,0,338008,113224,0
1,1,0,0,338009,113224,1
0,0,0,0,338010,113225,0
1,1,0,0,338011,113225,1
0,0,0,0,338012,113226,0
1,1,0,0,338013,113226,1
0,0,0,0,338014,113227,0
1,1,0,0,338015,113227,1
0,0,0,0,338016,113228,0
1,1,0,0,338017,113228,1
0,0,0,0,338018,113229,0
1,1,0,0,338019,113229,1
0,0,0,0,338020,113230,0
1,1,0,0,338021,113230,1
0,0,0,0,338022,113231,0
1,1,0,0,338023,113231,1
0,0,0,0,338024,113232,0
1,1,0,0,338025,113232,1
0,0,0,0,338026,113233,0
1,1,0,0,338027,113233,1
0,0,0,0,338028,113234,0
1,1,0,0,338029,113234,1
0,0,0,0,338030,113235,0
1,1,0,0,338031,113235,1
0,0,0,0,338032,113236,0
1,1,0,0,338033,113236,1
0,0,0,0,338034,113237,0
1,1,0,0,338035,113237,1
0,0,0,0,338036,113238,0
1,1,0,0,338037,113238,1
0,0,0,0,338038,113239,0
1,1,0,0,338039,113239,1
0,0,0,0,338040,113240,0
1,1,0,0,338041,113240,1
0,0,0,0,338042,113241,0
1,1,0,0,338043,113241,1
0,0,0,0,338044,113242,0
1,1,0,0,338045,113242,1
0,0,0,0,338046,113243,0
1,1,0,0,338047,113243,1
0,0,0,0,338048,113244,0
1,1,0,0,338049,113244,1
0,0,0,0,338050,113245,0
1,1,0,0,338051,113245,1
0,0,0,0,338052,113246,0
1,1,0,0,338053,113246,1
0,0,0,0,338054,113247,0
1,1,0,0,338055,113247,1
0,0,0,0,338056,113248,0
1,1,0,0,338057,113248,1
0,0,0,0,338058,113249,0
1,1,0,0,338059,113249,1
0,0,0,0,338060,113250,0
1,1,0,0,338061,113250,1
0,0,0,0,338062,113251,0
1,1,0,0,338063,113251,1
0,0,0,0,338064,113252,0
1,1,0,0,338065,113252,1
0,0,0,0,338066,113253,0
1,1,0,0,338067,113253,1
0,0,0,0,338068,113254,0
1,1,0,0,338069,113254,1
0,0,0,0,338070,113255,0
1,1,0,0,338071,113255,1
0,0,0,0,338072,113256,0
1,1,0,0,338073,113256,1
0,0,0,0,338074,113257,0
1,1,0,0,338075,113257,1
0,0,0,0,338076,113258,0
1,1,0,0,338077,113258,1
0,0,0,0,338078,113259,0
1,1,0,0,338079,113259,1
0,0,0,0,338080,113260,0
1,1,0,0,338081,113260,1
0,0,0,0,338082,113261,0
1,1,0,0,338083,113261,1
0,0,0,0,338084,113262,0
1,1,0,0,338085,113262,1
0,0,0,0,338086,113263,0
1,1,0,0,338087,113263,1
0,0,0,0,338088,113264,0
1,1,0,0,338089,113264,1
0,0,0,0,338090,113265,0
1,1,0,0,338091,113265,1
0,0,0,0,338092,113266,0
1,1,0,0,338093,113266,1
0,0,0,0,338094,113267,0
1,1,0,0,338095,113267,1
0,0,0,0,338096,113268,0
1,1,0,0,338097,113268,1
0,0,0,0,338098,113269,0
1,1,0,0,338099,113269,1
0,0,0,0,338100,113270,0
1,1,0,0,338101,113270,1
0,0,0,0,338102,113271,0
1,1,0,0,338103,113271,1
0,0,0,0,338104,113272,0
1,1,0,0,338105,113272,1
0,0,0,0,338106,113273,0
1,1,0,0,338107,113273,1
0,0,0,0,338108,113274,0
1,1,0,0,338109,113274,1
0,0,0,0,338110,113275,0
1,1,0,0,338111,113275,1
0,0,0,0,338112,113276,0
1,1,0,0,338113,113276,1
0,0,0,0,338114,113277,0
1,1,0,0,338115,113277,1
0,0,0,0,338116,113278,0
1,1,0,0,338117,113278,1
0,0,0,0,338118,113279,0
1,1,0,0,338119,113279,1
0,0,0,0,338120,113280,0
1,1,0,0,338121,113280,1
0,0,0,0,338122,113281,0
1,1,0,0,338123,113281,1
0,0,0,0,338124,113282,0
1,1,0,0,338125,113282,1
0,0,0,0,338126,113283,0
1,1,0,0,338127,113283,1
0,0,0,0,338128,113284,0
1,1,0,0,338129,113284,1
0,0,0,0,338130,113285,0
1,1,0,0,338131,113285,1
0,0,0,0,338132,113286,0
1,1,0,0,338133,113286,1
0,0,0,0,338134,113287,0
1,1,0,0,338135,113287,1
0,0,0,0,338136,113288,0
1,1,0,0,338137,113288,1
0,0,0,0,338138,113289,0
1,1,0,0,338139,113289,1
0,0,0,0,338140,113290,0
1,1,0,0,338141,113290,1
0,0,0,0,338142,113291,0
1,1,0,0,338143,113291,1
0,0,0,0,338144,113292,0
1,1,0,0,338145,113292,1
0,0,0,0,338146,113293,0
1,1,0,0,338147,113293,1
0,0,0,0,338148,113294,0
1,1,0,0,338149,113294,1
0,0,0,0,338150,113295,0
1,1,0,0,338151,113295,1
0,0,0,0,338152,113296,0
1,1,0,0,338153,113296,1
0,0,0,0,338154,113297,0
1,1,0,0,338155,113297,1
0,0,0,0,338156,113298,0
1,1,0,0,338157,113298,1
0,0,0,0,338158,113299,0
1,1,0,0,338159,113299,1
0,0,0,0,338160,113300,0
1,1,0,0,338161,113300,1
0,0,0,0,338162,113301,0
1,1,0,0,338163,113301,1
0,0,0,0,338164,113302,0
1,1,0,0,338165,113302,1
0,0,0,0,338166,113303,0
1,1,0,0,338167,113303,1
0,0,0,0,338168,113304,0
1,1,0,0,338169,113304,1
0,0,0,0,338170,113305,0
1,1,0,0,338171,113305,1
0,0,0,0,338172,113306,0
1,1,0,0,338173,113306,1
0,0,0,0,338174,113307,0
1,1,0,0,338175,113307,1
0,0,0,0,338176,113308,0
1,1,0,0,338177,113308,1
0,0,0,0,338178,113309,0
1,1,0,0,338179,113309,1
0,0,0,0,338180,113310,0
1,1,0,0,338181,113310,1
0,0,0,0,338182,113311,0
1,1,0,0,338183,113311,1
0,0,0,0,338184,113312,0
1,1,0,0,338185,113312,1
0,0,0,0,338186,113313,0
1,1,0,0,338187,113313,1
0,0,0,0,338188,113314,0
1,1,0,0,338189,113314,1
0,0,0,0,338190,113315,0
1,1,0,0,338191,113315,1
0,0,0,0,338192,113316,0
1,1,0,0,338193,113316,1
0,0,0,0,338194,113317,0
1,1,0,0,338195,113317,1
0,0,0,0,338196,113318,0
1,1,0,0,338197,113318,1
0,0,0,0,338198,113319,0
1,1,0,0,338199,113319,1
0,0,0,0,338200,113320,0
1,1,0,0,338201,113320,1
0,0,0,0,338202,113321,0
1,1,0,0,338203,113321,1
0,0,0,0,338204,113322,0
1,1,0,0,338205,113322,1
0,0,0,0,338206,113323,0
1,1,0,0,338207,113323,1
0,0,0,0,338208,113324,0
1,1,0,0,338209,113324,1
0,0,0,0,338210,113325,0
1,1,0,0,338211,113325,1
0,0,0,0,338212,113326,0
1,1,0,0,338213,113326,1
0,0,0,0,338214,113327,0
1,1,0,0,338215,113327,1
0,0,0,0,338216,113328,0
1,1,0,0,338217,113328,1
0,0,0,0,338218,113329,0
1,1,0,0,338219,113329,1
0,0,0,0,338220,113330,0
1,1,0,0,338221,113330,1
0,0,0,0,338222,113331,0
1,1,0,0,338223,113331,1
0,0,0,0,338224,113332,0
1,1,0,0,338225,113332,1
0,0,0,0,338226,113333,0
1,1,0,0,338227,113333,1
0,0,0,0,338228,113334,0
1,1,0,0,338229,113334,1
0,0,0,0,338230,113335,0
1,1,0,0,338231,113335,1
0,0,0,0,338232,113336,0
1,1,0,0,338233,113336,1
0,0,0,0,338234,113337,0
1,1,0,0,338235,113337,1
0,0,0,0,338236,113338,0
1,1,0,0,338237,113338,1
0,0,0,0,338238,113339,0
1,1,0,0,338239,113339,1
0,0,0,0,338240,113340,0
1,1,0,0,338241,113340,1
0,0,0,0,338242,113341,0
1,1,0,0,338243,113341,1
0,0,0,0,338244,113342,0
1,1,0,0,338245,113342,1
0,0,0,0,338246,113343,0
1,1,0,0,338247,113343,1
0,0,0,0,338248,113344,0
1,1,0,0,338249,113344,1
0,0,0,0,338250,113345,0
1,1,0,0,338251,113345,1
0,0,0,0,338252,113346,0
1,1,0,0,338253,113346,1
0,0,0,0,338254,113347,0
1,1,0,0,338255,113347,1
0,0,0,0,338256,113348,0
1,1,0,0,338257,113348,1
0,0,0,0,338258,113349,0
1,1,0,0,338259,113349,1
0,0,0,0,338260,113350,0
1,1,0,0,338261,113350,1
0,0,0,0,338262,113351,0
1,1,0,0,338263,113351,1
0,0,0,0,338264,113352,0
1,1,0,0,338265,113352,1
0,0,0,0,338266,113353,0
1,1,0,0,338267,113353,1
0,0,0,0,338268,113354,0
1,1,0,0,338269,113354,1
0,0,0,0,338270,113355,0
1,1,0,0,338271,113355,1
0,0,0,0,338272,113356,0
1,1,0,0,338273,113356,1
0,0,0,0,338274,113357,0
1,1,0,0,338275,113357,1
0,0,0,0,338276,113358,0
1,1,0,0,338277,113358,1
0,0,0,0,338278,113359,0
1,1,0,0,338279,113359,1
0,0,0,0,338280,113360,0
1,1,0,0,338281,113360,1
0,0,0,0,338282,113361,0
1,1,0,0,338283,113361,1
0,0,0,0,338284,113362,0
1,1,0,0,338285,113362,1
0,0,0,0,338286,113363,0
1,1,0,0,338287,113363,1
0,0,0,0,338288,113364,0
1,1,0,0,338289,113364,1
0,0,0,0,338290,113365,0
1,1,0,0,338291,113365,1
0,0,0,0,338292,113366,0
1,1,0,0,338293,113366,1
0,0,0,0,338294,113367,0
1,1,0,0,338295,113367,1
0,0,0,0,338296,113368,0
1,1,0,0,338297,113368,1
0,0,0,0,338298,113369,0
1,1,0,0,338299,113369,1
0,0,0,0,338300,113370,0
1,1,0,0,338301,113370,1
0,0,0,0,338302,113371,0
1,1,0,0,338303,113371,1
0,0,0,0,338304,113372,0
1,1,0,0,338305,113372,1
0,0,0,0,338306,113373,0
1,1,0,0,338307,113373,1
0,0,0,0,338308,113374,0
1,1,0,0,338309,113374,1
0,0,0,0,338310,113375,0
1,1,0,0,338311,113375,1
0,0,0,0,338461,113457,0
1,1,0,0,338462,113457,1
0,0,0,0,338463,113458,0
1,1,0,0,338464,113458,1
0,0,0,0,338465,113459,0
1,1,0,0,338466,113459,1
0,0,0,0,338467,113460,0
1,1,0,0,338468,113460,1
0,0,0,0,338469,113461,0
1,1,0,0,338470,113461,1
0,0,0,0,338471,113462,0
1,1,0,0,338472,113462,1
0,0,0,0,338473,113463,0
1,1,0,0,338474,113463,1
0,0,0,0,338475,113464,0
1,1,0,0,338476,113464,1
0,0,0,0,338477,113465,0
1,1,0,0,338478,113465,1
0,0,0,0,338479,113466,0
1,1,0,0,338480,113466,1
0,0,0,0,338481,113467,0
1,1,0,0,338482,113467,1
0,0,0,0,338483,113468,0
1,1,0,0,338484,113468,1
0,0,0,0,338485,113469,0
1,1,0,0,338486,113469,1
0,0,0,0,338487,113470,0
1,1,0,0,338488,113470,1
0,0,0,0,338489,113471,0
1,1,0,0,338490,113471,1
0,0,0,0,338491,113472,0
1,1,0,0,338492,113472,1
0,0,0,0,338493,113473,0
1,1,0,0,338494,113473,1
0,0,0,0,338495,113474,0
1,1,0,0,338496,113474,1
0,0,0,0,338497,113475,0
1,1,0,0,338498,113475,1
0,0,0,0,338499,113476,0
1,1,0,0,338500,113476,1
0,0,0,0,338501,113477,0
1,1,0,0,338502,113477,1
0,0,0,0,338503,113478,0
1,1,0,0,338504,113478,1
0,0,0,0,338505,113479,0
1,1,0,0,338506,113479,1
0,0,0,0,338507,113480,0
1,1,0,0,338508,113480,1
0,0,0,0,338509,113481,0
1,1,0,0,338510,113481,1
0,0,0,0,338511,113482,0
1,1,0,0,338512,113482,1
0,0,0,0,338513,113483,0
1,1,0,0,338514,113483,1
0,0,0,0,338515,113484,0
1,1,0,0,338516,113484,1
0,0,0,0,338517,113485,0
1,1,0,0,338518,113485,1
0,0,0,0,338519,113486,0
1,1,0,0,338520,113486,1
0,0,0,0,338521,113487,0
1,1,0,0,338522,113487,1
0,0,0,0,338523,113488,0
1,1,0,0,338524,113488,1
0,0,0,0,338525,113489,0
1,1,0,0,338526,113489,1
0,0,0,0,338527,113490,0
1,1,0,0,338528,113490,1
0,0,0,0,338529,113491,0
1,1,0,0,338530,113491,1
0,0,0,0,338531,113492,0
1,1,0,0,338532,113492,1
0,0,0,0,338533,113493,0
1,1,0,0,338534,113493,1
0,0,0,0,338535,113494,0
1,1,0,0,338536,113494,1
0,0,0,0,338537,113495,0
1,1,0,0,338538,113495,1
0,0,0,0,338539,113496,0
1,1,0,0,338540,113496,1
0,0,0,0,338541,113497,0
1,1,0,0,338542,113497,1
0,0,0,0,338543,113498,0
1,1,0,0,338544,113498,1
0,0,0,0,338545,113499,0
1,1,0,0,338546,113499,1
0,0,0,0,338547,113500,0
1,1,0,0,338548,113500,1
0,0,0,0,338549,113501,0
1,1,0,0,338550,113501,1
0,0,0,0,338551,113502,0
1,1,0,0,338552,113502,1
0,0,0,0,338553,113503,0
1,1,0,0,338554,113503,1
0,0,0,0,338555,113504,0
1,1,0,0,338556,113504,1
0,0,0,0,338557,113505,0
1,1,0,0,338558,113505,1
0,0,0,0,338559,113506,0
1,1,0,0,338560,113506,1
0,0,0,0,338561,113507,0
1,1,0,0,338562,113507,1
0,0,0,0,338563,113508,0
1,1,0,0,338564,113508,1
0,0,0,0,338565,113509,0
1,1,0,0,338566,113509,1
0,0,0,0,338567,113510,0
1,1,0,0,338568,113510,1
0,0,0,0,338569,113511,0
1,1,0,0,338570,113511,1
0,0,0,0,338571,113512,0
1,1,0,0,338572,113512,1
0,0,0,0,338573,113513,0
1,1,0,0,338574,113513,1
0,0,0,0,338575,113514,0
1,1,0,0,338576,113514,1
0,0,0,0,338577,113515,0
1,1,0,0,338578,113515,1
0,0,0,0,338579,113516,0
1,1,0,0,338580,113516,1
0,0,0,0,338581,113517,0
1,1,0,0,338582,113517,1
0,0,0,0,338583,113518,0
1,1,0,0,338584,113518,1
0,0,0,0,338585,113519,0
1,1,0,0,338586,113519,1
0,0,0,0,338587,113520,0
1,1,0,0,338588,113520,1
0,0,0,0,338589,113521,0
1,1,0,0,338590,113521,1
0,0,0,0,338591,113522,0
1,1,0,0,338592,113522,1
0,0,0,0,338593,113523,0
1,1,0,0,338594,113523,1
0,0,0,0,338595,113524,0
1,1,0,0,338596,113524,1
0,0,0,0,338597,113525,0
1,1,0,0,338598,113525,1
0,0,0,0,338599,113526,0
1,1,0,0,338600,113526,1
0,0,0,0,338601,113527,0
1,1,0,0,338602,113527,1
0,0,0,0,338603,113528,0
1,1,0,0,338604,113528,1
0,0,0,0,338605,113529,0
1,1,0,0,338606,113529,1
0,0,0,0,338607,113530,0
1,1,0,0,338608,113530,1
0,0,0,0,338609,113531,0
1,1,0,0,338610,113531,1
0,0,0,0,338611,113532,0
1,1,0,0,338612,113532,1
0,0,0,0,338613,113533,0
1,1,0,0,338614,113533,1
0,0,0,0,338615,113534,0
1,1,0,0,338616,113534,1
0,0,0,0,338617,113535,0
1,1,0,0,338618,113535,1
0,0,0,0,338619,113536,0
1,1,0,0,338620,113536,1
0,0,0,0,338621,113537,0
1,1,0,0,338622,113537,1
0,0,0,0,338623,113538,0
1,1,0,0,338624,113538,1
0,0,0,0,338625,113539,0
1,1,0,0,338626,113539,1
0,0,0,0,338627,113540,0
1,1,0,0,338628,113540,1
0,0,0,0,338629,113541,0
1,1,0,0,338630,113541,1
0,0,0,0,338631,113542,0
1,1,0,0,338632,113542,1
0,0,0,0,338633,113543,0
1,1,0,0,338634,113543,1
0,0,0,0,338635,113544,0
1,1,0,0,338636,113544,1
0,0,0,0,338637,113545,0
1,1,0,0,338638,113545,1
0,0,0,0,338639,113546,0
1,1,0,0,338640,113546,1
0,0,0,0,338641,113547,0
1,1,0,0,338642,113547,1
0,0,0,0,338643,113548,0
1,1,0,0,338644,113548,1
0,0,0,0,338645,113549,0
1,1,0,0,338646,113549,1
0,0,0,0,338647,113550,0
1,1,0,0,338648,113550,1
0,0,0,0,338649,113551,0
1,1,0,0,338650,113551,1
0,0,0,0,338651,113552,0
1,1,0,0,338652,113552,1
0,0,0,0,338653,113553,0
1,1,0,0,338654,113553,1
0,0,0,0,338655,113554,0
1,1,0,0,338656,113554,1
0,0,0,0,338657,113555,0
1,1,0,0,338658,113555,1
0,0,0,0,338659,113556,0
1,1,0,0,338660,113556,1
0,0,0,0,338661,113557,0
1,1,0,0,338662,113557,1
0,0,0,0,338663,113558,0
1,1,0,0,338664,113558,1
0,0,0,0,338665,113559,0
1,1,0,0,338666,113559,1
0,0,0,0,338667,113560,0
1,1,0,0,338668,113560,1
0,0,0,0,338669,113561,0
1,1,0,0,338670,113561,1
0,0,0,0,338671,113562,0
1,1,0,0,338672,113562,1
0,0,0,0,338673,113563,0
1,1,0,0,338674,113563,1
0,0,0,0,338675,113564,0
1,1,0,0,338676,113564,1
0,0,0,0,338677,113565,0
1,1,0,0,338678,113565,1
0,0,0,0,338679,113566,0
1,1,0,0,338680,113566,1
0,0,0,0,338681,113567,0
1,1,0,0,338682,113567,1
0,0,0,0,338683,113568,0
1,1,0,0,338684,113568,1
0,0,0,0,338685,113569,0
1,1,0,0,338686,113569,1
0,0,0,0,338687,113570,0
1,1,0,0,338688,113570,1
0,0,0,0,338689,113571,0
1,1,0,0,338690,113571,1
0,0,0,0,338691,113572,0
1,1,0,0,338692,113572,1
0,0,0,0,338693,113573,0
1,1,0,0,338694,113573,1
0,0,0,0,338695,113574,0
1,1,0,0,338696,113574,1
0,0,0,0,338697,113575,0
1,1,0,0,338698,113575,1
0,0,0,0,338699,113576,0
1,1,0,0,338700,113576,1
0,0,0,0,338701,113577,0
1,1,0,0,338702,113577,1
0,0,0,0,338703,113578,0
1,1,0,0,338704,113578,1
0,0,0,0,338705,113579,0
1,1,0,0,338706,113579,1
0,0,0,0,338707,113580,0
1,1,0,0,338708,113580,1
0,0,0,0,338709,113581,0
1,1,0,0,338710,113581,1
0,0,0,0,338711,113582,0
1,1,0,0,338712,113582,1
0,0,0,0,338713,113583,0
1,1,0,0,338714,113583,1
0,0,0,0,338715,113584,0
1,1,0,0,338716,113584,1
0,0,0,0,338717,113585,0
1,1,0,0,338718,113585,1
0,0,0,0,338719,113586,0
1,1,0,0,338720,113586,1
0,0,0,0,338721,113587,0
1,1,0,0,338722,113587,1
0,0,0,0,338723,113588,0
1,1,0,0,338724,113588,1
0,0,0,0,338725,113589,0
1,1,0,0,338726,113589,1
0,0,0,0,338727,113590,0
1,1,0,0,338728,113590,1
0,0,0,0,338729,113591,0
1,1,0,0,338730,113591,1
0,0,0,0,338731,113592,0
1,1,0,0,338732,113592,1
0,0,0,0,338733,113593,0
1,1,0,0,338734,113593,1
0,0,0,0,338735,113594,0
1,1,0,0,338736,113594,1
0,0,0,0,338737,113595,0
1,1,0,0,338738,113595,1
0,0,0,0,338739,113596,0
1,1,0,0,338740,113596,1
0,0,0,0,338741,113597,0
1,1,0,0,338742,113597,1
0,0,0,0,338743,113598,0
1,1,0,0,338744,113598,1
0,0,0,0,338745,113599,0
1,1,0,0,338746,113599,1
0,0,0,0,338747,113600,0
1,1,0,0,338748,113600,1
0,0,0,0,338749,113601,0
1,1,0,0,338750,113601,1
0,0,0,0,338751,113602,0
1,1,0,0,338752,113602,1
0,0,0,0,338753,113603,0
1,1,0,0,338754,113603,1
0,0,0,0,338755,113604,0
1,1,0,0,338756,113604,1
0,0,0,0,338757,113605,0
1,1,0,0,338758,113605,1
0,0,0,0,338759,113606,0
1,1,0,0,338760,113606,1
0,0,0,0,338761,113607,0
1,1,0,0,338762,113607,1
0,0,0,0,338763,113608,0
1,1,0,0,338764,113608,1
0,0,0,0,338765,113609,0
1,1,0,0,338766,113609,1
0,0,0,0,338767,113610,0
1,1,0,0,338768,113610,1
0,0,0,0,338769,113611,0
1,1,0,0,338770,113611,1
0,0,0,0,338771,113612,0
1,1,0,0,338772,113612,1
0,0,0,0,338773,113613,0
1,1,0,0,338774,113613,1
0,0,0,0,338775,113614,0
1,1,0,0,338776,113614,1
0,0,0,0,338777,113615,0
1,1,0,0,338778,113615,1
0,0,0,0,338779,113616,0
1,1,0,0,338780,113616,1
0,0,0,0,338781,113617,0
1,1,0,0,338782,113617,1
0,0,0,0,338783,113618,0
1,1,0,0,338784,113618,1
0,0,0,0,338787,113620,0
1,1,0,0,338788,113620,1
0,0,0,0,338789,113621,0
1,1,0,0,338790,113621,1
0,0,0,0,338791,113622,0
1,1,0,0,338792,113622,1
0,0,0,0,338793,113623,0
1,1,0,0,338794,113623,1
0,0,0,0,338795,113624,0
1,1,0,0,338796,113624,1
0,0,0,0,338797,113625,0
1,1,0,0,338798,113625,1
0,0,0,0,338799,113626,0
1,1,0,0,338800,113626,1
0,0,0,0,338801,113627,0
1,1,0,0,338802,113627,1
0,0,0,0,338803,113628,0
1,1,0,0,338804,113628,1
0,0,0,0,338805,113629,0
1,1,0,0,338806,113629,1
0,0,0,0,338807,113630,0
1,1,0,0,338808,113630,1
0,0,0,0,338809,113631,0
1,1,0,0,338810,113631,1
0,0,0,0,338811,113632,0
1,1,0,0,338812,113632,1
0,0,0,0,338813,113633,0
1,1,0,0,338814,113633,1
0,0,0,0,338815,113634,0
1,1,0,0,338816,113634,1
0,0,0,0,338817,113635,0
1,1,0,0,338818,113635,1
0,0,0,0,338819,113636,0
1,1,0,0,338820,113636,1
0,0,0,0,338821,113637,0
1,1,0,0,338822,113637,1
0,0,0,0,338823,113638,0
1,1,0,0,338824,113638,1
0,0,0,0,338825,113639,0
1,1,0,0,338826,113639,1
0,0,0,0,338827,113640,0
1,1,0,0,338828,113640,1
0,0,0,0,338829,113641,0
1,1,0,0,338830,113641,1
0,0,0,0,338831,113642,0
1,1,0,0,338832,113642,1
0,0,0,0,338833,113643,0
1,1,0,0,338834,113643,1
0,0,0,0,338835,113644,0
1,1,0,0,338836,113644,1
0,0,0,0,338837,113645,0
1,1,0,0,338838,113645,1
0,0,0,0,338839,113646,0
1,1,0,0,338840,113646,1
0,0,0,0,338841,113647,0
1,1,0,0,338842,113647,1
0,0,0,0,338843,113648,0
1,1,0,0,338844,113648,1
0,0,0,0,338845,113649,0
1,1,0,0,338846,113649,1
0,0,0,0,338847,113650,0
1,1,0,0,338848,113650,1
0,0,0,0,338849,113651,0
1,1,0,0,338850,113651,1
0,0,0,0,338851,113652,0
1,1,0,0,338852,113652,1
0,0,0,0,338853,113653,0
1,1,0,0,338854,113653,1
0,0,0,0,338855,113654,0
1,1,0,0,338856,113654,1
0,0,0,0,338857,113655,0
1,1,0,0,338858,113655,1
0,0,0,0,338859,113656,0
1,1,0,0,338860,113656,1
0,0,0,0,338861,113657,0
1,1,0,0,338862,113657,1
0,0,0,0,338863,113658,0
1,1,0,0,338864,113658,1
0,0,0,0,338865,113659,0
1,1,0,0,338866,113659,1
0,0,0,0,338867,113660,0
1,1,0,0,338868,113660,1
0,0,0,0,338869,113661,0
1,1,0,0,338870,113661,1
0,0,0,0,338871,113662,0
1,1,0,0,338872,113662,1
0,0,0,0,338873,113663,0
1,1,0,0,338874,113663,1
0,0,0,0,338875,113664,0
1,1,0,0,338876,113664,1
0,0,0,0,338877,113665,0
1,1,0,0,338878,113665,1
0,0,0,0,338879,113666,0
1,1,0,0,338880,113666,1
0,0,0,0,338881,113667,0
1,1,0,0,338882,113667,1
0,0,0,0,338883,113668,0
1,1,0,0,338884,113668,1
0,0,0,0,338885,113669,0
1,1,0,0,338886,113669,1
0,0,0,0,338887,113670,0
1,1,0,0,338888,113670,1
0,0,0,0,338889,113671,0
1,1,0,0,338890,113671,1
0,0,0,0,338891,113672,0
1,1,0,0,338892,113672,1
0,0,0,0,338893,113673,0
1,1,0,0,338894,113673,1
0,0,0,0,338895,113674,0
1,1,0,0,338896,113674,1
0,0,0,0,338897,113675,0
1,1,0,0,338898,113675,1
0,0,0,0,338899,113676,0
1,1,0,0,338900,113676,1
0,0,0,0,338901,113677,0
1,1,0,0,338902,113677,1
0,0,0,0,338903,113678,0
1,1,0,0,338904,113678,1
0,0,0,0,338905,113679,0
1,1,0,0,338906,113679,1
0,0,0,0,338907,113680,0
1,1,0,0,338908,113680,1
0,0,0,0,338909,113681,0
1,1,0,0,338910,113681,1
0,0,0,0,338911,113682,0
1,1,0,0,338912,113682,1
0,0,0,0,338931,113690,0
1,1,0,0,338932,113690,1
0,0,0,0,338933,113691,0
1,1,0,0,338934,113691,1
0,0,0,0,338935,113692,0
1,1,0,0,338936,113692,1
0,0,0,0,338937,113693,0
1,1,0,0,338938,113693,1
0,0,0,0,338939,113694,0
1,1,0,0,338940,113694,1
0,0,0,0,338941,113695,0
1,1,0,0,338942,113695,1
0,0,0,0,338943,113696,0
1,1,0,0,338944,113696,1
0,0,0,0,338945,113697,0
1,1,0,0,338946,113697,1
0,0,0,0,338947,113698,0
1,1,0,0,338948,113698,1
0,0,0,0,338949,113699,0
1,1,0,0,338950,113699,1
0,0,0,0,338951,113700,0
1,1,0,0,338952,113700,1
0,0,0,0,338953,113701,0
1,1,0,0,338954,113701,1
0,0,0,0,338955,113702,0
1,1,0,0,338956,113702,1
0,0,0,0,338957,113703,0
1,1,0,0,338958,113703,1
0,0,0,0,338959,113704,0
1,1,0,0,338960,113704,1
0,0,0,0,338961,113705,0
1,1,0,0,338962,113705,1
0,0,0,0,338963,113706,0
1,1,0,0,338964,113706,1
0,0,0,0,338965,113707,0
1,1,0,0,338966,113707,1
0,0,0,0,338967,113708,0
1,1,0,0,338968,113708,1
0,0,0,0,338969,113709,0
1,1,0,0,338970,113709,1
0,0,0,0,338971,113710,0
1,1,0,0,338972,113710,1
0,0,0,0,338973,113711,0
1,1,0,0,338974,113711,1
0,0,0,0,338975,113712,0
1,1,0,0,338976,113712,1
0,0,0,0,338977,113713,0
1,1,0,0,338978,113713,1
0,0,0,0,338979,113714,0
1,1,0,0,338980,113714,1
0,0,0,0,338981,113715,0
1,1,0,0,338982,113715,1
0,0,0,0,338983,113716,0
1,1,0,0,338984,113716,1
0,0,0,0,338985,113717,0
1,1,0,0,338986,113717,1
0,0,0,0,338987,113718,0
1,1,0,0,338988,113718,1
0,0,0,0,338989,113719,0
1,1,0,0,338990,113719,1
0,0,0,0,338991,113720,0
1,1,0,0,338992,113720,1
0,0,0,0,338993,113721,0
1,1,0,0,338994,113721,1
0,0,0,0,338995,113722,0
1,1,0,0,338996,113722,1
0,0,0,0,338997,113723,0
1,1,0,0,338998,113723,1
0,0,0,0,338999,113724,0
1,1,0,0,339000,113724,1
0,0,0,0,339001,113725,0
1,1,0,0,339002,113725,1
0,0,0,0,339072,113753,0
1,1,0,0,339073,113753,1
0,0,0,0,339074,113754,0
1,1,0,0,339075,113754,1
0,0,0,0,339076,113755,0
1,1,0,0,339077,113755,1
0,0,0,0,339078,113756,0
1,1,0,0,339079,113756,1
0,0,0,0,339080,113757,0
1,1,0,0,339081,113757,1
0,0,0,0,339082,113758,0
1,1,0,0,339083,113758,1
0,0,0,0,339098,113764,0
1,1,0,0,339099,113764,1
0,0,0,0,339100,113765,0
1,1,0,0,339101,113765,1
0,0,0,0,339102,113766,0
1,1,0,0,339103,113766,1
0,0,0,0,339104,113767,0
1,1,0,0,339105,113767,1
0,0,0,0,339106,113768,0
1,1,0,0,339107,113768,1
0,0,0,0,339108,113769,0
1,1,0,0,339109,113769,1
0,0,0,0,339110,113770,0
1,1,0,0,339111,113770,1
0,0,0,0,339112,113771,0
1,1,0,0,339113,113771,1
0,0,0,0,339114,113772,0
1,1,0,0,339115,113772,1
0,0,0,0,339116,113773,0
1,1,0,0,339117,113773,1
0,0,0,0,339118,113774,0
1,1,0,0,339119,113774,1
0,0,0,0,339120,113775,0
1,1,0,0,339121,113775,1
0,0,0,0,339122,113776,0
1,1,0,0,339123,113776,1
0,0,0,0,339124,113777,0
1,1,0,0,339125,113777,1
0,0,0,0,339126,113778,0
1,1,0,0,339127,113778,1
0,0,0,0,339128,113779,0
1,1,0,0,339129,113779,1
0,0,0,0,339130,113780,0
1,1,0,0,339131,113780,1
0,0,0,0,339132,113781,0
1,1,0,0,339133,113781,1
0,0,0,0,339134,113782,0
1,1,0,0,339135,113782,1
0,0,0,0,339136,113783,0
1,1,0,0,339137,113783,1
0,0,0,0,339138,113784,0
1,1,0,0,339139,113784,1
0,0,0,0,339140,113785,0
1,1,0,0,339141,113785,1
0,0,0,0,339142,113786,0
1,1,0,0,339143,113786,1
0,0,0,0,339144,113787,0
1,1,0,0,339145,113787,1
0,0,0,0,339146,113788,0
1,1,0,0,339147,113788,1
0,0,0,0,339148,113789,0
1,1,0,0,339149,113789,1
0,0,0,0,339150,113790,0
1,1,0,0,339151,113790,1
0,0,0,0,339152,113791,0
1,1,0,0,339153,113791,1
0,0,0,0,339154,113792,0
1,1,0,0,339155,113792,1
0,0,0,0,339156,113793,0
1,1,0,0,339157,113793,1
0,0,0,0,339158,113794,0
1,1,0,0,339159,113794,1
0,0,0,0,339160,113795,0
1,1,0,0,339161,113795,1
0,0,0,0,339162,113796,0
1,1,0,0,339163,113796,1
0,0,0,0,339164,113797,0
1,1,0,0,339165,113797,1
0,0,0,0,339166,113798,0
1,1,0,0,339167,113798,1
0,0,0,0,339168,113799,0
1,1,0,0,339169,113799,1
0,0,0,0,339170,113800,0
1,1,0,0,339171,113800,1
0,0,0,0,339172,113801,0
1,1,0,0,339173,113801,1
0,0,0,0,339174,113802,0
1,1,0,0,339175,113802,1
0,0,0,0,339176,113803,0
1,1,0,0,339177,113803,1
0,0,0,0,339178,113804,0
1,1,0,0,339179,113804,1
0,0,0,0,339180,113805,0
1,1,0,0,339181,113805,1
0,0,0,0,339182,113806,0
1,1,0,0,339183,113806,1
0,0,0,0,339184,113807,0
1,1,0,0,339185,113807,1
0,0,0,0,339186,113808,0
1,1,0,0,339187,113808,1
0,0,0,0,339188,113809,0
1,1,0,0,339189,113809,1
0,0,0,0,339190,113810,0
1,1,0,0,339191,113810,1
0,0,0,0,339192,113811,0
1,1,0,0,339193,113811,1
0,0,0,0,339194,113812,0
1,1,0,0,339195,113812,1
0,0,0,0,339196,113813,0
1,1,0,0,339197,113813,1
0,0,0,0,339198,113814,0
1,1,0,0,339199,113814,1
0,0,0,0,339200,113815,0
1,1,0,0,339201,113815,1
0,0,0,0,339202,113816,0
1,1,0,0,339203,113816,1
0,0,0,0,339204,113817,0
1,1,0,0,339205,113817,1
0,0,0,0,339206,113818,0
1,1,0,0,339207,113818,1
0,0,0,0,339208,113819,0
1,1,0,0,339209,113819,1
0,0,0,0,339210,113820,0
1,1,0,0,339211,113820,1
0,0,0,0,339212,113821,0
1,1,0,0,339213,113821,1
0,0,0,0,339214,113822,0
1,1,0,0,339215,113822,1
0,0,0,0,339216,113823,0
1,1,0,0,339217,113823,1
0,0,0,0,339218,113824,0
1,1,0,0,339219,113824,1
0,0,0,0,339220,113825,0
1,1,0,0,339221,113825,1
0,0,0,0,339222,113826,0
1,1,0,0,339223,113826,1
0,0,0,0,339224,113827,0
1,1,0,0,339225,113827,1
0,0,0,0,339226,113828,0
1,1,0,0,339227,113828,1
0,0,0,0,339228,113829,0
1,1,0,0,339229,113829,1
0,0,0,0,339230,113830,0
1,1,0,0,339231,113830,1
0,0,0,0,339232,113831,0
1,1,0,0,339233,113831,1
0,0,0,0,339234,113832,0
1,1,0,0,339235,113832,1
0,0,0,0,339236,113833,0
1,1,0,0,339237,113833,1
0,0,0,0,339238,113834,0
1,1,0,0,339239,113834,1
0,0,0,0,339240,113835,0
1,1,0,0,339241,113835,1
0,0,0,0,339242,113836,0
1,1,0,0,339243,113836,1
0,0,0,0,339244,113837,0
1,1,0,0,339245,113837,1
0,0,0,0,339246,113838,0
1,1,0,0,339247,113838,1
0,0,0,0,339248,113839,0
1,1,0,0,339249,113839,1
0,0,0,0,339250,113840,0
1,1,0,0,339251,113840,1
0,0,0,0,339252,113841,0
1,1,0,0,339253,113841,1
0,0,0,0,339254,113842,0
1,1,0,0,339255,113842,1
0,0,0,0,339256,113843,0
1,1,0,0,339257,113843,1
0,0,0,0,339258,113844,0
1,1,0,0,339259,113844,1
0,0,0,0,339260,113845,0
1,1,0,0,339261,113845,1
0,0,0,0,339262,113846,0
1,1,0,0,339263,113846,1
0,0,0,0,339264,113847,0
1,1,0,0,339265,113847,1
0,0,0,0,339266,113848,0
1,1,0,0,339267,113848,1
0,0,0,0,339268,113849,0
1,1,0,0,339269,113849,1
0,0,0,0,339270,113850,0
1,1,0,0,339271,113850,1
0,0,0,0,339272,113851,0
1,1,0,0,339273,113851,1
0,0,0,0,339274,113852,0
1,1,0,0,339275,113852,1
0,0,0,0,339276,113853,0
1,1,0,0,339277,113853,1
0,0,0,0,339278,113854,0
1,1,0,0,339279,113854,1
0,0,0,0,339280,113855,0
1,1,0,0,339281,113855,1
0,0,0,0,339282,113856,0
1,1,0,0,339283,113856,1
0,0,0,0,339284,113857,0
1,1,0,0,339285,113857,1
0,0,0,0,339286,113858,0
1,1,0,0,339287,113858,1
0,0,0,0,339288,113859,0
1,1,0,0,339289,113859,1
0,0,0,0,339290,113860,0
1,1,0,0,339291,113860,1
0,0,0,0,339292,113861,0
1,1,0,0,339293,113861,1
0,0,0,0,339294,113862,0
1,1,0,0,339295,113862,1
0,0,0,0,339296,113863,0
1,1,0,0,339297,113863,1
0,0,0,0,339298,113864,0
1,1,0,0,339299,113864,1
0,0,0,0,339300,113865,0
1,1,0,0,339301,113865,1
0,0,0,0,339302,113866,0
1,1,0,0,339303,113866,1
0,0,0,0,339304,113867,0
1,1,0,0,339305,113867,1
0,0,0,0,339306,113868,0
1,1,0,0,339307,113868,1
0,0,0,0,339308,113869,0
1,1,0,0,339309,113869,1
0,0,0,0,339310,113870,0
1,1,0,0,339311,113870,1
0,0,0,0,339312,113871,0
1,1,0,0,339313,113871,1
0,0,0,0,339314,113872,0
1,1,0,0,339315,113872,1
0,0,0,0,339316,113873,0
1,1,0,0,339317,113873,1
0,0,0,0,339318,113874,0
1,1,0,0,339319,113874,1
0,0,0,0,339320,113875,0
1,1,0,0,339321,113875,1
0,0,0,0,339322,113876,0
1,1,0,0,339323,113876,1
0,0,0,0,339324,113877,0
1,1,0,0,339325,113877,1
0,0,0,0,339326,113878,0
1,1,0,0,339327,113878,1
0,0,0,0,339328,113879,0
1,1,0,0,339329,113879,1
0,0,0,0,339330,113880,0
1,1,0,0,339331,113880,1
0,0,0,0,339332,113881,0
1,1,0,0,339333,113881,1
0,0,0,0,339334,113882,0
1,1,0,0,339335,113882,1
0,0,0,0,339336,113883,0
1,1,0,0,339337,113883,1
0,0,0,0,339338,113884,0
1,1,0,0,339339,113884,1
0,0,0,0,339340,113885,0
1,1,0,0,339341,113885,1
0,0,0,0,339342,113886,0
1,1,0,0,339343,113886,1
0,0,0,0,339344,113887,0
1,1,0,0,339345,113887,1
0,0,0,0,339346,113888,0
1,1,0,0,339347,113888,1
0,0,0,0,339348,113889,0
1,1,0,0,339349,113889,1
0,0,0,0,339350,113890,0
1,1,0,0,339351,113890,1
0,0,0,0,339352,113891,0
1,1,0,0,339353,113891,1
0,0,0,0,339354,113892,0
1,1,0,0,339355,113892,1
0,0,0,0,339356,113893,0
1,1,0,0,339357,113893,1
0,0,0,0,339358,113894,0
1,1,0,0,339359,113894,1
0,0,0,0,339360,113895,0
1,1,0,0,339361,113895,1
0,0,0,0,339362,113896,0
1,1,0,0,339363,113896,1
0,0,0,0,339364,113897,0
1,1,0,0,339365,113897,1
0,0,0,0,339366,113898,0
1,1,0,0,339367,113898,1
0,0,0,0,339368,113899,0
1,1,0,0,339369,113899,1
0,0,0,0,339370,113900,0
1,1,0,0,339371,113900,1
0,0,0,0,339372,113901,0
1,1,0,0,339373,113901,1
0,0,0,0,339452,113940,0
1,1,0,0,339453,113940,1
0,0,0,0,339454,113941,0
1,1,0,0,339455,113941,1
0,0,0,0,339456,113942,0
1,1,0,0,339457,113942,1
0,0,0,0,339458,113943,0
1,1,0,0,339459,113943,1
0,0,0,0,339460,113944,0
1,1,0,0,339461,113944,1
0,0,0,0,339462,113945,0
1,1,0,0,339463,113945,1
0,0,0,0,339464,113946,0
1,1,0,0,339465,113946,1
0,0,0,0,339466,113947,0
1,1,0,0,339467,113947,1
0,0,0,0,339468,113948,0
1,1,0,0,339469,113948,1
0,0,0,0,339470,113949,0
1,1,0,0,339471,113949,1
0,0,0,0,339472,113950,0
1,1,0,0,339473,113950,1
0,0,0,0,339474,113951,0
1,1,0,0,339475,113951,1
0,0,0,0,339476,113952,0
1,1,0,0,339477,113952,1
0,0,0,0,339478,113953,0
1,1,0,0,339479,113953,1
0,0,0,0,339480,113954,0
1,1,0,0,339481,113954,1
0,0,0,0,339482,113955,0
1,1,0,0,339483,113955,1
0,0,0,0,339484,113956,0
1,1,0,0,339485,113956,1
0,0,0,0,339486,113957,0
1,1,0,0,339487,113957,1
0,0,0,0,339488,113958,0
1,1,0,0,339489,113958,1
0,0,0,0,339490,113959,0
1,1,0,0,339491,113959,1
0,0,0,0,339492,113960,0
1,1,0,0,339493,113960,1
0,0,0,0,339494,113961,0
1,1,0,0,339495,113961,1
0,0,0,0,339496,113962,0
1,1,0,0,339497,113962,1
0,0,0,0,339498,113963,0
1,1,0,0,339499,113963,1
0,0,0,0,339500,113964,0
1,1,0,0,339501,113964,1
0,0,0,0,339502,113965,0
1,1,0,0,339503,113965,1
0,0,0,0,339504,113966,0
1,1,0,0,339505,113966,1
0,0,0,0,339506,113967,0
1,1,0,0,339507,113967,1
0,0,0,0,339508,113968,0
1,1,0,0,339509,113968,1
0,0,0,0,339510,113969,0
1,1,0,0,339511,113969,1
0,0,0,0,339512,113970,0
1,1,0,0,339513,113970,1
0,0,0,0,339514,113971,0
1,1,0,0,339515,113971,1
0,0,0,0,339516,113972,0
1,1,0,0,339517,113972,1
0,0,0,0,339518,113973,0
1,1,0,0,339519,113973,1
0,0,0,0,339520,113974,0
1,1,0,0,339521,113974,1
0,0,0,0,339522,113975,0
1,1,0,0,339523,113975,1
0,0,0,0,339537,113980,0
1,1,0,0,339538,113980,1
0,0,0,0,339539,113981,0
1,1,0,0,339540,113981,1
0,0,0,0,339541,113982,0
1,1,0,0,339542,113982,1
0,0,0,0,339543,113983,0
1,1,0,0,339544,113983,1
0,0,0,0,339545,113984,0
1,1,0,0,339546,113984,1
0,0,0,0,339547,113985,0
1,1,0,0,339548,113985,1
0,0,0,0,339549,113986,0
1,1,0,0,339550,113986,1
0,0,0,0,339551,113987,0
1,1,0,0,339552,113987,1
0,0,0,0,339553,113988,0
1,1,0,0,339554,113988,1
0,0,0,0,339555,113989,0
1,1,0,0,339556,113989,1
0,0,0,0,339557,113990,0
1,1,0,0,339558,113990,1
0,0,0,0,339559,113991,0
1,1,0,0,339560,113991,1
0,0,0,0,339561,113992,0
1,1,0,0,339562,113992,1
0,0,0,0,339563,113993,0
1,1,0,0,339564,113993,1
0,0,0,0,339565,113994,0
1,1,0,0,339566,113994,1
0,0,0,0,339567,113995,0
1,1,0,0,339568,113995,1
0,0,0,0,339569,113996,0
1,1,0,0,339570,113996,1
0,0,0,0,339571,113997,0
1,1,0,0,339572,113997,1
0,0,0,0,339573,113998,0
1,1,0,0,339574,113998,1
0,0,0,0,339575,113999,0
1,1,0,0,339576,113999,1
0,0,0,0,339577,114000,0
1,1,0,0,339578,114000,1
0,0,0,0,339579,114001,0
1,1,0,0,339580,114001,1
0,0,0,0,339581,114002,0
1,1,0,0,339582,114002,1
0,0,0,0,339583,114003,0
1,1,0,0,339584,114003,1
0,0,0,0,339585,114004,0
1,1,0,0,339586,114004,1
0,0,0,0,339587,114005,0
1,1,0,0,339588,114005,1
0,0,0,0,339589,114006,0
1,1,0,0,339590,114006,1
0,0,0,0,339591,114007,0
1,1,0,0,339592,114007,1
0,0,0,0,339593,114008,0
1,1,0,0,339594,114008,1
0,0,0,0,339595,114009,0
1,1,0,0,339596,114009,1
0,0,0,0,339597,114010,0
1,1,0,0,339598,114010,1
0,0,0,0,339599,114011,0
1,1,0,0,339600,114011,1
0,0,0,0,339601,114012,0
1,1,0,0,339602,114012,1
0,0,0,0,339603,114013,0
1,1,0,0,339604,114013,1
0,0,0,0,339605,114014,0
1,1,0,0,339606,114014,1
0,0,0,0,339607,114015,0
1,1,0,0,339608,114015,1
0,0,0,0,339681,114052,0
1,1,0,0,339682,114052,1
0,0,0,0,339683,114053,0
1,1,0,0,339684,114053,1
0,0,0,0,339685,114054,0
1,1,0,0,339686,114054,1
0,0,0,0,339687,114055,0
1,1,0,0,339688,114055,1
0,0,0,0,339689,114056,0
1,1,0,0,339690,114056,1
0,0,0,0,339691,114057,0
1,1,0,0,339692,114057,1
0,0,0,0,339693,114058,0
1,1,0,0,339694,114058,1
0,0,0,0,339695,114059,0
1,1,0,0,339696,114059,1
0,0,0,0,339697,114060,0
1,1,0,0,339698,114060,1
0,0,0,0,339699,114061,0
1,1,0,0,339700,114061,1
0,0,0,0,339701,114062,0
1,1,0,0,339702,114062,1
0,0,0,0,339703,114063,0
1,1,0,0,339704,114063,1
0,0,0,0,339705,114064,0
1,1,0,0,339706,114064,1
0,0,0,0,339707,114065,0
1,1,0,0,339708,114065,1
0,0,0,0,339709,114066,0
1,1,0,0,339710,114066,1
0,0,0,0,339711,114067,0
1,1,0,0,339712,114067,1
0,0,0,0,339713,114068,0
1,1,0,0,339714,114068,1
0,0,0,0,339715,114069,0
1,1,0,0,339716,114069,1
0,0,0,0,339717,114070,0
1,1,0,0,339718,114070,1
0,0,0,0,339719,114071,0
1,1,0,0,339720,114071,1
0,0,0,0,339721,114072,0
1,1,0,0,339722,114072,1
0,0,0,0,339723,114073,0
1,1,0,0,339724,114073,1
0,0,0,0,339725,114074,0
1,1,0,0,339726,114074,1
0,0,0,0,339727,114075,0
1,1,0,0,339728,114075,1
0,0,0,0,339729,114076,0
1,1,0,0,339730,114076,1
0,0,0,0,339731,114077,0
1,1,0,0,339732,114077,1
0,0,0,0,339733,114078,0
1,1,0,0,339734,114078,1
0,0,0,0,339735,114079,0
1,1,0,0,339736,114079,1
0,0,0,0,339737,114080,0
1,1,0,0,339738,114080,1
0,0,0,0,339739,114081,0
1,1,0,0,339740,114081,1
0,0,0,0,339741,114082,0
1,1,0,0,339742,114082,1
0,0,0,0,339743,114083,0
1,1,0,0,339744,114083,1
0,0,0,0,339745,114084,0
1,1,0,0,339746,114084,1
0,0,0,0,339747,114085,0
1,1,0,0,339748,114085,1
0,0,0,0,339749,114086,0
1,1,0,0,339750,114086,1
0,0,0,0,339751,114087,0
1,1,0,0,339752,114087,1
0,0,0,0,339753,114088,0
1,1,0,0,339754,114088,1
0,0,0,0,339755,114089,0
1,1,0,0,339756,114089,1
0,0,0,0,339757,114090,0
1,1,0,0,339758,114090,1
0,0,0,0,339759,114091,0
1,1,0,0,339760,114091,1
0,0,0,0,339761,114092,0
1,1,0,0,339762,114092,1
0,0,0,0,339763,114093,0
1,1,0,0,339764,114093,1
0,0,0,0,339765,114094,0
1,1,0,0,339766,114094,1
0,0,0,0,339767,114095,0
1,1,0,0,339768,114095,1
0,0,0,0,339769,114096,0
1,1,0,0,339770,114096,1
0,0,0,0,339771,114097,0
1,1,0,0,339772,114097,1
0,0,0,0,339773,114098,0
1,1,0,0,339774,114098,1
0,0,0,0,339775,114099,0
1,1,0,0,339776,114099,1
0,0,0,0,339777,114100,0
1,1,0,0,339778,114100,1
0,0,0,0,339779,114101,0
1,1,0,0,339780,114101,1
0,0,0,0,339781,114102,0
1,1,0,0,339782,114102,1
0,0,0,0,339783,114103,0
1,1,0,0,339784,114103,1
0,0,0,0,339785,114104,0
1,1,0,0,339786,114104,1
0,0,0,0,339787,114105,0
1,1,0,0,339788,114105,1
0,0,0,0,339789,114106,0
1,1,0,0,339790,114106,1
0,0,0,0,339791,114107,0
1,1,0,0,339792,114107,1
0,0,0,0,339793,114108,0
1,1,0,0,339794,114108,1
0,0,0,0,339795,114109,0
1,1,0,0,339796,114109,1
0,0,0,0,339797,114110,0
1,1,0,0,339798,114110,1
0,0,0,0,339799,114111,0
1,1,0,0,339800,114111,1
0,0,0,0,339801,114112,0
1,1,0,0,339802,114112,1
0,0,0,0,339803,114113,0
1,1,0,0,339804,114113,1
0,0,0,0,339805,114114,0
1,1,0,0,339806,114114,1
0,0,0,0,339807,114115,0
1,1,0,0,339808,114115,1
0,0,0,0,339809,114116,0
1,1,0,0,339810,114116,1
0,0,0,0,339811,114117,0
1,1,0,0,339812,114117,1
0,0,0,0,339813,114118,0
1,1,0,0,339814,114118,1
0,0,0,0,339815,114119,0
1,1,0,0,339816,114119,1
0,0,0,0,339817,114120,0
1,1,0,0,339818,114120,1
0,0,0,0,339819,114121,0
1,1,0,0,339820,114121,1
0,0,0,0,339821,114122,0
1,1,0,0,339822,114122,1
0,0,0,0,339823,114123,0
1,1,0,0,339824,114123,1
0,0,0,0,339825,114124,0
1,1,0,0,339826,114124,1
0,0,0,0,339827,114125,0
1,1,0,0,339828,114125,1
0,0,0,0,339829,114126,0
1,1,0,0,339830,114126,1
0,0,0,0,339831,114127,0
1,1,0,0,339832,114127,1
0,0,0,0,339833,114128,0
1,1,0,0,339834,114128,1
0,0,0,0,339835,114129,0
1,1,0,0,339836,114129,1
0,0,0,0,339837,114130,0
1,1,0,0,339838,114130,1
0,0,0,0,339839,114131,0
1,1,0,0,339840,114131,1
0,0,0,0,339841,114132,0
1,1,0,0,339842,114132,1
0,0,0,0,339843,114133,0
1,1,0,0,339844,114133,1
0,0,0,0,339845,114134,0
1,1,0,0,339846,114134,1
0,0,0,0,339847,114135,0
1,1,0,0,339848,114135,1
0,0,0,0,339849,114136,0
1,1,0,0,339850,114136,1
0,0,0,0,339851,114137,0
1,1,0,0,339852,114137,1
0,0,0,0,339853,114138,0
1,1,0,0,339854,114138,1
0,0,0,0,339855,114139,0
1,1,0,0,339856,114139,1
0,0,0,0,339857,114140,0
1,1,0,0,339858,114140,1
0,0,0,0,339859,114141,0
1,1,0,0,339860,114141,1
0,0,0,0,339861,114142,0
1,1,0,0,339862,114142,1
0,0,0,0,339863,114143,0
1,1,0,0,339864,114143,1
0,0,0,0,339865,114144,0
1,1,0,0,339866,114144,1
0,0,0,0,339867,114145,0
1,1,0,0,339868,114145,1
0,0,0,0,339869,114146,0
1,1,0,0,339870,114146,1
0,0,0,0,339871,114147,0
1,1,0,0,339872,114147,1
0,0,0,0,339873,114148,0
1,1,0,0,339874,114148,1
0,0,0,0,339875,114149,0
1,1,0,0,339876,114149,1
0,0,0,0,339877,114150,0
1,1,0,0,339878,114150,1
0,0,0,0,339879,114151,0
1,1,0,0,339880,114151,1
0,0,0,0,339881,114152,0
1,1,0,0,339882,114152,1
0,0,0,0,339883,114153,0
1,1,0,0,339884,114153,1
0,0,0,0,339885,114154,0
1,1,0,0,339886,114154,1
0,0,0,0,339887,114155,0
1,1,0,0,339888,114155,1
0,0,0,0,339889,114156,0
1,1,0,0,339890,114156,1
0,0,0,0,339891,114157,0
1,1,0,0,339892,114157,1
0,0,0,0,339893,114158,0
1,1,0,0,339894,114158,1
0,0,0,0,339895,114159,0
1,1,0,0,339896,114159,1
0,0,0,0,339897,114160,0
1,1,0,0,339898,114160,1
0,0,0,0,339899,114161,0
1,1,0,0,339900,114161,1
0,0,0,0,339901,114162,0
1,1,0,0,339902,114162,1
0,0,0,0,339903,114163,0
1,1,0,0,339904,114163,1
0,0,0,0,339905,114164,0
1,1,0,0,339906,114164,1
0,0,0,0,339907,114165,0
1,1,0,0,339908,114165,1
0,0,0,0,339909,114166,0
1,1,0,0,339910,114166,1
0,0,0,0,339911,114167,0
1,1,0,0,339912,114167,1
0,0,0,0,339913,114168,0
1,1,0,0,339914,114168,1
0,0,0,0,339915,114169,0
1,1,0,0,339916,114169,1
0,0,0,0,339917,114170,0
1,1,0,0,339918,114170,1
0,0,0,0,339919,114171,0
1,1,0,0,339920,114171,1
0,0,0,0,339921,114172,0
1,1,0,0,339922,114172,1
0,0,0,0,339923,114173,0
1,1,0,0,339924,114173,1
0,0,0,0,339925,114174,0
1,1,0,0,339926,114174,1
0,0,0,0,339927,114175,0
1,1,0,0,339928,114175,1
0,0,0,0,339929,114176,0
1,1,0,0,339930,114176,1
0,0,0,0,339931,114177,0
1,1,0,0,339932,114177,1
0,0,0,0,339933,114178,0
1,1,0,0,339934,114178,1
0,0,0,0,339935,114179,0
1,1,0,0,339936,114179,1
0,0,0,0,339937,114180,0
1,1,0,0,339938,114180,1
0,0,0,0,339939,114181,0
1,1,0,0,339940,114181,1
0,0,0,0,339941,114182,0
1,1,0,0,339942,114182,1
0,0,0,0,339943,114183,0
1,1,0,0,339944,114183,1
0,0,0,0,339945,114184,0
1,1,0,0,339946,114184,1
0,0,0,0,339947,114185,0
1,1,0,0,339948,114185,1
0,0,0,0,339949,114186,0
1,1,0,0,339950,114186,1
0,0,0,0,339951,114187,0
1,1,0,0,339952,114187,1
0,0,0,0,339953,114188,0
1,1,0,0,339954,114188,1
0,0,0,0,339955,114189,0
1,1,0,0,339956,114189,1
0,0,0,0,339957,114190,0
1,1,0,0,339958,114190,1
0,0,0,0,339959,114191,0
1,1,0,0,339960,114191,1
0,0,0,0,339961,114192,0
1,1,0,0,339962,114192,1
0,0,0,0,339963,114193,0
1,1,0,0,339964,114193,1
0,0,0,0,339965,114194,0
1,1,0,0,339966,114194,1
0,0,0,0,339967,114195,0
1,1,0,0,339968,114195,1
0,0,0,0,339969,114196,0
1,1,0,0,339970,114196,1
0,0,0,0,339971,114197,0
1,1,0,0,339972,114197,1
0,0,0,0,339973,114198,0
1,1,0,0,339974,114198,1
0,0,0,0,339975,114199,0
1,1,0,0,339976,114199,1
0,0,0,0,339977,114200,0
1,1,0,0,339978,114200,1
0,0,0,0,339979,114201,0
1,1,0,0,339980,114201,1
0,0,0,0,339981,114202,0
1,1,0,0,339982,114202,1
0,0,0,0,339983,114203,0
1,1,0,0,339984,114203,1
0,0,0,0,339985,114204,0
1,1,0,0,339986,114204,1
0,0,0,0,339987,114205,0
1,1,0,0,339988,114205,1
0,0,0,0,339989,114206,0
1,1,0,0,339990,114206,1
0,0,0,0,339991,114207,0
1,1,0,0,339992,114207,1
0,0,0,0,339993,114208,0
1,1,0,0,339994,114208,1
0,0,0,0,339995,114209,0
1,1,0,0,339996,114209,1
0,0,0,0,339997,114210,0
1,1,0,0,339998,114210,1
0,0,0,0,339999,114211,0
1,1,0,0,340000,114211,1
0,0,0,0,340001,114212,0
1,1,0,0,340002,114212,1
0,0,0,0,340003,114213,0
1,1,0,0,340004,114213,1
0,0,0,0,340005,114214,0
1,1,0,0,340006,114214,1
0,0,0,0,340007,114215,0
1,1,0,0,340008,114215,1
0,0,0,0,340009,114216,0
1,1,0,0,340010,114216,1
0,0,0,0,340011,114217,0
1,1,0,0,340012,114217,1
0,0,0,0,340013,114218,0
1,1,0,0,340014,114218,1
0,0,0,0,340015,114219,0
1,1,0,0,340016,114219,1
0,0,0,0,340017,114220,0
1,1,0,0,340018,114220,1
0,0,0,0,340019,114221,0
1,1,0,0,340020,114221,1
0,0,0,0,340021,114222,0
1,1,0,0,340022,114222,1
0,0,0,0,340023,114223,0
1,1,0,0,340024,114223,1
0,0,0,0,340025,114224,0
1,1,0,0,340026,114224,1
0,0,0,0,340027,114225,0
1,1,0,0,340028,114225,1
0,0,0,0,340029,114226,0
1,1,0,0,340030,114226,1
0,0,0,0,340031,114227,0
1,1,0,0,340032,114227,1
0,0,0,0,340033,114228,0
1,1,0,0,340034,114228,1
0,0,0,0,340035,114229,0
1,1,0,0,340036,114229,1
0,0,0,0,340037,114230,0
1,1,0,0,340038,114230,1
0,0,0,0,340039,114231,0
1,1,0,0,340040,114231,1
0,0,0,0,340041,114232,0
1,1,0,0,340042,114232,1
0,0,0,0,340043,114233,0
1,1,0,0,340044,114233,1
0,0,0,0,340045,114234,0
1,1,0,0,340046,114234,1
0,0,0,0,340047,114235,0
1,1,0,0,340048,114235,1
0,0,0,0,340049,114236,0
1,1,0,0,340050,114236,1
0,0,0,0,340051,114237,0
1,1,0,0,340052,114237,1
0,0,0,0,340053,114238,0
1,1,0,0,340054,114238,1
0,0,0,0,340055,114239,0
1,1,0,0,340056,114239,1
0,0,0,0,340057,114240,0
1,1,0,0,340058,114240,1
0,0,0,0,340059,114241,0
1,1,0,0,340060,114241,1
0,0,0,0,340061,114242,0
1,1,0,0,340062,114242,1
0,0,0,0,340063,114243,0
1,1,0,0,340064,114243,1
0,0,0,0,340065,114244,0
1,1,0,0,340066,114244,1
0,0,0,0,340067,114245,0
1,1,0,0,340068,114245,1
0,0,0,0,340069,114246,0
1,1,0,0,340070,114246,1
0,0,0,0,340071,114247,0
1,1,0,0,340072,114247,1
0,0,0,0,340073,114248,0
1,1,0,0,340074,114248,1
0,0,0,0,340075,114249,0
1,1,0,0,340076,114249,1
0,0,0,0,340077,114250,0
1,1,0,0,340078,114250,1
0,0,0,0,340079,114251,0
1,1,0,0,340080,114251,1
0,0,0,0,340081,114252,0
1,1,0,0,340082,114252,1
0,0,0,0,340083,114253,0
1,1,0,0,340084,114253,1
0,0,0,0,340085,114254,0
1,1,0,0,340086,114254,1
0,0,0,0,340087,114255,0
1,1,0,0,340088,114255,1
0,0,0,0,340089,114256,0
1,1,0,0,340090,114256,1
0,0,0,0,340091,114257,0
1,1,0,0,340092,114257,1
0,0,0,0,340093,114258,0
1,1,0,0,340094,114258,1
0,0,0,0,340095,114259,0
1,1,0,0,340096,114259,1
0,0,0,0,340097,114260,0
1,1,0,0,340098,114260,1
0,0,0,0,340099,114261,0
1,1,0,0,340100,114261,1
0,0,0,0,340101,114262,0
1,1,0,0,340102,114262,1
0,0,0,0,340103,114263,0
1,1,0,0,340104,114263,1
0,0,0,0,340105,114264,0
1,1,0,0,340106,114264,1
0,0,0,0,340107,114265,0
1,1,0,0,340108,114265,1
0,0,0,0,340109,114266,0
1,1,0,0,340110,114266,1
0,0,0,0,340111,114267,0
1,1,0,0,340112,114267,1
0,0,0,0,340113,114268,0
1,1,0,0,340114,114268,1
0,0,0,0,340115,114269,0
1,1,0,0,340116,114269,1
0,0,0,0,340117,114270,0
1,1,0,0,340118,114270,1
0,0,0,0,340119,114271,0
1,1,0,0,340120,114271,1
0,0,0,0,340121,114272,0
1,1,0,0,340122,114272,1
0,0,0,0,340123,114273,0
1,1,0,0,340124,114273,1
0,0,0,0,340125,114274,0
1,1,0,0,340126,114274,1
0,0,0,0,340127,114275,0
1,1,0,0,340128,114275,1
0,0,0,0,340129,114276,0
1,1,0,0,340130,114276,1
0,0,0,0,340131,114277,0
1,1,0,0,340132,114277,1
0,0,0,0,340133,114278,0
1,1,0,0,340134,114278,1
0,0,0,0,340135,114279,0
1,1,0,0,340136,114279,1
0,0,0,0,340137,114280,0
1,1,0,0,340138,114280,1
0,0,0,0,340139,114281,0
1,1,0,0,340140,114281,1
0,0,0,0,340141,114282,0
1,1,0,0,340142,114282,1
0,0,0,0,340143,114283,0
1,1,0,0,340144,114283,1
0,0,0,0,340145,114284,0
1,1,0,0,340146,114284,1
0,0,0,0,340147,114285,0
1,1,0,0,340148,114285,1
0,0,0,0,340149,114286,0
1,1,0,0,340150,114286,1
0,0,0,0,340151,114287,0
1,1,0,0,340152,114287,1
0,0,0,0,340153,114288,0
1,1,0,0,340154,114288,1
0,0,0,0,340155,114289,0
1,1,0,0,340156,114289,1
0,0,0,0,340157,114290,0
1,1,0,0,340158,114290,1
0,0,0,0,340159,114291,0
1,1,0,0,340160,114291,1
0,0,0,0,340171,114294,0
1,1,0,0,340172,114294,1
0,0,0,0,340173,114295,0
1,1,0,0,340174,114295,1
0,0,0,0,340175,114296,0
1,1,0,0,340176,114296,1
0,0,0,0,340177,114297,0
1,1,0,0,340178,114297,1
0,0,0,0,340179,114298,0
1,1,0,0,340180,114298,1
0,0,0,0,340181,114299,0
1,1,0,0,340182,114299,1
0,0,0,0,340183,114300,0
1,1,0,0,340184,114300,1
0,0,0,0,340185,114301,0
1,1,0,0,340186,114301,1
0,0,0,0,340187,114302,0
1,1,0,0,340188,114302,1
0,0,0,0,340189,114303,0
1,1,0,0,340190,114303,1
0,0,0,0,340191,114304,0
1,1,0,0,340192,114304,1
0,0,0,0,340193,114305,0
1,1,0,0,340194,114305,1
0,0,0,0,340195,114306,0
1,1,0,0,340196,114306,1
0,0,0,0,340197,114307,0
1,1,0,0,340198,114307,1
0,0,0,0,340199,114308,0
1,1,0,0,340200,114308,1
0,0,0,0,340201,114309,0
1,1,0,0,340202,114309,1
0,0,0,0,340203,114310,0
1,1,0,0,340204,114310,1
0,0,0,0,340205,114311,0
1,1,0,0,340206,114311,1
0,0,0,0,340207,114312,0
1,1,0,0,340208,114312,1
0,0,0,0,340209,114313,0
1,1,0,0,340210,114313,1
0,0,0,0,340211,114314,0
1,1,0,0,340212,114314,1
0,0,0,0,340213,114315,0
1,1,0,0,340214,114315,1
0,0,0,0,340215,114316,0
1,1,0,0,340216,114316,1
0,0,0,0,340217,114317,0
1,1,0,0,340218,114317,1
0,0,0,0,340219,114318,0
1,1,0,0,340220,114318,1
0,0,0,0,340221,114319,0
1,1,0,0,340222,114319,1
0,0,0,0,340223,114320,0
1,1,0,0,340224,114320,1
0,0,0,0,340225,114321,0
1,1,0,0,340226,114321,1
0,0,0,0,340227,114322,0
1,1,0,0,340228,114322,1
0,0,0,0,340229,114323,0
1,1,0,0,340230,114323,1
0,0,0,0,340231,114324,0
1,1,0,0,340232,114324,1
0,0,0,0,340233,114325,0
1,1,0,0,340234,114325,1
0,0,0,0,340235,114326,0
1,1,0,0,340236,114326,1
0,0,0,0,340237,114327,0
1,1,0,0,340238,114327,1
0,0,0,0,340239,114328,0
1,1,0,0,340240,114328,1
0,0,0,0,340241,114329,0
1,1,0,0,340242,114329,1
0,0,0,0,340243,114330,0
1,1,0,0,340244,114330,1
0,0,0,0,340245,114331,0
1,1,0,0,340246,114331,1
0,0,0,0,340247,114332,0
1,1,0,0,340248,114332,1
0,0,0,0,340249,114333,0
1,1,0,0,340250,114333,1
0,0,0,0,340251,114334,0
1,1,0,0,340252,114334,1
0,0,0,0,340253,114335,0
1,1,0,0,340254,114335,1
0,0,0,0,340255,114336,0
1,1,0,0,340256,114336,1
0,0,0,0,340257,114337,0
1,1,0,0,340258,114337,1
0,0,0,0,340259,114338,0
1,1,0,0,340260,114338,1
0,0,0,0,340261,114339,0
1,1,0,0,340262,114339,1
0,0,0,0,340263,114340,0
1,1,0,0,340264,114340,1
0,0,0,0,340265,114341,0
1,1,0,0,340266,114341,1
0,0,0,0,340267,114342,0
1,1,0,0,340268,114342,1
0,0,0,0,340269,114343,0
1,1,0,0,340270,114343,1
0,0,0,0,340271,114344,0
1,1,0,0,340272,114344,1
0,0,0,0,340273,114345,0
1,1,0,0,340274,114345,1
0,0,0,0,340275,114346,0
1,1,0,0,340276,114346,1
0,0,0,0,340277,114347,0
1,1,0,0,340278,114347,1
0,0,0,0,340279,114348,0
1,1,0,0,340280,114348,1
0,0,0,0,340281,114349,0
1,1,0,0,340282,114349,1
0,0,0,0,340283,114350,0
1,1,0,0,340284,114350,1
0,0,0,0,340285,114351,0
1,1,0,0,340286,114351,1
0,0,0,0,340287,114352,0
1,1,0,0,340288,114352,1
0,0,0,0,340289,114353,0
1,1,0,0,340290,114353,1
0,0,0,0,340291,114354,0
1,1,0,0,340292,114354,1
0,0,0,0,340293,114355,0
1,1,0,0,340294,114355,1
0,0,0,0,340295,114356,0
1,1,0,0,340296,114356,1
0,0,0,0,340297,114357,0
1,1,0,0,340298,114357,1
0,0,0,0,340299,114358,0
1,1,0,0,340300,114358,1
0,0,0,0,340301,114359,0
1,1,0,0,340302,114359,1
0,0,0,0,340303,114360,0
1,1,0,0,340304,114360,1
0,0,0,0,340305,114361,0
1,1,0,0,340306,114361,1
0,0,0,0,340307,114362,0
1,1,0,0,340308,114362,1
0,0,0,0,340309,114363,0
1,1,0,0,340310,114363,1
0,0,0,0,340311,114364,0
1,1,0,0,340312,114364,1
0,0,0,0,340313,114365,0
1,1,0,0,340314,114365,1
0,0,0,0,340315,114366,0
1,1,0,0,340316,114366,1
0,0,0,0,340317,114367,0
1,1,0,0,340318,114367,1
0,0,0,0,340319,114368,0
1,1,0,0,340320,114368,1
0,0,0,0,340321,114369,0
1,1,0,0,340322,114369,1
0,0,0,0,340323,114370,0
1,1,0,0,340324,114370,1
0,0,0,0,340325,114371,0
1,1,0,0,340326,114371,1
0,0,0,0,340327,114372,0
1,1,0,0,340328,114372,1
0,0,0,0,340329,114373,0
1,1,0,0,340330,114373,1
0,0,0,0,340331,114374,0
1,1,0,0,340332,114374,1
0,0,0,0,340333,114375,0
1,1,0,0,340334,114375,1
0,0,0,0,340335,114376,0
1,1,0,0,340336,114376,1
0,0,0,0,340337,114377,0
1,1,0,0,340338,114377,1
0,0,0,0,340339,114378,0
1,1,0,0,340340,114378,1
0,0,0,0,340341,114379,0
1,1,0,0,340342,114379,1
0,0,0,0,340343,114380,0
1,1,0,0,340344,114380,1
0,0,0,0,340345,114381,0
1,1,0,0,340346,114381,1
0,0,0,0,340347,114382,0
1,1,0,0,340348,114382,1
0,0,0,0,340349,114383,0
1,1,0,0,340350,114383,1
0,0,0,0,340351,114384,0
1,1,0,0,340352,114384,1
0,0,0,0,340353,114385,0
1,1,0,0,340354,114385,1
0,0,0,0,340355,114386,0
1,1,0,0,340356,114386,1
0,0,0,0,340357,114387,0
1,1,0,0,340358,114387,1
0,0,0,0,340359,114388,0
1,1,0,0,340360,114388,1
0,0,0,0,340361,114389,0
1,1,0,0,340362,114389,1
0,0,0,0,340363,114390,0
1,1,0,0,340364,114390,1
0,0,0,0,340365,114391,0
1,1,0,0,340366,114391,1
0,0,0,0,340367,114392,0
1,1,0,0,340368,114392,1
0,0,0,0,340369,114393,0
1,1,0,0,340370,114393,1
0,0,0,0,340371,114394,0
1,1,0,0,340372,114394,1
0,0,0,0,340373,114395,0
1,1,0,0,340374,114395,1
0,0,0,0,340375,114396,0
1,1,0,0,340376,114396,1
0,0,0,0,340377,114397,0
1,1,0,0,340378,114397,1
0,0,0,0,340379,114398,0
1,1,0,0,340380,114398,1
0,0,0,0,340381,114399,0
1,1,0,0,340382,114399,1
0,0,0,0,340383,114400,0
1,1,0,0,340384,114400,1
0,0,0,0,340385,114401,0
1,1,0,0,340386,114401,1
0,0,0,0,340387,114402,0
1,1,0,0,340388,114402,1
0,0,0,0,340389,114403,0
1,1,0,0,340390,114403,1
0,0,0,0,340391,114404,0
1,1,0,0,340392,114404,1
0,0,0,0,340393,114405,0
1,1,0,0,340394,114405,1
0,0,0,0,340395,114406,0
1,1,0,0,340396,114406,1
0,0,0,0,340397,114407,0
1,1,0,0,340398,114407,1
0,0,0,0,340399,114408,0
1,1,0,0,340400,114408,1
0,0,0,0,340401,114409,0
1,1,0,0,340402,114409,1
0,0,0,0,340403,114410,0
1,1,0,0,340404,114410,1
0,0,0,0,340405,114411,0
1,1,0,0,340406,114411,1
0,0,0,0,340407,114412,0
1,1,0,0,340408,114412,1
0,0,0,0,340409,114413,0
1,1,0,0,340410,114413,1
0,0,0,0,340411,114414,0
1,1,0,0,340412,114414,1
0,0,0,0,340413,114415,0
1,1,0,0,340414,114415,1
0,0,0,0,340415,114416,0
1,1,0,0,340416,114416,1
0,0,0,0,340417,114417,0
1,1,0,0,340418,114417,1
0,0,0,0,340419,114418,0
1,1,0,0,340420,114418,1
0,0,0,0,340421,114419,0
1,1,0,0,340422,114419,1
0,0,0,0,340423,114420,0
1,1,0,0,340424,114420,1
0,0,0,0,340425,114421,0
1,1,0,0,340426,114421,1
0,0,0,0,340427,114422,0
1,1,0,0,340428,114422,1
0,0,0,0,340429,114423,0
1,1,0,0,340430,114423,1
0,0,0,0,340431,114424,0
1,1,0,0,340432,114424,1
0,0,0,0,340433,114425,0
1,1,0,0,340434,114425,1
0,0,0,0,340435,114426,0
1,1,0,0,340436,114426,1
0,0,0,0,340437,114427,0
1,1,0,0,340438,114427,1
0,0,0,0,340439,114428,0
1,1,0,0,340440,114428,1
0,0,0,0,340441,114429,0
1,1,0,0,340442,114429,1
0,0,0,0,340443,114430,0
1,1,0,0,340444,114430,1
0,0,0,0,340445,114431,0
1,1,0,0,340446,114431,1
0,0,0,0,340447,114432,0
1,1,0,0,340448,114432,1
0,0,0,0,340449,114433,0
1,1,0,0,340450,114433,1
0,0,0,0,340451,114434,0
1,1,0,0,340452,114434,1
0,0,0,0,340453,114435,0
1,1,0,0,340454,114435,1
0,0,0,0,340455,114436,0
1,1,0,0,340456,114436,1
0,0,0,0,340457,114437,0
1,1,0,0,340458,114437,1
0,0,0,0,340459,114438,0
1,1,0,0,340460,114438,1
0,0,0,0,340461,114439,0
1,1,0,0,340462,114439,1
0,0,0,0,340463,114440,0
1,1,0,0,340464,114440,1
0,0,0,0,340465,114441,0
1,1,0,0,340466,114441,1
0,0,0,0,340467,114442,0
1,1,0,0,340468,114442,1
0,0,0,0,340469,114443,0
1,1,0,0,340470,114443,1
0,0,0,0,340471,114444,0
1,1,0,0,340472,114444,1
0,0,0,0,340473,114445,0
1,1,0,0,340474,114445,1
0,0,0,0,340475,114446,0
1,1,0,0,340476,114446,1
0,0,0,0,340477,114447,0
1,1,0,0,340478,114447,1
0,0,0,0,340479,114448,0
1,1,0,0,340480,114448,1
0,0,0,0,340481,114449,0
1,1,0,0,340482,114449,1
0,0,0,0,340483,114450,0
1,1,0,0,340484,114450,1
0,0,0,0,340485,114451,0
1,1,0,0,340486,114451,1
0,0,0,0,340487,114452,0
1,1,0,0,340488,114452,1
0,0,0,0,340489,114453,0
1,1,0,0,340490,114453,1
0,0,0,0,340491,114454,0
1,1,0,0,340492,114454,1
0,0,0,0,340493,114455,0
1,1,0,0,340494,114455,1
0,0,0,0,340495,114456,0
1,1,0,0,340496,114456,1
0,0,0,0,340497,114457,0
1,1,0,0,340498,114457,1
0,0,0,0,340499,114458,0
1,1,0,0,340500,114458,1
0,0,0,0,340501,114459,0
1,1,0,0,340502,114459,1
0,0,0,0,340503,114460,0
1,1,0,0,340504,114460,1
0,0,0,0,340505,114461,0
1,1,0,0,340506,114461,1
0,0,0,0,340507,114462,0
1,1,0,0,340508,114462,1
0,0,0,0,340509,114463,0
1,1,0,0,340510,114463,1
0,0,0,0,340511,114464,0
1,1,0,0,340512,114464,1
0,0,0,0,340513,114465,0
1,1,0,0,340514,114465,1
0,0,0,0,340515,114466,0
1,1,0,0,340516,114466,1
0,0,0,0,340517,114467,0
1,1,0,0,340518,114467,1
0,0,0,0,340519,114468,0
1,1,0,0,340520,114468,1
0,0,0,0,340521,114469,0
1,1,0,0,340522,114469,1
0,0,0,0,340523,114470,0
1,1,0,0,340524,114470,1
0,0,0,0,340525,114471,0
1,1,0,0,340526,114471,1
0,0,0,0,340527,114472,0
1,1,0,0,340528,114472,1
0,0,0,0,340529,114473,0
1,1,0,0,340530,114473,1
0,0,0,0,340531,114474,0
1,1,0,0,340532,114474,1
0,0,0,0,340533,114475,0
1,1,0,0,340534,114475,1
0,0,0,0,340535,114476,0
1,1,0,0,340536,114476,1
0,0,0,0,340537,114477,0
1,1,0,0,340538,114477,1
0,0,0,0,340539,114478,0
1,1,0,0,340540,114478,1
0,0,0,0,340541,114479,0
1,1,0,0,340542,114479,1
0,0,0,0,340543,114480,0
1,1,0,0,340544,114480,1
0,0,0,0,340545,114481,0
1,1,0,0,340546,114481,1
0,0,0,0,340547,114482,0
1,1,0,0,340548,114482,1
0,0,0,0,340549,114483,0
1,1,0,0,340550,114483,1
0,0,0,0,340551,114484,0
1,1,0,0,340552,114484,1
0,0,0,0,340553,114485,0
1,1,0,0,340554,114485,1
0,0,0,0,340555,114486,0
1,1,0,0,340556,114486,1
0,0,0,0,340557,114487,0
1,1,0,0,340558,114487,1
0,0,0,0,340559,114488,0
1,1,0,0,340560,114488,1
0,0,0,0,340561,114489,0
1,1,0,0,340562,114489,1
0,0,0,0,340563,114490,0
1,1,0,0,340564,114490,1
0,0,0,0,340565,114491,0
1,1,0,0,340566,114491,1
0,0,0,0,340567,114492,0
1,1,0,0,340568,114492,1
0,0,0,0,340569,114493,0
1,1,0,0,340570,114493,1
0,0,0,0,340571,114494,0
1,1,0,0,340572,114494,1
0,0,0,0,340573,114495,0
1,1,0,0,340574,114495,1
0,0,0,0,340575,114496,0
1,1,0,0,340576,114496,1
0,0,0,0,340577,114497,0
1,1,0,0,340578,114497,1
0,0,0,0,340579,114498,0
1,1,0,0,340580,114498,1
0,0,0,0,340581,114499,0
1,1,0,0,340582,114499,1
0,0,0,0,340583,114500,0
1,1,0,0,340584,114500,1
0,0,0,0,340585,114501,0
1,1,0,0,340586,114501,1
0,0,0,0,340587,114502,0
1,1,0,0,340588,114502,1
0,0,0,0,340589,114503,0
1,1,0,0,340590,114503,1
0,0,0,0,340591,114504,0
1,1,0,0,340592,114504,1
0,0,0,0,340593,114505,0
1,1,0,0,340594,114505,1
0,0,0,0,340595,114506,0
1,1,0,0,340596,114506,1
0,0,0,0,340597,114507,0
1,1,0,0,340598,114507,1
0,0,0,0,340599,114508,0
1,1,0,0,340600,114508,1
0,0,0,0,340601,114509,0
1,1,0,0,340602,114509,1
0,0,0,0,340603,114510,0
1,1,0,0,340604,114510,1
0,0,0,0,340605,114511,0
1,1,0,0,340606,114511,1
0,0,0,0,340607,114512,0
1,1,0,0,340608,114512,1
0,0,0,0,340609,114513,0
1,1,0,0,340610,114513,1
0,0,0,0,340611,114514,0
1,1,0,0,340612,114514,1
0,0,0,0,340613,114515,0
1,1,0,0,340614,114515,1
0,0,0,0,340615,114516,0
1,1,0,0,340616,114516,1
0,0,0,0,340617,114517,0
1,1,0,0,340618,114517,1
0,0,0,0,340619,114518,0
1,1,0,0,340620,114518,1
0,0,0,0,340621,114519,0
1,1,0,0,340622,114519,1
0,0,0,0,340623,114520,0
1,1,0,0,340624,114520,1
0,0,0,0,340625,114521,0
1,1,0,0,340626,114521,1
0,0,0,0,340627,114522,0
1,1,0,0,340628,114522,1
0,0,0,0,340629,114523,0
1,1,0,0,340630,114523,1
0,0,0,0,340631,114524,0
1,1,0,0,340632,114524,1
0,0,0,0,340633,114525,0
1,1,0,0,340634,114525,1
0,0,0,0,340635,114526,0
1,1,0,0,340636,114526,1
0,0,0,0,340637,114527,0
1,1,0,0,340638,114527,1
0,0,0,0,340639,114528,0
1,1,0,0,340640,114528,1
0,0,0,0,340641,114529,0
1,1,0,0,340642,114529,1
0,0,0,0,340643,114530,0
1,1,0,0,340644,114530,1
0,0,0,0,340645,114531,0
1,1,0,0,340646,114531,1
0,0,0,0,340647,114532,0
1,1,0,0,340648,114532,1
0,0,0,0,340649,114533,0
1,1,0,0,340650,114533,1
0,0,0,0,340651,114534,0
1,1,0,0,340652,114534,1
0,0,0,0,340653,114535,0
1,1,0,0,340654,114535,1
0,0,0,0,340655,114536,0
1,1,0,0,340656,114536,1
0,0,0,0,340657,114537,0
1,1,0,0,340658,114537,1
0,0,0,0,340659,114538,0
1,1,0,0,340660,114538,1
0,0,0,0,340661,114539,0
1,1,0,0,340662,114539,1
0,0,0,0,340663,114540,0
1,1,0,0,340664,114540,1
0,0,0,0,340665,114541,0
1,1,0,0,340666,114541,1
0,0,0,0,340667,114542,0
1,1,0,0,340668,114542,1
0,0,0,0,340669,114543,0
1,1,0,0,340670,114543,1
0,0,0,0,340671,114544,0
1,1,0,0,340672,114544,1
0,0,0,0,340673,114545,0
1,1,0,0,340674,114545,1
0,0,0,0,340675,114546,0
1,1,0,0,340676,114546,1
0,0,0,0,340677,114547,0
1,1,0,0,340678,114547,1
0,0,0,0,340679,114548,0
1,1,0,0,340680,114548,1
0,0,0,0,340681,114549,0
1,1,0,0,340682,114549,1
0,0,0,0,340683,114550,0
1,1,0,0,340684,114550,1
0,0,0,0,340685,114551,0
1,1,0,0,340686,114551,1
0,0,0,0,340687,114552,0
1,1,0,0,340688,114552,1
0,0,0,0,340689,114553,0
1,1,0,0,340690,114553,1
0,0,0,0,340691,114554,0
1,1,0,0,340692,114554,1
0,0,0,0,340693,114555,0
1,1,0,0,340694,114555,1
0,0,0,0,340695,114556,0
1,1,0,0,340696,114556,1
0,0,0,0,340697,114557,0
1,1,0,0,340698,114557,1
0,0,0,0,340699,114558,0
1,1,0,0,340700,114558,1
0,0,0,0,340701,114559,0
1,1,0,0,340702,114559,1
0,0,0,0,340703,114560,0
1,1,0,0,340704,114560,1
0,0,0,0,340705,114561,0
1,1,0,0,340706,114561,1
0,0,0,0,340707,114562,0
1,1,0,0,340708,114562,1
0,0,0,0,340709,114563,0
1,1,0,0,340710,114563,1
0,0,0,0,340711,114564,0
1,1,0,0,340712,114564,1
0,0,0,0,340713,114565,0
1,1,0,0,340714,114565,1
0,0,0,0,340715,114566,0
1,1,0,0,340716,114566,1
0,0,0,0,340717,114567,0
1,1,0,0,340718,114567,1
0,0,0,0,340719,114568,0
1,1,0,0,340720,114568,1
0,0,0,0,340721,114569,0
1,1,0,0,340722,114569,1
0,0,0,0,340723,114570,0
1,1,0,0,340724,114570,1
0,0,0,0,340725,114571,0
1,1,0,0,340726,114571,1
0,0,0,0,340727,114572,0
1,1,0,0,340728,114572,1
0,0,0,0,340729,114573,0
1,1,0,0,340730,114573,1
0,0,0,0,340731,114574,0
1,1,0,0,340732,114574,1
0,0,0,0,340733,114575,0
1,1,0,0,340734,114575,1
0,0,0,0,340735,114576,0
1,1,0,0,340736,114576,1
0,0,0,0,340737,114577,0
1,1,0,0,340738,114577,1
0,0,0,0,340739,114578,0
1,1,0,0,340740,114578,1
0,0,0,0,340741,114579,0
1,1,0,0,340742,114579,1
0,0,0,0,340743,114580,0
1,1,0,0,340744,114580,1
0,0,0,0,340745,114581,0
1,1,0,0,340746,114581,1
0,0,0,0,340747,114582,0
1,1,0,0,340748,114582,1
0,0,0,0,340749,114583,0
1,1,0,0,340750,114583,1
0,0,0,0,340751,114584,0
1,1,0,0,340752,114584,1
0,0,0,0,340753,114585,0
1,1,0,0,340754,114585,1
0,0,0,0,340755,114586,0
1,1,0,0,340756,114586,1
0,0,0,0,340757,114587,0
1,1,0,0,340758,114587,1
0,0,0,0,340759,114588,0
1,1,0,0,340760,114588,1
0,0,0,0,340761,114589,0
1,1,0,0,340762,114589,1
0,0,0,0,340763,114590,0
1,1,0,0,340764,114590,1
0,0,0,0,340765,114591,0
1,1,0,0,340766,114591,1
0,0,0,0,340767,114592,0
1,1,0,0,340768,114592,1
0,0,0,0,340769,114593,0
1,1,0,0,340770,114593,1
0,0,0,0,340771,114594,0
1,1,0,0,340772,114594,1
0,0,0,0,340773,114595,0
1,1,0,0,340774,114595,1
0,0,0,0,340775,114596,0
1,1,0,0,340776,114596,1
0,0,0,0,340777,114597,0
1,1,0,0,340778,114597,1
0,0,0,0,340779,114598,0
1,1,0,0,340780,114598,1
0,0,0,0,340781,114599,0
1,1,0,0,340782,114599,1
0,0,0,0,340783,114600,0
1,1,0,0,340784,114600,1
0,0,0,0,340785,114601,0
1,1,0,0,340786,114601,1
0,0,0,0,340787,114602,0
1,1,0,0,340788,114602,1
0,0,0,0,340789,114603,0
1,1,0,0,340790,114603,1
0,0,0,0,340791,114604,0
1,1,0,0,340792,114604,1
0,0,0,0,340793,114605,0
1,1,0,0,340794,114605,1
0,0,0,0,340795,114606,0
1,1,0,0,340796,114606,1
0,0,0,0,340797,114607,0
1,1,0,0,340798,114607,1
0,0,0,0,340799,114608,0
1,1,0,0,340800,114608,1
0,0,0,0,340801,114609,0
1,1,0,0,340802,114609,1
0,0,0,0,340803,114610,0
1,1,0,0,340804,114610,1
0,0,0,0,340805,114611,0
1,1,0,0,340806,114611,1
0,0,0,0,340807,114612,0
1,1,0,0,340808,114612,1
0,0,0,0,340809,114613,0
1,1,0,0,340810,114613,1
0,0,0,0,340811,114614,0
1,1,0,0,340812,114614,1
0,0,0,0,340813,114615,0
1,1,0,0,340814,114615,1
0,0,0,0,340815,114616,0
1,1,0,0,340816,114616,1
0,0,0,0,340817,114617,0
1,1,0,0,340818,114617,1
0,0,0,0,340819,114618,0
1,1,0,0,340820,114618,1
0,0,0,0,340821,114619,0
1,1,0,0,340822,114619,1
0,0,0,0,340823,114620,0
1,1,0,0,340824,114620,1
0,0,0,0,340825,114621,0
1,1,0,0,340826,114621,1
0,0,0,0,340827,114622,0
1,1,0,0,340828,114622,1
0,0,0,0,340829,114623,0
1,1,0,0,340830,114623,1
0,0,0,0,340831,114624,0
1,1,0,0,340832,114624,1
0,0,0,0,340833,114625,0
1,1,0,0,340834,114625,1
0,0,0,0,340835,114626,0
1,1,0,0,340836,114626,1
0,0,0,0,340837,114627,0
1,1,0,0,340838,114627,1
0,0,0,0,340839,114628,0
1,1,0,0,340840,114628,1
0,0,0,0,340841,114629,0
1,1,0,0,340842,114629,1
0,0,0,0,340843,114630,0
1,1,0,0,340844,114630,1
0,0,0,0,340845,114631,0
1,1,0,0,340846,114631,1
0,0,0,0,340847,114632,0
1,1,0,0,340848,114632,1
0,0,0,0,340849,114633,0
1,1,0,0,340850,114633,1
0,0,0,0,340851,114634,0
1,1,0,0,340852,114634,1
0,0,0,0,340853,114635,0
1,1,0,0,340854,114635,1
0,0,0,0,340855,114636,0
1,1,0,0,340856,114636,1
0,0,0,0,340857,114637,0
1,1,0,0,340858,114637,1
0,0,0,0,340859,114638,0
1,1,0,0,340860,114638,1
0,0,0,0,340861,114639,0
1,1,0,0,340862,114639,1
0,0,0,0,340863,114640,0
1,1,0,0,340864,114640,1
0,0,0,0,340865,114641,0
1,1,0,0,340866,114641,1
0,0,0,0,341168,114708,0
1,1,0,0,341169,114708,1
0,0,0,0,341170,114709,0
1,1,0,0,341171,114709,1
0,0,0,0,341172,114710,0
1,1,0,0,341173,114710,1
0,0,0,0,341174,114711,0
1,1,0,0,341175,114711,1
0,0,0,0,341176,114712,0
1,1,0,0,341177,114712,1
0,0,0,0,341178,114713,0
1,1,0,0,341179,114713,1
0,0,0,0,341180,114714,0
1,1,0,0,341181,114714,1
0,0,0,0,341182,114715,0
1,1,0,0,341183,114715,1
0,0,0,0,341184,114716,0
1,1,0,0,341185,114716,1
0,0,0,0,341186,114717,0
1,1,0,0,341187,114717,1
0,0,0,0,341188,114718,0
1,1,0,0,341189,114718,1
0,0,0,0,341190,114719,0
1,1,0,0,341191,114719,1
0,0,0,0,341192,114720,0
1,1,0,0,341193,114720,1
0,0,0,0,341194,114721,0
1,1,0,0,341195,114721,1
0,0,0,0,341196,114722,0
1,1,0,0,341197,114722,1
0,0,0,0,341198,114723,0
1,1,0,0,341199,114723,1
0,0,0,0,341200,114724,0
1,1,0,0,341201,114724,1
0,0,0,0,341202,114725,0
1,1,0,0,341203,114725,1
0,0,0,0,341216,114729,0
1,1,0,0,341217,114729,1
0,0,0,0,341218,114730,0
1,1,0,0,341219,114730,1
0,0,0,0,341220,114731,0
1,1,0,0,341221,114731,1
0,0,0,0,341222,114732,0
1,1,0,0,341223,114732,1
0,0,0,0,341224,114733,0
1,1,0,0,341225,114733,1
0,0,0,0,341226,114734,0
1,1,0,0,341227,114734,1
0,0,0,0,341228,114735,0
1,1,0,0,341229,114735,1
0,0,0,0,341230,114736,0
1,1,0,0,341231,114736,1
0,0,0,0,341232,114737,0
1,1,0,0,341233,114737,1
0,0,0,0,341234,114738,0
1,1,0,0,341235,114738,1
0,0,0,0,341236,114739,0
1,1,0,0,341237,114739,1
0,0,0,0,341238,114740,0
1,1,0,0,341239,114740,1
0,0,0,0,341240,114741,0
1,1,0,0,341241,114741,1
0,0,0,0,341242,114742,0
1,1,0,0,341243,114742,1
0,0,0,0,341244,114743,0
1,1,0,0,341245,114743,1
0,0,0,0,341246,114744,0
1,1,0,0,341247,114744,1
0,0,0,0,341248,114745,0
1,1,0,0,341249,114745,1
0,0,0,0,341250,114746,0
1,1,0,0,341251,114746,1
0,0,0,0,341269,114751,0
1,1,0,0,341270,114751,1
0,0,0,0,341271,114752,0
1,1,0,0,341272,114752,1
0,0,0,0,341273,114753,0
1,1,0,0,341274,114753,1
0,0,0,0,341275,114754,0
1,1,0,0,341276,114754,1
0,0,0,0,341277,114755,0
1,1,0,0,341278,114755,1
0,0,0,0,341279,114756,0
1,1,0,0,341280,114756,1
0,0,0,0,341281,114757,0
1,1,0,0,341282,114757,1
0,0,0,0,341283,114758,0
1,1,0,0,341284,114758,1
0,0,0,0,341285,114759,0
1,1,0,0,341286,114759,1
0,0,0,0,341287,114760,0
1,1,0,0,341288,114760,1
0,0,0,0,341289,114761,0
1,1,0,0,341290,114761,1
0,0,0,0,341291,114762,0
1,1,0,0,341292,114762,1
0,0,0,0,341293,114763,0
1,1,0,0,341294,114763,1
0,0,0,0,341295,114764,0
1,1,0,0,341296,114764,1
0,0,0,0,341297,114765,0
1,1,0,0,341298,114765,1
0,0,0,0,341299,114766,0
1,1,0,0,341300,114766,1
0,0,0,0,341301,114767,0
1,1,0,0,341302,114767,1
0,0,0,0,341303,114768,0
1,1,0,0,341304,114768,1
0,0,0,0,341305,114769,0
1,1,0,0,341306,114769,1
0,0,0,0,341307,114770,0
1,1,0,0,341308,114770,1
0,0,0,0,341309,114771,0
1,1,0,0,341310,114771,1
0,0,0,0,341311,114772,0
1,1,0,0,341312,114772,1
0,0,0,0,341313,114773,0
1,1,0,0,341314,114773,1
0,0,0,0,341315,114774,0
1,1,0,0,341316,114774,1
0,0,0,0,341317,114775,0
1,1,0,0,341318,114775,1
0,0,0,0,341319,114776,0
1,1,0,0,341320,114776,1
0,0,0,0,341321,114777,0
1,1,0,0,341322,114777,1
0,0,0,0,341323,114778,0
1,1,0,0,341324,114778,1
0,0,0,0,341325,114779,0
1,1,0,0,341326,114779,1
0,0,0,0,341327,114780,0
1,1,0,0,341328,114780,1
0,0,0,0,341329,114781,0
1,1,0,0,341330,114781,1
0,0,0,0,341331,114782,0
1,1,0,0,341332,114782,1
0,0,0,0,341333,114783,0
1,1,0,0,341334,114783,1
0,0,0,0,341335,114784,0
1,1,0,0,341336,114784,1
0,0,0,0,341337,114785,0
1,1,0,0,341338,114785,1
0,0,0,0,341339,114786,0
1,1,0,0,341340,114786,1
0,0,0,0,341348,114788,0
1,1,0,0,341349,114788,1
0,0,0,0,341350,114789,0
1,1,0,0,341351,114789,1
0,0,0,0,341352,114790,0
1,1,0,0,341353,114790,1
0,0,0,0,341354,114791,0
1,1,0,0,341355,114791,1
0,0,0,0,341356,114792,0
1,1,0,0,341357,114792,1
0,0,0,0,341358,114793,0
1,1,0,0,341359,114793,1
0,0,0,0,341432,114809,0
1,1,0,0,341433,114809,1
0,0,0,0,341434,114810,0
1,1,0,0,341435,114810,1
0,0,0,0,341436,114811,0
1,1,0,0,341437,114811,1
0,0,0,0,341438,114812,0
1,1,0,0,341439,114812,1
0,0,0,0,341440,114813,0
1,1,0,0,341441,114813,1
0,0,0,0,341442,114814,0
1,1,0,0,341443,114814,1
0,0,0,0,341444,114815,0
1,1,0,0,341445,114815,1
0,0,0,0,341446,114816,0
1,1,0,0,341447,114816,1
0,0,0,0,341448,114817,0
1,1,0,0,341449,114817,1
0,0,0,0,341450,114818,0
1,1,0,0,341451,114818,1
0,0,0,0,341452,114819,0
1,1,0,0,341453,114819,1
0,0,0,0,341454,114820,0
1,1,0,0,341455,114820,1
0,0,0,0,341456,114821,0
1,1,0,0,341457,114821,1
0,0,0,0,341458,114822,0
1,1,0,0,341459,114822,1
0,0,0,0,341460,114823,0
1,1,0,0,341461,114823,1
0,0,0,0,341462,114824,0
1,1,0,0,341463,114824,1
0,0,0,0,341464,114825,0
1,1,0,0,341465,114825,1
0,0,0,0,341466,114826,0
1,1,0,0,341467,114826,1
0,0,0,0,341468,114827,0
1,1,0,0,341469,114827,1
0,0,0,0,341470,114828,0
1,1,0,0,341471,114828,1
0,0,0,0,341472,114829,0
1,1,0,0,341473,114829,1
0,0,0,0,341474,114830,0
1,1,0,0,341475,114830,1
0,0,0,0,341476,114831,0
1,1,0,0,341477,114831,1
0,0,0,0,341478,114832,0
1,1,0,0,341479,114832,1
0,0,0,0,341480,114833,0
1,1,0,0,341481,114833,1
0,0,0,0,341482,114834,0
1,1,0,0,341483,114834,1
0,0,0,0,341484,114835,0
1,1,0,0,341485,114835,1
0,0,0,0,341486,114836,0
1,1,0,0,341487,114836,1
0,0,0,0,341488,114837,0
1,1,0,0,341489,114837,1
0,0,0,0,341490,114838,0
1,1,0,0,341491,114838,1
0,0,0,0,341492,114839,0
1,1,0,0,341493,114839,1
0,0,0,0,341494,114840,0
1,1,0,0,341495,114840,1
0,0,0,0,341496,114841,0
1,1,0,0,341497,114841,1
0,0,0,0,341498,114842,0
1,1,0,0,341499,114842,1
0,0,0,0,341500,114843,0
1,1,0,0,341501,114843,1
0,0,0,0,341502,114844,0
1,1,0,0,341503,114844,1
0,0,0,0,341504,114845,0
1,1,0,0,341505,114845,1
0,0,0,0,341506,114846,0
1,1,0,0,341507,114846,1
0,0,0,0,341508,114847,0
1,1,0,0,341509,114847,1
0,0,0,0,341510,114848,0
1,1,0,0,341511,114848,1
0,0,0,0,341512,114849,0
1,1,0,0,341513,114849,1
0,0,0,0,341514,114850,0
1,1,0,0,341515,114850,1
0,0,0,0,341516,114851,0
1,1,0,0,341517,114851,1
0,0,0,0,341518,114852,0
1,1,0,0,341519,114852,1
0,0,0,0,341520,114853,0
1,1,0,0,341521,114853,1
0,0,0,0,341522,114854,0
1,1,0,0,341523,114854,1
0,0,0,0,341524,114855,0
1,1,0,0,341525,114855,1
0,0,0,0,341526,114856,0
1,1,0,0,341527,114856,1
0,0,0,0,341528,114857,0
1,1,0,0,341529,114857,1
0,0,0,0,341530,114858,0
1,1,0,0,341531,114858,1
0,0,0,0,341532,114859,0
1,1,0,0,341533,114859,1
0,0,0,0,341534,114860,0
1,1,0,0,341535,114860,1
0,0,0,0,341536,114861,0
1,1,0,0,341537,114861,1
0,0,0,0,341538,114862,0
1,1,0,0,341539,114862,1
0,0,0,0,341540,114863,0
1,1,0,0,341541,114863,1
0,0,0,0,341542,114864,0
1,1,0,0,341543,114864,1
0,0,0,0,341544,114865,0
1,1,0,0,341545,114865,1
0,0,0,0,341546,114866,0
1,1,0,0,341547,114866,1
0,0,0,0,341548,114867,0
1,1,0,0,341549,114867,1
0,0,0,0,341550,114868,0
1,1,0,0,341551,114868,1
0,0,0,0,341552,114869,0
1,1,0,0,341553,114869,1
0,0,0,0,341554,114870,0
1,1,0,0,341555,114870,1
0,0,0,0,341556,114871,0
1,1,0,0,341557,114871,1
0,0,0,0,341558,114872,0
1,1,0,0,341559,114872,1
0,0,0,0,341560,114873,0
1,1,0,0,341561,114873,1
0,0,0,0,341562,114874,0
1,1,0,0,341563,114874,1
0,0,0,0,341564,114875,0
1,1,0,0,341565,114875,1
0,0,0,0,341566,114876,0
1,1,0,0,341567,114876,1
0,0,0,0,341568,114877,0
1,1,0,0,341569,114877,1
0,0,0,0,341570,114878,0
1,1,0,0,341571,114878,1
0,0,0,0,341572,114879,0
1,1,0,0,341573,114879,1
0,0,0,0,341574,114880,0
1,1,0,0,341575,114880,1
0,0,0,0,341576,114881,0
1,1,0,0,341577,114881,1
0,0,0,0,341578,114882,0
1,1,0,0,341579,114882,1
0,0,0,0,341580,114883,0
1,1,0,0,341581,114883,1
0,0,0,0,341582,114884,0
1,1,0,0,341583,114884,1
0,0,0,0,341584,114885,0
1,1,0,0,341585,114885,1
0,0,0,0,341586,114886,0
1,1,0,0,341587,114886,1
0,0,0,0,341588,114887,0
1,1,0,0,341589,114887,1
0,0,0,0,341590,114888,0
1,1,0,0,341591,114888,1
0,0,0,0,341592,114889,0
1,1,0,0,341593,114889,1
0,0,0,0,341594,114890,0
1,1,0,0,341595,114890,1
0,0,0,0,341596,114891,0
1,1,0,0,341597,114891,1
0,0,0,0,341598,114892,0
1,1,0,0,341599,114892,1
0,0,0,0,341600,114893,0
1,1,0,0,341601,114893,1
0,0,0,0,341602,114894,0
1,1,0,0,341603,114894,1
0,0,0,0,341604,114895,0
1,1,0,0,341605,114895,1
0,0,0,0,341606,114896,0
1,1,0,0,341607,114896,1
0,0,0,0,341608,114897,0
1,1,0,0,341609,114897,1
0,0,0,0,341610,114898,0
1,1,0,0,341611,114898,1
0,0,0,0,341612,114899,0
1,1,0,0,341613,114899,1
0,0,0,0,341614,114900,0
1,1,0,0,341615,114900,1
0,0,0,0,341616,114901,0
1,1,0,0,341617,114901,1
0,0,0,0,341618,114902,0
1,1,0,0,341619,114902,1
0,0,0,0,341620,114903,0
1,1,0,0,341621,114903,1
0,0,0,0,341622,114904,0
1,1,0,0,341623,114904,1
0,0,0,0,341624,114905,0
1,1,0,0,341625,114905,1
0,0,0,0,341626,114906,0
1,1,0,0,341627,114906,1
0,0,0,0,341628,114907,0
1,1,0,0,341629,114907,1
0,0,0,0,341630,114908,0
1,1,0,0,341631,114908,1
0,0,0,0,341632,114909,0
1,1,0,0,341633,114909,1
0,0,0,0,341634,114910,0
1,1,0,0,341635,114910,1
0,0,0,0,341636,114911,0
1,1,0,0,341637,114911,1
0,0,0,0,341638,114912,0
1,1,0,0,341639,114912,1
0,0,0,0,341640,114913,0
1,1,0,0,341641,114913,1
0,0,0,0,341642,114914,0
1,1,0,0,341643,114914,1
0,0,0,0,341644,114915,0
1,1,0,0,341645,114915,1
0,0,0,0,341646,114916,0
1,1,0,0,341647,114916,1
0,0,0,0,341648,114917,0
1,1,0,0,341649,114917,1
0,0,0,0,341650,114918,0
1,1,0,0,341651,114918,1
0,0,0,0,341652,114919,0
1,1,0,0,341653,114919,1
0,0,0,0,341654,114920,0
1,1,0,0,341655,114920,1
0,0,0,0,341656,114921,0
1,1,0,0,341657,114921,1
0,0,0,0,341658,114922,0
1,1,0,0,341659,114922,1
0,0,0,0,341660,114923,0
1,1,0,0,341661,114923,1
0,0,0,0,341662,114924,0
1,1,0,0,341663,114924,1
0,0,0,0,341664,114925,0
1,1,0,0,341665,114925,1
0,0,0,0,341666,114926,0
1,1,0,0,341667,114926,1
0,0,0,0,341668,114927,0
1,1,0,0,341669,114927,1
0,0,0,0,341670,114928,0
1,1,0,0,341671,114928,1
0,0,0,0,341672,114929,0
1,1,0,0,341673,114929,1
0,0,0,0,341674,114930,0
1,1,0,0,341675,114930,1
0,0,0,0,341676,114931,0
1,1,0,0,341677,114931,1
0,0,0,0,341678,114932,0
1,1,0,0,341679,114932,1
0,0,0,0,341680,114933,0
1,1,0,0,341681,114933,1
0,0,0,0,341682,114934,0
1,1,0,0,341683,114934,1
0,0,0,0,341684,114935,0
1,1,0,0,341685,114935,1
0,0,0,0,341686,114936,0
1,1,0,0,341687,114936,1
0,0,0,0,341688,114937,0
1,1,0,0,341689,114937,1
0,0,0,0,341690,114938,0
1,1,0,0,341691,114938,1
0,0,0,0,341692,114939,0
1,1,0,0,341693,114939,1
0,0,0,0,341694,114940,0
1,1,0,0,341695,114940,1
0,0,0,0,341696,114941,0
1,1,0,0,341697,114941,1
0,0,0,0,341698,114942,0
1,1,0,0,341699,114942,1
0,0,0,0,341700,114943,0
1,1,0,0,341701,114943,1
0,0,0,0,341702,114944,0
1,1,0,0,341703,114944,1
0,0,0,0,341704,114945,0
1,1,0,0,341705,114945,1
0,0,0,0,341706,114946,0
1,1,0,0,341707,114946,1
0,0,0,0,341708,114947,0
1,1,0,0,341709,114947,1
0,0,0,0,341710,114948,0
1,1,0,0,341711,114948,1
0,0,0,0,341712,114949,0
1,1,0,0,341713,114949,1
0,0,0,0,341714,114950,0
1,1,0,0,341715,114950,1
0,0,0,0,341716,114951,0
1,1,0,0,341717,114951,1
0,0,0,0,341718,114952,0
1,1,0,0,341719,114952,1
0,0,0,0,341720,114953,0
1,1,0,0,341721,114953,1
0,0,0,0,341722,114954,0
1,1,0,0,341723,114954,1
0,0,0,0,341724,114955,0
1,1,0,0,341725,114955,1
0,0,0,0,341726,114956,0
1,1,0,0,341727,114956,1
0,0,0,0,341728,114957,0
1,1,0,0,341729,114957,1
0,0,0,0,341730,114958,0
1,1,0,0,341731,114958,1
0,0,0,0,341732,114959,0
1,1,0,0,341733,114959,1
0,0,0,0,341734,114960,0
1,1,0,0,341735,114960,1
0,0,0,0,341736,114961,0
1,1,0,0,341737,114961,1
0,0,0,0,341738,114962,0
1,1,0,0,341739,114962,1
0,0,0,0,341740,114963,0
1,1,0,0,341741,114963,1
0,0,0,0,341742,114964,0
1,1,0,0,341743,114964,1
0,0,0,0,341744,114965,0
1,1,0,0,341745,114965,1
0,0,0,0,341746,114966,0
1,1,0,0,341747,114966,1
0,0,0,0,341748,114967,0
1,1,0,0,341749,114967,1
0,0,0,0,341750,114968,0
1,1,0,0,341751,114968,1
0,0,0,0,341752,114969,0
1,1,0,0,341753,114969,1
0,0,0,0,341754,114970,0
1,1,0,0,341755,114970,1
0,0,0,0,341756,114971,0
1,1,0,0,341757,114971,1
0,0,0,0,341758,114972,0
1,1,0,0,341759,114972,1
0,0,0,0,341760,114973,0
1,1,0,0,341761,114973,1
0,0,0,0,341762,114974,0
1,1,0,0,341763,114974,1
0,0,0,0,341764,114975,0
1,1,0,0,341765,114975,1
0,0,0,0,341766,114976,0
1,1,0,0,341767,114976,1
0,0,0,0,341768,114977,0
1,1,0,0,341769,114977,1
0,0,0,0,341770,114978,0
1,1,0,0,341771,114978,1
0,0,0,0,341772,114979,0
1,1,0,0,341773,114979,1
0,0,0,0,341774,114980,0
1,1,0,0,341775,114980,1
0,0,0,0,341776,114981,0
1,1,0,0,341777,114981,1
0,0,0,0,341778,114982,0
1,1,0,0,341779,114982,1
0,0,0,0,341780,114983,0
1,1,0,0,341781,114983,1
0,0,0,0,341782,114984,0
1,1,0,0,341783,114984,1
0,0,0,0,341784,114985,0
1,1,0,0,341785,114985,1
0,0,0,0,341786,114986,0
1,1,0,0,341787,114986,1
0,0,0,0,341788,114987,0
1,1,0,0,341789,114987,1
0,0,0,0,341790,114988,0
1,1,0,0,341791,114988,1
1,5,0,0,342020,115028,0
2,10,0,0,342021,115028,1
3,15,0,0,342022,115028,2
0,0,0,0,342039,115032,0
1,1,0,0,342040,115032,1
0,0,0,0,342041,115033,0
1,1,0,0,342042,115033,1
0,0,0,0,342043,115034,0
1,1,0,0,342044,115034,1
0,0,0,0,342045,115035,0
1,1,0,0,342046,115035,1
0,0,0,0,342047,115036,0
1,1,0,0,342048,115036,1
0,0,0,0,342049,115037,0
1,1,0,0,342050,115037,1
0,0,0,0,342051,115038,0
1,1,0,0,342052,115038,1
0,0,0,0,342053,115039,0
1,1,0,0,342054,115039,1
0,0,0,0,342055,115040,0
1,1,0,0,342056,115040,1
0,0,0,0,342057,115041,0
1,1,0,0,342058,115041,1
0,0,0,0,342059,115042,0
1,1,0,0,342060,115042,1
0,0,0,0,342061,115043,0
1,1,0,0,342062,115043,1
0,0,0,0,342063,115044,0
1,1,0,0,342064,115044,1
0,0,0,0,342065,115045,0
1,1,0,0,342066,115045,1
0,0,0,0,342067,115046,0
1,1,0,0,342068,115046,1
0,0,0,0,342069,115047,0
1,1,0,0,342070,115047,1
0,0,0,0,342071,115048,0
1,1,0,0,342072,115048,1
0,0,0,0,342073,115049,0
1,1,0,0,342074,115049,1
0,0,0,0,342075,115050,0
1,1,0,0,342076,115050,1
0,0,0,0,342077,115051,0
1,1,0,0,342078,115051,1
0,0,0,0,342079,115052,0
1,1,0,0,342080,115052,1
0,0,0,0,342081,115053,0
1,1,0,0,342082,115053,1
0,0,0,0,342083,115054,0
1,1,0,0,342084,115054,1
0,0,0,0,342085,115055,0
1,1,0,0,342086,115055,1
0,0,0,0,342087,115056,0
1,1,0,0,342088,115056,1
0,0,0,0,342089,115057,0
1,1,0,0,342090,115057,1
0,0,0,0,342091,115058,0
1,1,0,0,342092,115058,1
0,0,0,0,342093,115059,0
1,1,0,0,342094,115059,1
0,0,0,0,342095,115060,0
1,1,0,0,342096,115060,1
0,0,0,0,342097,115061,0
1,1,0,0,342098,115061,1
0,0,0,0,342099,115062,0
1,1,0,0,342100,115062,1
0,0,0,0,342101,115063,0
1,1,0,0,342102,115063,1
0,0,0,0,342103,115064,0
1,1,0,0,342104,115064,1
0,0,0,0,342105,115065,0
1,1,0,0,342106,115065,1
0,0,0,0,342107,115066,0
1,1,0,0,342108,115066,1
0,0,0,0,342109,115067,0
1,1,0,0,342110,115067,1
0,0,0,0,342111,115068,0
1,1,0,0,342112,115068,1
0,0,0,0,342113,115069,0
1,1,0,0,342114,115069,1
0,0,0,0,342115,115070,0
1,1,0,0,342116,115070,1
0,0,0,0,342117,115071,0
1,1,0,0,342118,115071,1
0,0,0,0,342119,115072,0
1,1,0,0,342120,115072,1
0,0,0,0,342121,115073,0
1,1,0,0,342122,115073,1
0,0,0,0,342123,115074,0
1,1,0,0,342124,115074,1
0,0,0,0,342125,115075,0
1,1,0,0,342126,115075,1
0,0,0,0,342127,115076,0
1,1,0,0,342128,115076,1
0,0,0,0,342129,115077,0
1,1,0,0,342130,115077,1
0,0,0,0,342131,115078,0
1,1,0,0,342132,115078,1
0,0,0,0,342133,115079,0
1,1,0,0,342134,115079,1
0,0,0,0,342135,115080,0
1,1,0,0,342136,115080,1
0,0,0,0,342137,115081,0
1,1,0,0,342138,115081,1
0,0,0,0,342139,115082,0
1,1,0,0,342140,115082,1
0,0,0,0,342141,115083,0
1,1,0,0,342142,115083,1
0,0,0,0,342143,115084,0
1,1,0,0,342144,115084,1
0,0,0,0,342145,115085,0
1,1,0,0,342146,115085,1
0,0,0,0,342147,115086,0
1,1,0,0,342148,115086,1
0,0,0,0,342149,115087,0
1,1,0,0,342150,115087,1
0,0,0,0,342151,115088,0
1,1,0,0,342152,115088,1
0,0,0,0,342153,115089,0
1,1,0,0,342154,115089,1
0,0,0,0,342155,115090,0
1,1,0,0,342156,115090,1
0,0,0,0,342157,115091,0
1,1,0,0,342158,115091,1
0,0,0,0,342159,115092,0
1,1,0,0,342160,115092,1
0,0,0,0,342161,115093,0
1,1,0,0,342162,115093,1
0,0,0,0,342163,115094,0
1,1,0,0,342164,115094,1
0,0,0,0,342165,115095,0
1,1,0,0,342166,115095,1
0,0,0,0,342167,115096,0
1,1,0,0,342168,115096,1
0,0,0,0,342169,115097,0
1,1,0,0,342170,115097,1
0,0,0,0,342171,115098,0
1,1,0,0,342172,115098,1
0,0,0,0,342173,115099,0
1,1,0,0,342174,115099,1
0,0,0,0,342175,115100,0
1,1,0,0,342176,115100,1
0,0,0,0,342177,115101,0
1,1,0,0,342178,115101,1
0,0,0,0,342179,115102,0
1,1,0,0,342180,115102,1
0,0,0,0,342181,115103,0
1,1,0,0,342182,115103,1
0,0,0,0,342183,115104,0
1,1,0,0,342184,115104,1
0,0,0,0,342185,115105,0
1,1,0,0,342186,115105,1
0,0,0,0,342187,115106,0
1,1,0,0,342188,115106,1
0,0,0,0,342189,115107,0
1,1,0,0,342190,115107,1
0,0,0,0,342191,115108,0
1,1,0,0,342192,115108,1
0,0,0,0,342193,115109,0
1,1,0,0,342194,115109,1
0,0,0,0,342195,115110,0
1,1,0,0,342196,115110,1
0,0,0,0,342197,115111,0
1,1,0,0,342198,115111,1
0,0,0,0,342199,115112,0
1,1,0,0,342200,115112,1
0,0,0,0,342201,115113,0
1,1,0,0,342202,115113,1
0,0,0,0,342203,115114,0
1,1,0,0,342204,115114,1
0,0,0,0,342205,115115,0
1,1,0,0,342206,115115,1
0,0,0,0,342207,115116,0
1,1,0,0,342208,115116,1
0,0,0,0,342209,115117,0
1,1,0,0,342210,115117,1
0,0,0,0,342211,115118,0
1,1,0,0,342212,115118,1
0,0,0,0,342213,115119,0
1,1,0,0,342214,115119,1
0,0,0,0,342215,115120,0
1,1,0,0,342216,115120,1
0,0,0,0,342217,115121,0
1,1,0,0,342218,115121,1
0,0,0,0,342219,115122,0
1,1,0,0,342220,115122,1
0,0,0,0,342221,115123,0
1,1,0,0,342222,115123,1
0,0,0,0,342223,115124,0
1,1,0,0,342224,115124,1
0,0,0,0,342225,115125,0
1,1,0,0,342226,115125,1
0,0,0,0,342227,115126,0
1,1,0,0,342228,115126,1
0,0,0,0,342229,115127,0
1,1,0,0,342230,115127,1
0,0,0,0,342231,115128,0
1,1,0,0,342232,115128,1
0,0,0,0,342233,115129,0
1,1,0,0,342234,115129,1
0,0,0,0,342235,115130,0
1,1,0,0,342236,115130,1
0,0,0,0,342237,115131,0
1,1,0,0,342238,115131,1
0,0,0,0,342239,115132,0
1,1,0,0,342240,115132,1
0,0,0,0,342241,115133,0
1,1,0,0,342242,115133,1
0,0,0,0,342243,115134,0
1,1,0,0,342244,115134,1
0,0,0,0,342245,115135,0
1,1,0,0,342246,115135,1
0,0,0,0,342247,115136,0
1,1,0,0,342248,115136,1
0,0,0,0,342249,115137,0
1,1,0,0,342250,115137,1
0,0,0,0,342251,115138,0
1,1,0,0,342252,115138,1
0,0,0,0,342253,115139,0
1,1,0,0,342254,115139,1
0,0,0,0,342255,115140,0
1,1,0,0,342256,115140,1
0,0,0,0,342257,115141,0
1,1,0,0,342258,115141,1
0,0,0,0,342259,115142,0
1,1,0,0,342260,115142,1
0,0,0,0,342261,115143,0
1,1,0,0,342262,115143,1
0,0,0,0,342263,115144,0
1,1,0,0,342264,115144,1
0,0,0,0,342265,115145,0
1,1,0,0,342266,115145,1
0,0,0,0,342267,115146,0
1,1,0,0,342268,115146,1
0,0,0,0,342269,115147,0
1,1,0,0,342270,115147,1
0,0,0,0,342271,115148,0
1,1,0,0,342272,115148,1
0,0,0,0,342273,115149,0
1,1,0,0,342274,115149,1
0,0,0,0,342275,115150,0
1,1,0,0,342276,115150,1
0,0,0,0,342277,115151,0
1,1,0,0,342278,115151,1
0,0,0,0,342279,115152,0
1,1,0,0,342280,115152,1
0,0,0,0,342281,115153,0
1,1,0,0,342282,115153,1
0,0,0,0,342283,115154,0
1,1,0,0,342284,115154,1
0,0,0,0,342285,115155,0
1,1,0,0,342286,115155,1
0,0,0,0,342287,115156,0
1,1,0,0,342288,115156,1
0,0,0,0,342289,115157,0
1,1,0,0,342290,115157,1
0,0,0,0,342291,115158,0
1,1,0,0,342292,115158,1
0,0,0,0,342293,115159,0
1,1,0,0,342294,115159,1
0,0,0,0,342295,115160,0
1,1,0,0,342296,115160,1
0,0,0,0,342297,115161,0
1,1,0,0,342298,115161,1
0,0,0,0,342299,115162,0
1,1,0,0,342300,115162,1
0,0,0,0,342301,115163,0
1,1,0,0,342302,115163,1
0,0,0,0,342303,115164,0
1,1,0,0,342304,115164,1
0,0,0,0,342305,115165,0
1,1,0,0,342306,115165,1
0,0,0,0,342307,115166,0
1,1,0,0,342308,115166,1
0,0,0,0,342309,115167,0
1,1,0,0,342310,115167,1
0,0,0,0,342311,115168,0
1,1,0,0,342312,115168,1
0,0,0,0,342313,115169,0
1,1,0,0,342314,115169,1
0,0,0,0,342315,115170,0
1,1,0,0,342316,115170,1
0,0,0,0,342317,115171,0
1,1,0,0,342318,115171,1
0,0,0,0,342319,115172,0
1,1,0,0,342320,115172,1
0,0,0,0,342321,115173,0
1,1,0,0,342322,115173,1
0,0,0,0,342323,115174,0
1,1,0,0,342324,115174,1
0,0,0,0,342325,115175,0
1,1,0,0,342326,115175,1
0,0,0,0,342327,115176,0
1,1,0,0,342328,115176,1
0,0,0,0,342329,115177,0
1,1,0,0,342330,115177,1
0,0,0,0,342331,115178,0
1,1,0,0,342332,115178,1
0,0,0,0,342333,115179,0
1,1,0,0,342334,115179,1
0,0,0,0,342335,115180,0
1,1,0,0,342336,115180,1
0,0,0,0,342337,115181,0
1,1,0,0,342338,115181,1
0,0,0,0,342339,115182,0
1,1,0,0,342340,115182,1
0,0,0,0,342341,115183,0
1,1,0,0,342342,115183,1
0,0,0,0,342343,115184,0
1,1,0,0,342344,115184,1
0,0,0,0,342345,115185,0
1,1,0,0,342346,115185,1
0,0,0,0,342347,115186,0
1,1,0,0,342348,115186,1
0,0,0,0,342349,115187,0
1,1,0,0,342350,115187,1
0,0,0,0,342351,115188,0
1,1,0,0,342352,115188,1
0,0,0,0,342353,115189,0
1,1,0,0,342354,115189,1
0,0,0,0,342355,115190,0
1,1,0,0,342356,115190,1
0,0,0,0,342357,115191,0
1,1,0,0,342358,115191,1
0,0,0,0,342359,115192,0
1,1,0,0,342360,115192,1
0,0,0,0,342361,115193,0
1,1,0,0,342362,115193,1
0,0,0,0,342363,115194,0
1,1,0,0,342364,115194,1
0,0,0,0,342365,115195,0
1,1,0,0,342366,115195,1
0,0,0,0,342367,115196,0
1,1,0,0,342368,115196,1
0,0,0,0,342369,115197,0
1,1,0,0,342370,115197,1
0,0,0,0,342371,115198,0
1,1,0,0,342372,115198,1
0,0,0,0,342373,115199,0
1,1,0,0,342374,115199,1
0,0,0,0,342375,115200,0
1,1,0,0,342376,115200,1
0,0,0,0,342377,115201,0
1,1,0,0,342378,115201,1
0,0,0,0,342379,115202,0
1,1,0,0,342380,115202,1
0,0,0,0,342381,115203,0
1,1,0,0,342382,115203,1
0,0,0,0,342383,115204,0
1,1,0,0,342384,115204,1
0,0,0,0,342385,115205,0
1,1,0,0,342386,115205,1
0,0,0,0,342387,115206,0
1,1,0,0,342388,115206,1
0,0,0,0,342389,115207,0
1,1,0,0,342390,115207,1
0,0,0,0,342391,115208,0
1,1,0,0,342392,115208,1
0,0,0,0,342393,115209,0
1,1,0,0,342394,115209,1
0,0,0,0,342395,115210,0
1,1,0,0,342396,115210,1
0,0,0,0,342397,115211,0
1,1,0,0,342398,115211,1
0,0,0,0,342399,115212,0
1,1,0,0,342400,115212,1
0,0,0,0,342401,115213,0
1,1,0,0,342402,115213,1
0,0,0,0,342403,115214,0
1,1,0,0,342404,115214,1
0,0,0,0,342405,115215,0
1,1,0,0,342406,115215,1
0,0,0,0,342407,115216,0
1,1,0,0,342408,115216,1
0,0,0,0,342409,115217,0
1,1,0,0,342410,115217,1
0,0,0,0,342411,115218,0
1,1,0,0,342412,115218,1
0,0,0,0,342413,115219,0
1,1,0,0,342414,115219,1
0,0,0,0,342415,115220,0
1,1,0,0,342416,115220,1
0,0,0,0,342417,115221,0
1,1,0,0,342418,115221,1
0,0,0,0,342419,115222,0
1,1,0,0,342420,115222,1
0,0,0,0,342421,115223,0
1,1,0,0,342422,115223,1
0,0,0,0,342423,115224,0
1,1,0,0,342424,115224,1
0,0,0,0,342425,115225,0
1,1,0,0,342426,115225,1
0,0,0,0,342427,115226,0
1,1,0,0,342428,115226,1
0,0,0,0,342429,115227,0
1,1,0,0,342430,115227,1
0,0,0,0,342431,115228,0
1,1,0,0,342432,115228,1
0,0,0,0,342433,115229,0
1,1,0,0,342434,115229,1
0,0,0,0,342435,115230,0
1,1,0,0,342436,115230,1
0,0,0,0,342437,115231,0
1,1,0,0,342438,115231,1
0,0,0,0,342439,115232,0
1,1,0,0,342440,115232,1
0,0,0,0,342441,115233,0
1,1,0,0,342442,115233,1
0,0,0,0,342443,115234,0
1,1,0,0,342444,115234,1
0,0,0,0,342445,115235,0
1,1,0,0,342446,115235,1
0,0,0,0,342447,115236,0
1,1,0,0,342448,115236,1
0,0,0,0,342449,115237,0
1,1,0,0,342450,115237,1
0,0,0,0,342451,115238,0
1,1,0,0,342452,115238,1
0,0,0,0,342453,115239,0
1,1,0,0,342454,115239,1
0,0,0,0,342455,115240,0
1,1,0,0,342456,115240,1
0,0,0,0,342457,115241,0
1,1,0,0,342458,115241,1
0,0,0,0,342459,115242,0
1,1,0,0,342460,115242,1
0,0,0,0,342461,115243,0
1,1,0,0,342462,115243,1
0,0,0,0,342463,115244,0
1,1,0,0,342464,115244,1
0,0,0,0,342465,115245,0
1,1,0,0,342466,115245,1
0,0,0,0,342467,115246,0
1,1,0,0,342468,115246,1
0,0,0,0,342469,115247,0
1,1,0,0,342470,115247,1
0,0,0,0,342471,115248,0
1,1,0,0,342472,115248,1
0,0,0,0,342473,115249,0
1,1,0,0,342474,115249,1
0,0,0,0,342475,115250,0
1,1,0,0,342476,115250,1
0,0,0,0,342477,115251,0
1,1,0,0,342478,115251,1
0,0,0,0,342479,115252,0
1,1,0,0,342480,115252,1
0,0,0,0,342481,115253,0
1,1,0,0,342482,115253,1
0,0,0,0,342483,115254,0
1,1,0,0,342484,115254,1
0,0,0,0,342485,115255,0
1,1,0,0,342486,115255,1
0,0,0,0,342487,115256,0
1,1,0,0,342488,115256,1
0,0,0,0,342489,115257,0
1,1,0,0,342490,115257,1
0,0,0,0,342491,115258,0
1,1,0,0,342492,115258,1
0,0,0,0,342493,115259,0
1,1,0,0,342494,115259,1
0,0,0,0,342495,115260,0
1,1,0,0,342496,115260,1
0,0,0,0,342497,115261,0
1,1,0,0,342498,115261,1
0,0,0,0,342499,115262,0
1,1,0,0,342500,115262,1
0,0,0,0,342501,115263,0
1,1,0,0,342502,115263,1
0,0,0,0,342503,115264,0
1,1,0,0,342504,115264,1
0,0,0,0,342505,115265,0
1,1,0,0,342506,115265,1
0,0,0,0,342507,115266,0
1,1,0,0,342508,115266,1
0,0,0,0,342509,115267,0
1,1,0,0,342510,115267,1
0,0,0,0,342511,115268,0
1,1,0,0,342512,115268,1
0,0,0,0,342513,115269,0
1,1,0,0,342514,115269,1
0,0,0,0,342515,115270,0
1,1,0,0,342516,115270,1
0,0,0,0,342517,115271,0
1,1,0,0,342518,115271,1
0,0,0,0,342519,115272,0
1,1,0,0,342520,115272,1
0,0,0,0,342521,115273,0
1,1,0,0,342522,115273,1
0,0,0,0,342523,115274,0
1,1,0,0,342524,115274,1
0,0,0,0,342525,115275,0
1,1,0,0,342526,115275,1
0,0,0,0,342527,115276,0
1,1,0,0,342528,115276,1
0,0,0,0,342529,115277,0
1,1,0,0,342530,115277,1
0,0,0,0,342531,115278,0
1,1,0,0,342532,115278,1
0,0,0,0,342533,115279,0
1,1,0,0,342534,115279,1
0,0,0,0,342535,115280,0
1,1,0,0,342536,115280,1
0,0,0,0,342537,115281,0
1,1,0,0,342538,115281,1
0,0,0,0,342539,115282,0
1,1,0,0,342540,115282,1
0,0,0,0,342541,115283,0
1,1,0,0,342542,115283,1
0,0,0,0,342543,115284,0
1,1,0,0,342544,115284,1
0,0,0,0,342545,115285,0
1,1,0,0,342546,115285,1
0,0,0,0,342547,115286,0
1,1,0,0,342548,115286,1
0,0,0,0,342549,115287,0
1,1,0,0,342550,115287,1
0,0,0,0,342551,115288,0
1,1,0,0,342552,115288,1
0,0,0,0,342553,115289,0
1,1,0,0,342554,115289,1
0,0,0,0,342555,115290,0
1,1,0,0,342556,115290,1
0,0,0,0,342557,115291,0
1,1,0,0,342558,115291,1
0,0,0,0,342559,115292,0
1,1,0,0,342560,115292,1
0,0,0,0,342561,115293,0
1,1,0,0,342562,115293,1
0,0,0,0,342563,115294,0
1,1,0,0,342564,115294,1
0,0,0,0,342565,115295,0
1,1,0,0,342566,115295,1
0,0,0,0,342567,115296,0
1,1,0,0,342568,115296,1
0,0,0,0,342569,115297,0
1,1,0,0,342570,115297,1
0,0,0,0,342571,115298,0
1,1,0,0,342572,115298,1
0,0,0,0,342573,115299,0
1,1,0,0,342574,115299,1
0,0,0,0,342575,115300,0
1,1,0,0,342576,115300,1
0,0,0,0,342577,115301,0
1,1,0,0,342578,115301,1
0,0,0,0,342579,115302,0
1,1,0,0,342580,115302,1
0,0,0,0,342581,115303,0
1,1,0,0,342582,115303,1
0,0,0,0,342583,115304,0
1,1,0,0,342584,115304,1
0,0,0,0,342585,115305,0
1,1,0,0,342586,115305,1
0,0,0,0,342587,115306,0
1,1,0,0,342588,115306,1
0,0,0,0,342589,115307,0
1,1,0,0,342590,115307,1
0,0,0,0,342591,115308,0
1,1,0,0,342592,115308,1
0,0,0,0,342593,115309,0
1,1,0,0,342594,115309,1
0,0,0,0,342595,115310,0
1,1,0,0,342596,115310,1
0,0,0,0,342597,115311,0
1,1,0,0,342598,115311,1
0,0,0,0,342599,115312,0
1,1,0,0,342600,115312,1
0,0,0,0,342601,115313,0
1,1,0,0,342602,115313,1
0,0,0,0,342603,115314,0
1,1,0,0,342604,115314,1
0,0,0,0,342605,115315,0
1,1,0,0,342606,115315,1
0,0,0,0,342607,115316,0
1,1,0,0,342608,115316,1
0,0,0,0,342609,115317,0
1,1,0,0,342610,115317,1
0,0,0,0,342611,115318,0
1,1,0,0,342612,115318,1
0,0,0,0,342613,115319,0
1,1,0,0,342614,115319,1
0,0,0,0,342615,115320,0
1,1,0,0,342616,115320,1
0,0,0,0,342617,115321,0
1,1,0,0,342618,115321,1
0,0,0,0,342619,115322,0
1,1,0,0,342620,115322,1
0,0,0,0,342621,115323,0
1,1,0,0,342622,115323,1
0,0,0,0,342623,115324,0
1,1,0,0,342624,115324,1
0,0,0,0,342625,115325,0
1,1,0,0,342626,115325,1
0,0,0,0,342627,115326,0
1,1,0,0,342628,115326,1
0,0,0,0,342629,115327,0
1,1,0,0,342630,115327,1
0,0,0,0,342631,115328,0
1,1,0,0,342632,115328,1
0,0,0,0,342633,115329,0
1,1,0,0,342634,115329,1
0,0,0,0,342635,115330,0
1,1,0,0,342636,115330,1
0,0,0,0,342637,115331,0
1,1,0,0,342638,115331,1
0,0,0,0,342639,115332,0
1,1,0,0,342640,115332,1
0,0,0,0,342641,115333,0
1,1,0,0,342642,115333,1
0,0,0,0,342643,115334,0
1,1,0,0,342644,115334,1
0,0,0,0,342645,115335,0
1,1,0,0,342646,115335,1
0,0,0,0,342647,115336,0
1,1,0,0,342648,115336,1
0,0,0,0,342649,115337,0
1,1,0,0,342650,115337,1
0,0,0,0,342651,115338,0
1,1,0,0,342652,115338,1
0,0,0,0,342653,115339,0
1,1,0,0,342654,115339,1
0,0,0,0,342655,115340,0
1,1,0,0,342656,115340,1
0,0,0,0,342657,115341,0
1,1,0,0,342658,115341,1
0,0,0,0,342659,115342,0
1,1,0,0,342660,115342,1
0,0,0,0,342661,115343,0
1,1,0,0,342662,115343,1
0,0,0,0,342663,115344,0
1,1,0,0,342664,115344,1
0,0,0,0,342665,115345,0
1,1,0,0,342666,115345,1
0,0,0,0,342667,115346,0
1,1,0,0,342668,115346,1
0,0,0,0,342669,115347,0
1,1,0,0,342670,115347,1
0,0,0,0,342671,115348,0
1,1,0,0,342672,115348,1
0,0,0,0,342673,115349,0
1,1,0,0,342674,115349,1
0,0,0,0,342675,115350,0
1,1,0,0,342676,115350,1
0,0,0,0,342677,115351,0
1,1,0,0,342678,115351,1
0,0,0,0,342679,115352,0
1,1,0,0,342680,115352,1
0,0,0,0,342681,115353,0
1,1,0,0,342682,115353,1
0,0,0,0,342683,115354,0
1,1,0,0,342684,115354,1
0,0,0,0,342685,115355,0
1,1,0,0,342686,115355,1
0,0,0,0,342687,115356,0
1,1,0,0,342688,115356,1
0,0,0,0,342689,115357,0
1,1,0,0,342690,115357,1
0,0,0,0,342691,115358,0
1,1,0,0,342692,115358,1
0,0,0,0,342693,115359,0
1,1,0,0,342694,115359,1
0,0,0,0,342695,115360,0
1,1,0,0,342696,115360,1
0,0,0,0,342697,115361,0
1,1,0,0,342698,115361,1
0,0,0,0,342699,115362,0
1,1,0,0,342700,115362,1
0,0,0,0,342701,115363,0
1,1,0,0,342702,115363,1
0,0,0,0,342703,115364,0
1,1,0,0,342704,115364,1
0,0,0,0,342705,115365,0
1,1,0,0,342706,115365,1
0,0,0,0,342707,115366,0
1,1,0,0,342708,115366,1
0,0,0,0,342709,115367,0
1,1,0,0,342710,115367,1
0,0,0,0,342711,115368,0
1,1,0,0,342712,115368,1
0,0,0,0,342713,115369,0
1,1,0,0,342714,115369,1
0,0,0,0,342715,115370,0
1,1,0,0,342716,115370,1
0,0,0,0,342717,115371,0
1,1,0,0,342718,115371,1
0,0,0,0,342719,115372,0
1,1,0,0,342720,115372,1
0,0,0,0,342721,115373,0
1,1,0,0,342722,115373,1
0,0,0,0,342723,115374,0
1,1,0,0,342724,115374,1
0,0,0,0,342725,115375,0
1,1,0,0,342726,115375,1
0,0,0,0,342727,115376,0
1,1,0,0,342728,115376,1
0,0,0,0,342729,115377,0
1,1,0,0,342730,115377,1
0,0,0,0,342731,115378,0
1,1,0,0,342732,115378,1
0,0,0,0,342733,115379,0
1,1,0,0,342734,115379,1
0,0,0,0,342735,115380,0
1,1,0,0,342736,115380,1
0,0,0,0,342737,115381,0
1,1,0,0,342738,115381,1
0,0,0,0,342739,115382,0
1,1,0,0,342740,115382,1
0,0,0,0,342741,115383,0
1,1,0,0,342742,115383,1
0,0,0,0,342743,115384,0
1,1,0,0,342744,115384,1
0,0,0,0,342745,115385,0
1,1,0,0,342746,115385,1
0,0,0,0,342747,115386,0
1,1,0,0,342748,115386,1
0,0,0,0,342749,115387,0
1,1,0,0,342750,115387,1
0,0,0,0,342751,115388,0
1,1,0,0,342752,115388,1
0,0,0,0,342753,115389,0
1,1,0,0,342754,115389,1
0,0,0,0,342755,115390,0
1,1,0,0,342756,115390,1
0,0,0,0,342757,115391,0
1,1,0,0,342758,115391,1
0,0,0,0,342759,115392,0
1,1,0,0,342760,115392,1
0,0,0,0,342761,115393,0
1,1,0,0,342762,115393,1
0,0,0,0,342763,115394,0
1,1,0,0,342764,115394,1
0,0,0,0,342765,115395,0
1,1,0,0,342766,115395,1
0,0,0,0,342767,115396,0
1,1,0,0,342768,115396,1
0,0,0,0,342769,115397,0
1,1,0,0,342770,115397,1
0,0,0,0,342771,115398,0
1,1,0,0,342772,115398,1
0,0,0,0,342773,115399,0
1,1,0,0,342774,115399,1
0,0,0,0,342775,115400,0
1,1,0,0,342776,115400,1
0,0,0,0,342777,115401,0
1,1,0,0,342778,115401,1
0,0,0,0,342779,115402,0
1,1,0,0,342780,115402,1
0,0,0,0,342781,115403,0
1,1,0,0,342782,115403,1
0,0,0,0,342783,115404,0
1,1,0,0,342784,115404,1
0,0,0,0,342785,115405,0
1,1,0,0,342786,115405,1
0,0,0,0,342787,115406,0
1,1,0,0,342788,115406,1
0,0,0,0,342789,115407,0
1,1,0,0,342790,115407,1
0,0,0,0,342791,115408,0
1,1,0,0,342792,115408,1
0,0,0,0,342793,115409,0
1,1,0,0,342794,115409,1
0,0,0,0,342795,115410,0
1,1,0,0,342796,115410,1
0,0,0,0,342797,115411,0
1,1,0,0,342798,115411,1
0,0,0,0,342799,115412,0
1,1,0,0,342800,115412,1
0,0,0,0,342801,115413,0
1,1,0,0,342802,115413,1
0,0,0,0,342803,115414,0
1,1,0,0,342804,115414,1
0,0,0,0,342805,115415,0
1,1,0,0,342806,115415,1
0,0,0,0,342807,115416,0
1,1,0,0,342808,115416,1
0,0,0,0,342809,115417,0
1,1,0,0,342810,115417,1
0,0,0,0,342811,115418,0
1,1,0,0,342812,115418,1
0,0,0,0,342813,115419,0
1,1,0,0,342814,115419,1
0,0,0,0,342815,115420,0
1,1,0,0,342816,115420,1
0,0,0,0,342817,115421,0
1,1,0,0,342818,115421,1
1,1,0,0,342831,115425,0
2,2,0,0,342832,115425,1
3,3,0,0,342833,115425,2
0,0,0,0,342840,115429,0
0.29818183,0.053475916,0,0,342841,115429,1
0.7309091,0.973262,0,0,342842,115429,2
1,1,0,0,342843,115429,3
0,0,0,0,342851,115431,0
0.29818183,0.053475916,0,0,342852,115431,1
0.7309091,0.973262,0,0,342853,115431,2
1,1,0,0,342854,115431,3
0,0,0,0,342855,115432,0
0.29818183,0.053475916,0,0,342856,115432,1
0.7309091,0.973262,0,0,342857,115432,2
1,1,0,0,342858,115432,3
0,0,0,0,342863,115434,0
1,1,0,0,342864,115434,1
0,0,0,0,342865,115435,0
1,1,0,0,342866,115435,1
0,0,0,0,342867,115436,0
1,1,0,0,342868,115436,1
0,0,0,0,342869,115437,0
1,1,0,0,342870,115437,1
0,0,0,0,342871,115438,0
1,1,0,0,342872,115438,1
0,0,0,0,342873,115439,0
1,1,0,0,342874,115439,1
0,0,0,0,342875,115440,0
1,1,0,0,342876,115440,1
0,0,0,0,342877,115441,0
1,1,0,0,342878,115441,1
0,0,0,0,342879,115442,0
1,1,0,0,342880,115442,1
0,0,0,0,342881,115443,0
1,1,0,0,342882,115443,1
0,0,0,0,342883,115444,0
1,1,0,0,342884,115444,1
0,0,0,0,342885,115445,0
1,1,0,0,342886,115445,1
0,0,0,0,342887,115446,0
1,1,0,0,342888,115446,1
0,0,0,0,342889,115447,0
1,1,0,0,342890,115447,1
0,0,0,0,342891,115448,0
1,1,0,0,342892,115448,1
0,0,0,0,342893,115449,0
1,1,0,0,342894,115449,1
0,0,0,0,342895,115450,0
1,1,0,0,342896,115450,1
0,0,0,0,342897,115451,0
1,1,0,0,342898,115451,1
0,0,0,0,342899,115452,0
1,1,0,0,342900,115452,1
0,0,0,0,342901,115453,0
1,1,0,0,342902,115453,1
0,0,0,0,342903,115454,0
1,1,0,0,342904,115454,1
0,0,0,0,342905,115455,0
1,1,0,0,342906,115455,1
0,0,0,0,342907,115456,0
1,1,0,0,342908,115456,1
0,0,0,0,342909,115457,0
1,1,0,0,342910,115457,1
0,0,0,0,342911,115458,0
1,1,0,0,342912,115458,1
0,0,0,0,342913,115459,0
1,1,0,0,342914,115459,1
0,0,0,0,342915,115460,0
1,1,0,0,342916,115460,1
0,0,0,0,342917,115461,0
1,1,0,0,342918,115461,1
0,0,0,0,342919,115462,0
1,1,0,0,342920,115462,1
0,0,0,0,342921,115463,0
1,1,0,0,342922,115463,1
0,0,0,0,342923,115464,0
1,1,0,0,342924,115464,1
0,0,0,0,342925,115465,0
1,1,0,0,342926,115465,1
0,0,0,0,342927,115466,0
1,1,0,0,342928,115466,1
0,0,0,0,342929,115467,0
1,1,0,0,342930,115467,1
0,0,0,0,342931,115468,0
1,1,0,0,342932,115468,1
0,0,0,0,342933,115469,0
1,1,0,0,342934,115469,1
0,0,0,0,343043,115513,0
1,1,0,0,343044,115513,1
0,0,0,0,343045,115514,0
1,1,0,0,343046,115514,1
0,0,0,0,343047,115515,0
1,1,0,0,343048,115515,1
0,0,0,0,343049,115516,0
1,1,0,0,343050,115516,1
0,0,0,0,343051,115517,0
1,1,0,0,343052,115517,1
0,0,0,0,343053,115518,0
1,1,0,0,343054,115518,1
0,0,0,0,343055,115519,0
1,1,0,0,343056,115519,1
0,0,0,0,343057,115520,0
1,1,0,0,343058,115520,1
0,0,0,0,343059,115521,0
1,1,0,0,343060,115521,1
0,0,0,0,343061,115522,0
1,1,0,0,343062,115522,1
0,0,0,0,343063,115523,0
1,1,0,0,343064,115523,1
0,0,0,0,343065,115524,0
1,1,0,0,343066,115524,1
0,0,0,0,343067,115525,0
1,1,0,0,343068,115525,1
0,0,0,0,343069,115526,0
1,1,0,0,343070,115526,1
0,0,0,0,343071,115527,0
1,1,0,0,343072,115527,1
0,0,0,0,343073,115528,0
1,1,0,0,343074,115528,1
0,0,0,0,343075,115529,0
1,1,0,0,343076,115529,1
0,0,0,0,343077,115530,0
1,1,0,0,343078,115530,1
0,0,0,0,343079,115531,0
1,1,0,0,343080,115531,1
0,0,0,0,343081,115532,0
1,1,0,0,343082,115532,1
0,0,0,0,343083,115533,0
1,1,0,0,343084,115533,1
0,0,0,0,343085,115534,0
1,1,0,0,343086,115534,1
0,0,0,0,343087,115535,0
1,1,0,0,343088,115535,1
0,0,0,0,343089,115536,0
1,1,0,0,343090,115536,1
0,0,0,0,343091,115537,0
1,1,0,0,343092,115537,1
0,0,0,0,343093,115538,0
1,1,0,0,343094,115538,1
0,0,0,0,343095,115539,0
1,1,0,0,343096,115539,1
0,0,0,0,343097,115540,0
1,1,0,0,343098,115540,1
0,0,0,0,343099,115541,0
1,1,0,0,343100,115541,1
0,0,0,0,343101,115542,0
1,1,0,0,343102,115542,1
0,0,0,0,343103,115543,0
1,1,0,0,343104,115543,1
0,0,0,0,343105,115544,0
1,1,0,0,343106,115544,1
0,0,0,0,343107,115545,0
1,1,0,0,343108,115545,1
0,0,0,0,343109,115546,0
1,1,0,0,343110,115546,1
0,0,0,0,343111,115547,0
1,1,0,0,343112,115547,1
0,0,0,0,343113,115548,0
1,1,0,0,343114,115548,1
0,0,0,0,343119,115550,0
1,1,0,0,343120,115550,1
0,0,0,0,343121,115551,0
1,1,0,0,343122,115551,1
0,0,0,0,343123,115552,0
1,1,0,0,343124,115552,1
0,0,0,0,343125,115553,0
1,1,0,0,343126,115553,1
0,0,0,0,343127,115554,0
1,1,0,0,343128,115554,1
0,0,0,0,343129,115555,0
1,1,0,0,343130,115555,1
0,0,0,0,343131,115556,0
1,1,0,0,343132,115556,1
0,0,0,0,343133,115557,0
1,1,0,0,343134,115557,1
0,0,0,0,343135,115558,0
1,1,0,0,343136,115558,1
0,0,0,0,343137,115559,0
1,1,0,0,343138,115559,1
0,0,0,0,343139,115560,0
1,1,0,0,343140,115560,1
0,0,0,0,343141,115561,0
1,1,0,0,343142,115561,1
0,0,0,0,343143,115562,0
1,1,0,0,343144,115562,1
0,0,0,0,343145,115563,0
1,1,0,0,343146,115563,1
0,0,0,0,343147,115564,0
1,1,0,0,343148,115564,1
0,0,0,0,343149,115565,0
1,1,0,0,343150,115565,1
0,0,0,0,343151,115566,0
1,1,0,0,343152,115566,1
0,0,0,0,343153,115567,0
1,1,0,0,343154,115567,1
0,0,0,0,343155,115568,0
1,1,0,0,343156,115568,1
0,0,0,0,343157,115569,0
1,1,0,0,343158,115569,1
0,0,0,0,343159,115570,0
1,1,0,0,343160,115570,1
0,0,0,0,343161,115571,0
1,1,0,0,343162,115571,1
0,0,0,0,343163,115572,0
1,1,0,0,343164,115572,1
0,0,0,0,343165,115573,0
1,1,0,0,343166,115573,1
0,0,0,0,343167,115574,0
1,1,0,0,343168,115574,1
0,0,0,0,343169,115575,0
1,1,0,0,343170,115575,1
0,0,0,0,343171,115576,0
1,1,0,0,343172,115576,1
0,0,0,0,343173,115577,0
1,1,0,0,343174,115577,1
0,0,0,0,343175,115578,0
1,1,0,0,343176,115578,1
0,0,0,0,343177,115579,0
1,1,0,0,343178,115579,1
0,0,0,0,343179,115580,0
1,1,0,0,343180,115580,1
0,0,0,0,343181,115581,0
1,1,0,0,343182,115581,1
0,0,0,0,343183,115582,0
1,1,0,0,343184,115582,1
0,0,0,0,343185,115583,0
1,1,0,0,343186,115583,1
0,0,0,0,343187,115584,0
1,1,0,0,343188,115584,1
0,0,0,0,343189,115585,0
1,1,0,0,343190,115585,1
0,0,0,0,343221,115598,0
1,1,0,0,343222,115598,1
0,0,0,0,343223,115599,0
1,1,0,0,343224,115599,1
0,0,0,0,343225,115600,0
1,1,0,0,343226,115600,1
0,0,0,0,343227,115601,0
1,1,0,0,343228,115601,1
0,0,0,0,343229,115602,0
1,1,0,0,343230,115602,1
0,0,0,0,343231,115603,0
1,1,0,0,343232,115603,1
0,0,0,0,343233,115604,0
1,1,0,0,343234,115604,1
0,0,0,0,343235,115605,0
1,1,0,0,343236,115605,1
0,0,0,0,343237,115606,0
1,1,0,0,343238,115606,1
0,0,0,0,343239,115607,0
1,1,0,0,343240,115607,1
0,0,0,0,343241,115608,0
1,1,0,0,343242,115608,1
0,0,0,0,343243,115609,0
1,1,0,0,343244,115609,1
0,0,0,0,343245,115610,0
1,1,0,0,343246,115610,1
0,0,0,0,343247,115611,0
1,1,0,0,343248,115611,1
0,0,0,0,343249,115612,0
1,1,0,0,343250,115612,1
0,0,0,0,343251,115613,0
1,1,0,0,343252,115613,1
0,0,0,0,343253,115614,0
1,1,0,0,343254,115614,1
0,0,0,0,343255,115615,0
1,1,0,0,343256,115615,1
0,0,0,0,343257,115616,0
1,1,0,0,343258,115616,1
0,0,0,0,343259,115617,0
1,1,0,0,343260,115617,1
0,0,0,0,343261,115618,0
1,1,0,0,343262,115618,1
0,0,0,0,343263,115619,0
1,1,0,0,343264,115619,1
0,0,0,0,343265,115620,0
1,1,0,0,343266,115620,1
0,0,0,0,343267,115621,0
1,1,0,0,343268,115621,1
0,0,0,0,343269,115622,0
1,1,0,0,343270,115622,1
0,0,0,0,343271,115623,0
1,1,0,0,343272,115623,1
0,0,0,0,343273,115624,0
1,1,0,0,343274,115624,1
0,0,0,0,343275,115625,0
1,1,0,0,343276,115625,1
0,0,0,0,343277,115626,0
1,1,0,0,343278,115626,1
0,0,0,0,343279,115627,0
1,1,0,0,343280,115627,1
0,0,0,0,343281,115628,0
0.29818183,0.053475916,0,0,343282,115628,1
0.7309091,0.973262,0,0,343283,115628,2
1,1,0,0,343284,115628,3
0,0,0,0,343287,115630,0
1,1,0,0,343288,115630,1
0,0,0,0,343289,115631,0
1,1,0,0,343290,115631,1
0,0,0,0,343291,115632,0
1,1,0,0,343292,115632,1
0,0,0,0,343293,115633,0
1,1,0,0,343294,115633,1
0,0,0,0,343295,115634,0
1,1,0,0,343296,115634,1
0,0,0,0,343297,115635,0
1,1,0,0,343298,115635,1
0,0,0,0,343299,115636,0
1,1,0,0,343300,115636,1
0,0,0,0,343301,115637,0
1,1,0,0,343302,115637,1
0,0,0,0,343303,115638,0
1,1,0,0,343304,115638,1
0,0,0,0,343305,115639,0
1,1,0,0,343306,115639,1
0,0,0,0,343307,115640,0
1,1,0,0,343308,115640,1
0,0,0,0,343309,115641,0
1,1,0,0,343310,115641,1
0,0,0,0,343311,115642,0
1,1,0,0,343312,115642,1
0,0,0,0,343313,115643,0
1,1,0,0,343314,115643,1
0,0,0,0,343315,115644,0
1,1,0,0,343316,115644,1
0,0,0,0,343317,115645,0
1,1,0,0,343318,115645,1
0,0,0,0,343319,115646,0
1,1,0,0,343320,115646,1
0,0,0,0,343321,115647,0
1,1,0,0,343322,115647,1
0,0,0,0,343323,115648,0
1,1,0,0,343324,115648,1
0,0,0,0,343325,115649,0
1,1,0,0,343326,115649,1
0,0,0,0,343327,115650,0
1,1,0,0,343328,115650,1
0,0,0,0,343329,115651,0
1,1,0,0,343330,115651,1
0,0,0,0,343331,115652,0
1,1,0,0,343332,115652,1
0,0,0,0,343333,115653,0
1,1,0,0,343334,115653,1
0,0,0,0,343335,115654,0
1,1,0,0,343336,115654,1
0,0,0,0,343337,115655,0
1,1,0,0,343338,115655,1
0,0,0,0,343339,115656,0
1,1,0,0,343340,115656,1
0,0,0,0,343341,115657,0
1,1,0,0,343342,115657,1
0,0,0,0,343343,115658,0
1,1,0,0,343344,115658,1
0,0,0,0,343345,115659,0
1,1,0,0,343346,115659,1
0,0,0,0,343347,115660,0
1,1,0,0,343348,115660,1
0,0,0,0,343349,115661,0
1,1,0,0,343350,115661,1
0,0,0,0,343351,115662,0
1,1,0,0,343352,115662,1
0,0,0,0,343353,115663,0
1,1,0,0,343354,115663,1
0,0,0,0,343355,115664,0
1,1,0,0,343356,115664,1
0,0,0,0,343357,115665,0
1,1,0,0,343358,115665,1
0,0,0,0,343378,115672,0
1,1,0,0,343379,115672,1
0,0,0,0,343380,115673,0
1,1,0,0,343381,115673,1
0,0,0,0,343382,115674,0
1,1,0,0,343383,115674,1
0,0,0,0,343384,115675,0
1,1,0,0,343385,115675,1
0,0,0,0,343386,115676,0
1,1,0,0,343387,115676,1
0,0,0,0,343388,115677,0
1,1,0,0,343389,115677,1
0,0,0,0,343390,115678,0
1,1,0,0,343391,115678,1
0,0,0,0,343392,115679,0
1,1,0,0,343393,115679,1
0,0,0,0,343394,115680,0
1,1,0,0,343395,115680,1
0,0,0,0,343396,115681,0
1,1,0,0,343397,115681,1
0,0,0,0,343398,115682,0
1,1,0,0,343399,115682,1
0,0,0,0,343400,115683,0
1,1,0,0,343401,115683,1
0,0,0,0,343402,115684,0
1,1,0,0,343403,115684,1
0,0,0,0,343404,115685,0
1,1,0,0,343405,115685,1
0,0,0,0,343406,115686,0
1,1,0,0,343407,115686,1
0,0,0,0,343408,115687,0
1,1,0,0,343409,115687,1
0,0,0,0,343410,115688,0
1,1,0,0,343411,115688,1
0,0,0,0,343412,115689,0
1,1,0,0,343413,115689,1
0,0,0,0,343414,115690,0
1,1,0,0,343415,115690,1
0,0,0,0,343416,115691,0
1,1,0,0,343417,115691,1
0,0,0,0,343418,115692,0
1,1,0,0,343419,115692,1
0,0,0,0,343420,115693,0
1,1,0,0,343421,115693,1
0,0,0,0,343422,115694,0
1,1,0,0,343423,115694,1
0,0,0,0,343424,115695,0
1,1,0,0,343425,115695,1
0,0,0,0,343426,115696,0
1,1,0,0,343427,115696,1
0,0,0,0,343428,115697,0
1,1,0,0,343429,115697,1
0,0,0,0,343430,115698,0
1,1,0,0,343431,115698,1
0,0,0,0,343432,115699,0
1,1,0,0,343433,115699,1
0,0,0,0,343434,115700,0
1,1,0,0,343435,115700,1
0,0,0,0,343436,115701,0
1,1,0,0,343437,115701,1
0,0,0,0,343438,115702,0
1,1,0,0,343439,115702,1
0,0,0,0,343440,115703,0
1,1,0,0,343441,115703,1
0,0,0,0,343442,115704,0
1,1,0,0,343443,115704,1
0,0,0,0,343444,115705,0
1,1,0,0,343445,115705,1
0,0,0,0,343446,115706,0
1,1,0,0,343447,115706,1
0,0,0,0,343448,115707,0
1,1,0,0,343449,115707,1
0,0,0,0,343450,115708,0
1,1,0,0,343451,115708,1
0,0,0,0,343452,115709,0
1,1,0,0,343453,115709,1
0,0,0,0,343454,115710,0
1,1,0,0,343455,115710,1
0,0,0,0,343456,115711,0
1,1,0,0,343457,115711,1
0,0,0,0,343458,115712,0
1,1,0,0,343459,115712,1
0,0,0,0,343460,115713,0
1,1,0,0,343461,115713,1
0,0,0,0,343462,115714,0
1,1,0,0,343463,115714,1
0,0,0,0,343464,115715,0
1,1,0,0,343465,115715,1
0,0,0,0,343466,115716,0
1,1,0,0,343467,115716,1
0,0,0,0,343468,115717,0
1,1,0,0,343469,115717,1
0,0,0,0,343470,115718,0
1,1,0,0,343471,115718,1
0,0,0,0,343472,115719,0
1,1,0,0,343473,115719,1
0,0,0,0,343474,115720,0
1,1,0,0,343475,115720,1
0,0,0,0,343476,115721,0
1,1,0,0,343477,115721,1
0,0,0,0,343478,115722,0
1,1,0,0,343479,115722,1
0,0,0,0,343480,115723,0
1,1,0,0,343481,115723,1
0,0,0,0,343482,115724,0
1,1,0,0,343483,115724,1
0,0,0,0,343484,115725,0
1,1,0,0,343485,115725,1
0,0,0,0,343486,115726,0
1,1,0,0,343487,115726,1
0,0,0,0,343488,115727,0
1,1,0,0,343489,115727,1
0,0,0,0,343490,115728,0
1,1,0,0,343491,115728,1
0,0,0,0,343492,115729,0
1,1,0,0,343493,115729,1
0,0,0,0,343494,115730,0
1,1,0,0,343495,115730,1
0,0,0,0,343496,115731,0
1,1,0,0,343497,115731,1
0,0,0,0,343498,115732,0
1,1,0,0,343499,115732,1
0,0,0,0,343500,115733,0
1,1,0,0,343501,115733,1
0,0,0,0,343502,115734,0
1,1,0,0,343503,115734,1
0,0,0,0,343504,115735,0
1,1,0,0,343505,115735,1
0,0,0,0,343506,115736,0
1,1,0,0,343507,115736,1
0,0,0,0,343508,115737,0
1,1,0,0,343509,115737,1
0,0,0,0,343510,115738,0
1,1,0,0,343511,115738,1
0,0,0,0,343512,115739,0
1,1,0,0,343513,115739,1
0,0,0,0,343514,115740,0
1,1,0,0,343515,115740,1
0,0,0,0,343516,115741,0
1,1,0,0,343517,115741,1
0,0,0,0,343518,115742,0
1,1,0,0,343519,115742,1
0,0,0,0,343520,115743,0
1,1,0,0,343521,115743,1
0,0,0,0,343522,115744,0
1,1,0,0,343523,115744,1
0,0,0,0,343524,115745,0
1,1,0,0,343525,115745,1
0,0,0,0,343526,115746,0
1,1,0,0,343527,115746,1
0,0,0,0,343665,115787,0
1,1,0,0,343666,115787,1
0,0,0,0,343667,115788,0
1,1,0,0,343668,115788,1
0,0,0,0,343669,115789,0
1,1,0,0,343670,115789,1
0,0,0,0,343671,115790,0
1,1,0,0,343672,115790,1
0,0,0,0,343673,115791,0
1,1,0,0,343674,115791,1
0,0,0,0,343675,115792,0
1,1,0,0,343676,115792,1
0,0,0,0,343677,115793,0
1,1,0,0,343678,115793,1
0,0,0,0,343679,115794,0
1,1,0,0,343680,115794,1
0,0,0,0,343681,115795,0
1,1,0,0,343682,115795,1
0,0,0,0,343683,115796,0
1,1,0,0,343684,115796,1
0,0,0,0,343685,115797,0
1,1,0,0,343686,115797,1
0,0,0,0,343687,115798,0
1,1,0,0,343688,115798,1
0,0,0,0,343689,115799,0
1,1,0,0,343690,115799,1
0,0,0,0,343691,115800,0
1,1,0,0,343692,115800,1
0,0,0,0,343693,115801,0
1,1,0,0,343694,115801,1
0,0,0,0,343695,115802,0
1,1,0,0,343696,115802,1
0,0,0,0,343697,115803,0
1,1,0,0,343698,115803,1
0,0,0,0,343699,115804,0
1,1,0,0,343700,115804,1
0,0,0,0,343701,115805,0
1,1,0,0,343702,115805,1
0,0,0,0,343703,115806,0
1,1,0,0,343704,115806,1
0,0,0,0,343705,115807,0
1,1,0,0,343706,115807,1
0,0,0,0,343707,115808,0
1,1,0,0,343708,115808,1
0,0,0,0,343709,115809,0
1,1,0,0,343710,115809,1
0,0,0,0,343711,115810,0
1,1,0,0,343712,115810,1
0,0,0,0,343713,115811,0
1,1,0,0,343714,115811,1
0,0,0,0,343715,115812,0
1,1,0,0,343716,115812,1
0,0,0,0,343717,115813,0
1,1,0,0,343718,115813,1
0,0,0,0,343719,115814,0
1,1,0,0,343720,115814,1
0,0,0,0,343721,115815,0
1,1,0,0,343722,115815,1
0,0,0,0,343723,115816,0
1,1,0,0,343724,115816,1
0,0,0,0,343725,115817,0
1,1,0,0,343726,115817,1
0,0,0,0,343727,115818,0
1,1,0,0,343728,115818,1
0,0,0,0,343729,115819,0
1,1,0,0,343730,115819,1
0,0,0,0,343731,115820,0
1,1,0,0,343732,115820,1
0,0,0,0,343733,115821,0
1,1,0,0,343734,115821,1
0,0,0,0,343735,115822,0
1,1,0,0,343736,115822,1
0,0,0,0,343737,115823,0
1,1,0,0,343738,115823,1
0,0,0,0,343739,115824,0
1,1,0,0,343740,115824,1
0,0,0,0,343741,115825,0
1,1,0,0,343742,115825,1
0,0,0,0,343743,115826,0
1,1,0,0,343744,115826,1
0,0,0,0,343745,115827,0
1,1,0,0,343746,115827,1
0,0,0,0,343747,115828,0
1,1,0,0,343748,115828,1
0,0,0,0,343749,115829,0
1,1,0,0,343750,115829,1
0,0,0,0,343751,115830,0
1,1,0,0,343752,115830,1
0,0,0,0,343753,115831,0
1,1,0,0,343754,115831,1
0,0,0,0,343755,115832,0
1,1,0,0,343756,115832,1
0,0,0,0,343757,115833,0
1,1,0,0,343758,115833,1
0,0,0,0,343759,115834,0
1,1,0,0,343760,115834,1
0,0,0,0,343761,115835,0
1,1,0,0,343762,115835,1
0,0,0,0,343763,115836,0
1,1,0,0,343764,115836,1
0,0,0,0,343765,115837,0
1,1,0,0,343766,115837,1
0,0,0,0,343767,115838,0
1,1,0,0,343768,115838,1
0,0,0,0,343769,115839,0
1,1,0,0,343770,115839,1
0,0,0,0,343771,115840,0
1,1,0,0,343772,115840,1
0,0,0,0,343773,115841,0
1,1,0,0,343774,115841,1
0,0,0,0,343775,115842,0
1,1,0,0,343776,115842,1
0,0,0,0,343777,115843,0
1,1,0,0,343778,115843,1
0,0,0,0,343779,115844,0
1,1,0,0,343780,115844,1
0,0,0,0,343781,115845,0
1,1,0,0,343782,115845,1
0,0,0,0,343783,115846,0
1,1,0,0,343784,115846,1
0,0,0,0,343785,115847,0
1,1,0,0,343786,115847,1
0,0,0,0,343787,115848,0
1,1,0,0,343788,115848,1
0,0,0,0,343789,115849,0
1,1,0,0,343790,115849,1
0,0,0,0,343791,115850,0
1,1,0,0,343792,115850,1
0,0,0,0,343793,115851,0
1,1,0,0,343794,115851,1
0,0,0,0,343795,115852,0
1,1,0,0,343796,115852,1
0,0,0,0,343797,115853,0
1,1,0,0,343798,115853,1
0,0,0,0,343799,115854,0
1,1,0,0,343800,115854,1
0,0,0,0,343801,115855,0
1,1,0,0,343802,115855,1
0,0,0,0,343803,115856,0
1,1,0,0,343804,115856,1
0,0,0,0,343805,115857,0
1,1,0,0,343806,115857,1
0,0,0,0,343807,115858,0
1,1,0,0,343808,115858,1
0,0,0,0,343809,115859,0
1,1,0,0,343810,115859,1
0,0,0,0,343811,115860,0
1,1,0,0,343812,115860,1
0,0,0,0,343813,115861,0
1,1,0,0,343814,115861,1
0,0,0,0,343815,115862,0
1,1,0,0,343816,115862,1
0,0,0,0,343817,115863,0
1,1,0,0,343818,115863,1
0,0,0,0,343819,115864,0
1,1,0,0,343820,115864,1
0,0,0,0,343821,115865,0
1,1,0,0,343822,115865,1
0,0,0,0,343823,115866,0
1,1,0,0,343824,115866,1
0,0,0,0,343825,115867,0
1,1,0,0,343826,115867,1
0,0,0,0,343827,115868,0
1,1,0,0,343828,115868,1
0,0,0,0,343829,115869,0
1,1,0,0,343830,115869,1
0,0,0,0,343831,115870,0
1,1,0,0,343832,115870,1
0,0,0,0,343833,115871,0
1,1,0,0,343834,115871,1
0,0,0,0,343835,115872,0
1,1,0,0,343836,115872,1
0,0,0,0,343837,115873,0
1,1,0,0,343838,115873,1
0,0,0,0,343839,115874,0
1,1,0,0,343840,115874,1
0,0,0,0,343841,115875,0
1,1,0,0,343842,115875,1
0,0,0,0,343843,115876,0
1,1,0,0,343844,115876,1
0,0,0,0,343845,115877,0
1,1,0,0,343846,115877,1
0,0,0,0,343847,115878,0
1,1,0,0,343848,115878,1
0,0,0,0,343849,115879,0
1,1,0,0,343850,115879,1
0,0,0,0,343851,115880,0
1,1,0,0,343852,115880,1
0,0,0,0,343853,115881,0
1,1,0,0,343854,115881,1
0,0,0,0,343855,115882,0
1,1,0,0,343856,115882,1
0,0,0,0,343857,115883,0
1,1,0,0,343858,115883,1
0,0,0,0,343859,115884,0
1,1,0,0,343860,115884,1
0,0,0,0,343861,115885,0
1,1,0,0,343862,115885,1
0,0,0,0,343863,115886,0
1,1,0,0,343864,115886,1
0,0,0,0,343865,115887,0
1,1,0,0,343866,115887,1
0,0,0,0,343867,115888,0
1,1,0,0,343868,115888,1
0,0,0,0,343869,115889,0
1,1,0,0,343870,115889,1
0,0,0,0,343871,115890,0
1,1,0,0,343872,115890,1
0,0,0,0,343873,115891,0
1,1,0,0,343874,115891,1
0,0,0,0,343875,115892,0
1,1,0,0,343876,115892,1
0,0,0,0,343877,115893,0
1,1,0,0,343878,115893,1
0,0,0,0,343879,115894,0
1,1,0,0,343880,115894,1
0,0,0,0,343881,115895,0
1,1,0,0,343882,115895,1
0,0,0,0,343883,115896,0
1,1,0,0,343884,115896,1
0,0,0,0,343885,115897,0
1,1,0,0,343886,115897,1
0,0,0,0,343887,115898,0
1,1,0,0,343888,115898,1
0,0,0,0,343889,115899,0
1,1,0,0,343890,115899,1
0,0,0,0,343891,115900,0
1,1,0,0,343892,115900,1
0,0,0,0,343893,115901,0
1,1,0,0,343894,115901,1
0,0,0,0,343895,115902,0
1,1,0,0,343896,115902,1
0,0,0,0,343897,115903,0
1,1,0,0,343898,115903,1
0,0,0,0,343899,115904,0
1,1,0,0,343900,115904,1
0,0,0,0,343901,115905,0
1,1,0,0,343902,115905,1
0,0,0,0,343903,115906,0
1,1,0,0,343904,115906,1
0,0,0,0,343905,115907,0
1,1,0,0,343906,115907,1
0,0,0,0,343907,115908,0
1,1,0,0,343908,115908,1
0,0,0,0,343909,115909,0
1,1,0,0,343910,115909,1
0,0,0,0,343911,115910,0
1,1,0,0,343912,115910,1
0,0,0,0,343913,115911,0
1,1,0,0,343914,115911,1
0,0,0,0,343915,115912,0
1,1,0,0,343916,115912,1
0,0,0,0,343917,115913,0
1,1,0,0,343918,115913,1
0,0,0,0,343919,115914,0
1,1,0,0,343920,115914,1
0,0,0,0,343921,115915,0
1,1,0,0,343922,115915,1
0,0,0,0,343923,115916,0
1,1,0,0,343924,115916,1
0,0,0,0,343925,115917,0
1,1,0,0,343926,115917,1
0,0,0,0,343927,115918,0
1,1,0,0,343928,115918,1
0,0,0,0,343929,115919,0
1,1,0,0,343930,115919,1
0,0,0,0,343931,115920,0
1,1,0,0,343932,115920,1
0,0,0,0,343933,115921,0
1,1,0,0,343934,115921,1
0,0,0,0,343935,115922,0
1,1,0,0,343936,115922,1
0,0,0,0,343937,115923,0
1,1,0,0,343938,115923,1
0,0,0,0,343939,115924,0
1,1,0,0,343940,115924,1
0,0,0,0,343941,115925,0
1,1,0,0,343942,115925,1
0,0,0,0,343943,115926,0
1,1,0,0,343944,115926,1
0,0,0,0,343945,115927,0
1,1,0,0,343946,115927,1
0,0,0,0,343947,115928,0
1,1,0,0,343948,115928,1
0,0,0,0,343949,115929,0
1,1,0,0,343950,115929,1
0,0,0,0,343951,115930,0
1,1,0,0,343952,115930,1
0,0,0,0,343962,115933,0
1,1,0,0,343963,115933,1
0,0,0,0,343964,115934,0
1,1,0,0,343965,115934,1
0,0,0,0,343966,115935,0
1,1,0,0,343967,115935,1
0,0,0,0,343968,115936,0
1,1,0,0,343969,115936,1
0,0,0,0,343970,115937,0
1,1,0,0,343971,115937,1
0,0,0,0,343972,115938,0
1,1,0,0,343973,115938,1
0,0,0,0,343974,115939,0
1,1,0,0,343975,115939,1
0,0,0,0,343976,115940,0
1,1,0,0,343977,115940,1
0,0,0,0,343978,115941,0
1,1,0,0,343979,115941,1
0,0,0,0,343980,115942,0
1,1,0,0,343981,115942,1
0,0,0,0,343982,115943,0
1,1,0,0,343983,115943,1
0,0,0,0,343984,115944,0
1,1,0,0,343985,115944,1
0,0,0,0,343986,115945,0
1,1,0,0,343987,115945,1
0,0,0,0,343988,115946,0
1,1,0,0,343989,115946,1
0,0,0,0,343990,115947,0
1,1,0,0,343991,115947,1
0,0,0,0,343992,115948,0
1,1,0,0,343993,115948,1
0,0,0,0,343994,115949,0
1,1,0,0,343995,115949,1
0,0,0,0,343996,115950,0
1,1,0,0,343997,115950,1
0,0,0,0,343998,115951,0
1,1,0,0,343999,115951,1
0,0,0,0,344000,115952,0
1,1,0,0,344001,115952,1
0,0,0,0,344002,115953,0
1,1,0,0,344003,115953,1
0,0,0,0,344004,115954,0
1,1,0,0,344005,115954,1
0,0,0,0,344006,115955,0
1,1,0,0,344007,115955,1
0,0,0,0,344008,115956,0
1,1,0,0,344009,115956,1
0,0,0,0,344010,115957,0
1,1,0,0,344011,115957,1
0,0,0,0,344012,115958,0
1,1,0,0,344013,115958,1
0,0,0,0,344014,115959,0
1,1,0,0,344015,115959,1
0,0,0,0,344016,115960,0
1,1,0,0,344017,115960,1
0,0,0,0,344018,115961,0
1,1,0,0,344019,115961,1
0,0,0,0,344020,115962,0
1,1,0,0,344021,115962,1
0,0,0,0,344022,115963,0
1,1,0,0,344023,115963,1
0,0,0,0,344024,115964,0
1,1,0,0,344025,115964,1
0,0,0,0,344026,115965,0
1,1,0,0,344027,115965,1
0,0,0,0,344028,115966,0
1,1,0,0,344029,115966,1
0,0,0,0,344030,115967,0
1,1,0,0,344031,115967,1
0,0,0,0,344032,115968,0
1,1,0,0,344033,115968,1
0,0,0,0,344034,115969,0
1,1,0,0,344035,115969,1
0,0,0,0,344036,115970,0
1,1,0,0,344037,115970,1
0,0,0,0,344038,115971,0
1,1,0,0,344039,115971,1
0,0,0,0,344040,115972,0
1,1,0,0,344041,115972,1
0,0,0,0,344042,115973,0
1,1,0,0,344043,115973,1
0,0,0,0,344044,115974,0
1,1,0,0,344045,115974,1
0,0,0,0,344046,115975,0
1,1,0,0,344047,115975,1
0,0,0,0,344048,115976,0
1,1,0,0,344049,115976,1
0,0,0,0,344050,115977,0
1,1,0,0,344051,115977,1
0,0,0,0,344052,115978,0
1,1,0,0,344053,115978,1
0,0,0,0,344054,115979,0
1,1,0,0,344055,115979,1
0,0,0,0,344056,115980,0
1,1,0,0,344057,115980,1
0,0,0,0,344058,115981,0
1,1,0,0,344059,115981,1
0,0,0,0,344060,115982,0
1,1,0,0,344061,115982,1
0,0,0,0,344062,115983,0
1,1,0,0,344063,115983,1
0,0,0,0,344064,115984,0
1,1,0,0,344065,115984,1
0,0,0,0,344066,115985,0
1,1,0,0,344067,115985,1
0,0,0,0,344068,115986,0
1,1,0,0,344069,115986,1
0,0,0,0,344070,115987,0
1,1,0,0,344071,115987,1
0,0,0,0,344072,115988,0
1,1,0,0,344073,115988,1
0,0,0,0,344074,115989,0
1,1,0,0,344075,115989,1
0,0,0,0,344076,115990,0
1,1,0,0,344077,115990,1
0,0,0,0,344078,115991,0
1,1,0,0,344079,115991,1
0,0,0,0,344080,115992,0
1,1,0,0,344081,115992,1
0,0,0,0,344082,115993,0
1,1,0,0,344083,115993,1
0,0,0,0,344084,115994,0
1,1,0,0,344085,115994,1
0,0,0,0,344086,115995,0
1,1,0,0,344087,115995,1
0,0,0,0,344088,115996,0
1,1,0,0,344089,115996,1
0,0,0,0,344090,115997,0
1,1,0,0,344091,115997,1
0,0,0,0,344092,115998,0
1,1,0,0,344093,115998,1
0,0,0,0,344094,115999,0
1,1,0,0,344095,115999,1
0,0,0,0,344096,116000,0
1,1,0,0,344097,116000,1
0,0,0,0,344098,116001,0
1,1,0,0,344099,116001,1
0,0,0,0,344100,116002,0
1,1,0,0,344101,116002,1
0,0,0,0,344102,116003,0
1,1,0,0,344103,116003,1
0,0,0,0,344104,116004,0
1,1,0,0,344105,116004,1
0,0,0,0,344108,116006,0
1,1,0,0,344109,116006,1
0,0,0,0,344110,116007,0
1,1,0,0,344111,116007,1
0,0,0,0,344112,116008,0
1,1,0,0,344113,116008,1
0,0,0,0,344114,116009,0
1,1,0,0,344115,116009,1
0,0,0,0,344116,116010,0
1,1,0,0,344117,116010,1
0,0,0,0,344118,116011,0
1,1,0,0,344119,116011,1
0,0,0,0,344120,116012,0
1,1,0,0,344121,116012,1
0,0,0,0,344122,116013,0
1,1,0,0,344123,116013,1
0,0,0,0,344124,116014,0
1,1,0,0,344125,116014,1
0,0,0,0,344126,116015,0
1,1,0,0,344127,116015,1
0,0,0,0,344128,116016,0
1,1,0,0,344129,116016,1
0,0,0,0,344130,116017,0
1,1,0,0,344131,116017,1
0,0,0,0,344132,116018,0
1,1,0,0,344133,116018,1
0,0,0,0,344134,116019,0
1,1,0,0,344135,116019,1
0,0,0,0,344136,116020,0
1,1,0,0,344137,116020,1
0,0,0,0,344138,116021,0
1,1,0,0,344139,116021,1
0,0,0,0,344140,116022,0
1,1,0,0,344141,116022,1
0,0,0,0,344142,116023,0
1,1,0,0,344143,116023,1
0,0,0,0,344144,116024,0
1,1,0,0,344145,116024,1
0,0,0,0,344146,116025,0
1,1,0,0,344147,116025,1
0,0,0,0,344148,116026,0
1,1,0,0,344149,116026,1
0,0,0,0,344150,116027,0
1,1,0,0,344151,116027,1
0,0,0,0,344152,116028,0
1,1,0,0,344153,116028,1
0,0,0,0,344154,116029,0
1,1,0,0,344155,116029,1
0,0,0,0,344156,116030,0
1,1,0,0,344157,116030,1
0,0,0,0,344158,116031,0
1,1,0,0,344159,116031,1
0,0,0,0,344160,116032,0
1,1,0,0,344161,116032,1
0,0,0,0,344162,116033,0
1,1,0,0,344163,116033,1
0,0,0,0,344164,116034,0
1,1,0,0,344165,116034,1
0,0,0,0,344166,116035,0
1,1,0,0,344167,116035,1
0,0,0,0,344168,116036,0
1,1,0,0,344169,116036,1
0,0,0,0,344170,116037,0
1,1,0,0,344171,116037,1
0,0,0,0,344172,116038,0
1,1,0,0,344173,116038,1
0,0,0,0,344174,116039,0
1,1,0,0,344175,116039,1
0,0,0,0,344176,116040,0
1,1,0,0,344177,116040,1
0,0,0,0,344178,116041,0
1,1,0,0,344179,116041,1
0,0,0,0,344183,116043,0
1,1,0,0,344184,116043,1
0,0,0,0,344185,116044,0
1,1,0,0,344186,116044,1
0,0,0,0,344187,116045,0
1,1,0,0,344188,116045,1
0,0,0,0,344189,116046,0
1,1,0,0,344190,116046,1
0,0,0,0,344191,116047,0
1,1,0,0,344192,116047,1
0,0,0,0,344193,116048,0
1,1,0,0,344194,116048,1
0,0,0,0,344195,116049,0
1,1,0,0,344196,116049,1
0,0,0,0,344197,116050,0
1,1,0,0,344198,116050,1
0,0,0,0,344199,116051,0
1,1,0,0,344200,116051,1
0,0,0,0,344201,116052,0
1,1,0,0,344202,116052,1
0,0,0,0,344203,116053,0
1,1,0,0,344204,116053,1
0,0,0,0,344205,116054,0
1,1,0,0,344206,116054,1
0,0,0,0,344207,116055,0
1,1,0,0,344208,116055,1
0,0,0,0,344209,116056,0
1,1,0,0,344210,116056,1
0,0,0,0,344211,116057,0
1,1,0,0,344212,116057,1
0,0,0,0,344213,116058,0
1,1,0,0,344214,116058,1
0,0,0,0,344215,116059,0
1,1,0,0,344216,116059,1
0,0,0,0,344217,116060,0
1,1,0,0,344218,116060,1
0,0,0,0,344219,116061,0
1,1,0,0,344220,116061,1
0,0,0,0,344221,116062,0
1,1,0,0,344222,116062,1
0,0,0,0,344223,116063,0
1,1,0,0,344224,116063,1
0,0,0,0,344225,116064,0
1,1,0,0,344226,116064,1
0,0,0,0,344227,116065,0
1,1,0,0,344228,116065,1
0,0,0,0,344229,116066,0
1,1,0,0,344230,116066,1
0,0,0,0,344231,116067,0
1,1,0,0,344232,116067,1
0,0,0,0,344233,116068,0
1,1,0,0,344234,116068,1
0,0,0,0,344235,116069,0
1,1,0,0,344236,116069,1
0,0,0,0,344237,116070,0
1,1,0,0,344238,116070,1
0,0,0,0,344239,116071,0
1,1,0,0,344240,116071,1
0,0,0,0,344241,116072,0
1,1,0,0,344242,116072,1
0,0,0,0,344315,116109,0
1,1,0,0,344316,116109,1
0,0,0,0,344317,116110,0
1,1,0,0,344318,116110,1
0,0,0,0,344319,116111,0
1,1,0,0,344320,116111,1
0,0,0,0,344321,116112,0
1,1,0,0,344322,116112,1
0,0,0,0,344323,116113,0
1,1,0,0,344324,116113,1
0,0,0,0,344325,116114,0
1,1,0,0,344326,116114,1
0,0,0,0,344327,116115,0
1,1,0,0,344328,116115,1
0,0,0,0,344329,116116,0
1,1,0,0,344330,116116,1
0,0,0,0,344331,116117,0
1,1,0,0,344332,116117,1
0,0,0,0,344333,116118,0
1,1,0,0,344334,116118,1
0,0,0,0,344335,116119,0
1,1,0,0,344336,116119,1
0,0,0,0,344337,116120,0
1,1,0,0,344338,116120,1
0,0,0,0,344339,116121,0
1,1,0,0,344340,116121,1
0,0,0,0,344341,116122,0
1,1,0,0,344342,116122,1
0,0,0,0,344343,116123,0
1,1,0,0,344344,116123,1
0,0,0,0,344345,116124,0
1,1,0,0,344346,116124,1
0,0,0,0,344347,116125,0
1,1,0,0,344348,116125,1
0,0,0,0,344349,116126,0
1,1,0,0,344350,116126,1
0,0,0,0,344351,116127,0
1,1,0,0,344352,116127,1
0,0,0,0,344353,116128,0
1,1,0,0,344354,116128,1
0,0,0,0,344355,116129,0
1,1,0,0,344356,116129,1
0,0,0,0,344357,116130,0
1,1,0,0,344358,116130,1
0,0,0,0,344359,116131,0
1,1,0,0,344360,116131,1
0,0,0,0,344361,116132,0
1,1,0,0,344362,116132,1
0,0,0,0,344363,116133,0
1,1,0,0,344364,116133,1
0,0,0,0,344365,116134,0
1,1,0,0,344366,116134,1
0,0,0,0,344367,116135,0
1,1,0,0,344368,116135,1
0,0,0,0,344369,116136,0
1,1,0,0,344370,116136,1
0,0,0,0,344371,116137,0
1,1,0,0,344372,116137,1
0,0,0,0,344373,116138,0
1,1,0,0,344374,116138,1
0,0,0,0,344375,116139,0
1,1,0,0,344376,116139,1
0,0,0,0,344377,116140,0
1,1,0,0,344378,116140,1
0,0,0,0,344379,116141,0
1,1,0,0,344380,116141,1
0,0,0,0,344381,116142,0
1,1,0,0,344382,116142,1
0,0,0,0,344383,116143,0
1,1,0,0,344384,116143,1
0,0,0,0,344385,116144,0
1,1,0,0,344386,116144,1
0,0,0,0,344387,116145,0
1,1,0,0,344388,116145,1
0,0,0,0,344389,116146,0
1,1,0,0,344390,116146,1
0,0,0,0,344391,116147,0
1,1,0,0,344392,116147,1
0,0,0,0,344393,116148,0
1,1,0,0,344394,116148,1
0,0,0,0,344395,116149,0
1,1,0,0,344396,116149,1
0,0,0,0,344397,116150,0
1,1,0,0,344398,116150,1
0,0,0,0,344399,116151,0
1,1,0,0,344400,116151,1
0,0,0,0,344401,116152,0
1,1,0,0,344402,116152,1
0,0,0,0,344403,116153,0
1,1,0,0,344404,116153,1
0,0,0,0,344405,116154,0
1,1,0,0,344406,116154,1
0,0,0,0,344407,116155,0
1,1,0,0,344408,116155,1
0,0,0,0,344409,116156,0
1,1,0,0,344410,116156,1
0,0,0,0,344411,116157,0
1,1,0,0,344412,116157,1
0,0,0,0,344413,116158,0
1,1,0,0,344414,116158,1
0,0,0,0,344415,116159,0
1,1,0,0,344416,116159,1
0,0,0,0,344417,116160,0
1,1,0,0,344418,116160,1
0,0,0,0,344419,116161,0
1,1,0,0,344420,116161,1
0,0,0,0,344421,116162,0
1,1,0,0,344422,116162,1
0,0,0,0,344423,116163,0
1,1,0,0,344424,116163,1
0,0,0,0,344425,116164,0
1,1,0,0,344426,116164,1
0,0,0,0,344427,116165,0
1,1,0,0,344428,116165,1
0,0,0,0,344429,116166,0
1,1,0,0,344430,116166,1
0,0,0,0,344431,116167,0
1,1,0,0,344432,116167,1
0,0,0,0,344433,116168,0
1,1,0,0,344434,116168,1
0,0,0,0,344435,116169,0
1,1,0,0,344436,116169,1
0,0,0,0,344437,116170,0
1,1,0,0,344438,116170,1
0,0,0,0,344439,116171,0
1,1,0,0,344440,116171,1
0,0,0,0,344441,116172,0
1,1,0,0,344442,116172,1
0,0,0,0,344443,116173,0
1,1,0,0,344444,116173,1
0,0,0,0,344445,116174,0
1,1,0,0,344446,116174,1
0,0,0,0,344447,116175,0
1,1,0,0,344448,116175,1
0,0,0,0,344449,116176,0
1,1,0,0,344450,116176,1
0,0,0,0,344451,116177,0
1,1,0,0,344452,116177,1
0,0,0,0,344453,116178,0
1,1,0,0,344454,116178,1
0,0,0,0,344455,116179,0
1,1,0,0,344456,116179,1
0,0,0,0,344457,116180,0
1,1,0,0,344458,116180,1
0,0,0,0,344477,116190,0
1,1,0,0,344478,116190,1
0,0,0,0,344479,116191,0
1,1,0,0,344480,116191,1
0,0,0,0,344481,116192,0
1,1,0,0,344482,116192,1
0,0,0,0,344483,116193,0
1,1,0,0,344484,116193,1
0,0,0,0,344485,116194,0
1,1,0,0,344486,116194,1
0,0,0,0,344487,116195,0
1,1,0,0,344488,116195,1
0,0,0,0,344489,116196,0
1,1,0,0,344490,116196,1
0,0,0,0,344491,116197,0
1,1,0,0,344492,116197,1
0,0,0,0,344493,116198,0
1,1,0,0,344494,116198,1
0,0,0,0,344495,116199,0
1,1,0,0,344496,116199,1
0,0,0,0,344497,116200,0
1,1,0,0,344498,116200,1
0,0,0,0,344499,116201,0
1,1,0,0,344500,116201,1
0,0,0,0,344501,116202,0
1,1,0,0,344502,116202,1
0,0,0,0,344503,116203,0
1,1,0,0,344504,116203,1
0,0,0,0,344505,116204,0
1,1,0,0,344506,116204,1
0,0,0,0,344507,116205,0
1,1,0,0,344508,116205,1
0,0,0,0,344509,116206,0
1,1,0,0,344510,116206,1
0,0,0,0,344511,116207,0
1,1,0,0,344512,116207,1
0,0,0,0,344513,116208,0
1,1,0,0,344514,116208,1
0,0,0,0,344515,116209,0
1,1,0,0,344516,116209,1
0,0,0,0,344517,116210,0
1,1,0,0,344518,116210,1
0,0,0,0,344519,116211,0
1,1,0,0,344520,116211,1
0,0,0,0,344521,116212,0
1,1,0,0,344522,116212,1
0,0,0,0,344523,116213,0
1,1,0,0,344524,116213,1
0,0,0,0,344525,116214,0
1,1,0,0,344526,116214,1
0,0,0,0,344527,116215,0
1,1,0,0,344528,116215,1
0,0,0,0,344529,116216,0
1,1,0,0,344530,116216,1
0,0,0,0,344531,116217,0
1,1,0,0,344532,116217,1
0,0,0,0,344533,116218,0
1,1,0,0,344534,116218,1
0,0,0,0,344535,116219,0
1,1,0,0,344536,116219,1
0,0,0,0,344537,116220,0
1,1,0,0,344538,116220,1
0,0,0,0,344539,116221,0
1,1,0,0,344540,116221,1
0,0,0,0,344541,116222,0
1,1,0,0,344542,116222,1
0,0,0,0,344543,116223,0
1,1,0,0,344544,116223,1
0,0,0,0,344545,116224,0
1,1,0,0,344546,116224,1
0,0,0,0,344547,116225,0
1,1,0,0,344548,116225,1
0,0,0,0,344549,116226,0
1,1,0,0,344550,116226,1
0,0,0,0,344551,116227,0
1,1,0,0,344552,116227,1
0,0,0,0,344553,116228,0
1,1,0,0,344554,116228,1
0,0,0,0,344555,116229,0
1,1,0,0,344556,116229,1
0,0,0,0,344557,116230,0
1,1,0,0,344558,116230,1
0,0,0,0,344559,116231,0
1,1,0,0,344560,116231,1
0,0,0,0,344561,116232,0
1,1,0,0,344562,116232,1
0,0,0,0,344563,116233,0
1,1,0,0,344564,116233,1
0,0,0,0,344565,116234,0
1,1,0,0,344566,116234,1
0,0,0,0,344567,116235,0
1,1,0,0,344568,116235,1
0,0,0,0,344569,116236,0
1,1,0,0,344570,116236,1
0,0,0,0,344571,116237,0
1,1,0,0,344572,116237,1
0,0,0,0,344573,116238,0
1,1,0,0,344574,116238,1
0,0,0,0,344575,116239,0
1,1,0,0,344576,116239,1
0,0,0,0,344577,116240,0
1,1,0,0,344578,116240,1
0,0,0,0,344579,116241,0
1,1,0,0,344580,116241,1
0,0,0,0,344581,116242,0
1,1,0,0,344582,116242,1
0,0,0,0,344583,116243,0
1,1,0,0,344584,116243,1
0,0,0,0,344585,116244,0
1,1,0,0,344586,116244,1
0,0,0,0,344587,116245,0
1,1,0,0,344588,116245,1
0,0,0,0,344589,116246,0
1,1,0,0,344590,116246,1
0,0,0,0,344591,116247,0
1,1,0,0,344592,116247,1
0,0,0,0,344593,116248,0
1,1,0,0,344594,116248,1
0,0,0,0,344595,116249,0
1,1,0,0,344596,116249,1
0,0,0,0,344597,116250,0
1,1,0,0,344598,116250,1
0,0,0,0,344599,116251,0
1,1,0,0,344600,116251,1
0,0,0,0,344601,116252,0
1,1,0,0,344602,116252,1
0,0,0,0,344603,116253,0
1,1,0,0,344604,116253,1
0,0,0,0,344605,116254,0
1,1,0,0,344606,116254,1
0,0,0,0,344607,116255,0
1,1,0,0,344608,116255,1
0,0,0,0,344609,116256,0
1,1,0,0,344610,116256,1
0,0,0,0,344611,116257,0
1,1,0,0,344612,116257,1
0,0,0,0,344613,116258,0
1,1,0,0,344614,116258,1
0,0,0,0,344615,116259,0
1,1,0,0,344616,116259,1
0,0,0,0,344617,116260,0
1,1,0,0,344618,116260,1
0,0,0,0,344619,116261,0
1,1,0,0,344620,116261,1
0,0,0,0,344621,116262,0
1,1,0,0,344622,116262,1
0,0,0,0,344623,116263,0
1,1,0,0,344624,116263,1
0,0,0,0,344625,116264,0
1,1,0,0,344626,116264,1
0,0,0,0,344627,116265,0
1,1,0,0,344628,116265,1
0,0,0,0,344629,116266,0
1,1,0,0,344630,116266,1
0,0,0,0,344631,116267,0
1,1,0,0,344632,116267,1
0,0,0,0,344633,116268,0
1,1,0,0,344634,116268,1
0,0,0,0,344635,116269,0
1,1,0,0,344636,116269,1
0,0,0,0,344637,116270,0
1,1,0,0,344638,116270,1
0,0,0,0,344639,116271,0
1,1,0,0,344640,116271,1
0,0,0,0,344641,116272,0
1,1,0,0,344642,116272,1
0,0,0,0,344643,116273,0
1,1,0,0,344644,116273,1
0,0,0,0,344645,116274,0
1,1,0,0,344646,116274,1
0,0,0,0,344647,116275,0
1,1,0,0,344648,116275,1
0,0,0,0,344649,116276,0
1,1,0,0,344650,116276,1
0,0,0,0,344651,116277,0
1,1,0,0,344652,116277,1
0,0,0,0,344653,116278,0
1,1,0,0,344654,116278,1
0,0,0,0,344655,116279,0
1,1,0,0,344656,116279,1
0,0,0,0,344657,116280,0
1,1,0,0,344658,116280,1
0,0,0,0,344659,116281,0
1,1,0,0,344660,116281,1
0,0,0,0,344661,116282,0
1,1,0,0,344662,116282,1
0,0,0,0,344663,116283,0
1,1,0,0,344664,116283,1
0,0,0,0,344665,116284,0
1,1,0,0,344666,116284,1
0,0,0,0,344667,116285,0
1,1,0,0,344668,116285,1
0,0,0,0,344669,116286,0
1,1,0,0,344670,116286,1
0,0,0,0,344671,116287,0
1,1,0,0,344672,116287,1
0,0,0,0,344673,116288,0
1,1,0,0,344674,116288,1
0,0,0,0,344675,116289,0
1,1,0,0,344676,116289,1
0,0,0,0,344677,116290,0
1,1,0,0,344678,116290,1
0,0,0,0,344679,116291,0
1,1,0,0,344680,116291,1
0,0,0,0,344681,116292,0
1,1,0,0,344682,116292,1
0,0,0,0,344683,116293,0
1,1,0,0,344684,116293,1
0,0,0,0,344685,116294,0
1,1,0,0,344686,116294,1
0,0,0,0,344687,116295,0
1,1,0,0,344688,116295,1
0,0,0,0,344689,116296,0
1,1,0,0,344690,116296,1
0,0,0,0,344691,116297,0
1,1,0,0,344692,116297,1
0,0,0,0,344693,116298,0
1,1,0,0,344694,116298,1
0,0,0,0,344695,116299,0
1,1,0,0,344696,116299,1
0,0,0,0,344697,116300,0
1,1,0,0,344698,116300,1
0,0,0,0,344699,116301,0
1,1,0,0,344700,116301,1
0,0,0,0,344701,116302,0
1,1,0,0,344702,116302,1
0,0,0,0,344703,116303,0
1,1,0,0,344704,116303,1
0,0,0,0,344705,116304,0
1,1,0,0,344706,116304,1
0,0,0,0,344707,116305,0
1,1,0,0,344708,116305,1
0,0,0,0,344709,116306,0
1,1,0,0,344710,116306,1
0,0,0,0,344711,116307,0
1,1,0,0,344712,116307,1
0,0,0,0,344713,116308,0
1,1,0,0,344714,116308,1
0,0,0,0,344715,116309,0
1,1,0,0,344716,116309,1
0,0,0,0,344717,116310,0
1,1,0,0,344718,116310,1
0,0,0,0,344719,116311,0
1,1,0,0,344720,116311,1
0,0,0,0,344721,116312,0
1,1,0,0,344722,116312,1
0,0,0,0,344723,116313,0
1,1,0,0,344724,116313,1
0,0,0,0,344725,116314,0
1,1,0,0,344726,116314,1
0,0,0,0,344727,116315,0
1,1,0,0,344728,116315,1
0,0,0,0,344729,116316,0
1,1,0,0,344730,116316,1
0,0,0,0,344731,116317,0
1,1,0,0,344732,116317,1
0,0,0,0,344733,116318,0
1,1,0,0,344734,116318,1
0,0,0,0,344735,116319,0
1,1,0,0,344736,116319,1
0,0,0,0,344737,116320,0
1,1,0,0,344738,116320,1
0,0,0,0,344739,116321,0
1,1,0,0,344740,116321,1
0,0,0,0,344741,116322,0
1,1,0,0,344742,116322,1
0,0,0,0,344743,116323,0
1,1,0,0,344744,116323,1
0,0,0,0,344745,116324,0
1,1,0,0,344746,116324,1
0,0,0,0,344747,116325,0
1,1,0,0,344748,116325,1
0,0,0,0,344749,116326,0
1,1,0,0,344750,116326,1
0,0,0,0,344751,116327,0
1,1,0,0,344752,116327,1
0,0,0,0,344753,116328,0
1,1,0,0,344754,116328,1
0,0,0,0,344755,116329,0
1,1,0,0,344756,116329,1
0,0,0,0,344757,116330,0
1,1,0,0,344758,116330,1
0,0,0,0,344759,116331,0
1,1,0,0,344760,116331,1
0,0,0,0,344761,116332,0
1,1,0,0,344762,116332,1
0,0,0,0,344763,116333,0
1,1,0,0,344764,116333,1
0,0,0,0,344765,116334,0
1,1,0,0,344766,116334,1
0,0,0,0,344767,116335,0
1,1,0,0,344768,116335,1
0,0,0,0,344769,116336,0
1,1,0,0,344770,116336,1
0,0,0,0,344771,116337,0
1,1,0,0,344772,116337,1
0,0,0,0,344773,116338,0
1,1,0,0,344774,116338,1
0,0,0,0,344775,116339,0
1,1,0,0,344776,116339,1
0,0,0,0,344777,116340,0
1,1,0,0,344778,116340,1
0,0,0,0,344779,116341,0
1,1,0,0,344780,116341,1
0,0,0,0,344781,116342,0
1,1,0,0,344782,116342,1
0,0,0,0,344783,116343,0
1,1,0,0,344784,116343,1
0,0,0,0,344785,116344,0
1,1,0,0,344786,116344,1
0,0,0,0,344787,116345,0
1,1,0,0,344788,116345,1
0,0,0,0,344789,116346,0
1,1,0,0,344790,116346,1
0,0,0,0,344791,116347,0
1,1,0,0,344792,116347,1
0,0,0,0,344793,116348,0
1,1,0,0,344794,116348,1
0,0,0,0,344795,116349,0
1,1,0,0,344796,116349,1
0,0,0,0,344797,116350,0
1,1,0,0,344798,116350,1
0,0,0,0,344799,116351,0
1,1,0,0,344800,116351,1
0,0,0,0,344801,116352,0
1,1,0,0,344802,116352,1
0,0,0,0,344803,116353,0
1,1,0,0,344804,116353,1
0,0,0,0,344805,116354,0
1,1,0,0,344806,116354,1
0,0,0,0,344807,116355,0
1,1,0,0,344808,116355,1
0,0,0,0,344809,116356,0
1,1,0,0,344810,116356,1
0,0,0,0,344811,116357,0
1,1,0,0,344812,116357,1
0,0,0,0,344813,116358,0
1,1,0,0,344814,116358,1
0,0,0,0,344815,116359,0
1,1,0,0,344816,116359,1
0,0,0,0,344817,116360,0
1,1,0,0,344818,116360,1
0,0,0,0,344819,116361,0
1,1,0,0,344820,116361,1
0,0,0,0,344821,116362,0
1,1,0,0,344822,116362,1
0,0,0,0,344823,116363,0
1,1,0,0,344824,116363,1
0,0,0,0,344825,116364,0
1,1,0,0,344826,116364,1
0,0,0,0,344827,116365,0
1,1,0,0,344828,116365,1
0,0,0,0,344829,116366,0
1,1,0,0,344830,116366,1
0,0,0,0,344831,116367,0
1,1,0,0,344832,116367,1
0,0,0,0,344833,116368,0
1,1,0,0,344834,116368,1
0,0,0,0,344835,116369,0
1,1,0,0,344836,116369,1
0,0,0,0,344837,116370,0
1,1,0,0,344838,116370,1
0,0,0,0,344839,116371,0
1,1,0,0,344840,116371,1
0,0,0,0,344841,116372,0
1,1,0,0,344842,116372,1
0,0,0,0,344843,116373,0
1,1,0,0,344844,116373,1
0,0,0,0,344845,116374,0
1,1,0,0,344846,116374,1
0,0,0,0,344847,116375,0
1,1,0,0,344848,116375,1
0,0,0,0,344849,116376,0
1,1,0,0,344850,116376,1
0,0,0,0,344851,116377,0
1,1,0,0,344852,116377,1
0,0,0,0,344853,116378,0
1,1,0,0,344854,116378,1
0,0,0,0,344855,116379,0
1,1,0,0,344856,116379,1
0,0,0,0,344857,116380,0
1,1,0,0,344858,116380,1
0,0,0,0,344859,116381,0
1,1,0,0,344860,116381,1
0,0,0,0,344861,116382,0
1,1,0,0,344862,116382,1
0,0,0,0,344863,116383,0
1,1,0,0,344864,116383,1
0,0,0,0,344865,116384,0
1,1,0,0,344866,116384,1
0,0,0,0,344867,116385,0
1,1,0,0,344868,116385,1
0,0,0,0,344869,116386,0
1,1,0,0,344870,116386,1
0,0,0,0,344871,116387,0
1,1,0,0,344872,116387,1
0,0,0,0,344873,116388,0
1,1,0,0,344874,116388,1
0,0,0,0,344875,116389,0
1,1,0,0,344876,116389,1
0,0,0,0,344877,116390,0
1,1,0,0,344878,116390,1
0,0,0,0,344879,116391,0
1,1,0,0,344880,116391,1
0,0,0,0,344881,116392,0
1,1,0,0,344882,116392,1
0,0,0,0,344883,116393,0
1,1,0,0,344884,116393,1
0,0,0,0,344885,116394,0
1,1,0,0,344886,116394,1
0,0,0,0,344887,116395,0
1,1,0,0,344888,116395,1
0,0,0,0,344889,116396,0
1,1,0,0,344890,116396,1
0,0,0,0,344891,116397,0
1,1,0,0,344892,116397,1
0,0,0,0,344893,116398,0
1,1,0,0,344894,116398,1
0,0,0,0,344895,116399,0
1,1,0,0,344896,116399,1
0,0,0,0,344897,116400,0
1,1,0,0,344898,116400,1
0,0,0,0,344899,116401,0
1,1,0,0,344900,116401,1
0,0,0,0,344901,116402,0
1,1,0,0,344902,116402,1
0,0,0,0,344903,116403,0
1,1,0,0,344904,116403,1
0,0,0,0,344905,116404,0
1,1,0,0,344906,116404,1
0,0,0,0,344907,116405,0
1,1,0,0,344908,116405,1
0,0,0,0,344909,116406,0
1,1,0,0,344910,116406,1
0,0,0,0,344911,116407,0
1,1,0,0,344912,116407,1
0,0,0,0,344913,116408,0
1,1,0,0,344914,116408,1
0,0,0,0,344915,116409,0
1,1,0,0,344916,116409,1
0,0,0,0,344917,116410,0
1,1,0,0,344918,116410,1
0,0,0,0,344919,116411,0
1,1,0,0,344920,116411,1
0,0,0,0,344921,116412,0
1,1,0,0,344922,116412,1
0,0,0,0,344923,116413,0
1,1,0,0,344924,116413,1
0,0,0,0,344925,116414,0
1,1,0,0,344926,116414,1
0,0,0,0,344927,116415,0
1,1,0,0,344928,116415,1
0,0,0,0,344929,116416,0
1,1,0,0,344930,116416,1
0,0,0,0,344931,116417,0
1,1,0,0,344932,116417,1
0,0,0,0,344933,116418,0
1,1,0,0,344934,116418,1
0,0,0,0,344935,116419,0
1,1,0,0,344936,116419,1
0,0,0,0,344937,116420,0
1,1,0,0,344938,116420,1
0,0,0,0,344939,116421,0
1,1,0,0,344940,116421,1
0,0,0,0,344941,116422,0
1,1,0,0,344942,116422,1
0,0,0,0,344943,116423,0
1,1,0,0,344944,116423,1
0,0,0,0,344945,116424,0
1,1,0,0,344946,116424,1
0,0,0,0,344947,116425,0
1,1,0,0,344948,116425,1
0,0,0,0,344949,116426,0
1,1,0,0,344950,116426,1
0,0,0,0,344951,116427,0
1,1,0,0,344952,116427,1
0,0,0,0,344953,116428,0
1,1,0,0,344954,116428,1
0,0,0,0,344955,116429,0
1,1,0,0,344956,116429,1
0,0,0,0,344957,116430,0
1,1,0,0,344958,116430,1
0,0,0,0,344959,116431,0
1,1,0,0,344960,116431,1
0,0,0,0,344961,116432,0
1,1,0,0,344962,116432,1
0,0,0,0,344963,116433,0
1,1,0,0,344964,116433,1
0,0,0,0,344965,116434,0
1,1,0,0,344966,116434,1
0,0,0,0,344967,116435,0
1,1,0,0,344968,116435,1
0,0,0,0,344969,116436,0
1,1,0,0,344970,116436,1
0,0,0,0,344971,116437,0
1,1,0,0,344972,116437,1
0,0,0,0,344973,116438,0
1,1,0,0,344974,116438,1
0,0,0,0,344975,116439,0
1,1,0,0,344976,116439,1
0,0,0,0,344977,116440,0
1,1,0,0,344978,116440,1
0,0,0,0,344979,116441,0
1,1,0,0,344980,116441,1
0,0,0,0,344981,116442,0
1,1,0,0,344982,116442,1
0,0,0,0,344983,116443,0
1,1,0,0,344984,116443,1
0,0,0,0,344985,116444,0
1,1,0,0,344986,116444,1
0,0,0,0,344987,116445,0
1,1,0,0,344988,116445,1
0,0,0,0,344989,116446,0
1,1,0,0,344990,116446,1
0,0,0,0,344991,116447,0
1,1,0,0,344992,116447,1
0,0,0,0,344993,116448,0
1,1,0,0,344994,116448,1
0,0,0,0,344995,116449,0
1,1,0,0,344996,116449,1
0,0,0,0,344997,116450,0
1,1,0,0,344998,116450,1
0,0,0,0,344999,116451,0
1,1,0,0,345000,116451,1
0,0,0,0,345001,116452,0
1,1,0,0,345002,116452,1
0,0,0,0,345003,116453,0
1,1,0,0,345004,116453,1
0,0,0,0,345005,116454,0
1,1,0,0,345006,116454,1
0,0,0,0,345007,116455,0
1,1,0,0,345008,116455,1
0,0,0,0,345009,116456,0
1,1,0,0,345010,116456,1
0,0,0,0,345011,116457,0
1,1,0,0,345012,116457,1
0,0,0,0,345013,116458,0
1,1,0,0,345014,116458,1
0,0,0,0,345015,116459,0
1,1,0,0,345016,116459,1
0,0,0,0,345017,116460,0
1,1,0,0,345018,116460,1
0,0,0,0,345019,116461,0
1,1,0,0,345020,116461,1
0,0,0,0,345021,116462,0
1,1,0,0,345022,116462,1
0,0,0,0,345023,116463,0
1,1,0,0,345024,116463,1
0,0,0,0,345025,116464,0
1,1,0,0,345026,116464,1
0,0,0,0,345027,116465,0
1,1,0,0,345028,116465,1
0,0,0,0,345029,116466,0
1,1,0,0,345030,116466,1
0,0,0,0,345031,116467,0
1,1,0,0,345032,116467,1
0,0,0,0,345033,116468,0
1,1,0,0,345034,116468,1
0,0,0,0,345035,116469,0
1,1,0,0,345036,116469,1
0,0,0,0,345037,116470,0
1,1,0,0,345038,116470,1
0,0,0,0,345039,116471,0
1,1,0,0,345040,116471,1
0,0,0,0,345041,116472,0
1,1,0,0,345042,116472,1
0,0,0,0,345043,116473,0
1,1,0,0,345044,116473,1
0,0,0,0,345045,116474,0
1,1,0,0,345046,116474,1
0,0,0,0,345047,116475,0
1,1,0,0,345048,116475,1
0,0,0,0,345049,116476,0
1,1,0,0,345050,116476,1
0,0,0,0,345051,116477,0
1,1,0,0,345052,116477,1
0,0,0,0,345053,116478,0
1,1,0,0,345054,116478,1
0,0,0,0,345055,116479,0
1,1,0,0,345056,116479,1
0,0,0,0,345057,116480,0
1,1,0,0,345058,116480,1
0,0,0,0,345059,116481,0
1,1,0,0,345060,116481,1
0,0,0,0,345061,116482,0
1,1,0,0,345062,116482,1
0,0,0,0,345063,116483,0
1,1,0,0,345064,116483,1
0,0,0,0,345065,116484,0
1,1,0,0,345066,116484,1
0,0,0,0,345067,116485,0
1,1,0,0,345068,116485,1
0,0,0,0,345069,116486,0
1,1,0,0,345070,116486,1
0,0,0,0,345071,116487,0
1,1,0,0,345072,116487,1
0,0,0,0,345073,116488,0
1,1,0,0,345074,116488,1
0,0,0,0,345075,116489,0
1,1,0,0,345076,116489,1
0,0,0,0,345077,116490,0
1,1,0,0,345078,116490,1
0,0,0,0,345079,116491,0
1,1,0,0,345080,116491,1
0,0,0,0,345081,116492,0
1,1,0,0,345082,116492,1
0,0,0,0,345083,116493,0
1,1,0,0,345084,116493,1
0,0,0,0,345085,116494,0
1,1,0,0,345086,116494,1
0,0,0,0,345087,116495,0
1,1,0,0,345088,116495,1
0,0,0,0,345089,116496,0
1,1,0,0,345090,116496,1
0,0,0,0,345091,116497,0
1,1,0,0,345092,116497,1
0,0,0,0,345093,116498,0
1,1,0,0,345094,116498,1
0,0,0,0,345095,116499,0
1,1,0,0,345096,116499,1
0,0,0,0,345097,116500,0
1,1,0,0,345098,116500,1
0,0,0,0,345099,116501,0
1,1,0,0,345100,116501,1
0,0,0,0,345101,116502,0
1,1,0,0,345102,116502,1
0,0,0,0,345103,116503,0
1,1,0,0,345104,116503,1
0,0,0,0,345105,116504,0
1,1,0,0,345106,116504,1
0,0,0,0,345107,116505,0
1,1,0,0,345108,116505,1
0,0,0,0,345109,116506,0
1,1,0,0,345110,116506,1
0,0,0,0,345111,116507,0
1,1,0,0,345112,116507,1
0,0,0,0,345113,116508,0
1,1,0,0,345114,116508,1
0,0,0,0,345115,116509,0
1,1,0,0,345116,116509,1
0,0,0,0,345117,116510,0
1,1,0,0,345118,116510,1
0,0,0,0,345119,116511,0
1,1,0,0,345120,116511,1
0,0,0,0,345121,116512,0
1,1,0,0,345122,116512,1
0,0,0,0,345123,116513,0
1,1,0,0,345124,116513,1
0,0,0,0,345125,116514,0
1,1,0,0,345126,116514,1
0,0,0,0,345127,116515,0
1,1,0,0,345128,116515,1
0,0,0,0,345129,116516,0
1,1,0,0,345130,116516,1
0,0,0,0,345131,116517,0
1,1,0,0,345132,116517,1
0,0,0,0,345133,116518,0
1,1,0,0,345134,116518,1
0,0,0,0,345135,116519,0
1,1,0,0,345136,116519,1
0,0,0,0,345137,116520,0
1,1,0,0,345138,116520,1
0,0,0,0,345139,116521,0
1,1,0,0,345140,116521,1
0,0,0,0,345141,116522,0
1,1,0,0,345142,116522,1
0,0,0,0,345143,116523,0
1,1,0,0,345144,116523,1
0,0,0,0,345145,116524,0
1,1,0,0,345146,116524,1
0,0,0,0,345147,116525,0
1,1,0,0,345148,116525,1
0,0,0,0,345149,116526,0
1,1,0,0,345150,116526,1
0,0,0,0,345151,116527,0
1,1,0,0,345152,116527,1
0,0,0,0,345153,116528,0
1,1,0,0,345154,116528,1
0,0,0,0,345155,116529,0
1,1,0,0,345156,116529,1
0,0,0,0,345157,116530,0
1,1,0,0,345158,116530,1
0,0,0,0,345159,116531,0
1,1,0,0,345160,116531,1
0,0,0,0,345161,116532,0
1,1,0,0,345162,116532,1
0,0,0,0,345163,116533,0
1,1,0,0,345164,116533,1
0,0,0,0,345165,116534,0
1,1,0,0,345166,116534,1
0,0,0,0,345167,116535,0
1,1,0,0,345168,116535,1
0,0,0,0,345169,116536,0
1,1,0,0,345170,116536,1
0,0,0,0,345171,116537,0
1,1,0,0,345172,116537,1
0,0,0,0,345173,116538,0
1,1,0,0,345174,116538,1
0,0,0,0,345175,116539,0
1,1,0,0,345176,116539,1
0,0,0,0,345177,116540,0
1,1,0,0,345178,116540,1
0,0,0,0,345179,116541,0
1,1,0,0,345180,116541,1
0,0,0,0,345181,116542,0
1,1,0,0,345182,116542,1
0,0,0,0,345183,116543,0
1,1,0,0,345184,116543,1
0,0,0,0,345185,116544,0
1,1,0,0,345186,116544,1
0,0,0,0,345187,116545,0
1,1,0,0,345188,116545,1
0,0,0,0,345189,116546,0
1,1,0,0,345190,116546,1
0,0,0,0,345191,116547,0
1,1,0,0,345192,116547,1
0,0,0,0,345193,116548,0
1,1,0,0,345194,116548,1
0,0,0,0,345195,116549,0
1,1,0,0,345196,116549,1
0,0,0,0,345197,116550,0
1,1,0,0,345198,116550,1
0,0,0,0,345199,116551,0
1,1,0,0,345200,116551,1
0,0,0,0,345201,116552,0
1,1,0,0,345202,116552,1
0,0,0,0,345203,116553,0
1,1,0,0,345204,116553,1
0,0,0,0,345205,116554,0
1,1,0,0,345206,116554,1
0,0,0,0,345207,116555,0
1,1,0,0,345208,116555,1
0,0,0,0,345209,116556,0
1,1,0,0,345210,116556,1
0,0,0,0,345211,116557,0
1,1,0,0,345212,116557,1
0,0,0,0,345213,116558,0
1,1,0,0,345214,116558,1
0,0,0,0,345215,116559,0
1,1,0,0,345216,116559,1
0,0,0,0,345217,116560,0
1,1,0,0,345218,116560,1
0,0,0,0,345219,116561,0
1,1,0,0,345220,116561,1
0,0,0,0,345221,116562,0
1,1,0,0,345222,116562,1
0,0,0,0,345223,116563,0
1,1,0,0,345224,116563,1
0,0,0,0,345225,116564,0
1,1,0,0,345226,116564,1
0,0,0,0,345227,116565,0
1,1,0,0,345228,116565,1
0,0,0,0,345229,116566,0
1,1,0,0,345230,116566,1
0,0,0,0,345231,116567,0
1,1,0,0,345232,116567,1
0,0,0,0,345233,116568,0
1,1,0,0,345234,116568,1
0,0,0,0,345235,116569,0
1,1,0,0,345236,116569,1
0,0,0,0,345237,116570,0
1,1,0,0,345238,116570,1
0,0,0,0,345239,116571,0
1,1,0,0,345240,116571,1
0,0,0,0,345241,116572,0
1,1,0,0,345242,116572,1
0,0,0,0,345243,116573,0
1,1,0,0,345244,116573,1
0,0,0,0,345245,116574,0
1,1,0,0,345246,116574,1
0,0,0,0,345247,116575,0
1,1,0,0,345248,116575,1
0,0,0,0,345249,116576,0
1,1,0,0,345250,116576,1
0,0,0,0,345251,116577,0
1,1,0,0,345252,116577,1
0,0,0,0,345253,116578,0
1,1,0,0,345254,116578,1
0,0,0,0,345255,116579,0
1,1,0,0,345256,116579,1
0,0,0,0,345257,116580,0
1,1,0,0,345258,116580,1
0,0,0,0,345259,116581,0
1,1,0,0,345260,116581,1
0,0,0,0,345261,116582,0
1,1,0,0,345262,116582,1
0,0,0,0,345263,116583,0
1,1,0,0,345264,116583,1
0,0,0,0,345265,116584,0
1,1,0,0,345266,116584,1
0,0,0,0,345267,116585,0
1,1,0,0,345268,116585,1
0,0,0,0,345269,116586,0
1,1,0,0,345270,116586,1
0,0,0,0,345271,116587,0
1,1,0,0,345272,116587,1
0,0,0,0,345273,116588,0
1,1,0,0,345274,116588,1
0,0,0,0,345275,116589,0
1,1,0,0,345276,116589,1
0,0,0,0,345277,116590,0
1,1,0,0,345278,116590,1
0,0,0,0,345279,116591,0
1,1,0,0,345280,116591,1
0,0,0,0,345281,116592,0
1,1,0,0,345282,116592,1
0,0,0,0,345283,116593,0
1,1,0,0,345284,116593,1
0,0,0,0,345285,116594,0
1,1,0,0,345286,116594,1
0,0,0,0,345287,116595,0
1,1,0,0,345288,116595,1
0,0,0,0,345289,116596,0
1,1,0,0,345290,116596,1
0,0,0,0,345291,116597,0
1,1,0,0,345292,116597,1
0,0,0,0,345293,116598,0
1,1,0,0,345294,116598,1
0,0,0,0,345295,116599,0
1,1,0,0,345296,116599,1
0,0,0,0,345297,116600,0
1,1,0,0,345298,116600,1
0,0,0,0,345299,116601,0
1,1,0,0,345300,116601,1
0,0,0,0,345301,116602,0
1,1,0,0,345302,116602,1
0,0,0,0,345303,116603,0
1,1,0,0,345304,116603,1
0,0,0,0,345305,116604,0
1,1,0,0,345306,116604,1
0,0,0,0,345307,116605,0
1,1,0,0,345308,116605,1
0,0,0,0,345309,116606,0
1,1,0,0,345310,116606,1
0,0,0,0,345311,116607,0
1,1,0,0,345312,116607,1
0,0,0,0,345313,116608,0
1,1,0,0,345314,116608,1
0,0,0,0,345315,116609,0
1,1,0,0,345316,116609,1
0,0,0,0,345317,116610,0
1,1,0,0,345318,116610,1
0,0,0,0,345319,116611,0
1,1,0,0,345320,116611,1
0,0,0,0,345321,116612,0
1,1,0,0,345322,116612,1
0,0,0,0,345323,116613,0
1,1,0,0,345324,116613,1
0,0,0,0,345325,116614,0
1,1,0,0,345326,116614,1
0,0,0,0,345327,116615,0
1,1,0,0,345328,116615,1
0,0,0,0,345329,116616,0
1,1,0,0,345330,116616,1
0,0,0,0,345331,116617,0
1,1,0,0,345332,116617,1
0,0,0,0,345333,116618,0
1,1,0,0,345334,116618,1
0,0,0,0,345335,116619,0
1,1,0,0,345336,116619,1
0,0,0,0,345337,116620,0
1,1,0,0,345338,116620,1
0,0,0,0,345339,116621,0
1,1,0,0,345340,116621,1
0,0,0,0,345341,116622,0
1,1,0,0,345342,116622,1
0,0,0,0,345343,116623,0
1,1,0,0,345344,116623,1
0,0,0,0,345345,116624,0
1,1,0,0,345346,116624,1
0,0,0,0,345347,116625,0
1,1,0,0,345348,116625,1
0,0,0,0,345349,116626,0
1,1,0,0,345350,116626,1
0,0,0,0,345351,116627,0
1,1,0,0,345352,116627,1
0,0,0,0,345353,116628,0
1,1,0,0,345354,116628,1
0,0,0,0,345355,116629,0
1,1,0,0,345356,116629,1
0,0,0,0,345357,116630,0
1,1,0,0,345358,116630,1
0,0,0,0,345359,116631,0
1,1,0,0,345360,116631,1
0,0,0,0,345361,116632,0
1,1,0,0,345362,116632,1
0,0,0,0,345363,116633,0
1,1,0,0,345364,116633,1
0,0,0,0,345365,116634,0
1,1,0,0,345366,116634,1
0,0,0,0,345367,116635,0
1,1,0,0,345368,116635,1
0,0,0,0,345369,116636,0
1,1,0,0,345370,116636,1
0,0,0,0,345371,116637,0
1,1,0,0,345372,116637,1
0,0,0,0,345373,116638,0
1,1,0,0,345374,116638,1
0,0,0,0,345375,116639,0
1,1,0,0,345376,116639,1
0,0,0,0,345377,116640,0
1,1,0,0,345378,116640,1
0,0,0,0,345379,116641,0
1,1,0,0,345380,116641,1
0,0,0,0,345381,116642,0
1,1,0,0,345382,116642,1
0,0,0,0,345383,116643,0
1,1,0,0,345384,116643,1
0,0,0,0,345385,116644,0
1,1,0,0,345386,116644,1
0,0,0,0,345387,116645,0
1,1,0,0,345388,116645,1
0,0,0,0,345389,116646,0
1,1,0,0,345390,116646,1
0,0,0,0,345391,116647,0
1,1,0,0,345392,116647,1
0,0,0,0,345393,116648,0
1,1,0,0,345394,116648,1
0,0,0,0,345395,116649,0
1,1,0,0,345396,116649,1
0,0,0,0,345397,116650,0
1,1,0,0,345398,116650,1
0,0,0,0,345399,116651,0
1,1,0,0,345400,116651,1
0,0,0,0,345401,116652,0
1,1,0,0,345402,116652,1
0,0,0,0,345403,116653,0
1,1,0,0,345404,116653,1
0,0,0,0,345405,116654,0
1,1,0,0,345406,116654,1
0,0,0,0,345407,116655,0
1,1,0,0,345408,116655,1
0,0,0,0,345409,116656,0
1,1,0,0,345410,116656,1
0,0,0,0,345411,116657,0
1,1,0,0,345412,116657,1
0,0,0,0,345413,116658,0
1,1,0,0,345414,116658,1
0,0,0,0,345415,116659,0
1,1,0,0,345416,116659,1
0,0,0,0,345417,116660,0
1,1,0,0,345418,116660,1
0,0,0,0,345419,116661,0
1,1,0,0,345420,116661,1
0,0,0,0,345421,116662,0
1,1,0,0,345422,116662,1
0,0,0,0,345423,116663,0
1,1,0,0,345424,116663,1
0,0,0,0,345425,116664,0
1,1,0,0,345426,116664,1
0,0,0,0,345427,116665,0
1,1,0,0,345428,116665,1
0,0,0,0,345429,116666,0
1,1,0,0,345430,116666,1
0,0,0,0,345431,116667,0
1,1,0,0,345432,116667,1
0,0,0,0,345433,116668,0
1,1,0,0,345434,116668,1
0,0,0,0,345435,116669,0
1,1,0,0,345436,116669,1
0,0,0,0,345437,116670,0
1,1,0,0,345438,116670,1
0,0,0,0,345439,116671,0
1,1,0,0,345440,116671,1
0,0,0,0,345441,116672,0
1,1,0,0,345442,116672,1
0,0,0,0,345443,116673,0
1,1,0,0,345444,116673,1
0,0,0,0,345445,116674,0
1,1,0,0,345446,116674,1
0,0,0,0,345447,116675,0
1,1,0,0,345448,116675,1
0,0,0,0,345449,116676,0
1,1,0,0,345450,116676,1
0,0,0,0,345451,116677,0
1,1,0,0,345452,116677,1
0,0,0,0,345453,116678,0
1,1,0,0,345454,116678,1
0,0,0,0,345455,116679,0
1,1,0,0,345456,116679,1
0,0,0,0,345457,116680,0
1,1,0,0,345458,116680,1
0,0,0,0,345459,116681,0
1,1,0,0,345460,116681,1
0,0,0,0,345461,116682,0
1,1,0,0,345462,116682,1
0,0,0,0,345463,116683,0
1,1,0,0,345464,116683,1
0,0,0,0,345465,116684,0
1,1,0,0,345466,116684,1
0,0,0,0,345467,116685,0
1,1,0,0,345468,116685,1
0,0,0,0,345469,116686,0
1,1,0,0,345470,116686,1
0,0,0,0,345471,116687,0
1,1,0,0,345472,116687,1
0,0,0,0,345473,116688,0
1,1,0,0,345474,116688,1
0,0,0,0,345475,116689,0
1,1,0,0,345476,116689,1
0,0,0,0,345477,116690,0
1,1,0,0,345478,116690,1
0,0,0,0,345479,116691,0
1,1,0,0,345480,116691,1
0,0,0,0,345481,116692,0
1,1,0,0,345482,116692,1
0,0,0,0,345483,116693,0
1,1,0,0,345484,116693,1
0,0,0,0,345485,116694,0
1,1,0,0,345486,116694,1
0,0,0,0,345487,116695,0
1,1,0,0,345488,116695,1
0,0,0,0,345489,116696,0
1,1,0,0,345490,116696,1
0,0,0,0,345491,116697,0
1,1,0,0,345492,116697,1
0,0,0,0,345493,116698,0
1,1,0,0,345494,116698,1
0,0,0,0,345495,116699,0
1,1,0,0,345496,116699,1
0,0,0,0,345497,116700,0
1,1,0,0,345498,116700,1
0,0,0,0,345499,116701,0
1,1,0,0,345500,116701,1
0,0,0,0,345501,116702,0
1,1,0,0,345502,116702,1
0,0,0,0,345503,116703,0
1,1,0,0,345504,116703,1
0,0,0,0,345505,116704,0
1,1,0,0,345506,116704,1
0,0,0,0,345507,116705,0
1,1,0,0,345508,116705,1
0,0,0,0,345509,116706,0
1,1,0,0,345510,116706,1
0,0,0,0,345511,116707,0
1,1,0,0,345512,116707,1
0,0,0,0,345513,116708,0
1,1,0,0,345514,116708,1
0,0,0,0,345515,116709,0
1,1,0,0,345516,116709,1
0,0,0,0,345517,116710,0
1,1,0,0,345518,116710,1
0,0,0,0,345519,116711,0
1,1,0,0,345520,116711,1
0,0,0,0,345521,116712,0
1,1,0,0,345522,116712,1
0,0,0,0,345523,116713,0
1,1,0,0,345524,116713,1
0,0,0,0,345525,116714,0
1,1,0,0,345526,116714,1
0,0,0,0,345527,116715,0
1,1,0,0,345528,116715,1
0,0,0,0,345529,116716,0
1,1,0,0,345530,116716,1
0,0,0,0,345531,116717,0
1,1,0,0,345532,116717,1
0,0,0,0,345533,116718,0
1,1,0,0,345534,116718,1
0,0,0,0,345535,116719,0
1,1,0,0,345536,116719,1
0,0,0,0,345537,116720,0
1,1,0,0,345538,116720,1
0,0,0,0,345539,116721,0
1,1,0,0,345540,116721,1
0,0,0,0,345541,116722,0
1,1,0,0,345542,116722,1
0,0,0,0,345543,116723,0
1,1,0,0,345544,116723,1
0,0,0,0,345545,116724,0
1,1,0,0,345546,116724,1
0,0,0,0,345547,116725,0
1,1,0,0,345548,116725,1
0,0,0,0,345549,116726,0
1,1,0,0,345550,116726,1
0,0,0,0,345551,116727,0
1,1,0,0,345552,116727,1
0,0,0,0,345553,116728,0
1,1,0,0,345554,116728,1
0,0,0,0,345555,116729,0
1,1,0,0,345556,116729,1
0,0,0,0,345557,116730,0
1,1,0,0,345558,116730,1
0,0,0,0,345559,116731,0
1,1,0,0,345560,116731,1
0,0,0,0,345561,116732,0
1,1,0,0,345562,116732,1
0,0,0,0,345563,116733,0
1,1,0,0,345564,116733,1
0,0,0,0,345565,116734,0
1,1,0,0,345566,116734,1
0,0,0,0,345567,116735,0
1,1,0,0,345568,116735,1
0,0,0,0,345569,116736,0
1,1,0,0,345570,116736,1
0,0,0,0,345571,116737,0
1,1,0,0,345572,116737,1
0,0,0,0,345573,116738,0
1,1,0,0,345574,116738,1
0,0,0,0,345575,116739,0
1,1,0,0,345576,116739,1
0,0,0,0,345577,116740,0
1,1,0,0,345578,116740,1
0,0,0,0,345579,116741,0
1,1,0,0,345580,116741,1
0,0,0,0,345581,116742,0
1,1,0,0,345582,116742,1
0,0,0,0,345583,116743,0
1,1,0,0,345584,116743,1
0,0,0,0,345585,116744,0
1,1,0,0,345586,116744,1
0,0,0,0,345587,116745,0
1,1,0,0,345588,116745,1
0,0,0,0,345589,116746,0
1,1,0,0,345590,116746,1
0,0,0,0,345591,116747,0
1,1,0,0,345592,116747,1
0,0,0,0,345593,116748,0
1,1,0,0,345594,116748,1
0,0,0,0,345595,116749,0
1,1,0,0,345596,116749,1
0,0,0,0,345597,116750,0
1,1,0,0,345598,116750,1
0,0,0,0,345599,116751,0
1,1,0,0,345600,116751,1
0,0,0,0,345601,116752,0
1,1,0,0,345602,116752,1
0,0,0,0,345603,116753,0
1,1,0,0,345604,116753,1
0,0,0,0,345605,116754,0
1,1,0,0,345606,116754,1
0,0,0,0,345607,116755,0
1,1,0,0,345608,116755,1
0,0,0,0,345609,116756,0
1,1,0,0,345610,116756,1
0,0,0,0,345611,116757,0
1,1,0,0,345612,116757,1
0,0,0,0,345613,116758,0
1,1,0,0,345614,116758,1
0,0,0,0,345615,116759,0
1,1,0,0,345616,116759,1
0,0,0,0,345617,116760,0
1,1,0,0,345618,116760,1
0,0,0,0,345619,116761,0
1,1,0,0,345620,116761,1
0,0,0,0,345621,116762,0
1,1,0,0,345622,116762,1
0,0,0,0,345623,116763,0
1,1,0,0,345624,116763,1
0,0,0,0,345625,116764,0
1,1,0,0,345626,116764,1
0,0,0,0,345627,116765,0
1,1,0,0,345628,116765,1
0,0,0,0,345629,116766,0
1,1,0,0,345630,116766,1
0,0,0,0,345631,116767,0
1,1,0,0,345632,116767,1
0,0,0,0,345633,116768,0
1,1,0,0,345634,116768,1
0,0,0,0,345635,116769,0
1,1,0,0,345636,116769,1
0,0,0,0,345637,116770,0
1,1,0,0,345638,116770,1
0,0,0,0,345639,116771,0
1,1,0,0,345640,116771,1
0,0,0,0,345641,116772,0
1,1,0,0,345642,116772,1
0,0,0,0,345643,116773,0
1,1,0,0,345644,116773,1
0,0,0,0,345645,116774,0
1,1,0,0,345646,116774,1
0,0,0,0,345647,116775,0
1,1,0,0,345648,116775,1
0,0,0,0,345649,116776,0
1,1,0,0,345650,116776,1
0,0,0,0,345651,116777,0
1,1,0,0,345652,116777,1
0,0,0,0,345653,116778,0
1,1,0,0,345654,116778,1
0,0,0,0,345655,116779,0
1,1,0,0,345656,116779,1
0,0,0,0,345657,116780,0
1,1,0,0,345658,116780,1
0,0,0,0,345659,116781,0
1,1,0,0,345660,116781,1
0,0,0,0,345661,116782,0
1,1,0,0,345662,116782,1
0,0,0,0,345663,116783,0
1,1,0,0,345664,116783,1
0,0,0,0,345665,116784,0
1,1,0,0,345666,116784,1
0,0,0,0,345667,116785,0
1,1,0,0,345668,116785,1
0,0,0,0,345669,116786,0
1,1,0,0,345670,116786,1
0,0,0,0,345671,116787,0
1,1,0,0,345672,116787,1
0,0,0,0,345673,116788,0
1,1,0,0,345674,116788,1
0,0,0,0,345675,116789,0
1,1,0,0,345676,116789,1
0,0,0,0,345677,116790,0
1,1,0,0,345678,116790,1
0,0,0,0,345679,116791,0
1,1,0,0,345680,116791,1
0,0,0,0,345681,116792,0
1,1,0,0,345682,116792,1
0,0,0,0,345683,116793,0
1,1,0,0,345684,116793,1
0,0,0,0,345685,116794,0
1,1,0,0,345686,116794,1
0,0,0,0,345687,116795,0
1,1,0,0,345688,116795,1
0,0,0,0,345689,116796,0
1,1,0,0,345690,116796,1
0,0,0,0,345691,116797,0
1,1,0,0,345692,116797,1
0,0,0,0,345693,116798,0
1,1,0,0,345694,116798,1
0,0,0,0,345695,116799,0
1,1,0,0,345696,116799,1
0,0,0,0,345697,116800,0
1,1,0,0,345698,116800,1
0,0,0,0,345699,116801,0
1,1,0,0,345700,116801,1
0,0,0,0,345701,116802,0
1,1,0,0,345702,116802,1
0,0,0,0,345703,116803,0
1,1,0,0,345704,116803,1
0,0,0,0,345705,116804,0
1,1,0,0,345706,116804,1
0,0,0,0,345707,116805,0
1,1,0,0,345708,116805,1
0,0,0,0,345709,116806,0
1,1,0,0,345710,116806,1
0,0,0,0,345711,116807,0
1,1,0,0,345712,116807,1
0,0,0,0,345713,116808,0
1,1,0,0,345714,116808,1
0,0,0,0,345715,116809,0
1,1,0,0,345716,116809,1
0,0,0,0,345717,116810,0
1,1,0,0,345718,116810,1
0,0,0,0,345719,116811,0
1,1,0,0,345720,116811,1
0,0,0,0,345721,116812,0
1,1,0,0,345722,116812,1
0,0,0,0,345723,116813,0
1,1,0,0,345724,116813,1
0,0,0,0,345725,116814,0
1,1,0,0,345726,116814,1
0,0,0,0,345727,116815,0
1,1,0,0,345728,116815,1
0,0,0,0,345729,116816,0
1,1,0,0,345730,116816,1
0,0,0,0,345731,116817,0
1,1,0,0,345732,116817,1
0,0,0,0,345733,116818,0
1,1,0,0,345734,116818,1
0,0,0,0,345735,116819,0
1,1,0,0,345736,116819,1
0,0,0,0,345737,116820,0
1,1,0,0,345738,116820,1
0,0,0,0,345739,116821,0
1,1,0,0,345740,116821,1
0,0,0,0,345741,116822,0
1,1,0,0,345742,116822,1
0,0,0,0,345743,116823,0
1,1,0,0,345744,116823,1
0,0,0,0,345745,116824,0
1,1,0,0,345746,116824,1
0,0,0,0,345747,116825,0
1,1,0,0,345748,116825,1
0,0,0,0,345749,116826,0
1,1,0,0,345750,116826,1
0,0,0,0,345751,116827,0
1,1,0,0,345752,116827,1
0,0,0,0,345753,116828,0
1,1,0,0,345754,116828,1
0,0,0,0,345755,116829,0
1,1,0,0,345756,116829,1
0,0,0,0,345757,116830,0
1,1,0,0,345758,116830,1
0,0,0,0,345759,116831,0
1,1,0,0,345760,116831,1
0,0,0,0,345761,116832,0
1,1,0,0,345762,116832,1
0,0,0,0,345763,116833,0
1,1,0,0,345764,116833,1
0,0,0,0,345765,116834,0
1,1,0,0,345766,116834,1
0,0,0,0,345767,116835,0
1,1,0,0,345768,116835,1
0,0,0,0,345769,116836,0
1,1,0,0,345770,116836,1
0,0,0,0,345771,116837,0
1,1,0,0,345772,116837,1
0,0,0,0,345773,116838,0
1,1,0,0,345774,116838,1
0,0,0,0,345775,116839,0
1,1,0,0,345776,116839,1
0,0,0,0,345777,116840,0
1,1,0,0,345778,116840,1
0,0,0,0,345779,116841,0
1,1,0,0,345780,116841,1
0,0,0,0,345781,116842,0
1,1,0,0,345782,116842,1
0,0,0,0,345783,116843,0
1,1,0,0,345784,116843,1
0,0,0,0,345785,116844,0
1,1,0,0,345786,116844,1
0,0,0,0,345787,116845,0
1,1,0,0,345788,116845,1
0,0,0,0,345789,116846,0
1,1,0,0,345790,116846,1
0,0,0,0,345791,116847,0
1,1,0,0,345792,116847,1
0,0,0,0,345793,116848,0
1,1,0,0,345794,116848,1
0,0,0,0,345795,116849,0
1,1,0,0,345796,116849,1
0,0,0,0,345797,116850,0
1,1,0,0,345798,116850,1
0,0,0,0,345799,116851,0
1,1,0,0,345800,116851,1
0,0,0,0,345801,116852,0
1,1,0,0,345802,116852,1
0,0,0,0,345803,116853,0
1,1,0,0,345804,116853,1
0,0,0,0,345805,116854,0
1,1,0,0,345806,116854,1
0,0,0,0,345807,116855,0
1,1,0,0,345808,116855,1
0,0,0,0,345809,116856,0
1,1,0,0,345810,116856,1
0,0,0,0,345811,116857,0
1,1,0,0,345812,116857,1
0,0,0,0,345813,116858,0
1,1,0,0,345814,116858,1
0,0,0,0,345815,116859,0
1,1,0,0,345816,116859,1
0,0,0,0,345817,116860,0
1,1,0,0,345818,116860,1
0,0,0,0,345819,116861,0
1,1,0,0,345820,116861,1
0,0,0,0,345821,116862,0
1,1,0,0,345822,116862,1
0,0,0,0,345823,116863,0
1,1,0,0,345824,116863,1
0,0,0,0,345825,116864,0
1,1,0,0,345826,116864,1
0,0,0,0,345827,116865,0
1,1,0,0,345828,116865,1
0,0,0,0,345829,116866,0
1,1,0,0,345830,116866,1
0,0,0,0,345831,116867,0
1,1,0,0,345832,116867,1
0,0,0,0,345833,116868,0
1,1,0,0,345834,116868,1
0,0,0,0,345835,116869,0
1,1,0,0,345836,116869,1
0,0,0,0,345837,116870,0
1,1,0,0,345838,116870,1
0,0,0,0,345839,116871,0
1,1,0,0,345840,116871,1
0,0,0,0,345841,116872,0
1,1,0,0,345842,116872,1
0,0,0,0,345843,116873,0
1,1,0,0,345844,116873,1
0,0,0,0,345845,116874,0
1,1,0,0,345846,116874,1
0,0,0,0,345847,116875,0
1,1,0,0,345848,116875,1
0,0,0,0,345849,116876,0
1,1,0,0,345850,116876,1
0,0,0,0,345851,116877,0
1,1,0,0,345852,116877,1
0,0,0,0,345853,116878,0
1,1,0,0,345854,116878,1
0,0,0,0,345855,116879,0
1,1,0,0,345856,116879,1
0,0,0,0,345857,116880,0
1,1,0,0,345858,116880,1
0,0,0,0,345859,116881,0
1,1,0,0,345860,116881,1
0,0,0,0,345861,116882,0
1,1,0,0,345862,116882,1
0,0,0,0,345863,116883,0
1,1,0,0,345864,116883,1
0,0,0,0,345865,116884,0
1,1,0,0,345866,116884,1
0,0,0,0,345867,116885,0
1,1,0,0,345868,116885,1
0,0,0,0,345869,116886,0
1,1,0,0,345870,116886,1
0,0,0,0,345871,116887,0
1,1,0,0,345872,116887,1
0,0,0,0,345873,116888,0
1,1,0,0,345874,116888,1
0,0,0,0,345875,116889,0
1,1,0,0,345876,116889,1
0,0,0,0,345877,116890,0
1,1,0,0,345878,116890,1
0,0,0,0,345879,116891,0
1,1,0,0,345880,116891,1
0,0,0,0,345881,116892,0
1,1,0,0,345882,116892,1
0,0,0,0,345883,116893,0
1,1,0,0,345884,116893,1
0,0,0,0,345885,116894,0
1,1,0,0,345886,116894,1
0,0,0,0,345887,116895,0
1,1,0,0,345888,116895,1
0,0,0,0,345889,116896,0
1,1,0,0,345890,116896,1
0,0,0,0,345891,116897,0
1,1,0,0,345892,116897,1
0,0,0,0,345893,116898,0
1,1,0,0,345894,116898,1
0,0,0,0,345895,116899,0
1,1,0,0,345896,116899,1
0,0,0,0,345897,116900,0
1,1,0,0,345898,116900,1
0,0,0,0,345899,116901,0
1,1,0,0,345900,116901,1
0,0,0,0,345901,116902,0
1,1,0,0,345902,116902,1
0,0,0,0,345903,116903,0
1,1,0,0,345904,116903,1
0,0,0,0,345905,116904,0
1,1,0,0,345906,116904,1
0,0,0,0,345907,116905,0
1,1,0,0,345908,116905,1
0,0,0,0,345909,116906,0
1,1,0,0,345910,116906,1
0,0,0,0,345911,116907,0
1,1,0,0,345912,116907,1
0,0,0,0,345913,116908,0
1,1,0,0,345914,116908,1
0,0,0,0,345915,116909,0
1,1,0,0,345916,116909,1
0,0,0,0,345917,116910,0
1,1,0,0,345918,116910,1
0,0,0,0,345919,116911,0
1,1,0,0,345920,116911,1
0,0,0,0,345921,116912,0
1,1,0,0,345922,116912,1
0,0,0,0,345923,116913,0
1,1,0,0,345924,116913,1
0,0,0,0,345925,116914,0
1,1,0,0,345926,116914,1
0,0,0,0,345927,116915,0
1,1,0,0,345928,116915,1
0,0,0,0,345929,116916,0
1,1,0,0,345930,116916,1
0,0,0,0,345931,116917,0
1,1,0,0,345932,116917,1
0,0,0,0,345933,116918,0
1,1,0,0,345934,116918,1
0,0,0,0,345935,116919,0
1,1,0,0,345936,116919,1
0,0,0,0,345937,116920,0
1,1,0,0,345938,116920,1
0,0,0,0,345939,116921,0
1,1,0,0,345940,116921,1
0,0,0,0,345941,116922,0
1,1,0,0,345942,116922,1
0,0,0,0,345943,116923,0
1,1,0,0,345944,116923,1
0,0,0,0,345945,116924,0
1,1,0,0,345946,116924,1
0,0,0,0,345947,116925,0
1,1,0,0,345948,116925,1
0,0,0,0,345949,116926,0
1,1,0,0,345950,116926,1
0,0,0,0,345951,116927,0
1,1,0,0,345952,116927,1
0,0,0,0,345953,116928,0
1,1,0,0,345954,116928,1
0,0,0,0,345955,116929,0
1,1,0,0,345956,116929,1
0,0,0,0,345957,116930,0
1,1,0,0,345958,116930,1
0,0,0,0,345959,116931,0
1,1,0,0,345960,116931,1
0,0,0,0,345961,116932,0
1,1,0,0,345962,116932,1
0,0,0,0,345963,116933,0
1,1,0,0,345964,116933,1
0,0,0,0,345965,116934,0
1,1,0,0,345966,116934,1
0,0,0,0,345967,116935,0
1,1,0,0,345968,116935,1
0,0,0,0,345969,116936,0
1,1,0,0,345970,116936,1
0,0,0,0,345971,116937,0
1,1,0,0,345972,116937,1
0,0,0,0,345973,116938,0
1,1,0,0,345974,116938,1
0,0,0,0,345975,116939,0
1,1,0,0,345976,116939,1
0,0,0,0,345977,116940,0
1,1,0,0,345978,116940,1
0,0,0,0,345979,116941,0
1,1,0,0,345980,116941,1
0,0,0,0,345981,116942,0
1,1,0,0,345982,116942,1
0,0,0,0,345983,116943,0
1,1,0,0,345984,116943,1
0,0,0,0,345985,116944,0
1,1,0,0,345986,116944,1
0,0,0,0,345987,116945,0
1,1,0,0,345988,116945,1
0,0,0,0,345989,116946,0
1,1,0,0,345990,116946,1
0,0,0,0,345991,116947,0
1,1,0,0,345992,116947,1
0,0,0,0,345993,116948,0
1,1,0,0,345994,116948,1
0,0,0,0,345995,116949,0
1,1,0,0,345996,116949,1
0,0,0,0,345997,116950,0
1,1,0,0,345998,116950,1
0,0,0,0,345999,116951,0
1,1,0,0,346000,116951,1
0,0,0,0,346001,116952,0
1,1,0,0,346002,116952,1
0,0,0,0,346003,116953,0
1,1,0,0,346004,116953,1
0,0,0,0,346005,116954,0
1,1,0,0,346006,116954,1
0,0,0,0,346007,116955,0
1,1,0,0,346008,116955,1
0,0,0,0,346009,116956,0
1,1,0,0,346010,116956,1
0,0,0,0,346011,116957,0
1,1,0,0,346012,116957,1
0,0,0,0,346013,116958,0
1,1,0,0,346014,116958,1
0,0,0,0,346015,116959,0
1,1,0,0,346016,116959,1
0,0,0,0,346017,116960,0
1,1,0,0,346018,116960,1
0,0,0,0,346019,116961,0
1,1,0,0,346020,116961,1
0,0,0,0,346021,116962,0
1,1,0,0,346022,116962,1
0,0,0,0,346023,116963,0
1,1,0,0,346024,116963,1
0,0,0,0,346025,116964,0
1,1,0,0,346026,116964,1
0,0,0,0,346027,116965,0
1,1,0,0,346028,116965,1
0,0,0,0,346029,116966,0
1,1,0,0,346030,116966,1
0,0,0,0,346031,116967,0
1,1,0,0,346032,116967,1
0,0,0,0,346033,116968,0
1,1,0,0,346034,116968,1
0,0,0,0,346035,116969,0
1,1,0,0,346036,116969,1
0,0,0,0,346037,116970,0
1,1,0,0,346038,116970,1
0,0,0,0,346039,116971,0
1,1,0,0,346040,116971,1
0,0,0,0,346041,116972,0
1,1,0,0,346042,116972,1
0,0,0,0,346043,116973,0
1,1,0,0,346044,116973,1
0,0,0,0,346045,116974,0
1,1,0,0,346046,116974,1
0,0,0,0,346047,116975,0
1,1,0,0,346048,116975,1
0,0,0,0,346049,116976,0
1,1,0,0,346050,116976,1
0,0,0,0,346051,116977,0
1,1,0,0,346052,116977,1
0,0,0,0,346053,116978,0
1,1,0,0,346054,116978,1
0,0,0,0,346055,116979,0
1,1,0,0,346056,116979,1
0,0,0,0,346057,116980,0
1,1,0,0,346058,116980,1
0,0,0,0,346059,116981,0
1,1,0,0,346060,116981,1
0,0,0,0,346061,116982,0
1,1,0,0,346062,116982,1
0,0,0,0,346063,116983,0
1,1,0,0,346064,116983,1
0,0,0,0,346065,116984,0
1,1,0,0,346066,116984,1
0,0,0,0,346067,116985,0
1,1,0,0,346068,116985,1
0,0,0,0,346069,116986,0
1,1,0,0,346070,116986,1
0,0,0,0,346071,116987,0
1,1,0,0,346072,116987,1
0,0,0,0,346073,116988,0
1,1,0,0,346074,116988,1
0,0,0,0,346075,116989,0
1,1,0,0,346076,116989,1
0,0,0,0,346077,116990,0
1,1,0,0,346078,116990,1
0,0,0,0,346079,116991,0
1,1,0,0,346080,116991,1
0,0,0,0,346081,116992,0
1,1,0,0,346082,116992,1
0,0,0,0,346083,116993,0
1,1,0,0,346084,116993,1
0,0,0,0,346085,116994,0
1,1,0,0,346086,116994,1
0,0,0,0,346087,116995,0
1,1,0,0,346088,116995,1
0,0,0,0,346089,116996,0
1,1,0,0,346090,116996,1
0,0,0,0,346091,116997,0
1,1,0,0,346092,116997,1
0,0,0,0,346093,116998,0
1,1,0,0,346094,116998,1
0,0,0,0,346095,116999,0
1,1,0,0,346096,116999,1
0,0,0,0,346097,117000,0
1,1,0,0,346098,117000,1
0,0,0,0,346099,117001,0
1,1,0,0,346100,117001,1
0,0,0,0,346101,117002,0
1,1,0,0,346102,117002,1
0,0,0,0,346103,117003,0
1,1,0,0,346104,117003,1
0,0,0,0,346105,117004,0
1,1,0,0,346106,117004,1
0,0,0,0,346107,117005,0
1,1,0,0,346108,117005,1
0,0,0,0,346109,117006,0
1,1,0,0,346110,117006,1
0,0,0,0,346111,117007,0
1,1,0,0,346112,117007,1
0,0,0,0,346113,117008,0
1,1,0,0,346114,117008,1
0,0,0,0,346115,117009,0
1,1,0,0,346116,117009,1
0,0,0,0,346117,117010,0
1,1,0,0,346118,117010,1
0,0,0,0,346119,117011,0
1,1,0,0,346120,117011,1
0,0,0,0,346121,117012,0
1,1,0,0,346122,117012,1
0,0,0,0,346123,117013,0
1,1,0,0,346124,117013,1
0,0,0,0,346125,117014,0
1,1,0,0,346126,117014,1
0,0,0,0,346127,117015,0
1,1,0,0,346128,117015,1
0,0,0,0,346129,117016,0
1,1,0,0,346130,117016,1
0,0,0,0,346131,117017,0
1,1,0,0,346132,117017,1
0,0,0,0,346133,117018,0
1,1,0,0,346134,117018,1
0,0,0,0,346135,117019,0
1,1,0,0,346136,117019,1
0,0,0,0,346137,117020,0
1,1,0,0,346138,117020,1
0,0,0,0,346139,117021,0
1,1,0,0,346140,117021,1
0,0,0,0,346141,117022,0
1,1,0,0,346142,117022,1
0,0,0,0,346143,117023,0
1,1,0,0,346144,117023,1
0,0,0,0,346145,117024,0
1,1,0,0,346146,117024,1
0,0,0,0,346147,117025,0
1,1,0,0,346148,117025,1
0,0,0,0,346149,117026,0
1,1,0,0,346150,117026,1
0,0,0,0,346151,117027,0
1,1,0,0,346152,117027,1
0,0,0,0,346153,117028,0
1,1,0,0,346154,117028,1
0,0,0,0,346155,117029,0
1,1,0,0,346156,117029,1
0,0,0,0,346157,117030,0
1,1,0,0,346158,117030,1
0,0,0,0,346159,117031,0
1,1,0,0,346160,117031,1
0,0,0,0,346161,117032,0
1,1,0,0,346162,117032,1
0,0,0,0,346163,117033,0
1,1,0,0,346164,117033,1
0,0,0,0,346165,117034,0
1,1,0,0,346166,117034,1
0,0,0,0,346167,117035,0
1,1,0,0,346168,117035,1
0,0,0,0,346169,117036,0
1,1,0,0,346170,117036,1
0,0,0,0,346171,117037,0
1,1,0,0,346172,117037,1
0,0,0,0,346173,117038,0
1,1,0,0,346174,117038,1
0,0,0,0,346175,117039,0
1,1,0,0,346176,117039,1
0,0,0,0,346177,117040,0
1,1,0,0,346178,117040,1
0,0,0,0,346179,117041,0
1,1,0,0,346180,117041,1
0,0,0,0,346181,117042,0
1,1,0,0,346182,117042,1
0,0,0,0,346183,117043,0
1,1,0,0,346184,117043,1
0,0,0,0,346185,117044,0
1,1,0,0,346186,117044,1
0,0,0,0,346187,117045,0
1,1,0,0,346188,117045,1
0,0,0,0,346189,117046,0
1,1,0,0,346190,117046,1
0,0,0,0,346191,117047,0
1,1,0,0,346192,117047,1
0,0,0,0,346193,117048,0
1,1,0,0,346194,117048,1
0,0,0,0,346195,117049,0
1,1,0,0,346196,117049,1
0,0,0,0,346197,117050,0
1,1,0,0,346198,117050,1
0,0,0,0,346199,117051,0
1,1,0,0,346200,117051,1
0,0,0,0,346201,117052,0
1,1,0,0,346202,117052,1
0,0,0,0,346203,117053,0
1,1,0,0,346204,117053,1
0,0,0,0,346205,117054,0
1,1,0,0,346206,117054,1
0,0,0,0,346207,117055,0
1,1,0,0,346208,117055,1
0,0,0,0,346209,117056,0
1,1,0,0,346210,117056,1
0,0,0,0,346211,117057,0
1,1,0,0,346212,117057,1
0,0,0,0,346213,117058,0
1,1,0,0,346214,117058,1
0,0,0,0,346215,117059,0
1,1,0,0,346216,117059,1
0,0,0,0,346217,117060,0
1,1,0,0,346218,117060,1
0,0,0,0,346219,117061,0
1,1,0,0,346220,117061,1
0,0,0,0,346221,117062,0
1,1,0,0,346222,117062,1
0,0,0,0,346223,117063,0
1,1,0,0,346224,117063,1
0,0,0,0,346225,117064,0
1,1,0,0,346226,117064,1
0,0,0,0,346227,117065,0
1,1,0,0,346228,117065,1
0,0,0,0,346229,117066,0
1,1,0,0,346230,117066,1
0,0,0,0,346231,117067,0
1,1,0,0,346232,117067,1
0,0,0,0,346233,117068,0
1,1,0,0,346234,117068,1
0,0,0,0,346235,117069,0
1,1,0,0,346236,117069,1
0,0,0,0,346237,117070,0
1,1,0,0,346238,117070,1
0,0,0,0,346239,117071,0
1,1,0,0,346240,117071,1
0,0,0,0,346241,117072,0
1,1,0,0,346242,117072,1
0,0,0,0,346243,117073,0
1,1,0,0,346244,117073,1
0,0,0,0,346245,117074,0
1,1,0,0,346246,117074,1
0,0,0,0,346247,117075,0
1,1,0,0,346248,117075,1
0,0,0,0,346249,117076,0
1,1,0,0,346250,117076,1
0,0,0,0,346251,117077,0
1,1,0,0,346252,117077,1
0,0,0,0,346253,117078,0
1,1,0,0,346254,117078,1
0,0,0,0,346255,117079,0
1,1,0,0,346256,117079,1
0,0,0,0,346257,117080,0
1,1,0,0,346258,117080,1
0,0,0,0,346259,117081,0
1,1,0,0,346260,117081,1
0,0,0,0,346261,117082,0
1,1,0,0,346262,117082,1
0,0,0,0,346263,117083,0
1,1,0,0,346264,117083,1
0,0,0,0,346265,117084,0
1,1,0,0,346266,117084,1
0,0,0,0,346267,117085,0
1,1,0,0,346268,117085,1
0,0,0,0,346269,117086,0
1,1,0,0,346270,117086,1
0,0,0,0,346271,117087,0
1,1,0,0,346272,117087,1
0,0,0,0,346273,117088,0
1,1,0,0,346274,117088,1
0,0,0,0,346275,117089,0
1,1,0,0,346276,117089,1
0,0,0,0,346277,117090,0
1,1,0,0,346278,117090,1
0,0,0,0,346279,117091,0
1,1,0,0,346280,117091,1
0,0,0,0,346281,117092,0
1,1,0,0,346282,117092,1
0,0,0,0,346283,117093,0
1,1,0,0,346284,117093,1
0,0,0,0,346285,117094,0
1,1,0,0,346286,117094,1
0,0,0,0,346287,117095,0
1,1,0,0,346288,117095,1
0,0,0,0,346289,117096,0
1,1,0,0,346290,117096,1
0,0,0,0,346291,117097,0
1,1,0,0,346292,117097,1
0,0,0,0,346293,117098,0
1,1,0,0,346294,117098,1
0,0,0,0,346295,117099,0
1,1,0,0,346296,117099,1
0,0,0,0,346297,117100,0
1,1,0,0,346298,117100,1
0,0,0,0,346299,117101,0
1,1,0,0,346300,117101,1
0,0,0,0,346301,117102,0
1,1,0,0,346302,117102,1
0,0,0,0,346303,117103,0
1,1,0,0,346304,117103,1
0,0,0,0,346305,117104,0
1,1,0,0,346306,117104,1
0,0,0,0,346307,117105,0
1,1,0,0,346308,117105,1
0,0,0,0,346309,117106,0
1,1,0,0,346310,117106,1
0,0,0,0,346311,117107,0
1,1,0,0,346312,117107,1
0,0,0,0,346313,117108,0
1,1,0,0,346314,117108,1
0,0,0,0,346315,117109,0
1,1,0,0,346316,117109,1
0,0,0,0,346317,117110,0
1,1,0,0,346318,117110,1
0,0,0,0,346319,117111,0
1,1,0,0,346320,117111,1
0,0,0,0,346321,117112,0
1,1,0,0,346322,117112,1
0,0,0,0,346323,117113,0
1,1,0,0,346324,117113,1
0,0,0,0,346325,117114,0
1,1,0,0,346326,117114,1
0,0,0,0,346327,117115,0
1,1,0,0,346328,117115,1
0,0,0,0,346329,117116,0
1,1,0,0,346330,117116,1
0,0,0,0,346331,117117,0
1,1,0,0,346332,117117,1
0,0,0,0,346333,117118,0
1,1,0,0,346334,117118,1
0,0,0,0,346335,117119,0
1,1,0,0,346336,117119,1
0,0,0,0,346337,117120,0
1,1,0,0,346338,117120,1
0,0,0,0,346339,117121,0
1,1,0,0,346340,117121,1
0,0,0,0,346341,117122,0
1,1,0,0,346342,117122,1
0,0,0,0,346343,117123,0
1,1,0,0,346344,117123,1
0,0,0,0,346345,117124,0
1,1,0,0,346346,117124,1
0,0,0,0,346347,117125,0
1,1,0,0,346348,117125,1
0,0,0,0,346349,117126,0
1,1,0,0,346350,117126,1
0,0,0,0,346351,117127,0
1,1,0,0,346352,117127,1
0,0,0,0,346353,117128,0
1,1,0,0,346354,117128,1
0,0,0,0,346355,117129,0
1,1,0,0,346356,117129,1
0,0,0,0,346357,117130,0
1,1,0,0,346358,117130,1
0,0,0,0,346359,117131,0
1,1,0,0,346360,117131,1
0,0,0,0,346361,117132,0
1,1,0,0,346362,117132,1
0,0,0,0,346363,117133,0
1,1,0,0,346364,117133,1
0,0,0,0,346365,117134,0
1,1,0,0,346366,117134,1
0,0,0,0,346367,117135,0
1,1,0,0,346368,117135,1
0,0,0,0,346369,117136,0
1,1,0,0,346370,117136,1
0,0,0,0,346371,117137,0
1,1,0,0,346372,117137,1
0,0,0,0,346373,117138,0
1,1,0,0,346374,117138,1
0,0,0,0,346375,117139,0
1,1,0,0,346376,117139,1
0,0,0,0,346377,117140,0
1,1,0,0,346378,117140,1
0,0,0,0,346379,117141,0
1,1,0,0,346380,117141,1
0,0,0,0,346381,117142,0
1,1,0,0,346382,117142,1
0,0,0,0,346383,117143,0
1,1,0,0,346384,117143,1
0,0,0,0,346385,117144,0
1,1,0,0,346386,117144,1
0,0,0,0,346387,117145,0
1,1,0,0,346388,117145,1
0,0,0,0,346389,117146,0
1,1,0,0,346390,117146,1
0,0,0,0,346391,117147,0
1,1,0,0,346392,117147,1
0,0,0,0,346393,117148,0
1,1,0,0,346394,117148,1
0,0,0,0,346395,117149,0
1,1,0,0,346396,117149,1
0,0,0,0,346397,117150,0
1,1,0,0,346398,117150,1
0,0,0,0,346399,117151,0
1,1,0,0,346400,117151,1
0,0,0,0,346401,117152,0
1,1,0,0,346402,117152,1
0,0,0,0,346403,117153,0
1,1,0,0,346404,117153,1
0,0,0,0,346405,117154,0
1,1,0,0,346406,117154,1
0,0,0,0,346407,117155,0
1,1,0,0,346408,117155,1
0,0,0,0,346409,117156,0
1,1,0,0,346410,117156,1
0,0,0,0,346411,117157,0
1,1,0,0,346412,117157,1
0,0,0,0,346413,117158,0
1,1,0,0,346414,117158,1
0,0,0,0,346415,117159,0
1,1,0,0,346416,117159,1
0,0,0,0,346417,117160,0
1,1,0,0,346418,117160,1
0,0,0,0,346419,117161,0
1,1,0,0,346420,117161,1
0,0,0,0,346421,117162,0
1,1,0,0,346422,117162,1
0,0,0,0,346423,117163,0
1,1,0,0,346424,117163,1
0,0,0,0,346425,117164,0
1,1,0,0,346426,117164,1
0,0,0,0,346427,117165,0
1,1,0,0,346428,117165,1
0,0,0,0,346429,117166,0
1,1,0,0,346430,117166,1
0,0,0,0,346431,117167,0
1,1,0,0,346432,117167,1
0,0,0,0,346433,117168,0
1,1,0,0,346434,117168,1
0,0,0,0,346435,117169,0
1,1,0,0,346436,117169,1
0,0,0,0,346437,117170,0
1,1,0,0,346438,117170,1
0,0,0,0,346439,117171,0
1,1,0,0,346440,117171,1
0,0,0,0,346441,117172,0
1,1,0,0,346442,117172,1
0,0,0,0,346443,117173,0
1,1,0,0,346444,117173,1
0,0,0,0,346445,117174,0
1,1,0,0,346446,117174,1
0,0,0,0,346447,117175,0
1,1,0,0,346448,117175,1
0,0,0,0,346449,117176,0
1,1,0,0,346450,117176,1
0,0,0,0,346451,117177,0
1,1,0,0,346452,117177,1
0,0,0,0,346453,117178,0
1,1,0,0,346454,117178,1
0,0,0,0,346455,117179,0
1,1,0,0,346456,117179,1
0,0,0,0,346457,117180,0
1,1,0,0,346458,117180,1
0,0,0,0,346459,117181,0
1,1,0,0,346460,117181,1
0,0,0,0,346461,117182,0
1,1,0,0,346462,117182,1
0,0,0,0,346463,117183,0
1,1,0,0,346464,117183,1
0,0,0,0,346465,117184,0
1,1,0,0,346466,117184,1
0,0,0,0,346467,117185,0
1,1,0,0,346468,117185,1
0,0,0,0,346469,117186,0
1,1,0,0,346470,117186,1
0,0,0,0,346471,117187,0
1,1,0,0,346472,117187,1
0,0,0,0,346473,117188,0
1,1,0,0,346474,117188,1
0,0,0,0,346475,117189,0
1,1,0,0,346476,117189,1
0,0,0,0,346477,117190,0
1,1,0,0,346478,117190,1
0,0,0,0,346479,117191,0
1,1,0,0,346480,117191,1
0,0,0,0,346481,117192,0
1,1,0,0,346482,117192,1
0,0,0,0,346483,117193,0
1,1,0,0,346484,117193,1
0,0,0,0,346485,117194,0
1,1,0,0,346486,117194,1
0,0,0,0,346487,117195,0
1,1,0,0,346488,117195,1
0,0,0,0,346489,117196,0
1,1,0,0,346490,117196,1
0,0,0,0,346491,117197,0
1,1,0,0,346492,117197,1
0,0,0,0,346493,117198,0
1,1,0,0,346494,117198,1
0,0,0,0,346495,117199,0
1,1,0,0,346496,117199,1
0,0,0,0,346497,117200,0
1,1,0,0,346498,117200,1
0,0,0,0,346499,117201,0
1,1,0,0,346500,117201,1
0,0,0,0,346501,117202,0
1,1,0,0,346502,117202,1
0,0,0,0,346503,117203,0
1,1,0,0,346504,117203,1
0,0,0,0,346505,117204,0
1,1,0,0,346506,117204,1
0,0,0,0,346507,117205,0
1,1,0,0,346508,117205,1
0,0,0,0,346509,117206,0
1,1,0,0,346510,117206,1
0,0,0,0,346511,117207,0
1,1,0,0,346512,117207,1
0,0,0,0,346513,117208,0
1,1,0,0,346514,117208,1
0,0,0,0,346515,117209,0
1,1,0,0,346516,117209,1
0,0,0,0,346517,117210,0
1,1,0,0,346518,117210,1
0,0,0,0,346519,117211,0
1,1,0,0,346520,117211,1
0,0,0,0,346521,117212,0
1,1,0,0,346522,117212,1
0,0,0,0,346523,117213,0
1,1,0,0,346524,117213,1
0,0,0,0,346525,117214,0
1,1,0,0,346526,117214,1
0,0,0,0,346527,117215,0
1,1,0,0,346528,117215,1
0,0,0,0,346529,117216,0
1,1,0,0,346530,117216,1
0,0,0,0,346531,117217,0
1,1,0,0,346532,117217,1
0,0,0,0,346533,117218,0
1,1,0,0,346534,117218,1
0,0,0,0,346535,117219,0
1,1,0,0,346536,117219,1
0,0,0,0,346537,117220,0
1,1,0,0,346538,117220,1
0,0,0,0,346539,117221,0
1,1,0,0,346540,117221,1
0,0,0,0,346541,117222,0
1,1,0,0,346542,117222,1
0,0,0,0,346543,117223,0
1,1,0,0,346544,117223,1
0,0,0,0,346545,117224,0
1,1,0,0,346546,117224,1
0,0,0,0,346547,117225,0
1,1,0,0,346548,117225,1
0,0,0,0,346549,117226,0
1,1,0,0,346550,117226,1
0,0,0,0,346551,117227,0
1,1,0,0,346552,117227,1
0,0,0,0,346553,117228,0
1,1,0,0,346554,117228,1
0,0,0,0,346555,117229,0
1,1,0,0,346556,117229,1
0,0,0,0,346557,117230,0
1,1,0,0,346558,117230,1
0,0,0,0,346559,117231,0
1,1,0,0,346560,117231,1
0,0,0,0,346561,117232,0
1,1,0,0,346562,117232,1
0,0,0,0,346563,117233,0
1,1,0,0,346564,117233,1
0,0,0,0,346565,117234,0
1,1,0,0,346566,117234,1
0,0,0,0,346567,117235,0
1,1,0,0,346568,117235,1
0,0,0,0,346569,117236,0
1,1,0,0,346570,117236,1
0,0,0,0,346571,117237,0
1,1,0,0,346572,117237,1
0,0,0,0,346573,117238,0
1,1,0,0,346574,117238,1
0,0,0,0,346575,117239,0
1,1,0,0,346576,117239,1
0,0,0,0,346577,117240,0
1,1,0,0,346578,117240,1
0,0,0,0,346579,117241,0
1,1,0,0,346580,117241,1
0,0,0,0,346581,117242,0
1,1,0,0,346582,117242,1
0,0,0,0,346583,117243,0
1,1,0,0,346584,117243,1
0,0,0,0,346585,117244,0
1,1,0,0,346586,117244,1
0,0,0,0,346587,117245,0
1,1,0,0,346588,117245,1
0,0,0,0,346589,117246,0
1,1,0,0,346590,117246,1
0,0,0,0,346591,117247,0
1,1,0,0,346592,117247,1
0,0,0,0,346593,117248,0
1,1,0,0,346594,117248,1
0,0,0,0,346595,117249,0
1,1,0,0,346596,117249,1
0,0,0,0,346597,117250,0
1,1,0,0,346598,117250,1
0,0,0,0,346599,117251,0
1,1,0,0,346600,117251,1
0,0,0,0,346601,117252,0
1,1,0,0,346602,117252,1
0,0,0,0,346603,117253,0
1,1,0,0,346604,117253,1
0,0,0,0,346605,117254,0
1,1,0,0,346606,117254,1
0,0,0,0,346607,117255,0
1,1,0,0,346608,117255,1
0,0,0,0,346609,117256,0
1,1,0,0,346610,117256,1
0,0,0,0,346611,117257,0
1,1,0,0,346612,117257,1
0,0,0,0,346613,117258,0
1,1,0,0,346614,117258,1
0,0,0,0,346615,117259,0
1,1,0,0,346616,117259,1
0,0,0,0,346617,117260,0
1,1,0,0,346618,117260,1
0,0,0,0,346619,117261,0
1,1,0,0,346620,117261,1
0,0,0,0,346621,117262,0
1,1,0,0,346622,117262,1
0,0,0,0,346623,117263,0
1,1,0,0,346624,117263,1
0,0,0,0,346625,117264,0
1,1,0,0,346626,117264,1
0,0,0,0,346627,117265,0
1,1,0,0,346628,117265,1
0,0,0,0,346629,117266,0
1,1,0,0,346630,117266,1
0,0,0,0,346631,117267,0
1,1,0,0,346632,117267,1
0,0,0,0,346633,117268,0
1,1,0,0,346634,117268,1
0,0,0,0,346635,117269,0
1,1,0,0,346636,117269,1
0,0,0,0,346637,117270,0
1,1,0,0,346638,117270,1
0,0,0,0,346639,117271,0
1,1,0,0,346640,117271,1
0,0,0,0,346641,117272,0
1,1,0,0,346642,117272,1
0,0,0,0,346643,117273,0
1,1,0,0,346644,117273,1
0,0,0,0,346645,117274,0
1,1,0,0,346646,117274,1
0,0,0,0,346647,117275,0
1,1,0,0,346648,117275,1
0,0,0,0,346649,117276,0
1,1,0,0,346650,117276,1
0,0,0,0,346651,117277,0
1,1,0,0,346652,117277,1
0,0,0,0,346653,117278,0
1,1,0,0,346654,117278,1
0,0,0,0,346655,117279,0
1,1,0,0,346656,117279,1
0,0,0,0,346657,117280,0
1,1,0,0,346658,117280,1
0,0,0,0,346659,117281,0
1,1,0,0,346660,117281,1
0,0,0,0,346661,117282,0
1,1,0,0,346662,117282,1
0,0,0,0,346663,117283,0
1,1,0,0,346664,117283,1
0,0,0,0,346665,117284,0
1,1,0,0,346666,117284,1
0,0,0,0,346667,117285,0
1,1,0,0,346668,117285,1
0,0,0,0,346669,117286,0
1,1,0,0,346670,117286,1
0,0,0,0,346671,117287,0
1,1,0,0,346672,117287,1
0,0,0,0,346673,117288,0
1,1,0,0,346674,117288,1
0,0,0,0,346675,117289,0
1,1,0,0,346676,117289,1
0,0,0,0,346677,117290,0
1,1,0,0,346678,117290,1
0,0,0,0,346679,117291,0
1,1,0,0,346680,117291,1
0,0,0,0,346681,117292,0
1,1,0,0,346682,117292,1
0,0,0,0,346683,117293,0
1,1,0,0,346684,117293,1
0,0,0,0,346685,117294,0
1,1,0,0,346686,117294,1
0,0,0,0,346687,117295,0
1,1,0,0,346688,117295,1
0,0,0,0,346689,117296,0
1,1,0,0,346690,117296,1
0,0,0,0,346691,117297,0
1,1,0,0,346692,117297,1
0,0,0,0,346693,117298,0
1,1,0,0,346694,117298,1
0,0,0,0,346695,117299,0
1,1,0,0,346696,117299,1
0,0,0,0,346697,117300,0
1,1,0,0,346698,117300,1
0,0,0,0,346699,117301,0
1,1,0,0,346700,117301,1
0,0,0,0,346701,117302,0
1,1,0,0,346702,117302,1
0,0,0,0,346703,117303,0
1,1,0,0,346704,117303,1
0,0,0,0,346705,117304,0
1,1,0,0,346706,117304,1
0,0,0,0,346707,117305,0
1,1,0,0,346708,117305,1
0,0,0,0,346709,117306,0
1,1,0,0,346710,117306,1
0,0,0,0,346711,117307,0
1,1,0,0,346712,117307,1
0,0,0,0,346713,117308,0
1,1,0,0,346714,117308,1
0,0,0,0,346715,117309,0
1,1,0,0,346716,117309,1
0,0,0,0,346717,117310,0
1,1,0,0,346718,117310,1
0,0,0,0,346719,117311,0
1,1,0,0,346720,117311,1
0,0,0,0,346721,117312,0
1,1,0,0,346722,117312,1
0,0,0,0,346723,117313,0
1,1,0,0,346724,117313,1
0,0,0,0,346725,117314,0
1,1,0,0,346726,117314,1
0,0,0,0,346727,117315,0
1,1,0,0,346728,117315,1
0,0,0,0,346729,117316,0
1,1,0,0,346730,117316,1
0,0,0,0,346731,117317,0
1,1,0,0,346732,117317,1
0,0,0,0,346733,117318,0
1,1,0,0,346734,117318,1
0,0,0,0,346735,117319,0
1,1,0,0,346736,117319,1
0,0,0,0,346737,117320,0
1,1,0,0,346738,117320,1
0,0,0,0,346739,117321,0
1,1,0,0,346740,117321,1
0,0,0,0,346741,117322,0
1,1,0,0,346742,117322,1
0,0,0,0,346743,117323,0
1,1,0,0,346744,117323,1
0,0,0,0,346745,117324,0
1,1,0,0,346746,117324,1
0,0,0,0,346747,117325,0
1,1,0,0,346748,117325,1
0,0,0,0,346749,117326,0
1,1,0,0,346750,117326,1
0,0,0,0,346751,117327,0
1,1,0,0,346752,117327,1
0,0,0,0,346753,117328,0
1,1,0,0,346754,117328,1
0,0,0,0,346755,117329,0
1,1,0,0,346756,117329,1
0,0,0,0,346757,117330,0
1,1,0,0,346758,117330,1
0,0,0,0,346759,117331,0
1,1,0,0,346760,117331,1
0,0,0,0,346761,117332,0
1,1,0,0,346762,117332,1
0,0,0,0,346763,117333,0
1,1,0,0,346764,117333,1
0,0,0,0,346765,117334,0
1,1,0,0,346766,117334,1
0,0,0,0,346767,117335,0
1,1,0,0,346768,117335,1
0,0,0,0,346769,117336,0
1,1,0,0,346770,117336,1
0,0,0,0,346771,117337,0
1,1,0,0,346772,117337,1
0,0,0,0,346773,117338,0
1,1,0,0,346774,117338,1
0,0,0,0,346775,117339,0
1,1,0,0,346776,117339,1
0,0,0,0,346777,117340,0
1,1,0,0,346778,117340,1
0,0,0,0,346779,117341,0
1,1,0,0,346780,117341,1
0,0,0,0,346781,117342,0
1,1,0,0,346782,117342,1
0,0,0,0,346783,117343,0
1,1,0,0,346784,117343,1
0,0,0,0,346785,117344,0
1,1,0,0,346786,117344,1
0,0,0,0,346787,117345,0
1,1,0,0,346788,117345,1
0,0,0,0,346789,117346,0
1,1,0,0,346790,117346,1
0,0,0,0,346791,117347,0
1,1,0,0,346792,117347,1
0,0,0,0,346793,117348,0
1,1,0,0,346794,117348,1
0,0,0,0,346795,117349,0
1,1,0,0,346796,117349,1
0,0,0,0,346797,117350,0
1,1,0,0,346798,117350,1
0,0,0,0,346799,117351,0
1,1,0,0,346800,117351,1
0,0,0,0,346801,117352,0
1,1,0,0,346802,117352,1
0,0,0,0,346803,117353,0
1,1,0,0,346804,117353,1
0,0,0,0,346805,117354,0
1,1,0,0,346806,117354,1
0,0,0,0,346807,117355,0
1,1,0,0,346808,117355,1
0,0,0,0,346809,117356,0
1,1,0,0,346810,117356,1
0,0,0,0,346811,117357,0
1,1,0,0,346812,117357,1
0,0,0,0,346813,117358,0
1,1,0,0,346814,117358,1
0,0,0,0,346815,117359,0
1,1,0,0,346816,117359,1
0,0,0,0,346817,117360,0
1,1,0,0,346818,117360,1
0,0,0,0,346819,117361,0
1,1,0,0,346820,117361,1
0,0,0,0,346821,117362,0
1,1,0,0,346822,117362,1
0,0,0,0,346823,117363,0
1,1,0,0,346824,117363,1
0,0,0,0,346825,117364,0
1,1,0,0,346826,117364,1
0,0,0,0,346827,117365,0
1,1,0,0,346828,117365,1
0,0,0,0,346829,117366,0
1,1,0,0,346830,117366,1
0,0,0,0,346831,117367,0
1,1,0,0,346832,117367,1
0,0,0,0,346833,117368,0
1,1,0,0,346834,117368,1
0,0,0,0,346835,117369,0
1,1,0,0,346836,117369,1
0,0,0,0,346837,117370,0
1,1,0,0,346838,117370,1
0,0,0,0,346839,117371,0
1,1,0,0,346840,117371,1
0,0,0,0,346841,117372,0
1,1,0,0,346842,117372,1
0,0,0,0,346843,117373,0
1,1,0,0,346844,117373,1
0,0,0,0,346845,117374,0
1,1,0,0,346846,117374,1
0,0,0,0,346919,117411,0
1,1,0,0,346920,117411,1
0,0,0,0,346921,117412,0
1,1,0,0,346922,117412,1
0,0,0,0,346923,117413,0
1,1,0,0,346924,117413,1
0,0,0,0,346925,117414,0
1,1,0,0,346926,117414,1
0,0,0,0,346927,117415,0
1,1,0,0,346928,117415,1
0,0,0,0,346929,117416,0
1,1,0,0,346930,117416,1
0,0,0,0,346931,117417,0
1,1,0,0,346932,117417,1
0,0,0,0,346933,117418,0
1,1,0,0,346934,117418,1
0,0,0,0,346935,117419,0
1,1,0,0,346936,117419,1
0,0,0,0,346937,117420,0
1,1,0,0,346938,117420,1
0,0,0,0,346939,117421,0
1,1,0,0,346940,117421,1
0,0,0,0,346941,117422,0
1,1,0,0,346942,117422,1
0,0,0,0,346943,117423,0
1,1,0,0,346944,117423,1
0,0,0,0,346945,117424,0
1,1,0,0,346946,117424,1
0,0,0,0,346947,117425,0
1,1,0,0,346948,117425,1
0,0,0,0,346949,117426,0
1,1,0,0,346950,117426,1
0,0,0,0,346951,117427,0
1,1,0,0,346952,117427,1
0,0,0,0,346953,117428,0
1,1,0,0,346954,117428,1
0,0,0,0,346955,117429,0
1,1,0,0,346956,117429,1
0,0,0,0,346957,117430,0
1,1,0,0,346958,117430,1
0,0,0,0,346959,117431,0
1,1,0,0,346960,117431,1
0,0,0,0,346961,117432,0
1,1,0,0,346962,117432,1
0,0,0,0,346963,117433,0
1,1,0,0,346964,117433,1
0,0,0,0,346965,117434,0
1,1,0,0,346966,117434,1
0,0,0,0,346967,117435,0
1,1,0,0,346968,117435,1
0,0,0,0,346969,117436,0
1,1,0,0,346970,117436,1
0,0,0,0,346971,117437,0
1,1,0,0,346972,117437,1
0,0,0,0,346973,117438,0
1,1,0,0,346974,117438,1
0,0,0,0,346975,117439,0
1,1,0,0,346976,117439,1
0,0,0,0,346977,117440,0
1,1,0,0,346978,117440,1
0,0,0,0,346979,117441,0
1,1,0,0,346980,117441,1
0,0,0,0,346981,117442,0
1,1,0,0,346982,117442,1
0,0,0,0,346983,117443,0
1,1,0,0,346984,117443,1
0,0,0,0,346985,117444,0
1,1,0,0,346986,117444,1
0,0,0,0,346987,117445,0
1,1,0,0,346988,117445,1
0,0,0,0,346989,117446,0
1,1,0,0,346990,117446,1
0,0,0,0,346991,117447,0
1,1,0,0,346992,117447,1
0,0,0,0,346993,117448,0
1,1,0,0,346994,117448,1
0,0,0,0,346995,117449,0
1,1,0,0,346996,117449,1
0,0,0,0,346997,117450,0
1,1,0,0,346998,117450,1
0,0,0,0,346999,117451,0
1,1,0,0,347000,117451,1
0,0,0,0,347001,117452,0
1,1,0,0,347002,117452,1
0,0,0,0,347003,117453,0
1,1,0,0,347004,117453,1
0,0,0,0,347005,117454,0
1,1,0,0,347006,117454,1
0,0,0,0,347007,117455,0
1,1,0,0,347008,117455,1
0,0,0,0,347009,117456,0
1,1,0,0,347010,117456,1
0,0,0,0,347011,117457,0
1,1,0,0,347012,117457,1
0,0,0,0,347013,117458,0
1,1,0,0,347014,117458,1
0,0,0,0,347015,117459,0
1,1,0,0,347016,117459,1
0,0,0,0,347017,117460,0
1,1,0,0,347018,117460,1
0,0,0,0,347019,117461,0
1,1,0,0,347020,117461,1
0,0,0,0,347021,117462,0
1,1,0,0,347022,117462,1
0,0,0,0,347023,117463,0
1,1,0,0,347024,117463,1
0,0,0,0,347025,117464,0
1,1,0,0,347026,117464,1
0,0,0,0,347027,117465,0
1,1,0,0,347028,117465,1
0,0,0,0,347029,117466,0
1,1,0,0,347030,117466,1
0,0,0,0,347031,117467,0
1,1,0,0,347032,117467,1
0,0,0,0,347033,117468,0
1,1,0,0,347034,117468,1
0,0,0,0,347035,117469,0
1,1,0,0,347036,117469,1
0,0,0,0,347037,117470,0
1,1,0,0,347038,117470,1
0,0,0,0,347039,117471,0
1,1,0,0,347040,117471,1
0,0,0,0,347041,117472,0
1,1,0,0,347042,117472,1
0,0,0,0,347043,117473,0
1,1,0,0,347044,117473,1
0,0,0,0,347045,117474,0
1,1,0,0,347046,117474,1
0,0,0,0,347047,117475,0
1,1,0,0,347048,117475,1
0,0,0,0,347049,117476,0
1,1,0,0,347050,117476,1
0,0,0,0,347051,117477,0
1,1,0,0,347052,117477,1
0,0,0,0,347053,117478,0
1,1,0,0,347054,117478,1
0,0,0,0,347055,117479,0
1,1,0,0,347056,117479,1
0,0,0,0,347057,117480,0
1,1,0,0,347058,117480,1
0,0,0,0,347059,117481,0
1,1,0,0,347060,117481,1
0,0,0,0,347061,117482,0
1,1,0,0,347062,117482,1
0,0,0,0,347063,117483,0
1,1,0,0,347064,117483,1
0,0,0,0,347065,117484,0
1,1,0,0,347066,117484,1
0,0,0,0,347067,117485,0
1,1,0,0,347068,117485,1
0,0,0,0,347069,117486,0
1,1,0,0,347070,117486,1
0,0,0,0,347071,117487,0
1,1,0,0,347072,117487,1
0,0,0,0,347073,117488,0
1,1,0,0,347074,117488,1
0,0,0,0,347075,117489,0
1,1,0,0,347076,117489,1
0,0,0,0,347077,117490,0
1,1,0,0,347078,117490,1
0,0,0,0,347079,117491,0
1,1,0,0,347080,117491,1
0,0,0,0,347081,117492,0
1,1,0,0,347082,117492,1
0,0,0,0,347083,117493,0
1,1,0,0,347084,117493,1
0,0,0,0,347085,117494,0
1,1,0,0,347086,117494,1
0,0,0,0,347087,117495,0
1,1,0,0,347088,117495,1
0,0,0,0,347089,117496,0
1,1,0,0,347090,117496,1
0,0,0,0,347091,117497,0
1,1,0,0,347092,117497,1
0,0,0,0,347093,117498,0
1,1,0,0,347094,117498,1
0,0,0,0,347095,117499,0
1,1,0,0,347096,117499,1
0,0,0,0,347097,117500,0
1,1,0,0,347098,117500,1
0,0,0,0,347099,117501,0
1,1,0,0,347100,117501,1
0,0,0,0,347101,117502,0
1,1,0,0,347102,117502,1
0,0,0,0,347103,117503,0
1,1,0,0,347104,117503,1
0,0,0,0,347105,117504,0
1,1,0,0,347106,117504,1
0,0,0,0,347107,117505,0
1,1,0,0,347108,117505,1
0,0,0,0,347109,117506,0
1,1,0,0,347110,117506,1
0,0,0,0,347111,117507,0
1,1,0,0,347112,117507,1
0,0,0,0,347113,117508,0
1,1,0,0,347114,117508,1
0,0,0,0,347115,117509,0
1,1,0,0,347116,117509,1
0,0,0,0,347117,117510,0
1,1,0,0,347118,117510,1
0,0,0,0,347119,117511,0
1,1,0,0,347120,117511,1
0,0,0,0,347121,117512,0
1,1,0,0,347122,117512,1
0,0,0,0,347123,117513,0
1,1,0,0,347124,117513,1
0,0,0,0,347125,117514,0
1,1,0,0,347126,117514,1
0,0,0,0,347127,117515,0
1,1,0,0,347128,117515,1
0,0,0,0,347129,117516,0
1,1,0,0,347130,117516,1
0,0,0,0,347131,117517,0
1,1,0,0,347132,117517,1
0,0,0,0,347133,117518,0
1,1,0,0,347134,117518,1
0,0,0,0,347135,117519,0
1,1,0,0,347136,117519,1
0,0,0,0,347137,117520,0
1,1,0,0,347138,117520,1
0,0,0,0,347139,117521,0
1,1,0,0,347140,117521,1
0,0,0,0,347141,117522,0
1,1,0,0,347142,117522,1
0,0,0,0,347143,117523,0
1,1,0,0,347144,117523,1
0,0,0,0,347145,117524,0
1,1,0,0,347146,117524,1
0,0,0,0,347147,117525,0
1,1,0,0,347148,117525,1
0,0,0,0,347149,117526,0
1,1,0,0,347150,117526,1
0,0,0,0,347151,117527,0
1,1,0,0,347152,117527,1
0,0,0,0,347153,117528,0
1,1,0,0,347154,117528,1
0,0,0,0,347155,117529,0
1,1,0,0,347156,117529,1
0,0,0,0,347157,117530,0
1,1,0,0,347158,117530,1
0,0,0,0,347159,117531,0
1,1,0,0,347160,117531,1
0,0,0,0,347161,117532,0
1,1,0,0,347162,117532,1
0,0,0,0,347163,117533,0
1,1,0,0,347164,117533,1
0,0,0,0,347165,117534,0
1,1,0,0,347166,117534,1
0,0,0,0,347167,117535,0
1,1,0,0,347168,117535,1
0,0,0,0,347169,117536,0
1,1,0,0,347170,117536,1
0,0,0,0,347171,117537,0
1,1,0,0,347172,117537,1
0,0,0,0,347173,117538,0
1,1,0,0,347174,117538,1
0,0,0,0,347175,117539,0
1,1,0,0,347176,117539,1
0,0,0,0,347177,117540,0
1,1,0,0,347178,117540,1
0,0,0,0,347179,117541,0
1,1,0,0,347180,117541,1
0,0,0,0,347181,117542,0
1,1,0,0,347182,117542,1
0,0,0,0,347183,117543,0
1,1,0,0,347184,117543,1
0,0,0,0,347185,117544,0
1,1,0,0,347186,117544,1
0,0,0,0,347187,117545,0
1,1,0,0,347188,117545,1
0,0,0,0,347189,117546,0
1,1,0,0,347190,117546,1
0,0,0,0,347191,117547,0
1,1,0,0,347192,117547,1
0,0,0,0,347193,117548,0
1,1,0,0,347194,117548,1
0,0,0,0,347195,117549,0
1,1,0,0,347196,117549,1
0,0,0,0,347197,117550,0
1,1,0,0,347198,117550,1
0,0,0,0,347199,117551,0
1,1,0,0,347200,117551,1
0,0,0,0,347201,117552,0
1,1,0,0,347202,117552,1
0,0,0,0,347203,117553,0
1,1,0,0,347204,117553,1
0,0,0,0,347205,117554,0
1,1,0,0,347206,117554,1
0,0,0,0,347207,117555,0
1,1,0,0,347208,117555,1
0,0,0,0,347209,117556,0
1,1,0,0,347210,117556,1
0,0,0,0,347211,117557,0
1,1,0,0,347212,117557,1
0,0,0,0,347213,117558,0
1,1,0,0,347214,117558,1
0,0,0,0,347215,117559,0
1,1,0,0,347216,117559,1
0,0,0,0,347217,117560,0
1,1,0,0,347218,117560,1
0,0,0,0,347219,117561,0
1,1,0,0,347220,117561,1
0,0,0,0,347221,117562,0
1,1,0,0,347222,117562,1
0,0,0,0,347223,117563,0
1,1,0,0,347224,117563,1
0,0,0,0,347225,117564,0
1,1,0,0,347226,117564,1
0,0,0,0,347227,117565,0
1,1,0,0,347228,117565,1
0,0,0,0,347229,117566,0
1,1,0,0,347230,117566,1
0,0,0,0,347231,117567,0
1,1,0,0,347232,117567,1
0,0,0,0,347233,117568,0
1,1,0,0,347234,117568,1
0,0,0,0,347235,117569,0
1,1,0,0,347236,117569,1
0,0,0,0,347237,117570,0
1,1,0,0,347238,117570,1
0,0,0,0,347239,117571,0
1,1,0,0,347240,117571,1
0,0,0,0,347241,117572,0
1,1,0,0,347242,117572,1
0,0,0,0,347243,117573,0
1,1,0,0,347244,117573,1
0,0,0,0,347245,117574,0
1,1,0,0,347246,117574,1
0,0,0,0,347247,117575,0
1,1,0,0,347248,117575,1
0,0,0,0,347249,117576,0
1,1,0,0,347250,117576,1
0,0,0,0,347251,117577,0
1,1,0,0,347252,117577,1
0,0,0,0,347253,117578,0
1,1,0,0,347254,117578,1
0,0,0,0,347255,117579,0
1,1,0,0,347256,117579,1
0,0,0,0,347257,117580,0
1,1,0,0,347258,117580,1
0,0,0,0,347259,117581,0
1,1,0,0,347260,117581,1
0,0,0,0,347261,117582,0
1,1,0,0,347262,117582,1
0,0,0,0,347263,117583,0
1,1,0,0,347264,117583,1
0,0,0,0,347265,117584,0
1,1,0,0,347266,117584,1
0,0,0,0,347267,117585,0
1,1,0,0,347268,117585,1
0,0,0,0,347269,117586,0
1,1,0,0,347270,117586,1
0,0,0,0,347271,117587,0
1,1,0,0,347272,117587,1
0,0,0,0,347273,117588,0
1,1,0,0,347274,117588,1
0,0,0,0,347275,117589,0
1,1,0,0,347276,117589,1
0,0,0,0,347277,117590,0
1,1,0,0,347278,117590,1
0,0,0,0,347279,117591,0
1,1,0,0,347280,117591,1
0,0,0,0,347281,117592,0
1,1,0,0,347282,117592,1
0,0,0,0,347283,117593,0
1,1,0,0,347284,117593,1
0,0,0,0,347285,117594,0
1,1,0,0,347286,117594,1
0,0,0,0,347287,117595,0
1,1,0,0,347288,117595,1
0,0,0,0,347289,117596,0
1,1,0,0,347290,117596,1
0,0,0,0,347291,117597,0
1,1,0,0,347292,117597,1
0,0,0,0,347293,117598,0
1,1,0,0,347294,117598,1
0,0,0,0,347295,117599,0
1,1,0,0,347296,117599,1
0,0,0,0,347297,117600,0
1,1,0,0,347298,117600,1
0,0,0,0,347299,117601,0
1,1,0,0,347300,117601,1
0,0,0,0,347301,117602,0
1,1,0,0,347302,117602,1
0,0,0,0,347303,117603,0
1,1,0,0,347304,117603,1
0,0,0,0,347305,117604,0
1,1,0,0,347306,117604,1
0,0,0,0,347307,117605,0
1,1,0,0,347308,117605,1
0,0,0,0,347309,117606,0
1,1,0,0,347310,117606,1
0,0,0,0,347311,117607,0
1,1,0,0,347312,117607,1
0,0,0,0,347313,117608,0
1,1,0,0,347314,117608,1
0,0,0,0,347315,117609,0
1,1,0,0,347316,117609,1
0,0,0,0,347317,117610,0
1,1,0,0,347318,117610,1
0,0,0,0,347319,117611,0
1,1,0,0,347320,117611,1
0,0,0,0,347321,117612,0
1,1,0,0,347322,117612,1
0,0,0,0,347323,117613,0
1,1,0,0,347324,117613,1
0,0,0,0,347325,117614,0
1,1,0,0,347326,117614,1
0,0,0,0,347327,117615,0
1,1,0,0,347328,117615,1
0,0,0,0,347329,117616,0
1,1,0,0,347330,117616,1
0,0,0,0,347331,117617,0
1,1,0,0,347332,117617,1
0,0,0,0,347333,117618,0
1,1,0,0,347334,117618,1
0,0,0,0,347335,117619,0
1,1,0,0,347336,117619,1
0,0,0,0,347337,117620,0
1,1,0,0,347338,117620,1
0,0,0,0,347339,117621,0
1,1,0,0,347340,117621,1
0,0,0,0,347341,117622,0
1,1,0,0,347342,117622,1
0,0,0,0,347343,117623,0
1,1,0,0,347344,117623,1
0,0,0,0,347345,117624,0
1,1,0,0,347346,117624,1
0,0,0,0,347347,117625,0
1,1,0,0,347348,117625,1
0,0,0,0,347349,117626,0
1,1,0,0,347350,117626,1
0,0,0,0,347351,117627,0
1,1,0,0,347352,117627,1
0,0,0,0,347353,117628,0
1,1,0,0,347354,117628,1
0,0,0,0,347355,117629,0
1,1,0,0,347356,117629,1
0,0,0,0,347357,117630,0
1,1,0,0,347358,117630,1
0,0,0,0,347359,117631,0
1,1,0,0,347360,117631,1
0,0,0,0,347361,117632,0
1,1,0,0,347362,117632,1
0,0,0,0,347363,117633,0
1,1,0,0,347364,117633,1
0,0,0,0,347365,117634,0
1,1,0,0,347366,117634,1
0,0,0,0,347367,117635,0
1,1,0,0,347368,117635,1
0,0,0,0,347369,117636,0
1,1,0,0,347370,117636,1
0,0,0,0,347371,117637,0
1,1,0,0,347372,117637,1
0,0,0,0,347373,117638,0
1,1,0,0,347374,117638,1
0,0,0,0,347375,117639,0
1,1,0,0,347376,117639,1
0,0,0,0,347377,117640,0
1,1,0,0,347378,117640,1
0,0,0,0,347379,117641,0
1,1,0,0,347380,117641,1
0,0,0,0,347381,117642,0
1,1,0,0,347382,117642,1
0,0,0,0,347383,117643,0
1,1,0,0,347384,117643,1
0,0,0,0,347385,117644,0
1,1,0,0,347386,117644,1
0,0,0,0,347387,117645,0
1,1,0,0,347388,117645,1
0,0,0,0,347389,117646,0
1,1,0,0,347390,117646,1
0,0,0,0,347391,117647,0
1,1,0,0,347392,117647,1
0,0,0,0,347393,117648,0
1,1,0,0,347394,117648,1
0,0,0,0,347395,117649,0
1,1,0,0,347396,117649,1
0,0,0,0,347397,117650,0
1,1,0,0,347398,117650,1
0,0,0,0,347399,117651,0
1,1,0,0,347400,117651,1
0,0,0,0,347401,117652,0
1,1,0,0,347402,117652,1
0,0,0,0,347403,117653,0
1,1,0,0,347404,117653,1
0,0,0,0,347405,117654,0
1,1,0,0,347406,117654,1
0,0,0,0,347407,117655,0
1,1,0,0,347408,117655,1
0,0,0,0,347409,117656,0
1,1,0,0,347410,117656,1
0,0,0,0,347411,117657,0
1,1,0,0,347412,117657,1
0,0,0,0,347413,117658,0
1,1,0,0,347414,117658,1
0,0,0,0,347415,117659,0
1,1,0,0,347416,117659,1
0,0,0,0,347417,117660,0
1,1,0,0,347418,117660,1
0,0,0,0,347419,117661,0
1,1,0,0,347420,117661,1
0,0,0,0,347421,117662,0
1,1,0,0,347422,117662,1
0,0,0,0,347511,117701,0
1,1,0,0,347512,117701,1
0,0,0,0,347513,117702,0
1,1,0,0,347514,117702,1
0,0,0,0,347515,117703,0
1,1,0,0,347516,117703,1
0,0,0,0,347517,117704,0
1,1,0,0,347518,117704,1
0,0,0,0,347519,117705,0
1,1,0,0,347520,117705,1
0,0,0,0,347521,117706,0
1,1,0,0,347522,117706,1
0,0,0,0,347523,117707,0
1,1,0,0,347524,117707,1
0,0,0,0,347525,117708,0
1,1,0,0,347526,117708,1
0,0,0,0,347527,117709,0
1,1,0,0,347528,117709,1
0,0,0,0,347529,117710,0
1,1,0,0,347530,117710,1
0,0,0,0,347531,117711,0
1,1,0,0,347532,117711,1
0,0,0,0,347533,117712,0
1,1,0,0,347534,117712,1
0,0,0,0,347535,117713,0
1,1,0,0,347536,117713,1
0,0,0,0,347537,117714,0
1,1,0,0,347538,117714,1
0,0,0,0,347539,117715,0
1,1,0,0,347540,117715,1
0,0,0,0,347541,117716,0
1,1,0,0,347542,117716,1
0,0,0,0,347543,117717,0
1,1,0,0,347544,117717,1
0,0,0,0,347545,117718,0
1,1,0,0,347546,117718,1
0,0,0,0,347547,117719,0
1,1,0,0,347548,117719,1
0,0,0,0,347549,117720,0
1,1,0,0,347550,117720,1
0,0,0,0,347551,117721,0
1,1,0,0,347552,117721,1
0,0,0,0,347553,117722,0
1,1,0,0,347554,117722,1
0,0,0,0,347555,117723,0
1,1,0,0,347556,117723,1
0,0,0,0,347557,117724,0
1,1,0,0,347558,117724,1
0,0,0,0,347559,117725,0
1,1,0,0,347560,117725,1
0,0,0,0,347561,117726,0
1,1,0,0,347562,117726,1
0,0,0,0,347563,117727,0
1,1,0,0,347564,117727,1
0,0,0,0,347565,117728,0
1,1,0,0,347566,117728,1
0,0,0,0,347567,117729,0
1,1,0,0,347568,117729,1
0,0,0,0,347569,117730,0
1,1,0,0,347570,117730,1
0,0,0,0,347571,117731,0
1,1,0,0,347572,117731,1
0,0,0,0,347573,117732,0
1,1,0,0,347574,117732,1
0,0,0,0,347575,117733,0
1,1,0,0,347576,117733,1
0,0,0,0,347577,117734,0
1,1,0,0,347578,117734,1
0,0,0,0,347579,117735,0
1,1,0,0,347580,117735,1
0,0,0,0,347581,117736,0
1,1,0,0,347582,117736,1
0,0,0,0,347583,117737,0
1,1,0,0,347584,117737,1
0,0,0,0,347585,117738,0
1,1,0,0,347586,117738,1
0,0,0,0,347587,117739,0
1,1,0,0,347588,117739,1
0,0,0,0,347589,117740,0
1,1,0,0,347590,117740,1
0,0,0,0,347591,117741,0
1,1,0,0,347592,117741,1
0,0,0,0,347593,117742,0
1,1,0,0,347594,117742,1
0,0,0,0,347595,117743,0
1,1,0,0,347596,117743,1
0,0,0,0,347597,117744,0
1,1,0,0,347598,117744,1
0,0,0,0,347599,117745,0
1,1,0,0,347600,117745,1
0,0,0,0,347601,117746,0
1,1,0,0,347602,117746,1
0,0,0,0,347603,117747,0
1,1,0,0,347604,117747,1
0,0,0,0,347605,117748,0
1,1,0,0,347606,117748,1
0,0,0,0,347607,117749,0
1,1,0,0,347608,117749,1
0,0,0,0,347609,117750,0
1,1,0,0,347610,117750,1
0,0,0,0,347611,117751,0
1,1,0,0,347612,117751,1
0,0,0,0,347613,117752,0
1,1,0,0,347614,117752,1
0,0,0,0,347615,117753,0
1,1,0,0,347616,117753,1
0,0,0,0,347617,117754,0
1,1,0,0,347618,117754,1
0,0,0,0,347619,117755,0
1,1,0,0,347620,117755,1
0,0,0,0,347621,117756,0
1,1,0,0,347622,117756,1
0,0,0,0,347623,117757,0
1,1,0,0,347624,117757,1
0,0,0,0,347625,117758,0
1,1,0,0,347626,117758,1
0,0,0,0,347627,117759,0
1,1,0,0,347628,117759,1
0,0,0,0,347629,117760,0
1,1,0,0,347630,117760,1
0,0,0,0,347631,117761,0
1,1,0,0,347632,117761,1
0,0,0,0,347633,117762,0
1,1,0,0,347634,117762,1
0,0,0,0,347635,117763,0
1,1,0,0,347636,117763,1
0,0,0,0,347637,117764,0
1,1,0,0,347638,117764,1
0,0,0,0,347639,117765,0
1,1,0,0,347640,117765,1
0,0,0,0,347641,117766,0
1,1,0,0,347642,117766,1
0,0,0,0,347643,117767,0
1,1,0,0,347644,117767,1
0,0,0,0,347645,117768,0
1,1,0,0,347646,117768,1
0,0,0,0,347647,117769,0
1,1,0,0,347648,117769,1
0,0,0,0,347649,117770,0
1,1,0,0,347650,117770,1
0,0,0,0,347651,117771,0
1,1,0,0,347652,117771,1
0,0,0,0,347653,117772,0
1,1,0,0,347654,117772,1
0,1000,0,0,347655,117773,0
1,5000,0,0,347656,117773,1
2,10000,0,0,347657,117773,2
0,0,0,0,347659,117774,0
1,1,0,0,347660,117774,1
0,0,0,0,347661,117775,0
1,1,0,0,347662,117775,1
0,0,0,0,347663,117776,0
1,1,0,0,347664,117776,1
0,0,0,0,347665,117777,0
1,1,0,0,347666,117777,1
0,0,0,0,347667,117778,0
1,1,0,0,347668,117778,1
0,0,0,0,347669,117779,0
1,1,0,0,347670,117779,1
0,0,0,0,347671,117780,0
1,1,0,0,347672,117780,1
0,0,0,0,347673,117781,0
1,1,0,0,347674,117781,1
0,0,0,0,347675,117782,0
1,1,0,0,347676,117782,1
0,0,0,0,347677,117783,0
1,1,0,0,347678,117783,1
0,0,0,0,347679,117784,0
1,1,0,0,347680,117784,1
0,0,0,0,347681,117785,0
1,1,0,0,347682,117785,1
0,0,0,0,347683,117786,0
1,1,0,0,347684,117786,1
0,0,0,0,347685,117787,0
1,1,0,0,347686,117787,1
0,0,0,0,347687,117788,0
1,1,0,0,347688,117788,1
0,0,0,0,347689,117789,0
1,1,0,0,347690,117789,1
0,0,0,0,347691,117790,0
1,1,0,0,347692,117790,1
0,0,0,0,347693,117791,0
1,1,0,0,347694,117791,1
0,0,0,0,347695,117792,0
1,1,0,0,347696,117792,1
0,0,0,0,347697,117793,0
1,1,0,0,347698,117793,1
0,0,0,0,347699,117794,0
1,1,0,0,347700,117794,1
0,0,0,0,347701,117795,0
1,1,0,0,347702,117795,1
0,0,0,0,347703,117796,0
1,1,0,0,347704,117796,1
0,0,0,0,347705,117797,0
1,1,0,0,347706,117797,1
0,0,0,0,347707,117798,0
1,1,0,0,347708,117798,1
0,0,0,0,347709,117799,0
1,1,0,0,347710,117799,1
0,0,0,0,347711,117800,0
1,1,0,0,347712,117800,1
0,0,0,0,347713,117801,0
1,1,0,0,347714,117801,1
0,0,0,0,347715,117802,0
1,1,0,0,347716,117802,1
0,0,0,0,347717,117803,0
1,1,0,0,347718,117803,1
0,0,0,0,347719,117804,0
1,1,0,0,347720,117804,1
0,0,0,0,347721,117805,0
1,1,0,0,347722,117805,1
0,0,0,0,347723,117806,0
1,1,0,0,347724,117806,1
0,0,0,0,347725,117807,0
1,1,0,0,347726,117807,1
0,0,0,0,347727,117808,0
1,1,0,0,347728,117808,1
0,0,0,0,347729,117809,0
1,1,0,0,347730,117809,1
0,0,0,0,347731,117810,0
1,1,0,0,347732,117810,1
0,0,0,0,347733,117811,0
1,1,0,0,347734,117811,1
0,0,0,0,347735,117812,0
1,1,0,0,347736,117812,1
0,0,0,0,347737,117813,0
1,1,0,0,347738,117813,1
0,0,0,0,347739,117814,0
1,1,0,0,347740,117814,1
0,0,0,0,347741,117815,0
1,1,0,0,347742,117815,1
0,0,0,0,347743,117816,0
1,1,0,0,347744,117816,1
0,0,0,0,347745,117817,0
1,1,0,0,347746,117817,1
0,0,0,0,347747,117818,0
1,1,0,0,347748,117818,1
0,0,0,0,347749,117819,0
1,1,0,0,347750,117819,1
0,0,0,0,347751,117820,0
1,1,0,0,347752,117820,1
0,0,0,0,347753,117821,0
1,1,0,0,347754,117821,1
0,0,0,0,347755,117822,0
1,1,0,0,347756,117822,1
0,0,0,0,347757,117823,0
1,1,0,0,347758,117823,1
0,0,0,0,347759,117824,0
1,1,0,0,347760,117824,1
0,0,0,0,347761,117825,0
1,1,0,0,347762,117825,1
0,0,0,0,347763,117826,0
1,1,0,0,347764,117826,1
0,0,0,0,347765,117827,0
1,1,0,0,347766,117827,1
0,0,0,0,347767,117828,0
1,1,0,0,347768,117828,1
0,0,0,0,347769,117829,0
1,1,0,0,347770,117829,1
0,0,0,0,347771,117830,0
1,1,0,0,347772,117830,1
0,0,0,0,347773,117831,0
1,1,0,0,347774,117831,1
0,0,0,0,347775,117832,0
1,1,0,0,347776,117832,1
0,0,0,0,347777,117833,0
1,1,0,0,347778,117833,1
0,0,0,0,347779,117834,0
1,1,0,0,347780,117834,1
0,0,0,0,347781,117835,0
1,1,0,0,347782,117835,1
0,0,0,0,347783,117836,0
1,1,0,0,347784,117836,1
0,0,0,0,347785,117837,0
1,1,0,0,347786,117837,1
0,0,0,0,347787,117838,0
1,1,0,0,347788,117838,1
0,0,0,0,347789,117839,0
1,1,0,0,347790,117839,1
0,0,0,0,347791,117840,0
1,1,0,0,347792,117840,1
0,0,0,0,347793,117841,0
1,1,0,0,347794,117841,1
0,0,0,0,347795,117842,0
1,1,0,0,347796,117842,1
0,0,0,0,347797,117843,0
1,1,0,0,347798,117843,1
0,0,0,0,347799,117844,0
1,1,0,0,347800,117844,1
0,0,0,0,347801,117845,0
1,1,0,0,347802,117845,1
0,0,0,0,347803,117846,0
1,1,0,0,347804,117846,1
0,0,0,0,347805,117847,0
1,1,0,0,347806,117847,1
0,0,0,0,347807,117848,0
1,1,0,0,347808,117848,1
0,0,0,0,347809,117849,0
1,1,0,0,347810,117849,1
0,0,0,0,347811,117850,0
1,1,0,0,347812,117850,1
0,0,0,0,347813,117851,0
1,1,0,0,347814,117851,1
0,0,0,0,347815,117852,0
1,1,0,0,347816,117852,1
0,0,0,0,347817,117853,0
1,1,0,0,347818,117853,1
0,0,0,0,347819,117854,0
1,1,0,0,347820,117854,1
0,0,0,0,347821,117855,0
1,1,0,0,347822,117855,1
0,0,0,0,347823,117856,0
1,1,0,0,347824,117856,1
0,0,0,0,347825,117857,0
1,1,0,0,347826,117857,1
0,0,0,0,347827,117858,0
1,1,0,0,347828,117858,1
0,0,0,0,347829,117859,0
1,1,0,0,347830,117859,1
0,0,0,0,347831,117860,0
1,1,0,0,347832,117860,1
0,0,0,0,347833,117861,0
1,1,0,0,347834,117861,1
0,0,0,0,347835,117862,0
1,1,0,0,347836,117862,1
0,0,0,0,347837,117863,0
1,1,0,0,347838,117863,1
0,0,0,0,347839,117864,0
1,1,0,0,347840,117864,1
0,0,0,0,347841,117865,0
1,1,0,0,347842,117865,1
0,0,0,0,347843,117866,0
1,1,0,0,347844,117866,1
0,0,0,0,347845,117867,0
1,1,0,0,347846,117867,1
0,0,0,0,347847,117868,0
1,1,0,0,347848,117868,1
0,0,0,0,347849,117869,0
1,1,0,0,347850,117869,1
0,0,0,0,347851,117870,0
1,1,0,0,347852,117870,1
0,0,0,0,347853,117871,0
1,1,0,0,347854,117871,1
0,0,0,0,347855,117872,0
1,1,0,0,347856,117872,1
0,0,0,0,347857,117873,0
1,1,0,0,347858,117873,1
0,0,0,0,347859,117874,0
1,1,0,0,347860,117874,1
0,0,0,0,347861,117875,0
1,1,0,0,347862,117875,1
0,0,0,0,347863,117876,0
1,1,0,0,347864,117876,1
0,0,0,0,347865,117877,0
1,1,0,0,347866,117877,1
0,0,0,0,347867,117878,0
1,1,0,0,347868,117878,1
0,0,0,0,347869,117879,0
1,1,0,0,347870,117879,1
0,0,0,0,347871,117880,0
1,1,0,0,347872,117880,1
0,0,0,0,347873,117881,0
1,1,0,0,347874,117881,1
0,0,0,0,347875,117882,0
1,1,0,0,347876,117882,1
0,0,0,0,347877,117883,0
1,1,0,0,347878,117883,1
0,0,0,0,347879,117884,0
1,1,0,0,347880,117884,1
0,0,0,0,347881,117885,0
1,1,0,0,347882,117885,1
0,0,0,0,347883,117886,0
1,1,0,0,347884,117886,1
0,0,0,0,347885,117887,0
1,1,0,0,347886,117887,1
0,0,0,0,347887,117888,0
1,1,0,0,347888,117888,1
0,0,0,0,347889,117889,0
1,1,0,0,347890,117889,1
0,0,0,0,347891,117890,0
1,1,0,0,347892,117890,1
0,0,0,0,347893,117891,0
1,1,0,0,347894,117891,1
0,0,0,0,347895,117892,0
1,1,0,0,347896,117892,1
0,0,0,0,347897,117893,0
1,1,0,0,347898,117893,1
0,0,0,0,347899,117894,0
1,1,0,0,347900,117894,1
0,0,0,0,347901,117895,0
1,1,0,0,347902,117895,1
0,0,0,0,347903,117896,0
1,1,0,0,347904,117896,1
0,0,0,0,347905,117897,0
1,1,0,0,347906,117897,1
0,0,0,0,347907,117898,0
1,1,0,0,347908,117898,1
0,0,0,0,347909,117899,0
1,1,0,0,347910,117899,1
0,0,0,0,347911,117900,0
1,1,0,0,347912,117900,1
0,0,0,0,347913,117901,0
1,1,0,0,347914,117901,1
0,0,0,0,347915,117902,0
1,1,0,0,347916,117902,1
0,0,0,0,347917,117903,0
1,1,0,0,347918,117903,1
0,0,0,0,347919,117904,0
1,1,0,0,347920,117904,1
0,0,0,0,347921,117905,0
1,1,0,0,347922,117905,1
0,0,0,0,347923,117906,0
1,1,0,0,347924,117906,1
0,0,0,0,347925,117907,0
1,1,0,0,347926,117907,1
0,0,0,0,347927,117908,0
1,1,0,0,347928,117908,1
0,0,0,0,347929,117909,0
1,1,0,0,347930,117909,1
0,0,0,0,347931,117910,0
1,1,0,0,347932,117910,1
0,0,0,0,347933,117911,0
1,1,0,0,347934,117911,1
0,0,0,0,347935,117912,0
1,1,0,0,347936,117912,1
0,0,0,0,347937,117913,0
1,1,0,0,347938,117913,1
0,0,0,0,347939,117914,0
1,1,0,0,347940,117914,1
0,0,0,0,347941,117915,0
1,1,0,0,347942,117915,1
0,0,0,0,347943,117916,0
1,1,0,0,347944,117916,1
0,0,0,0,347945,117917,0
1,1,0,0,347946,117917,1
0,0,0,0,347947,117918,0
1,1,0,0,347948,117918,1
0,0,0,0,347949,117919,0
1,1,0,0,347950,117919,1
0,0,0,0,347951,117920,0
1,1,0,0,347952,117920,1
0,0,0,0,347953,117921,0
1,1,0,0,347954,117921,1
0,0,0,0,347955,117922,0
1,1,0,0,347956,117922,1
0,0,0,0,347957,117923,0
1,1,0,0,347958,117923,1
0,0,0,0,347959,117924,0
1,1,0,0,347960,117924,1
0,0,0,0,347961,117925,0
1,1,0,0,347962,117925,1
0,0,0,0,347963,117926,0
1,1,0,0,347964,117926,1
0,0,0,0,347965,117927,0
1,1,0,0,347966,117927,1
0,0,0,0,347967,117928,0
1,1,0,0,347968,117928,1
0,0,0,0,347969,117929,0
1,1,0,0,347970,117929,1
0,0,0,0,347971,117930,0
1,1,0,0,347972,117930,1
0,0,0,0,347973,117931,0
1,1,0,0,347974,117931,1
0,0,0,0,347975,117932,0
1,1,0,0,347976,117932,1
0,0,0,0,347977,117933,0
1,1,0,0,347978,117933,1
0,0,0,0,347979,117934,0
1,1,0,0,347980,117934,1
0,0,0,0,347981,117935,0
1,1,0,0,347982,117935,1
0,0,0,0,347983,117936,0
1,1,0,0,347984,117936,1
0,0,0,0,347985,117937,0
1,1,0,0,347986,117937,1
0,0,0,0,347987,117938,0
1,1,0,0,347988,117938,1
0,0,0,0,347989,117939,0
1,1,0,0,347990,117939,1
0,0,0,0,347991,117940,0
1,1,0,0,347992,117940,1
0,0,0,0,347993,117941,0
1,1,0,0,347994,117941,1
0,0,0,0,347995,117942,0
1,1,0,0,347996,117942,1
0,0,0,0,347997,117943,0
1,1,0,0,347998,117943,1
0,0,0,0,347999,117944,0
1,1,0,0,348000,117944,1
0,0,0,0,348001,117945,0
1,1,0,0,348002,117945,1
0,0,0,0,348003,117946,0
1,1,0,0,348004,117946,1
0,0,0,0,348005,117947,0
1,1,0,0,348006,117947,1
0,0,0,0,348007,117948,0
1,1,0,0,348008,117948,1
0,0,0,0,348009,117949,0
1,1,0,0,348010,117949,1
0,0,0,0,348011,117950,0
1,1,0,0,348012,117950,1
0,0,0,0,348013,117951,0
1,1,0,0,348014,117951,1
0,0,0,0,348015,117952,0
1,1,0,0,348016,117952,1
0,0,0,0,348017,117953,0
1,1,0,0,348018,117953,1
0,0,0,0,348021,117954,0
1,1,0,0,348022,117954,1
0,0,0,0,348023,117955,0
1,1,0,0,348024,117955,1
0,0,0,0,348025,117956,0
1,1,0,0,348026,117956,1
0,0,0,0,348027,117957,0
1,1,0,0,348028,117957,1
0,0,0,0,348029,117958,0
1,1,0,0,348030,117958,1
0,0,0,0,348031,117959,0
1,1,0,0,348032,117959,1
0,0,0,0,348033,117960,0
1,1,0,0,348034,117960,1
0,0,0,0,348035,117961,0
1,1,0,0,348036,117961,1
0,0,0,0,348037,117962,0
1,1,0,0,348038,117962,1
0,0,0,0,348039,117963,0
1,1,0,0,348040,117963,1
0,0,0,0,348041,117964,0
1,1,0,0,348042,117964,1
0,0,0,0,348043,117965,0
1,1,0,0,348044,117965,1
0,0,0,0,348045,117966,0
1,1,0,0,348046,117966,1
0,0,0,0,348047,117967,0
1,1,0,0,348048,117967,1
0,0,0,0,348049,117968,0
1,1,0,0,348050,117968,1
0,0,0,0,348051,117969,0
1,1,0,0,348052,117969,1
0,0,0,0,348053,117970,0
1,1,0,0,348054,117970,1
0,0,0,0,348055,117971,0
1,1,0,0,348056,117971,1
0,0,0,0,348057,117972,0
1,1,0,0,348058,117972,1
0,0,0,0,348059,117973,0
1,1,0,0,348060,117973,1
0,0,0,0,348061,117974,0
1,1,0,0,348062,117974,1
0,0,0,0,348063,117975,0
1,1,0,0,348064,117975,1
0,0,0,0,348065,117976,0
1,1,0,0,348066,117976,1
0,0,0,0,348067,117977,0
1,1,0,0,348068,117977,1
0,0,0,0,348069,117978,0
1,1,0,0,348070,117978,1
0,0,0,0,348071,117979,0
1,1,0,0,348072,117979,1
0,0,0,0,348073,117980,0
1,1,0,0,348074,117980,1
0,0,0,0,348075,117981,0
1,1,0,0,348076,117981,1
0,0,0,0,348077,117982,0
1,1,0,0,348078,117982,1
0,0,0,0,348079,117983,0
1,1,0,0,348080,117983,1
0,0,0,0,348081,117984,0
1,1,0,0,348082,117984,1
0,0,0,0,348083,117985,0
1,1,0,0,348084,117985,1
0,0,0,0,348085,117986,0
1,1,0,0,348086,117986,1
0,0,0,0,348087,117987,0
1,1,0,0,348088,117987,1
0,0,0,0,348089,117988,0
1,1,0,0,348090,117988,1
0,0,0,0,348091,117989,0
1,1,0,0,348092,117989,1
0,0,0,0,348096,117992,0
1,1,0,0,348097,117992,1
0,0,0,0,348098,117993,0
1,1,0,0,348099,117993,1
0,0,0,0,348100,117994,0
1,1,0,0,348101,117994,1
0,0,0,0,348102,117995,0
1,1,0,0,348103,117995,1
0,0,0,0,348104,117996,0
1,1,0,0,348105,117996,1
0,0,0,0,348106,117997,0
1,1,0,0,348107,117997,1
0,0,0,0,348108,117998,0
1,1,0,0,348109,117998,1
0,0,0,0,348110,117999,0
1,1,0,0,348111,117999,1
0,0,0,0,348112,118000,0
1,1,0,0,348113,118000,1
0,0,0,0,348114,118001,0
1,1,0,0,348115,118001,1
0,0,0,0,348116,118002,0
1,1,0,0,348117,118002,1
0,0,0,0,348118,118003,0
1,1,0,0,348119,118003,1
0,0,0,0,348120,118004,0
1,1,0,0,348121,118004,1
0,0,0,0,348122,118005,0
1,1,0,0,348123,118005,1
0,0,0,0,348124,118006,0
1,1,0,0,348125,118006,1
0,0,0,0,348126,118007,0
1,1,0,0,348127,118007,1
0,0,0,0,348128,118008,0
1,1,0,0,348129,118008,1
0,0,0,0,348130,118009,0
1,1,0,0,348131,118009,1
0,0,0,0,348132,118010,0
1,1,0,0,348133,118010,1
0,0,0,0,348134,118011,0
1,1,0,0,348135,118011,1
0,0,0,0,348136,118012,0
1,1,0,0,348137,118012,1
0,0,0,0,348138,118013,0
1,1,0,0,348139,118013,1
0,0,0,0,348140,118014,0
1,1,0,0,348141,118014,1
0,0,0,0,348142,118015,0
1,1,0,0,348143,118015,1
0,0,0,0,348144,118016,0
1,1,0,0,348145,118016,1
0,0,0,0,348146,118017,0
1,1,0,0,348147,118017,1
0,0,0,0,348148,118018,0
1,1,0,0,348149,118018,1
0,0,0,0,348150,118019,0
1,1,0,0,348151,118019,1
0,0,0,0,348152,118020,0
1,1,0,0,348153,118020,1
0,0,0,0,348154,118021,0
1,1,0,0,348155,118021,1
0,0,0,0,348156,118022,0
1,1,0,0,348157,118022,1
0,0,0,0,348158,118023,0
1,1,0,0,348159,118023,1
0,0,0,0,348160,118024,0
1,1,0,0,348161,118024,1
0,0,0,0,348162,118025,0
1,1,0,0,348163,118025,1
0,0,0,0,348164,118026,0
1,1,0,0,348165,118026,1
0,0,0,0,348166,118027,0
1,1,0,0,348167,118027,1
0,0,0,0,348168,118028,0
1,1,0,0,348169,118028,1
0,0,0,0,348170,118029,0
1,1,0,0,348171,118029,1
0,0,0,0,348172,118030,0
1,1,0,0,348173,118030,1
0,0,0,0,348174,118031,0
1,1,0,0,348175,118031,1
0,0,0,0,348176,118032,0
1,1,0,0,348177,118032,1
0,0,0,0,348178,118033,0
1,1,0,0,348179,118033,1
0,0,0,0,348180,118034,0
1,1,0,0,348181,118034,1
0,0,0,0,348182,118035,0
1,1,0,0,348183,118035,1
0,0,0,0,348184,118036,0
1,1,0,0,348185,118036,1
0,0,0,0,348186,118037,0
1,1,0,0,348187,118037,1
0,0,0,0,348188,118038,0
1,1,0,0,348189,118038,1
0,0,0,0,348190,118039,0
1,1,0,0,348191,118039,1
0,0,0,0,348192,118040,0
1,1,0,0,348193,118040,1
0,0,0,0,348194,118041,0
1,1,0,0,348195,118041,1
0,0,0,0,348196,118042,0
1,1,0,0,348197,118042,1
0,0,0,0,348198,118043,0
1,1,0,0,348199,118043,1
0,0,0,0,348200,118044,0
1,1,0,0,348201,118044,1
0,0,0,0,348202,118045,0
1,1,0,0,348203,118045,1
0,0,0,0,348204,118046,0
1,1,0,0,348205,118046,1
0,0,0,0,348206,118047,0
1,1,0,0,348207,118047,1
0,0,0,0,348208,118048,0
1,1,0,0,348209,118048,1
0,0,0,0,348210,118049,0
1,1,0,0,348211,118049,1
0,0,0,0,348212,118050,0
1,1,0,0,348213,118050,1
0,0,0,0,348214,118051,0
1,1,0,0,348215,118051,1
0,0,0,0,348216,118052,0
1,1,0,0,348217,118052,1
0,0,0,0,348218,118053,0
1,1,0,0,348219,118053,1
0,0,0,0,348220,118054,0
1,1,0,0,348221,118054,1
0,0,0,0,348222,118055,0
1,1,0,0,348223,118055,1
0,0,0,0,348224,118056,0
1,1,0,0,348225,118056,1
0,0,0,0,348226,118057,0
1,1,0,0,348227,118057,1
0,0,0,0,348228,118058,0
1,1,0,0,348229,118058,1
0,0,0,0,348230,118059,0
1,1,0,0,348231,118059,1
0,0,0,0,348232,118060,0
1,1,0,0,348233,118060,1
0,0,0,0,348234,118061,0
1,1,0,0,348235,118061,1
0,0,0,0,348236,118062,0
1,1,0,0,348237,118062,1
0,0,0,0,348238,118063,0
1,1,0,0,348239,118063,1
0,0,0,0,348252,118067,0
1,1,0,0,348253,118067,1
0,0,0,0,348254,118068,0
1,1,0,0,348255,118068,1
0,0,0,0,348256,118069,0
1,1,0,0,348257,118069,1
0,0,0,0,348258,118070,0
1,1,0,0,348259,118070,1
0,0,0,0,348260,118071,0
1,1,0,0,348261,118071,1
0,0,0,0,348262,118072,0
1,1,0,0,348263,118072,1
0,0,0,0,348264,118073,0
1,1,0,0,348265,118073,1
0,0,0,0,348266,118074,0
1,1,0,0,348267,118074,1
0,0,0,0,348268,118075,0
1,1,0,0,348269,118075,1
0,0,0,0,348270,118076,0
1,1,0,0,348271,118076,1
0,0,0,0,348272,118077,0
1,1,0,0,348273,118077,1
0,0,0,0,348274,118078,0
1,1,0,0,348275,118078,1
0,0,0,0,348276,118079,0
1,1,0,0,348277,118079,1
0,0,0,0,348278,118080,0
1,1,0,0,348279,118080,1
0,0,0,0,348280,118081,0
1,1,0,0,348281,118081,1
0,0,0,0,348282,118082,0
1,1,0,0,348283,118082,1
0,0,0,0,348284,118083,0
1,1,0,0,348285,118083,1
0,0,0,0,348286,118084,0
1,1,0,0,348287,118084,1
0,0,0,0,348288,118085,0
1,1,0,0,348289,118085,1
0,0,0,0,348290,118086,0
1,1,0,0,348291,118086,1
0,0,0,0,348292,118087,0
1,1,0,0,348293,118087,1
0,0,0,0,348294,118088,0
1,1,0,0,348295,118088,1
0,0,0,0,348296,118089,0
1,1,0,0,348297,118089,1
0,0,0,0,348298,118090,0
1,1,0,0,348299,118090,1
0,0,0,0,348300,118091,0
1,1,0,0,348301,118091,1
0,0,0,0,348302,118092,0
1,1,0,0,348303,118092,1
0,0,0,0,348304,118093,0
1,1,0,0,348305,118093,1
0,0,0,0,348306,118094,0
1,1,0,0,348307,118094,1
0,0,0,0,348308,118095,0
1,1,0,0,348309,118095,1
0,0,0,0,348310,118096,0
1,1,0,0,348311,118096,1
0,0,0,0,348312,118097,0
1,1,0,0,348313,118097,1
0,0,0,0,348314,118098,0
1,1,0,0,348315,118098,1
0,0,0,0,348316,118099,0
1,1,0,0,348317,118099,1
0,0,0,0,348318,118100,0
1,1,0,0,348319,118100,1
0,0,0,0,348320,118101,0
1,1,0,0,348321,118101,1
0,0,0,0,348322,118102,0
1,1,0,0,348323,118102,1
0,0,0,0,348425,118145,0
1,1,0,0,348426,118145,1
0,0,0,0,348427,118146,0
1,1,0,0,348428,118146,1
0,0,0,0,348429,118147,0
1,1,0,0,348430,118147,1
0,0,0,0,348431,118148,0
1,1,0,0,348432,118148,1
0,0,0,0,348433,118149,0
1,1,0,0,348434,118149,1
0,0,0,0,348435,118150,0
1,1,0,0,348436,118150,1
0,0,0,0,348437,118151,0
1,1,0,0,348438,118151,1
0,0,0,0,348439,118152,0
1,1,0,0,348440,118152,1
0,0,0,0,348441,118153,0
1,1,0,0,348442,118153,1
0,0,0,0,348443,118154,0
1,1,0,0,348444,118154,1
0,0,0,0,348445,118155,0
1,1,0,0,348446,118155,1
0,0,0,0,348447,118156,0
1,1,0,0,348448,118156,1
0,0,0,0,348449,118157,0
1,1,0,0,348450,118157,1
0,0,0,0,348451,118158,0
1,1,0,0,348452,118158,1
0,0,0,0,348453,118159,0
1,1,0,0,348454,118159,1
0,0,0,0,348455,118160,0
1,1,0,0,348456,118160,1
0,0,0,0,348457,118161,0
1,1,0,0,348458,118161,1
0,0,0,0,348459,118162,0
1,1,0,0,348460,118162,1
0,0,0,0,348461,118163,0
1,1,0,0,348462,118163,1
0,0,0,0,348463,118164,0
1,1,0,0,348464,118164,1
0,0,0,0,348465,118165,0
1,1,0,0,348466,118165,1
0,0,0,0,348467,118166,0
1,1,0,0,348468,118166,1
0,0,0,0,348469,118167,0
1,1,0,0,348470,118167,1
0,0,0,0,348471,118168,0
1,1,0,0,348472,118168,1
0,0,0,0,348473,118169,0
1,1,0,0,348474,118169,1
0,0,0,0,348475,118170,0
1,1,0,0,348476,118170,1
0,0,0,0,348477,118171,0
1,1,0,0,348478,118171,1
0,0,0,0,348479,118172,0
1,1,0,0,348480,118172,1
0,0,0,0,348481,118173,0
1,1,0,0,348482,118173,1
0,0,0,0,348483,118174,0
1,1,0,0,348484,118174,1
0,0,0,0,348485,118175,0
1,1,0,0,348486,118175,1
0,0,0,0,348487,118176,0
1,1,0,0,348488,118176,1
0,0,0,0,348489,118177,0
1,1,0,0,348490,118177,1
0,0,0,0,348491,118178,0
1,1,0,0,348492,118178,1
0,0,0,0,348493,118179,0
1,1,0,0,348494,118179,1
0,0,0,0,348495,118180,0
1,1,0,0,348496,118180,1
0,0,0,0,348497,118181,0
1,1,0,0,348498,118181,1
0,0,0,0,348499,118182,0
1,1,0,0,348500,118182,1
0,0,0,0,348501,118183,0
1,1,0,0,348502,118183,1
0,0,0,0,348503,118184,0
1,1,0,0,348504,118184,1
0,0,0,0,348505,118185,0
1,1,0,0,348506,118185,1
0,0,0,0,348507,118186,0
1,1,0,0,348508,118186,1
0,0,0,0,348509,118187,0
1,1,0,0,348510,118187,1
0,0,0,0,348511,118188,0
1,1,0,0,348512,118188,1
0,0,0,0,348513,118189,0
1,1,0,0,348514,118189,1
0,0,0,0,348515,118190,0
1,1,0,0,348516,118190,1
0,0,0,0,348517,118191,0
1,1,0,0,348518,118191,1
0,0,0,0,348519,118192,0
1,1,0,0,348520,118192,1
0,0,0,0,348521,118193,0
1,1,0,0,348522,118193,1
0,0,0,0,348523,118194,0
1,1,0,0,348524,118194,1
0,0,0,0,348525,118195,0
1,1,0,0,348526,118195,1
0,0,0,0,348527,118196,0
1,1,0,0,348528,118196,1
0,0,0,0,348529,118197,0
1,1,0,0,348530,118197,1
0,0,0,0,348531,118198,0
1,1,0,0,348532,118198,1
0,0,0,0,348533,118199,0
1,1,0,0,348534,118199,1
0,0,0,0,348535,118200,0
1,1,0,0,348536,118200,1
0,0,0,0,348537,118201,0
1,1,0,0,348538,118201,1
0,0,0,0,348539,118202,0
1,1,0,0,348540,118202,1
0,0,0,0,348541,118203,0
1,1,0,0,348542,118203,1
0,0,0,0,348543,118204,0
1,1,0,0,348544,118204,1
0,0,0,0,348545,118205,0
1,1,0,0,348546,118205,1
0,0,0,0,348547,118206,0
1,1,0,0,348548,118206,1
0,0,0,0,348549,118207,0
1,1,0,0,348550,118207,1
0,0,0,0,348551,118208,0
1,1,0,0,348552,118208,1
0,0,0,0,348553,118209,0
1,1,0,0,348554,118209,1
0,0,0,0,348555,118210,0
1,1,0,0,348556,118210,1
0,0,0,0,348557,118211,0
1,1,0,0,348558,118211,1
0,0,0,0,348559,118212,0
1,1,0,0,348560,118212,1
0,0,0,0,348561,118213,0
1,1,0,0,348562,118213,1
0,0,0,0,348563,118214,0
1,1,0,0,348564,118214,1
0,0,0,0,348565,118215,0
1,1,0,0,348566,118215,1
0,0,0,0,348567,118216,0
1,1,0,0,348568,118216,1
0,0,0,0,348569,118217,0
1,1,0,0,348570,118217,1
0,0,0,0,348571,118218,0
1,1,0,0,348572,118218,1
0,0,0,0,348573,118219,0
1,1,0,0,348574,118219,1
0,0,0,0,348575,118220,0
1,1,0,0,348576,118220,1
0,0,0,0,348577,118221,0
1,1,0,0,348578,118221,1
0,0,0,0,348579,118222,0
1,1,0,0,348580,118222,1
0,0,0,0,348581,118223,0
1,1,0,0,348582,118223,1
0,0,0,0,348583,118224,0
1,1,0,0,348584,118224,1
0,0,0,0,348585,118225,0
1,1,0,0,348586,118225,1
0,0,0,0,348587,118226,0
1,1,0,0,348588,118226,1
0,0,0,0,348589,118227,0
1,1,0,0,348590,118227,1
0,0,0,0,348591,118228,0
1,1,0,0,348592,118228,1
0,0,0,0,348593,118229,0
1,1,0,0,348594,118229,1
0,0,0,0,348595,118230,0
1,1,0,0,348596,118230,1
0,0,0,0,348597,118231,0
1,1,0,0,348598,118231,1
0,0,0,0,348599,118232,0
1,1,0,0,348600,118232,1
0,0,0,0,348601,118233,0
1,1,0,0,348602,118233,1
0,0,0,0,348603,118234,0
1,1,0,0,348604,118234,1
0,0,0,0,348605,118235,0
1,1,0,0,348606,118235,1
0,0,0,0,348607,118236,0
1,1,0,0,348608,118236,1
0,0,0,0,348609,118237,0
1,1,0,0,348610,118237,1
0,0,0,0,348611,118238,0
1,1,0,0,348612,118238,1
0,0,0,0,348613,118239,0
1,1,0,0,348614,118239,1
0,0,0,0,348615,118240,0
1,1,0,0,348616,118240,1
0,0,0,0,348617,118241,0
1,1,0,0,348618,118241,1
0,0,0,0,348619,118242,0
1,1,0,0,348620,118242,1
0,0,0,0,348621,118243,0
1,1,0,0,348622,118243,1
0,0,0,0,348623,118244,0
1,1,0,0,348624,118244,1
0,0,0,0,348625,118245,0
1,1,0,0,348626,118245,1
0,0,0,0,348627,118246,0
1,1,0,0,348628,118246,1
0,0,0,0,348629,118247,0
1,1,0,0,348630,118247,1
0,0,0,0,348631,118248,0
1,1,0,0,348632,118248,1
0,0,0,0,348633,118249,0
1,1,0,0,348634,118249,1
0,0,0,0,348635,118250,0
1,1,0,0,348636,118250,1
0,0,0,0,348637,118251,0
1,1,0,0,348638,118251,1
0,0,0,0,348639,118252,0
1,1,0,0,348640,118252,1
0,0,0,0,348641,118253,0
1,1,0,0,348642,118253,1
0,0,0,0,348643,118254,0
1,1,0,0,348644,118254,1
0,0,0,0,348645,118255,0
1,1,0,0,348646,118255,1
0,0,0,0,348647,118256,0
1,1,0,0,348648,118256,1
0,0,0,0,348649,118257,0
1,1,0,0,348650,118257,1
0,0,0,0,348651,118258,0
1,1,0,0,348652,118258,1
0,0,0,0,348653,118259,0
1,1,0,0,348654,118259,1
0,0,0,0,348655,118260,0
1,1,0,0,348656,118260,1
0,0,0,0,348657,118261,0
1,1,0,0,348658,118261,1
0,0,0,0,348659,118262,0
1,1,0,0,348660,118262,1
0,0,0,0,348661,118263,0
1,1,0,0,348662,118263,1
0,0,0,0,348663,118264,0
1,1,0,0,348664,118264,1
0,0,0,0,348665,118265,0
1,1,0,0,348666,118265,1
0,0,0,0,348667,118266,0
1,1,0,0,348668,118266,1
0,0,0,0,348669,118267,0
1,1,0,0,348670,118267,1
0,0,0,0,348671,118268,0
1,1,0,0,348672,118268,1
0,0,0,0,348673,118269,0
1,1,0,0,348674,118269,1
0,0,0,0,348675,118270,0
1,1,0,0,348676,118270,1
0,0,0,0,348677,118271,0
1,1,0,0,348678,118271,1
0,0,0,0,348679,118272,0
1,1,0,0,348680,118272,1
0,0,0,0,348681,118273,0
1,1,0,0,348682,118273,1
0,0,0,0,348683,118274,0
1,1,0,0,348684,118274,1
0,0,0,0,348685,118275,0
1,1,0,0,348686,118275,1
0,0,0,0,348687,118276,0
1,1,0,0,348688,118276,1
0,0,0,0,348689,118277,0
1,1,0,0,348690,118277,1
0,0,0,0,348691,118278,0
1,1,0,0,348692,118278,1
0,0,0,0,348693,118279,0
1,1,0,0,348694,118279,1
0,0,0,0,348695,118280,0
1,1,0,0,348696,118280,1
0,0,0,0,348697,118281,0
1,1,0,0,348698,118281,1
0,0,0,0,348699,118282,0
1,1,0,0,348700,118282,1
0,0,0,0,348701,118283,0
1,1,0,0,348702,118283,1
0,0,0,0,348703,118284,0
1,1,0,0,348704,118284,1
0,0,0,0,348705,118285,0
1,1,0,0,348706,118285,1
0,0,0,0,348707,118286,0
1,1,0,0,348708,118286,1
0,0,0,0,348709,118287,0
1,1,0,0,348710,118287,1
0,0,0,0,348711,118288,0
1,1,0,0,348712,118288,1
0,0,0,0,348713,118289,0
1,1,0,0,348714,118289,1
0,0,0,0,348715,118290,0
1,1,0,0,348716,118290,1
0,0,0,0,348717,118291,0
1,1,0,0,348718,118291,1
0,0,0,0,348719,118292,0
1,1,0,0,348720,118292,1
0,0,0,0,348721,118293,0
1,1,0,0,348722,118293,1
0,0,0,0,348723,118294,0
1,1,0,0,348724,118294,1
0,0,0,0,348725,118295,0
1,1,0,0,348726,118295,1
0,0,0,0,348727,118296,0
1,1,0,0,348728,118296,1
0,0,0,0,348729,118297,0
1,1,0,0,348730,118297,1
0,0,0,0,348731,118298,0
1,1,0,0,348732,118298,1
0,0,0,0,348733,118299,0
1,1,0,0,348734,118299,1
0,0,0,0,348735,118300,0
1,1,0,0,348736,118300,1
0,0,0,0,348737,118301,0
1,1,0,0,348738,118301,1
0,0,0,0,348739,118302,0
1,1,0,0,348740,118302,1
0,0,0,0,348741,118303,0
1,1,0,0,348742,118303,1
0,0,0,0,348743,118304,0
1,1,0,0,348744,118304,1
0,0,0,0,348745,118305,0
1,1,0,0,348746,118305,1
0,0,0,0,348747,118306,0
1,1,0,0,348748,118306,1
0,0,0,0,348749,118307,0
1,1,0,0,348750,118307,1
0,0,0,0,348751,118308,0
1,1,0,0,348752,118308,1
0,0,0,0,348753,118309,0
1,1,0,0,348754,118309,1
0,0,0,0,348755,118310,0
1,1,0,0,348756,118310,1
0,0,0,0,348757,118311,0
1,1,0,0,348758,118311,1
0,0,0,0,348759,118312,0
1,1,0,0,348760,118312,1
0,0,0,0,348761,118313,0
1,1,0,0,348762,118313,1
0,0,0,0,348763,118314,0
1,1,0,0,348764,118314,1
0,0,0,0,348765,118315,0
1,1,0,0,348766,118315,1
0,0,0,0,348767,118316,0
1,1,0,0,348768,118316,1
0,0,0,0,348769,118317,0
1,1,0,0,348770,118317,1
0,0,0,0,348771,118318,0
1,1,0,0,348772,118318,1
0,0,0,0,348793,118323,0
1,1,0,0,348794,118323,1
0,0,0,0,348795,118324,0
1,1,0,0,348796,118324,1
0,0,0,0,348797,118325,0
1,1,0,0,348798,118325,1
0,0,0,0,348799,118326,0
1,1,0,0,348800,118326,1
0,0,0,0,348801,118327,0
1,1,0,0,348802,118327,1
0,0,0,0,348803,118328,0
1,1,0,0,348804,118328,1
0,0,0,0,348805,118329,0
1,1,0,0,348806,118329,1
0,0,0,0,348807,118330,0
1,1,0,0,348808,118330,1
0,0,0,0,348809,118331,0
1,1,0,0,348810,118331,1
0,0,0,0,348811,118332,0
1,1,0,0,348812,118332,1
0,0,0,0,348813,118333,0
1,1,0,0,348814,118333,1
0,0,0,0,348815,118334,0
1,1,0,0,348816,118334,1
0,0,0,0,348817,118335,0
1,1,0,0,348818,118335,1
0,0,0,0,348819,118336,0
1,1,0,0,348820,118336,1
0,0,0,0,348821,118337,0
1,1,0,0,348822,118337,1
0,0,0,0,348823,118338,0
1,1,0,0,348824,118338,1
0,0,0,0,348825,118339,0
1,1,0,0,348826,118339,1
0,0,0,0,348827,118340,0
1,1,0,0,348828,118340,1
0,0,0,0,348829,118341,0
1,1,0,0,348830,118341,1
0,0,0,0,348831,118342,0
1,1,0,0,348832,118342,1
0,0,0,0,348833,118343,0
1,1,0,0,348834,118343,1
0,0,0,0,348835,118344,0
1,1,0,0,348836,118344,1
0,0,0,0,348837,118345,0
1,1,0,0,348838,118345,1
0,0,0,0,348839,118346,0
1,1,0,0,348840,118346,1
0,0,0,0,348841,118347,0
1,1,0,0,348842,118347,1
0,0,0,0,348843,118348,0
1,1,0,0,348844,118348,1
0,0,0,0,348845,118349,0
1,1,0,0,348846,118349,1
0,0,0,0,348847,118350,0
1,1,0,0,348848,118350,1
0,0,0,0,348849,118351,0
1,1,0,0,348850,118351,1
0,0,0,0,348851,118352,0
1,1,0,0,348852,118352,1
0,0,0,0,348853,118353,0
1,1,0,0,348854,118353,1
0,0,0,0,348855,118354,0
1,1,0,0,348856,118354,1
0,0,0,0,348857,118355,0
1,1,0,0,348858,118355,1
0,0,0,0,348859,118356,0
1,1,0,0,348860,118356,1
0,0,0,0,348861,118357,0
1,1,0,0,348862,118357,1
0,0,0,0,348863,118358,0
1,1,0,0,348864,118358,1
0,0,0,0,348865,118359,0
1,1,0,0,348866,118359,1
0,0,0,0,348867,118360,0
1,1,0,0,348868,118360,1
0,0,0,0,348869,118361,0
1,1,0,0,348870,118361,1
0,0,0,0,348871,118362,0
1,1,0,0,348872,118362,1
0,0,0,0,348873,118363,0
1,1,0,0,348874,118363,1
0,0,0,0,348875,118364,0
1,1,0,0,348876,118364,1
0,0,0,0,348877,118365,0
1,1,0,0,348878,118365,1
0,0,0,0,348879,118366,0
1,1,0,0,348880,118366,1
0,0,0,0,348881,118367,0
1,1,0,0,348882,118367,1
0,0,0,0,348883,118368,0
1,1,0,0,348884,118368,1
0,0,0,0,348885,118369,0
1,1,0,0,348886,118369,1
0,0,0,0,348887,118370,0
1,1,0,0,348888,118370,1
0,0,0,0,348889,118371,0
1,1,0,0,348890,118371,1
0,0,0,0,348891,118372,0
1,1,0,0,348892,118372,1
0,0,0,0,348893,118373,0
1,1,0,0,348894,118373,1
0,0,0,0,348895,118374,0
1,1,0,0,348896,118374,1
0,0,0,0,348897,118375,0
1,1,0,0,348898,118375,1
0,0,0,0,348899,118376,0
1,1,0,0,348900,118376,1
0,0,0,0,348901,118377,0
1,1,0,0,348902,118377,1
0,0,0,0,348903,118378,0
1,1,0,0,348904,118378,1
0,0,0,0,348905,118379,0
1,1,0,0,348906,118379,1
0,0,0,0,348907,118380,0
1,1,0,0,348908,118380,1
0,0,0,0,348909,118381,0
1,1,0,0,348910,118381,1
0,0,0,0,348911,118382,0
1,1,0,0,348912,118382,1
0,0,0,0,348913,118383,0
1,1,0,0,348914,118383,1
0,0,0,0,348915,118384,0
1,1,0,0,348916,118384,1
0,0,0,0,348917,118385,0
1,1,0,0,348918,118385,1
0,0,0,0,348919,118386,0
1,1,0,0,348920,118386,1
0,0,0,0,348921,118387,0
1,1,0,0,348922,118387,1
0,0,0,0,348923,118388,0
1,1,0,0,348924,118388,1
0,0,0,0,348925,118389,0
1,1,0,0,348926,118389,1
0,0,0,0,348927,118390,0
1,1,0,0,348928,118390,1
0,0,0,0,348929,118391,0
1,1,0,0,348930,118391,1
0,0,0,0,348931,118392,0
1,1,0,0,348932,118392,1
0,0,0,0,348933,118393,0
1,1,0,0,348934,118393,1
0,0,0,0,348935,118394,0
1,1,0,0,348936,118394,1
0,0,0,0,349105,118438,0
1,1,0,0,349106,118438,1
0,0,0,0,349107,118439,0
1,1,0,0,349108,118439,1
0,0,0,0,349109,118440,0
1,1,0,0,349110,118440,1
0,0,0,0,349111,118441,0
1,1,0,0,349112,118441,1
0,0,0,0,349113,118442,0
1,1,0,0,349114,118442,1
0,0,0,0,349115,118443,0
1,1,0,0,349116,118443,1
0,0,0,0,349117,118444,0
1,1,0,0,349118,118444,1
0,0,0,0,349119,118445,0
1,1,0,0,349120,118445,1
0,0,0,0,349121,118446,0
1,1,0,0,349122,118446,1
0,0,0,0,349123,118447,0
1,1,0,0,349124,118447,1
0,0,0,0,349125,118448,0
1,1,0,0,349126,118448,1
0,0,0,0,349127,118449,0
1,1,0,0,349128,118449,1
0,0,0,0,349129,118450,0
1,1,0,0,349130,118450,1
0,0,0,0,349131,118451,0
1,1,0,0,349132,118451,1
0,0,0,0,349133,118452,0
1,1,0,0,349134,118452,1
0,0,0,0,349135,118453,0
1,1,0,0,349136,118453,1
0,0,0,0,349137,118454,0
1,1,0,0,349138,118454,1
0,0,0,0,349139,118455,0
1,1,0,0,349140,118455,1
0,0,0,0,349141,118456,0
1,1,0,0,349142,118456,1
0,0,0,0,349143,118457,0
1,1,0,0,349144,118457,1
0,0,0,0,349145,118458,0
1,1,0,0,349146,118458,1
0,0,0,0,349147,118459,0
1,1,0,0,349148,118459,1
0,0,0,0,349149,118460,0
1,1,0,0,349150,118460,1
0,0,0,0,349151,118461,0
1,1,0,0,349152,118461,1
0,0,0,0,349153,118462,0
1,1,0,0,349154,118462,1
0,0,0,0,349155,118463,0
1,1,0,0,349156,118463,1
0,0,0,0,349157,118464,0
1,1,0,0,349158,118464,1
0,0,0,0,349159,118465,0
1,1,0,0,349160,118465,1
0,0,0,0,349161,118466,0
1,1,0,0,349162,118466,1
0,0,0,0,349163,118467,0
1,1,0,0,349164,118467,1
0,0,0,0,349165,118468,0
1,1,0,0,349166,118468,1
0,0,0,0,349167,118469,0
1,1,0,0,349168,118469,1
0,0,0,0,349169,118470,0
1,1,0,0,349170,118470,1
0,0,0,0,349171,118471,0
1,1,0,0,349172,118471,1
0,0,0,0,349173,118472,0
1,1,0,0,349174,118472,1
0,0,0,0,349175,118473,0
1,1,0,0,349176,118473,1
0,0,0,0,349191,118476,0
1,1,0,0,349192,118476,1
0,0,0,0,349193,118477,0
1,1,0,0,349194,118477,1
0,0,0,0,349195,118478,0
1,1,0,0,349196,118478,1
0,0,0,0,349197,118479,0
1,1,0,0,349198,118479,1
0,0,0,0,349199,118480,0
1,1,0,0,349200,118480,1
0,0,0,0,349201,118481,0
1,1,0,0,349202,118481,1
0,0,0,0,349203,118482,0
1,1,0,0,349204,118482,1
0,0,0,0,349205,118483,0
1,1,0,0,349206,118483,1
0,0,0,0,349207,118484,0
1,1,0,0,349208,118484,1
0,0,0,0,349209,118485,0
1,1,0,0,349210,118485,1
0,0,0,0,349211,118486,0
1,1,0,0,349212,118486,1
0,0,0,0,349213,118487,0
1,1,0,0,349214,118487,1
0,0,0,0,349215,118488,0
1,1,0,0,349216,118488,1
0,0,0,0,349217,118489,0
1,1,0,0,349218,118489,1
0,0,0,0,349219,118490,0
1,1,0,0,349220,118490,1
0,0,0,0,349221,118491,0
1,1,0,0,349222,118491,1
0,0,0,0,349223,118492,0
1,1,0,0,349224,118492,1
0,0,0,0,349225,118493,0
1,1,0,0,349226,118493,1
0,0,0,0,349227,118494,0
1,1,0,0,349228,118494,1
0,0,0,0,349229,118495,0
1,1,0,0,349230,118495,1
0,0,0,0,349231,118496,0
1,1,0,0,349232,118496,1
0,0,0,0,349233,118497,0
1,1,0,0,349234,118497,1
0,0,0,0,349235,118498,0
1,1,0,0,349236,118498,1
0,0,0,0,349237,118499,0
1,1,0,0,349238,118499,1
0,0,0,0,349239,118500,0
1,1,0,0,349240,118500,1
0,0,0,0,349241,118501,0
1,1,0,0,349242,118501,1
0,0,0,0,349243,118502,0
1,1,0,0,349244,118502,1
0,0,0,0,349245,118503,0
1,1,0,0,349246,118503,1
0,0,0,0,349247,118504,0
1,1,0,0,349248,118504,1
0,0,0,0,349249,118505,0
1,1,0,0,349250,118505,1
0,0,0,0,349251,118506,0
1,1,0,0,349252,118506,1
0,0,0,0,349253,118507,0
1,1,0,0,349254,118507,1
0,0,0,0,349255,118508,0
1,1,0,0,349256,118508,1
0,0,0,0,349257,118509,0
1,1,0,0,349258,118509,1
0,0,0,0,349259,118510,0
1,1,0,0,349260,118510,1
0,0,0,0,349261,118511,0
1,1,0,0,349262,118511,1
0,0,0,0,349335,118548,0
1,1,0,0,349336,118548,1
0,0,0,0,349337,118549,0
1,1,0,0,349338,118549,1
0,0,0,0,349339,118550,0
1,1,0,0,349340,118550,1
0,0,0,0,349341,118551,0
1,1,0,0,349342,118551,1
0,0,0,0,349343,118552,0
1,1,0,0,349344,118552,1
0,0,0,0,349345,118553,0
1,1,0,0,349346,118553,1
0,0,0,0,349347,118554,0
1,1,0,0,349348,118554,1
0,0,0,0,349349,118555,0
1,1,0,0,349350,118555,1
0,0,0,0,349351,118556,0
1,1,0,0,349352,118556,1
0,0,0,0,349353,118557,0
1,1,0,0,349354,118557,1
0,0,0,0,349355,118558,0
1,1,0,0,349356,118558,1
0,0,0,0,349357,118559,0
1,1,0,0,349358,118559,1
0,0,0,0,349359,118560,0
1,1,0,0,349360,118560,1
0,0,0,0,349361,118561,0
1,1,0,0,349362,118561,1
0,0,0,0,349363,118562,0
1,1,0,0,349364,118562,1
0,0,0,0,349365,118563,0
1,1,0,0,349366,118563,1
0,0,0,0,349367,118564,0
1,1,0,0,349368,118564,1
0,0,0,0,349369,118565,0
1,1,0,0,349370,118565,1
0,0,0,0,349371,118566,0
1,1,0,0,349372,118566,1
0,0,0,0,349373,118567,0
1,1,0,0,349374,118567,1
0,0,0,0,349375,118568,0
1,1,0,0,349376,118568,1
0,0,0,0,349377,118569,0
1,1,0,0,349378,118569,1
0,0,0,0,349379,118570,0
1,1,0,0,349380,118570,1
0,0,0,0,349381,118571,0
1,1,0,0,349382,118571,1
0,0,0,0,349383,118572,0
1,1,0,0,349384,118572,1
0,0,0,0,349385,118573,0
1,1,0,0,349386,118573,1
0,0,0,0,349387,118574,0
1,1,0,0,349388,118574,1
0,0,0,0,349389,118575,0
1,1,0,0,349390,118575,1
0,0,0,0,349391,118576,0
1,1,0,0,349392,118576,1
0,0,0,0,349393,118577,0
1,1,0,0,349394,118577,1
0,0,0,0,349395,118578,0
1,1,0,0,349396,118578,1
0,0,0,0,349397,118579,0
1,1,0,0,349398,118579,1
0,0,0,0,349399,118580,0
1,1,0,0,349400,118580,1
0,0,0,0,349401,118581,0
1,1,0,0,349402,118581,1
0,0,0,0,349403,118582,0
1,1,0,0,349404,118582,1
0,0,0,0,349405,118583,0
1,1,0,0,349406,118583,1
0,0,0,0,349407,118584,0
1,1,0,0,349408,118584,1
0,0,0,0,349409,118585,0
1,1,0,0,349410,118585,1
0,0,0,0,349411,118586,0
1,1,0,0,349412,118586,1
0,0,0,0,349413,118587,0
1,1,0,0,349414,118587,1
0,0,0,0,349415,118588,0
1,1,0,0,349416,118588,1
0,0,0,0,349417,118589,0
1,1,0,0,349418,118589,1
0,0,0,0,349419,118590,0
1,1,0,0,349420,118590,1
0,0,0,0,349421,118591,0
1,1,0,0,349422,118591,1
0,0,0,0,349423,118592,0
1,1,0,0,349424,118592,1
0,0,0,0,349425,118593,0
1,1,0,0,349426,118593,1
0,0,0,0,349427,118594,0
1,1,0,0,349428,118594,1
0,0,0,0,349429,118595,0
1,1,0,0,349430,118595,1
0,0,0,0,349431,118596,0
1,1,0,0,349432,118596,1
0,0,0,0,349433,118597,0
1,1,0,0,349434,118597,1
0,0,0,0,349435,118598,0
1,1,0,0,349436,118598,1
0,0,0,0,349437,118599,0
1,1,0,0,349438,118599,1
0,0,0,0,349439,118600,0
1,1,0,0,349440,118600,1
0,0,0,0,349441,118601,0
1,1,0,0,349442,118601,1
0,0,0,0,349443,118602,0
1,1,0,0,349444,118602,1
0,0,0,0,349445,118603,0
1,1,0,0,349446,118603,1
0,0,0,0,349447,118604,0
1,1,0,0,349448,118604,1
0,0,0,0,349449,118605,0
1,1,0,0,349450,118605,1
0,0,0,0,349451,118606,0
1,1,0,0,349452,118606,1
0,0,0,0,349453,118607,0
1,1,0,0,349454,118607,1
0,0,0,0,349455,118608,0
1,1,0,0,349456,118608,1
0,0,0,0,349457,118609,0
1,1,0,0,349458,118609,1
0,0,0,0,349459,118610,0
1,1,0,0,349460,118610,1
0,0,0,0,349461,118611,0
1,1,0,0,349462,118611,1
0,0,0,0,349463,118612,0
1,1,0,0,349464,118612,1
0,0,0,0,349465,118613,0
1,1,0,0,349466,118613,1
0,0,0,0,349467,118614,0
1,1,0,0,349468,118614,1
0,0,0,0,349469,118615,0
1,1,0,0,349470,118615,1
0,0,0,0,349471,118616,0
1,1,0,0,349472,118616,1
0,0,0,0,349473,118617,0
1,1,0,0,349474,118617,1
0,0,0,0,349475,118618,0
1,1,0,0,349476,118618,1
0,0,0,0,349477,118619,0
1,1,0,0,349478,118619,1
0,0,0,0,349479,118620,0
1,1,0,0,349480,118620,1
0,0,0,0,349481,118621,0
1,1,0,0,349482,118621,1
0,0,0,0,349483,118622,0
1,1,0,0,349484,118622,1
0,0,0,0,349485,118623,0
1,1,0,0,349486,118623,1
0,0,0,0,349487,118624,0
1,1,0,0,349488,118624,1
0,0,0,0,349489,118625,0
1,1,0,0,349490,118625,1
0,0,0,0,349491,118626,0
1,1,0,0,349492,118626,1
0,0,0,0,349493,118627,0
1,1,0,0,349494,118627,1
0,0,0,0,349495,118628,0
1,1,0,0,349496,118628,1
0,0,0,0,349497,118629,0
1,1,0,0,349498,118629,1
0,0,0,0,349499,118630,0
1,1,0,0,349500,118630,1
0,0,0,0,349501,118631,0
1,1,0,0,349502,118631,1
0,0,0,0,349503,118632,0
1,1,0,0,349504,118632,1
0,0,0,0,349505,118633,0
1,1,0,0,349506,118633,1
0,0,0,0,349507,118634,0
1,1,0,0,349508,118634,1
0,0,0,0,349509,118635,0
1,1,0,0,349510,118635,1
0,0,0,0,349511,118636,0
1,1,0,0,349512,118636,1
0,0,0,0,349513,118637,0
1,1,0,0,349514,118637,1
0,0,0,0,349515,118638,0
1,1,0,0,349516,118638,1
0,0,0,0,349517,118639,0
1,1,0,0,349518,118639,1
0,0,0,0,349519,118640,0
1,1,0,0,349520,118640,1
0,0,0,0,349521,118641,0
1,1,0,0,349522,118641,1
0,0,0,0,349523,118642,0
1,1,0,0,349524,118642,1
0,0,0,0,349525,118643,0
1,1,0,0,349526,118643,1
0,0,0,0,349527,118644,0
1,1,0,0,349528,118644,1
0,0,0,0,349529,118645,0
1,1,0,0,349530,118645,1
0,0,0,0,349531,118646,0
1,1,0,0,349532,118646,1
0,0,0,0,349533,118647,0
1,1,0,0,349534,118647,1
0,0,0,0,349535,118648,0
1,1,0,0,349536,118648,1
0,0,0,0,349537,118649,0
1,1,0,0,349538,118649,1
0,0,0,0,349539,118650,0
1,1,0,0,349540,118650,1
0,0,0,0,349541,118651,0
1,1,0,0,349542,118651,1
0,0,0,0,349543,118652,0
1,1,0,0,349544,118652,1
0,0,0,0,349545,118653,0
1,1,0,0,349546,118653,1
0,0,0,0,349547,118654,0
1,1,0,0,349548,118654,1
0,0,0,0,349549,118655,0
1,1,0,0,349550,118655,1
0,0,0,0,349551,118656,0
1,1,0,0,349552,118656,1
0,0,0,0,349553,118657,0
1,1,0,0,349554,118657,1
0,0,0,0,349555,118658,0
1,1,0,0,349556,118658,1
0,0,0,0,349557,118659,0
1,1,0,0,349558,118659,1
0,0,0,0,349559,118660,0
1,1,0,0,349560,118660,1
0,0,0,0,349561,118661,0
1,1,0,0,349562,118661,1
0,0,0,0,349563,118662,0
1,1,0,0,349564,118662,1
0,0,0,0,349565,118663,0
1,1,0,0,349566,118663,1
0,0,0,0,349567,118664,0
1,1,0,0,349568,118664,1
0,0,0,0,349569,118665,0
1,1,0,0,349570,118665,1
0,0,0,0,349571,118666,0
1,1,0,0,349572,118666,1
0,0,0,0,349573,118667,0
1,1,0,0,349574,118667,1
0,0,0,0,349575,118668,0
1,1,0,0,349576,118668,1
0,0,0,0,349577,118669,0
1,1,0,0,349578,118669,1
0,0,0,0,349579,118670,0
1,1,0,0,349580,118670,1
0,0,0,0,349581,118671,0
1,1,0,0,349582,118671,1
0,0,0,0,349583,118672,0
1,1,0,0,349584,118672,1
0,0,0,0,349585,118673,0
1,1,0,0,349586,118673,1
0,0,0,0,349587,118674,0
1,1,0,0,349588,118674,1
0,0,0,0,349589,118675,0
1,1,0,0,349590,118675,1
0,0,0,0,349591,118676,0
1,1,0,0,349592,118676,1
0,0,0,0,349593,118677,0
1,1,0,0,349594,118677,1
0,0,0,0,349595,118678,0
1,1,0,0,349596,118678,1
0,0,0,0,349597,118679,0
1,1,0,0,349598,118679,1
0,0,0,0,349599,118680,0
1,1,0,0,349600,118680,1
0,0,0,0,349601,118681,0
1,1,0,0,349602,118681,1
0,0,0,0,349603,118682,0
1,1,0,0,349604,118682,1
0,0,0,0,349605,118683,0
1,1,0,0,349606,118683,1
0,0,0,0,349607,118684,0
1,1,0,0,349608,118684,1
0,0,0,0,349609,118685,0
1,1,0,0,349610,118685,1
0,0,0,0,349611,118686,0
1,1,0,0,349612,118686,1
0,0,0,0,349613,118687,0
1,1,0,0,349614,118687,1
0,0,0,0,349615,118688,0
1,1,0,0,349616,118688,1
0,0,0,0,349617,118689,0
1,1,0,0,349618,118689,1
0,0,0,0,349619,118690,0
1,1,0,0,349620,118690,1
0,0,0,0,349621,118691,0
1,1,0,0,349622,118691,1
0,0,0,0,349623,118692,0
1,1,0,0,349624,118692,1
0,0,0,0,349625,118693,0
1,1,0,0,349626,118693,1
0,0,0,0,349627,118694,0
1,1,0,0,349628,118694,1
0,0,0,0,349629,118695,0
1,1,0,0,349630,118695,1
0,0,0,0,349631,118696,0
1,1,0,0,349632,118696,1
0,0,0,0,349633,118697,0
1,1,0,0,349634,118697,1
0,0,0,0,349635,118698,0
1,1,0,0,349636,118698,1
0,0,0,0,349637,118699,0
1,1,0,0,349638,118699,1
0,0,0,0,349639,118700,0
1,1,0,0,349640,118700,1
0,0,0,0,349641,118701,0
1,1,0,0,349642,118701,1
0,0,0,0,349643,118702,0
1,1,0,0,349644,118702,1
0,0,0,0,349645,118703,0
1,1,0,0,349646,118703,1
0,0,0,0,349647,118704,0
1,1,0,0,349648,118704,1
0,0,0,0,349649,118705,0
1,1,0,0,349650,118705,1
0,0,0,0,349651,118706,0
1,1,0,0,349652,118706,1
0,0,0,0,349653,118707,0
1,1,0,0,349654,118707,1
0,0,0,0,349655,118708,0
1,1,0,0,349656,118708,1
0,0,0,0,349657,118709,0
1,1,0,0,349658,118709,1
0,0,0,0,349659,118710,0
1,1,0,0,349660,118710,1
0,0,0,0,349661,118711,0
1,1,0,0,349662,118711,1
0,0,0,0,349663,118712,0
1,1,0,0,349664,118712,1
0,0,0,0,349665,118713,0
1,1,0,0,349666,118713,1
0,0,0,0,349667,118714,0
1,1,0,0,349668,118714,1
0,0,0,0,349669,118715,0
1,1,0,0,349670,118715,1
0,0,0,0,349671,118716,0
1,1,0,0,349672,118716,1
0,0,0,0,349673,118717,0
1,1,0,0,349674,118717,1
0,0,0,0,349675,118718,0
1,1,0,0,349676,118718,1
0,0,0,0,349677,118719,0
1,1,0,0,349678,118719,1
0,0,0,0,349679,118720,0
1,1,0,0,349680,118720,1
0,0,0,0,349681,118721,0
1,1,0,0,349682,118721,1
0,0,0,0,349683,118722,0
1,1,0,0,349684,118722,1
0,0,0,0,349685,118723,0
1,1,0,0,349686,118723,1
0,0,0,0,349687,118724,0
1,1,0,0,349688,118724,1
0,0,0,0,349689,118725,0
1,1,0,0,349690,118725,1
0,0,0,0,349691,118726,0
1,1,0,0,349692,118726,1
0,0,0,0,349693,118727,0
1,1,0,0,349694,118727,1
0,0,0,0,349695,118728,0
1,1,0,0,349696,118728,1
0,0,0,0,349697,118729,0
1,1,0,0,349698,118729,1
0,0,0,0,349699,118730,0
1,1,0,0,349700,118730,1
0,0,0,0,349701,118731,0
1,1,0,0,349702,118731,1
0,0,0,0,349703,118732,0
1,1,0,0,349704,118732,1
0,0,0,0,349705,118733,0
1,1,0,0,349706,118733,1
0,0,0,0,349707,118734,0
1,1,0,0,349708,118734,1
0,0,0,0,349709,118735,0
1,1,0,0,349710,118735,1
0,0,0,0,349711,118736,0
1,1,0,0,349712,118736,1
0,0,0,0,349713,118737,0
1,1,0,0,349714,118737,1
0,0,0,0,349715,118738,0
1,1,0,0,349716,118738,1
0,0,0,0,349717,118739,0
1,1,0,0,349718,118739,1
0,0,0,0,349719,118740,0
1,1,0,0,349720,118740,1
0,0,0,0,349721,118741,0
1,1,0,0,349722,118741,1
0,0,0,0,349723,118742,0
1,1,0,0,349724,118742,1
0,0,0,0,349725,118743,0
1,1,0,0,349726,118743,1
0,0,0,0,349727,118744,0
1,1,0,0,349728,118744,1
0,0,0,0,349729,118745,0
1,1,0,0,349730,118745,1
0,0,0,0,349731,118746,0
1,1,0,0,349732,118746,1
0,0,0,0,349733,118747,0
1,1,0,0,349734,118747,1
0,0,0,0,349735,118748,0
1,1,0,0,349736,118748,1
0,0,0,0,349737,118749,0
1,1,0,0,349738,118749,1
0,0,0,0,349739,118750,0
1,1,0,0,349740,118750,1
0,0,0,0,349741,118751,0
1,1,0,0,349742,118751,1
0,0,0,0,349743,118752,0
1,1,0,0,349744,118752,1
0,0,0,0,349745,118753,0
1,1,0,0,349746,118753,1
0,0,0,0,349747,118754,0
1,1,0,0,349748,118754,1
0,0,0,0,349749,118755,0
1,1,0,0,349750,118755,1
0,0,0,0,349751,118756,0
1,1,0,0,349752,118756,1
0,0,0,0,349753,118757,0
1,1,0,0,349754,118757,1
0,0,0,0,349755,118758,0
1,1,0,0,349756,118758,1
0,0,0,0,349757,118759,0
1,1,0,0,349758,118759,1
0,0,0,0,349759,118760,0
1,1,0,0,349760,118760,1
0,0,0,0,349761,118761,0
1,1,0,0,349762,118761,1
0,0,0,0,349763,118762,0
1,1,0,0,349764,118762,1
0,0,0,0,349765,118763,0
1,1,0,0,349766,118763,1
0,0,0,0,349843,118802,0
1,1,0,0,349844,118802,1
0,0,0,0,349845,118803,0
1,1,0,0,349846,118803,1
0,0,0,0,349847,118804,0
1,1,0,0,349848,118804,1
0,0,0,0,349849,118805,0
1,1,0,0,349850,118805,1
0,0,0,0,349851,118806,0
1,1,0,0,349852,118806,1
0,0,0,0,349853,118807,0
1,1,0,0,349854,118807,1
0,0,0,0,349855,118808,0
1,1,0,0,349856,118808,1
0,0,0,0,349857,118809,0
1,1,0,0,349858,118809,1
0,0,0,0,349859,118810,0
1,1,0,0,349860,118810,1
0,0,0,0,349861,118811,0
1,1,0,0,349862,118811,1
0,0,0,0,349863,118812,0
1,1,0,0,349864,118812,1
0,0,0,0,349865,118813,0
1,1,0,0,349866,118813,1
0,0,0,0,349867,118814,0
1,1,0,0,349868,118814,1
0,0,0,0,349869,118815,0
1,1,0,0,349870,118815,1
0,0,0,0,349871,118816,0
1,1,0,0,349872,118816,1
0,0,0,0,349873,118817,0
1,1,0,0,349874,118817,1
0,0,0,0,349875,118818,0
1,1,0,0,349876,118818,1
0,0,0,0,349877,118819,0
1,1,0,0,349878,118819,1
0,0,0,0,349879,118820,0
1,1,0,0,349880,118820,1
0,0,0,0,349881,118821,0
1,1,0,0,349882,118821,1
0,0,0,0,349883,118822,0
1,1,0,0,349884,118822,1
0,0,0,0,349885,118823,0
1,1,0,0,349886,118823,1
0,0,0,0,349887,118824,0
1,1,0,0,349888,118824,1
0,0,0,0,349889,118825,0
1,1,0,0,349890,118825,1
0,0,0,0,349891,118826,0
1,1,0,0,349892,118826,1
0,0,0,0,349893,118827,0
1,1,0,0,349894,118827,1
0,0,0,0,349895,118828,0
1,1,0,0,349896,118828,1
0,0,0,0,349897,118829,0
1,1,0,0,349898,118829,1
0,0,0,0,349899,118830,0
1,1,0,0,349900,118830,1
0,0,0,0,349901,118831,0
1,1,0,0,349902,118831,1
0,0,0,0,349903,118832,0
1,1,0,0,349904,118832,1
0,0,0,0,349905,118833,0
1,1,0,0,349906,118833,1
0,0,0,0,349907,118834,0
1,1,0,0,349908,118834,1
0,0,0,0,349909,118835,0
1,1,0,0,349910,118835,1
0,0,0,0,349911,118836,0
1,1,0,0,349912,118836,1
0,0,0,0,349913,118837,0
1,1,0,0,349914,118837,1
0,0,0,0,349915,118838,0
1,1,0,0,349916,118838,1
0,0,0,0,349917,118839,0
1,1,0,0,349918,118839,1
0,0,0,0,349919,118840,0
1,1,0,0,349920,118840,1
0,0,0,0,349921,118841,0
1,1,0,0,349922,118841,1
0,0,0,0,349923,118842,0
1,1,0,0,349924,118842,1
0,0,0,0,349925,118843,0
1,1,0,0,349926,118843,1
0,0,0,0,349927,118844,0
1,1,0,0,349928,118844,1
0,0,0,0,349929,118845,0
1,1,0,0,349930,118845,1
0,0,0,0,349931,118846,0
1,1,0,0,349932,118846,1
0,0,0,0,349933,118847,0
1,1,0,0,349934,118847,1
0,0,0,0,349935,118848,0
1,1,0,0,349936,118848,1
0,0,0,0,349937,118849,0
1,1,0,0,349938,118849,1
0,0,0,0,349939,118850,0
1,1,0,0,349940,118850,1
0,0,0,0,349941,118851,0
1,1,0,0,349942,118851,1
0,0,0,0,349943,118852,0
1,1,0,0,349944,118852,1
0,0,0,0,349945,118853,0
1,1,0,0,349946,118853,1
0,0,0,0,349947,118854,0
1,1,0,0,349948,118854,1
0,0,0,0,349949,118855,0
1,1,0,0,349950,118855,1
0,0,0,0,349951,118856,0
1,1,0,0,349952,118856,1
0,0,0,0,349953,118857,0
1,1,0,0,349954,118857,1
0,0,0,0,349955,118858,0
1,1,0,0,349956,118858,1
0,0,0,0,349957,118859,0
1,1,0,0,349958,118859,1
0,0,0,0,349959,118860,0
1,1,0,0,349960,118860,1
0,0,0,0,349961,118861,0
1,1,0,0,349962,118861,1
0,0,0,0,349963,118862,0
1,1,0,0,349964,118862,1
0,0,0,0,349965,118863,0
1,1,0,0,349966,118863,1
0,0,0,0,349967,118864,0
1,1,0,0,349968,118864,1
0,0,0,0,349969,118865,0
1,1,0,0,349970,118865,1
0,0,0,0,349971,118866,0
1,1,0,0,349972,118866,1
0,0,0,0,349973,118867,0
1,1,0,0,349974,118867,1
0,0,0,0,349975,118868,0
1,1,0,0,349976,118868,1
0,0,0,0,349977,118869,0
1,1,0,0,349978,118869,1
0,0,0,0,349979,118870,0
1,1,0,0,349980,118870,1
0,0,0,0,349981,118871,0
1,1,0,0,349982,118871,1
0,0,0,0,349983,118872,0
1,1,0,0,349984,118872,1
0,0,0,0,349985,118873,0
1,1,0,0,349986,118873,1
0,0,0,0,349987,118874,0
1,1,0,0,349988,118874,1
0,0,0,0,349989,118875,0
1,1,0,0,349990,118875,1
0,0,0,0,349991,118876,0
1,1,0,0,349992,118876,1
0,0,0,0,349993,118877,0
1,1,0,0,349994,118877,1
0,0,0,0,349995,118878,0
1,1,0,0,349996,118878,1
0,0,0,0,349997,118879,0
1,1,0,0,349998,118879,1
0,0,0,0,349999,118880,0
1,1,0,0,350000,118880,1
0,0,0,0,350001,118881,0
1,1,0,0,350002,118881,1
0,0,0,0,350003,118882,0
1,1,0,0,350004,118882,1
0,0,0,0,350005,118883,0
1,1,0,0,350006,118883,1
0,0,0,0,350007,118884,0
1,1,0,0,350008,118884,1
0,0,0,0,350009,118885,0
1,1,0,0,350010,118885,1
0,0,0,0,350011,118886,0
1,1,0,0,350012,118886,1
0,0,0,0,350013,118887,0
1,1,0,0,350014,118887,1
0,0,0,0,350015,118888,0
1,1,0,0,350016,118888,1
0,0,0,0,350017,118889,0
1,1,0,0,350018,118889,1
0,0,0,0,350019,118890,0
1,1,0,0,350020,118890,1
0,0,0,0,350021,118891,0
1,1,0,0,350022,118891,1
0,0,0,0,350023,118892,0
1,1,0,0,350024,118892,1
0,0,0,0,350025,118893,0
1,1,0,0,350026,118893,1
0,0,0,0,350027,118894,0
1,1,0,0,350028,118894,1
0,0,0,0,350029,118895,0
1,1,0,0,350030,118895,1
0,0,0,0,350031,118896,0
1,1,0,0,350032,118896,1
0,0,0,0,350033,118897,0
1,1,0,0,350034,118897,1
0,0,0,0,350035,118898,0
1,1,0,0,350036,118898,1
0,0,0,0,350037,118899,0
1,1,0,0,350038,118899,1
0,0,0,0,350039,118900,0
1,1,0,0,350040,118900,1
0,0,0,0,350041,118901,0
1,1,0,0,350042,118901,1
0,0,0,0,350043,118902,0
1,1,0,0,350044,118902,1
0,0,0,0,350045,118903,0
1,1,0,0,350046,118903,1
0,0,0,0,350047,118904,0
1,1,0,0,350048,118904,1
0,0,0,0,350049,118905,0
1,1,0,0,350050,118905,1
0,0,0,0,350051,118906,0
1,1,0,0,350052,118906,1
0,0,0,0,350053,118907,0
1,1,0,0,350054,118907,1
0,0,0,0,350055,118908,0
1,1,0,0,350056,118908,1
0,0,0,0,350057,118909,0
1,1,0,0,350058,118909,1
0,0,0,0,350059,118910,0
1,1,0,0,350060,118910,1
0,0,0,0,350061,118911,0
1,1,0,0,350062,118911,1
0,0,0,0,350063,118912,0
1,1,0,0,350064,118912,1
0,0,0,0,350065,118913,0
1,1,0,0,350066,118913,1
0,0,0,0,350067,118914,0
1,1,0,0,350068,118914,1
0,0,0,0,350069,118915,0
1,1,0,0,350070,118915,1
0,0,0,0,350071,118916,0
1,1,0,0,350072,118916,1
0,0,0,0,350073,118917,0
1,1,0,0,350074,118917,1
0,0,0,0,350075,118918,0
1,1,0,0,350076,118918,1
0,0,0,0,350077,118919,0
1,1,0,0,350078,118919,1
0,0,0,0,350079,118920,0
1,1,0,0,350080,118920,1
0,0,0,0,350081,118921,0
1,1,0,0,350082,118921,1
0,0,0,0,350083,118922,0
1,1,0,0,350084,118922,1
0,0,0,0,350085,118923,0
1,1,0,0,350086,118923,1
0,0,0,0,350087,118924,0
1,1,0,0,350088,118924,1
0,0,0,0,350089,118925,0
1,1,0,0,350090,118925,1
0,0,0,0,350091,118926,0
1,1,0,0,350092,118926,1
0,0,0,0,350093,118927,0
1,1,0,0,350094,118927,1
0,0,0,0,350095,118928,0
1,1,0,0,350096,118928,1
0,0,0,0,350097,118929,0
1,1,0,0,350098,118929,1
0,0,0,0,350099,118930,0
1,1,0,0,350100,118930,1
0,0,0,0,350101,118931,0
1,1,0,0,350102,118931,1
0,0,0,0,350103,118932,0
1,1,0,0,350104,118932,1
0,0,0,0,350105,118933,0
1,1,0,0,350106,118933,1
0,0,0,0,350107,118934,0
1,1,0,0,350108,118934,1
0,0,0,0,350109,118935,0
1,1,0,0,350110,118935,1
0,0,0,0,350111,118936,0
1,1,0,0,350112,118936,1
0,0,0,0,350113,118937,0
1,1,0,0,350114,118937,1
0,0,0,0,350115,118938,0
1,1,0,0,350116,118938,1
0,0,0,0,350117,118939,0
1,1,0,0,350118,118939,1
0,0,0,0,350119,118940,0
1,1,0,0,350120,118940,1
0,0,0,0,350121,118941,0
1,1,0,0,350122,118941,1
0,0,0,0,350123,118942,0
1,1,0,0,350124,118942,1
0,0,0,0,350125,118943,0
1,1,0,0,350126,118943,1
0,0,0,0,350127,118944,0
1,1,0,0,350128,118944,1
0,0,0,0,350129,118945,0
1,1,0,0,350130,118945,1
0,0,0,0,350131,118946,0
1,1,0,0,350132,118946,1
0,0,0,0,350133,118947,0
1,1,0,0,350134,118947,1
0,0,0,0,350135,118948,0
1,1,0,0,350136,118948,1
0,0,0,0,350137,118949,0
1,1,0,0,350138,118949,1
0,0,0,0,350139,118950,0
1,1,0,0,350140,118950,1
0,0,0,0,350141,118951,0
1,1,0,0,350142,118951,1
0,0,0,0,350143,118952,0
1,1,0,0,350144,118952,1
0,0,0,0,350145,118953,0
1,1,0,0,350146,118953,1
0,0,0,0,350147,118954,0
1,1,0,0,350148,118954,1
0,0,0,0,350149,118955,0
1,1,0,0,350150,118955,1
0,0,0,0,350151,118956,0
1,1,0,0,350152,118956,1
0,0,0,0,350153,118957,0
1,1,0,0,350154,118957,1
0,0,0,0,350155,118958,0
1,1,0,0,350156,118958,1
0,0,0,0,350157,118959,0
1,1,0,0,350158,118959,1
0,0,0,0,350159,118960,0
1,1,0,0,350160,118960,1
0,0,0,0,350161,118961,0
1,1,0,0,350162,118961,1
0,0,0,0,350163,118962,0
1,1,0,0,350164,118962,1
0,0,0,0,350165,118963,0
1,1,0,0,350166,118963,1
0,0,0,0,350167,118964,0
1,1,0,0,350168,118964,1
0,0,0,0,350169,118965,0
1,1,0,0,350170,118965,1
0,0,0,0,350171,118966,0
1,1,0,0,350172,118966,1
0,0,0,0,350173,118967,0
1,1,0,0,350174,118967,1
0,0,0,0,350175,118968,0
1,1,0,0,350176,118968,1
0,0,0,0,350177,118969,0
1,1,0,0,350178,118969,1
0,0,0,0,350179,118970,0
1,1,0,0,350180,118970,1
0,0,0,0,350181,118971,0
1,1,0,0,350182,118971,1
0,0,0,0,350183,118972,0
1,1,0,0,350184,118972,1
0,0,0,0,350185,118973,0
1,1,0,0,350186,118973,1
0,0,0,0,350187,118974,0
1,1,0,0,350188,118974,1
0,0,0,0,350189,118975,0
1,1,0,0,350190,118975,1
0,0,0,0,350191,118976,0
1,1,0,0,350192,118976,1
0,0,0,0,350193,118977,0
1,1,0,0,350194,118977,1
0,0,0,0,350195,118978,0
1,1,0,0,350196,118978,1
0,0,0,0,350197,118979,0
1,1,0,0,350198,118979,1
0,0,0,0,350199,118980,0
1,1,0,0,350200,118980,1
0,0,0,0,350201,118981,0
1,1,0,0,350202,118981,1
0,0,0,0,350203,118982,0
1,1,0,0,350204,118982,1
0,0,0,0,350205,118983,0
1,1,0,0,350206,118983,1
0,0,0,0,350207,118984,0
1,1,0,0,350208,118984,1
0,0,0,0,350209,118985,0
1,1,0,0,350210,118985,1
0,0,0,0,350211,118986,0
1,1,0,0,350212,118986,1
0,0,0,0,350213,118987,0
1,1,0,0,350214,118987,1
0,0,0,0,350215,118988,0
1,1,0,0,350216,118988,1
0,0,0,0,350217,118989,0
1,1,0,0,350218,118989,1
0,0,0,0,350219,118990,0
1,1,0,0,350220,118990,1
0,0,0,0,350221,118991,0
1,1,0,0,350222,118991,1
0,0,0,0,350223,118992,0
1,1,0,0,350224,118992,1
0,0,0,0,350225,118993,0
1,1,0,0,350226,118993,1
0,0,0,0,350227,118994,0
1,1,0,0,350228,118994,1
0,0,0,0,350229,118995,0
1,1,0,0,350230,118995,1
0,0,0,0,350231,118996,0
1,1,0,0,350232,118996,1
0,0,0,0,350233,118997,0
1,1,0,0,350234,118997,1
0,0,0,0,350235,118998,0
1,1,0,0,350236,118998,1
0,0,0,0,350237,118999,0
1,1,0,0,350238,118999,1
0,0,0,0,350239,119000,0
1,1,0,0,350240,119000,1
0,0,0,0,350241,119001,0
1,1,0,0,350242,119001,1
0,0,0,0,350243,119002,0
1,1,0,0,350244,119002,1
0,0,0,0,350245,119003,0
1,1,0,0,350246,119003,1
0,0,0,0,350247,119004,0
1,1,0,0,350248,119004,1
0,0,0,0,350249,119005,0
1,1,0,0,350250,119005,1
0,0,0,0,350251,119006,0
1,1,0,0,350252,119006,1
0,0,0,0,350253,119007,0
1,1,0,0,350254,119007,1
0,0,0,0,350255,119008,0
1,1,0,0,350256,119008,1
0,0,0,0,350257,119009,0
1,1,0,0,350258,119009,1
0,0,0,0,350259,119010,0
1,1,0,0,350260,119010,1
0,0,0,0,350261,119011,0
1,1,0,0,350262,119011,1
0,0,0,0,350263,119012,0
1,1,0,0,350264,119012,1
0,0,0,0,350265,119013,0
1,1,0,0,350266,119013,1
0,0,0,0,350267,119014,0
1,1,0,0,350268,119014,1
0,0,0,0,350269,119015,0
1,1,0,0,350270,119015,1
0,0,0,0,350271,119016,0
1,1,0,0,350272,119016,1
0,0,0,0,350273,119017,0
1,1,0,0,350274,119017,1
0,0,0,0,350275,119018,0
1,1,0,0,350276,119018,1
0,0,0,0,350277,119019,0
1,1,0,0,350278,119019,1
0,0,0,0,350279,119020,0
1,1,0,0,350280,119020,1
0,0,0,0,350281,119021,0
1,1,0,0,350282,119021,1
0,0,0,0,350283,119022,0
1,1,0,0,350284,119022,1
0,0,0,0,350285,119023,0
1,1,0,0,350286,119023,1
0,0,0,0,350287,119024,0
1,1,0,0,350288,119024,1
0,0,0,0,350289,119025,0
1,1,0,0,350290,119025,1
0,0,0,0,350291,119026,0
1,1,0,0,350292,119026,1
0,0,0,0,350293,119027,0
1,1,0,0,350294,119027,1
0,0,0,0,350295,119028,0
1,1,0,0,350296,119028,1
0,0,0,0,350297,119029,0
1,1,0,0,350298,119029,1
0,0,0,0,350299,119030,0
1,1,0,0,350300,119030,1
0,0,0,0,350301,119031,0
1,1,0,0,350302,119031,1
0,0,0,0,350303,119032,0
1,1,0,0,350304,119032,1
0,0,0,0,350305,119033,0
1,1,0,0,350306,119033,1
0,0,0,0,350307,119034,0
1,1,0,0,350308,119034,1
0,0,0,0,350309,119035,0
1,1,0,0,350310,119035,1
0,0,0,0,350311,119036,0
1,1,0,0,350312,119036,1
0,0,0,0,350313,119037,0
1,1,0,0,350314,119037,1
0,0,0,0,350315,119038,0
1,1,0,0,350316,119038,1
0,0,0,0,350317,119039,0
1,1,0,0,350318,119039,1
0,0,0,0,350319,119040,0
1,1,0,0,350320,119040,1
0,0,0,0,350321,119041,0
1,1,0,0,350322,119041,1
0,0,0,0,350323,119042,0
1,1,0,0,350324,119042,1
0,0,0,0,350325,119043,0
1,1,0,0,350326,119043,1
0,0,0,0,350327,119044,0
1,1,0,0,350328,119044,1
0,0,0,0,350329,119045,0
1,1,0,0,350330,119045,1
0,0,0,0,350331,119046,0
1,1,0,0,350332,119046,1
0,0,0,0,350333,119047,0
1,1,0,0,350334,119047,1
0,0,0,0,350335,119048,0
1,1,0,0,350336,119048,1
0,0,0,0,350337,119049,0
1,1,0,0,350338,119049,1
0,0,0,0,350339,119050,0
1,1,0,0,350340,119050,1
0,0,0,0,350341,119051,0
1,1,0,0,350342,119051,1
0,0,0,0,350343,119052,0
1,1,0,0,350344,119052,1
0,0,0,0,350345,119053,0
1,1,0,0,350346,119053,1
0,0,0,0,350347,119054,0
1,1,0,0,350348,119054,1
0,0,0,0,350349,119055,0
1,1,0,0,350350,119055,1
0,0,0,0,350351,119056,0
1,1,0,0,350352,119056,1
0,0,0,0,350353,119057,0
1,1,0,0,350354,119057,1
0,0,0,0,350355,119058,0
1,1,0,0,350356,119058,1
0,0,0,0,350357,119059,0
1,1,0,0,350358,119059,1
0,0,0,0,350359,119060,0
1,1,0,0,350360,119060,1
0,0,0,0,350361,119061,0
1,1,0,0,350362,119061,1
0,0,0,0,350363,119062,0
1,1,0,0,350364,119062,1
0,0,0,0,350365,119063,0
1,1,0,0,350366,119063,1
0,0,0,0,350367,119064,0
1,1,0,0,350368,119064,1
0,0,0,0,350369,119065,0
1,1,0,0,350370,119065,1
0,0,0,0,350371,119066,0
1,1,0,0,350372,119066,1
0,0,0,0,350373,119067,0
1,1,0,0,350374,119067,1
0,0,0,0,350375,119068,0
1,1,0,0,350376,119068,1
0,0,0,0,350377,119069,0
1,1,0,0,350378,119069,1
0,0,0,0,350379,119070,0
1,1,0,0,350380,119070,1
0,0,0,0,350381,119071,0
1,1,0,0,350382,119071,1
0,0,0,0,350383,119072,0
1,1,0,0,350384,119072,1
0,0,0,0,350385,119073,0
1,1,0,0,350386,119073,1
0,0,0,0,350387,119074,0
1,1,0,0,350388,119074,1
0,0,0,0,350389,119075,0
1,1,0,0,350390,119075,1
0,0,0,0,350391,119076,0
1,1,0,0,350392,119076,1
0,0,0,0,350393,119077,0
1,1,0,0,350394,119077,1
0,0,0,0,350395,119078,0
1,1,0,0,350396,119078,1
0,0,0,0,350397,119079,0
1,1,0,0,350398,119079,1
0,0,0,0,350399,119080,0
1,1,0,0,350400,119080,1
0,0,0,0,350401,119081,0
1,1,0,0,350402,119081,1
0,0,0,0,350403,119082,0
1,1,0,0,350404,119082,1
0,0,0,0,350405,119083,0
1,1,0,0,350406,119083,1
0,0,0,0,350407,119084,0
1,1,0,0,350408,119084,1
0,0,0,0,350409,119085,0
1,1,0,0,350410,119085,1
0,0,0,0,350411,119086,0
1,1,0,0,350412,119086,1
0,0,0,0,350413,119087,0
1,1,0,0,350414,119087,1
0,0,0,0,350415,119088,0
1,1,0,0,350416,119088,1
0,0,0,0,350417,119089,0
1,1,0,0,350418,119089,1
0,0,0,0,350419,119090,0
1,1,0,0,350420,119090,1
0,0,0,0,350421,119091,0
1,1,0,0,350422,119091,1
0,0,0,0,350423,119092,0
1,1,0,0,350424,119092,1
0,0,0,0,350425,119093,0
1,1,0,0,350426,119093,1
0,0,0,0,350427,119094,0
1,1,0,0,350428,119094,1
0,0,0,0,350429,119095,0
1,1,0,0,350430,119095,1
0,0,0,0,350431,119096,0
1,1,0,0,350432,119096,1
0,0,0,0,350433,119097,0
1,1,0,0,350434,119097,1
0,0,0,0,350435,119098,0
1,1,0,0,350436,119098,1
0,0,0,0,350437,119099,0
1,1,0,0,350438,119099,1
0,0,0,0,350439,119100,0
1,1,0,0,350440,119100,1
0,0,0,0,350441,119101,0
1,1,0,0,350442,119101,1
0,0,0,0,350443,119102,0
1,1,0,0,350444,119102,1
0,0,0,0,350445,119103,0
1,1,0,0,350446,119103,1
0,0,0,0,350447,119104,0
1,1,0,0,350448,119104,1
0,0,0,0,350449,119105,0
1,1,0,0,350450,119105,1
0,0,0,0,350451,119106,0
1,1,0,0,350452,119106,1
0,0,0,0,350453,119107,0
1,1,0,0,350454,119107,1
0,0,0,0,350455,119108,0
1,1,0,0,350456,119108,1
0,0,0,0,350457,119109,0
1,1,0,0,350458,119109,1
0,0,0,0,350459,119110,0
1,1,0,0,350460,119110,1
0,0,0,0,350461,119111,0
1,1,0,0,350462,119111,1
0,0,0,0,350463,119112,0
1,1,0,0,350464,119112,1
0,0,0,0,350465,119113,0
1,1,0,0,350466,119113,1
0,0,0,0,350467,119114,0
1,1,0,0,350468,119114,1
0,0,0,0,350469,119115,0
1,1,0,0,350470,119115,1
0,0,0,0,350471,119116,0
1,1,0,0,350472,119116,1
0,0,0,0,350473,119117,0
1,1,0,0,350474,119117,1
0,0,0,0,350475,119118,0
1,1,0,0,350476,119118,1
0,0,0,0,350477,119119,0
1,1,0,0,350478,119119,1
0,0,0,0,350479,119120,0
1,1,0,0,350480,119120,1
0,0,0,0,350481,119121,0
1,1,0,0,350482,119121,1
0,0,0,0,350483,119122,0
1,1,0,0,350484,119122,1
0,0,0,0,350485,119123,0
1,1,0,0,350486,119123,1
0,0,0,0,350487,119124,0
1,1,0,0,350488,119124,1
0,0,0,0,350489,119125,0
1,1,0,0,350490,119125,1
0,0,0,0,350491,119126,0
1,1,0,0,350492,119126,1
0,0,0,0,350493,119127,0
1,1,0,0,350494,119127,1
0,0,0,0,350495,119128,0
1,1,0,0,350496,119128,1
0,0,0,0,350497,119129,0
1,1,0,0,350498,119129,1
0,0,0,0,350499,119130,0
1,1,0,0,350500,119130,1
0,0,0,0,350501,119131,0
1,1,0,0,350502,119131,1
0,0,0,0,350503,119132,0
1,1,0,0,350504,119132,1
0,0,0,0,350505,119133,0
1,1,0,0,350506,119133,1
0,0,0,0,350507,119134,0
1,1,0,0,350508,119134,1
0,0,0,0,350509,119135,0
1,1,0,0,350510,119135,1
0,0,0,0,350511,119136,0
1,1,0,0,350512,119136,1
0,0,0,0,350513,119137,0
1,1,0,0,350514,119137,1
0,0,0,0,350515,119138,0
1,1,0,0,350516,119138,1
0,0,0,0,350517,119139,0
1,1,0,0,350518,119139,1
0,0,0,0,350519,119140,0
1,1,0,0,350520,119140,1
0,0,0,0,350521,119141,0
1,1,0,0,350522,119141,1
0,0,0,0,350523,119142,0
1,1,0,0,350524,119142,1
0,0,0,0,350525,119143,0
1,1,0,0,350526,119143,1
0,0,0,0,350527,119144,0
1,1,0,0,350528,119144,1
0,0,0,0,350529,119145,0
1,1,0,0,350530,119145,1
0,0,0,0,350531,119146,0
1,1,0,0,350532,119146,1
0,0,0,0,350533,119147,0
1,1,0,0,350534,119147,1
0,0,0,0,350535,119148,0
1,1,0,0,350536,119148,1
0,0,0,0,350537,119149,0
1,1,0,0,350538,119149,1
0,0,0,0,350539,119150,0
1,1,0,0,350540,119150,1
0,0,0,0,350541,119151,0
1,1,0,0,350542,119151,1
0,0,0,0,350543,119152,0
1,1,0,0,350544,119152,1
0,0,0,0,350545,119153,0
1,1,0,0,350546,119153,1
0,0,0,0,350547,119154,0
1,1,0,0,350548,119154,1
0,0,0,0,350549,119155,0
1,1,0,0,350550,119155,1
0,0,0,0,350551,119156,0
1,1,0,0,350552,119156,1
0,0,0,0,350553,119157,0
1,1,0,0,350554,119157,1
0,0,0,0,350555,119158,0
1,1,0,0,350556,119158,1
0,0,0,0,350557,119159,0
1,1,0,0,350558,119159,1
0,0,0,0,350559,119160,0
1,1,0,0,350560,119160,1
0,0,0,0,350561,119161,0
1,1,0,0,350562,119161,1
0,0,0,0,350563,119162,0
1,1,0,0,350564,119162,1
0,0,0,0,350565,119163,0
1,1,0,0,350566,119163,1
0,0,0,0,350567,119164,0
1,1,0,0,350568,119164,1
0,0,0,0,350569,119165,0
1,1,0,0,350570,119165,1
0,0,0,0,350571,119166,0
1,1,0,0,350572,119166,1
0,0,0,0,350573,119167,0
1,1,0,0,350574,119167,1
0,0,0,0,350693,119214,0
1,1,0,0,350694,119214,1
0,0,0,0,350695,119215,0
1,1,0,0,350696,119215,1
0,0,0,0,350697,119216,0
1,1,0,0,350698,119216,1
0,0,0,0,350699,119217,0
1,1,0,0,350700,119217,1
0,0,0,0,350701,119218,0
1,1,0,0,350702,119218,1
0,0,0,0,350703,119219,0
1,1,0,0,350704,119219,1
0,0,0,0,350705,119220,0
1,1,0,0,350706,119220,1
0,0,0,0,350707,119221,0
1,1,0,0,350708,119221,1
0,0,0,0,350709,119222,0
1,1,0,0,350710,119222,1
0,0,0,0,350711,119223,0
1,1,0,0,350712,119223,1
0,0,0,0,350713,119224,0
1,1,0,0,350714,119224,1
0,0,0,0,350715,119225,0
1,1,0,0,350716,119225,1
0,0,0,0,350717,119226,0
1,1,0,0,350718,119226,1
0,0,0,0,350719,119227,0
1,1,0,0,350720,119227,1
0,0,0,0,350721,119228,0
1,1,0,0,350722,119228,1
0,0,0,0,350723,119229,0
1,1,0,0,350724,119229,1
0,0,0,0,350725,119230,0
1,1,0,0,350726,119230,1
0,0,0,0,350727,119231,0
1,1,0,0,350728,119231,1
0,0,0,0,350729,119232,0
1,1,0,0,350730,119232,1
0,0,0,0,350731,119233,0
1,1,0,0,350732,119233,1
0,0,0,0,350733,119234,0
1,1,0,0,350734,119234,1
0,0,0,0,350735,119235,0
1,1,0,0,350736,119235,1
0,0,0,0,350737,119236,0
1,1,0,0,350738,119236,1
0,0,0,0,350739,119237,0
1,1,0,0,350740,119237,1
0,0,0,0,350741,119238,0
1,1,0,0,350742,119238,1
0,0,0,0,350743,119239,0
1,1,0,0,350744,119239,1
0,0,0,0,350745,119240,0
1,1,0,0,350746,119240,1
0,0,0,0,350747,119241,0
1,1,0,0,350748,119241,1
0,0,0,0,350749,119242,0
1,1,0,0,350750,119242,1
0,0,0,0,350751,119243,0
1,1,0,0,350752,119243,1
0,0,0,0,350753,119244,0
1,1,0,0,350754,119244,1
0,0,0,0,350755,119245,0
1,1,0,0,350756,119245,1
0,0,0,0,350757,119246,0
1,1,0,0,350758,119246,1
0,0,0,0,350759,119247,0
1,1,0,0,350760,119247,1
0,0,0,0,350761,119248,0
1,1,0,0,350762,119248,1
0,0,0,0,350763,119249,0
1,1,0,0,350764,119249,1
0,0,0,0,350765,119250,0
1,1,0,0,350766,119250,1
0,0,0,0,350767,119251,0
1,1,0,0,350768,119251,1
0,0,0,0,350769,119252,0
1,1,0,0,350770,119252,1
0,0,0,0,350771,119253,0
1,1,0,0,350772,119253,1
0,0,0,0,350773,119254,0
1,1,0,0,350774,119254,1
0,0,0,0,350775,119255,0
1,1,0,0,350776,119255,1
0,0,0,0,350777,119256,0
1,1,0,0,350778,119256,1
0,0,0,0,350779,119257,0
1,1,0,0,350780,119257,1
0,0,0,0,350781,119258,0
1,1,0,0,350782,119258,1
0,0,0,0,350783,119259,0
1,1,0,0,350784,119259,1
0,0,0,0,350785,119260,0
1,1,0,0,350786,119260,1
0,0,0,0,350787,119261,0
1,1,0,0,350788,119261,1
0,0,0,0,350789,119262,0
1,1,0,0,350790,119262,1
0,0,0,0,350791,119263,0
1,1,0,0,350792,119263,1
0,0,0,0,350793,119264,0
1,1,0,0,350794,119264,1
0,0,0,0,350795,119265,0
1,1,0,0,350796,119265,1
0,0,0,0,350797,119266,0
1,1,0,0,350798,119266,1
0,0,0,0,350799,119267,0
1,1,0,0,350800,119267,1
0,0,0,0,350801,119268,0
1,1,0,0,350802,119268,1
0,0,0,0,350803,119269,0
1,1,0,0,350804,119269,1
0,0,0,0,350805,119270,0
1,1,0,0,350806,119270,1
0,0,0,0,350807,119271,0
1,1,0,0,350808,119271,1
0,0,0,0,350809,119272,0
1,1,0,0,350810,119272,1
0,0,0,0,350811,119273,0
1,1,0,0,350812,119273,1
0,0,0,0,350813,119274,0
1,1,0,0,350814,119274,1
0,0,0,0,350815,119275,0
1,1,0,0,350816,119275,1
0,0,0,0,350817,119276,0
1,1,0,0,350818,119276,1
0,0,0,0,350819,119277,0
1,1,0,0,350820,119277,1
0,0,0,0,350821,119278,0
1,1,0,0,350822,119278,1
0,0,0,0,350823,119279,0
1,1,0,0,350824,119279,1
0,0,0,0,350825,119280,0
1,1,0,0,350826,119280,1
0,0,0,0,350827,119281,0
1,1,0,0,350828,119281,1
0,0,0,0,350829,119282,0
1,1,0,0,350830,119282,1
0,0,0,0,350831,119283,0
1,1,0,0,350832,119283,1
0,0,0,0,350833,119284,0
1,1,0,0,350834,119284,1
0,0,0,0,350835,119285,0
1,1,0,0,350836,119285,1
0,0,0,0,350932,119327,0
1,1,0,0,350933,119327,1
0,0,0,0,350934,119328,0
1,1,0,0,350935,119328,1
0,0,0,0,350936,119329,0
1,1,0,0,350937,119329,1
0,0,0,0,350938,119330,0
1,1,0,0,350939,119330,1
0,0,0,0,350940,119331,0
1,1,0,0,350941,119331,1
0,0,0,0,350942,119332,0
1,1,0,0,350943,119332,1
0,0,0,0,350944,119333,0
1,1,0,0,350945,119333,1
0,0,0,0,350946,119334,0
1,1,0,0,350947,119334,1
0,0,0,0,350948,119335,0
1,1,0,0,350949,119335,1
0,0,0,0,350950,119336,0
1,1,0,0,350951,119336,1
0,0,0,0,350952,119337,0
1,1,0,0,350953,119337,1
0,0,0,0,350954,119338,0
1,1,0,0,350955,119338,1
0,0,0,0,350956,119339,0
1,1,0,0,350957,119339,1
0,0,0,0,350958,119340,0
1,1,0,0,350959,119340,1
0,0,0,0,350960,119341,0
1,1,0,0,350961,119341,1
0,0,0,0,350962,119342,0
1,1,0,0,350963,119342,1
0,0,0,0,350964,119343,0
1,1,0,0,350965,119343,1
0,0,0,0,350966,119344,0
1,1,0,0,350967,119344,1
0,0,0,0,350968,119345,0
1,1,0,0,350969,119345,1
0,0,0,0,350970,119346,0
1,1,0,0,350971,119346,1
0,0,0,0,350972,119347,0
1,1,0,0,350973,119347,1
0,0,0,0,350974,119348,0
1,1,0,0,350975,119348,1
0,0,0,0,350976,119349,0
1,1,0,0,350977,119349,1
0,0,0,0,350978,119350,0
1,1,0,0,350979,119350,1
0,0,0,0,350980,119351,0
1,1,0,0,350981,119351,1
0,0,0,0,350982,119352,0
1,1,0,0,350983,119352,1
0,0,0,0,350984,119353,0
1,1,0,0,350985,119353,1
0,0,0,0,350986,119354,0
1,1,0,0,350987,119354,1
0,0,0,0,350988,119355,0
1,1,0,0,350989,119355,1
0,0,0,0,350990,119356,0
1,1,0,0,350991,119356,1
0,0,0,0,350992,119357,0
1,1,0,0,350993,119357,1
0,0,0,0,350994,119358,0
1,1,0,0,350995,119358,1
0,0,0,0,350996,119359,0
1,1,0,0,350997,119359,1
0,0,0,0,350998,119360,0
1,1,0,0,350999,119360,1
0,0,0,0,351000,119361,0
1,1,0,0,351001,119361,1
0,0,0,0,351002,119362,0
1,1,0,0,351003,119362,1
0,0,0,0,351004,119363,0
1,1,0,0,351005,119363,1
0,0,0,0,351006,119364,0
1,1,0,0,351007,119364,1
0,0,0,0,351008,119365,0
1,1,0,0,351009,119365,1
0,0,0,0,351010,119366,0
1,1,0,0,351011,119366,1
0,0,0,0,351012,119367,0
1,1,0,0,351013,119367,1
0,0,0,0,351014,119368,0
1,1,0,0,351015,119368,1
0,0,0,0,351016,119369,0
1,1,0,0,351017,119369,1
0,0,0,0,351018,119370,0
1,1,0,0,351019,119370,1
0,0,0,0,351020,119371,0
1,1,0,0,351021,119371,1
0,0,0,0,351022,119372,0
1,1,0,0,351023,119372,1
0,0,0,0,351024,119373,0
1,1,0,0,351025,119373,1
0,0,0,0,351026,119374,0
1,1,0,0,351027,119374,1
0,0,0,0,351028,119375,0
1,1,0,0,351029,119375,1
0,0,0,0,351030,119376,0
1,1,0,0,351031,119376,1
0,0,0,0,351032,119377,0
1,1,0,0,351033,119377,1
0,0,0,0,351034,119378,0
1,1,0,0,351035,119378,1
0,0,0,0,351036,119379,0
1,1,0,0,351037,119379,1
0,0,0,0,351038,119380,0
1,1,0,0,351039,119380,1
0,0,0,0,351040,119381,0
1,1,0,0,351041,119381,1
0,0,0,0,351042,119382,0
1,1,0,0,351043,119382,1
0,0,0,0,351044,119383,0
1,1,0,0,351045,119383,1
0,0,0,0,351046,119384,0
1,1,0,0,351047,119384,1
0,0,0,0,351048,119385,0
1,1,0,0,351049,119385,1
0,0,0,0,351050,119386,0
1,1,0,0,351051,119386,1
0,0,0,0,351052,119387,0
1,1,0,0,351053,119387,1
0,0,0,0,351054,119388,0
1,1,0,0,351055,119388,1
0,0,0,0,351056,119389,0
1,1,0,0,351057,119389,1
0,0,0,0,351058,119390,0
1,1,0,0,351059,119390,1
0,0,0,0,351060,119391,0
1,1,0,0,351061,119391,1
0,0,0,0,351062,119392,0
1,1,0,0,351063,119392,1
0,0,0,0,351064,119393,0
1,1,0,0,351065,119393,1
0,0,0,0,351066,119394,0
1,1,0,0,351067,119394,1
0,0,0,0,351068,119395,0
1,1,0,0,351069,119395,1
0,0,0,0,351070,119396,0
1,1,0,0,351071,119396,1
0,0,0,0,351072,119397,0
1,1,0,0,351073,119397,1
0,0,0,0,351074,119398,0
1,1,0,0,351075,119398,1
0,0,0,0,351076,119399,0
1,1,0,0,351077,119399,1
0,0,0,0,351078,119400,0
1,1,0,0,351079,119400,1
0,0,0,0,351080,119401,0
1,1,0,0,351081,119401,1
0,0,0,0,351082,119402,0
1,1,0,0,351083,119402,1
0,0,0,0,351084,119403,0
1,1,0,0,351085,119403,1
0,0,0,0,351086,119404,0
1,1,0,0,351087,119404,1
0,0,0,0,351088,119405,0
1,1,0,0,351089,119405,1
0,0,0,0,351090,119406,0
1,1,0,0,351091,119406,1
0,0,0,0,351092,119407,0
1,1,0,0,351093,119407,1
0,0,0,0,351094,119408,0
1,1,0,0,351095,119408,1
0,0,0,0,351096,119409,0
1,1,0,0,351097,119409,1
0,0,0,0,351098,119410,0
1,1,0,0,351099,119410,1
0,0,0,0,351100,119411,0
1,1,0,0,351101,119411,1
0,0,0,0,351102,119412,0
1,1,0,0,351103,119412,1
0,0,0,0,351104,119413,0
1,1,0,0,351105,119413,1
0,0,0,0,351106,119414,0
1,1,0,0,351107,119414,1
0,0,0,0,351108,119415,0
1,1,0,0,351109,119415,1
0,0,0,0,351110,119416,0
1,1,0,0,351111,119416,1
0,0,0,0,351112,119417,0
1,1,0,0,351113,119417,1
0,0,0,0,351114,119418,0
1,1,0,0,351115,119418,1
0,0,0,0,351116,119419,0
1,1,0,0,351117,119419,1
0,0,0,0,351118,119420,0
1,1,0,0,351119,119420,1
0,0,0,0,351120,119421,0
1,1,0,0,351121,119421,1
0,0,0,0,351122,119422,0
1,1,0,0,351123,119422,1
0,0,0,0,351124,119423,0
1,1,0,0,351125,119423,1
0,0,0,0,351126,119424,0
1,1,0,0,351127,119424,1
0,0,0,0,351128,119425,0
1,1,0,0,351129,119425,1
0,0,0,0,351130,119426,0
1,1,0,0,351131,119426,1
0,0,0,0,351132,119427,0
1,1,0,0,351133,119427,1
0,0,0,0,351134,119428,0
1,1,0,0,351135,119428,1
0,0,0,0,351136,119429,0
1,1,0,0,351137,119429,1
0,0,0,0,351138,119430,0
1,1,0,0,351139,119430,1
0,0,0,0,351140,119431,0
1,1,0,0,351141,119431,1
0,0,0,0,351142,119432,0
1,1,0,0,351143,119432,1
0,0,0,0,351144,119433,0
1,1,0,0,351145,119433,1
0,0,0,0,351146,119434,0
1,1,0,0,351147,119434,1
0,0,0,0,351148,119435,0
1,1,0,0,351149,119435,1
0,0,0,0,351150,119436,0
1,1,0,0,351151,119436,1
0,0,0,0,351152,119437,0
1,1,0,0,351153,119437,1
0,0,0,0,351154,119438,0
1,1,0,0,351155,119438,1
0,0,0,0,351156,119439,0
1,1,0,0,351157,119439,1
0,0,0,0,351158,119440,0
1,1,0,0,351159,119440,1
0,0,0,0,351160,119441,0
1,1,0,0,351161,119441,1
0,0,0,0,351162,119442,0
1,1,0,0,351163,119442,1
0,0,0,0,351164,119443,0
1,1,0,0,351165,119443,1
0,0,0,0,351166,119444,0
1,1,0,0,351167,119444,1
0,0,0,0,351168,119445,0
1,1,0,0,351169,119445,1
0,0,0,0,351170,119446,0
1,1,0,0,351171,119446,1
0,0,0,0,351172,119447,0
1,1,0,0,351173,119447,1
0,0,0,0,351174,119448,0
1,1,0,0,351175,119448,1
0,0,0,0,351176,119449,0
1,1,0,0,351177,119449,1
0,0,0,0,351178,119450,0
1,1,0,0,351179,119450,1
0,0,0,0,351180,119451,0
1,1,0,0,351181,119451,1
0,0,0,0,351182,119452,0
1,1,0,0,351183,119452,1
0,0,0,0,351184,119453,0
1,1,0,0,351185,119453,1
0,0,0,0,351186,119454,0
1,1,0,0,351187,119454,1
0,0,0,0,351188,119455,0
1,1,0,0,351189,119455,1
0,0,0,0,351190,119456,0
1,1,0,0,351191,119456,1
0,0,0,0,351192,119457,0
1,1,0,0,351193,119457,1
0,0,0,0,351194,119458,0
1,1,0,0,351195,119458,1
0,0,0,0,351196,119459,0
1,1,0,0,351197,119459,1
0,0,0,0,351198,119460,0
1,1,0,0,351199,119460,1
0,0,0,0,351200,119461,0
1,1,0,0,351201,119461,1
0,0,0,0,351202,119462,0
1,1,0,0,351203,119462,1
0,0,0,0,351204,119463,0
1,1,0,0,351205,119463,1
0,0,0,0,351206,119464,0
1,1,0,0,351207,119464,1
0,0,0,0,351208,119465,0
1,1,0,0,351209,119465,1
0,0,0,0,351210,119466,0
1,1,0,0,351211,119466,1
0,0,0,0,351212,119467,0
1,1,0,0,351213,119467,1
0,0,0,0,351214,119468,0
1,1,0,0,351215,119468,1
0,0,0,0,351216,119469,0
1,1,0,0,351217,119469,1
0,0,0,0,351218,119470,0
1,1,0,0,351219,119470,1
0,-80,0,0,351220,119471,0
0.018375002,0,0,0,351221,119471,1
0.3185,0,0,0,351222,119471,2
2.21725,-80,0,0,351223,119471,3
2.6460001,-80,0,0,351224,119471,4
0,0,0,0,351225,119472,0
1,1,0,0,351226,119472,1
0,0,0,0,351227,119473,0
1,1,0,0,351228,119473,1
0,0,0,0,351229,119474,0
1,1,0,0,351230,119474,1
0,0,0,0,351231,119475,0
1,1,0,0,351232,119475,1
0,0,0,0,351233,119476,0
1,1,0,0,351234,119476,1
0,0,0,0,351235,119477,0
1,1,0,0,351236,119477,1
0,0,0,0,351237,119478,0
1,1,0,0,351238,119478,1
0,0,0,0,351239,119479,0
1,1,0,0,351240,119479,1
0,0,0,0,351241,119480,0
1,1,0,0,351242,119480,1
0,0,0,0,351243,119481,0
1,1,0,0,351244,119481,1
0,0,0,0,351245,119482,0
1,1,0,0,351246,119482,1
0,0,0,0,351247,119483,0
1,1,0,0,351248,119483,1
0,0,0,0,351249,119484,0
1,1,0,0,351250,119484,1
0,0,0,0,351251,119485,0
1,1,0,0,351252,119485,1
0,0,0,0,351253,119486,0
1,1,0,0,351254,119486,1
0,0,0,0,351255,119487,0
1,1,0,0,351256,119487,1
0,0,0,0,351257,119488,0
1,1,0,0,351258,119488,1
0,0,0,0,351259,119489,0
1,1,0,0,351260,119489,1
0,0,0,0,351261,119490,0
1,1,0,0,351262,119490,1
0,0,0,0,351263,119491,0
1,1,0,0,351264,119491,1
0,0,0,0,351265,119492,0
1,1,0,0,351266,119492,1
0,0,0,0,351267,119493,0
1,1,0,0,351268,119493,1
0,0,0,0,351269,119494,0
1,1,0,0,351270,119494,1
0,0,0,0,351271,119495,0
1,1,0,0,351272,119495,1
0,0,0,0,351273,119496,0
1,1,0,0,351274,119496,1
0,0,0,0,351275,119497,0
1,1,0,0,351276,119497,1
0,0,0,0,351277,119498,0
1,1,0,0,351278,119498,1
0,0,0,0,351279,119499,0
1,1,0,0,351280,119499,1
0,0,0,0,351281,119500,0
1,1,0,0,351282,119500,1
0,0,0,0,351283,119501,0
1,1,0,0,351284,119501,1
0,0,0,0,351285,119502,0
1,1,0,0,351286,119502,1
0,0,0,0,351287,119503,0
1,1,0,0,351288,119503,1
0,0,0,0,351289,119504,0
1,1,0,0,351290,119504,1
0,0,0,0,351291,119505,0
1,1,0,0,351292,119505,1
0,0,0,0,351293,119506,0
1,1,0,0,351294,119506,1
0,0,0,0,351295,119507,0
1,1,0,0,351296,119507,1
0,0,0,0,351297,119508,0
1,1,0,0,351298,119508,1
0,0,0,0,351299,119509,0
1,1,0,0,351300,119509,1
0,0,0,0,351301,119510,0
1,1,0,0,351302,119510,1
0,0,0,0,351303,119511,0
1,1,0,0,351304,119511,1
0,0,0,0,351305,119512,0
1,1,0,0,351306,119512,1
0,0,0,0,351307,119513,0
1,1,0,0,351308,119513,1
0,0,0,0,351309,119514,0
1,1,0,0,351310,119514,1
0,0,0,0,351311,119515,0
1,1,0,0,351312,119515,1
0,0,0,0,351313,119516,0
1,1,0,0,351314,119516,1
0,0,0,0,351315,119517,0
1,1,0,0,351316,119517,1
0,0,0,0,351317,119518,0
1,1,0,0,351318,119518,1
0,0,0,0,351319,119519,0
1,1,0,0,351320,119519,1
0,0,0,0,351321,119520,0
1,1,0,0,351322,119520,1
0,0,0,0,351323,119521,0
1,1,0,0,351324,119521,1
0,0,0,0,351325,119522,0
1,1,0,0,351326,119522,1
0,0,0,0,351327,119523,0
1,1,0,0,351328,119523,1
0,0,0,0,351329,119524,0
1,1,0,0,351330,119524,1
0,0,0,0,351331,119525,0
1,1,0,0,351332,119525,1
0,0,0,0,351333,119526,0
1,1,0,0,351334,119526,1
0,0,0,0,351335,119527,0
1,1,0,0,351336,119527,1
0,0,0,0,351337,119528,0
1,1,0,0,351338,119528,1
0,0,0,0,351339,119529,0
1,1,0,0,351340,119529,1
0,0,0,0,351341,119530,0
1,1,0,0,351342,119530,1
0,0,0,0,351343,119531,0
1,1,0,0,351344,119531,1
0,0,0,0,351345,119532,0
1,1,0,0,351346,119532,1
0,0,0,0,351347,119533,0
1,1,0,0,351348,119533,1
0,0,0,0,351349,119534,0
1,1,0,0,351350,119534,1
0,0,0,0,351351,119535,0
1,1,0,0,351352,119535,1
0,0,0,0,351353,119536,0
1,1,0,0,351354,119536,1
0,0,0,0,351355,119537,0
1,1,0,0,351356,119537,1
0,0,0,0,351357,119538,0
1,1,0,0,351358,119538,1
0,0,0,0,351359,119539,0
1,1,0,0,351360,119539,1
0,0,0,0,351361,119540,0
1,1,0,0,351362,119540,1
0,0,0,0,351363,119541,0
1,1,0,0,351364,119541,1
0,0,0,0,351365,119542,0
1,1,0,0,351366,119542,1
0,0,0,0,351367,119543,0
1,1,0,0,351368,119543,1
0,0,0,0,351371,119545,0
1,1,0,0,351372,119545,1
0,0,0,0,351373,119546,0
1,1,0,0,351374,119546,1
0,0,0,0,351375,119547,0
1,1,0,0,351376,119547,1
0,0,0,0,351377,119548,0
1,1,0,0,351378,119548,1
0,0,0,0,351379,119549,0
1,1,0,0,351380,119549,1
0,0,0,0,351381,119550,0
1,1,0,0,351382,119550,1
0,0,0,0,351383,119551,0
1,1,0,0,351384,119551,1
0,0,0,0,351385,119552,0
1,1,0,0,351386,119552,1
0,0,0,0,351387,119553,0
1,1,0,0,351388,119553,1
0,0,0,0,351389,119554,0
1,1,0,0,351390,119554,1
0,0,0,0,351391,119555,0
1,1,0,0,351392,119555,1
0,0,0,0,351393,119556,0
1,1,0,0,351394,119556,1
0,0,0,0,351395,119557,0
1,1,0,0,351396,119557,1
0,0,0,0,351397,119558,0
1,1,0,0,351398,119558,1
0,0,0,0,351399,119559,0
1,1,0,0,351400,119559,1
0,0,0,0,351401,119560,0
1,1,0,0,351402,119560,1
0,0,0,0,351403,119561,0
1,1,0,0,351404,119561,1
0,0,0,0,351405,119562,0
1,1,0,0,351406,119562,1
0,0,0,0,351407,119563,0
1,1,0,0,351408,119563,1
0,0,0,0,351409,119564,0
1,1,0,0,351410,119564,1
0,0,0,0,351411,119565,0
1,1,0,0,351412,119565,1
0,0,0,0,351413,119566,0
1,1,0,0,351414,119566,1
0,0,0,0,351415,119567,0
1,1,0,0,351416,119567,1
0,0,0,0,351417,119568,0
1,1,0,0,351418,119568,1
0,0,0,0,351419,119569,0
1,1,0,0,351420,119569,1
0,0,0,0,351421,119570,0
1,1,0,0,351422,119570,1
0,0,0,0,351423,119571,0
1,1,0,0,351424,119571,1
0,0,0,0,351425,119572,0
1,1,0,0,351426,119572,1
0,0,0,0,351427,119573,0
1,1,0,0,351428,119573,1
0,0,0,0,351429,119574,0
1,1,0,0,351430,119574,1
0,0,0,0,351431,119575,0
1,1,0,0,351432,119575,1
0,0,0,0,351433,119576,0
1,1,0,0,351434,119576,1
0,0,0,0,351435,119577,0
1,1,0,0,351436,119577,1
0,0,0,0,351437,119578,0
1,1,0,0,351438,119578,1
0,0,0,0,351439,119579,0
1,1,0,0,351440,119579,1
0,0,0,0,351441,119580,0
1,1,0,0,351442,119580,1
0,0,0,0,351447,119583,0
1,1,0,0,351448,119583,1
0,0,0,0,351449,119584,0
1,1,0,0,351450,119584,1
0,0,0,0,351451,119585,0
1,1,0,0,351452,119585,1
0,0,0,0,351453,119586,0
1,1,0,0,351454,119586,1
0,0,0,0,351455,119587,0
1,1,0,0,351456,119587,1
0,0,0,0,351457,119588,0
1,1,0,0,351458,119588,1
0,0,0,0,351459,119589,0
1,1,0,0,351460,119589,1
0,0,0,0,351461,119590,0
1,1,0,0,351462,119590,1
0,0,0,0,351463,119591,0
1,1,0,0,351464,119591,1
0,0,0,0,351465,119592,0
1,1,0,0,351466,119592,1
0,0,0,0,351467,119593,0
1,1,0,0,351468,119593,1
0,0,0,0,351469,119594,0
1,1,0,0,351470,119594,1
0,0,0,0,351471,119595,0
1,1,0,0,351472,119595,1
0,0,0,0,351473,119596,0
1,1,0,0,351474,119596,1
0,0,0,0,351475,119597,0
1,1,0,0,351476,119597,1
0,0,0,0,351477,119598,0
1,1,0,0,351478,119598,1
0,0,0,0,351479,119599,0
1,1,0,0,351480,119599,1
0,0,0,0,351481,119600,0
1,1,0,0,351482,119600,1
0,0,0,0,351483,119601,0
1,1,0,0,351484,119601,1
0,0,0,0,351485,119602,0
1,1,0,0,351486,119602,1
0,0,0,0,351487,119603,0
1,1,0,0,351488,119603,1
0,0,0,0,351489,119604,0
1,1,0,0,351490,119604,1
0,0,0,0,351491,119605,0
1,1,0,0,351492,119605,1
0,0,0,0,351493,119606,0
1,1,0,0,351494,119606,1
0,0,0,0,351495,119607,0
1,1,0,0,351496,119607,1
0,0,0,0,351497,119608,0
1,1,0,0,351498,119608,1
0,0,0,0,351499,119609,0
1,1,0,0,351500,119609,1
0,0,0,0,351501,119610,0
1,1,0,0,351502,119610,1
0,0,0,0,351503,119611,0
1,1,0,0,351504,119611,1
0,0,0,0,351505,119612,0
1,1,0,0,351506,119612,1
0,0,0,0,351507,119613,0
1,1,0,0,351508,119613,1
0,0,0,0,351509,119614,0
1,1,0,0,351510,119614,1
0,0,0,0,351511,119615,0
1,1,0,0,351512,119615,1
0,0,0,0,351513,119616,0
1,1,0,0,351514,119616,1
0,0,0,0,351515,119617,0
1,1,0,0,351516,119617,1
0,0,0,0,351517,119618,0
1,1,0,0,351518,119618,1
0,0,0,0,351519,119619,0
1,1,0,0,351520,119619,1
0,0,0,0,351521,119620,0
1,1,0,0,351522,119620,1
0,0,0,0,351523,119621,0
1,1,0,0,351524,119621,1
0,0,0,0,351525,119622,0
1,1,0,0,351526,119622,1
0,0,0,0,351527,119623,0
1,1,0,0,351528,119623,1
0,0,0,0,351529,119624,0
1,1,0,0,351530,119624,1
0,0,0,0,351531,119625,0
1,1,0,0,351532,119625,1
0,0,0,0,351533,119626,0
1,1,0,0,351534,119626,1
0,0,0,0,351535,119627,0
1,1,0,0,351536,119627,1
0,0,0,0,351537,119628,0
1,1,0,0,351538,119628,1
0,0,0,0,351539,119629,0
1,1,0,0,351540,119629,1
0,0,0,0,351541,119630,0
1,1,0,0,351542,119630,1
0,0,0,0,351543,119631,0
1,1,0,0,351544,119631,1
0,0,0,0,351545,119632,0
1,1,0,0,351546,119632,1
0,0,0,0,351547,119633,0
1,1,0,0,351548,119633,1
0,0,0,0,351549,119634,0
1,1,0,0,351550,119634,1
0,0,0,0,351551,119635,0
1,1,0,0,351552,119635,1
0,0,0,0,351553,119636,0
1,1,0,0,351554,119636,1
0,0,0,0,351555,119637,0
1,1,0,0,351556,119637,1
0,0,0,0,351557,119638,0
1,1,0,0,351558,119638,1
0,0,0,0,351559,119639,0
1,1,0,0,351560,119639,1
0,0,0,0,351561,119640,0
1,1,0,0,351562,119640,1
0,0,0,0,351563,119641,0
1,1,0,0,351564,119641,1
0,0,0,0,351565,119642,0
1,1,0,0,351566,119642,1
0,0,0,0,351567,119643,0
1,1,0,0,351568,119643,1
0,0,0,0,351569,119644,0
1,1,0,0,351570,119644,1
0,0,0,0,351571,119645,0
1,1,0,0,351572,119645,1
0,0,0,0,351573,119646,0
1,1,0,0,351574,119646,1
0,0,0,0,351575,119647,0
1,1,0,0,351576,119647,1
0,0,0,0,351577,119648,0
1,1,0,0,351578,119648,1
0,0,0,0,351579,119649,0
1,1,0,0,351580,119649,1
0,0,0,0,351581,119650,0
1,1,0,0,351582,119650,1
0,0,0,0,351583,119651,0
1,1,0,0,351584,119651,1
0,0,0,0,351585,119652,0
1,1,0,0,351586,119652,1
0,0,0,0,351587,119653,0
1,1,0,0,351588,119653,1
0,0,0,0,351589,119654,0
1,1,0,0,351590,119654,1
0,0,0,0,351591,119655,0
1,1,0,0,351592,119655,1
0,0,0,0,351593,119656,0
1,1,0,0,351594,119656,1
0,0,0,0,351595,119657,0
1,1,0,0,351596,119657,1
0,0,0,0,351597,119658,0
1,1,0,0,351598,119658,1
0,0,0,0,351599,119659,0
1,1,0,0,351600,119659,1
0,0,0,0,351601,119660,0
1,1,0,0,351602,119660,1
0,0,0,0,351603,119661,0
1,1,0,0,351604,119661,1
0,0,0,0,351605,119662,0
1,1,0,0,351606,119662,1
0,0,0,0,351607,119663,0
1,1,0,0,351608,119663,1
0,0,0,0,351609,119664,0
1,1,0,0,351610,119664,1
0,0,0,0,351611,119665,0
1,1,0,0,351612,119665,1
0,0,0,0,351613,119666,0
1,1,0,0,351614,119666,1
0,0,0,0,351615,119667,0
1,1,0,0,351616,119667,1
0,0,0,0,351617,119668,0
1,1,0,0,351618,119668,1
0,0,0,0,351619,119669,0
1,1,0,0,351620,119669,1
0,0,0,0,351621,119670,0
1,1,0,0,351622,119670,1
0,0,0,0,351623,119671,0
1,1,0,0,351624,119671,1
0,0,0,0,351625,119672,0
1,1,0,0,351626,119672,1
0,0,0,0,351627,119673,0
1,1,0,0,351628,119673,1
0,0,0,0,351629,119674,0
1,1,0,0,351630,119674,1
0,0,0,0,351631,119675,0
1,1,0,0,351632,119675,1
0,0,0,0,351633,119676,0
1,1,0,0,351634,119676,1
0,0,0,0,351635,119677,0
1,1,0,0,351636,119677,1
0,0,0,0,351637,119678,0
1,1,0,0,351638,119678,1
0,0,0,0,351639,119679,0
1,1,0,0,351640,119679,1
0,0,0,0,351641,119680,0
1,1,0,0,351642,119680,1
0,0,0,0,351643,119681,0
1,1,0,0,351644,119681,1
0,0,0,0,351645,119682,0
1,1,0,0,351646,119682,1
0,0,0,0,351647,119683,0
1,1,0,0,351648,119683,1
0,0,0,0,351649,119684,0
1,1,0,0,351650,119684,1
0,0,0,0,351651,119685,0
1,1,0,0,351652,119685,1
0,0,0,0,351653,119686,0
1,1,0,0,351654,119686,1
0,0,0,0,351655,119687,0
1,1,0,0,351656,119687,1
0,0,0,0,351657,119688,0
1,1,0,0,351658,119688,1
0,0,0,0,351659,119689,0
1,1,0,0,351660,119689,1
0,0,0,0,351661,119690,0
1,1,0,0,351662,119690,1
0,0,0,0,351663,119691,0
1,1,0,0,351664,119691,1
0,0,0,0,351665,119692,0
1,1,0,0,351666,119692,1
0,0,0,0,351667,119693,0
1,1,0,0,351668,119693,1
0,0,0,0,351669,119694,0
1,1,0,0,351670,119694,1
0,0,0,0,351671,119695,0
1,1,0,0,351672,119695,1
0,0,0,0,351673,119696,0
1,1,0,0,351674,119696,1
0,0,0,0,351675,119697,0
1,1,0,0,351676,119697,1
0,0,0,0,351677,119698,0
1,1,0,0,351678,119698,1
0,0,0,0,351679,119699,0
1,1,0,0,351680,119699,1
0,0,0,0,351681,119700,0
1,1,0,0,351682,119700,1
0,0,0,0,351683,119701,0
1,1,0,0,351684,119701,1
0,0,0,0,351685,119702,0
1,1,0,0,351686,119702,1
0,0,0,0,351687,119703,0
1,1,0,0,351688,119703,1
0,0,0,0,351689,119704,0
1,1,0,0,351690,119704,1
0,0,0,0,351691,119705,0
1,1,0,0,351692,119705,1
0,0,0,0,351693,119706,0
1,1,0,0,351694,119706,1
0,0,0,0,351695,119707,0
1,1,0,0,351696,119707,1
0,0,0,0,351697,119708,0
1,1,0,0,351698,119708,1
0,0,0,0,351699,119709,0
1,1,0,0,351700,119709,1
0,0,0,0,351701,119710,0
1,1,0,0,351702,119710,1
0,0,0,0,351703,119711,0
1,1,0,0,351704,119711,1
0,0,0,0,351705,119712,0
1,1,0,0,351706,119712,1
0,0,0,0,351707,119713,0
1,1,0,0,351708,119713,1
0,0,0,0,351709,119714,0
1,1,0,0,351710,119714,1
0,0,0,0,351711,119715,0
1,1,0,0,351712,119715,1
0,0,0,0,351713,119716,0
1,1,0,0,351714,119716,1
0,0,0,0,351715,119717,0
1,1,0,0,351716,119717,1
0,0,0,0,351717,119718,0
1,1,0,0,351718,119718,1
0,0,0,0,351719,119719,0
1,1,0,0,351720,119719,1
0,0,0,0,351721,119720,0
1,1,0,0,351722,119720,1
0,0,0,0,351723,119721,0
1,1,0,0,351724,119721,1
0,0,0,0,351725,119722,0
1,1,0,0,351726,119722,1
0,0,0,0,351727,119723,0
1,1,0,0,351728,119723,1
0,0,0,0,351729,119724,0
1,1,0,0,351730,119724,1
0,0,0,0,351731,119725,0
1,1,0,0,351732,119725,1
0,0,0,0,351733,119726,0
1,1,0,0,351734,119726,1
0,0,0,0,351735,119727,0
1,1,0,0,351736,119727,1
0,0,0,0,351737,119728,0
1,1,0,0,351738,119728,1
0,0,0,0,351739,119729,0
1,1,0,0,351740,119729,1
0,0,0,0,351741,119730,0
1,1,0,0,351742,119730,1
0,0,0,0,351743,119731,0
1,1,0,0,351744,119731,1
0,0,0,0,351745,119732,0
1,1,0,0,351746,119732,1
0,0,0,0,351747,119733,0
1,1,0,0,351748,119733,1
0,0,0,0,351749,119734,0
1,1,0,0,351750,119734,1
0,0,0,0,351751,119735,0
1,1,0,0,351752,119735,1
0,0,0,0,351753,119736,0
1,1,0,0,351754,119736,1
0,0,0,0,351755,119737,0
1,1,0,0,351756,119737,1
0,0,0,0,351757,119738,0
1,1,0,0,351758,119738,1
0,0,0,0,351759,119739,0
1,1,0,0,351760,119739,1
0,0,0,0,351761,119740,0
1,1,0,0,351762,119740,1
0,0,0,0,351763,119741,0
1,1,0,0,351764,119741,1
0,0,0,0,351765,119742,0
1,1,0,0,351766,119742,1
0,0,0,0,351767,119743,0
1,1,0,0,351768,119743,1
0,0,0,0,351769,119744,0
1,1,0,0,351770,119744,1
0,0,0,0,351771,119745,0
1,1,0,0,351772,119745,1
0,0,0,0,351773,119746,0
1,1,0,0,351774,119746,1
0,0,0,0,351775,119747,0
1,1,0,0,351776,119747,1
0,0,0,0,351777,119748,0
1,1,0,0,351778,119748,1
0,0,0,0,351779,119749,0
1,1,0,0,351780,119749,1
0,0,0,0,351781,119750,0
1,1,0,0,351782,119750,1
0,0,0,0,351783,119751,0
1,1,0,0,351784,119751,1
0,0,0,0,351785,119752,0
1,1,0,0,351786,119752,1
0,0,0,0,351787,119753,0
1,1,0,0,351788,119753,1
0,0,0,0,351789,119754,0
1,1,0,0,351790,119754,1
0,0,0,0,351791,119755,0
1,1,0,0,351792,119755,1
0,0,0,0,351793,119756,0
1,1,0,0,351794,119756,1
0,0,0,0,351795,119757,0
1,1,0,0,351796,119757,1
0,0,0,0,351797,119758,0
1,1,0,0,351798,119758,1
0,0,0,0,351799,119759,0
1,1,0,0,351800,119759,1
0,0,0,0,351801,119760,0
1,1,0,0,351802,119760,1
0,0,0,0,351803,119761,0
1,1,0,0,351804,119761,1
0,0,0,0,351805,119762,0
1,1,0,0,351806,119762,1
0,0,0,0,351807,119763,0
1,1,0,0,351808,119763,1
0,0,0,0,351809,119764,0
1,1,0,0,351810,119764,1
0,0,0,0,351811,119765,0
1,1,0,0,351812,119765,1
0,0,0,0,351813,119766,0
1,1,0,0,351814,119766,1
0,0,0,0,351815,119767,0
1,1,0,0,351816,119767,1
0,0,0,0,351817,119768,0
1,1,0,0,351818,119768,1
0,0,0,0,351819,119769,0
1,1,0,0,351820,119769,1
0,0,0,0,351821,119770,0
1,1,0,0,351822,119770,1
0,0,0,0,351823,119771,0
1,1,0,0,351824,119771,1
0,0,0,0,351825,119772,0
1,1,0,0,351826,119772,1
0,0,0,0,351827,119773,0
1,1,0,0,351828,119773,1
0,0,0,0,351829,119774,0
1,1,0,0,351830,119774,1
0,0,0,0,351831,119775,0
1,1,0,0,351832,119775,1
0,0,0,0,351833,119776,0
1,1,0,0,351834,119776,1
0,0,0,0,351835,119777,0
1,1,0,0,351836,119777,1
0,0,0,0,351837,119778,0
1,1,0,0,351838,119778,1
0,0,0,0,351839,119779,0
1,1,0,0,351840,119779,1
0,0,0,0,351841,119780,0
1,1,0,0,351842,119780,1
0,0,0,0,351843,119781,0
1,1,0,0,351844,119781,1
0,0,0,0,351845,119782,0
1,1,0,0,351846,119782,1
0,0,0,0,351847,119783,0
1,1,0,0,351848,119783,1
0,0,0,0,351849,119784,0
1,1,0,0,351850,119784,1
0,0,0,0,351851,119785,0
1,1,0,0,351852,119785,1
0,0,0,0,351853,119786,0
1,1,0,0,351854,119786,1
0,0,0,0,351855,119787,0
1,1,0,0,351856,119787,1
0,0,0,0,351857,119788,0
1,1,0,0,351858,119788,1
0,0,0,0,351859,119789,0
1,1,0,0,351860,119789,1
0,0,0,0,351861,119790,0
1,1,0,0,351862,119790,1
0,0,0,0,351863,119791,0
1,1,0,0,351864,119791,1
0,0,0,0,351865,119792,0
1,1,0,0,351866,119792,1
0,0,0,0,351867,119793,0
1,1,0,0,351868,119793,1
0,0,0,0,351869,119794,0
1,1,0,0,351870,119794,1
0,0,0,0,351871,119795,0
1,1,0,0,351872,119795,1
0,0,0,0,351873,119796,0
1,1,0,0,351874,119796,1
0,0,0,0,351875,119797,0
1,1,0,0,351876,119797,1
0,0,0,0,351877,119798,0
1,1,0,0,351878,119798,1
0,0,0,0,351879,119799,0
1,1,0,0,351880,119799,1
0,0,0,0,351881,119800,0
1,1,0,0,351882,119800,1
0,0,0,0,351883,119801,0
1,1,0,0,351884,119801,1
0,0,0,0,351885,119802,0
1,1,0,0,351886,119802,1
0,0,0,0,351887,119803,0
1,1,0,0,351888,119803,1
0,0,0,0,351889,119804,0
1,1,0,0,351890,119804,1
0,0,0,0,351891,119805,0
1,1,0,0,351892,119805,1
0,0,0,0,351893,119806,0
1,1,0,0,351894,119806,1
0,0,0,0,351895,119807,0
1,1,0,0,351896,119807,1
0,0,0,0,351897,119808,0
1,1,0,0,351898,119808,1
0,0,0,0,351899,119809,0
1,1,0,0,351900,119809,1
0,0,0,0,351901,119810,0
1,1,0,0,351902,119810,1
0,0,0,0,351903,119811,0
1,1,0,0,351904,119811,1
0,0,0,0,351905,119812,0
1,1,0,0,351906,119812,1
0,0,0,0,351907,119813,0
1,1,0,0,351908,119813,1
0,0,0,0,351909,119814,0
1,1,0,0,351910,119814,1
0,0,0,0,351911,119815,0
1,1,0,0,351912,119815,1
0,0,0,0,351913,119816,0
1,1,0,0,351914,119816,1
0,0,0,0,351915,119817,0
1,1,0,0,351916,119817,1
0,0,0,0,351917,119818,0
1,1,0,0,351918,119818,1
0,0,0,0,351919,119819,0
1,1,0,0,351920,119819,1
0,0,0,0,351921,119820,0
1,1,0,0,351922,119820,1
0,0,0,0,351923,119821,0
1,1,0,0,351924,119821,1
0,0,0,0,351925,119822,0
1,1,0,0,351926,119822,1
0,0,0,0,351927,119823,0
1,1,0,0,351928,119823,1
0,0,0,0,351929,119824,0
1,1,0,0,351930,119824,1
0,0,0,0,351931,119825,0
1,1,0,0,351932,119825,1
0,0,0,0,351933,119826,0
1,1,0,0,351934,119826,1
0,0,0,0,351935,119827,0
1,1,0,0,351936,119827,1
0,0,0,0,351937,119828,0
1,1,0,0,351938,119828,1
0,0,0,0,351939,119829,0
1,1,0,0,351940,119829,1
0,0,0,0,351941,119830,0
1,1,0,0,351942,119830,1
0,0,0,0,351943,119831,0
1,1,0,0,351944,119831,1
0,0,0,0,351945,119832,0
1,1,0,0,351946,119832,1
0,0,0,0,351947,119833,0
1,1,0,0,351948,119833,1
0,0,0,0,351949,119834,0
1,1,0,0,351950,119834,1
0,0,0,0,351951,119835,0
1,1,0,0,351952,119835,1
0,0,0,0,351953,119836,0
1,1,0,0,351954,119836,1
0,0,0,0,351955,119837,0
1,1,0,0,351956,119837,1
0,0,0,0,351957,119838,0
1,1,0,0,351958,119838,1
0,0,0,0,351959,119839,0
1,1,0,0,351960,119839,1
0,0,0,0,351961,119840,0
1,1,0,0,351962,119840,1
0,0,0,0,351963,119841,0
1,1,0,0,351964,119841,1
0,0,0,0,351965,119842,0
1,1,0,0,351966,119842,1
0,0,0,0,351967,119843,0
1,1,0,0,351968,119843,1
0,0,0,0,351969,119844,0
1,1,0,0,351970,119844,1
0,0,0,0,351971,119845,0
1,1,0,0,351972,119845,1
0,0,0,0,351973,119846,0
1,1,0,0,351974,119846,1
0,0,0,0,351975,119847,0
1,1,0,0,351976,119847,1
0,0,0,0,351977,119848,0
1,1,0,0,351978,119848,1
0,0,0,0,351979,119849,0
1,1,0,0,351980,119849,1
0,0,0,0,351981,119850,0
1,1,0,0,351982,119850,1
0,0,0,0,351983,119851,0
1,1,0,0,351984,119851,1
0,0,0,0,351985,119852,0
1,1,0,0,351986,119852,1
0,0,0,0,351987,119853,0
1,1,0,0,351988,119853,1
0,0,0,0,351989,119854,0
1,1,0,0,351990,119854,1
0,0,0,0,351991,119855,0
1,1,0,0,351992,119855,1
0,0,0,0,351993,119856,0
1,1,0,0,351994,119856,1
0,0,0,0,351995,119857,0
1,1,0,0,351996,119857,1
0,0,0,0,351997,119858,0
1,1,0,0,351998,119858,1
0,0,0,0,351999,119859,0
1,1,0,0,352000,119859,1
0,0,0,0,352001,119860,0
1,1,0,0,352002,119860,1
0,0,0,0,352003,119861,0
1,1,0,0,352004,119861,1
0,0,0,0,352005,119862,0
1,1,0,0,352006,119862,1
0,0,0,0,352007,119863,0
1,1,0,0,352008,119863,1
0,0,0,0,352009,119864,0
1,1,0,0,352010,119864,1
0,0,0,0,352011,119865,0
1,1,0,0,352012,119865,1
0,0,0,0,352013,119866,0
1,1,0,0,352014,119866,1
0,0,0,0,352015,119867,0
1,1,0,0,352016,119867,1
0,0,0,0,352017,119868,0
1,1,0,0,352018,119868,1
0,0,0,0,352019,119869,0
1,1,0,0,352020,119869,1
0,0,0,0,352021,119870,0
1,1,0,0,352022,119870,1
0,0,0,0,352030,119872,0
1,1,0,0,352031,119872,1
0,0,0,0,352032,119873,0
1,1,0,0,352033,119873,1
0,0,0,0,352034,119874,0
1,1,0,0,352035,119874,1
0,0,0,0,352036,119875,0
1,1,0,0,352037,119875,1
0,0,0,0,352038,119876,0
1,1,0,0,352039,119876,1
0,0,0,0,352040,119877,0
1,1,0,0,352041,119877,1
0,0,0,0,352042,119878,0
1,1,0,0,352043,119878,1
0,0,0,0,352044,119879,0
1,1,0,0,352045,119879,1
0,0,0,0,352046,119880,0
1,1,0,0,352047,119880,1
0,0,0,0,352048,119881,0
1,1,0,0,352049,119881,1
0,0,0,0,352050,119882,0
1,1,0,0,352051,119882,1
0,0,0,0,352052,119883,0
1,1,0,0,352053,119883,1
0,0,0,0,352054,119884,0
1,1,0,0,352055,119884,1
0,0,0,0,352056,119885,0
1,1,0,0,352057,119885,1
0,0,0,0,352058,119886,0
1,1,0,0,352059,119886,1
0,0,0,0,352060,119887,0
1,1,0,0,352061,119887,1
0,0,0,0,352062,119888,0
1,1,0,0,352063,119888,1
0,0,0,0,352064,119889,0
1,1,0,0,352065,119889,1
0,0,0,0,352066,119890,0
1,1,0,0,352067,119890,1
0,0,0,0,352068,119891,0
1,1,0,0,352069,119891,1
0,0,0,0,352070,119892,0
1,1,0,0,352071,119892,1
0,0,0,0,352072,119893,0
1,1,0,0,352073,119893,1
0,0,0,0,352074,119894,0
1,1,0,0,352075,119894,1
0,0,0,0,352076,119895,0
1,1,0,0,352077,119895,1
0,0,0,0,352078,119896,0
1,1,0,0,352079,119896,1
0,0,0,0,352080,119897,0
1,1,0,0,352081,119897,1
0,0,0,0,352082,119898,0
1,1,0,0,352083,119898,1
0,0,0,0,352084,119899,0
1,1,0,0,352085,119899,1
0,0,0,0,352086,119900,0
1,1,0,0,352087,119900,1
0,0,0,0,352088,119901,0
1,1,0,0,352089,119901,1
0,0,0,0,352090,119902,0
1,1,0,0,352091,119902,1
0,0,0,0,352092,119903,0
1,1,0,0,352093,119903,1
0,0,0,0,352094,119904,0
1,1,0,0,352095,119904,1
0,0,0,0,352096,119905,0
1,1,0,0,352097,119905,1
0,0,0,0,352098,119906,0
1,1,0,0,352099,119906,1
0,0,0,0,352100,119907,0
1,1,0,0,352101,119907,1
0,0,0,0,352174,119944,0
1,1,0,0,352175,119944,1
0,0,0,0,352176,119945,0
1,1,0,0,352177,119945,1
0,0,0,0,352178,119946,0
1,1,0,0,352179,119946,1
0,0,0,0,352180,119947,0
1,1,0,0,352181,119947,1
0,0,0,0,352182,119948,0
1,1,0,0,352183,119948,1
0,0,0,0,352184,119949,0
1,1,0,0,352185,119949,1
0,0,0,0,352186,119950,0
1,1,0,0,352187,119950,1
0,0,0,0,352188,119951,0
1,1,0,0,352189,119951,1
0,0,0,0,352190,119952,0
1,1,0,0,352191,119952,1
0,0,0,0,352192,119953,0
1,1,0,0,352193,119953,1
0,0,0,0,352194,119954,0
1,1,0,0,352195,119954,1
0,0,0,0,352196,119955,0
1,1,0,0,352197,119955,1
0,0,0,0,352198,119956,0
1,1,0,0,352199,119956,1
0,0,0,0,352200,119957,0
1,1,0,0,352201,119957,1
0,0,0,0,352202,119958,0
1,1,0,0,352203,119958,1
0,0,0,0,352204,119959,0
1,1,0,0,352205,119959,1
0,0,0,0,352206,119960,0
1,1,0,0,352207,119960,1
0,0,0,0,352208,119961,0
1,1,0,0,352209,119961,1
0,0,0,0,352210,119962,0
1,1,0,0,352211,119962,1
0,0,0,0,352212,119963,0
1,1,0,0,352213,119963,1
0,0,0,0,352214,119964,0
1,1,0,0,352215,119964,1
0,0,0,0,352216,119965,0
1,1,0,0,352217,119965,1
0,0,0,0,352218,119966,0
1,1,0,0,352219,119966,1
0,0,0,0,352220,119967,0
1,1,0,0,352221,119967,1
0,0,0,0,352222,119968,0
1,1,0,0,352223,119968,1
0,0,0,0,352224,119969,0
1,1,0,0,352225,119969,1
0,0,0,0,352226,119970,0
1,1,0,0,352227,119970,1
0,0,0,0,352228,119971,0
1,1,0,0,352229,119971,1
0,0,0,0,352230,119972,0
1,1,0,0,352231,119972,1
0,0,0,0,352232,119973,0
1,1,0,0,352233,119973,1
0,0,0,0,352234,119974,0
1,1,0,0,352235,119974,1
0,0,0,0,352236,119975,0
1,1,0,0,352237,119975,1
0,0,0,0,352238,119976,0
1,1,0,0,352239,119976,1
0,0,0,0,352240,119977,0
1,1,0,0,352241,119977,1
0,0,0,0,352242,119978,0
1,1,0,0,352243,119978,1
0,0,0,0,352244,119979,0
1,1,0,0,352245,119979,1
0,0,0,0,352246,119980,0
1,1,0,0,352247,119980,1
0,0,0,0,352248,119981,0
1,1,0,0,352249,119981,1
0,0,0,0,352250,119982,0
1,1,0,0,352251,119982,1
0,0,0,0,352252,119983,0
1,1,0,0,352253,119983,1
0,0,0,0,352254,119984,0
1,1,0,0,352255,119984,1
0,0,0,0,352256,119985,0
1,1,0,0,352257,119985,1
0,0,0,0,352258,119986,0
1,1,0,0,352259,119986,1
0,0,0,0,352260,119987,0
1,1,0,0,352261,119987,1
0,0,0,0,352262,119988,0
1,1,0,0,352263,119988,1
0,0,0,0,352264,119989,0
1,1,0,0,352265,119989,1
0,0,0,0,352266,119990,0
1,1,0,0,352267,119990,1
0,0,0,0,352268,119991,0
1,1,0,0,352269,119991,1
0,0,0,0,352270,119992,0
1,1,0,0,352271,119992,1
0,0,0,0,352272,119993,0
1,1,0,0,352273,119993,1
0,0,0,0,352274,119994,0
1,1,0,0,352275,119994,1
0,0,0,0,352276,119995,0
1,1,0,0,352277,119995,1
0,0,0,0,352278,119996,0
1,1,0,0,352279,119996,1
0,0,0,0,352280,119997,0
1,1,0,0,352281,119997,1
0,0,0,0,352282,119998,0
1,1,0,0,352283,119998,1
0,0,0,0,352284,119999,0
1,1,0,0,352285,119999,1
0,0,0,0,352286,120000,0
1,1,0,0,352287,120000,1
0,0,0,0,352288,120001,0
1,1,0,0,352289,120001,1
0,0,0,0,352290,120002,0
1,1,0,0,352291,120002,1
0,0,0,0,352292,120003,0
1,1,0,0,352293,120003,1
0,0,0,0,352294,120004,0
1,1,0,0,352295,120004,1
0,0,0,0,352296,120005,0
1,1,0,0,352297,120005,1
0,0,0,0,352298,120006,0
1,1,0,0,352299,120006,1
0,0,0,0,352300,120007,0
1,1,0,0,352301,120007,1
0,0,0,0,352302,120008,0
1,1,0,0,352303,120008,1
0,0,0,0,352304,120009,0
1,1,0,0,352305,120009,1
0,0,0,0,352306,120010,0
1,1,0,0,352307,120010,1
0,0,0,0,352308,120011,0
1,1,0,0,352309,120011,1
0,0,0,0,352310,120012,0
1,1,0,0,352311,120012,1
0,0,0,0,352312,120013,0
1,1,0,0,352313,120013,1
0,0,0,0,352314,120014,0
1,1,0,0,352315,120014,1
0,0,0,0,352316,120015,0
1,1,0,0,352317,120015,1
0,0,0,0,352366,120028,0
1,1,0,0,352367,120028,1
0,0,0,0,352368,120029,0
1,1,0,0,352369,120029,1
0,0,0,0,352370,120030,0
1,1,0,0,352371,120030,1
0,0,0,0,352372,120031,0
1,1,0,0,352373,120031,1
0,0,0,0,352374,120032,0
1,1,0,0,352375,120032,1
0,0,0,0,352376,120033,0
1,1,0,0,352377,120033,1
0,0,0,0,352378,120034,0
1,1,0,0,352379,120034,1
0,0,0,0,352380,120035,0
1,1,0,0,352381,120035,1
0,0,0,0,352382,120036,0
1,1,0,0,352383,120036,1
0,0,0,0,352384,120037,0
1,1,0,0,352385,120037,1
0,0,0,0,352386,120038,0
1,1,0,0,352387,120038,1
0,0,0,0,352388,120039,0
1,1,0,0,352389,120039,1
0,0,0,0,352390,120040,0
1,1,0,0,352391,120040,1
0,0,0,0,352392,120041,0
1,1,0,0,352393,120041,1
0,0,0,0,352394,120042,0
1,1,0,0,352395,120042,1
0,0,0,0,352396,120043,0
1,1,0,0,352397,120043,1
0,0,0,0,352398,120044,0
1,1,0,0,352399,120044,1
0,0,0,0,352400,120045,0
1,1,0,0,352401,120045,1
0,0,0,0,352402,120046,0
1,1,0,0,352403,120046,1
0,0,0,0,352404,120047,0
1,1,0,0,352405,120047,1
0,0,0,0,352406,120048,0
1,1,0,0,352407,120048,1
0,0,0,0,352408,120049,0
1,1,0,0,352409,120049,1
0,0,0,0,352410,120050,0
1,1,0,0,352411,120050,1
0,0,0,0,352412,120051,0
1,1,0,0,352413,120051,1
0,0,0,0,352414,120052,0
1,1,0,0,352415,120052,1
0,0,0,0,352416,120053,0
1,1,0,0,352417,120053,1
0,0,0,0,352418,120054,0
1,1,0,0,352419,120054,1
0,0,0,0,352420,120055,0
1,1,0,0,352421,120055,1
0,0,0,0,352422,120056,0
1,1,0,0,352423,120056,1
0,0,0,0,352424,120057,0
1,1,0,0,352425,120057,1
0,0,0,0,352426,120058,0
1,1,0,0,352427,120058,1
0,0,0,0,352428,120059,0
1,1,0,0,352429,120059,1
0,0,0,0,352430,120060,0
1,1,0,0,352431,120060,1
0,0,0,0,352432,120061,0
1,1,0,0,352433,120061,1
0,0,0,0,352434,120062,0
1,1,0,0,352435,120062,1
0,0,0,0,352436,120063,0
1,1,0,0,352437,120063,1
0,0,0,0,352438,120064,0
1,1,0,0,352439,120064,1
0,0,0,0,352440,120065,0
1,1,0,0,352441,120065,1
0,0,0,0,352442,120066,0
1,1,0,0,352443,120066,1
0,0,0,0,352444,120067,0
1,1,0,0,352445,120067,1
0,0,0,0,352446,120068,0
1,1,0,0,352447,120068,1
0,0,0,0,352448,120069,0
1,1,0,0,352449,120069,1
0,0,0,0,352450,120070,0
1,1,0,0,352451,120070,1
0,0,0,0,352452,120071,0
1,1,0,0,352453,120071,1
0,0,0,0,352454,120072,0
1,1,0,0,352455,120072,1
0,0,0,0,352456,120073,0
1,1,0,0,352457,120073,1
0,0,0,0,352458,120074,0
1,1,0,0,352459,120074,1
0,0,0,0,352460,120075,0
1,1,0,0,352461,120075,1
0,0,0,0,352462,120076,0
1,1,0,0,352463,120076,1
0,0,0,0,352464,120077,0
1,1,0,0,352465,120077,1
0,0,0,0,352466,120078,0
1,1,0,0,352467,120078,1
0,0,0,0,352468,120079,0
1,1,0,0,352469,120079,1
0,0,0,0,352470,120080,0
1,1,0,0,352471,120080,1
0,0,0,0,352472,120081,0
1,1,0,0,352473,120081,1
0,0,0,0,352474,120082,0
1,1,0,0,352475,120082,1
0,0,0,0,352476,120083,0
1,1,0,0,352477,120083,1
0,0,0,0,352478,120084,0
1,1,0,0,352479,120084,1
0,0,0,0,352480,120085,0
1,1,0,0,352481,120085,1
0,0,0,0,352482,120086,0
1,1,0,0,352483,120086,1
0,0,0,0,352484,120087,0
1,1,0,0,352485,120087,1
0,0,0,0,352486,120088,0
1,1,0,0,352487,120088,1
0,0,0,0,352488,120089,0
1,1,0,0,352489,120089,1
0,0,0,0,352490,120090,0
1,1,0,0,352491,120090,1
0,0,0,0,352492,120091,0
1,1,0,0,352493,120091,1
0,0,0,0,352494,120092,0
1,1,0,0,352495,120092,1
0,0,0,0,352496,120093,0
1,1,0,0,352497,120093,1
0,0,0,0,352498,120094,0
1,1,0,0,352499,120094,1
0,0,0,0,352500,120095,0
1,1,0,0,352501,120095,1
0,0,0,0,352502,120096,0
1,1,0,0,352503,120096,1
0,0,0,0,352504,120097,0
1,1,0,0,352505,120097,1
0,0,0,0,352506,120098,0
1,1,0,0,352507,120098,1
0,0,0,0,352508,120099,0
1,1,0,0,352509,120099,1
0,0,0,0,352510,120100,0
1,1,0,0,352511,120100,1
0,0,0,0,352512,120101,0
1,1,0,0,352513,120101,1
0,0,0,0,352514,120102,0
1,1,0,0,352515,120102,1
0,0,0,0,352516,120103,0
1,1,0,0,352517,120103,1
0,0,0,0,352518,120104,0
1,1,0,0,352519,120104,1
0,0,0,0,352520,120105,0
1,1,0,0,352521,120105,1
0,0,0,0,352522,120106,0
1,1,0,0,352523,120106,1
0,0,0,0,352524,120107,0
1,1,0,0,352525,120107,1
0,0,0,0,352526,120108,0
1,1,0,0,352527,120108,1
0,0,0,0,352528,120109,0
1,1,0,0,352529,120109,1
0,0,0,0,352530,120110,0
1,1,0,0,352531,120110,1
0,0,0,0,352532,120111,0
1,1,0,0,352533,120111,1
0,0,0,0,352534,120112,0
1,1,0,0,352535,120112,1
0,0,0,0,352536,120113,0
1,1,0,0,352537,120113,1
0,0,0,0,352538,120114,0
1,1,0,0,352539,120114,1
0,0,0,0,352540,120115,0
1,1,0,0,352541,120115,1
0,0,0,0,352542,120116,0
1,1,0,0,352543,120116,1
0,0,0,0,352544,120117,0
1,1,0,0,352545,120117,1
0,0,0,0,352546,120118,0
1,1,0,0,352547,120118,1
0,0,0,0,352548,120119,0
1,1,0,0,352549,120119,1
0,0,0,0,352550,120120,0
1,1,0,0,352551,120120,1
0,0,0,0,352552,120121,0
1,1,0,0,352553,120121,1
0,0,0,0,352554,120122,0
1,1,0,0,352555,120122,1
0,0,0,0,352556,120123,0
1,1,0,0,352557,120123,1
0,0,0,0,352558,120124,0
1,1,0,0,352559,120124,1
0,0,0,0,352560,120125,0
1,1,0,0,352561,120125,1
0,0,0,0,352562,120126,0
1,1,0,0,352563,120126,1
0,0,0,0,352564,120127,0
1,1,0,0,352565,120127,1
0,0,0,0,352566,120128,0
1,1,0,0,352567,120128,1
0,0,0,0,352568,120129,0
1,1,0,0,352569,120129,1
0,0,0,0,352570,120130,0
1,1,0,0,352571,120130,1
0,0,0,0,352572,120131,0
1,1,0,0,352573,120131,1
0,0,0,0,352574,120132,0
1,1,0,0,352575,120132,1
0,0,0,0,352576,120133,0
1,1,0,0,352577,120133,1
0,0,0,0,352578,120134,0
1,1,0,0,352579,120134,1
0,0,0,0,352580,120135,0
1,1,0,0,352581,120135,1
0,0,0,0,352600,120143,0
1,1,0,0,352601,120143,1
0,0,0,0,352602,120144,0
1,1,0,0,352603,120144,1
0,0,0,0,352604,120145,0
1,1,0,0,352605,120145,1
0,0,0,0,352606,120146,0
1,1,0,0,352607,120146,1
0,0,0,0,352608,120147,0
1,1,0,0,352609,120147,1
0,0,0,0,352610,120148,0
1,1,0,0,352611,120148,1
0,0,0,0,352612,120149,0
1,1,0,0,352613,120149,1
0,0,0,0,352614,120150,0
1,1,0,0,352615,120150,1
0,0,0,0,352616,120151,0
1,1,0,0,352617,120151,1
0,0,0,0,352618,120152,0
1,1,0,0,352619,120152,1
0,0,0,0,352620,120153,0
1,1,0,0,352621,120153,1
0,0,0,0,352622,120154,0
1,1,0,0,352623,120154,1
0,0,0,0,352624,120155,0
1,1,0,0,352625,120155,1
0,0,0,0,352626,120156,0
1,1,0,0,352627,120156,1
0,0,0,0,352628,120157,0
1,1,0,0,352629,120157,1
0,0,0,0,352630,120158,0
1,1,0,0,352631,120158,1
0,0,0,0,352632,120159,0
1,1,0,0,352633,120159,1
0,0,0,0,352634,120160,0
1,1,0,0,352635,120160,1
0,0,0,0,352636,120161,0
1,1,0,0,352637,120161,1
0,0,0,0,352638,120162,0
1,1,0,0,352639,120162,1
0,0,0,0,352640,120163,0
1,1,0,0,352641,120163,1
0,0,0,0,352642,120164,0
1,1,0,0,352643,120164,1
0,0,0,0,352644,120165,0
1,1,0,0,352645,120165,1
0,0,0,0,352646,120166,0
1,1,0,0,352647,120166,1
0,0,0,0,352648,120167,0
1,1,0,0,352649,120167,1
0,0,0,0,352650,120168,0
1,1,0,0,352651,120168,1
0,0,0,0,352652,120169,0
1,1,0,0,352653,120169,1
0,0,0,0,352654,120170,0
1,1,0,0,352655,120170,1
0,0,0,0,352656,120171,0
1,1,0,0,352657,120171,1
0,0,0,0,352658,120172,0
1,1,0,0,352659,120172,1
0,0,0,0,352660,120173,0
1,1,0,0,352661,120173,1
0,0,0,0,352662,120174,0
1,1,0,0,352663,120174,1
0,0,0,0,352664,120175,0
1,1,0,0,352665,120175,1
0,0,0,0,352666,120176,0
1,1,0,0,352667,120176,1
0,0,0,0,352668,120177,0
1,1,0,0,352669,120177,1
0,0,0,0,352670,120178,0
1,1,0,0,352671,120178,1
0,0,0,0,352754,120219,0
1,1,0,0,352755,120219,1
0,0,0,0,352756,120220,0
1,1,0,0,352757,120220,1
0,0,0,0,352758,120221,0
1,1,0,0,352759,120221,1
0,0,0,0,352760,120222,0
1,1,0,0,352761,120222,1
0,0,0,0,352762,120223,0
1,1,0,0,352763,120223,1
0,0,0,0,352764,120224,0
1,1,0,0,352765,120224,1
0,0,0,0,352766,120225,0
1,1,0,0,352767,120225,1
0,0,0,0,352768,120226,0
1,1,0,0,352769,120226,1
0,0,0,0,352770,120227,0
1,1,0,0,352771,120227,1
0,0,0,0,352772,120228,0
1,1,0,0,352773,120228,1
0,0,0,0,352774,120229,0
1,1,0,0,352775,120229,1
0,0,0,0,352776,120230,0
1,1,0,0,352777,120230,1
0,0,0,0,352778,120231,0
1,1,0,0,352779,120231,1
0,0,0,0,352780,120232,0
1,1,0,0,352781,120232,1
0,0,0,0,352782,120233,0
1,1,0,0,352783,120233,1
0,0,0,0,352784,120234,0
1,1,0,0,352785,120234,1
0,0,0,0,352786,120235,0
1,1,0,0,352787,120235,1
0,0,0,0,352788,120236,0
1,1,0,0,352789,120236,1
0,0,0,0,352790,120237,0
1,1,0,0,352791,120237,1
0,0,0,0,352792,120238,0
1,1,0,0,352793,120238,1
0,0,0,0,352794,120239,0
1,1,0,0,352795,120239,1
0,0,0,0,352796,120240,0
1,1,0,0,352797,120240,1
0,0,0,0,352798,120241,0
1,1,0,0,352799,120241,1
0,0,0,0,352800,120242,0
1,1,0,0,352801,120242,1
0,0,0,0,352802,120243,0
1,1,0,0,352803,120243,1
0,0,0,0,352804,120244,0
1,1,0,0,352805,120244,1
0,0,0,0,352806,120245,0
1,1,0,0,352807,120245,1
0,0,0,0,352808,120246,0
1,1,0,0,352809,120246,1
0,0,0,0,352810,120247,0
1,1,0,0,352811,120247,1
0,0,0,0,352812,120248,0
1,1,0,0,352813,120248,1
0,0,0,0,352814,120249,0
1,1,0,0,352815,120249,1
0,0,0,0,352816,120250,0
1,1,0,0,352817,120250,1
0,0,0,0,352818,120251,0
1,1,0,0,352819,120251,1
0,0,0,0,352820,120252,0
1,1,0,0,352821,120252,1
0,0,0,0,352822,120253,0
1,1,0,0,352823,120253,1
0,0,0,0,352824,120254,0
1,1,0,0,352825,120254,1
0,0,0,0,352826,120255,0
1,1,0,0,352827,120255,1
0,0,0,0,352828,120256,0
1,1,0,0,352829,120256,1
0,0,0,0,352830,120257,0
1,1,0,0,352831,120257,1
0,0,0,0,352832,120258,0
1,1,0,0,352833,120258,1
0,0,0,0,352834,120259,0
1,1,0,0,352835,120259,1
0,0,0,0,352836,120260,0
1,1,0,0,352837,120260,1
0,0,0,0,352838,120261,0
1,1,0,0,352839,120261,1
0,0,0,0,352840,120262,0
1,1,0,0,352841,120262,1
0,0,0,0,352842,120263,0
1,1,0,0,352843,120263,1
0,0,0,0,352844,120264,0
1,1,0,0,352845,120264,1
0,0,0,0,352846,120265,0
1,1,0,0,352847,120265,1
0,0,0,0,352848,120266,0
1,1,0,0,352849,120266,1
0,0,0,0,352850,120267,0
1,1,0,0,352851,120267,1
0,0,0,0,352852,120268,0
1,1,0,0,352853,120268,1
0,0,0,0,352854,120269,0
1,1,0,0,352855,120269,1
0,0,0,0,352856,120270,0
1,1,0,0,352857,120270,1
0,0,0,0,352858,120271,0
1,1,0,0,352859,120271,1
0,0,0,0,352860,120272,0
1,1,0,0,352861,120272,1
0,0,0,0,352862,120273,0
1,1,0,0,352863,120273,1
0,0,0,0,352864,120274,0
1,1,0,0,352865,120274,1
0,0,0,0,352866,120275,0
1,1,0,0,352867,120275,1
0,0,0,0,352868,120276,0
1,1,0,0,352869,120276,1
0,0,0,0,352870,120277,0
1,1,0,0,352871,120277,1
0,0,0,0,352872,120278,0
1,1,0,0,352873,120278,1
0,0,0,0,352874,120279,0
1,1,0,0,352875,120279,1
0,0,0,0,352876,120280,0
1,1,0,0,352877,120280,1
0,0,0,0,352878,120281,0
1,1,0,0,352879,120281,1
0,0,0,0,352880,120282,0
1,1,0,0,352881,120282,1
0,0,0,0,352882,120283,0
1,1,0,0,352883,120283,1
0,0,0,0,352884,120284,0
1,1,0,0,352885,120284,1
0,0,0,0,352886,120285,0
1,1,0,0,352887,120285,1
0,0,0,0,352888,120286,0
1,1,0,0,352889,120286,1
0,0,0,0,352890,120287,0
1,1,0,0,352891,120287,1
0,0,0,0,352892,120288,0
1,1,0,0,352893,120288,1
0,0,0,0,352894,120289,0
1,1,0,0,352895,120289,1
0,0,0,0,352896,120290,0
1,1,0,0,352897,120290,1
0,0,0,0,352901,120292,0
1,1,0,0,352902,120292,1
0,0,0,0,352903,120293,0
1,1,0,0,352904,120293,1
0,0,0,0,352905,120294,0
1,1,0,0,352906,120294,1
0,0,0,0,352907,120295,0
1,1,0,0,352908,120295,1
0,0,0,0,352909,120296,0
1,1,0,0,352910,120296,1
0,0,0,0,352911,120297,0
1,1,0,0,352912,120297,1
0,0,0,0,352913,120298,0
1,1,0,0,352914,120298,1
0,0,0,0,352915,120299,0
1,1,0,0,352916,120299,1
0,0,0,0,352917,120300,0
1,1,0,0,352918,120300,1
0,0,0,0,352919,120301,0
1,1,0,0,352920,120301,1
0,0,0,0,352921,120302,0
1,1,0,0,352922,120302,1
0,0,0,0,352923,120303,0
1,1,0,0,352924,120303,1
0,0,0,0,352925,120304,0
1,1,0,0,352926,120304,1
0,0,0,0,352927,120305,0
1,1,0,0,352928,120305,1
0,0,0,0,352929,120306,0
1,1,0,0,352930,120306,1
0,0,0,0,352931,120307,0
1,1,0,0,352932,120307,1
0,0,0,0,352933,120308,0
1,1,0,0,352934,120308,1
0,0,0,0,352935,120309,0
1,1,0,0,352936,120309,1
0,0,0,0,352937,120310,0
1,1,0,0,352938,120310,1
0,0,0,0,352939,120311,0
1,1,0,0,352940,120311,1
0,0,0,0,352941,120312,0
1,1,0,0,352942,120312,1
0,0,0,0,352943,120313,0
1,1,0,0,352944,120313,1
0,0,0,0,352945,120314,0
1,1,0,0,352946,120314,1
0,0,0,0,352947,120315,0
1,1,0,0,352948,120315,1
0,0,0,0,352949,120316,0
1,1,0,0,352950,120316,1
0,0,0,0,352951,120317,0
1,1,0,0,352952,120317,1
0,0,0,0,352953,120318,0
1,1,0,0,352954,120318,1
0,0,0,0,352955,120319,0
1,1,0,0,352956,120319,1
0,0,0,0,352957,120320,0
1,1,0,0,352958,120320,1
0,0,0,0,352959,120321,0
1,1,0,0,352960,120321,1
0,0,0,0,352961,120322,0
1,1,0,0,352962,120322,1
0,0,0,0,352963,120323,0
1,1,0,0,352964,120323,1
0,0,0,0,352965,120324,0
1,1,0,0,352966,120324,1
0,0,0,0,352967,120325,0
1,1,0,0,352968,120325,1
0,0,0,0,352969,120326,0
1,1,0,0,352970,120326,1
0,0,0,0,352971,120327,0
1,1,0,0,352972,120327,1
0,0,0,0,352973,120328,0
1,1,0,0,352974,120328,1
0,0,0,0,352975,120329,0
1,1,0,0,352976,120329,1
0,0,0,0,352977,120330,0
1,1,0,0,352978,120330,1
0,0,0,0,352979,120331,0
1,1,0,0,352980,120331,1
0,0,0,0,352981,120332,0
1,1,0,0,352982,120332,1
0,0,0,0,352983,120333,0
1,1,0,0,352984,120333,1
0,0,0,0,352985,120334,0
1,1,0,0,352986,120334,1
0,0,0,0,352987,120335,0
1,1,0,0,352988,120335,1
0,0,0,0,352989,120336,0
1,1,0,0,352990,120336,1
0,0,0,0,352991,120337,0
1,1,0,0,352992,120337,1
0,0,0,0,352993,120338,0
1,1,0,0,352994,120338,1
0,0,0,0,352995,120339,0
1,1,0,0,352996,120339,1
0,0,0,0,352997,120340,0
1,1,0,0,352998,120340,1
0,0,0,0,352999,120341,0
1,1,0,0,353000,120341,1
0,0,0,0,353001,120342,0
1,1,0,0,353002,120342,1
0,0,0,0,353003,120343,0
1,1,0,0,353004,120343,1
0,0,0,0,353005,120344,0
1,1,0,0,353006,120344,1
0,0,0,0,353007,120345,0
1,1,0,0,353008,120345,1
0,0,0,0,353009,120346,0
1,1,0,0,353010,120346,1
0,0,0,0,353011,120347,0
1,1,0,0,353012,120347,1
0,0,0,0,353013,120348,0
1,1,0,0,353014,120348,1
0,0,0,0,353015,120349,0
1,1,0,0,353016,120349,1
0,0,0,0,353017,120350,0
1,1,0,0,353018,120350,1
0,0,0,0,353019,120351,0
1,1,0,0,353020,120351,1
0,0,0,0,353021,120352,0
1,1,0,0,353022,120352,1
0,0,0,0,353023,120353,0
1,1,0,0,353024,120353,1
0,0,0,0,353025,120354,0
1,1,0,0,353026,120354,1
0,0,0,0,353027,120355,0
1,1,0,0,353028,120355,1
0,0,0,0,353029,120356,0
1,1,0,0,353030,120356,1
0,0,0,0,353031,120357,0
1,1,0,0,353032,120357,1
0,0,0,0,353033,120358,0
1,1,0,0,353034,120358,1
0,0,0,0,353035,120359,0
1,1,0,0,353036,120359,1
0,0,0,0,353037,120360,0
1,1,0,0,353038,120360,1
0,0,0,0,353039,120361,0
1,1,0,0,353040,120361,1
0,0,0,0,353041,120362,0
1,1,0,0,353042,120362,1
0,0,0,0,353043,120363,0
1,1,0,0,353044,120363,1
0,0,0,0,353049,120365,0
1,1,0,0,353050,120365,1
0,0,0,0,353051,120366,0
1,1,0,0,353052,120366,1
0,0,0,0,353053,120367,0
1,1,0,0,353054,120367,1
0,0,0,0,353055,120368,0
1,1,0,0,353056,120368,1
0,0,0,0,353057,120369,0
1,1,0,0,353058,120369,1
0,0,0,0,353059,120370,0
1,1,0,0,353060,120370,1
0,0,0,0,353061,120371,0
1,1,0,0,353062,120371,1
0,0,0,0,353063,120372,0
1,1,0,0,353064,120372,1
0,0,0,0,353065,120373,0
1,1,0,0,353066,120373,1
0,0,0,0,353067,120374,0
1,1,0,0,353068,120374,1
0,0,0,0,353069,120375,0
1,1,0,0,353070,120375,1
0,0,0,0,353071,120376,0
1,1,0,0,353072,120376,1
0,0,0,0,353073,120377,0
1,1,0,0,353074,120377,1
0,0,0,0,353075,120378,0
1,1,0,0,353076,120378,1
0,0,0,0,353077,120379,0
1,1,0,0,353078,120379,1
0,0,0,0,353079,120380,0
1,1,0,0,353080,120380,1
0,0,0,0,353081,120381,0
1,1,0,0,353082,120381,1
0,0,0,0,353083,120382,0
1,1,0,0,353084,120382,1
0,0,0,0,353085,120383,0
1,1,0,0,353086,120383,1
0,0,0,0,353087,120384,0
1,1,0,0,353088,120384,1
0,0,0,0,353089,120385,0
1,1,0,0,353090,120385,1
0,0,0,0,353091,120386,0
1,1,0,0,353092,120386,1
0,0,0,0,353093,120387,0
1,1,0,0,353094,120387,1
0,0,0,0,353095,120388,0
1,1,0,0,353096,120388,1
0,0,0,0,353097,120389,0
1,1,0,0,353098,120389,1
0,0,0,0,353099,120390,0
1,1,0,0,353100,120390,1
0,0,0,0,353101,120391,0
1,1,0,0,353102,120391,1
0,0,0,0,353103,120392,0
1,1,0,0,353104,120392,1
0,0,0,0,353105,120393,0
1,1,0,0,353106,120393,1
0,0,0,0,353107,120394,0
1,1,0,0,353108,120394,1
0,0,0,0,353109,120395,0
1,1,0,0,353110,120395,1
0,0,0,0,353111,120396,0
1,1,0,0,353112,120396,1
0,0,0,0,353113,120397,0
1,1,0,0,353114,120397,1
0,0,0,0,353115,120398,0
1,1,0,0,353116,120398,1
0,0,0,0,353117,120399,0
1,1,0,0,353118,120399,1
0,0,0,0,353119,120400,0
1,1,0,0,353120,120400,1
0,0,0,0,353121,120401,0
1,1,0,0,353122,120401,1
0,0,0,0,353123,120402,0
1,1,0,0,353124,120402,1
0,0,0,0,353125,120403,0
1,1,0,0,353126,120403,1
0,0,0,0,353127,120404,0
1,1,0,0,353128,120404,1
0,0,0,0,353129,120405,0
1,1,0,0,353130,120405,1
0,0,0,0,353131,120406,0
1,1,0,0,353132,120406,1
0,0,0,0,353133,120407,0
1,1,0,0,353134,120407,1
0,0,0,0,353135,120408,0
1,1,0,0,353136,120408,1
0,0,0,0,353137,120409,0
1,1,0,0,353138,120409,1
0,0,0,0,353139,120410,0
1,1,0,0,353140,120410,1
0,0,0,0,353141,120411,0
1,1,0,0,353142,120411,1
0,0,0,0,353143,120412,0
1,1,0,0,353144,120412,1
0,0,0,0,353145,120413,0
1,1,0,0,353146,120413,1
0,0,0,0,353147,120414,0
1,1,0,0,353148,120414,1
0,0,0,0,353149,120415,0
1,1,0,0,353150,120415,1
0,0,0,0,353151,120416,0
1,1,0,0,353152,120416,1
0,0,0,0,353153,120417,0
1,1,0,0,353154,120417,1
0,0,0,0,353155,120418,0
1,1,0,0,353156,120418,1
0,0,0,0,353157,120419,0
1,1,0,0,353158,120419,1
0,0,0,0,353159,120420,0
1,1,0,0,353160,120420,1
0,0,0,0,353161,120421,0
1,1,0,0,353162,120421,1
0,0,0,0,353163,120422,0
1,1,0,0,353164,120422,1
0,0,0,0,353165,120423,0
1,1,0,0,353166,120423,1
0,0,0,0,353167,120424,0
1,1,0,0,353168,120424,1
0,0,0,0,353169,120425,0
1,1,0,0,353170,120425,1
0,0,0,0,353171,120426,0
1,1,0,0,353172,120426,1
0,0,0,0,353173,120427,0
1,1,0,0,353174,120427,1
0,0,0,0,353175,120428,0
1,1,0,0,353176,120428,1
0,0,0,0,353177,120429,0
1,1,0,0,353178,120429,1
0,0,0,0,353179,120430,0
1,1,0,0,353180,120430,1
0,0,0,0,353181,120431,0
1,1,0,0,353182,120431,1
0,0,0,0,353183,120432,0
1,1,0,0,353184,120432,1
0,0,0,0,353185,120433,0
1,1,0,0,353186,120433,1
0,0,0,0,353187,120434,0
1,1,0,0,353188,120434,1
0,0,0,0,353189,120435,0
1,1,0,0,353190,120435,1
0,0,0,0,353191,120436,0
1,1,0,0,353192,120436,1
0,0,0,0,353193,120437,0
1,1,0,0,353194,120437,1
0,0,0,0,353195,120438,0
1,1,0,0,353196,120438,1
0,0,0,0,353197,120439,0
1,1,0,0,353198,120439,1
0,0,0,0,353199,120440,0
1,1,0,0,353200,120440,1
0,0,0,0,353201,120441,0
1,1,0,0,353202,120441,1
0,0,0,0,353203,120442,0
1,1,0,0,353204,120442,1
0,0,0,0,353205,120443,0
1,1,0,0,353206,120443,1
0,0,0,0,353207,120444,0
1,1,0,0,353208,120444,1
0,0,0,0,353209,120445,0
1,1,0,0,353210,120445,1
0,0,0,0,353211,120446,0
1,1,0,0,353212,120446,1
0,0,0,0,353213,120447,0
1,1,0,0,353214,120447,1
0,0,0,0,353215,120448,0
1,1,0,0,353216,120448,1
0,0,0,0,353217,120449,0
1,1,0,0,353218,120449,1
0,0,0,0,353219,120450,0
1,1,0,0,353220,120450,1
0,0,0,0,353221,120451,0
1,1,0,0,353222,120451,1
0,0,0,0,353223,120452,0
1,1,0,0,353224,120452,1
0,0,0,0,353225,120453,0
1,1,0,0,353226,120453,1
0,0,0,0,353227,120454,0
1,1,0,0,353228,120454,1
0,0,0,0,353229,120455,0
1,1,0,0,353230,120455,1
0,0,0,0,353231,120456,0
1,1,0,0,353232,120456,1
0,0,0,0,353233,120457,0
1,1,0,0,353234,120457,1
0,0,0,0,353235,120458,0
1,1,0,0,353236,120458,1
0,0,0,0,353237,120459,0
1,1,0,0,353238,120459,1
0,0,0,0,353239,120460,0
1,1,0,0,353240,120460,1
0,0,0,0,353241,120461,0
1,1,0,0,353242,120461,1
0,0,0,0,353243,120462,0
1,1,0,0,353244,120462,1
0,0,0,0,353245,120463,0
1,1,0,0,353246,120463,1
0,0,0,0,353247,120464,0
1,1,0,0,353248,120464,1
0,0,0,0,353249,120465,0
1,1,0,0,353250,120465,1
0,0,0,0,353251,120466,0
1,1,0,0,353252,120466,1
0,0,0,0,353253,120467,0
1,1,0,0,353254,120467,1
0,0,0,0,353255,120468,0
1,1,0,0,353256,120468,1
0,0,0,0,353257,120469,0
1,1,0,0,353258,120469,1
0,0,0,0,353259,120470,0
1,1,0,0,353260,120470,1
0,0,0,0,353261,120471,0
1,1,0,0,353262,120471,1
0,0,0,0,353263,120472,0
1,1,0,0,353264,120472,1
0,0,0,0,353265,120473,0
1,1,0,0,353266,120473,1
0,0,0,0,353267,120474,0
1,1,0,0,353268,120474,1
0,0,0,0,353269,120475,0
1,1,0,0,353270,120475,1
0,0,0,0,353271,120476,0
1,1,0,0,353272,120476,1
0,0,0,0,353273,120477,0
1,1,0,0,353274,120477,1
0,0,0,0,353275,120478,0
1,1,0,0,353276,120478,1
0,0,0,0,353277,120479,0
1,1,0,0,353278,120479,1
0,0,0,0,353279,120480,0
1,1,0,0,353280,120480,1
0,0,0,0,353281,120481,0
1,1,0,0,353282,120481,1
0,0,0,0,353283,120482,0
1,1,0,0,353284,120482,1
0,0,0,0,353285,120483,0
1,1,0,0,353286,120483,1
0,0,0,0,353287,120484,0
1,1,0,0,353288,120484,1
0,0,0,0,353289,120485,0
1,1,0,0,353290,120485,1
0,0,0,0,353291,120486,0
1,1,0,0,353292,120486,1
0,0,0,0,353293,120487,0
1,1,0,0,353294,120487,1
0,0,0,0,353295,120488,0
1,1,0,0,353296,120488,1
0,0,0,0,353297,120489,0
1,1,0,0,353298,120489,1
0,0,0,0,353299,120490,0
1,1,0,0,353300,120490,1
0,0,0,0,353301,120491,0
1,1,0,0,353302,120491,1
0,0,0,0,353303,120492,0
1,1,0,0,353304,120492,1
0,0,0,0,353305,120493,0
1,1,0,0,353306,120493,1
0,0,0,0,353307,120494,0
1,1,0,0,353308,120494,1
0,0,0,0,353309,120495,0
1,1,0,0,353310,120495,1
0,0,0,0,353311,120496,0
1,1,0,0,353312,120496,1
0,0,0,0,353313,120497,0
1,1,0,0,353314,120497,1
0,0,0,0,353315,120498,0
1,1,0,0,353316,120498,1
0,0,0,0,353317,120499,0
1,1,0,0,353318,120499,1
0,0,0,0,353319,120500,0
1,1,0,0,353320,120500,1
0,0,0,0,353321,120501,0
1,1,0,0,353322,120501,1
0,0,0,0,353323,120502,0
1,1,0,0,353324,120502,1
0,0,0,0,353325,120503,0
1,1,0,0,353326,120503,1
0,0,0,0,353327,120504,0
1,1,0,0,353328,120504,1
0,0,0,0,353329,120505,0
1,1,0,0,353330,120505,1
0,0,0,0,353331,120506,0
1,1,0,0,353332,120506,1
0,0,0,0,353333,120507,0
1,1,0,0,353334,120507,1
0,0,0,0,353335,120508,0
1,1,0,0,353336,120508,1
0,0,0,0,353337,120509,0
1,1,0,0,353338,120509,1
0,0,0,0,353339,120510,0
1,1,0,0,353340,120510,1
0,0,0,0,353341,120511,0
1,1,0,0,353342,120511,1
0,0,0,0,353343,120512,0
1,1,0,0,353344,120512,1
0,0,0,0,353345,120513,0
1,1,0,0,353346,120513,1
0,0,0,0,353347,120514,0
1,1,0,0,353348,120514,1
0,0,0,0,353349,120515,0
1,1,0,0,353350,120515,1
0,0,0,0,353351,120516,0
1,1,0,0,353352,120516,1
0,0,0,0,353353,120517,0
1,1,0,0,353354,120517,1
0,0,0,0,353355,120518,0
1,1,0,0,353356,120518,1
0,0,0,0,353357,120519,0
1,1,0,0,353358,120519,1
0,0,0,0,353359,120520,0
1,1,0,0,353360,120520,1
0,0,0,0,353361,120521,0
1,1,0,0,353362,120521,1
0,0,0,0,353363,120522,0
1,1,0,0,353364,120522,1
0,0,0,0,353365,120523,0
1,1,0,0,353366,120523,1
0,0,0,0,353367,120524,0
1,1,0,0,353368,120524,1
0,0,0,0,353369,120525,0
1,1,0,0,353370,120525,1
0,0,0,0,353371,120526,0
1,1,0,0,353372,120526,1
0,0,0,0,353373,120527,0
1,1,0,0,353374,120527,1
0,0,0,0,353375,120528,0
1,1,0,0,353376,120528,1
0,0,0,0,353377,120529,0
1,1,0,0,353378,120529,1
0,0,0,0,353379,120530,0
1,1,0,0,353380,120530,1
0,0,0,0,353381,120531,0
1,1,0,0,353382,120531,1
0,0,0,0,353383,120532,0
1,1,0,0,353384,120532,1
0,0,0,0,353385,120533,0
1,1,0,0,353386,120533,1
0,0,0,0,353387,120534,0
1,1,0,0,353388,120534,1
0,0,0,0,353389,120535,0
1,1,0,0,353390,120535,1
0,0,0,0,353391,120536,0
1,1,0,0,353392,120536,1
0,0,0,0,353393,120537,0
1,1,0,0,353394,120537,1
0,0,0,0,353395,120538,0
1,1,0,0,353396,120538,1
0,0,0,0,353397,120539,0
1,1,0,0,353398,120539,1
0,0,0,0,353399,120540,0
1,1,0,0,353400,120540,1
0,0,0,0,353401,120541,0
1,1,0,0,353402,120541,1
0,0,0,0,353403,120542,0
1,1,0,0,353404,120542,1
0,0,0,0,353405,120543,0
1,1,0,0,353406,120543,1
0,0,0,0,353407,120544,0
1,1,0,0,353408,120544,1
0,0,0,0,353409,120545,0
1,1,0,0,353410,120545,1
0,0,0,0,353411,120546,0
1,1,0,0,353412,120546,1
0,0,0,0,353413,120547,0
1,1,0,0,353414,120547,1
0,0,0,0,353415,120548,0
1,1,0,0,353416,120548,1
0,0,0,0,353417,120549,0
1,1,0,0,353418,120549,1
0,0,0,0,353419,120550,0
1,1,0,0,353420,120550,1
0,0,0,0,353421,120551,0
1,1,0,0,353422,120551,1
0,0,0,0,353423,120552,0
1,1,0,0,353424,120552,1
0,0,0,0,353425,120553,0
1,1,0,0,353426,120553,1
0,0,0,0,353427,120554,0
1,1,0,0,353428,120554,1
0,0,0,0,353429,120555,0
1,1,0,0,353430,120555,1
0,0,0,0,353431,120556,0
1,1,0,0,353432,120556,1
0,0,0,0,353433,120557,0
1,1,0,0,353434,120557,1
0,0,0,0,353435,120558,0
1,1,0,0,353436,120558,1
0,0,0,0,353437,120559,0
1,1,0,0,353438,120559,1
0,0,0,0,353439,120560,0
1,1,0,0,353440,120560,1
0,0,0,0,353441,120561,0
1,1,0,0,353442,120561,1
0,0,0,0,353443,120562,0
1,1,0,0,353444,120562,1
0,0,0,0,353445,120563,0
1,1,0,0,353446,120563,1
0,0,0,0,353447,120564,0
1,1,0,0,353448,120564,1
0,0,0,0,353449,120565,0
1,1,0,0,353450,120565,1
0,0,0,0,353451,120566,0
1,1,0,0,353452,120566,1
0,0,0,0,353453,120567,0
1,1,0,0,353454,120567,1
0,0,0,0,353455,120568,0
1,1,0,0,353456,120568,1
0,0,0,0,353457,120569,0
1,1,0,0,353458,120569,1
0,0,0,0,353459,120570,0
1,1,0,0,353460,120570,1
0,0,0,0,353461,120571,0
1,1,0,0,353462,120571,1
0,0,0,0,353463,120572,0
1,1,0,0,353464,120572,1
0,0,0,0,353465,120573,0
1,1,0,0,353466,120573,1
0,0,0,0,353467,120574,0
1,1,0,0,353468,120574,1
0,0,0,0,353469,120575,0
1,1,0,0,353470,120575,1
0,0,0,0,353471,120576,0
1,1,0,0,353472,120576,1
0,0,0,0,353473,120577,0
1,1,0,0,353474,120577,1
0,0,0,0,353475,120578,0
1,1,0,0,353476,120578,1
0,0,0,0,353477,120579,0
1,1,0,0,353478,120579,1
0,0,0,0,353479,120580,0
1,1,0,0,353480,120580,1
0,0,0,0,353493,120587,0
1,1,0,0,353494,120587,1
0,0,0,0,353495,120588,0
1,1,0,0,353496,120588,1
0,0,0,0,353497,120589,0
1,1,0,0,353498,120589,1
0,0,0,0,353499,120590,0
1,1,0,0,353500,120590,1
0,0,0,0,353501,120591,0
1,1,0,0,353502,120591,1
0,0,0,0,353503,120592,0
1,1,0,0,353504,120592,1
0,0,0,0,353505,120593,0
1,1,0,0,353506,120593,1
0,0,0,0,353507,120594,0
1,1,0,0,353508,120594,1
0,0,0,0,353509,120595,0
1,1,0,0,353510,120595,1
0,0,0,0,353511,120596,0
1,1,0,0,353512,120596,1
0,0,0,0,353513,120597,0
1,1,0,0,353514,120597,1
0,0,0,0,353515,120598,0
1,1,0,0,353516,120598,1
0,0,0,0,353517,120599,0
1,1,0,0,353518,120599,1
0,0,0,0,353519,120600,0
1,1,0,0,353520,120600,1
0,0,0,0,353521,120601,0
1,1,0,0,353522,120601,1
0,0,0,0,353523,120602,0
1,1,0,0,353524,120602,1
0,0,0,0,353525,120603,0
1,1,0,0,353526,120603,1
0,0,0,0,353527,120604,0
1,1,0,0,353528,120604,1
0,0,0,0,353529,120605,0
1,1,0,0,353530,120605,1
0,0,0,0,353531,120606,0
1,1,0,0,353532,120606,1
0,0,0,0,353533,120607,0
1,1,0,0,353534,120607,1
0,0,0,0,353535,120608,0
1,1,0,0,353536,120608,1
0,0,0,0,353537,120609,0
1,1,0,0,353538,120609,1
0,0,0,0,353539,120610,0
1,1,0,0,353540,120610,1
0,0,0,0,353541,120611,0
1,1,0,0,353542,120611,1
0,0,0,0,353543,120612,0
1,1,0,0,353544,120612,1
0,0,0,0,353545,120613,0
1,1,0,0,353546,120613,1
0,0,0,0,353547,120614,0
1,1,0,0,353548,120614,1
0,0,0,0,353549,120615,0
1,1,0,0,353550,120615,1
0,0,0,0,353551,120616,0
1,1,0,0,353552,120616,1
0,0,0,0,353553,120617,0
1,1,0,0,353554,120617,1
0,0,0,0,353555,120618,0
1,1,0,0,353556,120618,1
0,0,0,0,353557,120619,0
1,1,0,0,353558,120619,1
0,0,0,0,353559,120620,0
1,1,0,0,353560,120620,1
0,0,0,0,353561,120621,0
1,1,0,0,353562,120621,1
0,0,0,0,353563,120622,0
1,1,0,0,353564,120622,1
0,0,0,0,353565,120623,0
1,1,0,0,353566,120623,1
0,0,0,0,353567,120624,0
1,1,0,0,353568,120624,1
0,0,0,0,353569,120625,0
1,1,0,0,353570,120625,1
0,0,0,0,353571,120626,0
1,1,0,0,353572,120626,1
0,0,0,0,353573,120627,0
1,1,0,0,353574,120627,1
0,0,0,0,353575,120628,0
1,1,0,0,353576,120628,1
0,0,0,0,353577,120629,0
1,1,0,0,353578,120629,1
0,0,0,0,353579,120630,0
1,1,0,0,353580,120630,1
0,0,0,0,353581,120631,0
1,1,0,0,353582,120631,1
0,0,0,0,353583,120632,0
1,1,0,0,353584,120632,1
0,0,0,0,353585,120633,0
1,1,0,0,353586,120633,1
0,0,0,0,353587,120634,0
1,1,0,0,353588,120634,1
0,0,0,0,353589,120635,0
1,1,0,0,353590,120635,1
0,0,0,0,353591,120636,0
1,1,0,0,353592,120636,1
0,0,0,0,353593,120637,0
1,1,0,0,353594,120637,1
0,0,0,0,353595,120638,0
1,1,0,0,353596,120638,1
0,0,0,0,353597,120639,0
1,1,0,0,353598,120639,1
0,0,0,0,353599,120640,0
1,1,0,0,353600,120640,1
0,0,0,0,353601,120641,0
1,1,0,0,353602,120641,1
0,0,0,0,353603,120642,0
1,1,0,0,353604,120642,1
0,0,0,0,353605,120643,0
1,1,0,0,353606,120643,1
0,0,0,0,353607,120644,0
1,1,0,0,353608,120644,1
0,0,0,0,353609,120645,0
1,1,0,0,353610,120645,1
0,0,0,0,353611,120646,0
1,1,0,0,353612,120646,1
0,0,0,0,353613,120647,0
1,1,0,0,353614,120647,1
0,0,0,0,353615,120648,0
1,1,0,0,353616,120648,1
0,0,0,0,353617,120649,0
1,1,0,0,353618,120649,1
0,0,0,0,353619,120650,0
1,1,0,0,353620,120650,1
0,0,0,0,353621,120651,0
1,1,0,0,353622,120651,1
0,0,0,0,353623,120652,0
1,1,0,0,353624,120652,1
0,0,0,0,353625,120653,0
1,1,0,0,353626,120653,1
0,0,0,0,353627,120654,0
1,1,0,0,353628,120654,1
0,0,0,0,353629,120655,0
1,1,0,0,353630,120655,1
0,0,0,0,353631,120656,0
1,1,0,0,353632,120656,1
0,0,0,0,353633,120657,0
1,1,0,0,353634,120657,1
0,0,0,0,353635,120658,0
1,1,0,0,353636,120658,1
0,0,0,0,353637,120659,0
1,1,0,0,353638,120659,1
0,0,0,0,353639,120660,0
1,1,0,0,353640,120660,1
0,0,0,0,353641,120661,0
1,1,0,0,353642,120661,1
0,0,0,0,353643,120662,0
1,1,0,0,353644,120662,1
0,0,0,0,353645,120663,0
1,1,0,0,353646,120663,1
0,0,0,0,353647,120664,0
1,1,0,0,353648,120664,1
0,0,0,0,353649,120665,0
1,1,0,0,353650,120665,1
0,0,0,0,353651,120666,0
1,1,0,0,353652,120666,1
0,0,0,0,353653,120667,0
1,1,0,0,353654,120667,1
0,0,0,0,353655,120668,0
1,1,0,0,353656,120668,1
0,0,0,0,353657,120669,0
1,1,0,0,353658,120669,1
0,0,0,0,353659,120670,0
1,1,0,0,353660,120670,1
0,0,0,0,353661,120671,0
1,1,0,0,353662,120671,1
0,0,0,0,353663,120672,0
1,1,0,0,353664,120672,1
0,0,0,0,353665,120673,0
1,1,0,0,353666,120673,1
0,0,0,0,353667,120674,0
1,1,0,0,353668,120674,1
0,0,0,0,353669,120675,0
1,1,0,0,353670,120675,1
0,0,0,0,353671,120676,0
1,1,0,0,353672,120676,1
0,0,0,0,353673,120677,0
1,1,0,0,353674,120677,1
0,0,0,0,353675,120678,0
1,1,0,0,353676,120678,1
0,0,0,0,353677,120679,0
1,1,0,0,353678,120679,1
0,0,0,0,353679,120680,0
1,1,0,0,353680,120680,1
0,0,0,0,353681,120681,0
1,1,0,0,353682,120681,1
0,0,0,0,353683,120682,0
1,1,0,0,353684,120682,1
0,0,0,0,353685,120683,0
1,1,0,0,353686,120683,1
0,0,0,0,353687,120684,0
1,1,0,0,353688,120684,1
0,0,0,0,353689,120685,0
1,1,0,0,353690,120685,1
0,0,0,0,353691,120686,0
1,1,0,0,353692,120686,1
0,0,0,0,353693,120687,0
1,1,0,0,353694,120687,1
0,0,0,0,353695,120688,0
1,1,0,0,353696,120688,1
0,0,0,0,353697,120689,0
1,1,0,0,353698,120689,1
0,0,0,0,353699,120690,0
1,1,0,0,353700,120690,1
0,0,0,0,353701,120691,0
1,1,0,0,353702,120691,1
0,0,0,0,353703,120692,0
1,1,0,0,353704,120692,1
0,0,0,0,353705,120693,0
1,1,0,0,353706,120693,1
0,0,0,0,353707,120694,0
1,1,0,0,353708,120694,1
0,0,0,0,353709,120695,0
1,1,0,0,353710,120695,1
0,0,0,0,353711,120696,0
1,1,0,0,353712,120696,1
0,0,0,0,353713,120697,0
1,1,0,0,353714,120697,1
0,0,0,0,353715,120698,0
1,1,0,0,353716,120698,1
0,0,0,0,353717,120699,0
1,1,0,0,353718,120699,1
0,0,0,0,353719,120700,0
1,1,0,0,353720,120700,1
0,0,0,0,353721,120701,0
1,1,0,0,353722,120701,1
0,0,0,0,353723,120702,0
1,1,0,0,353724,120702,1
0,0,0,0,353725,120703,0
1,1,0,0,353726,120703,1
0,0,0,0,353727,120704,0
1,1,0,0,353728,120704,1
0,0,0,0,353729,120705,0
1,1,0,0,353730,120705,1
0,0,0,0,353731,120706,0
1,1,0,0,353732,120706,1
0,0,0,0,353733,120707,0
1,1,0,0,353734,120707,1
0,0,0,0,353735,120708,0
1,1,0,0,353736,120708,1
0,0,0,0,353737,120709,0
1,1,0,0,353738,120709,1
0,0,0,0,353739,120710,0
1,1,0,0,353740,120710,1
0,0,0,0,353741,120711,0
1,1,0,0,353742,120711,1
0,0,0,0,353743,120712,0
1,1,0,0,353744,120712,1
0,0,0,0,353745,120713,0
1,1,0,0,353746,120713,1
0,0,0,0,353747,120714,0
1,1,0,0,353748,120714,1
0,0,0,0,353749,120715,0
1,1,0,0,353750,120715,1
0,0,0,0,353751,120716,0
1,1,0,0,353752,120716,1
0,0,0,0,353753,120717,0
1,1,0,0,353754,120717,1
0,0,0,0,353755,120718,0
1,1,0,0,353756,120718,1
0,0,0,0,353757,120719,0
1,1,0,0,353758,120719,1
0,0,0,0,353759,120720,0
1,1,0,0,353760,120720,1
0,0,0,0,353761,120721,0
1,1,0,0,353762,120721,1
0,0,0,0,353763,120722,0
1,1,0,0,353764,120722,1
0,0,0,0,353765,120723,0
1,1,0,0,353766,120723,1
0,0,0,0,353767,120724,0
1,1,0,0,353768,120724,1
0,0,0,0,353769,120725,0
1,1,0,0,353770,120725,1
0,0,0,0,353771,120726,0
1,1,0,0,353772,120726,1
0,0,0,0,353773,120727,0
1,1,0,0,353774,120727,1
0,0,0,0,353775,120728,0
1,1,0,0,353776,120728,1
0,0,0,0,353777,120729,0
1,1,0,0,353778,120729,1
0,0,0,0,353779,120730,0
1,1,0,0,353780,120730,1
0,0,0,0,353781,120731,0
1,1,0,0,353782,120731,1
0,0,0,0,353783,120732,0
1,1,0,0,353784,120732,1
0,0,0,0,353785,120733,0
1,1,0,0,353786,120733,1
0,0,0,0,353787,120734,0
1,1,0,0,353788,120734,1
0,0,0,0,353789,120735,0
1,1,0,0,353790,120735,1
0,0,0,0,353791,120736,0
1,1,0,0,353792,120736,1
0,0,0,0,353793,120737,0
1,1,0,0,353794,120737,1
0,0,0,0,353795,120738,0
1,1,0,0,353796,120738,1
0,0,0,0,353797,120739,0
1,1,0,0,353798,120739,1
0,0,0,0,353799,120740,0
1,1,0,0,353800,120740,1
0,0,0,0,353801,120741,0
1,1,0,0,353802,120741,1
0,0,0,0,353803,120742,0
1,1,0,0,353804,120742,1
0,0,0,0,353805,120743,0
1,1,0,0,353806,120743,1
0,0,0,0,353807,120744,0
1,1,0,0,353808,120744,1
0,0,0,0,353809,120745,0
1,1,0,0,353810,120745,1
0,0,0,0,353811,120746,0
1,1,0,0,353812,120746,1
0,0,0,0,353813,120747,0
1,1,0,0,353814,120747,1
0,0,0,0,353815,120748,0
1,1,0,0,353816,120748,1
0,0,0,0,353817,120749,0
1,1,0,0,353818,120749,1
0,0,0,0,353819,120750,0
1,1,0,0,353820,120750,1
0,0,0,0,353821,120751,0
1,1,0,0,353822,120751,1
0,0,0,0,353823,120752,0
1,1,0,0,353824,120752,1
0,0,0,0,353825,120753,0
1,1,0,0,353826,120753,1
0,0,0,0,353827,120754,0
1,1,0,0,353828,120754,1
0,0,0,0,353829,120755,0
1,1,0,0,353830,120755,1
0,0,0,0,353831,120756,0
1,1,0,0,353832,120756,1
0,0,0,0,353833,120757,0
1,1,0,0,353834,120757,1
0,0,0,0,353835,120758,0
1,1,0,0,353836,120758,1
0,0,0,0,353837,120759,0
1,1,0,0,353838,120759,1
0,0,0,0,353839,120760,0
1,1,0,0,353840,120760,1
0,0,0,0,353841,120761,0
1,1,0,0,353842,120761,1
0,0,0,0,353843,120762,0
1,1,0,0,353844,120762,1
0,0,0,0,353845,120763,0
1,1,0,0,353846,120763,1
0,0,0,0,353847,120764,0
1,1,0,0,353848,120764,1
0,0,0,0,353849,120765,0
1,1,0,0,353850,120765,1
0,0,0,0,353851,120766,0
1,1,0,0,353852,120766,1
0,0,0,0,353853,120767,0
1,1,0,0,353854,120767,1
0,0,0,0,353855,120768,0
1,1,0,0,353856,120768,1
0,0,0,0,353857,120769,0
1,1,0,0,353858,120769,1
0,0,0,0,353859,120770,0
1,1,0,0,353860,120770,1
0,0,0,0,353861,120771,0
1,1,0,0,353862,120771,1
0,0,0,0,353863,120772,0
1,1,0,0,353864,120772,1
0,0,0,0,353865,120773,0
1,1,0,0,353866,120773,1
0,0,0,0,353867,120774,0
1,1,0,0,353868,120774,1
0,0,0,0,353869,120775,0
1,1,0,0,353870,120775,1
0,0,0,0,353871,120776,0
1,1,0,0,353872,120776,1
0,0,0,0,353873,120777,0
1,1,0,0,353874,120777,1
0,0,0,0,353875,120778,0
1,1,0,0,353876,120778,1
0,0,0,0,353877,120779,0
1,1,0,0,353878,120779,1
0,0,0,0,353879,120780,0
1,1,0,0,353880,120780,1
0,0,0,0,353881,120781,0
1,1,0,0,353882,120781,1
0,0,0,0,353883,120782,0
1,1,0,0,353884,120782,1
0,0,0,0,353885,120783,0
1,1,0,0,353886,120783,1
0,0,0,0,353887,120784,0
1,1,0,0,353888,120784,1
0,0,0,0,353889,120785,0
1,1,0,0,353890,120785,1
0,0,0,0,353891,120786,0
1,1,0,0,353892,120786,1
0,0,0,0,353893,120787,0
1,1,0,0,353894,120787,1
0,0,0,0,353895,120788,0
1,1,0,0,353896,120788,1
0,0,0,0,353897,120789,0
1,1,0,0,353898,120789,1
0,0,0,0,353899,120790,0
1,1,0,0,353900,120790,1
0,0,0,0,353901,120791,0
1,1,0,0,353902,120791,1
0,0,0,0,353903,120792,0
1,1,0,0,353904,120792,1
0,0,0,0,353905,120793,0
1,1,0,0,353906,120793,1
0,0,0,0,353907,120794,0
1,1,0,0,353908,120794,1
0,0,0,0,353909,120795,0
1,1,0,0,353910,120795,1
0,0,0,0,353911,120796,0
1,1,0,0,353912,120796,1
0,0,0,0,353913,120797,0
1,1,0,0,353914,120797,1
0,0,0,0,353915,120798,0
1,1,0,0,353916,120798,1
0,0,0,0,353917,120799,0
1,1,0,0,353918,120799,1
0,0,0,0,353919,120800,0
1,1,0,0,353920,120800,1
0,0,0,0,353921,120801,0
1,1,0,0,353922,120801,1
0,0,0,0,353923,120802,0
1,1,0,0,353924,120802,1
0,0,0,0,353925,120803,0
1,1,0,0,353926,120803,1
0,0,0,0,353927,120804,0
1,1,0,0,353928,120804,1
0,0,0,0,353929,120805,0
1,1,0,0,353930,120805,1
0,0,0,0,353931,120806,0
1,1,0,0,353932,120806,1
0,0,0,0,353933,120807,0
1,1,0,0,353934,120807,1
0,0,0,0,353935,120808,0
1,1,0,0,353936,120808,1
0,0,0,0,353937,120809,0
1,1,0,0,353938,120809,1
0,0,0,0,353939,120810,0
1,1,0,0,353940,120810,1
0,0,0,0,353941,120811,0
1,1,0,0,353942,120811,1
0,0,0,0,353943,120812,0
1,1,0,0,353944,120812,1
0,0,0,0,353945,120813,0
1,1,0,0,353946,120813,1
0,0,0,0,353947,120814,0
1,1,0,0,353948,120814,1
0,0,0,0,353949,120815,0
1,1,0,0,353950,120815,1
0,0,0,0,353951,120816,0
1,1,0,0,353952,120816,1
0,0,0,0,353953,120817,0
1,1,0,0,353954,120817,1
0,0,0,0,353955,120818,0
1,1,0,0,353956,120818,1
0,0,0,0,353957,120819,0
1,1,0,0,353958,120819,1
0,0,0,0,353959,120820,0
1,1,0,0,353960,120820,1
0,0,0,0,353961,120821,0
1,1,0,0,353962,120821,1
0,0,0,0,353963,120822,0
1,1,0,0,353964,120822,1
0,0,0,0,353965,120823,0
1,1,0,0,353966,120823,1
0,0,0,0,353967,120824,0
1,1,0,0,353968,120824,1
0,0,0,0,353969,120825,0
1,1,0,0,353970,120825,1
0,0,0,0,353971,120826,0
1,1,0,0,353972,120826,1
0,0,0,0,353973,120827,0
1,1,0,0,353974,120827,1
0,0,0,0,353975,120828,0
1,1,0,0,353976,120828,1
0,0,0,0,353977,120829,0
1,1,0,0,353978,120829,1
0,0,0,0,353979,120830,0
1,1,0,0,353980,120830,1
0,0,0,0,353981,120831,0
1,1,0,0,353982,120831,1
0,0,0,0,353983,120832,0
1,1,0,0,353984,120832,1
0,0,0,0,353985,120833,0
1,1,0,0,353986,120833,1
0,0,0,0,353987,120834,0
1,1,0,0,353988,120834,1
0,0,0,0,353989,120835,0
1,1,0,0,353990,120835,1
0,0,0,0,353991,120836,0
1,1,0,0,353992,120836,1
0,0,0,0,353993,120837,0
1,1,0,0,353994,120837,1
0,0,0,0,353995,120838,0
1,1,0,0,353996,120838,1
0,0,0,0,353997,120839,0
1,1,0,0,353998,120839,1
0,0,0,0,353999,120840,0
1,1,0,0,354000,120840,1
0,0,0,0,354001,120841,0
1,1,0,0,354002,120841,1
0,0,0,0,354003,120842,0
1,1,0,0,354004,120842,1
0,0,0,0,354005,120843,0
1,1,0,0,354006,120843,1
0,0,0,0,354007,120844,0
1,1,0,0,354008,120844,1
0,0,0,0,354009,120845,0
1,1,0,0,354010,120845,1
0,0,0,0,354011,120846,0
1,1,0,0,354012,120846,1
0,0,0,0,354013,120847,0
1,1,0,0,354014,120847,1
0,0,0,0,354015,120848,0
1,1,0,0,354016,120848,1
0,0,0,0,354017,120849,0
1,1,0,0,354018,120849,1
0,0,0,0,354019,120850,0
1,1,0,0,354020,120850,1
0,0,0,0,354021,120851,0
1,1,0,0,354022,120851,1
0,0,0,0,354023,120852,0
1,1,0,0,354024,120852,1
0,0,0,0,354025,120853,0
1,1,0,0,354026,120853,1
0,0,0,0,354027,120854,0
1,1,0,0,354028,120854,1
0,0,0,0,354029,120855,0
1,1,0,0,354030,120855,1
0,0,0,0,354031,120856,0
1,1,0,0,354032,120856,1
0,0,0,0,354033,120857,0
1,1,0,0,354034,120857,1
0,0,0,0,354035,120858,0
1,1,0,0,354036,120858,1
0,0,0,0,354037,120859,0
1,1,0,0,354038,120859,1
0,0,0,0,354039,120860,0
1,1,0,0,354040,120860,1
0,0,0,0,354041,120861,0
1,1,0,0,354042,120861,1
0,0,0,0,354043,120862,0
1,1,0,0,354044,120862,1
0,0,0,0,354045,120863,0
1,1,0,0,354046,120863,1
0,0,0,0,354047,120864,0
1,1,0,0,354048,120864,1
0,0,0,0,354049,120865,0
1,1,0,0,354050,120865,1
0,0,0,0,354051,120866,0
1,1,0,0,354052,120866,1
0,0,0,0,354053,120867,0
1,1,0,0,354054,120867,1
0,0,0,0,354055,120868,0
1,1,0,0,354056,120868,1
0,0,0,0,354057,120869,0
1,1,0,0,354058,120869,1
0,0,0,0,354059,120870,0
1,1,0,0,354060,120870,1
0,0,0,0,354061,120871,0
1,1,0,0,354062,120871,1
0,0,0,0,354063,120872,0
1,1,0,0,354064,120872,1
0,0,0,0,354065,120873,0
1,1,0,0,354066,120873,1
0,0,0,0,354067,120874,0
1,1,0,0,354068,120874,1
0,0,0,0,354069,120875,0
1,1,0,0,354070,120875,1
0,0,0,0,354071,120876,0
1,1,0,0,354072,120876,1
0,0,0,0,354073,120877,0
1,1,0,0,354074,120877,1
0,0,0,0,354075,120878,0
1,1,0,0,354076,120878,1
0,0,0,0,354077,120879,0
1,1,0,0,354078,120879,1
0,0,0,0,354079,120880,0
1,1,0,0,354080,120880,1
0,0,0,0,354081,120881,0
1,1,0,0,354082,120881,1
0,0,0,0,354083,120882,0
1,1,0,0,354084,120882,1
0,0,0,0,354085,120883,0
1,1,0,0,354086,120883,1
0,0,0,0,354087,120884,0
1,1,0,0,354088,120884,1
0,0,0,0,354089,120885,0
1,1,0,0,354090,120885,1
0,0,0,0,354091,120886,0
1,1,0,0,354092,120886,1
0,0,0,0,354093,120887,0
1,1,0,0,354094,120887,1
0,0,0,0,354095,120888,0
1,1,0,0,354096,120888,1
0,0,0,0,354097,120889,0
1,1,0,0,354098,120889,1
0,0,0,0,354099,120890,0
1,1,0,0,354100,120890,1
0,0,0,0,354101,120891,0
1,1,0,0,354102,120891,1
0,0,0,0,354103,120892,0
1,1,0,0,354104,120892,1
0,0,0,0,354105,120893,0
1,1,0,0,354106,120893,1
0,0,0,0,354107,120894,0
1,1,0,0,354108,120894,1
0,0,0,0,354109,120895,0
1,1,0,0,354110,120895,1
0,0,0,0,354111,120896,0
1,1,0,0,354112,120896,1
0,0,0,0,354113,120897,0
1,1,0,0,354114,120897,1
0,0,0,0,354115,120898,0
1,1,0,0,354116,120898,1
0,0,0,0,354117,120899,0
1,1,0,0,354118,120899,1
0,0,0,0,354119,120900,0
1,1,0,0,354120,120900,1
0,0,0,0,354121,120901,0
1,1,0,0,354122,120901,1
0,0,0,0,354123,120902,0
1,1,0,0,354124,120902,1
0,0,0,0,354125,120903,0
1,1,0,0,354126,120903,1
0,0,0,0,354127,120904,0
1,1,0,0,354128,120904,1
0,0,0,0,354129,120905,0
1,1,0,0,354130,120905,1
0,0,0,0,354131,120906,0
1,1,0,0,354132,120906,1
0,0,0,0,354133,120907,0
1,1,0,0,354134,120907,1
0,0,0,0,354135,120908,0
1,1,0,0,354136,120908,1
0,0,0,0,354137,120909,0
1,1,0,0,354138,120909,1
0,0,0,0,354139,120910,0
1,1,0,0,354140,120910,1
0,0,0,0,354141,120911,0
1,1,0,0,354142,120911,1
0,0,0,0,354143,120912,0
1,1,0,0,354144,120912,1
0,0,0,0,354145,120913,0
1,1,0,0,354146,120913,1
0,0,0,0,354147,120914,0
1,1,0,0,354148,120914,1
0,0,0,0,354149,120915,0
1,1,0,0,354150,120915,1
0,0,0,0,354151,120916,0
1,1,0,0,354152,120916,1
0,0,0,0,354153,120917,0
1,1,0,0,354154,120917,1
0,0,0,0,354155,120918,0
1,1,0,0,354156,120918,1
0,0,0,0,354157,120919,0
1,1,0,0,354158,120919,1
0,0,0,0,354159,120920,0
1,1,0,0,354160,120920,1
0,0,0,0,354161,120921,0
1,1,0,0,354162,120921,1
0,0,0,0,354163,120922,0
1,1,0,0,354164,120922,1
0,0,0,0,354165,120923,0
1,1,0,0,354166,120923,1
0,0,0,0,354167,120924,0
1,1,0,0,354168,120924,1
0,0,0,0,354169,120925,0
1,1,0,0,354170,120925,1
0,0,0,0,354171,120926,0
1,1,0,0,354172,120926,1
0,0,0,0,354173,120927,0
1,1,0,0,354174,120927,1
0,0,0,0,354175,120928,0
1,1,0,0,354176,120928,1
0,0,0,0,354177,120929,0
1,1,0,0,354178,120929,1
0,0,0,0,354179,120930,0
1,1,0,0,354180,120930,1
0,0,0,0,354181,120931,0
1,1,0,0,354182,120931,1
0,0,0,0,354183,120932,0
1,1,0,0,354184,120932,1
0,0,0,0,354185,120933,0
1,1,0,0,354186,120933,1
0,0,0,0,354187,120934,0
1,1,0,0,354188,120934,1
0,0,0,0,354189,120935,0
1,1,0,0,354190,120935,1
0,0,0,0,354191,120936,0
1,1,0,0,354192,120936,1
0,0,0,0,354193,120937,0
1,1,0,0,354194,120937,1
0,0,0,0,354195,120938,0
1,1,0,0,354196,120938,1
0,0,0,0,354197,120939,0
1,1,0,0,354198,120939,1
0,0,0,0,354199,120940,0
1,1,0,0,354200,120940,1
0,0,0,0,354201,120941,0
1,1,0,0,354202,120941,1
0,0,0,0,354203,120942,0
1,1,0,0,354204,120942,1
0,0,0,0,354205,120943,0
1,1,0,0,354206,120943,1
0,0,0,0,354207,120944,0
1,1,0,0,354208,120944,1
0,0,0,0,354209,120945,0
1,1,0,0,354210,120945,1
0,0,0,0,354211,120946,0
1,1,0,0,354212,120946,1
0,0,0,0,354213,120947,0
1,1,0,0,354214,120947,1
0,0,0,0,354215,120948,0
1,1,0,0,354216,120948,1
0,0,0,0,354217,120949,0
1,1,0,0,354218,120949,1
0,0,0,0,354219,120950,0
1,1,0,0,354220,120950,1
0,0,0,0,354221,120951,0
1,1,0,0,354222,120951,1
0,0,0,0,354223,120952,0
1,1,0,0,354224,120952,1
0,0,0,0,354225,120953,0
1,1,0,0,354226,120953,1
0,0,0,0,354227,120954,0
1,1,0,0,354228,120954,1
0,0,0,0,354229,120955,0
1,1,0,0,354230,120955,1
0,0,0,0,354231,120956,0
1,1,0,0,354232,120956,1
0,0,0,0,354233,120957,0
1,1,0,0,354234,120957,1
0,0,0,0,354235,120958,0
1,1,0,0,354236,120958,1
0,0,0,0,354237,120959,0
1,1,0,0,354238,120959,1
0,0,0,0,354239,120960,0
1,1,0,0,354240,120960,1
0,0,0,0,354241,120961,0
1,1,0,0,354242,120961,1
0,0,0,0,354243,120962,0
1,1,0,0,354244,120962,1
0,0,0,0,354245,120963,0
1,1,0,0,354246,120963,1
0,0,0,0,354247,120964,0
1,1,0,0,354248,120964,1
0,0,0,0,354249,120965,0
1,1,0,0,354250,120965,1
0,0,0,0,354251,120966,0
1,1,0,0,354252,120966,1
0,0,0,0,354253,120967,0
1,1,0,0,354254,120967,1
0,0,0,0,354255,120968,0
1,1,0,0,354256,120968,1
0,0,0,0,354257,120969,0
1,1,0,0,354258,120969,1
0,0,0,0,354259,120970,0
1,1,0,0,354260,120970,1
0,0,0,0,354261,120971,0
1,1,0,0,354262,120971,1
0,0,0,0,354263,120972,0
1,1,0,0,354264,120972,1
0,0,0,0,354265,120973,0
1,1,0,0,354266,120973,1
0,0,0,0,354267,120974,0
1,1,0,0,354268,120974,1
0,0,0,0,354269,120975,0
1,1,0,0,354270,120975,1
0,0,0,0,354271,120976,0
1,1,0,0,354272,120976,1
0,0,0,0,354273,120977,0
1,1,0,0,354274,120977,1
0,0,0,0,354275,120978,0
1,1,0,0,354276,120978,1
0,0,0,0,354277,120979,0
1,1,0,0,354278,120979,1
0,0,0,0,354279,120980,0
1,1,0,0,354280,120980,1
0,0,0,0,354281,120981,0
1,1,0,0,354282,120981,1
0,0,0,0,354283,120982,0
1,1,0,0,354284,120982,1
0,0,0,0,354285,120983,0
1,1,0,0,354286,120983,1
0,0,0,0,354287,120984,0
1,1,0,0,354288,120984,1
0,0,0,0,354289,120985,0
1,1,0,0,354290,120985,1
0,0,0,0,354291,120986,0
1,1,0,0,354292,120986,1
0,0,0,0,354293,120987,0
1,1,0,0,354294,120987,1
0,0,0,0,354295,120988,0
1,1,0,0,354296,120988,1
0,0,0,0,354297,120989,0
1,1,0,0,354298,120989,1
0,0,0,0,354299,120990,0
1,1,0,0,354300,120990,1
0,0,0,0,354301,120991,0
1,1,0,0,354302,120991,1
0,0,0,0,354303,120992,0
1,1,0,0,354304,120992,1
0,0,0,0,354305,120993,0
1,1,0,0,354306,120993,1
0,0,0,0,354307,120994,0
1,1,0,0,354308,120994,1
0,0,0,0,354309,120995,0
1,1,0,0,354310,120995,1
0,0,0,0,354311,120996,0
1,1,0,0,354312,120996,1
0,0,0,0,354313,120997,0
1,1,0,0,354314,120997,1
0,0,0,0,354315,120998,0
1,1,0,0,354316,120998,1
0,0,0,0,354317,120999,0
1,1,0,0,354318,120999,1
0,0,0,0,354319,121000,0
1,1,0,0,354320,121000,1
0,0,0,0,354321,121001,0
1,1,0,0,354322,121001,1
0,0,0,0,354323,121002,0
1,1,0,0,354324,121002,1
0,0,0,0,354325,121003,0
1,1,0,0,354326,121003,1
0,0,0,0,354327,121004,0
1,1,0,0,354328,121004,1
0,0,0,0,354329,121005,0
1,1,0,0,354330,121005,1
0,0,0,0,354331,121006,0
1,1,0,0,354332,121006,1
0,0,0,0,354333,121007,0
1,1,0,0,354334,121007,1
0,0,0,0,354335,121008,0
1,1,0,0,354336,121008,1
0,0,0,0,354337,121009,0
1,1,0,0,354338,121009,1
0,0,0,0,354339,121010,0
1,1,0,0,354340,121010,1
0,0,0,0,354341,121011,0
1,1,0,0,354342,121011,1
0,0,0,0,354343,121012,0
1,1,0,0,354344,121012,1
0,0,0,0,354345,121013,0
1,1,0,0,354346,121013,1
0,0,0,0,354347,121014,0
1,1,0,0,354348,121014,1
0,0,0,0,354349,121015,0
1,1,0,0,354350,121015,1
0,0,0,0,354351,121016,0
1,1,0,0,354352,121016,1
0,0,0,0,354353,121017,0
1,1,0,0,354354,121017,1
0,0,0,0,354355,121018,0
1,1,0,0,354356,121018,1
0,0,0,0,354357,121019,0
1,1,0,0,354358,121019,1
0,0,0,0,354359,121020,0
1,1,0,0,354360,121020,1
0,0,0,0,354361,121021,0
1,1,0,0,354362,121021,1
0,0,0,0,354363,121022,0
1,1,0,0,354364,121022,1
0,0,0,0,354365,121023,0
1,1,0,0,354366,121023,1
0,0,0,0,354367,121024,0
1,1,0,0,354368,121024,1
0,0,0,0,354369,121025,0
1,1,0,0,354370,121025,1
0,0,0,0,354371,121026,0
1,1,0,0,354372,121026,1
0,0,0,0,354373,121027,0
1,1,0,0,354374,121027,1
0,0,0,0,354375,121028,0
1,1,0,0,354376,121028,1
0,0,0,0,354377,121029,0
1,1,0,0,354378,121029,1
0,0,0,0,354379,121030,0
1,1,0,0,354380,121030,1
0,0,0,0,354381,121031,0
1,1,0,0,354382,121031,1
0,0,0,0,354383,121032,0
1,1,0,0,354384,121032,1
0,0,0,0,354385,121033,0
1,1,0,0,354386,121033,1
0,0,0,0,354387,121034,0
1,1,0,0,354388,121034,1
0,0,0,0,354389,121035,0
1,1,0,0,354390,121035,1
0,0,0,0,354391,121036,0
1,1,0,0,354392,121036,1
0,0,0,0,354393,121037,0
1,1,0,0,354394,121037,1
0,0,0,0,354395,121038,0
1,1,0,0,354396,121038,1
0,0,0,0,354397,121039,0
1,1,0,0,354398,121039,1
0,0,0,0,354399,121040,0
1,1,0,0,354400,121040,1
0,0,0,0,354401,121041,0
1,1,0,0,354402,121041,1
0,0,0,0,354403,121042,0
1,1,0,0,354404,121042,1
0,0,0,0,354405,121043,0
1,1,0,0,354406,121043,1
0,0,0,0,354407,121044,0
1,1,0,0,354408,121044,1
0,0,0,0,354409,121045,0
1,1,0,0,354410,121045,1
0,0,0,0,354411,121046,0
1,1,0,0,354412,121046,1
0,0,0,0,354413,121047,0
1,1,0,0,354414,121047,1
0,0,0,0,354415,121048,0
1,1,0,0,354416,121048,1
0,0,0,0,354417,121049,0
1,1,0,0,354418,121049,1
0,0,0,0,354419,121050,0
1,1,0,0,354420,121050,1
0,0,0,0,354421,121051,0
1,1,0,0,354422,121051,1
0,0,0,0,354423,121052,0
1,1,0,0,354424,121052,1
0,0,0,0,354425,121053,0
1,1,0,0,354426,121053,1
0,0,0,0,354427,121054,0
1,1,0,0,354428,121054,1
0,0,0,0,354429,121055,0
1,1,0,0,354430,121055,1
0,0,0,0,354431,121056,0
1,1,0,0,354432,121056,1
0,0,0,0,354433,121057,0
1,1,0,0,354434,121057,1
0,0,0,0,354435,121058,0
1,1,0,0,354436,121058,1
0,0,0,0,354437,121059,0
1,1,0,0,354438,121059,1
0,0,0,0,354439,121060,0
1,1,0,0,354440,121060,1
0,0,0,0,354441,121061,0
1,1,0,0,354442,121061,1
0,0,0,0,354443,121062,0
1,1,0,0,354444,121062,1
0,0,0,0,354445,121063,0
1,1,0,0,354446,121063,1
0,0,0,0,354447,121064,0
1,1,0,0,354448,121064,1
0,0,0,0,354449,121065,0
1,1,0,0,354450,121065,1
0,0,0,0,354451,121066,0
1,1,0,0,354452,121066,1
0,0,0,0,354453,121067,0
1,1,0,0,354454,121067,1
0,0,0,0,354455,121068,0
1,1,0,0,354456,121068,1
0,0,0,0,354457,121069,0
1,1,0,0,354458,121069,1
0,0,0,0,354459,121070,0
1,1,0,0,354460,121070,1
0,0,0,0,354461,121071,0
1,1,0,0,354462,121071,1
0,0,0,0,354463,121072,0
1,1,0,0,354464,121072,1
0,0,0,0,354465,121073,0
1,1,0,0,354466,121073,1
0,0,0,0,354467,121074,0
1,1,0,0,354468,121074,1
0,0,0,0,354469,121075,0
1,1,0,0,354470,121075,1
0,0,0,0,354471,121076,0
1,1,0,0,354472,121076,1
0,0,0,0,354473,121077,0
1,1,0,0,354474,121077,1
0,0,0,0,354475,121078,0
1,1,0,0,354476,121078,1
0,0,0,0,354477,121079,0
1,1,0,0,354478,121079,1
0,0,0,0,354479,121080,0
1,1,0,0,354480,121080,1
0,0,0,0,354481,121081,0
1,1,0,0,354482,121081,1
0,0,0,0,354483,121082,0
1,1,0,0,354484,121082,1
0,0,0,0,354485,121083,0
1,1,0,0,354486,121083,1
0,0,0,0,354487,121084,0
1,1,0,0,354488,121084,1
0,0,0,0,354489,121085,0
1,1,0,0,354490,121085,1
0,0,0,0,354491,121086,0
1,1,0,0,354492,121086,1
0,0,0,0,354493,121087,0
1,1,0,0,354494,121087,1
0,0,0,0,354495,121088,0
1,1,0,0,354496,121088,1
0,0,0,0,354497,121089,0
1,1,0,0,354498,121089,1
0,0,0,0,354499,121090,0
1,1,0,0,354500,121090,1
0,0,0,0,354501,121091,0
1,1,0,0,354502,121091,1
0,0,0,0,354503,121092,0
1,1,0,0,354504,121092,1
0,0,0,0,354505,121093,0
1,1,0,0,354506,121093,1
0,0,0,0,354507,121094,0
1,1,0,0,354508,121094,1
0,0,0,0,354509,121095,0
1,1,0,0,354510,121095,1
0,0,0,0,354511,121096,0
1,1,0,0,354512,121096,1
0,0,0,0,354513,121097,0
1,1,0,0,354514,121097,1
0,0,0,0,354515,121098,0
1,1,0,0,354516,121098,1
0,0,0,0,354517,121099,0
1,1,0,0,354518,121099,1
0,0,0,0,354519,121100,0
1,1,0,0,354520,121100,1
0,0,0,0,354521,121101,0
1,1,0,0,354522,121101,1
0,0,0,0,354523,121102,0
1,1,0,0,354524,121102,1
0,0,0,0,354525,121103,0
1,1,0,0,354526,121103,1
0,0,0,0,354527,121104,0
1,1,0,0,354528,121104,1
0,0,0,0,354529,121105,0
1,1,0,0,354530,121105,1
0,0,0,0,354531,121106,0
1,1,0,0,354532,121106,1
0,0,0,0,354533,121107,0
1,1,0,0,354534,121107,1
0,0,0,0,354535,121108,0
1,1,0,0,354536,121108,1
0,0,0,0,354537,121109,0
1,1,0,0,354538,121109,1
0,0,0,0,354539,121110,0
1,1,0,0,354540,121110,1
0,0,0,0,354541,121111,0
1,1,0,0,354542,121111,1
0,0,0,0,354543,121112,0
1,1,0,0,354544,121112,1
0,0,0,0,354545,121113,0
1,1,0,0,354546,121113,1
0,0,0,0,354547,121114,0
1,1,0,0,354548,121114,1
0,0,0,0,354549,121115,0
1,1,0,0,354550,121115,1
0,0,0,0,354551,121116,0
1,1,0,0,354552,121116,1
0,0,0,0,354553,121117,0
1,1,0,0,354554,121117,1
0,0,0,0,354555,121118,0
1,1,0,0,354556,121118,1
0,0,0,0,354557,121119,0
1,1,0,0,354558,121119,1
0,0,0,0,354559,121120,0
1,1,0,0,354560,121120,1
0,0,0,0,354561,121121,0
1,1,0,0,354562,121121,1
0,0,0,0,354563,121122,0
1,1,0,0,354564,121122,1
0,0,0,0,354565,121123,0
1,1,0,0,354566,121123,1
0,0,0,0,354567,121124,0
1,1,0,0,354568,121124,1
0,0,0,0,354569,121125,0
1,1,0,0,354570,121125,1
0,0,0,0,354571,121126,0
1,1,0,0,354572,121126,1
0,0,0,0,354573,121127,0
1,1,0,0,354574,121127,1
0,0,0,0,354575,121128,0
1,1,0,0,354576,121128,1
0,0,0,0,354577,121129,0
1,1,0,0,354578,121129,1
0,0,0,0,354579,121130,0
1,1,0,0,354580,121130,1
0,0,0,0,354581,121131,0
1,1,0,0,354582,121131,1
0,0,0,0,354583,121132,0
1,1,0,0,354584,121132,1
0,0,0,0,354585,121133,0
1,1,0,0,354586,121133,1
0,0,0,0,354587,121134,0
1,1,0,0,354588,121134,1
0,0,0,0,354589,121135,0
1,1,0,0,354590,121135,1
0,0,0,0,354591,121136,0
1,1,0,0,354592,121136,1
0,0,0,0,354593,121137,0
1,1,0,0,354594,121137,1
0,0,0,0,354595,121138,0
1,1,0,0,354596,121138,1
0,0,0,0,354597,121139,0
1,1,0,0,354598,121139,1
0,0,0,0,354599,121140,0
1,1,0,0,354600,121140,1
0,0,0,0,354601,121141,0
1,1,0,0,354602,121141,1
0,0,0,0,354603,121142,0
1,1,0,0,354604,121142,1
0,0,0,0,354605,121143,0
1,1,0,0,354606,121143,1
0,0,0,0,354607,121144,0
1,1,0,0,354608,121144,1
0,0,0,0,354609,121145,0
1,1,0,0,354610,121145,1
0,0,0,0,354611,121146,0
1,1,0,0,354612,121146,1
0,0,0,0,354613,121147,0
1,1,0,0,354614,121147,1
0,0,0,0,354615,121148,0
1,1,0,0,354616,121148,1
0,0,0,0,354617,121149,0
1,1,0,0,354618,121149,1
0,0,0,0,354619,121150,0
1,1,0,0,354620,121150,1
0,0,0,0,354621,121151,0
1,1,0,0,354622,121151,1
0,0,0,0,354623,121152,0
1,1,0,0,354624,121152,1
0,0,0,0,354625,121153,0
1,1,0,0,354626,121153,1
0,0,0,0,354627,121154,0
1,1,0,0,354628,121154,1
0,0,0,0,354629,121155,0
1,1,0,0,354630,121155,1
0,0,0,0,354631,121156,0
1,1,0,0,354632,121156,1
0,0,0,0,354633,121157,0
1,1,0,0,354634,121157,1
0,0,0,0,354635,121158,0
1,1,0,0,354636,121158,1
0,0,0,0,354637,121159,0
1,1,0,0,354638,121159,1
0,0,0,0,354639,121160,0
1,1,0,0,354640,121160,1
0,0,0,0,354641,121161,0
1,1,0,0,354642,121161,1
0,0,0,0,354643,121162,0
1,1,0,0,354644,121162,1
0,0,0,0,354645,121163,0
1,1,0,0,354646,121163,1
0,0,0,0,354647,121164,0
1,1,0,0,354648,121164,1
0,0,0,0,354649,121165,0
1,1,0,0,354650,121165,1
0,0,0,0,354651,121166,0
1,1,0,0,354652,121166,1
0,0,0,0,354653,121167,0
1,1,0,0,354654,121167,1
0,0,0,0,354655,121168,0
1,1,0,0,354656,121168,1
0,0,0,0,354657,121169,0
1,1,0,0,354658,121169,1
0,0,0,0,354659,121170,0
1,1,0,0,354660,121170,1
0,0,0,0,354661,121171,0
1,1,0,0,354662,121171,1
0,0,0,0,354663,121172,0
1,1,0,0,354664,121172,1
0,0,0,0,354665,121173,0
1,1,0,0,354666,121173,1
0,0,0,0,354667,121174,0
1,1,0,0,354668,121174,1
0,0,0,0,354669,121175,0
1,1,0,0,354670,121175,1
0,0,0,0,354671,121176,0
1,1,0,0,354672,121176,1
0,0,0,0,354673,121177,0
1,1,0,0,354674,121177,1
0,0,0,0,354675,121178,0
1,1,0,0,354676,121178,1
0,0,0,0,354677,121179,0
1,1,0,0,354678,121179,1
0,0,0,0,354679,121180,0
1,1,0,0,354680,121180,1
0,0,0,0,354681,121181,0
1,1,0,0,354682,121181,1
0,0,0,0,354683,121182,0
1,1,0,0,354684,121182,1
0,0,0,0,354685,121183,0
1,1,0,0,354686,121183,1
0,0,0,0,354687,121184,0
1,1,0,0,354688,121184,1
0,0,0,0,354689,121185,0
1,1,0,0,354690,121185,1
0,0,0,0,354691,121186,0
1,1,0,0,354692,121186,1
0,0,0,0,354693,121187,0
1,1,0,0,354694,121187,1
0,0,0,0,354695,121188,0
1,1,0,0,354696,121188,1
0,0,0,0,354697,121189,0
1,1,0,0,354698,121189,1
0,0,0,0,354699,121190,0
1,1,0,0,354700,121190,1
0,0,0,0,354701,121191,0
1,1,0,0,354702,121191,1
0,0,0,0,354703,121192,0
1,1,0,0,354704,121192,1
0,0,0,0,354705,121193,0
1,1,0,0,354706,121193,1
0,0,0,0,354707,121194,0
1,1,0,0,354708,121194,1
0,0,0,0,354709,121195,0
1,1,0,0,354710,121195,1
0,0,0,0,354711,121196,0
1,1,0,0,354712,121196,1
0,0,0,0,354713,121197,0
1,1,0,0,354714,121197,1
0,0,0,0,354715,121198,0
1,1,0,0,354716,121198,1
0,0,0,0,354717,121199,0
1,1,0,0,354718,121199,1
0,0,0,0,354719,121200,0
1,1,0,0,354720,121200,1
0,0,0,0,354721,121201,0
1,1,0,0,354722,121201,1
0,0,0,0,354723,121202,0
1,1,0,0,354724,121202,1
0,0,0,0,354725,121203,0
1,1,0,0,354726,121203,1
0,0,0,0,354727,121204,0
1,1,0,0,354728,121204,1
0,0,0,0,354729,121205,0
1,1,0,0,354730,121205,1
0,0,0,0,354731,121206,0
1,1,0,0,354732,121206,1
0,0,0,0,354733,121207,0
1,1,0,0,354734,121207,1
0,0,0,0,354735,121208,0
1,1,0,0,354736,121208,1
0,0,0,0,354737,121209,0
1,1,0,0,354738,121209,1
0,0,0,0,354739,121210,0
1,1,0,0,354740,121210,1
0,0,0,0,354741,121211,0
1,1,0,0,354742,121211,1
0,0,0,0,354743,121212,0
1,1,0,0,354744,121212,1
0,0,0,0,354745,121213,0
1,1,0,0,354746,121213,1
0,0,0,0,354747,121214,0
1,1,0,0,354748,121214,1
0,0,0,0,354749,121215,0
1,1,0,0,354750,121215,1
0,0,0,0,354751,121216,0
1,1,0,0,354752,121216,1
0,0,0,0,354753,121217,0
1,1,0,0,354754,121217,1
0,0,0,0,354755,121218,0
1,1,0,0,354756,121218,1
0,0,0,0,354757,121219,0
1,1,0,0,354758,121219,1
0,0,0,0,354759,121220,0
1,1,0,0,354760,121220,1
0,0,0,0,354761,121221,0
1,1,0,0,354762,121221,1
0,0,0,0,354763,121222,0
1,1,0,0,354764,121222,1
0,0,0,0,354765,121223,0
1,1,0,0,354766,121223,1
0,0,0,0,354767,121224,0
1,1,0,0,354768,121224,1
0,0,0,0,354769,121225,0
1,1,0,0,354770,121225,1
0,0,0,0,354771,121226,0
1,1,0,0,354772,121226,1
0,0,0,0,354773,121227,0
1,1,0,0,354774,121227,1
0,0,0,0,354775,121228,0
1,1,0,0,354776,121228,1
0,0,0,0,354777,121229,0
1,1,0,0,354778,121229,1
0,0,0,0,354779,121230,0
1,1,0,0,354780,121230,1
0,0,0,0,354781,121231,0
1,1,0,0,354782,121231,1
0,0,0,0,354783,121232,0
1,1,0,0,354784,121232,1
0,0,0,0,354785,121233,0
1,1,0,0,354786,121233,1
0,0,0,0,354787,121234,0
1,1,0,0,354788,121234,1
0,0,0,0,354789,121235,0
1,1,0,0,354790,121235,1
0,0,0,0,354791,121236,0
1,1,0,0,354792,121236,1
0,0,0,0,354793,121237,0
1,1,0,0,354794,121237,1
0,0,0,0,354795,121238,0
1,1,0,0,354796,121238,1
0,0,0,0,354797,121239,0
1,1,0,0,354798,121239,1
0,0,0,0,354799,121240,0
1,1,0,0,354800,121240,1
0,0,0,0,354801,121241,0
1,1,0,0,354802,121241,1
0,0,0,0,354803,121242,0
1,1,0,0,354804,121242,1
0,0,0,0,354805,121243,0
1,1,0,0,354806,121243,1
0,0,0,0,354807,121244,0
1,1,0,0,354808,121244,1
0,0,0,0,354809,121245,0
1,1,0,0,354810,121245,1
0,0,0,0,354811,121246,0
1,1,0,0,354812,121246,1
0,0,0,0,354813,121247,0
1,1,0,0,354814,121247,1
0,0,0,0,354815,121248,0
1,1,0,0,354816,121248,1
0,0,0,0,354817,121249,0
1,1,0,0,354818,121249,1
0,0,0,0,354819,121250,0
1,1,0,0,354820,121250,1
0,0,0,0,354821,121251,0
1,1,0,0,354822,121251,1
0,0,0,0,354823,121252,0
1,1,0,0,354824,121252,1
0,0,0,0,354825,121253,0
1,1,0,0,354826,121253,1
0,0,0,0,354827,121254,0
1,1,0,0,354828,121254,1
0,0,0,0,354829,121255,0
1,1,0,0,354830,121255,1
0,0,0,0,354831,121256,0
1,1,0,0,354832,121256,1
0,0,0,0,354833,121257,0
1,1,0,0,354834,121257,1
0,0,0,0,354835,121258,0
1,1,0,0,354836,121258,1
0,0,0,0,354837,121259,0
1,1,0,0,354838,121259,1
0,0,0,0,354839,121260,0
1,1,0,0,354840,121260,1
0,0,0,0,354841,121261,0
1,1,0,0,354842,121261,1
0,0,0,0,354843,121262,0
1,1,0,0,354844,121262,1
0,0,0,0,354845,121263,0
1,1,0,0,354846,121263,1
0,0,0,0,354847,121264,0
1,1,0,0,354848,121264,1
0,0,0,0,354849,121265,0
1,1,0,0,354850,121265,1
0,0,0,0,354851,121266,0
1,1,0,0,354852,121266,1
0,0,0,0,354853,121267,0
1,1,0,0,354854,121267,1
0,0,0,0,354855,121268,0
1,1,0,0,354856,121268,1
0,0,0,0,354857,121269,0
1,1,0,0,354858,121269,1
0,0,0,0,354859,121270,0
1,1,0,0,354860,121270,1
0,0,0,0,354861,121271,0
1,1,0,0,354862,121271,1
0,0,0,0,354863,121272,0
1,1,0,0,354864,121272,1
0,0,0,0,354865,121273,0
1,1,0,0,354866,121273,1
0,0,0,0,354867,121274,0
1,1,0,0,354868,121274,1
0,0,0,0,354869,121275,0
1,1,0,0,354870,121275,1
0,0,0,0,354871,121276,0
1,1,0,0,354872,121276,1
0,0,0,0,354873,121277,0
1,1,0,0,354874,121277,1
0,0,0,0,354875,121278,0
1,1,0,0,354876,121278,1
0,0,0,0,354877,121279,0
1,1,0,0,354878,121279,1
0,0,0,0,354879,121280,0
1,1,0,0,354880,121280,1
0,0,0,0,354881,121281,0
1,1,0,0,354882,121281,1
0,0,0,0,354883,121282,0
1,1,0,0,354884,121282,1
0,0,0,0,354885,121283,0
1,1,0,0,354886,121283,1
0,0,0,0,354887,121284,0
1,1,0,0,354888,121284,1
0,0,0,0,354889,121285,0
1,1,0,0,354890,121285,1
0,0,0,0,354891,121286,0
1,1,0,0,354892,121286,1
0,0,0,0,354893,121287,0
1,1,0,0,354894,121287,1
0,0,0,0,354895,121288,0
1,1,0,0,354896,121288,1
0,0,0,0,354897,121289,0
1,1,0,0,354898,121289,1
0,0,0,0,354899,121290,0
1,1,0,0,354900,121290,1
0,0,0,0,354901,121291,0
1,1,0,0,354902,121291,1
0,0,0,0,354903,121292,0
1,1,0,0,354904,121292,1
0,0,0,0,354905,121293,0
1,1,0,0,354906,121293,1
0,0,0,0,354907,121294,0
1,1,0,0,354908,121294,1
0,0,0,0,354909,121295,0
1,1,0,0,354910,121295,1
0,0,0,0,354911,121296,0
1,1,0,0,354912,121296,1
0,0,0,0,354913,121297,0
1,1,0,0,354914,121297,1
0,0,0,0,354915,121298,0
1,1,0,0,354916,121298,1
0,0,0,0,354917,121299,0
1,1,0,0,354918,121299,1
0,0,0,0,354919,121300,0
1,1,0,0,354920,121300,1
0,0,0,0,354921,121301,0
1,1,0,0,354922,121301,1
0,0,0,0,354923,121302,0
1,1,0,0,354924,121302,1
0,0,0,0,354925,121303,0
1,1,0,0,354926,121303,1
0,0,0,0,354927,121304,0
1,1,0,0,354928,121304,1
0,0,0,0,354929,121305,0
1,1,0,0,354930,121305,1
0,0,0,0,354931,121306,0
1,1,0,0,354932,121306,1
0,0,0,0,354933,121307,0
1,1,0,0,354934,121307,1
0,0,0,0,354935,121308,0
1,1,0,0,354936,121308,1
0,0,0,0,354937,121309,0
1,1,0,0,354938,121309,1
0,0,0,0,354939,121310,0
1,1,0,0,354940,121310,1
0,0,0,0,354941,121311,0
1,1,0,0,354942,121311,1
0,0,0,0,354943,121312,0
1,1,0,0,354944,121312,1
0,0,0,0,354945,121313,0
1,1,0,0,354946,121313,1
0,0,0,0,354947,121314,0
1,1,0,0,354948,121314,1
0,0,0,0,354949,121315,0
1,1,0,0,354950,121315,1
0,0,0,0,354951,121316,0
1,1,0,0,354952,121316,1
0,0,0,0,354953,121317,0
1,1,0,0,354954,121317,1
0,0,0,0,354955,121318,0
1,1,0,0,354956,121318,1
0,0,0,0,354957,121319,0
1,1,0,0,354958,121319,1
0,0,0,0,354959,121320,0
1,1,0,0,354960,121320,1
0,0,0,0,354961,121321,0
1,1,0,0,354962,121321,1
0,0,0,0,354963,121322,0
1,1,0,0,354964,121322,1
0,0,0,0,354965,121323,0
1,1,0,0,354966,121323,1
0,0,0,0,354967,121324,0
1,1,0,0,354968,121324,1
0,0,0,0,354969,121325,0
1,1,0,0,354970,121325,1
0,0,0,0,354971,121326,0
1,1,0,0,354972,121326,1
0,0,0,0,354973,121327,0
1,1,0,0,354974,121327,1
0,0,0,0,354975,121328,0
1,1,0,0,354976,121328,1
0,0,0,0,354977,121329,0
1,1,0,0,354978,121329,1
0,0,0,0,354979,121330,0
1,1,0,0,354980,121330,1
0,0,0,0,354981,121331,0
1,1,0,0,354982,121331,1
0,0,0,0,354983,121332,0
1,1,0,0,354984,121332,1
0,0,0,0,354985,121333,0
1,1,0,0,354986,121333,1
0,0,0,0,354987,121334,0
1,1,0,0,354988,121334,1
0,0,0,0,354989,121335,0
1,1,0,0,354990,121335,1
0,0,0,0,354991,121336,0
1,1,0,0,354992,121336,1
0,0,0,0,354993,121337,0
1,1,0,0,354994,121337,1
0,0,0,0,354995,121338,0
1,1,0,0,354996,121338,1
0,0,0,0,354997,121339,0
1,1,0,0,354998,121339,1
0,0,0,0,354999,121340,0
1,1,0,0,355000,121340,1
0,0,0,0,355001,121341,0
1,1,0,0,355002,121341,1
0,0,0,0,355003,121342,0
1,1,0,0,355004,121342,1
0,0,0,0,355005,121343,0
1,1,0,0,355006,121343,1
0,0,0,0,355007,121344,0
1,1,0,0,355008,121344,1
0,0,0,0,355009,121345,0
1,1,0,0,355010,121345,1
0,0,0,0,355011,121346,0
1,1,0,0,355012,121346,1
0,0,0,0,355013,121347,0
1,1,0,0,355014,121347,1
0,0,0,0,355015,121348,0
1,1,0,0,355016,121348,1
0,0,0,0,355017,121349,0
1,1,0,0,355018,121349,1
0,0,0,0,355019,121350,0
1,1,0,0,355020,121350,1
0,0,0,0,355021,121351,0
1,1,0,0,355022,121351,1
0,0,0,0,355023,121352,0
1,1,0,0,355024,121352,1
0,0,0,0,355025,121353,0
1,1,0,0,355026,121353,1
0,0,0,0,355027,121354,0
1,1,0,0,355028,121354,1
0,0,0,0,355029,121355,0
1,1,0,0,355030,121355,1
0,0,0,0,355031,121356,0
1,1,0,0,355032,121356,1
0,0,0,0,355033,121357,0
1,1,0,0,355034,121357,1
0,0,0,0,355035,121358,0
1,1,0,0,355036,121358,1
0,0,0,0,355037,121359,0
1,1,0,0,355038,121359,1
0,0,0,0,355039,121360,0
1,1,0,0,355040,121360,1
0,0,0,0,355041,121361,0
1,1,0,0,355042,121361,1
0,0,0,0,355043,121362,0
1,1,0,0,355044,121362,1
0,0,0,0,355045,121363,0
1,1,0,0,355046,121363,1
0,0,0,0,355047,121364,0
1,1,0,0,355048,121364,1
0,0,0,0,355049,121365,0
1,1,0,0,355050,121365,1
0,0,0,0,355051,121366,0
1,1,0,0,355052,121366,1
0,0,0,0,355053,121367,0
1,1,0,0,355054,121367,1
0,0,0,0,355055,121368,0
1,1,0,0,355056,121368,1
0,0,0,0,355057,121369,0
1,1,0,0,355058,121369,1
0,0,0,0,355059,121370,0
1,1,0,0,355060,121370,1
0,0,0,0,355061,121371,0
1,1,0,0,355062,121371,1
0,0,0,0,355063,121372,0
1,1,0,0,355064,121372,1
0,0,0,0,355065,121373,0
1,1,0,0,355066,121373,1
0,0,0,0,355067,121374,0
1,1,0,0,355068,121374,1
0,0,0,0,355069,121375,0
1,1,0,0,355070,121375,1
0,0,0,0,355071,121376,0
1,1,0,0,355072,121376,1
0,0,0,0,355073,121377,0
1,1,0,0,355074,121377,1
0,0,0,0,355075,121378,0
1,1,0,0,355076,121378,1
0,0,0,0,355077,121379,0
1,1,0,0,355078,121379,1
0,0,0,0,355079,121380,0
1,1,0,0,355080,121380,1
0,0,0,0,355081,121381,0
1,1,0,0,355082,121381,1
0,0,0,0,355083,121382,0
1,1,0,0,355084,121382,1
0,0,0,0,355085,121383,0
1,1,0,0,355086,121383,1
0,0,0,0,355087,121384,0
1,1,0,0,355088,121384,1
0,0,0,0,355089,121385,0
1,1,0,0,355090,121385,1
0,0,0,0,355091,121386,0
1,1,0,0,355092,121386,1
0,0,0,0,355093,121387,0
1,1,0,0,355094,121387,1
1,9,0,0,355095,121388,0
2,8,0,0,355096,121388,1
3,7,0,0,355097,121388,2
4,6,0,0,355098,121388,3
5,5,0,0,355099,121388,4
0,0,0,0,355195,121420,0
0.29818183,0.053475916,0,0,355196,121420,1
0.7309091,0.973262,0,0,355197,121420,2
1,1,0,0,355198,121420,3
1,5,0,0,355216,121429,0
2,5,0,0,355217,121429,1
1,6,0,0,355218,121430,0
2,6,0,0,355219,121430,1
1,7,0,0,355220,121431,0
2,7,0,0,355221,121431,1
1,8,0,0,355222,121432,0
2,8,0,0,355223,121432,1
0,0,0,0,355463,121515,0
1,1,0,0,355464,121515,1
0,0,0,0,355465,121516,0
1,1,0,0,355466,121516,1
0,0,0,0,355467,121517,0
1,1,0,0,355468,121517,1
0,0,0,0,355469,121518,0
1,1,0,0,355470,121518,1
0,0,0,0,355471,121519,0
1,1,0,0,355472,121519,1
0,0,0,0,355473,121520,0
1,1,0,0,355474,121520,1
0,0,0,0,355475,121521,0
1,1,0,0,355476,121521,1
0,0,0,0,355477,121522,0
1,1,0,0,355478,121522,1
0,0,0,0,355479,121523,0
1,1,0,0,355480,121523,1
0,0,0,0,355481,121524,0
1,1,0,0,355482,121524,1
0,0,0,0,355483,121525,0
1,1,0,0,355484,121525,1
0,0,0,0,355485,121526,0
1,1,0,0,355486,121526,1
0,0,0,0,355487,121527,0
1,1,0,0,355488,121527,1
0,0,0,0,355489,121528,0
1,1,0,0,355490,121528,1
0,0,0,0,355491,121529,0
1,1,0,0,355492,121529,1
0,0,0,0,355493,121530,0
1,1,0,0,355494,121530,1
0,0,0,0,355495,121531,0
1,1,0,0,355496,121531,1
0,0,0,0,355497,121532,0
1,1,0,0,355498,121532,1
0,0,0,0,355499,121533,0
1,1,0,0,355500,121533,1
0,0,0,0,355501,121534,0
1,1,0,0,355502,121534,1
0,0,0,0,355503,121535,0
1,1,0,0,355504,121535,1
0,0,0,0,355505,121536,0
1,1,0,0,355506,121536,1
0,0,0,0,355507,121537,0
1,1,0,0,355508,121537,1
0,0,0,0,355509,121538,0
1,1,0,0,355510,121538,1
0,0,0,0,355511,121539,0
1,1,0,0,355512,121539,1
0,0,0,0,355513,121540,0
1,1,0,0,355514,121540,1
0,0,0,0,355515,121541,0
1,1,0,0,355516,121541,1
0,0,0,0,355517,121542,0
1,1,0,0,355518,121542,1
0,0,0,0,355519,121543,0
1,1,0,0,355520,121543,1
0,0,0,0,355521,121544,0
1,1,0,0,355522,121544,1
0,0,0,0,355523,121545,0
1,1,0,0,355524,121545,1
0,0,0,0,355525,121546,0
1,1,0,0,355526,121546,1
0,0,0,0,355527,121547,0
1,1,0,0,355528,121547,1
0,0,0,0,355529,121548,0
1,1,0,0,355530,121548,1
0,0,0,0,355531,121549,0
1,1,0,0,355532,121549,1
0,0,0,0,355533,121550,0
1,1,0,0,355534,121550,1
0,0,0,0,355535,121551,0
1,1,0,0,355536,121551,1
0,0,0,0,355537,121552,0
1,1,0,0,355538,121552,1
0,0,0,0,355539,121553,0
1,1,0,0,355540,121553,1
0,0,0,0,355541,121554,0
1,1,0,0,355542,121554,1
0,0,0,0,355543,121555,0
1,1,0,0,355544,121555,1
0,0,0,0,355545,121556,0
1,1,0,0,355546,121556,1
0,0,0,0,355549,121558,0
1,1,0,0,355550,121558,1
0,0,0,0,355551,121559,0
1,1,0,0,355552,121559,1
0,0,0,0,355553,121560,0
1,1,0,0,355554,121560,1
0,0,0,0,355555,121561,0
1,1,0,0,355556,121561,1
0,0,0,0,355557,121562,0
1,1,0,0,355558,121562,1
0,0,0,0,355559,121563,0
1,1,0,0,355560,121563,1
0,0,0,0,355561,121564,0
1,1,0,0,355562,121564,1
0,0,0,0,355563,121565,0
1,1,0,0,355564,121565,1
0,0,0,0,355565,121566,0
1,1,0,0,355566,121566,1
0,0,0,0,355567,121567,0
1,1,0,0,355568,121567,1
0,0,0,0,355569,121568,0
1,1,0,0,355570,121568,1
0,0,0,0,355571,121569,0
1,1,0,0,355572,121569,1
0,0,0,0,355573,121570,0
1,1,0,0,355574,121570,1
0,0,0,0,355575,121571,0
1,1,0,0,355576,121571,1
0,0,0,0,355577,121572,0
1,1,0,0,355578,121572,1
0,0,0,0,355579,121573,0
1,1,0,0,355580,121573,1
0,0,0,0,355581,121574,0
1,1,0,0,355582,121574,1
0,0,0,0,355583,121575,0
1,1,0,0,355584,121575,1
0,0,0,0,355585,121576,0
1,1,0,0,355586,121576,1
0,0,0,0,355587,121577,0
1,1,0,0,355588,121577,1
0,0,0,0,355589,121578,0
1,1,0,0,355590,121578,1
0,0,0,0,355591,121579,0
1,1,0,0,355592,121579,1
0,0,0,0,355593,121580,0
1,1,0,0,355594,121580,1
0,0,0,0,355595,121581,0
1,1,0,0,355596,121581,1
0,0,0,0,355597,121582,0
1,1,0,0,355598,121582,1
0,0,0,0,355599,121583,0
1,1,0,0,355600,121583,1
0,0,0,0,355601,121584,0
1,1,0,0,355602,121584,1
0,0,0,0,355603,121585,0
1,1,0,0,355604,121585,1
0,0,0,0,355605,121586,0
1,1,0,0,355606,121586,1
0,0,0,0,355607,121587,0
1,1,0,0,355608,121587,1
0,0,0,0,355609,121588,0
1,1,0,0,355610,121588,1
0,0,0,0,355611,121589,0
1,1,0,0,355612,121589,1
0,0,0,0,355613,121590,0
1,1,0,0,355614,121590,1
0,0,0,0,355615,121591,0
1,1,0,0,355616,121591,1
0,0,0,0,355617,121592,0
1,1,0,0,355618,121592,1
0,0,0,0,355619,121593,0
1,1,0,0,355620,121593,1
1,4,0,0,355695,121614,0
2,8,0,0,355696,121614,1
3,12,0,0,355697,121614,2
4,16,0,0,355698,121614,3
5,20,0,0,355699,121614,4
0,0,0,0,355700,121615,0
1,1,0,0,355701,121615,1
0,0,0,0,355702,121616,0
1,1,0,0,355703,121616,1
0,0,0,0,355704,121617,0
1,1,0,0,355705,121617,1
0,0,0,0,355706,121618,0
1,1,0,0,355707,121618,1
0,0,0,0,355708,121619,0
1,1,0,0,355709,121619,1
0,0,0,0,355710,121620,0
1,1,0,0,355711,121620,1
0,0,0,0,355712,121621,0
1,1,0,0,355713,121621,1
0,0,0,0,355714,121622,0
1,1,0,0,355715,121622,1
0,0,0,0,355716,121623,0
1,1,0,0,355717,121623,1
0,0,0,0,355718,121624,0
1,1,0,0,355719,121624,1
0,0,0,0,355720,121625,0
1,1,0,0,355721,121625,1
0,0,0,0,355722,121626,0
1,1,0,0,355723,121626,1
0,0,0,0,355724,121627,0
1,1,0,0,355725,121627,1
0,0,0,0,355726,121628,0
1,1,0,0,355727,121628,1
0,0,0,0,355728,121629,0
1,1,0,0,355729,121629,1
0,0,0,0,355730,121630,0
1,1,0,0,355731,121630,1
0,0,0,0,355732,121631,0
1,1,0,0,355733,121631,1
0,0,0,0,355734,121632,0
1,1,0,0,355735,121632,1
0,0,0,0,355736,121633,0
1,1,0,0,355737,121633,1
0,0,0,0,355738,121634,0
1,1,0,0,355739,121634,1
0,0,0,0,355740,121635,0
1,1,0,0,355741,121635,1
0,0,0,0,355742,121636,0
1,1,0,0,355743,121636,1
0,0,0,0,355744,121637,0
1,1,0,0,355745,121637,1
0,0,0,0,355746,121638,0
1,1,0,0,355747,121638,1
0,0,0,0,355748,121639,0
1,1,0,0,355749,121639,1
0,0,0,0,355750,121640,0
1,1,0,0,355751,121640,1
0,0,0,0,355752,121641,0
1,1,0,0,355753,121641,1
0,0,0,0,355754,121642,0
1,1,0,0,355755,121642,1
0,0,0,0,355756,121643,0
1,1,0,0,355757,121643,1
0,0,0,0,355758,121644,0
1,1,0,0,355759,121644,1
0,0,0,0,355760,121645,0
1,1,0,0,355761,121645,1
0,0,0,0,355762,121646,0
1,1,0,0,355763,121646,1
0,0,0,0,355764,121647,0
1,1,0,0,355765,121647,1
0,0,0,0,355766,121648,0
1,1,0,0,355767,121648,1
0,0,0,0,355768,121649,0
1,1,0,0,355769,121649,1
0,0,0,0,355770,121650,0
1,1,0,0,355771,121650,1
0,0,0,0,355772,121651,0
1,1,0,0,355773,121651,1
0,0,0,0,355774,121652,0
1,1,0,0,355775,121652,1
0,0,0,0,355776,121653,0
1,1,0,0,355777,121653,1
0,0,0,0,355778,121654,0
1,1,0,0,355779,121654,1
0,0,0,0,355780,121655,0
1,1,0,0,355781,121655,1
0,0,0,0,355782,121656,0
1,1,0,0,355783,121656,1
0,0,0,0,355784,121657,0
1,1,0,0,355785,121657,1
0,0,0,0,355786,121658,0
1,1,0,0,355787,121658,1
0,0,0,0,355788,121659,0
1,1,0,0,355789,121659,1
0,0,0,0,355790,121660,0
1,1,0,0,355791,121660,1
0,0,0,0,355792,121661,0
1,1,0,0,355793,121661,1
0,0,0,0,355794,121662,0
1,1,0,0,355795,121662,1
0,0,0,0,355796,121663,0
1,1,0,0,355797,121663,1
0,0,0,0,355798,121664,0
1,1,0,0,355799,121664,1
0,0,0,0,355800,121665,0
1,1,0,0,355801,121665,1
0,0,0,0,355802,121666,0
1,1,0,0,355803,121666,1
0,0,0,0,355804,121667,0
1,1,0,0,355805,121667,1
0,0,0,0,355806,121668,0
1,1,0,0,355807,121668,1
0,0,0,0,355808,121669,0
1,1,0,0,355809,121669,1
0,0,0,0,355810,121670,0
1,1,0,0,355811,121670,1
0,0,0,0,355812,121671,0
1,1,0,0,355813,121671,1
0,0,0,0,355814,121672,0
1,1,0,0,355815,121672,1
0,0,0,0,355816,121673,0
1,1,0,0,355817,121673,1
0,0,0,0,355818,121674,0
1,1,0,0,355819,121674,1
0,0,0,0,355820,121675,0
1,1,0,0,355821,121675,1
0,0,0,0,355822,121676,0
1,1,0,0,355823,121676,1
0,0,0,0,355824,121677,0
1,1,0,0,355825,121677,1
0,0,0,0,355826,121678,0
1,1,0,0,355827,121678,1
0,0,0,0,355828,121679,0
1,1,0,0,355829,121679,1
0,0,0,0,355830,121680,0
1,1,0,0,355831,121680,1
0,0,0,0,355832,121681,0
1,1,0,0,355833,121681,1
0,0,0,0,355834,121682,0
1,1,0,0,355835,121682,1
0,0,0,0,355836,121683,0
1,1,0,0,355837,121683,1
0,0,0,0,355838,121684,0
1,1,0,0,355839,121684,1
0,0,0,0,355840,121685,0
1,1,0,0,355841,121685,1
0,0,0,0,355842,121686,0
1,1,0,0,355843,121686,1
0,0,0,0,355890,121702,0
1,1,0,0,355891,121702,1
0,0,0,0,355892,121703,0
1,1,0,0,355893,121703,1
0,0,0,0,355894,121704,0
1,1,0,0,355895,121704,1
0,0,0,0,355896,121705,0
1,1,0,0,355897,121705,1
0,0,0,0,355898,121706,0
1,1,0,0,355899,121706,1
0,0,0,0,355900,121707,0
1,1,0,0,355901,121707,1
0,0,0,0,355902,121708,0
1,1,0,0,355903,121708,1
0,0,0,0,355904,121709,0
1,1,0,0,355905,121709,1
0,0,0,0,355906,121710,0
1,1,0,0,355907,121710,1
0,0,0,0,355908,121711,0
1,1,0,0,355909,121711,1
0,0,0,0,355910,121712,0
1,1,0,0,355911,121712,1
0,0,0,0,355912,121713,0
1,1,0,0,355913,121713,1
0,0,0,0,355914,121714,0
1,1,0,0,355915,121714,1
0,0,0,0,355916,121715,0
1,1,0,0,355917,121715,1
0,0,0,0,355918,121716,0
1,1,0,0,355919,121716,1
0,0,0,0,355920,121717,0
1,1,0,0,355921,121717,1
0,0,0,0,355922,121718,0
1,1,0,0,355923,121718,1
0,0,0,0,355924,121719,0
1,1,0,0,355925,121719,1
0,0,0,0,355926,121720,0
1,1,0,0,355927,121720,1
0,0,0,0,355928,121721,0
1,1,0,0,355929,121721,1
0,0,0,0,355930,121722,0
1,1,0,0,355931,121722,1
0,0,0,0,355932,121723,0
1,1,0,0,355933,121723,1
0,0,0,0,355934,121724,0
1,1,0,0,355935,121724,1
0,0,0,0,355936,121725,0
1,1,0,0,355937,121725,1
0,0,0,0,355938,121726,0
1,1,0,0,355939,121726,1
0,0,0,0,355940,121727,0
1,1,0,0,355941,121727,1
0,0,0,0,355942,121728,0
1,1,0,0,355943,121728,1
0,0,0,0,355944,121729,0
1,1,0,0,355945,121729,1
0,0,0,0,355946,121730,0
1,1,0,0,355947,121730,1
0,0,0,0,355948,121731,0
1,1,0,0,355949,121731,1
0,0,0,0,355950,121732,0
1,1,0,0,355951,121732,1
0,0,0,0,355952,121733,0
1,1,0,0,355953,121733,1
0,0,0,0,355954,121734,0
1,1,0,0,355955,121734,1
0,0,0,0,355956,121735,0
1,1,0,0,355957,121735,1
0,0,0,0,355958,121736,0
1,1,0,0,355959,121736,1
0,0,0,0,355960,121737,0
1,1,0,0,355961,121737,1
0,0,0,0,355965,121739,0
6.5,5.523014,0,0,355966,121739,1
0,0,0,0,355967,121740,0
1,1,0,0,355968,121740,1
0,0,0,0,355969,121741,0
1,1,0,0,355970,121741,1
0,0,0,0,355971,121742,0
1,1,0,0,355972,121742,1
0,0,0,0,355973,121743,0
1,1,0,0,355974,121743,1
0,0,0,0,355975,121744,0
1,1,0,0,355976,121744,1
0,0,0,0,355977,121745,0
1,1,0,0,355978,121745,1
0,0,0,0,355979,121746,0
1,1,0,0,355980,121746,1
0,0,0,0,355981,121747,0
1,1,0,0,355982,121747,1
0,0,0,0,355983,121748,0
1,1,0,0,355984,121748,1
0,0,0,0,355985,121749,0
1,1,0,0,355986,121749,1
0,0,0,0,355987,121750,0
1,1,0,0,355988,121750,1
0,0,0,0,355989,121751,0
1,1,0,0,355990,121751,1
0,0,0,0,355991,121752,0
1,1,0,0,355992,121752,1
0,0,0,0,355993,121753,0
1,1,0,0,355994,121753,1
0,0,0,0,355995,121754,0
1,1,0,0,355996,121754,1
0,0,0,0,355997,121755,0
1,1,0,0,355998,121755,1
0,0,0,0,355999,121756,0
1,1,0,0,356000,121756,1
0,0,0,0,356001,121757,0
1,1,0,0,356002,121757,1
0,0,0,0,356003,121758,0
1,1,0,0,356004,121758,1
0,0,0,0,356005,121759,0
1,1,0,0,356006,121759,1
0,0,0,0,356007,121760,0
1,1,0,0,356008,121760,1
0,0,0,0,356009,121761,0
1,1,0,0,356010,121761,1
0,0,0,0,356011,121762,0
1,1,0,0,356012,121762,1
0,0,0,0,356013,121763,0
1,1,0,0,356014,121763,1
0,0,0,0,356015,121764,0
1,1,0,0,356016,121764,1
0,0,0,0,356017,121765,0
1,1,0,0,356018,121765,1
0,0,0,0,356019,121766,0
1,1,0,0,356020,121766,1
0,0,0,0,356021,121767,0
1,1,0,0,356022,121767,1
0,0,0,0,356023,121768,0
1,1,0,0,356024,121768,1
0,0,0,0,356025,121769,0
1,1,0,0,356026,121769,1
0,0,0,0,356027,121770,0
1,1,0,0,356028,121770,1
0,0,0,0,356029,121771,0
1,1,0,0,356030,121771,1
0,0,0,0,356031,121772,0
1,1,0,0,356032,121772,1
0,0,0,0,356033,121773,0
1,1,0,0,356034,121773,1
0,0,0,0,356035,121774,0
1,1,0,0,356036,121774,1
0,0,0,0,356037,121775,0
1,1,0,0,356038,121775,1
0,0,0,0,356315,121856,0
1,1,0,0,356316,121856,1
0,0,0,0,356317,121857,0
1,1,0,0,356318,121857,1
0,0,0,0,356319,121858,0
1,1,0,0,356320,121858,1
0,0,0,0,356321,121859,0
1,1,0,0,356322,121859,1
0,0,0,0,356323,121860,0
1,1,0,0,356324,121860,1
0,0,0,0,356325,121861,0
1,1,0,0,356326,121861,1
0,0,0,0,356327,121862,0
1,1,0,0,356328,121862,1
0,0,0,0,356329,121863,0
1,1,0,0,356330,121863,1
0,0,0,0,356331,121864,0
1,1,0,0,356332,121864,1
0,0,0,0,356333,121865,0
1,1,0,0,356334,121865,1
0,0,0,0,356335,121866,0
1,1,0,0,356336,121866,1
0,0,0,0,356337,121867,0
1,1,0,0,356338,121867,1
0,0,0,0,356339,121868,0
1,1,0,0,356340,121868,1
0,0,0,0,356341,121869,0
1,1,0,0,356342,121869,1
0,0,0,0,356343,121870,0
1,1,0,0,356344,121870,1
0,0,0,0,356345,121871,0
1,1,0,0,356346,121871,1
0,0,0,0,356347,121872,0
1,1,0,0,356348,121872,1
0,0,0,0,356349,121873,0
1,1,0,0,356350,121873,1
0,0,0,0,356351,121874,0
1,1,0,0,356352,121874,1
0,0,0,0,356353,121875,0
1,1,0,0,356354,121875,1
0,0,0,0,356355,121876,0
1,1,0,0,356356,121876,1
0,0,0,0,356357,121877,0
1,1,0,0,356358,121877,1
0,0,0,0,356359,121878,0
1,1,0,0,356360,121878,1
0,0,0,0,356361,121879,0
1,1,0,0,356362,121879,1
0,0,0,0,356363,121880,0
1,1,0,0,356364,121880,1
0,0,0,0,356365,121881,0
1,1,0,0,356366,121881,1
0,0,0,0,356367,121882,0
1,1,0,0,356368,121882,1
0,0,0,0,356369,121883,0
1,1,0,0,356370,121883,1
0,0,0,0,356371,121884,0
1,1,0,0,356372,121884,1
0,0,0,0,356373,121885,0
1,1,0,0,356374,121885,1
0,0,0,0,356375,121886,0
1,1,0,0,356376,121886,1
0,0,0,0,356377,121887,0
1,1,0,0,356378,121887,1
0,0,0,0,356379,121888,0
1,1,0,0,356380,121888,1
0,0,0,0,356381,121889,0
1,1,0,0,356382,121889,1
0,0,0,0,356383,121890,0
1,1,0,0,356384,121890,1
0,0,0,0,356385,121891,0
1,1,0,0,356386,121891,1
0,0,0,0,356387,121892,0
1,1,0,0,356388,121892,1
0,0,0,0,356389,121893,0
1,1,0,0,356390,121893,1
0,0,0,0,356391,121894,0
1,1,0,0,356392,121894,1
0,0,0,0,356393,121895,0
1,1,0,0,356394,121895,1
0,0,0,0,356395,121896,0
1,1,0,0,356396,121896,1
0,0,0,0,356397,121897,0
1,1,0,0,356398,121897,1
0,0,0,0,356399,121898,0
1,1,0,0,356400,121898,1
0,0,0,0,356401,121899,0
1,1,0,0,356402,121899,1
0,0,0,0,356403,121900,0
1,1,0,0,356404,121900,1
0,0,0,0,356405,121901,0
1,1,0,0,356406,121901,1
0,0,0,0,356407,121902,0
1,1,0,0,356408,121902,1
0,0,0,0,356409,121903,0
1,1,0,0,356410,121903,1
0,0,0,0,356411,121904,0
1,1,0,0,356412,121904,1
0,0,0,0,356413,121905,0
1,1,0,0,356414,121905,1
0,0,0,0,356415,121906,0
1,1,0,0,356416,121906,1
0,0,0,0,356417,121907,0
1,1,0,0,356418,121907,1
0,0,0,0,356419,121908,0
1,1,0,0,356420,121908,1
0,0,0,0,356421,121909,0
1,1,0,0,356422,121909,1
0,0,0,0,356423,121910,0
1,1,0,0,356424,121910,1
0,0,0,0,356425,121911,0
1,1,0,0,356426,121911,1
0,0,0,0,356427,121912,0
1,1,0,0,356428,121912,1
0,0,0,0,356429,121913,0
1,1,0,0,356430,121913,1
0,0,0,0,356431,121914,0
1,1,0,0,356432,121914,1
0,0,0,0,356433,121915,0
1,1,0,0,356434,121915,1
0,0,0,0,356435,121916,0
1,1,0,0,356436,121916,1
0,0,0,0,356437,121917,0
1,1,0,0,356438,121917,1
0,0,0,0,356439,121918,0
1,1,0,0,356440,121918,1
0,0,0,0,356441,121919,0
1,1,0,0,356442,121919,1
0,0,0,0,356443,121920,0
1,1,0,0,356444,121920,1
0,0,0,0,356445,121921,0
1,1,0,0,356446,121921,1
0,0,0,0,356447,121922,0
1,1,0,0,356448,121922,1
0,0,0,0,356449,121923,0
1,1,0,0,356450,121923,1
0,0,0,0,356451,121924,0
1,1,0,0,356452,121924,1
0,0,0,0,356453,121925,0
1,1,0,0,356454,121925,1
0,0,0,0,356455,121926,0
1,1,0,0,356456,121926,1
0,0,0,0,356457,121927,0
1,1,0,0,356458,121927,1
0,0,0,0,356567,121955,0
1,1,0,0,356568,121955,1
0,0,0,0,356569,121956,0
1,1,0,0,356570,121956,1
0,0,0,0,356571,121957,0
1,1,0,0,356572,121957,1
0,0,0,0,356573,121958,0
1,1,0,0,356574,121958,1
0,0,0,0,356575,121959,0
1,1,0,0,356576,121959,1
0,0,0,0,356577,121960,0
1,1,0,0,356578,121960,1
0,0,0,0,356579,121961,0
1,1,0,0,356580,121961,1
0,0,0,0,356581,121962,0
1,1,0,0,356582,121962,1
0,0,0,0,356583,121963,0
1,1,0,0,356584,121963,1
0,0,0,0,356585,121964,0
1,1,0,0,356586,121964,1
0,0,0,0,356587,121965,0
1,1,0,0,356588,121965,1
0,0,0,0,356589,121966,0
1,1,0,0,356590,121966,1
0,0,0,0,356591,121967,0
1,1,0,0,356592,121967,1
0,0,0,0,356593,121968,0
1,1,0,0,356594,121968,1
0,0,0,0,356595,121969,0
1,1,0,0,356596,121969,1
0,0,0,0,356597,121970,0
1,1,0,0,356598,121970,1
0,0,0,0,356599,121971,0
1,1,0,0,356600,121971,1
0,0,0,0,356601,121972,0
1,1,0,0,356602,121972,1
0,0,0,0,356603,121973,0
1,1,0,0,356604,121973,1
0,0,0,0,356605,121974,0
1,1,0,0,356606,121974,1
0,0,0,0,356607,121975,0
1,1,0,0,356608,121975,1
0,0,0,0,356609,121976,0
1,1,0,0,356610,121976,1
0,0,0,0,356611,121977,0
1,1,0,0,356612,121977,1
0,0,0,0,356613,121978,0
1,1,0,0,356614,121978,1
0,0,0,0,356615,121979,0
1,1,0,0,356616,121979,1
0,0,0,0,356617,121980,0
1,1,0,0,356618,121980,1
0,0,0,0,356619,121981,0
1,1,0,0,356620,121981,1
0,0,0,0,356621,121982,0
1,1,0,0,356622,121982,1
0,0,0,0,356623,121983,0
1,1,0,0,356624,121983,1
0,0,0,0,356625,121984,0
1,1,0,0,356626,121984,1
0,0,0,0,356627,121985,0
1,1,0,0,356628,121985,1
0,0,0,0,356629,121986,0
1,1,0,0,356630,121986,1
0,0,0,0,356631,121987,0
1,1,0,0,356632,121987,1
0,0,0,0,356633,121988,0
1,1,0,0,356634,121988,1
0,0,0,0,356635,121989,0
1,1,0,0,356636,121989,1
0,0,0,0,356637,121990,0
1,1,0,0,356638,121990,1
0,0,0,0,356639,121991,0
1,1,0,0,356640,121991,1
0,0,0,0,356641,121992,0
1,1,0,0,356642,121992,1
0,0,0,0,356643,121993,0
1,1,0,0,356644,121993,1
0,0,0,0,356645,121994,0
1,1,0,0,356646,121994,1
0,0,0,0,356647,121995,0
1,1,0,0,356648,121995,1
0,0,0,0,356649,121996,0
1,1,0,0,356650,121996,1
0,0,0,0,356651,121997,0
1,1,0,0,356652,121997,1
0,0,0,0,356653,121998,0
1,1,0,0,356654,121998,1
0,0,0,0,356655,121999,0
1,1,0,0,356656,121999,1
0,0,0,0,356657,122000,0
1,1,0,0,356658,122000,1
0,0,0,0,356659,122001,0
1,1,0,0,356660,122001,1
0,0,0,0,356661,122002,0
1,1,0,0,356662,122002,1
0,0,0,0,356663,122003,0
1,1,0,0,356664,122003,1
0,0,0,0,356665,122004,0
1,1,0,0,356666,122004,1
0,0,0,0,356667,122005,0
1,1,0,0,356668,122005,1
0,0,0,0,356669,122006,0
1,1,0,0,356670,122006,1
0,0,0,0,356671,122007,0
1,1,0,0,356672,122007,1
0,0,0,0,356673,122008,0
1,1,0,0,356674,122008,1
0,0,0,0,356675,122009,0
1,1,0,0,356676,122009,1
0,0,0,0,356677,122010,0
1,1,0,0,356678,122010,1
0,0,0,0,356679,122011,0
1,1,0,0,356680,122011,1
0,0,0,0,356681,122012,0
1,1,0,0,356682,122012,1
0,0,0,0,356683,122013,0
1,1,0,0,356684,122013,1
0,0,0,0,356685,122014,0
1,1,0,0,356686,122014,1
0,0,0,0,356687,122015,0
1,1,0,0,356688,122015,1
0,0,0,0,356689,122016,0
1,1,0,0,356690,122016,1
0,0,0,0,356691,122017,0
1,1,0,0,356692,122017,1
0,0,0,0,356693,122018,0
1,1,0,0,356694,122018,1
0,0,0,0,356695,122019,0
1,1,0,0,356696,122019,1
0,0,0,0,356697,122020,0
1,1,0,0,356698,122020,1
0,0,0,0,356699,122021,0
1,1,0,0,356700,122021,1
0,0,0,0,356701,122022,0
1,1,0,0,356702,122022,1
0,0,0,0,356703,122023,0
1,1,0,0,356704,122023,1
0,0,0,0,356705,122024,0
1,1,0,0,356706,122024,1
0,0,0,0,356707,122025,0
1,1,0,0,356708,122025,1
0,0,0,0,356709,122026,0
1,1,0,0,356710,122026,1
0,0,0,0,356711,122027,0
1,1,0,0,356712,122027,1
0,0,0,0,356713,122028,0
1,1,0,0,356714,122028,1
0,0,0,0,356715,122029,0
1,1,0,0,356716,122029,1
0,0,0,0,356717,122030,0
1,1,0,0,356718,122030,1
0,0,0,0,356719,122031,0
1,1,0,0,356720,122031,1
0,0,0,0,356721,122032,0
1,1,0,0,356722,122032,1
0,0,0,0,356723,122033,0
1,1,0,0,356724,122033,1
0,0,0,0,356725,122034,0
1,1,0,0,356726,122034,1
0,0,0,0,356727,122035,0
1,1,0,0,356728,122035,1
0,0,0,0,356729,122036,0
1,1,0,0,356730,122036,1
0,0,0,0,356731,122037,0
1,1,0,0,356732,122037,1
0,0,0,0,356733,122038,0
1,1,0,0,356734,122038,1
0,0,0,0,356735,122039,0
1,1,0,0,356736,122039,1
0,0,0,0,356737,122040,0
1,1,0,0,356738,122040,1
0,0,0,0,356739,122041,0
1,1,0,0,356740,122041,1
0,0,0,0,356741,122042,0
1,1,0,0,356742,122042,1
0,0,0,0,356743,122043,0
1,1,0,0,356744,122043,1
0,0,0,0,356745,122044,0
1,1,0,0,356746,122044,1
0,0,0,0,356747,122045,0
1,1,0,0,356748,122045,1
0,0,0,0,356749,122046,0
1,1,0,0,356750,122046,1
0,0,0,0,356751,122047,0
1,1,0,0,356752,122047,1
0,0,0,0,356753,122048,0
1,1,0,0,356754,122048,1
0,0,0,0,356755,122049,0
1,1,0,0,356756,122049,1
0,0,0,0,356757,122050,0
1,1,0,0,356758,122050,1
0,0,0,0,356759,122051,0
1,1,0,0,356760,122051,1
0,0,0,0,356761,122052,0
1,1,0,0,356762,122052,1
0,0,0,0,356763,122053,0
1,1,0,0,356764,122053,1
0,0,0,0,356765,122054,0
1,1,0,0,356766,122054,1
0,0,0,0,356767,122055,0
1,1,0,0,356768,122055,1
0,0,0,0,356769,122056,0
1,1,0,0,356770,122056,1
0,0,0,0,356771,122057,0
1,1,0,0,356772,122057,1
0,0,0,0,356773,122058,0
1,1,0,0,356774,122058,1
0,0,0,0,356775,122059,0
1,1,0,0,356776,122059,1
0,0,0,0,356777,122060,0
1,1,0,0,356778,122060,1
0,0,0,0,356779,122061,0
1,1,0,0,356780,122061,1
0,0,0,0,356781,122062,0
1,1,0,0,356782,122062,1
0,0,0,0,356783,122063,0
1,1,0,0,356784,122063,1
0,0,0,0,356785,122064,0
1,1,0,0,356786,122064,1
0,0,0,0,356787,122065,0
1,1,0,0,356788,122065,1
0,0,0,0,356789,122066,0
1,1,0,0,356790,122066,1
0,0,0,0,356791,122067,0
1,1,0,0,356792,122067,1
0,0,0,0,356793,122068,0
1,1,0,0,356794,122068,1
0,0,0,0,356795,122069,0
1,1,0,0,356796,122069,1
0,0,0,0,356797,122070,0
1,1,0,0,356798,122070,1
0,0,0,0,356799,122071,0
1,1,0,0,356800,122071,1
0,0,0,0,356801,122072,0
1,1,0,0,356802,122072,1
0,0,0,0,356803,122073,0
1,1,0,0,356804,122073,1
0,0,0,0,356805,122074,0
1,1,0,0,356806,122074,1
0,0,0,0,356807,122075,0
1,1,0,0,356808,122075,1
0,0,0,0,356809,122076,0
1,1,0,0,356810,122076,1
0,0,0,0,356811,122077,0
1,1,0,0,356812,122077,1
0,0,0,0,356813,122078,0
1,1,0,0,356814,122078,1
0,0,0,0,356815,122079,0
1,1,0,0,356816,122079,1
0,0,0,0,356817,122080,0
1,1,0,0,356818,122080,1
0,0,0,0,356819,122081,0
1,1,0,0,356820,122081,1
0,0,0,0,356821,122082,0
1,1,0,0,356822,122082,1
0,0,0,0,356823,122083,0
1,1,0,0,356824,122083,1
0,0,0,0,356825,122084,0
1,1,0,0,356826,122084,1
0,0,0,0,356827,122085,0
1,1,0,0,356828,122085,1
0,0,0,0,356829,122086,0
1,1,0,0,356830,122086,1
0,0,0,0,356831,122087,0
1,1,0,0,356832,122087,1
0,0,0,0,356833,122088,0
1,1,0,0,356834,122088,1
0,0,0,0,356835,122089,0
1,1,0,0,356836,122089,1
0,0,0,0,356837,122090,0
1,1,0,0,356838,122090,1
0,0,0,0,356839,122091,0
1,1,0,0,356840,122091,1
0,0,0,0,356841,122092,0
1,1,0,0,356842,122092,1
0,0,0,0,356843,122093,0
1,1,0,0,356844,122093,1
0,0,0,0,356845,122094,0
1,1,0,0,356846,122094,1
0,0,0,0,356847,122095,0
1,1,0,0,356848,122095,1
0,0,0,0,356849,122096,0
1,1,0,0,356850,122096,1
0,0,0,0,356851,122097,0
1,1,0,0,356852,122097,1
0,0,0,0,356853,122098,0
1,1,0,0,356854,122098,1
0,0,0,0,356855,122099,0
1,1,0,0,356856,122099,1
0,0,0,0,356857,122100,0
1,1,0,0,356858,122100,1
0,0,0,0,356859,122101,0
1,1,0,0,356860,122101,1
0,0,0,0,356861,122102,0
1,1,0,0,356862,122102,1
0,0,0,0,356863,122103,0
1,1,0,0,356864,122103,1
0,0,0,0,356865,122104,0
1,1,0,0,356866,122104,1
0,0,0,0,356867,122105,0
1,1,0,0,356868,122105,1
0,0,0,0,356869,122106,0
1,1,0,0,356870,122106,1
0,0,0,0,356871,122107,0
1,1,0,0,356872,122107,1
0,0,0,0,356873,122108,0
1,1,0,0,356874,122108,1
0,0,0,0,356875,122109,0
1,1,0,0,356876,122109,1
0,0,0,0,356877,122110,0
1,1,0,0,356878,122110,1
0,0,0,0,356879,122111,0
1,1,0,0,356880,122111,1
0,0,0,0,356881,122112,0
1,1,0,0,356882,122112,1
0,0,0,0,356883,122113,0
1,1,0,0,356884,122113,1
0,0,0,0,356885,122114,0
1,1,0,0,356886,122114,1
0,0,0,0,356887,122115,0
1,1,0,0,356888,122115,1
0,0,0,0,356889,122116,0
1,1,0,0,356890,122116,1
0,0,0,0,356891,122117,0
1,1,0,0,356892,122117,1
0,0,0,0,356893,122118,0
1,1,0,0,356894,122118,1
0,0,0,0,356895,122119,0
1,1,0,0,356896,122119,1
0,0,0,0,356897,122120,0
1,1,0,0,356898,122120,1
0,0,0,0,356899,122121,0
1,1,0,0,356900,122121,1
0,0,0,0,356901,122122,0
1,1,0,0,356902,122122,1
0,0,0,0,356903,122123,0
1,1,0,0,356904,122123,1
0,0,0,0,356905,122124,0
1,1,0,0,356906,122124,1
0,0,0,0,356907,122125,0
1,1,0,0,356908,122125,1
0,0,0,0,356909,122126,0
1,1,0,0,356910,122126,1
0,0,0,0,356911,122127,0
1,1,0,0,356912,122127,1
0,0,0,0,356913,122128,0
1,1,0,0,356914,122128,1
0,0,0,0,356915,122129,0
1,1,0,0,356916,122129,1
0,0,0,0,356917,122130,0
1,1,0,0,356918,122130,1
0,0,0,0,356919,122131,0
1,1,0,0,356920,122131,1
0,0,0,0,356921,122132,0
1,1,0,0,356922,122132,1
0,0,0,0,356923,122133,0
1,1,0,0,356924,122133,1
0,0,0,0,356925,122134,0
1,1,0,0,356926,122134,1
0,0,0,0,356927,122135,0
1,1,0,0,356928,122135,1
0,0,0,0,356929,122136,0
1,1,0,0,356930,122136,1
0,0,0,0,356931,122137,0
1,1,0,0,356932,122137,1
0,0,0,0,356933,122138,0
1,1,0,0,356934,122138,1
0,0,0,0,356935,122139,0
1,1,0,0,356936,122139,1
0,0,0,0,356937,122140,0
1,1,0,0,356938,122140,1
0,0,0,0,356939,122141,0
1,1,0,0,356940,122141,1
0,0,0,0,356941,122142,0
1,1,0,0,356942,122142,1
0,0,0,0,356943,122143,0
1,1,0,0,356944,122143,1
0,0,0,0,356945,122144,0
1,1,0,0,356946,122144,1
0,0,0,0,356947,122145,0
1,1,0,0,356948,122145,1
0,0,0,0,356949,122146,0
1,1,0,0,356950,122146,1
0,0,0,0,356951,122147,0
1,1,0,0,356952,122147,1
0,0,0,0,356953,122148,0
1,1,0,0,356954,122148,1
0,0,0,0,356955,122149,0
1,1,0,0,356956,122149,1
0,0,0,0,356957,122150,0
1,1,0,0,356958,122150,1
0,0,0,0,356959,122151,0
1,1,0,0,356960,122151,1
0,0,0,0,356961,122152,0
1,1,0,0,356962,122152,1
0,0,0,0,356963,122153,0
1,1,0,0,356964,122153,1
0,0,0,0,356965,122154,0
1,1,0,0,356966,122154,1
0,0,0,0,356967,122155,0
1,1,0,0,356968,122155,1
0,0,0,0,356969,122156,0
1,1,0,0,356970,122156,1
0,0,0,0,356971,122157,0
1,1,0,0,356972,122157,1
0,0,0,0,356973,122158,0
1,1,0,0,356974,122158,1
0,0,0,0,356975,122159,0
1,1,0,0,356976,122159,1
0,0,0,0,356977,122160,0
1,1,0,0,356978,122160,1
0,0,0,0,356979,122161,0
1,1,0,0,356980,122161,1
0,0,0,0,356981,122162,0
1,1,0,0,356982,122162,1
0,0,0,0,356983,122163,0
1,1,0,0,356984,122163,1
0,0,0,0,356985,122164,0
1,1,0,0,356986,122164,1
0,0,0,0,356987,122165,0
1,1,0,0,356988,122165,1
0,0,0,0,356989,122166,0
1,1,0,0,356990,122166,1
0,0,0,0,356991,122167,0
1,1,0,0,356992,122167,1
0,0,0,0,356993,122168,0
1,1,0,0,356994,122168,1
0,0,0,0,356995,122169,0
1,1,0,0,356996,122169,1
0,0,0,0,356997,122170,0
1,1,0,0,356998,122170,1
0,0,0,0,356999,122171,0
1,1,0,0,357000,122171,1
0,0,0,0,357001,122172,0
1,1,0,0,357002,122172,1
0,0,0,0,357003,122173,0
1,1,0,0,357004,122173,1
0,0,0,0,357005,122174,0
1,1,0,0,357006,122174,1
0,0,0,0,357007,122175,0
1,1,0,0,357008,122175,1
0,0,0,0,357009,122176,0
1,1,0,0,357010,122176,1
0,0,0,0,357011,122177,0
1,1,0,0,357012,122177,1
0,0,0,0,357013,122178,0
1,1,0,0,357014,122178,1
0,0,0,0,357015,122179,0
1,1,0,0,357016,122179,1
0,0,0,0,357017,122180,0
1,1,0,0,357018,122180,1
0,0,0,0,357019,122181,0
1,1,0,0,357020,122181,1
0,0,0,0,357021,122182,0
1,1,0,0,357022,122182,1
0,0,0,0,357023,122183,0
1,1,0,0,357024,122183,1
0,0,0,0,357025,122184,0
1,1,0,0,357026,122184,1
0,0,0,0,357027,122185,0
1,1,0,0,357028,122185,1
0,0,0,0,357029,122186,0
1,1,0,0,357030,122186,1
0,0,0,0,357031,122187,0
1,1,0,0,357032,122187,1
0,0,0,0,357033,122188,0
1,1,0,0,357034,122188,1
0,0,0,0,357035,122189,0
1,1,0,0,357036,122189,1
0,0,0,0,357037,122190,0
1,1,0,0,357038,122190,1
0,0,0,0,357039,122191,0
1,1,0,0,357040,122191,1
0,0,0,0,357041,122192,0
1,1,0,0,357042,122192,1
0,0,0,0,357043,122193,0
1,1,0,0,357044,122193,1
0,0,0,0,357045,122194,0
1,1,0,0,357046,122194,1
0,0,0,0,357047,122195,0
1,1,0,0,357048,122195,1
0,0,0,0,357049,122196,0
1,1,0,0,357050,122196,1
0,0,0,0,357051,122197,0
1,1,0,0,357052,122197,1
0,0,0,0,357053,122198,0
1,1,0,0,357054,122198,1
0,0,0,0,357055,122199,0
1,1,0,0,357056,122199,1
0,0,0,0,357057,122200,0
1,1,0,0,357058,122200,1
0,0,0,0,357059,122201,0
1,1,0,0,357060,122201,1
0,0,0,0,357061,122202,0
1,1,0,0,357062,122202,1
0,0,0,0,357063,122203,0
1,1,0,0,357064,122203,1
0,0,0,0,357065,122204,0
1,1,0,0,357066,122204,1
0,0,0,0,357067,122205,0
1,1,0,0,357068,122205,1
0,0,0,0,357069,122206,0
1,1,0,0,357070,122206,1
0,0,0,0,357071,122207,0
1,1,0,0,357072,122207,1
0,0,0,0,357073,122208,0
1,1,0,0,357074,122208,1
0,0,0,0,357075,122209,0
1,1,0,0,357076,122209,1
0,0,0,0,357077,122210,0
1,1,0,0,357078,122210,1
0,0,0,0,357079,122211,0
1,1,0,0,357080,122211,1
0,0,0,0,357081,122212,0
1,1,0,0,357082,122212,1
0,0,0,0,357083,122213,0
1,1,0,0,357084,122213,1
0,0,0,0,357085,122214,0
1,1,0,0,357086,122214,1
0,0,0,0,357087,122215,0
1,1,0,0,357088,122215,1
0,0,0,0,357089,122216,0
1,1,0,0,357090,122216,1
0,0,0,0,357091,122217,0
1,1,0,0,357092,122217,1
0,0,0,0,357093,122218,0
1,1,0,0,357094,122218,1
0,0,0,0,357095,122219,0
1,1,0,0,357096,122219,1
0,0,0,0,357097,122220,0
1,1,0,0,357098,122220,1
0,0,0,0,357099,122221,0
1,1,0,0,357100,122221,1
0,0,0,0,357101,122222,0
1,1,0,0,357102,122222,1
0,0,0,0,357103,122223,0
1,1,0,0,357104,122223,1
0,0,0,0,357105,122224,0
1,1,0,0,357106,122224,1
0,0,0,0,357107,122225,0
1,1,0,0,357108,122225,1
0,0,0,0,357109,122226,0
1,1,0,0,357110,122226,1
0,0,0,0,357111,122227,0
1,1,0,0,357112,122227,1
0,0,0,0,357113,122228,0
1,1,0,0,357114,122228,1
0,0,0,0,357115,122229,0
1,1,0,0,357116,122229,1
0,0,0,0,357117,122230,0
1,1,0,0,357118,122230,1
0,0,0,0,357119,122231,0
1,1,0,0,357120,122231,1
0,0,0,0,357121,122232,0
1,1,0,0,357122,122232,1
0,0,0,0,357123,122233,0
1,1,0,0,357124,122233,1
0,0,0,0,357125,122234,0
1,1,0,0,357126,122234,1
0,0,0,0,357127,122235,0
1,1,0,0,357128,122235,1
0,0,0,0,357129,122236,0
1,1,0,0,357130,122236,1
0,0,0,0,357131,122237,0
1,1,0,0,357132,122237,1
0,0,0,0,357133,122238,0
1,1,0,0,357134,122238,1
0,0,0,0,357135,122239,0
1,1,0,0,357136,122239,1
0,0,0,0,357137,122240,0
1,1,0,0,357138,122240,1
0,0,0,0,357139,122241,0
1,1,0,0,357140,122241,1
0,0,0,0,357141,122242,0
1,1,0,0,357142,122242,1
0,0,0,0,357143,122243,0
1,1,0,0,357144,122243,1
0,0,0,0,357145,122244,0
1,1,0,0,357146,122244,1
0,0,0,0,357147,122245,0
1,1,0,0,357148,122245,1
0,0,0,0,357149,122246,0
1,1,0,0,357150,122246,1
0,0,0,0,357151,122247,0
1,1,0,0,357152,122247,1
0,0,0,0,357153,122248,0
1,1,0,0,357154,122248,1
0,0,0,0,357155,122249,0
1,1,0,0,357156,122249,1
0,0,0,0,357157,122250,0
1,1,0,0,357158,122250,1
0,0,0,0,357159,122251,0
1,1,0,0,357160,122251,1
0,0,0,0,357161,122252,0
1,1,0,0,357162,122252,1
0,0,0,0,357163,122253,0
1,1,0,0,357164,122253,1
0,0,0,0,357165,122254,0
1,1,0,0,357166,122254,1
0,0,0,0,357167,122255,0
1,1,0,0,357168,122255,1
0,0,0,0,357169,122256,0
1,1,0,0,357170,122256,1
0,0,0,0,357171,122257,0
1,1,0,0,357172,122257,1
0,0,0,0,357173,122258,0
1,1,0,0,357174,122258,1
0,0,0,0,357175,122259,0
1,1,0,0,357176,122259,1
0,0,0,0,357177,122260,0
1,1,0,0,357178,122260,1
0,0,0,0,357179,122261,0
1,1,0,0,357180,122261,1
0,0,0,0,357181,122262,0
1,1,0,0,357182,122262,1
0,0,0,0,357183,122263,0
1,1,0,0,357184,122263,1
0,0,0,0,357185,122264,0
1,1,0,0,357186,122264,1
0,0,0,0,357187,122265,0
1,1,0,0,357188,122265,1
0,0,0,0,357189,122266,0
1,1,0,0,357190,122266,1
0,0,0,0,357191,122267,0
1,1,0,0,357192,122267,1
0,0,0,0,357193,122268,0
1,1,0,0,357194,122268,1
0,0,0,0,357195,122269,0
1,1,0,0,357196,122269,1
0,0,0,0,357197,122270,0
1,1,0,0,357198,122270,1
0,0,0,0,357199,122271,0
1,1,0,0,357200,122271,1
0,0,0,0,357201,122272,0
1,1,0,0,357202,122272,1
0,0,0,0,357203,122273,0
1,1,0,0,357204,122273,1
0,0,0,0,357205,122274,0
1,1,0,0,357206,122274,1
0,0,0,0,357207,122275,0
1,1,0,0,357208,122275,1
0,0,0,0,357209,122276,0
1,1,0,0,357210,122276,1
0,0,0,0,357211,122277,0
1,1,0,0,357212,122277,1
0,0,0,0,357213,122278,0
1,1,0,0,357214,122278,1
0,0,0,0,357229,122281,0
1,1,0,0,357230,122281,1
0,0,0,0,357231,122282,0
1,1,0,0,357232,122282,1
0,0,0,0,357233,122283,0
1,1,0,0,357234,122283,1
0,0,0,0,357235,122284,0
1,1,0,0,357236,122284,1
0,0,0,0,357237,122285,0
1,1,0,0,357238,122285,1
0,0,0,0,357239,122286,0
1,1,0,0,357240,122286,1
0,0,0,0,357241,122287,0
1,1,0,0,357242,122287,1
0,0,0,0,357243,122288,0
1,1,0,0,357244,122288,1
0,0,0,0,357245,122289,0
1,1,0,0,357246,122289,1
0,0,0,0,357247,122290,0
1,1,0,0,357248,122290,1
0,0,0,0,357249,122291,0
1,1,0,0,357250,122291,1
0,0,0,0,357251,122292,0
1,1,0,0,357252,122292,1
0,0,0,0,357253,122293,0
1,1,0,0,357254,122293,1
0,0,0,0,357255,122294,0
1,1,0,0,357256,122294,1
0,0,0,0,357257,122295,0
1,1,0,0,357258,122295,1
0,0,0,0,357259,122296,0
1,1,0,0,357260,122296,1
0,0,0,0,357261,122297,0
1,1,0,0,357262,122297,1
0,0,0,0,357263,122298,0
1,1,0,0,357264,122298,1
0,0,0,0,357265,122299,0
1,1,0,0,357266,122299,1
0,0,0,0,357267,122300,0
1,1,0,0,357268,122300,1
0,0,0,0,357269,122301,0
1,1,0,0,357270,122301,1
0,0,0,0,357271,122302,0
1,1,0,0,357272,122302,1
0,0,0,0,357273,122303,0
1,1,0,0,357274,122303,1
0,0,0,0,357275,122304,0
1,1,0,0,357276,122304,1
0,0,0,0,357277,122305,0
1,1,0,0,357278,122305,1
0,0,0,0,357279,122306,0
1,1,0,0,357280,122306,1
0,0,0,0,357281,122307,0
1,1,0,0,357282,122307,1
0,0,0,0,357283,122308,0
1,1,0,0,357284,122308,1
0,0,0,0,357285,122309,0
1,1,0,0,357286,122309,1
0,0,0,0,357287,122310,0
1,1,0,0,357288,122310,1
0,0,0,0,357289,122311,0
1,1,0,0,357290,122311,1
0,0,0,0,357291,122312,0
1,1,0,0,357292,122312,1
0,0,0,0,357293,122313,0
1,1,0,0,357294,122313,1
0,0,0,0,357295,122314,0
1,1,0,0,357296,122314,1
0,0,0,0,357297,122315,0
1,1,0,0,357298,122315,1
0,0,0,0,357299,122316,0
1,1,0,0,357300,122316,1
0,0,0,0,357301,122317,0
1,1,0,0,357302,122317,1
0,0,0,0,357303,122318,0
1,1,0,0,357304,122318,1
0,0,0,0,357305,122319,0
1,1,0,0,357306,122319,1
0,0,0,0,357307,122320,0
1,1,0,0,357308,122320,1
0,0,0,0,357309,122321,0
1,1,0,0,357310,122321,1
0,0,0,0,357311,122322,0
1,1,0,0,357312,122322,1
0,0,0,0,357313,122323,0
1,1,0,0,357314,122323,1
0,0,0,0,357315,122324,0
1,1,0,0,357316,122324,1
0,0,0,0,357317,122325,0
1,1,0,0,357318,122325,1
0,0,0,0,357319,122326,0
1,1,0,0,357320,122326,1
0,0,0,0,357321,122327,0
1,1,0,0,357322,122327,1
0,0,0,0,357323,122328,0
1,1,0,0,357324,122328,1
0,0,0,0,357325,122329,0
1,1,0,0,357326,122329,1
0,0,0,0,357327,122330,0
1,1,0,0,357328,122330,1
0,0,0,0,357329,122331,0
1,1,0,0,357330,122331,1
0,0,0,0,357331,122332,0
1,1,0,0,357332,122332,1
0,0,0,0,357333,122333,0
1,1,0,0,357334,122333,1
0,0,0,0,357335,122334,0
1,1,0,0,357336,122334,1
0,0,0,0,357337,122335,0
1,1,0,0,357338,122335,1
0,0,0,0,357339,122336,0
1,1,0,0,357340,122336,1
0,0,0,0,357341,122337,0
1,1,0,0,357342,122337,1
0,0,0,0,357343,122338,0
1,1,0,0,357344,122338,1
0,0,0,0,357345,122339,0
1,1,0,0,357346,122339,1
0,0,0,0,357347,122340,0
1,1,0,0,357348,122340,1
0,0,0,0,357349,122341,0
1,1,0,0,357350,122341,1
0,0,0,0,357351,122342,0
1,1,0,0,357352,122342,1
0,0,0,0,357353,122343,0
1,1,0,0,357354,122343,1
0,0,0,0,357355,122344,0
1,1,0,0,357356,122344,1
0,0,0,0,357357,122345,0
1,1,0,0,357358,122345,1
0,0,0,0,357359,122346,0
1,1,0,0,357360,122346,1
0,0,0,0,357361,122347,0
1,1,0,0,357362,122347,1
0,0,0,0,357363,122348,0
1,1,0,0,357364,122348,1
0,0,0,0,357365,122349,0
1,1,0,0,357366,122349,1
0,0,0,0,357367,122350,0
1,1,0,0,357368,122350,1
0,0,0,0,357369,122351,0
1,1,0,0,357370,122351,1
0,0,0,0,357371,122352,0
1,1,0,0,357372,122352,1
0,0,0,0,357373,122353,0
1,1,0,0,357374,122353,1
0,0,0,0,357375,122354,0
1,1,0,0,357376,122354,1
0,0,0,0,357377,122355,0
1,1,0,0,357378,122355,1
0,0,0,0,357379,122356,0
1,1,0,0,357380,122356,1
0,0,0,0,357381,122357,0
1,1,0,0,357382,122357,1
0,0,0,0,357383,122358,0
1,1,0,0,357384,122358,1
0,0,0,0,357385,122359,0
1,1,0,0,357386,122359,1
0,0,0,0,357387,122360,0
1,1,0,0,357388,122360,1
0,0,0,0,357389,122361,0
1,1,0,0,357390,122361,1
0,0,0,0,357391,122362,0
1,1,0,0,357392,122362,1
0,0,0,0,357393,122363,0
1,1,0,0,357394,122363,1
0,0,0,0,357395,122364,0
1,1,0,0,357396,122364,1
0,0,0,0,357397,122365,0
1,1,0,0,357398,122365,1
0,0,0,0,357399,122366,0
1,1,0,0,357400,122366,1
0,0,0,0,357401,122367,0
1,1,0,0,357402,122367,1
0,0,0,0,357403,122368,0
1,1,0,0,357404,122368,1
0,0,0,0,357405,122369,0
1,1,0,0,357406,122369,1
0,0,0,0,357407,122370,0
1,1,0,0,357408,122370,1
0,0,0,0,357409,122371,0
1,1,0,0,357410,122371,1
0,0,0,0,357411,122372,0
1,1,0,0,357412,122372,1
0,0,0,0,357413,122373,0
1,1,0,0,357414,122373,1
0,0,0,0,357415,122374,0
1,1,0,0,357416,122374,1
0,0,0,0,357417,122375,0
1,1,0,0,357418,122375,1
0,0,0,0,357419,122376,0
1,1,0,0,357420,122376,1
0,0,0,0,357421,122377,0
1,1,0,0,357422,122377,1
0,0,0,0,357423,122378,0
1,1,0,0,357424,122378,1
0,0,0,0,357425,122379,0
1,1,0,0,357426,122379,1
0,0,0,0,357427,122380,0
1,1,0,0,357428,122380,1
0,0,0,0,357429,122381,0
1,1,0,0,357430,122381,1
0,0,0,0,357431,122382,0
1,1,0,0,357432,122382,1
0,0,0,0,357433,122383,0
1,1,0,0,357434,122383,1
0,0,0,0,357435,122384,0
1,1,0,0,357436,122384,1
0,0,0,0,357437,122385,0
1,1,0,0,357438,122385,1
0,0,0,0,357439,122386,0
1,1,0,0,357440,122386,1
0,0,0,0,357441,122387,0
1,1,0,0,357442,122387,1
0,0,0,0,357443,122388,0
1,1,0,0,357444,122388,1
10,500000,0,0,357556,102986,10
10,5000000,0,0,357557,102987,10
0,0,0,0,357701,122449,0
1,1,0,0,357702,122449,1
0,0,0,0,357703,122450,0
1,1,0,0,357704,122450,1
0,0,0,0,357705,122451,0
1,1,0,0,357706,122451,1
0,0,0,0,357707,122452,0
1,1,0,0,357708,122452,1
0,0,0,0,357709,122453,0
1,1,0,0,357710,122453,1
0,0,0,0,357711,122454,0
1,1,0,0,357712,122454,1
0,0,0,0,357713,122455,0
1,1,0,0,357714,122455,1
0,0,0,0,357715,122456,0
1,1,0,0,357716,122456,1
0,0,0,0,357717,122457,0
1,1,0,0,357718,122457,1
0,0,0,0,357719,122458,0
1,1,0,0,357720,122458,1
0,0,0,0,357721,122459,0
1,1,0,0,357722,122459,1
0,0,0,0,357723,122460,0
1,1,0,0,357724,122460,1
0,0,0,0,357725,122461,0
1,1,0,0,357726,122461,1
0,0,0,0,357727,122462,0
1,1,0,0,357728,122462,1
0,0,0,0,357729,122463,0
1,1,0,0,357730,122463,1
0,0,0,0,357731,122464,0
1,1,0,0,357732,122464,1
0,0,0,0,357733,122465,0
1,1,0,0,357734,122465,1
0,0,0,0,357735,122466,0
1,1,0,0,357736,122466,1
0,0,0,0,357737,122467,0
1,1,0,0,357738,122467,1
0,0,0,0,357739,122468,0
1,1,0,0,357740,122468,1
0,0,0,0,357741,122469,0
1,1,0,0,357742,122469,1
0,0,0,0,357743,122470,0
1,1,0,0,357744,122470,1
0,0,0,0,357745,122471,0
1,1,0,0,357746,122471,1
0,0,0,0,357747,122472,0
1,1,0,0,357748,122472,1
0,0,0,0,357749,122473,0
1,1,0,0,357750,122473,1
0,0,0,0,357751,122474,0
1,1,0,0,357752,122474,1
0,0,0,0,357753,122475,0
1,1,0,0,357754,122475,1
0,0,0,0,357755,122476,0
1,1,0,0,357756,122476,1
0,0,0,0,357757,122477,0
1,1,0,0,357758,122477,1
0,0,0,0,357759,122478,0
1,1,0,0,357760,122478,1
0,0,0,0,357761,122479,0
1,1,0,0,357762,122479,1
0,0,0,0,357763,122480,0
1,1,0,0,357764,122480,1
0,0,0,0,357765,122481,0
1,1,0,0,357766,122481,1
0,0,0,0,357767,122482,0
1,1,0,0,357768,122482,1
0,0,0,0,357769,122483,0
1,1,0,0,357770,122483,1
0,0,0,0,357771,122484,0
1,1,0,0,357772,122484,1
0,0,0,0,357773,122485,0
1,1,0,0,357774,122485,1
0,0,0,0,357775,122486,0
1,1,0,0,357776,122486,1
0,0,0,0,357777,122487,0
1,1,0,0,357778,122487,1
0,0,0,0,357779,122488,0
1,1,0,0,357780,122488,1
0,0,0,0,357781,122489,0
1,1,0,0,357782,122489,1
0,0,0,0,357783,122490,0
1,1,0,0,357784,122490,1
0,0,0,0,357785,122491,0
1,1,0,0,357786,122491,1
0,0,0,0,357787,122492,0
1,1,0,0,357788,122492,1
0,0,0,0,357789,122493,0
1,1,0,0,357790,122493,1
0,0,0,0,357791,122494,0
1,1,0,0,357792,122494,1
0,0,0,0,357793,122495,0
1,1,0,0,357794,122495,1
0,0,0,0,357795,122496,0
1,1,0,0,357796,122496,1
0,0,0,0,357797,122497,0
1,1,0,0,357798,122497,1
0,0,0,0,357799,122498,0
1,1,0,0,357800,122498,1
0,0,0,0,357801,122499,0
1,1,0,0,357802,122499,1
0,0,0,0,357803,122500,0
1,1,0,0,357804,122500,1
0,0,0,0,357805,122501,0
1,1,0,0,357806,122501,1
0,0,0,0,357807,122502,0
1,1,0,0,357808,122502,1
0,0,0,0,357809,122503,0
1,1,0,0,357810,122503,1
0,0,0,0,357811,122504,0
1,1,0,0,357812,122504,1
0,0,0,0,357813,122505,0
1,1,0,0,357814,122505,1
0,0,0,0,357815,122506,0
1,1,0,0,357816,122506,1
0,0,0,0,357817,122507,0
1,1,0,0,357818,122507,1
0,0,0,0,357819,122508,0
1,1,0,0,357820,122508,1
0,0,0,0,357821,122509,0
1,1,0,0,357822,122509,1
0,0,0,0,357823,122510,0
1,1,0,0,357824,122510,1
0,0,0,0,357825,122511,0
1,1,0,0,357826,122511,1
0,0,0,0,357827,122512,0
1,1,0,0,357828,122512,1
0,0,0,0,357829,122513,0
1,1,0,0,357830,122513,1
0,0,0,0,357831,122514,0
1,1,0,0,357832,122514,1
0,0,0,0,357833,122515,0
1,1,0,0,357834,122515,1
0,0,0,0,357835,122516,0
1,1,0,0,357836,122516,1
0,0,0,0,357837,122517,0
1,1,0,0,357838,122517,1
0,0,0,0,357839,122518,0
1,1,0,0,357840,122518,1
0,0,0,0,357841,122519,0
1,1,0,0,357842,122519,1
0,0,0,0,357843,122520,0
1,1,0,0,357844,122520,1
0,0,0,0,358067,122578,0
1,1,0,0,358068,122578,1
0,0,0,0,358069,122579,0
1,1,0,0,358070,122579,1
0,0,0,0,358071,122580,0
1,1,0,0,358072,122580,1
0,0,0,0,358073,122581,0
1,1,0,0,358074,122581,1
0,0,0,0,358075,122582,0
1,1,0,0,358076,122582,1
0,0,0,0,358077,122583,0
1,1,0,0,358078,122583,1
0,0,0,0,358079,122584,0
1,1,0,0,358080,122584,1
0,0,0,0,358081,122585,0
1,1,0,0,358082,122585,1
0,0,0,0,358083,122586,0
1,1,0,0,358084,122586,1
0,0,0,0,358085,122587,0
1,1,0,0,358086,122587,1
0,0,0,0,358087,122588,0
1,1,0,0,358088,122588,1
0,0,0,0,358089,122589,0
1,1,0,0,358090,122589,1
0,0,0,0,358091,122590,0
1,1,0,0,358092,122590,1
0,0,0,0,358093,122591,0
1,1,0,0,358094,122591,1
0,0,0,0,358095,122592,0
1,1,0,0,358096,122592,1
0,0,0,0,358097,122593,0
1,1,0,0,358098,122593,1
0,0,0,0,358099,122594,0
1,1,0,0,358100,122594,1
0,0,0,0,358101,122595,0
1,1,0,0,358102,122595,1
0,0,0,0,358103,122596,0
1,1,0,0,358104,122596,1
0,0,0,0,358105,122597,0
1,1,0,0,358106,122597,1
0,0,0,0,358107,122598,0
1,1,0,0,358108,122598,1
0,0,0,0,358109,122599,0
1,1,0,0,358110,122599,1
0,0,0,0,358111,122600,0
1,1,0,0,358112,122600,1
0,0,0,0,358113,122601,0
1,1,0,0,358114,122601,1
0,0,0,0,358115,122602,0
1,1,0,0,358116,122602,1
0,0,0,0,358117,122603,0
1,1,0,0,358118,122603,1
0,0,0,0,358119,122604,0
1,1,0,0,358120,122604,1
0,0,0,0,358121,122605,0
1,1,0,0,358122,122605,1
0,0,0,0,358123,122606,0
1,1,0,0,358124,122606,1
0,0,0,0,358125,122607,0
1,1,0,0,358126,122607,1
0,0,0,0,358127,122608,0
1,1,0,0,358128,122608,1
0,0,0,0,358129,122609,0
1,1,0,0,358130,122609,1
0,0,0,0,358131,122610,0
1,1,0,0,358132,122610,1
0,0,0,0,358133,122611,0
1,1,0,0,358134,122611,1
0,0,0,0,358135,122612,0
1,1,0,0,358136,122612,1
0,0,0,0,358137,122613,0
1,1,0,0,358138,122613,1
0,0,0,0,358217,122623,0
0.90909094,0.058823526,0,0,358218,122623,1
0.9818182,0.20320857,0,0,358219,122623,2
1,1,0,0,358220,122623,3
0,0,0,0,358221,122624,0
0.65818185,0.080213904,0,0,358222,122624,1
0.93454546,0.17112297,0,0,358223,122624,2
1,1,0,0,358224,122624,3
0,0,0,0,358306,122650,0
1,1,0,0,358307,122650,1
0,0,0,0,358308,122651,0
1,1,0,0,358309,122651,1
0,0,0,0,358310,122652,0
1,1,0,0,358311,122652,1
0,0,0,0,358312,122653,0
1,1,0,0,358313,122653,1
0,0,0,0,358314,122654,0
1,1,0,0,358315,122654,1
0,0,0,0,358316,122655,0
1,1,0,0,358317,122655,1
0,0,0,0,358318,122656,0
1,1,0,0,358319,122656,1
0,0,0,0,358320,122657,0
1,1,0,0,358321,122657,1
0,0,0,0,358322,122658,0
1,1,0,0,358323,122658,1
0,0,0,0,358324,122659,0
1,1,0,0,358325,122659,1
0,0,0,0,358326,122660,0
1,1,0,0,358327,122660,1
0,0,0,0,358328,122661,0
1,1,0,0,358329,122661,1
0,0,0,0,358330,122662,0
1,1,0,0,358331,122662,1
0,0,0,0,358332,122663,0
1,1,0,0,358333,122663,1
0,0,0,0,358334,122664,0
1,1,0,0,358335,122664,1
0,0,0,0,358336,122665,0
1,1,0,0,358337,122665,1
0,0,0,0,358338,122666,0
1,1,0,0,358339,122666,1
0,0,0,0,358340,122667,0
1,1,0,0,358341,122667,1
0,0,0,0,358342,122668,0
1,1,0,0,358343,122668,1
0,0,0,0,358344,122669,0
1,1,0,0,358345,122669,1
0,0,0,0,358346,122670,0
1,1,0,0,358347,122670,1
0,0,0,0,358348,122671,0
1,1,0,0,358349,122671,1
0,0,0,0,358350,122672,0
1,1,0,0,358351,122672,1
0,0,0,0,358352,122673,0
1,1,0,0,358353,122673,1
0,0,0,0,358354,122674,0
1,1,0,0,358355,122674,1
0,0,0,0,358356,122675,0
1,1,0,0,358357,122675,1
0,0,0,0,358358,122676,0
1,1,0,0,358359,122676,1
0,0,0,0,358360,122677,0
1,1,0,0,358361,122677,1
0,0,0,0,358362,122678,0
1,1,0,0,358363,122678,1
0,0,0,0,358364,122679,0
1,1,0,0,358365,122679,1
0,0,0,0,358366,122680,0
1,1,0,0,358367,122680,1
0,0,0,0,358368,122681,0
1,1,0,0,358369,122681,1
0,0,0,0,358370,122682,0
1,1,0,0,358371,122682,1
0,0,0,0,358372,122683,0
1,1,0,0,358373,122683,1
0,0,0,0,358374,122684,0
1,1,0,0,358375,122684,1
0,0,0,0,358376,122685,0
1,1,0,0,358377,122685,1
0,0,0,0,358752,122829,0
1,1,0,0,358753,122829,1
0,0,0,0,358754,122830,0
1,1,0,0,358755,122830,1
0,0,0,0,358756,122831,0
1,1,0,0,358757,122831,1
0,0,0,0,358758,122832,0
1,1,0,0,358759,122832,1
0,0,0,0,358760,122833,0
1,1,0,0,358761,122833,1
0,0,0,0,358762,122834,0
1,1,0,0,358763,122834,1
0,0,0,0,358764,122835,0
1,1,0,0,358765,122835,1
0,0,0,0,358766,122836,0
1,1,0,0,358767,122836,1
0,0,0,0,358768,122837,0
1,1,0,0,358769,122837,1
0,0,0,0,358770,122838,0
1,1,0,0,358771,122838,1
0,0,0,0,358772,122839,0
1,1,0,0,358773,122839,1
0,0,0,0,358774,122840,0
1,1,0,0,358775,122840,1
0,0,0,0,358776,122841,0
1,1,0,0,358777,122841,1
0,0,0,0,358778,122842,0
1,1,0,0,358779,122842,1
0,0,0,0,358780,122843,0
1,1,0,0,358781,122843,1
0,0,0,0,358782,122844,0
1,1,0,0,358783,122844,1
0,0,0,0,358784,122845,0
1,1,0,0,358785,122845,1
0,0,0,0,358786,122846,0
1,1,0,0,358787,122846,1
0,0,0,0,358788,122847,0
1,1,0,0,358789,122847,1
0,0,0,0,358790,122848,0
1,1,0,0,358791,122848,1
0,0,0,0,358792,122849,0
1,1,0,0,358793,122849,1
0,0,0,0,358794,122850,0
1,1,0,0,358795,122850,1
0,0,0,0,358796,122851,0
1,1,0,0,358797,122851,1
0,0,0,0,358798,122852,0
1,1,0,0,358799,122852,1
0,0,0,0,358800,122853,0
1,1,0,0,358801,122853,1
0,0,0,0,358802,122854,0
1,1,0,0,358803,122854,1
0,0,0,0,358804,122855,0
1,1,0,0,358805,122855,1
0,0,0,0,358806,122856,0
1,1,0,0,358807,122856,1
0,0,0,0,358808,122857,0
1,1,0,0,358809,122857,1
0,0,0,0,358810,122858,0
1,1,0,0,358811,122858,1
0,0,0,0,358812,122859,0
1,1,0,0,358813,122859,1
0,0,0,0,358814,122860,0
1,1,0,0,358815,122860,1
0,0,0,0,358816,122861,0
1,1,0,0,358817,122861,1
0,0,0,0,358818,122862,0
1,1,0,0,358819,122862,1
0,0,0,0,358820,122863,0
1,1,0,0,358821,122863,1
0,0,0,0,358822,122864,0
1,1,0,0,358823,122864,1
0,0,0,0,358824,122865,0
1,1,0,0,358825,122865,1
0,0,0,0,358826,122866,0
1,1,0,0,358827,122866,1
0,0,0,0,358828,122867,0
1,1,0,0,358829,122867,1
0,0,0,0,358830,122868,0
1,1,0,0,358831,122868,1
0,0,0,0,358832,122869,0
1,1,0,0,358833,122869,1
0,0,0,0,358834,122870,0
1,1,0,0,358835,122870,1
0,0,0,0,358836,122871,0
1,1,0,0,358837,122871,1
0,0,0,0,358838,122872,0
1,1,0,0,358839,122872,1
0,0,0,0,358840,122873,0
1,1,0,0,358841,122873,1
0,0,0,0,358842,122874,0
1,1,0,0,358843,122874,1
0,0,0,0,358844,122875,0
1,1,0,0,358845,122875,1
0,0,0,0,358846,122876,0
1,1,0,0,358847,122876,1
0,0,0,0,358848,122877,0
1,1,0,0,358849,122877,1
0,0,0,0,358850,122878,0
1,1,0,0,358851,122878,1
0,0,0,0,358852,122879,0
1,1,0,0,358853,122879,1
0,0,0,0,358854,122880,0
1,1,0,0,358855,122880,1
0,0,0,0,358856,122881,0
1,1,0,0,358857,122881,1
0,0,0,0,358858,122882,0
1,1,0,0,358859,122882,1
0,0,0,0,358860,122883,0
1,1,0,0,358861,122883,1
0,0,0,0,358862,122884,0
1,1,0,0,358863,122884,1
0,0,0,0,358864,122885,0
1,1,0,0,358865,122885,1
0,0,0,0,358866,122886,0
1,1,0,0,358867,122886,1
0,0,0,0,358868,122887,0
1,1,0,0,358869,122887,1
0,0,0,0,358870,122888,0
1,1,0,0,358871,122888,1
0,0,0,0,358872,122889,0
1,1,0,0,358873,122889,1
0,0,0,0,358874,122890,0
1,1,0,0,358875,122890,1
0,0,0,0,358876,122891,0
1,1,0,0,358877,122891,1
0,0,0,0,358878,122892,0
1,1,0,0,358879,122892,1
0,0,0,0,358880,122893,0
1,1,0,0,358881,122893,1
0,0,0,0,358882,122894,0
1,1,0,0,358883,122894,1
0,0,0,0,358884,122895,0
1,1,0,0,358885,122895,1
0,0,0,0,358886,122896,0
1,1,0,0,358887,122896,1
0,0,0,0,358888,122897,0
1,1,0,0,358889,122897,1
0,0,0,0,358890,122898,0
1,1,0,0,358891,122898,1
0,0,0,0,358892,122899,0
1,1,0,0,358893,122899,1
0,0,0,0,358894,122900,0
1,1,0,0,358895,122900,1
0,0,0,0,358896,122901,0
1,1,0,0,358897,122901,1
0,0,0,0,358898,122902,0
1,1,0,0,358899,122902,1
0,0,0,0,358900,122903,0
1,1,0,0,358901,122903,1
0,0,0,0,358902,122904,0
1,1,0,0,358903,122904,1
0,0,0,0,358904,122905,0
1,1,0,0,358905,122905,1
0,0,0,0,358906,122906,0
1,1,0,0,358907,122906,1
0,0,0,0,358908,122907,0
1,1,0,0,358909,122907,1
0,0,0,0,358910,122908,0
1,1,0,0,358911,122908,1
0,0,0,0,358912,122909,0
1,1,0,0,358913,122909,1
0,0,0,0,358914,122910,0
1,1,0,0,358915,122910,1
0,0,0,0,358916,122911,0
1,1,0,0,358917,122911,1
0,0,0,0,358918,122912,0
1,1,0,0,358919,122912,1
0,0,0,0,358920,122913,0
1,1,0,0,358921,122913,1
0,0,0,0,358922,122914,0
1,1,0,0,358923,122914,1
0,0,0,0,358924,122915,0
1,1,0,0,358925,122915,1
0,0,0,0,358926,122916,0
1,1,0,0,358927,122916,1
0,0,0,0,358928,122917,0
1,1,0,0,358929,122917,1
0,0,0,0,358930,122918,0
1,1,0,0,358931,122918,1
0,0,0,0,358932,122919,0
1,1,0,0,358933,122919,1
0,0,0,0,358934,122920,0
1,1,0,0,358935,122920,1
0,0,0,0,358936,122921,0
1,1,0,0,358937,122921,1
0,0,0,0,358938,122922,0
1,1,0,0,358939,122922,1
0,0,0,0,358940,122923,0
1,1,0,0,358941,122923,1
0,0,0,0,358942,122924,0
1,1,0,0,358943,122924,1
0,0,0,0,358944,122925,0
1,1,0,0,358945,122925,1
0,0,0,0,358946,122926,0
1,1,0,0,358947,122926,1
0,0,0,0,358948,122927,0
1,1,0,0,358949,122927,1
0,0,0,0,358950,122928,0
1,1,0,0,358951,122928,1
0,0,0,0,358952,122929,0
1,1,0,0,358953,122929,1
0,0,0,0,358954,122930,0
1,1,0,0,358955,122930,1
0,0,0,0,358956,122931,0
1,1,0,0,358957,122931,1
0,0,0,0,358958,122932,0
1,1,0,0,358959,122932,1
0,0,0,0,358960,122933,0
1,1,0,0,358961,122933,1
0,0,0,0,358962,122934,0
1,1,0,0,358963,122934,1
0,0,0,0,358964,122935,0
1,1,0,0,358965,122935,1
0,0,0,0,358966,122936,0
1,1,0,0,358967,122936,1
0,0,0,0,358968,122937,0
1,1,0,0,358969,122937,1
0,0,0,0,358970,122938,0
1,1,0,0,358971,122938,1
0,0,0,0,358972,122939,0
1,1,0,0,358973,122939,1
0,0,0,0,358974,122940,0
1,1,0,0,358975,122940,1
0,0,0,0,358976,122941,0
1,1,0,0,358977,122941,1
0,0,0,0,358978,122942,0
1,1,0,0,358979,122942,1
0,0,0,0,358980,122943,0
1,1,0,0,358981,122943,1
0,0,0,0,358982,122944,0
1,1,0,0,358983,122944,1
0,0,0,0,358984,122945,0
1,1,0,0,358985,122945,1
0,0,0,0,358986,122946,0
1,1,0,0,358987,122946,1
0,0,0,0,358988,122947,0
1,1,0,0,358989,122947,1
0,0,0,0,358990,122948,0
1,1,0,0,358991,122948,1
0,0,0,0,358992,122949,0
1,1,0,0,358993,122949,1
0,0,0,0,358994,122950,0
1,1,0,0,358995,122950,1
0,0,0,0,358996,122951,0
1,1,0,0,358997,122951,1
0,0,0,0,358998,122952,0
1,1,0,0,358999,122952,1
0,0,0,0,359000,122953,0
1,1,0,0,359001,122953,1
0,0,0,0,359002,122954,0
1,1,0,0,359003,122954,1
0,0,0,0,359004,122955,0
1,1,0,0,359005,122955,1
0,0,0,0,359006,122956,0
1,1,0,0,359007,122956,1
0,0,0,0,359008,122957,0
1,1,0,0,359009,122957,1
0,0,0,0,359010,122958,0
1,1,0,0,359011,122958,1
0,0,0,0,359012,122959,0
1,1,0,0,359013,122959,1
0,0,0,0,359014,122960,0
1,1,0,0,359015,122960,1
0,0,0,0,359016,122961,0
1,1,0,0,359017,122961,1
0,0,0,0,359018,122962,0
1,1,0,0,359019,122962,1
0,0,0,0,359020,122963,0
1,1,0,0,359021,122963,1
0,0,0,0,359022,122964,0
1,1,0,0,359023,122964,1
0,0,0,0,359024,122965,0
1,1,0,0,359025,122965,1
0,0,0,0,359026,122966,0
1,1,0,0,359027,122966,1
0,0,0,0,359028,122967,0
1,1,0,0,359029,122967,1
0,0,0,0,359030,122968,0
1,1,0,0,359031,122968,1
0,0,0,0,359032,122969,0
1,1,0,0,359033,122969,1
0,0,0,0,359034,122970,0
1,1,0,0,359035,122970,1
0,0,0,0,359036,122971,0
1,1,0,0,359037,122971,1
0,0,0,0,359038,122972,0
1,1,0,0,359039,122972,1
0,0,0,0,359040,122973,0
1,1,0,0,359041,122973,1
0,0,0,0,359042,122974,0
1,1,0,0,359043,122974,1
0,0,0,0,359044,122975,0
1,1,0,0,359045,122975,1
0,0,0,0,359046,122976,0
1,1,0,0,359047,122976,1
0,0,0,0,359048,122977,0
1,1,0,0,359049,122977,1
0,0,0,0,359050,122978,0
1,1,0,0,359051,122978,1
0,0,0,0,359052,122979,0
1,1,0,0,359053,122979,1
0,0,0,0,359054,122980,0
1,1,0,0,359055,122980,1
0,0,0,0,359056,122981,0
1,1,0,0,359057,122981,1
0,0,0,0,359058,122982,0
1,1,0,0,359059,122982,1
0,0,0,0,359060,122983,0
1,1,0,0,359061,122983,1
0,0,0,0,359062,122984,0
1,1,0,0,359063,122984,1
0,0,0,0,359064,122985,0
1,1,0,0,359065,122985,1
0,0,0,0,359066,122986,0
1,1,0,0,359067,122986,1
0,0,0,0,359068,122987,0
1,1,0,0,359069,122987,1
0,0,0,0,359070,122988,0
1,1,0,0,359071,122988,1
0,0,0,0,359072,122989,0
1,1,0,0,359073,122989,1
0,0,0,0,359074,122990,0
1,1,0,0,359075,122990,1
0,0,0,0,359076,122991,0
1,1,0,0,359077,122991,1
0,0,0,0,359078,122992,0
1,1,0,0,359079,122992,1
0,0,0,0,359080,122993,0
1,1,0,0,359081,122993,1
0,0,0,0,359082,122994,0
1,1,0,0,359083,122994,1
0,0,0,0,359084,122995,0
1,1,0,0,359085,122995,1
0,0,0,0,359086,122996,0
1,1,0,0,359087,122996,1
0,0,0,0,359088,122997,0
1,1,0,0,359089,122997,1
0,0,0,0,359090,122998,0
1,1,0,0,359091,122998,1
0,0,0,0,359092,122999,0
1,1,0,0,359093,122999,1
0,0,0,0,359094,123000,0
1,1,0,0,359095,123000,1
0,0,0,0,359096,123001,0
1,1,0,0,359097,123001,1
0,0,0,0,359098,123002,0
1,1,0,0,359099,123002,1
0,0,0,0,359100,123003,0
1,1,0,0,359101,123003,1
0,0,0,0,359102,123004,0
1,1,0,0,359103,123004,1
0,0,0,0,359104,123005,0
1,1,0,0,359105,123005,1
0,0,0,0,359106,123006,0
1,1,0,0,359107,123006,1
0,0,0,0,359108,123007,0
1,1,0,0,359109,123007,1
0,0,0,0,359110,123008,0
1,1,0,0,359111,123008,1
0,0,0,0,359112,123009,0
1,1,0,0,359113,123009,1
0,0,0,0,359114,123010,0
1,1,0,0,359115,123010,1
0,0,0,0,359116,123011,0
1,1,0,0,359117,123011,1
0,0,0,0,359118,123012,0
1,1,0,0,359119,123012,1
0,0,0,0,359120,123013,0
1,1,0,0,359121,123013,1
0,0,0,0,359122,123014,0
1,1,0,0,359123,123014,1
0,0,0,0,359124,123015,0
1,1,0,0,359125,123015,1
0,0,0,0,359126,123016,0
1,1,0,0,359127,123016,1
0,0,0,0,359128,123017,0
1,1,0,0,359129,123017,1
0,0,0,0,359130,123018,0
1,1,0,0,359131,123018,1
0,0,0,0,359132,123019,0
1,1,0,0,359133,123019,1
0,0,0,0,359134,123020,0
1,1,0,0,359135,123020,1
0,0,0,0,359136,123021,0
1,1,0,0,359137,123021,1
0,0,0,0,359138,123022,0
1,1,0,0,359139,123022,1
0,0,0,0,359140,123023,0
1,1,0,0,359141,123023,1
0,0,0,0,359142,123024,0
1,1,0,0,359143,123024,1
0,0,0,0,359144,123025,0
1,1,0,0,359145,123025,1
0,0,0,0,359146,123026,0
1,1,0,0,359147,123026,1
0,0,0,0,359148,123027,0
1,1,0,0,359149,123027,1
0,0,0,0,359150,123028,0
1,1,0,0,359151,123028,1
0,0,0,0,359152,123029,0
1,1,0,0,359153,123029,1
0,0,0,0,359154,123030,0
1,1,0,0,359155,123030,1
0,0,0,0,359156,123031,0
1,1,0,0,359157,123031,1
0,0,0,0,359158,123032,0
1,1,0,0,359159,123032,1
0,0,0,0,359160,123033,0
1,1,0,0,359161,123033,1
0,0,0,0,359162,123034,0
1,1,0,0,359163,123034,1
0,0,0,0,359164,123035,0
1,1,0,0,359165,123035,1
0,0,0,0,359166,123036,0
1,1,0,0,359167,123036,1
0,0,0,0,359168,123037,0
1,1,0,0,359169,123037,1
0,0,0,0,359170,123038,0
1,1,0,0,359171,123038,1
0,0,0,0,359172,123039,0
1,1,0,0,359173,123039,1
0,0,0,0,359174,123040,0
1,1,0,0,359175,123040,1
0,0,0,0,359176,123041,0
1,1,0,0,359177,123041,1
0,0,0,0,359178,123042,0
1,1,0,0,359179,123042,1
0,0,0,0,359180,123043,0
1,1,0,0,359181,123043,1
0,0,0,0,359182,123044,0
1,1,0,0,359183,123044,1
0,0,0,0,359184,123045,0
1,1,0,0,359185,123045,1
0,0,0,0,359186,123046,0
1,1,0,0,359187,123046,1
0,0,0,0,359188,123047,0
1,1,0,0,359189,123047,1
0,0,0,0,359190,123048,0
1,1,0,0,359191,123048,1
0,0,0,0,359192,123049,0
1,1,0,0,359193,123049,1
0,0,0,0,359194,123050,0
1,1,0,0,359195,123050,1
0,0,0,0,359196,123051,0
1,1,0,0,359197,123051,1
0,0,0,0,359198,123052,0
1,1,0,0,359199,123052,1
0,0,0,0,359200,123053,0
1,1,0,0,359201,123053,1
0,0,0,0,359202,123054,0
1,1,0,0,359203,123054,1
0,0,0,0,359204,123055,0
1,1,0,0,359205,123055,1
0,0,0,0,359206,123056,0
1,1,0,0,359207,123056,1
0,0,0,0,359208,123057,0
1,1,0,0,359209,123057,1
0,0,0,0,359210,123058,0
1,1,0,0,359211,123058,1
0,0,0,0,359212,123059,0
1,1,0,0,359213,123059,1
0,0,0,0,359214,123060,0
1,1,0,0,359215,123060,1
0,0,0,0,359216,123061,0
1,1,0,0,359217,123061,1
0,0,0,0,359218,123062,0
1,1,0,0,359219,123062,1
0,0,0,0,359220,123063,0
1,1,0,0,359221,123063,1
0,0,0,0,359222,123064,0
1,1,0,0,359223,123064,1
0,0,0,0,359224,123065,0
1,1,0,0,359225,123065,1
0,0,0,0,359226,123066,0
1,1,0,0,359227,123066,1
0,0,0,0,359228,123067,0
1,1,0,0,359229,123067,1
0,0,0,0,359230,123068,0
1,1,0,0,359231,123068,1
0,0,0,0,359232,123069,0
1,1,0,0,359233,123069,1
0,0,0,0,359234,123070,0
1,1,0,0,359235,123070,1
0,0,0,0,359236,123071,0
1,1,0,0,359237,123071,1
0,0,0,0,359238,123072,0
1,1,0,0,359239,123072,1
0,0,0,0,359240,123073,0
1,1,0,0,359241,123073,1
0,0,0,0,359242,123074,0
1,1,0,0,359243,123074,1
0,0,0,0,359244,123075,0
1,1,0,0,359245,123075,1
0,0,0,0,359246,123076,0
1,1,0,0,359247,123076,1
0,0,0,0,359248,123077,0
1,1,0,0,359249,123077,1
0,0,0,0,359250,123078,0
1,1,0,0,359251,123078,1
0,0,0,0,359252,123079,0
1,1,0,0,359253,123079,1
0,0,0,0,359254,123080,0
1,1,0,0,359255,123080,1
0,0,0,0,359256,123081,0
1,1,0,0,359257,123081,1
0,0,0,0,359258,123082,0
1,1,0,0,359259,123082,1
0,0,0,0,359260,123083,0
1,1,0,0,359261,123083,1
0,0,0,0,359262,123084,0
1,1,0,0,359263,123084,1
0,0,0,0,359264,123085,0
1,1,0,0,359265,123085,1
0,0,0,0,359266,123086,0
1,1,0,0,359267,123086,1
0,0,0,0,359268,123087,0
1,1,0,0,359269,123087,1
0,0,0,0,359270,123088,0
1,1,0,0,359271,123088,1
0,0,0,0,359272,123089,0
1,1,0,0,359273,123089,1
0,0,0,0,359274,123090,0
1,1,0,0,359275,123090,1
0,0,0,0,359276,123091,0
1,1,0,0,359277,123091,1
0,0,0,0,359278,123092,0
1,1,0,0,359279,123092,1
0,0,0,0,359280,123093,0
1,1,0,0,359281,123093,1
0,0,0,0,359282,123094,0
1,1,0,0,359283,123094,1
0,0,0,0,359284,123095,0
1,1,0,0,359285,123095,1
0,0,0,0,359286,123096,0
1,1,0,0,359287,123096,1
0,0,0,0,359288,123097,0
1,1,0,0,359289,123097,1
0,0,0,0,359290,123098,0
1,1,0,0,359291,123098,1
0,0,0,0,359292,123099,0
1,1,0,0,359293,123099,1
0,0,0,0,359294,123100,0
1,1,0,0,359295,123100,1
0,0,0,0,359296,123101,0
1,1,0,0,359297,123101,1
0,0,0,0,359298,123102,0
1,1,0,0,359299,123102,1
0,0,0,0,359300,123103,0
1,1,0,0,359301,123103,1
0,0,0,0,359302,123104,0
1,1,0,0,359303,123104,1
0,0,0,0,359304,123105,0
1,1,0,0,359305,123105,1
0,0,0,0,359306,123106,0
1,1,0,0,359307,123106,1
0,0,0,0,359308,123107,0
1,1,0,0,359309,123107,1
0,0,0,0,359310,123108,0
1,1,0,0,359311,123108,1
0,0,0,0,359312,123109,0
1,1,0,0,359313,123109,1
0,0,0,0,359314,123110,0
1,1,0,0,359315,123110,1
0,0,0,0,359316,123111,0
1,1,0,0,359317,123111,1
0,0,0,0,359318,123112,0
1,1,0,0,359319,123112,1
0,0,0,0,359320,123113,0
1,1,0,0,359321,123113,1
0,0,0,0,359322,123114,0
1,1,0,0,359323,123114,1
0,0,0,0,359324,123115,0
1,1,0,0,359325,123115,1
0,0,0,0,359326,123116,0
1,1,0,0,359327,123116,1
0,0,0,0,359328,123117,0
1,1,0,0,359329,123117,1
0,0,0,0,359330,123118,0
1,1,0,0,359331,123118,1
0,0,0,0,359332,123119,0
1,1,0,0,359333,123119,1
0,0,0,0,359334,123120,0
1,1,0,0,359335,123120,1
0,0,0,0,359336,123121,0
1,1,0,0,359337,123121,1
0,0,0,0,359338,123122,0
1,1,0,0,359339,123122,1
0,0,0,0,359340,123123,0
1,1,0,0,359341,123123,1
0,0,0,0,359342,123124,0
1,1,0,0,359343,123124,1
0,0,0,0,359344,123125,0
1,1,0,0,359345,123125,1
0,0,0,0,359346,123126,0
1,1,0,0,359347,123126,1
0,0,0,0,359348,123127,0
1,1,0,0,359349,123127,1
0,0,0,0,359350,123128,0
1,1,0,0,359351,123128,1
0,0,0,0,359352,123129,0
1,1,0,0,359353,123129,1
0,0,0,0,359354,123130,0
1,1,0,0,359355,123130,1
0,0,0,0,359356,123131,0
1,1,0,0,359357,123131,1
0,0,0,0,359358,123132,0
1,1,0,0,359359,123132,1
0,0,0,0,359360,123133,0
1,1,0,0,359361,123133,1
0,0,0,0,359362,123134,0
1,1,0,0,359363,123134,1
0,0,0,0,359364,123135,0
1,1,0,0,359365,123135,1
0,0,0,0,359366,123136,0
1,1,0,0,359367,123136,1
0,0,0,0,359368,123137,0
1,1,0,0,359369,123137,1
0,0,0,0,359370,123138,0
1,1,0,0,359371,123138,1
0,0,0,0,359372,123139,0
1,1,0,0,359373,123139,1
0,0,0,0,359374,123140,0
1,1,0,0,359375,123140,1
0,0,0,0,359376,123141,0
1,1,0,0,359377,123141,1
0,0,0,0,359378,123142,0
1,1,0,0,359379,123142,1
0,0,0,0,359380,123143,0
1,1,0,0,359381,123143,1
0,0,0,0,359382,123144,0
1,1,0,0,359383,123144,1
0,0,0,0,359384,123145,0
1,1,0,0,359385,123145,1
0,0,0,0,359386,123146,0
1,1,0,0,359387,123146,1
0,0,0,0,359388,123147,0
1,1,0,0,359389,123147,1
0,0,0,0,359390,123148,0
1,1,0,0,359391,123148,1
0,0,0,0,359392,123149,0
1,1,0,0,359393,123149,1
0,0,0,0,359394,123150,0
1,1,0,0,359395,123150,1
0,0,0,0,359396,123151,0
1,1,0,0,359397,123151,1
0,0,0,0,359398,123152,0
1,1,0,0,359399,123152,1
0,0,0,0,359400,123153,0
1,1,0,0,359401,123153,1
0,0,0,0,359402,123154,0
1,1,0,0,359403,123154,1
0,0,0,0,359404,123155,0
1,1,0,0,359405,123155,1
0,0,0,0,359406,123156,0
1,1,0,0,359407,123156,1
0,0,0,0,359408,123157,0
1,1,0,0,359409,123157,1
0,0,0,0,359410,123158,0
1,1,0,0,359411,123158,1
0,0,0,0,359412,123159,0
1,1,0,0,359413,123159,1
0,0,0,0,359414,123160,0
1,1,0,0,359415,123160,1
0,0,0,0,359416,123161,0
1,1,0,0,359417,123161,1
0,0,0,0,359418,123162,0
1,1,0,0,359419,123162,1
0,0,0,0,359420,123163,0
1,1,0,0,359421,123163,1
0,0,0,0,359422,123164,0
1,1,0,0,359423,123164,1
0,0,0,0,359424,123165,0
1,1,0,0,359425,123165,1
0,0,0,0,359426,123166,0
1,1,0,0,359427,123166,1
0,0,0,0,359428,123167,0
1,1,0,0,359429,123167,1
0,0,0,0,359430,123168,0
1,1,0,0,359431,123168,1
0,0,0,0,359432,123169,0
1,1,0,0,359433,123169,1
0,0,0,0,359434,123170,0
1,1,0,0,359435,123170,1
0,0,0,0,359436,123171,0
1,1,0,0,359437,123171,1
0,0,0,0,359438,123172,0
1,1,0,0,359439,123172,1
0,0,0,0,359440,123173,0
1,1,0,0,359441,123173,1
0,0,0,0,359442,123174,0
1,1,0,0,359443,123174,1
0,0,0,0,359444,123175,0
1,1,0,0,359445,123175,1
0,0,0,0,359446,123176,0
1,1,0,0,359447,123176,1
0,0,0,0,359448,123177,0
1,1,0,0,359449,123177,1
0,0,0,0,359450,123178,0
1,1,0,0,359451,123178,1
0,0,0,0,359452,123179,0
1,1,0,0,359453,123179,1
0,0,0,0,359454,123180,0
1,1,0,0,359455,123180,1
0,0,0,0,359456,123181,0
1,1,0,0,359457,123181,1
0,0,0,0,359458,123182,0
1,1,0,0,359459,123182,1
0,0,0,0,359460,123183,0
1,1,0,0,359461,123183,1
0,0,0,0,359462,123184,0
1,1,0,0,359463,123184,1
0,0,0,0,359464,123185,0
1,1,0,0,359465,123185,1
0,0,0,0,359466,123186,0
1,1,0,0,359467,123186,1
0,0,0,0,359468,123187,0
1,1,0,0,359469,123187,1
0,0,0,0,359470,123188,0
1,1,0,0,359471,123188,1
0,0,0,0,359547,123226,0
1,1,0,0,359548,123226,1
0,0,0,0,359549,123227,0
1,1,0,0,359550,123227,1
0,0,0,0,359551,123228,0
1,1,0,0,359552,123228,1
0,0,0,0,359553,123229,0
1,1,0,0,359554,123229,1
0,0,0,0,359555,123230,0
1,1,0,0,359556,123230,1
0,0,0,0,359557,123231,0
1,1,0,0,359558,123231,1
0,0,0,0,359559,123232,0
1,1,0,0,359560,123232,1
0,0,0,0,359561,123233,0
1,1,0,0,359562,123233,1
0,0,0,0,359563,123234,0
1,1,0,0,359564,123234,1
0,0,0,0,359565,123235,0
1,1,0,0,359566,123235,1
0,0,0,0,359567,123236,0
1,1,0,0,359568,123236,1
0,0,0,0,359569,123237,0
1,1,0,0,359570,123237,1
0,0,0,0,359571,123238,0
1,1,0,0,359572,123238,1
0,0,0,0,359573,123239,0
1,1,0,0,359574,123239,1
0,0,0,0,359575,123240,0
1,1,0,0,359576,123240,1
0,0,0,0,359577,123241,0
1,1,0,0,359578,123241,1
0,0,0,0,359579,123242,0
1,1,0,0,359580,123242,1
0,0,0,0,359581,123243,0
1,1,0,0,359582,123243,1
0,0,0,0,359583,123244,0
1,1,0,0,359584,123244,1
0,0,0,0,359585,123245,0
1,1,0,0,359586,123245,1
0,0,0,0,359587,123246,0
1,1,0,0,359588,123246,1
0,0,0,0,359589,123247,0
1,1,0,0,359590,123247,1
0,0,0,0,359591,123248,0
1,1,0,0,359592,123248,1
0,0,0,0,359593,123249,0
1,1,0,0,359594,123249,1
0,0,0,0,359595,123250,0
1,1,0,0,359596,123250,1
0,0,0,0,359597,123251,0
1,1,0,0,359598,123251,1
0,0,0,0,359599,123252,0
1,1,0,0,359600,123252,1
0,0,0,0,359601,123253,0
1,1,0,0,359602,123253,1
0,0,0,0,359603,123254,0
1,1,0,0,359604,123254,1
0,0,0,0,359605,123255,0
1,1,0,0,359606,123255,1
0,0,0,0,359607,123256,0
1,1,0,0,359608,123256,1
0,0,0,0,359609,123257,0
1,1,0,0,359610,123257,1
0,0,0,0,359611,123258,0
1,1,0,0,359612,123258,1
0,0,0,0,359613,123259,0
1,1,0,0,359614,123259,1
0,0,0,0,359615,123260,0
1,1,0,0,359616,123260,1
0,0,0,0,359617,123261,0
1,1,0,0,359618,123261,1
0,0,0,0,359619,123262,0
1,1,0,0,359620,123262,1
0,0,0,0,359621,123263,0
1,1,0,0,359622,123263,1
0,0,0,0,359623,123264,0
1,1,0,0,359624,123264,1
0,0,0,0,359625,123265,0
1,1,0,0,359626,123265,1
0,0,0,0,359627,123266,0
1,1,0,0,359628,123266,1
0,0,0,0,359629,123267,0
1,1,0,0,359630,123267,1
0,0,0,0,359631,123268,0
1,1,0,0,359632,123268,1
0,0,0,0,359633,123269,0
1,1,0,0,359634,123269,1
0,0,0,0,359635,123270,0
1,1,0,0,359636,123270,1
0,0,0,0,359637,123271,0
1,1,0,0,359638,123271,1
0,0,0,0,359639,123272,0
1,1,0,0,359640,123272,1
0,0,0,0,359641,123273,0
1,1,0,0,359642,123273,1
0,0,0,0,359643,123274,0
1,1,0,0,359644,123274,1
0,0,0,0,359645,123275,0
1,1,0,0,359646,123275,1
0,0,0,0,359647,123276,0
1,1,0,0,359648,123276,1
0,0,0,0,359649,123277,0
1,1,0,0,359650,123277,1
0,0,0,0,359651,123278,0
1,1,0,0,359652,123278,1
0,0,0,0,359653,123279,0
1,1,0,0,359654,123279,1
0,0,0,0,359655,123280,0
1,1,0,0,359656,123280,1
0,0,0,0,359657,123281,0
1,1,0,0,359658,123281,1
0,0,0,0,359659,123282,0
1,1,0,0,359660,123282,1
0,0,0,0,359661,123283,0
1,1,0,0,359662,123283,1
0,0,0,0,359663,123284,0
1,1,0,0,359664,123284,1
0,0,0,0,359665,123285,0
1,1,0,0,359666,123285,1
0,0,0,0,359667,123286,0
1,1,0,0,359668,123286,1
0,0,0,0,359669,123287,0
1,1,0,0,359670,123287,1
0,0,0,0,359671,123288,0
1,1,0,0,359672,123288,1
0,0,0,0,359673,123289,0
1,1,0,0,359674,123289,1
0,0,0,0,359675,123290,0
1,1,0,0,359676,123290,1
0,0,0,0,359677,123291,0
1,1,0,0,359678,123291,1
0,0,0,0,359679,123292,0
1,1,0,0,359680,123292,1
0,0,0,0,359681,123293,0
1,1,0,0,359682,123293,1
0,0,0,0,359683,123294,0
1,1,0,0,359684,123294,1
0,0,0,0,359685,123295,0
1,1,0,0,359686,123295,1
0,0,0,0,359687,123296,0
1,1,0,0,359688,123296,1
0,0,0,0,359689,123297,0
1,1,0,0,359690,123297,1
0,0,0,0,359691,123298,0
1,1,0,0,359692,123298,1
0,0,0,0,359693,123299,0
1,1,0,0,359694,123299,1
0,0,0,0,359695,123300,0
1,1,0,0,359696,123300,1
0,0,0,0,359697,123301,0
1,1,0,0,359698,123301,1
0,0,0,0,359699,123302,0
1,1,0,0,359700,123302,1
0,0,0,0,359701,123303,0
1,1,0,0,359702,123303,1
0,0,0,0,359703,123304,0
1,1,0,0,359704,123304,1
0,0,0,0,359705,123305,0
1,1,0,0,359706,123305,1
0,0,0,0,359707,123306,0
1,1,0,0,359708,123306,1
0,0,0,0,359709,123307,0
1,1,0,0,359710,123307,1
0,0,0,0,359711,123308,0
1,1,0,0,359712,123308,1
0,0,0,0,359713,123309,0
1,1,0,0,359714,123309,1
0,0,0,0,359715,123310,0
1,1,0,0,359716,123310,1
0,0,0,0,359717,123311,0
1,1,0,0,359718,123311,1
0,0,0,0,359719,123312,0
1,1,0,0,359720,123312,1
0,0,0,0,359721,123313,0
1,1,0,0,359722,123313,1
0,0,0,0,359723,123314,0
1,1,0,0,359724,123314,1
0,0,0,0,359725,123315,0
1,1,0,0,359726,123315,1
0,0,0,0,359727,123316,0
1,1,0,0,359728,123316,1
0,0,0,0,359729,123317,0
1,1,0,0,359730,123317,1
0,0,0,0,359731,123318,0
1,1,0,0,359732,123318,1
0,0,0,0,359733,123319,0
1,1,0,0,359734,123319,1
0,0,0,0,359735,123320,0
1,1,0,0,359736,123320,1
0,0,0,0,359737,123321,0
1,1,0,0,359738,123321,1
0,0,0,0,359739,123322,0
1,1,0,0,359740,123322,1
0,0,0,0,359741,123323,0
1,1,0,0,359742,123323,1
0,0,0,0,359743,123324,0
1,1,0,0,359744,123324,1
0,0,0,0,359745,123325,0
1,1,0,0,359746,123325,1
0,0,0,0,359747,123326,0
1,1,0,0,359748,123326,1
0,0,0,0,359749,123327,0
1,1,0,0,359750,123327,1
0,0,0,0,359751,123328,0
1,1,0,0,359752,123328,1
0,0,0,0,359753,123329,0
1,1,0,0,359754,123329,1
0,0,0,0,359755,123330,0
1,1,0,0,359756,123330,1
0,0,0,0,359757,123331,0
1,1,0,0,359758,123331,1
0,0,0,0,359759,123332,0
1,1,0,0,359760,123332,1
0,0,0,0,359761,123333,0
1,1,0,0,359762,123333,1
0,0,0,0,359763,123334,0
1,1,0,0,359764,123334,1
0,0,0,0,359765,123335,0
1,1,0,0,359766,123335,1
0,0,0,0,359767,123336,0
1,1,0,0,359768,123336,1
0,0,0,0,359769,123337,0
1,1,0,0,359770,123337,1
0,0,0,0,359771,123338,0
1,1,0,0,359772,123338,1
0,0,0,0,359773,123339,0
1,1,0,0,359774,123339,1
0,0,0,0,359775,123340,0
1,1,0,0,359776,123340,1
0,0,0,0,359777,123341,0
1,1,0,0,359778,123341,1
0,0,0,0,359779,123342,0
1,1,0,0,359780,123342,1
0,0,0,0,359781,123343,0
1,1,0,0,359782,123343,1
0,0,0,0,359783,123344,0
1,1,0,0,359784,123344,1
0,0,0,0,359785,123345,0
1,1,0,0,359786,123345,1
0,0,0,0,359787,123346,0
1,1,0,0,359788,123346,1
0,0,0,0,359789,123347,0
1,1,0,0,359790,123347,1
0,0,0,0,359791,123348,0
1,1,0,0,359792,123348,1
0,0,0,0,359793,123349,0
1,1,0,0,359794,123349,1
0,0,0,0,359795,123350,0
1,1,0,0,359796,123350,1
0,0,0,0,359797,123351,0
1,1,0,0,359798,123351,1
0,0,0,0,359799,123352,0
1,1,0,0,359800,123352,1
0,0,0,0,359801,123353,0
1,1,0,0,359802,123353,1
0,0,0,0,359803,123354,0
1,1,0,0,359804,123354,1
0,0,0,0,359805,123355,0
1,1,0,0,359806,123355,1
0,0,0,0,359807,123356,0
1,1,0,0,359808,123356,1
0,0,0,0,359809,123357,0
1,1,0,0,359810,123357,1
0,0,0,0,359811,123358,0
1,1,0,0,359812,123358,1
0,0,0,0,359813,123359,0
1,1,0,0,359814,123359,1
0,0,0,0,359815,123360,0
1,1,0,0,359816,123360,1
0,0,0,0,359817,123361,0
1,1,0,0,359818,123361,1
0,0,0,0,359819,123362,0
1,1,0,0,359820,123362,1
0,0,0,0,359821,123363,0
1,1,0,0,359822,123363,1
0,0,0,0,359823,123364,0
1,1,0,0,359824,123364,1
0,0,0,0,359825,123365,0
1,1,0,0,359826,123365,1
0,0,0,0,359827,123366,0
1,1,0,0,359828,123366,1
0,0,0,0,359829,123367,0
1,1,0,0,359830,123367,1
0,0,0,0,359831,123368,0
1,1,0,0,359832,123368,1
0,0,0,0,359833,123369,0
1,1,0,0,359834,123369,1
0,0,0,0,359835,123370,0
1,1,0,0,359836,123370,1
0,0,0,0,359837,123371,0
1,1,0,0,359838,123371,1
0,0,0,0,359839,123372,0
1,1,0,0,359840,123372,1
0,0,0,0,359841,123373,0
1,1,0,0,359842,123373,1
0,0,0,0,359843,123374,0
1,1,0,0,359844,123374,1
0,0,0,0,359845,123375,0
1,1,0,0,359846,123375,1
0,0,0,0,359847,123376,0
1,1,0,0,359848,123376,1
0,0,0,0,359849,123377,0
1,1,0,0,359850,123377,1
0,0,0,0,359851,123378,0
1,1,0,0,359852,123378,1
0,0,0,0,359853,123379,0
1,1,0,0,359854,123379,1
0,0,0,0,359855,123380,0
1,1,0,0,359856,123380,1
0,0,0,0,359857,123381,0
1,1,0,0,359858,123381,1
0,0,0,0,359859,123382,0
1,1,0,0,359860,123382,1
0,0,0,0,359861,123383,0
1,1,0,0,359862,123383,1
0,0,0,0,359863,123384,0
1,1,0,0,359864,123384,1
0,0,0,0,359865,123385,0
1,1,0,0,359866,123385,1
0,0,0,0,359867,123386,0
1,1,0,0,359868,123386,1
0,0,0,0,359869,123387,0
1,1,0,0,359870,123387,1
0,0,0,0,359871,123388,0
1,1,0,0,359872,123388,1
0,0,0,0,359873,123389,0
1,1,0,0,359874,123389,1
0,0,0,0,359875,123390,0
1,1,0,0,359876,123390,1
0,0,0,0,359877,123391,0
1,1,0,0,359878,123391,1
0,0,0,0,359879,123392,0
1,1,0,0,359880,123392,1
0,0,0,0,359881,123393,0
1,1,0,0,359882,123393,1
0,0,0,0,359883,123394,0
1,1,0,0,359884,123394,1
0,0,0,0,359885,123395,0
1,1,0,0,359886,123395,1
0,0,0,0,359887,123396,0
1,1,0,0,359888,123396,1
0,0,0,0,359889,123397,0
1,1,0,0,359890,123397,1
0,0,0,0,359891,123398,0
1,1,0,0,359892,123398,1
0,0,0,0,359893,123399,0
1,1,0,0,359894,123399,1
0,0,0,0,359895,123400,0
1,1,0,0,359896,123400,1
0,0,0,0,359897,123401,0
1,1,0,0,359898,123401,1
0,0,0,0,359899,123402,0
1,1,0,0,359900,123402,1
0,0,0,0,359901,123403,0
1,1,0,0,359902,123403,1
0,0,0,0,359903,123404,0
1,1,0,0,359904,123404,1
0,0,0,0,359905,123405,0
1,1,0,0,359906,123405,1
0,0,0,0,359907,123406,0
1,1,0,0,359908,123406,1
0,0,0,0,359909,123407,0
1,1,0,0,359910,123407,1
0,0,0,0,359911,123408,0
1,1,0,0,359912,123408,1
0,0,0,0,359913,123409,0
1,1,0,0,359914,123409,1
0,0,0,0,359915,123410,0
1,1,0,0,359916,123410,1
0,0,0,0,359917,123411,0
1,1,0,0,359918,123411,1
0,0,0,0,359919,123412,0
1,1,0,0,359920,123412,1
0,0,0,0,359921,123413,0
1,1,0,0,359922,123413,1
0,0,0,0,359923,123414,0
1,1,0,0,359924,123414,1
0,0,0,0,359925,123415,0
1,1,0,0,359926,123415,1
0,0,0,0,359927,123416,0
1,1,0,0,359928,123416,1
0,0,0,0,359929,123417,0
1,1,0,0,359930,123417,1
0,0,0,0,359931,123418,0
1,1,0,0,359932,123418,1
0,0,0,0,359933,123419,0
1,1,0,0,359934,123419,1
0,0,0,0,359935,123420,0
1,1,0,0,359936,123420,1
0,0,0,0,359937,123421,0
1,1,0,0,359938,123421,1
0,0,0,0,359939,123422,0
1,1,0,0,359940,123422,1
0,0,0,0,359941,123423,0
1,1,0,0,359942,123423,1
0,0,0,0,359943,123424,0
1,1,0,0,359944,123424,1
0,0,0,0,359945,123425,0
1,1,0,0,359946,123425,1
0,0,0,0,359947,123426,0
1,1,0,0,359948,123426,1
0,0,0,0,359949,123427,0
1,1,0,0,359950,123427,1
0,0,0,0,359951,123428,0
1,1,0,0,359952,123428,1
0,0,0,0,359953,123429,0
1,1,0,0,359954,123429,1
0,0,0,0,359955,123430,0
1,1,0,0,359956,123430,1
0,0,0,0,359957,123431,0
1,1,0,0,359958,123431,1
0,0,0,0,359959,123432,0
1,1,0,0,359960,123432,1
0,0,0,0,359961,123433,0
1,1,0,0,359962,123433,1
0,0,0,0,359963,123434,0
1,1,0,0,359964,123434,1
0,0,0,0,359965,123435,0
1,1,0,0,359966,123435,1
0,0,0,0,359967,123436,0
1,1,0,0,359968,123436,1
0,0,0,0,359969,123437,0
1,1,0,0,359970,123437,1
0,0,0,0,359971,123438,0
1,1,0,0,359972,123438,1
0,0,0,0,359973,123439,0
1,1,0,0,359974,123439,1
0,0,0,0,359975,123440,0
1,1,0,0,359976,123440,1
0,0,0,0,359977,123441,0
1,1,0,0,359978,123441,1
0,0,0,0,359979,123442,0
1,1,0,0,359980,123442,1
0,0,0,0,359981,123443,0
1,1,0,0,359982,123443,1
0,0,0,0,359983,123444,0
1,1,0,0,359984,123444,1
0,0,0,0,359985,123445,0
1,1,0,0,359986,123445,1
0,0,0,0,359987,123446,0
1,1,0,0,359988,123446,1
0,0,0,0,359989,123447,0
1,1,0,0,359990,123447,1
0,0,0,0,359991,123448,0
1,1,0,0,359992,123448,1
0,0,0,0,359993,123449,0
1,1,0,0,359994,123449,1
0,0,0,0,359995,123450,0
1,1,0,0,359996,123450,1
0,0,0,0,359997,123451,0
1,1,0,0,359998,123451,1
0,0,0,0,359999,123452,0
1,1,0,0,360000,123452,1
0,0,0,0,360001,123453,0
1,1,0,0,360002,123453,1
0,0,0,0,360003,123454,0
1,1,0,0,360004,123454,1
0,0,0,0,360005,123455,0
1,1,0,0,360006,123455,1
0,0,0,0,360007,123456,0
1,1,0,0,360008,123456,1
0,0,0,0,360009,123457,0
1,1,0,0,360010,123457,1
0,0,0,0,360011,123458,0
1,1,0,0,360012,123458,1
0,0,0,0,360013,123459,0
1,1,0,0,360014,123459,1
0,0,0,0,360015,123460,0
1,1,0,0,360016,123460,1
0,0,0,0,360017,123461,0
1,1,0,0,360018,123461,1
0,0,0,0,360019,123462,0
1,1,0,0,360020,123462,1
0,0,0,0,360021,123463,0
1,1,0,0,360022,123463,1
0,0,0,0,360023,123464,0
1,1,0,0,360024,123464,1
0,0,0,0,360025,123465,0
1,1,0,0,360026,123465,1
0,0,0,0,360027,123466,0
1,1,0,0,360028,123466,1
0,0,0,0,360029,123467,0
1,1,0,0,360030,123467,1
0,0,0,0,360031,123468,0
1,1,0,0,360032,123468,1
0,0,0,0,360033,123469,0
1,1,0,0,360034,123469,1
0,0,0,0,360035,123470,0
1,1,0,0,360036,123470,1
0,0,0,0,360037,123471,0
1,1,0,0,360038,123471,1
0,0,0,0,360039,123472,0
1,1,0,0,360040,123472,1
0,0,0,0,360041,123473,0
1,1,0,0,360042,123473,1
0,0,0,0,360043,123474,0
1,1,0,0,360044,123474,1
0,0,0,0,360045,123475,0
1,1,0,0,360046,123475,1
0,0,0,0,360047,123476,0
1,1,0,0,360048,123476,1
0,0,0,0,360049,123477,0
1,1,0,0,360050,123477,1
0,0,0,0,360051,123478,0
1,1,0,0,360052,123478,1
0,0,0,0,360053,123479,0
1,1,0,0,360054,123479,1
0,0,0,0,360055,123480,0
1,1,0,0,360056,123480,1
0,0,0,0,360057,123481,0
1,1,0,0,360058,123481,1
0,0,0,0,360059,123482,0
1,1,0,0,360060,123482,1
0,0,0,0,360061,123483,0
1,1,0,0,360062,123483,1
0,0,0,0,360063,123484,0
1,1,0,0,360064,123484,1
0,0,0,0,360065,123485,0
1,1,0,0,360066,123485,1
0,0,0,0,360067,123486,0
1,1,0,0,360068,123486,1
0,0,0,0,360069,123487,0
1,1,0,0,360070,123487,1
0,0,0,0,360071,123488,0
1,1,0,0,360072,123488,1
0,0,0,0,360073,123489,0
1,1,0,0,360074,123489,1
0,0,0,0,360075,123490,0
1,1,0,0,360076,123490,1
0,0,0,0,360077,123491,0
1,1,0,0,360078,123491,1
0,0,0,0,360079,123492,0
1,1,0,0,360080,123492,1
0,0,0,0,360081,123493,0
1,1,0,0,360082,123493,1
0,0,0,0,360083,123494,0
1,1,0,0,360084,123494,1
0,0,0,0,360085,123495,0
1,1,0,0,360086,123495,1
0,0,0,0,360087,123496,0
1,1,0,0,360088,123496,1
0,0,0,0,360089,123497,0
1,1,0,0,360090,123497,1
0,0,0,0,360091,123498,0
1,1,0,0,360092,123498,1
0,0,0,0,360093,123499,0
1,1,0,0,360094,123499,1
0,0,0,0,360095,123500,0
1,1,0,0,360096,123500,1
0,0,0,0,360097,123501,0
1,1,0,0,360098,123501,1
0,0,0,0,360099,123502,0
1,1,0,0,360100,123502,1
0,0,0,0,360101,123503,0
1,1,0,0,360102,123503,1
0,0,0,0,360103,123504,0
1,1,0,0,360104,123504,1
0,0,0,0,360105,123505,0
1,1,0,0,360106,123505,1
0,0,0,0,360107,123506,0
1,1,0,0,360108,123506,1
0,0,0,0,360109,123507,0
1,1,0,0,360110,123507,1
0,0,0,0,360111,123508,0
1,1,0,0,360112,123508,1
0,0,0,0,360113,123509,0
1,1,0,0,360114,123509,1
0,0,0,0,360115,123510,0
1,1,0,0,360116,123510,1
0,0,0,0,360117,123511,0
1,1,0,0,360118,123511,1
0,0,0,0,360119,123512,0
1,1,0,0,360120,123512,1
0,0,0,0,360121,123513,0
1,1,0,0,360122,123513,1
0,0,0,0,360123,123514,0
1,1,0,0,360124,123514,1
0,0,0,0,360125,123515,0
1,1,0,0,360126,123515,1
0,0,0,0,360127,123516,0
1,1,0,0,360128,123516,1
0,0,0,0,360129,123517,0
1,1,0,0,360130,123517,1
0,0,0,0,360131,123518,0
1,1,0,0,360132,123518,1
0,0,0,0,360133,123519,0
1,1,0,0,360134,123519,1
0,0,0,0,360135,123520,0
1,1,0,0,360136,123520,1
0,0,0,0,360137,123521,0
1,1,0,0,360138,123521,1
0,0,0,0,360139,123522,0
1,1,0,0,360140,123522,1
0,0,0,0,360141,123523,0
1,1,0,0,360142,123523,1
0,0,0,0,360143,123524,0
1,1,0,0,360144,123524,1
0,0,0,0,360145,123525,0
1,1,0,0,360146,123525,1
0,0,0,0,360147,123526,0
1,1,0,0,360148,123526,1
0,0,0,0,360149,123527,0
1,1,0,0,360150,123527,1
0,0,0,0,360151,123528,0
1,1,0,0,360152,123528,1
0,0,0,0,360153,123529,0
1,1,0,0,360154,123529,1
0,0,0,0,360155,123530,0
1,1,0,0,360156,123530,1
0,0,0,0,360157,123531,0
1,1,0,0,360158,123531,1
0,0,0,0,360159,123532,0
1,1,0,0,360160,123532,1
0,0,0,0,360161,123533,0
1,1,0,0,360162,123533,1
0,0,0,0,360163,123534,0
1,1,0,0,360164,123534,1
0,0,0,0,360165,123535,0
1,1,0,0,360166,123535,1
0,0,0,0,360167,123536,0
1,1,0,0,360168,123536,1
0,0,0,0,360169,123537,0
1,1,0,0,360170,123537,1
0,0,0,0,360171,123538,0
1,1,0,0,360172,123538,1
0,0,0,0,360173,123539,0
1,1,0,0,360174,123539,1
0,0,0,0,360175,123540,0
1,1,0,0,360176,123540,1
0,0,0,0,360177,123541,0
1,1,0,0,360178,123541,1
0,0,0,0,360179,123542,0
1,1,0,0,360180,123542,1
0,0,0,0,360181,123543,0
1,1,0,0,360182,123543,1
0,0,0,0,360183,123544,0
1,1,0,0,360184,123544,1
0,0,0,0,360185,123545,0
1,1,0,0,360186,123545,1
0,0,0,0,360187,123546,0
1,1,0,0,360188,123546,1
0,0,0,0,360189,123547,0
1,1,0,0,360190,123547,1
0,0,0,0,360191,123548,0
1,1,0,0,360192,123548,1
0,0,0,0,360193,123549,0
1,1,0,0,360194,123549,1
0,0,0,0,360195,123550,0
1,1,0,0,360196,123550,1
0,0,0,0,360197,123551,0
1,1,0,0,360198,123551,1
0,0,0,0,360199,123552,0
1,1,0,0,360200,123552,1
0,0,0,0,360201,123553,0
1,1,0,0,360202,123553,1
0,0,0,0,360203,123554,0
1,1,0,0,360204,123554,1
0,0,0,0,360205,123555,0
1,1,0,0,360206,123555,1
0,0,0,0,360207,123556,0
1,1,0,0,360208,123556,1
0,0,0,0,360209,123557,0
1,1,0,0,360210,123557,1
0,0,0,0,360211,123558,0
1,1,0,0,360212,123558,1
0,0,0,0,360213,123559,0
1,1,0,0,360214,123559,1
0,0,0,0,360215,123560,0
1,1,0,0,360216,123560,1
0,0,0,0,360217,123561,0
1,1,0,0,360218,123561,1
0,0,0,0,360219,123562,0
1,1,0,0,360220,123562,1
0,0,0,0,360221,123563,0
1,1,0,0,360222,123563,1
0,0,0,0,360223,123564,0
1,1,0,0,360224,123564,1
0,0,0,0,360225,123565,0
1,1,0,0,360226,123565,1
0,0,0,0,360227,123566,0
1,1,0,0,360228,123566,1
0,0,0,0,360229,123567,0
1,1,0,0,360230,123567,1
0,0,0,0,360231,123568,0
1,1,0,0,360232,123568,1
0,0,0,0,360233,123569,0
1,1,0,0,360234,123569,1
0,0,0,0,360235,123570,0
1,1,0,0,360236,123570,1
0,0,0,0,360237,123571,0
1,1,0,0,360238,123571,1
0,0,0,0,360239,123572,0
1,1,0,0,360240,123572,1
0,0,0,0,360241,123573,0
1,1,0,0,360242,123573,1
0,0,0,0,360243,123574,0
1,1,0,0,360244,123574,1
0,0,0,0,360245,123575,0
1,1,0,0,360246,123575,1
0,0,0,0,360247,123576,0
1,1,0,0,360248,123576,1
0,0,0,0,360249,123577,0
1,1,0,0,360250,123577,1
0,0,0,0,360251,123578,0
1,1,0,0,360252,123578,1
0,0,0,0,360253,123579,0
1,1,0,0,360254,123579,1
0,0,0,0,360255,123580,0
1,1,0,0,360256,123580,1
0,0,0,0,360257,123581,0
1,1,0,0,360258,123581,1
0,0,0,0,360259,123582,0
1,1,0,0,360260,123582,1
0,0,0,0,360261,123583,0
1,1,0,0,360262,123583,1
0,0,0,0,360263,123584,0
1,1,0,0,360264,123584,1
0,0,0,0,360265,123585,0
1,1,0,0,360266,123585,1
0,0,0,0,360267,123586,0
1,1,0,0,360268,123586,1
0,0,0,0,360269,123587,0
1,1,0,0,360270,123587,1
0,0,0,0,360271,123588,0
1,1,0,0,360272,123588,1
0,0,0,0,360273,123589,0
1,1,0,0,360274,123589,1
0,0,0,0,360275,123590,0
1,1,0,0,360276,123590,1
0,0,0,0,360277,123591,0
1,1,0,0,360278,123591,1
0,0,0,0,360279,123592,0
1,1,0,0,360280,123592,1
0,0,0,0,360281,123593,0
1,1,0,0,360282,123593,1
0,0,0,0,360283,123594,0
1,1,0,0,360284,123594,1
0,0,0,0,360285,123595,0
1,1,0,0,360286,123595,1
0,0,0,0,360287,123596,0
1,1,0,0,360288,123596,1
0,0,0,0,360289,123597,0
1,1,0,0,360290,123597,1
0,0,0,0,360291,123598,0
1,1,0,0,360292,123598,1
0,0,0,0,360293,123599,0
1,1,0,0,360294,123599,1
0,0,0,0,360295,123600,0
1,1,0,0,360296,123600,1
0,0,0,0,360297,123601,0
1,1,0,0,360298,123601,1
0,0,0,0,360299,123602,0
1,1,0,0,360300,123602,1
0,0,0,0,360301,123603,0
1,1,0,0,360302,123603,1
0,0,0,0,360303,123604,0
1,1,0,0,360304,123604,1
0,0,0,0,360305,123605,0
1,1,0,0,360306,123605,1
0,0,0,0,360307,123606,0
1,1,0,0,360308,123606,1
0,0,0,0,360309,123607,0
1,1,0,0,360310,123607,1
0,0,0,0,360311,123608,0
1,1,0,0,360312,123608,1
0,0,0,0,360313,123609,0
1,1,0,0,360314,123609,1
0,0,0,0,360315,123610,0
1,1,0,0,360316,123610,1
0,0,0,0,360317,123611,0
1,1,0,0,360318,123611,1
0,0,0,0,360319,123612,0
1,1,0,0,360320,123612,1
0,0,0,0,360321,123613,0
1,1,0,0,360322,123613,1
0,0,0,0,360323,123614,0
1,1,0,0,360324,123614,1
0,0,0,0,360325,123615,0
1,1,0,0,360326,123615,1
0,0,0,0,360327,123616,0
1,1,0,0,360328,123616,1
0,0,0,0,360329,123617,0
1,1,0,0,360330,123617,1
0,0,0,0,360331,123618,0
1,1,0,0,360332,123618,1
0,0,0,0,360333,123619,0
1,1,0,0,360334,123619,1
0,0,0,0,360335,123620,0
1,1,0,0,360336,123620,1
0,0,0,0,360337,123621,0
1,1,0,0,360338,123621,1
0,0,0,0,360339,123622,0
1,1,0,0,360340,123622,1
0,0,0,0,360341,123623,0
1,1,0,0,360342,123623,1
0,0,0,0,360343,123624,0
1,1,0,0,360344,123624,1
0,0,0,0,360345,123625,0
1,1,0,0,360346,123625,1
0,0,0,0,360347,123626,0
1,1,0,0,360348,123626,1
0,0,0,0,360349,123627,0
1,1,0,0,360350,123627,1
0,0,0,0,360351,123628,0
1,1,0,0,360352,123628,1
0,0,0,0,360353,123629,0
1,1,0,0,360354,123629,1
0,0,0,0,360355,123630,0
1,1,0,0,360356,123630,1
0,0,0,0,360357,123631,0
1,1,0,0,360358,123631,1
0,0,0,0,360359,123632,0
1,1,0,0,360360,123632,1
0,0,0,0,360361,123633,0
1,1,0,0,360362,123633,1
0,0,0,0,360363,123634,0
1,1,0,0,360364,123634,1
0,0,0,0,360365,123635,0
1,1,0,0,360366,123635,1
0,0,0,0,360367,123636,0
1,1,0,0,360368,123636,1
0,0,0,0,360369,123637,0
1,1,0,0,360370,123637,1
0,0,0,0,360371,123638,0
1,1,0,0,360372,123638,1
0,0,0,0,360373,123639,0
1,1,0,0,360374,123639,1
0,0,0,0,360375,123640,0
1,1,0,0,360376,123640,1
0,0,0,0,360377,123641,0
1,1,0,0,360378,123641,1
0,0,0,0,360379,123642,0
1,1,0,0,360380,123642,1
0,0,0,0,360381,123643,0
1,1,0,0,360382,123643,1
0,0,0,0,360383,123644,0
1,1,0,0,360384,123644,1
0,0,0,0,360385,123645,0
1,1,0,0,360386,123645,1
0,0,0,0,360387,123646,0
1,1,0,0,360388,123646,1
0,0,0,0,360389,123647,0
1,1,0,0,360390,123647,1
0,0,0,0,360391,123648,0
1,1,0,0,360392,123648,1
0,0,0,0,360393,123649,0
1,1,0,0,360394,123649,1
0,0,0,0,360395,123650,0
1,1,0,0,360396,123650,1
0,0,0,0,360397,123651,0
1,1,0,0,360398,123651,1
0,0,0,0,360399,123652,0
1,1,0,0,360400,123652,1
0,0,0,0,360401,123653,0
1,1,0,0,360402,123653,1
0,0,0,0,360403,123654,0
1,1,0,0,360404,123654,1
0,0,0,0,360405,123655,0
1,1,0,0,360406,123655,1
0,0,0,0,360407,123656,0
1,1,0,0,360408,123656,1
0,0,0,0,360409,123657,0
1,1,0,0,360410,123657,1
0,0,0,0,360411,123658,0
1,1,0,0,360412,123658,1
0,0,0,0,360413,123659,0
1,1,0,0,360414,123659,1
0,0,0,0,360415,123660,0
1,1,0,0,360416,123660,1
0,0,0,0,360417,123661,0
1,1,0,0,360418,123661,1
0,0,0,0,360419,123662,0
1,1,0,0,360420,123662,1
0,0,0,0,360421,123663,0
1,1,0,0,360422,123663,1
0,0,0,0,360423,123664,0
1,1,0,0,360424,123664,1
0,0,0,0,360425,123665,0
1,1,0,0,360426,123665,1
0,0,0,0,360427,123666,0
1,1,0,0,360428,123666,1
0,0,0,0,360429,123667,0
1,1,0,0,360430,123667,1
0,0,0,0,360431,123668,0
1,1,0,0,360432,123668,1
0,0,0,0,360433,123669,0
1,1,0,0,360434,123669,1
0,0,0,0,360435,123670,0
1,1,0,0,360436,123670,1
0,0,0,0,360437,123671,0
1,1,0,0,360438,123671,1
0,0,0,0,360439,123672,0
1,1,0,0,360440,123672,1
0,0,0,0,360441,123673,0
1,1,0,0,360442,123673,1
0,0,0,0,360443,123674,0
1,1,0,0,360444,123674,1
0,0,0,0,360445,123675,0
1,1,0,0,360446,123675,1
0,0,0,0,360447,123676,0
1,1,0,0,360448,123676,1
0,0,0,0,360449,123677,0
1,1,0,0,360450,123677,1
0,0,0,0,360451,123678,0
1,1,0,0,360452,123678,1
0,0,0,0,360453,123679,0
1,1,0,0,360454,123679,1
0,0,0,0,360455,123680,0
1,1,0,0,360456,123680,1
0,0,0,0,360457,123681,0
1,1,0,0,360458,123681,1
0,0,0,0,360459,123682,0
1,1,0,0,360460,123682,1
0,0,0,0,360461,123683,0
1,1,0,0,360462,123683,1
0,0,0,0,360463,123684,0
1,1,0,0,360464,123684,1
0,0,0,0,360465,123685,0
1,1,0,0,360466,123685,1
0,0,0,0,360467,123686,0
1,1,0,0,360468,123686,1
0,0,0,0,360469,123687,0
1,1,0,0,360470,123687,1
0,0,0,0,360471,123688,0
1,1,0,0,360472,123688,1
0,0,0,0,360473,123689,0
1,1,0,0,360474,123689,1
0,0,0,0,360475,123690,0
1,1,0,0,360476,123690,1
0,0,0,0,360477,123691,0
1,1,0,0,360478,123691,1
0,0,0,0,360479,123692,0
1,1,0,0,360480,123692,1
0,0,0,0,360481,123693,0
1,1,0,0,360482,123693,1
0,-80,0,0,360502,123699,0
0.295625,0,0,0,360503,123699,1
1.024375,0,0,0,360504,123699,2
2.40625,-80,0,0,360505,123699,3
2.97,-80,0,0,360506,123699,4
0,0,0,0,360519,123703,0
0.29818183,0.053475916,0,0,360520,123703,1
0.7309091,0.973262,0,0,360521,123703,2
1,1,0,0,360522,123703,3
0,0,0,0,360732,123769,0
1,1,0,0,360733,123769,1
0,0,0,0,360734,123770,0
1,1,0,0,360735,123770,1
0,0,0,0,360736,123771,0
1,1,0,0,360737,123771,1
0,0,0,0,360738,123772,0
1,1,0,0,360739,123772,1
0,0,0,0,360740,123773,0
1,1,0,0,360741,123773,1
0,0,0,0,360742,123774,0
1,1,0,0,360743,123774,1
0,0,0,0,360744,123775,0
1,1,0,0,360745,123775,1
0,0,0,0,360746,123776,0
1,1,0,0,360747,123776,1
0,0,0,0,360748,123777,0
1,1,0,0,360749,123777,1
0,0,0,0,360750,123778,0
1,1,0,0,360751,123778,1
0,0,0,0,360752,123779,0
1,1,0,0,360753,123779,1
0,0,0,0,360754,123780,0
1,1,0,0,360755,123780,1
0,0,0,0,360756,123781,0
1,1,0,0,360757,123781,1
0,0,0,0,360758,123782,0
1,1,0,0,360759,123782,1
0,0,0,0,360760,123783,0
1,1,0,0,360761,123783,1
0,0,0,0,360762,123784,0
1,1,0,0,360763,123784,1
0,0,0,0,360764,123785,0
1,1,0,0,360765,123785,1
0,0,0,0,360766,123786,0
1,1,0,0,360767,123786,1
0,0,0,0,360768,123787,0
1,1,0,0,360769,123787,1
0,0,0,0,360770,123788,0
1,1,0,0,360771,123788,1
0,0,0,0,360772,123789,0
1,1,0,0,360773,123789,1
0,0,0,0,360774,123790,0
1,1,0,0,360775,123790,1
0,0,0,0,360776,123791,0
1,1,0,0,360777,123791,1
0,0,0,0,360778,123792,0
1,1,0,0,360779,123792,1
0,0,0,0,360780,123793,0
1,1,0,0,360781,123793,1
0,0,0,0,360782,123794,0
1,1,0,0,360783,123794,1
0,0,0,0,360784,123795,0
1,1,0,0,360785,123795,1
0,0,0,0,360786,123796,0
1,1,0,0,360787,123796,1
0,0,0,0,360788,123797,0
1,1,0,0,360789,123797,1
0,0,0,0,360790,123798,0
1,1,0,0,360791,123798,1
0,0,0,0,360792,123799,0
1,1,0,0,360793,123799,1
0,0,0,0,360794,123800,0
1,1,0,0,360795,123800,1
0,0,0,0,360796,123801,0
1,1,0,0,360797,123801,1
0,0,0,0,360798,123802,0
1,1,0,0,360799,123802,1
0,0,0,0,360800,123803,0
1,1,0,0,360801,123803,1
0,0,0,0,360802,123804,0
1,1,0,0,360803,123804,1
0,0,0,0,361118,123916,0
0.2987013,0,0,0,361119,123916,1
0.29993927,0.10090554,0,0,361120,123916,2
1,0.09831822,0,0,361121,123916,3
0,0,0,0,361129,123920,0
1,1,0,0,361130,123920,1
0,0,0,0,361131,123921,0
1,1,0,0,361132,123921,1
0,0,0,0,361133,123922,0
1,1,0,0,361134,123922,1
0,0,0,0,361135,123923,0
1,1,0,0,361136,123923,1
0,0,0,0,361137,123924,0
1,1,0,0,361138,123924,1
0,0,0,0,361139,123925,0
1,1,0,0,361140,123925,1
0,0,0,0,361141,123926,0
1,1,0,0,361142,123926,1
0,0,0,0,361143,123927,0
1,1,0,0,361144,123927,1
0,0,0,0,361145,123928,0
1,1,0,0,361146,123928,1
0,0,0,0,361147,123929,0
1,1,0,0,361148,123929,1
0,0,0,0,361149,123930,0
1,1,0,0,361150,123930,1
0,0,0,0,361151,123931,0
1,1,0,0,361152,123931,1
0,0,0,0,361153,123932,0
1,1,0,0,361154,123932,1
0,0,0,0,361155,123933,0
1,1,0,0,361156,123933,1
0,0,0,0,361157,123934,0
1,1,0,0,361158,123934,1
0,0,0,0,361159,123935,0
1,1,0,0,361160,123935,1
0,0,0,0,361161,123936,0
1,1,0,0,361162,123936,1
0,0,0,0,361163,123937,0
1,1,0,0,361164,123937,1
0,0,0,0,361165,123938,0
1,1,0,0,361166,123938,1
0,0,0,0,361167,123939,0
1,1,0,0,361168,123939,1
0,0,0,0,361169,123940,0
1,1,0,0,361170,123940,1
0,0,0,0,361171,123941,0
1,1,0,0,361172,123941,1
0,0,0,0,361173,123942,0
1,1,0,0,361174,123942,1
0,0,0,0,361175,123943,0
1,1,0,0,361176,123943,1
0,0,0,0,361177,123944,0
1,1,0,0,361178,123944,1
0,0,0,0,361179,123945,0
1,1,0,0,361180,123945,1
0,0,0,0,361181,123946,0
1,1,0,0,361182,123946,1
0,0,0,0,361183,123947,0
1,1,0,0,361184,123947,1
0,0,0,0,361185,123948,0
1,1,0,0,361186,123948,1
0,0,0,0,361187,123949,0
1,1,0,0,361188,123949,1
0,0,0,0,361189,123950,0
1,1,0,0,361190,123950,1
0,0,0,0,361191,123951,0
1,1,0,0,361192,123951,1
0,0,0,0,361193,123952,0
1,1,0,0,361194,123952,1
0,0,0,0,361195,123953,0
1,1,0,0,361196,123953,1
0,0,0,0,361197,123954,0
1,1,0,0,361198,123954,1
0,0,0,0,361199,123955,0
1,1,0,0,361200,123955,1
1,-1500,0,0,361369,124012,0
2,-3000,0,0,361370,124012,1
0,0,0,0,361935,124146,0
1,1,0,0,361936,124146,1
0,0,0,0,361937,124147,0
1,1,0,0,361938,124147,1
0,0,0,0,361939,124148,0
1,1,0,0,361940,124148,1
0,0,0,0,361941,124149,0
1,1,0,0,361942,124149,1
0,0,0,0,361943,124150,0
1,1,0,0,361944,124150,1
0,0,0,0,361945,124151,0
1,1,0,0,361946,124151,1
0,0,0,0,361947,124152,0
1,1,0,0,361948,124152,1
0,0,0,0,361949,124153,0
1,1,0,0,361950,124153,1
0,0,0,0,361951,124154,0
1,1,0,0,361952,124154,1
0,0,0,0,361953,124155,0
1,1,0,0,361954,124155,1
0,0,0,0,361955,124156,0
1,1,0,0,361956,124156,1
0,0,0,0,361957,124157,0
1,1,0,0,361958,124157,1
0,0,0,0,361959,124158,0
1,1,0,0,361960,124158,1
0,0,0,0,361961,124159,0
1,1,0,0,361962,124159,1
0,0,0,0,361963,124160,0
1,1,0,0,361964,124160,1
0,0,0,0,361965,124161,0
1,1,0,0,361966,124161,1
0,0,0,0,361967,124162,0
1,1,0,0,361968,124162,1
0,0,0,0,361969,124163,0
1,1,0,0,361970,124163,1
0,0,0,0,361971,124164,0
1,1,0,0,361972,124164,1
0,0,0,0,361973,124165,0
1,1,0,0,361974,124165,1
0,0,0,0,361975,124166,0
1,1,0,0,361976,124166,1
0,0,0,0,361977,124167,0
1,1,0,0,361978,124167,1
0,0,0,0,361979,124168,0
1,1,0,0,361980,124168,1
0,0,0,0,361981,124169,0
1,1,0,0,361982,124169,1
0,0,0,0,361983,124170,0
1,1,0,0,361984,124170,1
0,0,0,0,361985,124171,0
1,1,0,0,361986,124171,1
0,0,0,0,361987,124172,0
1,1,0,0,361988,124172,1
0,0,0,0,361989,124173,0
1,1,0,0,361990,124173,1
0,0,0,0,361991,124174,0
1,1,0,0,361992,124174,1
0,0,0,0,361993,124175,0
1,1,0,0,361994,124175,1
0,0,0,0,361995,124176,0
1,1,0,0,361996,124176,1
0,0,0,0,361997,124177,0
1,1,0,0,361998,124177,1
0,0,0,0,361999,124178,0
1,1,0,0,362000,124178,1
0,0,0,0,362001,124179,0
1,1,0,0,362002,124179,1
0,0,0,0,362003,124180,0
1,1,0,0,362004,124180,1
0,0,0,0,362005,124181,0
1,1,0,0,362006,124181,1
0,0,0,0,362007,124182,0
1,1,0,0,362008,124182,1
0,0,0,0,362009,124183,0
1,1,0,0,362010,124183,1
0,0,0,0,362011,124184,0
1,1,0,0,362012,124184,1
0,0,0,0,362013,124185,0
1,1,0,0,362014,124185,1
0,0,0,0,362015,124186,0
1,1,0,0,362016,124186,1
0,0,0,0,362017,124187,0
1,1,0,0,362018,124187,1
0,0,0,0,362019,124188,0
1,1,0,0,362020,124188,1
0,0,0,0,362021,124189,0
1,1,0,0,362022,124189,1
0,0,0,0,362023,124190,0
1,1,0,0,362024,124190,1
0,0,0,0,362025,124191,0
1,1,0,0,362026,124191,1
0,0,0,0,362027,124192,0
1,1,0,0,362028,124192,1
0,0,0,0,362029,124193,0
1,1,0,0,362030,124193,1
0,0,0,0,362031,124194,0
1,1,0,0,362032,124194,1
0,0,0,0,362033,124195,0
1,1,0,0,362034,124195,1
0,0,0,0,362035,124196,0
1,1,0,0,362036,124196,1
0,0,0,0,362037,124197,0
1,1,0,0,362038,124197,1
0,0,0,0,362039,124198,0
1,1,0,0,362040,124198,1
0,0,0,0,362041,124199,0
1,1,0,0,362042,124199,1
0,0,0,0,362043,124200,0
1,1,0,0,362044,124200,1
0,0,0,0,362045,124201,0
1,1,0,0,362046,124201,1
0,0,0,0,362047,124202,0
1,1,0,0,362048,124202,1
0,0,0,0,362049,124203,0
1,1,0,0,362050,124203,1
0,0,0,0,362051,124204,0
1,1,0,0,362052,124204,1
0,0,0,0,362053,124205,0
1,1,0,0,362054,124205,1
0,0,0,0,362055,124206,0
1,1,0,0,362056,124206,1
0,0,0,0,362057,124207,0
1,1,0,0,362058,124207,1
0,0,0,0,362059,124208,0
1,1,0,0,362060,124208,1
0,0,0,0,362061,124209,0
1,1,0,0,362062,124209,1
0,0,0,0,362063,124210,0
1,1,0,0,362064,124210,1
0,0,0,0,362065,124211,0
1,1,0,0,362066,124211,1
0,0,0,0,362067,124212,0
1,1,0,0,362068,124212,1
0,0,0,0,362069,124213,0
1,1,0,0,362070,124213,1
0,0,0,0,362071,124214,0
1,1,0,0,362072,124214,1
0,0,0,0,362073,124215,0
1,1,0,0,362074,124215,1
0,0,0,0,362075,124216,0
1,1,0,0,362076,124216,1
0,0,0,0,362077,124217,0
1,1,0,0,362078,124217,1
0,0,0,0,362079,124218,0
1,1,0,0,362080,124218,1
0,0,0,0,362081,124219,0
1,1,0,0,362082,124219,1
0,0,0,0,362083,124220,0
1,1,0,0,362084,124220,1
0,0,0,0,362085,124221,0
1,1,0,0,362086,124221,1
0,0,0,0,362087,124222,0
1,1,0,0,362088,124222,1
0,0,0,0,362089,124223,0
1,1,0,0,362090,124223,1
0,0,0,0,362091,124224,0
1,1,0,0,362092,124224,1
0,0,0,0,362093,124225,0
1,1,0,0,362094,124225,1
0,0,0,0,362095,124226,0
1,1,0,0,362096,124226,1
0,0,0,0,362097,124227,0
1,1,0,0,362098,124227,1
0,0,0,0,362099,124228,0
1,1,0,0,362100,124228,1
0,0,0,0,362101,124229,0
1,1,0,0,362102,124229,1
0,0,0,0,362103,124230,0
1,1,0,0,362104,124230,1
0,0,0,0,362105,124231,0
1,1,0,0,362106,124231,1
0,0,0,0,362107,124232,0
1,1,0,0,362108,124232,1
0,0,0,0,362109,124233,0
1,1,0,0,362110,124233,1
0,0,0,0,362111,124234,0
1,1,0,0,362112,124234,1
0,0,0,0,362113,124235,0
1,1,0,0,362114,124235,1
0,0,0,0,362115,124236,0
1,1,0,0,362116,124236,1
0,0,0,0,362117,124237,0
1,1,0,0,362118,124237,1
0,0,0,0,362119,124238,0
1,1,0,0,362120,124238,1
0,0,0,0,362121,124239,0
1,1,0,0,362122,124239,1
0,0,0,0,362123,124240,0
1,1,0,0,362124,124240,1
0,0,0,0,362125,124241,0
1,1,0,0,362126,124241,1
0,0,0,0,362127,124242,0
1,1,0,0,362128,124242,1
0,0,0,0,362129,124243,0
1,1,0,0,362130,124243,1
0,0,0,0,362131,124244,0
1,1,0,0,362132,124244,1
0,0,0,0,362133,124245,0
1,1,0,0,362134,124245,1
0,0,0,0,362135,124246,0
1,1,0,0,362136,124246,1
0,0,0,0,362137,124247,0
1,1,0,0,362138,124247,1
0,0,0,0,362139,124248,0
1,1,0,0,362140,124248,1
0,0,0,0,362141,124249,0
1,1,0,0,362142,124249,1
0,0,0,0,362143,124250,0
1,1,0,0,362144,124250,1
0,0,0,0,362145,124251,0
1,1,0,0,362146,124251,1
0,0,0,0,362147,124252,0
1,1,0,0,362148,124252,1
0,0,0,0,362149,124253,0
1,1,0,0,362150,124253,1
0,0,0,0,362151,124254,0
1,1,0,0,362152,124254,1
0,0,0,0,362153,124255,0
1,1,0,0,362154,124255,1
0,0,0,0,362155,124256,0
1,1,0,0,362156,124256,1
0,0,0,0,362157,124257,0
1,1,0,0,362158,124257,1
0,0,0,0,362159,124258,0
1,1,0,0,362160,124258,1
0,0,0,0,362161,124259,0
1,1,0,0,362162,124259,1
0,0,0,0,362163,124260,0
1,1,0,0,362164,124260,1
0,0,0,0,362165,124261,0
1,1,0,0,362166,124261,1
0,0,0,0,362167,124262,0
1,1,0,0,362168,124262,1
0,0,0,0,362169,124263,0
1,1,0,0,362170,124263,1
0,0,0,0,362171,124264,0
1,1,0,0,362172,124264,1
0,0,0,0,362173,124265,0
1,1,0,0,362174,124265,1
0,0,0,0,362175,124266,0
1,1,0,0,362176,124266,1
0,0,0,0,362177,124267,0
1,1,0,0,362178,124267,1
0,0,0,0,362179,124268,0
1,1,0,0,362180,124268,1
0,0,0,0,362181,124269,0
1,1,0,0,362182,124269,1
0,0,0,0,362183,124270,0
1,1,0,0,362184,124270,1
0,0,0,0,362185,124271,0
1,1,0,0,362186,124271,1
0,0,0,0,362187,124272,0
1,1,0,0,362188,124272,1
0,0,0,0,362189,124273,0
1,1,0,0,362190,124273,1
0,0,0,0,362191,124274,0
1,1,0,0,362192,124274,1
0,0,0,0,362193,124275,0
1,1,0,0,362194,124275,1
0,0,0,0,362195,124276,0
1,1,0,0,362196,124276,1
0,0,0,0,362197,124277,0
1,1,0,0,362198,124277,1
0,0,0,0,362199,124278,0
1,1,0,0,362200,124278,1
0,0,0,0,362201,124279,0
1,1,0,0,362202,124279,1
0,0,0,0,362203,124280,0
1,1,0,0,362204,124280,1
0,0,0,0,362205,124281,0
1,1,0,0,362206,124281,1
0,0,0,0,362207,124282,0
1,1,0,0,362208,124282,1
0,0,0,0,362209,124283,0
1,1,0,0,362210,124283,1
0,0,0,0,362211,124284,0
1,1,0,0,362212,124284,1
0,0,0,0,362213,124285,0
1,1,0,0,362214,124285,1
0,0,0,0,362215,124286,0
1,1,0,0,362216,124286,1
0,0,0,0,362217,124287,0
1,1,0,0,362218,124287,1
0,0,0,0,362219,124288,0
1,1,0,0,362220,124288,1
0,0,0,0,362221,124289,0
1,1,0,0,362222,124289,1
0,0,0,0,362223,124290,0
1,1,0,0,362224,124290,1
0,0,0,0,362225,124291,0
1,1,0,0,362226,124291,1
0,0,0,0,362227,124292,0
1,1,0,0,362228,124292,1
0,0,0,0,362229,124293,0
1,1,0,0,362230,124293,1
0,0,0,0,362231,124294,0
1,1,0,0,362232,124294,1
0,0,0,0,362233,124295,0
1,1,0,0,362234,124295,1
0,0,0,0,362235,124296,0
1,1,0,0,362236,124296,1
0,0,0,0,362237,124297,0
1,1,0,0,362238,124297,1
0,0,0,0,362239,124298,0
1,1,0,0,362240,124298,1
0,0,0,0,362241,124299,0
1,1,0,0,362242,124299,1
0,0,0,0,362243,124300,0
1,1,0,0,362244,124300,1
0,0,0,0,362245,124301,0
1,1,0,0,362246,124301,1
0,0,0,0,362247,124302,0
1,1,0,0,362248,124302,1
0,0,0,0,362249,124303,0
1,1,0,0,362250,124303,1
0,0,0,0,362251,124304,0
1,1,0,0,362252,124304,1
0,0,0,0,362253,124305,0
1,1,0,0,362254,124305,1
0,0,0,0,362255,124306,0
1,1,0,0,362256,124306,1
0,0,0,0,362257,124307,0
1,1,0,0,362258,124307,1
0,0,0,0,362259,124308,0
1,1,0,0,362260,124308,1
0,0,0,0,362261,124309,0
1,1,0,0,362262,124309,1
0,0,0,0,362263,124310,0
1,1,0,0,362264,124310,1
0,0,0,0,362265,124311,0
1,1,0,0,362266,124311,1
0,0,0,0,362267,124312,0
1,1,0,0,362268,124312,1
0,0,0,0,362269,124313,0
1,1,0,0,362270,124313,1
0,0,0,0,362271,124314,0
1,1,0,0,362272,124314,1
0,0,0,0,362273,124315,0
1,1,0,0,362274,124315,1
0,0,0,0,362275,124316,0
1,1,0,0,362276,124316,1
0,0,0,0,362277,124317,0
1,1,0,0,362278,124317,1
0,0,0,0,362279,124318,0
1,1,0,0,362280,124318,1
0,0,0,0,362281,124319,0
1,1,0,0,362282,124319,1
0,0,0,0,362283,124320,0
1,1,0,0,362284,124320,1
0,0,0,0,362285,124321,0
1,1,0,0,362286,124321,1
0,0,0,0,362287,124322,0
1,1,0,0,362288,124322,1
0,0,0,0,362289,124323,0
1,1,0,0,362290,124323,1
0,0,0,0,362291,124324,0
1,1,0,0,362292,124324,1
0,0,0,0,362293,124325,0
1,1,0,0,362294,124325,1
0,0,0,0,362295,124326,0
1,1,0,0,362296,124326,1
0,0,0,0,362297,124327,0
1,1,0,0,362298,124327,1
0,0,0,0,362299,124328,0
1,1,0,0,362300,124328,1
0,0,0,0,362301,124329,0
1,1,0,0,362302,124329,1
0,0,0,0,362303,124330,0
1,1,0,0,362304,124330,1
0,0,0,0,362305,124331,0
1,1,0,0,362306,124331,1
0,0,0,0,362307,124332,0
1,1,0,0,362308,124332,1
0,0,0,0,362309,124333,0
1,1,0,0,362310,124333,1
0,0,0,0,362311,124334,0
1,1,0,0,362312,124334,1
0,0,0,0,362313,124335,0
1,1,0,0,362314,124335,1
0,0,0,0,362315,124336,0
1,1,0,0,362316,124336,1
0,0,0,0,362317,124337,0
1,1,0,0,362318,124337,1
0,0,0,0,362319,124338,0
1,1,0,0,362320,124338,1
0,0,0,0,362321,124339,0
1,1,0,0,362322,124339,1
0,0,0,0,362323,124340,0
1,1,0,0,362324,124340,1
0,0,0,0,362325,124341,0
1,1,0,0,362326,124341,1
0,0,0,0,362327,124342,0
1,1,0,0,362328,124342,1
0,0,0,0,362329,124343,0
1,1,0,0,362330,124343,1
0,0,0,0,362331,124344,0
1,1,0,0,362332,124344,1
0,0,0,0,362333,124345,0
1,1,0,0,362334,124345,1
0,0,0,0,362335,124346,0
1,1,0,0,362336,124346,1
0,0,0,0,362337,124347,0
1,1,0,0,362338,124347,1
0,0,0,0,362339,124348,0
1,1,0,0,362340,124348,1
0,0,0,0,362341,124349,0
1,1,0,0,362342,124349,1
0,0,0,0,362343,124350,0
1,1,0,0,362344,124350,1
0,0,0,0,362345,124351,0
1,1,0,0,362346,124351,1
0,0,0,0,362347,124352,0
1,1,0,0,362348,124352,1
0,0,0,0,362349,124353,0
1,1,0,0,362350,124353,1
0,0,0,0,362351,124354,0
1,1,0,0,362352,124354,1
0,0,0,0,362353,124355,0
1,1,0,0,362354,124355,1
0,0,0,0,362355,124356,0
1,1,0,0,362356,124356,1
0,0,0,0,362357,124357,0
1,1,0,0,362358,124357,1
0,0,0,0,362359,124358,0
1,1,0,0,362360,124358,1
0,0,0,0,362361,124359,0
1,1,0,0,362362,124359,1
0,0,0,0,362363,124360,0
1,1,0,0,362364,124360,1
0,0,0,0,362365,124361,0
1,1,0,0,362366,124361,1
0,0,0,0,362367,124362,0
1,1,0,0,362368,124362,1
0,0,0,0,362369,124363,0
1,1,0,0,362370,124363,1
0,0,0,0,362371,124364,0
1,1,0,0,362372,124364,1
0,0,0,0,362373,124365,0
1,1,0,0,362374,124365,1
0,0,0,0,362375,124366,0
1,1,0,0,362376,124366,1
0,0,0,0,362377,124367,0
1,1,0,0,362378,124367,1
0,0,0,0,362379,124368,0
1,1,0,0,362380,124368,1
0,0,0,0,362381,124369,0
1,1,0,0,362382,124369,1
0,0,0,0,362383,124370,0
1,1,0,0,362384,124370,1
0,0,0,0,362385,124371,0
1,1,0,0,362386,124371,1
0,0,0,0,362387,124372,0
1,1,0,0,362388,124372,1
0,0,0,0,362389,124373,0
1,1,0,0,362390,124373,1
0,0,0,0,362391,124374,0
1,1,0,0,362392,124374,1
0,0,0,0,362393,124375,0
1,1,0,0,362394,124375,1
0,0,0,0,362395,124376,0
1,1,0,0,362396,124376,1
0,0,0,0,362397,124377,0
1,1,0,0,362398,124377,1
0,0,0,0,362399,124378,0
1,1,0,0,362400,124378,1
0,0,0,0,362401,124379,0
1,1,0,0,362402,124379,1
0,0,0,0,362403,124380,0
1,1,0,0,362404,124380,1
0,0,0,0,362405,124381,0
1,1,0,0,362406,124381,1
0,0,0,0,362407,124382,0
1,1,0,0,362408,124382,1
0,0,0,0,362409,124383,0
1,1,0,0,362410,124383,1
0,0,0,0,362411,124384,0
1,1,0,0,362412,124384,1
0,0,0,0,362413,124385,0
1,1,0,0,362414,124385,1
0,0,0,0,362415,124386,0
1,1,0,0,362416,124386,1
0,0,0,0,362417,124387,0
1,1,0,0,362418,124387,1
0,0,0,0,362419,124388,0
1,1,0,0,362420,124388,1
0,0,0,0,362421,124389,0
1,1,0,0,362422,124389,1
0,0,0,0,362423,124390,0
1,1,0,0,362424,124390,1
0,0,0,0,362425,124391,0
1,1,0,0,362426,124391,1
0,0,0,0,362427,124392,0
1,1,0,0,362428,124392,1
0,0,0,0,362429,124393,0
1,1,0,0,362430,124393,1
0,0,0,0,362431,124394,0
1,1,0,0,362432,124394,1
0,0,0,0,362433,124395,0
1,1,0,0,362434,124395,1
0,0,0,0,362435,124396,0
1,1,0,0,362436,124396,1
0,0,0,0,362437,124397,0
1,1,0,0,362438,124397,1
0,0,0,0,362439,124398,0
1,1,0,0,362440,124398,1
0,0,0,0,362441,124399,0
1,1,0,0,362442,124399,1
0,0,0,0,362443,124400,0
1,1,0,0,362444,124400,1
0,0,0,0,362445,124401,0
1,1,0,0,362446,124401,1
0,0,0,0,362447,124402,0
1,1,0,0,362448,124402,1
0,0,0,0,362449,124403,0
1,1,0,0,362450,124403,1
0,0,0,0,362451,124404,0
1,1,0,0,362452,124404,1
0,0,0,0,362453,124405,0
1,1,0,0,362454,124405,1
0,0,0,0,362455,124406,0
1,1,0,0,362456,124406,1
0,0,0,0,362457,124407,0
1,1,0,0,362458,124407,1
0,0,0,0,362459,124408,0
1,1,0,0,362460,124408,1
0,0,0,0,362461,124409,0
1,1,0,0,362462,124409,1
0,0,0,0,362463,124410,0
1,1,0,0,362464,124410,1
0,0,0,0,362465,124411,0
1,1,0,0,362466,124411,1
0,0,0,0,362467,124412,0
1,1,0,0,362468,124412,1
0,0,0,0,362469,124413,0
1,1,0,0,362470,124413,1
0,0,0,0,362471,124414,0
1,1,0,0,362472,124414,1
0,0,0,0,362473,124415,0
1,1,0,0,362474,124415,1
0,0,0,0,362475,124416,0
1,1,0,0,362476,124416,1
0,0,0,0,362477,124417,0
1,1,0,0,362478,124417,1
0,0,0,0,362479,124418,0
1,1,0,0,362480,124418,1
0,0,0,0,362481,124419,0
1,1,0,0,362482,124419,1
0,0,0,0,362483,124420,0
1,1,0,0,362484,124420,1
0,0,0,0,362485,124421,0
1,1,0,0,362486,124421,1
0,0,0,0,362487,124422,0
1,1,0,0,362488,124422,1
0,0,0,0,362489,124423,0
1,1,0,0,362490,124423,1
0,0,0,0,362491,124424,0
1,1,0,0,362492,124424,1
0,0,0,0,362493,124425,0
1,1,0,0,362494,124425,1
0,0,0,0,362495,124426,0
1,1,0,0,362496,124426,1
0,0,0,0,362497,124427,0
1,1,0,0,362498,124427,1
0,0,0,0,362499,124428,0
1,1,0,0,362500,124428,1
0,0,0,0,362501,124429,0
1,1,0,0,362502,124429,1
0,0,0,0,362503,124430,0
1,1,0,0,362504,124430,1
0,0,0,0,362505,124431,0
1,1,0,0,362506,124431,1
0,0,0,0,362507,124432,0
1,1,0,0,362508,124432,1
0,0,0,0,362509,124433,0
1,1,0,0,362510,124433,1
0,0,0,0,362511,124434,0
1,1,0,0,362512,124434,1
0,0,0,0,362513,124435,0
1,1,0,0,362514,124435,1
0,0,0,0,362515,124436,0
1,1,0,0,362516,124436,1
0,0,0,0,362517,124437,0
1,1,0,0,362518,124437,1
0,0,0,0,362519,124438,0
1,1,0,0,362520,124438,1
0,0,0,0,362521,124439,0
1,1,0,0,362522,124439,1
0,0,0,0,362523,124440,0
1,1,0,0,362524,124440,1
0,0,0,0,362525,124441,0
1,1,0,0,362526,124441,1
0,0,0,0,362527,124442,0
1,1,0,0,362528,124442,1
0,0,0,0,362529,124443,0
1,1,0,0,362530,124443,1
0,0,0,0,362531,124444,0
1,1,0,0,362532,124444,1
0,0,0,0,362533,124445,0
1,1,0,0,362534,124445,1
0,0,0,0,362535,124446,0
1,1,0,0,362536,124446,1
0,0,0,0,362537,124447,0
1,1,0,0,362538,124447,1
0,0,0,0,362539,124448,0
1,1,0,0,362540,124448,1
0,0,0,0,362541,124449,0
1,1,0,0,362542,124449,1
0,0,0,0,362543,124450,0
1,1,0,0,362544,124450,1
0,0,0,0,362545,124451,0
1,1,0,0,362546,124451,1
0,0,0,0,362547,124452,0
1,1,0,0,362548,124452,1
0,0,0,0,362549,124453,0
1,1,0,0,362550,124453,1
0,0,0,0,362551,124454,0
1,1,0,0,362552,124454,1
0,0,0,0,362553,124455,0
1,1,0,0,362554,124455,1
0,0,0,0,362555,124456,0
1,1,0,0,362556,124456,1
0,0,0,0,362557,124457,0
1,1,0,0,362558,124457,1
0,0,0,0,362559,124458,0
1,1,0,0,362560,124458,1
0,0,0,0,362561,124459,0
1,1,0,0,362562,124459,1
0,0,0,0,362563,124460,0
1,1,0,0,362564,124460,1
0,0,0,0,362565,124461,0
1,1,0,0,362566,124461,1
0,0,0,0,362567,124462,0
1,1,0,0,362568,124462,1
0,0,0,0,362569,124463,0
1,1,0,0,362570,124463,1
0,0,0,0,362571,124464,0
1,1,0,0,362572,124464,1
0,0,0,0,362573,124465,0
1,1,0,0,362574,124465,1
0,0,0,0,362575,124466,0
1,1,0,0,362576,124466,1
0,0,0,0,362577,124467,0
1,1,0,0,362578,124467,1
0,0,0,0,362579,124468,0
1,1,0,0,362580,124468,1
0,0,0,0,362581,124469,0
1,1,0,0,362582,124469,1
0,0,0,0,362583,124470,0
1,1,0,0,362584,124470,1
0,0,0,0,362585,124471,0
1,1,0,0,362586,124471,1
0,0,0,0,362587,124472,0
1,1,0,0,362588,124472,1
0,0,0,0,362589,124473,0
1,1,0,0,362590,124473,1
0,0,0,0,362591,124474,0
1,1,0,0,362592,124474,1
0,0,0,0,362593,124475,0
1,1,0,0,362594,124475,1
0,0,0,0,362595,124476,0
1,1,0,0,362596,124476,1
0,0,0,0,362597,124477,0
1,1,0,0,362598,124477,1
0,0,0,0,362599,124478,0
1,1,0,0,362600,124478,1
0,0,0,0,362601,124479,0
1,1,0,0,362602,124479,1
0,0,0,0,362603,124480,0
1,1,0,0,362604,124480,1
0,0,0,0,362605,124481,0
1,1,0,0,362606,124481,1
0,0,0,0,362607,124482,0
1,1,0,0,362608,124482,1
0,0,0,0,362609,124483,0
1,1,0,0,362610,124483,1
0,0,0,0,362611,124484,0
1,1,0,0,362612,124484,1
0,0,0,0,362613,124485,0
1,1,0,0,362614,124485,1
0,0,0,0,362615,124486,0
1,1,0,0,362616,124486,1
0,0,0,0,362617,124487,0
1,1,0,0,362618,124487,1
0,0,0,0,362619,124488,0
1,1,0,0,362620,124488,1
0,0,0,0,362621,124489,0
1,1,0,0,362622,124489,1
0,0,0,0,362623,124490,0
1,1,0,0,362624,124490,1
0,0,0,0,362625,124491,0
1,1,0,0,362626,124491,1
0,0,0,0,362627,124492,0
1,1,0,0,362628,124492,1
0,0,0,0,362629,124493,0
1,1,0,0,362630,124493,1
0,0,0,0,362631,124494,0
1,1,0,0,362632,124494,1
0,0,0,0,362633,124495,0
1,1,0,0,362634,124495,1
0,0,0,0,362635,124496,0
1,1,0,0,362636,124496,1
0,0,0,0,362637,124497,0
1,1,0,0,362638,124497,1
0,0,0,0,362639,124498,0
1,1,0,0,362640,124498,1
0,0,0,0,362641,124499,0
1,1,0,0,362642,124499,1
0,0,0,0,362643,124500,0
1,1,0,0,362644,124500,1
0,0,0,0,362645,124501,0
1,1,0,0,362646,124501,1
0,0,0,0,362647,124502,0
1,1,0,0,362648,124502,1
0,0,0,0,362649,124503,0
1,1,0,0,362650,124503,1
0,0,0,0,362651,124504,0
1,1,0,0,362652,124504,1
0,0,0,0,362653,124505,0
1,1,0,0,362654,124505,1
0,0,0,0,362655,124506,0
1,1,0,0,362656,124506,1
0,0,0,0,362657,124507,0
1,1,0,0,362658,124507,1
0,0,0,0,362659,124508,0
1,1,0,0,362660,124508,1
0,0,0,0,362661,124509,0
1,1,0,0,362662,124509,1
0,0,0,0,362663,124510,0
1,1,0,0,362664,124510,1
0,0,0,0,362665,124511,0
1,1,0,0,362666,124511,1
0,0,0,0,362667,124512,0
1,1,0,0,362668,124512,1
0,0,0,0,362669,124513,0
1,1,0,0,362670,124513,1
0,0,0,0,362671,124514,0
1,1,0,0,362672,124514,1
0,0,0,0,362673,124515,0
1,1,0,0,362674,124515,1
0,0,0,0,362675,124516,0
1,1,0,0,362676,124516,1
0,0,0,0,362677,124517,0
1,1,0,0,362678,124517,1
0,0,0,0,362679,124518,0
1,1,0,0,362680,124518,1
0,0,0,0,362681,124519,0
1,1,0,0,362682,124519,1
0,0,0,0,362683,124520,0
1,1,0,0,362684,124520,1
0,0,0,0,362685,124521,0
1,1,0,0,362686,124521,1
0,0,0,0,362687,124522,0
1,1,0,0,362688,124522,1
0,0,0,0,362689,124523,0
1,1,0,0,362690,124523,1
0,0,0,0,362691,124524,0
1,1,0,0,362692,124524,1
0,0,0,0,362693,124525,0
1,1,0,0,362694,124525,1
0,0,0,0,362695,124526,0
1,1,0,0,362696,124526,1
0,0,0,0,362697,124527,0
1,1,0,0,362698,124527,1
0,0,0,0,362699,124528,0
1,1,0,0,362700,124528,1
0,0,0,0,362701,124529,0
1,1,0,0,362702,124529,1
0,0,0,0,362703,124530,0
1,1,0,0,362704,124530,1
0,0,0,0,362705,124531,0
1,1,0,0,362706,124531,1
0,0,0,0,362707,124532,0
1,1,0,0,362708,124532,1
0,0,0,0,362709,124533,0
1,1,0,0,362710,124533,1
0,0,0,0,362711,124534,0
1,1,0,0,362712,124534,1
0,0,0,0,362713,124535,0
1,1,0,0,362714,124535,1
0,0,0,0,362715,124536,0
1,1,0,0,362716,124536,1
0,0,0,0,362717,124537,0
1,1,0,0,362718,124537,1
0,0,0,0,362719,124538,0
1,1,0,0,362720,124538,1
0,0,0,0,362721,124539,0
1,1,0,0,362722,124539,1
0,0,0,0,362723,124540,0
1,1,0,0,362724,124540,1
0,0,0,0,362725,124541,0
1,1,0,0,362726,124541,1
0,0,0,0,362727,124542,0
1,1,0,0,362728,124542,1
0,0,0,0,362729,124543,0
1,1,0,0,362730,124543,1
0,0,0,0,362731,124544,0
1,1,0,0,362732,124544,1
0,0,0,0,362733,124545,0
1,1,0,0,362734,124545,1
0,0,0,0,362735,124546,0
1,1,0,0,362736,124546,1
0,0,0,0,362737,124547,0
1,1,0,0,362738,124547,1
0,0,0,0,362739,124548,0
1,1,0,0,362740,124548,1
0,0,0,0,362741,124549,0
1,1,0,0,362742,124549,1
0,0,0,0,362743,124550,0
1,1,0,0,362744,124550,1
0,0,0,0,362745,124551,0
1,1,0,0,362746,124551,1
0,0,0,0,362747,124552,0
1,1,0,0,362748,124552,1
0,0,0,0,362749,124553,0
1,1,0,0,362750,124553,1
0,0,0,0,362751,124554,0
1,1,0,0,362752,124554,1
0,0,0,0,362753,124555,0
1,1,0,0,362754,124555,1
0,0,0,0,362755,124556,0
1,1,0,0,362756,124556,1
0,0,0,0,362757,124557,0
1,1,0,0,362758,124557,1
0,0,0,0,362759,124558,0
1,1,0,0,362760,124558,1
0,0,0,0,362761,124559,0
1,1,0,0,362762,124559,1
0,0,0,0,362763,124560,0
1,1,0,0,362764,124560,1
0,0,0,0,362765,124561,0
1,1,0,0,362766,124561,1
0,0,0,0,362767,124562,0
1,1,0,0,362768,124562,1
0,0,0,0,362769,124563,0
1,1,0,0,362770,124563,1
0,0,0,0,362771,124564,0
1,1,0,0,362772,124564,1
0,0,0,0,362773,124565,0
1,1,0,0,362774,124565,1
0,0,0,0,362775,124566,0
1,1,0,0,362776,124566,1
0,0,0,0,362777,124567,0
1,1,0,0,362778,124567,1
0,0,0,0,362779,124568,0
1,1,0,0,362780,124568,1
0,0,0,0,362781,124569,0
1,1,0,0,362782,124569,1
0,0,0,0,362783,124570,0
1,1,0,0,362784,124570,1
0,0,0,0,362785,124571,0
1,1,0,0,362786,124571,1
0,0,0,0,362787,124572,0
1,1,0,0,362788,124572,1
0,0,0,0,362789,124573,0
1,1,0,0,362790,124573,1
0,0,0,0,362791,124574,0
1,1,0,0,362792,124574,1
0,0,0,0,362793,124575,0
1,1,0,0,362794,124575,1
0,0,0,0,362795,124576,0
1,1,0,0,362796,124576,1
0,0,0,0,362797,124577,0
1,1,0,0,362798,124577,1
0,0,0,0,362799,124578,0
1,1,0,0,362800,124578,1
0,0,0,0,362801,124579,0
1,1,0,0,362802,124579,1
0,0,0,0,362803,124580,0
1,1,0,0,362804,124580,1
0,0,0,0,362805,124581,0
1,1,0,0,362806,124581,1
0,0,0,0,362807,124582,0
1,1,0,0,362808,124582,1
0,0,0,0,362809,124583,0
1,1,0,0,362810,124583,1
0,0,0,0,362811,124584,0
1,1,0,0,362812,124584,1
0,0,0,0,362813,124585,0
1,1,0,0,362814,124585,1
0,0,0,0,362815,124586,0
1,1,0,0,362816,124586,1
0,0,0,0,362817,124587,0
1,1,0,0,362818,124587,1
0,0,0,0,362819,124588,0
1,1,0,0,362820,124588,1
0,0,0,0,362821,124589,0
1,1,0,0,362822,124589,1
0,0,0,0,362823,124590,0
1,1,0,0,362824,124590,1
0,0,0,0,362825,124591,0
1,1,0,0,362826,124591,1
0,0,0,0,362827,124592,0
1,1,0,0,362828,124592,1
0,0,0,0,362829,124593,0
1,1,0,0,362830,124593,1
0,0,0,0,362831,124594,0
1,1,0,0,362832,124594,1
0,0,0,0,362833,124595,0
1,1,0,0,362834,124595,1
0,0,0,0,362835,124596,0
1,1,0,0,362836,124596,1
0,0,0,0,362837,124597,0
1,1,0,0,362838,124597,1
0,0,0,0,362839,124598,0
1,1,0,0,362840,124598,1
0,0,0,0,362841,124599,0
1,1,0,0,362842,124599,1
0,0,0,0,362843,124600,0
1,1,0,0,362844,124600,1
0,0,0,0,362845,124601,0
1,1,0,0,362846,124601,1
0,0,0,0,362847,124602,0
1,1,0,0,362848,124602,1
0,0,0,0,362849,124603,0
1,1,0,0,362850,124603,1
0,0,0,0,362851,124604,0
1,1,0,0,362852,124604,1
0,0,0,0,362853,124605,0
1,1,0,0,362854,124605,1
0,0,0,0,362855,124606,0
1,1,0,0,362856,124606,1
0,0,0,0,362857,124607,0
1,1,0,0,362858,124607,1
0,0,0,0,362859,124608,0
1,1,0,0,362860,124608,1
0,0,0,0,362861,124609,0
1,1,0,0,362862,124609,1
0,0,0,0,362863,124610,0
1,1,0,0,362864,124610,1
0,0,0,0,362865,124611,0
1,1,0,0,362866,124611,1
0,0,0,0,362867,124612,0
1,1,0,0,362868,124612,1
0,0,0,0,362869,124613,0
1,1,0,0,362870,124613,1
0,0,0,0,362871,124614,0
1,1,0,0,362872,124614,1
0,0,0,0,362873,124615,0
1,1,0,0,362874,124615,1
0,0,0,0,362875,124616,0
1,1,0,0,362876,124616,1
0,0,0,0,362877,124617,0
1,1,0,0,362878,124617,1
0,0,0,0,362879,124618,0
1,1,0,0,362880,124618,1
0,0,0,0,362881,124619,0
1,1,0,0,362882,124619,1
0,0,0,0,362883,124620,0
1,1,0,0,362884,124620,1
0,0,0,0,362885,124621,0
1,1,0,0,362886,124621,1
0,0,0,0,362887,124622,0
1,1,0,0,362888,124622,1
0,0,0,0,362889,124623,0
1,1,0,0,362890,124623,1
0,0,0,0,362891,124624,0
1,1,0,0,362892,124624,1
0,0,0,0,362893,124625,0
1,1,0,0,362894,124625,1
0,0,0,0,362895,124626,0
1,1,0,0,362896,124626,1
0,0,0,0,362897,124627,0
1,1,0,0,362898,124627,1
0,0,0,0,362899,124628,0
1,1,0,0,362900,124628,1
0,0,0,0,362901,124629,0
1,1,0,0,362902,124629,1
0,0,0,0,362903,124630,0
1,1,0,0,362904,124630,1
0,0,0,0,362905,124631,0
1,1,0,0,362906,124631,1
0,0,0,0,362907,124632,0
1,1,0,0,362908,124632,1
0,0,0,0,362909,124633,0
1,1,0,0,362910,124633,1
0,0,0,0,362911,124634,0
1,1,0,0,362912,124634,1
0,0,0,0,362913,124635,0
1,1,0,0,362914,124635,1
0,0,0,0,362915,124636,0
1,1,0,0,362916,124636,1
0,0,0,0,362917,124637,0
1,1,0,0,362918,124637,1
0,0,0,0,362919,124638,0
1,1,0,0,362920,124638,1
0,0,0,0,362921,124639,0
1,1,0,0,362922,124639,1
0,0,0,0,362923,124640,0
1,1,0,0,362924,124640,1
0,0,0,0,362925,124641,0
1,1,0,0,362926,124641,1
0,0,0,0,362927,124642,0
1,1,0,0,362928,124642,1
0,0,0,0,362929,124643,0
1,1,0,0,362930,124643,1
0,0,0,0,362931,124644,0
1,1,0,0,362932,124644,1
0,0,0,0,362933,124645,0
1,1,0,0,362934,124645,1
0,0,0,0,362935,124646,0
1,1,0,0,362936,124646,1
0,0,0,0,362937,124647,0
1,1,0,0,362938,124647,1
0,0,0,0,362939,124648,0
1,1,0,0,362940,124648,1
0,0,0,0,362941,124649,0
1,1,0,0,362942,124649,1
0,0,0,0,362943,124650,0
0.29818183,0.053475916,0,0,362944,124650,1
0.7309091,0.973262,0,0,362945,124650,2
1,1,0,0,362946,124650,3
0,0,0,0,362947,124651,0
1,1,0,0,362948,124651,1
0,0,0,0,362949,124652,0
1,1,0,0,362950,124652,1
0,0,0,0,362951,124653,0
1,1,0,0,362952,124653,1
0,0,0,0,362953,124654,0
1,1,0,0,362954,124654,1
0,0,0,0,362955,124655,0
1,1,0,0,362956,124655,1
0,0,0,0,362957,124656,0
1,1,0,0,362958,124656,1
0,0,0,0,362959,124657,0
1,1,0,0,362960,124657,1
0,0,0,0,362961,124658,0
1,1,0,0,362962,124658,1
0,0,0,0,362963,124659,0
1,1,0,0,362964,124659,1
0,0,0,0,362965,124660,0
1,1,0,0,362966,124660,1
0,0,0,0,362967,124661,0
1,1,0,0,362968,124661,1
0,0,0,0,362969,124662,0
1,1,0,0,362970,124662,1
0,0,0,0,362971,124663,0
1,1,0,0,362972,124663,1
0,0,0,0,362973,124664,0
1,1,0,0,362974,124664,1
0,0,0,0,362975,124665,0
1,1,0,0,362976,124665,1
0,0,0,0,362977,124666,0
1,1,0,0,362978,124666,1
0,0,0,0,362979,124667,0
1,1,0,0,362980,124667,1
0,0,0,0,362981,124668,0
1,1,0,0,362982,124668,1
0,0,0,0,362983,124669,0
1,1,0,0,362984,124669,1
0,0,0,0,362985,124670,0
1,1,0,0,362986,124670,1
0,0,0,0,362987,124671,0
1,1,0,0,362988,124671,1
0,0,0,0,362989,124672,0
1,1,0,0,362990,124672,1
0,0,0,0,362991,124673,0
1,1,0,0,362992,124673,1
0,0,0,0,362993,124674,0
1,1,0,0,362994,124674,1
0,0,0,0,362995,124675,0
1,1,0,0,362996,124675,1
0,0,0,0,362997,124676,0
1,1,0,0,362998,124676,1
0,0,0,0,362999,124677,0
1,1,0,0,363000,124677,1
0,0,0,0,363001,124678,0
1,1,0,0,363002,124678,1
0,0,0,0,363003,124679,0
1,1,0,0,363004,124679,1
0,0,0,0,363005,124680,0
1,1,0,0,363006,124680,1
0,0,0,0,363007,124681,0
1,1,0,0,363008,124681,1
0,0,0,0,363009,124682,0
1,1,0,0,363010,124682,1
0,0,0,0,363011,124683,0
1,1,0,0,363012,124683,1
0,0,0,0,363013,124684,0
1,1,0,0,363014,124684,1
0,0,0,0,363015,124685,0
1,1,0,0,363016,124685,1
0,0,0,0,363017,124686,0
1,1,0,0,363018,124686,1
0,0,0,0,363019,124687,0
1,1,0,0,363020,124687,1
0,0,0,0,363021,124688,0
1,1,0,0,363022,124688,1
0,0,0,0,363023,124689,0
1,1,0,0,363024,124689,1
0,0,0,0,363025,124690,0
1,1,0,0,363026,124690,1
0,0,0,0,363027,124691,0
1,1,0,0,363028,124691,1
0,0,0,0,363029,124692,0
1,1,0,0,363030,124692,1
0,0,0,0,363031,124693,0
1,1,0,0,363032,124693,1
0,0,0,0,363033,124694,0
1,1,0,0,363034,124694,1
0,0,0,0,363035,124695,0
1,1,0,0,363036,124695,1
0,0,0,0,363037,124696,0
1,1,0,0,363038,124696,1
0,0,0,0,363039,124697,0
1,1,0,0,363040,124697,1
0,0,0,0,363041,124698,0
1,1,0,0,363042,124698,1
0,0,0,0,363043,124699,0
1,1,0,0,363044,124699,1
0,0,0,0,363045,124700,0
1,1,0,0,363046,124700,1
0,0,0,0,363047,124701,0
1,1,0,0,363048,124701,1
0,0,0,0,363049,124702,0
1,1,0,0,363050,124702,1
0,0,0,0,363051,124703,0
1,1,0,0,363052,124703,1
0,0,0,0,363053,124704,0
1,1,0,0,363054,124704,1
0,0,0,0,363055,124705,0
1,1,0,0,363056,124705,1
0,0,0,0,363057,124706,0
1,1,0,0,363058,124706,1
0,0,0,0,363059,124707,0
1,1,0,0,363060,124707,1
0,0,0,0,363061,124708,0
1,1,0,0,363062,124708,1
0,0,0,0,363063,124709,0
1,1,0,0,363064,124709,1
0,0,0,0,363065,124710,0
1,1,0,0,363066,124710,1
0,0,0,0,363067,124711,0
1,1,0,0,363068,124711,1
0,0,0,0,363069,124712,0
1,1,0,0,363070,124712,1
0,0,0,0,363071,124713,0
1,1,0,0,363072,124713,1
0,0,0,0,363073,124714,0
1,1,0,0,363074,124714,1
0,0,0,0,363075,124715,0
1,1,0,0,363076,124715,1
0,0,0,0,363077,124716,0
1,1,0,0,363078,124716,1
0,0,0,0,363079,124717,0
1,1,0,0,363080,124717,1
0,0,0,0,363081,124718,0
1,1,0,0,363082,124718,1
0,0,0,0,363083,124719,0
1,1,0,0,363084,124719,1
0,0,0,0,363085,124720,0
1,1,0,0,363086,124720,1
0,0,0,0,363087,124721,0
1,1,0,0,363088,124721,1
0,0,0,0,363089,124722,0
1,1,0,0,363090,124722,1
0,0,0,0,363120,124733,0
1,1,0,0,363121,124733,1
0,0,0,0,363122,124734,0
1,1,0,0,363123,124734,1
0,0,0,0,363124,124735,0
1,1,0,0,363125,124735,1
0,0,0,0,363126,124736,0
1,1,0,0,363127,124736,1
0,0,0,0,363128,124737,0
1,1,0,0,363129,124737,1
0,0,0,0,363130,124738,0
1,1,0,0,363131,124738,1
0,0,0,0,363132,124739,0
1,1,0,0,363133,124739,1
0,0,0,0,363134,124740,0
1,1,0,0,363135,124740,1
0,0,0,0,363136,124741,0
1,1,0,0,363137,124741,1
0,0,0,0,363138,124742,0
1,1,0,0,363139,124742,1
0,0,0,0,363140,124743,0
1,1,0,0,363141,124743,1
0,0,0,0,363142,124744,0
1,1,0,0,363143,124744,1
0,0,0,0,363144,124745,0
1,1,0,0,363145,124745,1
0,0,0,0,363146,124746,0
1,1,0,0,363147,124746,1
0,0,0,0,363148,124747,0
1,1,0,0,363149,124747,1
0,0,0,0,363150,124748,0
1,1,0,0,363151,124748,1
0,0,0,0,363152,124749,0
1,1,0,0,363153,124749,1
0,0,0,0,363154,124750,0
1,1,0,0,363155,124750,1
0,0,0,0,363156,124751,0
1,1,0,0,363157,124751,1
0,0,0,0,363158,124752,0
1,1,0,0,363159,124752,1
0,0,0,0,363160,124753,0
1,1,0,0,363161,124753,1
0,0,0,0,363162,124754,0
1,1,0,0,363163,124754,1
0,0,0,0,363164,124755,0
1,1,0,0,363165,124755,1
0,0,0,0,363166,124756,0
1,1,0,0,363167,124756,1
0,0,0,0,363168,124757,0
1,1,0,0,363169,124757,1
0,0,0,0,363170,124758,0
1,1,0,0,363171,124758,1
0,0,0,0,363172,124759,0
1,1,0,0,363173,124759,1
0,0,0,0,363174,124760,0
1,1,0,0,363175,124760,1
0,0,0,0,363176,124761,0
1,1,0,0,363177,124761,1
0,0,0,0,363178,124762,0
1,1,0,0,363179,124762,1
0,0,0,0,363180,124763,0
1,1,0,0,363181,124763,1
0,0,0,0,363182,124764,0
1,1,0,0,363183,124764,1
0,0,0,0,363184,124765,0
1,1,0,0,363185,124765,1
0,0,0,0,363186,124766,0
1,1,0,0,363187,124766,1
0,0,0,0,363188,124767,0
1,1,0,0,363189,124767,1
0,0,0,0,363190,124768,0
1,1,0,0,363191,124768,1
0,0,0,0,363192,124769,0
1,1,0,0,363193,124769,1
0,0,0,0,363194,124770,0
1,1,0,0,363195,124770,1
0,0,0,0,363196,124771,0
1,1,0,0,363197,124771,1
0,0,0,0,363198,124772,0
1,1,0,0,363199,124772,1
0,0,0,0,363200,124773,0
1,1,0,0,363201,124773,1
0,0,0,0,363202,124774,0
1,1,0,0,363203,124774,1
0,0,0,0,363204,124775,0
1,1,0,0,363205,124775,1
0,0,0,0,363206,124776,0
1,1,0,0,363207,124776,1
0,0,0,0,363208,124777,0
1,1,0,0,363209,124777,1
0,0,0,0,363210,124778,0
1,1,0,0,363211,124778,1
0,0,0,0,363212,124779,0
1,1,0,0,363213,124779,1
0,0,0,0,363214,124780,0
1,1,0,0,363215,124780,1
0,0,0,0,363216,124781,0
1,1,0,0,363217,124781,1
0,0,0,0,363218,124782,0
1,1,0,0,363219,124782,1
0,0,0,0,363220,124783,0
1,1,0,0,363221,124783,1
0,0,0,0,363222,124784,0
1,1,0,0,363223,124784,1
0,0,0,0,363224,124785,0
1,1,0,0,363225,124785,1
0,0,0,0,363226,124786,0
1,1,0,0,363227,124786,1
0,0,0,0,363228,124787,0
1,1,0,0,363229,124787,1
0,0,0,0,363230,124788,0
1,1,0,0,363231,124788,1
0,0,0,0,363232,124789,0
1,1,0,0,363233,124789,1
0,0,0,0,363234,124790,0
1,1,0,0,363235,124790,1
0,0,0,0,363236,124791,0
1,1,0,0,363237,124791,1
0,0,0,0,363238,124792,0
1,1,0,0,363239,124792,1
0,0,0,0,363240,124793,0
1,1,0,0,363241,124793,1
0,0,0,0,363242,124794,0
1,1,0,0,363243,124794,1
0,0,0,0,363244,124795,0
1,1,0,0,363245,124795,1
0,0,0,0,363246,124796,0
1,1,0,0,363247,124796,1
0,0,0,0,363248,124797,0
1,1,0,0,363249,124797,1
0,0,0,0,363250,124798,0
1,1,0,0,363251,124798,1
0,0,0,0,363252,124799,0
1,1,0,0,363253,124799,1
0,0,0,0,363254,124800,0
1,1,0,0,363255,124800,1
0,0,0,0,363256,124801,0
1,1,0,0,363257,124801,1
0,0,0,0,363258,124802,0
1,1,0,0,363259,124802,1
0,0,0,0,363260,124803,0
1,1,0,0,363261,124803,1
0,0,0,0,363262,124804,0
1,1,0,0,363263,124804,1
