ID,GeoBox[0],GeoBox[1],GeoBox[2],GeoBox[3],GeoBox[4],GeoBox[5],FileDataID,ObjectEffectPackageID,OverrideLootEffectScale,OverrideNameScale,AlternateDisplayType,ClientCreatureDisplayInfoID,ClientItemID,Field_11_0_0_54210_008
1,-0.26073328,-0.4512289,0.0074184677,0.2606174,0.4493599,0.6864136,196979,0,0,0,0,0,0,0
2,-0.32545474,-0.33729443,0.0014874487,0.3507911,0.31053096,0.99064606,199426,0,0,0,0,0,0,0
3,-5.3587046,-6.2068734,-0.018553602,7.331823,6.69399,14.530236,190175,0,0,0,0,0,0,0
4,-0.3198101,-0.9863999,0.004529507,1.0944186,0.9939026,2.8029408,198634,0,0,0,0,0,0,0
5,-0.765514,-1.65267,-0.301772,0.0522625,1.62819,4.43292,200640,0,0,0,0,0,0,0
6,-4.303809,-5.194986,-1.0001191,4.2899404,4.9612637,12.232695,189908,0,0,0,0,0,0,0
7,-0.26655567,-0.26455313,0.002714246,0.25674373,0.26863176,0.65079683,189821,0,0,0,0,0,0,0
8,-0.3052422,-0.6988019,-0.0059837545,0.3033076,0.690087,0.46764046,198238,0,0,0,0,0,0,0
9,-1.23473,-0.580022,-0.0352144,0.428828,0.815667,1.01848,199567,0,0,0,0,0,0,0
10,-0.39367023,-0.5908163,0.012198171,0.39355436,0.58895504,0.63073164,196976,0,0,0,0,0,0,0
11,-1.6327695,-0.5471354,-0.21628433,1.4697015,0.56848955,1.0122514,198445,0,0,0,0,0,0,0
12,-0.11186711,-0.35378963,-0.2988583,0.11960421,0.386132,2.008659,189541,0,0,0,0,0,0,0
13,0,0,0,0,0,0,197807,0,0,0,0,0,0,0
14,-1.1866013,-1.1098127,-0.34885368,0.80661875,0.9310319,1.1826123,198343,0,0,0,0,0,0,0
15,0,0,0,0,0,0,199424,0,0,0,0,0,0,0
17,-0.21421577,-0.5067237,-1.652187,0.11620189,0.5224805,2.4974272,199421,0,0,0,0,0,0,0
18,-0.42892313,-0.7637713,0.0033449298,0.42892313,0.7640065,0.5033449,190543,0,0,0,0,0,0,0
19,-0.21944447,-0.5083334,-0.14763239,0.21944447,0.5083334,1.4261128,189534,0,0,0,0,0,0,0
20,-1.6928806,-1.0636394,-0.010464747,1.6928806,1.0042584,0.6669194,189528,0,0,0,0,0,0,0
21,-0.207901,-0.244864,0,0.207059,0.234291,0.550981,199180,0,0,0,0,0,0,0
22,0.41762933,-0.9848747,2.660958,0.6507019,1.2925855,3.518984,198479,0,0,0,0,0,0,0
25,-2.0301125,-3.055414,-0.23933427,2.5925093,3.023229,9.040523,199571,0,0,0,0,0,0,0
26,-0.09028915,-0.8076245,3.4631574,0.0902899,0.8648584,3.9073818,198478,0,0,0,0,0,0,0
27,-0.16612008,-0.8465595,2.8460808,0.16611663,1.409833,3.9066548,198476,0,0,0,0,0,0,0
28,-1.4279913,-1.9914178,-0.55691016,1.4365703,1.5392828,2.2626545,196975,0,0,0,0,0,0,0
30,-0.3558932,-0.34772417,-0.0003886499,0.35538518,0.36983815,1.09105,198280,0,0,0,0,0,0,0
31,-0.6157037,-0.66195375,0,0.6157037,0.66195375,1.24297,198168,0,0,0,0,0,0,0
32,-0.430319,-0.46780607,0.00010408446,0.42883322,0.5242575,0.99206364,199563,0,0,0,0,0,0,0
33,-0.3087367,-0.36066118,-0.0012088743,0.30960143,0.3533341,0.9676722,197463,0,0,0,0,0,0,0
36,-1.2782435,-1.1433349,-0.01919939,1.2942079,1.1195303,1.7595571,198085,0,0,0,0,0,0,0
39,-0.9985464,-0.5532056,-0.0069886735,0.17892952,0.5532056,1.3278188,198115,0,0,0,0,0,0,0
41,-0.3946011,-0.5906366,0.0050239707,0.39359954,0.5891347,0.6235575,196982,0,0,0,0,0,0,0
42,-0.049065214,-0.026797708,-0.12109254,0.047085136,0.056470938,-0.0617915,199932,0,0,0,0,0,0,0
43,-0.53545326,-0.23256643,-0.00065485365,0.2594887,0.61724836,0.7111038,198056,0,0,0,0,0,0,0
45,-1.1762574,-0.0038753087,0.1678888,1.1762574,55.966156,0.16788901,199929,0,0,0,0,0,0,0
47,-1.292971,-1.1787139,-0.60938,1.2929713,1.8072754,3.7995737,190384,0,0,0,0,0,0,0
48,-2.012936,-2.029193,-2.3395786,1.0192996,2.0585468,3.6097102,197038,0,0,0,0,0,0,0
49,-2.1728973,-2.1873965,-0.5527104,2.192411,2.1779118,0.8319431,204112,0,0,0,0,0,0,0
51,-1.7046778,-2.409838,-0.158941,1.3534986,2.428247,2.1895323,199748,0,0,0,0,0,0,0
52,-1.2093744,-1.2365979,-0.08822134,1.2563982,1.2291747,3.1479752,199751,0,0,0,0,0,0,0
53,-0.68389034,-0.6969719,-0.06074598,0.73091406,0.7178324,3.1754506,199753,0,0,0,0,0,0,0
56,-0.146553,-0.192744,0.00271667,0.150837,0.276062,0.632111,197552,0,0,0,0,0,0,0
58,-0.589117,-0.742133,-0.00518,1.07557,0.462492,0.253052,189676,0,0,0,0,0,0,0
60,-0.833388,-0.96388745,-0.42994887,0.8594232,2.474886,1.5291058,189409,0,0,0,0,0,0,0
63,-0.215349,-0.428978,-0.114426,0.236487,0.3891,0.336756,198203,0,0,0,0,0,0,0
70,-0.3698,-0.1702,-0.103035,0.989139,0.163201,0.185699,198651,0,0,0,0,0,0,0
90,-1.5871879,-2.4194524,0,0.26826254,2.416873,8.734192,190361,0,0,0,0,0,0,0
91,-0.8708254,-0.5849366,-0.11037074,0.15119171,0.58493674,1.6528469,198116,0,0,0,0,0,0,0
92,-0.7630957,-0.80129325,-0.0023857213,0.15275413,0.80012095,2.0800388,198114,0,0,0,0,0,0,0
95,-1.3296757,-1.1432074,-0.060634356,1.0684416,1.150644,9.051079,199954,0,0,0,0,0,0,0
100,-0.11840178,-0.2931939,0,0.12145737,0.2931939,0.84719414,199806,0,0,0,0,0,0,0
105,-0.113822,-0.222141,0.000166667,0.0984081,0.225543,0.604028,198022,0,0,0,0,0,0,0
107,-0.53545326,-0.23256643,0,0.2594887,0.33755735,0.35005635,198055,0,0,0,0,0,0,0
112,-0.3087367,-0.36066118,-0.0012088743,0.30960143,0.3533341,0.9676722,197464,0,0,0,0,0,0,0
113,-0.435708,-0.763769,0.00315056,0.428922,0.764003,0.503342,199634,0,0,0,0,0,0,0
114,-0.420042,-0.193695,-0.0062525,0.433622,0.175587,0.347467,198236,0,0,0,0,0,0,0
119,-3.207876,-3.2463942,-0.3306854,3.0931835,2.6796477,2.701597,203967,0,0,0,0,0,0,0
124,0,0,0,0,0,0,190104,0,0,0,0,0,0,0
130,-0.5983708,-0.3484729,-0.12303343,0.6943012,0.70882636,2.7855022,198636,0,0,0,0,0,0,0
131,-3.9378633,-4.9034715,0.012081484,5.206622,4.9364443,3.4073193,189709,0,0,0,0,0,0,0
133,-0.11267951,-0.12072688,-0.025467152,0.09902535,0.10844842,-0.0004595783,199973,0,0,0,0,0,0,0
134,-0.877033,-0.788389,0.0119842,0.393397,0.580761,0.818833,189478,0,0,0,0,0,0,0
137,-0.3168598,-1.4107935,-0.01043876,0.56614923,1.3956292,3.2273853,198054,0,0,0,0,0,0,0
138,-0.45415366,-0.34075436,-0.015294577,0.21038967,0.29068175,0.53184336,190658,0,0,0,0,0,0,0
139,-7.5144334,-6.347859,-0.045016397,8.462882,7.2717996,28.572968,198561,0,0,0,0,0,0,0
148,-0.8919968,-1.0240532,-0.87577665,2.4172585,1.9083184,4.6254983,190383,0,0,0,0,0,0,0
150,-0.09028915,0.08338174,3.4631574,0.0902899,1.7558646,3.9073818,198471,0,0,0,0,0,0,0
151,-1.432252,-1.9918711,-0.00062179565,1.4322512,1.9918714,2.1595201,198598,0,0,0,0,0,0,0
153,-1.24867,-1.24735,-1.24131,1.23395,1.23527,1.24131,198095,0,0,0,0,0,0,0
154,-1.4326298,-1.0308167,-0.11037129,1.4940974,1.0489483,1.9344984,198177,0,0,0,0,0,0,0
155,-0.625406,-0.546408,-0.0140378,0.553417,0.423247,0.392408,189761,0,0,0,0,0,0,0
156,-0.21421577,-0.5067237,-1.652187,0.11620189,0.5224805,2.4974272,198409,0,0,0,0,0,0,0
159,-1.4718332,-1.3870838,0.00020805995,1.6261322,1.417482,0.013889048,198435,0,0,0,0,0,0,0
163,-0.530711,-0.380358,0.00441861,0.517911,0.420161,0.135923,198451,0,0,0,0,0,0,0
164,-0.459739,-0.158427,0.00143889,0.444358,0.139009,0.139258,198453,0,0,0,0,0,0,0
166,-0.68427306,-0.35470888,2.6970442E-06,0.7743855,0.3583924,0.9684245,189642,0,0,0,0,0,0,0
169,0,0,0,0,0,0,198502,0,0,0,0,0,0,0
170,-5.9796786,-0.72310406,2.0374484,2.990718,0.8822908,8.494501,198516,0,0,0,0,0,0,0
174,-5.9796786,-0.72310406,2.0374484,2.990718,0.8822908,8.494501,198484,0,0,0,0,0,0,0
175,-5.9796786,-0.72310406,2.0374484,2.990718,0.8822908,8.494501,198490,0,0,0,0,0,0,0
178,-5.9796786,-0.72310406,2.0374484,2.990718,0.8822908,8.494501,198497,0,0,0,0,0,0,0
181,-0.25952345,-0.25796086,-0.14346857,0.49095616,0.99425304,0.47267586,197946,0,0,0,0,0,0,0
183,-0.457303,-0.396272,-0.00705,0.455758,0.412792,0.147518,198455,0,0,0,0,0,0,0
184,-0.126387,-0.337697,0.00232778,0.114266,0.350781,1.17456,198016,0,0,0,0,0,0,0
185,-0.126514,-0.385117,0.000166667,0.114138,0.391069,1.04838,198017,0,0,0,0,0,0,0
186,0,0,0,0,0,0,0,0,0,0,0,0,0,0
187,-0.31685978,-1.4113747,-0.0029788383,0.5661491,1.3950322,1.7811784,198053,0,0,0,0,0,0,0
188,-0.31685978,-1.4066602,-0.01043876,0.56614923,1.3997624,4.0784473,198052,0,0,0,0,0,0,0
189,-1.867228,-0.7809738,0.012151637,1.6888353,0.76514083,5.0730925,198047,0,0,0,0,0,0,0
190,-0.457042,-0.375353,-0.00705,0.456019,0.433708,0.147518,198454,0,0,0,0,0,0,0
191,-0.1342969,-0.12390664,-0.00024959777,0.12521522,0.12856118,0.7525814,197331,0,0,0,0,0,0,0
192,-0.8641618,-1.2869185,-0.7764702,1.1917964,1.2869186,1.613503,189705,0,0,0,0,0,0,0
193,-0.5762709,-1.1793534,-3.639627E-07,0.5231455,1.1873835,1.5628036,190633,0,0,0,0,0,0,0
194,-1.1585795,-1.122559,-0.046104338,1.1585795,1.1137606,0.7240823,198065,0,0,0,0,0,0,0
195,-0.09028915,0.058736783,3.4631574,0.0902899,1.7312196,3.9073818,198470,0,0,0,0,0,0,0
196,0,0,0,0,0,0,189881,0,0,0,0,0,0,0
197,-0.92698544,-2.0614634,-0.5057867,0.9748858,2.0614634,3.3226156,197293,0,0,0,0,0,0,0
199,-0.5419092,-1.7566288,-0.61123013,1.0812376,1.4148537,2.3336954,198197,0,0,0,0,0,0,0
200,-2.130687,-3.549678,-1.6242689,1.6301602,3.549678,5.421711,189118,0,0,0,0,0,0,0
201,-0.9925514,-1.529633,-0.3744225,1.198019,1.6418492,2.5705025,199136,0,0,0,0,0,0,0
202,0,-0.3685846,-0.045258608,0.047724467,0.389017,1.1036813,199428,0,0,0,0,0,0,0
203,-0.09028915,0.11499625,3.4631574,0.0902899,1.7874792,3.9073818,198472,0,0,0,0,0,0,0
204,-0.743717,-1.32396,0.143212,0.713533,1.42613,0.458631,189232,0,0,0,0,0,0,0
205,-1.6789509,-1.928581,-1.5340749,1.6248993,1.8863757,7.6906304,189158,0,0,0,0,0,0,0
206,-3.3043108,-5.6047444,-0.80140966,4.071695,4.6747675,2.2227182,189141,0,0,0,0,0,0,0
207,-3.9018364,-3.1509392,-0.40222228,3.3113976,3.0074732,8.977763,189170,0,0,0,0,0,0,0
208,-0.7264455,-1.7619615,-0.0068520075,1.276919,1.3813974,1.0693972,189186,0,0,0,0,0,0,0
209,-0.9737494,-1.127462,0.00018586052,0.9728831,1.1203158,1.5678493,189193,0,0,0,0,0,0,0
210,-0.53071415,-0.3803626,0.004418936,0.51791304,0.42016187,0.1359228,201113,0,0,0,0,0,0,0
211,-0.8287792,-0.77139777,-0.10610771,0.8052504,0.80772,0.34812286,197330,0,0,0,0,0,0,0
212,-2.2397277,-0.561092,-0.06719525,1.5194793,0.561092,4.7923546,190304,0,0,0,0,0,0,0
213,-0.25196534,-0.28850514,5.8092948E-05,0.24885838,0.28402653,0.6868394,189820,0,0,0,0,0,0,0
214,-0.000855201,-0.3555063,0.0029265024,0.06754854,0.3610328,0.42514873,199983,0,0,0,0,0,0,0
215,-1.8155978,-0.7881149,-0.03602442,1.1805282,0.79685444,1.2693633,199886,0,0,0,0,0,0,0
216,-0.80745983,-1.1218002,-0.042288035,0.9724438,0.90082675,1.5269173,198100,0,0,0,0,0,0,0
217,-0.196286,-0.145037,-0.0166469,0.170491,0.126421,0.208791,189896,0,0,0,0,0,0,0
218,-0.31821227,-0.56979394,0.0030917062,0.3040101,0.56887287,1.1720244,204142,0,0,0,0,0,0,0
219,-0.9270202,-1.4659424,-0.08687742,1.1508173,1.3528758,2.3162832,190809,0,0,0,0,0,0,0
220,-0.530711,-0.391103,0.00441861,0.517911,0.409417,0.135923,198452,0,0,0,0,0,0,0
221,0,0,0,0,0,0,198603,0,0,0,0,0,0,0
222,-0.42443988,-0.5062119,0.008783551,0.39567083,0.50496256,0.12725158,198457,0,0,0,0,0,0,0
223,-6.705458,-1.7717322,-1.9626372,2.7850718,2.238411,2.3222039,190677,0,0,0,0,0,0,0
224,-0.600928,-0.339258,-0.0474525,0.593367,0.253576,0.594942,198232,0,0,0,0,0,0,0
225,-0.158805,-0.156214,0.0107936,0.152793,0.159946,0.723736,198057,0,0,0,0,0,0,0
226,-0.169425,-0.167378,-0.0594225,0.311892,0.225956,0.348714,190440,0,0,0,0,0,0,0
227,-1.159475,-2.027086,-0.16426,0.9965417,2.0393112,1.1678972,197832,0,0,0,0,0,0,0
228,-0.081213005,-0.089066,-0.0013137391,0.07027412,0.0663714,0.53365207,198061,0,0,0,0,0,0,0
229,-0.7356397,-0.44304034,-0.048885435,0.6681913,0.42139748,0.5206123,198212,0,0,0,0,0,0,0
230,-3.168073,-3.4398277,-0.0027077117,3.2564607,3.473341,11.632256,199969,0,0,0,0,0,0,0
231,-6.326479,-5.9017696,-1.3906225,4.66375,7.3468966,5.558093,197635,0,0,0,0,0,0,0
232,0,0,0,0,0,0,197849,0,0,0,0,0,0,0
234,-1.2704259,-2.1495948,-0.0010878572,1.2995033,2.0993578,1.3383653,198602,0,0,0,0,0,0,0
235,-5.102673,-5.985953,-3.0126915,5.060145,5.993897,13.010176,199976,0,0,0,0,0,0,0
236,-1.0933907,-0.9710868,-0.18243767,0.7173414,1.5225626,2.4211059,198951,0,0,0,0,0,0,0
237,-0.23962566,-0.25813484,-0.0004995229,0.21219203,0.19920202,0.86232394,198058,0,0,0,0,0,0,0
238,-0.08064954,-0.53919387,-0.01617307,0.0708376,-0.044843312,0.34333378,198060,0,0,0,0,0,0,0
239,-0.48135415,-0.5392637,-0.0677329,0.47583288,0.5331991,0.84180593,198068,0,0,0,0,0,0,0
240,-0.24879162,-0.53189826,0.0037020578,0.23826636,0.54171973,1.7117246,198076,0,0,0,0,0,0,0
241,-0.172105,-0.18447466,0.0001974558,0.14940603,0.15358202,1.1140472,198169,0,0,0,0,0,0,0
242,-0.13716361,-0.34277794,-0.014371823,0.17296274,0.33914033,0.16792719,189085,0,0,0,0,0,0,0
243,-3.6841435,-4.1307025,-0.10315412,4.093634,3.6470752,3.9267764,200898,0,0,0,0,0,0,0
244,-0.28735203,-0.58162475,-0.23204753,0.66283447,0.53058845,1.0224377,190805,0,0,0,0,0,0,0
245,-4.724608,-2.2360842,-0.00801047,5.4779315,2.2338254,4.126441,200947,0,0,0,0,0,0,0
246,-0.0591719,-0.168265,0.000166667,0.0589569,0.218579,1.64941,198018,0,0,0,0,0,0,0
247,-1.319021,-1.9314181,-0.100238,0.8361042,1.4218318,4.4553895,198950,0,0,0,0,0,0,0
248,-0.87389946,-2.1033733,-0.70557576,1.0874829,1.8502036,6.399526,203668,0,0,0,0,0,0,0
249,-1.2231927,-0.97411305,0,0.9717772,0.91302234,1.9032593,198836,0,0,0,0,0,0,0
250,-4.166667,-4.1666665,-0.5329403,4.166667,4.1666665,21.585495,199938,0,0,0,0,0,0,0
251,-0.377489,-0.723556,0,0.361372,0.718575,0.701458,189810,0,0,0,0,0,0,0
252,-0.500943,-0.5309873,-0.034535266,1.0425191,0.92306286,1.0567876,197608,0,0,0,0,0,0,0
253,-0.55843467,-0.41973093,-0.04908954,0.32582977,0.4667784,0.85638773,189752,0,0,0,0,0,0,0
254,-0.301392,-0.446586,0.000336111,0.341078,0.455956,0.129496,198029,0,0,0,0,0,0,0
255,-0.30283165,-0.224365,-0.00039330532,0.3010158,0.22332,0.12893926,200900,0,0,0,0,0,0,0
256,-0.45444453,-0.6513209,-0.05565759,0.48042658,0.68551946,2.6106722,198801,0,0,0,0,0,0,0
257,-0.3167032,-0.40637532,-0.05278758,0.3426852,0.4486084,1.9087067,198802,0,0,0,0,0,0,0
258,-0.249397,-0.293447,0,0.248555,0.281536,0.676136,199184,0,0,0,0,0,0,0
259,-0.6655419,-0.86160225,-0.016599547,0.6611565,0.8605945,1.3149992,219372,0,0,0,0,0,0,0
260,-9.019885,-11.080846,-3.304257,8.988398,8.973819,-1.7144448,199964,0,0,0,0,0,0,0
261,-0.9228543,-1.2555828,-0.20187461,1.198285,1.3477038,1.3022583,196998,0,0,0,0,0,0,0
263,-0.8553794,-0.92875344,-0.00024379102,0.87924397,0.93780214,1.5703541,199907,0,0,0,0,0,0,0
264,-0.85537845,-0.92875385,-0.0004780687,0.8792452,0.9378019,3.076638,199918,0,0,0,0,0,0,0
265,-0.85537827,-0.9287537,-0.0010548426,0.8792451,0.9378016,6.787457,199916,0,0,0,0,0,0,0
266,-0.8553782,-0.9287537,-0.0018561264,0.87924504,0.93780166,11.945926,199927,0,0,0,0,0,0,0
267,-1.4299,-1.11076,-0.0512919,1.37389,1.28343,4.56539,189772,0,0,0,0,0,0,0
268,-2.6404955,-2.3006985,-0.9694248,2.680074,2.6070309,3.5326943,219470,0,0,0,0,0,0,0
269,-0.95310974,-0.95426685,-0.66646826,1.4915701,1.3748313,2.3061635,219481,0,0,0,0,0,0,0
270,-2.1377394,-2.174001,-0.7830399,2.2878673,2.2549312,3.5748186,219487,0,0,0,0,0,0,0
271,-1.3650627,-2.494244,-1.226203,2.8518322,1.8779808,3.2712011,219502,0,0,0,0,0,0,0
272,-1.8300966,-1.8065763,-0.66726166,1.8300966,1.8065763,2.1673305,219497,0,0,0,0,0,0,0
273,-1.2336919,-0.5563157,-0.090813756,0.6528571,0.55975896,1.3542193,219402,0,0,0,0,0,0,0
274,0.30162752,0.035142977,-0.048487145,0.7191811,0.48025027,0.66966873,219403,0,0,0,0,0,0,0
275,-0.547081,-0.740781,0.00151667,0.54995,0.740956,0.773372,199632,0,0,0,0,0,0,0
276,-0.713347,-2.00256,-0.0323006,0.687422,0.865858,1.39127,203510,0,0,0,0,0,0,0
277,-0.934728,-0.988792,-0.0439264,0.437192,0.448244,1.33268,203512,0,0,0,0,0,0,0
278,-0.57241136,-0.43142098,-0.015950764,0.7395933,0.41036603,0.37207475,189893,0,0,0,0,0,0,0
279,-0.430319,-0.46780607,0,0.42883322,0.5242575,0.99206364,190535,0,0,0,0,0,0,0
280,-2.120889,-7.1573915,-0.5631077,2.7229764,5.156386,4.51731,189692,0,0,0,0,0,0,0
281,-2.21755,-5.00186,-0.376336,2.18931,5.59917,3.06494,189696,0,0,0,0,0,0,0
282,-2.866702,-2.829859,-0.43450505,2.8667023,2.829859,4.2224793,189700,0,0,0,0,0,0,0
283,-0.887611,-1.34957,-0.160279,1.46,0.850719,2.20911,189699,0,0,0,0,0,0,0
284,-2.33297,-3.17686,-0.274081,2.43688,2.51133,3.55144,189698,0,0,0,0,0,0,0
285,-0.4005765,-0.5959195,0,0.39964718,0.5944958,0.6348882,198165,0,0,0,0,0,0,0
286,-0.26368487,-0.4494613,0,0.25877523,0.44996357,0.6877955,198166,0,0,0,0,0,0,0
287,-0.39353192,-0.5948512,0,0.3934649,0.5889507,0.62166137,198167,0,0,0,0,0,0,0
288,-0.430319,-0.46780607,-0.0010505901,0.42883322,0.5242575,0.99206364,199737,0,0,0,0,0,0,0
289,-0.6290193,-1.0822111,-0.0051118713,0.98736966,0.5669735,0.8836773,198198,0,0,0,0,0,0,0
290,-1.0237551,-0.76692265,-0.28900686,1.026245,1.0655361,2.173484,190252,0,0,0,0,0,0,0
291,-4.6213117,-3.6683583,-0.50108004,3.0781004,2.1820724,2.8227239,189827,0,0,0,0,0,0,0
292,-1.0237551,-0.76692265,-0.28900686,1.026245,1.0655361,2.173484,190256,0,0,0,0,0,0,0
293,-0.7791864,-0.7897447,-0.08821628,0.72856265,0.79407436,1.0310576,200638,0,0,0,0,0,0,0
294,-3.6441655,-6.2875485,-0.33806005,4.0526805,9.445357,6.5379424,199756,0,0,0,0,0,0,0
295,-0.25131246,-0.14245935,-0.0011871094,0.58456904,0.15849586,1.1717483,201061,0,0,0,0,0,0,0
296,-6.650767,-5.210239,-0.68891054,5.2024097,6.4757214,17.281336,200557,0,0,0,0,0,0,0
297,-0.220198,-0.253933,0,0.219629,0.253935,0.708081,189815,0,0,0,0,0,0,0
298,-0.85537827,-0.9287537,-0.0010548426,0.8792451,0.93780166,6.787457,199908,0,0,0,0,0,0,0
299,-0.2097281,-0.2090257,0,0.21134777,0.21423864,0.14776908,189768,0,0,0,0,0,0,0
300,-0.36528972,-0.5019563,-0.016206676,0.6144281,0.5343088,1.4916539,189426,0,0,0,0,0,0,0
301,-0.676458,-0.758658,-0.0217358,0.759844,0.780231,0.952617,189437,0,0,0,0,0,0,0
302,-5.102673,-5.985953,-3.0126915,5.060145,5.993897,13.010176,199975,0,0,0,0,0,0,0
303,-0.11866317,1.0015869,5.4860005,0.13376954,4.0555563,6.5255647,200454,0,0,0,0,0,0,0
304,-2.8472328,-1.2733539,-0.070897765,1.7579665,1.4605801,5.2224994,219382,0,0,0,0,0,0,0
305,-2.6760275,-1.6841171,0,2.1620743,5.8298273,6.007133,219414,0,0,0,0,0,0,0
306,-0.16244037,-1.1810842,0,2.1712537,2.3386114,4.7729673,219412,0,0,0,0,0,0,0
307,-1.4866767,-1.6666011,-0.14680722,1.4933511,1.7888262,2.4947827,199155,0,0,0,0,0,0,0
308,-1.1194367,-0.0037633893,-0.370077,1.054112,0.18979251,0.4007514,200453,0,0,0,0,0,0,0
309,-0.11893296,-0.379584,-0.45170498,1.806807,0.37958416,0.45170498,199262,0,0,0,0,0,0,0
310,-2.2456806,-2.504081,-3.833308,1.2921824,2.0585465,2.726723,219514,0,0,0,0,0,0,0
311,-2.2456806,-2.5040812,-2.9503205,1.2921826,2.0585468,3.6097102,219524,0,0,0,0,0,0,0
312,-2.633224,-2.5315545,-2.3694432,1.6529034,2.5011075,3.1692848,219532,0,0,0,0,0,0,0
313,-2.400965,-2.5040812,-2.9503205,1.4217014,2.0585468,3.701021,219541,0,0,0,0,0,0,0
314,-2.2456806,-2.5040812,-2.9503205,1.3368783,2.0585468,3.6097102,219569,0,0,0,0,0,0,0
315,-2.2456806,-2.5040812,-2.9503205,1.2921826,2.0585468,3.6097102,219568,0,0,0,0,0,0,0
316,-2.2916667,-2.2916667,0.013781329,2.2916667,2.2916667,0.013781329,202952,0,0,0,0,0,0,0
317,-0.5262223,-0.3684025,-0.14229502,0.5117457,0.36743268,0.60051787,197621,0,0,0,0,0,0,0
318,-0.4142541,-0.28678167,-0.04604618,0.43207476,0.26963517,0.7719529,197617,0,0,0,0,0,0,0
319,-0.6670479,-0.6196256,0.010506153,0.6868569,0.6478535,1.2779852,198006,0,0,0,0,0,0,0
320,-1.9495884,-2.3712745,-0.68691206,2.3495457,2.5698004,2.7437177,219443,0,0,0,0,0,0,0
321,-0.6170712,-0.6667196,-0.03840163,0.37384164,0.45503685,0.4223492,199222,0,0,0,0,0,0,0
322,-2.0504773,-2.6305175,-0.1591134,2.4236019,3.0037684,4.70607,200335,0,0,0,0,0,0,0
323,-0.43887082,-0.40577117,-0.019773252,0.43887103,0.6034275,1.2029034,200442,0,0,0,0,0,0,0
324,-2.130687,-2.1428041,-0.29855132,1.6301602,1.8348958,5.421711,189120,0,0,0,0,0,0,0
325,-0.08926048,-0.0867751,-0.04691695,0.098380305,0.091681905,2.1625755,201129,0,0,0,0,0,0,0
327,-0.26539943,-0.9689613,-0.40693638,0.2570643,0.9671683,1.5977458,201056,0,0,0,0,0,0,0
328,-1.6479181,-1.4355637,-0.049181417,1.389136,1.610215,2.031554,189280,0,0,0,0,0,0,0
329,-1.1732535,-1.9163055,-0.17144255,1.3692087,1.677416,2.4534447,201864,0,0,0,0,0,0,0
330,-2.7164912,-2.9477994,-0.09856389,2.1537216,3.0286677,3.735702,201006,0,0,0,0,0,0,0
331,-1.5796758,-1.489353,-0.032933436,1.5456395,1.5454459,1.2903,199355,0,0,0,0,0,0,0
332,-0.67443246,-0.8942706,-0.2107689,1.4551574,0.7141852,1.1594278,201142,0,0,0,0,0,0,0
333,-1.0237551,-0.75807244,-0.28900686,1.026245,0.7541078,1.2884346,201072,0,0,0,0,0,0,0
334,-0.42898676,-0.49532595,0.00031171605,0.4289574,0.49534264,0.99323136,200884,0,0,0,0,0,0,0
335,-0.6254306,-0.6617019,0.00094095524,0.6175396,0.68434536,1.0421356,200960,0,0,0,0,0,0,0
336,-0.49804366,-0.66015047,0.001317817,0.5278088,0.66841096,0.6082485,200961,0,0,0,0,0,0,0
338,-0.30139446,-0.16814485,-0.033139266,0.3410791,0.42841038,1.4758805,200916,0,0,0,0,0,0,0
339,-0.0029623907,-0.3393143,-0.3361068,0.3848817,0.33882728,0.34203485,200936,0,0,0,0,0,0,0
340,-0.710447,-0.7105307,7.838673E-05,0.70990497,0.713759,1.4863322,200971,0,0,0,0,0,0,0
341,-2.3948536,0.7916594,-0.17610987,5.675132,7.4327917,4.8417387,201383,0,0,0,0,0,0,0
342,-1.389327E-06,-0.8333333,-0.8333333,0.7443207,0.8333333,0.8333333,201101,0,0,0,0,0,0,0
343,-1.5796337,-1.6806153,-1.0447013,1.7759218,1.6749402,0.012115357,201103,0,0,0,0,0,0,0
344,-2.5908368,-2.6206663,0.00910102,2.630765,2.6009357,1.6953043,201001,0,0,0,0,0,0,0
345,-0.4105383,-0.6661712,0,0.35622913,0.68030316,1.2662312,200877,0,0,0,0,0,0,0
346,-2.0555587,-3.132314,-2.8382127,2.6198466,2.4337492,5.530291,201386,0,0,0,0,0,0,0
347,-0.625425,-0.66195,0.000936111,0.617536,0.66195,0.793317,198158,0,0,0,0,0,0,0
348,0,0,0,0,0,0,198595,0,0,0,0,0,0,0
352,-1.375,-0.5208333,0.625,1.3958334,0.5416667,0.7083334,189416,0,0,0,0,0,0,0
353,0.0043177386,-0.29755786,-0.0072385487,0.4931514,0.29755777,0.5081467,198618,0,0,0,0,0,0,0
354,0.0043177386,-0.29755786,-0.0072385487,0.4931514,0.29755777,0.5180205,198617,0,0,0,0,0,0,0
355,0,0,0,0,0,0,219378,0,0,0,0,0,0,0
356,-0.48137107,-0.74044746,-0.0018403796,0.7982797,0.8553802,2.1654024,197760,0,0,0,0,0,0,0
357,-0.6471326,-0.71101254,-0.16027202,1.0291903,1.1755134,0.63919353,219463,0,0,0,0,0,0,0
358,-1.1059724,-1.1059724,-0.41828778,1.1059724,1.1059724,3.082392,219440,0,0,0,0,0,0,0
359,-1.6364055,-1.4450985,-0.5776792,1.3970926,1.4719546,1.775703,219476,0,0,0,0,0,0,0
360,0,0,0,0,0,0,202316,0,0,0,0,0,0,0
361,-1.1303078,-8.427484,-0.04072211,9.698305,1.0712686,1.576707,189438,0,0,0,0,0,0,0
362,-0.727082,-0.9496134,-0.14445369,0.76891404,1.0803343,0.5765069,198947,0,0,0,0,0,0,0
363,-0.8553794,-0.92875344,-0.00024379099,0.8792439,0.9378019,1.5703541,199915,0,0,0,0,0,0,0
364,-0.98864925,-0.6133557,-0.11029336,0.8275556,0.6255445,1.5087701,198527,0,0,0,0,0,0,0
365,-1.2842,-1.2391106,-0.1267674,1.3468301,1.2712507,1.4999641,201377,0,0,0,0,0,0,0
366,-1.4691111,-1.946352,-0.43584844,1.4691108,1.946352,3.1787777,199198,0,0,0,0,0,0,0
367,-0.13906398,-0.44523552,-0.00956429,0.1202257,0.428749,0.3284389,199725,0,0,0,0,0,0,0
368,0,0,0,0,0,0,112877,0,0,0,0,0,0,0
369,-1.40811,-1.61361,-0.639736,1.60143,1.17736,2.18997,190381,0,0,0,0,0,0,0
370,-2.4948,-1.9603,-0.406458,2.14462,2.02153,3.73308,190380,0,0,0,0,0,0,0
371,-2.137738,-2.174,-1.2303892,2.2878678,2.2549317,3.1274683,219494,0,0,0,0,0,0,0
372,-0.010274213,-0.35462183,-0.057182677,0.4877597,0.10808236,0.36003152,199223,0,0,0,0,0,0,0
373,-1.073493,-1.5433308,-0.10206074,1.066727,1.6281513,4.111141,199130,0,0,0,0,0,0,0
374,-1.4456084,-1.6144482,-0.27285004,1.4460973,1.557034,3.4034512,199142,0,0,0,0,0,0,0
375,-0.9925514,-1.529633,-0.3744225,1.198019,1.6418492,2.5705025,199137,0,0,0,0,0,0,0
377,-0.06237139,-2.8119507,-0.7847293,1.9566481,2.8119507,0.7847294,198398,0,0,0,0,0,0,0
378,-1.0302315,-0.67070985,-0.11424247,0.82755566,0.6492917,1.5087703,200974,0,0,0,0,0,0,0
379,-1.6967825,-1.3401223,-0.029046556,1.3850491,1.3448423,0.80154794,197456,0,0,0,0,0,0,0
381,-0.7599474,-0.79979163,0,0.7649644,0.80364347,0.87294304,199736,0,0,0,0,0,0,0
382,-1.1984466,-1.1161568,-0.2430461,1.8554226,1.575616,3.8707488,202041,0,0,0,0,0,0,0
383,-0.9987606,-1.504275,-0.05835365,0.06648848,1.504275,0.49971825,198015,0,0,0,0,0,0,0
384,-2.2456806,-2.5040812,-2.9503205,1.0192994,2.0585468,3.6097102,219531,0,0,0,0,0,0,0
385,-1.6364055,-1.4450985,-0.5776792,1.3970926,1.4719546,1.775703,219475,0,0,0,0,0,0,0
386,-0.19904245,0.3850429,3.0662193,0.19904296,2.1158338,3.6224256,198847,0,0,0,0,0,0,0
387,-0.113822,-0.233243,0.0184342,0.0984081,0.214442,0.622278,198025,0,0,0,0,0,0,0
388,-0.19904245,0.34010515,3.0662193,0.19904296,2.070896,3.6224256,198848,0,0,0,0,0,0,0
389,-1.6364056,-1.4450985,-0.5332242,1.3970926,1.4719546,1.820158,219474,0,0,0,0,0,0,0
390,-2.2524312,-2.2896764,-0.28914657,2.0724554,2.199093,0.8240764,219488,0,0,0,0,0,0,0
391,-2.4166536,-2.3999677,-0.14322333,2.4132485,2.3999684,0.7368234,201087,0,0,0,0,0,0,0
392,0,0,0,0,0,0,190887,0,0,0,0,0,0,0
393,0,0,0,0,0,0,198558,0,0,0,0,0,0,0
394,0,0,0,0,0,0,197803,0,0,0,0,0,0,0
395,0,0,0,0,0,0,200364,0,0,0,0,0,0,0
396,-0.506759,-0.59893703,-0.07147553,0.6909299,0.6112627,0.6607898,198193,0,0,0,0,0,0,0
397,0,0,0,0,0,0,198195,0,0,0,0,0,0,0
398,0,0,0,0,0,0,198194,0,0,0,0,0,0,0
399,-0.21944445,-0.5083334,0,0.21944445,0.5083334,1.4504567,189530,0,0,0,0,0,0,0
400,0,0,0,0,0,0,197804,0,0,0,0,0,0,0
401,0,0,0,0,0,0,197231,0,0,0,0,0,0,0
402,-2.3476074,-1.8722653,-0.17397006,1.7715659,2.3922284,3.117595,198717,0,0,0,0,0,0,0
403,-0.14250085,-0.69406873,-0.007631249,0.13527693,0.6957048,1.3812577,201080,0,0,0,0,0,0,0
404,-0.16219026,-0.16964158,-0.0015454522,0.16219027,0.16960913,0.33271506,201095,0,0,0,0,0,0,0
405,-0.16977185,-0.19735834,0,0.17013848,0.19513628,0.41307583,201093,0,0,0,0,0,0,0
406,-0.23967224,-0.08674307,-0.030451851,0.18763965,0.08149035,0.09283545,201094,0,0,0,0,0,0,0
407,-0.08877984,-0.3301344,0.0024230324,0.087694205,0.36993843,0.26583275,201092,0,0,0,0,0,0,0
408,-1.2171935,-2.3381627,-1.442252,1.0781096,2.3381627,2.9000165,199156,0,0,0,0,0,0,0
409,-1.6172202,-1.7951025,-0.039350085,1.6595623,1.8894467,3.163313,199205,0,0,0,0,0,0,0
410,-2.7241738,-2.802126,-0.37782788,2.7503576,2.7568586,-0.37782785,199946,0,0,0,0,0,0,0
411,0,0,0,0,0,0,197817,0,0,0,0,0,0,0
412,-0.6344369,-0.5407656,-0.054681387,0.71457595,0.5060944,0.6164568,199225,0,0,0,0,0,0,0
413,0,0,0,0,0,0,197820,0,0,0,0,0,0,0
414,-1.039274,-1.7539937,-1.4738039,1.2627668,0.81772196,1.4091489,219489,0,0,0,0,0,0,0
415,0,0,0,0,0,0,197821,0,0,0,0,0,0,0
416,0,0,0,0,0,0,197829,0,0,0,0,0,0,0
417,-0.30139446,-0.16814485,-0.033139266,0.3410791,0.19891524,0.19581321,200920,0,0,0,0,0,0,0
418,-2.9205105,-2.4543946,-0.1291694,2.7756102,2.8143857,5.7210855,203748,0,0,0,0,0,0,0
419,-3.6293328,-3.8657477,-0.5058335,3.993137,3.8686774,4.579943,201233,0,0,0,0,0,0,0
420,0,0,0,0,0,0,198185,0,0,0,0,0,0,0
421,-0.4405646,-1.1152111,0,0.4399698,1.1152111,3.6135898,199686,0,0,0,0,0,0,0
422,-0.113822,-0.222141,0.00753361,0.0984081,0.225543,0.611381,198026,0,0,0,0,0,0,0
423,-0.062983535,-0.06034202,0.002220683,0.060022224,0.09343557,0.7525814,198268,0,0,0,0,0,0,0
424,-0.21482725,-0.15223524,-0.0024305582,0.24615489,0.15223522,0.26124865,202297,0,0,0,0,0,0,0
425,-0.21743086,-0.15223524,-0.0021280183,0.24355128,0.15223522,0.26155117,202013,0,0,0,0,0,0,0
426,-1.2621146,-2.8249948,-1.6307058,0.6368902,1.5149602,2.7092476,201439,0,0,0,0,0,0,0
427,-0.20186487,-4.183079,-2.519304,-0.0013516729,1.9147717,2.3539352,201438,0,0,0,0,0,0,0
428,-0.3944963,-5.132744,-3.77031,0.040317077,2.7876348,2.5299973,201437,0,0,0,0,0,0,0
429,-0.61759734,-0.6174179,-0.6056221,0.55148184,0.5817199,0.6236204,198719,0,0,0,0,0,0,0
430,-0.30139446,-0.2432234,-0.033139266,0.3410791,0.2011996,0.20615628,200924,0,0,0,0,0,0,0
431,0,0,0,0,0,0,199970,0,0,0,0,0,0,0
432,-1.4785899,-0.12897126,0,0.11871086,1.4468719,1.6033312,189077,0,0,0,0,0,0,0
433,-0.17572471,-0.20170812,0.0011307664,0.1767564,0.24703784,0.4805515,199724,0,0,0,0,0,0,0
434,-0.36128685,-0.5044407,-0.013223386,0.33150446,0.5063235,0.6474876,199727,0,0,0,0,0,0,0
435,-0.2082748,-0.24050744,-0.015440623,0.21797012,0.2426468,0.38453406,199730,0,0,0,0,0,0,0
436,-0.242316,-0.250719,-0.00839611,0.24083,0.307167,0.594047,198173,0,0,0,0,0,0,0
437,0,0,0,0,0,0,199972,0,0,0,0,0,0,0
438,-0.6370737,-0.69479865,-0.2859868,0.7360275,0.69479865,1.9156917,198780,0,0,0,0,0,0,0
439,-0.9071489,-0.8896134,-0.05691009,0.86318856,0.8997859,2.07942,198754,0,0,0,0,0,0,0
440,-0.82000834,-0.26964533,-0.3153617,1.0455108,0.31186947,0.49711058,203429,0,0,0,0,0,0,0
441,0,0,0,0,0,0,197816,0,0,0,0,0,0,0
442,-0.34783027,-0.51161593,-0.035860766,0.15474576,0.51161593,1.4407165,201130,0,0,0,0,0,0,0
443,-0.5054286,-5.0401483,-0.0030796586,0.5904322,5.0401483,10.739177,197814,0,0,0,0,0,0,0
444,0,0,0,0,0,0,197815,0,0,0,0,0,0,0
445,-0.21198727,-0.21292484,0.0007211141,0.21337643,0.21243887,0.11956945,201115,0,0,0,0,0,0,0
446,-0.21775979,-0.25143448,-0.0013687594,0.2177449,0.25144294,0.5026514,201007,0,0,0,0,0,0,0
447,-0.0631636,-0.171862,0.00121111,0.0547683,0.166128,0.42075,198036,0,0,0,0,0,0,0
448,-0.13860808,-0.10404596,-0.0036314346,0.14473026,0.061171122,0.20546709,189682,0,0,0,0,0,0,0
449,-0.3416995,-0.42599052,-8.723529E-05,0.33501092,0.42547178,0.30310297,197757,0,0,0,0,0,0,0
450,-1.3793598,-1.3132483,-0.2937395,1.3793598,1.3132485,0.29373947,197733,0,0,0,0,0,0,0
451,-0.23136921,-1.7992609,-1.7536175,0.23215716,1.7569636,1.7680155,197671,0,0,0,0,0,0,0
452,-0.662009,-0.6702518,-0.2665845,0.66305137,0.67082965,0.26658458,197726,0,0,0,0,0,0,0
453,-0.79721165,-0.7865929,-1.2718493,0.7972118,0.7865927,1.2718493,197727,0,0,0,0,0,0,0
454,-0.9118925,-1.7988652,-0.4330261,0.91189235,1.7988657,0.43302608,197731,0,0,0,0,0,0,0
455,0,0,0,0,0,0,200793,0,0,0,0,0,0,0
456,-2.2916667,-2.2916667,0.013781329,2.2916667,2.2916667,0.013781329,189208,0,0,0,0,0,0,0
457,-0.506183,-0.552128,-0.0130931,0.499019,0.608578,1.14762,199090,0,0,0,0,0,0,0
458,-0.5008176,-0.43684343,0,0.49701807,0.6728918,1.4808322,199191,0,0,0,0,0,0,0
459,-0.6409094,-0.64125925,0.014485619,0.64315933,0.64280957,1.4920688,199192,0,0,0,0,0,0,0
460,0,0,0,0,0,0,198720,0,0,0,0,0,0,0
461,-2.9205105,-2.4543946,-0.1291694,2.7756102,2.8143857,5.7210855,189452,0,0,0,0,0,0,0
462,0,0,0,0,0,0,200794,0,0,0,0,0,0,0
463,-2.5623055,-1.3594357,0,2.704543,1.4208717,3.4457536,198001,0,0,0,0,0,0,0
465,-1.569705,-1.6696593,-1.0447015,1.7636284,1.663674,0,201106,0,0,0,0,0,0,0
467,0,0,0,0,0,0,116212,0,0,0,0,0,0,0
468,-0.5608714,-0.61307186,-0.024037251,0.5105329,0.45833248,0.9274968,200377,0,0,0,0,0,0,0
469,-2.6776857,-4.0107093,-0.14119773,4.459891,3.4729671,18.5516,198826,0,0,0,0,0,0,0
470,-0.450422,-0.564058,0.000336111,0.457411,0.576181,0.183938,198020,0,0,0,0,0,0,0
471,0,0,0,0,0,0,107243,0,0,0,0,0,0,0
472,-0.73263186,-0.72140115,-0.031656154,0.64201087,0.68313926,0.64760715,200886,0,0,0,0,0,0,0
473,-0.20407711,-0.253973,-0.003944165,0.21523376,0.21815869,0.7870491,199732,0,0,0,0,0,0,0
474,-1.073493,-1.585741,-0.10206074,1.066727,1.585741,3.896517,199131,0,0,0,0,0,0,0
475,-0.9925514,-1.1990261,-0.14911596,1.198019,1.2962111,2.0852828,199138,0,0,0,0,0,0,0
476,0,0,0,0,0,0,116310,0,0,0,0,0,0,0
477,-0.44160146,-0.6479248,-0.042058956,0.8432741,0.7063026,1.4892848,200964,0,0,0,0,0,0,0
478,-7.0839424,-5.244976,-0.5896334,4.847391,5.387667,12.876204,189830,0,0,0,0,0,0,0
498,-1.6845,-0.945536,-0.360942,1.65246,0.936056,0.168348,204113,0,0,0,0,0,0,0
499,-0.27011442,-0.90542454,-0.0020108223,0.21771713,0.87927115,1.9709448,190634,0,0,0,0,0,0,0
518,-0.16754992,-1.0043058,-0.047656078,0.40837523,0.7772455,2.4810202,198666,0,0,0,0,0,0,0
519,-2.3230546,-2.1377213,-0.9324377,2.5534472,2.7304082,12.199408,199349,0,0,0,0,0,0,0
520,-1.2632257,-0.9824205,-0.18387036,1.1929208,0.97437656,0.10104674,202786,0,0,0,0,0,0,0
521,0,0,0,0,0,0,0,0,0,0,0,0,0,0
522,0,-0.36440375,-0.5269309,0.09539599,0.3644038,0.5269309,198660,0,0,0,0,0,0,0
523,-0.31146145,-4.790193,-1.5004162,0.26636463,4.7184772,7.71365,200328,0,0,0,0,0,0,0
524,-0.3259521,-0.3751774,-0.0003516674,0.3253505,0.266921,0.25466448,201422,0,0,0,0,0,0,0
525,-1.411326,-1.9938248,-0.00054864556,1.3854815,1.8429716,0.50412196,203431,0,0,0,0,0,0,0
526,-0.217721,-0.224614,-0.0141283,0.198608,0.216284,0.578453,198367,0,0,0,0,0,0,0
527,-0.180541,-0.158229,-0.00271944,0.160447,0.166069,0.522983,198256,0,0,0,0,0,0,0
528,-0.6414906,-0.6771727,-0.0015047493,0.63643867,0.6877369,1.044916,200963,0,0,0,0,0,0,0
538,-5.9796786,-0.72310406,2.0374484,2.990718,0.8822908,8.494501,198510,0,0,0,0,0,0,0
558,-0.30139446,-0.1763139,-0.033139266,0.3410791,0.19415613,0.22705004,200911,0,0,0,0,0,0,0
559,-0.30139446,-0.1763139,-0.033139266,0.3410791,0.19415613,0.22705004,200913,0,0,0,0,0,0,0
560,-0.30139446,-0.1763139,-0.033139266,0.3410791,0.19415613,0.22705004,200912,0,0,0,0,0,0,0
561,0,0,0,0,0,0,203152,0,0,0,0,0,0,0
562,0,0,0,0,0,0,203153,0,0,0,0,0,0,0
563,-0.5347133,-0.65147424,-0.11041324,0.58264714,0.63874245,0.5145696,198224,0,0,0,0,0,0,0
564,-0.7481912,-0.97264844,-0.00054452213,0.7481912,0.97264844,0.35423505,198223,0,0,0,0,0,0,0
565,-0.28074384,-0.32417503,0.05339016,0.28074384,0.32417503,0.9139201,198359,0,0,0,0,0,0,0
566,-1.1153892,-1.6599904,-0.0007732214,1.0094736,1.281923,1.2506915,198228,0,0,0,0,0,0,0
581,-0.77916896,-0.88405657,0.00035111108,0.7791691,0.88405657,1.1232064,198605,0,0,0,0,0,0,0
602,-1.1296954,-1.4842534,-0.77794117,1.097328,1.4842534,1.9785085,198067,0,0,0,0,0,0,0
603,0,0,0,0,0,0,198012,0,0,0,0,0,0,0
621,-0.3484129,-0.375952,0.0009810062,0.3474675,0.3758916,0.83919287,189802,0,0,0,0,0,0,0
624,0,0,0,0,0,0,197995,0,0,0,0,0,0,0
625,0,0,0,0,0,0,198199,0,0,0,0,0,0,0
627,-1.56222,-1.77723,-0.331508,1.25647,2.23854,1.18064,190574,0,0,0,0,0,0,0
628,0,0,0,0,0,0,106869,0,0,0,0,0,0,0
629,0,0,0,0,0,0,113091,0,0,0,0,0,0,0
630,0,0,0,0,0,0,197968,0,0,0,0,0,0,0
631,0,0,0,0,0,0,198000,0,0,0,0,0,0,0
633,0,0,0,0,0,0,197979,0,0,0,0,0,0,0
634,0,0,0,0,0,0,197977,0,0,0,0,0,0,0
635,0,0,0,0,0,0,197477,0,0,0,0,0,0,0
636,0,0,0,0,0,0,197514,0,0,0,0,0,0,0
637,0,0,0,0,0,0,197509,0,0,0,0,0,0,0
638,0,0,0,0,0,0,197545,0,0,0,0,0,0,0
639,0,0,0,0,0,0,197544,0,0,0,0,0,0,0
640,0,0,0,0,0,0,197526,0,0,0,0,0,0,0
641,0,0,0,0,0,0,197534,0,0,0,0,0,0,0
642,0,0,0,0,0,0,197516,0,0,0,0,0,0,0
643,0,0,0,0,0,0,197482,0,0,0,0,0,0,0
644,-0.66920084,-0.68751127,-0.14107418,0.6948239,0.6765135,0.77096635,200351,0,0,0,0,0,0,0
647,-3.219,-3.66589,-0.00646083,2.79506,3.66589,5.00311,189620,0,0,0,0,0,0,0
648,0,0,0,0,0,0,197304,0,0,0,0,0,0,0
649,0,0,0,0,0,0,110761,0,0,0,0,0,0,0
651,-0.572169,-0.661781,-0.00135278,0.572272,0.661781,0.486128,190341,0,0,0,0,0,0,0
652,-0.630672,-0.497764,-0.000194444,0.450042,0.454756,0.858531,190358,0,0,0,0,0,0,0
653,-2.00738,-2.06124,-0.879506,2.61059,2.06535,5.45543,190354,0,0,0,0,0,0,0
654,-1.073493,-1.5433308,-0.10206074,1.066727,1.6281513,4.111141,199129,0,0,0,0,0,0,0
655,-1.4456079,-1.585741,-0.27285004,1.446097,1.585741,3.1607327,199141,0,0,0,0,0,0,0
656,0,0,0,0,0,0,197542,0,0,0,0,0,0,0
657,0,0,0,0,0,0,197506,0,0,0,0,0,0,0
658,0,0,0,0,0,0,197550,0,0,0,0,0,0,0
659,0,0,0,0,0,0,197502,0,0,0,0,0,0,0
660,0,0,0,0,0,0,203214,0,0,0,0,0,0,0
661,-9.511743,-8.933359,-0.45251837,8.157933,9.364985,32.0486,189629,0,0,0,0,0,0,0
662,-2.0522861,-4.141926,-0.20349748,2.1191945,4.1321373,4.471335,190517,0,0,0,0,0,0,0
663,0,0,0,0,0,0,200798,0,0,0,0,0,0,0
664,-9.511743,-12.527173,-1.1678776,9.091699,9.364985,42.265064,189632,0,0,0,0,0,0,0
665,-0.24519706,-0.21401472,0.0039471523,0.2405216,0.20874941,1.1284157,199120,0,0,0,0,0,0,0
666,0,0,0,0,0,0,197475,0,0,0,0,0,0,0
667,-1.6504909,-2.0614634,-1.2428545,2.0180962,2.0614634,2.5855477,197395,0,0,0,0,0,0,0
668,-0.20042093,-0.64406693,-0.22232066,0.39894015,0.17525204,0.5739107,201000,0,0,0,0,0,0,0
669,-0.750917,-0.0455078,-0.148015,0.750917,0.0455078,0.148015,198656,0,0,0,0,0,0,0
670,-1.08727,-0.0635753,-0.241419,1.08727,0.0635753,0.242084,198657,0,0,0,0,0,0,0
671,-0.355581,-0.105737,-0.0997225,0.370847,0.105737,0.102243,198650,0,0,0,0,0,0,0
672,-0.27255827,-4.4133067,-1.4700705,0.27255827,4.4133067,7.222448,197007,0,0,0,0,0,0,0
673,0,0,0,0,0,0,198390,0,0,0,0,0,0,0
674,-1.5796337,-1.6806153,-1.0447017,1.7759218,1.6749402,0.012115357,201104,0,0,0,0,0,0,0
675,-1.5337261,-1.5528594,-0.00024147647,1.559119,1.7670437,3.0720592,190143,0,0,0,0,0,0,0
676,-1.5337262,-1.5528595,0.39627486,1.5591192,1.7670437,2.7243502,200937,0,0,0,0,0,0,0
677,-1.3689609,-1.2635595,-0.41565695,1.4620669,0.8927911,1.336629,219469,0,0,0,0,0,0,0
678,-3.6293328,-3.8657477,-1.4643377,3.993137,3.8686774,3.6214387,219493,0,0,0,0,0,0,0
679,0,0,0,0,0,0,198597,0,0,0,0,0,0,0
680,0,0,0,0,0,0,189119,0,0,0,0,0,0,0
681,-5.9796786,-0.72310406,2.0374484,2.990718,0.8822908,8.494501,198512,0,0,0,0,0,0,0
682,-0.4184439,-2.1499262,-0.0010878977,0.38922063,2.0993578,0.7748612,198011,0,0,0,0,0,0,0
683,-1.2707986,-1.5440637,-0.26266456,1.4500138,0.9680074,3.2981985,200825,0,0,0,0,0,0,0
684,-4.4677963,-4.628169,-0.64985037,4.670532,5.302937,9.208846,201370,0,0,0,0,0,0,0
685,-4.1532655,-4.256577,-1.2939378,4.1686387,4.138749,5.25195,201371,0,0,0,0,0,0,0
686,-0.496496,-1.7846216,-0.004428758,0.6982997,1.8427873,3.4198167,200485,0,0,0,0,0,0,0
687,-0.5912555,-1.8411299,-0.004428758,0.90318936,1.8652177,3.4198167,200502,0,0,0,0,0,0,0
688,-0.5156541,-1.7819108,-0.004428748,0.6921677,1.7656046,3.4198172,200455,0,0,0,0,0,0,0
689,-0.50519824,-1.7838374,-0.004428758,0.6895974,1.8435715,3.4198167,200490,0,0,0,0,0,0,0
690,-0.5873185,-1.8398914,-0.004428758,0.907126,1.8664562,3.4198167,200458,0,0,0,0,0,0,0
691,-0.49642554,-1.7796696,-0.004428758,0.6983703,1.8477393,3.4198167,200482,0,0,0,0,0,0,0
692,-0.5827776,-1.8488172,-0.004428758,0.6920624,1.8575304,3.4198167,200484,0,0,0,0,0,0,0
693,-0.57876045,-1.8386896,-0.004428826,0.9156844,1.8676586,3.4198172,200460,0,0,0,0,0,0,0
694,-0.5851273,-1.8304647,-0.004428857,0.90931714,1.8758837,3.4198172,200462,0,0,0,0,0,0,0
695,-0.58520603,-1.8532927,-0.004428758,0.68963426,1.8530549,3.4198167,200522,0,0,0,0,0,0,0
696,-0.571261,-0.7112696,0.0017656477,0.5467618,0.7941692,0.32466248,190015,0,0,0,0,0,0,0
697,-2.5342047,-2.6063092,-1.0140988,2.813423,2.4414074,2.252454,219449,0,0,0,0,0,0,0
698,-0.8686909,-0.9317304,-0.12648891,0.6927147,0.9582618,1.2193133,219462,0,0,0,0,0,0,0
699,-2.5342047,-2.6063092,-0.6302378,2.464946,2.4414074,2.4845085,219507,0,0,0,0,0,0,0
700,-2.8015862,-2.1320283,0.0027244855,2.0301814,2.0777993,2.0138974,219495,0,0,0,0,0,0,0
701,-2.5342047,-2.6063092,-0.7109183,2.464946,2.4414074,3.7823665,219468,0,0,0,0,0,0,0
702,-6.1526856,-4.0829926,-2.0222287,11.487057,10.03942,15.665195,189260,0,0,0,0,0,0,0
703,0,0,0,0,0,0,199208,0,0,0,0,0,0,0
707,0,0,0,0,0,0,199340,0,0,0,0,0,0,0
708,0,0,0,0,0,0,199271,0,0,0,0,0,0,0
709,0,0,0,0,0,0,199301,0,0,0,0,0,0,0
710,0,0,0,0,0,0,199303,0,0,0,0,0,0,0
711,0,0,0,0,0,0,199263,0,0,0,0,0,0,0
712,0,0,0,0,0,0,199335,0,0,0,0,0,0,0
713,0,0,0,0,0,0,199307,0,0,0,0,0,0,0
714,0,0,0,0,0,0,199317,0,0,0,0,0,0,0
715,0,0,0,0,0,0,199299,0,0,0,0,0,0,0
716,0,0,0,0,0,0,199273,0,0,0,0,0,0,0
717,0,0,0,0,0,0,199266,0,0,0,0,0,0,0
718,-5.9796786,-0.72310406,2.0374484,2.990718,0.8822908,8.494501,198486,0,0,0,0,0,0,0
719,-5.9796786,-0.72310406,2.0374484,2.990718,0.8822908,8.494501,198508,0,0,0,0,0,0,0
720,0,0,0,0,0,0,189886,0,0,0,0,0,0,0
721,0,0,0,0,0,0,189878,0,0,0,0,0,0,0
722,0,0,0,0,0,0,198488,0,0,0,0,0,0,0
723,0,0,0,0,0,0,189882,0,0,0,0,0,0,0
724,-5.9796786,-0.72310406,2.0374484,2.990718,0.8822908,8.494501,198500,0,0,0,0,0,0,0
725,-5.9796786,-0.72310406,2.0374484,2.990718,0.8822908,8.494501,198514,0,0,0,0,0,0,0
726,-5.9796786,-0.72310406,2.0374484,2.990718,0.8822908,8.494501,198504,0,0,0,0,0,0,0
727,0,0,0,0,0,0,189884,0,0,0,0,0,0,0
728,0,0,0,0,0,0,189883,0,0,0,0,0,0,0
729,0,0,0,0,0,0,189880,0,0,0,0,0,0,0
730,-1.4956644,-1.5538769,0,1.4956645,1.5469375,3.9820209,199197,0,0,0,0,0,0,0
731,-1.2050651,-1.9868643,-0.27028275,1.3775651,0.004468918,2.31497,200426,0,0,0,0,0,0,0
732,-1.5080684,-1.8454071,-0.23540327,1.5063653,2.047297,3.9820218,199196,0,0,0,0,0,0,0
733,0,0,0,0,0,0,200750,0,0,0,0,0,0,0
734,0,0,0,0,0,0,200738,0,0,0,0,0,0,0
735,0,0,0,0,0,0,200718,0,0,0,0,0,0,0
736,0,0,0,0,0,0,200680,0,0,0,0,0,0,0
737,0,0,0,0,0,0,200686,0,0,0,0,0,0,0
738,0,0,0,0,0,0,200702,0,0,0,0,0,0,0
739,0,0,0,0,0,0,200746,0,0,0,0,0,0,0
740,0,0,0,0,0,0,200678,0,0,0,0,0,0,0
741,0,0,0,0,0,0,200720,0,0,0,0,0,0,0
742,0,0,0,0,0,0,200690,0,0,0,0,0,0,0
743,0,0,0,0,0,0,200716,0,0,0,0,0,0,0
744,0,0,0,0,0,0,200736,0,0,0,0,0,0,0
745,0,0,0,0,0,0,200684,0,0,0,0,0,0,0
746,0,0,0,0,0,0,200740,0,0,0,0,0,0,0
747,0,0,0,0,0,0,200742,0,0,0,0,0,0,0
748,0,0,0,0,0,0,189097,0,0,0,0,0,0,0
749,0,0,0,0,0,0,201468,0,0,0,0,0,0,0
750,0,0,0,0,0,0,201469,0,0,0,0,0,0,0
752,0,0,0,0,0,0,189879,0,0,0,0,0,0,0
753,-8.173396,-9.471626,-1.2634135,7.755772,9.775643,12.308306,202301,0,0,0,0,0,0,0
754,-1.128306,-1.2206615,0.010726329,1.096025,1.0964973,0.60108185,200655,0,0,0,0,0,0,0
755,0.0043177386,-0.29755786,-0.0072385487,0.4931514,0.29755777,0.5180205,198616,0,0,0,0,0,0,0
757,0,0,0,0,0,0,198929,0,0,0,0,0,0,0
758,-0.33948925,-0.08611629,-0.04096746,0.30332828,0.09639195,0.12955767,199754,0,0,0,0,0,0,0
759,-1.0165116,-1.2206615,0.013967483,0.99020696,1.0964973,0.73206425,200925,0,0,0,0,0,0,0
760,-0.1589774,-0.278708,0.00033001808,0.15897681,0.27479616,3.3478885,202821,0,0,0,0,0,0,0
761,-1.3927029,-1.0536883,-0.08848853,1.1816435,1.1685339,2.485858,200943,0,0,0,0,0,0,0
767,-1.6948115,-1.960431,-3.8555467,1.4079057,1.4301172,3.7999911,219553,0,0,0,0,0,0,0
768,-2.7011557,-1.682699,-0.7601148,3.734109,1.7097628,0.91517717,201030,0,0,0,0,0,0,0
787,-0.35097566,-0.8372496,8.923392,0.07147173,1.8580312,14.737313,199687,0,0,0,0,0,0,0
807,-7.5730863,-7.9987464,-110.48825,4.4376016,7.9574814,0.85038835,197646,0,0,0,0,0,0,0
808,0,0,0,0,0,0,197647,0,0,0,0,0,0,0
827,0,0,0,0,0,0,197649,0,0,0,0,0,0,0
847,0,0,0,0,0,0,202369,0,0,0,0,0,0,0
848,0,0,0,0,0,0,202370,0,0,0,0,0,0,0
849,0,0,0,0,0,0,202371,0,0,0,0,0,0,0
850,0,0,0,0,0,0,202372,0,0,0,0,0,0,0
851,0,0,0,0,0,0,202373,0,0,0,0,0,0,0
852,0,0,0,0,0,0,197648,0,0,0,0,0,0,0
867,-1.6504909,-2.1840808,-1.0984817,2.0117698,2.1840808,3.1203127,199127,0,0,0,0,0,0,0
887,-11.910789,-10.845761,-0.6349998,10.4977,13.737214,14.308492,201355,0,0,0,0,0,0,0
888,-3.5600102,-1.8057925,-0.1734156,2.6795142,2.225923,3.4964356,201352,0,0,0,0,0,0,0
907,0,0,0,0,0,0,197002,0,0,0,0,0,0,0
908,-0.405933,-0.0573281,-0.146853,0.574728,0.0559494,0.281158,198648,0,0,0,0,0,0,0
927,-10.4146,-9.89336,-1.2267,10.4146,16.5176,18.9055,203259,0,0,0,0,0,0,0
928,-1.4065812,-1.119249,-0.016327335,1.5514143,0.99822533,0.50377905,203385,0,0,0,0,0,0,0
947,0,0,0,0,0,0,198926,0,0,0,0,0,0,0
948,0,0,0,0,0,0,198909,0,0,0,0,0,0,0
949,0,0,0,0,0,0,198903,0,0,0,0,0,0,0
950,0,0,0,0,0,0,198905,0,0,0,0,0,0,0
951,0,0,0,0,0,0,198900,0,0,0,0,0,0,0
952,0,0,0,0,0,0,198889,0,0,0,0,0,0,0
953,0,0,0,0,0,0,198920,0,0,0,0,0,0,0
954,0,0,0,0,0,0,198892,0,0,0,0,0,0,0
955,0,0,0,0,0,0,198928,0,0,0,0,0,0,0
956,0,0,0,0,0,0,198907,0,0,0,0,0,0,0
957,0,0,0,0,0,0,198922,0,0,0,0,0,0,0
958,0,0,0,0,0,0,198917,0,0,0,0,0,0,0
959,0,0,0,0,0,0,198899,0,0,0,0,0,0,0
960,0,0,0,0,0,0,198923,0,0,0,0,0,0,0
961,0,0,0,0,0,0,198914,0,0,0,0,0,0,0
962,0,0,0,0,0,0,198921,0,0,0,0,0,0,0
967,-7.360009,-7.0548944,-0.4025221,7.437205,8.070981,16.265985,203691,0,0,0,0,0,0,0
987,0,0,0,0,0,0,197139,0,0,0,0,0,0,0
988,0,0,0,0,0,0,197137,0,0,0,0,0,0,0
989,0,0,0,0,0,0,197140,0,0,0,0,0,0,0
990,0,0,0,0,0,0,197138,0,0,0,0,0,0,0
1007,0,0,0,0,0,0,199573,0,0,0,0,0,0,0
1008,0,0,0,0,0,0,199574,0,0,0,0,0,0,0
1009,0,0,0,0,0,0,199575,0,0,0,0,0,0,0
1010,0,0,0,0,0,0,199572,0,0,0,0,0,0,0
1027,-3.395276,-3.3979557,-0.11225539,3.4178414,3.1224701,14.12309,200024,0,0,0,0,0,0,0
1047,0,0,0,0,0,0,200816,0,0,0,0,0,0,0
1067,-0.08732388,-0.18759243,-0.29360303,1.3240057,0.19127029,0.29311693,198649,0,0,0,0,0,0,0
1087,-2.23866,-1.71152,-0.179835,1.23418,2.17711,3.09237,203732,0,0,0,0,0,0,0
1107,-0.9186817,-0.21707812,-0.016195,0.36318457,0.21514308,0.27235276,203177,0,0,0,0,0,0,0
1108,-1.68299,-0.648447,0.00298583,1.67983,0.661786,0.558539,198340,0,0,0,0,0,0,0
1109,-1.67706,-0.909217,0,1.69738,0.858461,1.66667,198339,0,0,0,0,0,0,0
1110,-18.630964,-9.001018,-0.7022749,5.965017,9.021569,21.579323,198331,0,0,0,0,0,0,0
1127,-0.321742,-0.448497,0.000336111,0.320725,0.454044,0.129496,198032,0,0,0,0,0,0,0
1128,-0.49593872,-0.13615322,0,0.21997418,0.2411441,0.1350223,198046,0,0,0,0,0,0,0
1147,-0.15897742,-0.278708,0.00013711525,0.15897697,0.27479616,1.3909793,202823,0,0,0,0,0,0,0
1167,-4.228253,-18.460691,-3.5594575,4.228253,18.411463,29.891323,197020,0,0,0,0,0,0,0
1187,-11.072165,-11.326437,-0.2896513,13.333529,12.020676,19.229212,189496,0,0,0,0,0,0,0
1188,-0.10943665,-0.11351258,0.00038296724,0.1034812,0.10429087,1.1835389,198275,0,0,0,0,0,0,0
1189,0,0,0,0,0,0,189498,0,0,0,0,0,0,0
1207,0,0,0,0,0,0,197819,0,0,0,0,0,0,0
1208,-0.4203307,-0.38057727,0.006433291,0.38062674,0.4433451,1.0770131,197640,0,0,0,0,0,0,0
1209,-0.46644762,-0.62549156,0.012153614,0.5178709,0.62549186,0.7583324,197641,0,0,0,0,0,0,0
1210,-0.41983706,-0.53258866,0.0038775073,0.4363431,0.458712,1.1349127,197642,0,0,0,0,0,0,0
1211,-0.5173721,-0.5275963,0.011785147,0.51324683,0.40461305,1.1851696,197643,0,0,0,0,0,0,0
1212,-0.5955928,-0.6111111,0,0.6266295,0.6111111,0.40940946,201070,0,0,0,0,0,0,0
1213,0.0018939442,-2.752372,3.4942906,0.044205416,2.7550728,9.211211,201067,0,0,0,0,0,0,0
1227,-0.68003476,-1.1938819,0.0050083543,0.6800351,1.1952848,3.3661788,197631,0,0,0,0,0,0,0
1247,-1.517941,-1.7573407,0.0015967799,1.519599,1.7501082,3.2811065,201014,0,0,0,0,0,0,0
1248,-0.6056658,-0.2583591,-0.0040334417,0.56573397,0.26025903,0.56309444,198389,0,0,0,0,0,0,0
1267,-1.2621146,-2.8249948,-1.6307058,0.6368902,1.5149602,2.7092476,201440,0,0,0,0,0,0,0
1268,-0.8553794,-0.92875344,-0.00024379102,0.87924397,0.93780214,1.5703541,199925,0,0,0,0,0,0,0
1287,0,0,0,0,0,0,2199319,0,0,0,0,0,0,0
1307,-1.2621146,-2.8249948,-1.6307058,0.6368902,1.5149602,2.7092476,201441,0,0,0,0,0,0,0
1308,-0.8553794,-0.92875344,-0.00024379102,0.87924397,0.93780214,1.5703541,199920,0,0,0,0,0,0,0
1309,-0.85537845,-0.92875385,-0.0004780687,0.8792452,0.9378019,3.076638,199905,0,0,0,0,0,0,0
1310,-0.85537845,-0.92875385,-0.0004780687,0.8792452,0.9378019,3.076638,199923,0,0,0,0,0,0,0
1311,-0.8553782,-0.9287537,-0.0018561264,0.87924504,0.93780166,11.945926,199922,0,0,0,0,0,0,0
1327,-3.4855E-07,-2.1184201,-0.93921643,0,2.1184201,4.7846403,197017,0,0,0,0,0,0,0
1347,-0.225528,-0.571722,-0.000741667,0.245702,0.571722,2.01393,219368,0,0,0,0,0,0,0
1367,0,0,0,0,0,0,2198569,0,0,0,0,0,0,0
1368,0,0,0,0,0,0,2198552,0,0,0,0,0,0,0
1369,-6.8824024,-69.96116,0.98971546,6.633139,0.89248085,23.346922,201133,0,0,0,0,0,0,0
1370,-0.67970073,-6.6674867,-0.0012951518,0.67951804,6.666237,20.138,197004,0,0,0,0,0,0,0
1387,-1.572124,-2.3920338,0.01753359,1.5233415,2.4161549,2.3498542,200953,0,0,0,0,0,0,0
1407,-0.2182242,-0.35133234,-0.010198114,0.21785782,0.29864705,0.4262016,199691,0,0,0,0,0,0,0
1408,-0.2182242,-0.35133234,-0.010198114,0.21785782,0.29864705,0.4262016,199693,0,0,0,0,0,0,0
1409,-0.2182242,-0.35133234,-0.010198114,0.21785782,0.29864705,0.4262016,199695,0,0,0,0,0,0,0
1410,-0.2182242,-0.35133234,-0.010198114,0.21785782,0.29864705,0.4262016,199697,0,0,0,0,0,0,0
1411,-0.2182242,-0.35133234,-0.010198114,0.21785782,0.29864705,0.4262016,199699,0,0,0,0,0,0,0
1427,-3.5451767,-1.757305,-0.058168616,1.5031697,2.8863797,2.8959095,203420,0,0,0,0,0,0,0
1447,-0.6564974,-0.8510136,-0.006526238,0.6526823,0.8500058,1.3149992,196990,0,0,0,0,0,0,0
1467,0,0,0,0,0,0,189287,0,0,0,0,0,0,0
1468,-0.56750244,0.7620414,1.153046,0.5675032,1.9928224,1.8184649,197472,0,0,0,0,0,0,0
1487,-0.776214,-1.83429,-0.187681,0.125665,2.30897,3.22911,189204,0,0,0,0,0,0,0
1507,-2.365931,-2.780409,-0.26488367,2.4787467,2.525328,6.797544,198962,0,0,0,0,0,0,0
1508,-1.2001629,-1.2393376,-5.767423,1.148542,1.4526463,23.873453,197344,0,0,0,0,0,0,0
1527,-0.47111776,-0.8711893,0.01564252,0.38976195,0.8711628,1.9441035,190929,0,0,0,0,0,0,0
1567,-1.6445931,-1.5116168,-0.37861565,1.5880595,1.3572291,2.4727023,200822,0,0,0,0,0,0,0
1568,-0.5451923,-1.165095,-0.004301935,0.54519224,1.165095,2.0970552,198749,0,0,0,0,0,0,0
1569,0,0,0,0,0,0,200394,0,0,0,0,0,0,0
1587,0,0,0,0,0,0,197700,0,0,0,0,0,0,0
1607,-2.4909577,-2.4827902,2.4334795,2.4756982,2.4660845,5.26693,201045,0,0,0,0,0,0,0
1627,-2.4909575,-2.4827898,-3.83589E-05,2.4756982,2.4660845,5.553348,201041,0,0,0,0,0,0,0
1647,0,0,0,0,0,0,201062,0,0,0,0,0,0,0
1667,-1.5242145,-1.7336725,0.7983825,1.3768185,1.0923463,9.453191,202443,0,0,0,0,0,0,0
1687,-1.4409288,-0.71444154,-0.37994128,1.2775376,1.7418972,8.647425,202445,0,0,0,0,0,0,0
1707,-1.517941,-1.7573407,0.0015967799,1.519599,1.7501082,3.2811065,201015,0,0,0,0,0,0,0
1708,-0.33604497,-0.2585787,-0.06938491,0.13633904,0.32894087,2.4730158,203636,0,0,0,0,0,0,0
1727,-0.8255482,-0.7373069,0,0.5283567,0.7382592,1.2983938,198004,0,0,0,0,0,0,0
1747,-0.0931183,-0.107524,0.0360939,0.0931183,0.107524,0.285019,198131,0,0,0,0,0,0,0
1767,-2.673906,-1.682699,-0.7601148,3.734109,1.7097628,0.91517717,201032,0,0,0,0,0,0,0
1787,-1.1280628,-1.1908313,0,1.4566476,1.4597607,3.1442482,200938,0,0,0,0,0,0,0
1807,-1.5242145,-1.7336725,0.7983825,1.3768185,1.0923463,9.453191,202447,0,0,0,0,0,0,0
1827,-0.5369119,-2.7715178,0.008549736,0.53691196,2.6568086,4.4402113,201029,0,0,0,0,0,0,0
1847,-1.6364,-1.44509,-0.109649,1.39709,1.47195,2.24373,203791,0,0,0,0,0,0,0
1867,-0.8328392,-0.8302478,-0.07549727,0.83045214,0.83304316,2.3677857,201375,0,0,0,0,0,0,0
1868,-0.9992965,-1.166229,0,1.4481716,1.1385977,2.1647193,197150,0,0,0,0,0,0,0
1869,-1.2892091,-1.237291,0,1.158259,1.0675359,2.1647193,197152,0,0,0,0,0,0,0
1887,-0.82212263,-1.0649716,-0.099211976,1.2536322,1.0520554,1.5971576,199880,0,0,0,0,0,0,0
1907,-0.51637346,-0.70172226,-0.0054919445,0.51666814,0.72075486,3.0801554,199999,0,0,0,0,0,0,0
1927,-8.7175,-7.03542,-0.279342,10.3488,7.96217,1.25527,189760,0,0,0,0,0,0,0
1928,-0.7599474,-0.79979163,0,0.7649644,0.80364347,0.8109486,199734,0,0,0,0,0,0,0
1947,-0.6996824,-0.69966173,-0.004969067,0.696292,0.6963153,2.3087895,199993,0,0,0,0,0,0,0
1948,-0.7670101,-0.7505341,0.0012070215,0.73572993,0.75169057,2.4904206,200004,0,0,0,0,0,0,0
1967,-2.130687,-3.5527744,-1.6242691,1.6301602,3.546582,5.4217105,200899,0,0,0,0,0,0,0
1987,-5.6224766,-5.4428186,-0.23100165,5.7193646,5.9974194,18.695826,201529,0,0,0,0,0,0,0
1988,-0.6903691,-0.7159268,0.0014387766,0.6782932,0.73391193,1.3565518,199102,0,0,0,0,0,0,0
2007,0,0,0,0,0,0,200897,0,0,0,0,0,0,0
2008,-0.7699453,-1.2413145,-0.09504519,0.7665722,1.2370348,3.3110213,200406,0,0,0,0,0,0,0
2027,0,0,0,0,0,0,197496,0,0,0,0,0,0,0
2029,-1.3010168,-1.7706623,-0.022418054,1.3010176,1.7706622,2.1055367,197681,0,0,0,0,0,0,0
2047,0,0,0,0,0,0,201026,0,0,0,0,0,0,0
2048,-4.906066,-4.9838257,-1.583311,5.005961,5.007709,16.236425,201267,0,0,0,0,0,0,0
2067,-0.16031876,-0.16177638,-0.013841061,0.14005741,0.18862417,3.0391116,200234,0,0,0,0,0,0,0
2087,0,0,0,0,0,0,197302,0,0,0,0,0,0,0
2088,0,0,0,0,0,0,197301,0,0,0,0,0,0,0
2089,-1.1312582,-1.0431333,-0.004329313,1.0309368,1.1523969,2.8756363,201018,0,0,0,0,0,0,0
2090,-0.41997448,-1.207156,-0.092451,0.9714279,1.3167483,1.6405752,201860,0,0,0,0,0,0,0
2091,-0.54780436,-1.0327048,-0.00023624673,0.9268746,0.85070163,1.5031936,201022,0,0,0,0,0,0,0
2092,0,0,0,0,0,0,203176,0,0,0,0,0,0,0
2107,-9.0353775,-8.749546,-0.042203374,8.876146,8.6851845,5.8992496,190153,0,0,0,0,0,0,0
2127,0,0,0,0,0,0,200941,0,0,0,0,0,0,0
2128,-0.8065456,-0.6674216,-0.018375745,0.74093276,0.63793814,2.1177921,200007,0,0,0,0,0,0,0
2129,-1.40257,-1.421,-0.0946906,2.05983,1.80029,1.94407,189527,0,0,0,0,0,0,0
2130,-0.274373,-0.261224,-0.0285203,0.218411,0.221486,0.668622,190573,0,0,0,0,0,0,0
2150,-0.25958613,-0.24658751,0,0.21134777,0.19969712,0.14776908,189770,0,0,0,0,0,0,0
2170,0,0,0,0,0,0,108149,0,0,0,0,0,0,0
2190,-0.4184943,-0.42018157,0.00010722482,0.42351812,0.4218308,2.1544604,199996,0,0,0,0,0,0,0
2210,0,0,0,0,0,0,202935,0,0,0,0,0,0,0
2230,0,0,0,0,0,0,200950,0,0,0,0,0,0,0
2231,-0.13817842,-0.28012893,0.16083495,0.13639419,0.27348897,0.6863156,190739,0,0,0,0,0,0,0
2232,-0.8553782,-0.9287537,-0.0018561264,0.87924504,0.93780166,11.945926,199909,0,0,0,0,0,0,0
2233,-0.85537827,-0.9287537,-0.0010548426,0.8792451,0.93780166,6.787457,199926,0,0,0,0,0,0,0
2234,-0.8553782,-0.9287537,-0.0018561264,0.87924504,0.93780166,11.945926,199917,0,0,0,0,0,0,0
2235,-0.32509694,-2.5522542,-1.0587896,1.4127815,2.739714,8.761511,202655,0,0,0,0,0,0,0
2251,-2.32065,-3.88625,-0.211666,3.34511,2.01691,4.59147,201354,0,0,0,0,0,0,0
2270,-0.1791877,-0.07928072,-0.07302183,0.11469661,0.13393109,0.47885916,197382,0,0,0,0,0,0,0
2290,-1.1229746,-4.744918,-4.5181427,0.31059656,4.742235,4.6959248,201136,0,0,0,0,0,0,0
2310,-0.41300118,-0.41436237,-0.042843957,0.32910374,0.43408236,0.8690266,219436,0,0,0,0,0,0,0
2311,-0.45655718,-0.4909419,-0.05468877,0.45298752,0.48909834,1.081114,219438,0,0,0,0,0,0,0
2312,-0.41300118,-0.41436237,-0.027635708,0.22704223,0.36506602,0.9532254,219452,0,0,0,0,0,0,0
2313,-0.7673723,-0.8235839,-0.056833677,0.8188239,0.81644183,0.93330353,219464,0,0,0,0,0,0,0
2314,-0.4808714,-0.5724581,-0.058989305,0.4861358,0.6849759,0.96871746,219483,0,0,0,0,0,0,0
2315,-0.34625378,-0.28592977,-0.03402126,0.30677232,0.335135,0.67560285,219496,0,0,0,0,0,0,0
2330,0,0,0,0,0,0,198927,0,0,0,0,0,0,0
2350,-0.5927456,-0.5477076,0.0041289018,0.6281148,0.68823767,0.883018,190013,0,0,0,0,0,0,0
2351,-0.91004235,-2.3009038,-0.18878627,0.8139372,2.7308154,7.833698,200259,0,0,0,0,0,0,0
2352,-4.0174375,-4.715319,-0.48373997,4.3971562,4.6319976,9.72788,197120,0,0,0,0,0,0,0
2353,-2.0830042,-2.730057,-1.652881,2.2558274,2.1920674,2.8866284,202136,0,0,0,0,0,0,0
2354,-2.5360768,-0.40215343,-5.497406,2.4402192,6.386,0.81801724,197719,0,0,0,0,0,0,0
2370,-0.28735194,-0.5850871,0.67131805,0.26688996,-0.11856494,1.1713736,190807,0,0,0,0,0,0,0
2371,-0.68960613,-0.6924113,-0.10188055,0.6932757,0.692802,1.7068633,203190,0,0,0,0,0,0,0
2372,0,0,0,0,0,0,201028,0,0,0,0,0,0,0
2373,-1.1528121,-1.4160323,0.0001133897,1.4145244,1.6128975,2.925687,201020,0,0,0,0,0,0,0
2374,-12.702361,-10.017869,-19.880106,8.302874,11.598187,0.9549211,203179,0,0,0,0,0,0,0
2375,-10.086661,-9.53137,-19.12784,11.787246,9.645426,1.5990787,203180,0,0,0,0,0,0,0
2390,0,0,0,0,0,0,189233,0,0,0,0,0,0,0
2410,0,0,0,0,0,0,113329,0,0,0,0,0,0,0
2430,-0.18418188,-1.9746263,-0.091417804,0.17459333,1.9746263,4.019262,199818,0,0,0,0,0,0,0
2450,-0.3217893,-0.40091762,-0.026523972,0.46837944,0.40144235,0.5876134,197063,0,0,0,0,0,0,0
2451,0,0,0,0,0,0,197003,0,0,0,0,0,0,0
2452,-0.23145114,-0.5607912,-0.0020108223,0.1951408,0.5598867,1.6887482,190635,0,0,0,0,0,0,0
2453,-0.21944445,-0.5083334,0,0.27792364,0.5083334,1.4075235,189532,0,0,0,0,0,0,0
2454,0,0,0,0,0,0,198191,0,0,0,0,0,0,0
2455,-1.17053,-0.0552683,-0.0624553,0.725939,0.0552686,0.0624561,198655,0,0,0,0,0,0,0
2470,0,0,0,0,0,0,203178,0,0,0,0,0,0,0
2471,-5.9884505,-12.512931,-11.366468,6.465383,14.038526,24.119162,199942,0,0,0,0,0,0,0
2472,-11.075714,-12.027972,-3.4408696,11.089715,12.155896,9.604686,199965,0,0,0,0,0,0,0
2473,-0.8948865,-0.9325444,-0.0021363276,0.94325966,0.94254893,11.945933,199913,0,0,0,0,0,0,0
2474,-15.880288,-13.789044,-1.2043931,13.183182,16.62968,26.438639,189337,0,0,0,0,0,0,0
2490,-1.1284143,-1.3082193,-0.001382264,1.2453966,1.3125472,1.5126761,203368,0,0,0,0,0,0,0
2491,-0.17163722,-0.7209606,-0.18859246,0.4391471,0.6429889,2.5975394,199473,0,0,0,0,0,0,0
2510,-8.10994,-9.47162,-1.26341,7.75577,9.77564,12.3083,189715,0,0,0,0,0,0,0
2530,-0.30139446,-0.1763139,-0.033139266,0.3410791,0.19415613,0.22705004,200910,0,0,0,0,0,0,0
2552,-0.3720249,-1.1838843,-0.19130531,0.04991742,1.1934286,6.3372645,199056,0,0,0,0,0,0,0
2570,-1.25599,-1.2774028,-0.045326415,1.2708821,1.2494694,0.7416606,200934,0,0,0,0,0,0,0
2571,-2.2456806,-2.5040812,-2.9503205,1.0192994,2.0585468,3.6097102,189103,0,0,0,0,0,0,0
2572,0,0,0,0,0,0,200402,0,0,0,0,0,0,0
2590,-0.76907575,-1.0506436,-0.10184509,0.8311655,0.7003924,2.2335083,190205,0,0,0,0,0,0,0
2591,-0.83704007,-0.49141037,-0.01952258,1.0256616,1.0916622,1.1970834,190202,0,0,0,0,0,0,0
2592,-1.0373256,-1.7535521,-0.11145792,1.4046743,1.4057537,2.862209,190810,0,0,0,0,0,0,0
2610,-0.6142593,-0.3217619,-0.03516057,0.8942707,0.5872418,0.5542391,197145,0,0,0,0,0,0,0
2611,-0.5661159,-0.5368813,-0.0234038,0.8935018,0.47190815,0.44644785,197146,0,0,0,0,0,0,0
2612,-0.42404157,-0.21187094,-0.05348594,0.9023428,0.7020604,0.4801027,197147,0,0,0,0,0,0,0
2613,-0.17863473,-0.54625636,-0.14080088,0.93597645,0.5643194,0.5671877,197148,0,0,0,0,0,0,0
2614,-1.0771581,-1.053743,-0.008396138,0.7765453,0.8859302,0.28951955,200137,0,0,0,0,0,0,0
2615,-1.7831372,-2.3806205,-0.018756177,1.7680407,2.3746018,3.238025,190363,0,0,0,0,0,0,0
2616,-2.6878438,-2.7563972,-0.06376055,2.7284884,3.5099366,13.031969,219250,0,0,0,0,0,0,0
2630,-0.39906037,-0.09742371,-0.00018617153,0.43295947,0.0953941,0.13042714,199706,0,0,0,0,0,0,0
2650,-1.5242143,-1.7286497,0.7983819,1.3768189,1.0973691,9.453191,201271,0,0,0,0,0,0,0
2651,-0.3553756,-0.68537956,-0.065653,0.2929584,0.686516,1.7005689,201273,0,0,0,0,0,0,0
2652,-0.33925906,-0.7041853,-0.065653,0.30907494,0.6677101,1.9508616,201275,0,0,0,0,0,0,0
2653,-0.31890082,-0.6624455,-0.065653,0.32943317,0.70944995,1.7005689,201276,0,0,0,0,0,0,0
2654,-0.29062694,-0.64742535,-0.065653,0.35770702,0.7244701,1.9508616,201277,0,0,0,0,0,0,0
2670,-1.7447678,-1.7568766,0.057077847,1.744766,1.7568766,0.34840602,197124,0,0,0,0,0,0,0
2671,-1.7238194,-1.7559544,0.054398514,1.7921906,1.7559544,0.34572664,197126,0,0,0,0,0,0,0
2672,-1.8282386,-1.755968,0.05777704,1.6877714,1.7559816,0.3621526,197127,0,0,0,0,0,0,0
2673,-1.737064,-1.7559544,0.06430073,1.774882,1.7559544,0.35562894,197128,0,0,0,0,0,0,0
2690,-0.473041,-1.2017932,0.008693059,0.55254066,1.2379042,2.3044999,200010,0,0,0,0,0,0,0
2710,-0.3321768,-0.48712817,0.16863774,0.29100809,0.45854875,2.0278187,201125,0,0,0,0,0,0,0
2730,0,0,0,0,0,0,189126,0,0,0,0,0,0,0
2750,0,0,0,0,0,0,203075,0,0,0,0,0,0,0
2751,0,0,0,0,0,0,203076,0,0,0,0,0,0,0
2752,0,0,0,0,0,0,203086,0,0,0,0,0,0,0
2753,-0.25714025,-0.39247623,-0.026480356,0.50366396,3.9435928,5.721899,203074,0,0,0,0,0,0,0
2770,-0.26539943,-0.9689613,-0.40693638,0.2570643,0.9671683,1.5977458,201054,0,0,0,0,0,0,0
2771,-1.777849,-1.7559679,0.057868317,1.7340988,1.7559544,0.36206135,197129,0,0,0,0,0,0,0
2772,-1.7967393,-1.7615831,0.06430073,1.7151676,1.761556,0.35562894,197130,0,0,0,0,0,0,0
2773,-1.7534434,-1.7615831,0.12617125,1.7584635,1.7615831,0.41749975,197131,0,0,0,0,0,0,0
2790,-8.002812,-30.106602,0.034410264,26.808495,29.721167,34.866238,203077,0,0,0,0,0,0,0
2810,0,0,0,0,0,0,197210,0,0,0,0,0,0,0
2830,-1.488044,-0.63976353,-0.08540685,1.2386777,0.7600419,0.43185726,199680,0,0,0,0,0,0,0
2850,-0.1167125,-1.1824995,-1.4289038,0.09433816,1.1825274,1.4288982,197935,0,0,0,0,0,0,0
2851,0,0,0,0,0,0,203082,0,0,0,0,0,0,0
2852,0,0,0,0,0,0,203078,0,0,0,0,0,0,0
2853,0,0,0,0,0,0,203083,0,0,0,0,0,0,0
2854,0,0,0,0,0,0,203084,0,0,0,0,0,0,0
2870,-0.18464428,-0.7209606,-0.035740186,0.42614004,0.6429889,1.4151406,199477,0,0,0,0,0,0,0
2890,-0.28028178,-0.2830395,-0.042973716,0.280684,0.44914442,0.49340138,199746,0,0,0,0,0,0,0
2891,-0.28562367,-0.3928586,0.015234856,0.42180273,0.32724696,0.74458534,198069,0,0,0,0,0,0,0
2911,-1.3310757,-0.8035903,-0.06807286,1.3299278,1.7308095,2.8382328,197768,0,0,0,0,0,0,0
2931,0,0,0,0,0,0,203025,0,0,0,0,0,0,0
2932,0,0,0,0,0,0,203024,0,0,0,0,0,0,0
2933,-2.005086,-1.9322709,-0.7029886,0.36690164,2.3661776,18.861765,201581,0,0,0,0,0,0,0
2934,-12.138288,-11.171863,-0.25553194,8.814719,12.673195,29.936802,198824,0,0,0,0,0,0,0
2935,-4.178234,-3.4096417,-0.2071888,3.2712708,3.884833,25.583424,198809,0,0,0,0,0,0,0
2936,-2.6776865,-4.010711,-0.14119631,4.45989,3.4729652,18.5516,198810,0,0,0,0,0,0,0
2937,-2.870815,-1.739557,-0.11717902,2.8394024,1.7545303,5.854148,198837,0,0,0,0,0,0,0
2951,-0.63956046,-0.73763525,-0.0041588116,0.4111737,0.56046635,0.7555599,198344,0,0,0,0,0,0,0
2971,-0.11958013,-0.7449873,-0.07631877,0.42901412,0.7837204,1.9131671,202748,0,0,0,0,0,0,0
2972,-0.11958013,-0.7449873,-0.07631877,0.42901412,0.7837204,1.9131671,202750,0,0,0,0,0,0,0
2973,-0.11958013,-0.7449873,-0.07631877,0.42901412,0.7837204,1.9131671,202752,0,0,0,0,0,0,0
2974,-0.11958013,-0.7449873,-0.07631877,0.42901412,0.7837204,1.9131671,202754,0,0,0,0,0,0,0
2975,-0.94942963,-0.744393,-0.048578843,0.77309775,0.6739426,2.132607,202749,0,0,0,0,0,0,0
2976,-0.94942963,-0.744393,-0.048578843,0.77309775,0.6739426,2.132607,202751,0,0,0,0,0,0,0
2977,-0.94942963,-0.744393,-0.048578843,0.77309775,0.6739426,2.132607,202753,0,0,0,0,0,0,0
2978,-0.94942963,-0.744393,-0.048578843,0.77309775,0.6739426,2.132607,202755,0,0,0,0,0,0,0
2991,-1.4081156,-1.6136079,-0.63973886,1.601437,1.1773665,2.1899717,199220,0,0,0,0,0,0,0
3011,-0.006531543,-0.2361495,0.00038282076,0.08341848,0.23607273,0.47260508,199981,0,0,0,0,0,0,0
3012,-0.73625505,-0.6521403,-0.049831387,0.68667376,0.6573735,1.1320794,189806,0,0,0,0,0,0,0
3013,-0.85537827,-0.9287537,-0.0010548426,0.8792451,0.93780166,6.787457,199912,0,0,0,0,0,0,0
3014,-0.9862464,-1.0700946,-0.054033473,0.91173255,1.0895163,2.0292125,203020,0,0,0,0,0,0,0
3015,0,0,0,0,0,0,116317,0,0,0,0,0,0,0
3031,0,0,0,0,0,0,116342,0,0,0,0,0,0,0
3051,-2.4539835,-2.3756664,-0.16163762,2.7204976,3.2331524,3.027269,203643,0,0,0,0,0,0,0
3052,-4.5656233,-3.6643956,-0.049259707,3.1792538,3.842788,4.9762583,219266,0,0,0,0,0,0,0
3053,-0.23772182,-1.1883334,-0.12041423,0.31703866,1.1833832,2.1686356,199475,0,0,0,0,0,0,0
3071,-0.5,-0.48420578,-3.4054935E-07,0.5,0.42008346,1.4848611,201008,0,0,0,0,0,0,0
3072,-0.5,-0.48420578,-3.4054935E-07,0.5,0.42008346,0.5125354,200981,0,0,0,0,0,0,0
3073,-0.5,-0.48420578,-3.4054935E-07,0.5,0.42008346,0.63672286,201009,0,0,0,0,0,0,0
3074,-0.5,-0.48420584,-8.8320564E-07,0.5,0.42008346,0.51253456,201049,0,0,0,0,0,0,0
3075,0,0,0,0,0,0,203028,0,0,0,0,0,0,0
3076,0,0,0,0,0,0,203029,0,0,0,0,0,0,0
3077,0,0,0,0,0,0,203030,0,0,0,0,0,0,0
3078,0,0,0,0,0,0,203031,0,0,0,0,0,0,0
3079,-0.11033162,-0.3461863,1.5622197,0.63957673,0.40133205,3.1964343,198989,0,0,0,0,0,0,0
3080,-2.6245124,-2.7088447,-0.22183189,3.9625986,2.8326561,13.230279,202759,0,0,0,0,0,0,0
3081,-0.45282337,-0.37902036,-0.10855359,0.5011574,0.21218763,3.2524738,189180,0,0,0,0,0,0,0
3091,-0.102954,-0.217831,-0.00345361,0.129831,0.109506,0.321478,198366,0,0,0,0,0,0,0
3111,0,0,0,0,0,0,0,0,0,0,0,0,0,0
3131,-0.28811607,-1.0494937,8.8744696E-07,0.29095426,1.0429188,3.5221913,199803,0,0,0,0,0,0,0
3151,-0.168461,-0.186739,-0.0105011,0.0770058,0.138785,0.272041,198360,0,0,0,0,0,0,0
3152,-4.7092395,-1.6482949,-0.09074697,1.1191069,3.8689737,5.4733706,200862,0,0,0,0,0,0,0
3171,-1.0554026,-1.5809618,0,1.0431668,1.2485479,3.0965188,189538,0,0,0,0,0,0,0
3191,-10.294319,-8.413383,-1.0178484,24.42405,13.501988,6.0047135,202781,0,0,0,0,0,0,0
3211,-9.12087,-10.4135,-0.980278,8.60433,8.5971,6.99946,189716,0,0,0,0,0,0,0
3212,-12.0728,-9.76009,-20.2871,12.2277,8.64252,19.6248,189718,0,0,0,0,0,0,0
3231,-0.4130012,-0.41436237,-0.042844005,0.36131203,0.43408236,0.86902666,201873,0,0,0,0,0,0,0
3232,-0.4130012,-0.41436237,-0.042844005,0.36131203,0.43408236,0.86902666,201872,0,0,0,0,0,0,0
3251,-0.4676555,-0.45119238,-0.19080363,0.34936053,0.47555918,1.0791718,201871,0,0,0,0,0,0,0
3252,-0.4676555,-0.45119238,-0.19080363,0.34936053,0.47555918,1.0791718,201870,0,0,0,0,0,0,0
3253,-0.81350595,-0.7589044,-0.038535126,0.708083,0.7572738,0.8699997,201877,0,0,0,0,0,0,0
3254,-0.81350595,-0.7589044,-0.038535126,0.708083,0.7572738,0.8699997,201876,0,0,0,0,0,0,0
3255,-1.167441,-0.47100598,-0.05783758,0.4515667,0.5392225,1.0647862,201874,0,0,0,0,0,0,0
3256,-1.167441,-0.47100598,-0.05360934,0.45156676,0.5392225,1.0647862,201875,0,0,0,0,0,0,0
3271,-5.9884505,-12.512931,-2.2888727,6.465384,10.779674,24.119162,199941,0,0,0,0,0,0,0
3272,-5.0615764,-5.060815,2.6357126,5.0626817,5.0634437,20.4106,219226,0,0,0,0,0,0,0
3291,-0.16894972,-0.51424915,-0.0233177,0.19841409,0.52997905,1.5443823,198493,0,0,0,0,0,0,0
3311,0,0,0,0,0,0,203010,0,0,0,0,0,0,0
3331,-1.0673794,-1.1755543,-0.28820345,1.251334,1.3955421,2.9025671,203765,0,0,0,0,0,0,0
3332,-1.3942124,-1.3935417,-0.019620463,1.3835654,1.3842361,4.810676,190617,0,0,0,0,0,0,0
3351,0,0,0,0,0,0,203012,0,0,0,0,0,0,0
3371,-0.7334367,-1.3179879,-0.12772079,1.0571591,1.3201042,2.5575826,197579,0,0,0,0,0,0,0
3372,-1.07827,-1.11352,-0.00459222,1.08344,1.1125,0.905947,197565,0,0,0,0,0,0,0
3391,-0.46844932,-1.4851872,-0.6067112,0.19939384,1.5221488,2.12972,203050,0,0,0,0,0,0,0
3411,-1.69448,-1.6908139,-0.07855835,1.6967924,1.7004583,1.2009832,203018,0,0,0,0,0,0,0
3412,0.0008908179,-0.2361495,0.00038282076,0.08247323,0.23607273,0.47260508,199985,0,0,0,0,0,0,0
3413,-0.520096,-0.5216648,0.055587396,0.5018499,0.49677998,0.7444251,203016,0,0,0,0,0,0,0
3431,-0.75569975,-0.8432088,-0.39733005,0.9383519,1.5327202,2.158919,202483,0,0,0,0,0,0,0
3451,-0.8303045,-0.5656629,-0.11833305,1.0330607,0.35528368,2.6280882,201766,0,0,0,0,0,0,0
3452,-0.30625513,-0.5689616,-0.44014147,-0.20330916,0.56433094,-0.09406842,203051,0,0,0,0,0,0,0
3471,0,0,0,0,0,0,198002,0,0,0,0,0,0,0
3491,0,0,0,0,0,0,219399,0,0,0,0,0,0,0
3492,0,0,0,0,0,0,202324,0,0,0,0,0,0,0
3511,-0.45834017,-0.4296517,-0.0045018513,0.4606907,0.44310516,0.4292615,203112,0,0,0,0,0,0,0
3512,-10.294319,-8.413383,-1.0178484,24.42405,13.501988,6.061335,201573,0,0,0,0,0,0,0
3531,0,0,0,0,0,0,113251,0,0,0,0,0,0,0
3532,-9.355678,-18.198206,-1.1726867,9.509603,22.149334,9.776616,190548,0,0,0,0,0,0,0
3533,-10.517484,-18.198206,-1.1726863,11.470901,24.661926,12.081112,201568,0,0,0,0,0,0,0
3534,0,0,0,0,0,0,113249,0,0,0,0,0,0,0
3551,-0.899914,-0.982167,0.000577778,0.899914,0.988567,2.25058,200357,0,0,0,0,0,0,0
3552,-0.434742,-0.776942,0.0238514,0.825253,0.763053,2.26385,200358,0,0,0,0,0,0,0
3553,-0.896817,-0.922833,0.00423667,0.882928,0.922833,1.58624,200359,0,0,0,0,0,0,0
3554,-0.591942,-0.606667,0.00395111,0.578053,0.606667,2.60395,200360,0,0,0,0,0,0,0
3571,-0.40658987,-0.40010965,-0.011252482,0.40872243,0.4152027,0.5367141,203217,0,0,0,0,0,0,0
3572,-0.34618554,-0.3593386,-0.013186865,0.37012455,0.35697156,0.30516133,203218,0,0,0,0,0,0,0
3591,-1.7447678,-1.7568766,0.057077847,1.744766,1.7568766,0.34840602,197125,0,0,0,0,0,0,0
3611,0.00033787556,-0.6684715,0.0024807188,0.00033827955,0.68678916,197.94975,199930,0,0,0,0,0,0,0
3612,-0.85537845,-0.92875385,-0.0004780687,0.8792452,0.9378019,3.076638,199910,0,0,0,0,0,0,0
3613,-2.1176388,-1.6488037,0,2.1176388,1.6615628,3.840243,200401,0,0,0,0,0,0,0
3614,0,0,0,0,0,0,204004,0,0,0,0,0,0,0
3631,0,0,0,0,0,0,203989,0,0,0,0,0,0,0
3632,0,0,0,0,0,0,204005,0,0,0,0,0,0,0
3651,-0.39911407,-0.09901114,0.00055952725,0.43290576,0.09380666,0.13117284,199704,0,0,0,0,0,0,0
3671,0,0,0,0,0,0,204062,0,0,0,0,0,0,0
3672,0,0,0,0,0,0,204063,0,0,0,0,0,0,0
3673,0,0,0,0,0,0,204061,0,0,0,0,0,0,0
3674,0,0,0,0,0,0,0,0,0,0,0,0,0,0
3675,-0.37689948,-0.27944818,-0.049716536,0.15496707,0.5735019,0.8192132,199028,0,0,0,0,0,0,0
3676,-3.0349324,-1.394737,-0.2094152,7.2257648,1.5346804,5.835671,201562,0,0,0,0,0,0,0
3677,-2.0621703,-2.3462083,-0.10419021,5.349003,1.9050162,3.8762796,197394,0,0,0,0,0,0,0
3678,-3.7163975,-2.2834437,-0.1299483,5.4047537,2.7468197,2.4444637,190657,0,0,0,0,0,0,0
3691,-0.44053134,-0.61297256,-0.21855189,0.5917707,0.7266473,2.055075,202141,0,0,0,0,0,0,0
3692,-2.2716901,-1.275264,-0.17056955,1.4061636,1.7530944,4.486586,202143,0,0,0,0,0,0,0
3693,-0.2866816,-1.2106075,0.28233445,0.14369138,1.2893925,2.7823346,203022,0,0,0,0,0,0,0
3711,-2.5424428,-2.7249126,-0.198468,2.294417,2.7031817,10.0442,189218,0,0,0,0,0,0,0
3712,0.002418189,-1.476607,-0.56440395,0.0024185823,1.3011708,2.213374,199957,0,0,0,0,0,0,0
3731,-0.30139446,-0.2432234,-0.033139266,0.3410791,0.2011996,0.20615628,200922,0,0,0,0,0,0,0
3732,0,0,0,0,0,0,0,0,0,0,0,0,0,0
3751,0,0,0,0,0,0,203087,0,0,0,0,0,0,0
3771,0,0,0,0,0,0,197825,0,0,0,0,0,0,0
3791,-0.8907494,-1.0460838,-0.022526054,1.2470565,0.8523475,1.3146049,199103,0,0,0,0,0,0,0
3811,0,0,0,0,0,0,197827,0,0,0,0,0,0,0
3812,0,0,0,0,0,0,202106,0,0,0,0,0,0,0
3813,-3.1368892,-2.6956928,-0.3969146,2.3344836,2.6681335,9.228931,202109,0,0,0,0,0,0,0
3831,0,0,0,0,0,0,197751,0,0,0,0,0,0,0
3851,-0.38736716,-0.41625082,-0.096188284,0.3067949,0.43139905,0.5323924,202737,0,0,0,0,0,0,0
3871,-0.30139446,-0.1763139,-0.033139266,0.3410791,0.19415613,0.22705004,200914,0,0,0,0,0,0,0
3891,-0.44032422,-0.6469285,-0.05994155,0.8417823,0.7048146,1.5244081,200967,0,0,0,0,0,0,0
3911,-0.22498223,-0.2509798,-0.2431568,0.6631223,0.4098455,2.1280606,203114,0,0,0,0,0,0,0
3912,0,0,0,0,0,0,202104,0,0,0,0,0,0,0
3931,0,0,0,0,0,0,197018,0,0,0,0,0,0,0
3951,-2.2456806,-2.5040812,-2.9503205,1.0192994,2.0585468,3.6097102,219566,0,0,0,0,0,0,0
3952,-2.2456808,-3.3530736,-3.9976447,1.6935315,2.9157748,5.426408,219550,0,0,0,0,0,0,0
3971,-1.1585795,-1.122559,-0.046104338,1.1585795,1.1137606,0.7240823,198064,0,0,0,0,0,0,0
3972,-0.013888889,-0.013888889,0.00013888889,0.013888889,0.013888889,0.027916666,201118,0,0,0,0,0,0,0
3991,-2.6290817,-3.1889384,-1.1224028,2.9095085,3.6253064,-0.26414368,191347,0,0,0,0,0,0,0
3992,-2.1757622,-1.7135845,-1.4276273,1.7918382,1.5530944,1.9502617,203777,0,0,0,0,0,0,0
3993,-0.8553794,-0.92875344,-0.00024379102,0.87924397,0.93780214,1.5703541,199911,0,0,0,0,0,0,0
4011,-0.11423967,-2.1918204,-0.054865558,2.572755,2.968586,6.446829,197836,0,0,0,0,0,0,0
4031,-0.67900103,-1.2101796,0.0050083543,0.6810685,1.2101806,3.3661788,197626,0,0,0,0,0,0,0
4032,-0.221183,-0.308033,0.000336111,0.205028,0.312911,0.129496,198043,0,0,0,0,0,0,0
4033,-1.4844332,-1.4912727,-0.1480214,1.3687927,1.6122086,3.2720206,201768,0,0,0,0,0,0,0
4051,-0.7602555,-0.7242055,-0.05794015,1.0196122,0.86029005,1.7145592,200973,0,0,0,0,0,0,0
4052,0,0,0,0,0,0,200891,0,0,0,0,0,0,0
4053,0,0,0,0,0,0,0,0,0,0,0,0,0,0
4054,0,0,0,0,0,0,0,0,0,0,0,0,0,0
4055,-3.796917,-3.4587123,-0.013493874,2.1596096,3.1704273,3.2246962,219267,0,0,0,0,0,0,0
4071,-0.0931183,-0.107524,0.0360939,0.0931183,0.107524,0.285019,198130,0,0,0,0,0,0,0
4072,-0.1701935,-0.5130397,0.0006809335,0.16278692,0.5065695,0.71723825,198626,0,0,0,0,0,0,0
4073,-0.23962569,-1.1961409,-0.009874908,0.21219203,0.98656213,1.2662313,198630,0,0,0,0,0,0,0
4074,0,0,0,0,0,0,197864,0,0,0,0,0,0,0
4075,-0.35233122,-0.9835561,-0.07503,0.2541293,0.25644362,0.53516984,202738,0,0,0,0,0,0,0
4076,-1.1284143,-1.3082193,-0.017842323,1.2453966,1.3125473,1.512676,203006,0,0,0,0,0,0,0
4091,0,0,0,0,0,0,197657,0,0,0,0,0,0,0
4092,-1.5663631,-2.2671347,-1.6696163,0.4956436,2.274689,7.598959,203720,0,0,0,0,0,0,0
4093,-1.0632874,-0.93760395,-0.10516037,1.1197321,0.84240514,0.27687857,199671,0,0,0,0,0,0,0
4094,-0.18560736,-0.38219512,-0.0777007,0.17459333,0.38219512,2.4491496,199815,0,0,0,0,0,0,0
4095,-0.97160923,-0.23788042,-0.20007378,1.3172357,0.18058409,2.5189419,199037,0,0,0,0,0,0,0
4111,-0.8686909,-0.9317304,-0.12648891,0.6927147,0.9582618,1.2193133,204103,0,0,0,0,0,0,0
4112,-0.8686909,-0.9317304,-0.12648891,0.6927147,0.9582618,1.2193133,204101,0,0,0,0,0,0,0
4131,-0.19244885,-0.39410543,1.0471131,0.42035857,0.351775,1.8779708,198178,0,0,0,0,0,0,0
4132,-0.34476778,-33.182,-33.807617,22.492844,32.96473,33.662025,202399,0,0,0,0,0,0,0
4133,0,0,0,0,0,0,202400,0,0,0,0,0,0,0
4134,0,0,0,0,0,0,202401,0,0,0,0,0,0,0
4135,-0.30139446,-0.16814485,-0.033139266,0.3410791,0.19891524,0.9784495,200918,0,0,0,0,0,0,0
4136,-0.56425077,-0.5168036,0.0014944077,0.45635372,0.5098472,0.3623326,199397,0,0,0,0,0,0,0
4151,-1.0251422,-1.1928372,-0.27648535,1.0251412,1.1928368,4.5647993,203737,0,0,0,0,0,0,0
4152,-0.11840178,-0.12108424,0,0.12145737,0.11877491,0.56408775,199809,0,0,0,0,0,0,0
4153,-3.93121,-1.35193,-0.19593,3.40973,3.10238,3.83795,201475,0,0,0,0,0,0,0
4154,-1.1280628,-2.550021,0,1.4566483,2.7726302,3.5632286,200939,0,0,0,0,0,0,0
4155,-1.94999,-4.14144,-0.164741,3.79533,5.33055,1.65833,201476,0,0,0,0,0,0,0
4171,0,-1.9389473,-0.0360675,0.11839112,1.9389473,6.427564,197971,0,0,0,0,0,0,0
4172,-0.68723756,-0.63935584,-0.0012788777,0.801483,0.5515626,0.65600187,189680,0,0,0,0,0,0,0
4173,-0.169425,-0.153346,-0.0594225,0.311892,0.210852,0.345889,190439,0,0,0,0,0,0,0
4174,-0.24992347,-0.30587834,-0.22906712,0.17250033,0.11058679,1.3037078,189689,0,0,0,0,0,0,0
4175,-0.14128375,-0.08775621,-0.15871556,0.005998689,0.41679657,0.98381066,189687,0,0,0,0,0,0,0
4176,-2.4811952,-3.170623,-0.012653728,2.55174,3.3219235,4.444065,201127,0,0,0,0,0,0,0
4177,-0.900394,-0.93807346,-0.045098167,0.8990161,0.93692654,1.5635369,198084,0,0,0,0,0,0,0
4191,-0.35790345,-0.45033646,0.012928718,0.34821525,0.45863348,0.44150785,191107,0,0,0,0,0,0,0
4192,-0.513923,-0.60099673,-0.011928179,0.5599044,0.60084337,1.0320256,196987,0,0,0,0,0,0,0
4211,-2.3025565,-2.5224597,-0.043016646,2.452279,2.72767,0.91602886,203722,2966,0,0,0,0,0,0
4231,-0.16150628,-0.3251544,-0.016741091,0.3595856,0.16104892,1.1327118,203711,0,0,0,0,0,0,0
4232,-0.2932033,-0.454566,-0.12084407,0.48018375,0.11868753,1.1327118,203712,0,0,0,0,0,0,0
4233,-0.32096148,-0.3251544,-0.12084409,0.4371483,0.3045169,1.1327118,203713,0,0,0,0,0,0,0
4234,-0.39953706,-0.5167285,-0.10637033,0.70606077,0.35310072,1.1327118,203714,0,0,0,0,0,0,0
4251,0,0,0,0,0,0,204056,0,0,0,0,0,0,0
4271,-19.274857,-19.237381,-0.080336995,2.7264295,19.248257,7.081472,191217,0,0,0,0,0,0,0
4291,-0.89883393,-1.8143182,-0.004962799,1.1953605,1.7765051,1.1102113,202828,0,0,0,0,0,0,0
4311,-0.255931,-0.338317,-0.0278292,0.333556,0.342361,0.312744,189749,0,0,0,0,0,0,0
4312,-0.224333,-0.219178,-0.0392389,0.257521,0.205486,0.397128,189750,0,0,0,0,0,0,0
4313,-0.16853192,-0.25380817,0,0.18264672,0.5796022,2.2855873,189666,0,0,0,0,0,0,0
4314,-0.49348646,-0.5573159,0,0.7743215,0.7256257,2.1593812,189670,0,0,0,0,0,0,0
4315,-8.109946,-9.471626,-1.2634135,7.755772,9.775643,12.308307,190623,0,0,0,0,0,0,0
4316,-9.120873,-10.413507,-0.98028016,8.604332,8.597102,6.999465,190624,0,0,0,0,0,0,0
4317,0,0,0,0,0,0,0,0,0,0,0,0,0,0
4318,-1.2910184,-4.8620186,-0.069795825,0.6742807,5.027233,4.0848527,219303,0,0,0,0,0,0,0
4319,-20.667414,-23.198881,4.6121774,24.522676,23.755701,34.91624,219276,0,0,0,0,0,0,0
4320,-11.052345,-8.171161,-0.33227682,8.491087,9.639165,14.826695,202770,0,0,0,0,0,0,0
4321,-0.13716361,-0.34277794,-0.014371823,0.10424326,0.35447052,0.16792719,189086,0,0,0,0,0,0,0
4331,-19.274858,-19.230717,-1.1185822,11.473662,19.248257,7.136119,203749,0,0,0,0,0,0,0
4332,-0.51637346,-0.5149711,-0.0054919505,0.5166682,0.86018103,3.0845501,204011,0,0,0,0,0,0,0
4351,0,0,0,0,0,0,199203,0,0,0,0,0,0,0
4352,0,0,0,0,0,0,199354,0,0,0,0,0,0,0
4371,-0.32687557,-0.75110334,-2.1500149,0.28937754,0.7701839,3.1087015,191094,0,0,0,0,0,0,0
4391,-0.96319497,-1.6223987,0,0.9815044,1.7385556,2.4529274,200767,0,0,0,0,0,0,0
4392,-5.7585845,-4.008201,-6.1288447,5.7487164,4.142234,-1.3234726,202327,0,0,0,0,0,0,0
4393,0,-1.5172714,0.22445022,0,1.5172713,3.5990558,197042,0,0,0,0,0,0,0
4394,0,-1.5172714,0.22445022,0,1.5172713,3.5990558,197044,0,0,0,0,0,0,0
4395,0,-1.5172714,0.22445022,0,1.5172713,3.5990558,197047,0,0,0,0,0,0,0
4396,0,-1.5172714,0.22445022,0,1.5172713,3.5990558,197051,0,0,0,0,0,0,0
4397,0,-1.5172714,0.22445022,0,1.5172713,3.5990558,197054,0,0,0,0,0,0,0
4398,0,-1.5172714,0.22445022,0,1.5172713,3.5990558,197055,0,0,0,0,0,0,0
4411,-0.7791864,-0.7897447,-0.08821628,4.5096,0.79407436,3.1343372,198984,0,0,0,0,0,0,0
4412,0,0,0,0,0,0,202335,0,0,0,0,0,0,0
4413,0,0,0,0,0,0,198590,0,0,0,0,0,0,0
4431,-0.3049977,-0.22214195,0.003472452,0.29884982,0.22554308,0.15004936,198028,0,0,0,0,0,0,0
4432,-11.067046,-11.045058,-0.46559688,11.276867,10.49671,1.9919395,202366,0,0,0,0,0,0,0
4451,-1.1246692,-0.6598051,-0.06503184,0.9591296,0.6449831,0.30745438,200062,0,0,0,0,0,0,0
4452,0,0,0,0,0,0,204055,0,0,0,0,0,0,0
4453,-3.9492197,-2.7254744,-0.4298137,4.702315,3.568381,3.9210875,201598,0,0,0,0,0,0,0
4471,-0.85537845,-0.92875385,-0.0004780687,0.8792452,0.9378019,3.076638,199914,0,0,0,0,0,0,0
4472,-5.7585845,-4.459549,-6.1288447,5.7487164,3.6908867,-1.3234726,202328,0,0,0,0,0,0,0
4473,0,0,0,0,0,0,202325,0,0,0,0,0,0,0
4491,-0.619505,-0.4113146,0.0020435809,0.65083045,0.4094887,1.0044359,201073,0,0,0,0,0,0,0
4511,0,0,0,0,0,0,201631,0,0,0,0,0,0,0
4531,-0.16612008,0.23720169,2.8460808,0.16611663,2.4935944,3.9066548,198468,0,0,0,0,0,0,0
4551,0,0,0,0,0,0,190822,0,0,0,0,0,0,0
4552,0,0,0,0,0,0,190683,0,0,0,0,0,0,0
4571,0,0,0,0,0,0,189599,0,0,0,0,0,0,0
4572,-2.1475465,-4.261206,-1.6632949,2.1143482,3.7844913,5.5815544,202360,0,0,0,0,0,0,0
4591,0,0,0,0,0,0,200014,0,0,0,0,0,0,0
4611,-4.6273584,-3.9926007,-0.5279541,5.809648,4.4267673,5.7168016,201688,0,0,0,0,0,0,0
4612,-0.32980087,-1.0719926,-0.22098364,0.5835445,0.9790411,1.3566747,201845,0,0,0,0,0,0,0
4631,-1.6532173,-1.3326206,-0.015493444,1.0848907,1.3253905,2.5595336,201058,0,0,0,0,0,0,0
4632,-0.41300127,-0.41436237,-0.14497142,0.3291038,0.43408233,0.53666836,219482,0,0,0,0,0,0,0
4633,-0.7673723,-0.8235839,-0.2068871,0.8188239,0.81644183,0.78325015,219473,0,0,0,0,0,0,0
4634,-0.41300118,-0.41436237,-0.042843957,0.32910374,0.43408236,0.8725386,219465,0,0,0,0,0,0,0
4635,-0.7673723,-0.8235839,-0.056833677,0.8188239,0.81644183,0.93330353,219444,0,0,0,0,0,0,0
4636,-0.47977623,-0.23673807,-0.023850188,0.12725578,0.36107185,0.7696085,219437,0,0,0,0,0,0,0
4651,-0.2790392,-5.5650144,-0.0018700359,0.21676995,5.821773,2.2862852,197337,0,0,0,0,0,0,0
4652,-0.4197002,-0.44245604,0,0.42762715,0.43362585,0.81710786,219486,0,0,0,0,0,0,0
4653,0,0,0,0,0,0,201634,0,0,0,0,0,0,0
4671,0,0,0,0,0,0,200552,0,0,0,0,0,0,0
4672,0,0,0,0,0,0,200554,0,0,0,0,0,0,0
4673,0,0,0,0,0,0,201629,0,0,0,0,0,0,0
4674,0,0,0,0,0,0,201627,0,0,0,0,0,0,0
4675,-0.28966677,-4.8204966,-0.32899195,0.7251688,4.8578663,8.786236,202508,2965,0,0,0,0,0,0
4676,-0.013888889,-0.013888889,0.00013888889,0.013888889,0.013888889,0.027916666,190331,0,0,0,0,0,0,0
4677,0,0,0,0,0,0,198041,0,0,0,0,0,0,0
4678,0,0,0,0,0,0,197658,0,0,0,0,0,0,0
4691,0,0,0,0,0,0,112871,0,0,0,0,0,0,0
4711,-0.27255827,-4.4133067,-1.4700705,0.27255827,4.4133067,7.222448,197011,0,0,0,0,0,0,0
4712,-0.5784094,-0.5784094,0.006128704,0.5784094,0.57840943,1.9067603,199744,0,0,0,0,0,0,0
4713,-9.357649,-23.863579,-3.5594575,9.864632,24.838335,32.134285,190858,0,0,0,0,0,0,0
4714,-1.2686402,-1.3752272,-0.022506611,1.2709748,1.5057003,55.88844,201638,0,0,0,0,0,0,0
4715,-0.011142176,-0.9276246,-0.06796316,0.023471162,0.9283758,2.597735,197961,0,0,0,0,0,0,0
4716,0,0,0,0,0,0,200579,0,0,0,0,0,0,0
4717,0,0,0,0,0,0,200578,0,0,0,0,0,0,0
4718,0,0,0,0,0,0,200577,0,0,0,0,0,0,0
4731,-0.2124277,-1.4843241,0.04981491,0.21317239,1.4990021,4.8715873,203415,0,0,0,0,0,0,0
4732,-0.25956735,-0.2588558,-0.040649306,0.2702808,0.2582639,2.8168354,199742,0,0,0,0,0,0,0
4733,-0.2265491,-2.11599,0.054910693,0.199051,2.1284897,4.1737123,203417,0,0,0,0,0,0,0
4751,0,0,0,0,0,0,201985,0,0,0,0,0,0,0
4771,-0.15841423,-0.0913942,-0.062378883,0.13369663,0.1488063,2.0222218,199819,0,0,0,0,0,0,0
4791,0,0,0,0,0,0,202077,0,0,0,0,0,0,0
4811,-0.4130012,-0.41436237,-0.027635733,0.22704223,0.36506602,0.9532254,202744,0,0,0,0,0,0,0
4831,-0.85537827,-0.9287537,-0.0010548426,0.8792451,0.93780166,6.787457,199921,0,0,0,0,0,0,0
4851,-1.411326,-0.7185104,-0.057628486,1.3854815,0.25462887,0.5015256,203400,0,0,0,0,0,0,0
4852,0,0,0,0,0,0,204058,0,0,0,0,0,0,0
4853,-0.9001029,-1.14038,-0.03447029,0.67745435,1.2720413,2.615336,201452,0,0,0,0,0,0,0
4871,-0.27786732,-0.258262,-0.0671347,0.27798524,0.2917608,1.3374888,200350,0,0,0,0,0,0,0
4872,-0.324094,-0.4519,0.000336111,0.318375,0.450642,0.129496,198030,0,0,0,0,0,0,0
4873,-18.07491,-1.9816649,-3.3097448,7.569752,4.198661,13.954305,201490,0,0,0,0,0,0,0
4891,-0.46627104,-1.1047118,-0.034082975,0.41900465,1.1069127,2.116828,203892,0,0,0,0,0,0,0
4911,-19.34975,-25.234386,-1.102426,27.32067,26.215162,54.111565,200817,0,0,0,0,0,0,0
4931,0,0,0,0,0,0,0,0,0,0,0,0,0,0
4951,-0.5555556,-0.5555564,0.00045364103,0.5555556,0.5555547,1.3633974,202605,0,0,0,0,0,0,0
4971,0,0,0,0,0,0,0,0,0,0,0,0,0,0
4972,-0.7519908,-0.75199085,-0.3178503,0.75199085,0.7519909,2.3465645,201097,0,0,0,0,0,0,0
4991,-0.36856252,-0.36856332,0.005358694,0.36856294,0.36856195,0.9518818,197644,0,0,0,0,0,0,0
4992,-0.0730108,-0.25727,-0.00691083,0.0737044,0.40495,0.870278,189834,0,0,0,0,0,0,0
4993,-4.1952683E-07,-1.5101436,-3.5901947,0,1.4987986,-8.477105E-07,202326,0,0,0,0,0,0,0
5011,-0.55625314,-0.6417311,-0.21855189,0.4760489,0.6978888,2.055075,202123,0,0,0,0,0,0,0
5012,-1.0657681,-0.8600225,-0.1376899,0.5116003,1.0008444,1.1108629,202124,0,0,0,0,0,0,0
5013,-2.00389,-1.6778647,-0.19887824,1.1851552,1.7949053,4.3517427,202126,0,0,0,0,0,0,0
5014,-11.268654,-9.556665,0,8.976546,10.688535,50.834446,203188,0,0,0,0,0,0,0
5015,0,0,0,0,0,0,199959,0,0,0,0,0,0,0
5016,-2.238513,-2.1946206,0,2.238513,2.1946206,6.6668262,199956,0,0,0,0,0,0,0
5017,-0.6223718,-1.586223,-0.18882158,0.7481887,1.6584524,2.2027998,202125,0,0,0,0,0,0,0
5031,-0.47749922,-0.48521402,-0.097408526,0.39462253,0.51187825,0.9742219,202742,0,0,0,0,0,0,0
5051,-1.952911,-3.423595,-0.64512473,1.3881793,2.7355568,4.7387,197790,0,0,0,0,0,0,0
5071,0.0024177416,-5.8364663,-0.56440395,0.0024193688,5.66103,12.767272,199958,0,0,0,0,0,0,0
5072,-1.9787748,-1.3383576,-3.2252862,2.1050408,1.2567656,2.6974995,190819,0,0,0,0,0,0,0
5073,-1.5231521,-1.3383573,-0.28320435,2.1050408,1.2567654,4.5271416,190815,0,0,0,0,0,0,0
5074,0,0,0,0,0,0,0,0,0,0,0,0,0,0
5075,0,0,0,0,0,0,0,0,0,0,0,0,0,0
5091,-0.2873519,-0.6317561,0.21979271,0.4107453,0.10761932,1.1729231,190804,0,0,0,0,0,0,0
5092,-0.287352,-0.46377245,-0.45971337,0.7796775,0.5999075,0.90732163,190806,0,0,0,0,0,0,0
5093,-0.250335,-0.364228,-0.0132247,0.25691,0.285803,0.631533,190343,0,0,0,0,0,0,0
5111,-0.6101406,-0.22796912,-0.30503154,2.4511576,0.22867505,12.015173,199175,0,0,0,0,0,0,0
5112,-0.998367,-0.717181,0.00105278,0.927825,0.730072,0.932661,189956,0,0,0,0,0,0,0
5113,-1.4595228,-1.0237077,0.016264178,1.4513427,1.0614696,0.08159828,200539,0,0,0,0,0,0,0
5131,-0.27476692,-0.24719143,-0.055628914,0.20313115,0.2538803,1.0351061,200352,0,0,0,0,0,0,0
5151,-0.9925514,-1.7545033,-0.4401224,1.198019,1.7545033,2.8182158,200930,0,0,0,0,0,0,0
5171,-1.8378146,-0.45579126,-0.4514261,1.8370287,1.0269648,2.6609051,198665,0,0,0,0,0,0,0
5191,-0.34214675,-1.0427598,-0.2778312,0.4612741,1.0744437,4.13602,197333,0,0,0,0,0,0,0
5211,-0.23569423,-0.7652958,0.00043712722,0.842666,0.70796704,3.501083,199077,0,0,0,0,0,0,0
5212,0,0,0,0,0,0,202071,0,0,0,0,0,0,0
5231,-0.07758399,-1.5172714,0.22445022,-0.077583864,1.5172713,3.5990558,197046,0,0,0,0,0,0,0
5251,-1.7192092,-1.6610222,-0.014452928,1.6071006,1.4979644,4.421554,201146,0,0,0,0,0,0,0
5252,-5.409735,-5.8197894,-0.31982747,5.9432883,5.831885,21.205873,199617,0,0,0,0,0,0,0
5253,-5.409735,-5.8197894,-0.31982747,5.9432883,5.831885,21.817944,199615,0,0,0,0,0,0,0
5254,-0.35790345,-0.45033646,0.012928718,0.34821525,0.45863348,0.4327936,199604,0,0,0,0,0,0,0
5255,-0.35790345,-0.425974,0.012928698,0.48426384,0.41267288,0.8880276,199605,0,0,0,0,0,0,0
5256,-0.37226084,-0.7104223,0.012928721,0.37623182,0.6799619,0.34933606,199606,0,0,0,0,0,0,0
5257,-0.35790345,-0.45033646,0.012928718,0.34821525,0.45863348,0.4327936,199607,0,0,0,0,0,0,0
5258,-0.35790345,-0.425974,0.012928698,0.48426384,0.41267288,0.8880276,199608,0,0,0,0,0,0,0
5259,-0.35790345,-0.45033646,0.012928718,0.34821525,0.45863348,0.4327936,199609,0,0,0,0,0,0,0
5260,-0.11160101,-0.15071829,-0.8746465,0.11415824,0.32227516,0.025371643,199612,0,0,0,0,0,0,0
5261,-0.14931592,-0.16504543,-0.9737692,0.13374814,0.456688,0.038197704,199613,0,0,0,0,0,0,0
5262,-0.08295981,-0.1086743,-0.77839833,0.09928125,0.325936,0.028446605,199614,0,0,0,0,0,0,0
5263,-0.79243404,-3.5504198,-4.3892503,0.85203534,3.5662477,3.597903,199592,0,0,0,0,0,0,0
5264,-0.5348647,-2.012127,-1.0246146,0.60899717,1.9066442,0.89837605,199600,0,0,0,0,0,0,0
5265,-0.44336373,-0.5093558,-0.004169729,0.546074,0.4185898,1.6725644,198254,0,0,0,0,0,0,0
5271,-0.99215287,-1.0465668,-0.022525894,1.0054789,0.9873788,1.420218,199097,0,0,0,0,0,0,0
5291,0,0,0,0,0,0,190823,0,0,0,0,0,0,0
5311,-0.5829851,-4.023423,-0.0016046494,0.58213353,0.3741455,1.9667486,197709,0,0,0,0,0,0,0
5312,-0.5801048,-1.8667208,-0.947534,0.5313451,2.05205,0.7748371,199601,0,0,0,0,0,0,0
5313,-0.9424655,-1.0864241,-0.16580221,0.9589413,1.1091313,1.8604065,201279,0,0,0,0,0,0,0
5314,-0.1831087,-0.13649029,-0.94300216,0.22325283,0.23966295,0.25719064,199596,0,0,0,0,0,0,0
5315,-4.7009416,-4.9445715,-0.59055257,4.6428237,4.9297276,13.672245,199618,0,0,0,0,0,0,0
5316,-5.409735,-5.8197894,-0.31982747,5.9432883,5.831885,21.817944,199616,0,0,0,0,0,0,0
5317,0,0,0,0,0,0,202074,0,0,0,0,0,0,0
5318,0,0,0,0,0,0,202107,0,0,0,0,0,0,0
5331,-0.58695096,-4.023423,-0.38106948,0.5954401,0.19470663,0.7936403,197710,0,0,0,0,0,0,0
5332,-1.0128866,-2.304901,-0.8109695,1.0120351,0.19470663,1.2139517,197711,0,0,0,0,0,0,0
5333,-0.8242276,-1.0076183,-0.32837132,0.81568533,1.0111865,0.38895994,196993,0,0,0,0,0,0,0
5351,-0.5852744,-5.7196794,-1.0952429,0.5585875,5.727095,0.89837605,199603,0,0,0,0,0,0,0
5371,-4.7009416,-4.944395,-0.59055257,4.6428237,4.929904,13.280279,199619,0,0,0,0,0,0,0
5391,-0.232998,-0.5269863,-0.41532046,0.2314744,0.5247051,0.5549845,197675,0,0,0,0,0,0,0
5392,-4.7239423,-2.610058,-0.16434565,6.922197,4.5359764,5.3329487,198288,0,0,0,0,0,0,0
5411,-1.8573443,-1.8879321,-0.1841965,1.8685316,1.8327681,0.3387181,202806,0,0,0,0,0,0,0
5431,-5.9884505,-12.512931,-11.366468,6.465383,14.038526,24.119162,199945,0,0,0,0,0,0,0
5451,-0.22170703,-5.7665377,-0.947534,0.21633048,5.4067664,0.7748371,199602,0,0,0,0,0,0,0
5452,-0.093584396,-0.41460595,-0.00050255976,0.2814063,0.3337532,1.1516101,189868,0,0,0,0,0,0,0
5453,-0.39363813,-0.43370053,-0.10891252,0.4313091,2.725315,1.3524009,199610,0,0,0,0,0,0,0
5454,-0.39363813,-0.43370053,-0.10891252,0.4313091,0.3866982,1.3524009,199611,0,0,0,0,0,0,0
5455,-22.478943,-22.916052,-31.476574,23.186766,22.904764,32.26921,219207,0,0,0,0,0,0,0
5456,-13.324602,-7.7421503,0.016559491,2.1347091,7.727441,36.860004,219210,0,0,0,0,0,0,0
5457,-19.709074,-14.162027,0.01655931,8.581462,14.147322,36.860004,219211,0,0,0,0,0,0,0
5471,-0.8085378,-0.9956026,-0.04883185,0.9032591,0.9234595,0.49648768,190016,0,0,0,0,0,0,0
5491,-2.0301125,-3.055414,-0.23933427,2.5925093,3.023229,9.040523,197024,0,0,0,0,0,0,0
5492,-2.0301125,-3.055414,-0.23933427,2.5925093,3.023229,9.040523,197022,0,0,0,0,0,0,0
5493,-0.0704103,-0.0813025,0,0.0704103,0.0813025,0.0521167,198227,0,0,0,0,0,0,0
5494,-2.0301125,-3.055414,-0.23933427,2.5925093,3.023229,8.478363,197028,0,0,0,0,0,0,0
5495,-2.0301125,-3.055414,-0.23933427,2.5925093,3.023229,10.815029,197026,0,0,0,0,0,0,0
5496,-2.0007908,-0.44196913,-0.30015278,2.1141822,0.4419691,2.0616624,199231,0,0,0,0,0,0,0
5497,-0.21188095,-0.47637954,-0.009291527,0.09538003,0.3161377,1.0711415,199118,0,0,0,0,0,0,0
5498,-2.0301125,-3.055414,-0.23933427,2.5925093,3.023229,10.828343,197030,0,0,0,0,0,0,0
5511,-0.358733,-0.43463773,-0.0026957416,0.31185108,0.53570837,0.2651442,199745,0,0,0,0,0,0,0
5512,-0.2547364,-0.18271387,0.0044281282,0.24824207,0.18623526,0.33217087,198266,0,0,0,0,0,0,0
5531,-0.9062674,-0.87576735,-0.022526,0.87809664,0.8885783,1.1441407,199099,0,0,0,0,0,0,0
5532,-0.84951955,-0.85813403,-0.0076095187,0.8678471,0.8592326,1.9519187,199092,0,0,0,0,0,0,0
5551,0,0,0,0,0,0,198117,0,0,0,0,0,0,0
5571,-0.3720249,-1.1838843,-0.19130531,0.04991742,1.1934286,6.3372645,199058,0,0,0,0,0,0,0
5591,0,0,0,0,0,0,197001,0,0,0,0,0,0,0
5592,0,0,0,0,0,0,203055,0,0,0,0,0,0,0
5611,-0.8640408,-1.0067995,-0.1081841,1.2048004,1.1288282,0.71157086,189706,0,0,0,0,0,0,0
5631,0,0,0,0,0,0,0,0,0,0,0,0,0,0
5651,-0.6048561,-1.2124518,0,0.5288618,1.1899805,5.9223633,200268,0,0,0,0,0,0,0
5652,-0.63282937,-1.6101243,-0.08882928,0.6582023,1.6244905,6.186018,200276,0,0,0,0,0,0,0
5653,-0.60485595,-1.2124519,0,0.5288618,1.2056409,5.9223633,200270,0,0,0,0,0,0,0
5654,-0.63282937,-1.6101243,-0.08882928,0.6582024,1.6244897,6.186018,200278,0,0,0,0,0,0,0
5671,-0.1102493,-0.7119359,-0.0081496425,0.29174003,2.6374867,4.438788,189825,0,0,0,0,0,0,0
5672,0,0,0,0,0,0,0,0,0,0,0,0,0,0
5673,0,0,0,0,0,0,0,0,0,0,0,0,0,0
5674,0,0,0,0,0,0,0,0,0,0,0,0,0,0
5691,0,0,0,0,0,0,201619,0,0,0,0,0,0,0
5692,0,0,0,0,0,0,201624,0,0,0,0,0,0,0
5693,0,0,0,0,0,0,201741,0,0,0,0,0,0,0
5711,0,0,0,0,0,0,0,0,0,0,0,0,0,0
5712,-0.5,-0.5138195,-0.03222068,0.5522326,0.414577,0.45661995,199580,0,0,0,0,0,0,0
5731,-0.3620872,-0.37090057,-0.038602453,0.53917783,0.38212284,0.86195135,200068,0,0,0,0,0,0,0
5732,-1.180608,-0.7323457,-0.08478273,1.3877302,0.5143797,0.30849242,197191,0,0,0,0,0,0,0
5733,-0.8173013,-0.5802358,-0.018639212,1.9048606,0.6203798,0.33911976,199673,0,0,0,0,0,0,0
5734,-4.6336846,-6.840412,-0.31433916,6.439093,5.478403,9.200697,189223,0,0,0,0,0,0,0
5735,-4.614836,-5.221762,-0.75034267,5.0635915,5.5457945,11.005544,189222,0,0,0,0,0,0,0
5736,-3.752722,-4.6939745,-0.32217225,4.491343,4.557805,8.220422,189219,0,0,0,0,0,0,0
5737,-4.0433717,-4.7258143,-0.1017615,4.082031,4.313953,9.419739,189212,0,0,0,0,0,0,0
5738,10.928549,-8.671179,-1.2598267,16.923433,3.456978,11.79363,189221,0,0,0,0,0,0,0
5739,-5.4020514,-7.875122,-1.4468789,5.7991514,9.1392975,5.575886,189220,0,0,0,0,0,0,0
5740,-1.1204735,-0.98194134,-0.11995835,0.9428975,1.1510909,5.233004,189214,0,0,0,0,0,0,0
5741,-2.9339433,-3.6410632,0.41074938,2.6247513,4.050474,3.608146,189216,0,0,0,0,0,0,0
5742,-6.217406,-5.359432,-0.0028601077,6.6344438,5.587959,26.455156,202356,0,0,0,0,0,0,0
5743,-0.39367023,-0.5908163,0.012198171,0.39355433,0.59023744,0.63073164,196988,0,0,0,0,0,0,0
5744,-0.3936702,-0.5908163,0.012198171,0.39355436,0.59023744,0.6307316,196989,0,0,0,0,0,0,0
5745,-3.8091931,-8.78362,-0.5283263,9.602959,6.30563,13.28996,198379,0,0,0,0,0,0,0
5746,-0.1409473,-0.08079074,-0.00088445016,0.20404501,0.13912475,0.1196223,201617,0,0,0,0,0,0,0
5751,0,0,0,0,0,0,200303,0,0,0,0,0,0,0
5752,0,0,0,0,0,0,200302,0,0,0,0,0,0,0
5771,-1.9690516,-1.4408289,-0.09069308,0.55620277,1.4248492,7.4913125,200273,0,0,0,0,0,0,0
5772,-1.8784623,-1.4408289,-0.084882125,0.465614,1.4248492,7.4913125,200274,0,0,0,0,0,0,0
5773,-1.3117468,-2.042863,-0.091525555,1.3589597,2.0298293,6.781213,200281,0,0,0,0,0,0,0
5774,-1.3117468,-2.0428631,-0.08882914,1.3589598,2.02983,6.781213,200282,0,0,0,0,0,0,0
5791,-0.4419791,-0.4419791,0,0.4419791,0.4419791,0.56762356,201156,0,0,0,0,0,0,0
5811,-0.3191871,-0.8831568,0.46761206,0.31674764,0.88136196,2.3720405,201053,0,0,0,0,0,0,0
5812,-6.4855947,-6.4092894,0.024307381,6.4768205,6.436075,0.024307381,201649,0,0,0,0,0,0,0
5813,-0.71665186,-0.7199424,0.02947617,0.78239346,0.7199424,0.02947617,201650,0,0,0,0,0,0,0
5814,-0.7133345,-0.71942514,0.02947617,0.7162747,0.7204597,0.02947617,201651,0,0,0,0,0,0,0
5815,-0.71134543,-0.7138141,0.02947617,0.71439683,0.72607076,0.02947617,201652,0,0,0,0,0,0,0
5831,-7.39676,-1.22033,-0.363319,8.37394,5.05149,13.1669,199150,0,0,0,0,0,0,0
5832,0.37740853,-0.18921122,-3.1359122,0.7842593,0.23169203,0.011155349,203745,0,0,0,0,0,0,0
5833,-0.1681861,-0.325653,0.0024503805,0.31708974,0.23259582,4.217181,189299,0,0,0,0,0,0,0
5834,-4.51102,-4.26012,-0.7122,4.26628,1.01512,3.49025,199147,0,0,0,0,0,0,0
5835,0.40647036,-0.16728477,-3.1189778,0.7457293,0.22056054,0.011155349,203746,0,0,0,0,0,0,0
5836,-0.24170709,-0.27438226,0.018945513,0.21564451,0.21543081,3.2271798,189300,0,0,0,0,0,0,0
5851,-0.324811,-0.446586,0.000336111,0.317658,0.455956,0.129496,198033,0,0,0,0,0,0,0
5871,-0.24403344,-0.24403691,0.33145362,0.24612361,0.24612011,1.5249913,201641,0,0,0,0,0,0,0
5872,-0.17544253,-0.2875809,0.5630164,0.14113325,0.29880688,1.5784482,201642,0,0,0,0,0,0,0
5873,-0.03274879,-0.36343768,0.50466454,0.07103224,0.36396194,1.2432853,201643,0,0,0,0,0,0,0
5874,-0.90689385,-0.8552964,0,0.89260304,0.8561271,3.0930693,203027,0,0,0,0,0,0,0
5891,-0.070513,-0.046756547,-1.8478813,0.29653397,0.048156727,1.265663,198986,0,0,0,0,0,0,0
5911,-0.608692,-1.10119,0,0.608694,1.10119,0.755617,190895,0,0,0,0,0,0,0
5912,-0.22826903,-0.35003695,-0.18167563,0.069605194,1.671853,2.2399728,200296,0,0,0,0,0,0,0
5913,-0.17394955,-0.17068855,-0.12183123,0.23506784,1.7509643,2.4001453,200299,0,0,0,0,0,0,0
5914,-0.625025,-0.736194,0.0196456,0.606497,0.738467,0.481594,190595,0,0,0,0,0,0,0
5931,-1.3465129,-1.248253,-0.010278506,0.5979615,1.1751075,2.7829056,200309,0,0,0,0,0,0,0
5932,-0.3191871,-0.8831568,0.46761206,0.31674764,0.88136196,2.3720405,200307,0,0,0,0,0,0,0
5951,-4.510259,-5.935537,-0.0028601077,8.350173,6.8134227,25.922676,202355,0,0,0,0,0,0,0
5952,-6.8974285,-10.358495,-1.1019388,9.597653,5.16301,16.028917,198378,0,0,0,0,0,0,0
5971,-0.8004217,-0.5796941,-0.09524371,0.7887605,0.56800437,2.5376456,200012,0,0,0,0,0,0,0
5972,-0.94342315,-1.2764384,-0.36536092,0.778075,1.0291101,2.2960172,200969,0,0,0,0,0,0,0
5973,-0.013096672,-1.2482522,0.35954487,0.051744577,1.1751066,2.7829056,200310,0,0,0,0,0,0,0
5974,-5.1664224,-5.436252,-1.6632949,5.7583876,5.5623403,7.0003467,199134,0,0,0,0,0,0,0
5975,-5.4331408,-7.2335725,-0.11912481,6.036117,6.224342,21.293497,190638,0,0,0,0,0,0,0
5991,-1.3465129,-1.248253,-0.010278506,0.5979615,1.1751075,2.7829056,200308,0,0,0,0,0,0,0
5992,-0.000855201,-0.3555063,0.0029265024,0.06754854,0.3610328,0.42514873,199989,0,0,0,0,0,0,0
5993,-0.78276664,-0.834967,-0.10632549,0.7324281,0.7858328,0.7362841,200375,0,0,0,0,0,0,0
5994,-0.08086536,-0.28948095,-0.27970752,1.4052778,0.12415632,3.2250133,201060,0,0,0,0,0,0,0
5995,-1.3465129,-1.248253,-0.010278506,0.5979615,1.1751075,2.7829056,200305,0,0,0,0,0,0,0
6011,0,0,0,0,0,0,200320,0,0,0,0,0,0,0
6031,0,0,0,0,0,0,0,0,0,0,0,0,0,0
6032,0,0,0,0,0,0,0,0,0,0,0,0,0,0
6033,-0.7293458,-0.74900067,-0.15559131,0.7293851,0.70973,5.4185786,198463,0,0,0,0,0,0,0
6034,-6.69575,-6.7429886,-0.1831114,6.7016916,7.041815,20.806686,191022,0,0,0,0,0,0,0
6035,-0.6584159,-1.1390083,0,0.66180027,1.1176355,0.8333333,198748,0,0,0,0,0,0,0
6036,-0.68855923,-0.68855935,-0.0009469456,0.68855935,0.6885592,1.6666666,190885,0,0,0,0,0,0,0
6037,-0.8524162,-0.8690422,-0.0076095187,0.8649505,0.84832436,1.9519187,199091,0,0,0,0,0,0,0
6038,-0.34627962,-0.3547681,-0.0038236,0.36952093,0.36103252,1.3718456,198327,0,0,0,0,0,0,0
6051,-1.1735053,-1.1735046,0,1.1735051,1.1735046,1.5092961,197295,0,0,0,0,0,0,0
6071,-1.6669266,-1.1426674,-0.021964915,1.6654962,1.1141521,0.5,198519,0,0,0,0,0,0,0
6072,0.2590457,-1.6484983,1.7811917,1.1916431,-0.86854595,3.8351374,198525,0,0,0,0,0,0,0
6073,0.2590457,-1.6484983,1.7811917,1.1916431,-0.86854595,3.8351374,198526,0,0,0,0,0,0,0
6091,-0.160734,-1.2375548,0,0.38553372,1.2403718,5.7920475,191023,0,0,0,0,0,0,0
6111,0,0,0,0,0,0,0,0,0,0,0,0,0,0
6131,-17.886778,-5.54171,-2.924265,8.026469,5.906157,9.238051,191019,0,0,0,0,0,0,0
6132,-3.029638,-2.2968223,-0.2974075,2.7407107,1.2462186,1.509215,199640,0,0,0,0,0,0,0
6133,-2.9205105,-2.4543946,-0.1291694,2.7756102,2.8143857,5.7582226,190597,0,0,0,0,0,0,0
6134,0.10401552,-0.21373053,-0.11688124,0.57063097,0.25563422,4.6635003,198481,0,0,0,0,0,0,0
6135,-0.52144814,-0.5306538,-0.058467645,0.5214486,0.5122432,4.950466,198480,0,0,0,0,0,0,0
6136,-1.3942124,-1.3935418,-0.019620463,1.3835654,1.384236,4.810676,203715,0,0,0,0,0,0,0
6137,-3.0421102,-4.066086,-0.27446198,2.681929,10.339479,9.450293,191024,0,0,0,0,0,0,0
6138,-6.373138,-7.7336106,-0.69616276,6.004484,5.0018888,20.293634,191032,0,0,0,0,0,0,0
6139,-9.107062,-8.58813,-1.8573984,6.267662,6.401076,7.430074,191031,0,0,0,0,0,0,0
6140,-5.4548774,-6.2512183,-4.2385525E-07,4.9925327,6.4646516,8.933207,191021,0,0,0,0,0,0,0
6141,-7.008374,-7.947419,-2.9215646,8.063451,6.5184293,7.2597523,191038,0,0,0,0,0,0,0
6142,-6.3116527,-7.7945056,-1.1669303,6.971803,5.115677,19.822868,191040,0,0,0,0,0,0,0
6143,-2.167246,-2.1512635,-7.179667,2.7038813,2.9062777,33.724728,190263,0,0,0,0,0,0,0
6144,-17.886778,-5.54171,-2.924265,7.380468,5.906157,3.1013715,191020,0,0,0,0,0,0,0
6145,-2.7899456,-1.3629353,-0.3513031,2.4656603,1.3177564,1.0527639,191033,0,0,0,0,0,0,0
6146,-1.4447864,-2.1483421,-0.34957314,1.4278182,2.0290852,1.0510321,191034,0,0,0,0,0,0,0
6147,-7.1453357,-8.844213,-0.8426484,5.87815,4.799046,20.14715,191009,0,0,0,0,0,0,0
6148,-1.738354,-1.4735581,-0.28384358,1.1116832,1.4702805,1.1002805,200602,0,0,0,0,0,0,0
6149,-9.874897,-7.4742813,0.16087487,7.295638,7.5488105,9.104864,191039,0,0,0,0,0,0,0
6150,-0.13654,-0.153792,0,0.164549,3.04031,1.5761,189790,0,0,0,0,0,0,0
6151,-4.1575947,-0.18339165,-0.5586665,0.14094563,0.13080887,1.9017483,189795,0,0,0,0,0,0,0
6152,-2.6811469,-3.5985582,-2.5107987,5.2341633,5.2719865,10.693314,191037,0,0,0,0,0,0,0
6153,-0.3604894,-0.30939874,0.008356916,0.3584496,0.49775022,0.5970278,199207,0,0,0,0,0,0,0
6154,-0.0388931,-0.022455,0,0.0289606,0.022455,0.0328486,198220,0,0,0,0,0,0,0
6155,-0.184806,-0.0344136,-0.0142578,0.184806,0.0344136,0.0142575,198214,0,0,0,0,0,0,0
6156,-0.184806,-0.0344136,-0.0142578,0.00645111,0.0344136,0.0142575,198215,0,0,0,0,0,0,0
6157,-6.9712586,-0.8937253,-1.9316725,7.0098386,0.89890504,2.0226967,191025,0,0,0,0,0,0,0
6158,-1.8940392,-1.9003345,-0.69304985,1.7256205,1.6876726,2.6948185,203584,0,0,0,0,0,0,0
6171,-0.98864925,-0.6133557,-0.11045231,0.8275556,0.6255445,1.5087701,190685,0,0,0,0,0,0,0
6191,-1.2933637,-1.0177073,-0.15354162,1.1477512,1.3198677,1.5437208,203094,0,0,0,0,0,0,0
6192,-2.1854239,-1.9510312,-0.13623677,1.4666022,1.4888992,2.23532,201811,0,0,0,0,0,0,0
6193,-2.9985132,-2.1210127,-0.018662639,1.7634035,2.386348,1.1884527,197214,0,0,0,0,0,0,0
6194,-0.72131765,-0.7139502,-0.11617666,0.7086881,0.7160553,7.7721577,200275,0,0,0,0,0,0,0
6211,-0.5918169,-1.3615004,0,0.5843489,1.3777542,6.087005,200283,0,0,0,0,0,0,0
6231,-12.427793,-205.36972,17.917768,10.02424,2.2372239,40.36981,190615,0,0,0,0,0,0,0
6251,-0.5720622,-0.98302907,2.2772493,0.5626524,0.9774724,5.500219,200272,0,0,0,0,0,0,0
6252,-0.57206196,-1.0643003,2.2192774,0.5684661,1.0593059,5.562751,200271,0,0,0,0,0,0,0
6253,-0.57355165,-1.1960576,2.388714,0.56636834,1.2125556,5.516272,200280,0,0,0,0,0,0,0
6254,-0.5735517,-1.1921251,2.3889878,0.56636834,1.2125541,5.5137086,200279,0,0,0,0,0,0,0
6271,-0.573552,-1.1936989,2.3882554,0.57412386,1.2141489,5.522823,200284,0,0,0,0,0,0,0
6291,-1.1141175,-0.88280755,-3.0759044,0.92173004,1.3267941,-1.5607477,219404,0,0,0,0,0,0,0
6311,-0.227274,-0.463053,-0.0891358,0.211737,0.480675,0.402514,198207,0,0,0,0,0,0,0
6312,-2.6729245,-9.537801,-0.03379174,2.6729245,9.732001,16.180717,200585,0,0,0,0,0,0,0
6313,-0.227274,-0.462781,-0.115244,0.211736,0.480953,0.376408,198205,0,0,0,0,0,0,0
6314,-0.31708816,-0.39019772,0.0026125063,0.29294068,0.42513826,0.40961733,197756,0,0,0,0,0,0,0
6315,-0.22351271,-0.2931939,-0.0023157997,0.22351275,0.2931939,0.55787015,198743,0,0,0,0,0,0,0
6316,-0.733885,-0.74983394,-0.21157424,0.76818734,0.7522381,21.85739,200845,0,0,0,0,0,0,0
6317,-0.9048479,-1.2209837,0,2.0264935,0.7833598,0.5431482,200840,0,0,0,0,0,0,0
6318,-1.1379925,-1.137999,-0.044656914,1.1380005,1.1379937,2.20358,200819,0,0,0,0,0,0,0
6319,-1.1527388,-0.9372052,-0.04239114,1.1527354,0.93721837,3.3077419,200820,0,0,0,0,0,0,0
6320,-1.5371424,-1.616689,-0.26266447,1.6333715,1.177962,2.4320085,200821,0,0,0,0,0,0,0
6321,-0.5647257,-0.54335105,-0.19257171,0.67023575,0.65237063,1.0935444,200823,0,0,0,0,0,0,0
6322,-1.0006773,-0.883564,0,1.0400597,1.0572926,0.7954618,200829,0,0,0,0,0,0,0
6323,-0.52966154,-0.66138947,-0.012250562,0.6987288,0.6302164,0.89978737,200830,0,0,0,0,0,0,0
6324,-1.0592308,-0.06965075,-0.13560587,1.0695657,0.034933966,0.030888101,189093,0,0,0,0,0,0,0
6325,-2.3285754,-1.8511491,-0.42392507,0.8594232,2.5554452,1.5291058,189410,0,0,0,0,0,0,0
6326,-0.83338803,-0.8909686,-0.21967432,0.83338785,0.8345087,1.8175961,203894,0,0,0,0,0,0,0
6327,-0.43925777,-0.067249686,-0.019127006,0.06569628,0.09090487,0.14985156,199755,0,0,0,0,0,0,0
6328,-0.099080175,-0.56174594,-0.13333723,0.7726299,0.59070784,0.4218915,190437,0,0,0,0,0,0,0
6329,-0.09387956,-0.23693506,-0.06202833,0.64716613,0.41677126,0.32907555,190438,0,0,0,0,0,0,0
6331,0,0,0,0,0,0,200527,0,0,0,0,0,0,0
6332,0,0,0,0,0,0,191085,0,0,0,0,0,0,0
6333,0,0,0,0,0,0,191088,0,0,0,0,0,0,0
6351,-1.0868713,-1.1605964,-0.15119287,1.1577483,1.0850203,2.1235788,201088,0,0,0,0,0,0,0
6352,0.00033795636,-0.6684715,0.0024806533,0.00033819876,0.68678916,197.94975,190694,0,0,0,0,0,0,0
6353,-0.29222077,-3.6088185,-0.017202884,0.077540316,3.3383582,2.8200657,197810,0,0,0,0,0,0,0
6354,-0.29222077,-3.6088185,-0.017202884,0.077540316,3.3383582,2.8200657,197823,0,0,0,0,0,0,0
6355,-4.684274,-1.1461145,-0.14945081,4.7396555,1.1059247,3.3899016,201561,0,0,0,0,0,0,0
6356,-1.07354,-2.13086,-0.00459222,1.08818,2.10162,0.905947,197562,0,0,0,0,0,0,0
6357,-0.51715004,-0.849283,-0.021375695,0.5616215,0.8492829,1.6082516,197307,0,0,0,0,0,0,0
6358,-0.22047913,-0.2541788,0,0.21934861,0.25369045,0.50017124,189816,0,0,0,0,0,0,0
6359,-0.23341359,-0.26886564,0,0.23154156,0.2680183,0.52848625,189817,0,0,0,0,0,0,0
6360,-1.4718332,-0.8917859,0.00020805995,1.6261322,0.9113297,0.013889048,198436,0,0,0,0,0,0,0
6361,-0.27255854,-4.4133067,-1.4700705,0.27255854,4.413307,7.222448,197013,0,0,0,0,0,0,0
6362,-2.5247998,-3.9322467,-0.36380845,2.4823909,4.0307426,0.7879536,199356,0,0,0,0,0,0,0
6363,-0.22117412,-0.2931939,-0.0025893848,0.2213088,0.2931939,0.7317284,199807,0,0,0,0,0,0,0
6364,-0.18159162,-0.2931939,0,0.12725483,0.2931939,0.71133345,199808,0,0,0,0,0,0,0
6365,-0.20790155,-0.24590488,0,0.20705934,0.23325068,0.5509838,199179,0,0,0,0,0,0,0
6366,-0.5465538,-0.47178364,-0.6287218,0.5450679,0.5282377,0.5535793,199713,0,0,0,0,0,0,0
6367,-0.20790155,-0.23409012,0,0.20705934,0.24506542,0.33925682,199181,0,0,0,0,0,0,0
6368,-0.207901,-0.239703,0,0.207059,0.239452,0.339253,199182,0,0,0,0,0,0,0
6369,-0.24939765,-0.2815795,0,0.24855545,0.29340717,0.6761412,199183,0,0,0,0,0,0,0
6370,-0.08926049,-0.51161593,-0.046916857,0.09838031,0.51161593,2.659147,199820,0,0,0,0,0,0,0
6371,-0.196506,-0.362744,-0.0294094,0.181728,0.169114,0.449483,198361,0,0,0,0,0,0,0
6383,0,0,0,0,0,0,190353,0,0,0,0,0,0,0
6384,0,0,0,0,0,0,190681,0,0,0,0,0,0,0
6385,0,0,0,0,0,0,190680,0,0,0,0,0,0,0
6386,-0.3720249,-1.1838843,-0.19130531,0.04991742,1.1934286,6.3372645,199062,0,0,0,0,0,0,0
6387,-0.3720249,-1.1838843,-0.19130531,0.04991742,1.1934286,6.3372645,199068,0,0,0,0,0,0,0
6388,-0.160734,-1.2375548,0,0.38553372,1.2403718,5.7920475,203742,0,0,0,0,0,0,0
6389,-0.20406757,-1.6143911,-0.29261017,0.12260146,1.6143917,4.3141856,197962,0,0,0,0,0,0,0
6390,-0.23360176,-2.6511075,0.4464761,0.16601713,2.5301962,6.510829,198731,0,0,0,0,0,0,0
6391,-0.25707775,-5.5526266,-0.36146036,0.26382637,5.5245304,-0.0709281,200293,0,0,0,0,0,0,0
6392,-0.013888889,-0.013888889,0.00013888889,0.013888889,0.013888889,0.027916666,201119,0,0,0,0,0,0,0
6393,-0.99736196,-0.7901913,-0.08821628,0.8051232,0.79753196,1.1036093,190688,0,0,0,0,0,0,0
6394,-0.34214675,-1.0427598,-0.2778312,0.4612741,1.0744437,4.13602,197332,0,0,0,0,0,0,0
6395,-0.06492343,-0.067139976,1.6831515,0.06578497,0.079722196,1.9664646,190693,0,0,0,0,0,0,0
6396,-0.49804366,-0.6674269,0.0013178578,0.47269297,0.6564808,0.60739785,189092,0,0,0,0,0,0,0
6397,0,0,0,0,0,0,191093,0,0,0,0,0,0,0
6398,-1.0817603,-1.1582621,-0.15119287,1.1529168,1.0807004,2.1869037,201089,0,0,0,0,0,0,0
6399,-1.0864308,-1.1620924,-0.15119287,1.1576174,1.0807004,2.0596468,201090,0,0,0,0,0,0,0
6400,-1.6071864,-1.692336,-0.005545782,1.6071862,1.7128361,2.3235006,201145,0,0,0,0,0,0,0
6401,-0.45303965,-0.5485488,-0.05000729,0.45303965,0.70096344,6.649419,201144,0,0,0,0,0,0,0
6402,0.48921576,-0.6822917,0.009102981,0.61074656,0.6761983,2.0552437,201033,0,0,0,0,0,0,0
6403,-0.037317444,-0.6000204,-0.8604383,0.42380807,0.45069075,7.140457,201012,0,0,0,0,0,0,0
6404,-0.94489646,-0.9230834,-0.011335334,0.94489646,0.95510393,1.9452852,200946,0,0,0,0,0,0,0
6405,-1.5830102,-1.55226,-0.5341833,1.5420097,1.57276,0.73615,200879,0,0,0,0,0,0,0
6406,-0.19528523,-0.2931939,-0.009063827,0.17283554,0.2931939,0.8746433,199401,0,0,0,0,0,0,0
6407,1.4527556,0.47523776,9.460402,2.03676,0.93601537,9.856318,190716,0,0,0,0,0,0,0
6408,24.721912,-0.38763332,0.78905565,25.231596,0.21662408,1.2043672,190717,0,0,0,0,0,0,0
6409,-0.174764,-0.11518727,-0.006907003,0.19101231,0.11942097,0.39981204,199402,0,0,0,0,0,0,0
6410,-0.692914,-2.08364,-0.0253531,0.669794,2.12213,4.38978,189458,0,0,0,0,0,0,0
6411,-2.0945911,-2.4416816,-0.26149264,2.0071752,2.3516743,3.530454,189983,0,0,0,0,0,0,0
6412,-0.23772182,-1.1883334,-0.10320924,0.31703866,1.1833832,1.1906096,199476,0,0,0,0,0,0,0
6413,-0.5527445,-0.4199676,0.031659387,0.19968747,0.43225276,4.97074,219248,0,0,0,0,0,0,0
6414,-0.9509553,-0.99587315,-0.09995821,0.64307386,1.0727018,3.3016372,202129,0,0,0,0,0,0,0
6415,-0.5599703,-0.60922223,-0.21855189,0.47233167,0.7303977,2.055075,202130,0,0,0,0,0,0,0
6416,-0.525461,-0.6016574,-0.003000226,0.59622324,0.7216256,0.88485944,202131,0,0,0,0,0,0,0
6417,-0.14371245,-0.38577232,-0.38005537,0.13897347,0.40649924,1.5119717,199788,0,0,0,0,0,0,0
6418,-0.24301173,-0.6924615,-2.033957,0.16558948,0.70552117,0.0031942793,199789,0,0,0,0,0,0,0
6419,-0.9588435,-2.1806424,-1.2603829,1.6157998,2.1969082,1.9319948,202595,0,0,0,0,0,0,0
6420,-1.9057881,-1.652674,-0.22679716,1.1048769,1.5796403,0.5909813,202596,0,0,0,0,0,0,0
6421,-0.12729025,-0.13476159,0,0.13236721,0.13250603,0.09246921,199786,0,0,0,0,0,0,0
6422,-2.3776367,-2.680612,-0.42836377,0.8342202,3.0301387,7.801226,199787,0,0,0,0,0,0,0
6423,-0.602712,-0.53121144,-0.021067737,0.58770764,0.53659546,1.7720995,189275,0,0,0,0,0,0,0
6424,-0.6682884,-0.32628766,-0.053581703,-0.0958878,0.3262452,1.4788364,200956,0,0,0,0,0,0,0
6425,-0.48149183,-1.1623877,0.4867782,0.54808146,1.0818629,3.5429034,202456,0,0,0,0,0,0,0
6426,-0.8664394,-2.0538256,0.6774358,0.8422757,1.7320576,5.83289,202457,0,0,0,0,0,0,0
6427,-0.934059,-2.140977,-0.099969305,0.985661,2.0690885,7.9683204,202458,0,0,0,0,0,0,0
6428,-2.4909575,-2.4827898,-3.83589E-05,2.4756982,2.4660845,3.9441235,201039,0,0,0,0,0,0,0
6429,-6.5114937,-5.3739457,-0.28767034,1.6709524,2.6854968,5.8139906,191016,0,0,0,0,0,0,0
6430,-13.377424,-11.200886,-1.0051845,10.792662,10.925706,0.78174263,191018,0,0,0,0,0,0,0
6431,-0.5737799,-1.0403692,0.6901751,0.40548846,1.0338246,3.5001566,202451,0,0,0,0,0,0,0
6432,-1.2963111,-1.2458285,-0.10856279,1.2603364,1.2711244,2.5622754,201124,0,0,0,0,0,0,0
6434,-2.503362,-2.7592905,-3.0785277,1.9050766,2.7070353,0.4510116,219411,0,0,0,0,0,0,0
6435,-1.1141175,-0.88280755,-3.0759044,0.92173004,1.3267941,-1.5607477,219406,0,0,0,0,0,0,0
6448,-0.6157037,-0.66195375,0,0.6157037,0.66195375,1.24297,199636,0,0,0,0,0,0,0
6449,-0.9442516,-0.95545536,-0.013059464,0.94365364,0.9324501,1.7459726,199639,0,0,0,0,0,0,0
6450,-0.27255827,-4.4133067,-1.4700705,0.27255827,4.4133067,7.222448,197008,0,0,0,0,0,0,0
6451,-1.002053,-1.0007474,-1.2540506,1.0827849,1.7047478,5.837259,202149,0,0,0,0,0,0,0
6452,-9.019885,-11.080846,-3.304257,8.988398,8.973819,-1.7144448,199950,0,0,0,0,0,0,0
6453,-0.9372767,-1.0165222,0.0007088858,0.9220849,0.9882131,0.9328958,199867,0,0,0,0,0,0,0
6454,-0.9931081,-0.88103455,0.0007088858,0.86625355,1.1209533,0.9212137,199873,0,0,0,0,0,0,0
6455,-0.42073733,-0.18308885,0,0.40930182,0.18308885,0.20725615,199861,0,0,0,0,0,0,0
6456,-0.42073733,-0.18308885,0,0.40930182,0.18308885,0.20725615,199862,0,0,0,0,0,0,0
6457,-0.42073733,-0.18308885,0,0.40930182,0.18308885,0.20725615,199863,0,0,0,0,0,0,0
6458,-0.9372767,-1.0165222,0.0007088858,0.9220849,0.9882131,0.9328958,199868,0,0,0,0,0,0,0
6459,-0.9372767,-1.0165222,0.0007088858,0.9220849,0.9882131,0.9328958,199870,0,0,0,0,0,0,0
6460,-0.9931081,-0.88103455,0.0007088858,0.86625355,1.1209533,0.9212137,199871,0,0,0,0,0,0,0
6461,-0.42073733,-0.18308885,0,0.40930182,0.18308885,0.20725615,199860,0,0,0,0,0,0,0
6462,-0.9372767,-1.0165222,0.0007088858,0.9220849,0.9882131,0.9328958,199869,0,0,0,0,0,0,0
6463,-0.9931081,-0.88103455,0.0007088858,0.86625355,1.1686193,0.9212137,199872,0,0,0,0,0,0,0
6464,-0.9931081,-0.88103455,0.0007088858,0.86625355,1.1209533,0.9212137,199874,0,0,0,0,0,0,0
6465,-5.510329,-5.1642294,-0.019359441,9.084619,5.2314,8.800614,203226,0,0,0,0,0,0,0
6466,-0.28360492,-0.5739231,-0.054418895,0.36179572,0.57753354,1.4943253,200958,0,0,0,0,0,0,0
6467,-1.6067102,-1.2400132,-0.06590973,0.34552574,1.893719,3.7128134,219401,0,0,0,0,0,0,0
6470,0,0,0,0,0,0,202402,0,0,0,0,0,0,0
6471,0,0,0,0,0,0,202403,0,0,0,0,0,0,0
6479,-0.055361748,-0.18649614,0.0013195407,0.056309275,0.1873226,1.5591551,189854,0,0,0,0,0,0,0
6480,-6.108451,-5.1354637,-1.6494229,6.9287047,5.179195,0.19594105,203608,0,0,0,0,0,0,0
6481,-1.6888509,-0.32296243,-0.013792512,0.8654019,0.7964051,0.21574877,197222,0,0,0,0,0,0,0
6482,-1.1141177,-0.88280755,-3.1236668,0.92173016,1.326794,-1.4883817,219405,0,0,0,0,0,0,0
6483,-3.4734404,-3.5237875,-2.4080725,3.381532,3.523786,-0.80230206,202405,0,0,0,0,0,0,0
6484,-0.54398024,-0.5024683,-0.03634906,0.54505116,0.5024683,0.946389,190300,0,0,0,0,0,0,0
6485,-1.1744894,-0.88283074,-3.0760746,0.9217645,1.3268275,0.29977745,219410,0,0,0,0,0,0,0
6486,-1.271816,-1.289043,-5.6771865,1.3377793,1.2810007,-0.045139737,202396,0,0,0,0,0,0,0
6487,-0.824478,-0.370544,0.000336111,0.846042,0.375147,0.129496,198021,0,0,0,0,0,0,0
6488,-0.221183,-0.301214,0.000336111,0.205028,0.319725,0.129496,198044,0,0,0,0,0,0,0
6489,-0.291735,-0.20573191,0.25645006,0.29855233,0.31078523,3.8431973,199829,0,0,0,0,0,0,0
6490,-0.291735,-0.20573191,0.25645006,0.29855233,0.31078523,3.8431973,199830,0,0,0,0,0,0,0
6491,-7.640697,-7.3802934,-0.047311205,7.640723,7.3802805,5.9228745,199478,0,0,0,0,0,0,0
6492,-8.646143,-9.321197,-0.069400504,8.696187,9.340156,119.38152,199906,0,0,0,0,0,0,0
6493,-3.1342785,-9.339543,-0.32547668,16.426971,2.2929132,4.5879936,199479,0,0,0,0,0,0,0
6494,-12.196256,-4.172665,-7.641315,13.246498,16.061077,6.2825007,199480,0,0,0,0,0,0,0
6495,-27.086836,-9.145718,-0.03637879,1.0160291,10.873855,8.091455,199481,0,0,0,0,0,0,0
6496,-13.48779,-10.004982,-7.6164155,16.049973,8.622571,3.2321568,199482,0,0,0,0,0,0,0
6497,-14.562705,-9.444602,-9.253162,17.542515,10.398112,3.3986542,199483,0,0,0,0,0,0,0
6498,-15.856749,-7.81391,-0.13602813,10.802941,7.06987,5.8661103,199489,0,0,0,0,0,0,0
6499,-20.222559,-14.348125,-0.33287698,10.350904,5.2527113,5.8718596,199536,0,0,0,0,0,0,0
6500,0.21556455,-9.94654,-0.14731525,16.777298,4.2835064,5.8824797,199526,0,0,0,0,0,0,0
6501,-0.065492906,-0.35881427,-0.2988583,0.06549294,0.39792058,2.0134974,189540,0,0,0,0,0,0,0
6502,-0.6568356,-0.86397624,-0.0039336416,0.6686213,0.8503398,0.9663264,200952,0,0,0,0,0,0,0
6503,0.3907143,-12.189014,0.0076859784,20.620113,1.883838,6.8980393,199527,0,0,0,0,0,0,0
6504,0.20733745,-3.788879,-0.061763924,17.014557,4.976232,21.895958,199528,0,0,0,0,0,0,0
6505,0.6327273,-11.432825,-0.059785772,22.153194,6.5058994,18.811451,199529,0,0,0,0,0,0,0
6506,2.2521186,-11.203452,-0.06634794,21.07492,8.462757,20.423738,199530,0,0,0,0,0,0,0
6507,0.23020642,-6.0803914,-0.052243285,22.45875,8.559681,20.634747,199531,0,0,0,0,0,0,0
6508,-1.0873628,-1.0741484,0,1.0394337,1.0867447,1.1319655,198604,0,0,0,0,0,0,0
6509,0,0,0,0,0,0,200985,0,0,0,0,0,0,0
6510,0,0,0,0,0,0,200991,0,0,0,0,0,0,0
6511,0,0,0,0,0,0,200994,0,0,0,0,0,0,0
6512,0,0,0,0,0,0,200998,0,0,0,0,0,0,0
6513,-2.1777022,-3.0810885,0.00062077824,1.1259547,1.7997521,2.8484876,189611,0,0,0,0,0,0,0
6514,-7.7897315,-4.4989605,-0.14292563,8.20503,2.4672327,6.5600505,190655,0,0,0,0,0,0,0
6515,0,0,0,0,0,0,200982,0,0,0,0,0,0,0
6516,0,0,0,0,0,0,200988,0,0,0,0,0,0,0
6517,0,0,0,0,0,0,200983,0,0,0,0,0,0,0
6518,0,0,0,0,0,0,200989,0,0,0,0,0,0,0
6519,0,0,0,0,0,0,200986,0,0,0,0,0,0,0
6520,0,0,0,0,0,0,200992,0,0,0,0,0,0,0
6521,0,0,0,0,0,0,200990,0,0,0,0,0,0,0
6522,0,0,0,0,0,0,200984,0,0,0,0,0,0,0
6523,0,0,0,0,0,0,200987,0,0,0,0,0,0,0
6524,0,0,0,0,0,0,200993,0,0,0,0,0,0,0
6525,-2.185926,-2.2908418,0.00046738377,2.185926,2.2908418,4.269588,202792,0,0,0,0,0,0,0
6526,-0.408625,-0.414608,-0.038905,0.431006,2.82279,1.11111,189135,0,0,0,0,0,0,0
6527,-1.1141175,-0.88280755,-3.0759044,0.92173004,1.3267941,-1.5607477,219409,0,0,0,0,0,0,0
6528,-0.1643842,-0.88213915,-0.6921643,0.12877029,0.88213915,0.69216424,199834,0,0,0,0,0,0,0
6529,-0.1642993,-0.6304556,-0.5956379,0.12771603,0.6304556,0.595638,199836,0,0,0,0,0,0,0
6530,-0.1596391,-0.8199651,-0.758385,0.13237625,0.8199652,0.7583848,199838,0,0,0,0,0,0,0
6531,-0.15820225,-0.9826742,-0.77104926,0.13381313,0.98267585,0.77104896,199840,0,0,0,0,0,0,0
6532,-0.1676079,-1.1102448,-0.8711458,0.12440749,1.1102448,0.8711456,199842,0,0,0,0,0,0,0
6533,-0.15881163,-0.88213915,-0.6921643,0.13320373,0.88213915,0.69216424,199844,0,0,0,0,0,0,0
6534,-0.16591424,-1.0254828,-1.0294338,0.12610117,1.0254827,1.0294338,199846,0,0,0,0,0,0,0
6535,-0.15936656,-0.88213915,-0.6921643,0.13264878,0.88213915,0.69216424,199848,0,0,0,0,0,0,0
6536,-0.12518317,-0.07686755,0.010039571,0.1208741,0.07564238,0.039103314,199832,0,0,0,0,0,0,0
6537,-0.4757204,-1.1815013,-2.6752074,0.4799028,1.1434916,0.17338689,199855,0,0,0,0,0,0,0
6538,-0.27123702,-1.5830349,0.0039357864,0.27338627,0.22225928,5.27581,199856,0,0,0,0,0,0,0
6539,-0.79549503,-1.2542465,-2.3636627,0.79580253,1.2554203,0.10427865,199857,0,0,0,0,0,0,0
6540,-0.71246165,-1.613844,-0.09685393,0.7132547,0.9845398,6.333345,199858,0,0,0,0,0,0,0
6541,-0.16030334,-2.012127,-1.0246146,0.26361227,1.9066442,0.89837617,199594,0,0,0,0,0,0,0
6542,-0.21071298,-5.7196794,-1.3122146,0.2132025,5.727095,0.89837617,199595,0,0,0,0,0,0,0
6543,-0.38596904,-0.49646622,-0.024514062,0.3850549,0.49504095,0.9872051,200995,0,0,0,0,0,0,0
6544,-0.38571796,-0.493733,-0.015446578,0.39039677,0.49777433,1.0182426,200996,0,0,0,0,0,0,0
6545,-0.049738336,-1.209419,0.23860233,0.06529494,1.1930134,6.617838,199849,0,0,0,0,0,0,0
6546,-0.1150331,-1.212691,0.60203254,0,1.1897415,6.9812684,199850,0,0,0,0,0,0,0
6547,-0.059132516,-1.1921556,0.45189708,0.055900753,1.2102768,6.831133,199852,0,0,0,0,0,0,0
6548,-0.11503311,-1.1935657,0.28607136,0,1.2088667,6.665307,199853,0,0,0,0,0,0,0
6549,-0.31747362,-0.24281712,-0.10423208,0.27948526,1.4115156,7.0739985,199851,0,0,0,0,0,0,0
6550,-0.29242507,-0.3105164,-0.24189278,0.15607984,1.8193531,6.8733344,199854,0,0,0,0,0,0,0
6551,-14.19036,-14.178838,-0.07933537,22.715382,1.2489582,3.7108777,199537,0,0,0,0,0,0,0
6552,-12.214972,-12.92724,-0.07408795,22.683645,1.9245352,3.8451984,199538,0,0,0,0,0,0,0
6553,-16.414492,-14.468472,-0.13805848,22.841667,2.3622649,5.226066,199539,0,0,0,0,0,0,0
6554,-13.1972,-6.512508,-0.14119907,22.744165,2.658289,4.5408006,199540,0,0,0,0,0,0,0
6555,-6.0236197,-3.7209146,-0.036409058,19.910156,8.325899,9.390011,199541,0,0,0,0,0,0,0
6556,-13.310124,-8.046622,-8.039677,7.9350944,7.6443906,14.945072,201524,0,0,0,0,0,0,0
6557,-8.186742,-8.046622,-8.039678,13.898637,7.6443906,13.590816,201526,0,0,0,0,0,0,0
6558,-0.111233,-0.222142,-0.000461111,0.100996,0.225542,0.603381,198024,0,0,0,0,0,0,0
6559,-1.1462591,-1.3013852,-0.21490487,1.137232,1.1632732,0.7644058,202417,0,0,0,0,0,0,0
6560,-16.008583,-7.2899084,-0.14055143,6.0023212,3.4676633,3.1043499,199484,0,0,0,0,0,0,0
6561,-2.5314972,1.2852806,-0.053982574,15.106936,7.3882847,1.4697336,199490,0,0,0,0,0,0,0
6562,-2.5523298,1.2674041,-0.040439,15.086129,8.3784685,13.533964,199491,0,0,0,0,0,0,0
6563,-2.248825,0.34422368,-0.045441285,15.068416,9.246867,5.3021455,199492,0,0,0,0,0,0,0
6564,-2.5630455,1.2729243,-0.054820485,18.505247,10.477384,13.545177,199493,0,0,0,0,0,0,0
6565,-2.2174835,0.35456744,-0.04132819,18.531296,10.350283,5.314288,199494,0,0,0,0,0,0,0
6566,-16.664473,-6.6120253,-0.043949395,5.7254386,3.8196814,6.106329,199485,0,0,0,0,0,0,0
6567,-16.992493,-7.2956185,-0.039271884,5.9997983,5.2188096,9.981579,199486,0,0,0,0,0,0,0
6568,-14.255632,-5.5556827,-0.016066233,5.322661,5.443703,9.212011,199487,0,0,0,0,0,0,0
6569,-15.881834,-4.877799,-0.0409781,5.0457783,5.316199,7.841871,199488,0,0,0,0,0,0,0
6570,-16.112907,-21.342508,-2.6130226,20.840487,20.170916,41.42421,202473,0,0,0,0,0,0,0
6571,-0.78877544,-0.26295704,0.695043,0.6724771,1.1326903,5.7867494,202450,0,0,0,0,0,0,0
6572,-8.646143,-9.321197,-0.069400504,8.696187,9.340156,119.38152,199919,0,0,0,0,0,0,0
6573,-1.2665834,-1.7336727,-0.78393686,1.5990179,1.0923463,9.596724,202448,0,0,0,0,0,0,0
6574,-5.7979183,-0.068624415,0.0072893426,22.54162,35.42705,12.874871,199507,0,0,0,0,0,0,0
6575,-6.024031,0.9860908,0.208597,16.551622,29.683018,8.683176,199508,0,0,0,0,0,0,0
6576,-5.5962358,0.97548276,0.32235265,17.185324,32.750465,11.292285,199509,0,0,0,0,0,0,0
6577,-5.2869434,1.1471784,0.24183732,11.063834,24.238583,9.23601,199510,0,0,0,0,0,0,0
6578,-5.069628,1.1365706,0.355593,15.857908,28.655731,10.46802,199511,0,0,0,0,0,0,0
6579,-5.2900867,1.3082663,0.27507767,16.45663,29.59524,11.892626,199512,0,0,0,0,0,0,0
6580,-3.2829485,-16.562952,-2.0521786,21.285336,0.5796864,3.1335387,199513,0,0,0,0,0,0,0
6581,-5.5243034,-19.312277,-3.1013393,20.779749,0.7082402,3.6007211,199514,0,0,0,0,0,0,0
6582,-5.06443,-13.463552,-2.3391266,20.162487,0.82287025,4.023337,199515,0,0,0,0,0,0,0
6583,-5.152857,-19.74454,-2.2738068,20.622953,0.67746574,2.6326213,199516,0,0,0,0,0,0,0
6584,-5.2919183,-12.356364,-0.6778658,20.502516,0.7920949,4.597849,199517,0,0,0,0,0,0,0
6585,-5.4357247,-17.585527,-0.3858442,20.622587,0.937506,5.910598,199518,0,0,0,0,0,0,0
6586,-1.6051326,-5.336232,-0.49795777,26.509245,7.1316376,5.458845,199495,0,0,0,0,0,0,0
6587,-1.7200837,-3.317362,-0.909097,29.028826,11.820688,5.8006725,199496,0,0,0,0,0,0,0
6588,-1.7326807,-4.954151,-0.38061395,26.342146,13.030322,6.563833,199497,0,0,0,0,0,0,0
6589,-1.9638021,-4.919714,-0.5191867,25.989702,10.764487,7.3678675,199498,0,0,0,0,0,0,0
6590,-1.9764059,-4.7938204,-0.4065984,26.471224,11.856782,9.266933,199499,0,0,0,0,0,0,0
6591,-2.207541,-4.756143,-0.5451753,18.662317,1.102374,12.540006,199500,0,0,0,0,0,0,0
6592,-26.23118,-2.6688604,-2.1531897,5.189107,10.711751,5.2549458,199501,0,0,0,0,0,0,0
6593,-20.8757,-3.267992,-0.4839519,1.9210474,8.446716,6.059933,199502,0,0,0,0,0,0,0
6594,-25.916609,-4.122205,-1.0263711,1.9356891,8.57306,7.074276,199503,0,0,0,0,0,0,0
6595,-23.325798,-2.1580565,-0.13972709,2.0668402,9.086484,7.5741324,199504,0,0,0,0,0,0,0
6596,-25.518091,-4.472594,-0.027895428,2.081475,5.1344776,8.579794,199505,0,0,0,0,0,0,0
6597,-23.522404,-5.498721,-0.1210639,2.212626,1.6337175,11.888249,199506,0,0,0,0,0,0,0
6598,-11.532453,-30.883816,-8.299467,24.591139,0.4448442,6.78643,199519,0,0,0,0,0,0,0
6599,-7.8361106,-32.9855,-8.205861,26.68608,0.49643475,0.3622827,199520,0,0,0,0,0,0,0
6600,-8.153458,-33.302235,-7.1644354,24.875315,0.48569766,4.0286937,199521,0,0,0,0,0,0,0
6601,-8.001064,-31.046438,-6.989737,27.503412,0.5255249,2.2582705,199522,0,0,0,0,0,0,0
6602,-6.797352,-33.282936,-7.068564,24.6737,0.5147877,3.015304,199523,0,0,0,0,0,0,0
6603,-6.0832357,-30.505253,-5.410109,25.096397,0.5546165,4.3633747,199524,0,0,0,0,0,0,0
6604,-0.4742989,-0.4601583,-2.0467503,0.74336565,0.49324852,0.0019024328,199597,0,0,0,0,0,0,0
6605,-3.3719914,-3.1191666,-0.18729113,2.7857983,3.3028564,3.1893241,202348,0,0,0,0,0,0,0
6606,-0.625425,-0.66195,0.000936111,0.617536,0.66195,0.793317,198163,0,0,0,0,0,0,0
6607,-0.38114777,-0.3287795,-0.0003886499,0.33050075,0.31832004,1.2684109,198273,0,0,0,0,0,0,0
6608,-1.3093363,-1.177838,0.014511529,0.8138629,0.9353054,1.8598627,198952,0,0,0,0,0,0,0
6609,-0.12822571,-0.18563868,-0.012325392,0.12286279,0.18331045,0.151521,198263,0,0,0,0,0,0,0
6610,-0.2547364,-0.18563868,0.0044281282,0.24824207,0.18331045,0.33217087,198264,0,0,0,0,0,0,0
6611,-0.12822571,-0.18271387,0.0026123242,0.12286279,0.18623526,0.16645871,198265,0,0,0,0,0,0,0
6612,-1.4333249,-1.261484,-0.01586427,1.6212348,1.2210308,0.9871926,197576,0,0,0,0,0,0,0
6613,-0.9906635,-1.4513277,-0.08961425,1.1185621,0.93209714,0.7125449,199357,0,0,0,0,0,0,0
6614,-0.694444,-0.694444,0,0.694444,0.694444,1.38889,219363,0,0,0,0,0,0,0
6621,-0.073974244,-1.6390465,0.9632595,0.47603443,1.7113869,4.993206,191029,0,0,0,0,0,0,0
6622,0,-4.3221846,-0.037727404,0.49887854,4.3221846,9.108704,202202,0,0,0,0,0,0,0
6623,-1.3791103,-0.36817348,-0.57934326,1.4589258,0.6947065,0.78533393,199717,0,0,0,0,0,0,0
6624,0,0,0,0,0,0,0,0,0,0,0,0,0,0
6634,-0.8081165,-0.9060632,-0.17345627,0.6727489,0.9273322,2.0657554,200192,0,0,0,0,0,0,0
6635,-0.08316392,-2.012127,-1.3639519,0.3035789,1.9066442,0.89837617,200190,0,0,0,0,0,0,0
6636,-0.14578304,-5.7467237,-1.363952,0.24095988,5.6909194,0.89837617,200191,0,0,0,0,0,0,0
6637,0,0,0,0,0,0,116298,0,0,0,0,0,0,0
6638,-10.356782,-13.082204,3.1465101,12.629656,14.232603,16.293972,197766,0,0,0,0,0,0,0
6639,-6.0694165,-5.0431247,-0.004196922,6.922536,5.4354076,6.9586453,197767,0,0,0,0,0,0,0
6640,0.0072227097,-1.16271,-0.42066956,0.7064002,1.1576768,4.4039903,200187,0,0,0,0,0,0,0
6641,-0.017526085,-1.0342255,-0.23897405,0.6110813,1.216498,4.479789,200189,0,0,0,0,0,0,0
6642,-0.29671302,-0.25836408,0.0010010819,0.32447916,0.256198,0.87114435,200185,0,0,0,0,0,0,0
6643,-0.8969247,-3.4390073,-4.0406065,0.59997445,3.449713,3.5979025,200195,0,0,0,0,0,0,0
6644,-0.08964212,-0.2931939,-0.0028162666,0.089843445,0.2931939,0.6702562,200170,0,0,0,0,0,0,0
6645,-1.26,-1.26,-0.0025460455,1.26,1.8111458,5.52963,189536,0,0,0,0,0,0,0
6646,-0.777258,-0.686081,5.55556E-05,0.789086,0.676428,0.306111,198209,0,0,0,0,0,0,0
6647,-0.205153,-0.478117,-0.10473,0.246682,0.34995,0.373894,198202,0,0,0,0,0,0,0
6648,-0.236301,-0.600442,-0.0957336,0.236492,0.25053,0.357781,198204,0,0,0,0,0,0,0
6649,-1.0768453,-1.0296284,-0.18526927,1.0180416,1.0645443,1.4418865,200194,0,0,0,0,0,0,0
6650,-2.6332238,-2.531554,-2.3694427,1.6529036,2.501107,3.1692848,219544,0,0,0,0,0,0,0
6651,-1.5070481,-1.5240412,-0.00024142349,1.532441,1.5154479,0.39548647,200940,0,0,0,0,0,0,0
6652,-2.3958633,-10.337113,0.2947585,2.098913,10.347819,23.2311,200196,0,0,0,0,0,0,0
6653,-0.69290745,-3.4862583,0.0349378,1.4065301,3.4812253,14.522064,200188,0,0,0,0,0,0,0
6654,-2.0828552,-2.0828552,-6.939662E-07,2.0828552,2.0828552,-6.939662E-07,200165,0,0,0,0,0,0,0
6655,-0.8003006,-2.144281,-0.39710993,0.84903413,2.1399586,3.8104367,200167,0,0,0,0,0,0,0
6656,-0.6157037,-0.66195375,0,0.6157037,0.66195375,1.24297,200181,0,0,0,0,0,0,0
6657,-2.171396,-2.7419567,-0.37062362,2.2752354,2.7632256,6.3531127,200193,0,0,0,0,0,0,0
6658,-11.197312,-11.904131,-0.29306412,11.741693,11.694826,45.41639,190967,0,0,0,0,0,0,0
6659,-14.120116,-14.117859,0,14.11501,14.117269,1.6785821,200979,0,0,0,0,0,0,0
6660,-0.7568827,-0.7444165,-0.00029925504,0.730573,0.7373658,1.2395786,200977,0,0,0,0,0,0,0
6661,-0.7568827,-0.7444165,-0.00029925504,0.730573,0.7373658,1.2395786,200976,0,0,0,0,0,0,0
6662,-0.6979811,-0.41495955,-0.017176269,0.22594158,0.37362128,0.88119537,189751,0,0,0,0,0,0,0
6663,-0.6048561,-1.2124518,0,0.5288618,1.2056409,5.9223633,203013,0,0,0,0,0,0,0
6664,-31.582258,-20.04142,-41.482784,35.329723,31.821201,55.071186,190968,0,0,0,0,0,0,0
6665,-0.27628118,-1.0719926,-0.25968587,0.531989,0.9790411,1.7912699,201472,0,0,0,0,0,0,0
6666,-0.45347977,-0.7757858,-2.0095923,0.4786288,0.79883146,0.14164479,191096,0,0,0,0,0,0,0
6667,-3.1553488,-6.811662,-5.2935476,3.264416,7.1472845,7.429056,190963,0,0,0,0,0,0,0
6668,-1.6377914,-17.739277,-0.011469678,1.7274233,15.072667,20.731058,190755,0,0,0,0,0,0,0
6669,-0.58567446,-9.076547,-6.260057,0.71923846,8.022455,3.4580915,201190,0,0,0,0,0,0,0
6671,-0.54208356,-0.5421825,0.6189668,0.544417,0.54431796,1.0944611,201046,0,0,0,0,0,0,0
6672,0,0,0,0,0,0,203992,0,0,0,0,0,0,0
6673,0,0,0,0,0,0,203991,0,0,0,0,0,0,0
6674,0,0,0,0,0,0,203990,0,0,0,0,0,0,0
6675,0,0,0,0,0,0,203993,0,0,0,0,0,0,0
6676,0,0,0,0,0,0,203994,0,0,0,0,0,0,0
6677,0,0,0,0,0,0,203996,0,0,0,0,0,0,0
6678,-17.386515,-21.479507,-5.317805,17.656475,21.383335,53.361958,201077,0,0,0,0,0,0,0
6679,-10.395157,-10.42681,0.0012918733,10.475291,10.443639,2.0075881,201111,0,0,0,0,0,0,0
6684,0,0,0,0,0,0,204006,0,0,0,0,0,0,0
6685,0,0,0,0,0,0,204007,0,0,0,0,0,0,0
6686,-0.35967776,-0.5536561,-0.04832556,0.66816866,0.14753027,0.5142484,190441,0,0,0,0,0,0,0
6687,0,0,0,0,0,0,203998,0,0,0,0,0,0,0
6688,0,0,0,0,0,0,203997,0,0,0,0,0,0,0
6689,0,0,0,0,0,0,203995,0,0,0,0,0,0,0
6690,0,0,0,0,0,0,204065,0,0,0,0,0,0,0
6691,0,0,0,0,0,0,204051,0,0,0,0,0,0,0
6692,0,0,0,0,0,0,204047,0,0,0,0,0,0,0
6693,0,0,0,0,0,0,204041,0,0,0,0,0,0,0
6694,0,0,0,0,0,0,204044,0,0,0,0,0,0,0
6695,-5.9416313,-10.419564,-71.713196,7.1701374,10.345967,50.45688,203987,0,0,0,0,0,0,0
6696,0,0,0,0,0,0,204050,0,0,0,0,0,0,0
6697,0,0,0,0,0,0,204052,0,0,0,0,0,0,0
6698,0,0,0,0,0,0,204048,0,0,0,0,0,0,0
6699,-2.9392197,-2.88587,-42.090015,2.9337282,2.8952098,-30.588846,204045,0,0,0,0,0,0,0
6700,-2.9392197,-2.88587,-42.090015,2.9337282,2.8952098,-30.588846,204042,0,0,0,0,0,0,0
6701,0,0,0,0,0,0,204024,0,0,0,0,0,0,0
6702,0,0,0,0,0,0,189972,0,0,0,0,0,0,0
6703,-6.373138,-7.7336097,-0.69616276,6.004484,5.0018873,20.293634,191026,0,0,0,0,0,0,0
6704,-1.4108924,-1.1917305,-0.05175421,1.4407398,1.2113012,5.6127005,202841,0,0,0,0,0,0,0
6707,-0.3720249,-1.1838843,-0.19130531,0.04991742,1.1934286,6.3372645,199070,0,0,0,0,0,0,0
6708,-1.1451505,-0.45810392,-0.00073693343,1.1340519,0.4372969,0.5898596,200208,0,0,0,0,0,0,0
6709,-0.4569474,-1.3450577,-0.0686743,0.7116856,1.3458889,4.272403,197959,0,0,0,0,0,0,0
6714,-0.34286135,-0.37080055,-0.034101624,0.25920323,0.36466548,0.89726764,191177,0,0,0,0,0,0,0
6737,-0.6157037,-0.66195375,0,0.6157037,0.66195375,1.24297,200096,0,0,0,0,0,0,0
6738,-4.3489513,-4.318132,-0.20037012,4.4007835,4.3456645,5.2274375,197383,0,0,0,0,0,0,0
6739,-1.04119,-1.04119,0.006925,1.2305,1.41981,0.006925,189196,0,0,0,0,0,0,0
6740,-1.32084,-1.32084,0.0199289,1.56099,1.80115,0.0199289,189197,0,0,0,0,0,0,0
6742,-1.4646101,-1.8122228,-2.4769788,1.4315653,1.9724598,-0.38734117,219407,0,0,0,0,0,0,0
6745,-1.0768453,-1.0296284,-0.18526927,1.0180416,1.0645443,1.4418865,200108,0,0,0,0,0,0,0
6746,-0.8081165,-0.9060632,-0.17345627,0.50705355,0.9273322,2.0657554,200107,0,0,0,0,0,0,0
6747,-48.438927,-43.47591,-0.69248164,58.20396,38.42862,10.687016,204038,0,0,0,0,0,0,0
6748,-2.3958633,-10.337113,0.2947585,2.098913,10.347819,23.2311,200109,0,0,0,0,0,0,0
6752,-1.8899609,-2.102166,-0.9444682,1.9768173,1.9786197,3.4422615,201047,0,0,0,0,0,0,0
6754,-5.1888947,-5.2120986,-0.9141076,5.164497,5.1412926,6.1614933,200080,0,0,0,0,0,0,0
6755,-5.1888947,-5.2120986,-0.9141076,5.1644907,5.1412926,6.1614933,200081,0,0,0,0,0,0,0
6756,-5.1888947,-5.2120986,-0.9141076,5.1644907,5.1412926,6.1614933,200082,0,0,0,0,0,0,0
6761,-0.29671302,-0.25836408,0.0010010819,0.32447916,0.256198,0.87114435,200092,0,0,0,0,0,0,0
6762,-0.7178827,-4.4418845,0.7145903,1.3874474,4.330234,14.127403,200102,0,0,0,0,0,0,0
6763,-0.038211193,-1.4737324,0.10541878,0.66169685,1.4425212,4.564451,200103,0,0,0,0,0,0,0
6764,-0.08350336,-0.08265657,0,0.084634386,0.085481174,0.08587362,200093,0,0,0,0,0,0,0
6765,-0.64247406,-0.6421313,-0.010660653,0.6500191,0.6503618,1.9582288,200091,0,0,0,0,0,0,0
6766,-0.059793334,-2.14804,-1.5551337,0.4863764,2.1464472,0.7524192,200104,0,0,0,0,0,0,0
6769,-0.059793334,-5.399183,-1.5551337,0.4863764,5.284871,0.75241923,200106,0,0,0,0,0,0,0
6770,-7.069723,-19.228615,-58.809517,18.45513,18.332697,16.515833,204031,0,0,0,0,0,0,0
6771,-1.1119448,-1.115043,-3.0652072E-07,1.111359,1.1092325,7.724047,200099,0,0,0,0,0,0,0
6774,-6.018215,-6.0181737,3.848695,6.0181665,6.018183,3.924703,204040,0,0,0,0,0,0,0
6775,0,0,0,0,0,0,204019,0,0,0,0,0,0,0
6785,0,0,0,0,0,0,204013,0,0,0,0,0,0,0
6786,-5.1888947,-5.2120986,-0.9141076,5.164497,5.1412926,6.1614933,200083,0,0,0,0,0,0,0
6787,0,0,0,0,0,0,204043,0,0,0,0,0,0,0
6788,0,0,0,0,0,0,204046,0,0,0,0,0,0,0
6789,0,0,0,0,0,0,204049,0,0,0,0,0,0,0
6790,0,0,0,0,0,0,204053,0,0,0,0,0,0,0
6820,-0.42373613,-0.8618667,0.025340835,0.37683612,0.7042306,2.0071669,190928,0,0,0,0,0,0,0
6834,-0.64740396,-0.73204815,-0.6948942,0.71575487,0.8731726,17.997324,200264,0,0,0,0,0,0,0
6859,0,0,0,0,0,0,201004,0,0,0,0,0,0,0
6860,0,0,0,0,0,0,201005,0,0,0,0,0,0,0
6862,-1.323856,-1.3630121,-2.9205823,1.2041532,1.5720328,1.005506,200154,0,0,0,0,0,0,0
6871,-2.5558903,-3.1108608,-0.27727273,2.4034188,3.167576,6.9758377,200151,0,0,0,0,0,0,0
6872,0,0,0,0,0,0,201085,0,0,0,0,0,0,0
6873,-1.1616207,-0.6900978,-0.00822197,1.6454194,0.67500585,2.4931905,191109,0,0,0,0,0,0,0
6876,-4.033803,-4.261923,-1.7959745,3.9486275,4.261922,1.4638844,200156,0,0,0,0,0,0,0
6895,-0.54398024,-0.50272715,-0.03634906,0.658614,0.5024683,0.99226886,200152,0,0,0,0,0,0,0
6899,-0.9069,-0.1425,-0.001187,0.62,0.1585,1.267,192793,0,0,0,0,0,0,0
6912,-1.0082899,-0.7656911,-0.013402974,0.5963567,0.82594883,0.74370354,198755,0,0,0,0,0,0,0
6913,-2.1322296,-4.2298565,-1.5869108,1.6915637,4.3992033,7.0365663,198781,0,0,0,0,0,0,0
6914,-1.3005611,-2.254781,-0.19121046,2.818147,2.7069736,2.6079066,198949,0,0,0,0,0,0,0
7074,-0.6543,-0.4606,-0.01389,0.5837,0.4606,1.206,197659,0,0,0,0,0,0,0
7748,-2.139699,-6.4830933,-5.7659783,2.0975955,6.4830933,7.8108006,194762,0,0,0,0,0,0,0
7896,-0.769786,-0.905264,-0.304432,0.536427,0.875745,1.23366,194748,0,0,0,0,0,0,0
8062,-1.4077666,-1.4077667,-0.8052977,1.4077666,1.4077665,1.6423304,195041,0,0,0,0,0,0,0
8091,-3.59417,-3.61678,0.0222234,3.64494,7.44072,15.8778,194468,0,0,0,0,0,0,0
8092,-0.7063,-0.374,-1.9,0.3905,0.3951,1.762,194470,0,0,0,0,0,0,0
8095,-0.8926,-0.8987,0.06559,0.118,0.9094,1.177,194466,0,0,0,0,0,0,0
8096,-0.9141,-2.255,0.05144,0.2111,2.259,1.3,194464,0,0,0,0,0,0,0
8103,-0.8228,-12.42,-1.723E-06,0.7995,12.5,22.07,243112,0,0,0,0,0,0,0
8110,-0.5746498,-0.94631535,-0.09503598,0.642828,0.9858431,3.6495478,242720,0,0,0,0,0,0,0
8112,-18.3031,-9.62616,-10.3854,17.4297,4.92872,19.0108,243113,0,0,0,0,0,0,0
8121,-13.9385,-9.15658,-10.3056,15.6402,5.04999,42.0628,243118,0,0,0,0,0,0,0
8138,-0.6959,-0.9703,-3.299,7.007,0.9816,3.674,243174,0,0,0,0,0,0,0
8139,-0.6959,-0.9703,-3.299,7.007,0.9816,3.674,243152,0,0,0,0,0,0,0
8140,-0.6959,-0.9703,-3.299,7.007,0.9816,3.674,243161,0,0,0,0,0,0,0
8141,-0.6959,-0.9703,-3.299,7.007,0.9816,3.674,243181,0,0,0,0,0,0,0
8142,-0.6959,-0.9703,-3.299,7.007,0.9816,3.674,243163,0,0,0,0,0,0,0
8144,-0.6959,-0.9703,-3.299,7.007,0.9816,3.674,243170,0,0,0,0,0,0,0
8145,-0.6959,-0.9703,-3.299,7.007,0.9816,3.674,243177,0,0,0,0,0,0,0
8146,-0.6959,-0.9703,-3.299,7.007,0.9816,3.674,243156,0,0,0,0,0,0,0
8147,-0.006675,-2.777,-3.591,4.053,3.207,3.129,243157,0,0,0,0,0,0,0
8148,-1.39,-2.787,-5.401,2.244,2.856,2.841,243159,0,0,0,0,0,0,0
8149,-0.5845,-3.445,-3.591,5.336,3.439,4.755,243164,0,0,0,0,0,0,0
8150,-0.1975,-1.183,-1.952,0.9904,1.183,1.954,243165,0,0,0,0,0,0,0
8153,-0.5845,-3.822,-3.591,4.067,3.843,3.008,243175,0,0,0,0,0,0,0
8156,-0.9247,-9.212,0.1274,1.021,9.279,26.1,243119,0,0,0,0,0,0,0
8157,-0.857,-12.42,-1.723E-06,0.7995,12.5,22.07,243120,0,0,0,0,0,0,0
8160,-0.98387074,-2.6576095,0.11146206,0.78458774,2.5726876,10.268411,243147,0,0,0,0,0,0,0
8161,-0.6959,-0.9703,-3.299,7.007,0.9816,3.674,243168,0,0,0,0,0,0,0
8162,-0.6959,-0.9703,-3.299,7.007,0.9816,3.674,243179,0,0,0,0,0,0,0
8170,-0.6012,-0.3636,-0.2311,0.2653,0.2908,1.618,194750,0,0,0,0,0,0,0
8204,-0.7516,-0.4176,0.005061,0.2163,0.4514,1.443,243011,0,0,0,0,0,0,0
8205,-0.63028,-0.409501,-0.00214918,0.197406,0.411081,1.42266,243010,0,0,0,0,0,0,0
8206,-0.5658,-0.5411,-0.07369,0.5466,0.5164,1.244,243054,0,0,0,0,0,0,0
8248,-0.6411,-1.937,0.05979,0.1658,1.928,0.6879,194465,0,0,0,0,0,0,0
8304,-1.756,-1.811,-0.04403,1.811,2.09,1.331,242964,0,0,0,0,0,0,0
8503,-3.5152,-2.30877,-2.26907,3.36494,2.6832,2.53084,243200,0,0,0,0,0,0,0
8507,-0.1415,-0.1642,-0.0007498,0.114,0.1684,0.2787,243188,0,0,0,0,0,0,0
8509,-1.225,-0.9835,-0.008229,0.4469,0.9783,1.815,244140,0,0,0,0,0,0,0
8510,-1.225,-0.9644,-0.01839,0.4499,0.9329,1.045,244139,0,0,0,0,0,0,0
9041,-5.755,-6.72,-3.921,5.755,6.742,9.49,311582,0,0,0,0,0,0,0
9043,-5.702,-6.639,-3.841,5.701,6.654,9.484,311588,0,0,0,0,0,0,0
9684,-2.04,-1.117,-0.3873,2.211,3.367,6.12,378550,0,0,0,0,0,0,0
10328,-0.138889,-0.138889,-0.138889,0.138889,0.138889,0.138889,166046,0,0,0,0,0,0,0
12419,-0.2705,-0.327,0,0.2891,0.3363,0.2778,203198,0,0,0,0,0,0,0
32201,-8.206354,-10.314886,-9.025423,9.1398115,10.004897,18.479843,1315150,0,0,0,0,0,0,0
66993,-0.25707775,-5.5526266,-0.36146036,0.26382637,5.5245304,-0.0709281,527813,0,0,0,0,0,0,0
72438,-0.61634487,-5.5804048,-1.2258979,0.63179547,5.552308,17.590115,1719969,0,0,0,0,0,0,0
72553,-1.7231745,-1.8575886,-0.33167496,0.59615785,1.3432337,2.7171338,124155,0,0,0,0,0,0,0
72554,0.075827174,-0.29797974,-0.2777778,0.075827256,0.25757584,0.2777778,166432,0,0,0,0,0,0,0
72555,-2.2315876,-4.810636,-0.09741423,2.0271237,4.810636,3.698157,124297,0,0,0,0,0,0,0
73127,-0.26135826,-0.24597117,0,0.26350313,0.23642267,0.06047662,198147,0,0,0,0,0,0,0
73175,-0.27693418,-0.2667229,-0.07166772,0.3195533,0.2885504,0.068577275,201743,0,0,0,0,0,0,0
73176,-1.0520945,-2.4709444,-0.019940374,1.2583177,2.4254901,4.2652574,198965,0,0,0,0,0,0,0
73177,-0.34492177,-0.16345772,-0.0004398293,0.15474576,0.16193028,1.1200479,199825,0,0,0,0,0,0,0
73178,-0.15465207,-0.039000485,-0.046522282,0.6864069,0.050250333,0.04732158,145306,0,0,0,0,0,0,0
73180,-0.15465209,-0.039000485,-0.046522334,0.6864069,0.05025033,0.047321543,167129,0,0,0,0,0,0,0
73265,-0.7506961,-0.8755315,-0.0036894626,0.8441715,0.7825775,1.3512913,198792,0,0,0,0,0,0,0
73277,0,0,0,0,0,0,165434,0,0,0,0,0,0,0
73308,-6.3778505,-8.456197,-0.15664561,6.292675,8.456197,3.6967964,190970,0,0,0,0,0,0,0
73490,-1.0317516,-1.1501955,-0.01211261,1.2421021,1.2614372,18.808407,203054,0,0,0,0,0,0,0
73866,-0.18418187,-0.17081848,-0.07770067,0.17459333,0.16963722,1.9753565,199816,0,0,0,0,0,0,0
74145,-1.2580372,-0.5410962,0.0026910885,1.258037,0.5410962,0.43935946,202421,0,0,0,0,0,0,0
74180,-0.15279783,-0.08284035,-0.0069143684,0.09827579,0.08237673,0.16860574,189684,0,0,0,0,0,0,0
74330,-0.8771098,-1.0185077,-1.372122,1.0025426,1.0619617,1.5561874,165889,0,0,0,0,0,0,0
74331,-2.218012,-2.4457788,-2.4589531,2.218012,2.457531,2.4443572,166824,0,0,0,0,0,0,0
80241,0,-0.6944445,-0.6944444,0,0.6944445,0.6944444,2199509,0,0,0,0,0,0,0
80252,-7.2168946,-8.333352,-5.6943116,7.2168756,8.33334,8.333332,202440,0,0,0,0,0,0,0
80253,-3.5693734,-3.9867206,-1.718531,3.8757832,2.9044259,2.1983805,219341,0,0,0,0,0,0,0
80257,-3.5258658,-3.140228,-0.02752104,3.6823697,3.1347477,9.747421,203911,0,0,0,0,0,0,0
80258,-2.6375592,-3.7740026,-0.03379259,2.6375592,3.774007,21.101349,200572,0,0,0,0,0,0,0
80259,-4.8923593,-4.9099717,-5.2765408,5.687453,5.806044,4.7720513,201988,0,0,0,0,0,0,0
80519,-1.5871879,-2.4194524,0,0.26826254,2.416873,8.734192,200202,0,0,0,0,0,0,0
81247,-0.96814805,-1.1887634,-0.00215643,1.2114264,1.0555391,3.8106952,197845,0,0,0,0,0,0,0
81249,-0.24392591,-0.89833766,-0.2835899,0.2532541,2.101124,1.6117312,197846,0,0,0,0,0,0,0
81250,-0.9553956,-0.6830346,-0.00025163125,1.3191301,0.69438726,3.3228061,197847,0,0,0,0,0,0,0
81625,-2.5812244,-5.263427,-0.22283867,2.0248857,4.854215,9.56448,200338,0,0,0,0,0,0,0
82080,-0.6401784,-0.41239607,0,0.65167266,0.44143867,0.11672682,203402,0,0,0,0,0,0,0
82082,-0.8634657,-0.8432582,1.2986141,0.5835614,0.8432582,3.1254575,199034,0,0,0,0,0,0,0
82371,-1.1280628,-1.1908311,0,1.4566483,1.2642609,3.1442482,190141,0,0,0,0,0,0,0
82372,-1.5337261,-1.5528594,0.07244412,1.559119,1.5399853,5.9666476,190542,0,0,0,0,0,0,0
83235,-0.30525652,-0.6221786,0.16128932,0.3303443,0.6956972,3.4176178,125990,0,0,0,0,0,0,0
83668,-1.2448469,-5.3411684,-0.953299,1.5561982,4.336664,9.482718,200337,0,0,0,0,0,0,0
83800,-1.9435346,-1.8803071,-0.05765284,1.9164028,1.9019538,0.3387181,202803,0,0,0,0,0,0,0
83915,-2.04296,-2.40107,-0.182622,2.0618,2.08737,5.02545,198936,0,0,0,0,0,0,0
84129,-10.338842,-15.247894,-5.226795,4.0786743,18.459732,20.203312,190760,0,0,0,0,0,0,0
84161,-1.4515707,-1.1371496,-0.2635455,1.3069388,1.5074203,0.47953883,199226,0,0,0,0,0,0,0
84162,-3.0304792,-3.30323,-0.03587695,3.0304794,3.2312691,1.8901994,199452,0,0,0,0,0,0,0
84194,-1.9688333,-1.3375528,-0.0196425,1.5344834,0.98753613,4.9167004,190192,0,0,0,0,0,0,0
84195,-0.9079327,-0.914364,-0.12097844,0.8152224,0.9875886,0.42775625,198948,0,0,0,0,0,0,0
84196,-1.1925213,-2.0270898,-0.16426006,1.0262926,2.0393164,1.1872747,197831,0,0,0,0,0,0,0
84197,-2.818,-45.59,-8.686,18.16,18.46,52.46,202305,0,0,0,0,0,0,0
84198,-0.43797874,-0.17319311,-0.15802255,0.46526757,0.17346255,0.3666086,199049,0,0,0,0,0,0,0
84199,-0.215338,-0.428242,-0.0866644,0.236497,0.401775,0.364517,198208,0,0,0,0,0,0,0
84200,-0.39920014,-0.0995017,0.001339719,0.4328197,0.09331611,0.13195302,199708,0,0,0,0,0,0,0
84241,-0.0631633,-0.171862,0.000166667,0.0547689,0.166128,0.419719,198039,0,0,0,0,0,0,0
84258,-6.747809,-17.185526,-0.9828393,5.8842163,15.566022,-0.9797976,203138,0,0,0,0,0,0,0
84336,-0.5466425,-0.61267513,0,0.71387875,0.5535363,0.10216311,198422,0,0,0,0,0,0,0
84340,-0.48124993,-0.8192495,0,0.6465019,0.81807166,3.3804312,200593,0,0,0,0,0,0,0
84391,-0.0631636,-0.171862,0.00611083,0.0547683,0.166128,0.42565,198037,0,0,0,0,0,0,0
84402,-0.4320771,-1.5487765,0,0.43207723,1.5296346,3.4786646,197286,0,0,0,0,0,0,0
84408,-0.428666,-1.5392443,0,0.428666,1.5354915,1.5707749,197284,0,0,0,0,0,0,0
84409,-0.3990445,-1.4304236,0,0.43428877,1.4332296,1.5696102,197279,0,0,0,0,0,0,0
84499,-0.79479784,-2.0664036,-0.25663123,0.43246013,2.1840189,8.497415,5332514,0,0,0,0,0,0,0
84618,0,0,0,0,0,0,110342,0,0,0,0,0,0,0
84619,-0.29286233,-0.2738885,-0.20650534,0.34873822,0.27378353,0.39071295,199054,0,0,0,0,0,0,0
84620,0,0,0,0,0,0,110491,0,0,0,0,0,0,0
84659,0,0,0,0,0,0,110494,0,0,0,0,0,0,0
84660,0,0,0,0,0,0,110602,0,0,0,0,0,0,0
84661,0,0,0,0,0,0,113797,0,0,0,0,0,0,0
84663,-3.1551335,-6.850651,-0.70602113,2.6798062,5.4361815,5.029998,201600,0,0,0,0,0,0,0
84664,-2.877394,-1.1162517,-0.6718208,2.8134758,1.4733278,0.916608,190434,0,0,0,0,0,0,0
84744,-0.13393433,-0.19776931,-0.1408262,0.28119648,0.20125024,0.2048299,147027,0,0,0,0,0,0,0
84751,-0.92694145,-0.8122939,-0.019367406,0.7468239,0.7316025,0.87251395,201446,0,0,0,0,0,0,0
84795,-0.113822,-0.222142,5.55556E-05,0.0984081,0.225542,0.6039,198023,0,0,0,0,0,0,0
84818,-0.0631633,-0.171862,-0.00116944,0.0547689,0.166128,0.418369,198038,0,0,0,0,0,0,0
84825,0,-0.36440375,-0.5269309,0.09539593,0.3644038,0.52693087,198639,0,0,0,0,0,0,0
84826,-0.157976,-0.170226,-0.311119,0.264837,0.166291,0.0256483,197874,0,0,0,0,0,0,0
84855,-1.5690877,-1.4864931,-0.049434368,1.5699426,1.5128483,3.4408646,198946,0,0,0,0,0,0,0
84856,-2.187651,-2.074814,-0.16142786,2.1828208,2.1011689,3.91947,198931,0,0,0,0,0,0,0
84869,-1.6013006,-2.1328592,-0.005552292,1.5953053,1.9891592,4.129309,198563,0,0,0,0,0,0,0
84871,-2.885591,-1.3128195,-1.1394029,2.3357537,1.5673959,2.5828235,126171,0,0,0,0,0,0,0
84873,-1.1511613,-1.1103851,0.010947597,1.0694847,1.1367397,2.1205096,201662,0,0,0,0,0,0,0
84925,-0.4131287,-0.4432427,-0.4069314,0.42097178,0.40936425,0.42716908,166031,0,0,0,0,0,0,0
85282,-3.2638197,-4.8693333,-0.43745092,2.8640912,3.825982,4.411617,203540,0,0,0,0,0,0,0
85283,-4.698916,-7.9846516,-0.5844447,6.6780605,5.5171666,11.606981,203539,0,0,0,0,0,0,0
85330,-0.37448433,-0.7027319,-0.026395043,0.8716832,0.6142209,0.85814303,200065,0,0,0,0,0,0,0
85331,-0.37448433,-0.7027319,-0.026395043,0.8716832,0.6142209,0.85814303,197193,0,0,0,0,0,0,0
85549,-0.22506359,-0.42174214,-0.41524178,0.5876291,0.39448875,0.39745092,147013,0,0,0,0,0,0,0
85550,-1.0157019,-0.061720107,-0.085026436,0.5285601,0.0696545,0.13569103,199444,0,0,0,0,0,0,0
85670,-5.708375,-4.4396353,-0.12688108,5.901723,4.7999673,5.3255754,198764,0,0,0,0,0,0,0
85671,-2.1118822,-3.4362912,0.022070002,4.1590104,3.7596986,0.67843163,198765,0,0,0,0,0,0,0
85672,-5.2562914,-0.0756049,-1.5431764,0,2.035028,5.5870314,199083,0,0,0,0,0,0,0
85673,-1.1459253,-1.3530844,-0.099015094,0.4008857,1.3581027,9.393285,199174,0,0,0,0,0,0,0
85674,-0.34254262,-1.5856442,0.05209959,0.31838498,1.5850631,5.587056,199173,0,0,0,0,0,0,0
85675,-9.932829,-9.601012,-18.3228,9.600088,9.931905,20.445839,198798,0,0,0,0,0,0,0
85676,-0.54583585,-0.7612169,-0.005398008,0.4807881,0.75633186,1.5927383,198785,0,0,0,0,0,0,0
85677,-0.4832622,-0.9951437,-0.010652709,0.5866093,0.58242524,1.1298805,198786,0,0,0,0,0,0,0
85678,-0.47755507,-0.5783845,-0.0007458197,0.49795157,0.41577375,1.1644137,198787,0,0,0,0,0,0,0
85679,-0.5206265,-0.563495,-0.02272303,0.52331746,0.5005952,1.728673,198788,0,0,0,0,0,0,0
85680,-0.52424425,-0.96243775,0.006355074,0.47615445,0.6638609,1.8852155,198789,0,0,0,0,0,0,0
85681,-0.5687839,-0.65793544,-0.30601868,0.5227898,0.49866676,1.649978,198790,0,0,0,0,0,0,0
85682,-0.40326482,-0.6041396,-0.0025674384,0.37898237,0.68031055,1.6513392,198791,0,0,0,0,0,0,0
85683,-0.4996834,-0.6025942,-0.041432228,0.6180223,0.59888995,2.45039,198793,0,0,0,0,0,0,0
85684,-0.6146501,-0.5024348,-0.0030849585,0.4774083,0.744944,1.2404836,198794,0,0,0,0,0,0,0
85685,-0.8999831,-2.5499508,-0.46001258,2.3343494,2.6962051,5.574855,197789,0,0,0,0,0,0,0
85686,-16.280674,-5.086121,-0.7022749,5.965017,5.556766,21.579323,198332,0,0,0,0,0,0,0
85687,-26.565233,-5.086121,-0.7022749,5.965017,5.556766,21.579323,198333,0,0,0,0,0,0,0
85688,-18.407969,-3.562333,-6.1460996,1.771717,4.0993943,11.094059,198334,0,0,0,0,0,0,0
85858,-30.39753,-15.796287,14.664836,-19.092512,17.049334,39.723515,219757,0,0,0,0,0,0,0
85862,-2.529459,-2.8022087,-2.5664525,2.492467,2.7987573,4.785679,165829,0,0,0,0,0,0,0
86149,-21.696934,-18.962114,-43.839165,21.53391,20.613113,98.11118,201465,0,0,0,0,0,0,0
86150,-20.156746,-21.835373,-43.796143,18.096478,23.81958,52.535023,201464,0,0,0,0,0,0,0
86152,-1.1970738,-1.2199894,-1.3040501,0.8468847,1.4324573,5.6482153,202132,0,0,0,0,0,0,0
86153,-9.77572,-9.797941,-0.069400504,9.82575,9.816897,119.38152,199924,0,0,0,0,0,0,0
86168,-4.141578,-3.7977846,-0.331467,2.9084706,3.2212644,15.237493,201849,0,0,0,0,0,0,0
86234,-0.23160881,-0.48230484,-0.47901663,0.13337056,0.4821812,0.4854694,166492,0,0,0,0,0,0,0
86237,-4.7424636,-4.7308455,-3.5220702,4.8465133,4.799041,3.6266181,201436,0,0,0,0,0,0,0
86238,-5.186858,-5.186858,-5.186858,5.186858,5.186858,5.186858,202430,0,0,0,0,0,0,0
86246,-221.92369,-229.38013,-0.5226369,224.49646,228.08955,222.09117,203598,0,0,0,0,0,0,0
86250,-13.02641,-1.6256282,-0.21386267,10.932981,1.6904539,9.646348,198816,0,0,0,0,0,0,0
86252,-9.217986,-0.7309513,-0.21386144,8.683699,1.7019072,8.453338,198817,0,0,0,0,0,0,0
86260,-1.05896,-8.495,-0.364906,1.08548,8.11851,8.722,198381,0,0,0,0,0,0,0
86263,-1.50884,-1.90951,-0.348767,1.63811,1.37303,11.0589,198382,0,0,0,0,0,0,0
86267,-0.29199582,-0.2679044,0,0.26533118,5.593596,1.3123841,189793,0,0,0,0,0,0,0
86268,-0.29199582,-0.2679044,0,0.26533118,0.28942266,1.3178715,189794,0,0,0,0,0,0,0
86272,0,0,0,0,0,0,165744,0,0,0,0,0,0,0
86273,-0.56786805,-0.3897264,-0.52199286,0.5654385,0.7822815,2.9967604,166935,0,0,0,0,0,0,0
86324,-13.608235,-3.007998,-2.3603673,15.072466,2.737506,12.091198,198805,0,0,0,0,0,0,0
86325,-4.67311,-2.384526,-1.0039154,4.565561,2.1783838,9.962457,198806,0,0,0,0,0,0,0
86326,-7.495815,-2.46721,-0.9333121,5.692402,2.7208385,12.232903,198807,0,0,0,0,0,0,0
86327,-0.547081,-0.740781,0.00151667,0.54995,0.740956,0.773372,199095,0,0,0,0,0,0,0
86328,-0.9442517,-0.9554555,-0.013059466,0.94365394,0.9324502,1.7459728,199101,0,0,0,0,0,0,0
86329,-0.5667007,-1.8046587,-0.004124198,0.4556693,1.4135427,1.9667138,200609,0,0,0,0,0,0,0
86330,-0.418023,-1.3992983,-0.0016601874,0.36561957,1.398834,3.462639,200608,0,0,0,0,0,0,0
86331,-0.9976447,-6.1791906,-0.38181227,0.9641178,5.197127,1.9895581,202633,0,0,0,0,0,0,0
86332,-1.7546217,-10.712842,-0.7425009,1.6129885,9.197139,5.2253036,202634,0,0,0,0,0,0,0
86333,-6.355872,-17.512886,-0.7425009,5.3496714,13.664351,5.2253036,202635,0,0,0,0,0,0,0
86343,-1.2665834,-1.7336727,-1.2213383,1.5990179,1.0923463,9.99339,202444,0,0,0,0,0,0,0
86344,-0.78877544,-0.26295704,0.7926256,0.6724771,1.1326903,6.0501556,202446,0,0,0,0,0,0,0
86345,-1.1970738,-1.2199894,-1.3040501,0.8468847,1.4324573,5.6482153,202128,0,0,0,0,0,0,0
86389,-1.7803041,-2.0848784,-0.0053188344,1.8298931,1.6550813,6.157983,200397,0,0,0,0,0,0,0
86390,-1.5184298,-13.58004,-0.16154802,1.1827146,11.22277,23.273752,190758,0,0,0,0,0,0,0
86391,-1.9537804,-2.0393806,-0.008494882,1.9193639,1.9626777,6.1579094,200399,0,0,0,0,0,0,0
86392,-1.244191,-1.2819068,0.015018945,1.2433872,1.2065064,6.1579094,200398,0,0,0,0,0,0,0
86533,-0.27255827,-4.4133067,-1.4700705,0.27255827,4.4133067,7.222448,197012,0,0,0,0,0,0,0
86534,0,0,0,0,0,0,166523,0,0,0,0,0,0,0
86535,-1.6385931,-1.6115999,0.007735691,1.6333216,1.6602055,1.0276403,202815,0,0,0,0,0,0,0
86584,-7.659957,-2.8119764,-0.02936849,7.161715,2.0070565,14.773662,190690,0,0,0,0,0,0,0
86724,-0.11015099,-0.5573788,-0.0005328939,0.10899152,0.52847314,0.21144533,198276,0,0,0,0,0,0,0
86801,-1.7810465,-2.321748,-0.2507542,2.2495954,1.3904055,3.03,219237,0,0,0,0,0,0,0
86802,-2.5293696,-3.1614544,-0.0018318527,2.55174,3.3310921,3.1754472,197391,0,0,0,0,0,0,0
86803,-2.481195,-3.1614544,-0.01188407,4.105829,3.455662,2.157665,197390,0,0,0,0,0,0,0
86804,-1.180608,-0.7323457,-0.08478273,1.3877302,0.5143797,0.30849242,200063,0,0,0,0,0,0,0
86807,-1.0546002,-0.5520574,-0.064763404,0.9591296,0.44088176,0.3046596,200064,0,0,0,0,0,0,0
86808,-1.1852509,-0.90365136,-0.022525974,0.8556577,1.5076611,1.1441407,199104,0,0,0,0,0,0,0
86809,-1.36172,-1.30989,-0.0342886,1.28216,1.28773,0.302308,199566,0,0,0,0,0,0,0
86862,-4.894234,-5.22263,-2.6198878,5.011186,4.6827903,7.2855325,189984,0,0,0,0,0,0,0
86867,-1.7222477,-1.602511,-0.09900506,1.7392627,1.636544,5.098292,199132,0,0,0,0,0,0,0
87072,-1.1562233,-0.055174828,-0.06452322,0.9252337,0.05536241,0.06038881,147505,0,0,0,0,0,0,0
87274,0,0,0,0,0,0,111137,0,0,0,0,0,0,0
87275,-12.432972,-6.1081443,-3.3865407,12.432971,6.108145,35.076496,190825,0,0,0,0,0,0,0
87276,0,0,0,0,0,0,110497,0,0,0,0,0,0,0
87277,0,0,0,0,0,0,110500,0,0,0,0,0,0,0
87278,-0.9927523,-0.98950565,-0.029030846,0.87369317,1.3566586,1.2057372,202798,0,0,0,0,0,0,0
87279,-7.606649,-7.7070813,-4.949232E-06,7.6625843,7.5621514,9.225677,166502,0,0,0,0,0,0,0
87280,-15.519547,-14.683557,-273.18417,16.426846,59.658604,15.699916,200203,0,0,0,0,0,0,0
87282,-25.000608,-24.967024,-24.845194,24.932001,24.965668,24.845194,130495,0,0,0,0,0,0,0
87283,-1.631721,-2.5296156,-1.4306178,1.6347939,2.5296156,3.0265396,165976,0,0,0,0,0,0,0
87284,-5.154596,-5.274259,-0.7653449,4.827639,4.671523,13.767358,203558,0,0,0,0,0,0,0
87285,-1.7624508,-2.2092602,-0.69672877,1.510041,1.1972696,5.267827,203559,0,0,0,0,0,0,0
87286,-2.1095815,-2.1394248,-0.27554363,2.2630398,2.2172284,2.462346,203560,0,0,0,0,0,0,0
87287,-2.720195,-2.8482544,-0.8665023,2.394943,2.2017477,11.588058,203561,0,0,0,0,0,0,0
87288,-2.283732,-6.4620185,-3.1451802,8.227063,6.390927,6.2714624,202734,0,0,0,0,0,0,0
87295,-0.3924686,-1.4318266,0,0.44086468,1.4318264,3.5345566,197277,0,0,0,0,0,0,0
87296,-0.3924686,-1.4291525,0,0.44086468,1.4344999,3.5345566,197278,0,0,0,0,0,0,0
87297,-0.0631636,-0.171862,0.000994444,0.0547683,0.166128,0.420533,198035,0,0,0,0,0,0,0
87428,-0.9688832,-1.0422914,-0.041719727,0.8941876,1.1143997,1.1497923,198442,0,0,0,0,0,0,0
87430,-0.33080894,-0.11525732,-0.2572131,0.15360308,0.10885843,0.06948026,146919,0,0,0,0,0,0,0
87444,-1.311139,-0.4252271,-0.00073693343,1.1304114,0.4703568,0.5519828,200210,0,0,0,0,0,0,0
87445,-1.1356963,-0.46063742,0.0027230387,1.1470295,0.43964174,0.15242532,200209,0,0,0,0,0,0,0
87446,-0.474411,-0.424711,-0.0573567,0.426353,0.363539,0.0823261,198643,0,0,0,0,0,0,0
87447,-0.6752,-0.0474375,-0.0618244,0.672831,0.0474375,0.48265,198646,0,0,0,0,0,0,0
87457,-7.2766786,-4.5213275,-0.07336317,6.3537307,4.450181,0.21632197,199242,0,0,0,0,0,0,0
87459,-0.89086044,-0.5084687,-0.15920447,0.69502383,0.49063963,0.35556448,198440,0,0,0,0,0,0,0
87467,-1.2204547,-1.1932981,-0.07850769,1.1701162,1.1972729,1.8414063,200373,0,0,0,0,0,0,0
87469,-48.998425,-57.270832,-0.5614356,34.788395,55.956318,121.30283,190696,0,0,0,0,0,0,0
87470,-98.00497,-57.270832,-0.5614356,34.788395,55.956318,121.30283,190698,0,0,0,0,0,0,0
87532,-12.643354,-42.467316,-31.599274,63.501675,32.23371,43.101753,203171,0,0,0,0,0,0,0
87574,-4.054647,-3.5300436,-0.014448308,5.4023476,3.7361348,9.072753,198009,0,0,0,0,0,0,0
87608,-1.3499491,-1.3585874,-0.051289067,2.2422268,1.2189747,2.2953403,201658,0,0,0,0,0,0,0
87688,-0.2853508,-0.41288462,-0.29400694,0.6628346,0.667068,0.9342116,190808,0,0,0,0,0,0,0
87704,-1.0010178,-0.8830865,-0.88287175,1.006393,0.8830865,0.8833014,197603,0,0,0,0,0,0,0
87705,-1.0010178,-1.0232029,-0.93084365,1.006393,1.02292,0.8833014,197601,0,0,0,0,0,0,0
87711,-2.4859157,-5.484952,-0.65197796,4.8872104,4.6978498,5.3058953,202017,0,0,0,0,0,0,0
87712,-3.28796,-2.29825,-0.05065,0.0847533,2.22653,2.74206,189359,0,0,0,0,0,0,0
87713,-2.5234663,-2.4969282,-0.09081099,2.5554569,2.4009202,3.641661,197792,0,0,0,0,0,0,0
87772,-12.403152,-12.47672,-12.005532,12.44592,12.372352,13.638567,2199326,0,0,0,0,0,0,0
87805,-14.730869,-14.37469,-16.028744,14.152411,14.049213,17.715559,166759,0,0,0,0,0,0,0
88035,-0.37900954,-0.6326204,-0.03019777,0.9585382,0.6347219,0.8581653,200066,0,0,0,0,0,0,0
88038,-0.46762002,-0.23966525,-0.25749254,0.35421294,0.5821677,0.5643404,166530,0,0,0,0,0,0,0
88040,-0.23670469,-0.25583538,-0.42309585,0.19104452,0.255835,0.21045372,140256,0,0,0,0,0,0,0
88041,-0.23350088,-0.21272951,-0.26091084,0.077923894,0.21185811,0.2900981,140255,0,0,0,0,0,0,0
88042,-0.21331917,-0.16753615,-0.41450587,0.1493603,0.16753633,0.15563008,140246,0,0,0,0,0,0,0
88043,-1.3133619,-0.9193679,-0.19913152,1.2660604,1.0834152,2.313658,126133,0,0,0,0,0,0,0
88067,-0.42278057,-0.7734417,0,0.32694167,0.9606,1.5558778,190914,0,0,0,0,0,0,0
88068,-0.31144354,-0.508597,-0.0020388023,0.28258556,0.5540326,1.8634112,190920,0,0,0,0,0,0,0
88069,-0.56536674,-0.52666974,-0.0005449451,0.35593966,0.7482775,2.0743372,190922,0,0,0,0,0,0,0
88070,-5.9312873,-8.485156,0.0059979097,3.4114447,8.10476,20.810465,198562,0,0,0,0,0,0,0
88071,-0.11108854,-1.338745,-0.53400856,0.57042474,1.3387449,3.419469,200635,0,0,0,0,0,0,0
88073,-0.16875727,-0.13353878,-0.47326818,3.1628754,0.25104046,1.293102,197375,0,0,0,0,0,0,0
88076,-1.8725215,-3.6583452,-0.010947105,1.5324087,3.5813801,3.8798485,202690,0,0,0,0,0,0,0
88106,-0.11108279,-0.32434455,1.5621967,0.5081812,0.31062123,3.1964343,198990,0,0,0,0,0,0,0
88107,-0.5359364,-0.7604688,-0.0018235733,0.6010458,0.8798063,1.6319604,198286,0,0,0,0,0,0,0
88108,-0.10170437,-1.4544764,0,0.08793288,1.0458463,0.57706934,198285,0,0,0,0,0,0,0
88109,-0.30395985,-0.24682225,-0.25210333,0.25869936,0.24723168,0.080780126,138269,0,0,0,0,0,0,0
88110,-0.326433,-0.247292,-0.00685333,0.251899,0.302733,0.254427,190567,0,0,0,0,0,0,0
88111,-0.4130284,-0.050607663,-0.0049566426,0.7255881,0.050607678,0.1957727,198234,0,0,0,0,0,0,0
88112,-0.022657188,-0.08384142,-0.1795954,0.20684353,0.19989662,0.10909033,166434,0,0,0,0,0,0,0
88113,-0.030185929,-0.051343895,-0.00018921119,0.030141583,0.051343907,0.20315817,200180,0,0,0,0,0,0,0
88114,0,-2.8105824,0,2.5137932,2.8679316,8.607049,198091,0,0,0,0,0,0,0
88115,-0.36110702,-1.9401346,0,0.8076003,1.9229344,1.3060774,198461,0,0,0,0,0,0,0
88116,-0.221183,-0.308556,0.000336111,0.205028,0.312383,0.129496,198042,0,0,0,0,0,0,0
88117,-0.497847,-0.0506072,-0.211543,0.465133,0.0506072,0.130476,198230,0,0,0,0,0,0,0
88118,-0.3049977,-0.22214195,0,0.29884982,0.22554308,0.15004936,198027,0,0,0,0,0,0,0
88119,-2.3242705,-2.280975,-0.20429951,2.3807874,1.2070365,3.499108,197793,0,0,0,0,0,0,0
88120,-0.18128565,-3.5771108,0,0.18837036,3.532646,3.0133464,203462,0,0,0,0,0,0,0
88121,-0.35716847,-2.9794426,0.17238362,3.7038531,3.0753038,9.237773,197206,0,0,0,0,0,0,0
88122,-0.646389,-0.445564,0,0.682478,0.442614,0.10166,199241,0,0,0,0,0,0,0
88123,-5.1402807,-6.716096,-0.16525933,3.65927,6.8944225,4.2326846,197109,0,0,0,0,0,0,0
88124,-0.016248135,-0.056519143,0,3.1628754,0.08131496,0.40886042,197378,0,0,0,0,0,0,0
88125,-0.1791877,-0.07928072,-0.07302183,3.1628754,0.13393109,0.47885916,197379,0,0,0,0,0,0,0
88126,-2.3508432,-2.3305707,-0.4564074,2.753764,2.2866554,1.4162132,190536,0,0,0,0,0,0,0
88127,-2.5438662,-1.5270964,-0.12269866,2.8916168,2.0648532,2.810768,189998,0,0,0,0,0,0,0
88128,-0.50520474,-0.81723255,-0.06557138,0.55885595,1.2364857,1.8645215,198120,0,0,0,0,0,0,0
88129,-0.3449218,-0.51161593,-0.0004398293,0.15474576,0.51161593,1.4467218,199823,0,0,0,0,0,0,0
88130,-0.9371741,-1.5660006,3.6356065,1.4019908,1.4950298,11.191262,198090,0,0,0,0,0,0,0
88131,-0.46680954,-0.77214473,0.0009634495,0.6053158,0.8517428,0.999071,200031,0,0,0,0,0,0,0
88132,-0.27787924,-0.6440439,0,0.06354154,0.63951206,1.5429076,197398,0,0,0,0,0,0,0
88133,-0.11659691,-0.9404567,-0.34718055,0.10254563,0.69981843,0.23347303,198262,0,0,0,0,0,0,0
88134,-0.61950517,-0.4113146,0,0.6508303,0.4094887,1.0044359,198278,0,0,0,0,0,0,0
88135,-0.16187257,-0.17420304,0,0.15341103,0.18985508,0.5037852,198279,0,0,0,0,0,0,0
88136,-0.07309043,-0.08448619,-0.5044204,0.072908826,0.08409921,0.5998842,197619,0,0,0,0,0,0,0
88137,-0.26655436,-0.18374082,-0.27039945,0,0.19621368,0.47178116,197618,0,0,0,0,0,0,0
88138,-0.13174565,-0.15742303,-0.36555037,0,0.15645957,0.62719285,197622,0,0,0,0,0,0,0
88139,-0.248234,-0.254648,0.00163333,0.249126,0.242711,0.136941,190650,0,0,0,0,0,0,0
88140,-0.10885666,-0.14893107,0,0.09071958,0.12782854,0.31676236,190654,0,0,0,0,0,0,0
88141,-0.26090604,-0.38261577,-0.0010780364,0.28001416,0.39592183,0.65365213,199365,0,0,0,0,0,0,0
88142,-0.232287,-0.3224939,-0.00074631406,0.21943356,0.32308364,0.653652,198140,0,0,0,0,0,0,0
88143,-0.20874286,-2.4557235,-0.5505379,0.17082046,2.4053876,6.455396,200673,0,0,0,0,0,0,0
88144,-1.4452572,-1.1315571,-0.018740812,1.1919591,1.0192477,0.62184244,190028,0,0,0,0,0,0,0
88145,-1.1626308,-1.2622813,-0.01089601,1.5065233,1.119644,0.8582483,190027,0,0,0,0,0,0,0
88146,-4.3164053,-3.338237,-2.5286605,3.746402,3.7716603,4.6297913,219315,0,0,0,0,0,0,0
88147,0,0,0,0,0,0,106893,0,0,0,0,0,0,0
88148,0,0,0,0,0,0,114127,0,0,0,0,0,0,0
88149,-9.304521,-9.171431,-0.10626475,9.569295,8.846637,12.462424,203656,0,0,0,0,0,0,0
88150,-5.1299286,-4.882368,-0.8718761,5.2927413,4.9042473,4.3978906,197408,0,0,0,0,0,0,0
88151,-20.177408,-18.709938,-1.4840342,20.177368,18.715506,3.4954793,202437,0,0,0,0,0,0,0
88152,-0.35367504,-0.3523396,-0.0038236,0.36212552,0.36346102,1.3718456,198328,0,0,0,0,0,0,0
88153,-0.9404309,-0.31653088,-0.064680025,0.40021092,0.317531,1.4688017,202801,0,0,0,0,0,0,0
88154,-0.1912038,-0.034931608,-1.0475641,0.18950807,0.034931686,0.45059776,198662,0,0,0,0,0,0,0
88155,-0.4247558,-1.9573952,0.079975724,2.3781252,2.0057771,7.3053293,201672,0,0,0,0,0,0,0
88156,0,0,0,0,0,0,112784,0,0,0,0,0,0,0
88157,0,0,0,0,0,0,106842,0,0,0,0,0,0,0
88158,-5.9152513,-19.308664,-5.877931,8.432026,18.309675,11.757457,197701,0,0,0,0,0,0,0
88159,-3.1818767,-3.8859673,0.0018499984,2.0311868,3.9500945,4.0663524,198459,0,0,0,0,0,0,0
88160,-2.576573,-5.2010417,-0.20429951,2.128485,2.3656905,4.014572,197791,0,0,0,0,0,0,0
88161,-2.392411,-2.6689935,-0.12886687,3.23529,2.3910608,5.019081,197797,0,0,0,0,0,0,0
88162,-1.9253584,-4.112353,-0.20429951,2.7796993,5.123832,4.014572,197795,0,0,0,0,0,0,0
88163,-8.082941,-6.90185,-0.2632977,12.289007,9.584021,33.808163,190515,0,0,0,0,0,0,0
88164,-2.358219,-1.9021285,-0.09880395,2.5055184,2.053091,6.0475845,197682,0,0,0,0,0,0,0
88165,-12.036403,-4.85774,-0.07657814,3.7867475,10.616244,13.836032,197678,0,0,0,0,0,0,0
88199,-0.32333428,-0.52962446,-0.0028828953,0.47778606,0.52962446,1.9660791,190924,0,0,0,0,0,0,0
88218,-0.797639,-0.685297,0,0.768708,0.699781,0.306092,198211,0,0,0,0,0,0,0
88225,-1.2432818,-0.07077952,-0.060961373,1.1029541,0.07623498,0.11985428,199441,0,0,0,0,0,0,0
88283,-6.7418504,-7.0984206,-2.3045735,8.879145,6.6577272,21.213224,199004,0,0,0,0,0,0,0
88285,-2.8025124,-2.3759189,-1.7974652,2.0471258,2.0732758,6.748436,203677,0,0,0,0,0,0,0
88286,-5.775455,-6.060054,-1.4635102,6.007436,5.5987396,18.332031,202940,0,0,0,0,0,0,0
88289,-5.505156,-7.5723333,-0.26433194,5.7923126,6.515609,14.192797,219225,0,0,0,0,0,0,0
88292,-0.07439524,-0.23027012,-0.18123904,0.56995463,0.23002164,0.070076704,144998,0,0,0,0,0,0,0
88293,-2.3002768,-6.305964,-0.10395232,1.9977833,6.286484,2.407502,197948,0,0,0,0,0,0,0
88294,-4.0590057,-6.65613,-0.01104536,8.267361,6.7568173,4.6695857,189652,0,0,0,0,0,0,0
88295,-0.25975457,-0.9323428,-0.33846998,1.2904062,0.9323615,0.31455362,145264,0,0,0,0,0,0,0
88298,-0.48433346,-0.23329557,-0.450713,0.14847174,0.23643929,0.2582471,166881,0,0,0,0,0,0,0
88309,-0.3268431,0.31912586,1.4206322,0.027775653,1.0639585,1.9219354,190731,0,0,0,0,0,0,0
88397,-12.848576,-3.0491443,-1.5896715,12.803745,3.005691,11.971438,190285,0,0,0,0,0,0,0
88785,-1.7197576,-1.7654123,-0.23271397,1.6659559,1.7014338,3.7753682,190275,0,0,0,0,0,0,0
88792,-0.39209592,-0.34190488,0,0.3882823,0.43117934,1.0016947,190342,0,0,0,0,0,0,0
88828,-7.9587865,-18.009333,-5.8200912,6.120009,17.75008,4.3497953,249670,0,0,0,0,0,0,0
88992,-0.7450705,-0.7579453,-0.015944643,0.7368973,0.72402245,1.8755608,200441,0,0,0,0,0,0,0
89591,-10.274005,-20.411987,-1.2253685,17.908415,16.003061,63.585743,190160,0,0,0,0,0,0,0
89592,-14.466846,-3.011921,-3.8071404,14.765827,40.154766,26.751928,201675,0,0,0,0,0,0,0
89593,-49.184357,-48.165565,-2.275436,37.804405,49.87877,75.84942,201935,0,0,0,0,0,0,0
89594,-25.268448,-4.5051613,-10.590278,22.249441,8.519322,35.084507,201942,0,0,0,0,0,0,0
89595,-130.56256,-129.37335,-26.702213,133.48398,150.62912,233.78317,201938,0,0,0,0,0,0,0
89602,-4.221789,-8.834286,-2.0459611,4.5643578,9.482591,21.909204,190766,0,0,0,0,0,0,0
89605,0,0,0,0,0,0,1120008,0,0,0,0,0,0,0
89606,-25.209892,-8.132806,-4.181366,6.335147,4.837789,8.789228,123977,0,0,0,0,0,0,0
90172,-7.4132233,-12.609838,-6.060038,7.5068455,8.597973,41.700375,201788,0,0,0,0,0,0,0
90316,-12.679622,-10.302392,-0.3486959,13.074848,17.529493,31.90267,190775,0,0,0,1,119012,0,0
90320,-0.79329056,-0.6228085,-0.016904427,0.31602296,0.6228082,2.1273563,119940,0,0,0,1,17008,0,0
90321,-4.4256177,-4.40529,-4.4124026,4.3849626,4.40529,4.502112,123344,0,0,0,1,16032,0,0
90322,-4.079594,-4.9584513,-1.2784988,3.9301448,5.7653155,10.890583,165835,0,0,0,1,119014,0,0
90326,-8.655388,-10.195864,0.030663528,9.71219,6.5407705,26.397848,190763,0,0,0,1,119024,0,0
90328,-4.221789,-8.834286,-2.0459611,4.5643578,9.482591,21.909204,190766,0,0,0,1,119027,0,0
90329,-10.790877,-14.619681,-0.08903222,6.183765,21.755257,16.8487,190768,0,0,0,1,119031,0,0
90330,-6.446841,-12.832317,-0.73861957,7.6229315,3.5760922,46.589733,190770,0,0,0,1,119035,0,0
90333,-9.851348,-5.960759,-0.06308394,10.087048,8.954801,45.687042,190772,0,0,0,1,119037,0,0
90334,-6.3352165,-4.130713,0.005783102,2.7155278,4.7825317,11.836118,190764,0,0,0,1,119038,0,0
90335,-1.7182921,-3.0632496,0.003930906,2.7176938,1.3829317,4.312416,190765,0,0,0,1,119039,0,0
90336,-4.7376046,-1.779718,-0.010506918,2.5571742,3.311476,13.35079,190773,0,0,0,1,119041,0,0
90419,-0.5294695,-0.84313536,-0.04811097,0.48983172,0.84313565,2.5873957,121287,0,0,0,1,119064,0,0
90420,-7.659957,-2.8119764,-0.02936849,7.161715,2.0070565,14.773662,190690,0,0,0,1,116284,0,0
90421,-1.78314,-2.38062,-0.0187562,1.76804,2.3746,3.23802,190363,0,0,0,0,119153,0,0
90422,-0.6584159,-1.1390083,0,0.66180027,1.1176355,0.8333333,198748,0,0,0,1,119150,0,0
90460,-0.6493462,-0.54652584,-0.013957013,0.53992146,0.5272279,1.0071512,203097,0,0,0,0,0,0,0
90463,-0.5312729,-0.88495415,-0.04252571,0.4250966,1.00008,0.96379745,203096,0,0,0,0,0,0,0
90464,-0.55744064,-0.5290039,-0.07894895,0.4162108,0.92682266,0.9058214,203099,0,0,0,0,0,0,0
90511,-3.0099652,-3.0396667,-3.0512204,3.0693676,3.0396662,4.785679,125995,0,0,0,0,0,0,0
90519,-0.79329056,-0.6228085,-0.016904427,0.31602296,0.6228082,2.1273563,119940,0,0,0,1,117615,0,0
90543,-2.639271,-2.9696333,-1.2031552,3.0499067,2.678214,0.9340902,203091,0,0,0,0,0,0,0
90544,-0.32955384,-0.2348057,-0.040560417,0.27660182,0.22597943,0.43529,199224,0,0,0,0,0,0,0
90651,-1.1615652,-1.1344086,-0.22169258,1.1112267,1.1383834,2.5112925,200372,0,0,0,0,0,0,0
90652,-2.6345932,-2.877959,-0.6572168,2.6345932,2.5748844,3.259889,198402,0,0,0,0,0,0,0
90797,-1.764935,-1.908414,-0.10180081,1.792257,1.7355387,3.3228736,190276,0,0,0,0,0,0,0
90799,-1.1870455,-1.1511068,-0.0665867,1.1394691,1.1451597,2.861975,124640,0,0,0,1,114765,0,0
90800,-2.2397277,-0.561092,-0.06719525,1.5194793,0.561092,4.7923546,190348,0,0,0,0,0,0,0
90801,-2.8589106,-1.9288112,-2.0858603,2.2562404,2.0533166,3.4470491,124317,0,0,0,0,0,0,0
91088,-0.00035856172,-0.814175,-2.1162696,3.5492508,1.3266007,2.0748684,200258,0,0,0,0,0,0,0
91137,-3.4440026,-5.346282,-5.2613015,0.821208,5.4106426,5.1277375,5759057,0,0,0,0,0,0,0
91148,-18.487907,-30.934095,-28.848835,18.51036,30.99278,42.34154,123808,0,0,0,0,0,0,0
91233,-6.8731213,-4.5050793,-1.4147915,3.9195204,4.115805,6.9903517,125938,0,0,0,1,119154,0,0
91234,-2.2397277,-0.561092,-0.06719525,1.5194793,0.561092,4.7923546,190304,0,0,0,1,119322,0,0
91235,-1.7831372,-2.3806205,-0.018756177,1.7680407,2.3746018,3.238025,190363,0,0,0,1,119697,0,0
91295,-2.1168864,-2.0941381,-0.24451129,2.116886,2.0941381,2.8104732,2066466,0,0,0,0,0,0,0
93070,-6.2811093,-5.329528,0.17347379,6.424792,5.674109,16.275522,202571,0,0,0,0,0,0,0
93071,-5.1573997,-5.957289,-0.21377218,5.1573997,5.9572906,31.696651,200662,0,0,0,0,0,0,0
93072,-8.187972,-7.605657,-1.7436346,6.7187986,8.3604765,10.791582,202944,0,0,0,0,0,0,0
93073,-6.5277777,-6.5277777,0.06256231,6.25,6.5277777,46.985886,203328,0,0,0,0,0,0,0
93389,-2.1484792,-1.9305917,-29.750484,2.0078287,2.0047786,29.623163,165681,0,0,0,0,0,0,0
93396,-0.4081869,-0.4222856,-0.32483265,1.6874844,0.42058682,0.40268856,148360,0,0,0,0,0,0,0
93413,-3.0923653,-6.823899,-4.0971284,2.687564,6.7410045,9.419605,293986,0,0,0,0,0,0,0
93414,-24.879436,-23.629854,-0.029749842,24.810957,23.628529,24.839424,130629,0,0,0,0,0,0,0
93415,-0.78095394,-1.076402,-2.0891018,1.0686115,1.1965771,3.6468425,620834,0,0,0,0,0,0,0
93799,-1.9071118,-1.9754597,-0.03673135,1.8780367,1.8096877,5.1822977,190025,0,0,0,0,0,0,0
93827,-0.9810555,-0.8749401,1.6979942,0.49598694,0.83562857,3.4868326,199035,0,0,0,0,0,0,0
93828,-0.49588898,-0.6778813,0.22711892,0.49547732,0.8706783,1.5628016,201434,0,0,0,0,0,0,0
93829,-32.80381,-38.45037,-16.111233,43.469917,37.823357,60.162495,202098,0,0,0,0,0,0,0
93830,-0.19652605,-0.035075452,-0.020006752,0.5605079,0.032853764,0.053803835,148652,0,0,0,0,0,0,0
93832,-0.3032169,-0.23628435,-0.56066597,0.17772678,0.24465933,0.12261272,147003,0,0,0,0,0,0,0
93904,-0.39407572,-0.41738164,-0.4224377,1.002328,0.43236536,0.6138015,167130,0,0,0,0,0,0,0
93908,-0.1546521,-0.32173568,-0.2974962,0.68640697,0.32173568,0.3000084,145304,0,0,0,0,0,0,0
93911,-1.8083692,-1.771752,-0.12757058,1.4804245,1.7269437,2.7599099,202203,0,0,0,0,0,0,0
94160,-2.9896789,-5.8556576,0.008052582,4.001926,7.244352,11.03391,200644,0,0,0,0,0,0,0
94161,-3.0163758,-4.0484686,-1.8907691,3.0554466,3.9774196,5.337268,200645,0,0,0,0,0,0,0
94195,-7.4097967,-3.5780792,-1.6526959,3.382716,3.6593773,8.980761,190450,0,0,0,0,0,0,0
94196,-11.9298,-3.1539,-2.09515,2.15162,13.2807,6.37287,190451,0,0,0,0,0,0,0
94197,-7.905913,-8.310483,-1.5425144,11.765854,4.275592,6.335759,190452,0,0,0,0,0,0,0
94198,-6.20792,-3.28594,-1.31435,6.28594,3.16967,2.93686,190462,0,0,0,0,0,0,0
94199,-2.98094,-3.692,-2.6848,2.7137,3.89731,9.55664,190463,0,0,0,0,0,0,0
94200,-4.39831,-3.47811,-3.26592,6.39422,3.75933,7.16369,190464,0,0,0,0,0,0,0
94235,-4.131755,-15.627867,-0.6513932,5.700228,14.840367,19.601461,198839,0,0,0,0,0,0,0
94263,-0.30098614,-0.0319238,-0.30041403,0.30858907,0.19441497,0.2867286,142867,0,0,0,0,0,0,0
94264,-4.3432374,-2.0849152,-0.900262,2.366013,2.6875691,4.263826,124880,0,0,0,0,0,0,0
94266,-1.1256008,-2.7060456,-0.1421378,0.88180995,2.7349713,4.132187,197602,0,0,0,0,0,0,0
94267,-4.3489513,-4.318132,-0.20037012,4.4007835,4.3456645,5.2274375,197383,0,0,0,1,121441,0,0
94268,0,0,0,0,0,0,107128,0,0,0,0,0,0,0
94272,-4.0575285,-2.0676274,-0.5734129,2.4159355,2.2074137,3.760966,124872,0,0,0,1,9474,0,0
94273,-4.3432374,-2.0849152,-0.900262,2.366013,2.6875691,4.263826,124880,0,0,0,1,14372,0,0
94372,-0.40463766,-0.45244497,-1.6585811,0.49219942,0.43857968,1.7916178,197740,0,0,0,0,0,0,0
94373,-0.42969328,-1.3168513,-1.3590626,0.4268796,1.3498155,1.3147751,197674,0,0,0,0,0,0,0
94374,-0.9197261,-1.2529012,0,0.46104872,1.2742913,3.3588405,200772,0,0,0,0,0,0,0
94375,-0.5551724,-3.157168,-1.5546671,0.3200542,3.8093662,2.8859553,197688,0,0,0,0,0,0,0
94376,-0.4299705,-0.3997182,-0.36802322,0.42600912,0.87619394,0.81552947,197718,0,0,0,0,0,0,0
94479,-11.9444,-11.6045,-4.63889E-05,11.9755,11.6602,19.1176,190165,0,0,0,0,0,0,0
94528,-11.222113,-18.729185,-4.371685,12.289738,17.409943,18.14539,189317,0,0,0,0,0,0,0
94530,-0.96331143,-0.7180541,-0.21168484,0.959045,0.82500434,0.62711674,201990,0,0,0,0,0,0,0
94533,-20.196363,-25.447523,-4.784074,24.195845,23.51043,14.216304,189128,0,0,0,0,0,0,0
94568,-0.298886,-0.29003212,-0.027189974,0.7106615,0.27445474,0.73099,197716,0,0,0,0,0,0,0
94586,-0.024922812,-0.3028168,-0.3041144,0.037106052,0.30541205,0.3041144,191098,0,0,0,0,0,0,0
94717,-0.221183,-0.30225,0.000336111,0.205028,0.318692,0.129496,198040,0,0,0,0,0,0,0
94958,-0.28735203,-0.58162475,-0.23204753,0.66283447,0.53058845,1.0224377,190803,0,0,0,0,0,0,0
94966,-2.5558903,-2.5211084,-0.0043373946,3.364387,3.500982,6.977802,203057,0,0,0,0,0,0,0
94967,-1.6178993,-1.5456251,-11.006642,1.4467832,1.5190574,0.0030211278,197430,0,0,0,0,0,0,0
95093,-4.5181985,-3.1329408,-21.0357,4.6618752,4.8172374,5.1098666,202570,0,0,0,0,0,0,0
95094,-29.413645,-11.985874,-0.53199804,16.419641,24.098473,58.56874,202572,0,0,0,0,0,0,0
95237,-0.325011,-0.451581,0.000336111,0.317456,0.450961,0.129496,198031,0,0,0,0,0,0,0
95243,-7.145708,-5.508347,-2.3273265,6.049913,5.295302,12.301908,201987,0,0,0,0,0,0,0
95246,-7.918946,-7.7273293,-2.2140756,8.39516,8.295201,10.05772,200803,0,0,0,0,0,0,0
95428,-2.9527497,-2.8164036,-0.25168458,3.2472503,2.500096,3.8745134,201551,0,0,0,0,0,0,0
95429,-3.011581,-2.4390242,-0.79059464,13.354308,4.424365,7.498709,202039,0,0,0,0,0,0,0
95430,-1.9366322,-1.8792835,-0.30970326,3.4233546,1.9666685,5.828064,202040,0,0,0,0,0,0,0
95432,-13.000688,-13.302986,-16.408451,13.021785,12.719486,18.51081,203881,0,0,0,0,0,0,0
95433,-5.9697657,-12.908125,-0.13070256,3.9202232,12.905545,93.53843,201929,0,0,0,0,0,0,0
95435,-3.965208,-6.662923,-2.0000453,4.044531,7.0633855,15.580425,165834,2216,0,0,0,0,0,0
96449,-4.622037,-2.366691,-0.91925603,2.7439,1.7831783,3.1769285,202872,0,0,0,0,0,0,0
96516,-3.2084055,-3.148535,-1.5854983,3.1456528,3.2055233,4.76856,166981,0,0,0,0,0,0,0
96553,-3.333575,-3.3702738,-0.6554793,3.6013515,4.469363,4.6348753,202195,0,0,0,0,0,0,0
96559,-2.659606,-1.0916013,-0.05871088,2.5585988,1.3599863,0.22304688,189485,0,0,0,0,0,0,0
96560,-3.6905735,-2.0691864,-0.013792347,1.3517023,2.011238,0.5244048,197221,0,0,0,0,0,0,0
96695,-4.89236,-4.90997,-5.27653,5.68744,5.80606,4.77206,190453,0,0,0,0,0,0,0
96696,-7.14569,-5.50833,-2.32733,6.04992,5.29531,12.3019,190454,0,0,0,0,0,0,0
96784,-0.84714115,-0.7322629,-0.41250375,0.8469107,0.8369974,3.359006,202484,0,0,0,0,0,0,0
96795,-11.110392,-11.11039,0.0015082625,11.110392,11.11039,3.9859118,165888,0,0,0,0,0,0,0
96797,-4.418756,-4.3089166,-0.52369434,4.4472184,8.441189,2.1242008,202475,0,0,0,0,0,0,0
96798,-0.33475205,-1.2004097,0,0.55798036,1.1160648,5.555556,202434,0,0,0,0,0,0,0
96799,-1.6364796,-1.3032786,-0.10095567,1.5877852,1.5795305,1.8295358,202454,0,0,0,0,0,0,0
96800,0,0,0,0,0,0,109145,0,0,0,0,0,0,0
96801,0,0,0,0,0,0,109114,0,0,0,0,0,0,0
96802,0,0,0,0,0,0,109120,0,0,0,0,0,0,0
96805,-4.8212934,-4.4790473,-0.66026497,3.387634,3.693925,4.802672,202463,0,0,0,0,0,0,0
96806,-2.2694948,-2.7300565,-0.32347688,2.2778122,2.6294827,6.2918534,202486,0,0,0,0,0,0,0
96807,-1.8548493,-1.6552932,-0.24076663,2.0119214,2.0591106,2.5433736,202455,0,0,0,0,0,0,0
96808,-1.6351696,-1.8578513,-0.41250375,1.7258294,1.829909,3.3590066,202485,0,0,0,0,0,0,0
96847,-0.91881734,-0.82764834,-0.015339719,0.94875073,0.8193628,0.6924923,202453,0,0,0,0,0,0,0
96848,-0.751888,-0.7519498,-0.7486616,0.751888,0.75182617,0.7551144,166845,0,0,0,0,0,0,0
96905,-1.0887111,-1.2502046,-5.7743464,1.2599937,1.4526463,46.629715,197346,0,0,0,0,0,0,0
97076,-1.937109,-2.2475557,-0.24123304,1.9371088,2.247556,27.979586,200663,0,0,0,0,0,0,0
97077,0,0,0,0,0,0,114191,0,0,0,0,0,0,0
97142,-39.922195,-105.39057,-154.17737,221.2574,81.13716,98.72153,5917323,0,0,0,0,0,0,0
97167,-1.6426613,-1.6921086,-0.005389301,1.5152417,1.4964988,0.634351,200136,0,0,0,0,0,0,0
97238,-1.9072613,-1.7978144,-0.038649797,1.8080072,1.7897267,2.6065392,165984,0,0,0,0,0,0,0
97239,0,0,0,0,0,0,165765,2242,0,0,0,0,0,0
97243,-2.146625,-2.1690426,-0.86212236,1.3247085,1.3261925,1.1210487,167200,0,0,0,0,0,0,0
97244,-1.6962174,-1.6170098,-0.86212236,1.3247085,1.3261925,0.9579397,165865,0,0,0,0,0,0,0
97245,-0.037700914,-0.8377562,-0.11697286,0.78732806,0.8377564,0.11697286,167202,0,0,0,0,0,0,0
97246,0,0,0,0,0,0,165862,2241,0,0,0,0,0,0
97488,0,0,0,0,0,0,165994,0,0,0,0,0,0,0
97602,0,0,0,0,0,0,113221,0,0,0,0,0,0,0
97603,-4.11571,-1.41532,-0.165329,4.11906,1.62199,0.830917,190477,0,0,0,0,0,0,0
97604,-1.84598,-1.19066,-0.165329,4.13784,1.84664,0.830917,190478,0,0,0,0,0,0,0
97678,-2.4811952,-3.1614544,-0.02966773,5.0606313,3.3310921,4.4440656,197388,0,0,0,0,0,0,0
97689,-0.00276667,-0.208247,-0.240165,0.0884675,0.208247,0.240165,198135,0,0,0,0,0,0,0
97690,-0.31050694,-0.30733,-0.07233672,-0.11591283,0.29904023,1.5830114,198149,0,0,0,0,0,0,0
97691,-4.8870835,-2.3930743,0.0077719823,5.114019,2.3778813,0.0077719823,198434,0,0,0,0,0,0,0
97692,-0.013773186,-0.4022728,0,0.14308797,0.39094105,0.72132665,198155,0,0,0,0,0,0,0
97985,-1.3727471,-2.4261072,-0.29618835,1.014525,2.4261072,7.786864,5076825,0,0,0,0,0,0,0
97986,-12.295558,-12.252295,-12.3298,12.246654,22.301018,44.44119,942241,0,0,0,0,0,0,0
97987,-14.53754,-11.897038,-7.5486717,11.098508,24.459602,74.60215,1611750,0,0,0,0,0,0,0
98174,-0.7171889,-0.109075,-0.5319806,0.5393945,0.11675833,0.6492556,5933407,0,0,0,0,0,0,0
98868,-2.297515,-2.1851768,-0.29125303,2.1642504,2.3279266,4.857646,123375,0,0,0,1,124296,0,0
99211,-8.398274,-10.955117,3.644493E-05,8.398281,10.955057,10.310329,384744,0,0,0,0,0,0,0
99222,-10.111738,-24.55688,-13.568574,19.174896,24.344864,10.845299,384743,0,0,0,0,0,0,0
100074,-2.2175512,-5.001857,-0.37633675,2.189319,5.5991726,2.6681902,189399,0,0,0,0,0,0,0
100085,-11.942714,-21.570774,-3.559458,12.225802,21.390724,32.340893,197068,2269,0,0,0,0,0,0
100122,0,0,0,0,0,0,112694,0,0,0,0,0,0,0
100123,-4.121962,-3.5736911,-0.21227397,3.3179715,3.7660527,9.430397,198812,0,0,0,0,0,0,0
100125,-8.132205,-12.571588,-0.4271093,9.951043,13.011053,17.243557,198814,0,0,0,0,0,0,0
100126,-12.138288,-11.171863,-0.25553194,8.814719,12.673195,29.936802,198808,0,0,0,0,0,0,0
100127,-3.464596,-2.7666695,-0.44401297,3.9712665,4.4257083,13.01598,198811,0,0,0,0,0,0,0
100128,-2.7556865,-2.2771358,-0.1861558,2.578725,2.3085797,6.029334,200353,0,0,0,0,0,0,0
100144,-1.5353094,-6.753527,-0.42059046,1.720965,6.759261,16.152208,201253,0,0,0,0,0,0,0
100145,-1.1760134,-2.111665,-0.10263705,1.1354527,2.2808602,3.0538094,200356,0,0,0,0,0,0,0
100146,-1.5231738,-3.6205068,-0.45706436,1.3412652,2.976204,6.7563996,202221,0,0,0,0,0,0,0
100147,-1.5236889,-2.692002,-0.45706436,1.269223,2.9444318,6.7563996,202220,0,0,0,0,0,0,0
100177,0,0,0,0,0,0,113144,0,0,0,0,0,0,0
100178,0,0,0,0,0,0,113303,0,0,0,0,0,0,0
100195,-0.357575,-0.497706,0.0038825,0.367161,0.598781,0.318756,190592,0,0,0,0,0,0,0
100281,-2.4811952,-3.1614544,-0.001832118,2.55174,3.3310921,4.385992,197389,0,0,0,0,0,0,0
100410,-9.782906,-7.5676985,-6.8040247,3.5939112,6.6207247,41.328365,190971,0,0,0,0,0,0,0
100541,200.88834,-756.1609,-331.8307,913.99976,142.03816,-90.81402,5568954,0,0,0,0,0,0,0
100549,-0.70922697,-0.76706374,-0.76458335,0.6827951,0.76918185,0.6942824,166073,0,0,0,0,0,0,0
100551,-0.3350749,-1.7193322,-1.7325063,1.0101945,1.7310846,1.7179105,166607,0,0,0,0,0,0,0
100553,1.6580184E-06,-0.37450942,-0.38066068,1.6580184E-06,0.38528752,0.37913623,166605,0,0,0,0,0,0,0
100563,-0.87923163,-2.8136265,-0.81913275,0.8419004,0.23372163,2.502416,200789,0,0,0,0,0,0,0
100570,-1.0959582,-1.0378492,-0.29680204,2.0440834,1.0001774,2.4514139,1315646,0,0,0,0,0,0,0
100584,-2.005086,-1.9322709,-0.7029886,9.037497,2.3661776,18.861765,201582,0,0,0,0,0,0,0
100588,-2.5528958,-4.876324,-0.7349008,6.3891716,6.767688,4.8080087,202016,0,0,0,0,0,0,0
100650,0,0,0,0,0,0,166278,0,0,0,0,0,0,0
100651,-0.18061048,-0.12042468,0.12019697,0.18069778,0.19655605,0.15993388,166529,0,0,0,0,0,0,0
100652,0,0,0,0,0,0,166280,0,0,0,0,0,0,0
100653,-3.53869,-4.107305,-0.12757057,3.2110095,2.598683,9.649012,202204,0,0,0,0,0,0,0
100655,-0.32487115,-0.21767713,-0.18003699,0.29409412,0.5554849,0.5360806,166060,0,0,0,0,0,0,0
100656,-0.86727214,-0.19353877,1.6979942,0.49809346,0.2297665,2.4914405,199036,0,0,0,0,0,0,0
100657,-0.20458665,-0.2050219,-0.014318349,0.20502846,0.20459321,0.45009634,200127,0,0,0,0,0,0,0
100768,-0.917527,-2.0614634,-0.5057867,0.9175267,2.0614634,3.3226156,197292,0,0,0,0,0,0,0
100797,-0.13383716,-0.14164168,-0.5586666,0.14094563,0.13080887,1.9017483,190661,0,0,0,0,0,0,0
100798,-2.4699948,-2.2834435,-0.1299481,4.254592,1.9050162,4.217219,189455,0,0,0,0,0,0,0
100799,-1.17159,-4.26012,-0.827489,2.4178,1.01512,3.49025,199148,0,0,0,0,0,0,0
100800,-0.76592356,-6.0424767,-5.77304,1.7879952,6.126004,16.425215,197353,0,0,0,0,0,0,0
100801,-0.38781542,-6.3120127,-0.20415163,1.1076518,5.9288006,1.4122359,190114,0,0,0,0,0,0,0
100802,-0.568525,-4.33518,-0.667392,0.293942,0.825344,3.99971,199149,0,0,0,0,0,0,0
100803,-2.204667,-1.5366572,-0.95091873,2.2234204,1.5641965,2.1895947,195135,0,0,0,0,0,0,0
100804,-4.77458,-4.734267,-0.5914525,4.7745786,4.7342663,5.011756,195122,0,0,0,0,0,0,0
100805,0.3121198,-0.26367283,-3.5819364,0.7861762,0.28914857,0.011385798,204092,0,0,0,0,0,0,0
100806,0,0,0,0,0,0,195116,0,0,0,0,0,0,0
100807,-1.1247255,-8.355818,-0.7651579,1.8380939,7.576988,2.3509238,189545,0,0,0,0,0,0,0
100808,-6.752245,-6.958973,-1.766811,7.154406,12.537149,27.004581,190508,0,0,0,0,0,0,0
100809,0,0,0,0,0,0,195115,0,0,0,0,0,0,0
100810,-4.869405,-12.343638,-0.3802584,-0.43177253,11.645987,5.5431094,201295,0,0,0,0,0,0,0
100811,-9.027509,-9.001734,-1.1185822,11.473661,8.992642,4.866487,191218,0,0,0,0,0,0,0
100812,-6.752245,-6.958973,-1.766811,7.154406,7.0428123,18.773424,198664,0,0,0,0,0,0,0
100813,0,0,0,0,0,0,195136,0,0,0,0,0,0,0
100814,-5.4181833,-6.407389,-0.9230054,7.2412176,5.89012,6.9139066,189657,0,0,0,0,0,0,0
100815,0.31969512,-0.29406178,-3.533676,0.8284399,0.32327598,0.011385863,204091,0,0,0,0,0,0,0
100816,-0.615444,-1.83562,-0.0305514,0.579911,1.85365,3.84236,190629,0,0,0,0,0,0,0
100817,0.40399757,-0.30097798,-3.0160177,0.78965575,0.28793395,0.011388668,204093,0,0,0,0,0,0,0
100818,0,0,0,0,0,0,111402,0,0,0,0,0,0,0
100877,0,0,0,0,0,0,195154,0,0,0,0,0,0,0
100878,0,0,0,0,0,0,242691,0,0,0,0,0,0,0
100879,0,0,0,0,0,0,242696,0,0,0,0,0,0,0
100880,0,0,0,0,0,0,195134,0,0,0,0,0,0,0
100881,0,0,0,0,0,0,242698,0,0,0,0,0,0,0
100882,0,0,0,0,0,0,243591,0,0,0,0,0,0,0
100883,0,0,0,0,0,0,242690,0,0,0,0,0,0,0
100884,0,0,0,0,0,0,242695,0,0,0,0,0,0,0
100885,0,0,0,0,0,0,242697,0,0,0,0,0,0,0
100886,0,0,0,0,0,0,242692,0,0,0,0,0,0,0
100887,-3.91,-1.595,-0.01623,4,2.662,5.907,243620,0,0,0,0,0,0,0
100888,-8.71,-8.983,0.1472,8.71,8.983,3.974,195128,0,0,0,0,0,0,0
100889,0,0,0,0,0,0,242693,0,0,0,0,0,0,0
100890,0,0,0,0,0,0,243606,0,0,0,0,0,0,0
100891,0,0,0,0,0,0,243619,0,0,0,0,0,0,0
100892,0,0,0,0,0,0,243588,0,0,0,0,0,0,0
100893,0,0,0,0,0,0,243533,0,0,0,0,0,0,0
100894,-0.3159,-0.9923,0.07701,0.3159,0.9923,2.584,243629,0,0,0,0,0,0,0
100895,0,0,0,0,0,0,106877,0,0,0,0,0,0,0
100896,0,0,0,0,0,0,243543,0,0,0,0,0,0,0
100897,0,0,0,0,0,0,243545,0,0,0,0,0,0,0
100898,0,0,0,0,0,0,243535,0,0,0,0,0,0,0
100899,0,0,0,0,0,0,243541,0,0,0,0,0,0,0
100905,-3.0198696,-3.2224019,-0.3011818,2.8412683,3.2310026,4.012675,201496,0,0,0,0,0,0,0
100906,-3.0198696,-5.084509,-0.3011818,2.8412683,6.6153436,4.012675,201495,0,0,0,0,0,0,0
101002,-0.092883684,-1.7723258,0.015531142,0.25418007,1.7723258,7.156032,202201,0,0,0,0,0,0,0
101003,-1.5353094,-6.753527,-0.42059046,2.5990303,6.759261,16.152208,202200,0,0,0,0,0,0,0
101004,-1.5353094,-6.6720643,-0.42059046,1.720965,6.8407245,12.818875,201252,0,0,0,0,0,0,0
101010,-1.0467141,-1.2649143,-0.009385268,1.0751551,1.2649093,4.2178082,203843,0,0,0,0,0,0,0
101020,-2.0366735,-2.4193764,-0.22080633,1.7405806,1.8713033,3.3520834,200355,0,0,0,0,0,0,0
101063,-1.3238864,-1.3839883,-4.2067633E-05,1.5033804,1.564201,2.8269057,190142,0,0,0,0,0,0,0
101165,-0.32610977,-0.5314598,-0.24889758,0.54326093,0.5859802,2.7958071,203899,0,0,0,0,0,0,0
101211,-1.0368536,-2.4432964,-0.07434944,4.672289,2.439462,4.594755,201660,0,0,0,0,0,0,0
101224,-0.16073444,-1.2603167,-0.00859061,0.3874203,1.2606792,5.8612814,197982,0,0,0,0,0,0,0
101523,-4.697275,-4.895755,-0.08340277,4.685416,4.811179,17.22769,189324,0,0,0,0,0,0,0
101525,-1.1740631,-3.7272437,-0.7681837,2.2708104,3.1788065,2.831268,189327,0,0,0,0,0,0,0
101526,-2.1312084,-2.1678905,-0.35657996,1.924575,2.2077737,8.699491,189326,0,0,0,0,0,0,0
101527,-3.178213,-3.3806968,-0.20304486,3.6505835,3.7111979,10.747101,189319,0,0,0,0,0,0,0
101562,-2.2626693,-3.1706998,-0.083902165,1.9400926,2.8306513,1.3206847,197134,0,0,0,0,0,0,0
101563,-2.4159195,-2.8152645,-0.083902165,1.802,2.8306513,1.3712204,197133,0,0,0,0,0,0,0
101564,-1.8527483,-2.4307597,-0.083902165,2.083743,2.8306513,0.8470644,197132,0,0,0,0,0,0,0
101565,-197.78218,-184.72661,-80.163475,185.55116,190.27339,158.84901,243032,0,0,0,0,0,0,0
101566,-6.8382998,-6.838298,-4.209367,6.8382998,6.838298,4.2022924,5552700,0,0,0,0,0,0,0
101693,-3.5006382,-4.946628,-3.2511213,6.5464087,5.0032735,10.119958,193722,0,0,0,0,0,0,0
101697,-15.343527,-16.743208,0.18145473,18.132175,13.976719,60.662804,189974,0,0,0,0,0,0,0
101707,-579.7209,-582.0262,-1479.1315,584.06396,590.03705,-788.6297,4953458,0,0,0,0,0,0,0
101708,-8.281285,-8.281241,-1.157462,8.281285,8.281241,1.1472536,4681252,0,0,0,0,0,0,0
101721,0,-0.5945941,-0.61607486,0.15324081,0.6186645,0.59480715,167194,0,0,0,0,0,0,0
101763,-1.4727584,-1.4780865,-0.5894627,1.4039663,1.3881332,3.5986362,203614,0,0,0,0,0,0,0
101797,-17.532675,-18.518963,-1.7169912,16.16915,19.132633,37.0082,201228,0,0,0,0,0,0,0
101798,-1.3576394,-1.3576394,-0.046439756,1.3576394,1.3576394,0.1029275,166334,0,0,0,0,0,0,0
101799,-2.5810964,-2.6043317,0,2.5810964,2.557861,1.0339054,165879,0,0,0,0,0,0,0
101800,-1.4166672,-1.4166672,0.066706076,1.4166672,1.4166672,0.10292753,166378,0,0,0,0,0,0,0
101801,-0.64638406,-1.1259013,-1.0836369,1.5996134,1.1200961,1.1623605,148157,0,0,0,0,0,0,0
101802,-1.1440818,-0.055074982,-0.9355914,0.8381699,0.05069629,0.08383173,147697,0,0,0,0,0,0,0
101803,-1.33689,-0.0924292,-0.156756,1.41317,0.0924289,0.115626,198653,0,0,0,0,0,0,0
101804,0,0,0,0,0,0,166796,0,0,0,0,0,0,0
101805,-0.25869653,-0.40861937,-0.43218625,0.42037988,0.4244287,0.35924643,166807,0,0,0,0,0,0,0
101806,-1.1870455,-1.1511068,-0.0665867,1.1394691,1.1451597,2.861975,124640,0,0,0,1,11686,0,0
101807,-1.6434813,-1.9002589,-0.41685194,2.2248693,2.2683759,3.1950183,126511,0,0,0,1,203,0,0
101808,-0.11561394,-0.10609521,-8.814222,0.0403169,0.067904845,-8.814222,124639,0,0,0,1,15435,0,0
101809,-0.39688596,-0.044258617,-0.16355094,1.2425143,0.04425852,0.18629529,148158,0,0,0,0,0,0,0
101816,-4.511027,-4.2601247,-0.71220547,4.266276,1.0151243,3.4902503,198383,0,0,0,0,0,0,0
101836,-4.0454607,-2.348142,0.2012906,2.916949,3.8869886,1.7214296,201854,0,0,0,0,0,0,0
101853,-14.055109,-11.916411,-14.178634,14.508122,21.333681,14.59868,255125,0,0,0,0,0,0,0
101854,-14.354576,0.07891846,-14.178634,14.00232,33.329006,14.391241,255210,0,0,0,0,0,0,0
101855,-13.818636,0.13536072,-14.178634,14.372486,33.38545,14.391243,255209,0,0,0,0,0,0,0
101856,-13.65097,0.12332662,-14.178634,14.476207,33.615723,14.391243,255208,0,0,0,0,0,0,0
101864,-4.631903,-7.361975,-0.0011935598,-0.0025968319,7.405428,11.48691,190700,0,0,0,0,0,0,0
101865,-9.420491,-9.426575,-0.24068339,9.426446,9.51513,3.823428,190699,0,0,0,0,0,0,0
101866,-8.399976,-3.3851986,-0.44538578,8.622926,6.4962635,15.112498,190701,0,0,0,0,0,0,0
101868,-0.6909824,-0.6756854,-0.07148623,0.6656198,0.8285779,1.8622371,203766,0,0,0,0,0,0,0
101869,-0.8184557,-0.7619549,-0.15723321,0.5987611,0.79165417,1.2925854,203768,0,0,0,0,0,0,0
101879,-0.65345216,-0.64671,-1.1109406,0.6534523,0.64671004,1.1109406,197722,0,0,0,0,0,0,0
101880,-0.71205986,-0.7187815,-0.6546262,0.7120598,0.71878123,0.6546262,197723,0,0,0,0,0,0,0
101881,-1.0348557,-1.1501703,-0.012112604,1.2410926,1.2615618,18.808407,200784,0,0,0,0,0,0,0
101884,-0.72062737,-0.73759514,-0.6886705,1.5668416,0.7066107,0.83686423,147998,0,0,0,0,0,0,0
101885,-0.7579008,-0.5683175,-1.0520531,0.80094284,0.99564886,0.5938623,142946,0,0,0,0,0,0,0
101976,-0.37019727,-1.210116,-0.016191721,0.6351118,1.1063584,4.4734597,202435,0,0,0,0,0,0,0
101987,-9.634768,-18.041836,-9.095391,9.634774,18.041836,6.7789736,202438,0,0,0,0,0,0,0
101989,-8.433046,-1.2725085,-0.0044034324,5.175788,1.2819147,8.850653,196443,0,0,0,0,0,0,0
102089,-0.5973188,-3.4227421,-0.28768668,0.59731936,3.422742,6.6804743,190060,0,0,0,0,0,0,0
102090,-4.030722,-4.030722,-3.7616293,4.030722,4.030722,4.299815,5163306,0,0,0,0,0,0,0
102104,-5.3513603,-5.3513603,-0.93146956,5.351362,5.3513603,4.2289906,580090,0,0,0,0,0,0,0
102145,-23.66414,-18.611506,-8.475264,13.033384,18.08602,37.825043,219205,0,0,0,0,0,0,0
102165,-4.030722,-4.030722,-3.7616293,4.030722,4.030722,4.299815,5890520,0,0,0,0,0,0,0
102224,-2.5150192,-2.515019,-1.9799292,2.5150182,2.5150185,5.059417,165874,0,0,0,0,0,0,0
102585,-11.504128,-14.786918,-6.2610726,18.561083,13.556409,7.907438,204073,0,0,0,0,0,0,0
102791,-1.8756987,-2.8526988,-0.23153962,1.6630362,1.9223722,5.273371,190430,0,0,0,0,0,0,0
102793,-1.8279053,-1.7086903,-0.22317396,2.9285228,1.7438736,6.278456,190431,0,0,0,0,0,0,0
102853,-0.495208,-0.471114,-2.72851,0.757942,0.446744,0.0407061,190873,0,0,0,0,0,0,0
102871,-43.945507,-42.912495,-11.841837,43.73227,43.453693,76.010315,125454,0,0,0,0,0,0,0
102878,-9.791944,-8.24037,-15.91156,8.300755,9.952474,2.7233393,202513,0,0,0,0,0,0,0
102883,-2.5826485,-10.042563,-9.603568,8.943701,9.010781,12.913638,202516,0,0,0,0,0,0,0
102885,-2.115992,-1.7912451,0.35192752,2.9548955,2.7648544,2.0471401,202598,0,0,0,0,0,0,0
102904,-0.49476495,-1.0451391,0,0.4739437,1.070623,2.2931545,198338,0,0,0,0,0,0,0
102905,-2.005747,-2.5306187,-0.02672333,2.019459,2.515414,1.5558314,197199,0,0,0,0,0,0,0
103416,-3.0682123,-4.89645,-3.6529756,2.7213988,5.001673,7.116313,200881,0,0,0,0,0,0,0
103417,-86.92671,-909.2445,-90.66711,101.07838,47.583904,96.37181,442657,0,0,0,0,0,0,0
103477,-0.35683277,-0.27999988,-0.009229594,0.32931638,0.35195005,0.3367136,199729,0,0,0,0,0,0,0
103478,-0.36618632,-0.38636044,-0.00061048404,0.40118542,0.3810113,0.14683889,199398,0,0,0,0,0,0,0
103524,-7.5474467,-7.6885223,-0.5029402,7.99363,7.852551,4.7353306,244267,0,0,0,0,0,0,0
103537,-0.4251537,-0.04232246,-0.20316215,1.43413,0.042322554,0.25816515,148311,0,0,0,0,0,0,0
103538,-5.8835998,-6.0669866,-2.8836658,5.8088946,7.510691,10.337011,203674,0,0,0,0,0,0,0
103649,-0.05046404,-0.40521348,0,0.05046417,0.41672644,1.9362814,200391,0,0,0,0,0,0,0
103650,-3.0119126,-2.9119766,0.0428026,3.0119126,2.9119766,0.0428026,1626168,0,0,0,0,0,0,0
103651,-1.4940965,-1.4445226,0.088686794,1.4940965,1.4445224,0.088686794,1626170,0,0,0,0,0,0,0
103796,-0.0713775,-0.0692989,-0.433683,0.0213483,0.0468669,0.433683,198642,0,0,0,0,0,0,0
103827,0,0,0,0,0,0,243506,0,0,0,0,0,0,0
103832,0,0,0,0,0,0,165826,0,0,0,0,0,0,0
103858,-2.92693,-2.92693,0,2.92693,2.92693,0,4466558,0,0,0,0,0,0,0
103859,-2.92693,-2.92693,0,2.92693,2.92693,0,4438972,0,0,0,0,0,0,0
103862,-2.92693,-2.92693,0,2.92693,2.92693,0,4466557,0,0,0,0,0,0,0
103876,-8.26177,-6.9704843,-9.172125,8.40357,7.013398,17.82231,338549,0,0,0,0,0,0,0
103937,-50.607018,-34.52436,-16.884827,46.134182,22.978022,52.871975,111424,0,0,0,0,0,0,0
104005,-0.79329056,-0.6228085,-0.016904427,0.31602296,0.6228082,2.1273563,119940,0,0,0,1,128194,0,0
104006,-0.5944857,-0.6678248,-0.00902459,0.19873996,0.6678246,1.9399632,119563,0,0,0,1,128195,0,0
104008,-1.6028942,-1.644546,-0.03029274,1.3152826,1.644546,3.51588,122055,0,0,0,1,128196,0,0
104009,-1.2863058,-1.2601174,-0.010681614,0.6939994,1.260118,2.8085408,121961,0,0,0,1,128197,0,0
104011,-0.6854499,-0.5915066,-0.020483924,0.33170497,0.5915066,1.6741698,118355,0,0,0,1,128198,0,0
104013,-0.42910546,-0.65964603,-0.018404111,0.17624831,0.6596461,1.6041492,118135,0,0,0,1,128199,0,0
104014,-0.79211366,-0.3630992,-0.011113969,0.15906234,0.3648336,1.356062,119063,0,0,0,1,128200,0,0
104015,-0.48834428,-0.46830598,-0.026160473,0.30876222,0.46830606,1.5243533,119159,0,0,0,1,128201,0,0
104016,-1.1545055,-0.62956613,-0.023074942,0.35034406,0.62956655,2.5631282,120791,0,0,0,1,128202,0,0
104018,-0.5851693,-0.92695457,-0.026211027,0.26566142,0.92695457,2.353315,120590,0,0,0,1,128203,0,0
104020,-0.33596528,-0.8028536,-0.014476393,0.26151663,0.80285174,2.1566,121608,0,0,0,1,128205,0,0
104021,-0.5589669,-0.9056782,-0.01930975,0.3623372,0.90181494,2.3625183,121768,0,0,0,1,128206,0,0
104022,-1.1077552,-1.249418,-0.014883382,0.67465603,1.2494164,3.1915197,122560,0,0,0,1,128207,0,0
104023,-0.6790248,-0.8327111,-0.0035914322,0.27262244,0.8327111,2.6835885,122414,0,0,0,1,128208,0,0
104050,-0.026125362,-2.4038663,-1.259605,-0.026124652,2.5961337,1.5181729,201764,0,0,0,0,0,0,0
104052,-10.070877,-0.38829517,-0.680237,10.070881,0.38829517,6.5135612,198678,0,0,0,0,0,0,0
104105,-2.8196027,-4.8804903,-2.963607E-07,2.7937517,4.8804903,4.840125,189307,0,0,0,0,0,0,0
104106,-1.5793418,-1.0584798,-0.73262405,1.5891701,1.0530415,0.74904263,190076,0,0,0,0,0,0,0
104207,-31.777721,-34.1075,-5.8856606,47.61124,33.967575,37.983833,112873,0,0,0,0,0,0,0
104208,-21.440668,-25.373322,-2.0729368,19.110231,20.157597,42.77938,198959,0,0,0,0,0,0,0
104355,-22.609808,-22.616425,-1.8541265,22.647087,21.71597,88.42277,203589,0,0,0,0,0,0,0
104422,-5.5337424,-8.057795,-2.7671025,6.0832987,7.503591,26.460825,199652,0,0,0,0,0,0,0
104427,-3.4261262,-10.53133,-1.6548251,3.5745,9.278322,7.62009,194045,0,0,0,0,0,0,0
104442,0,-0.3685846,-0.045258608,0.047724467,0.389017,1.1036813,198411,0,0,0,0,0,0,0
104444,-4.0454607,-2.348142,0.2012906,2.916949,3.8869886,1.7214296,203035,0,0,0,0,0,0,0
104461,-0.42719105,-0.044873208,-0.40853786,0.39053673,0.07672762,0.4060776,143063,0,0,0,0,0,0,0
104462,-0.50011295,-0.040992368,-0.24818346,1.5010525,0.040888093,0.26687694,148233,0,0,0,0,0,0,0
104511,-0.293036,-0.108341,-0.115698,0.165197,0.107168,0.0965369,147035,0,0,0,0,0,0,0
104513,-2.1588585,-2.4232147,-0.15460236,2.1588602,2.5624573,3.5765736,203300,0,0,0,0,0,0,0
104524,-3.088645,-6.67293,-4.011833,2.6765404,6.779804,9.431192,234780,0,0,0,0,0,0,0
104605,-4.058956,-2.6933553,-0.027777819,1.5724514,3.716245,11.397344,113721,0,0,0,0,0,0,0
104606,-3.6590796,-4.177062,-0.020471727,3.691984,4.1921988,9.715038,113723,0,0,0,0,0,0,0
104607,-2.1565297,-2.743952,-0.32541782,3.6896362,3.9773653,1.3718973,203004,0,0,0,0,0,0,0
104715,-0.4728901,-2.306998,-1.6127188,0.6867217,2.3063562,4.950412,1387204,0,0,0,0,0,0,0
104788,-2.1385238,-1.8926026,-0.0059342585,2.2887871,1.6699965,5.3328443,203194,0,0,0,0,0,0,0
104789,-3.0555556,-3.0555556,-1.1111115,3.0555556,3.0555556,1.1111116,190178,0,0,0,0,0,0,0
104790,-2.7290778,-2.9643626,-0.0056224517,2.826478,3.0245256,0.093454994,197616,0,0,0,0,0,0,0
104791,-3.1912448,-5.509722,-0.13782743,2.5945349,5.7419343,1.1562973,197202,0,0,0,0,0,0,0
104920,-1.0485444,-2.6469364,-0.0015759475,1.0353829,0.6806624,0.5662775,203387,0,0,0,0,0,0,0
104922,-0.43714055,-0.50255144,-9.9513265E-05,0.45650902,0.44861147,1.3674909,200781,0,0,0,0,0,0,0
104923,0,-0.275,-0.27499998,0,0.27499998,0.27499998,166158,0,0,0,0,0,0,0
104934,-0.14719868,-0.14556725,-0.2900247,0.14719874,0.14556725,0.29002473,970210,0,0,0,0,0,0,0
104966,-0.48646116,-0.8258205,-0.0039138794,0.786519,0.82521653,1.0149568,371647,0,0,0,0,0,0,0
105032,0,0,0,0,0,0,6641993,0,0,0,0,0,0,0
105046,-49.573765,-54.535297,-15.837843,37.836914,55.118153,41.83058,112861,0,0,0,0,0,0,0
105048,-0.6086567,-0.48102936,-0.057633366,0.5041559,0.5976221,3.2116838,190400,0,0,0,0,0,0,0
105049,-0.3357009,-0.40461344,-0.057633366,0.26197162,0.4127751,2.5157301,190401,0,0,0,0,0,0,0
105050,-1.9512806,-1.2201202,-0.19749214,1.1755717,3.2539084,2.5733254,200420,0,0,0,0,0,0,0
105051,0,-0.14627634,-0.06547832,0.90181625,0.14627637,0.45346233,199052,0,0,0,0,0,0,0
105404,-1.1728559,-5.703599,-0.030583892,1.1152993,5.6831884,0.46522516,197338,0,0,0,0,0,0,0
105419,0,-0.18119764,-0.186617,0,0.18971345,0.18429409,167152,0,0,0,0,0,0,0
105638,-1.3171465,-2.347174,-0.3891237,18.458511,1.8179756,23.758831,6715107,0,0,0,0,0,0,0
105720,-0.0008940167,-1.2559898,0.01336013,0.60456455,1.246575,3.7982805,195080,0,0,0,0,0,0,0
105721,-0.025870323,-0.9276246,-0.06808834,0.25641015,0.9283758,2.5989058,197988,0,0,0,0,0,0,0
105736,-3.3192387,-3.8361783,-0.5250886,2.1238027,4.151243,4.8350835,198261,0,0,0,0,0,0,0
105737,-2.8520706,-2.4630952,-0.18359216,2.5875044,2.665882,3.7719545,203302,0,0,0,0,0,0,0
105738,-3.3905125,-9.30354,-0.92465115,3.2868447,6.5161767,5.425872,189395,0,0,0,0,0,0,0
105739,-2.47794,-4.11008,-0.358911,2.6187,4.38047,3.63975,189695,0,0,0,0,0,0,0
105740,-3.01987,-5.08451,-0.110765,2.84126,5.61488,4.20309,189694,0,0,0,0,0,0,0
105742,-0.630467,-0.771578,-0.0324572,0.805833,0.767314,0.941894,189777,0,0,0,0,0,0,0
105743,-3.0198696,-5.084509,-0.11076502,2.8412683,6.6153436,4.2030916,201851,0,0,0,0,0,0,0
105853,-0.2754,-0.5083,0,0.2242,0.5083,0.9872,189535,0,0,0,0,0,0,0
105882,-0.46179873,-0.06448552,-0.19266486,1.8322792,0.06448606,0.19266565,148496,0,0,0,0,0,0,0
105916,-0.40539822,-0.5849624,0.06728612,0.4042154,0.4801793,1.4774241,202425,0,0,0,0,0,0,0
105923,-3.5258658,-3.1407566,-0.02376796,3.6823697,3.1342192,12.598557,203061,0,0,0,0,0,0,0
105925,-3.3922112,-0.8780268,-0.0112639,5.135814,1.770253,4.400398,203058,0,0,0,0,0,0,0
105927,-4.2207084,-2.863866,-0.11735056,4.3539762,2.696061,8.587427,203059,0,0,0,0,0,0,0
105933,-0.4872446,-0.29617372,-0.62828094,0.20544161,0.30066395,0.92092687,198596,0,0,0,0,0,0,0
106311,-0.21076103,-0.15757903,-0.054967564,0.11840183,0.14036949,0.35872585,1004810,0,0,0,0,0,0,0
106312,-0.7481912,-0.9726485,-0.00054452213,0.7481912,0.9726485,0.35423505,198223,0,0,0,1,129639,0,0
106313,-0.48646116,-0.8258205,-0.0039138794,0.786519,0.82521653,1.0149568,371647,0,0,0,1,129640,0,0
106532,-0.19850877,-0.18394916,-0.0017030934,0.19850683,0.3213257,0.6435118,936393,0,0,0,0,0,0,0
106533,-0.5922521,-0.44593155,0,0.1267804,0.44593135,0.65583646,953802,0,0,0,0,0,0,0
106534,-1.0973688,-0.6914919,0,1.0973687,0.691492,1.7174824,950771,0,0,0,0,0,0,0
106535,-0.48525515,-0.5406956,0,0.4852579,0.485257,1.1275578,950758,0,0,0,0,0,0,0
106536,-0.1896,-0.7346,6.041E-05,0.2432,0.5718,0.1926,198277,0,0,0,0,0,0,0
106537,-4.579,-2.107,-0.1328,2.064,2.009,5.033,194962,0,0,0,0,0,0,0
106538,-0.182279,-0.141713,0,0.182279,0.141713,0.281844,970220,0,0,0,0,0,0,0
106539,-0.48241383,-0.48327821,-0.0065588434,0.48142877,0.5216988,0.8824047,950767,0,0,0,0,0,0,0
106540,-2.82623,-1.55013,-0.0282313,3.02521,1.39633,1.86674,768678,0,0,0,0,0,0,0
106541,-4.030722,-4.030722,-3.7616293,4.030722,4.030722,4.299815,987242,0,0,0,0,0,0,0
106542,-1.07227,-0.639929,0,1.07227,0.639929,0.187968,579111,0,10,0,0,0,0,0
106543,-0.41760126,-0.45268038,0,0.41760212,0.45268092,0.7913871,950769,0,0,0,0,0,0,0
106544,-0.291924,-0.637605,0.0140557,0.192638,0.652341,1.82558,197405,0,0,0,0,0,0,0
107404,-10.8305,-10.8858,-9.25874,10.834,10.7943,14.1464,390120,0,0,0,0,0,0,0
107502,-0.6235968,-0.56989986,-0.2038941,0.6235965,0.56989986,2.0884385,1096773,0,0,0,0,0,0,0
107503,-5.5893965,-5.5213127,-5.126878,5.521715,5.589799,5.984234,987238,0,0,0,0,0,0,0
107504,-0.56324273,-0.5270384,0,0.63272893,0.51160836,0.36352566,985161,0,0,0,0,0,0,0
107505,-0.6623042,-0.809011,-0.058988888,0.64085084,1.0602396,1.0685102,2924935,0,0,0,0,0,0,0
107506,-0.497852,-0.456677,-0.0157342,0.145518,0.456679,0.444176,971716,0,0,0,0,0,0,0
107507,-0.60053,-2.32846,-0.0223863,0.184828,2.33815,0.43457,850838,0,0,0,0,0,0,0
107508,-0.4697918,-0.5528481,-0.10281755,0.4697918,0.67067295,0.964433,2913346,0,0,0,0,0,0,0
107657,-204.5,-30.54,-977.6,171,364.6,76.36,445669,0,0,0,0,0,0,0
107664,-27.89532,-29.901327,-10.598696,27.887842,29.69991,11.00128,1097947,0,0,0,0,0,0,0
107665,-32.60803,-33.11105,-0.9877718,32.608017,33.11103,0.4366173,1721731,0,0,0,0,0,0,0
107666,-15.453098,-8.660104,-0.41267085,10.162547,8.580476,8.088995,1586129,0,0,0,0,0,0,0
107667,-22.222223,-20.169827,0,22.222223,20.169827,0,1257284,0,0,0,0,0,0,0
107668,-12.070044,-9.733073,-12.736835,12.582772,8.718503,13.88822,1257280,0,0,0,0,0,0,0
107669,-0.83264333,-0.80691606,-0.12004132,0.8820629,0.7475651,2.2610805,1284877,0,0,0,0,0,0,0
107670,-0.52585965,-0.45661375,-0.72533774,0.43567,0.6120623,2.1188335,1616103,0,0,0,0,0,0,0
107705,-3.4024794,-3.5539086,-6.0448084,3.5099604,3.6236484,8.1220045,6034140,0,0,0,0,0,0,0
107706,-5.513428,-19.996058,-3.704717,5.513428,19.99607,18.411293,3008541,0,0,0,0,0,0,0
107707,-111.45927,-118.23304,-114.12583,124.37455,117.60078,121.70798,2958725,0,0,0,0,0,0,0
107722,-0.77,-2.103,-0.07009,0.8074,2.103,0.3785,197272,0,0,0,0,0,0,0
107754,-2.036,-1.876,0,1.184,2.231,19.08,197316,0,0,0,0,0,0,0
108133,-5.513429,-25.353146,-19.290283,5.513429,25.43436,31.479765,5870480,0,0,0,0,0,0,0
108141,-0.1169,-0.6603,-0.7103,0.1379,0.6788,0.1715,195815,0,0,0,0,0,0,0
108142,-0.5469,-1.342,-0.2128,0.5469,1.342,0.2128,197734,0,0,0,0,0,0,0
108146,-67.82848,-67.82848,-59.91486,67.82848,67.82848,325.33612,2956972,0,0,0,0,0,0,0
108147,-3.9022892,-3.7904682,-307.71555,3.9473777,3.8043852,3.5970654,6642267,0,0,0,0,0,0,0
108455,-22.222223,-11.111112,-0.09897047,22.222223,13.353874,0.020479266,3635056,0,0,0,0,0,0,0
108456,-10.084913,-22.222223,-0.09710198,10.084913,22.222223,0.020451272,3635059,0,0,0,0,0,0,0
108457,-22.222223,-20.169827,-0.09311198,22.222223,20.169827,0.02013646,3635057,0,0,0,0,0,0,0
108639,-4.052615,-4.347173,-0.017668113,3.958707,3.9004364,2.4784226,5486311,0,0,0,0,0,0,0
108731,1.6580184E-06,-0.36883348,-0.36959574,1.6580184E-06,0.36883348,0.36807123,166526,0,0,0,0,0,0,0
108928,-1.82012,-1.07708,-0.00601832,0.765531,1.07508,2.10455,446671,0,0,0,0,0,0,0
109028,-19.039707,-22.460712,-2.3885605,1.9779973,3.6672015,13.589794,1089599,0,0,0,0,0,0,0
109500,-9.332298,-9.199208,-0.02777905,9.597073,8.874414,16.904448,106800,0,0,0,0,0,0,0
109501,-9.332298,-9.199208,-0.02777905,9.597073,8.874414,16.904448,106965,0,0,0,0,0,0,0
109599,-0.758139,-0.105165,-0.576488,0.758139,0.107289,0.182713,575067,0,0,0,0,0,0,0
109601,-0.215612,-0.106143,-1.83104,0.634766,0.106128,0.275781,575057,0,0,0,0,0,0,0
109602,-0.724938,-0.428122,-0.0215285,0.718384,0.432226,0.847846,575069,0,0,0,0,0,0,0
109815,-1.6227218,-1.6477002,-0.3332723,1.5413432,1.6346722,0.6790258,4506577,0,0,0,0,0,0,0
110171,-5.851,-6.691,-4.039,5.851,6.823,9.474,240933,0,0,0,0,0,0,0
110172,-5.712,-6.595,-3.789,5.712,6.721,9.408,311586,0,0,0,0,0,0,0
110173,-5.711,-6.652,-3.907,5.711,6.61,9.423,240935,0,0,0,0,0,0,0
110174,-5.755,-6.61,-3.841,5.755,6.773,9.557,311587,0,0,0,0,0,0,0
110222,-0.9922994,-3.5866818,-1.6883812,0.9400842,3.5891223,5.436673,1387277,0,0,0,0,0,0,0
110223,-0.9922994,-3.5866818,-1.6883812,0.9400842,3.5891223,5.436673,244119,0,0,0,0,0,0,0
110225,-2.1610603,-1.6007742,-3.695705,1.5640821,31.668919,14.191257,1367680,0,0,0,0,0,0,0
110226,-2.7858524,-1.6997439,-3.695705,2.0813923,20.591242,23.204487,1367946,0,0,0,0,0,0,0
110355,-0.5720092,-2.0580034,-0.4046423,1.9877357,0.6668781,0.60726863,4690423,0,0,0,0,0,0,0
111116,-1.6227218,-1.6477002,-0.3332723,1.5413432,1.6346722,0.6790258,4506575,0,0,0,0,0,0,0
111241,-4.188,-3.904,-0.2661,3.869,3.626,17.01,356037,0,0,0,0,0,0,0
111274,-7.496,-6.15,0.598,5.432,7.062,34.23,197802,0,0,0,0,0,0,0
111293,-0.6923,-0.7804,-0.03755,1.009,1.062,2.57,330144,0,0,0,0,0,0,0
111925,-1.6067102,-1.2400132,-0.033254385,0.34552574,1.893719,2.9971354,219400,0,0,0,0,0,0,0
112080,-0.5402595,-0.52990043,-0.06323183,0.5402595,0.52990043,1.2204832,6212425,0,0,0,0,0,0,0
112216,-1.4054556,-1.2296417,-0.16466637,1.0158921,1.38876,3.2251806,200252,0,0,0,0,0,0,0
112219,-1.72869,-1.29656,-0.0506824,1.71151,1.76267,0.110616,950751,0,0,0,0,0,0,0
112227,-1.8084956,-1.6366972,-0.018150337,1.8643156,1.7721363,5.6795216,4524204,0,0,0,0,0,0,0
112228,-11.649218,-9.665896,-1.7101775,12.182152,9.665895,24.396145,4524205,0,0,0,0,0,0,0
112238,-12.632588,-9.72213,-0.41007018,12.632589,9.722124,8.835026,1990244,0,0,0,0,0,0,0
112252,-1.364377,-1.5886228,-0.23195787,1.3579048,1.4658679,4.1534114,6324642,0,0,0,0,0,0,0
112276,-0.16385905,-1.7617798,-8.243785,0.16330114,1.7617798,0.29210916,1345368,0,0,0,0,0,0,0
112278,-0.49894774,-5.9460588,-3.895469,0.19181994,5.9460588,0.12119979,1345436,0,0,0,0,0,0,0
112279,-8.001507,-9.866635,-0.32301924,19.441607,7.9750085,46.846245,985473,0,0,0,0,0,0,0
112315,0.01031,-0.1936,-0.6475,0.1505,0.1936,0.6504,198127,0,0,0,0,0,0,0
112319,337.88034,4.6329618,155.39719,395.7795,64.50392,187.3511,5936779,0,0,0,0,0,0,0
112320,-172.7,-172.4,-120.3,172.1,172.4,181.8,193146,0,0,0,0,0,0,0
112391,-4.651,-17.91,-14.08,4.102,11.21,7.07,326873,0,0,0,0,0,0,0
112418,-0.7211,-0.805,-0.02576,1.068,0.8155,1.058,315767,0,0,0,0,0,0,0
112460,-0.06862,-0.774,-0.02015,0.2592,0.7938,1.689,194877,0,0,0,0,0,0,0
112461,-2.56497,-2.10771,-1.35104,1.91032,1.64471,2.45864,849763,0,0,0,0,0,0,0
112670,-0.3284,-0.6939,-0.2057,0.2436,0.675,2.927,322867,0,0,0,0,0,0,0
112767,-0.4631,-0.2741,0.004315,0.4795,0.2963,0.03187,305392,0,0,0,0,0,0,0
112768,-1.713,-1.205,-0.006443,0.3475,1.359,0.08233,305427,0,0,0,0,0,0,0
112769,-0.1209,-0.2224,-0.09376,5.506,7.075,1.454,312265,0,0,0,0,0,0,0
112770,-0.4863,-0.2943,0,0.4863,0.2943,0,305394,0,0,0,0,0,0,0
112872,-2.622,-2.137,-0.2426,2.506,1.803,6.343,219395,0,0,0,0,0,0,0
112971,-6.75442,-10.7739,-0.765986,7.35163,10.9997,3.65894,796336,0,0,0,0,0,0,0
113001,-0.697158,-0.609815,-0.0678489,0.463369,0.527992,0.904299,337611,0,0,0,0,0,0,0
113050,-1.056,-0.6538,-0.3636,1.097,1.5,0.5181,195075,0,0,0,0,0,0,0
113166,-0.09886,-0.3295,-0.004195,0.09886,0.3295,0.8722,364639,0,0,0,0,0,0,0
113167,-0.2151,-0.3976,0.0009513,0.2151,0.3976,0.9841,364634,0,0,0,0,0,0,0
113168,-0.2759,-0.583,-0.03013,0.2759,0.5877,2.008,364641,0,0,0,0,0,0,0
113169,-0.301442,-0.301442,-0.273664,0.301442,0.301442,0.32922,166027,0,0,0,0,0,0,0
113170,-0.9374,-1.073,-0.008802,0.9374,1.158,2.84,198372,0,0,0,0,0,0,0
113313,-0.32067558,-5.401297,0,0.3206756,5.401297,23.57088,1502086,0,0,0,0,0,0,0
113342,-30.88762,-32.681553,-14.214939,30.88762,32.681553,13.905248,367608,0,0,0,0,0,0,0
113343,10000000,10000000,10000000,-10000000,-10000000,-10000000,1482281,0,0,0,0,0,0,0
113366,-0.277487,-0.130945,-1.71875,0.812292,0.130097,0.383156,575063,0,0,0,0,0,0,0
113414,-1.9594865,-2.1221614,0,1.9170967,2.048871,0.7331294,2313817,0,0,0,0,0,0,0
113623,-0.0773725,-0.292274,-0.00805304,0.305677,0.299649,0.540887,878854,0,0,0,0,0,0,0
113653,-0.2265,-0.9803,-0.7679,1.56,0.9803,0.7679,197654,0,0,0,0,0,0,0
113662,-0.7262,-0.5759,-0.07379,0.4266,0.5769,1.361,458210,0,0,0,0,0,0,0
113679,-2.096,-2.076,-0.1499,2.178,2.197,6,195012,0,0,0,0,0,0,0
113793,-1.272764,-0.10378075,-0.02009858,0.11749146,0.10378075,2.094169,1013085,0,0,0,0,0,0,0
113794,-1.4025991,-0.121052,-0.015181224,0.05619542,0.12105179,2.1420102,1013092,0,0,0,0,0,0,0
113800,-4.20811,-6.5406,-2.7308,4.19794,6.62268,8.68494,419197,0,0,0,0,0,0,0
113801,-0.1165,-0.8642,-0.671,0.1773,0.8737,1.355,243232,0,0,0,0,0,0,0
113802,-6.188,-0.6621,2.105,2.722,0.7186,8.584,452147,0,0,0,0,0,0,0
113803,-6.188,-0.6621,2.105,2.722,0.7186,8.584,452151,0,0,0,0,0,0,0
113804,-3.57175,-6.50616,-2.6212,4.10553,6.54392,8.68494,418225,0,0,0,0,0,0,0
113805,-0.9717,-3.487,0.001354,0.9717,3.478,4.742,429102,0,0,0,0,0,0,0
113806,-3.57175,-6.56562,-2.63992,4.10553,6.45987,8.68494,419195,0,0,0,0,0,0,0
113807,-3.57175,-6.56164,-2.64744,4.10553,6.53916,8.68494,418797,0,0,0,0,0,0,0
113808,-3.57175,-6.52113,-2.55693,4.10553,6.44986,8.68494,418785,0,0,0,0,0,0,0
113809,-1.313,-1.374,-0.2884,1.273,1.363,2.747,195429,0,0,0,0,0,0,0
113810,-6.188,-0.6621,2.105,2.722,0.7186,8.584,452153,0,0,0,0,0,0,0
113811,-6.188,-0.6621,2.105,2.722,0.7186,8.584,452149,0,0,0,0,0,0,0
113812,-0.20501062,-0.6972612,-0.37321982,0.20501061,0.73854536,0.87493163,2736566,0,0,0,0,0,0,0
113813,-0.6142884,-0.37315693,-0.0050156224,0.192246,0.37315723,2.1016676,1391595,0,0,0,0,0,0,0
113965,-3.63,-3.712,-0.1035,0.2415,3.326,2.529,458267,0,0,0,0,0,0,0
113966,-7.997,-12.77,0.3678,0.4745,12.71,16.37,310495,0,0,0,0,0,0,0
114001,-253.3,-25.29,-8.439,-183.8,25.23,6.496,445681,0,0,0,0,0,0,0
114002,-92.87,-38.41,-65.93,88,106.8,70.51,443680,0,0,0,0,0,0,0
114060,-67.771,-66.7419,-33.1729,71.7145,63.2365,44.2359,330978,0,0,0,0,0,0,0
114061,-12.5,-12.5,0,12.5,12.5,0,851982,0,0,0,0,0,0,0
114062,-1.4940971,-1.4445225,0.014153374,1.4940971,1.4445225,0.014153374,1626169,0,0,0,0,0,0,0
114063,-0.1143,-0.1137,-0.01806,0.09986,0.1011,0.2847,324948,0,0,0,0,0,0,0
114064,-0.080550805,-0.088845365,-0.1246186,0.08055076,0.08884541,0.1246186,960844,0,0,0,0,0,0,0
114065,-0.080550775,-0.088845365,-0.10094707,0.080550835,0.08884541,0.10094707,960846,0,0,0,0,0,0,0
114068,10000000,10000000,10000000,-10000000,-10000000,-10000000,1622147,0,0,0,0,0,0,0
114072,-0.59214264,-0.51767707,-0.27586016,0.5580424,0.6073405,-0.07084843,1367069,0,0,0,0,0,0,0
114073,-0.367757,-0.367757,-0.00284859,0.367756,0.367756,0.156991,533089,0,0,0,0,0,0,0
114286,-0.14737633,-0.40044633,-0.20551956,0.25842795,0.40044686,0.3440668,1277864,0,0,0,0,0,0,0
114289,-0.19924259,-0.2975828,-0.06702168,0.19924262,0.297091,0.54042286,3718228,0,0,0,0,0,0,0
114341,-0.3123,-0.3172,-0.0138,0.2576,0.557,0.3653,203521,0,0,0,0,0,0,0
114342,-0.238681,-0.285843,-0.0291756,0.239083,0.337743,0.427644,203522,0,0,0,0,0,0,0
114344,-0.3877,-0.3889,-0.001712,0.3907,0.3896,0.9893,317356,0,0,0,0,0,0,0
114354,-0.4798,-1.409,-0.6475,0.5345,1.406,3.303,362617,0,0,0,0,0,0,0
114356,-8.658,-1.879,0.006523,8.657,1.879,20.28,197113,0,0,0,0,0,0,0
114361,-0.44183,-0.518376,-0.102593,0.465261,0.461449,0.786164,307330,0,0,0,0,0,0,0
114362,-0.5395447,-0.3647349,-0.02968929,0.55002385,0.33447784,1.25962,343855,0,0,0,0,0,0,0
114376,-2.575E-05,-0.0008818,0,0.02744,0.003374,2.073,124642,0,0,0,0,0,0,0
114377,-1.4600111,-1.0973287,-0.3729677,1.2971246,1.4325701,0.57381713,1063648,0,0,0,0,0,0,0
114378,-1.1698867,-1.5208873,-0.8167054,1.4438378,1.503623,1.1898161,1018090,0,0,0,0,0,0,0
114379,-0.29470766,-0.2783041,0.0057689855,0.24411967,0.43250656,0.0809125,3154886,0,0,0,0,0,0,0
114448,-5.624,-7.273,-0.1191,5.994,6.216,21.29,189571,0,0,0,0,0,0,0
114451,-0.8266,-0.03757,-0.09326,1.357,0.0454,0.06877,147224,0,0,0,0,0,0,0
114452,-0.8266,-0.03757,-0.09326,1.357,0.0454,0.06877,147224,0,0,0,2,0,13632,0
114453,-0.2022,-0.1907,-0.01713,0.2022,0.1907,0.5898,254416,0,0,0,0,0,0,0
114455,-0.32086235,-0.3970253,-0.039767,0.9586649,0.42896122,1.0013051,197196,0,0,0,0,0,0,0
114523,-0.20648643,-0.6610933,-0.009874807,0.44829598,0.2275246,0.14408392,195106,0,0,0,0,0,0,0
114524,-0.2578,-0.9034,-0.07661,0.361,0.2496,0.9583,240803,0,0,0,0,0,0,0
114614,-0.9922994,-3.5866818,-1.6883812,0.9400842,3.5891223,5.436673,1387281,0,0,0,0,0,0,0
114616,-0.9922994,-3.5866818,-1.6883812,0.9400842,3.5891223,5.436673,244120,0,0,0,0,0,0,0
114617,-6.4544,-9.61234,-2.95806,5.47488,10.1355,14.6007,394808,0,0,0,0,0,0,0
114633,-12.946367,-12.84349,-3.074955,15.630442,17.505268,16.698513,982120,0,0,0,0,0,0,0
114634,-1.892,-4.025,-0.2251,1.968,2.962,2.355,195387,0,0,0,0,0,0,0
114687,-0.11242739,-0.12032793,-0.020708075,0.13368419,0.10677898,0.20138213,192756,0,0,0,0,0,0,0
114714,-4.984,-5.444,0,4.682,5.477,4.39,193645,0,0,0,0,0,0,0
115446,-0.68,-1.29,0.003651,0.68,1.3,3.378,197632,0,0,0,0,0,0,0
115449,-2.3651087,-3.294722,-0.13654198,3.0428753,3.294719,0.60836154,4871092,0,0,0,0,0,0,0
115450,-2.1019206,-1.9135815,-0.014887241,2.306562,1.8761182,0.13903871,1334478,0,0,0,0,0,0,0
115451,-0.0428768,-0.740928,-0.633654,0.314633,0.510616,1.01827,970051,0,0,0,0,0,0,0
115452,-0.2022,-0.05804,-0.2867,0.6905,0.05818,0.3086,144462,0,0,0,2,0,14875,0
115453,-0.2291,-0.06242,-0.362,0.9866,0.06438,0.2363,144478,0,0,0,2,0,12290,0
115546,-0.992011,-1.1718,-0.457553,1.10355,1.044,2.38937,950819,0,0,0,0,0,0,0
115547,-0.5695,-0.639,-0.1115,0.6405,0.6129,0.4664,254269,0,0,0,0,0,0,0
115548,-2.754,-3.762,-0.5601,2.516,4.047,4.266,198768,0,0,0,0,0,0,0
115552,-9.267,-12.64,-5.171,13.43,10.74,25.11,344257,0,0,0,0,0,0,0
115553,-1.834,-2.141,-0.01406,2.165,2.221,2.279,200143,0,0,0,0,0,0,0
115602,-0.9858,-1.068,0,0.9914,1.059,1.649,199096,0,0,0,0,0,0,0
115632,-2.958,-1.098,-0.2801,2.567,2.603,3.22,123182,0,0,0,1,9433,0,0
115635,-22.222223,-7.369619,-10.833552,24.023346,5.555556,10.109841,1093202,0,0,0,0,0,0,0
115637,-6.0353994,-6.0565104,-1.3946055,6.117374,6.183018,14.79105,200316,0,0,0,0,0,0,0
115638,-18.6,-10.26,-3.955,16.5,9.565,35.09,198945,0,0,0,0,0,0,0
115639,-6.27128,-6.0968,-0.0394821,5.88315,6.05763,42.518,318846,0,0,0,0,0,0,0
115641,-17.35,-15.7,-0.6649,13.66,14.15,52.74,202001,0,0,0,0,0,0,0
115648,-1.175,-0.7682,-0.1762,0.5536,0.7682,3.285,409142,0,0,0,0,0,0,0
115654,-0.1752,-2.403,-0.3311,0.5088,0.8555,8.803,294456,0,0,0,0,0,0,0
115777,-2.287,-2.262,-1.797,2.259,2.285,2.75,195052,0,0,0,0,0,0,0
116295,-0.55240667,-0.55649483,-0.016421743,0.55625206,0.5016322,1.5546353,3857150,0,0,0,0,0,0,0
116299,-1.8110539,-2.341758,-0.03797051,1.8110539,2.3417566,2.0058503,1021195,0,0,0,0,0,0,0
116303,-1.593,-1.373,-0.628,1.54,1.473,3.069,195712,0,0,0,0,0,0,0
116304,-15.93,-23.56,-1.279,19.97,24.5,56.02,201925,0,0,0,0,0,0,0
116305,-0.5097,-0.5042,-0.006969,0.51,0.5248,1.292,305641,0,0,0,0,0,0,0
116306,-0.6817499,-0.8600953,-0.0062732087,0.6817502,0.86009556,1.0984516,984686,0,0,0,0,0,0,0
116307,-0.17252794,-0.17252794,0,0.17252794,0.17252794,0.25801075,1240430,0,0,0,0,0,0,0
116308,-0.56229085,-0.56421167,-0.023217866,0.60519326,0.54446477,0.64061356,2020425,0,0,0,0,0,0,0
116309,-0.712362,-1.05162,-0.654199,0.715036,1.1148,3.48276,902289,0,0,0,0,0,0,0
116310,-0.81001,-2.89075,-0.158898,0.79521,2.88425,4.03176,630748,0,0,0,0,0,0,0
116311,-0.397058,-0.440781,-0.217678,0.560803,0.267552,1.11953,528653,0,0,0,0,0,0,0
116312,-2.59809,-2.83067,-0.0370524,1.99879,2.92435,5.25295,529195,0,0,0,0,0,0,0
116320,-1.439,-1.858,-0.01632,1.284,2.049,3.909,321662,0,0,0,0,0,0,0
116321,-0.9058,-0.06401,-0.4125,0.06575,0.06398,0.4088,198637,0,0,0,0,0,0,0
116322,-0.2661,-0.2679,-0.01449,0.2848,0.283,0.7043,203219,0,0,0,0,0,0,0
116323,0.3459,-1.95,-0.1387,1.815,2.154,4.809,197200,0,0,0,0,0,0,0
116324,-0.758024,-1.09976,-0.00648641,1.96548,0.975046,2.12871,608748,0,0,0,0,0,0,0
116325,-0.492,-0.5174,-0.004554,0.3175,0.3487,0.3424,243295,0,0,0,0,0,0,0
116326,-0.33145514,-0.26622182,-0.025375664,0.32839733,0.3590165,0.59554684,3148988,0,0,0,0,0,0,0
116327,-0.559104,-0.265126,-0.0281859,0.330885,0.272821,1.11703,969997,0,0,0,0,0,0,0
116328,-0.198651,-0.25489,-0.00965005,0.345302,0.32436,0.486983,950801,0,0,0,0,0,0,0
116329,-0.46336958,-0.76752883,-0.025070773,0.77278167,0.72559375,1.4937717,942891,0,0,0,0,0,0,0
116330,-1.223,-0.375,-0.05006,0.5738,1.012,2.439,307306,0,0,0,0,0,0,0
116331,-0.836648,-1.4766746,-3.973643E-07,0.68358874,0.9897336,5.0157995,1852119,0,0,0,0,0,0,0
116332,-0.460537,-0.837536,-0.0039009,0.460537,0.837536,1.18218,528655,0,0,0,0,0,0,0
116333,-4.0845566,-4.3041596,-2.167604,4.0966616,3.8673024,10.078895,985150,0,0,0,0,0,0,0
116334,-5.03808,-4.19838,-1.05253,6.02268,2.91981,19.1054,192718,0,0,0,0,0,0,0
116335,-2.0979145,-3.592297,-0.44844246,2.9180264,3.306081,5.527533,4498654,0,0,0,0,0,0,0
116336,-1.1765348,-1.680256,-2.203805,1.2701247,1.680256,12.741112,942868,0,0,0,0,0,0,0
116337,-2.1979957,-3.3467107,-0.30943286,2.5437036,5.833272,6.5999064,4498649,0,0,0,0,0,0,0
116338,-3.081224,-4.6304913,-3.829102,3.0882397,4.956506,14.971734,1958815,0,0,0,0,0,0,0
116351,-7.136,-3.612,-9.268,6.788,3.612,5.37,469405,0,0,0,0,0,0,0
116355,-4.22943,-4.21683,-4.21683,4.21683,4.21683,7.64037,378601,0,0,0,0,0,0,0
116389,-4.0335894,-5.166993,-0.47322565,5.0926323,4.7445602,8.846204,3025900,0,0,0,0,0,0,0
116404,-0.5088,-1.485,-0.06522,0.5442,1.429,5.072,252740,0,0,0,0,0,0,0
116405,-0.29,-1.167,-0.1081,0.3399,1.126,5.918,252743,0,0,0,0,0,0,0
116439,-0.8081811,-0.7494139,-1.1217622,0.5214467,0.0567543,0.06466463,5902795,0,0,0,0,0,0,0
116457,-2.3976593,-0.9618169,-0.14211443,0.554426,1.0347273,9.35629,198955,0,0,0,0,0,0,0
116479,-0.42604285,-0.6419167,0.44439578,0.3943959,0.6572466,2.4661632,943218,0,0,0,0,0,0,0
116504,-0.41441384,-0.7368745,-0.23753946,1.0837872,0.7368745,0.1875413,4568765,0,0,0,0,0,0,0
116511,-0.3571,-0.04072,-0.2922,1.744,0.04072,0.2922,148277,0,0,0,0,0,0,0
116519,-0.15886289,-0.16508897,-0.37911442,0.15892176,0.15242153,0,1131677,0,0,0,0,0,0,0
116521,-2.641,-3.051,-2.883,1.653,2.631,21.71,248072,0,0,0,0,0,0,0
116522,-0.16764075,-0.3437127,-0.021802545,0.86538255,0.3437127,0.07976151,145170,0,0,0,2,0,15809,0
116523,-0.5878,-0.4515,-0.5205,1.065,0.4504,0.2577,244232,0,0,0,0,0,0,0
116665,-3.631,-4.076,0.007307,3.664,4.164,9.687,328179,0,0,0,0,0,0,0
116666,-4.031,-2.61,0,1.545,3.688,11.37,328178,0,0,0,0,0,0,0
116795,-0.47069857,-0.6684664,-0.002827737,0.47069857,0.6684664,0.18783058,1124086,0,0,0,0,0,0,0
116811,-0.04632,-2.897,0.05542,1.364,2.216,21.88,197838,0,0,0,0,0,0,0
116944,-1.3871727,-3.57012,-0.838696,2.7338362,2.866471,3.9450865,1042820,0,0,0,0,0,0,0
116945,-9.659038,-3.8084927,-0.54545283,4.6830387,6.870388,10.771155,5482171,0,0,0,0,0,0,0
116946,-7.6421323,-10.251241,-1.0900819,9.440506,12.87342,12.875158,942833,0,0,0,0,0,0,0
117260,-9.38,-7.461,-4.436,10.16,7.301,17.55,512330,0,0,0,0,0,0,0
117278,-5.94567,-5.76015,-1.22801,4.66325,6.30459,10.0665,200896,0,0,0,0,0,0,0
117316,-0.25949395,-0.56843907,-0.78130776,0.06010225,0.56843907,0.45079306,5835628,0,0,0,0,0,0,0
117369,-0.9633,-0.7181,-0.2117,0.959,0.825,0.6271,190388,0,0,0,0,0,0,0
117370,-23.88,-24.48,-0.8467,26.34,26.93,42.79,203929,0,0,0,0,0,0,0
117371,-14.66,-26,-0.5504,17.87,18.99,26.7,203930,0,0,0,0,0,0,0
117375,-5.776,-9.803,-1.329,4.133,7.872,13.6,203680,0,0,0,0,0,0,0
117376,-14.63,-3.631,-1.362,16,4.31,7.029,203957,0,0,0,0,0,0,0
117377,-4.449,-4.805,-0.6879,5.029,6.769,14.44,203932,0,0,0,0,0,0,0
117378,-6.293,-4.397,-0.49,5.474,5.963,13.88,203958,0,0,0,0,0,0,0
117383,-0.29806456,-0.2069959,0.016755456,0.29905415,0.19649744,0.10581306,936411,0,0,0,0,0,0,0
117449,-1.9693513,-3.4035735,-1.8264596,2.117167,3.3847752,9.161047,190000,0,0,0,0,0,0,0
117462,-10.88,-8.11,-1.312,8.771,9.234,23.64,362201,0,0,0,0,0,0,0
117463,-8.162,-5.774,-1.251,6.538,6.607,17.92,362133,0,0,0,0,0,0,0
117532,10000000,10000000,10000000,-10000000,-10000000,-10000000,1007505,0,0,0,0,0,0,0
117533,-0.25949395,-0.56843907,-0.78130776,0.06010225,0.56843907,0.45079306,5835628,0,0,0,1,139495,0,0
117535,-0.25949395,-0.56843907,-0.78130776,0.06010225,0.56843907,0.45079306,5835628,0,0,0,2,0,260912,0
117541,-1.091,-1.544,-0.01846,1.093,1.544,1.179,190586,0,0,0,0,0,0,0
117542,-4.0221634,-3.583784,-0.20697874,4.5989766,4.288566,8.025228,1721534,0,0,0,1,136609,0,0
117547,-2.069,-2.08,-0.2873,1.893,2.237,2.734,195428,0,0,0,0,0,0,0
117678,-25.663773,-27.667889,-1.6994673,26.233576,27.656977,7.4514313,1141736,0,0,0,0,0,0,0
117693,-0.6989278,-0.84337264,-0.03751332,0.6989277,0.8433732,0.43670046,950782,0,0,0,0,0,0,0
117719,-10.943689,-5.2046804,-6.385132,0.8428828,1.7125734,0.55804783,1120545,0,0,0,0,0,0,0
117816,-3.4533634,-3.4432633,-4.319417,4.306528,6.0196033,5.2254286,1387276,0,0,0,0,0,0,0
117833,-2.09478,-1.3676,-0.333222,1.88161,1.16065,5.12023,194260,0,0,0,0,0,0,0
117892,-0.4754,-0.703,-0.153,0.53,0.6096,0.7144,219448,0,0,0,0,0,0,0
117908,-0.2776,-2.031,-0.01393,0.4378,1.909,2.597,189091,0,0,0,0,0,0,0
117909,-0.198651,-0.25489,-0.00965005,0.345302,0.32436,0.486983,588297,0,0,0,0,0,0,0
117983,-134.266,-146.846,-83.5981,135.188,149.32,100.011,445994,0,0,0,0,0,0,0
117984,-61.12,-61.12,1.01,61.12,61.12,90.49,460840,0,0,0,0,0,0,0
117989,-0.373637,-0.375306,-0.115874,0.468691,0.374488,0.310663,533720,0,0,0,0,0,0,0
117990,-1.316,-1.309,-0.09888,1.296,1.255,0.7066,255235,0,0,0,0,0,0,0
118022,-2.55,-2.539,-0.5472,2.55,2.539,1.775,373032,0,0,0,0,0,0,0
118098,-9.553577,-10.382372,-0.9790313,9.958221,10.330346,8.847556,1100087,0,0,0,1,137820,0,0
118099,-8.990152,-9.654906,-0.9213247,9.162843,9.553439,8.709767,1100258,0,0,0,1,137822,0,0
118100,-9.553577,-10.382372,-0.9790313,9.958221,10.330346,8.847556,1100087,0,0,0,1,137819,0,0
118137,-93.23,-93.22,-36.06,93.23,93.22,38.09,460839,0,0,0,0,0,0,0
118161,-1.187054,-1.1507623,-0.066613436,1.1395149,1.1447097,2.8622015,124640,0,0,0,1,13069,0,0
118237,-8.273,-11.73,-1.725,-5.336,11.67,62.6,401837,0,0,0,0,0,0,0
118238,0.012165215,-1.2325758,0.030388381,2.4361382,1.1118917,3.3274987,1722707,0,0,0,0,0,0,0
118239,-17.0963,-10.74,-0.0676846,15.5166,1.24892,21.2545,442068,0,0,0,0,0,0,0
118240,-0.3684,-4.172,0.1763,0.3989,4.207,11.09,194934,0,0,0,0,0,0,0
118391,-56.965576,-56.965576,-0.027787885,56.965576,56.965576,0.028618604,1568881,0,0,0,0,0,0,0
118479,-4.76735,-2.93438,-4.74808,4.83542,3.08947,19.4882,166429,0,0,0,0,0,0,0
118512,-0.384,-0.1026,-0.1795,0.8838,0.1026,0.366,148045,0,0,0,0,0,0,0
118808,-0.7155,-0.5013,0,0.3636,0.5757,0.5352,202814,0,0,0,0,0,0,0
118928,-0.53772527,-0.5644825,-4.491151,0.42998004,0.54765636,0.3210503,1115597,0,0,0,0,0,0,0
119432,-1.96886,-2.49928,0.00904274,1.96886,2.49928,0.270818,591310,0,0,0,0,0,0,0
119433,-6.103231,-5.6885386,0.0594334,7.1677203,10.744172,1.1736332,1859612,0,0,0,0,0,0,0
119434,-5.2720537,-5.816004,0.006782161,4.9495583,6.0942907,0.88510853,1859150,0,0,0,0,0,0,0
119435,-1.196742,-2.3979323,0.006782267,2.9969304,2.9603832,0.6304801,1859608,0,0,0,0,0,0,0
119890,-0.7352,-0.5373,-0.0005005,0.7243,0.5297,0.4639,199546,0,0,0,0,0,0,0
120289,-0.7041,-0.6208,-0.1342,0.6577,0.6222,0.5901,193663,0,0,0,0,0,0,0
120306,-2.831,-2.122,-0.4642,2.386,2.826,1.937,189939,0,0,0,0,0,0,0
120307,-11.07,-6.855,-0.699,10.23,4.02,10.59,189916,0,0,0,0,0,0,0
120308,-1.7798189,-10.974732,-0.29795086,5.09732,14.873051,3.5620854,6315992,0,0,0,0,0,0,0
120309,-0.8085,-5.679,-0.2423,1.578,7.577,2.853,190117,0,0,0,0,0,0,0
120320,-0.192449,-0.394105,0.000904719,0.420359,0.351775,0.831763,198179,0,0,0,0,0,0,0
120440,-0.4561,-0.4169,0,0.4561,0.4169,0.7407,197096,0,0,0,0,0,0,0
120461,-14.43,-14.44,-13.85,14.45,14.44,15.02,249664,0,0,0,0,0,0,0
120538,-3.2081583,-2.2494316,-0.013888889,4.0584493,2.8821788,5.512759,7506756,0,0,0,1,140380,0,0
120548,-1.71,-0.8438,0,0.6229,0.8495,1.799,341746,0,0,0,0,0,0,0
120556,-3.369,-4.051,-1.797,3.486,4.279,3.625,330858,0,0,0,0,0,0,0
120559,-0.1681,-0.1787,-0.01391,0.1862,0.1732,0.1046,322152,0,0,0,0,0,0,0
120560,-7.146,-5.508,-2.327,6.05,5.295,12.3,201989,0,0,0,0,0,0,0
120583,-4.88,-3.252,-0.355,5.256,1.117,9.758,202740,0,0,0,0,0,0,0
120596,-2.79195,-2.59628,-0.978868,2.30384,2.59109,19.9822,519955,0,0,0,0,0,0,0
120800,-1.348,-0.9824,-0.1653,1.269,0.9906,0.1219,243369,0,0,0,0,0,0,0
120801,-0.33682737,-0.35129675,-0.14107847,0.21639867,0.35031107,2.3109226,4288075,0,0,0,0,0,0,0
120802,-2.65762,-2.16705,0,2.6658,1.76101,1.65245,853188,0,0,0,0,0,0,0
120804,-5.543,-5.224,-5.346,5.175,5.344,8.193,348136,0,0,0,0,0,0,0
120805,-3.509,-3.243,-2.061,3.064,3.641,2.217,348137,0,0,0,0,0,0,0
120815,-0.7034,-1.953,0.03776,1.101,1.93,5.822,199769,0,0,0,0,0,0,0
120882,-0.5386982,-0.72373325,-0.14725351,0.3158579,0.51440966,1.1308346,1011411,0,0,0,0,0,0,0
120947,-0.9451,-1.091,-0.2765,0.9451,1.091,6.222,198289,0,0,0,0,0,0,0
121060,-5.0577946,-12.710271,-1.8061634,5.3498588,12.002621,9.904628,248796,0,0,0,0,0,0,0
121319,-0.2255,-0.1581,-0.008603,0.2506,0.1755,0.1632,244163,0,0,0,0,0,0,0
121336,-1.094,-1.021,-0.3636,0.9075,1.107,0.5181,195074,0,0,0,0,0,0,0
121356,-0.5916,-0.8093,-0.04511,0.8251,0.9942,0.8491,192344,0,0,0,0,0,0,0
121413,-30.31183,-12.280527,-13.175583,31.679695,12.396673,24.14235,116302,0,0,0,0,0,0,0
121563,-0.05997,-0.09418,0.001887,0.05963,0.09147,0.3072,304793,0,0,0,0,0,0,0
121621,-1.4186554,-1.1344482,-0.23167515,1.4033766,0.5895083,3.42103,219398,0,0,0,0,0,0,0
121975,-0.1254,-0.1443,-0.01661,0.1319,0.1161,0.4591,195014,0,0,0,0,0,0,0
121990,-0.11085083,-0.11085083,0,0.11085083,0.20447929,0.22338505,1125308,0,0,0,0,0,0,0
121991,-7.0562296,-7.9702735,-6.8550854,6.9597473,8.252759,9.062076,1269397,0,0,0,0,0,0,0
121992,-3.0716085,-6.133492,-2.6377373,3.3683214,6.1529326,8.0026,5409335,0,0,0,0,0,0,0
121994,-10.732204,-6.7367263,-1.838296,7.5188437,10.874373,2.969939,386017,0,0,0,0,0,0,0
121995,-10.7044,-6.70895,-1.81052,7.49107,10.8466,2.94216,523791,0,0,0,0,0,0,0
122140,-0.6461,-1.669,-1.016,1.069,1.721,1.141,343099,0,0,0,0,0,0,0
122141,-0.5565,-1.315,-0.006454,1.036,1.84,1.477,195489,0,0,0,0,0,0,0
122168,-1.28293,-0.604667,0,1.28293,0.626851,1.13943,537044,0,0,0,0,0,0,0
122169,-0.91637444,-0.86046445,0,0.9258478,0.8902904,0.86474264,950862,0,0,0,0,0,0,0
122170,-1.2914912,-1.3067771,0,1.2966485,1.3067766,2.3478782,951941,0,0,0,0,0,0,0
122171,-0.8867766,-0.9279352,-0.057354346,0.88677675,0.92831314,0.97176117,1709054,0,0,0,0,0,0,0
122240,-0.557023,-1.3615,0,0.549555,1.37775,6.08701,200285,0,0,0,0,0,0,0
122386,-60.67,-68.59,5.601,58.7,68.76,6.899,418790,0,0,0,0,0,0,0
122388,-62.56,-59.13,0.2753,52.28,58.88,0.4378,374475,0,0,0,0,0,0,0
122449,-13.5656,-10.8241,-9.28153,13.53,16.9689,20.0272,165833,0,0,0,0,0,0,0
122453,-2.31342,-2.27658,-1.93224,6.00502,2.32732,2.98631,253324,0,0,0,0,0,0,0
122454,-1.483,-0.3664,-0.9321,0.6688,0.3664,0.5681,197708,0,0,0,0,0,0,0
122502,-0.1741,-1.036,-1.058,0.3166,1.035,1.012,195652,0,0,0,0,0,0,0
122577,-0.3227,-0.6147,0,0.3227,0.6167,2.362,353152,0,0,0,0,0,0,0
122618,-0.7117,-3.32,0.3233,1.166,2.658,5.637,199765,0,0,0,0,0,0,0
122619,-2.95384,-2.93219,-0.0413759,-0.947767,-0.920436,3.22763,199779,0,0,0,0,0,0,0
122620,-0.4112,-0.5593,-0.1213,0.6653,0.8051,2.054,199767,0,0,0,0,0,0,0
122621,-2,-4.31,-0.3768,3.775,4.504,10.72,199770,0,0,0,0,0,0,0
122622,-2.929,-2.924,-0.07046,3.03,3.035,3.744,199772,0,0,0,0,0,0,0
122623,-1.612,-2.591,-0.04444,2.121,2.908,8.833,199777,0,0,0,0,0,0,0
122625,-0.09456,-0.09351,0.005657,0.09497,0.101,0.6264,304794,0,0,0,0,0,0,0
122626,-0.08648,-0.09579,0.005657,0.08715,0.1032,0.7731,304796,0,0,0,0,0,0,0
122627,-0.101733,-0.105921,0.000680628,0.111782,0.107594,0.560048,304791,0,0,0,0,0,0,0
122660,-1.47468,-1.3554,-0.834849,0.712994,0.712994,1.38534,609838,0,0,0,0,0,0,0
122661,-1.33844,-1.40388,-0.00356193,1.37823,1.64608,0.905854,577277,0,0,0,0,0,0,0
122730,-1.18898,-1.57382,-0.228818,1.18898,1.31318,3.79469,948466,0,0,0,0,0,0,0
122738,-68.68273,-23.790865,-12.68595,67.53528,22.747509,43.300026,310056,0,0,0,0,0,0,0
122766,-0.08736,-0.3649,-0.01568,0.1456,0.4032,0.814,199370,0,0,0,0,0,0,0
122767,-0.1583,-0.2336,0.00272,0,0.2374,1.1,198152,0,0,0,0,0,0,0
122785,-6.069833,-3.7067814,-14.229627,6.2453346,18.100384,11.565423,1022436,0,0,0,0,0,0,0
122786,-0.7048,-0.04274,-0.04402,0.02914,0.04282,0.04394,394987,0,0,0,0,0,0,0
122788,-251.28477,-251.2848,-0.027779473,251.28477,251.2848,0.027793037,1371331,0,0,0,0,0,0,0
122789,-0.06944445,-0.06944445,0,0.06944445,0.06944445,0,4186116,0,0,0,0,0,0,0
122792,-6.171002,-6.8457313,-14.229627,7.410942,19.110659,10.363471,4285702,0,0,0,0,0,0,0
122793,-3.15106,-8.19927,-0.353084,3.14727,8.08676,8.25241,536878,0,0,0,0,0,0,0
122797,-0.9922994,-3.5866818,-1.6883807,0.9400842,3.5891223,5.436674,5422312,0,0,0,0,0,0,0
122798,-6.32,-4.085,-4.586,5.555,4.085,10.29,329062,0,0,0,0,0,0,0
122827,-1.691,-1.999,-0.3248,1.978,1.925,1.643,253385,0,0,0,0,0,0,0
122880,-1.94791,-1.44665,-0.180255,-0.232735,1.31462,2.85384,200301,0,0,0,0,0,0,0
122921,-0.6461306,-1.5131516,-0.4804615,0.64578915,1.5806001,6.197823,1032491,0,0,0,0,0,0,0
122937,-1.555,-1.727,-9.716,1.555,1.727,9.716,193068,0,0,0,0,0,0,0
122939,-7.114,-5.196,-10.58,7.114,5.196,10.58,193066,0,0,0,0,0,0,0
122940,-1.187,-2.599,-1.452,1.521,2.816,3.238,196306,0,0,0,0,0,0,0
122942,-3.08263,-3.10924,-0.349685,3.98423,4.1923,4.96503,536077,0,0,0,0,0,0,0
122943,-1.595,-2.564,-0.1908,1.268,-0.04342,1.809,200826,0,0,0,0,0,0,0
122944,-4.00681,-4.22322,-0.523091,3.60325,2.7967,7.09565,529589,0,0,0,0,0,0,0
122945,-0.77391803,-0.47548103,-2.7709138,0.9138193,0.73454815,0.15669642,1037646,0,0,0,0,0,0,0
122946,-2.778,-2.703,-0.3088,2.096,2.183,2.709,190223,0,0,0,0,0,0,0
122947,-3.36419,-2.59852,-2.16905,1.96131,2.72698,3.15646,392110,0,0,0,0,0,0,0
122949,-0.8033829,-0.9301241,-1.0633663,1.2601721,0.9560691,2.7435634,5408470,0,0,0,0,0,0,0
122958,-0.030183984,-0.6939475,-0.58019453,0.030190049,0.6939536,2.2706304,3635055,0,0,0,0,0,0,0
122971,-2.73558,-2.69402,-2.77778,2.73558,2.69402,2.77778,875673,0,0,0,0,0,0,0
122974,-0.2758,-0.274,0.00685,0.2517,0.2029,0.2961,197908,0,0,0,0,0,0,0
122975,-1.229,-1.107,-0.2814,1.229,1.107,0.2814,455586,0,0,0,0,0,0,0
122976,-0.5469,-1.342,-0.2128,0.5469,1.342,0.2128,455588,0,0,0,0,0,0,0
122984,-3.63942,-3.63549,-2.28573,3.93441,3.66986,6.64383,192010,0,0,0,0,0,0,0
122989,-0.7,-0.7325,-0.03721,0.758,0.7439,1.988,193914,0,0,0,0,0,0,0
123026,-3.8059387,-2.8620327,-0.75048697,3.0660253,2.395823,10.62059,1321592,0,0,0,0,0,0,0
123027,-1.66086,-1.00616,-0.099978,1.00909,0.912308,3.15039,191999,0,0,0,0,0,0,0
123031,-0.32491463,-0.28361422,-0.39779705,0.355574,0.26043096,0.40023705,1668141,0,0,0,0,0,0,0
123032,-6.03045,-3.7067,-0.75091,2.5099,2.49934,15.2583,922174,0,0,0,0,0,0,0
123033,-0.6504016,-0.19358411,0.010309127,0.647474,0.19358416,0.15047584,198124,0,0,0,0,0,0,0
123034,-2.2811685,-1.994517,-0.11761398,2.53665,2.0161324,0.06760712,3619352,0,0,0,0,0,0,0
123076,0.116071,-0.4546,0.0347765,0.292656,0.450206,1.01116,948186,0,0,0,0,0,0,0
123094,-0.655,-0.917,-0.4721,0.4114,0.917,0.5956,196687,0,0,0,0,0,0,0
123095,-0.299553,-0.372289,-0.00142398,0.297113,0.369657,0.622995,192712,0,0,0,0,0,0,0
123098,-2.025,-1.511,-0.6091,3.172,1.596,5.293,192662,0,0,0,0,0,0,0
123203,-0.308029,-0.175521,-0.182088,0.282402,0.370008,4.33433,194966,0,0,0,0,0,0,0
123204,-0.23921204,-0.14380167,-0.0058268597,0.33414936,0.14582643,1.1967597,512808,0,0,0,0,0,0,0
123205,-0.7492,-0.6975,-0.01528,0.8052,0.6633,2.759,198611,0,0,0,0,0,0,0
123206,-0.2772,-0.8887,-0.06905,0.3026,1.133,1.554,198613,0,0,0,0,0,0,0
123207,-1.4651301,-1.6514233,-0.09783978,1.2292926,1.7489847,4.5308914,203848,0,0,0,0,0,0,0
123227,-1.0362682,-0.4518191,0.11649545,1.0344342,0.5314784,9.44223,4552872,0,0,0,0,0,0,0
123229,-1.0223997,-0.49069506,0.11649545,1.0483028,0.49260247,21.065258,4552871,0,0,0,0,0,0,0
123246,-1.0239481,-1.128568,-0.017516878,0.66166675,1.128568,1.319943,1391085,0,0,0,0,0,0,0
123304,-1.4471254,-1.4471252,-0.0071074273,1.4471254,1.4471254,6.8605137,203864,0,0,0,0,0,0,0
123305,-1.0326675,-1.2059202,-0.070567235,1.0472808,1.2188514,6.236044,203866,0,0,0,0,0,0,0
123306,-0.610766,-0.474372,-0.000179284,0.677663,0.470242,4.19522,191450,0,0,0,0,0,0,0
123347,-0.625494,-0.466302,-0.000179284,0.641846,0.469059,4.18739,191448,0,0,0,0,0,0,0
123348,-3.84,-3.445,-4.394,4.567,3.422,8.397,202217,0,0,0,0,0,0,0
123350,-0.625494,-0.466302,-0.000179284,0.641846,0.469059,4.18739,191448,0,0,0,1,142848,0,0
123362,-0.76550406,-1.3949,-0.3463043,1.1033448,1.4232432,0.91123337,243958,0,0,0,0,0,0,0
123373,-0.3121169,-0.07123158,-0.14869118,1.1640085,0.09820432,0.2647085,145333,0,0,0,2,0,11021,0
123374,-0.762789,-1.08476,-0.132632,0.756676,1.0003,1.67439,165667,0,0,0,0,0,0,0
123383,-3.4455266,-5.012061,-1.247702,4.860476,4.1191874,2.0652802,5738675,0,0,0,0,0,0,0
123384,-5.151099,-9.593237,-3.6038556,1.9888809,9.872349,8.399382,4234715,0,0,0,0,0,0,0
123453,-0.1143,-0.1308,-0.0001428,0.1132,0.1319,0.2781,243409,0,0,0,0,0,0,0
123454,-6.878,-2.044,-0.02381,6.679,6.463,16.68,304772,0,0,0,0,0,0,0
123455,-0.6635,-0.781,-0.007853,0.7435,0.7803,1.444,190332,0,0,0,0,0,0,0
123456,-0.294492,-0.338743,-0.00162453,0.121666,0.338742,1.84208,951894,0,0,0,0,0,0,0
123537,-60.4066,-25.7235,-7.81202,47.7556,26.9766,64.855,243881,0,0,0,1,142954,0,0
123570,-1.2344229,-0.9797715,-0.036430147,0.97647476,1.7408286,3.0871282,7725149,0,0,0,0,0,0,0
123575,-0.2343,-0.3497,-0.02284,0.2343,0.3541,1.139,363278,0,0,0,0,0,0,0
123576,-0.24770273,-0.4284461,-0.03274319,0.24770279,0.30137858,1.2957395,363279,0,0,0,0,0,0,0
123577,-0.6656,-1.087,-0.1072,0.8775,1.004,1.139,363280,0,0,0,0,0,0,0
123611,-0.691,-1.146,-0.01504,0.7069,1.078,0.9713,198758,0,0,0,0,0,0,0
123612,-1.822,-1.994,-0.2567,1.92,2.029,1.481,198086,0,0,0,0,0,0,0
123622,-0.3044,-0.2159,-0.1814,0.2922,0.245,0.2507,199227,0,0,0,0,0,0,0
123625,10000000,10000000,10000000,-10000000,-10000000,-10000000,6325137,0,0,0,0,0,0,0
123626,-19.1302,-5.26054,-33.8646,19.5693,7.31866,16.9205,165938,0,0,0,0,0,0,0
123668,-3.92,-4.436,-0.2542,9.103,4.265,5.885,200666,0,0,0,0,0,0,0
123669,-5.443,-2.317,-0.1338,5.044,2.114,2.152,197949,0,0,0,0,0,0,0
123672,-0.1755,-0.1225,-0.004554,0.1334,0.2437,0.425,199812,0,0,0,0,0,0,0
123673,-14.714573,-17.584084,4.7691946,16.018166,17.58375,38.759903,392574,0,0,0,0,0,0,0
123674,-9.879,-11.41,-0.5596,16.69,19.59,26.06,201264,0,0,0,0,0,0,0
123675,-8.288,-11.29,-1.2,3.756,11.9,28.96,202258,0,0,0,0,0,0,0
123676,-7.362,-11.09,-1.2,3.22,11.9,17.91,202259,0,0,0,0,0,0,0
123690,-1.48352,-1.95853,-1.85871,2.13445,1.85098,2.77183,852719,0,0,0,0,0,0,0
123691,-0.5,-0.48429734,-0.0023556699,0.5,0.42008343,0.5125354,200890,0,0,0,0,0,0,0
123761,-1.305,-0.9871,-0.006746,0.5635,0.8503,0.2845,199667,0,0,0,0,0,0,0
123762,-0.5428,-2.074,-0.06886,1.977,0.6877,0.5561,199679,0,0,0,0,0,0,0
123763,-0.261609,-0.610459,-0.0642843,1.59244,0.33934,0.46581,199674,0,0,0,0,0,0,0
123765,10000000,10000000,10000000,-10000000,-10000000,-10000000,243808,0,0,0,0,0,0,0
123766,-0.853541,-18.322,-1.78609,0.858903,18.2677,13.1302,577451,0,0,0,0,0,0,0
123767,-1.4108963,-6.148503,-1.1954045,1.7377157,6.4082284,8.3660965,1025054,0,0,0,0,0,0,0
123775,-0.2802818,-0.33531877,-0.042973705,0.280684,0.3968652,0.49340144,240830,0,0,0,0,0,0,0
123776,-1.1678419,-0.68079406,-0.2926996,0.9682625,0.5517935,0.46479094,197190,0,0,0,0,0,0,0
123804,-1.321,-1.529,-1.291,1.29,1.74,1.528,195776,0,0,0,0,0,0,0
123811,-0.7655,-1.653,-0.9399,0.05226,1.628,3.795,511906,0,0,0,0,0,0,0
123813,-0.7233,-3.659,-0.2319,0.6704,3.728,0.5017,200393,0,0,0,0,0,0,0
123885,-4.506,-3.781,-5.694,5.454,4.302,17.54,192397,0,0,0,0,0,0,0
123886,-0.9494,-0.7444,-0.04858,0.7731,0.6739,2.133,196311,0,0,0,0,0,0,0
123890,-0.6272794,-9.100017,-1.0673555,0.71062285,6.6264205,7.666504,194048,0,0,0,0,0,0,0
123942,-52.199326,-15.810922,-14.542587,41.571922,15.810922,44.176907,7704160,0,0,0,0,0,0,0
123945,-0.33080894,-0.11525732,-0.2572131,0.15360308,0.10885843,0.06948026,146919,0,0,0,2,0,12856,0
123946,-0.9229,-1.256,-0.2019,1.198,1.348,1.302,196999,0,0,0,0,0,0,0
123948,-28.95765,-14.698168,-12.541056,32.09856,17.454035,22.381428,1349000,0,0,0,0,0,0,0
123949,-28.985428,-14.725945,-12.568832,32.12634,17.481813,22.409206,1444291,0,0,0,0,0,0,0
123975,-0.1094,-0.05297,-0.05974,0.3396,0.05272,0.06419,146950,0,0,0,2,0,2716,0
123976,-0.1094,-0.05297,-0.05974,0.3396,0.05272,0.06419,146950,0,0,0,2,0,2717,0
123977,-0.07101,-0.05297,-0.05848,0.3352,0.05272,0.06354,146955,0,0,0,2,0,6651,0
123978,-0.04574,-0.05438,-0.1028,0.524,0.1424,0.1685,146991,0,0,0,2,0,4994,0
124000,-1.14453,-1.17234,-0.00872973,1.16331,1.15554,14.8836,661112,0,0,0,0,0,0,0
124072,10000000,10000000,10000000,-10000000,-10000000,-10000000,338495,0,0,0,0,0,0,0
124179,-3.7811878,-4.1229124,-4.8809414,4.702567,3.3012536,3.8062222,4636728,0,0,0,0,0,0,0
124180,-1.4650841,-2.9178653,-2.5111055,1.4752865,2.8617287,2.5233684,1355632,0,0,0,0,0,0,0
124181,-5.942,-5.882,-0.003787,6.436,6.772,15.28,439147,0,0,0,0,0,0,0
124249,-29.3866,-25.293,0.335644,26.3099,25.225,9.33629,524121,0,0,0,0,0,0,0
124257,-1.41,-3.046,-1.839,1.745,3.264,3.625,196305,0,0,0,0,0,0,0
124258,-2.887,-4.409,-22.19,2.887,4.409,22.19,193067,0,0,0,0,0,0,0
124259,-0.3086,-0.5408,-0.1345,0.5787,0.5545,0.3366,392120,0,0,0,0,0,0,0
124260,-0.3392,-13.89,-2.078E-06,0.9918,13.83,16.46,193243,0,0,0,0,0,0,0
124261,-0.2946,-1.329,-0.2116,0.6374,1.268,3.168,202146,0,0,0,0,0,0,0
124262,-1.997,-1.483,-0.1574,0.893,1.769,3.774,202144,0,0,0,0,0,0,0
124335,-6.095,-6.119,-0.8339,5.77,6.585,8.123,330853,0,0,0,0,0,0,0
124346,-10.91,-15.87,-7.383,21.33,15.55,30.51,326212,0,0,0,0,0,0,0
124347,-0.7005,-5.273,-0.9077,13.13,5.593,4.636,203678,0,0,0,0,0,0,0
124348,-2.195,-2.335,-0.04598,2.177,2.021,2.692,203613,0,0,0,0,0,0,0
124361,-0.4287,-0.2534,-0.6254,0.5451,0.3989,1.99,254740,0,0,0,0,0,0,0
124362,-4.139,-0.6874,1.467,3.061,0.6878,8.355,200748,0,0,0,0,0,0,0
124377,-3.3068912,-3.649487,-0.6627564,3.202321,3.8667035,4.9696527,202766,0,0,0,0,0,0,0
124579,-2.3745093,-2.381678,-1.6671047,2.3607924,2.3536239,2.0505953,978543,0,0,0,0,0,0,0
124588,-0.50160635,-1.5454232,-0.92070305,0.52821064,1.5454232,1.6804959,5364268,0,0,0,0,0,0,0
124626,-1.768,-5.584,-0.01566,1.764,5.521,27.45,193245,0,0,0,0,0,0,0
124643,-18.380623,-10.761792,-28.607304,22.778263,5.208509,21.877054,7708951,0,0,0,0,0,0,0
124668,-4.336,-2.358,-0.1159,2.543,6.445,11.09,312267,0,0,0,0,0,0,0
124669,-12.33,-17.19,0.3678,0.4562,17.16,16.37,310496,0,0,0,0,0,0,0
124670,-0.07388,-1.036,0.03449,0.1276,0.4077,1.011,306362,0,0,0,0,0,0,0
124671,-0.3794,-0.4893,-0.0507,0.3834,0.4719,0.9829,305758,0,0,0,0,0,0,0
124672,-0.4259,-0.3698,-0.001676,0.7994,0.3832,2.18,305385,0,0,0,0,0,0,0
124673,-2.01697,-1.09502,-0.789652,2.41546,1.14383,4.76222,304249,0,0,0,0,0,0,0
124674,-1.39715,-1.05167,-0.29154,1.32795,1.07362,3.43175,304248,0,0,0,0,0,0,0
124696,-0.312621,-6.61319,-1.16778,0.317753,6.85598,11.0256,577453,0,0,0,0,0,0,0
124698,-0.7044,-2.094,-0.0387,0.7044,2.094,0.3767,197270,0,0,0,0,0,0,0
124700,-0.71554506,-6.7150326,-0.03904148,0.7153687,6.7105203,20.137999,7726435,0,0,0,0,0,0,0
124707,-5.049,-5.058,-4.765,5.063,5.054,5.347,467108,0,0,0,0,0,0,0
124714,-1.037,-1.037,-0.0626,1.037,1.037,0.51,203234,0,3,3,0,0,0,0
124753,-0.4509,-4.499,-3.04,3.181,3.696,3.49,243957,0,0,0,0,0,0,0
124764,-0.47957712,-1.1263088,-0.05622795,0.47886363,1.1723719,1.2747352,2325555,0,0,0,0,0,0,0
124788,-1.412,-3.048,-1.841,1.746,3.266,3.628,196308,0,0,0,0,0,0,0
124790,10000000,10000000,10000000,-10000000,-10000000,-10000000,1569453,0,0,0,0,0,0,0
124793,-1.09531,-0.937749,-1.27679,0.905876,1.02943,1.18772,603375,0,0,0,0,0,0,0
124794,-0.701354,-0.655804,-0.777074,0.918979,0.668244,0.682203,605795,0,0,0,0,0,0,0
124832,-1.3716352,-0.07257512,-0.98672974,1.5459508,0.195438,2.4616964,7810738,0,0,0,0,0,0,0
124841,-0.08296,-0.0958,0,0.08296,0.0958,0.2099,197863,0,0,0,0,0,0,0
124842,-0.615655,-0.377799,-0.0175539,1.00159,0.273151,0.2794,242726,0,0,0,0,0,0,0
124896,-2.645741,-1.3971144,-0.3491708,0.79703265,1.3961972,2.313854,1349622,0,0,0,0,0,0,0
124906,-0.2174,-0.1522,-0.002128,0.2436,0.1522,0.2616,467768,0,0,0,0,0,0,0
124924,-1.1849133,-1.1849133,0,1.1849133,1.1849133,2.3698266,7827471,0,0,0,0,0,0,0
124977,-0.6787,-0.784,-0.1508,0.7132,0.8184,0.5234,193922,0,0,0,0,0,0,0
125057,-0.7685854,-0.7575447,-0.008496218,0.74051255,0.7536972,3.3507836,7726787,0,0,0,0,0,0,0
125071,-0.8804,-0.5487,-0.1442,0.8881,0.6258,2.045,304609,0,0,0,0,0,0,0
125135,-0.54695207,-0.62581813,-0.060240287,0.54508,0.799524,0.9969789,192651,0,0,0,0,0,0,0
125136,-3.60893,-1.09746,-0.0527344,3.16509,0.656541,0.858877,625180,0,0,0,0,0,0,0
125159,-0.2849708,-0.4117301,-0.058292985,0.19595061,0.34572646,0.24787948,337612,0,0,0,0,0,0,0
125163,-0.6444,-1.205,-0.006044,0.858,0.4769,1.146,197466,0,0,0,0,0,0,0
125164,-0.1298,-0.2056,-0.008192,0.1298,0.2056,0.9168,192080,0,0,0,0,0,0,0
125223,-0.1951,-1.192,0.1019,0.2192,1.185,2.165,198894,0,0,0,0,0,0,0
125224,-0.4224,-0.4615,-0.03453,0.4018,0.4444,0.7913,198759,0,0,0,0,0,0,0
125225,-0.1951,-1.192,0.1019,0.2192,1.185,2.165,198910,0,0,0,0,0,0,0
125238,-2.70175,-2.53996,-0.157279,2.7528,2.47677,8.6776,511490,0,0,0,0,0,0,0
125241,-0.5983,-0.349,-0.0057,0.6,0.3491,0.3778,433611,0,0,0,0,0,0,0
125242,-0.23120138,-0.8573744,-0.09776603,0.23041704,0.7629002,0.09776566,929423,0,0,0,0,0,0,0
125243,-1.376,-1.489,0.06862,1.518,1.292,3.547,203439,0,0,0,0,0,0,0
125244,-0.239672,-0.0867431,-0.0304519,0.18764,0.0814904,0.0928354,242724,0,0,0,0,0,0,0
125245,-0.549606,-0.389356,-0.00374318,0.603308,0.38934,0.366155,893042,0,0,0,0,0,0,0
125271,-0.1951,-1.192,0.1019,0.2192,1.185,2.165,198893,0,0,0,0,0,0,0
125274,-0.2571,-5.553,-0.6868,0.2638,5.525,17.56,200294,0,0,0,0,0,0,0
125305,-0.6891,-1.392,-1.113,0.6755,1.143,3.909,193655,0,0,0,0,0,0,0
125313,-0.19507019,-1.1920701,0.10193507,0.21924685,1.1845564,2.1648812,7869387,0,0,0,0,0,0,0
125314,-0.19507019,-1.1920701,0.10193507,0.21924685,1.1845564,2.1648812,7869392,0,0,0,0,0,0,0
125315,-0.19507019,-1.1920701,0.10193507,0.21924685,1.1845564,2.1648812,7869381,0,0,0,0,0,0,0
125316,-0.19507019,-1.1920701,0.10193507,0.21924685,1.1845564,2.1648812,7869382,0,0,0,0,0,0,0
125317,-0.19507019,-1.1920701,0.10193507,0.21924685,1.1845564,2.1648812,7869395,0,0,0,0,0,0,0
125318,-0.19507019,-1.1920701,0.10193507,0.21924685,1.1845564,2.1648812,7869394,0,0,0,0,0,0,0
125319,-0.19507019,-1.1920701,0.10193507,0.21924685,1.1845564,2.1648812,7869388,0,0,0,0,0,0,0
125320,-0.19507019,-1.1920701,0.10193507,0.21924685,1.1845564,2.1648812,7869391,0,0,0,0,0,0,0
125321,-0.19507019,-1.1920701,0.10193507,0.21924685,1.1845564,2.1648812,7869396,0,0,0,0,0,0,0
125322,-0.19507019,-1.1920701,0.10193507,0.21924685,1.1845564,2.1648812,7869384,0,0,0,0,0,0,0
125323,-0.19507019,-1.1920701,0.10193507,0.21924685,1.1845564,2.1648812,7869383,0,0,0,0,0,0,0
125324,-0.19507019,-1.1920701,0.10193507,0.21924685,1.1845564,2.1648812,7869389,0,0,0,0,0,0,0
125325,-0.873028,-0.868756,-0.0151562,0.868705,0.872976,2.1484,631698,0,0,0,0,0,0,0
125326,-2.639,-2.168,-0.4291,1.761,3.19,19.36,195718,0,0,0,0,0,0,0
125345,-1.0962571,-1.3232108,-0.26523507,1.7266176,0.9259593,1.533232,4614116,0,0,0,0,0,0,0
125375,-6.818,-9.513,-1.077,6.309,9.815,10.85,219313,0,0,0,0,0,0,0
125376,-7.4535537,-9.587458,-2.667082,11.511926,17.659689,74.85194,327767,0,0,0,0,0,0,0
125377,-25.64,-1.744,-30.06,26.11,1.725,29.51,166927,0,0,0,0,0,0,0
125417,-1.272,-1.32,-0.03548,1.366,1.453,0.5034,198297,0,0,0,0,0,0,0
125420,-0.9971,-0.04464,-0.137,0.4514,0.03249,0.07922,147557,0,0,0,2,0,9683,0
125473,-0.2747,-0.3803,0.001442,0.26,0.379,0.08293,319551,0,0,0,0,0,0,0
125479,-0.69276464,-0.6495003,-0.06925509,0.73351216,0.6960284,1.6757532,7455218,0,0,0,0,0,0,0
125480,-0.53422505,-0.23499043,0,0.26126495,0.6168315,0.7207777,7455219,0,0,0,0,0,0,0
125481,-0.49344692,-0.73063,-0.071491815,0.74230784,0.67767125,1.5040315,7455220,0,0,0,0,0,0,0
125482,-0.46788758,-0.8375363,-0.019354159,0.6418217,0.96743774,1.2413086,7455233,0,0,0,0,0,0,0
125483,-0.255071,-2.0723302,-0.013932334,0.39848328,1.8918569,2.5967615,7455223,0,0,0,0,0,0,0
125484,-2.4294446,-2.7880304,-0.14408483,2.4294448,1.9952753,6.3315473,7478488,0,0,0,0,0,0,0
125485,-0.57319504,-0.8650888,0.011961864,0.7320618,2.929091,1.6268321,7455225,0,0,0,0,0,0,0
125487,-1.6067102,-1.240013,-0.024147617,0.34552574,1.893719,3.7144012,7455227,0,0,0,0,0,0,0
125488,-0.16244149,-1.1810833,-2.5000003E-07,2.171253,2.3386111,4.772967,7455228,0,0,0,0,0,0,0
125489,-0.75846064,-0.962303,-0.061174706,0.7045269,0.9536953,2.8804975,7455229,0,0,0,0,0,0,0
125490,-1.1765362,-1.680256,-2.203806,1.2701247,1.680256,12.741117,7455230,0,0,0,0,0,0,0
125491,-1.3758124,-2.7034142,-0.4836981,2.0134969,2.4694178,4.4578843,7455231,0,0,0,0,0,0,0
125492,-1.3758123,-3.9016314,-0.51484805,1.584603,3.8727756,4.793712,7455234,0,0,0,0,0,0,0
125493,-1.432252,-2.5904899,-0.041892394,1.5612472,2.4928994,1.9430324,7475859,0,0,0,0,0,0,0
125576,-0.70929,-0.764959,0.00448301,0.817142,0.761473,2.6804,199991,0,0,0,0,0,0,0
125577,-0.1284,0,-0.3389,0.1284,1.259,0.1958,191778,0,0,0,0,0,0,0
125578,-17.45,-17.39,-0.4508,17.44,17.51,16.27,192734,0,0,0,0,0,0,0
125579,-1.03881,-1.03185,-0.0597391,1.04295,1.04991,2.24388,191971,0,0,0,0,0,0,0
125580,-0.1284,0,-0.3389,0.1284,1.259,0.1958,192755,0,0,0,0,0,0,0
125581,-0.8818,-2.429,-0.004222,0.709,2.449,2.089,191936,0,0,0,0,0,0,0
125582,-0.2745,-0.3235,0.008715,0.3249,0.3235,0.2241,191943,0,0,0,0,0,0,0
125586,-0.13730259,-0.06974295,0.0022274388,0.05691041,0.51622903,1.3167964,4569801,0,0,0,0,0,0,0
125591,-0.3552,-0.5148,-0.03374,0.5911,0.7236,0.5185,195352,0,0,0,0,0,0,0
125592,-9.5202,-1.18453,-0.182027,9.55461,1.18723,9.19013,412275,0,0,0,0,0,0,0
125622,-0.7476258,-0.5928879,-0.02397632,0.7605262,0.64466196,3.6628077,7455221,0,0,0,0,0,0,0
125623,-0.39705765,-0.4421302,-0.011245251,0.5608034,0.17101118,1.1195332,7455222,0,0,0,0,0,0,0
125624,-0.77079225,-1.8377764,-0.024512405,1.1521511,1.8726187,2.8224175,7455232,0,0,0,0,0,0,0
125625,-0.557414,-2.7487,0.00138889,0.602725,2.40468,0.00138889,648838,0,0,0,0,0,0,0
125626,-0.789926,-0.714808,0.00138889,0.768564,0.635564,0.00138889,648830,0,0,0,0,0,0,0
125673,-1.3127375,-1.4223436,-0.27761894,1.760344,0.64833295,3.3071728,6043927,0,0,0,0,0,0,0
125674,-1.1821823,-0.3073865,0.0065493234,1.1387945,0.2695241,0.437854,4037308,0,0,0,0,0,0,0
125683,-4.16276,-2.8275,-2.36667,3.63372,2.74718,4.03702,535029,0,0,0,0,0,0,0
125742,-0.634076,-0.542927,-0.386316,1.03238,0.5456,1.32705,125512,0,0,0,1,7804,0,0
125757,-0.6684,-0.6486,-0.0662,0.5903,0.7698,1.235,203602,0,0,0,0,0,0,0
125870,-1.539,-1.222,-0.1541,1.733,1.462,2.96,124641,0,0,0,0,0,0,0
126021,-0.49225697,-0.5313626,-0.026593674,0.52317816,0.56808406,0.26994768,7811198,0,0,0,0,0,0,0
126246,-3.0119126,-2.9119766,0.0428026,3.0119126,2.9119766,0.0428026,4530002,0,0,0,0,0,0,0
126247,-42.421898,-42.440823,0.57621014,42.45381,42.435165,13.41573,1777475,0,0,0,0,0,0,0
126270,-1.285,-1.906,-3.012,7.414,2.232,9.203,193719,0,0,0,0,0,0,0
126271,-2.183,-6.161,-2.692,2.936,6.357,2.35,193721,0,0,0,0,0,0,0
126298,-0.09803,-0.2516,-0.03778,0.09803,0.4581,1.959,200243,0,0,0,0,0,0,0
126299,-0.0458,-0.3373,0,0.0458,0.3197,1.491,199430,0,0,0,0,0,0,0
126300,-0.09632,-0.4919,0.05435,0.02326,0.4924,1.039,199254,0,0,0,0,0,0,0
126316,-0.07843,-0.2304,-0.2878,0.4964,0.2846,0.3415,252197,0,0,0,0,0,0,0
126317,-0.07837,-0.2294,-0.2878,0.4964,0.2856,0.3415,252196,0,0,0,0,0,0,0
126318,-0.08038,-0.2335,-0.2878,0.4958,0.2814,0.3415,252198,0,0,0,0,0,0,0
126332,-0.85840875,-0.8124767,-0.008675946,0.8584126,0.8124771,0.6896082,4201720,0,0,0,0,0,0,0
126333,-0.85841066,-0.81247646,0.013157235,0.85841113,0.81247735,0.69684607,1255034,0,0,0,0,0,0,0
126344,-0.38879982,-4.1441655,-4.288943,1.1303029,4.134344,4.2979927,243143,0,0,0,0,0,0,0
126368,-52.19907,-15.809773,-14.539876,41.57072,15.809773,44.176907,7939488,0,0,0,0,0,0,0
126370,-1.88996,-2.10217,-0.944468,1.97682,1.97862,3.44226,643257,0,0,0,0,0,0,0
126371,-0.765548,-0.892114,-1.5563,0.664672,0.887464,0.628827,604977,0,0,0,0,0,0,0
126377,-2.6179066,-9.351637,-9.371353,2.6179066,9.351637,9.371353,3067409,0,0,0,0,0,0,0
126449,-0.255774,-0.0707969,-0.308246,0.25721,0.0637144,0.0703564,355500,0,0,0,0,0,0,0
126458,-1.31711,-0.452941,-0.0381444,0.772847,1.15082,0.518989,199681,0,0,0,0,0,0,0
126459,-0.5149,-0.5684,0,0.543,0.5978,0.9496,190012,0,0,0,0,0,0,0
126460,-2.0681455,-2.3502526,-0.38777992,2.2919412,2.3753228,1.4468408,4525136,0,0,0,0,0,0,0
126461,-1.4733342,-1.5203737,-0.49867132,1.6327702,1.5249519,0.94695663,4525135,0,0,0,0,0,0,0
126462,-3.4143615,-3.7872434,-0.7575414,3.7132983,3.7030225,2.03803,4525137,0,0,0,0,0,0,0
126463,-16.815983,-13.301523,-0.062340632,9.70374,14.920639,7.139155,3553975,0,0,0,0,0,0,0
126464,-4.9839087,-6.336764,-1.1172787,5.260798,5.376195,3.4479527,4566885,0,0,0,0,0,0,0
126465,-0.9094,-3.198,-5.868,20.56,2.405,17.55,203723,0,0,0,0,0,0,0
126466,-6.903,-1.27,-3.376,4.173,1.24,13.8,203724,0,0,0,0,0,0,0
126467,-8.514,-1.67,-6.675,3.848,1.665,12.04,203725,0,0,0,0,0,0,0
126468,-1.5706728,-2.3713078,-0.43539837,1.30954,2.3764052,8.142539,1811544,0,0,0,0,0,0,0
126469,-24.64,-25.54,-7.527,37.6,13.4,22.34,202309,0,0,0,0,0,0,0
126470,-7.770172,-3.3862286,-1.639134,7.84278,3.386343,27.518152,1108913,0,0,0,0,0,0,0
126471,-0.1886,-0.04047,-0.2601,0.5124,0.04047,0.182,144412,0,0,0,2,0,4561,0
126472,-0.40140054,-0.81870145,-0.0037780826,0.40140054,0.81870186,0.34866902,1305334,0,0,0,0,0,0,0
126473,-0.7531,-5.691,-0.08573,1.487,4.134,2.136,190469,0,0,0,0,0,0,0
126474,-0.0545,-0.01887,-0.01373,0.03347,0.01773,0.01582,305388,0,0,0,0,0,0,0
126475,-0.3908,-0.2173,0.001003,0.4037,0.2196,0.3484,197759,0,0,0,0,0,0,0
126548,-0.44027615,-0.49947706,-0.22892141,0.70560074,0.45651373,1.2336373,987197,0,0,0,1,145089,0,0
126597,-0.7455,-1.756,0.1086,1.542,2.842,1.359,198736,0,0,0,0,0,0,0
126642,-1.7332292,-0.91784096,-1.4784703,0.85856616,2.7306042,11.301517,7676429,0,0,0,0,0,0,0
126716,-0.9494,-0.7444,-0.04858,0.7731,0.6739,2.133,196309,0,0,0,0,0,0,0
126717,-1.412,-3.21,-1.842,1.746,3.107,3.628,196310,0,0,0,0,0,0,0
126718,-1.41,-3.046,-1.839,1.745,3.264,3.626,196307,0,0,0,0,0,0,0
126745,-0.2404,-0.3238,-0.1826,0.1053,0.5336,1.271,200604,0,0,0,0,0,0,0
126786,-0.19207805,-0.38516784,-0.00378387,0.37049207,0.3520172,0.9712964,3563973,0,0,0,0,0,0,0
126793,-52.199326,-15.810922,-14.542587,41.571922,15.810922,44.176907,7893611,0,0,0,0,0,0,0
126794,-52.199326,-15.810922,-14.542587,41.571922,15.810922,44.176907,7893610,0,0,0,0,0,0,0
126795,-0.517211,-0.708247,-0.0888379,0.641506,0.708246,3.64739,801479,0,0,0,0,0,0,0
126796,-0.7928927,-1.4871175,-0.079746336,0.5541473,1.4871175,6.362729,1327770,0,0,0,0,0,0,0
126797,-0.26826277,-0.8864049,-0.10682739,0.62108445,0.85359174,5.356598,7960304,0,0,0,0,0,0,0
126856,0.2575048,-1.3842185,1.3368489,0.85244346,1.3148108,5.174676,7960280,0,0,0,0,0,0,0
126857,-0.09321991,-1.3842297,-0.15981929,0.85244346,1.3525074,5.1682153,7960282,0,0,0,0,0,0,0
126903,-0.16073444,-1.2603167,-0.00859061,0.3874203,1.2606792,5.8612814,7960261,0,0,0,0,0,0,0
126938,-13.99,-8.94,-1.544,10.17,6.424,31.69,190308,0,0,0,0,0,0,0
126947,-0.434,-0.6437,-0.07892,0.4254,0.5478,0.6525,195704,0,0,0,0,0,0,0
126957,-26.72,-24.94,-2.392,24.85,25.86,99.56,320108,0,0,0,0,0,0,0
126995,-2.13726,-2.14886,-0.439003,2.12802,2.11641,3.15062,166737,0,0,0,0,0,0,0
127006,-4.407,-4.31,-0.01065,4.13,4.227,3.911,189237,0,0,0,0,0,0,0
127007,-35.065647,-74.02821,-25.597775,28.945835,33.38903,94.53193,1018016,0,0,0,0,0,0,0
127008,-99.0253,-256.537,-19.5569,107.78,67.3446,394.925,575431,0,0,0,0,0,0,0
127148,-0.0887798,-0.330134,0.00242303,0.0876942,0.369938,0.265833,192711,0,0,0,0,0,0,0
127156,-1.209236,-1.6053972,-0.023752848,1.209238,1.5723574,5.6331177,4524203,0,0,0,0,0,0,0
127181,-1.64059,-1.21181,-0.568938,1.37879,1.1854,20.3099,394977,0,0,0,0,0,0,0
127182,-1.67224,-1.16148,-0.309431,2.01609,1.08618,3.43287,773284,0,0,0,0,0,0,0
127185,-0.7733,-1.384,-0.3945,1.498,1.382,3.794,200629,0,0,0,0,0,0,0
127190,-1.2460026,-1.2460026,-1.0883031,1.2460023,1.2460023,5.020678,1607561,0,0,0,0,0,0,0
127202,-3.459,-4.202,-4.166,4.345,4.457,20.07,311152,0,0,0,0,0,0,0
127213,-0.3395,-0.107,-0.00521,0.3563,0.08876,0.1664,243446,0,0,0,0,0,0,0
127250,-6.2448673,-14.361583,-0.06522083,1.2795674,14.094937,18.217918,7864609,0,0,0,0,0,0,0
127251,-6.2448673,-14.361583,-0.06522086,1.4177011,14.094937,18.169556,7864608,0,0,0,0,0,0,0
127269,-4.655534,-4.460167,-2.832782,4.562801,5.267451,8.0058565,1375927,0,0,0,0,0,0,0
127487,-1.02,-0.9848,-0.04376,1.11,1.011,0.8372,196591,0,0,0,0,0,0,0
127489,-1.9693546,-3.4035735,-2.43696,2.117165,3.3847752,8.550547,3015733,0,0,0,0,0,0,0
127493,-1.6314154,-1.5336739,-0.024064595,1.2375627,1.4032166,1.9338536,901633,0,0,0,0,0,0,0
127494,-0.7264,-0.7972,0,1.149,0.7879,2.408,132016,0,0,0,0,0,0,0
127495,-1.569674,-1.6490989,-0.013204157,1.1450813,1.0301609,2.9150553,132025,0,0,0,0,0,0,0
127496,-0.4095,-0.493,-0.1128,0.9593,0.6511,1.014,132020,0,0,0,0,0,0,0
127497,-0.5177,-1.382,-0.003087,1.303,0.4817,1.994,132007,0,0,0,0,0,0,0
127498,-0.8913,-1.365,-0.07864,0.6691,0.7256,2.219,132010,0,0,0,0,0,0,0
127499,-0.4241,-0.8028,-0.006975,0.8013,0.5729,1.502,132005,0,0,0,0,0,0,0
127500,-0.992,-1.728,0.8035,0.9903,0.5505,2.964,203446,0,0,0,0,0,0,0
127501,-1.9431828,-2.9276173,-0.09023374,2.2759693,1.9829825,5.2917714,198570,0,0,0,0,0,0,0
127502,-2.5200808,-0.9798672,-1.2025793,2.61555,1.4648852,3.1883283,126487,0,0,0,1,161,0,0
127503,-0.48689017,-0.4484182,-0.023433417,0.48398823,0.44841847,0.17735624,999889,0,0,0,0,0,0,0
127504,-14.547515,-23.84502,-9.255228,15.394235,24.73538,36.713776,7926156,0,0,0,0,0,0,0
127505,-5.899,-4.949,-0.9597,5.926,5.291,5.522,199389,0,0,0,0,0,0,0
127506,-2.964,-3.167,-0.8052,2.769,2.73,3.295,190103,0,0,0,0,0,0,0
127529,-0.6461,-0.8138,-0.462,0.573,0.7395,0.873,200904,0,0,0,0,0,0,0
127530,-0.6087,-0.8455,-0.5478,0.6428,0.5398,0.8779,200903,0,0,0,0,0,0,0
127531,-0.4863,-0.2943,0,0.4863,0.2943,0,305395,0,0,0,0,0,0,0
127533,-22.374023,-22.334883,-4.455343,22.631334,22.92116,-0.040964942,7967607,0,0,0,0,0,0,0
127537,-0.3492689,-0.1624626,-0.0022367008,0.3492689,0.16246267,0.050032068,1331239,0,0,0,0,0,0,0
127538,-1.25426,-7.6001,0.0155771,6.14413,7.61065,11.2562,514516,0,0,0,0,0,0,0
127551,-1.441,-0.9427,-0.4965,1.435,0.9742,2.772,386434,0,0,0,0,0,0,0
127552,-1.346,-1.498,-0.3288,1.538,0.9414,1.305,201372,0,0,0,0,0,0,0
127553,-0.4901,-0.6215,-0.002572,0.697,0.4771,1.938,189739,0,0,0,0,0,0,0
127554,-2.70013,-5.39798,-2.9114,2.15615,5.65471,5.74751,589109,0,0,0,0,0,0,0
127971,-31.85,-18.42,-19.04,20.66,16.92,6.364,201774,0,0,0,0,0,0,0
127972,-11.52,-23.79,-19.34,28.77,22.98,11.97,201776,0,0,0,0,0,0,0
127973,-3.011,-2.703,-1.01,2.57,2.843,3.451,347915,0,0,0,0,0,0,0
127995,-0.7849,-0.7929,-0.01167,0.7906,0.8045,1.002,199100,0,0,0,0,0,0,0
128164,-1.348,-0.9824,-0.1653,1.269,0.9906,0.1219,243373,0,0,0,0,0,0,0
128174,-2.843,-1.569,-0.04497,2.843,1.569,6.669,244143,0,0,0,0,0,0,0
128176,-0.36635426,-4.6385226,-9.28243E-05,0.36635426,4.6385226,5.534179,1329851,0,0,0,0,0,0,0
128229,-0.479159,-0.477569,-0.0043984,0.484961,0.486434,1.20436,317157,0,0,0,0,0,0,0
128240,-1.7955981,-1.2351282,-0.2839758,1.3432533,1.0824162,2.0958858,307938,0,0,0,0,0,0,0
128241,-1.4667417,-0.06427971,-0.18197508,-0.15485963,0.2702844,1.3474796,1357585,0,0,0,0,0,0,0
128242,-0.0106,-1.038,-1.959,0.632,1.038,1.704,197234,0,0,0,0,0,0,0
128243,-3.799,-2.172,-1.617,2.662,3.663,5.371,371414,0,0,0,0,0,0,0
128250,-0.9587541,-0.9372602,-0.2591041,1.0139424,1.008213,3.6762602,1102879,0,0,0,0,0,0,0
128264,-1.3127375,-1.4223436,-0.27761883,1.760344,0.648333,3.3071728,1102881,0,0,0,0,0,0,0
128267,10000000,10000000,10000000,-10000000,-10000000,-10000000,343863,0,0,0,0,0,0,0
128335,-1.181,-5.922,-0.006831,1.181,6.278,9.771,195324,0,0,0,0,0,0,0
128348,-3.5849614,-2.2372923,-0.9764535,3.3230965,2.2424164,4.285509,1382579,0,0,0,0,0,0,0
128375,-1.438,-1.297,-0.05129,1.366,1.097,4.565,189434,0,0,0,0,0,0,0
128376,-2.1014426,-2.5883555,-0.026544625,2.3282983,2.6306448,0.9336632,1121148,0,0,0,0,0,0,0
128398,-0.21076103,-0.15757903,-0.05496759,0.11840182,0.14036949,0.35872585,190436,0,0,0,0,0,0,0
128427,-0.364,-1.063,-0.2778,0.4394,1.054,4.136,197334,0,0,0,0,0,0,0
128428,-0.1631876,-0.14401156,-0.018715806,0.20485511,0.14455009,0.30710948,138284,0,0,0,0,0,0,0
128430,-1.274,-1.274,0,1.274,1.274,2.548,194994,0,0,0,0,0,0,0
128431,-0.2457,-0.06401,-0.4125,0.7258,0.06398,0.4088,166560,0,0,0,0,0,0,0
128471,-2.643,-2.827,-0.7537,2.171,2.669,6.827,202941,0,0,0,0,0,0,0
128481,-0.4378,-1.061,0.1042,2.44,1.166,7.728,201671,0,0,0,0,0,0,0
128560,-0.5806,-0.7405,-0.5327,0.6965,0.7642,0.9063,200902,0,0,0,0,0,0,0
128605,-1.411,-1.192,-0.05175,1.441,1.211,5.613,202018,0,0,0,0,0,0,0
128608,-2.123,-3.035,-0.05175,1.499,2.761,5.71,202019,0,0,0,0,0,0,0
128613,-0.368,-0.6086,-0.03424,0.1645,0.5327,1.298,195540,0,0,0,0,0,0,0
128614,-0.33080894,-0.11525732,-0.2572131,0.15360308,0.10885843,0.06948026,146919,0,0,0,2,0,15866,0
128615,-0.4164776,-0.301521,-0.0023096402,0.3959611,0.21875152,0.9076835,936417,0,0,0,0,0,0,0
128626,-1.984,-0.2421,-0.1803,-0.2327,0.09026,2.235,311968,0,0,0,0,0,0,0
128648,-0.6011789,-0.5323891,-0.09387012,0.6379033,0.57001436,1.5613387,123722,0,0,0,0,0,0,0
128668,-1.436,-3.287,0.03495,1.789,3.25,8.19,190057,0,0,0,0,0,0,0
128669,-0.5814182,-0.5208437,-0.016677512,0.18778041,0.5208442,2.0842235,7478494,0,0,0,1,146361,0,0
128670,-0.11921281,-0.5698841,-0.03966705,0.28962973,0.2779709,0.081115715,3148980,0,0,0,0,0,0,0
128671,-0.20482537,-0.3068,-0.20578451,0.2048254,0.30680016,0.18601765,1319057,0,0,0,0,0,0,0
128681,-0.6762,-0.9771,-0.06811,0.6184,0.9339,0.2849,200443,0,0,0,0,0,0,0
128684,-8.204516,-9.889653,-10.473428,6.4259253,9.900431,65.304825,7661545,0,0,0,0,0,0,0
128685,-2.503636,-14.241714,-0.6767928,0.2916043,13.960114,42.139317,1719973,0,0,0,0,0,0,0
128687,-8.204516,-9.889802,-10.473428,6.425925,9.900494,65.304825,7868297,0,0,0,0,0,0,0
128688,-9.98401,-10.155726,-10.474381,7.8561463,9.921606,65.5266,7661548,0,0,0,0,0,0,0
128689,-9.984014,-10.155726,-10.474381,7.8561463,9.634359,65.5266,7868298,0,0,0,0,0,0,0
128690,-13.295938,-10.155726,-10.474382,9.276897,9.634358,65.5266,7661544,0,0,0,0,0,0,0
128691,-13.298698,-10.155726,-10.474382,9.279967,9.634358,65.5266,7868296,0,0,0,0,0,0,0
128696,-30.714323,-117.9323,-225.55641,324.93408,153.29579,0.42054582,7385605,0,0,0,0,0,0,0
128697,-3.8566008,-2.7535315,-3.2348666,3.992631,2.7535315,8.378197,1273366,0,0,0,0,0,0,0
128698,-1.108,-1.47,-0.01905,1.12,1.468,1.187,198803,0,0,0,0,0,0,0
128701,-22.364948,-22.286907,-4.361112,22.622246,22.700289,-0.053272672,7889076,0,0,0,0,0,0,0
128729,-0.34,-0.1079,-0.003477,0.3391,0.08792,0.1681,243438,0,0,0,0,0,0,0
128777,-4.3438463,-25.353428,-1.1034971,3.530429,25.92987,13.033748,7661541,0,0,0,0,0,0,0
128793,-0.235,-0.235,-0.4163,0.235,0.235,0.3229,329065,0,0,0,0,0,0,0
128860,-2.679,-2.675,-0.5325,10.68,2.652,0.4611,342320,0,0,0,0,0,0,0
128897,-0.7982,-0.5497,-0.0843,0.8771,0.8074,0.5917,344262,0,0,0,0,0,0,0
128919,-11.84,-30.56,-8.749,20.75,16.67,20.68,382492,0,0,0,0,0,0,0
128939,-0.4196,-0.058,-0.3055,0.4228,0.09776,0.3453,142940,0,0,0,2,0,4129,0
128954,-2.768,-3.255,-0.7295,3.006,2.52,19.54,190292,0,0,0,0,0,0,0
128955,-8.827,-24.8,-1.873,5.441,3.182,29.83,344225,0,0,0,0,0,0,0
128956,-6.04,-4.563,-0.3081,3.361,4.821,11.41,190271,0,0,0,0,0,0,0
128957,-1.808,-2.718,-1.148,1.051,1.795,1.146,438018,0,0,0,0,0,0,0
129040,-0.3014,-0.6878,-0.001446,0.3411,0.1956,0.4438,200909,0,0,0,0,0,0,0
129070,-2.119,-1.952,-0.1247,2.382,2.197,2.021,376277,0,0,0,0,0,0,0
129080,-1.741,-1.741,-0.3998,1.741,1.741,0.5263,198703,0,0,0,0,0,0,0
129081,-1.0089921,-1.1092839,-0.3679831,0.92208856,1.2560073,4.0830917,125990,0,0,0,1,4590,0,0
129082,-0.30525652,-0.62217855,-0.053687163,0.3303443,0.69056165,3.4129865,126009,0,0,0,1,4588,0,0
129083,-0.30525652,-0.62217873,-0.23764054,0.3303443,0.66814125,3.4129875,126012,0,0,0,1,4589,0,0
129084,-0.39326593,-0.622179,-0.10197514,0.41394702,0.6918582,3.4129875,126041,0,0,0,1,4587,0,0
129085,-0.2416969,-0.21300271,-0.17628096,0.2295601,0.21451336,0.32609442,7710175,0,0,0,0,0,0,0
129131,-0.7205,-0.707,0,0.706,0.7195,0.08956,197461,0,0,0,0,0,0,0
129132,-0.2057,-0.1615,0.001067,0.2178,0.2037,0.06996,192028,0,0,0,0,0,0,0
129220,-4.87,-30.14,0.1964,0.04959,30.14,58.59,311949,0,0,0,0,0,0,0
129221,-11.9,-15.43,-3.691,11.12,9.192,34.4,201337,0,0,0,0,0,0,0
129233,-2.15057,-0.751217,-4.92171,2.11339,0.700531,4.75459,125451,0,0,0,0,0,0,0
129238,-0.9063,-0.8758,-0.02253,0.8781,0.8886,1.144,465187,0,0,0,0,0,0,0
129239,-0.9443,-0.9555,-0.01306,0.9437,0.9325,1.746,465188,0,0,0,0,0,0,0
129240,-0.6904,-0.7159,0.001439,0.6783,0.7339,1.357,465189,0,0,0,0,0,0,0
129264,-1.4279913,-1.9914178,-0.5569102,1.4365704,1.5392828,2.2626545,7960239,0,0,0,0,0,0,0
129266,-0.158,-0.1702,-0.3111,0.2648,0.1663,0.02565,197871,0,0,0,0,0,0,0
129297,-0.4303,-0.4678,-0.02748,0.4288,0.5243,1.064,198733,0,0,0,0,0,0,0
129315,-1.6637421,-1.3351493,-0.6085913,1.6037087,1.0361696,19.385279,200778,0,0,0,0,0,0,0
129316,-0.3098,-0.7505,0.02677,0.3707,0.5408,19.11,200780,0,0,0,0,0,0,0
129371,-0.21923609,-0.4424943,-0.015097194,0.20162316,0.39738166,2.388219,8172756,0,0,0,0,0,0,0
129382,-5.468621,-3.7191226,-0.6258634,4.935819,3.7326038,5.906124,1257783,0,0,0,0,0,0,0
129426,-11.886178,-21.845703,-14.5037,11.728218,20.197878,20.086727,8159985,0,0,0,0,0,0,0
129428,-1.196,-0.4267,-0.03401,1.196,0.4176,0.3739,202525,0,0,0,0,0,0,0
129430,-1.19,-1.174,0,1.218,1.226,1.608,167195,0,0,0,0,0,0,0
129433,-3.303473,-1.3128197,-0.69762605,2.5355325,1.6759365,3.4151125,126171,0,0,0,1,146848,0,0
129438,-7.207574,-6.659098,-0.3368437,5.3940973,8.298503,1.9736837,342410,0,0,0,0,0,0,0
129510,-0.4882,-0.2317,-0.007168,0.4982,0.2504,1.226,191826,0,0,0,0,0,0,0
129524,-6.6981597,-4.4167757,-3.5007398,5.9336495,3.8864577,4.964507,201486,0,0,0,0,0,0,0
129525,-22.00092,-14.542561,-2.4128473,20.207102,15.950136,17.49152,113253,0,0,0,0,0,0,0
129526,-39.22,-3.856,-1.288,5.913,4.298,14.23,190283,0,0,0,0,0,0,0
129527,-1.8645463,-0.643089,-0.82230526,2.1388805,0.6644618,2.4634025,200625,0,0,0,0,0,0,0
129528,-14.01,-8.612,-2.085,14.88,8.22,8.825,201487,0,0,0,0,0,0,0
129546,-2.168,-4.533,-0.2702,1.284,6.401,3.12,202044,0,0,0,0,0,0,0
129547,-0.2958488,-0.29584882,-0.29584876,0.29584876,0.29584876,0.29584882,1567737,0,0,0,0,0,0,0
129569,-0.77828896,-0.63910675,-0.70713884,0.9194645,0.8406813,2.673706,8172752,0,0,0,0,0,0,0
129572,-0.0815397,-0.345834,-0.0601911,0.08154,0.345834,0.0601911,521205,0,0,0,0,0,0,0
129574,-0.293,-0.1083,-0.1157,0.1652,0.1072,0.09654,166655,0,0,0,0,0,0,0
129575,-1.951,-2.201,-0.09327,1.691,2.313,1.323,366721,0,0,0,0,0,0,0
129576,-1.116,-0.2202,-1.109,1.107,0.2202,1.113,338839,0,0,0,0,0,0,0
129577,-0.410303,-1.68148,-1.70631,0.391465,1.68148,1.65664,771399,0,0,0,0,0,0,0
129578,-10.291478,-6.7730794,-7.7099338,20.940876,6.9565997,7.8717117,234505,0,0,0,0,0,0,0
129579,-20.94,-6.957,-7.71,10.29,6.773,7.872,243773,0,0,0,0,0,0,0
129580,-0.8469,-0.8467,-0.0176,1.334,0.529,0.3087,199672,0,0,0,0,0,0,0
129586,-0.7655,-1.653,-0.3018,0.05226,1.628,4.433,194086,0,0,0,0,0,0,0
129612,-0.207,-0.05916,-0.3066,0.2037,0.05938,0.07171,419190,0,0,0,0,0,0,0
129614,-0.594,-0.7067,-0.4591,0.597,0.8366,0.8988,200901,0,0,0,0,0,0,0
129616,-0.92220753,-0.92961544,-0.00024384416,0.9460721,0.93866414,1.5703541,1310444,0,0,0,0,0,0,0
129631,-2.670336,-2.670336,-0.89223844,2.670336,2.670336,5.2540746,1100484,0,0,0,0,0,0,0
129632,-0.72164994,-0.77057976,-0.75498307,0.6389886,0.78017455,0.74703485,166120,0,0,0,0,0,0,0
129639,-6.467082,-5.1413713,-0.071780786,6.558812,16.205843,19.409283,194244,0,0,0,0,0,0,0
129641,-30.4606,-18.2959,-43.7088,24.3309,13.3076,18.8241,796283,0,0,0,0,0,0,0
129690,-3.103476,-6.014226,-3.3054385,3.4357958,6.065051,10.942655,4252977,0,0,0,0,0,0,0
129786,-2.6664631,-4.1774764,-0.06766086,0.21961127,4.177074,29.226288,7966982,0,0,0,0,0,0,0
129844,-0.7272,-0.03442,-0.1002,1.532,0.04166,0.0932,147219,0,0,0,2,0,11864,0
129872,-2.0003216,-4.3104386,-0.3767501,3.774546,4.503565,10.724576,8172773,0,0,0,0,0,0,0
129892,-0.43247133,-0.061405588,-0.13961096,1.1269103,0.061405588,0.4074378,7581840,0,0,0,0,0,0,0
129906,-2.7149577,-2.2601922,-0.22041345,1.8218081,2.2692218,4.5158963,8172737,0,0,0,0,0,0,0
129907,-1.2983289,-2.5856109,0.16257535,1.2820541,2.6249316,5.460715,8172753,0,0,0,0,0,0,0
129908,-1.5651749,-2.5770626,-0.5036846,1.9036309,2.6334803,4.8452916,8172754,0,0,0,0,0,0,0
129909,-1.4642453,-2.554458,-0.0037316217,1.5409751,2.656086,5.371154,8172755,0,0,0,0,0,0,0
129911,-0.45444456,-0.65132093,-0.055657573,0.48042658,0.68551946,2.6106722,8172759,0,0,0,0,0,0,0
129912,-0.31670323,-0.40637532,-0.052787628,0.34268522,0.4486084,1.9087064,8172760,0,0,0,0,0,0,0
129913,-1.1077021,-1.4700012,-0.019048372,1.1198753,1.4675808,1.18741,8172761,0,0,0,0,0,0,0
129914,-0.6568415,-0.6973434,-0.003787905,0.7320474,0.6915455,2.368469,8172762,0,0,0,0,0,0,0
130069,-0.6584159,-1.1390084,0,0.6618003,1.1176355,0.8333333,8172758,0,0,0,0,0,0,0
130071,-0.0107457,-0.0131337,-0.00681625,0.0122536,0.0131337,-0.00681615,197122,0,0,0,0,0,0,0
130458,-1.2000554,-0.7798966,-0.00014155441,0.20119043,0.82359654,1.5095708,8202405,0,0,0,0,0,0,0
130962,-8.09095,-8.09095,-0.027777778,8.09095,8.09095,37.572475,574892,0,0,0,0,0,0,0
131010,-3.20317,-26.2435,-4.42657,5.13949,17.6725,35.7993,337075,0,0,0,0,0,0,0
131011,-5.573023,-6.2820387,-3.8932116,5.5710626,6.479611,11.602592,2066474,0,0,0,0,0,0,0
131012,-30.71573,-27.179935,-47.466576,28.536104,31.863434,29.27366,1911673,0,0,0,0,0,0,0
131044,-6.564,-4.868,-6.235,6.359,4.843,23.24,219535,0,0,0,0,0,0,0
131179,-0.4296,-0.496,0,0.4296,0.496,0.9921,243519,0,0,0,0,0,0,0
131180,-1.235,-0.5974,-0.03521,0.4288,0.7983,1.029,243520,0,0,0,0,0,0,0
131181,-1.362,-1.31,-0.03429,1.282,1.288,0.3023,243521,0,0,0,0,0,0,0
131182,-0.434,-0.5012,0.000254,0.4559,0.5264,1.028,189980,0,0,0,0,0,0,0
131183,-0.98,-0.3593,-0.07196,0.4679,1.538,1.11,189981,0,0,0,0,0,0,0
131184,-0.4348,-0.4352,0,0.4348,0.4344,1.347,194846,0,0,0,0,0,0,0
131185,-0.4516,-0.4539,0.000829,0.4516,0.4494,1.123,194843,0,0,0,0,0,0,0
131187,-0.4348,-0.4351,0.000829,0.4348,0.4346,0.6305,194844,0,0,0,0,0,0,0
131201,-0.95667905,-9.703081,0.06145223,0.9566948,10.319201,16.462122,7962608,0,0,0,0,0,0,0
131202,-1.14,-0.8918,-0.003806,1.112,0.8333,1.042,199105,0,0,0,0,0,0,0
131239,-0.31861606,-0.23659606,-0.11419111,0.29050195,0.16199456,0.11182128,936458,0,0,0,0,0,0,0
131240,-0.33080894,-0.24935767,-0.5570418,0.15360308,0.23471467,0.06948026,146919,0,0,0,2,0,12744,0
131241,-0.2427,-0.1621,-0.007984,0.2325,0.1716,0.1638,244162,0,0,0,0,0,0,0
131575,-8.014459,-13.820492,-13.839792,7.511309,13.804718,13.833555,3476729,0,0,0,0,0,0,0
131589,-0.0392265,-0.137936,-0.0679388,0.0392208,0.137936,0.0679359,978963,0,0,0,0,0,0,0
131590,-0.92220837,-0.9296163,0.37200287,0.94607115,0.9386631,65.16026,612466,0,0,0,0,0,0,0
131763,-0.33080894,-0.24935767,-0.5570418,0.15360308,0.23471467,0.06948026,146919,0,0,0,2,0,12854,0
131764,-0.615655,-0.377799,-0.0175539,1.00159,0.273151,0.2794,242727,0,0,0,0,0,0,0
132131,-11.8315,-4.56046,-12.6735,11.0711,-1.34255,10.7231,243091,0,0,0,0,0,0,0
132208,-0.6388,-0.7039,0.02005,1.839,0.696,0.7164,362649,0,0,0,0,0,0,0
132319,-0.702437,-1.38977,-0.00377393,0.702437,1.38977,0.956568,970024,0,0,0,0,0,0,0
132338,-0.1999,-0.0465,-0.08988,0.5221,0.05684,0.083,366782,0,0,0,0,0,0,0
132339,-4.166,-4.797,-0.3678,5.041,6.393,5.432,355490,0,0,0,0,0,0,0
132340,-0.1876,-0.01974,-0.1459,0.7428,0.01974,0.1459,146313,0,0,0,0,0,0,0
132341,-1.17978,-1.38989,0.0430639,1.09654,1.04147,0.0430639,940837,0,0,0,0,0,0,0
132342,-1.4940965,-1.4445225,0.088686794,1.494097,1.4445225,0.088686794,4530005,0,0,0,0,0,0,0
132493,-0.711089,-0.0691892,-0.0758132,1.48777,0.0667945,0.107789,137240,0,0,0,2,0,2512,0
132601,-0.06009,-0.06017,0.001066,0.04413,0.06017,0.2881,243480,0,0,0,0,0,0,0
132602,-0.0548,-0.06328,0.0011,0.0548,0.06328,0.3825,243483,0,0,0,0,0,0,0
132606,-0.926851,-0.814728,-0.0132038,0.922412,0.814645,1.15493,633051,0,0,0,0,0,0,0
132620,-1.1737152,-1.1945446,-0.034873538,1.1556859,1.1945499,2.359584,165581,0,0,0,0,0,0,0
132645,-0.4499,-0.5225,-0.04373,0.6084,0.56,1.305,195822,0,0,0,0,0,0,0
132656,-9.136,-1.927,-1.046,7.835,0.7508,1.495,202616,0,0,0,0,0,0,0
132673,-7.699946,-8.475668,-8.381469,6.4445887,10.154834,8.971542,3532360,0,0,0,0,0,0,0
132674,-1.7125165,-7.378779,-7.109421,1.712522,7.378779,7.6792483,3036644,0,0,0,0,0,0,0
132678,-10.650334,-14.262862,-10.93549,7.852853,12.536748,7.679246,3532359,0,0,0,0,0,0,0
132697,-3.007,-0.9748,-0.08258,3.601,0.8451,2.014,201503,0,0,0,0,0,0,0
132960,-1.6457253,-3.4380178,-2.8308592,1.643817,3.3074613,2.8667965,1384104,0,0,0,0,0,0,0
133391,-1.32571,-1.34619,0.136948,1.34794,1.32746,0.136948,165759,0,0,0,0,0,0,0
133435,-0.1435,-0.0256,-0.122,0.5627,0.02579,0.1378,146072,0,0,0,2,0,2138,0
133455,-1.19,-1.113,0,1.218,1.226,1.608,409565,0,0,0,0,0,0,0
133456,-1.532,-0.5924,-1.209,1.009,1.146,0.9034,341259,0,0,0,0,0,0,0
