GeoBox[0],GeoBox[1],GeoBox[2],GeoBox[3],GeoBox[4],GeoBox[5],FileDataID,Flags,LodCount,ModelResourcesID
1,1,1,-1,-1,-1,116904,0,0,18269
1,1,1,-1,-1,-1,116905,0,0,18268
1,1,1,-1,-1,-1,116906,0,0,18267
1,1,1,-1,-1,-1,116907,0,0,18266
1,1,1,-1,-1,-1,116908,0,0,18265
1,1,1,-1,-1,-1,116910,0,0,18263
1,1,1,-1,-1,-1,116911,0,0,18262
1,1,1,-1,-1,-1,116912,0,0,18261
1,1,1,-1,-1,-1,116913,0,0,18260
1,1,1,-1,-1,-1,116914,0,0,18259
1,1,1,-1,-1,-1,116915,0,0,18258
1,1,1,-1,-1,-1,116916,0,0,18257
1,1,1,-1,-1,-1,116917,0,0,18256
1,1,1,-1,-1,-1,116918,0,0,18255
1,1,1,-1,-1,-1,116919,0,0,18254
1,1,1,-1,-1,-1,116920,0,0,18253
-0.49064416,-0.46645045,-0.0008279464,0.2582189,0.47170952,1.5104162,118135,0,0,18271
-0.59912753,-0.6425881,-0.012877773,0.3731176,0.6087955,1.5969818,118355,0,0,18239
-0.41538134,-0.31763735,-0.00586297,0.1770771,0.31467783,1.1491021,119063,0,0,18244
-0.45616287,-0.39085877,-0.0035081452,0.21154554,0.40137213,1.0956054,119159,0,0,18243
-0.47650412,-0.54742736,-0.010017535,0.4660521,0.5134745,1.3596177,119369,0,0,18249
-0.4530724,-0.5790445,-0.010595874,0.47010234,0.53007513,1.3989071,119376,0,0,18248
-0.48723826,-0.36946663,-0.0007226499,0.2805673,0.37038195,1.924886,119563,0,0,18242
-0.5765293,-0.5444955,-0.0018849547,0.33690277,0.5359659,2.0109205,119940,0,0,18230
-0.6519121,-0.38728407,0.0011166611,0.34288904,0.5899401,2.253926,120590,0,0,18234
-0.70053536,-0.6243129,-0.0041712513,0.30268487,0.636622,2.5931497,120791,0,0,18237
-0.73574126,-0.52441406,-0.0070185517,0.24262218,0.52568966,2.14846,121087,0,0,18233
-0.725235,-0.8744485,-0.0069444003,0.6332511,0.85335445,2.3508484,121287,0,0,18231
-0.5076939,-0.44134194,-0.005014234,0.39596134,0.43128204,2.0548494,121608,0,0,18198
-0.8252126,-0.582538,-0.0072714193,0.3841886,0.4635352,2.101323,121768,0,0,18203
-0.8186787,-0.66415423,-0.0038318692,0.5409297,0.6641542,2.23364,121961,0,0,18150
-1.0708168,-0.85572636,-0.011116448,0.98771703,0.8584975,2.2485313,122055,0,0,18228
-0.71924394,-0.5728941,0.0010030518,0.28306293,0.43870127,2.6747656,122414,0,0,18205
-1.0127008,-0.67604357,0.005250353,0.90804344,0.7357226,2.6405635,122560,0,0,18204
-1.4154172,-1.5443556,0.21238066,1.0956498,1.500984,3.3687515,122877,0,0,18227
-2.5410144,-4.041359,0.03317952,1.9344546,4.0302567,5.404322,122886,0,0,18225
-2.730937,-3.8895056,-0.10580967,3.5999453,3.8860834,9.049429,122893,0,0,18223
-2.730937,-3.6833801,-0.10580967,4.603708,3.658055,9.423441,122895,0,0,18222
-3.5263588,-6.243079,-4.9817266,6.8082266,4.091506,6.506473,122899,0,0,18221
-1.6388278,-3.0944982,-0.0037414203,1.9887434,2.6220276,7.795661,122906,0,0,18220
-0.9139294,-1.24582,-0.077233195,1.6171272,0.56663835,2.160926,122968,0,0,18210
-0.7022104,-0.7123079,-0.03355296,0.3681764,0.73733115,2.022934,122971,0,0,18209
-2.1443758,-2.0928118,-1.245568,2.0177422,2.0693061,3.1195226,123014,0,0,17962
-6.1182404,-3.0092435,-0.20584232,2.869513,3.082281,2.0698018,123020,0,0,17961
-1.6575265,-0.9264422,-0.067619696,1.6732374,0.86657506,1.85905,123040,0,0,17959
-1.7467268,-0.9252807,-0.15474892,2.1135104,0.8619044,1.9511006,123051,0,0,17958
-1.7467276,-1.1264434,-0.1933384,2.0426261,1.0762674,1.9511008,123053,0,0,17957
-2.6694193,-2.7249255,0.70975703,3.2462068,2.693807,8.045333,123071,0,0,17953
-1.1491313,-0.44839126,-0.029191608,1.7802132,0.45211935,2.0934863,123090,0,0,17949
-24.287188,-21.521347,-5.89816,25.410135,23.42202,26.041323,123101,0,0,17947
-0.8039596,-2.567924,-0.17756778,1.7457247,2.1136525,2.8416443,123105,0,0,17946
-0.54255706,-0.71233475,-0.13239296,0.9271122,0.97577566,1.8263838,123120,0,0,17945
-0.82499486,-0.7588023,-0.022064047,0.8838285,0.5773484,2.099914,123129,0,0,17943
-2.1699193,-2.075572,0.53717434,1.6768883,2.2497227,6.2289324,123137,0,0,17940
-1.2560049,-0.2798253,-2.2707185E-05,0.5253632,0.27076647,0.6858348,123162,0,0,17938
-1.4570668,-0.5111714,-0.004719753,1.0111978,0.5282176,2.7639058,123170,0,0,17937
-1.4570668,-0.7456665,-0.004719753,0.9324716,0.662532,2.8247874,123171,0,0,17936
-1.4247546,-0.6329179,-0.0001724987,0.9237052,0.6320259,2.6148357,123182,0,0,17935
-1.4570668,-0.54878336,-0.004719753,0.9324716,0.52895564,2.686955,123194,0,0,18065
-0.26933533,-0.20064946,0.00030666206,0.26149482,0.18528351,0.44167012,123200,0,0,18064
-4.833517,-6.569254,0.34619045,3.524852,6.395806,4.8981023,123205,0,0,18063
-3.3329008,-0.9675256,0.5004926,0.92473876,0.81142586,4.2798195,123225,0,0,18061
-1.3363585,-1.4460206,-1.1854242,2.977993,1.4459761,3.7914443,123235,0,0,18060
-11.110683,-10.445035,-10.580959,10.939541,11.605189,11.469265,123265,0,0,18053
-0.3005669,-0.34876007,-0.08214719,0.6129438,0.4799129,0.2358561,123284,0,0,18049
-1.2470491,-1.4417355,-0.33270788,1.2570945,1.4498,2.3180904,123285,0,0,18048
-1.2248063,-0.56742924,-0.007808326,1.7202,0.6057481,1.8298991,123288,0,0,18047
-0.71780646,-0.95288455,-0.032213576,1.2832409,0.9524876,0.96478266,123291,0,0,18046
-0.39584327,-0.40753824,0.0024602755,0.42137533,0.41269606,0.8668931,123304,0,0,17462
-6.2527866,-3.069248,-0.21973482,3.3317218,3.1657202,1.6125839,123324,0,0,17458
-2.7643259,-2.4381025,-0.18601197,2.0541348,2.437529,3.5035167,123329,0,0,17457
-7.354059,-5.9918394,-0.22850609,8.216219,9.4043665,9.215492,123335,0,0,17456
-7.0120273,-6.2594147,-14.763044,9.112709,6.562077,0.25897658,123337,0,0,17455
-0.42875713,-0.32089925,-0.002514435,0.5417777,0.3214742,0.49418956,123343,0,0,17454
-0.47136208,-0.46794334,0.9605215,0.46777672,0.43535778,2.9188583,123344,0,0,17453
-0.7889253,-0.8813467,0.2131281,0.514786,0.9024359,3.4561288,123345,0,0,17452
-1.3462046,-0.47369155,-0.010816305,0.8194496,0.42342874,1.6198783,123348,0,0,17451
-0.47083613,-0.25774178,-0.0036833098,1.2120141,0.2585157,1.67744,123362,0,0,17449
-4.9255247,-3.8354611,-0.01626334,1.0384064,5.106219,6.330709,123371,0,0,17446
-2.1723692,-1.8532387,-0.16921997,0.75673366,1.8289561,2.9765553,123372,0,0,17445
-1.2307322,-1.5396249,-0.051297322,1.4046073,1.4524149,2.9702537,123375,0,0,17444
-6.5055084,-3.4317021,-0.4002131,3.3654056,3.5067039,4.127054,123377,0,0,17443
-2.3066003,-0.57457566,-0.025909267,1.5841092,0.546913,1.878457,123388,0,0,17441
-2.3066003,-0.63357276,-0.02590926,1.6050348,0.546913,2.0255733,123410,0,0,17831
-2.3066003,-0.57457566,-0.025909267,1.5841092,0.546913,1.878457,123418,0,0,17830
-2.1279795,-1.8737682,-0.022685818,0.77476835,2.0358334,4.090946,123441,0,0,17829
-20.146122,-9.710883,-0.694383,9.732642,9.767353,13.75928,123459,0,0,17825
-20.14612,-9.710885,-0.69438404,10.478482,9.767351,13.759281,123460,0,0,17824
-19.730806,-9.710884,-0.69438237,10.302275,9.767353,13.759287,123461,0,0,17823
-19.52042,-10.743717,-1.7249321,10.079693,11.026723,13.759284,123465,0,0,17822
-20.146122,-9.710886,-0.69438237,9.816065,9.767353,13.759287,123496,0,0,17821
-20.146122,-13.969146,-9.743721,11.425818,14.08224,18.307665,123498,0,0,17819
-2.9174998,-1.5987793,0.003093704,1.9015377,3.2306547,4.368905,123507,0,0,17816
-3.9756238,-4.173764,-0.4124322,3.3665142,4.1223326,4.8163757,123522,0,0,17800
-2.9501622,-2.1142845,-0.0360948,2.2559028,2.0684776,2.578512,123543,0,0,17796
-2.8800735,-2.0744479,-0.03228638,2.2533715,2.0814297,3.28022,123544,0,0,17795
-2.9672563,-4.2887554,-0.03501738,2.2346587,3.1273677,3.5232322,123553,0,0,17794
-2.967256,-4.288754,-0.03501701,2.234658,3.127368,4.8738265,123554,0,0,17793
-2.7995493,-1.9242715,-0.029328385,2.2274988,1.8874391,2.4334922,123577,0,0,17790
-0.7524462,-0.94360495,0.9790828,0.6370777,0.9662708,3.1906228,123610,0,0,17737
-6.45148,-10.211522,-0.5512182,2.7495222,10.210951,11.515962,123636,0,0,18146
-6.451479,-10.211523,-0.5512154,2.749523,10.21095,11.515964,123661,0,0,18145
-4.1922297,-2.3429384,-0.02287317,3.0124493,2.328496,6.0329103,123664,0,0,18144
-2.6068504,-2.3162174,-0.181265,1.0395689,2.2844594,3.4673488,123673,0,0,18142
-1.6518186,-0.9778063,-0.07403925,1.644919,0.9217236,2.14133,123678,0,0,18141
-1.6518185,-0.9778044,-0.0740409,1.6924186,0.92172503,2.201374,123680,0,0,18140
-2.60245,-0.7741071,-0.008419725,1.0574112,0.5558866,1.5361376,123682,0,0,18139
-2.5408819,-0.74788594,-0.013865501,1.1422014,0.5741675,1.6864939,123688,0,0,18138
-1.0504607,-1.5553443,-0.003734731,0.878433,1.55198,3.9668233,123690,0,0,18137
-1.0504607,-1.5553443,-0.003734731,0.878433,1.55198,2.910512,123695,0,0,18136
-0.9841285,-0.58105826,-0.013405618,1.0625656,0.4932785,2.39053,123698,0,0,18135
-2.3408206,-2.4381027,-0.18601212,2.0541348,2.4375293,3.302981,123705,0,0,18134
-0.42374736,-0.614143,-0.006855653,0.5324029,0.5666028,1.5584667,123708,0,0,18133
-0.42362505,-0.6141513,-0.006856015,0.53242016,0.5665602,1.5589404,123709,0,0,18132
-0.27349004,-0.5225442,0.0034412656,0.7629242,0.49496445,1.421908,123722,0,0,18197
-4.771949,-5.8345914,-2.6211033,6.7336464,5.671004,8.884492,123747,0,0,18194
-1.4554625,-1.3177295,-0.080352694,1.3783001,1.2777002,3.3516889,123756,0,0,18193
-13.174948,-30.934095,-19.54767,13.993899,30.99278,42.34154,123808,0,0,18185
-3.4515254,-1.1900157,-0.59584224,1.6569202,1.1974218,6.9889746,123814,0,0,18184
-0.9520785,-2.2242758,0.8534648,1.2186966,2.2919858,3.6617625,123816,0,0,18183
-0.9522193,-2.3151774,0.85316163,1.1934458,2.2437756,3.6660051,123818,0,0,18182
-2.1931694,-5.2218537,1.4006163,3.1367035,5.234322,7.3298707,123821,0,0,18181
-2.2697983,-5.2259655,0.7960353,3.3825073,5.230225,6.7708874,123830,0,0,18180
-2.1931694,-5.2218537,1.4006163,3.1367035,5.234322,7.3298707,123831,0,0,18179
-4.19112,-3.8095565,-0.84612274,3.9669602,4.073123,7.0365567,123834,0,0,18178
-1.1491313,-0.65663433,-0.0184412,1.7757545,0.6581688,2.0869758,123839,0,0,18176
-0.7705499,-1.056314,-0.007942399,1.1191984,0.9049189,3.6455333,123870,0,0,18168
-3.7941988,-1.6584636,-0.08878213,2.0621107,0.9510919,2.7681181,123878,0,0,18166
-0.97266334,-1.5443002,0.081421115,1.0805013,1.4742193,3.445507,123934,0,0,18153
-5.373966,-5.2262406,-5.311222,6.105439,6.253165,8.118615,123944,0,0,18097
-3.9391158,-1.9239571,1.8669051,2.074345,1.30562,2.5158153,123947,0,0,18096
-1.3598356,-1.7661474,-0.089802615,1.4217364,1.5255594,1.9873697,123949,0,0,18095
-2.490578,-4.4205923,-0.025929164,1.9473116,4.970352,7.9594364,123952,0,0,18094
-2.029858,-1.8321116,-0.15513378,1.5260184,1.8789661,3.3931115,123961,0,0,18093
-1.8383527,-3.5380423,-0.004388181,1.8630805,3.0917115,7.3239646,123972,0,0,18092
-2.7119584,-3.0966609,-0.09856395,2.4395242,3.0563166,3.735702,123977,0,0,18090
-0.98639137,-2.041645,-0.011402514,1.2456348,2.0747402,4.2305946,123990,0,0,18086
-1.5212399,-0.7910521,0.012092081,1.0316613,1.0637989,1.4540852,124004,0,0,18083
-0.27080965,-0.2582122,-0.005909068,0.25828564,0.2580443,0.29325044,124008,0,0,18082
-2.4326644,-0.6565867,-0.0367314,1.0847042,0.5229863,1.3746305,124036,0,0,18078
-2.4326646,-0.65658677,-0.036731493,1.1023238,0.53392,1.4409385,124038,0,0,18077
-2.4326646,-0.65658677,-0.036731493,1.0847042,0.5229862,1.3746303,124052,0,0,18076
-18.761173,-13.032843,-6.490418,14.978917,12.755104,24.745678,124077,0,0,18075
-0.8636379,-2.4470654,-0.12567592,1.7000967,2.1532795,2.8454006,124110,0,0,18069
-0.5887372,-0.9538042,-0.0007617497,1.0840538,0.9522877,1.9705865,124118,0,0,18068
-1.5204815,-3.3579879,0.57848024,1.1951587,3.35428,3.7990818,124131,0,0,18067
-0.62915444,-0.28211385,-0.0030203878,1.6963834,0.29653782,3.2781186,124148,0,0,18066
-1.9184966,-1.8985653,-0.39112693,1.406232,1.5504742,3.1096017,124155,0,0,18045
-0.5862574,-1.3587197,-0.028186351,1.1778903,1.5330297,1.9410789,124160,0,0,18044
-5.7631693,-6.513443,-0.68081856,8.994113,6.511296,6.3494277,124166,0,0,18043
-1.3324357,-0.5837109,-0.0018304382,2.5106575,0.57967716,6.110201,124169,0,0,3205
-0.77700007,-0.70013696,0.00047930324,0.73176,0.7645153,1.7562002,124173,0,0,18042
-0.89677984,-0.76891655,0.00047887937,0.7317598,0.7645153,1.8519075,124186,0,0,18041
-0.77699995,-0.70013666,0.0004793032,0.73175967,0.7645153,1.7562002,124192,0,0,18040
-0.28620344,-0.44520473,-0.0015016049,0.306011,0.41966334,0.9299752,124198,0,0,18039
-6.2600183,-2.9162364,-0.045064032,2.6755538,2.713171,6.669011,124203,0,0,18038
-1.4260496,-2.7426596,-7.2357274E-05,1.7027544,2.6231892,4.395465,124204,0,0,18037
-1.6945657,-1.2005267,-7.2357274E-05,1.0825744,1.221715,3.9099693,124207,0,0,18036
-1.5529094,-1.694909,-0.19152786,0.84788895,1.6244018,3.185409,124208,0,0,18035
-1.574138,-2.825399,-0.18414642,4.1420393,3.2064161,4.7418704,124209,0,0,18034
-2.223557,-3.3098257,-2.5531585,4.3382545,3.2519858,4.0086527,124210,0,0,18033
-0.40398702,-0.5788041,-0.0059042918,0.3184683,0.5135419,1.42024,124224,0,0,18031
-1.3654058,-2.9613612,-0.15938872,3.531445,2.684843,4.6719,124225,0,0,18030
-4.0705705,-2.5409591,-0.17400691,4.801554,2.4340518,2.2265596,124234,0,0,18029
-1.0735854,-1.4819887,-0.0058562327,0.7284214,1.4603482,3.3817575,124235,0,0,18028
-1.0266689,-1.4155968,0.0009968813,0.5958415,1.4251258,3.0070374,124243,0,0,18027
-0.8799955,-1.8894628,-0.0028942004,1.9335629,1.6203865,3.3093715,124247,0,0,18026
-0.8763492,-1.889463,-0.0028948267,1.9573773,1.6203853,3.1067586,124248,0,0,18025
-1.5121337,-1.2241741,-0.080448076,0.9112093,1.2428381,2.2236319,124263,0,0,18024
-1.4382433,-0.76881665,0.0003186798,0.69617414,0.74952817,1.4237113,124272,0,0,18022
-2.5410147,-4.0413613,0.033180013,1.9344516,4.0302634,5.404329,124290,0,0,18019
-4.3690624,-4.7839017,-2.1680355,4.0327454,5.0686874,7.5499434,124297,0,0,18016
-2.4729383,-3.4125028,0.21722808,1.7578714,3.5981653,4.286797,124299,0,0,18014
-1.7486039,-1.9086825,-0.32231587,0.6747379,1.8819968,2.754535,124317,0,0,18011
-15.907019,-15.938006,-0.7710025,15.895115,15.892632,7.5904036,124324,0,0,18010
-0.5603161,-1.6674104,0.85712713,0.604707,1.697261,4.5412245,124329,0,0,18007
-0.2538846,-0.3430813,0.0011167594,0.3105809,0.42001206,2.3282015,124366,0,0,18002
-0.31767496,-0.36594754,0.0011167594,0.31058085,0.44021195,2.3282015,124367,0,0,18001
-0.31767505,-0.34207183,0.0011167371,0.31058103,0.42001218,2.3282015,124368,0,0,18000
-0.36332324,-0.40606576,0.0011166745,0.3362559,0.47403884,2.3282013,124369,0,0,17999
-0.3416246,-0.49276647,-0.00025531545,0.24163388,0.48824778,2.2942972,124377,0,0,17998
-0.3890893,-0.5085159,-0.00025569857,0.24163377,0.50415945,2.2942972,124378,0,0,17997
-0.3890893,-0.5085159,-0.00025569857,0.24163377,0.50415945,2.2942972,124379,0,0,17996
-0.38197076,-0.5095786,-0.00025545075,0.25189972,0.50556177,2.2942972,124380,0,0,17995
-2.8771782,-3.743625,0.039643653,2.1775799,3.7633748,5.1538324,124387,0,0,17994
-3.6649659,-3.223611,4.255826,2.6423795,3.3360186,9.728064,124393,0,0,17993
-3.2015305,-5.2218575,0.42398643,3.1366239,5.2343445,6.741571,124421,0,0,17990
-2.0622115,-3.1755815,-1.5832484,1.7539532,2.7314806,8.821517,124424,0,0,17989
-1.2444332,-0.43633002,-0.01689748,2.0046277,0.42995384,2.6296134,124427,0,0,17988
-0.19900012,-0.37895298,-0.014415842,0.39030543,0.32207596,1.8960971,124437,0,0,17987
-0.23084378,-0.3789509,-0.014415425,0.3903001,0.32208002,1.8833276,124440,0,0,17986
-0.19900157,-0.3789509,-0.014415425,0.3903001,0.32208002,1.9016715,124442,0,0,17985
-0.269973,-0.316472,-0.00474976,0.246698,0.328932,1.89701,124444,0,0,17984
-0.33872482,-0.3666592,-0.0015649977,0.24009952,0.34687078,1.9624667,124448,0,0,17983
-0.296231,-0.317158,-0.00511986,0.268253,0.392659,1.88539,124452,0,0,17982
-0.162416,-0.209047,-0.00121658,0.0888682,0.201199,1.16331,124456,0,0,17981
-0.316822,-0.369951,-0.00865875,0.260954,0.463853,2.02261,124463,0,0,17980
-0.333748,-0.369954,-0.00865875,0.249116,0.40383,1.87302,124467,0,0,17979
-0.300863,-0.330282,-0.00172022,0.332863,0.420901,1.88945,124468,0,0,17978
-0.281989,-0.342848,-0.00262266,0.246852,0.343118,1.91334,124472,0,0,17977
-0.322793,-0.319097,-0.00159247,0.28864,0.329237,1.89521,124475,0,0,17976
-0.272157,-0.325457,-0.00159247,0.243172,0.329237,1.89523,124478,0,0,17975
-0.360743,-0.664392,-0.00238951,0.438501,0.54203,2.00751,124482,0,0,17974
-0.3725115,-0.5164918,-0.0007441832,0.43189365,0.51472425,2.0196805,124485,0,0,17973
-0.25537,-0.437888,-0.000743359,0.349882,0.434437,2.01467,124490,0,0,17972
-0.5241963,-0.47089458,-0.002550895,0.42839003,0.51741564,2.2275014,124494,0,0,17971
-0.169892,-0.267845,0.0063936,0.213072,0.263453,1.3007,124495,0,0,17970
-0.5241963,-0.47089458,-0.0025508022,0.42839006,0.51741564,2.011116,124500,0,0,18128
-0.360743,-0.664392,-0.00238951,0.438501,0.553802,2.04671,124506,0,0,18127
-0.37278318,-0.54039544,-0.0013306887,0.4410494,0.5607979,1.8289424,124507,0,0,18126
-0.3728497,-0.54039603,-0.0012343569,0.4410237,0.56081563,1.8289207,124508,0,0,18125
-0.9917763,-0.52703375,0.00058512855,0.44035047,0.5236,1.7604178,124509,0,0,18124
-0.4724094,-0.54039544,-0.0013306887,0.78980666,0.5607979,1.8289424,124512,0,0,18123
-0.5256533,-0.640256,0.0006549716,0.5787762,0.54523504,2.122706,124515,0,0,18122
-0.27600855,-0.4982169,-0.0013895705,0.36473843,0.52552706,2.074115,124516,0,0,18121
-0.27600855,-0.4982169,-0.0013895705,0.36473843,0.52552706,2.074115,124517,0,0,18120
-0.27574638,-0.45554826,-0.0024143294,0.3930297,0.46044576,2.0180528,124521,0,0,18119
-0.27574638,-0.45554826,-0.0024143294,0.3930297,0.46044576,2.0180528,124522,0,0,18118
-0.25962088,-0.45809266,-0.0040467023,0.37067115,0.46906722,2.00073,124533,0,0,18117
-0.25962088,-0.45809266,-0.0040467023,0.37067115,0.46906722,2.00073,124534,0,0,18116
-0.31673712,-0.47583413,-0.0028177379,0.4029317,0.48423126,2.0571797,124540,0,0,18115
-0.31706005,-0.47629902,-0.0027468263,0.40290213,0.4839603,2.05718,124541,0,0,18114
-0.33744,-0.472224,-0.00248133,0.403285,0.484002,1.99446,124544,0,0,18113
-0.31706,-0.486774,-0.00274156,0.402901,0.513673,1.99377,124547,0,0,18112
-0.360743,-0.664394,-0.00238973,0.4385,0.542031,2.2824,124552,0,0,18111
-0.48916253,-0.3964079,-0.014424621,0.5803038,0.31594938,1.7757478,124553,0,0,18110
-0.294778,-0.5823922,-0.007052484,0.5194537,0.5557264,2.0086231,124565,0,0,18109
-0.2948318,-0.58285683,-0.006568156,0.51486814,0.55573577,2.0086231,124566,0,0,18108
-0.294778,-0.6896958,-0.0070524556,0.61836445,0.5557264,2.2756555,124569,0,0,18107
-0.29344115,-0.5821464,-0.006810856,0.515015,0.55491626,2.0104194,124571,0,0,18106
-0.29378492,-0.58221525,-0.006810884,0.515113,0.55488753,2.0502548,124572,0,0,18105
-0.52418137,-0.47089222,-0.002547912,0.42839003,0.51741725,2.2275014,124576,0,0,18104
-0.24361876,-0.5373166,-0.0014591432,0.50307566,0.54058814,2.0242813,124578,0,0,18103
-0.2924629,-0.57841086,-0.0029965553,0.50591475,0.54553163,2.231502,124579,0,0,18102
-0.24361247,-0.5377038,-0.001460537,0.50308436,0.540583,2.0243142,124580,0,0,18101
-6.1399665,-2.7823398,-0.18850873,2.3044448,4.293607,4.7504034,124581,0,0,18100
-1.5859327,-0.57342535,-0.0008741501,1.6612287,0.6048186,1.903279,124601,0,0,17624
-1.4382434,-0.7688167,0.00031878578,0.69617444,0.74952817,1.8619651,124622,0,0,17598
-1.2709162,-2.589672,0.0428593,0.788097,2.5279713,4.1282268,124637,0,0,17596
1,1,1,-1,-1,-1,124639,0,0,17595
1,1,1,-1,-1,-1,124640,0,0,17594
1,1,1,-1,-1,-1,124642,0,0,17592
-1.8526558,-1.0011636,-0.021420741,1.470239,1.5802104,4.1354856,124670,0,0,17585
-1.2990489,-1.3359187,-0.14163494,1.405216,1.4263033,3.877646,124677,0,0,17584
-0.9811257,-0.5526054,-0.008108694,0.94360775,0.48098445,1.2371856,124691,0,0,17581
-7.2820683,-2.4127464,-0.020839227,3.3430746,2.2778034,5.3669357,124694,0,0,17580
-7.2820683,-2.5425255,-0.0208393,3.3430746,2.2778041,6.4683375,124695,0,0,17579
-7.364502,-2.4444094,-0.017595915,3.6154947,2.294746,4.69473,124696,0,0,17578
-7.2820687,-2.6714885,-0.020839436,3.3430755,2.3664963,4.532022,124697,0,0,17577
-7.2820683,-2.4127464,-0.020838942,3.3430753,2.277804,4.3424892,124711,0,0,17889
-0.40398702,-0.57880396,-0.0059041837,0.45251682,0.6167476,1.4202398,124738,0,0,17886
-4.814116,-1.8251102,-0.23679844,2.8928356,1.7424414,2.238282,124739,0,0,17885
-1.7249968,-1.7737747,-0.14763433,1.369572,1.969018,2.821822,124753,0,0,17883
-2.8454494,-2.9199574,-0.39112693,2.9973917,2.9228837,5.841853,124779,0,0,17880
-2.6154227,-0.77915686,-0.09884741,1.0279635,0.55204165,1.4385164,124781,0,0,17879
-3.065671,-1.8883584,-0.020631574,1.5219843,1.8254825,3.5200505,124790,0,0,17877
-6.8947153,-9.758011,0.0011329137,4.327207,9.908394,11.441095,124802,0,0,17875
-0.5675826,-0.51900357,-0.0047572902,0.3089351,0.5293029,1.9467463,124809,0,0,17873
-0.7398609,-0.58534205,-0.0072714193,0.3841886,0.41223803,2.1461494,124827,0,0,17759
-2.4163823,-2.366809,-2.3739786,2.3397217,2.389295,3.68225,124850,0,0,17753
-1.3383307,-0.66524196,-0.01670932,0.9854756,0.629889,2.4707751,124865,0,0,17750
-4.02707,-1.9803936,-0.44682997,0.97204125,2.2074137,3.760966,124872,0,0,17749
-3.6379104,-1.5059173,-0.01561682,0.8127425,1.8946264,4.0525,124880,0,0,17748
-0.4932587,-0.90577704,-0.0041715493,0.33954066,0.9054008,2.4573843,124890,0,0,17747
-2.2025666,-2.1987734,-0.018528588,3.882277,2.1960347,2.0395966,124903,0,0,17745
-11.019081,-10.968987,-0.086285904,15.565527,10.999741,10.180535,124904,0,0,17744
-1.5204815,-3.3579867,0.5784799,1.1951596,3.3542805,3.7990813,124928,0,0,17734
-2.2947295,-4.147499,-0.021337764,2.4742072,4.00758,7.679,124952,0,0,17651
-1.8860695,-1.9066542,-1.358547,2.0599568,1.7779206,3.1111202,124984,0,0,17643
-1.8860698,-0.9346818,-0.0035125804,1.9538276,0.9359132,4.7079725,124985,0,0,17642
-4.2089186,-4.3843884,-2.9131427,4.1331224,3.9576526,5.4288983,124986,0,0,17641
-4.2015758,-4.2751336,-2.7647116,3.9988494,3.9252913,5.435714,124987,0,0,17640
-4.2001,-4.404215,-2.948262,4.3564987,4.152384,5.6083364,124988,0,0,17639
-1.6887528,-1.7710693,-1.369022,2.000054,1.9177375,3.1155455,125009,0,0,17638
-2.2874842,-3.584512,-3.6322923,5.284381,3.987353,3.9395728,125013,0,0,17636
-1.3987513,-0.65768105,-0.0016175425,1.9754192,0.6186703,3.3138947,125017,0,0,17635
-1.7038968,-3.7465825,-6.752634,10.397074,3.7502778,-0.30956364,125021,0,0,17634
-0.7023056,-0.5117996,-0.001951959,0.44101113,0.5096853,1.30913,125023,0,0,17633
-0.6040776,-0.4966645,-0.001952509,0.43318596,0.4934163,1.2852207,125024,0,0,17632
-1.8065246,-0.73744047,-0.021637619,0.5569317,0.7450758,2.8320603,125069,0,0,17500
-1.6485733,-1.1023061,-0.04605661,0.7397788,1.1138343,2.8131573,125078,0,0,17498
-0.53759515,-0.5672209,-0.0018849547,0.39569557,0.55607164,2.344571,125092,0,0,17497
-5.031751,-3.6740844,-1.8077185,3.1466627,3.8972695,5.7636356,125217,0,0,17845
-1.4349265,-0.88532424,-0.0072584506,1.979631,0.90242356,4.7233768,125223,0,0,17843
-1.6475079,-2.1531515,-1.4268723,2.8391635,2.1742272,2.9005065,125227,0,0,17842
-2.0838432,-1.2164084,-0.13255388,0.7540678,1.2959423,4.5832696,125254,0,0,17439
-3.731061,-2.887356,-0.032976024,3.9055388,2.8873565,4.4268217,125257,0,0,17438
-0.34013355,-0.9203227,-0.16339417,0.24630268,1.0119894,2.5160484,125259,0,0,17437
-2.185289,-3.1275463,-0.052051086,2.0360136,2.3865643,3.7089572,125260,0,0,17436
-0.5712469,-0.99415857,-0.012722801,0.5130967,0.9899337,2.8760583,125263,0,0,17435
-0.5712468,-0.9941589,-0.01272275,0.51309675,0.98993367,2.8810065,125264,0,0,17434
-0.5712468,-1.3242251,-0.01272275,0.60040015,1.130184,2.850969,125293,0,0,17433
-2.486958,-1.3244648,-0.92279404,2.0496778,1.3697362,1.839831,125358,0,0,17427
-0.16542011,-0.21773647,-0.0022073742,0.12675658,0.20977849,1.1633039,125362,0,0,17426
-0.17381871,-0.26787823,0.005045963,0.18088695,0.2634749,1.3755842,125367,0,0,17424
-0.6266887,-0.7696374,-2.8810284E-06,0.5273225,0.73009324,2.2732759,125372,0,0,17712
-0.62668866,-0.76962596,-3.548433E-06,0.52490354,0.7300862,2.3528554,125374,0,0,17711
-0.6266887,-0.7696374,-2.8810284E-06,0.5273225,0.73009324,2.3528626,125377,0,0,17710
-1.9155296,-2.0755732,0.7646971,1.5020766,2.249723,6.2289333,125378,0,0,17709
-1.7467276,-0.9252806,-0.15474845,2.1135113,0.8619043,1.9511003,125389,0,0,17708
-1.4706998,-2.0757046,0.76441693,1.6285657,2.249733,6.228828,125395,0,0,17705
-0.865474,-0.36806473,-0.00017615873,0.81536734,0.34031257,1.044454,125420,0,0,17701
-8.205846,-2.4930272,-0.069031835,1.6257062,2.652392,5.757118,125427,0,0,17699
-32.517616,-31.986347,-30.499863,31.33808,31.869347,33.35583,125432,0,0,17698
-0.3037217,-0.10197227,-0.014137055,0.061565194,0.10720907,0.36096057,125434,0,0,17697
-13.58263,-11.8297,-0.39061177,6.815271,12.178719,7.524526,125435,0,0,17696
-2.4564924,-5.221869,0.2983424,3.1362772,5.2343245,6.741669,125437,0,0,17695
-1.7249972,-1.8145536,-0.08687627,1.6053272,1.9690185,3.7385411,125444,0,0,17694
-2.7384214,-2.7385418,-2.7368162,2.7374449,2.736232,2.7368171,125452,0,0,17687
-0.52989113,-0.6009452,-0.013780794,0.73006696,0.9450445,4.7510943,125454,0,0,17685
-0.80858064,-0.6956009,-0.010720214,0.6970883,0.72639406,2.1060758,125497,0,0,17575
-0.8560664,-0.7846793,-0.010720521,0.6321792,0.79565674,2.410287,125498,0,0,17574
-1.5798135,-0.714368,-0.010720214,0.72310257,0.72606224,2.5422573,125499,0,0,17573
-2.2614393,-1.6955118,0.10280803,0.7190165,1.5199292,4.714997,125500,0,0,17572
-0.9967646,-2.5405486,-0.22182173,1.6004989,1.995579,4.635949,125504,0,0,17571
-2.3403294,-2.8237758,-0.11868581,2.411597,2.896139,6.639962,125508,0,0,17570
-0.4791671,-0.20184378,-0.006225078,0.28776008,0.19465472,0.51079625,125512,0,0,17569
-14.215314,-22.085941,-2.301688,21.839586,22.10667,52.920425,125519,0,0,17566
-1.2750334,-1.0875587,-0.01021245,2.3130803,0.8356642,2.616765,125522,0,0,17565
-1.4454057,-0.95934236,-0.01021245,2.099284,0.8402432,2.592431,125531,0,0,17564
-1.4454057,-0.95934236,-0.01021245,2.099284,0.8402432,2.592431,125546,0,0,17563
-4.3272247,-1.2379937,-0.06411649,1.8474467,2.09822,3.2665162,125559,0,0,17562
-0.96639866,-0.3774233,-0.0042127515,0.3707516,0.4048567,0.4483674,125576,0,0,17622
-1.1549199,-0.85227984,-0.018185053,2.6787887,0.7423706,2.7790053,125581,0,0,17620
-1.1549234,-0.8519306,-0.01822265,2.67822,0.7423706,2.7741764,125583,0,0,17619
-1.244202,-1.2427343,-0.015465998,2.1191132,1.1803313,3.5329547,125603,0,0,17916
-1.244476,-0.43664894,-0.015462157,2.005098,0.38587153,2.6306765,125614,0,0,17915
-1.4079602,-0.52019155,-0.015003117,2.005098,0.47628468,2.6971145,125620,0,0,17914
-4.3277025,-1.114641,-0.06382412,1.9758288,2.0982099,3.4411566,125649,0,0,17911
-4.3277025,-1.114641,-0.06382412,2.134764,2.0982099,3.3728166,125680,0,0,17934
-2.460742,-1.440652,-0.04578644,1.3679395,1.7729596,3.219982,125687,0,0,17933
-2.077908,-0.9784619,-0.008475922,0.9438549,0.9784363,1.8498209,125715,0,0,17813
-1.6484417,-1.1249532,-0.045231644,0.7695149,1.0990041,3.0097437,125777,0,0,17781
-8.922013,-5.0150576,-1.5653064,4.662356,5.3431125,2.8776717,125782,0,0,17780
-1.3059043,-1.6939301,-1.1228472,1.0553637,1.5943029,4.272961,125795,0,0,17778
-1.8708268,-0.92130303,-0.006888836,0.31722936,0.9177453,2.770433,125796,0,0,17777
-1.2132589,-1.0343724,-0.00031424474,1.7006769,1.0787542,1.6028421,125815,0,0,17730
-2.4127994,-4.2037024,-0.03652581,1.6883392,4.4233413,7.884146,125830,0,0,17728
-1.8582224,-2.1543846,0.19352727,2.2650864,1.7010266,2.884661,125835,0,0,17727
-3.347465,-1.3450276,-0.06686739,1.2172525,1.316032,2.30216,125837,0,0,17726
-4.040947,-1.5477395,-0.029338615,1.4265186,1.5213372,3.4473407,125851,0,0,17684
-2.8668303,-3.175832,-2.3832707,2.757985,2.8333335,4.684621,125854,0,0,17682
-3.522548,-3.6230333,-0.11047745,3.2588193,3.730314,2.2557838,125859,0,0,17681
-3.278768,-3.3906312,-0.10323952,3.0337474,3.58532,2.6585617,125860,0,0,17680
-0.78617984,-0.43884426,-0.0037388988,0.80836934,0.40740317,1.0868299,125865,0,0,17679
-6.3106775,-5.5305824,-0.22027852,9.232586,5.530745,8.673049,125886,0,0,17674
-2.6845598,-1.7083421,-0.014375078,1.429448,1.7076972,2.3749034,125891,0,0,17673
-2.2803874,-1.7071495,-0.01443498,2.8814988,1.7088954,2.6283965,125892,0,0,17672
-2.4749131,-1.452283,-0.06614074,1.3766047,1.7859428,3.2076523,125902,0,0,17671
-4.433692,-3.8568919,0.004614353,5.59419,4.161187,7.621994,125912,0,0,17670
-30.112953,-23.325989,-22.83408,19.325413,26.217249,31.090591,125913,0,0,17669
-1.9089019,-2.6045923,0.1995915,2.3503776,2.5335016,5.942495,125931,0,0,17608
-3.812147,-6.675866,0.712772,5.5113063,6.052883,13.655321,125932,0,0,17607
-5.077377,-3.3522632,0.042130984,3.470318,3.2181256,5.707887,125938,0,0,17606
-0.60695726,-0.74745214,-0.016813096,0.5300934,0.6652485,1.9873995,125942,0,0,17605
-1.1369503,-0.869364,-0.8582861,0.9216567,0.8472085,2.263642,125947,0,0,17604
-0.47860554,-0.5610506,-0.0062172753,0.37739956,0.38396484,1.807715,125948,0,0,17603
-2.4401217,-1.428061,-0.030032683,1.088845,1.4101639,1.8412484,125957,0,0,17560
-2.015751,-1.1474371,-0.13554245,0.77695334,1.124954,1.3864607,125958,0,0,17559
-14.11625,-8.599489,-0.19557257,7.038184,8.420648,12.854352,125965,0,0,17558
-1.6485729,-0.83549225,-0.04605697,0.8077893,0.8420995,2.1618872,125967,0,0,17557
-0.7811556,-0.43426347,-0.018615328,0.98890495,0.35283637,0.38158914,125969,0,0,17556
-0.42112198,-0.6137276,-0.024654865,0.66682583,0.5842856,1.1661224,125984,0,0,17554
-2.425122,-0.63994515,-0.03460025,1.0656149,0.6501129,1.4409351,125988,0,0,17553
-2.4283657,-0.65870047,-0.034592714,1.0656154,0.63482404,1.4409384,125989,0,0,17552
-2.3377678,-2.3065386,-0.42209947,2.310599,2.3418283,4.6181345,125990,0,0,17551
-2.744341,-2.7335641,-1.5642143,2.728868,2.739644,3.992081,125991,0,0,17550
-3.0609405,-3.0494432,-1.5956604,3.0433466,3.054845,4.3381457,125993,0,0,17548
-3.0099652,-3.0396667,-3.0512204,3.0693676,3.0396662,3.0281124,125995,0,0,17546
-2.1904259,-2.0990667,-0.42209947,2.1208854,2.2122445,4.279599,126009,0,0,17541
-1.0219632,-1.0170116,-0.5761398,1.0183066,1.0232582,1.46413,126011,0,0,17540
-2.277568,-2.1998332,-0.42209947,2.141565,2.2193,4.384284,126012,0,0,17539
-2.265939,-2.1787024,-0.42209947,2.1287835,2.21602,4.359954,126013,0,0,17538
-0.9309261,-0.88457996,-0.4480779,0.9561662,1.0025125,2.1095352,126014,0,0,17537
-1.1872581,-1.1409119,0.06743151,1.2124983,1.2588445,3.4821446,126018,0,0,17535
-1.9007756,-1.6538217,-0.20562175,1.49955,1.7465038,3.6338286,126020,0,0,17534
-0.4419791,-0.4419791,0,0.4419791,0.4419791,0.86190015,126022,0,0,17533
-1.7947333,-1.8747896,-1.9360962,2.079216,1.9991597,3.6911175,126024,0,0,17532
-0.14438531,-0.9137802,-0.00027882255,0.13649447,0.48754972,1.3054354,126026,0,0,17531
-1.1585094,-1.1121632,-0.20291042,1.1837494,1.2300956,3.154243,126032,0,0,17530
-1.9480175,-1.9016713,-0.20562175,1.9732577,2.019604,4.3317237,126033,0,0,17529
-2.0997243,-1.8388093,-0.20562175,1.8405902,1.8811506,3.7960007,126036,0,0,17528
-1.6716951,-1.7232066,-0.0002788074,1.7267658,1.6752542,4.312808,126040,0,0,17922
-2.349504,-2.2980733,-0.57591206,2.308535,2.3599658,4.627584,126041,0,0,17921
-3.3506818,-7.2163157,-0.2299629,1.1616315,7.167374,6.730695,126042,0,0,17920
-3.3506804,-7.216315,-0.22996172,1.1616316,7.167377,6.730695,126045,0,0,17919
-5.7747817,-6.0193744,-3.0517085,5.8433185,5.598726,11.252962,126052,0,0,17917
-0.44110304,-0.15318903,-0.016193185,0.07676653,0.14562011,0.3703126,126061,0,0,17909
-1.1421691,-1.0049553,-0.0060795234,2.796758,0.87544477,3.3749127,126065,0,0,17908
-0.91328716,-0.6503961,-0.2132568,0.5114757,0.77436674,1.211506,126069,0,0,17907
-1.8518288,-3.0919724,-0.011854053,1.7327133,2.6506991,7.4071655,126072,0,0,17906
-1.1992825,-2.075375,0.7646087,1.6452813,2.24942,6.2282844,126075,0,0,17905
-1.638376,-0.5205973,-0.0046903044,0.25953084,1.2342598,2.0544057,126081,0,0,17902
-1.6716181,-0.77614355,-0.03166232,1.2216091,0.88570905,3.322788,126117,0,0,17899
-2.2628891,-3.051108,-0.024284363,2.9279084,3.043403,2.577806,126124,0,0,17898
-0.5029544,-0.56628484,-0.00030554918,0.2983003,0.35983124,1.8583295,126131,0,0,17896
-0.55829376,-0.43508232,-0.004823924,0.4296583,0.5529058,2.1574495,126133,0,0,17895
-0.2900517,-0.45257205,-0.003471886,0.4025033,0.45544854,1.9951642,126136,0,0,17894
-0.4763205,-0.56628495,-0.0003059201,0.28596547,0.32634392,1.8015072,126137,0,0,17893
-2.2247698,-2.0288134,-0.0037858863,1.1658608,1.9960737,4.358971,126150,0,0,17890
-4.715756,-1.8400248,-0.70638937,3.3611488,1.7630088,4.616413,126153,0,0,17808
-17.724155,-27.10338,-2.301688,40.68151,22.382824,55.233616,126158,0,0,17807
-8.755356,-3.728621,-0.020838771,3.6683037,3.231867,6.0640373,126169,0,0,17806
-2.4326646,-0.65658677,-0.008419725,1.0287797,0.5351167,1.2681018,126171,0,0,17805
-2.0610797,-0.6602409,-0.0089701135,1.323217,0.5354078,1.2681015,126172,0,0,17804
-1.2560048,-0.27982524,-8.9646346E-05,0.49619392,0.27076626,0.7016299,126173,0,0,17803
-1.4732658,-2.9355028,-0.23217596,1.7122483,2.071268,4.740191,126194,0,0,17776
-1.4295762,-0.9222169,-0.016732315,0.9598422,0.86504906,2.2733374,126195,0,0,17775
-1.1529773,-1.8537762,-0.019996688,1.2144699,1.1445314,7.3366,126199,0,0,17773
-1.8163376,-3.1483896,-0.0037328987,1.7481549,2.622032,7.393731,126214,0,0,17772
-1.8131737,-3.1260006,-0.00728088,1.7355216,2.6601574,7.3962574,126215,0,0,17771
-35.98141,-49.97462,-29.6412,36.24332,75.111305,116.88235,126223,0,0,17770
-9.465555,-2.3914137,-0.08424615,4.2094884,2.298322,6.9044433,126225,0,0,17769
-0.2536397,-0.83232665,-0.0004039146,1.0344962,0.85648644,1.8828626,126239,0,0,17767
-1.1034399,-0.7045113,0.0007516758,0.47442037,0.7615785,2.2670593,126244,0,0,17766
-1.1233737,-1.1414367,-0.048108786,0.75684804,0.7707869,2.557313,126245,0,0,17765
-1.1233737,-1.1414367,-0.048108786,0.5174332,0.7707869,2.2824485,126246,0,0,17764
-1.1233737,-1.1414367,-0.048108786,0.75684804,0.7707869,2.557313,126247,0,0,17763
-1.1233742,-1.141437,-0.04810947,0.4775303,0.77078676,2.2824488,126248,0,0,17762
-1.123951,-1.1414132,-0.04810463,0.4775301,0.77078074,2.281977,126249,0,0,17761
-1.1104643,-0.70775515,-1.3276326E-05,0.47753036,0.75864875,2.262716,126267,0,0,17760
-0.72241694,-2.350807,-0.012191179,1.929023,2.0353267,2.6956348,126277,0,0,17717
-0.6094423,-0.4982547,0.006015495,0.43347645,0.5430518,1.3246,126278,0,0,17716
-2.982562,-1.3023,0.000549712,1.4297532,1.3084974,2.1099954,126281,0,0,17715
-1.1363304,-1.4602731,-0.009415178,0.8826686,1.4957099,6.659571,126289,0,0,17668
-3.4127035,-2.1158628,-0.023411894,2.8608313,2.2041135,4.3928294,126302,0,0,17666
-1.6475079,-0.46337312,-0.022027023,1.8568983,0.4617652,2.5795574,126304,0,0,17665
-1.6475079,-0.45201665,-0.09425712,1.9396129,0.41607952,2.6831493,126306,0,0,17664
-1.3544676,-0.46876395,-0.0013433562,2.4476871,0.4181303,2.7078593,126320,0,0,17662
-4.7009926,-2.3444438,-0.024380263,2.7643852,2.3294222,4.868564,126363,0,0,17655
-1.5278854,-1.9569254,-0.12340456,1.3322047,1.9556675,3.68225,126369,0,0,17654
-2.92234,-2.9949088,-2.2657282,3.0321188,2.9711392,3.9688334,126403,0,0,17524
-1.9623611,-0.44066948,-0.015463273,2.0403614,0.4232359,2.5398588,126407,0,0,17523
-2.5442452,-5.333192,-2.118221,1.5266471,5.3210773,8.53605,126418,0,0,17521
-1.0335808,-1.6705694,0.36629495,1.042479,1.6848382,3.0410552,126426,0,0,17516
-1.2421727,-1.6969912,-0.036850154,1.313718,1.6953689,3.551651,126444,0,0,17511
-0.72586584,-2.5001588,0.0007912137,1.8272705,2.0591593,2.8301427,126449,0,0,17510
-5.3641567,-2.9527695,0.04020202,2.5016966,2.5948715,5.198347,126452,0,0,17509
-1.6170332,-1.7578641,-1.8396753,2.0388262,1.8979954,2.9031856,126483,0,0,17507
-2.2561507,-0.6360576,-7.645265E-05,1.5847752,0.66656494,1.7027814,126487,0,0,17867
-2.2566617,-0.63488644,-0.002106773,1.5870949,0.6673671,1.7027814,126488,0,0,17866
-0.66260016,-1.1691649,-0.0018604782,0.6967915,1.0738716,2.291904,126511,0,0,17863
-2.7949035,-0.64994013,-0.029338613,1.3872855,0.72983265,3.2876487,126512,0,0,17862
-3.2015307,-5.221857,0.42398602,3.1366315,5.2343454,6.7415686,126530,0,0,17860
-2.0946445,-1.0256801,-0.0201802,2.075116,1.023137,2.7078671,126561,0,0,17855
-28.631418,-28.284111,-46.53968,29.902767,29.3796,43.843594,126565,0,0,17854
-0.7930075,-0.5422206,0.70684034,0.49094343,0.5487547,2.105674,126568,0,0,17853
-0.4449889,-0.47070482,-0.0030682425,0.43528843,0.42514753,1.9720972,126570,0,0,17852
-0.4449889,-0.47070482,-0.0030682425,0.43528843,0.37666523,1.7337211,126571,0,0,17851
-0.52238953,-0.47070482,-0.0030682425,0.43528843,0.42363703,1.8710406,126575,0,0,17850
-93.93237,-93.93236,-93.93235,93.9323,93.93229,93.93229,130482,0,0,17627
-13.888889,-13.888889,-13.888889,13.888889,13.888889,13.888889,130493,0,0,17625
-25.000608,-24.967024,-24.845194,24.932001,24.965668,24.845194,130495,0,0,17614
-1.0312383,-1.0312383,-1.0312383,1.0312383,1.0312383,1.0312383,130497,0,0,17613
-85.65221,-90.72772,-49.154705,85.831696,118.56117,78.23584,130502,0,0,17612
-24.8794,-23.6298,-0.0057775,24.811,23.6285,24.8394,130629,0,0,17720
-26.43402,-26.434017,-14.671058,26.434017,26.434021,38.196964,130636,0,0,17719
-0.079318166,-0.10976074,0.07556041,0.080690354,0.10655042,0.7709263,130731,0,0,17932
-0.06345454,-0.087504774,0.07368245,0.064552285,0.085544154,0.6464173,130732,0,0,17931
-0.06345454,-0.087504774,0.07368245,0.064552285,0.085544154,0.6464173,130733,0,0,17930
-0.06345454,-0.087504774,0.07368245,0.064552285,0.085544154,0.6464173,130734,0,0,17929
-0.5696524,-0.5681333,-0.5034818,0.5696524,0.57117146,0.7180335,130735,0,0,17928
-0.5696524,-0.5681333,-0.5034818,0.5696524,0.57117146,0.7180335,130736,0,0,17927
-0.5696524,-0.5681333,-0.5034818,0.5696524,0.57117146,0.7180335,130737,0,0,17926
-0.56965244,-0.56813335,-0.50348186,0.56965244,0.5711715,0.71803355,130738,0,0,17925
1,1,1,-1,-1,-1,130745,0,0,17924
-0.01368512,-0.013903468,-0.04360837,0.053121828,0.05290347,0.091842175,130746,0,0,17923
-3.4564448E-05,1.2324249E-06,0,0.03807843,0.037778314,0,131012,0,0,17485
-24.94723,-309.54633,-204.83458,359.95645,68.99525,125.0874,131921,0,0,17410
-26.912256,-13.514866,-1.8162634,4.3969626,13.888667,12.436076,131934,0,0,17409
-505.9368,-272.4985,-8.3555975,11.350348,286.3445,279.0247,131940,0,0,17408
-526.9856,-171.39876,-14.094232,-210.8156,174.11755,147.1611,131948,0,0,17407
-1137.7515,-1174.066,-27.911585,4.954089,670.00006,1057.0662,131970,0,0,17475
-72.0136,-52.345306,-71.663734,69.79009,77.01432,75.15057,131982,0,0,17474
-334.23843,-144.95958,-17.727638,16.180338,148.25533,183.40312,131993,0,0,17473
-13.451562,-10.985452,-9.032658,2.461029,14.540833,13.420351,132003,0,0,17472
-0.42410216,-0.8036655,-0.0068556163,0.80126673,0.57293296,1.501926,132005,0,0,17471
-0.31464952,-0.4762694,-0.0030874508,1.3027997,0.48167044,1.9937766,132007,0,0,17470
-0.92100817,-1.3648144,-0.07871617,0.67032444,0.7255723,2.2187035,132010,0,0,17469
-0.7264409,-0.7971435,0.0013684458,1.149166,0.78779685,2.407629,132016,0,0,17468
-0.41560844,-0.49297357,-0.11277147,0.9593255,0.6510987,1.0171455,132020,0,0,17467
-1.569999,-1.6490986,-0.013203788,1.1451378,1.030161,2.2125793,132025,0,0,17466
-30.631771,-20.224525,-8.299888,7.5504966,22.953526,22.969688,132035,0,0,17465
-74.78177,-43.04989,-1.7546864,4.4693017,44.0315,42.76397,132046,0,0,17464
1,1,1,-1,-1,-1,136255,0,0,17423
-0.012744025,-0.011755954,0,0.013475883,0.014463951,0,136432,0,0,17414
0,0,0,0,0,0,136433,0,0,17478
0.03269467,0.033537015,0.0066798376,0.0950688,0.095911145,0.019544238,136436,0,0,17484
-0.032923963,-0.036771692,0,0.037786715,0.03393899,0.029105183,136444,0,0,17483
1,1,1,-1,-1,-1,136447,0,0,17479
-0.14009658,-0.38890874,-0.38733673,1.6048454,0.38890874,0.39048076,137238,0,0,17416
-0.14009658,-0.38890874,-0.38733673,1.6061796,0.38890874,0.39048076,137239,0,0,17481
-0.032194763,-0.06918924,-0.075813204,1.4877719,0.06679449,0.05040458,137240,0,0,17490
-0.14009658,-0.5386546,-0.5386546,1.7804639,0.5386546,0.5386546,137241,0,0,17489
-0.14009658,-0.38890874,-0.38733673,1.6097168,0.38890874,0.39048076,137242,0,0,17488
0,-0.055555552,-0.05555555,0,0.055555552,0.05555555,137245,0,0,17487
-1.5415031,-1.5343518,-0.94883084,1.5288454,1.5359964,1.9099958,137247,0,0,17486
-1.5069827,-1.4998318,-0.94884646,1.4943252,1.5014765,2.1690729,137253,0,0,17482
-0.11744421,-0.09175057,-0.16664171,0.16704509,0.09213108,-0.07877593,137447,0,0,17480
-0.15157016,-0.092783906,-0.15620378,0.14358324,0.09109772,-0.080595285,137448,0,0,17480
-0.11247824,-0.11592911,-0.19727463,0.16214487,0.11460596,-0.10490493,137449,0,0,17480
-0.12123279,-0.10719778,-0.14653845,0.18026885,0.10729377,-0.06409461,137450,0,0,17480
-0.16290934,-0.07499108,-0.13066188,0.05400858,0.074274026,-0.060029652,137453,0,0,17480
-0.12257976,-0.08333499,-0.16297908,0.12595409,0.082618,-0.08423159,137454,0,0,17480
-0.16974595,-0.085080415,-0.14665522,0.09434668,0.08547426,-0.029379653,137455,0,0,17480
-0.19135842,-0.0922292,-0.16119555,0.08865686,0.09212455,-0.057205193,137456,0,0,17480
-0.17354722,-0.0749507,-0.14081104,0.05737326,0.07533071,-0.024211766,137457,0,0,17480
-0.2145596,-0.11490741,-0.1858049,0.1282586,0.11481134,-0.028469231,137458,0,0,17480
-0.09329439,-0.072240055,-0.13723752,0.11893356,0.07587189,-0.050314486,137459,0,0,17480
-0.17671287,-0.07723594,-0.1679613,0.06886361,0.07651923,0.0031480268,137460,0,0,17480
-0.16841628,-0.16781524,-0.15222712,0.09095962,0.16780333,0.05315162,137461,0,0,17480
-0.19513112,-0.16781591,-0.1644302,0.0787091,0.1678027,0.09769576,137462,0,0,17480
-0.2043619,-0.08550741,-0.011681368,0.0747162,0.08805878,0.07695613,137463,0,0,17480
-0.1820304,-0.10282955,-0.15155895,0.14945075,0.10180116,-0.072291575,137464,0,0,17480
-0.11744421,-0.09184924,-0.10821976,0.14969085,0.09189513,-0.05904607,137471,0,0,17477
-0.15125301,-0.09267322,-0.11067078,0.10973954,0.08987511,-0.056987066,137472,0,0,17477
-0.11330403,-0.11263578,-0.16417575,0.15411875,0.11131259,-0.063485146,137473,0,0,17477
-0.12233218,-0.10910671,-0.11193856,0.15771784,0.10953718,-0.028416604,137474,0,0,17477
-0.16342406,-0.075107954,-0.087806605,0.042066075,0.07415721,-0.03416327,137477,0,0,17477
-0.12209129,-0.08500655,-0.11143152,0.11067326,0.08428208,-0.053477693,137478,0,0,17477
-0.17615974,-0.08508041,-0.08261508,0.07046703,0.08547423,-0.034196723,137479,0,0,17477
-0.1913584,-0.09110265,-0.09909865,0.061364923,0.091390766,-0.048116468,137480,0,0,17477
-0.18123218,-0.07276213,-0.07233225,0.03071126,0.07314215,-0.028874265,137481,0,0,17477
-0.21455963,-0.104257,-0.09836735,0.08939904,0.10404188,-0.023787268,137482,0,0,17477
-0.09329441,-0.071857244,-0.08432506,0.10659041,0.07580578,-0.043873478,137483,0,0,17477
-0.17939836,-0.076797485,-0.11587868,0.073822565,0.07608055,0.01085924,137484,0,0,17477
-0.15394346,-0.087814815,-0.097402014,0.056120772,0.08817246,-0.023192966,137485,0,0,17477
-0.16572666,-0.10362308,-0.07341946,0.04368327,0.10404185,-0.0030663423,137486,0,0,17477
-0.20406425,-0.08340421,0.03447633,0.045094598,0.083612345,0.0996956,137487,0,0,17477
-0.18020818,-0.08158058,-0.09668407,0.11098471,0.08062834,-0.038074486,137488,0,0,17477
-0.12138351,-0.09184932,-0.11552867,0.15224119,0.09189502,-0.033310562,137495,0,0,17476
-0.15301105,-0.09267322,-0.11558221,0.11460271,0.08987509,-0.043509137,137496,0,0,17476
-0.1117661,-0.11153799,-0.15617451,0.16074184,0.11021478,-0.04106024,137497,0,0,17476
-0.1230753,-0.10863248,-0.11876906,0.16436704,0.11001139,-0.00061298854,137498,0,0,17476
-0.16321714,-0.07510795,-0.08926444,0.04488536,0.07415719,-0.023560623,137501,0,0,17476
-0.12190745,-0.08499453,-0.12042318,0.11242015,0.08427752,-0.049220406,137502,0,0,17476
-0.17724705,-0.08593314,-0.089137465,0.072342515,0.08632701,-0.0060839495,137503,0,0,17476
-0.19202939,-0.09110832,-0.10662931,0.06436901,0.09138513,-0.03452267,137504,0,0,17476
-0.18123217,-0.072762124,-0.08220567,0.04094371,0.07314215,-0.010661254,137505,0,0,17476
-0.2139393,-0.10362311,-0.12164205,0.09349686,0.10404192,-0.018693442,137506,0,0,17476
-0.09453222,-0.07194964,-0.09612714,0.11026513,0.07444504,-0.024155336,137507,0,0,17476
-0.17939833,-0.07679749,-0.1232734,0.07937507,0.07608055,0.010859394,137508,0,0,17476
-0.15384468,-0.08734611,-0.09818925,0.07038849,0.08661894,-0.011694647,137509,0,0,17476
-0.14823528,-0.10362308,-0.11069026,0.079459876,0.10404186,-0.009812386,137510,0,0,17476
-0.20406431,-0.0834042,0.034476604,0.056450587,0.08361234,0.12257082,137511,0,0,17476
-0.18253034,-0.077963285,-0.11194212,0.12040819,0.07850722,-0.0066486546,137512,0,0,17476
-0.1213835,-0.09184931,-0.11682696,0.15563005,0.091895014,-0.03842222,137524,0,0,17422
-0.15301107,-0.09267322,-0.12356526,0.11880723,0.089875095,-0.043546665,137525,0,0,17422
-0.11258981,-0.11285203,-0.15809627,0.16356094,0.11109631,-0.039381005,137526,0,0,17422
-0.12198603,-0.10912208,-0.11740483,0.16035037,0.1095218,0.0042645303,137527,0,0,17422
-0.16377582,-0.075107954,-0.09227232,0.04824211,0.07415719,-0.026231632,137530,0,0,17422
-0.12190745,-0.08499453,-0.12497401,0.11756064,0.08427752,-0.05263095,137531,0,0,17422
-0.1763843,-0.08508036,-0.0940041,0.079768926,0.08547429,-0.005184701,137532,0,0,17422
-0.1909151,-0.09110832,-0.10803638,0.072726406,0.091385126,-0.028733334,137533,0,0,17422
-0.18123217,-0.072762124,-0.0854726,0.041826483,0.07314214,-0.006169545,137534,0,0,17422
-0.21393931,-0.10362311,-0.1305628,0.10968685,0.10404193,-0.010620147,137535,0,0,17422
-0.0931001,-0.07338487,-0.0977764,0.11650989,0.07588029,-0.021972159,137536,0,0,17422
-0.17939831,-0.07679749,-0.12716118,0.08354434,0.07651921,0.010859387,137537,0,0,17422
-0.1538447,-0.08734611,-0.09687052,0.06248539,0.08661894,-0.009026325,137538,0,0,17422
-0.14823528,-0.1036231,-0.11657479,0.08699654,0.10404185,0.0015212868,137539,0,0,17422
-0.20406426,-0.083404206,0.030912038,0.04980866,0.08361233,0.12220334,137540,0,0,17422
-0.1802081,-0.08158058,-0.11159933,0.11549702,0.08062834,-0.0014339219,137541,0,0,17422
-0.12138351,-0.09184924,-0.11552856,0.14986874,0.09189509,-0.033310566,137552,0,0,17421
-0.15301105,-0.09267321,-0.10812996,0.11093087,0.08987508,-0.043509137,137553,0,0,17421
-0.11275533,-0.11153802,-0.14642917,0.15411875,0.11021481,-0.036631573,137554,0,0,17421
-0.12167234,-0.10968629,-0.1275151,0.15619342,0.11173418,-0.010685333,137555,0,0,17421
-0.16301644,-0.07510796,-0.085523196,0.042493165,0.07415721,-0.022661587,137558,0,0,17421
-0.12190744,-0.08499453,-0.11081131,0.11150382,0.08427751,-0.049220406,137559,0,0,17421
-0.17582291,-0.08488399,-0.07838803,0.06784749,0.08567068,-0.014423662,137560,0,0,17421
-0.19113632,-0.09110836,-0.097807914,0.061584916,0.09138514,-0.033843543,137561,0,0,17421
-0.18123217,-0.07276211,-0.07515758,0.034120634,0.07314215,-0.014127382,137562,0,0,17421
-0.2139394,-0.10362304,-0.10333451,0.089906506,0.10404197,-0.018693512,137563,0,0,17421
-0.093324594,-0.072379164,-0.076001905,0.10584157,0.0758803,-0.024354337,137564,0,0,17421
-0.17859516,-0.076797485,-0.11088828,0.076721884,0.07608055,0.010859394,137565,0,0,17421
-0.15384467,-0.087346084,-0.096870564,0.056881897,0.08661894,-0.017198512,137566,0,0,17421
-0.14823528,-0.10362313,-0.09445349,0.0794599,0.10404184,-0.009812395,137567,0,0,17421
-0.20710894,-0.08190995,0.032093707,0.047216456,0.08200998,0.13247769,137568,0,0,17421
-0.18253033,-0.077963285,-0.09469536,0.11682187,0.07850723,-0.006648746,137569,0,0,17421
-0.14354455,-0.13689773,-0.34033272,0.18181391,0.13689762,0.038865842,137577,0,0,17420
-0.20879526,-0.1655841,-0.33573514,0.13295265,0.16618426,0.030906685,137578,0,0,17420
-0.17069718,-0.14382827,-0.37938422,0.1876699,0.14169888,0.04273875,137579,0,0,17420
-0.17735246,-0.16230893,-0.3916064,0.19814439,0.15983865,0.026538212,137580,0,0,17420
-0.21716876,-0.11206485,-0.3363664,0.0678083,0.11206489,0.023460923,137583,0,0,17420
-0.19939744,-0.13689764,-0.36882982,0.12508665,0.13689764,0.022766301,137584,0,0,17420
-0.24232632,-0.11160003,-0.35624743,0.067358844,0.11160006,0.04361498,137585,0,0,17420
-0.26323292,-0.1368975,-0.36323276,0.078161605,0.13689773,0.030870233,137586,0,0,17420
-0.25757876,-0.13037866,-0.35493514,0.051249336,0.1303787,0.048162512,137587,0,0,17420
-0.29047167,-0.1889598,-0.44283888,0.13023415,0.18895979,0.06655999,137588,0,0,17420
-0.13734822,-0.10247122,-0.34278312,0.12597413,0.10669242,0.029050853,137589,0,0,17420
-0.29845816,-0.13689794,-0.37637004,0.11037724,0.1368973,0.08017974,137590,0,0,17420
-0.27669346,-0.16871971,-0.35884148,0.05815467,0.16871999,0.13154761,137591,0,0,17420
-0.3090615,-0.20077643,-0.42212883,0.08940775,0.20077676,0.16143414,137592,0,0,17420
-0.2360018,-0.11956652,-0.238848,0.05269595,0.11943322,0.16229162,137593,0,0,17420
-0.23597744,-0.16577512,-0.38444462,0.15429361,0.15637235,0.058830254,137594,0,0,17420
-0.18768369,-0.25233334,-0.17341387,0.17651916,0.25236008,0.09502571,137651,0,0,625
-0.22770697,-0.25233236,-0.16448481,0.1482576,0.2523611,0.08612102,137652,0,0,625
-0.24616666,-0.29433373,-0.18865496,0.19100492,0.29252365,0.10274939,137653,0,0,625
-0.23521137,-0.28766182,-0.15595356,0.19338822,0.28768873,0.12973715,137654,0,0,625
-0.23169518,-0.20682803,-0.13028796,0.080956206,0.20685507,0.08974443,137657,0,0,625
-0.17752862,-0.22521244,-0.15362106,0.13390803,0.22570215,0.07371149,137658,0,0,625
-0.26146388,-0.2295806,-0.12728246,0.09662304,0.22960769,0.11695344,137659,0,0,625
-0.266547,-0.26401964,-0.15892152,0.07930825,0.26404688,0.093031615,137660,0,0,625
-0.25241104,-0.21152897,-0.1291153,0.080928445,0.211556,0.09591794,137661,0,0,625
-0.29220298,-0.2792226,-0.14964397,0.15626152,0.27924958,0.10033614,137662,0,0,625
-0.18166585,-0.206828,-0.13451469,0.14673758,0.20685504,0.093710974,137663,0,0,625
-0.21902035,-0.20682785,-0.10972205,0.1131755,0.20685531,0.057316117,137664,0,0,625
-0.20484489,-0.27318263,-0.10790763,0.15828189,0.27321,0.11002767,137665,0,0,625
-0.1861836,-0.2731827,-0.10275435,0.17694299,0.27320987,0.11518085,137666,0,0,625
-0.31124377,-0.28644916,-0.028877666,0.069426514,0.2889013,0.25681296,137667,0,0,625
-0.2787422,-0.2876617,-0.17519537,0.14985748,0.2876888,0.1104953,137668,0,0,625
-0.290221,-0.11577593,-0.1746388,0.3368291,0.115297,0.12873195,137676,0,0,624
-0.3577996,-0.12270816,-0.15546854,0.30766562,0.1222291,0.15024012,137677,0,0,624
-0.29261532,-0.12800926,-0.15661733,0.3512085,0.12578754,0.13914955,137678,0,0,624
-0.31001547,-0.12270824,-0.12562986,0.35544983,0.12222902,0.18007886,137679,0,0,624
-0.3148624,-0.09584313,-0.13969155,0.2026495,0.09536473,0.12068704,137682,0,0,624
-0.28366342,-0.10039225,-0.13766956,0.26179972,0.10037602,0.11291136,137683,0,0,624
-0.37717214,-0.12129094,-0.14158261,0.27808917,0.12081199,0.18810247,137684,0,0,624
-0.4201506,-0.12133939,-0.16346718,0.2885799,0.12076354,0.16621786,137685,0,0,624
-0.36219794,-0.09603842,-0.10700919,0.19999403,0.09555931,0.15125674,137686,0,0,624
-0.43781582,-0.13676204,-0.16007419,0.301191,0.13628282,0.21174629,137687,0,0,624
-0.23086742,-0.09149786,-0.13844027,0.26312143,0.09101877,0.11010289,137688,0,0,624
-0.36025128,-0.10062371,-0.19819981,0.23310235,0.10014458,0.1358716,137689,0,0,624
-0.38922134,-0.12371264,-0.13616271,0.2805938,0.12323233,0.18956232,137690,0,0,624
-0.39185035,-0.12371196,-0.09950852,0.27977157,0.12323299,0.19993909,137691,0,0,624
-0.43279377,-0.11350158,-0.015073757,0.27180746,0.11329217,0.3103775,137692,0,0,624
-0.3529643,-0.11217783,-0.1274493,0.3125005,0.1146159,0.17872863,137693,0,0,624
-0.25457636,-0.27447385,-0.23575184,0.30762807,0.2731339,0.049110487,137700,0,0,17412
-0.28566164,-0.26157895,-0.22358932,0.25192922,0.26023895,0.039721277,137701,0,0,17412
-0.23200324,-0.26936182,-0.2443418,0.30570543,0.2664403,0.02602531,137702,0,0,17412
-0.24793969,-0.28766993,-0.25982925,0.33139268,0.2863298,0.06994341,137703,0,0,17412
-0.27396917,-0.2194969,-0.17761576,0.17691347,0.21815687,0.04322514,137706,0,0,17412
-0.25690132,-0.2449039,-0.1952946,0.2522212,0.24508092,0.021319117,137707,0,0,17412
-0.3121024,-0.24106939,-0.13270085,0.20889564,0.24105947,0.0516979,137708,0,0,17412
-0.32464826,-0.237857,-0.14588866,0.19134015,0.23963597,0.036737096,137709,0,0,17412
-0.30018404,-0.22467871,-0.18511985,0.16246769,0.22439885,0.041485872,137710,0,0,17412
-0.405182,-0.31382802,-0.15258749,0.2515284,0.31349277,0.06011318,137711,0,0,17412
-0.20459606,-0.21082608,-0.1823402,0.2336108,0.214524,0.032292444,137712,0,0,17412
-0.2821526,-0.2291225,-0.17451318,0.18351053,0.22166963,0.04423401,137713,0,0,17412
-0.22962628,-0.2308769,-0.1345741,0.18558986,0.231721,0.12208579,137714,0,0,17412
-0.22796899,-0.21469542,-0.13821621,0.19485545,0.21455042,0.12958117,137715,0,0,17412
-0.33774826,-0.27194193,-0.008552543,0.20559423,0.27092704,0.20081212,137716,0,0,17412
-0.3145727,-0.28765407,-0.12575352,0.2529988,0.28634557,0.05866273,137717,0,0,17412
-0.1205154,-0.11249077,-0.11461896,0.1569651,0.11254949,0.02768224,137730,0,0,17415
-0.15694517,-0.110287,-0.11503594,0.10737861,0.10832357,0.031314954,137731,0,0,17415
-0.11470752,-0.12132782,-0.12092886,0.15595795,0.11781078,0.02004786,137732,0,0,17415
-0.12576081,-0.11028706,-0.09185049,0.15932758,0.10845952,0.057232924,137733,0,0,17415
-0.16337113,-0.08208517,-0.089620955,0.042856712,0.08213553,0.020317975,137736,0,0,17415
-0.12445585,-0.09051828,-0.11415945,0.11185838,0.090518616,0.003150251,137737,0,0,17415
-0.17626391,-0.094830595,-0.0813332,0.066235736,0.0948335,0.05244354,137738,0,0,17415
-0.19906884,-0.10227714,-0.10730197,0.062693864,0.10066342,0.023748953,137739,0,0,17415
-0.17844614,-0.08286518,-0.074400775,0.038408358,0.082808785,0.02726383,137740,0,0,17415
-0.2147389,-0.12516302,-0.12248518,0.12041456,0.12466795,0.06644502,137741,0,0,17415
-0.09431818,-0.0778868,-0.08228672,0.11437339,0.081550814,0.015853079,137742,0,0,17415
-0.17208341,-0.08789528,-0.10543286,0.10635616,0.08786875,0.07979412,137743,0,0,17415
-0.1940728,-0.11455785,-0.0758597,0.095043756,0.11485285,0.09614943,137744,0,0,17415
-0.21524496,-0.12717617,-0.0918834,0.109987,0.1274697,0.12989865,137745,0,0,17415
-0.21232995,-0.08873472,0.0372884,0.04501067,0.086927705,0.1906474,137746,0,0,17415
-0.18799917,-0.09485848,-0.095332436,0.129173,0.09310034,0.049821757,137747,0,0,17415
-0.12930872,-0.12980983,-0.20542637,0.14922638,0.12986849,0.16721044,137755,0,0,17413
-0.1660951,-0.12980986,-0.20660715,0.11530621,0.1298685,0.16742018,137756,0,0,17413
-0.13097285,-0.14409214,-0.2405355,0.15508695,0.14415082,0.16742012,137757,0,0,17413
-0.148488,-0.15274614,-0.221186,0.15473534,0.15279138,0.21124695,137758,0,0,17413
-0.17988999,-0.09991367,-0.16120687,0.04865507,0.099436216,0.14854273,137761,0,0,17413
-0.13676688,-0.11497263,-0.19357812,0.11401554,0.11446784,0.15709093,137762,0,0,17413
-0.19280325,-0.11043107,-0.15739074,0.06789524,0.10992469,0.18444584,137763,0,0,17413
-0.20081401,-0.11043113,-0.16492945,0.065881535,0.10992463,0.16153517,137764,0,0,17413
-0.20590241,-0.1074558,-0.13362582,0.03507989,0.10858957,0.17456962,137765,0,0,17413
-0.23098905,-0.13504262,-0.10953409,0.12558445,0.13449426,0.22898309,137766,0,0,17413
-0.10624724,-0.09320646,-0.16245073,0.10988457,0.096650586,0.12756616,137767,0,0,17413
-0.1998112,-0.11852666,-0.15019439,0.10644224,0.11712391,0.17950906,137768,0,0,17413
-0.16308263,-0.12866719,-0.073727205,0.04904704,0.12866817,0.22546646,137769,0,0,17413
-0.13421611,-0.13252725,-0.08762145,0.07730528,0.13252814,0.23247248,137770,0,0,17413
-0.210267,-0.10818508,-0.006741779,0.051070135,0.10771779,0.3130191,137771,0,0,17413
-0.20286532,-0.13248709,-0.14605628,0.11988195,0.13193981,0.23792097,137772,0,0,17413
-0.12200595,-0.13045716,-0.1140961,0.21280557,0.13443859,0.2740281,137786,0,0,17411
-0.16296236,-0.12786986,-0.12435269,0.15551063,0.131832,0.2719349,137787,0,0,17411
-0.11799315,-0.1559688,-0.12659769,0.19024621,0.15822728,0.25509682,137788,0,0,17411
-0.1221149,-0.12753174,-0.08780378,0.20062318,0.13217011,0.30404535,137789,0,0,17411
-0.17860235,-0.10395915,-0.087605864,0.08122709,0.10792128,0.23570946,137792,0,0,17411
-0.12987685,-0.10923443,-0.11492721,0.14302129,0.11330298,0.22223671,137793,0,0,17411
-0.18672061,-0.11327004,-0.07043729,0.10161418,0.11811612,0.27856854,137794,0,0,17411
-0.20819645,-0.12133861,-0.10474774,0.09973391,0.12577291,0.26797688,137795,0,0,17411
-0.19250436,-0.10845616,-0.07586632,0.09718967,0.1128592,0.24925804,137796,0,0,17411
-0.21803916,-0.15073378,-0.12698296,0.21451314,0.15636778,0.3162246,137797,0,0,17411
-0.0950288,-0.09704008,-0.08362154,0.1689316,0.10461584,0.21114072,137798,0,0,17411
-0.1791988,-0.10310378,-0.11359494,0.19929245,0.10697504,0.16884983,137799,0,0,17411
-0.21060322,-0.13622823,-0.08761146,0.19762912,0.14218867,0.23650652,137800,0,0,17411
-0.20977497,-0.1519459,-0.10330213,0.268118,0.15793194,0.21908621,137801,0,0,17411
-0.21298435,-0.14061616,0.050336994,0.10594917,0.14505592,0.43781796,137802,0,0,17411
-0.18042131,-0.1400624,-0.10087114,0.18211082,0.14560969,0.2813992,137803,0,0,17411
-0.22899313,-0.10021335,-0.20076852,0.08818334,0.11231228,0.10390443,137809,0,0,17419
-0.2841539,-0.1264837,-0.22652766,0.12585087,0.12405952,0.10656451,137810,0,0,17419
-0.27707928,-0.15734537,-0.31518927,0.18658616,0.1533359,0.13019802,137811,0,0,17419
-0.39384592,-0.17804177,-0.28081837,0.17928013,0.17915767,0.19293913,137812,0,0,17419
-0.26246175,-0.088723205,-0.15386614,-0.002184409,0.085676886,0.096150674,137815,0,0,17419
-0.27877346,-0.12511772,-0.23992483,0.13123131,0.1254255,0.09316735,137816,0,0,17419
-0.28728208,-0.10077884,-0.16561575,0.013286199,0.10061841,0.12310369,137817,0,0,17419
-0.3334625,-0.124354,-0.23697577,0.052969832,0.12306748,0.11074149,137818,0,0,17419
-0.29006496,-0.10240058,-0.20383683,0.01494923,0.10197571,0.08915335,137819,0,0,17419
-0.35776442,-0.13824186,-0.12729067,0.069693364,0.13896541,0.15447326,137820,0,0,17419
-0.19718964,-0.08588034,-0.15014406,0.06308771,0.08851977,0.09987285,137821,0,0,17419
-0.30607423,-0.11226515,-0.15542044,0.060205273,0.11106727,0.13054542,137822,0,0,17419
-0.2762669,-0.09891456,-0.0874512,0.03982207,0.0974207,0.16198245,137823,0,0,17419
-0.25362504,-0.11403838,-0.11154748,0.11648332,0.11773063,0.19282575,137824,0,0,17419
-0.31770578,-0.09787593,-0.025930446,-0.029728437,0.095084704,0.2506945,137825,0,0,17419
-0.2579809,-0.10657004,-0.19418827,0.09706304,0.11038803,0.09425316,137826,0,0,17419
-0.13846496,-0.11331216,-0.1738658,0.16132975,0.14927205,0.15287155,137878,0,0,17391
-0.16429622,-0.126458,-0.1477007,0.13323398,0.14210196,0.13400891,137879,0,0,17391
-0.12883526,-0.1295922,-0.12801889,0.16276486,0.13896777,0.15369074,137880,0,0,17391
-0.12962025,-0.12645811,-0.11402328,0.16548271,0.14210191,0.16768631,137881,0,0,17391
-0.16743559,-0.10734496,-0.0910363,0.05355308,0.11420524,0.15656842,137884,0,0,17391
-0.1413192,-0.1300754,-0.14254978,0.13214847,0.1384846,0.143603,137885,0,0,17391
-0.18400165,-0.117851,-0.1016748,0.071377225,0.12650281,0.1799259,137886,0,0,17391
-0.21217312,-0.13007541,-0.13842076,0.07768252,0.13848454,0.1612129,137887,0,0,17391
-0.2025662,-0.121028,-0.13164742,0.066164345,0.13065639,0.16286391,137888,0,0,17391
-0.23548214,-0.13007541,-0.11202382,0.12832001,0.13848455,0.1778884,137889,0,0,17391
-0.11113963,-0.10664057,-0.11198507,0.11739855,0.116988,0.14424428,137890,0,0,17391
-0.1910442,-0.13007532,-0.09870774,0.0770784,0.13848461,0.17862676,137891,0,0,17391
-0.10390341,-0.10847659,-0.073416695,0.06920052,0.10256284,0.14199111,137892,0,0,17391
-0.1223911,-0.10847721,-0.08111986,0.069325946,0.10256226,0.14264074,137893,0,0,17391
-0.2624082,-0.13007541,0.02447231,0.041032754,0.13848454,0.32148537,137894,0,0,17391
-0.18154907,-0.12151948,-0.0966924,0.12361704,0.12714715,0.17174487,137895,0,0,17391
-0.13631038,-0.13579656,-0.1738658,0.16132975,0.12543327,0.0719255,137901,0,0,17400
-0.18436104,-0.12444788,-0.1477007,0.13323398,0.12122929,0.067800805,137902,0,0,17400
-0.13087744,-0.1366105,-0.13529153,0.15447976,0.1205348,0.06986029,137903,0,0,17400
-0.15198635,-0.14038813,-0.12095765,0.17158508,0.1250758,0.10218129,137904,0,0,17400
-0.17056037,-0.11142612,-0.1017454,0.053434577,0.10683032,0.09671835,137907,0,0,17400
-0.13520372,-0.12444789,-0.1440173,0.13826396,0.12124012,0.06781351,137908,0,0,17400
-0.18549626,-0.1176384,-0.10050378,0.06998724,0.11416047,0.09481684,137909,0,0,17400
-0.21429643,-0.13064061,-0.13151462,0.0755592,0.12641326,0.09238781,137910,0,0,17400
-0.19229183,-0.10434562,-0.09008459,0.03478717,0.097053416,0.078762375,137911,0,0,17400
-0.2698854,-0.14642596,-0.11202385,0.12832004,0.14328405,0.10067676,137912,0,0,17400
-0.10471407,-0.10632136,-0.10912329,0.115087,0.1057386,0.08119038,137913,0,0,17400
-0.19671807,-0.12524615,-0.1075776,0.09667331,0.12448407,0.09146637,137914,0,0,17400
-0.11230255,-0.13808382,-0.07780259,0.093336165,0.11654627,0.091218784,137915,0,0,17400
-0.12239102,-0.1314227,-0.08111968,0.0720033,0.12711033,0.10966731,137916,0,0,17400
-0.21856554,-0.12614848,0.030913442,0.05273436,0.11772172,0.23578618,137917,0,0,17400
-0.18322296,-0.12446577,-0.10205571,0.11610792,0.11515258,0.0941492,137918,0,0,17400
-0.14585924,-0.20324768,-0.37515387,0.2017912,0.20266448,0.047249846,137925,0,0,623
-0.1762012,-0.21552525,-0.38982925,0.20294653,0.21506639,0.08469145,137926,0,0,623
-0.15700205,-0.20304117,-0.39432928,0.19064848,0.202871,0.028074302,137927,0,0,623
-0.16993953,-0.23353773,-0.4091294,0.2298584,0.23326118,0.07663465,137928,0,0,623
-0.2342826,-0.2019734,-0.36403862,0.11336781,0.20393878,0.058364995,137931,0,0,623
-0.18650308,-0.20324768,-0.36628228,0.16114745,0.20266446,0.056121398,137932,0,0,623
-0.22438195,-0.2032477,-0.35267204,0.13874052,0.20266451,0.061349798,137933,0,0,623
-0.3088627,-0.24161506,-0.39434472,0.12325287,0.24142043,0.09834121,137934,0,0,623
-0.27581704,-0.20324764,-0.32073846,0.1192411,0.20266446,0.07031426,137935,0,0,623
-0.28786582,-0.3324853,-0.5725949,0.29816648,0.3332106,0.17776924,137936,0,0,623
-0.17048647,-0.20142321,-0.35024017,0.17716402,0.20448893,0.07216344,137937,0,0,623
-0.22534275,-0.20324768,-0.38189736,0.15318605,0.20266448,0.08680746,137938,0,0,623
-0.23005489,-0.3262849,-0.39847267,0.22835878,0.32566014,0.2005421,137939,0,0,623
-0.293311,-0.32959688,-0.5342787,0.27766323,0.32925513,0.22901995,137940,0,0,623
-0.2793283,-0.23287967,-0.27879107,0.1239513,0.23290613,0.21589792,137941,0,0,623
-0.2997872,-0.33248526,-0.5428058,0.2756012,0.33321053,0.1721123,137942,0,0,623
-0.24348937,-0.25243583,-0.3751539,0.21519999,0.252988,0.15196209,137950,0,0,17399
-0.2728964,-0.26519012,-0.38982925,0.20294653,0.26264992,0.19055757,137951,0,0,17399
-0.24765226,-0.25454065,-0.39432928,0.20565186,0.2535176,0.12736276,137952,0,0,17399
-0.27201757,-0.2717382,-0.40912944,0.23791234,0.2717382,0.16897447,137953,0,0,17399
-0.32948986,-0.25114176,-0.3640387,0.12818341,0.25502005,0.16308273,137956,0,0,17399
-0.28174525,-0.25432953,-0.36628228,0.18087825,0.25490093,0.17745191,137957,0,0,17399
-0.32680064,-0.25570467,-0.35267204,0.17464991,0.25484142,0.14899145,137958,0,0,17399
-0.40493816,-0.29631415,-0.39434472,0.13999666,0.2975479,0.2131895,137959,0,0,17399
-0.38089862,-0.25484607,-0.32073846,0.13250597,0.25531617,0.13317163,137960,0,0,17399
-0.39052144,-0.41200307,-0.5725949,0.2981665,0.414309,0.346219,137961,0,0,17399
-0.2697415,-0.25082463,-0.35024023,0.19422846,0.25501376,0.17688136,137962,0,0,17399
-0.2510631,-0.25590342,-0.38189736,0.15318604,0.25500068,0.20016785,137963,0,0,17399
-0.23005493,-0.29336873,-0.41283098,0.22835872,0.29180267,0.38531184,137964,0,0,17399
-0.29331097,-0.39631093,-0.566466,0.2776632,0.46519163,0.41883522,137965,0,0,17399
-0.37598488,-0.3068529,-0.29533967,0.16638346,0.30604026,0.35041085,137966,0,0,17399
-0.31217748,-0.41413537,-0.5428058,0.2756012,0.41352394,0.35957345,137967,0,0,17399
-0.12230644,-0.09243616,-0.16577794,0.15634987,0.09239853,-0.08889778,137972,0,0,622
-0.1551729,-0.09194345,-0.16878508,0.11895885,0.09197398,-0.10385961,137973,0,0,622
-0.11470754,-0.10919458,-0.19543752,0.15378717,0.11018518,-0.10310572,137974,0,0,622
-0.119584,-0.10558214,-0.15698333,0.15833125,0.1013448,-0.06538062,137975,0,0,622
-0.1649582,-0.075483665,-0.12594154,0.045579243,0.074636124,-0.059797883,137978,0,0,622
-0.12303231,-0.08118749,-0.16655359,0.11494903,0.08160443,-0.09641244,137979,0,0,622
-0.17566788,-0.08389537,-0.13236405,0.073147126,0.08392438,-0.057428684,137980,0,0,622
-0.18651998,-0.08713863,-0.15538834,0.06909577,0.08670311,-0.08634442,137981,0,0,622
-0.19121422,-0.075260915,-0.13229068,0.04147265,0.074454226,-0.06381372,137982,0,0,622
-0.21017961,-0.10570035,-0.18331107,0.10259575,0.10566751,-0.044146266,137983,0,0,622
-0.09051336,-0.07228635,-0.12946366,0.11044318,0.076507874,-0.07123028,137984,0,0,622
-0.17950483,-0.07435107,-0.15764362,0.06807903,0.075003184,-0.019789066,137985,0,0,622
-0.13645983,-0.11711086,-0.13505138,0.05509835,0.07402603,0.049886305,137986,0,0,622
-0.25333515,-0.11711098,-0.16126513,0.05910312,0.1019816,-0.03280512,137987,0,0,622
-0.199667,-0.0819281,-0.02178286,0.05495791,0.08304218,0.06279903,137988,0,0,622
-0.18466459,-0.086434454,-0.15501375,0.11554828,0.08362751,-0.070431806,137989,0,0,622
-0.11978511,-0.09303961,-0.17474322,0.15713,0.09308364,-0.08313117,138002,0,0,17333
-0.15375637,-0.09401764,-0.17977206,0.14010645,0.09208859,-0.08650332,138003,0,0,17333
-0.11193442,-0.12088192,-0.21257935,0.17072877,0.11928776,-0.11790684,138004,0,0,17333
-0.12113547,-0.11991668,-0.16771439,0.16484131,0.12025295,-0.073041886,138005,0,0,17333
-0.16530521,-0.073630705,-0.12975049,0.05233536,0.0739945,-0.07143791,138007,0,0,17333
-0.12184151,-0.084164776,-0.1696098,0.12632288,0.083447784,-0.08694576,138008,0,0,17333
-0.17666991,-0.08440105,-0.13851853,0.0839355,0.0844795,-0.046008695,138009,0,0,17333
-0.1912437,-0.0903962,-0.17040576,0.08239932,0.09047486,-0.06266839,138010,0,0,17333
-0.19027486,-0.08014275,-0.14221285,0.058610693,0.08008264,-0.06343019,138011,0,0,17333
-0.20749012,-0.10891532,-0.19570354,0.11771308,0.10874128,-0.026782164,138012,0,0,17333
-0.09423556,-0.07267615,-0.13637587,0.11480919,0.07619016,-0.06814074,138013,0,0,17333
-0.17845976,-0.078339584,-0.17378753,0.07699471,0.07844249,-0.0032797153,138014,0,0,17333
-0.1630737,-0.12822391,-0.14519076,0.06880228,0.12821199,0.054820973,138015,0,0,17333
-0.19513114,-0.1678159,-0.16443004,0.065879956,0.16780268,0.09494323,138016,0,0,17333
-0.20051289,-0.09386418,-0.024563193,0.06196056,0.09435573,0.073524505,138017,0,0,17333
-0.1829482,-0.10373494,-0.15528062,0.1150127,0.10361807,-0.07686928,138018,0,0,17333
-0.11978523,-0.093039565,-0.17522047,0.19203407,0.09308371,-0.08313121,138032,0,0,17332
-0.15375637,-0.09401765,-0.17985958,0.16189161,0.09208858,-0.08650341,138033,0,0,17332
-0.1141019,-0.12084743,-0.21257086,0.1974686,0.11932218,-0.11789836,138034,0,0,17332
-0.12113547,-0.11991668,-0.16771439,0.19374867,0.12025295,-0.073041886,138035,0,0,17332
-0.16530521,-0.07363071,-0.1296353,0.06998449,0.07399451,-0.07143793,138038,0,0,17332
-0.1218415,-0.084164776,-0.1696473,0.14805003,0.08344779,-0.08694587,138039,0,0,17332
-0.17576616,-0.08440099,-0.13876894,0.10802349,0.08447955,-0.046009135,138040,0,0,17332
-0.1912437,-0.090396196,-0.17040576,0.10687095,0.09047487,-0.062668376,138041,0,0,17332
-0.19027486,-0.08014275,-0.14221267,0.08262657,0.07985907,-0.06343034,138042,0,0,17332
-0.20749013,-0.10891534,-0.19633381,0.15314229,0.10874128,-0.026782095,138043,0,0,17332
-0.09423555,-0.07267615,-0.13637589,0.13674116,0.076190166,-0.068140775,138044,0,0,17332
-0.17845978,-0.078339465,-0.17378755,0.09791237,0.07844249,-0.0032797437,138045,0,0,17332
-0.16307367,-0.12822394,-0.14519083,0.10240574,0.12821199,0.054821033,138046,0,0,17332
-0.19513114,-0.16781598,-0.16443002,0.1108356,0.16780272,0.0949433,138047,0,0,17332
-0.20051289,-0.09386418,-0.024563193,0.08784812,0.09435573,0.073524505,138048,0,0,17332
-0.18294817,-0.10373493,-0.15528062,0.13137123,0.10361807,-0.07686928,138049,0,0,17332
-0.1197851,-0.09303956,-0.17347951,0.15599851,0.09308374,-0.08313123,138055,0,0,17280
-0.15375637,-0.094017625,-0.17712371,0.13680883,0.09208858,-0.08650328,138056,0,0,17280
-0.1141019,-0.11735702,-0.20619617,0.17422947,0.11376846,-0.11789837,138057,0,0,17280
-0.12113547,-0.11645027,-0.16195267,0.1703586,0.11467527,-0.073041886,138058,0,0,17280
-0.16530521,-0.07363071,-0.12911926,0.05408839,0.0739945,-0.07143791,138061,0,0,17280
-0.1218415,-0.08234285,-0.16935202,0.12834778,0.08162588,-0.08694576,138062,0,0,17280
-0.17576614,-0.084401,-0.13851902,0.08483927,0.084479555,-0.04600921,138063,0,0,17280
-0.19857234,-0.089500904,-0.16699456,0.08790972,0.08957938,-0.08390503,138064,0,0,17280
-0.19027486,-0.07961218,-0.14078058,0.06196201,0.08002803,-0.06343021,138065,0,0,17280
-0.20749012,-0.10891532,-0.19323564,0.12579513,0.10874128,-0.026782164,138066,0,0,17280
-0.09423543,-0.07267623,-0.13371237,0.11815148,0.07619009,-0.06814032,138067,0,0,17280
-0.1784598,-0.07833959,-0.17218447,0.08099699,0.0784425,-0.0032796988,138068,0,0,17280
-0.1630737,-0.12822393,-0.14135537,0.077026635,0.12821199,0.054820973,138069,0,0,17280
-0.19513114,-0.1678159,-0.16443004,0.065245084,0.16780268,0.09494323,138070,0,0,17280
-0.2418615,-0.09964279,-0.024776766,0.047376055,0.0992782,0.06945266,138071,0,0,17280
-0.18486145,-0.09890217,-0.14960903,0.11377815,0.0990517,-0.07794822,138072,0,0,17280
-0.15375637,-0.09272792,-0.17977205,0.14010642,0.092088595,-0.08650329,138074,0,0,17279
-0.12223089,-0.09303957,-0.18008345,0.16342299,0.0930837,-0.08433298,138075,0,0,17279
-0.15375634,-0.09272792,-0.17977205,0.13518107,0.09208858,-0.08650329,138076,0,0,17279
-0.12223084,-0.09303967,-0.19032538,0.27591255,0.09308361,-0.0843331,138082,0,0,17278
-0.15375637,-0.10259285,-0.19598737,0.2463636,0.10138753,-0.08650329,138083,0,0,17278
-0.11224476,-0.1209634,-0.22055021,0.27912715,0.1193222,-0.11356919,138084,0,0,17278
-0.12113545,-0.12021378,-0.17559719,0.27490243,0.12025297,-0.06861617,138085,0,0,17278
-0.16530518,-0.07418839,-0.13986583,0.17054565,0.0739945,-0.07143792,138088,0,0,17278
-0.12216073,-0.082521506,-0.18103394,0.24128005,0.081804514,-0.08589949,138089,0,0,17278
-0.17667006,-0.08440102,-0.14883685,0.19794798,0.08447958,-0.04600909,138090,0,0,17278
-0.19857234,-0.089500904,-0.18075927,0.19590572,0.08957938,-0.08390503,138091,0,0,17278
-0.19027491,-0.085702315,-0.15348019,0.1719878,0.08501779,-0.059230845,138092,0,0,17278
-0.2074901,-0.11413205,-0.2131041,0.23239136,0.1136273,-0.026782196,138093,0,0,17278
-0.094235435,-0.07267623,-0.14622208,0.23511201,0.07619009,-0.06814053,138094,0,0,17278
-0.17845978,-0.08239989,-0.1877946,0.18784969,0.0812632,-0.0032797244,138095,0,0,17278
-0.16307369,-0.1723769,-0.1523321,0.17982753,0.17161226,0.054820944,138096,0,0,17278
-0.19513114,-0.16781588,-0.16443013,0.16775836,0.16780266,0.09494315,138097,0,0,17278
-0.20051284,-0.10657389,-0.041956037,0.16668946,0.10648509,0.07352451,138098,0,0,17278
-0.18294819,-0.11360853,-0.17243649,0.22395436,0.11311539,-0.061933294,138099,0,0,17278
-0.12633926,-0.11157659,-0.26103154,0.15706874,0.11157661,0.007824333,138141,0,0,17197
-0.16291857,-0.11157653,-0.2606897,0.12928571,0.11157665,-0.007584192,138142,0,0,17197
-0.11846827,-0.13280272,-0.288315,0.17105637,0.13051797,0.031798314,138143,0,0,17197
-0.14109309,-0.14085646,-0.26022878,0.16869833,0.14089675,0.05505276,138144,0,0,17197
-0.16982636,-0.0845702,-0.19679382,0.055693343,0.08801489,0.023487516,138147,0,0,17197
-0.13277216,-0.09545066,-0.24974492,0.12899446,0.09808998,0.00336065,138148,0,0,17197
-0.18238421,-0.13331918,-0.20140217,0.07307187,0.13391767,0.05170338,138149,0,0,17197
-0.20284529,-0.13331921,-0.22168647,0.0716491,0.13391766,0.018163914,138150,0,0,17197
-0.20018429,-0.08433528,-0.20541956,0.04075106,0.086939625,0.014861735,138151,0,0,17197
-0.2469809,-0.13691162,-0.2684416,0.11586603,0.13691163,0.051330455,138152,0,0,17197
-0.10275727,-0.0812665,-0.1983128,0.1227624,0.08966239,0.012722765,138153,0,0,17197
-0.19511692,-0.0956927,-0.2028242,0.0802086,0.09784792,0.050851624,138154,0,0,17197
-0.18636835,-0.18250489,-0.06971398,0.053640746,0.18250366,0.090246804,138155,0,0,17197
-0.26218367,-0.14366937,-0.28229,0.05991453,0.14366956,0.057180617,138156,0,0,17197
-0.20852388,-0.11097767,-0.09005078,0.0552993,0.1115948,0.17134495,138157,0,0,17197
-0.13957508,-0.13275337,-0.20991872,0.12216253,0.13275234,0.029931635,138158,0,0,17197
-0.16756839,-0.14282174,-0.3830505,0.16979767,0.15974076,-0.025621267,138171,0,0,17196
-0.22655721,-0.14769249,-0.3457954,0.13779815,0.16351472,-0.015882542,138172,0,0,17196
-0.17453046,-0.16366683,-0.4147915,0.18289815,0.18049745,0.050036464,138173,0,0,17196
-0.18069215,-0.1631113,-0.3859021,0.1767367,0.18105312,0.07892589,138174,0,0,17196
-0.22606015,-0.12245706,-0.3059632,0.0632016,0.1369638,0.00050111144,138177,0,0,17196
-0.16265124,-0.13752483,-0.36711672,0.14011312,0.15301283,-0.046346918,138178,0,0,17196
-0.19286147,-0.09542474,-0.31324556,0.08408994,0.095827624,-0.0067812935,138179,0,0,17196
-0.23619668,-0.10788574,-0.36638266,0.07398897,0.10631684,-0.023142675,138180,0,0,17196
-0.23522714,-0.12245721,-0.32125968,0.054034654,0.13696362,-0.014795403,138181,0,0,17196
-0.29872128,-0.23914634,-0.4490419,0.10341228,0.2389395,-0.0050307387,138182,0,0,17196
-0.15672013,-0.12108897,-0.32777977,0.12133022,0.1383319,-0.025602033,138183,0,0,17196
-0.195755,-0.13245301,-0.3436667,0.0773838,0.14772157,-0.037202418,138184,0,0,17196
-0.31996948,-0.17266436,-0.38471207,0.071398154,0.19311905,0.022802625,138185,0,0,17196
-0.61158174,-0.2811587,-0.6685093,0.07286294,0.23713009,0.06775649,138186,0,0,17196
-0.40053722,-0.14273319,-0.3769704,0.15082403,0.1436084,0.12869915,138187,0,0,17196
-0.49840388,-0.13931389,-0.571881,0.15771607,0.13998659,0.001214191,138188,0,0,17196
-0.12372425,-0.11299989,-0.38477463,0.19553176,0.11301567,-0.1435836,138198,0,0,17195
-0.1798331,-0.11501069,-0.42636228,0.17821099,0.11502649,-0.14264949,138199,0,0,17195
-0.08484464,-0.12353852,-0.40222675,0.18841691,0.12322948,-0.20090386,138200,0,0,17195
-0.1121446,-0.15112986,-0.40488878,0.22122224,0.15114538,-0.1520863,138201,0,0,17195
-0.16170658,-0.089217745,-0.37755838,0.06568267,0.08923336,-0.11810724,138204,0,0,17195
-0.1264344,-0.089811005,-0.393845,0.13867629,0.08982686,-0.14542837,138205,0,0,17195
-0.17669259,-0.084770076,-0.33192143,0.10626539,0.08478621,-0.13256665,138206,0,0,17195
-0.20907879,-0.10084902,-0.4475279,0.104871,0.10086518,-0.16308114,138207,0,0,17195
-0.20999591,-0.09586844,-0.32211596,0.072894745,0.09588417,-0.1184646,138208,0,0,17195
-0.28003675,-0.17165668,-0.6238049,0.17691489,0.17167225,-0.060812116,138209,0,0,17195
-0.08743517,-0.06985844,-0.35545602,0.13042507,0.07323917,-0.13076758,138210,0,0,17195
-0.20956194,-0.083772056,-0.40581805,0.07037453,0.08378825,-0.09192823,138211,0,0,17195
-0.23506795,-0.16420783,-0.5839893,0.15153302,0.16422343,0.06962871,138212,0,0,17195
-0.24973713,-0.16536117,-0.61739844,0.21983331,0.16422343,0.16506064,138213,0,0,17195
-0.2026719,-0.09829412,-0.30985555,0.10624413,0.1007348,-0.0021868509,138214,0,0,17195
-0.23037773,-0.10713718,-0.53042394,0.24376485,0.10715289,-0.10714681,138215,0,0,17195
-0.16255546,-0.19149971,-0.2659677,0.22647367,0.19142285,0.046512965,138227,0,0,17183
-0.2222507,-0.19149922,-0.27695003,0.2324507,0.19142283,0.04754467,138228,0,0,17183
-0.1585541,-0.24984728,-0.29474434,0.2474548,0.24944669,0.0458528,138229,0,0,17183
-0.2006672,-0.3046735,-0.27576548,0.27492714,0.30426002,0.12126393,138230,0,0,17183
-0.20096152,-0.15105407,-0.20360887,0.1009981,0.15087537,0.045532383,138233,0,0,17183
-0.19330217,-0.18915384,-0.26672557,0.18452044,0.18863094,0.024544802,138234,0,0,17183
-0.22974117,-0.17715709,-0.23382677,0.13951893,0.17735337,0.05870246,138235,0,0,17183
-0.26319647,-0.18744668,-0.2920521,0.1501822,0.18764308,0.024088034,138236,0,0,17183
-0.23337777,-0.17293988,-0.2442596,0.11397275,0.17275856,0.08943984,138237,0,0,17183
-0.2855786,-0.27928004,-0.37517154,0.22872816,0.27909794,0.18221974,138238,0,0,17183
-0.14061263,-0.15105407,-0.20785603,0.16417654,0.15087529,0.041285258,138239,0,0,17183
-0.24304496,-0.1840431,-0.2958564,0.11173003,0.18424003,0.08308675,138240,0,0,17183
-0.24619061,-0.19473334,-0.23490892,0.17101195,0.19128133,0.13770731,138241,0,0,17183
-0.30909747,-0.42374995,-0.3602079,0.3712613,0.42356777,0.20839703,138242,0,0,17183
-0.24183781,-0.18527494,-0.11531802,0.137862,0.1850938,0.22332883,138243,0,0,17183
-0.24753346,-0.26787645,-0.31915694,0.26288405,0.26769412,0.12362894,138244,0,0,17183
-0.1931594,-0.18855894,-0.24228787,0.25132638,0.1886839,0.04656687,138252,0,0,17397
-0.24394526,-0.18688194,-0.23969166,0.2087906,0.18701334,0.018571934,138253,0,0,17397
-0.2230291,-0.21008015,-0.22903429,0.28325433,0.20819537,0.027880609,138254,0,0,17397
-0.240587,-0.2237773,-0.19007446,0.30113634,0.22377743,0.07522116,138255,0,0,17397
-0.24036556,-0.15753868,-0.17267303,0.14153005,0.15785256,0.037583467,138258,0,0,17397
-0.21529353,-0.1873907,-0.2492982,0.23851551,0.18739097,0.020251783,138259,0,0,17397
-0.26782963,-0.20231335,-0.2529014,0.21865343,0.20264894,0.04146086,138260,0,0,17397
-0.28067866,-0.20231326,-0.2476391,0.20134024,0.20264897,0.025216201,138261,0,0,17397
-0.25736183,-0.16856644,-0.1807065,0.13746624,0.16890214,0.03316786,138262,0,0,17397
-0.33494553,-0.2150278,-0.15949903,0.20258912,0.21515074,0.10289866,138263,0,0,17397
-0.17276083,-0.15355627,-0.19369292,0.2036075,0.15727013,0.034695398,138264,0,0,17397
-0.30605876,-0.17367472,-0.16051558,0.15104339,0.17334445,0.079877764,138265,0,0,17397
-0.22365928,-0.19893889,-0.11037154,0.1590979,0.19927466,0.11847632,138266,0,0,17397
-0.32249177,-0.21088533,-0.236871,0.1886209,0.21122105,0.04452757,138267,0,0,17397
-0.2788047,-0.18248282,-0.09329775,0.15946825,0.18265028,0.17189343,138268,0,0,17397
-0.30395985,-0.24682225,-0.25210333,0.25869936,0.24723168,0.080780126,138269,0,0,17397
-0.12743515,-0.20935968,-0.23614423,0.38913393,0.20989752,0.18311296,138283,0,0,17387
-0.16441604,-0.20911027,-0.25175926,0.3540936,0.20964797,0.16699898,138284,0,0,17387
-0.11986803,-0.20238991,-0.2566942,0.38048655,0.20170598,0.14740169,138286,0,0,17387
-0.12787707,-0.20911026,-0.22293766,0.39063257,0.20964795,0.19582056,138287,0,0,17387
-0.17159927,-0.16766319,-0.1816,0.23375642,0.16800216,0.15406534,138290,0,0,17387
-0.13382763,-0.19445218,-0.24046063,0.34387034,0.1949196,0.14891115,138291,0,0,17387
-0.19108155,-0.19445217,-0.1963477,0.27913114,0.19491956,0.19302402,138292,0,0,17387
-0.21303587,-0.20775709,-0.24159198,0.29738653,0.20828849,0.1744536,138293,0,0,17387
-0.19856621,-0.18775505,-0.20291114,0.25543216,0.18819019,0.1730341,138294,0,0,17387
-0.23473027,-0.26048705,-0.28649795,0.40538505,0.2612711,0.23526019,138295,0,0,17387
-0.1035682,-0.16697828,-0.18355416,0.30178759,0.16868712,0.15211125,138296,0,0,17387
-0.19532745,-0.19445209,-0.22950968,0.29689944,0.19491963,0.15986204,138297,0,0,17387
-0.28557378,-0.2721402,-0.23142362,0.35349914,0.27298027,0.31369686,138298,0,0,17387
-0.29613638,-0.2721403,-0.24241938,0.34293646,0.27298018,0.30270112,138299,0,0,17387
-0.21883452,-0.15104288,-0.027331864,0.1359065,0.15400562,0.29115465,138300,0,0,17387
-0.19009571,-0.24522091,-0.2441387,0.39528626,0.24571292,0.24679513,138301,0,0,17387
-0.14710073,-0.13689768,-0.36078897,0.19422337,0.1368976,0.03716168,138306,0,0,17386
-0.20312382,-0.16558413,-0.43041125,0.17513615,0.16618426,0.035425723,138307,0,0,17386
-0.18997416,-0.16068079,-0.41665187,0.19440438,0.15910955,0.019390468,138308,0,0,17386
-0.17210157,-0.16577502,-0.38696635,0.21801502,0.15637246,0.063311994,138309,0,0,17386
-0.2150587,-0.11206487,-0.35498184,0.07640762,0.11206491,0.026711736,138311,0,0,17386
-0.18103412,-0.13689752,-0.40236208,0.14412497,0.13689768,0.032511268,138312,0,0,17386
-0.2398702,-0.11865764,-0.3366511,0.10725293,0.11865771,0.038331095,138313,0,0,17386
-0.25528285,-0.13554212,-0.39593586,0.1108033,0.13554223,0.016894715,138314,0,0,17386
-0.22583681,-0.11085673,-0.32962754,0.07045386,0.11085669,0.03426243,138315,0,0,17386
-0.28635108,-0.18982816,-0.6238047,0.17691489,0.18984385,0.053428486,138316,0,0,17386
-0.13423459,-0.10283789,-0.36492676,0.13333519,0.10632575,0.017488616,138317,0,0,17386
-0.27387443,-0.13689794,-0.38473594,0.13496098,0.1368973,0.071813874,138318,0,0,17386
-0.25922027,-0.18653847,-0.5884056,0.16007242,0.18653877,0.11102328,138319,0,0,17386
-0.25162888,-0.18653847,-0.59541726,0.20602234,0.18653877,0.15559322,138320,0,0,17386
-0.29458627,-0.10848556,-0.26992756,0.12016001,0.10889391,0.18429597,138321,0,0,17386
-0.23500967,-0.16577512,-0.44457096,0.24896373,0.15637234,0.055618513,138322,0,0,17386
-0.12576252,-0.11141802,-0.26818892,0.16459525,0.1114675,0.015965132,138362,0,0,16706
-0.1818893,-0.11699036,-0.28384888,0.13795266,0.11703946,0.0003040827,138363,0,0,16706
-0.1174297,-0.11517847,-0.29140502,0.17201512,0.11380858,0.0063042548,138364,0,0,16706
-0.1288414,-0.11852109,-0.26755342,0.17507564,0.11811936,0.045041252,138365,0,0,16706
-0.17995077,-0.09136329,-0.21961538,0.06165864,0.091329806,0.01991782,138368,0,0,16706
-0.13169934,-0.09956771,-0.27101174,0.12719907,0.09956777,0.007404464,138369,0,0,16706
-0.1838276,-0.09217717,-0.22996661,0.08123227,0.092142545,0.032947425,138370,0,0,16706
-0.23285376,-0.10226437,-0.29652414,0.07652147,0.10232914,0.019943167,138371,0,0,16706
-0.20609368,-0.0913636,-0.25230548,0.059813756,0.09132943,0.015572982,138372,0,0,16706
-0.25960532,-0.13917947,-0.34402165,0.12777899,0.13931601,0.04036915,138373,0,0,16706
-0.09769185,-0.08200654,-0.21630694,0.12021773,0.08560178,0.018030414,138374,0,0,16706
-0.21388456,-0.09956759,-0.25508654,0.09006795,0.09956781,0.030754903,138375,0,0,16706
-0.24320088,-0.17616352,-0.2769525,0.077157,0.17629938,0.07297132,138376,0,0,16706
-0.26201552,-0.14926383,-0.30658093,0.09162949,0.14990675,0.057433624,138377,0,0,16706
-0.23524182,-0.09547042,-0.13388455,0.07412253,0.09778395,0.159196,138378,0,0,16706
-0.25519815,-0.11126847,-0.2788333,0.12523745,0.11124741,0.025970453,138379,0,0,16706
-0.13171671,-0.16052383,-0.3232344,0.18392953,0.160524,0.16211875,138393,0,0,16453
-0.17538401,-0.1646783,-0.34990215,0.14778431,0.16402015,0.14701727,138394,0,0,16453
-0.12544975,-0.18633117,-0.4372091,0.19454175,0.18620199,0.16503303,138395,0,0,16453
-0.1359153,-0.19942845,-0.41740808,0.20603652,0.1986707,0.2261645,138396,0,0,16453
-0.16982298,-0.13745256,-0.30020538,0.07101456,0.13694723,0.14339294,138399,0,0,16453
-0.13145277,-0.1605238,-0.37381133,0.1443148,0.1605239,0.14519887,138400,0,0,16453
-0.18341823,-0.15720688,-0.33673412,0.09620164,0.15730813,0.17161621,138401,0,0,16453
-0.2097792,-0.17267834,-0.38422468,0.09539798,0.1705834,0.17058904,138402,0,0,16453
-0.19967492,-0.14588234,-0.32565895,0.06372992,0.14597924,0.14616837,138403,0,0,16453
-0.24656428,-0.2270614,-0.43318087,0.14137112,0.22654264,0.252568,138404,0,0,16453
-0.1042099,-0.13889058,-0.306647,0.13662761,0.14191951,0.1369514,138405,0,0,16453
-0.22835112,-0.16052376,-0.36356205,0.1197621,0.16052395,0.18368794,138406,0,0,16453
-0.19343416,-0.19097099,-0.38145638,0.0879475,0.18887609,0.23248999,138407,0,0,16453
-0.20531483,-0.20806406,-0.42346144,0.11650006,0.20596921,0.24573994,138408,0,0,16453
-0.22090377,-0.15666169,-0.1924723,0.06643933,0.15627685,0.28717074,138409,0,0,16453
-0.21118061,-0.17795725,-0.35430023,0.1312867,0.17519535,0.18697937,138410,0,0,16453
-0.17815521,-0.21758936,-0.30468142,0.20658493,0.2177904,0.04397933,138423,0,0,16456
-0.22466108,-0.21201265,-0.31176817,0.18694097,0.21072586,0.014622707,138424,0,0,16456
-0.21777578,-0.21442619,-0.32877293,0.20741998,0.2097666,0.05305269,138425,0,0,16456
-0.232165,-0.25318074,-0.3343709,0.24769627,0.2531993,0.06627204,138426,0,0,16456
-0.23107691,-0.16164179,-0.27070746,0.11011921,0.16017874,0.04364833,138428,0,0,16456
-0.22875248,-0.19064215,-0.30809405,0.179522,0.18910606,0.061195806,138429,0,0,16456
-0.26686105,-0.19955854,-0.30108342,0.1414134,0.19917709,0.089435525,138430,0,0,16456
-0.29109666,-0.19897063,-0.3257845,0.1294261,0.199765,0.06353835,138431,0,0,16456
-0.3117489,-0.18956238,-0.30936262,0.09652559,0.19018584,0.079960145,138432,0,0,16456
-0.39331952,-0.2850964,-0.40113246,0.17132087,0.28452587,0.1306241,138433,0,0,16456
-0.17763557,-0.169414,-0.2745478,0.1625932,0.17218514,0.049887903,138435,0,0,16456
-0.30020487,-0.18896595,-0.31763253,0.11405572,0.19078234,0.08826009,138436,0,0,16456
-0.3249028,-0.19959822,-0.26813683,0.1204967,0.19913736,0.13604571,138437,0,0,16456
-0.30548143,-0.23496069,-0.3045326,0.13575113,0.2344309,0.10473271,138438,0,0,16456
-0.29664943,-0.20579414,-0.17889659,0.11162514,0.20433398,0.19613919,138439,0,0,16456
-0.2783555,-0.21107526,-0.27520287,0.18515714,0.21044524,0.052182287,138440,0,0,16456
-0.22328928,-0.15163815,-0.41175583,0.22402856,0.15212454,0.07504614,138622,0,0,17396
-0.28949225,-0.16861744,-0.4288761,0.190313,0.16761965,0.06701111,138623,0,0,17396
-0.28193632,-0.17329924,-0.46844304,0.22418611,0.17206901,0.046131305,138624,0,0,17396
-0.329553,-0.18987437,-0.46891156,0.25349385,0.19047448,0.11049937,138625,0,0,17396
-0.28917277,-0.12883091,-0.34739557,0.09087651,0.12925126,0.07822558,138628,0,0,17396
-0.28625992,-0.1464805,-0.41407275,0.16282792,0.14648055,0.056875996,138629,0,0,17396
-0.28778327,-0.13392556,-0.36609665,0.12281308,0.13392568,0.0644872,138630,0,0,17396
-0.4031209,-0.17411764,-0.463955,0.13178441,0.17482625,0.09698875,138631,0,0,17396
-0.28621304,-0.12455518,-0.34654555,0.08067013,0.12458624,0.06433104,138632,0,0,17396
-0.4504127,-0.21335681,-0.5414533,0.21077283,0.21263392,0.15221508,138633,0,0,17396
-0.16071637,-0.11922882,-0.31579027,0.14409043,0.11918017,0.042211477,138634,0,0,17396
-0.30742306,-0.1368161,-0.383537,0.10785354,0.13681625,0.10626043,138635,0,0,17396
-0.42691433,-0.17927696,-0.43200824,0.16714543,0.1794543,0.1446696,138636,0,0,17396
-0.414566,-0.19017434,-0.46748963,0.21529219,0.19017453,0.1439395,138637,0,0,17396
-0.34433767,-0.15472333,-0.25088397,0.1048362,0.15706564,0.207226,138638,0,0,17396
-0.39143887,-0.20158477,-0.4897524,0.24988995,0.20158496,0.10077569,138639,0,0,17396
-0.26315102,-0.18850398,-0.20060034,0.36523095,0.19262026,0.002885289,138650,0,0,17357
-0.29923442,-0.20593537,-0.20627785,0.32914764,0.20567884,-0.0027921984,138651,0,0,17357
-0.26677817,-0.20409544,-0.2009054,0.38190088,0.20122717,0.019476984,138652,0,0,17357
-0.26643434,-0.20409544,-0.18223609,0.38224465,0.20122717,0.03814628,138653,0,0,17357
-0.29860106,-0.14506307,-0.14989829,0.24310786,0.1448061,0.014203133,138656,0,0,17357
-0.24209775,-0.16100591,-0.18510495,0.29961085,0.16074885,-0.0034789187,138657,0,0,17357
-0.30659395,-0.1494109,-0.18062797,0.25993088,0.14915444,0.029562512,138658,0,0,17357
-0.32772204,-0.15848723,-0.21462572,0.26401597,0.15823089,0.013158073,138659,0,0,17357
-0.32795912,-0.16670908,-0.2094897,0.22237656,0.17082508,0.032877557,138660,0,0,17357
-0.40026656,-0.26957658,-0.28113618,0.43185693,0.27369273,0.03339137,138661,0,0,17357
-0.20938809,-0.14842464,-0.17254128,0.31406248,0.14931151,0.05290081,138662,0,0,17357
-0.30878377,-0.17762914,-0.21147063,0.30462065,0.17667693,0.0958184,138663,0,0,17357
-0.29709864,-0.21762393,-0.20005128,0.28333014,0.22174016,0.19233587,138664,0,0,17357
-0.4012863,-0.29451266,-0.2542994,0.38229266,0.2986289,0.27542314,138665,0,0,17357
-0.31140232,-0.15639052,-0.10061359,0.24597777,0.15727621,0.20479625,138666,0,0,17357
-0.28069657,-0.14165083,-0.21925111,0.30020636,0.14253588,0.06049221,138667,0,0,17357
-0.26315102,-0.18850398,-0.20060034,0.36523095,0.19262026,0.002885289,138674,0,0,17356
-0.29923442,-0.20593537,-0.20627785,0.32914764,0.20567884,-0.0027921984,138675,0,0,17356
-0.26677817,-0.20409544,-0.2009054,0.38190088,0.20122717,0.019476984,138676,0,0,17356
-0.26643434,-0.20409544,-0.18223609,0.38224465,0.20122717,0.03814628,138677,0,0,17356
-0.29860106,-0.14506307,-0.14989829,0.24310786,0.1448061,0.014203133,138680,0,0,17356
-0.24209775,-0.16100591,-0.18510495,0.29961085,0.16074885,-0.0034789187,138681,0,0,17356
-0.30659395,-0.1494109,-0.18062797,0.25993088,0.14915444,0.029562512,138682,0,0,17356
-0.32772204,-0.15848723,-0.21462572,0.26401597,0.15823089,0.013158073,138683,0,0,17356
-0.32795912,-0.166709,-0.2094897,0.25101602,0.17082512,0.11330569,138684,0,0,17356
-0.40026653,-0.2695765,-0.28113604,0.49147218,0.27369276,0.1712402,138685,0,0,17356
-0.20938796,-0.14842463,-0.17254122,0.36918405,0.14931151,0.09251712,138686,0,0,17356
-0.30878383,-0.17762923,-0.21147074,0.3046207,0.17667682,0.12211782,138687,0,0,17356
-0.29709843,-0.21762393,-0.20005123,0.36316532,0.22174025,0.19753309,138688,0,0,17356
-0.40128624,-0.29451266,-0.25429958,0.518028,0.2986289,0.28243932,138689,0,0,17356
-0.3114023,-0.15639058,-0.10061362,0.24597783,0.15727618,0.23516501,138690,0,0,17356
-0.2806966,-0.14165081,-0.21925092,0.3753138,0.1425359,0.13286373,138691,0,0,17356
-0.13120785,-0.3257474,-0.14086954,0.26903406,0.32742837,0.21912405,138699,0,0,17339
-0.16096845,-0.2919031,-0.12953985,0.16176715,0.29128957,0.20074436,138700,0,0,17339
-0.13080435,-0.30348536,-0.1538331,0.24103814,0.303035,0.19734642,138701,0,0,17339
-0.1286398,-0.3105962,-0.08523092,0.26023635,0.31270033,0.24171393,138702,0,0,17339
-0.1672163,-0.267543,-0.08254188,0.15313792,0.27399302,0.1781925,138704,0,0,17339
-0.13741405,-0.29075593,-0.11216601,0.22946528,0.29243675,0.17985651,138705,0,0,17339
-0.18221916,-0.29075596,-0.07395521,0.18653221,0.2924368,0.22951195,138706,0,0,17339
-0.20328134,-0.29075587,-0.12565936,0.12863,0.2924368,0.20848338,138707,0,0,17339
-0.1970466,-0.290756,-0.11376379,0.12868658,0.29243663,0.20417313,138708,0,0,17339
-0.22381404,-0.35490718,-0.095090255,0.23597394,0.35658795,0.26700476,138709,0,0,17339
-0.10130612,-0.22794975,-0.11381704,0.17578083,0.23269418,0.18736695,138710,0,0,17339
-0.20013562,-0.25313053,-0.11545197,0.20429581,0.25481144,0.1999324,138711,0,0,17339
-0.22877748,-0.2907566,-0.07609661,0.09883548,0.2924361,0.23937573,138712,0,0,17339
-0.24034312,-0.3980643,-0.09868688,0.11126236,0.39974347,0.28592628,138713,0,0,17339
-0.2161039,-0.28535601,0.010623786,0.1463482,0.2870368,0.35615632,138714,0,0,17339
-0.1957934,-0.29075643,-0.13911353,0.1606483,0.29243627,0.2096977,138715,0,0,17339
-0.1552381,-0.40684757,-0.4187079,0.21761794,0.4064885,0.31804428,138724,0,0,17307
-0.2360724,-0.41898224,-0.4386975,0.20188785,0.418754,0.3258432,138725,0,0,17307
-0.1554731,-0.40562916,-0.41481733,0.21709277,0.40770698,0.2840195,138726,0,0,17307
-0.15658148,-0.4311167,-0.36732343,0.24803813,0.43101946,0.35762948,138727,0,0,17307
-0.18509597,-0.35199317,-0.35067728,0.10243664,0.35182828,0.2916493,138730,0,0,17307
-0.21096212,-0.4068477,-0.42877215,0.18240097,0.40648845,0.31350055,138731,0,0,17307
-0.20739779,-0.40547803,-0.36599287,0.14808217,0.4078582,0.34369552,138732,0,0,17307
-0.28026888,-0.45063025,-0.4542869,0.15457866,0.45217296,0.36963618,138733,0,0,17307
-0.28823188,-0.40438154,-0.36475483,0.11893789,0.40895453,0.3401413,138734,0,0,17307
-0.41700125,-0.5288481,-0.50400704,0.21348846,0.5284889,0.43402076,138735,0,0,17307
-0.13526389,-0.34750652,-0.31304112,0.16614518,0.35094583,0.29097715,138736,0,0,17307
-0.31857488,-0.40476462,-0.36046588,0.17320646,0.4085715,0.3125561,138737,0,0,17307
-0.413343,-0.47684184,-0.3383812,0.16808088,0.48012918,0.42126864,138738,0,0,17307
-0.33177775,-0.534517,-0.48468176,0.19594684,0.53285223,0.5035718,138739,0,0,17307
-0.24718137,-0.44814926,-0.3056814,0.13218759,0.44890207,0.5109541,138740,0,0,17307
-0.28731328,-0.48628002,-0.42837575,0.14612094,0.48593304,0.4173961,138741,0,0,17307
-0.45462164,-0.18919453,-0.39344114,0.2183053,0.18919457,0.11443838,138750,0,0,17306
-0.51817703,-0.20540708,-0.37907544,0.20523228,0.2054071,0.12880404,138751,0,0,17306
-0.43885937,-0.22597793,-0.38625458,0.20612165,0.22592826,0.12162493,138752,0,0,17306
-0.4791569,-0.21689187,-0.37522215,0.23360845,0.21685128,0.13265736,138753,0,0,17306
-0.44430065,-0.15808888,-0.3175477,0.10744577,0.158107,0.11500307,138756,0,0,17306
-0.46527874,-0.17620027,-0.3847994,0.1539934,0.1762003,0.12308015,138757,0,0,17306
-0.48546994,-0.17620027,-0.36823046,0.13380224,0.1762003,0.13964912,138758,0,0,17306
-0.5675967,-0.17620033,-0.40235987,0.13798948,0.17620027,0.10551967,138759,0,0,17306
-0.5556329,-0.17620029,-0.35264283,0.0890327,0.1762003,0.1552367,138760,0,0,17306
-0.76297015,-0.26098338,-0.49139062,0.16433297,0.26089877,0.13105677,138761,0,0,17306
-0.36996028,-0.16023828,-0.322134,0.14473817,0.1602542,0.09998221,138762,0,0,17306
-0.5178018,-0.1762003,-0.3635156,0.10147037,0.17620029,0.14436394,138763,0,0,17306
-0.69997126,-0.2460401,-0.34789115,0.09071239,0.24599417,0.26040712,138764,0,0,17306
-0.5698968,-0.25901031,-0.37108767,0.11849762,0.2589612,0.4089489,138765,0,0,17306
-0.6610529,-0.189845,-0.25802216,0.08815983,0.18983135,0.28916708,138766,0,0,17306
-0.67491645,-0.22568321,-0.3784425,0.15093684,0.22563383,0.20805673,138767,0,0,17306
-0.28963375,-0.16445938,-0.44509116,0.2291158,0.16447267,0.049818914,138846,0,0,17209
-0.33579612,-0.1743606,-0.44614717,0.1829534,0.17430732,0.044202812,138847,0,0,17209
-0.32892674,-0.17992619,-0.467172,0.23651034,0.17860974,0.03401977,138848,0,0,17209
-0.32581785,-0.17992626,-0.41638967,0.23961912,0.17860962,0.055363335,138849,0,0,17209
-0.3204725,-0.13601711,-0.38994628,0.11046533,0.1359175,0.03856395,138852,0,0,17209
-0.31094298,-0.15230092,-0.48272863,0.18580234,0.15226574,0.030107433,138853,0,0,17209
-0.363733,-0.15230091,-0.43368044,0.14145015,0.15226577,0.05559532,138854,0,0,17209
-0.37560147,-0.15230085,-0.4678045,0.12958165,0.15226586,0.03978164,138855,0,0,17209
-0.3717731,-0.13811158,-0.39889893,0.10855057,0.13830188,0.039693315,138856,0,0,17209
-0.44078532,-0.25387362,-0.57438654,0.25188437,0.2532898,0.08781318,138857,0,0,17209
-0.2527618,-0.13601725,-0.3465406,0.17817606,0.13591747,0.035293687,138858,0,0,17209
-0.33051926,-0.14823012,-0.33038056,0.12379762,0.14817879,0.03752624,138859,0,0,17209
-0.5020766,-0.20282348,-0.37593403,0.14594097,0.20290081,0.21334933,138860,0,0,17209
-0.68056494,-0.26172987,-0.5167615,0.2019879,0.26165453,0.43935388,138861,0,0,17209
-0.3984062,-0.16432261,-0.30602166,0.11073688,0.16107133,0.17660026,138862,0,0,17209
-0.33988678,-0.207041,-0.45538744,0.24230544,0.20365234,0.042387147,138863,0,0,17209
-0.29752308,-0.18730888,-0.44094095,0.25478563,0.18100779,0.10133858,138871,0,0,17208
-0.29340497,-0.18730882,-0.4601431,0.24898511,0.18100783,0.11270777,138872,0,0,17208
-0.2732221,-0.18730882,-0.45407566,0.2691678,0.18100779,0.11270789,138873,0,0,17208
-0.265544,-0.18730871,-0.41756108,0.27684584,0.18100785,0.14922254,138874,0,0,17208
-0.26666847,-0.14222535,-0.3858583,0.10999156,0.1363592,0.11488397,138877,0,0,17208
-0.32285798,-0.18730882,-0.45900932,0.21953204,0.18100783,0.11384163,138878,0,0,17208
-0.2867255,-0.12395099,-0.38585833,0.1606332,0.12621588,0.11488414,138879,0,0,17208
-0.30209303,-0.14818029,-0.40271965,0.16985846,0.15991355,0.11878268,138880,0,0,17208
-0.28478894,-0.14222558,-0.38779572,0.0918705,0.13635896,0.11488422,138881,0,0,17208
-0.36847657,-0.23078725,-0.48767594,0.23482439,0.23213945,0.1877291,138882,0,0,17208
-0.21286786,-0.14009763,-0.31074777,0.16379179,0.13848692,0.11276792,138883,0,0,17208
-0.27482903,-0.14794464,-0.3319866,0.12500761,0.14192477,0.15639867,138884,0,0,17208
-0.48382828,-0.21748671,-0.39446485,0.16214426,0.22293295,0.28271976,138885,0,0,17208
-0.48199478,-0.21748723,-0.43619037,0.23060124,0.22293244,0.38905278,138886,0,0,17208
-0.32232,-0.13798401,-0.25001842,0.13951682,0.13020861,0.20189044,138887,0,0,17208
-0.3923604,-0.16206534,-0.45172283,0.22153114,0.15526561,0.11815134,138888,0,0,17208
-0.12891264,-0.11476592,-0.3075207,0.1904603,0.1146245,-0.064608954,138897,0,0,17139
-0.18146299,-0.1185777,-0.34409058,0.17239967,0.11844677,-0.056170072,138898,0,0,17139
-0.12206781,-0.12086556,-0.34093496,0.19063783,0.11930011,-0.10232921,138899,0,0,17139
-0.15018956,-0.12328631,-0.32116804,0.21233888,0.12315146,-0.033550076,138900,0,0,17139
-0.17234527,-0.09499856,-0.24450983,0.06909326,0.09495257,-0.048063386,138903,0,0,17139
-0.15252323,-0.10394172,-0.3102807,0.14377,0.10385609,-0.069201626,138904,0,0,17139
-0.1917999,-0.094705075,-0.26052576,0.10637156,0.09452279,-0.04196934,138905,0,0,17139
-0.21034984,-0.10785887,-0.31874776,0.1069975,0.10769956,-0.058618896,138906,0,0,17139
-0.20297463,-0.08758675,-0.26909152,0.07646606,0.08739196,-0.049764372,138907,0,0,17139
-0.2622899,-0.15450625,-0.4408536,0.17146762,0.15442812,-9.2505325E-06,138908,0,0,17139
-0.10651829,-0.09033596,-0.24208705,0.13933323,0.09408181,-0.0464153,138909,0,0,17139
-0.21751076,-0.099431984,-0.31563511,0.10699583,0.099271215,-0.0026581436,138910,0,0,17139
-0.23087583,-0.12289054,-0.31492093,0.14040591,0.12275729,-0.05118041,138911,0,0,17139
-0.24943331,-0.16398683,-0.40831923,0.18953307,0.16391958,-0.061661217,138912,0,0,17139
-0.22975166,-0.11218856,-0.1711883,0.10504854,0.11203667,0.08067468,138913,0,0,17139
-0.23335576,-0.11569671,-0.3601207,0.17439272,0.11558475,-0.037740014,138914,0,0,17139
-0.52649933,-0.25690758,-0.301063,0.35270217,0.6222939,0.5781385,139097,0,0,17284
-0.48442578,-0.24685419,-0.28783646,0.34889966,0.58647126,0.54548895,139098,0,0,17284
-0.50034153,-0.25224686,-0.28545985,0.34738755,0.59548223,0.5622692,139099,0,0,17284
-0.47866622,-0.24160232,-0.27020657,0.35071835,0.58778226,0.559178,139100,0,0,17284
-0.4963627,-0.26066267,-0.27093047,0.3328048,0.5685048,0.558237,139103,0,0,17284
-0.5319177,-0.27704597,-0.30247092,0.35304672,0.60791844,0.5824935,139104,0,0,17284
-0.49277344,-0.2693838,-0.30592048,0.38461652,0.6080062,0.5714695,139105,0,0,17284
-0.48292163,-0.22592103,-0.2931049,0.35114136,0.60814196,0.5409581,139106,0,0,17284
-0.47654533,-0.2368854,-0.2824418,0.3305127,0.57017267,0.52461624,139107,0,0,17284
-0.49187165,-0.24854718,-0.28124407,0.35824245,0.6015669,0.56887007,139108,0,0,17284
-0.488938,-0.2594732,-0.29200107,0.35146227,0.5809271,0.5483992,139109,0,0,17284
-0.49821037,-0.25956574,-0.2507414,0.3573889,0.5960336,0.6048579,139110,0,0,17284
-0.50879157,-0.27023792,-0.28909653,0.35213572,0.59068936,0.57183075,139111,0,0,17284
-0.4914547,-0.25649518,-0.29288876,0.36302474,0.59798425,0.5615907,139112,0,0,17284
-0.5249777,-0.27023378,-0.13619155,0.34546447,0.6002084,0.7342506,139113,0,0,17284
-0.5047408,-0.25983584,-0.28734088,0.36748862,0.61239356,0.5848885,139114,0,0,17284
-0.46916398,-0.22860835,-0.25059503,0.32206538,0.562621,0.54063433,139120,0,0,17283
-0.46985883,-0.2510011,-0.28304642,0.35627365,0.5751314,0.54308605,139121,0,0,17283
-0.49936867,-0.24961628,-0.2655782,0.3205418,0.5702942,0.55433226,139122,0,0,17283
-0.46798903,-0.25281146,-0.2766499,0.3464027,0.5615803,0.53774184,139123,0,0,17283
-0.5104353,-0.25693184,-0.2778111,0.35946333,0.6129668,0.5920875,139126,0,0,17283
-0.50430834,-0.27068895,-0.30408812,0.36685255,0.6004719,0.56707275,139127,0,0,17283
-0.49249,-0.25086713,-0.27068585,0.34168756,0.5833104,0.5634917,139128,0,0,17283
-0.49808556,-0.26477802,-0.2915163,0.34511125,0.5784188,0.5516805,139129,0,0,17283
-0.48532543,-0.24053273,-0.27381507,0.34108225,0.5858749,0.55259264,139130,0,0,17283
-0.5243262,-0.2877987,-0.32752827,0.37877896,0.61530644,0.57557684,139131,0,0,17283
-0.48586223,-0.2502171,-0.2533602,0.33123985,0.566885,0.56374186,139132,0,0,17283
-0.4923604,-0.2395188,-0.2807002,0.34496707,0.59780866,0.5566273,139133,0,0,17283
-0.47438684,-0.25897288,-0.2847123,0.36009917,0.5755131,0.5497737,139134,0,0,17283
-0.47148666,-0.23949356,-0.25394842,0.34682015,0.57881325,0.56435835,139135,0,0,17283
-0.45517498,-0.21859623,-0.27158827,0.3208444,0.5574232,0.5044311,139136,0,0,17283
-0.47675642,-0.26053417,-0.26814413,0.33821556,0.5544378,0.54682785,139137,0,0,17283
-0.37971142,-0.3810854,-0.20734051,0.3794804,0.37810642,0.5518513,139143,0,0,17202
-0.4016077,-0.4021316,-0.20745066,0.40199608,0.40147218,0.59615314,139144,0,0,17202
-0.38501427,-0.3860594,-0.20877557,0.38543215,0.38438702,0.56167084,139145,0,0,17202
-0.3601625,-0.3649604,-0.20764208,0.3691386,0.3643407,0.521659,139146,0,0,17202
-0.3318354,-0.33300787,-0.17899309,0.3295725,0.32840002,0.48241478,139149,0,0,17202
-0.3555826,-0.36095572,-0.20911518,0.36417562,0.3588025,0.510643,139150,0,0,17202
-0.36660063,-0.36235607,-0.20701486,0.35829377,0.36253834,0.51787955,139151,0,0,17202
-0.37750238,-0.38235858,-0.2068727,0.37613428,0.37127808,0.54676396,139152,0,0,17202
-0.38139692,-0.38893968,-0.19284746,0.39708564,0.38954288,0.58563507,139153,0,0,17202
-0.3768649,-0.37696087,-0.20695278,0.37755728,0.3774613,0.5474694,139154,0,0,17202
-0.33772737,-0.34054586,-0.17157538,0.33854145,0.33572295,0.50469345,139155,0,0,17202
-0.3679369,-0.37087074,-0.20493816,0.37307662,0.3701428,0.53607535,139156,0,0,17202
-0.35085326,-0.35299277,-0.20645514,0.3542332,0.3520937,0.49863133,139157,0,0,17202
-0.35106078,-0.3557107,-0.20719244,0.35939625,0.35474634,0.5032646,139158,0,0,17202
-0.34473643,-0.34451964,-0.17342262,0.34294727,0.34316406,0.51426107,139159,0,0,17202
-0.4973039,-0.4967513,-0.48061746,0.4962253,0.4967779,0.51291174,139160,0,0,17202
-0.11880229,-0.09255703,-0.10446271,0.15702584,0.092534974,-0.02427047,139167,0,0,17205
-0.1559282,-0.1061484,-0.12619585,0.1279545,0.10412096,-0.053077687,139168,0,0,17205
-0.11770736,-0.11210281,-0.12510827,0.16055366,0.11056014,-0.044208657,139169,0,0,17205
-0.12772964,-0.10985885,-0.10437875,0.1632672,0.10983699,-0.011820656,139170,0,0,17205
-0.16407683,-0.07554203,-0.07916737,0.048964914,0.07529682,-0.015666084,139173,0,0,17205
-0.1300498,-0.0877555,-0.12452911,0.12144613,0.087733395,-0.051411044,139174,0,0,17205
-0.18447752,-0.08797049,-0.08144478,0.07427086,0.087948404,-0.0062183463,139175,0,0,17205
-0.19999596,-0.09206215,-0.1095276,0.07254672,0.09204003,-0.030042777,139176,0,0,17205
-0.19373615,-0.08049944,-0.090257965,0.04615499,0.080477394,-0.020513771,139177,0,0,17205
-0.22352518,-0.11564234,-0.1374737,0.12739787,0.11562029,-0.020439306,139178,0,0,17205
-0.10027179,-0.074100636,-0.08827046,0.1139222,0.07766888,-0.025997283,139179,0,0,17205
-0.18007489,-0.08289293,-0.13585103,0.09950135,0.082870886,0.015380477,139180,0,0,17205
-0.19934456,-0.10299269,-0.094624445,0.082502075,0.10297064,-0.010425151,139181,0,0,17205
-0.27502972,-0.12715547,-0.10615007,0.09381539,0.12713338,0.009883513,139182,0,0,17205
-0.21307424,-0.08831915,0.02605562,0.059341837,0.086182594,0.1041256,139183,0,0,17205
-0.18900053,-0.09295122,-0.10899552,0.13287489,0.09292942,-0.019513635,139184,0,0,17205
-0.13552597,-0.12794167,-0.32753384,0.18597233,0.1279417,0.030345062,139195,0,0,17204
-0.19643061,-0.1343387,-0.34382233,0.1546539,0.13433886,0.014056527,139196,0,0,17204
-0.13076255,-0.15768951,-0.33710867,0.18398376,0.15460595,0.020224312,139197,0,0,17204
-0.13966818,-0.17438336,-0.32821593,0.17507817,0.17438325,0.029117115,139198,0,0,17204
-0.19858575,-0.11119042,-0.28812903,0.06741573,0.11119044,0.036315065,139201,0,0,17204
-0.2014974,-0.13689756,-0.3754288,0.12445792,0.13689767,0.016318232,139202,0,0,17204
-0.19076972,-0.11674991,-0.3390738,0.07393564,0.11674998,0.04033316,139203,0,0,17204
-0.27209887,-0.13327108,-0.39327827,0.07897714,0.13327129,0.0428147,139204,0,0,17204
-0.25018567,-0.12675709,-0.35090008,0.058549695,0.12675698,0.03378379,139205,0,0,17204
-0.32522786,-0.18846858,-0.44780383,0.11102147,0.18845612,0.057209067,139206,0,0,17204
-0.12501886,-0.10633246,-0.31851327,0.13375789,0.10633246,0.027099079,139207,0,0,17204
-0.2507131,-0.13689753,-0.3631126,0.084068686,0.1368977,0.044111405,139208,0,0,17204
-0.27669346,-0.16871971,-0.35884148,0.05815467,0.16871999,0.09794761,139209,0,0,17204
-0.3090615,-0.20077643,-0.42212883,0.08940775,0.20077676,0.16143414,139210,0,0,17204
-0.23449214,-0.11956652,-0.238848,0.05269595,0.11943322,0.16229162,139211,0,0,17204
-0.23597744,-0.16577512,-0.38444462,0.15429361,0.15637235,0.05883028,139212,0,0,17204
-0.2177091,-0.15998949,-0.31708473,0.17619357,0.15749598,0.15160947,139221,0,0,17203
-0.26237637,-0.1637501,-0.38780734,0.15149443,0.1611763,0.16188157,139222,0,0,17203
-0.25308165,-0.17595182,-0.35965908,0.19115934,0.17281802,0.1352097,139223,0,0,17203
-0.30694163,-0.19430284,-0.34141752,0.17016165,0.19405097,0.18842895,139224,0,0,17203
-0.25615892,-0.12875514,-0.24778165,0.0709358,0.12874915,0.13334222,139227,0,0,17203
-0.22378615,-0.14181222,-0.34147108,0.13683617,0.1413093,0.137495,139228,0,0,17203
-0.25164095,-0.13764162,-0.29234484,0.09899721,0.13764147,0.15908888,139229,0,0,17203
-0.2982576,-0.15904035,-0.354397,0.10562912,0.15804766,0.16368218,139230,0,0,17203
-0.2791105,-0.15101339,-0.3053294,0.065870225,0.15077206,0.14845408,139231,0,0,17203
-0.35235134,-0.22517258,-0.44253063,0.16360776,0.22216116,0.27982032,139232,0,0,17203
-0.16807964,-0.11620103,-0.27580103,0.13404624,0.12099547,0.12547219,139233,0,0,17203
-0.23406084,-0.13516092,-0.32141042,0.09227619,0.13489653,0.17584401,139234,0,0,17203
-0.23307851,-0.1730312,-0.2923488,0.09644669,0.17265578,0.18868966,139235,0,0,17203
-0.35835606,-0.20957711,-0.4334969,0.13669305,0.20679748,0.30555138,139236,0,0,17203
-0.33585715,-0.17522402,-0.19385262,0.073368356,0.17596109,0.25907797,139237,0,0,17203
-0.29213753,-0.20567937,-0.3409502,0.11848805,0.20522438,0.246276,139238,0,0,17203
-0.14600773,-0.17550674,-0.337448,0.17523833,0.17550722,0.043281395,139272,0,0,17389
-0.21113397,-0.17550693,-0.35120445,0.15616019,0.17550701,0.03074783,139273,0,0,17389
-0.15927167,-0.18081558,-0.34610787,0.18083154,0.17960049,0.04460382,139274,0,0,17389
-0.15498741,-0.18020323,-0.3128654,0.18511572,0.18021284,0.077846326,139275,0,0,17389
-0.18496786,-0.13869123,-0.25964445,0.0707618,0.13865861,0.040221,139277,0,0,17389
-0.14700945,-0.15670261,-0.31460232,0.13762036,0.15670271,0.025815774,139278,0,0,17389
-0.20309271,-0.15949266,-0.28318325,0.09414813,0.1594596,0.063228644,139279,0,0,17389
-0.24586193,-0.16427708,-0.31049645,0.09455817,0.16424382,0.046075217,139280,0,0,17389
-0.22409919,-0.15255903,-0.2763679,0.06836061,0.15252574,0.05424153,139281,0,0,17389
-0.3185246,-0.22501652,-0.32349274,0.14095515,0.22498348,0.0957549,139282,0,0,17389
-0.1284931,-0.13869151,-0.2553417,0.13590503,0.13865831,0.04452375,139283,0,0,17389
-0.23073478,-0.15670253,-0.27070814,0.10243765,0.15670276,0.07374057,139284,0,0,17389
-0.29155254,-0.20935059,-0.36555985,0.10226206,0.20944774,0.08510933,139285,0,0,17389
-0.34552038,-0.23657247,-0.40226522,0.11006724,0.23666961,0.10699082,139286,0,0,17389
-0.26825082,-0.18188676,-0.16372392,0.07709265,0.1817189,0.23092815,139287,0,0,17389
-0.23799558,-0.17992046,-0.30316803,0.13484564,0.17988813,0.08736284,139288,0,0,17389
-0.12444337,-0.12783895,-0.27303702,0.16606614,0.12783906,0.019274902,139297,0,0,17388
-0.16312148,-0.12327097,-0.29387036,0.15284942,0.12327109,0.011747691,139298,0,0,17388
-0.12373306,-0.11844737,-0.2753127,0.1722929,0.11664343,-0.052941237,139299,0,0,17388
-0.12449966,-0.11126401,-0.2323361,0.17321646,0.11127363,-0.012123525,139300,0,0,17388
-0.16832085,-0.098250635,-0.20879959,0.055903513,0.09825076,0.022251008,139303,0,0,17388
-0.12787472,-0.11298826,-0.2835261,0.14314677,0.11298834,-0.008777117,139304,0,0,17388
-0.17990026,-0.11298825,-0.25009504,0.09051482,0.11298835,0.039748974,139305,0,0,17388
-0.19993278,-0.1175077,-0.27121362,0.087685704,0.11750795,0.02542458,139306,0,0,17388
-0.19377714,-0.1009591,-0.25575396,0.053411607,0.10095901,0.029235134,139307,0,0,17388
-0.22317834,-0.13098723,-0.33676463,0.10537127,0.13098732,0.058670323,139308,0,0,17388
-0.09992885,-0.09031221,-0.21890952,0.12448008,0.09333395,0.018069807,139309,0,0,17388
-0.18490398,-0.11298817,-0.26250824,0.09587136,0.11298842,0.038739778,139310,0,0,17388
-0.2884273,-0.16383298,-0.31298444,0.10768639,0.1638331,0.07786514,139311,0,0,17388
-0.29095683,-0.19888419,-0.29363173,0.07969261,0.19888434,0.12396172,139312,0,0,17388
-0.21072383,-0.1120073,-0.17008357,0.08008456,0.11208793,0.182916,139313,0,0,17388
-0.19115207,-0.12617426,-0.29566428,0.16026582,0.12617318,0.057335276,139314,0,0,17388
-0.2324259,-0.20527598,-0.45547798,0.22974785,0.20568165,0.042160977,139325,0,0,17312
-0.32263583,-0.23766974,-0.3676123,0.19727568,0.2381605,0.03384445,139326,0,0,17312
-0.26219046,-0.2558334,-0.43420753,0.23024374,0.2571971,0.037469953,139327,0,0,17312
-0.23584938,-0.24411102,-0.43066773,0.23586872,0.24460165,0.07831949,139328,0,0,17312
-0.23249073,-0.18613547,-0.3755753,0.096914135,0.18662615,0.052884746,139330,0,0,17312
-0.20168762,-0.20663737,-0.53878856,0.16395183,0.20712808,0.037527565,139331,0,0,17312
-0.25855616,-0.21694164,-0.4752555,0.12715144,0.21743232,0.08084014,139332,0,0,17312
-0.30064735,-0.24150605,-0.44454247,0.15200523,0.24199693,0.064246744,139333,0,0,17312
-0.26933336,-0.21491264,-0.38091546,0.11093158,0.21540333,0.07720048,139334,0,0,17312
-0.5004638,-0.29516244,-0.49884892,0.2031724,0.29565328,0.08539645,139335,0,0,17312
-0.17167753,-0.1863155,-0.40947053,0.16072194,0.18983486,0.051110372,139336,0,0,17312
-0.3287507,-0.20592996,-0.46914974,0.10399427,0.20642087,0.11503719,139337,0,0,17312
-0.3193481,-0.23737219,-0.36254823,0.13903,0.23786306,0.18848361,139338,0,0,17312
-0.27222615,-0.2908453,-0.38108623,0.21161899,0.29133603,0.3121128,139339,0,0,17312
-0.2666136,-0.2080185,-0.38630325,0.12423917,0.2057469,0.19001296,139340,0,0,17312
-0.36268947,-0.23560098,-0.5066474,0.24518605,0.23609164,0.023523828,139341,0,0,17312
-0.14740278,-0.18553622,-0.36510244,0.24966581,0.18553598,0.049612705,139377,0,0,17322
-0.21718954,-0.19878876,-0.31222215,0.20922408,0.19878864,0.026469374,139378,0,0,17322
-0.15317713,-0.22631699,-0.42824927,0.25946304,0.22631669,0.05007974,139379,0,0,17322
-0.17028831,-0.20388585,-0.38927025,0.27122962,0.20388572,0.07181431,139380,0,0,17322
-0.20282057,-0.15878941,-0.30980197,0.14104064,0.15878977,0.049297992,139383,0,0,17322
-0.16161469,-0.16990496,-0.34329304,0.2063168,0.16990472,0.040943936,139384,0,0,17322
-0.21855237,-0.17840026,-0.3419024,0.16777581,0.17840002,0.061546545,139385,0,0,17322
-0.24205534,-0.17840023,-0.35254145,0.15534166,0.17840001,0.062304616,139386,0,0,17322
-0.22479479,-0.16337006,-0.3283005,0.12898555,0.16336997,0.041158218,139387,0,0,17322
-0.44943544,-0.24986215,-0.47743198,0.24752909,0.24986185,0.087626815,139388,0,0,17322
-0.12922259,-0.14246768,-0.2849017,0.18364432,0.14648612,0.041830476,139389,0,0,17322
-0.24994265,-0.1817983,-0.29163924,0.14908877,0.18179803,0.08753649,139390,0,0,17322
-0.2121644,-0.19877046,-0.24133798,0.16104904,0.19877142,0.10701104,139391,0,0,17322
-0.2020908,-0.23147848,-0.2828716,0.22303754,0.23147817,0.16739216,139392,0,0,17322
-0.25263956,-0.1730156,-0.1915241,0.13399044,0.17012557,0.20747288,139393,0,0,17322
-0.31805554,-0.22019634,-0.33929077,0.27164996,0.22019693,0.016512789,139394,0,0,17322
-0.20030269,-0.1305493,-0.34862137,0.27940238,0.13076453,0.13502508,139530,0,0,17181
-0.22953425,-0.1371486,-0.38164878,0.27220377,0.13738765,0.14855076,139531,0,0,17181
-0.20912465,-0.1496793,-0.36179018,0.27862725,0.14560533,0.15509719,139532,0,0,17181
-0.19307843,-0.1472502,-0.32499546,0.29467356,0.1480344,0.19189191,139533,0,0,17181
-0.23388894,-0.11433547,-0.29140657,0.13982484,0.11457749,0.12150138,139536,0,0,17181
-0.2333221,-0.12716213,-0.3920122,0.2514959,0.1265407,0.134171,139537,0,0,17181
-0.26523364,-0.11891375,-0.35813865,0.18277442,0.11915571,0.14973779,139538,0,0,17181
-0.28571635,-0.12716223,-0.414538,0.23634392,0.12654063,0.14409946,139539,0,0,17181
-0.31269297,-0.11202346,-0.35704997,0.17212506,0.11249227,0.14407693,139540,0,0,17181
-0.36890724,-0.18668859,-0.46562386,0.3913953,0.18625458,0.19935857,139541,0,0,17181
-0.16597839,-0.11262461,-0.2993398,0.20773539,0.11628833,0.1135681,139542,0,0,17181
-0.29782152,-0.12716214,-0.39749208,0.2754112,0.12654062,0.15990257,139543,0,0,17181
-0.26615694,-0.15749252,-0.38737684,0.27033225,0.15709896,0.20168155,139544,0,0,17181
-0.3483757,-0.2125064,-0.47270834,0.37588468,0.21219213,0.32252055,139545,0,0,17181
-0.27381918,-0.11124489,-0.23922849,0.19516684,0.11139927,0.27709916,139546,0,0,17181
-0.25812167,-0.14955603,-0.40993783,0.2791008,0.1491029,0.16613291,139547,0,0,17181
-0.37265924,-0.37908766,-0.35871467,0.37953004,0.37310162,0.3934746,139555,0,0,17158
-0.37139592,-0.37572974,-0.3812707,0.3735778,0.36924398,0.39226398,139556,0,0,17158
-0.39439356,-0.3959709,-0.35643625,0.4006355,0.39197892,0.4563195,139557,0,0,17158
-0.38866377,-0.39143714,-0.36510274,0.39104846,0.39122552,0.45891306,139558,0,0,17158
-0.4052961,-0.40225726,-0.35856918,0.39316547,0.39755923,0.46892005,139561,0,0,17158
-0.38738504,-0.3780692,-0.39234263,0.3841389,0.39345476,0.42652714,139562,0,0,17158
-0.39146227,-0.40106583,-0.365115,0.402522,0.39258295,0.47142762,139563,0,0,17158
-0.3950175,-0.40064812,-0.36200786,0.39671078,0.39395198,0.45563555,139564,0,0,17158
-0.38984463,-0.39066735,-0.3613326,0.392896,0.39226195,0.46472892,139565,0,0,17158
-0.38543552,-0.39513564,-0.3655641,0.38981235,0.38898852,0.45326078,139566,0,0,17158
-0.3901648,-0.39054912,-0.36332822,0.3916697,0.38738206,0.45722118,139567,0,0,17158
-0.39112025,-0.39626563,-0.36668098,0.39110953,0.39251065,0.45121735,139568,0,0,17158
-0.3998482,-0.39454916,-0.36324617,0.39578155,0.39890888,0.46000254,139569,0,0,17158
-0.39433348,-0.3947176,-0.36463842,0.3925919,0.3970414,0.46118683,139570,0,0,17158
-0.37117067,-0.37650475,-0.3616497,0.3863113,0.37919322,0.43321252,139571,0,0,17158
-0.39258158,-0.39238745,-0.37509972,0.390959,0.39078158,0.45758033,139572,0,0,17158
-0.15532385,-0.15256992,-0.28076458,0.2396607,0.15242933,0.12330633,139577,0,0,17157
-0.18330781,-0.18446095,-0.2886459,0.20471036,0.18431358,0.12410498,139578,0,0,17157
-0.15037914,-0.15699574,-0.2942885,0.20703407,0.15481545,0.14468671,139579,0,0,17157
-0.15037926,-0.15699571,-0.26153126,0.22547896,0.15481551,0.17744422,139580,0,0,17157
-0.222171,-0.12652592,-0.2369209,0.10523627,0.12632653,0.12447369,139582,0,0,17157
-0.18330787,-0.16663337,-0.32098177,0.20470996,0.16649348,0.12410489,139583,0,0,17157
-0.23457642,-0.14565814,-0.26510838,0.14368938,0.14557076,0.15767534,139584,0,0,17157
-0.2369696,-0.15730491,-0.28653714,0.1552821,0.1572177,0.14508368,139585,0,0,17157
-0.24659967,-0.14840373,-0.2759165,0.161675,0.14831564,0.1324444,139586,0,0,17157
-0.29367265,-0.24162084,-0.47597796,0.2879117,0.24153288,0.23930441,139587,0,0,17157
-0.13450529,-0.13046224,-0.25652596,0.16902864,0.13229293,0.11853642,139588,0,0,17157
-0.2246001,-0.13953991,-0.31151184,0.13633965,0.14731598,0.14814873,139589,0,0,17157
-0.16129152,-0.13831885,-0.31245092,0.18543747,0.13823216,0.16253534,139590,0,0,17157
-0.25694528,-0.24162084,-0.46902105,0.25834113,0.24153288,0.30523065,139591,0,0,17157
-0.25682697,-0.1573048,-0.18861449,0.11244559,0.15721776,0.27405757,139592,0,0,17157
-0.19908729,-0.2021143,-0.45125157,0.23079272,0.20202772,0.24022193,139593,0,0,17157
-0.15532385,-0.15256992,-0.28076458,0.2396607,0.15242933,0.12330633,139600,0,0,17385
-0.18330781,-0.18446095,-0.2886459,0.20471036,0.18431358,0.12410498,139601,0,0,17385
-0.15037914,-0.15699574,-0.2942885,0.20703407,0.15481545,0.14468671,139602,0,0,17385
-0.15037926,-0.15699571,-0.26153126,0.22547896,0.15481551,0.17744422,139603,0,0,17385
-0.222171,-0.12652592,-0.2369209,0.10523627,0.12632653,0.12447369,139606,0,0,17385
-0.18330787,-0.16663337,-0.32098177,0.20470996,0.16649348,0.12410489,139607,0,0,17385
-0.23457642,-0.14565814,-0.26510838,0.14368938,0.14557076,0.15767534,139608,0,0,17385
-0.2369696,-0.15730491,-0.28653714,0.1552821,0.1572177,0.14508368,139609,0,0,17385
-0.24659967,-0.14840373,-0.2759165,0.161675,0.14831564,0.19933458,139610,0,0,17385
-0.29367265,-0.24162084,-0.47597796,0.40564695,0.24153288,0.2574668,139611,0,0,17385
-0.13450529,-0.13046224,-0.25652596,0.23489203,0.13229293,0.19689022,139612,0,0,17385
-0.2246001,-0.13953991,-0.31151184,0.23801838,0.14731598,0.23635443,139613,0,0,17385
-0.16129152,-0.13831885,-0.31245092,0.26188722,0.13823216,0.24384716,139614,0,0,17385
-0.25694528,-0.24162084,-0.46902105,0.41494292,0.24153288,0.45639357,139615,0,0,17385
-0.25682697,-0.1573048,-0.18861449,0.183134,0.15721776,0.3261899,139616,0,0,17385
-0.19908729,-0.2021143,-0.45125157,0.3315548,0.20202772,0.33231658,139617,0,0,17385
-0.17149654,-0.18738666,-0.27314854,0.19529305,0.18523024,0.1096032,139625,0,0,17374
-0.20575991,-0.19029811,-0.27883157,0.17081599,0.18565282,0.11189771,139626,0,0,17374
-0.17661677,-0.19585347,-0.31297958,0.20441723,0.19095095,0.10451429,139627,0,0,17374
-0.1770484,-0.1944166,-0.2674672,0.219925,0.19238777,0.15002663,139628,0,0,17374
-0.20409837,-0.14605737,-0.2107042,0.083167344,0.14390104,0.09065201,139629,0,0,17374
-0.17569101,-0.16780423,-0.2567468,0.15466465,0.16564785,0.08981295,139630,0,0,17374
-0.22518833,-0.1561994,-0.24668768,0.11376606,0.15428698,0.10350449,139631,0,0,17374
-0.25111306,-0.1686091,-0.28216818,0.10987985,0.16671626,0.10133741,139632,0,0,17374
-0.23726985,-0.16139168,-0.22719696,0.07158785,0.15923527,0.08840112,139633,0,0,17374
-0.23484226,-0.19871244,-0.37807015,0.16111384,0.199386,0.12793463,139634,0,0,17374
-0.13532765,-0.14264844,-0.2137129,0.14909385,0.144439,0.084659725,139635,0,0,17374
-0.22856636,-0.15378945,-0.2596283,0.12257898,0.15424784,0.12981163,139636,0,0,17374
-0.27918723,-0.17213361,-0.25957456,0.1115802,0.17212056,0.17891428,139637,0,0,17374
-0.2845344,-0.19155179,-0.32303768,0.12756862,0.1915458,0.17465763,139638,0,0,17374
-0.28741828,-0.177916,-0.1532946,0.10098142,0.17603855,0.24438293,139639,0,0,17374
-0.25454944,-0.19155185,-0.30081406,0.24352747,0.19154575,0.13523422,139640,0,0,17374
-0.3099238,-0.24743451,-0.34336007,0.23754838,0.24744527,0.19586957,139649,0,0,16634
-0.39267096,-0.2584034,-0.3083123,0.2413923,0.2584033,0.2469434,139650,0,0,16634
-0.3439193,-0.29197058,-0.40951827,0.24072507,0.29207322,0.23717685,139651,0,0,16634
-0.3593587,-0.2756451,-0.35281557,0.23866595,0.2757174,0.29447684,139652,0,0,16634
-0.326292,-0.19439328,-0.27003214,0.12791176,0.19437891,0.17798029,139655,0,0,16634
-0.30856612,-0.20765814,-0.32859167,0.19010864,0.20765807,0.18575646,139656,0,0,16634
-0.363104,-0.22338302,-0.33832818,0.1612522,0.22339374,0.23856279,139657,0,0,16634
-0.39905587,-0.25835466,-0.34774995,0.16648751,0.25839198,0.2409602,139658,0,0,16634
-0.39239055,-0.19075306,-0.29212147,0.13388878,0.19074273,0.20191018,139659,0,0,16634
-0.4547626,-0.3090686,-0.3421699,0.24504597,0.3096268,0.31010258,139660,0,0,16634
-0.2544938,-0.18154222,-0.25692126,0.184437,0.18152732,0.17078754,139661,0,0,16634
-0.3639693,-0.18208124,-0.25520203,0.15634345,0.18206602,0.3169322,139662,0,0,16634
-0.45032454,-0.29013515,-0.30724582,0.2031954,0.2819034,0.31914842,139663,0,0,16634
-0.4546615,-0.3260416,-0.33879504,0.2680573,0.32614985,0.49688938,139664,0,0,16634
-0.41174498,-0.22382538,-0.1819564,0.16266757,0.22382517,0.33744383,139665,0,0,16634
-0.4374144,-0.26205412,-0.30505598,0.23992689,0.26205266,0.2595517,139666,0,0,16634
-0.18804128,-0.13598214,-0.33616295,0.2334608,0.13821407,0.053647175,139676,0,0,16633
-0.24266537,-0.14802192,-0.38243133,0.21600156,0.15035076,0.07786245,139677,0,0,16633
-0.22098921,-0.17114362,-0.35002455,0.23208067,0.17397578,0.029489571,139678,0,0,16633
-0.22256786,-0.17453077,-0.31532854,0.2425545,0.17685942,0.06418557,139679,0,0,16633
-0.24919401,-0.12184037,-0.30888873,0.12897882,0.12416919,0.0706254,139682,0,0,16633
-0.199053,-0.12184037,-0.33962768,0.1791198,0.12416919,0.03988645,139683,0,0,16633
-0.23376934,-0.12015922,-0.28775963,0.13160482,0.12245326,0.05373046,139684,0,0,16633
-0.26233792,-0.13216989,-0.35511345,0.1473861,0.13436444,0.05606384,139685,0,0,16633
-0.24287717,-0.1123727,-0.27858517,0.095957,0.11459286,0.043979485,139686,0,0,16633
-0.3431514,-0.18416223,-0.47857508,0.19154231,0.18655059,0.14265063,139687,0,0,16633
-0.14809746,-0.10185423,-0.2696664,0.15864797,0.10768614,0.042829145,139688,0,0,16633
-0.26314312,-0.12180594,-0.33600625,0.09733967,0.12395731,0.060991634,139689,0,0,16633
-0.31226507,-0.20398976,-0.29113352,0.14923328,0.20631729,0.09614959,139690,0,0,16633
-0.3286716,-0.1828426,-0.3863914,0.18858306,0.18517137,0.17567511,139691,0,0,16633
-0.27604905,-0.13461675,-0.18339702,0.1328111,0.13936149,0.1828898,139692,0,0,16633
-0.2554243,-0.1460802,-0.35029116,0.24625903,0.14840801,0.062478594,139693,0,0,16633
-0.13295057,-0.20149574,-0.18663964,0.18594645,0.20140554,0.015302507,139800,0,0,17212
-0.16555296,-0.1942474,-0.22912169,0.17367359,0.19246702,0.019570945,139801,0,0,17212
-0.12369602,-0.1934617,-0.22783883,0.19429733,0.19632192,0.010275263,139802,0,0,17212
-0.13560657,-0.20879942,-0.19260629,0.2337079,0.20860666,0.052309252,139803,0,0,17212
-0.17556879,-0.13831341,-0.14727634,0.06998213,0.13818772,0.013955616,139806,0,0,17212
-0.13272801,-0.15345748,-0.1868288,0.13983354,0.15345877,-0.00786136,139807,0,0,17212
-0.19596907,-0.1549948,-0.1617544,0.10371904,0.15499073,0.029012624,139808,0,0,17212
-0.2067264,-0.16266483,-0.2001705,0.1057829,0.16266629,0.015579687,139809,0,0,17212
-0.20135352,-0.15345746,-0.1623094,0.071208,0.15345873,0.016658064,139810,0,0,17212
-0.24790497,-0.23369665,-0.23326188,0.1641136,0.23339479,0.053211246,139811,0,0,17212
-0.097705245,-0.12297705,-0.14999083,0.13327913,0.12711766,0.0089073,139812,0,0,17212
-0.19286056,-0.15104587,-0.19373292,0.089933194,0.15104733,0.04232918,139813,0,0,17212
-0.24503976,-0.17202798,-0.15921992,0.12822114,0.17187627,0.07048277,139814,0,0,17212
-0.16496918,-0.1982363,-0.20266993,0.17842343,0.19819926,0.10762589,139815,0,0,17212
-0.21083339,-0.15463477,-0.03771445,0.10125383,0.15228142,0.14816879,139816,0,0,17212
-0.20954493,-0.19757737,-0.18612847,0.2537206,0.19742389,-0.011712545,139817,0,0,17212
-0.10101157,-0.12889448,-0.34455648,0.2266938,0.12833999,0.13354126,139828,0,0,17211
-0.10559235,-0.15327147,-0.37076756,0.20491777,0.15376452,0.13441734,139829,0,0,17211
-0.092703745,-0.14833502,-0.36202592,0.20785838,0.14668922,0.11563338,139830,0,0,17211
-0.11132327,-0.1568461,-0.35237148,0.23300608,0.15732713,0.12408035,139831,0,0,17211
-0.1236888,-0.10065708,-0.28643385,0.088637635,0.10128547,0.11808036,139834,0,0,17211
-0.09534885,-0.13050428,-0.36087817,0.20715591,0.13107271,0.1252266,139835,0,0,17211
-0.11338997,-0.11366449,-0.31856605,0.11842903,0.11423887,0.11861984,139836,0,0,17211
-0.1442088,-0.14139171,-0.3777753,0.16630134,0.14192423,0.13379472,139837,0,0,17211
-0.14801703,-0.11642741,-0.3153596,0.10102246,0.11701604,0.12882,139838,0,0,17211
-0.18141527,-0.18120338,-0.46673244,0.21621616,0.1816039,0.14455786,139839,0,0,17211
-0.094367385,-0.09370811,-0.2799759,0.14688393,0.0943989,0.11919914,139840,0,0,17211
-0.097699456,-0.12694816,-0.37077272,0.10470253,0.12752838,0.13218032,139841,0,0,17211
-0.21042812,-0.14619304,-0.36367756,0.17527841,0.14663453,0.19413482,139842,0,0,17211
-0.15951987,-0.18616726,-0.39082694,0.2765002,0.18656777,0.25966454,139843,0,0,17211
-0.15208097,-0.12892728,-0.20947757,0.13460365,0.12949568,0.23125093,139844,0,0,17211
-0.2596199,-0.18120338,-0.3825285,0.28267613,0.18160395,0.12563702,139845,0,0,17211
-0.12192717,-0.1472336,-0.2654521,0.20889911,0.15737349,0.17827766,140006,0,0,5278
-0.15772505,-0.14882928,-0.2675754,0.18373081,0.15577775,0.17543837,140007,0,0,5278
-0.11427172,-0.17551914,-0.31103328,0.19978566,0.1803312,0.19261874,140008,0,0,5278
-0.12312064,-0.19495319,-0.28142482,0.22481672,0.20660286,0.2869165,140009,0,0,5278
-0.1644233,-0.11614455,-0.19911829,0.09027489,0.12350959,0.14709151,140012,0,0,5278
-0.12198883,-0.14229044,-0.25580975,0.1572234,0.15081614,0.15903786,140013,0,0,5278
-0.17797281,-0.1327787,-0.21972427,0.11061206,0.1415044,0.16848174,140014,0,0,5278
-0.19284777,-0.1607354,-0.2598195,0.11808304,0.17111976,0.20987113,140015,0,0,5278
-0.18436919,-0.13215017,-0.21393648,0.10022875,0.14105542,0.17314585,140016,0,0,5278
-0.21685058,-0.19660859,-0.30379695,0.1803314,0.20787856,0.24648158,140017,0,0,5278
-0.092771724,-0.11433773,-0.20438394,0.161599,0.12531637,0.14097703,140018,0,0,5278
-0.17904909,-0.14229043,-0.24819882,0.10765635,0.15081616,0.16998518,140019,0,0,5278
-0.10371697,-0.18590261,-0.22243918,0.15068787,0.19692019,0.29581824,140020,0,0,5278
-0.073771775,-0.20466374,-0.25207534,0.17071255,0.21679245,0.32202336,140021,0,0,5278
-0.2008749,-0.15919337,-0.10293003,0.09564111,0.16995092,0.40293473,140022,0,0,5278
-0.21203935,-0.19495334,-0.2820938,0.2473562,0.20660275,0.26419702,140023,0,0,5278
-0.1226904,-0.19305424,-0.36766827,0.21039076,0.19295895,0.1427083,140040,0,0,17207
-0.14156416,-0.18123634,-0.43096694,0.20005865,0.17974646,0.05224927,140042,0,0,17207
-0.10649464,-0.1654992,-0.37301937,0.1822269,0.16536944,0.0688656,140044,0,0,17207
-0.12664305,-0.16549912,-0.37402046,0.21420968,0.16536954,0.067758895,140046,0,0,17207
-0.15598792,-0.16062371,-0.30881944,0.07892462,0.16058452,0.10241476,140050,0,0,17207
-0.11095464,-0.177433,-0.3878138,0.15347412,0.17734015,0.08777104,140052,0,0,17207
-0.17111287,-0.18789497,-0.357496,0.13017137,0.18822059,0.1459771,140054,0,0,17207
-0.19332746,-0.18009564,-0.40777913,0.11781866,0.18066442,0.08277962,140056,0,0,17207
-0.18918425,-0.17224811,-0.3771151,0.076186545,0.17283112,0.08525693,140058,0,0,17207
-0.21530956,-0.2195754,-0.5048892,0.17859964,0.22047985,0.08220849,140060,0,0,17207
-0.09397296,-0.13487603,-0.33539054,0.13832021,0.13845013,0.030839393,140062,0,0,17207
-0.20331351,-0.15391195,-0.37367776,0.12043209,0.15381889,0.03908928,140064,0,0,17207
-0.11130888,-0.21994837,-0.34931782,0.17182685,0.2201068,0.22025359,140066,0,0,17207
-0.06948849,-0.22433607,-0.4003184,0.24218811,0.21569872,0.15636244,140068,0,0,17207
-0.20133764,-0.19423491,-0.26399153,0.13730475,0.19419993,0.25584915,140070,0,0,17207
-0.1763031,-0.22002709,-0.5009945,0.23621655,0.22002809,0.08863561,140072,0,0,17207
-0.12192717,-0.15824614,-0.42144015,0.21001337,0.17954671,0.29384804,140123,0,0,17189
-0.15772507,-0.15824604,-0.39977726,0.18221347,0.1795468,0.31442213,140124,0,0,17189
-0.11427174,-0.15824603,-0.46129963,0.18959196,0.17954685,0.24795564,140125,0,0,17189
-0.12312058,-0.19148631,-0.4087775,0.21958858,0.2172431,0.30853215,140126,0,0,17189
-0.16442329,-0.11897139,-0.31841728,0.07744638,0.13500826,0.21485735,140129,0,0,17189
-0.12198875,-0.14385633,-0.42847353,0.1572234,0.16322812,0.2807819,140130,0,0,17189
-0.1779728,-0.13319723,-0.3750513,0.10783846,0.15114023,0.28166673,140131,0,0,17189
-0.19284774,-0.15816554,-0.41210955,0.11681941,0.17962736,0.30206442,140132,0,0,17189
-0.18436918,-0.12658854,-0.33614942,0.085243106,0.14364572,0.23125505,140133,0,0,17189
-0.21685058,-0.18990348,-0.48647118,0.17576542,0.21544802,0.32740492,140134,0,0,17189
-0.09277172,-0.11549698,-0.319318,0.16244853,0.13106723,0.19838674,140135,0,0,17189
-0.17904909,-0.14652108,-0.41211247,0.10898999,0.16625008,0.30348933,140136,0,0,17189
-0.18110685,-0.17407398,-0.41952732,0.15068787,0.19749826,0.32753196,140137,0,0,17189
-0.2111214,-0.20720665,-0.46403652,0.21517535,0.2349643,0.381901,140138,0,0,17189
-0.20087488,-0.16570437,-0.28706864,0.083184615,0.19209771,0.46790308,140139,0,0,17189
-0.21203935,-0.19418296,-0.4284737,0.2458169,0.21792431,0.30002284,140140,0,0,17189
0,-0.06322365,-0.16063417,0.14046785,0,0,140146,0,0,17188
0,-0.06183998,-0.16548695,0.11780743,0,0,140147,0,0,17188
0.12473248,-0.08009662,-0.19585875,0.14024837,-0.024148116,-0.13783401,140148,0,0,17188
0.12398622,-0.08212165,-0.1477607,0.13950212,-0.02617314,-0.090073824,140149,0,0,17188
0,-0.050379094,-0.12496597,0.036391377,0,0,140152,0,0,17188
0,-0.058893383,-0.16634151,0.10460157,0,0,140153,0,0,17188
0,-0.056037266,-0.13169634,0.06331754,0,0,140154,0,0,17188
0,-0.061525617,-0.1592553,0.063340425,0,0,140155,0,0,17188
0,-0.060119,-0.13399832,0.035139464,0,0,140156,0,0,17188
0,-0.0826971,-0.18775043,0.10160328,0,0,140157,0,0,17188
0.09222088,-0.050379097,-0.13179594,0.10183398,-0.008485497,-0.08960353,140158,0,0,17188
0.04343533,-0.058893383,-0.16400345,0.056089748,-0.013089615,-0.11976627,140159,0,0,17188
0.014487647,-0.082596116,-0.12683964,0.034145426,-0.04104842,-0.081271835,140160,0,0,17188
0.018756706,-0.0825961,-0.13841636,0.03841448,-0.041048408,-0.09284858,140161,0,0,17188
0.021449385,-0.06308596,-0.008088488,0.036631316,-0.015957572,0.04141925,140162,0,0,17188
0.058948413,-0.07185022,-0.14790154,0.08819359,-0.03060676,-0.09734178,140163,0,0,17188
-0.11532806,-0.09303959,-0.17783663,0.15686114,0.09216221,-0.076210864,140171,0,0,17401
-0.15375635,-0.09401762,-0.1797721,0.13502169,0.09208857,-0.08650338,140172,0,0,17401
-0.11103197,-0.12084741,-0.21257088,0.16856131,0.11141556,-0.10846698,140173,0,0,17401
-0.12155762,-0.11991669,-0.17073384,0.16441916,0.10412999,-0.0666299,140174,0,0,17401
-0.16461615,-0.07444478,-0.12964116,0.0515025,0.07373064,-0.064075984,140177,0,0,17401
-0.12244429,-0.083947964,-0.17320968,0.13496545,0.08179353,-0.09056353,140178,0,0,17401
-0.17579561,-0.085237056,-0.13851906,0.083935395,0.084665224,-0.048424818,140179,0,0,17401
-0.19857232,-0.089500785,-0.17040582,0.08239934,0.08957945,-0.08390522,140180,0,0,17401
-0.1902749,-0.07755,-0.1422127,0.050782893,0.075799055,-0.056762252,140181,0,0,17401
-0.2074901,-0.10891534,-0.19570345,0.11771311,0.10292309,-0.026782162,140182,0,0,17401
-0.0942354,-0.07267623,-0.13637564,0.11480933,0.07619009,-0.0681406,140183,0,0,17401
-0.17915918,-0.078339614,-0.17397213,0.076060094,0.07844249,-0.006658566,140184,0,0,17401
-0.16307369,-0.13210534,-0.14519066,0.06880233,0.12821198,0.054821063,140185,0,0,17401
-0.19513114,-0.16802372,-0.16758406,0.06653017,0.16759486,0.09494326,140186,0,0,17401
-0.20051289,-0.09386418,-0.024563212,0.061960533,0.08368521,0.07352449,140187,0,0,17401
-0.18434992,-0.10350828,-0.15484507,0.11835513,0.08399753,-0.07643371,140188,0,0,17401
-0.11532805,-0.09303951,-0.17799893,0.186349,0.092162274,-0.076210804,140193,0,0,17393
-0.15375638,-0.09401762,-0.1801668,0.16189158,0.09208858,-0.086503424,140194,0,0,17393
-0.11103197,-0.12084741,-0.21257088,0.19746865,0.11141556,-0.10846698,140195,0,0,17393
-0.12172227,-0.11991666,-0.1706204,0.19316189,0.10412998,-0.066629834,140196,0,0,17393
-0.16461618,-0.074011184,-0.13006777,0.07544247,0.07373064,-0.06407595,140199,0,0,17393
-0.12244427,-0.08394796,-0.17329997,0.14954062,0.08179354,-0.09056359,140200,0,0,17393
-0.17579561,-0.085237056,-0.13876905,0.10802351,0.084665224,-0.048424818,140201,0,0,17393
-0.19857232,-0.089500785,-0.17040585,0.10687095,0.08957945,-0.08390522,140202,0,0,17393
-0.19027482,-0.081185065,-0.14220941,0.082626626,0.07579905,-0.05170637,140203,0,0,17393
-0.2074901,-0.10891534,-0.19633378,0.15314229,0.10292309,-0.026782162,140204,0,0,17393
-0.09423543,-0.07267624,-0.13623868,0.1367413,0.07619008,-0.068140395,140205,0,0,17393
-0.17915922,-0.07833961,-0.17397217,0.09697777,0.07844249,-0.0066586076,140206,0,0,17393
-0.1630737,-0.13210535,-0.14519066,0.10236656,0.128212,0.054820985,140207,0,0,17393
-0.19513114,-0.16802372,-0.16758406,0.11083563,0.16759486,0.09494326,140208,0,0,17393
-0.20051289,-0.09386418,-0.024563212,0.07046883,0.08368521,0.07352449,140209,0,0,17393
-0.18742922,-0.10371828,-0.15450782,0.12880354,0.083787516,-0.07609648,140210,0,0,17393
-0.11532804,-0.09303949,-0.18688758,0.27954933,0.09216225,-0.076210864,140215,0,0,17392
-0.15375637,-0.10259285,-0.19598736,0.2463636,0.09208858,-0.08650335,140216,0,0,17392
-0.11103197,-0.12096337,-0.22055021,0.27912724,0.11141556,-0.10846698,140217,0,0,17392
-0.12155761,-0.12021378,-0.17861687,0.27448025,0.10412999,-0.066629864,140218,0,0,17392
-0.16461617,-0.074011184,-0.13964945,0.17123471,0.07373064,-0.0640762,140221,0,0,17392
-0.12244429,-0.08394797,-0.18569805,0.24099655,0.08179353,-0.09056355,140222,0,0,17392
-0.17666997,-0.0852371,-0.14883685,0.19794798,0.08466518,-0.048424315,140223,0,0,17392
-0.19857228,-0.08950079,-0.18062866,0.19601297,0.089579456,-0.08390515,140224,0,0,17392
-0.19027482,-0.08570231,-0.15348017,0.17198779,0.07579905,-0.05170637,140225,0,0,17392
-0.20749009,-0.11413208,-0.2145671,0.23262316,0.1029231,-0.026782217,140226,0,0,17392
-0.09423543,-0.07267622,-0.14562997,0.23532401,0.076190084,-0.0681406,140227,0,0,17392
-0.17915922,-0.082399905,-0.18727198,0.19098814,0.07846991,-0.0066585564,140228,0,0,17392
-0.16307369,-0.17354257,-0.15102813,0.1830139,0.12821196,0.054820914,140229,0,0,17392
-0.19513114,-0.1680237,-0.16758417,0.18368265,0.16759486,0.09494321,140230,0,0,17392
-0.20051287,-0.10550401,-0.040866517,0.17040403,0.083685204,0.07352449,140231,0,0,17392
-0.18451114,-0.11920527,-0.17115498,0.21903014,0.08378754,-0.06065177,140232,0,0,17392
-0.25993714,-0.18261446,-0.42133865,0.2152261,0.18261458,0.12591244,140239,0,0,17324
-0.2828717,-0.18261445,-0.43398753,0.17088988,0.1826146,0.14450195,140240,0,0,17324
-0.23519106,-0.24500449,-0.4285933,0.18440895,0.24344744,0.1755349,140241,0,0,17324
-0.21654183,-0.24422595,-0.44680724,0.2030582,0.2442259,0.21280845,140242,0,0,17324
-0.23985358,-0.14319332,-0.3426973,0.070128836,0.14319344,0.14459836,140245,0,0,17324
-0.21331917,-0.16753615,-0.41450587,0.1493603,0.16753633,0.15563008,140246,0,0,17324
-0.21120386,-0.21229397,-0.37852502,0.10022092,0.21229364,0.17248392,140247,0,0,17324
-0.24061199,-0.23503934,-0.4297042,0.10683362,0.23503964,0.18034147,140248,0,0,17324
-0.28525776,-0.16753633,-0.395897,0.08145244,0.16753611,0.17945056,140249,0,0,17324
-0.33793357,-0.2194725,-0.47512162,0.1893301,0.21947248,0.22577599,140250,0,0,17324
-0.17004193,-0.14202899,-0.34865853,0.13994046,0.14435774,0.13863714,140251,0,0,17324
-0.23484533,-0.16109236,-0.39890394,0.08539603,0.16109268,0.18530825,140252,0,0,17324
-0.38425502,-0.22449847,-0.51367295,0.19585116,0.22449872,0.28328225,140253,0,0,17324
-0.35503203,-0.22449854,-0.525767,0.19627742,0.22449864,0.27118826,140254,0,0,17324
-0.23350088,-0.21272951,-0.26091084,0.077923894,0.21185811,0.2900981,140255,0,0,17324
-0.23670469,-0.25583538,-0.42309585,0.19104452,0.255835,0.21045372,140256,0,0,17324
-0.13677862,-0.16627936,-0.29741824,0.17654717,0.16448922,0.12353567,140267,0,0,17327
-0.18535255,-0.18667395,-0.29488805,0.13346648,0.18253101,0.13354129,140268,0,0,17327
-0.16125914,-0.18835706,-0.3483383,0.19306248,0.18568942,0.12769355,140269,0,0,17327
-0.16125913,-0.18835706,-0.30751705,0.19306248,0.1856894,0.16851488,140270,0,0,17327
-0.18685694,-0.14667267,-0.24152224,0.066651106,0.1465147,0.14349367,140272,0,0,17327
-0.16576765,-0.16151862,-0.27229914,0.12982279,0.16098753,0.13187961,140273,0,0,17327
-0.21970704,-0.1594632,-0.28620753,0.10070001,0.15946326,0.17542697,140274,0,0,17327
-0.23368335,-0.17381461,-0.33687496,0.1155604,0.17381512,0.1782364,140275,0,0,17327
-0.20764585,-0.15539427,-0.26175094,0.061072715,0.15538438,0.14636604,140276,0,0,17327
-0.30364603,-0.24356519,-0.36724073,0.1392976,0.24277414,0.27879372,140277,0,0,17327
-0.11448443,-0.13831465,-0.24220653,0.12695198,0.14091155,0.12447544,140278,0,0,17327
-0.24064125,-0.15716954,-0.2882468,0.09561561,0.15662025,0.19449438,140279,0,0,17327
-0.2316534,-0.19382307,-0.28235328,0.15852688,0.19318445,0.21921118,140280,0,0,17327
-0.36377484,-0.2550904,-0.3520206,0.14974153,0.2542502,0.3523492,140281,0,0,17327
-0.26587027,-0.17686626,-0.18922108,0.089781605,0.17714213,0.3604176,140282,0,0,17327
-0.26011387,-0.19088773,-0.3426191,0.14471205,0.19088593,0.23016919,140283,0,0,17327
-0.23991244,-0.15737095,-0.2791065,0.2746177,0.15737095,0.12565777,140289,0,0,17326
-0.33158842,-0.18602842,-0.2994837,0.27574316,0.18602839,0.15436888,140290,0,0,17326
-0.24415703,-0.16911723,-0.3225729,0.27037308,0.16686824,0.13127963,140291,0,0,17326
-0.2677981,-0.17107403,-0.30611724,0.3306593,0.17107403,0.17096058,140292,0,0,17326
-0.31182066,-0.1275486,-0.23163693,0.15321776,0.1275486,0.12739012,140295,0,0,17326
-0.2799676,-0.15737095,-0.2999794,0.23456256,0.15737095,0.15387313,140296,0,0,17326
-0.2877759,-0.1447655,-0.27586308,0.18554027,0.1447655,0.14163578,140297,0,0,17326
-0.33622584,-0.15737095,-0.29830444,0.20695467,0.15737095,0.15554814,140298,0,0,17326
-0.34966013,-0.14259332,-0.27260315,0.15831792,0.14259332,0.1812494,140299,0,0,17326
-0.3811291,-0.212944,-0.39084554,0.25950822,0.212944,0.24046342,140300,0,0,17326
-0.213637,-0.1329343,-0.2505656,0.22099662,0.1329343,0.1328125,140301,0,0,17326
-0.3279637,-0.15112923,-0.29844558,0.16791104,0.1511292,0.18260834,140302,0,0,17326
-0.33807734,-0.21195032,-0.27605742,0.19216281,0.21195026,0.21989436,140303,0,0,17326
-0.35145488,-0.26350486,-0.35657206,0.22928275,0.2635048,0.36876518,140304,0,0,17326
-0.47279724,-0.19251445,-0.16772452,0.17345703,0.19251443,0.32514733,140305,0,0,17326
-0.40327308,-0.20248792,-0.30793995,0.24654,0.2024879,0.21855927,140306,0,0,17326
-0.21275672,-0.11721633,-0.35820836,0.18726705,0.11643267,0.20652981,140319,0,0,17325
-0.24125354,-0.12773056,-0.3847476,0.1783232,0.12694687,0.2561359,140320,0,0,17325
-0.2617439,-0.13963869,-0.43609652,0.19763182,0.13786621,0.23464304,140321,0,0,17325
-0.24703524,-0.13963883,-0.39008027,0.22913507,0.13786614,0.28092226,140322,0,0,17325
-0.2443477,-0.092999615,-0.31143305,0.06824446,0.09221588,0.20346546,140325,0,0,17325
-0.222845,-0.10698964,-0.4004595,0.13696992,0.10620598,0.21637449,140326,0,0,17325
-0.24872684,-0.1032162,-0.36263126,0.10342047,0.10243275,0.23236792,140327,0,0,17325
-0.29528588,-0.11658333,-0.42161623,0.09691241,0.11579997,0.2507329,140328,0,0,17325
-0.28641325,-0.1069899,-0.34443444,0.0734016,0.10620572,0.19576094,140329,0,0,17325
-0.38741684,-0.15290534,-0.48690072,0.14832292,0.15212162,0.3630758,140330,0,0,17325
-0.18481599,-0.09194661,-0.31192654,0.12777619,0.09326885,0.20297192,140331,0,0,17325
-0.29029045,-0.10698953,-0.37363133,0.08341804,0.1062061,0.23784529,140332,0,0,17325
-0.44961607,-0.1464308,-0.4664594,0.13427253,0.14564721,0.37860307,140333,0,0,17325
-0.3744354,-0.14760286,-0.47711536,0.2094534,0.14681908,0.36794722,140334,0,0,17325
-0.28438604,-0.10200368,-0.23891169,0.09106676,0.10364526,0.35608754,140335,0,0,17325
-0.24720322,-0.11658338,-0.39829278,0.15089926,0.11579989,0.21293375,140336,0,0,17325
-0.13361557,-0.13434187,-0.2924875,0.17727129,0.13434222,0.059289906,140344,0,0,17274
-0.16869774,-0.14777614,-0.3368391,0.15783091,0.14777635,0.053951833,140345,0,0,17274
-0.12262598,-0.15437622,-0.32928753,0.1776811,0.15461047,0.0752561,140346,0,0,17274
-0.13198432,-0.16210084,-0.30607107,0.18333809,0.16233519,0.11869979,140347,0,0,17274
-0.17009938,-0.11422309,-0.22914942,0.06340427,0.11422328,0.05308274,140350,0,0,17274
-0.13165243,-0.12850095,-0.3122517,0.12989685,0.1285012,0.027566519,140351,0,0,17274
-0.18631937,-0.13287444,-0.2706954,0.08679845,0.13287456,0.080687806,140352,0,0,17274
-0.20305164,-0.13749598,-0.3110544,0.09347891,0.13749634,0.052551053,140353,0,0,17274
-0.18748708,-0.12710826,-0.25864226,0.055420253,0.12590636,0.056321103,140354,0,0,17274
-0.23113312,-0.19111958,-0.38055047,0.13501962,0.19111976,0.09179679,140355,0,0,17274
-0.10807588,-0.11234752,-0.23289138,0.1254278,0.11609883,0.049340773,140356,0,0,17274
-0.18584259,-0.12850085,-0.29388875,0.1017073,0.12850133,0.076767586,140357,0,0,17274
-0.38917327,-0.18652168,-0.27332988,0.06594314,0.18652205,0.20929523,140358,0,0,17274
-0.37343273,-0.18652175,-0.37366942,0.09375291,0.18652196,0.22181112,140359,0,0,17274
-0.21146806,-0.13286562,-0.1456046,0.07364026,0.13288338,0.20577855,140360,0,0,17274
-0.1819528,-0.16191123,-0.36374506,0.15732494,0.16191126,0.12374575,140361,0,0,17274
-0.2872958,-0.11721633,-0.3582626,0.27143532,0.11643265,0.21233779,140366,0,0,17273
-0.3075261,-0.12773056,-0.38758683,0.251205,0.12694685,0.24017222,140367,0,0,17273
-0.293945,-0.1396387,-0.42619482,0.26478606,0.13786621,0.22719929,140368,0,0,17273
-0.3501787,-0.13963868,-0.3927452,0.29236206,0.13786627,0.2828833,140369,0,0,17273
-0.29380924,-0.0929996,-0.30817997,0.13598396,0.09221587,0.18126646,140372,0,0,17273
-0.30322883,-0.10698964,-0.4004596,0.23401266,0.10620598,0.2118351,140373,0,0,17273
-0.3418077,-0.1032162,-0.3573772,0.19543383,0.10243275,0.2385635,140374,0,0,17273
-0.3571572,-0.11658333,-0.42031094,0.18008426,0.11579997,0.2367204,140375,0,0,17273
-0.3710806,-0.1069899,-0.34213033,0.16616085,0.10620571,0.21349265,140376,0,0,17273
-0.48403898,-0.15290534,-0.4869008,0.26477158,0.15212162,0.32098892,140377,0,0,17273
-0.23035362,-0.09194661,-0.31374678,0.19943957,0.09326885,0.18772313,140378,0,0,17273
-0.34979394,-0.10698961,-0.36733475,0.21768609,0.10620602,0.229804,140379,0,0,17273
-0.60675806,-0.14643082,-0.46994707,0.37294018,0.1456472,0.4065311,140380,0,0,17273
-0.5824664,-0.1522394,-0.48389435,0.39742747,0.15145564,0.39918762,140381,0,0,17273
-0.36588347,-0.10200368,-0.23891169,0.19969793,0.10364526,0.35729116,140382,0,0,17273
-0.31919193,-0.1165834,-0.39829278,0.2914677,0.11579988,0.22069098,140383,0,0,17273
-0.13829473,-0.11764228,-0.33195183,0.19623221,0.11764223,0.011608904,140413,0,0,17200
-0.19708486,-0.12652093,-0.3402376,0.16849704,0.12652099,-0.0047583077,140414,0,0,17200
-0.13443857,-0.13484856,-0.39992484,0.17752369,0.1318072,0.008912499,140415,0,0,17200
-0.16546373,-0.13537262,-0.32993168,0.23087771,0.13538226,0.010974909,140416,0,0,17200
-0.1782327,-0.09920876,-0.29268074,0.08322028,0.09920879,0.019236047,140419,0,0,17200
-0.17911233,-0.11296512,-0.35916662,0.14560334,0.11296523,0.0040641874,140420,0,0,17200
-0.19279943,-0.1071455,-0.31084687,0.10797103,0.10714548,0.031838622,140421,0,0,17200
-0.24008949,-0.11754804,-0.3816098,0.10547698,0.11754785,0.020473683,140422,0,0,17200
-0.23535562,-0.10758596,-0.32380325,0.062814765,0.10758574,0.012112656,140423,0,0,17200
-0.27221724,-0.16480003,-0.4407634,0.22151925,0.16480011,0.047209874,140424,0,0,17200
-0.11961571,-0.09723059,-0.31193033,0.14183733,0.10118693,0.010395154,140425,0,0,17200
-0.26792827,-0.11515852,-0.35298318,0.07893333,0.11515883,0.029996369,140426,0,0,17200
-0.24410148,-0.15430543,-0.3151693,0.13891716,0.15430537,0.062163234,140427,0,0,17200
-0.2867165,-0.18283017,-0.41477412,0.25333968,0.1828471,0.1172648,140428,0,0,17200
-0.21997483,-0.1069756,-0.19235656,0.10241913,0.10731539,0.1503289,140429,0,0,17200
-0.26256597,-0.11638244,-0.38816527,0.1951725,0.1163824,0.048860777,140430,0,0,17200
-0.1561475,-0.13921215,-0.33186668,0.20312509,0.13917646,0.029234737,140436,0,0,17186
-0.23628265,-0.14770125,-0.34364632,0.21366315,0.14764114,0.021636937,140437,0,0,17186
-0.1321857,-0.14975476,-0.39340606,0.19168985,0.1475081,0.030782457,140438,0,0,17186
-0.22878756,-0.15508017,-0.337076,0.2364598,0.1550293,0.032486327,140439,0,0,17186
-0.20975648,-0.11523918,-0.31052408,0.086002804,0.11531041,0.043248132,140442,0,0,17186
-0.16157687,-0.1304955,-0.36378047,0.16375837,0.13049558,0.025369005,140443,0,0,17186
-0.2241246,-0.12446123,-0.31384748,0.11599869,0.12446117,0.039924808,140444,0,0,17186
-0.2527482,-0.13317357,-0.3729818,0.11161412,0.13317338,0.032598432,140445,0,0,17186
-0.24822187,-0.12266612,-0.3158275,0.08894375,0.12171646,0.034870356,140446,0,0,17186
-0.2932002,-0.178895,-0.44210386,0.22359776,0.17863679,0.058023088,140447,0,0,17186
-0.13088912,-0.10602394,-0.2984302,0.1455214,0.10944298,0.032197982,140448,0,0,17186
-0.26125655,-0.12928398,-0.3725061,0.09738401,0.12924495,0.05119306,140449,0,0,17186
-0.29923305,-0.17272945,-0.36772966,0.1753437,0.17261872,0.07641954,140450,0,0,17186
-0.4157628,-0.19726087,-0.46725455,0.21214971,0.19686127,0.12039927,140451,0,0,17186
-0.24623986,-0.12428997,-0.18837376,0.11374927,0.12463244,0.16539855,140452,0,0,17186
-0.2524322,-0.13317312,-0.3636449,0.19116722,0.13317376,0.06180946,140453,0,0,17186
-0.13971372,-0.12276145,-0.363964,0.18918395,0.12267342,0.013750946,140460,0,0,17185
-0.20090804,-0.12866123,-0.38708654,0.1820813,0.12857334,0.006737473,140461,0,0,17185
-0.15844499,-0.14197212,-0.41293845,0.21978715,0.14027783,0.021433625,140462,0,0,17185
-0.18551998,-0.13778833,-0.3703214,0.22331871,0.13770983,0.022941658,140463,0,0,17185
-0.18395166,-0.10380509,-0.32057008,0.08109426,0.10371713,0.024378201,140466,0,0,17185
-0.16300751,-0.11335109,-0.4164001,0.1593104,0.11326323,0.008077532,140467,0,0,17185
-0.21110016,-0.10795733,-0.34661266,0.10554744,0.10795732,0.036120877,140468,0,0,17185
-0.24890256,-0.12091759,-0.4087142,0.10609878,0.12090681,0.02756867,140469,0,0,17185
-0.22886658,-0.11936942,-0.368158,0.07667553,0.11928112,0.009610004,140470,0,0,17185
-0.27993277,-0.17416342,-0.46636635,0.19316232,0.17407548,0.03619211,140471,0,0,17185
-0.1119794,-0.09766699,-0.3176805,0.14287247,0.10187358,0.01400056,140472,0,0,17185
-0.24945542,-0.11335104,-0.40592057,0.07654641,0.11326326,0.039598543,140473,0,0,17185
-0.22122742,-0.14058585,-0.3782045,0.15199947,0.14049776,0.050135363,140474,0,0,17185
-0.35876748,-0.14760286,-0.4771152,0.2094534,0.14681908,0.10176232,140475,0,0,17185
-0.2536269,-0.10259155,-0.23891169,0.07360343,0.10305738,0.16866963,140476,0,0,17185
-0.28691763,-0.13576896,-0.36580908,0.13229746,0.13575903,0.05655818,140477,0,0,17185
-0.13971372,-0.26219225,-0.35864192,0.27220502,0.25956717,0.025319519,140497,0,0,17184
-0.20959882,-0.2589144,-0.39067283,0.25606117,0.25870427,0.02525254,140498,0,0,17184
-0.15844508,-0.26147035,-0.41293854,0.3217031,0.26028898,0.0500325,140499,0,0,17184
-0.17274082,-0.2672766,-0.37760755,0.28736594,0.2675268,0.037933208,140500,0,0,17184
-0.18153721,-0.21748565,-0.32031497,0.15150388,0.2173139,0.032323513,140503,0,0,17184
-0.16968824,-0.21760371,-0.41537866,0.22284092,0.21719578,0.013986935,140504,0,0,17184
-0.21391301,-0.21708202,-0.3478526,0.17467986,0.21771748,0.047657777,140505,0,0,17184
-0.24815041,-0.2174407,-0.40557107,0.21788606,0.21735884,0.031332083,140506,0,0,17184
-0.22608249,-0.23938775,-0.3610262,0.18837918,0.2388915,0.037494324,140507,0,0,17184
-0.26901233,-0.3357659,-0.50900537,0.279682,0.33632198,0.051116116,140508,0,0,17184
-0.11319099,-0.19332494,-0.31477773,0.2190096,0.19799472,0.02985434,140509,0,0,17184
-0.25001797,-0.21759246,-0.40091354,0.19427773,0.21720715,0.04460551,140510,0,0,17184
-0.23814811,-0.21197541,-0.37851864,0.18612869,0.21155314,0.06783155,140511,0,0,17184
-0.28191856,-0.31050473,-0.48382077,0.27639142,0.3091879,0.08671702,140512,0,0,17184
-0.26522267,-0.24036132,-0.26108184,0.1672035,0.24348351,0.17904226,140513,0,0,17184
-0.28691763,-0.27821097,-0.3657924,0.25768748,0.27858415,0.08771602,140514,0,0,17184
-0.13381007,-0.13206378,-0.34284896,0.2091137,0.13443035,0.061557848,140539,0,0,17376
-0.2097649,-0.16364975,-0.42762175,0.18319447,0.15863958,0.047520645,140540,0,0,17376
-0.14198157,-0.13181357,-0.42162842,0.20810719,0.12937556,0.020974245,140541,0,0,17376
-0.13047042,-0.13245715,-0.42991754,0.21655115,0.13317032,0.06655464,140542,0,0,17376
-0.19345167,-0.10365561,-0.34185258,0.085671686,0.10241777,0.03246813,140545,0,0,17376
-0.1588955,-0.12902369,-0.38948956,0.13769378,0.12401341,0.004509464,140546,0,0,17376
-0.18375202,-0.12902367,-0.33496594,0.11256601,0.12401346,0.05163106,140547,0,0,17376
-0.22635166,-0.12902358,-0.37847263,0.10685204,0.12401352,0.039995372,140548,0,0,17376
-0.23205675,-0.12902373,-0.3618104,0.07646505,0.12401334,0.05556597,140549,0,0,17376
-0.37922087,-0.21022962,-0.52306235,0.2038249,0.20977247,0.12281634,140550,0,0,17376
-0.16219038,-0.12902373,-0.3350536,0.15024918,0.12401337,0.0392973,140551,0,0,17376
-0.2337713,-0.12893505,-0.35291994,0.13817734,0.12406332,0.03930734,140552,0,0,17376
-0.3881595,-0.17160499,-0.30528152,0.15979822,0.16468973,0.1168927,140553,0,0,17376
-0.527577,-0.21944478,-0.37394813,0.1743954,0.2110125,0.16643487,140554,0,0,17376
-0.22368649,-0.12580194,-0.23271465,0.0911288,0.12084275,0.18042295,140555,0,0,17376
-0.29796034,-0.18576458,-0.4214944,0.19969697,0.17354769,0.13065551,140556,0,0,17376
-0.14356937,-0.14043902,-0.28830507,0.18495907,0.14170991,0.09374107,140616,0,0,17310
-0.1956486,-0.15280402,-0.31525066,0.16167484,0.15407476,0.10028113,140617,0,0,17310
-0.17949441,-0.18948872,-0.3565065,0.20328511,0.190697,0.1205514,140618,0,0,17310
-0.20041408,-0.19055721,-0.325972,0.20969231,0.19160566,0.11185709,140619,0,0,17310
-0.19656877,-0.12040869,-0.23540075,0.08505433,0.12145674,0.09209894,140622,0,0,17310
-0.18020423,-0.13733923,-0.3120804,0.15264757,0.13838743,0.10275246,140623,0,0,17310
-0.23205866,-0.13355163,-0.2690065,0.10079316,0.13357015,0.10879722,140624,0,0,17310
-0.23800448,-0.1367981,-0.31621662,0.083168276,0.13784643,0.1304951,140625,0,0,17310
-0.22637527,-0.14617676,-0.24391766,0.058113508,0.14722474,0.11064044,140626,0,0,17310
-0.26656085,-0.19679539,-0.4671615,0.17699936,0.19784372,0.14790548,140627,0,0,17310
-0.13596804,-0.11205685,-0.24007851,0.13464305,0.11732347,0.09328364,140628,0,0,17310
-0.24499644,-0.13354488,-0.30257666,0.09911888,0.13459301,0.13273443,140629,0,0,17310
-0.2722749,-0.22186254,-0.33718193,0.088678315,0.22291061,0.1988097,140630,0,0,17310
-0.30105868,-0.2561995,-0.39750808,0.1218854,0.25724784,0.27910557,140631,0,0,17310
-0.25211543,-0.14296198,-0.15392822,0.0777751,0.1425584,0.25077692,140632,0,0,17310
-0.2255244,-0.19034277,-0.35429385,0.16760774,0.19139183,0.08304809,140633,0,0,17310
-0.14118941,-0.18755594,-0.27972272,0.21056633,0.18755583,0.06185141,140818,0,0,17154
-0.18340607,-0.19338478,-0.29065254,0.17970495,0.19383661,0.04016876,140819,0,0,17154
-0.13015983,-0.19978936,-0.3171713,0.2184598,0.19793025,0.040341813,140820,0,0,17154
-0.16467278,-0.21460827,-0.30514306,0.23838036,0.21520743,0.10213918,140821,0,0,17154
-0.19387038,-0.1562003,-0.22427662,0.09925929,0.15639292,0.060368292,140824,0,0,17154
-0.1527464,-0.16553131,-0.2619306,0.15770236,0.16553123,0.039532006,140825,0,0,17154
-0.2008284,-0.17045878,-0.2486221,0.12774779,0.17042841,0.081513025,140826,0,0,17154
-0.22521922,-0.1933848,-0.29908404,0.12360065,0.19383657,0.07592378,140827,0,0,17154
-0.21716155,-0.162384,-0.24455802,0.08724252,0.16223192,0.051035017,140828,0,0,17154
-0.24268468,-0.24990232,-0.35848075,0.19614793,0.25074694,0.097406544,140829,0,0,17154
-0.11354584,-0.1388904,-0.21353792,0.15053515,0.14272515,0.042899225,140830,0,0,17154
-0.235438,-0.17315719,-0.25079098,0.12984724,0.1734684,0.076120585,140831,0,0,17154
-0.33599392,-0.2367758,-0.26173037,0.11055897,0.23784314,0.16339487,140832,0,0,17154
-0.36661068,-0.27243236,-0.30400681,0.14526686,0.27343345,0.18493544,140833,0,0,17154
-0.22592007,-0.15910359,-0.13260539,0.09264957,0.15974975,0.21324603,140834,0,0,17154
-0.25508726,-0.24015151,-0.27904502,0.16333583,0.24015185,0.12859888,140835,0,0,17154
-0.18220349,-0.131993,-0.299467,0.32989466,0.12685032,0.08736266,140844,0,0,17373
-0.2928957,-0.16874863,-0.30473113,0.31304887,0.16860126,0.13684241,140845,0,0,17373
-0.20394959,-0.12421627,-0.3306795,0.35769522,0.12473631,0.08630576,140846,0,0,17373
-0.20432998,-0.13402101,-0.27245754,0.3857061,0.13387369,0.10637417,140847,0,0,17373
-0.23203045,-0.10043762,-0.25368053,0.19734165,0.099635445,0.08085955,140849,0,0,17373
-0.2246018,-0.12593202,-0.32131377,0.3217279,0.12578467,0.08643292,140850,0,0,17373
-0.21652153,-0.10846674,-0.2602096,0.27305353,0.10761216,0.058243454,140851,0,0,17373
-0.31791034,-0.11662972,-0.31443068,0.27509412,0.116165,0.10215821,140852,0,0,17373
-0.32562837,-0.1329692,-0.26555294,0.16781744,0.13282163,0.16099249,140853,0,0,17373
-0.49790293,-0.21935108,-0.4570898,0.31628293,0.21920377,0.29260945,140854,0,0,17373
-0.17413647,-0.09843091,-0.24791105,0.27699804,0.10161518,0.082260996,140855,0,0,17373
-0.31117806,-0.12593205,-0.30297256,0.2687115,0.12578453,0.10477415,140856,0,0,17373
-0.31473675,-0.17273255,-0.31061065,0.3012836,0.1725862,0.21612373,140857,0,0,17373
-0.33154336,-0.21932413,-0.41549882,0.44932112,0.21923068,0.2911284,140858,0,0,17373
-0.32821286,-0.11463045,-0.21982773,0.20177503,0.11448393,0.30493498,140859,0,0,17373
-0.2638792,-0.1472989,-0.3714484,0.30937713,0.14855349,0.15078534,140860,0,0,17373
-0.13326241,-0.1835245,-0.32780617,0.18167408,0.18361638,0.14172536,140897,0,0,17370
-0.21013974,-0.18462548,-0.3549601,0.15737757,0.18251546,0.14401832,140898,0,0,17370
-0.15013003,-0.22459361,-0.34285897,0.17246254,0.22331831,0.13133042,140899,0,0,17370
-0.24501944,-0.21656732,-0.34737864,0.21363834,0.21665886,0.2043592,140900,0,0,17370
-0.2271173,-0.1464826,-0.2639304,0.07360268,0.14657362,0.14668809,140902,0,0,17370
-0.22543998,-0.18352462,-0.36481738,0.15130205,0.1836163,0.13416095,140903,0,0,17370
-0.26966086,-0.17646421,-0.2556235,0.1070811,0.17655595,0.1798848,140904,0,0,17370
-0.31329647,-0.18352447,-0.31655493,0.10111986,0.1836164,0.14374991,140905,0,0,17370
-0.28957173,-0.17646421,-0.27665657,0.07268019,0.17655584,0.16157582,140906,0,0,17370
-0.340999,-0.24226706,-0.42101693,0.17302589,0.24235892,0.24838488,140907,0,0,17370
-0.1555443,-0.14862989,-0.28933007,0.14126375,0.15230533,0.11966868,140908,0,0,17370
-0.26719317,-0.18352452,-0.30094835,0.10141582,0.18361641,0.1715731,140909,0,0,17370
-0.1870327,-0.19821082,-0.3249819,0.09290103,0.19830143,0.17041126,140910,0,0,17370
-0.19435973,-0.26887485,-0.32644412,0.077588774,0.2689658,0.14945085,140911,0,0,17370
-0.29455996,-0.18352456,-0.2005873,0.08760675,0.18361633,0.2983911,140912,0,0,17370
-0.21902257,-0.21392386,-0.30438045,0.12430845,0.21195957,0.16825972,140913,0,0,17370
-0.16191037,-0.12696362,-0.3683819,0.18545775,0.12696362,0.050499454,140923,0,0,16511
-0.21466382,-0.12696362,-0.40967235,0.18278103,0.12696362,0.051933777,140924,0,0,16511
-0.18252733,-0.1337027,-0.39431146,0.18888469,0.1337027,0.03335967,140925,0,0,16511
-0.19025041,-0.13718463,-0.3732219,0.22138782,0.13718463,0.08838425,140926,0,0,16511
-0.2236714,-0.1006669,-0.31023553,0.07081376,0.1006669,0.05576271,140929,0,0,16511
-0.22444333,-0.12696362,-0.39971676,0.14696874,0.12696362,0.061889343,140930,0,0,16511
-0.2423187,-0.11433589,-0.36613426,0.10982803,0.11433589,0.09547189,140931,0,0,16511
-0.2627088,-0.13235769,-0.39073455,0.10870325,0.13235764,0.07087161,140932,0,0,16511
-0.29947916,-0.1074428,-0.3557036,0.07193289,0.10744277,0.0774865,140933,0,0,16511
-0.32553205,-0.17173511,-0.5146895,0.18133962,0.17173506,0.11016209,140934,0,0,16511
-0.16657946,-0.10099284,-0.32060772,0.14461625,0.10099283,0.06615906,140935,0,0,16511
-0.2688316,-0.11583795,-0.37443423,0.11389649,0.11583793,0.08218463,140936,0,0,16511
-0.309854,-0.15339337,-0.36005384,0.13921842,0.15339337,0.10155217,140937,0,0,16511
-0.42054677,-0.17130153,-0.45512152,0.19234414,0.17130145,0.15985316,140938,0,0,16511
-0.3233333,-0.12696362,-0.254504,0.093624614,0.12696357,0.2071022,140939,0,0,16511
-0.28688318,-0.15955569,-0.39563623,0.24386579,0.1595557,0.09231844,140940,0,0,16511
-0.04853374,-0.052564245,-0.056882545,0.06642402,0.21598344,0.11399683,140948,0,0,16510
-0.076768935,-0.06094384,-0.0560122,0.06964851,0.23535235,0.10372003,140949,0,0,16510
-0.047621436,-0.06035455,-0.056513198,0.06540493,0.2561551,0.056513168,140950,0,0,16510
-0.0702147,-0.050230708,-0.056714457,0.043918155,0.2605488,0.09314346,140951,0,0,16510
-0.09423606,-0.05389768,-0.05594899,0.056653243,0.1600757,0.072820455,140954,0,0,16510
-0.06560939,-0.17901279,-0.0680559,0.1530595,0.06472859,0.056897305,140955,0,0,16510
-0.10377017,-0.06637965,-0.056502987,0.04565263,0.18248034,0.10170259,140956,0,0,16510
-0.12309813,-0.046958417,-0.056697987,0.06890999,0.20893031,0.10660998,140957,0,0,16510
-0.11881679,-0.06923949,-0.05615626,0.0651467,0.18248019,0.10100852,140958,0,0,16510
-0.13741909,-0.06312813,-0.056078073,0.06505653,0.26711723,0.13919789,140959,0,0,16510
-0.048856694,-0.043295465,-0.056835365,0.064814016,0.15211536,0.062294006,140960,0,0,16510
-0.1028604,-0.058427587,-0.056700982,0.05372884,0.20540194,0.11208301,140961,0,0,16510
-0.14082135,-0.04642655,-0.05668677,0.0525029,0.30419534,0.11733797,140962,0,0,16510
-0.19822581,-0.05306094,-0.05607286,0.04697768,0.3041795,0.21601994,140963,0,0,16510
-0.12215701,-0.06900311,-0.0567829,0.053465262,0.20500389,0.21169832,140964,0,0,16510
-0.08561304,-0.050889093,-0.056623757,0.06541396,0.21839398,0.09143596,140965,0,0,16510
-0.22533324,-0.17112917,-0.35351893,0.21533246,0.16846776,-0.04030378,141043,0,0,17269
-0.28143346,-0.21539775,-0.40135944,0.20584066,0.21004939,0.0416644,141044,0,0,17269
-0.209246,-0.19670704,-0.39683667,0.2144866,0.19043347,-0.05189971,141045,0,0,17269
-0.23341662,-0.22044648,-0.37580124,0.24338956,0.2176337,0.021289108,141046,0,0,17269
-0.25330007,-0.15159519,-0.32913235,0.10210959,0.14893313,-0.013855618,141049,0,0,17269
-0.23071681,-0.17112915,-0.3154557,0.19968754,0.16846783,0.039902437,141050,0,0,17269
-0.2827532,-0.19721813,-0.38828436,0.13330226,0.19454105,-0.010055252,141051,0,0,17269
-0.30355942,-0.22784427,-0.41454569,0.13293958,0.22511013,-0.02028775,141052,0,0,17269
-0.2915097,-0.17112927,-0.34647033,0.099745095,0.1684677,0.015577654,141053,0,0,17269
-0.36852136,-0.29761297,-0.4874886,0.24279065,0.29456297,0.19937962,141054,0,0,17269
-0.17685348,-0.15427646,-0.32095337,0.15965635,0.15166682,0.00978591,141055,0,0,17269
-0.29193452,-0.17112908,-0.35350418,0.09144853,0.16846794,0.08292105,141056,0,0,17269
-0.38792205,-0.23676607,-0.3959161,0.18865104,0.23383982,0.23860498,141057,0,0,17269
-0.3505179,-0.34617323,-0.46236345,0.23249865,0.34246445,0.3343059,141058,0,0,17269
-0.32922462,-0.18764487,-0.27219948,0.12858951,0.18494134,0.13900201,141059,0,0,17269
-0.30609715,-0.2683081,-0.44440892,0.21873918,0.26520076,0.13964605,141060,0,0,17269
-0.3035933,-0.15786198,-0.36757705,0.33182353,0.157384,0.34180728,141070,0,0,17268
-0.35278407,-0.16962524,-0.39661568,0.32777858,0.16911164,0.3656294,141071,0,0,17268
-0.27173212,-0.17727175,-0.41492787,0.3666165,0.176735,0.3180826,141072,0,0,17268
-0.3459926,-0.18216836,-0.38544706,0.39029098,0.18161674,0.3900132,141073,0,0,17268
-0.32828227,-0.1274535,-0.32283297,0.19714136,0.12706758,0.31105796,141076,0,0,17268
-0.2888741,-0.15198034,-0.3627967,0.27540338,0.15152015,0.32015738,141077,0,0,17268
-0.34740394,-0.15198034,-0.322463,0.2555102,0.15152015,0.36049104,141078,0,0,17268
-0.39219213,-0.16815487,-0.4047277,0.26344755,0.16764571,0.3509098,141079,0,0,17268
-0.3530498,-0.14038129,-0.350121,0.19673796,0.13995619,0.33283305,141080,0,0,17268
-0.39491233,-0.2063855,-0.4859348,0.37684909,0.20576057,0.47107956,141081,0,0,17268
-0.23983832,-0.13289694,-0.30855042,0.25182757,0.13249454,0.33693346,141082,0,0,17268
-0.32475343,-0.15606752,-0.34454364,0.2397858,0.15559497,0.32921493,141083,0,0,17268
-0.24143712,-0.19352861,-0.36906734,0.35978743,0.19294257,0.329039,141084,0,0,17268
-0.25686872,-0.19134203,-0.53120875,0.44986194,0.19076607,0.42015412,141085,0,0,17268
-0.43726033,-0.1622732,-0.23096283,0.21422122,0.16178185,0.49824423,141086,0,0,17268
-0.4172939,-0.17256609,-0.37958837,0.34665996,0.17204355,0.39602652,141087,0,0,17268
-0.18807594,-0.22604056,-0.3511452,0.38408858,0.22914134,0.0396481,141097,0,0,17210
-0.2352111,-0.24060114,-0.37197414,0.39525238,0.24001962,0.0337725,141098,0,0,17210
-0.22338851,-0.25058916,-0.3851337,0.40425178,0.24872608,0.03700973,141099,0,0,17210
-0.19924432,-0.2595235,-0.35578647,0.45709392,0.26262227,0.08017967,141100,0,0,17210
-0.22889604,-0.1817005,-0.2666107,0.23180029,0.18480356,0.04310293,141103,0,0,17210
-0.20789102,-0.21546121,-0.34181327,0.3376774,0.21856228,0.02709646,141104,0,0,17210
-0.23787475,-0.20945291,-0.29207826,0.2925893,0.21255441,0.0566265,141105,0,0,17210
-0.2726801,-0.23397149,-0.34731165,0.31942526,0.23707302,0.046414666,141106,0,0,17210
-0.26085714,-0.20064893,-0.29383525,0.2474743,0.20375092,0.03904263,141107,0,0,17210
-0.3488914,-0.34165612,-0.45621598,0.52533233,0.34475037,0.086542204,141108,0,0,17210
-0.1472612,-0.16773425,-0.2616631,0.27827823,0.170801,0.032455686,141109,0,0,17210
-0.28126574,-0.21546113,-0.31434274,0.27310216,0.21856235,0.056916106,141110,0,0,17210
-0.2644879,-0.24504797,-0.32561183,0.34872028,0.24814755,0.1140713,141111,0,0,17210
-0.27134842,-0.3078157,-0.40607828,0.3961283,0.31042627,0.18614264,141112,0,0,17210
-0.29457486,-0.21546116,-0.17692141,0.24577416,0.21856235,0.17121209,141113,0,0,17210
-0.28914735,-0.25115514,-0.34911707,0.3413354,0.25425443,0.04898671,141114,0,0,17210
-0.14680427,-0.10608689,-0.12996562,0.17868252,0.10735265,0.14897795,141328,0,0,17264
-0.1703505,-0.12431482,-0.1385349,0.14131887,0.12443781,0.28941202,141329,0,0,17264
-0.13337015,-0.13101587,-0.16059683,0.17756648,0.13830575,0.12104557,141330,0,0,17264
-0.12474072,-0.12234448,-0.09997312,0.17203319,0.12086577,0.1543634,141331,0,0,17264
-0.17076449,-0.09810128,-0.10079258,0.057086725,0.09980049,0.15784474,141333,0,0,17264
-0.13081,-0.10184319,-0.15705024,0.13175425,0.10144292,0.15607251,141334,0,0,17264
-0.18655947,-0.11064782,-0.09738198,0.08717282,0.11367953,0.13720778,141335,0,0,17264
-0.19939156,-0.10476549,-0.11616671,0.07434071,0.10536586,0.11842302,141336,0,0,17264
-0.19080879,-0.09171566,-0.09977024,0.053158876,0.090053275,0.11993965,141337,0,0,17264
-0.2327923,-0.1335474,-0.12534697,0.1208811,0.1318851,0.19548972,141338,0,0,17264
-0.10872988,-0.08840115,-0.1107368,0.12821798,0.09505188,0.17183694,141339,0,0,17264
-0.18628933,-0.0901046,-0.14562841,0.1831546,0.09177773,0.20897678,141340,0,0,17264
-0.22745064,-0.13354738,-0.0878697,0.0694047,0.1318851,0.23296696,141341,0,0,17264
-0.26118207,-0.1335474,-0.0760507,0.035673287,0.1318851,0.24478598,141342,0,0,17264
-0.2046051,-0.10068252,0.016419496,0.06443736,0.10761921,0.33726782,141343,0,0,17264
-0.17620087,-0.10068253,-0.112935,0.12542768,0.10761923,0.20791337,141344,0,0,17264
-0.24571759,-0.21656826,-0.22418094,0.27441755,0.21656859,0.2174065,141378,0,0,17266
-0.27866963,-0.22294031,-0.2649148,0.25676948,0.22294065,0.18966563,141379,0,0,17266
-0.2843924,-0.24332495,-0.23916149,0.3362115,0.24153657,0.21581402,141380,0,0,17266
-0.3336863,-0.27316537,-0.18768382,0.36325765,0.27133852,0.27680874,141381,0,0,17266
-0.27019602,-0.1846296,-0.1722128,0.17692654,0.18462995,0.2421581,141384,0,0,17266
-0.2659104,-0.22131892,-0.22786982,0.27006367,0.22131936,0.24020399,141385,0,0,17266
-0.2803396,-0.20743135,-0.14134984,0.2053313,0.20743178,0.25854573,141386,0,0,17266
-0.31311062,-0.22610013,-0.19136317,0.21627064,0.22610071,0.24452297,141387,0,0,17266
-0.30296704,-0.1848948,-0.18485141,0.14479746,0.18489486,0.21220216,141388,0,0,17266
-0.34375253,-0.25925946,-0.16140254,0.2530223,0.25925976,0.31238276,141389,0,0,17266
-0.1950875,-0.17307359,-0.17179069,0.22786647,0.17622603,0.22018185,141390,0,0,17266
-0.35621396,-0.2318578,-0.1730289,0.21380484,0.2318586,0.30149284,141391,0,0,17266
-0.2196714,-0.20120284,-0.10448667,0.1846023,0.20120339,0.2788028,141392,0,0,17266
-0.250064,-0.20120284,-0.08500458,0.15420981,0.20120339,0.29828492,141393,0,0,17266
-0.3511514,-0.2217278,-0.033534646,0.18428768,0.22415318,0.37066227,141394,0,0,17266
-0.2851753,-0.22294028,-0.22786814,0.2502638,0.22294065,0.22671242,141395,0,0,17266
-0.18359397,-0.1560654,-0.14353384,0.23738837,0.15606555,0.06356541,141409,0,0,17265
-0.22551428,-0.16056725,-0.1499058,0.2076119,0.16056748,0.04671137,141410,0,0,17265
-0.1968988,-0.16759919,-0.16115111,0.2525357,0.1656271,0.059944935,141411,0,0,17265
-0.19387704,-0.16759908,-0.1263518,0.25555733,0.1656272,0.09474418,141412,0,0,17265
-0.21558121,-0.13205343,-0.10742801,0.11121758,0.1320535,0.053338315,141415,0,0,17265
-0.18274179,-0.15054093,-0.13916333,0.1898088,0.150541,0.04411035,141416,0,0,17265
-0.23336397,-0.14337222,-0.11224474,0.14628296,0.14337255,0.07451989,141417,0,0,17265
-0.25396737,-0.15054078,-0.13089354,0.14466186,0.15054117,0.0652093,141418,0,0,17265
-0.25779822,-0.14915027,-0.10486313,0.11131065,0.14915021,0.07671738,141419,0,0,17265
-0.28037724,-0.1861954,-0.13042358,0.2196444,0.1861954,0.097413294,141420,0,0,17265
-0.14190675,-0.12239148,-0.10569726,0.16613242,0.12655465,0.045840345,141421,0,0,17265
-0.22404405,-0.1463592,-0.11508845,0.18632936,0.14635937,0.055085804,141422,0,0,17265
-0.22002286,-0.20959814,-0.09284926,0.2163852,0.20959835,0.12322439,141423,0,0,17265
-0.27619568,-0.1896816,-0.09115353,0.19761601,0.18968163,0.12996452,141424,0,0,17265
-0.25953993,-0.14896704,0.024890365,0.12006809,0.14947386,0.20655628,141425,0,0,17265
-0.24615863,-0.15817364,-0.14176966,0.19285677,0.15817367,0.050796248,141426,0,0,17265
-0.17470106,-0.1540432,-0.2552871,0.15636714,0.1535642,0.13060685,141438,0,0,17187
-0.21924551,-0.16309044,-0.30873814,0.14019398,0.16261144,0.20816547,141439,0,0,17187
-0.18736275,-0.16642813,-0.2916042,0.16872624,0.16442698,0.12345403,141440,0,0,17187
-0.21908624,-0.17304517,-0.25264847,0.16688539,0.17104405,0.1598354,141441,0,0,17187
-0.22508693,-0.12652281,-0.23152238,0.056281287,0.12604386,0.16682726,141444,0,0,17187
-0.1840607,-0.14309117,-0.28586933,0.12343299,0.14261219,0.1729023,141445,0,0,17187
-0.24108465,-0.13908164,-0.265155,0.08467598,0.13860267,0.22087042,141446,0,0,17187
-0.27612245,-0.15087004,-0.30924276,0.07729713,0.15039124,0.21804895,141447,0,0,17187
-0.23431352,-0.13157423,-0.24094221,0.048389226,0.1310951,0.18084209,141448,0,0,17187
-0.31672025,-0.18854408,-0.32833922,0.11706632,0.18806498,0.29296854,141449,0,0,17187
-0.15494972,-0.11966821,-0.23588057,0.11627913,0.1237969,0.14811407,141450,0,0,17187
-0.19240423,-0.13912295,-0.23430395,0.09544598,0.13864422,0.2505325,141451,0,0,17187
-0.18783374,-0.14925376,-0.25246042,0.07891522,0.14877483,0.22610259,141452,0,0,17187
-0.22397561,-0.17905712,-0.27654344,0.083279215,0.1785772,0.30506843,141453,0,0,17187
-0.26108557,-0.14041395,-0.1284147,0.04064527,0.13993499,0.32175896,141454,0,0,17187
-0.20415886,-0.15022619,-0.27782735,0.11869325,0.14974721,0.20385857,141455,0,0,17187
-0.15079716,-0.21420649,-0.4140847,0.13945724,0.21681084,0.29719257,141469,0,0,17177
-0.1972159,-0.26740074,-0.4597034,-0.02130962,0.26800027,0.08089515,141509,0,0,17175
-0.18741553,-0.30377117,-0.5628015,-0.097523555,0.30437046,0.06697412,141510,0,0,17175
-0.18318658,-0.30072132,-0.5158785,-0.0097602,0.30071932,0.09705292,141511,0,0,17175
-0.19729343,-0.28580794,-0.47507122,-0.018452276,0.28640732,0.10498259,141512,0,0,17175
-0.19824484,-0.21197927,-0.36832815,-0.12955366,0.21257794,0.07201094,141515,0,0,17175
-0.18911324,-0.25155714,-0.42182267,-0.11474597,0.2515572,0.09918913,141516,0,0,17175
-0.27381554,-0.2836956,-0.44940552,-0.08267663,0.28429508,0.1229003,141517,0,0,17175
-0.30998984,-0.29932842,-0.5706083,-0.15361954,0.29992786,0.10075278,141518,0,0,17175
-0.24692379,-0.25326753,-0.43697175,-0.17196204,0.25386688,0.08820335,141519,0,0,17175
-0.40118182,-0.39814577,-0.6554436,-0.28338996,0.39874497,0.16979553,141520,0,0,17175
-0.14424996,-0.22486874,-0.4846325,-0.030572988,0.22460072,0.09928737,141521,0,0,17175
-0.22424518,-0.22946079,-0.210109,-0.09135432,0.2300604,0.10128651,141522,0,0,17175
-0.30293792,-0.1975015,-0.21952201,-0.22427127,0.198101,0.1847119,141523,0,0,17175
-0.4662605,-0.3262949,-0.3222858,-0.18782474,0.32689422,0.29784274,141524,0,0,17175
-0.31527483,-0.2975372,-0.38115212,-0.1235288,0.30056158,0.23029736,141525,0,0,17175
-0.2641603,-0.316008,-0.3523871,-0.1410482,0.31936404,0.10541537,141526,0,0,17175
-0.14733505,-0.23700686,-0.33911324,-0.04144104,0.2358923,-0.0023294627,141562,0,0,17382
-0.18661635,-0.24146812,-0.35485402,-0.107182,0.2403538,-0.013607879,141563,0,0,17382
-0.13611309,-0.24146815,-0.34756407,-0.03255127,0.24035375,-0.0036300719,141564,0,0,17382
-0.15601102,-0.24680252,-0.33725366,-0.056102354,0.24568827,0.01530339,141565,0,0,17382
-0.19019155,-0.20292217,-0.2839403,-0.10932349,0.20180827,0.005943834,141568,0,0,17382
-0.18661638,-0.24146815,-0.31531936,-0.107182,0.24035375,0.02592679,141569,0,0,17382
-0.23231557,-0.29440188,-0.35018632,-0.08544518,0.29328725,-0.004172843,141570,0,0,17382
-0.23873931,-0.3016485,-0.37063363,-0.13344833,0.29397362,0.009449605,141571,0,0,17382
-0.23183015,-0.24146819,-0.33409792,-0.15389733,0.24035369,0.010556821,141572,0,0,17382
-0.37831497,-0.3016959,-0.33256626,-0.27902198,0.30058157,0.09399134,141573,0,0,17382
-0.10906829,-0.18321764,-0.25380313,-0.048840545,0.18210329,0.004932222,141574,0,0,17382
-0.2669558,-0.24146819,-0.2506887,-0.12464327,0.24035366,0.08234244,141575,0,0,17382
-0.2890276,-0.24146764,-0.11746415,-0.15938035,0.24035427,0.21831469,141576,0,0,17382
-0.36312506,-0.30169582,-0.051750835,-0.1164633,0.3005815,0.34034964,141577,0,0,17382
-0.2953162,-0.24078761,-0.20044728,-0.1616552,0.23980382,0.1573215,141578,0,0,17382
-0.29471305,-0.33027568,-0.35682985,-0.15997775,0.32916203,-0.02467149,141579,0,0,17382
-0.20423894,-0.2980906,-0.39112368,0.24516681,0.30127034,0.037725184,141611,0,0,50162
-0.22684924,-0.24383146,-0.33513504,0.09432256,0.2467012,0.14442667,141612,0,0,50162
-0.20329203,-0.31473082,-0.3837791,0.24054082,0.31912878,0.14857715,141615,0,0,17317
-0.32248706,-0.3716267,-0.44320232,0.28173423,0.3717064,0.09801714,141616,0,0,17317
-0.17628866,-0.28433162,-0.4177969,0.25127175,0.2820914,0.13020664,141617,0,0,17317
-0.2090176,-0.3210933,-0.4053931,0.2741255,0.31896463,0.21385077,141618,0,0,17317
-0.22077262,-0.30959517,-0.36149547,0.12128619,0.30901128,0.17809413,141621,0,0,17317
-0.23647311,-0.32400444,-0.4548139,0.21726726,0.32400468,0.15473509,141622,0,0,17317
-0.2811122,-0.29809612,-0.42512086,0.16829354,0.30126482,0.10092118,141623,0,0,17317
-0.24181141,-0.298096,-0.44004568,0.17625068,0.3012649,0.18418826,141624,0,0,17317
-0.31653535,-0.3227505,-0.44075894,0.15260226,0.3254041,0.13975818,141625,0,0,17317
-0.36392102,-0.45519665,-0.5219019,0.2762715,0.45124707,0.26567927,141626,0,0,17317
-0.18023336,-0.25460804,-0.34176868,0.19109751,0.26152965,0.09519205,141627,0,0,17317
-0.28549874,-0.30822012,-0.38034707,0.1638216,0.30762354,0.20322533,141628,0,0,17317
-0.35495642,-0.5403916,-0.41051507,0.18928252,0.54039043,0.19903335,141629,0,0,17317
-0.41895643,-0.42035255,-0.45847136,0.22961742,0.42095217,0.50480187,141630,0,0,17317
-0.29803732,-0.34172928,-0.30299738,0.1620152,0.34619203,0.25606197,141631,0,0,17317
-0.31144026,-0.4185382,-0.47468948,0.2934441,0.42276654,0.36870775,141632,0,0,17317
-0.1427145,-0.14170203,-0.14198981,0.14200789,0.1468162,0.14198981,141667,0,0,50161
-0.14673936,-0.14562002,-0.14362065,0.14650524,0.1473211,0.14362068,141668,0,0,50161
-0.14036675,-0.13959976,-0.14043856,0.14128181,0.14127739,0.14203939,141671,0,0,17254
-0.13916883,-0.13992597,-0.13865873,0.13876063,0.13739152,0.14171766,141672,0,0,17254
-0.14028224,-0.14168699,-0.14175889,0.14507072,0.14183082,0.1427798,141673,0,0,17254
-0.14004372,-0.14322217,-0.13983427,0.13962485,0.14170349,0.1422902,141674,0,0,17254
-0.1274362,-0.12890112,-0.12304213,0.13015029,0.12791592,0.1331598,141677,0,0,17254
-0.14190438,-0.14490078,-0.14159223,0.14128011,0.13828371,0.14264396,141678,0,0,17254
-0.14169188,-0.13969864,-0.13905106,0.13789606,0.13895528,0.14279403,141679,0,0,17254
-0.14177734,-0.1382895,-0.14101958,0.14026186,0.14512755,0.14223978,141680,0,0,17254
-0.13893273,-0.14090687,-0.13889894,0.14062022,0.13710573,0.14250314,141681,0,0,17254
-0.19685832,-0.19914061,-0.20015408,0.2034499,0.20116761,0.20015414,141682,0,0,17254
-0.12950155,-0.12784928,-0.12199774,0.12792721,0.12815076,0.13272527,141683,0,0,17254
-0.14067091,-0.1441535,-0.14124355,0.14237078,0.13947305,0.14210914,141684,0,0,17254
-0.14442036,-0.14172544,-0.14091204,0.14198041,0.14128125,0.14239058,141685,0,0,17254
-0.19785911,-0.19685613,-0.1977141,0.19812992,0.19870496,0.19771414,141686,0,0,17254
-0.14092575,-0.14175709,-0.14152603,0.14575797,0.14369074,0.1426441,141687,0,0,17254
-0.1481425,-0.14958027,-0.14456783,0.14723787,0.146083,0.14456786,141688,0,0,17254
-0.23670626,-0.21632837,-0.24108702,0.29833436,0.21748237,0.3620477,141691,0,0,17257
-0.27590787,-0.22164555,-0.2613437,0.27224863,0.22279947,0.38248107,141692,0,0,17257
-0.2484463,-0.25621,-0.24184652,0.29302117,0.25786725,0.29536387,141693,0,0,17257
-0.25644007,-0.26113212,-0.19872084,0.29943132,0.26228586,0.34982595,141694,0,0,17257
-0.2400461,-0.15312792,-0.15915646,0.13903351,0.15422966,0.2864486,141696,0,0,17257
-0.22444302,-0.18264648,-0.22302014,0.22751434,0.18380024,0.31457928,141697,0,0,17257
-0.2743256,-0.18264644,-0.19016139,0.17763177,0.18380034,0.34214133,141698,0,0,17257
-0.31812912,-0.20923766,-0.23516436,0.19942072,0.21039164,0.38096002,141699,0,0,17257
-0.28937227,-0.18264659,-0.19085567,0.16258511,0.18380024,0.34988895,141700,0,0,17257
-0.38629365,-0.26773542,-0.2521527,0.27555278,0.2688893,0.42733657,141701,0,0,17257
-0.19108632,-0.16179556,-0.18503852,0.21385713,0.1665324,0.30740127,141702,0,0,17257
-0.25204167,-0.18268539,-0.21087594,0.19968745,0.18375981,0.32462296,141703,0,0,17257
-0.34501326,-0.30501288,-0.17452599,0.19708703,0.3061654,0.36131474,141704,0,0,17257
-0.42562422,-0.26596367,-0.2602121,0.23185174,0.2671175,0.4484939,141705,0,0,17257
-0.3074026,-0.1881638,-0.05681442,0.16111623,0.19171107,0.45707148,141706,0,0,17257
-0.28771535,-0.21875301,-0.18523204,0.24878521,0.21990584,0.32263836,141707,0,0,17257
-0.18588354,-0.17925717,-0.28763974,0.20831266,0.17925729,0.06893257,141714,0,0,17256
-0.24084428,-0.20160615,-0.3268036,0.20249854,0.20160629,0.0742246,141715,0,0,17256
-0.17462142,-0.19459385,-0.3225383,0.21258593,0.19459383,0.061406747,141716,0,0,17256
-0.17462139,-0.19459374,-0.27815604,0.21258597,0.19459386,0.10578903,141717,0,0,17256
-0.22375022,-0.14573753,-0.21827066,0.09673445,0.14573762,0.07162551,141720,0,0,17256
-0.18428503,-0.17030074,-0.27657914,0.17581147,0.17030081,0.049148135,141721,0,0,17256
-0.23718077,-0.16685493,-0.25144053,0.12974219,0.16685504,0.080461696,141722,0,0,17256
-0.27853534,-0.19414285,-0.29153696,0.13197474,0.19414294,0.07979225,141723,0,0,17256
-0.24809745,-0.15448175,-0.24649607,0.09161628,0.15448189,0.0607938,141724,0,0,17256
-0.30848706,-0.20046058,-0.34836417,0.22674352,0.20046043,0.08129064,141725,0,0,17256
-0.1465893,-0.14013222,-0.22275104,0.16156907,0.14013232,0.055995226,141726,0,0,17256
-0.27551976,-0.17030074,-0.25069958,0.11444715,0.17030084,0.08033252,141727,0,0,17256
-0.3378085,-0.19978897,-0.27158886,0.16903056,0.19978906,0.08010444,141728,0,0,17256
-0.44719818,-0.2718729,-0.3606174,0.24250834,0.27187306,0.14536813,141729,0,0,17256
-0.31627962,-0.1894588,-0.16353562,0.11220533,0.18945894,0.21332937,141730,0,0,17256
-0.29898039,-0.23612247,-0.3548126,0.26033273,0.23612264,0.11487433,141731,0,0,17256
-0.17759836,-0.14238611,-0.263032,0.15750039,0.14350566,0.1421517,141841,0,0,17159
-0.22331741,-0.14027414,-0.30621052,0.12710571,0.14077029,0.14307351,141842,0,0,17159
-0.22092798,-0.16488644,-0.35109565,0.16546792,0.1637064,0.21971528,141843,0,0,17159
-0.23615652,-0.17144819,-0.3172978,0.16703306,0.17142613,0.278322,141844,0,0,17159
-0.22883601,-0.11617536,-0.23158476,0.05275957,0.11707244,0.17359869,141847,0,0,17159
-0.19943266,-0.1322877,-0.2803585,0.11940592,0.1318088,0.17841312,141848,0,0,17159
-0.24134228,-0.13670728,-0.25288302,0.07957665,0.13759217,0.20092277,141849,0,0,17159
-0.26986217,-0.14082932,-0.28434703,0.07076702,0.14131641,0.20577897,141850,0,0,17159
-0.2284486,-0.12063117,-0.24241371,0.046511017,0.12167479,0.17850538,141851,0,0,17159
-0.28274056,-0.17960264,-0.33012205,0.11567341,0.17944492,0.30063236,141852,0,0,17159
-0.14768128,-0.11252904,-0.23136184,0.11975113,0.11605377,0.14680953,141853,0,0,17159
-0.25224128,-0.1259683,-0.23891123,0.08182118,0.1267025,0.20523545,141854,0,0,17159
-0.3699422,-0.26624745,-0.29148674,0.06283103,0.26620188,0.35976833,141855,0,0,17159
-0.3303421,-0.23920985,-0.27815378,0.05851588,0.23920986,0.30701607,141856,0,0,17159
-0.2677837,-0.13801046,-0.15196535,0.06180631,0.13800964,0.30468702,141857,0,0,17159
-0.23195052,-0.16287762,-0.28028643,0.12907721,0.1529358,0.20712502,141858,0,0,17159
-0.17759845,-0.14238605,-0.26303223,0.16019915,0.14350577,0.14215165,141870,0,0,17342
-0.22331755,-0.14383009,-0.274464,0.14544895,0.14222553,0.14307351,141871,0,0,17342
-0.22092803,-0.16488644,-0.35109577,0.16986509,0.1637064,0.2197152,141872,0,0,17342
-0.2361566,-0.17144817,-0.31729785,0.17556162,0.17142613,0.2783219,141873,0,0,17342
-0.222896,-0.11617543,-0.231585,0.06071402,0.11707238,0.17359859,141874,0,0,17342
-0.19164671,-0.13228768,-0.28568774,0.12932642,0.13180886,0.1730838,141875,0,0,17342
-0.24134557,-0.13670728,-0.24921353,0.08669264,0.13759214,0.20459221,141876,0,0,17342
-0.26986215,-0.14082932,-0.2843471,0.08063953,0.14131653,0.20577909,141877,0,0,17342
-0.22844882,-0.12063117,-0.24241379,0.056465685,0.12167481,0.17850526,141878,0,0,17342
-0.28274056,-0.17960265,-0.330122,0.13452862,0.17944491,0.30063215,141879,0,0,17342
-0.14768133,-0.11252895,-0.23136218,0.12373258,0.1160538,0.1468092,141880,0,0,17342
-0.19167604,-0.12354364,-0.2267731,0.09815217,0.12353464,0.20740886,141881,0,0,17342
-0.36994222,-0.26624742,-0.29148677,0.0966476,0.2662018,0.35976806,141882,0,0,17342
-0.3303422,-0.23920982,-0.27815405,0.08786757,0.23920992,0.30701578,141883,0,0,17342
-0.26778373,-0.13922296,-0.1519654,0.07334674,0.13679715,0.30468717,141884,0,0,17342
-0.23195069,-0.16287708,-0.28028685,0.14819784,0.15293634,0.20712478,141885,0,0,17342
-0.14542572,-0.19108349,-0.3346825,0.23082781,0.19299936,0.3235343,141893,0,0,17341
-0.23575309,-0.19886108,-0.39204,0.20713192,0.1988176,0.34453738,141894,0,0,17341
-0.18472847,-0.20494542,-0.39392367,0.24349815,0.20373495,0.34055227,141895,0,0,17341
-0.20888095,-0.22093278,-0.4039141,0.2541176,0.22093244,0.42952976,141896,0,0,17341
-0.21130769,-0.15844968,-0.3143193,0.12254643,0.15146965,0.28175005,141898,0,0,17341
-0.19599736,-0.17293392,-0.35122532,0.18303475,0.1674096,0.27181575,141899,0,0,17341
-0.22693597,-0.1688704,-0.3483178,0.13696523,0.16894165,0.30139774,141900,0,0,17341
-0.3151056,-0.22093259,-0.3934922,0.16770484,0.22093257,0.39837143,141901,0,0,17341
-0.2544407,-0.16225775,-0.33573547,0.0961063,0.16315746,0.29013738,141902,0,0,17341
-0.37996447,-0.23947269,-0.44415548,0.18509072,0.2394727,0.42526793,141903,0,0,17341
-0.13792074,-0.13484058,-0.32148662,0.15653464,0.13850458,0.26732638,141904,0,0,17341
-0.27524582,-0.17381456,-0.3360848,0.1282578,0.17395984,0.3784475,141905,0,0,17341
-0.408264,-0.23179139,-0.37955126,0.10870048,0.23240508,0.47021866,141906,0,0,17341
-0.48080254,-0.26488298,-0.42326766,0.10912035,0.26482502,0.5464289,141907,0,0,17341
-0.2680899,-0.17354627,-0.26186788,0.10730274,0.17493357,0.48879248,141908,0,0,17341
-0.27639133,-0.20063056,-0.39250916,0.17261477,0.20086862,0.41912225,141909,0,0,17341
-0.14542575,-0.1910835,-0.33468258,0.23082784,0.19299938,0.3235344,141922,0,0,17281
-0.23575309,-0.19886108,-0.3920401,0.20713192,0.19881757,0.34453744,141923,0,0,17281
-0.1847285,-0.20494542,-0.39392376,0.24349816,0.20373495,0.34055245,141924,0,0,17281
-0.20888098,-0.22093278,-0.40391412,0.25411764,0.22093244,0.42952982,141925,0,0,17281
-0.2113077,-0.15844968,-0.31431934,0.12254647,0.15146965,0.2817501,141927,0,0,17281
-0.19599752,-0.17293398,-0.3512253,0.18303461,0.16740954,0.27181587,141928,0,0,17281
-0.22693603,-0.16887042,-0.3483179,0.13696526,0.16894166,0.30139783,141929,0,0,17281
-0.3151056,-0.22093259,-0.39349228,0.16770488,0.22093256,0.39837152,141930,0,0,17281
-0.25444087,-0.16225779,-0.33573532,0.09610623,0.16315754,0.2901376,141931,0,0,17281
-0.3799646,-0.23947276,-0.4441556,0.1850907,0.2394727,0.42526793,141932,0,0,17281
-0.13792075,-0.1348406,-0.32148665,0.15653469,0.13850461,0.26732644,141933,0,0,17281
-0.27524585,-0.17381458,-0.3360849,0.12825795,0.17395987,0.37844756,141934,0,0,17281
-0.40826404,-0.23179139,-0.37955132,0.10870049,0.23240511,0.47021872,141935,0,0,17281
-0.4808026,-0.26488298,-0.42326766,0.10912041,0.26482502,0.546429,141936,0,0,17281
-0.26808992,-0.17354627,-0.26186788,0.10730277,0.17493357,0.48879254,141937,0,0,17281
-0.27639136,-0.20063058,-0.3925092,0.17261478,0.20086864,0.4191223,141938,0,0,17281
-0.2145787,-0.22426611,-0.39520368,0.17205995,0.22426613,0.20981619,141952,0,0,17290
-0.2878028,-0.22210962,-0.38615316,0.081739195,0.22210974,0.19882126,141953,0,0,17290
-0.16995986,-0.21576343,-0.3850055,0.11730769,0.21297076,0.21871796,141954,0,0,17290
-0.22128928,-0.22777125,-0.38790336,0.11553098,0.22777145,0.24440122,141955,0,0,17290
-0.20231646,-0.18294981,-0.31672767,0.005062519,0.18295039,0.2011031,141958,0,0,17290
-0.22269106,-0.20953739,-0.393077,0.07867958,0.20953748,0.19725056,141959,0,0,17290
-0.23285429,-0.1882854,-0.32118556,0.07356812,0.18828554,0.22991474,141960,0,0,17290
-0.27747837,-0.20953746,-0.38552314,0.041975137,0.2095375,0.19875258,141961,0,0,17290
-0.27546617,-0.19223629,-0.34149987,0.0010205705,0.19223602,0.20008513,141962,0,0,17290
-0.474782,-0.30043474,-0.4704611,0.057597447,0.30043486,0.3493854,141963,0,0,17290
-0.15284127,-0.1792195,-0.30453506,0.025358915,0.17921954,0.18890832,141964,0,0,17290
-0.2348631,-0.18543132,-0.31680903,-0.08593907,0.18543127,0.21304055,141965,0,0,17290
-0.36442733,-0.29247823,-0.302274,-0.06968279,0.29247928,0.28975952,141966,0,0,17290
-0.4212899,-0.29653725,-0.29246226,0.12919915,0.29653746,0.32127368,141967,0,0,17290
-0.26815864,-0.22353514,-0.2650322,0.008484682,0.22353506,0.37190464,141968,0,0,17290
-0.31136885,-0.22212388,-0.4147593,0.025135824,0.2221247,0.28853804,141969,0,0,17290
-0.12030619,-0.22517593,-0.30189312,0.16628005,0.22517575,0.13671447,141978,0,0,17289
-0.13030244,-0.24846424,-0.3241195,0.13179368,0.24846424,0.14678992,141979,0,0,17289
-0.11124046,-0.24952613,-0.34085146,0.15942983,0.2474023,0.12004154,141980,0,0,17289
-0.1133476,-0.10847245,-0.10777432,0.10254068,0.10741583,0.10811396,141981,0,0,17289
-0.14159054,-0.17654838,-0.2464792,0.09787606,0.17654777,0.12503767,141984,0,0,17289
-0.10844321,-0.21073058,-0.30928454,0.12506725,0.21073027,0.13416356,141985,0,0,17289
-0.15942636,-0.22052534,-0.27545562,0.11514421,0.22052513,0.170914,141986,0,0,17289
-0.17790861,-0.24145599,-0.32921508,0.10484998,0.24145599,0.17888999,141987,0,0,17289
-0.16765033,-0.20903958,-0.27809045,0.11552028,0.2090392,0.16179916,141988,0,0,17289
-0.2401179,-0.3256043,-0.42176262,0.11661698,0.32560498,0.26341978,141989,0,0,17289
-0.11554238,-0.16807313,-0.23995405,0.11985496,0.16807313,0.11474229,141990,0,0,17289
-0.14150955,-0.21186642,-0.3015828,0.11150778,0.2118661,0.14502266,141991,0,0,17289
-0.21286029,-0.24846424,-0.3067139,0.11352971,0.24846424,0.20243931,141992,0,0,17289
-0.2939314,-0.3450828,-0.39775574,0.11520996,0.34508365,0.31811872,141993,0,0,17289
-0.2028092,-0.20236368,-0.17476101,0.11044513,0.20236352,0.30685595,141994,0,0,17289
-0.20081963,-0.2414982,-0.33397284,0.11571977,0.2414983,0.20531373,141995,0,0,17289
-0.2565743,-0.23886152,-0.39749458,0.18728316,0.23886122,0.19997124,142005,0,0,17216
-0.27422443,-0.27583724,-0.44766822,0.15543194,0.27583694,0.30834332,142006,0,0,17216
-0.20294899,-0.29650763,-0.41203183,0.17909685,0.29650733,0.19093806,142007,0,0,17216
-0.24442165,-0.30327034,-0.4037113,0.18763189,0.30327004,0.26238927,142008,0,0,17216
-0.27616924,-0.20177096,-0.32795802,0.06858808,0.2017707,0.16252704,142011,0,0,17216
-0.23147862,-0.23886152,-0.4166112,0.14058287,0.23886128,0.23805757,142012,0,0,17216
-0.31044015,-0.22979386,-0.3845312,0.11577753,0.22979358,0.18266584,142013,0,0,17216
-0.4004543,-0.26197138,-0.43251997,0.09562023,0.2619711,0.24722566,142014,0,0,17216
-0.29662672,-0.23886152,-0.38334098,0.07543459,0.23886128,0.27132788,142015,0,0,17216
-0.40162456,-0.413544,-0.5420768,0.14655907,0.41354388,0.422492,142016,0,0,17216
-0.22019084,-0.21401447,-0.33690175,0.1265685,0.21401416,0.19187553,142017,0,0,17216
-0.2729647,-0.23886152,-0.37070417,0.10626379,0.23886128,0.30722293,142018,0,0,17216
-0.38617826,-0.28739217,-0.38340554,0.095435485,0.28739187,0.3420724,142019,0,0,17216
-0.3668291,-0.322229,-0.4750546,0.10288917,0.32222876,0.44038454,142020,0,0,17216
-0.37549403,-0.27352628,-0.28855434,0.050562605,0.27352598,0.46112338,142021,0,0,17216
-0.33867115,-0.29201415,-0.44981432,0.15940104,0.29201382,0.35053474,142022,0,0,17216
-0.14508168,-0.2577012,-0.31475332,-0.0436834,0.25685415,0.11449209,142130,0,0,17405
-0.18875465,-0.2619892,-0.29841357,-0.10546098,0.26114216,0.10590582,142131,0,0,17405
-0.14508651,-0.276262,-0.32152715,-0.035485785,0.27440268,0.12809446,142132,0,0,17405
-0.14504743,-0.31430233,-0.31733805,-0.045095015,0.31345528,0.15261163,142133,0,0,17405
-0.18923868,-0.22137776,-0.27733862,-0.11864676,0.2205307,0.10935893,142136,0,0,17405
-0.17675276,-0.24232012,-0.27563477,-0.099765085,0.2412058,0.09807391,142137,0,0,17405
-0.21610689,-0.2831973,-0.35010472,-0.11071737,0.28235027,0.15997325,142138,0,0,17405
-0.22266068,-0.2598275,-0.35461625,-0.14005537,0.25898063,0.12716497,142139,0,0,17405
-0.25166073,-0.23783286,-0.31826633,-0.17605945,0.23698582,0.14130297,142140,0,0,17405
-0.26858333,-0.37582263,-0.36065972,-0.14904031,0.3749756,0.21961936,142141,0,0,17405
-0.1276367,-0.22421403,-0.25407225,-0.055728484,0.22741018,0.11725965,142142,0,0,17405
-0.23572405,-0.26418725,-0.20721382,-0.044518583,0.26334035,0.18007617,142143,0,0,17405
-0.3329205,-0.31430236,-0.26881716,-0.14366253,0.3134553,0.20261551,142144,0,0,17405
-0.3415734,-0.31430236,-0.1979256,-0.1779455,0.31345528,0.27876636,142145,0,0,17405
-0.272811,-0.22490703,-0.20641956,-0.16215181,0.22405995,0.27619383,142146,0,0,17405
-0.21120907,-0.23729031,-0.28274122,-0.07568566,0.23644324,0.18126895,142147,0,0,17405
-0.37775555,-0.3750281,-0.34846175,0.37230065,0.3750281,0.70251316,142157,0,0,17398
-0.42874682,-0.4241988,-0.3060527,0.4196508,0.4241988,0.77874815,142158,0,0,17398
-0.35025856,-0.33541593,-0.3976915,0.3205733,0.33541593,0.6115754,142159,0,0,17398
-0.3965448,-0.40275103,-0.39769143,0.40895724,0.40275103,0.720203,142160,0,0,17398
-0.4237336,-0.41388217,-0.30904317,0.40403074,0.41388217,0.7767681,142163,0,0,17398
-0.43643478,-0.42823592,-0.3682433,0.42003706,0.42823592,0.77861845,142164,0,0,17398
-0.35843453,-0.3590782,-0.30904275,0.35972187,0.3590782,0.65995014,142165,0,0,17398
-0.438716,-0.43012816,-0.30392662,0.42154032,0.43012816,0.78522336,142166,0,0,17398
-0.41952255,-0.40898126,-0.31094745,0.39843997,0.40898126,0.76343715,142167,0,0,17398
-0.48986223,-0.3931677,-0.3403173,0.3873344,0.3931677,0.7044996,142168,0,0,17398
-0.44428685,-0.4512722,-0.3109475,0.45825753,0.4512722,0.8243527,142169,0,0,17398
-0.39202064,-0.39677566,-0.2519743,0.40153068,0.39677566,0.73391664,142170,0,0,17398
-0.38502878,-0.397591,-0.10315649,0.4101532,0.397591,0.74228024,142171,0,0,17398
-0.33949435,-0.34817442,-0.18979998,0.3568545,0.34817442,0.6412332,142172,0,0,17398
-0.37524158,-0.3723488,-0.2361327,0.369456,0.3723488,0.6704819,142173,0,0,17398
-0.4172777,-0.3951454,-0.2682502,0.37301308,0.3951454,0.7463399,142174,0,0,17398
-0.1891845,-0.18935941,-0.26767626,0.18962301,0.1894481,0.14491574,142182,0,0,16769
-0.18854156,-0.18871328,-0.2684011,0.1891784,0.18901764,0.14456502,142183,0,0,16769
-0.18868409,-0.18953794,-0.2681717,0.18859667,0.18805285,0.14498362,142184,0,0,16769
-0.188726,-0.18962061,-0.26803327,0.18884347,0.18822964,0.14521551,142185,0,0,16769
-0.18857758,-0.18852752,-0.2686687,0.18829979,0.18873398,0.13035601,142188,0,0,16769
-0.19081831,-0.18982396,-0.26924655,0.18942958,0.19042394,0.14494373,142189,0,0,16769
-0.18818203,-0.18832019,-0.26686272,0.18817118,0.18867469,0.14609043,142190,0,0,16769
-0.18807097,-0.18841942,-0.267776,0.18928184,0.18854095,0.14487442,142191,0,0,16769
-0.18892968,-0.18884489,-0.2676032,0.18888193,0.18901627,0.13107663,142192,0,0,16769
-0.18763709,-0.18731233,-0.26687938,0.18776831,0.18809307,0.1572767,142193,0,0,16769
-0.18857665,-0.18972398,-0.2684234,0.18900332,0.18856679,0.13107982,142194,0,0,16769
-0.18965372,-0.18920915,-0.26876444,0.18924737,0.18969195,0.14425817,142195,0,0,16769
-0.18789102,-0.18798386,-0.26722962,0.18808903,0.1880398,0.14369927,142196,0,0,16769
-0.18869127,-0.18851417,-0.26857147,0.18820827,0.18838537,0.14361745,142197,0,0,16769
-0.18209472,-0.18108843,-0.25889313,0.18149102,0.18152271,0.14062159,142198,0,0,16769
-0.18999898,-0.18924913,-0.2684111,0.18868268,0.18951762,0.14409986,142199,0,0,16769
-0.057580173,-0.05297509,-0.030563574,0.059095353,0.06370044,0.0878955,142304,0,0,16571
-0.05873848,-0.06202246,-0.032866057,0.062623456,0.059339475,0.08849588,142305,0,0,16571
-0.061236404,-0.0533093,-0.03008204,0.06213616,0.06807219,0.09423171,142306,0,0,16571
-0.05548612,-0.06395919,-0.029365607,0.061892055,0.0551882,0.08746017,142307,0,0,16571
-0.06054419,-0.06292035,-0.027409405,0.06076329,0.064122766,0.094185606,142310,0,0,16571
-0.05789745,-0.05472468,-0.029586934,0.059472844,0.062645614,0.08778336,142311,0,0,16571
-0.071930565,-0.06244774,-0.033030078,0.061069243,0.070552066,0.09996973,142312,0,0,16571
-0.06072828,-0.059549544,-0.030895699,0.060692195,0.061457623,0.091732174,142313,0,0,16571
-0.06511752,-0.062677085,-0.027955893,0.05444037,0.05688081,0.0926491,142314,0,0,16571
-0.06671669,-0.059092823,-0.026294384,0.054201536,0.061825406,0.09486785,142315,0,0,16571
-0.059983995,-0.062443756,-0.030109625,0.064122975,0.06166321,0.093997344,142316,0,0,16571
-0.062492628,-0.06618172,-0.028346404,0.061639,0.060999144,0.0971421,142317,0,0,16571
-0.05478293,-0.056625526,-0.026770812,0.054221082,0.052378487,0.083450764,142318,0,0,16571
-0.05871914,-0.06408128,-0.02963977,0.05824771,0.056221243,0.08861422,142319,0,0,16571
-0.0597884,-0.061715677,-0.026516773,0.062216245,0.05960125,0.09479815,142320,0,0,16571
-0.057580173,-0.05297509,-0.030563574,0.059095353,0.06370044,0.0878955,142321,0,0,16571
0.056731656,-0.14081594,-0.10466752,0.2116981,0.1408162,0.12993594,142326,0,0,16570
0.016251154,-0.1449175,-0.12194823,0.17573121,0.14491758,0.11948832,142327,0,0,16570
0.043556165,-0.16619731,-0.13156125,0.228058,0.16911168,0.14775582,142328,0,0,16570
0.06272822,-0.149265,-0.10301407,0.22699267,0.1492651,0.14566559,142329,0,0,16570
-0.015773887,-0.11812676,-0.083242096,0.11422331,0.11812685,0.11356044,142332,0,0,16570
0.04092573,-0.149265,-0.11983699,0.20519017,0.14926508,0.1288427,142333,0,0,16570
-0.01901328,-0.11914512,-0.06282197,0.11210457,0.11914519,0.13567717,142334,0,0,16570
-0.035492875,-0.13800378,-0.10543457,0.11637884,0.13800406,0.12448374,142335,0,0,16570
-0.03713915,-0.11941196,-0.08502761,0.09427241,0.11941205,0.11391612,142336,0,0,16570
-0.012981721,-0.20397513,-0.13142584,0.21149057,0.20397522,0.20840245,142337,0,0,16570
0.040676787,-0.11403688,-0.079461545,0.16835971,0.11801088,0.11383748,142338,0,0,16570
0.012511501,-0.12923367,-0.11130888,0.15473181,0.12923391,0.10399822,142339,0,0,16570
-0.0803647,-0.13447294,-0.079840355,0.0676213,0.13447307,0.1441954,142340,0,0,16570
-0.06220488,-0.149265,-0.09910758,0.10205958,0.1492651,0.14957209,142341,0,0,16570
-0.037131336,-0.13230163,0.041579254,0.10696027,0.12956686,0.25971928,142342,0,0,16570
-0.018015696,-0.1466309,-0.12575473,0.11819991,0.14663096,0.14537047,142343,0,0,16570
-0.17435278,-0.2558583,-0.3791513,0.23759791,0.255922,0.4262151,142353,0,0,17267
-0.24352653,-0.26920465,-0.39376584,0.23304068,0.26930162,0.45365816,142354,0,0,17267
-0.17649129,-0.2667467,-0.41005984,0.23667805,0.26683027,0.41617703,142355,0,0,17267
-0.18734498,-0.29055575,-0.3969666,0.28014287,0.29022038,0.52665424,142356,0,0,17267
-0.22020197,-0.20387574,-0.34273186,0.1079579,0.20380856,0.35197452,142359,0,0,17267
-0.20161305,-0.25305292,-0.39110485,0.20610005,0.25346312,0.4059774,142360,0,0,17267
-0.22463495,-0.20753579,-0.39110875,0.14635172,0.20753582,0.4370579,142361,0,0,17267
-0.2606161,-0.25719932,-0.43458015,0.1534421,0.25719947,0.50343657,142362,0,0,17267
-0.24921905,-0.20642057,-0.36545628,0.12176764,0.20642044,0.3996562,142363,0,0,17267
-0.28410143,-0.32724074,-0.49455637,0.21051906,0.32724077,0.58336383,142364,0,0,17267
-0.16084237,-0.20586883,-0.3262809,0.1778972,0.205869,0.34582552,142365,0,0,17267
-0.26265898,-0.22446148,-0.345454,0.12846908,0.22446169,0.3798279,142366,0,0,17267
-0.2683092,-0.25116774,-0.35754234,0.16829881,0.2511665,0.51854163,142367,0,0,17267
-0.28945,-0.30859664,-0.43583003,0.2215627,0.30859512,0.63947314,142368,0,0,17267
-0.25739878,-0.23044477,-0.27322197,0.14543723,0.23044477,0.5498996,142369,0,0,17267
-0.27611297,-0.25701597,-0.41529176,0.23885642,0.25711,0.4563839,142370,0,0,17267
-0.17224947,-0.15546921,-0.39323935,0.19029608,0.1514314,0.028418154,142379,0,0,17246
-0.20600958,-0.15546916,-0.3917429,0.17392749,0.1514314,0.029914694,142380,0,0,17246
-0.18522789,-0.17733307,-0.44122842,0.2347631,0.178196,0.047240943,142381,0,0,17246
-0.2053572,-0.17980526,-0.39891648,0.22589663,0.17572387,0.07167291,142382,0,0,17246
-0.21619914,-0.13716422,-0.3198246,0.10309768,0.13312566,0.051532585,142385,0,0,17246
-0.19910675,-0.15546913,-0.37659192,0.16814308,0.15143146,0.048646107,142386,0,0,17246
-0.2435134,-0.15023951,-0.34051353,0.10667545,0.14620097,0.06677241,142387,0,0,17246
-0.27451295,-0.15950485,-0.38950133,0.10383109,0.15988012,0.04930845,142388,0,0,17246
-0.24734879,-0.14698207,-0.34686172,0.090483285,0.14294334,0.061659105,142389,0,0,17246
-0.3299395,-0.23706685,-0.58488315,0.24373436,0.24056798,0.10238585,142390,0,0,17246
-0.14895159,-0.11957128,-0.3041319,0.13410835,0.12334905,0.03815625,142391,0,0,17246
-0.23376256,-0.13249765,-0.31797284,0.08152368,0.13627543,0.060743306,142392,0,0,17246
-0.3247808,-0.1646229,-0.35064736,0.13040051,0.1605831,0.10053853,142393,0,0,50163
-0.3374288,-0.18402143,-0.42140594,0.1854847,0.18523368,0.097579636,142394,0,0,17246
-0.2395932,-0.15201893,-0.19708124,0.14125706,0.15886293,0.23004572,142395,0,0,17246
-0.2556521,-0.18361624,-0.41777962,0.2527987,0.17957765,0.081219785,142396,0,0,17246
-0.31293824,-0.26416072,-0.33237085,0.24545676,0.26222038,0.27821523,142552,0,0,17369
-0.3882633,-0.29726347,-0.38388973,0.23144133,0.29532325,0.30532762,142553,0,0,17369
-0.34519616,-0.28214672,-0.3639077,0.30148053,0.27988335,0.28659046,142554,0,0,17369
-0.41366547,-0.30677956,-0.35859448,0.31803918,0.30418918,0.34490922,142555,0,0,17369
-0.3296296,-0.2128378,-0.26430738,0.12034024,0.21102217,0.22866996,142556,0,0,17369
-0.33006498,-0.25108132,-0.3258343,0.20127678,0.24917279,0.25599477,142557,0,0,17369
-0.36940938,-0.2575237,-0.3110296,0.16722485,0.25562808,0.2858002,142558,0,0,17369
-0.39994878,-0.2749204,-0.3508834,0.17313711,0.27298456,0.28510082,142559,0,0,17369
-0.3739097,-0.24462482,-0.29696575,0.1434679,0.2427316,0.2698623,142560,0,0,17369
-0.5548918,-0.3850171,-0.44943994,0.2573703,0.382785,0.44356522,142561,0,0,17369
-0.2681949,-0.21283814,-0.2643074,0.18177491,0.21102183,0.22867005,142562,0,0,17369
-0.40118825,-0.26005492,-0.34327674,0.14891104,0.2581245,0.26062402,142563,0,0,17369
-0.48763976,-0.27599502,-0.3106784,0.14304627,0.2740273,0.29299724,142564,0,0,17369
-0.6512061,-0.38911793,-0.42655942,0.23108976,0.38694322,0.43294019,142565,0,0,17369
-0.4302564,-0.2614093,-0.19615607,0.15742089,0.25965732,0.4092074,142566,0,0,17369
-0.43124476,-0.29614842,-0.356879,0.22195502,0.29416454,0.3164218,142567,0,0,17369
-0.174945,-0.02483633,-0.091424055,0.8786791,0.05059234,0.12136654,142631,0,0,17318
0.13044414,-0.024767868,-0.09114518,0.76992655,0.05059233,0.11447721,142667,0,0,17308
-0.174945,-0.02483633,-0.11116307,0.8786791,0.05059234,0.13449492,142693,0,0,17314
-0.22049549,-0.07072089,-0.2881942,0.30939463,0.06898313,0.24554954,142733,0,0,17305
-0.30309376,-0.045866303,-0.28259236,0.2950511,0.10522542,0.23393035,142737,0,0,17304
-0.31574425,-0.045866307,-0.27533618,0.2824006,0.10522542,0.24118654,142741,0,0,17303
-0.22049549,-0.07072089,-0.28980508,0.31282976,0.07557622,0.25713536,142745,0,0,17302
-0.40461817,-0.12878482,-0.65990764,0.45536613,0.40300953,0.69693625,142765,0,0,17296
-0.647832,-0.08638212,-0.37762278,0.5825696,0.08565134,0.4021272,142779,0,0,17293
-0.57157445,-0.14999554,-0.46094936,0.50017244,0.17479348,0.4281573,142781,0,0,17292
-0.54807633,-0.17273019,-0.37411413,0.39627987,0.08225535,0.4766088,142783,0,0,17140
-0.78659916,-0.09557164,-0.5423363,0.764906,0.40569103,0.5646299,142785,0,0,17174
-0.60037065,-0.42713898,-0.6322544,0.68146455,0.42705846,0.42799178,142787,0,0,17173
-0.5187875,-0.08029969,-0.31727067,0.29494998,0.049887545,0.289694,142804,0,0,17165
-0.49187863,-0.050948985,-0.31130973,0.32820168,0.07923823,0.32845193,142809,0,0,17164
-0.51218873,-0.091009006,-0.30726698,0.3789328,0.044425566,0.37026945,142813,0,0,17163
-0.41919222,-0.06184384,-0.33236566,0.4210912,0.11310897,0.41092837,142816,0,0,17148
-0.42217112,-0.059152134,-0.3317835,0.4650524,0.08876775,0.3603765,142826,0,0,17147
-0.30098614,-0.0319238,-0.30041403,0.30858907,0.19441497,0.2867286,142867,0,0,17143
-0.30565327,-0.042270076,-0.31514657,0.31325626,0.12472901,0.30146116,142869,0,0,17142
-0.41871396,-0.061256547,-0.42529324,0.41542134,0.12044341,0.39949244,142871,0,0,17141
-0.513381,-0.7396487,-0.68271387,0.7627745,0.70585376,0.6896072,142873,0,0,17218
-0.8623884,-0.754306,-0.5042365,0.67132133,0.74391526,1.0076165,142876,0,0,17252
-0.59971076,-0.038661543,-0.31656548,0.47953114,0.07497167,0.3243792,142878,0,0,17251
-0.5263592,-0.079569794,-0.39908788,0.4364007,0.12642075,0.45453396,142885,0,0,17243
-0.57612985,-0.12177103,-0.39443967,0.372458,0.16387914,0.4958028,142893,0,0,17242
-0.4697483,-0.15472277,-0.32722354,0.35027027,0.21253742,0.36832336,142900,0,0,17241
-0.7550442,-0.09022054,-0.4197382,0.47488627,0.14169286,0.50907755,142907,0,0,17240
-0.70613766,-0.09627024,-0.37493628,0.42536464,0.15061276,0.44293356,142909,0,0,17239
-0.74781007,-0.14792679,-0.43472955,0.7526512,0.1021613,0.40552822,142911,0,0,17238
-0.39158288,-0.060381804,-0.40804043,0.40765023,0.11670832,0.3831809,142914,0,0,17237
-0.5024765,-0.09054525,-0.37349212,0.4744548,0.29085436,0.49489656,142916,0,0,17236
-0.59372085,-0.13212906,-0.5527475,0.54792637,0.34173986,0.5872609,142918,0,0,17235
-0.69773906,-0.06444793,-0.54590106,0.5645972,0.34612316,0.56596845,142924,0,0,17233
-0.46802297,-0.09923891,-0.42425123,0.4471193,0.17125149,0.48669794,142930,0,0,17232
-0.42969447,-0.10199544,-0.3541515,0.50800943,0.2538088,0.35344204,142939,0,0,17230
-0.41959646,-0.057997577,-0.30546257,0.42276973,0.09775919,0.34528965,142940,0,0,17229
-0.7579008,-0.10971639,-0.6238812,0.80094284,0.442825,0.5938623,142946,0,0,17228
-0.8144873,-0.074643634,-0.3987041,0.5414925,0.34202304,0.44046232,142948,0,0,17227
-0.7518445,-0.11068329,-0.46286106,0.50659555,0.26193085,0.54951924,142950,0,0,17226
-0.4407876,-0.047886815,-0.3094969,0.4722102,0.0977592,0.2780624,142984,0,0,17378
-0.5115256,-0.13452841,-0.44722134,0.4933507,0.12862036,0.4879307,142989,0,0,17377
-0.5482513,-0.08709625,-0.50509304,0.52584296,0.2927258,0.5764185,142991,0,0,17355
-0.47069922,-0.074284285,-0.35840243,0.43312308,0.059566293,0.33347973,142992,0,0,17354
-0.54124147,-0.0711,-0.33744106,0.41103393,0.059566293,0.29352635,142997,0,0,17353
-0.35113603,-0.056693893,-0.37502548,0.34021142,0.11901919,0.3390896,143001,0,0,17352
-0.27580547,-0.05701054,-0.33504453,0.38616157,0.08709919,0.33559203,143005,0,0,17351
-0.4948496,-0.02852669,-0.43747747,0.49995884,0.14336511,0.35580972,143029,0,0,17350
-0.35177234,-0.058999367,-0.37851596,0.28151852,0.132656,0.26875815,143031,0,0,17349
-0.42719105,-0.044873208,-0.40853786,0.39053673,0.07672762,0.4060776,143063,0,0,17262
-0.6034146,-0.11436767,-0.4981068,0.91170555,0.4758978,0.65506333,143075,0,0,17259
-0.7598231,-0.11446366,-0.4978701,0.4029301,0.23266366,0.46377984,143077,0,0,17258
-0.233904,-0.0770189,-0.256976,0.200435,0.293583,0.0576394,143132,0,0,16402
-0.16228208,-0.062871434,-0.1755863,0.12530383,0.20773828,0.050211925,143133,0,0,16401
-0.16228202,-0.062871404,-0.1477071,0.12530385,0.22601888,0.050211683,143134,0,0,16352
-0.20329398,-0.10735835,-0.2629315,0.159101,0.2524204,0.11860941,143135,0,0,16351
-0.16228203,-0.06287132,-0.18793808,0.12530385,0.22601897,0.050212,143136,0,0,16350
-0.18456703,-0.1004489,-0.187672,0.18951018,0.22065322,0.081128486,143137,0,0,16349
-0.16838475,-0.10767642,-0.26420364,0.13000606,0.312411,0.3425509,143138,0,0,16348
-0.190539,-0.105829,-0.220143,0.176692,0.243962,0.0700225,143139,0,0,16347
-0.215114,-0.13849,-0.182813,0.210135,0.288753,0.0628044,143140,0,0,16346
-0.19888732,-0.11183713,-0.19283798,0.21013509,0.239526,0.08362029,143141,0,0,16345
-0.20089471,-0.050229583,-0.2010685,0.17692931,0.25028098,0.061506107,143142,0,0,16344
-0.224294,-0.157242,-0.299681,0.157013,0.288833,0.059625,143144,0,0,16134
-0.17762408,-0.10502142,-0.21960194,0.17083989,0.26687124,0.08161494,143145,0,0,16133
-0.17762409,-0.10502151,-0.2163969,0.17083986,0.26687127,0.081614934,143146,0,0,16132
-0.19565459,-0.10260314,-0.22340226,0.1989167,0.24068686,0.063150555,143147,0,0,16131
-0.2520062,-0.092034064,-0.18132962,0.25971255,0.31823575,0.16128878,143148,0,0,16130
-0.21648501,-0.1184074,-0.19586274,0.18603487,0.28537986,0.14857098,143149,0,0,16129
-0.2552531,-0.08812321,-0.27566564,0.18011029,0.2766138,0.5674212,143152,0,0,16126
-0.43479887,-0.057545286,-0.5480318,0.19727884,0.353064,0.0979112,143156,0,0,16123
-0.2670733,-0.12287065,-0.22034751,0.2629051,0.3291884,0.16051194,143157,0,0,16122
-0.21920909,-0.10423853,-0.28161296,0.2107499,0.4328063,0.25384933,143164,0,0,16115
-0.22576687,-0.040223498,-0.26980424,0.23636715,0.25660846,0.47051927,143165,0,0,16114
-0.5882544,-0.5857133,-0.3586049,0.52329737,0.53279173,0.75294685,143166,0,0,16113
-0.21530381,-0.08296653,-0.41961816,0.20280579,0.41937578,0.3052204,143167,0,0,16112
-0.25028285,-0.13941559,-0.25135386,0.2660495,0.40286395,0.15950273,143168,0,0,16111
-0.3199226,-0.31829926,-0.26214218,0.32229835,0.31620297,0.40005434,143169,0,0,16110
-0.17315666,-0.064478286,-0.21696003,0.1664277,0.24907091,0.1150143,143173,0,0,16106
-0.4041313,-0.26029143,-0.2969468,0.2777984,0.43905625,0.72276914,143174,0,0,16105
-0.25690654,-0.15174618,-0.25432009,0.236039,0.25526404,0.2949661,143175,0,0,16093
-0.212966,-0.0657436,-0.18349,0.162782,0.231895,0.0451675,143183,0,0,16085
-0.187744,-0.0665633,-0.201279,0.162782,0.222677,0.0451675,143184,0,0,16084
-0.1464144,-0.068911746,-0.14750993,0.1236663,0.23045823,0.038361594,143185,0,0,16083
-0.20401815,-0.12939896,-0.31858984,0.16063255,0.40257296,0.353986,143186,0,0,16082
-0.187744,-0.0665633,-0.218464,0.162782,0.222677,0.0451675,143187,0,0,16081
-0.1819753,-0.07771791,-0.16285796,0.14085521,0.23411603,0.09929034,143188,0,0,16080
-0.14107108,-0.08392944,-0.13372518,0.11004557,0.22307989,0.07880713,143189,0,0,16079
1,1,1,-1,-1,-1,143190,0,0,16078
-0.237684,-0.0778056,-0.242048,0.157241,0.277614,0.104216,143192,0,0,16076
-0.239744,-0.0561128,-0.287272,0.204903,0.309894,0.0257,143193,0,0,16075
-0.18071307,-0.10586403,-0.16356072,0.16845007,0.28399718,0.1462144,143194,0,0,16074
1,1,1,-1,-1,-1,143195,0,0,16073
-0.232144,-0.0628731,-0.286186,0.205735,0.286825,0.02747,143196,0,0,16072
-0.16843717,-0.13376819,-0.25782862,0.14566457,0.3125771,0.1134345,143197,0,0,16071
-0.13969107,-0.099277124,-0.15557392,0.212607,0.36353603,0.3648519,143200,0,0,16068
-0.2402904,-0.072648555,-0.19707634,0.17613356,0.4015477,0.5829471,143202,0,0,16066
-0.27280885,-0.045042027,-0.3882573,0.23217085,0.46450368,0.25500062,143209,0,0,15987
-0.36520225,-0.3750659,-0.43998206,0.37011725,0.45709145,0.41190815,143210,0,0,15986
-0.15665402,-0.07061642,-0.20898908,0.18512565,0.28210202,0.45175785,143211,0,0,15985
-0.31168568,-0.30929664,-0.20898908,0.31002992,0.31241897,0.45351285,143212,0,0,15984
-0.36337504,-0.09401865,-0.36900467,0.24829786,0.38873687,0.30432633,143213,0,0,15983
-0.21171188,-0.11760858,-0.23067151,0.19352978,0.2852084,0.44393736,143214,0,0,15982
-0.3433431,-0.34868017,-0.35602257,0.3505856,0.35342717,0.34889224,143215,0,0,15981
-0.20140997,-0.16469271,-0.1870998,0.22202086,0.353962,0.22824621,143220,0,0,15976
-0.22749646,-0.090526916,-0.3163459,0.22032678,0.4307388,0.19507828,143221,0,0,15975
-0.18762834,-0.12323306,-0.17444777,0.17000334,0.22502251,0.076831385,143228,0,0,15968
-0.1880859,-0.085732326,-0.15047929,0.13320555,0.22430168,0.045408864,143229,0,0,15967
-0.18278751,-0.096016064,-0.17559834,0.20888339,0.24407305,0.10321854,143230,0,0,15966
-0.17169555,-0.031727243,-0.13950716,0.11263315,0.2426391,0.03384517,143231,0,0,15965
1,1,1,-1,-1,-1,143232,0,0,15964
1,1,1,-1,-1,-1,143233,0,0,16931
-0.19406211,-0.09020283,-0.2414981,0.2145171,0.46622908,0.25908226,143234,0,0,15963
-0.21917477,-0.13061686,-0.19613841,0.20998344,0.2872906,0.10539757,143235,0,0,15962
-0.247723,-0.0628731,-0.24817,0.205735,0.286825,0.0274697,143236,0,0,15961
-0.18225288,-0.050848283,-0.1736928,0.12621464,0.29197493,0.03837313,143237,0,0,15960
1,1,1,-1,-1,-1,143238,0,0,15959
1,1,1,-1,-1,-1,143239,0,0,15958
-0.26088083,-0.06287336,-0.34270668,0.2268674,0.31320426,0.045012377,143241,0,0,15956
-0.228579,-0.0628731,-0.33915,0.170807,0.313203,0.0450117,143242,0,0,15955
1,1,1,-1,-1,-1,143243,0,0,15954
1,1,1,-1,-1,-1,143244,0,0,15953
-0.217497,-0.125351,-0.298878,0.232424,0.311692,0.0782156,143245,0,0,15952
-0.305044,-0.0711075,-0.329772,0.203662,0.305369,0.1679,143246,0,0,15951
-0.269492,-0.0694114,-0.292206,0.242226,0.298467,0.187633,143247,0,0,15950
-0.283506,-0.100731,-0.276697,0.275607,0.390458,0.143132,143248,0,0,15949
1,1,1,-1,-1,-1,143249,0,0,15948
-0.20070037,-0.096709795,-0.21438515,0.18216272,0.41538793,0.35095242,143250,0,0,15947
-0.1991305,-0.1032326,-0.30319148,0.15020283,0.36092198,0.26435465,143253,0,0,15944
-0.23511386,-0.15463974,-0.23542579,0.2773987,0.31546777,0.16954762,143256,0,0,15941
-0.21380468,-0.055005644,-0.2190891,0.25174078,0.3042756,0.2801925,143259,0,0,16930
-0.22658144,-0.070626415,-0.16670407,0.25333992,0.25767416,0.1093471,143260,0,0,16929
-0.54823315,-0.29308152,-0.49186626,0.5560074,0.44753525,0.21943314,143271,0,0,16921
-0.16569376,-0.15009111,-0.31777763,0.26188818,0.30313617,0.5131152,143272,0,0,16920
-0.18542393,-0.053533245,-0.28305495,0.13812438,0.37691277,0.5129879,143274,0,0,16918
-0.2176041,-0.09329932,-0.23738098,0.22520065,0.44040406,0.20815445,143275,0,0,16917
-0.08363386,-0.07487342,-0.062185194,0.12764573,0.2793032,0.24425006,143276,0,0,16916
-0.23714042,-0.10566686,-0.254643,0.23179966,0.38058418,0.41158503,143284,0,0,16858
-0.17089601,-0.05063819,-0.2910132,0.20298655,0.45952907,0.2736924,143285,0,0,16857
-0.2608865,-0.2626771,-0.13412006,0.26448905,0.26269844,0.3912555,143286,0,0,16856
-0.25028285,-0.13941559,-0.25135386,0.2660495,0.40286395,0.15950273,143294,0,0,16848
-0.12462287,0,-0.12306678,0.09930783,0.19481014,0.061930962,143295,0,0,16847
-0.12019429,-0.023329468,-0.11604367,0.09892238,0.14182577,0.02186828,143296,0,0,16846
-0.12153072,-0.026452594,-0.12733728,0.10298477,0.18757704,0.053625233,143297,0,0,16845
-0.19795467,-0.05554374,-0.31884235,0.16436729,0.31419513,0.28584766,143298,0,0,16844
-0.14345999,-0.036673225,-0.12816773,0.16168699,0.2539315,0.060357537,143299,0,0,16843
-0.15820274,-0.039446726,-0.16036558,0.16449356,0.26015478,0.07177217,143300,0,0,16842
-0.14222704,-0.12213387,-0.1267195,0.14310165,0.2365256,0.12897353,143301,0,0,16841
-0.13922808,-0.06989629,-0.15746486,0.12510045,0.29254344,0.066710874,143302,0,0,16840
-0.27224156,-0.05174358,-0.14756556,0.22141792,0.32655096,0.12198267,143303,0,0,16839
-0.17274666,-0.09039678,-0.17530365,0.20969331,0.2563242,0.13962059,143304,0,0,16838
-0.16907251,-0.12003499,-0.12399764,0.11904556,0.292355,0.1621483,143305,0,0,16837
-0.5674149,-0.14751522,-0.53862274,0.19055538,0.649879,0.8212484,143306,0,0,16836
-0.2940644,-0.07123952,-0.365774,0.14380063,0.39458653,0.29268518,143307,0,0,16835
-0.22118463,-0.10286915,-0.22395489,0.27129865,0.36229196,0.10345618,143308,0,0,16669
-0.34953934,-0.5055537,-0.70892334,0.7061762,0.55016184,0.34679222,143310,0,0,16667
-0.28500003,-0.13646881,-0.29108524,0.2764825,0.3560854,0.096007004,143312,0,0,16665
-0.39478382,-0.39334735,-0.2867335,0.39157817,0.39301464,0.5454577,143314,0,0,16663
-0.18304561,-0.04249896,-0.3055829,0.22788167,0.35725635,0.16352694,143315,0,0,16662
-0.19111305,-0.1038809,-0.32135954,0.19220376,0.26591483,0.10166264,143316,0,0,16661
-0.35191086,-0.10953648,-0.19317515,0.18182123,0.4408997,0.42079514,143321,0,0,16656
-0.41306,-0.38482785,-0.38004643,0.3928014,0.463061,0.7189332,143322,0,0,16655
-0.18304561,-0.050364625,-0.30558294,0.22788167,0.49792793,0.4101627,143323,0,0,16654
-0.65847343,-0.6574619,-0.44808796,0.65538484,0.6563964,0.86577034,143324,0,0,16653
-0.41073343,-0.41113308,-0.39963838,0.38854334,0.4976112,0.61283475,143325,0,0,16652
-0.1830458,-0.14873517,-0.1927194,0.23750798,0.31951916,0.21367481,143326,0,0,16651
-0.36499137,-0.15367618,-0.21453555,0.37520492,0.5865201,0.52566075,143327,0,0,16650
-0.63872457,-0.5145338,-1.0573814,0.6395303,0.76372105,0.541812,143328,0,0,16649
-0.3743672,-0.53816336,-0.7180759,0.73927176,0.57547563,0.39556313,143333,0,0,16644
-0.23896469,-0.27571368,-0.41857043,0.48397988,0.42211527,0.42270812,143334,0,0,16643
-0.8169228,-0.8174313,-0.8179514,0.81898,0.8184715,0.8179514,143335,0,0,16642
-0.24524531,-0.26337582,-0.27279285,0.39656585,0.37081546,0.60249084,143340,0,0,16637
-0.21196143,-0.1901143,-0.2242921,0.2337308,0.31069827,0.45828518,143341,0,0,16636
-0.2418628,-0.15951715,-0.21351716,0.262051,0.3092816,0.24753733,143342,0,0,16635
-0.97332096,-0.791589,-1.4158454,0.9166237,1.0983557,0.47409934,143343,0,0,15876
-0.234093,-0.293528,-0.257297,0.200245,0.0770697,0.0573186,143436,0,0,16402
-0.16280344,-0.20871703,-0.16075604,0.12478248,0.060312945,0.05021196,143437,0,0,16401
-0.16228206,-0.22601485,-0.14770709,0.12530385,0.06287532,0.05021165,143438,0,0,16352
-0.20329398,-0.2524204,-0.26293153,0.159101,0.10735835,0.11860946,143439,0,0,16351
-0.16228205,-0.22601482,-0.18793805,0.12530386,0.06287535,0.050211985,143440,0,0,16350
-0.14634022,-0.19957787,-0.2169237,0.14364213,0.02285412,0.016551515,143441,0,0,16349
-0.16838463,-0.31240687,-0.26420394,0.13000615,0.10768062,0.3425507,143442,0,0,16348
-0.190539,-0.243958,-0.220143,0.176692,0.105832,0.0700225,143443,0,0,16347
-0.215114,-0.28875,-0.182813,0.210135,0.138494,0.0628044,143444,0,0,16346
-0.1988873,-0.23952198,-0.19283804,0.21013506,0.1118412,0.08362029,143445,0,0,16345
-0.20089476,-0.25027695,-0.20106846,0.1769293,0.050233588,0.061506134,143446,0,0,16344
-0.224294,-0.288828,-0.299681,0.157013,0.157246,0.059625,143448,0,0,16134
-0.17762412,-0.26686725,-0.21960193,0.17083985,0.10502547,0.08161497,143449,0,0,16133
-0.17762414,-0.26686722,-0.21639676,0.17083986,0.1050255,0.08161504,143450,0,0,16132
-0.1956546,-0.24068287,-0.22340216,0.19891669,0.10260728,0.06315071,143451,0,0,16131
-0.25200617,-0.31823158,-0.18132956,0.25971246,0.0920381,0.16128881,143452,0,0,16130
-0.2164851,-0.2853758,-0.19586281,0.18603486,0.1184114,0.14857104,143453,0,0,16129
-0.2552532,-0.20379347,-0.25964543,0.18011029,0.11553477,0.5834414,143456,0,0,16126
-0.43479878,-0.35306004,-0.54803187,0.19727883,0.057549365,0.09791126,143459,0,0,16123
-0.23409674,-0.29098994,-0.16996293,0.22563757,0.091011174,0.12288447,143460,0,0,16122
-0.21920905,-0.4328023,-0.28161314,0.21074982,0.10424248,0.25384918,143467,0,0,16115
-0.2257669,-0.25660434,-0.2698043,0.23636705,0.040227536,0.47051919,143468,0,0,16114
-0.46992388,-0.5339988,-0.36252186,0.53370774,0.49771896,0.6411097,143469,0,0,16113
-0.21530376,-0.5090783,-0.41961807,0.20280568,0.09378259,0.22148234,143470,0,0,16112
-0.2502828,-0.40135434,-0.25135386,0.26604953,0.1409253,0.1595027,143471,0,0,16111
-0.3140601,-0.31568176,-0.26426512,0.3120734,0.31008986,0.4000665,143472,0,0,16110
-0.1731566,-0.25132525,-0.21696004,0.16642764,0.062223885,0.11501417,143476,0,0,16106
-0.3027473,-0.2874479,-0.14760922,0.2858174,0.3005835,1.1273491,143477,0,0,16105
-0.25690666,-0.2541039,-0.25432017,0.23603898,0.15290634,0.29496583,143478,0,0,16093
-0.212966,-0.231891,-0.18349,0.162782,0.0657475,0.0451675,143486,0,0,16085
-0.187744,-0.222673,-0.201279,0.162782,0.0665675,0.0451675,143487,0,0,16084
-0.14641441,-0.23045418,-0.14750989,0.12366626,0.06891567,0.038361605,143488,0,0,16083
-0.20429008,-0.5100638,-0.3175074,0.16036053,0.1301429,0.2136137,143489,0,0,16082
-0.187744,-0.222673,-0.218464,0.162782,0.0665675,0.0451675,143490,0,0,16081
-0.18197535,-0.23886962,-0.16285808,0.14085509,0.07296429,0.09929021,143491,0,0,16080
-0.14107108,-0.22307579,-0.13372533,0.11004554,0.08393339,0.07880701,143492,0,0,16079
1,1,1,-1,-1,-1,143493,0,0,16078
-0.237684,-0.277609,-0.242048,0.157241,0.0778097,0.104216,143495,0,0,16076
-0.239744,-0.309889,-0.287272,0.204903,0.0561167,0.0256997,143496,0,0,16075
-0.18071309,-0.28399315,-0.16356081,0.16845007,0.10586812,0.14621435,143497,0,0,16074
1,1,1,-1,-1,-1,143498,0,0,16073
-0.232144,-0.286822,-0.286186,0.205735,0.0628775,0.0274697,143499,0,0,16072
-0.16843718,-0.31257308,-0.2578285,0.14566451,0.13377218,0.1134345,143500,0,0,16071
-0.14697434,-0.3626944,-0.15171292,0.226047,0.10011867,0.3687131,143503,0,0,16068
-0.24029036,-0.39108732,-0.19707651,0.17613356,0.07265263,0.55385226,143505,0,0,16066
-0.27280894,-0.4644996,-0.38825744,0.23217085,0.045046117,0.2550007,143512,0,0,15987
-0.38279408,-0.4352618,-0.44010034,0.39591736,0.38483977,0.4570996,143513,0,0,15986
-0.13859999,-0.2820995,-0.20898946,0.2031795,0.070618965,0.45175734,143514,0,0,15985
-0.30313125,-0.30236083,-0.20898946,0.2950053,0.2957757,0.45175734,143515,0,0,15984
-0.3633751,-0.38873675,-0.3690048,0.24829786,0.09401863,0.30432642,143516,0,0,15983
-0.21171203,-0.2852043,-0.23067184,0.19352953,0.11761272,0.4439372,143517,0,0,15982
-0.34130952,-0.3529002,-0.34031352,0.36700082,0.37436718,0.36099842,143518,0,0,15981
-0.20070066,-0.34948996,-0.18709986,0.22273012,0.16469683,0.21463728,143523,0,0,15976
-0.27774543,-0.4294732,-0.320973,0.25489414,0.27130342,0.25668523,143524,0,0,15975
-0.18762834,-0.22501834,-0.17444777,0.17000334,0.12323751,0.076831385,143531,0,0,15968
-0.18808591,-0.22429773,-0.15047939,0.13320553,0.0857363,0.0454088,143532,0,0,15967
-0.18278474,-0.24407299,-0.17559835,0.20888625,0.09601597,0.10321857,143533,0,0,15966
-0.17169558,-0.24263507,-0.13950723,0.11263311,0.031731293,0.033845145,143534,0,0,15965
1,1,1,-1,-1,-1,143535,0,0,15964
-0.19406232,-0.43021303,-0.24292567,0.21451706,0.09020702,0.2644395,143536,0,0,15963
-0.21917474,-0.28734168,-0.19613822,0.20998342,0.13056582,0.10539769,143537,0,0,15962
-0.247723,-0.286822,-0.24817,0.205735,0.0628775,0.0274697,143538,0,0,15961
-0.16104728,-0.30601767,-0.17369266,0.12621465,0.05085237,0.008926819,143539,0,0,15960
1,1,1,-1,-1,-1,143540,0,0,15959
1,1,1,-1,-1,-1,143541,0,0,15958
-0.26088083,-0.31320015,-0.34270686,0.2268674,0.06287745,0.04501218,143543,0,0,15956
-0.228579,-0.313197,-0.33915,0.170807,0.0628772,0.0450117,143544,0,0,15955
1,1,1,-1,-1,-1,143545,0,0,15954
1,1,1,-1,-1,-1,143546,0,0,15953
-0.217497,-0.311689,-0.298878,0.232424,0.125356,0.0782156,143547,0,0,15952
-0.305044,-0.305364,-0.329772,0.203662,0.0711117,0.1679,143548,0,0,15951
-0.252006,-0.334244,-0.233872,0.259712,0.0730933,0.119329,143549,0,0,15950
-0.283506,-0.390458,-0.276697,0.275607,0.100735,0.143132,143550,0,0,15949
1,1,1,-1,-1,-1,143551,0,0,15948
-0.20070037,-0.38766918,-0.21438518,0.1821627,0.12442853,0.35095245,143552,0,0,15947
-0.19913049,-0.3615996,-0.3031915,0.15020286,0.10255493,0.26435477,143555,0,0,15944
-0.20758839,-0.34528315,-0.23542579,0.2762205,0.12658615,0.20778024,143558,0,0,15941
-0.20609096,-0.32406995,-0.1948563,0.25666398,0.073973246,0.20511855,143561,0,0,16930
-0.2113355,-0.23283283,-0.15432176,0.24235344,0.082317896,0.10557791,143562,0,0,16929
-0.3771714,-0.5161417,-0.35594055,0.2924626,0.10113735,0.22071297,143570,0,0,16921
-0.1656937,-0.3031319,-0.31777748,0.2618881,0.15009516,0.5131152,143571,0,0,16920
-0.18542393,-0.37690866,-0.28305504,0.13812439,0.05353727,0.5129878,143573,0,0,16918
-0.21760394,-0.44039994,-0.23738095,0.22520085,0.09330345,0.20815448,143574,0,0,16917
-0.20309086,-0.39299423,-0.12440685,0.12764555,0.082845815,0.34797758,143575,0,0,16916
-0.24492349,-0.36826798,-0.24502993,0.2240168,0.10382044,0.41158473,143583,0,0,16858
-0.17089601,-0.45952907,-0.29101318,0.1992422,0.050638195,0.27369243,143584,0,0,16857
-0.2617143,-0.26336578,-0.13383283,0.26287153,0.26122007,0.39075303,143585,0,0,16856
-0.2502828,-0.40135434,-0.25135386,0.26604953,0.1409253,0.1595027,143593,0,0,16848
-0.12462289,-0.1948061,-0.12306678,0.09930778,0,0.061930954,143594,0,0,16847
-0.12019429,-0.14182171,-0.11604355,0.09892225,0.02333352,0.021868408,143595,0,0,16846
-0.12153076,-0.18757293,-0.1273372,0.10298476,0.026456622,0.053625274,143596,0,0,16845
-0.19795464,-0.31419513,-0.31884235,0.16436729,0.05554374,0.28584766,143597,0,0,16844
-0.14345999,-0.25392747,-0.1281677,0.16168703,0.036677223,0.060357552,143598,0,0,16843
-0.15820274,-0.26015064,-0.16036558,0.16449352,0.03945078,0.071772255,143599,0,0,16842
-0.14222707,-0.23652145,-0.12671952,0.14310157,0.12213792,0.12897342,143600,0,0,16841
-0.1392281,-0.29253936,-0.15746483,0.12510039,0.06990037,0.06671092,143601,0,0,16840
-0.2722416,-0.32654688,-0.14756553,0.22141796,0.051747587,0.12198272,143602,0,0,16839
-0.17274673,-0.2563201,-0.17530353,0.20969336,0.09040092,0.13962062,143603,0,0,16838
-0.16907255,-0.29235092,-0.12399762,0.11904553,0.12003902,0.16214831,143604,0,0,16837
-0.5675651,-0.641733,-0.53862286,0.19040444,0.15566121,0.8212489,143605,0,0,16836
-0.2940644,-0.39458653,-0.365774,0.14380063,0.07123952,0.29268518,143606,0,0,16835
-0.22118467,-0.3622879,-0.22395484,0.2712987,0.10287318,0.10345631,143607,0,0,16669
-0.34953946,-0.5524127,-0.7064477,0.70617634,0.5033031,0.34926808,143609,0,0,16667
-0.28499997,-0.36404234,-0.29108527,0.27648234,0.13647282,0.09600705,143611,0,0,16665
-0.3913799,-0.39150906,-0.30661047,0.39163035,0.3915012,0.53946567,143613,0,0,16663
-0.1830456,-0.35725233,-0.30558288,0.22788173,0.042503074,0.16352686,143614,0,0,16662
-0.19111301,-0.23444322,-0.3213596,0.19220378,0.13535257,0.10166262,143615,0,0,16661
-0.35191092,-0.44089568,-0.19317518,0.18182129,0.10954051,0.4207953,143620,0,0,16656
-0.41305983,-0.46305677,-0.37838638,0.39157993,0.40449217,0.71893317,143621,0,0,16655
-0.1830456,-0.4979239,-0.30558288,0.22788173,0.050368737,0.4101626,143622,0,0,16654
-0.6622059,-0.66533834,-0.45309412,0.6644432,0.66131073,0.87355494,143623,0,0,16653
-0.39436227,-0.4976073,-0.4022861,0.41020995,0.41129014,0.61283475,143624,0,0,16652
-0.18304579,-0.31951502,-0.1927194,0.23750795,0.1487393,0.21367495,143625,0,0,16651
-0.37811583,-0.6208005,-0.22847492,0.37445724,0.13183744,0.52409816,143626,0,0,16650
-0.6735659,-0.84904414,-1.1237496,0.6804493,0.5049711,0.531786,143627,0,0,16649
-0.374367,-0.5816898,-0.7180757,0.7392715,0.53194875,0.39556283,143632,0,0,16644
-0.21384908,-0.42236632,-0.41857067,0.48397982,0.27546257,0.42270795,143633,0,0,16643
-0.82228816,-0.81820744,-0.8210006,0.819713,0.8237937,0.8210006,143634,0,0,16642
-0.27799597,-0.40751046,-0.25332037,0.37012324,0.2695181,0.6323383,143639,0,0,16637
-0.21196157,-0.31069443,-0.22429217,0.23373082,0.19011831,0.458285,143640,0,0,16636
-0.24196453,-0.30927742,-0.21351747,0.2619492,0.15561059,0.2475371,143641,0,0,16635
-0.9641228,-1.0992618,-1.4029197,0.9040402,0.76890117,0.47403863,143642,0,0,15876
-0.78490585,-0.05968449,-0.07300334,1.5805181,0.041930526,0.07886219,144326,0,0,15911
-0.7872752,-0.46161634,-0.46315756,2.3413064,0.46149263,0.4599513,144340,0,0,15910
-0.31295836,-0.041064583,-0.43424016,0.5258221,0.041065004,0.1404059,144344,0,0,15909
-0.29209158,-0.10551199,-0.2893342,0.74496067,0.10363219,0.28898618,144345,0,0,15908
-0.3780487,-0.17985332,-0.56948507,1.0521975,0.18333307,0.35565773,144353,0,0,15904
-0.37393373,-0.1782293,-0.5457045,1.0660092,0.16963828,0.2525397,144355,0,0,15903
-0.18855542,-0.040469058,-0.26010144,0.5124431,0.040469047,0.1819869,144412,0,0,15811
-0.27088994,-0.062417965,-0.2815981,0.8252916,0.063038744,0.07064227,144416,0,0,15810
-0.213712,-0.062417965,-0.29567447,0.699474,0.063038744,0.07064227,144420,0,0,15809
-0.17366043,-0.052978594,-0.23063911,0.6120379,0.05365548,0.06959846,144424,0,0,15808
-0.25533986,-0.07627281,-0.30050212,0.6054905,0.07678432,0.07705314,144428,0,0,15807
-0.32096997,-0.060501568,-0.27423277,0.59343994,0.06097235,0.065519825,144432,0,0,15806
-0.19381215,-0.04698691,-0.24117759,0.6788834,0.047517672,0.1682192,144436,0,0,15805
-0.23435953,-0.073659144,-0.26136658,0.66034395,0.077708974,0.16434103,144441,0,0,15804
-0.26306057,-0.06400205,-0.26990482,0.7699801,0.06891592,0.1821231,144442,0,0,15803
-0.2752447,-0.04699083,-0.21442588,0.77881885,0.051876843,0.23408546,144446,0,0,15802
-0.25924787,-0.048576932,-0.25741085,0.7626721,0.05352841,0.25145027,144450,0,0,15801
-0.24237026,-0.06924057,-0.33282995,0.7432532,0.070191815,0.13400456,144455,0,0,15800
-0.25605208,-0.06993607,-0.4087279,0.7528516,0.070575446,0.08045954,144456,0,0,15799
-0.20217773,-0.05803644,-0.28672907,0.69046706,0.058175214,0.30859658,144462,0,0,15798
-0.3405816,-0.08025083,-0.26279777,0.51681787,0.078809336,0.16511907,144464,0,0,15797
-0.27274206,-0.09676116,-0.3145235,0.70517474,0.10255284,0.11660065,144470,0,0,15796
-0.24080841,-0.081926316,-0.3237171,0.86866105,0.083407655,0.061084084,144475,0,0,16331
-0.22909406,-0.062419992,-0.36202064,0.9865574,0.06438338,0.23629124,144478,0,0,16330
-0.282542,-0.06865556,-0.2758011,0.9919792,0.06883744,0.069832146,144483,0,0,16329
-0.25113288,-0.06736378,-0.38724005,1.0068295,0.06789495,0.4001746,144488,0,0,16328
-0.3963416,-0.057664335,-0.38352945,0.92472553,0.047200263,0.31349987,144494,0,0,16327
-0.27145496,-0.055955127,-0.46769047,0.8845162,0.05590949,0.2125084,144500,0,0,16326
-0.28252715,-0.07320456,-0.38356748,0.85168576,0.07057575,0.24562603,144505,0,0,16325
-0.42858818,-0.083317935,-0.40457296,0.92307556,0.08343144,0.32681587,144513,0,0,16324
-0.3109681,-0.14095107,-0.4899151,0.8432041,0.13866937,0.3499889,144523,0,0,16323
-0.31708142,-0.11022697,-0.34647834,0.8737591,0.10977484,0.34793693,144536,0,0,16322
-0.24574845,-0.06400726,-0.41250512,0.7257844,0.06398353,0.40876883,144607,0,0,17109
-0.2518182,-0.051707286,-0.36838165,0.7979245,0.0517073,0.1950827,144612,0,0,17108
-0.44941255,-0.13289739,-0.47690466,1.0828316,0.13289747,0.2533241,144615,0,0,17107
-0.4071156,-0.052975107,-0.50648576,0.9132554,0.03544948,0.09175943,144629,0,0,17100
-0.25649515,-0.07584921,-0.3588781,0.90984845,0.07580372,0.14251581,144631,0,0,17099
-0.3397299,-0.10947965,-0.42645967,0.5664301,0.10975286,0.14630094,144645,0,0,16982
-0.52666336,-0.12174688,-0.4681414,1.057486,0.1563652,0.41142693,144647,0,0,16981
-0.402949,-0.10878851,-0.22416706,1.055929,0.1087885,0.3322257,144648,0,0,16980
-0.4015149,-0.09967215,-0.42128897,1.081615,0.09967213,0.40851247,144654,0,0,16763
-0.4130672,-0.099248745,-0.53911906,1.0829743,0.099248715,0.30540892,144660,0,0,16762
-0.41561744,-0.09128045,-0.44949,1.4364487,0.093216814,0.44862324,144666,0,0,16761
-0.5008893,-0.079330206,-0.34865278,1.4076906,0.079330206,0.3486532,144672,0,0,16760
-0.37035254,-0.054550003,-0.2296584,0.8955563,0.05717932,0.21260442,144678,0,0,16759
-0.37270966,-0.05423382,-0.23060155,0.90848076,0.056912567,0.21310993,144682,0,0,16758
-0.37485227,-0.05785115,-0.22172114,0.86980975,0.060484786,0.2047629,144686,0,0,16757
-0.33645654,-0.049407467,-0.27445206,0.95399255,0.0523188,0.28506762,144692,0,0,16756
-0.40044042,-0.07438861,-0.26339912,1.030525,0.07700256,0.28947568,144693,0,0,16755
-0.658521,-0.18054302,-0.49398607,1.30129,0.18939109,0.49037483,144704,0,0,16750
-0.6599224,-0.22895023,-0.50654984,1.3740851,0.22895013,0.5050108,144706,0,0,16749
-0.63342786,-0.06257513,-0.405332,1.1122259,0.076913826,0.14024532,144759,0,0,16499
-0.63342786,-0.06257513,-0.405332,1.1750988,0.076913826,0.23650257,144760,0,0,16498
-0.49978563,-0.080034085,-0.3921668,1.2367492,0.08339415,0.16294412,144763,0,0,16496
-0.5049523,-0.14389437,-0.33485335,1.1435272,0.13466802,0.24771877,144770,0,0,16495
-0.60410565,-0.037627008,-0.34630984,0.83822113,0.03762692,0.053355627,144776,0,0,16494
-0.5817917,-0.06195106,-0.326891,0.99376285,0.053805698,0.31962043,144782,0,0,16493
-0.54872906,-0.10235073,-0.34993872,0.98567474,0.10037826,0.3552592,144788,0,0,16492
-0.7098468,-0.06631316,-0.47481483,1.1926743,0.06669456,0.31727156,144791,0,0,16491
-0.59196216,-0.11087433,-0.5092892,1.0471743,0.0985476,0.15737893,144798,0,0,16490
-0.7893413,-0.21550713,-0.44512054,1.2552983,0.21025176,0.42860118,144804,0,0,16489
-0.48966408,-0.08182781,-0.3728789,1.2350888,0.0825544,0.37023488,144810,0,0,16452
-0.7004983,-0.07462291,-0.24469389,1.0712894,0.07462289,0.24469389,144813,0,0,16451
-0.6866085,-0.11606102,-0.39361396,1.1834944,0.11606102,0.39361393,144817,0,0,16450
-0.41232172,-0.05170726,-0.3420531,0.9724204,0.05170729,0.34127924,144880,0,0,16225
-0.6552915,-0.22161327,-0.46201575,1.314705,0.22137097,0.4619928,144883,0,0,16224
-0.5355716,-0.07834546,-0.34337512,1.347016,0.07834547,0.43653455,144886,0,0,16223
-0.45292273,-0.07045288,-0.31948328,1.0601552,0.071598545,0.068048045,144906,0,0,16219
-0.37144583,-0.07045288,-0.36810276,0.8869057,0.07159854,0.06804804,144910,0,0,16161
-0.45798647,-0.058985606,-0.5160263,0.8977536,0.060181327,0.03478313,144914,0,0,16160
-0.41916338,-0.08065868,-0.36693484,1.0368062,0.067616984,0.08354339,144918,0,0,16159
-0.30679035,-0.07201508,-0.33430985,1.0918665,0.059013765,0.3642073,144922,0,0,16158
-0.3392381,-0.07522408,-0.3903435,1.0757803,0.06219106,0.070463344,144926,0,0,16157
-0.4497776,-0.07437379,-0.48344222,1.5093851,0.07184411,0.3371269,144930,0,0,17039
-0.38052866,-0.09706297,-0.42654848,1.1025517,0.10035972,0.17203505,144934,0,0,17038
-0.45140824,-0.07437379,-0.6378255,1.0277996,0.07184411,0.33016956,144941,0,0,17036
-0.94463456,-0.073158786,-0.21223219,0.98066264,0.07316627,0.38653937,144961,0,0,17028
-0.9327173,-0.079648115,-0.22942911,0.9179502,0.07964807,0.2939228,144962,0,0,17027
-1.0114994,-0.11443644,-0.20756237,0.99742204,0.12538424,0.27172688,144971,0,0,17024
-1.3392828,-0.063044325,-0.33560124,1.3392828,0.063044325,0.55637103,144986,0,0,17020
-0.07439524,-0.23027012,-0.18123904,0.56995463,0.23002164,0.070076704,144998,0,0,17018
-0.81787527,-0.06536585,-0.12676084,0.8178746,0.089294076,0.305216,145011,0,0,17015
-1.2751538,-0.24788041,-0.12350927,1.2751538,0.2637321,0.2310512,145013,0,0,17014
-1.4142967,-0.26038498,-0.19397515,1.4098626,0.2770361,0.24469437,145015,0,0,16955
-1.0105262,-0.6155577,-0.528636,1.2105374,0.5415534,0.62847507,145019,0,0,16953
-1.5255659,-0.15200868,-0.4176127,1.4364173,0.19742204,0.42463872,145021,0,0,16776
-1.1342258,-0.18016882,-0.40638295,1.1312478,0.2050136,0.29891092,145092,0,0,16728
-1.1352763,-0.19380659,-0.47250155,1.1301967,0.29352352,0.26847747,145094,0,0,16727
-0.87891185,-0.04743785,-0.08116266,0.8867073,0.047437824,0.1304552,145095,0,0,16726
-0.71483064,-0.031770606,-0.052138407,0.7148309,0.0317706,0.26131567,145097,0,0,16725
-0.7148304,-0.031770602,-0.028278513,0.71483076,0.0317706,0.18746637,145101,0,0,16724
-0.86494434,-0.03497055,-0.06891528,0.8649459,0.034970537,0.21947189,145105,0,0,16723
-0.97915053,-0.034486044,-0.036721755,0.979152,0.03448603,0.31695107,145109,0,0,16722
-0.8916491,-0.03179141,-0.02827852,0.89164895,0.03179136,0.29232997,145113,0,0,16487
-0.98848844,-0.033698898,-0.030317213,0.9884883,0.03369884,0.20096296,145117,0,0,16486
-1.1959149,-0.093907684,-0.5303255,1.1959155,0.41865775,0.34245288,145122,0,0,16485
-0.92851573,-0.2029324,-0.07731523,0.9808866,0.20231658,0.4365482,145167,0,0,16477
-1.0110995,-0.15016016,-0.45009422,0.9857965,0.47232035,0.3705511,145169,0,0,16476
-0.2682834,-0.5245502,-0.15430321,0.9495251,0.5230681,0.052515063,145170,0,0,16475
-0.4122447,-0.4242754,-0.15197216,0.8899283,0.4228455,0.08240759,145173,0,0,16474
-0.2811662,-0.6224826,-0.25927702,1.1368397,0.6224392,0.20292218,145183,0,0,16472
-0.4217831,-0.5289379,-0.15197212,1.0110276,0.527508,0.08240737,145184,0,0,16471
-0.34519184,-0.6221273,-0.30949408,1.1081564,0.62418616,0.3031441,145258,0,0,16203
-0.3037087,-0.7417885,-0.32388073,1.2068125,0.74251145,0.2678511,145261,0,0,16202
-0.25975457,-0.9323428,-0.33846998,1.2904062,0.9323615,0.31455362,145264,0,0,16201
-0.3702944,-1.133831,-0.56198275,1.1368399,1.1356852,0.5439414,145283,0,0,17013
-0.50845486,-0.09118814,-0.23303819,1.2111962,0.11519824,0.098841935,145298,0,0,17012
-0.34772164,-0.075725414,-0.43968555,0.94115335,0.077650405,0.14182907,145300,0,0,17011
-0.18654288,-0.12253635,-0.35127842,0.67292166,0.10982534,0.13220744,145301,0,0,17010
-0.3559152,-0.41738164,-0.4224377,1.002328,0.43236536,0.63084567,145304,0,0,17009
-0.15465207,-0.039000485,-0.046522282,0.6864069,0.050250333,0.04732158,145306,0,0,17008
-0.30399895,-0.07006582,-0.18440267,0.871002,0.06810999,0.13283682,145319,0,0,17005
-0.3059742,-0.11689005,-0.18071881,0.95205957,0.11520606,0.13283682,145323,0,0,17004
-0.30672312,-0.08314908,-0.18293452,0.9739234,0.08314911,0.22152059,145328,0,0,17003
-0.11568274,-0.55614704,-0.8889393,0.33728907,0.24769457,0.35834086,145329,0,0,17002
-0.3075508,-0.08467414,-0.1868776,1.1671717,0.084761776,0.20757192,145333,0,0,17001
-0.1156844,-0.6246658,-1.0345784,0.31864044,0.24769379,0.35834113,145334,0,0,17000
-0.28797433,-0.9234826,-0.90684754,2.0086608,0.9278906,0.94452566,145335,0,0,16999
-0.46829897,-0.18189931,-0.42600122,0.97727937,0.18153457,0.215747,145348,0,0,16936
-0.31468603,-0.19978255,-0.19595397,0.9343976,0.21567102,0.19796936,145350,0,0,16935
-0.30710188,-0.09615689,-0.18193759,0.8801267,0.09954732,0.1328368,145356,0,0,16934
-0.31339177,-0.2295238,-0.69079846,1.2594754,0.23077117,0.24933368,145360,0,0,16933
-0.28822917,-1.0236472,-1.0070121,2.2073305,1.0280553,1.0446904,145366,0,0,16932
-0.31339177,-0.86402166,-0.8473866,1.9554853,0.86842966,0.8850647,145415,0,0,16711
-0.27686295,-0.95883024,-0.85041285,2.1165798,0.96323824,1.0716556,145416,0,0,16710
-0.23432536,-1.0817145,-1.0650795,2.428709,1.0861226,1.1027577,145417,0,0,16709
-0.3417851,-0.82252306,-0.8453212,1.9773139,0.82693106,0.80413294,145419,0,0,16672
-0.16785271,-0.16142051,-0.16566335,0.75729865,0.14790365,0.3336711,145453,0,0,16466
-0.2058647,-0.18572791,-0.14413977,1.2088964,0.16039538,0.40907878,145460,0,0,16465
-0.37937808,-0.50959224,-0.45701534,1.5447112,0.51837176,0.57094866,145475,0,0,16462
-0.30370873,-0.48786873,-0.43536544,1.3979414,0.49663448,0.5491378,145477,0,0,16461
-0.63997936,-0.83693016,-0.72199976,1.0497558,0.8370043,0.9519347,145479,0,0,16460
-0.53286076,-1.1926711,-1.192205,3.725131,1.2552998,1.2557659,145482,0,0,16459
-0.33930758,-0.25479504,-0.2294708,1.0269035,0.25241247,0.28023946,145507,0,0,16408
-0.30710188,-0.116716,-0.18193759,0.7921093,0.11881467,0.1328368,145508,0,0,16407
-0.73108125,-0.04168056,-0.038514346,0.7310812,0.031248216,0.09686251,145523,0,0,16405
-0.6945305,-0.03665098,-0.07690174,0.6945304,0.026218636,0.0537509,145527,0,0,16404
-0.63142544,-0.036650974,-0.085170686,0.6314254,0.026218625,0.09954196,145531,0,0,16403
-0.86925006,-0.043764584,-0.16555105,0.89868313,0.03281063,0.10506196,145535,0,0,16200
-0.56508625,-0.073718965,-0.19027282,0.7946607,0.04052161,0.08765266,145539,0,0,16199
-0.9036271,-0.04995401,-0.13653737,0.9036271,0.039530087,0.1557659,145545,0,0,16198
-1.0286211,-0.048608795,-0.1360198,1.0286211,0.03817645,0.30426964,145550,0,0,16197
-1.1640049,-0.18584348,-0.25961277,1.1640049,0.05546668,0.47817844,145554,0,0,16196
-1.1640049,-0.060813673,-0.25961274,1.1640049,0.1804965,0.47817844,145558,0,0,16195
-0.26571524,-0.12128241,-0.3842544,0.39983296,-0.042582273,0.3082766,145568,0,0,16191
-0.31610456,-0.1225979,-0.3555503,0.29972664,-0.060569037,0.19195884,145573,0,0,16104
-0.29555196,-0.1246984,-0.37178937,0.34840608,-0.07900033,0.23166758,145578,0,0,16103
-0.3041145,-0.1238035,-0.30411437,0.30411443,-0.061774645,0.30411443,145583,0,0,16102
-0.5810162,-0.12523177,-0.51719636,0.37226877,-0.05796124,0.48915333,145588,0,0,16101
-0.5810162,-0.16023152,-0.51719636,0.37226877,0,0.48915333,145592,0,0,16100
-0.40052104,-0.40004188,-0.29422724,0.4008177,0.40129685,0.5954244,145602,0,0,16099
-0.26435226,-0.1306448,-0.16749926,0.51321316,0.1306548,0.26549062,145603,0,0,16098
-0.3721118,-0.1185502,-0.18428491,0.4484964,0.11701959,0.36852556,145607,0,0,16097
-0.4528295,-0.06859676,-0.22609928,0.5698336,0.044369034,0.21402192,145612,0,0,16096
-0.4398403,-0.09092606,-0.18816932,0.5724101,0.09495,0.2019031,145615,0,0,16095
-0.2468843,-0.17831662,-0.28275016,0.49120194,0.18856679,0.4479243,145621,0,0,16094
-0.22563393,-0.1563169,-0.22204347,0.4886321,0.15930773,0.36468565,145626,0,0,17068
-0.17148446,-0.11507095,-0.14932583,0.5279173,0.113136,0.16416794,145634,0,0,17066
-0.2126815,-0.082544334,-0.1827808,0.5445796,0.08218172,0.22389248,145638,0,0,17065
-0.1442747,-0.09669867,-0.1493258,0.5555256,0.094773754,0.16416793,145642,0,0,17064
-0.28037068,-0.087845385,-0.2215081,0.7244802,0.08660288,0.22439408,145646,0,0,17063
-0.20180513,-0.10726177,-0.16395584,0.6714173,0.10708632,0.1667311,145650,0,0,17062
-0.27481452,-0.10326882,-0.16549438,0.68280023,0.1013439,0.16336676,145654,0,0,16998
-0.2821884,-0.1412951,-0.27768064,0.7902513,0.14125703,0.2651023,145659,0,0,16997
-0.31004524,-0.15580991,-0.32390904,0.69923145,0.15314518,0.33427653,145663,0,0,16996
-0.21640798,-0.05638712,-0.210852,0.5751965,0.056890957,0.20080367,145666,0,0,16995
-0.21002479,-0.06545348,-0.16867647,0.5570882,0.06594832,0.2287506,145670,0,0,16994
-0.1738688,-0.072500624,-0.13799384,0.71364766,0.0729352,0.19632243,145674,0,0,16993
-0.23774089,-0.05638718,-0.14775218,0.74292994,0.056890905,0.28026095,145678,0,0,16992
-0.23712222,-0.11768794,-0.17192224,0.7325347,0.1176879,0.26010916,145682,0,0,16991
-0.23677158,-0.08332434,-0.26343626,0.75265896,0.08606703,0.30793563,145686,0,0,16990
-0.3041327,-0.09179391,-0.25196123,0.69757414,0.094536595,0.3060347,145690,0,0,16989
-0.29458252,-0.10413175,-0.20123981,0.71709925,0.10288592,0.20412579,145695,0,0,16988
-0.49786726,-0.23385684,-0.3811186,0.78838766,0.22457248,0.4063023,145697,0,0,16987
-0.23435953,-0.08737352,-0.21842207,0.63787305,0.08921755,0.16434103,145699,0,0,16986
-0.20191832,-0.08683344,-0.23359384,0.6099583,0.087310456,0.20847295,145700,0,0,16985
-0.6629998,-0.09988562,-0.21860698,1.0194054,0.09810022,0.20839162,145718,0,0,15897
-0.7129739,-0.1234924,-0.25267062,0.9671233,0.11965875,0.2915355,145723,0,0,15896
-0.40442163,-0.15341923,-0.22171862,0.9311389,0.14799292,0.23549101,145725,0,0,15895
-0.42478672,-0.15065494,-0.22229801,0.8022741,0.1453264,0.30688766,145730,0,0,15894
-0.5559372,-0.17373519,-0.22764628,0.8878423,0.17444108,0.49377576,145732,0,0,15893
-0.59060043,-0.10369044,-0.19806151,0.90824753,0.10513358,0.18868299,145737,0,0,15892
-0.6183771,-0.09258989,-0.27562276,1.1575304,0.096477665,0.19330634,145742,0,0,15891
-0.40442163,-0.24262919,-0.2733979,0.9311389,0.21691617,0.23260458,145743,0,0,15890
-0.50750166,-0.1198196,-0.29492506,0.97042423,0.11741903,0.3668567,145745,0,0,15889
-0.60440004,-0.071820796,-0.30463573,1.0270648,0.07929168,0.3711461,145752,0,0,15888
-0.66784555,-0.090535775,-0.35403988,1.0204512,0.09195551,0.48263344,145758,0,0,15887
-0.63179713,-0.16326341,-0.336153,1.059495,0.15748942,0.5183345,145760,0,0,15886
-0.4088947,-0.15391067,-0.19377896,0.86703056,0.15314727,0.25841442,145764,0,0,15885
-0.34046975,-0.16364002,-0.18590383,0.86856955,0.1628766,0.20370786,145768,0,0,15884
-0.39910522,-0.14318414,-0.18204412,0.7801472,0.14122136,0.19687586,145772,0,0,15883
-0.36257565,-0.17311223,-0.25513473,0.9242789,0.17233604,0.27983832,145776,0,0,15882
-0.3585728,-0.13964017,-0.20860466,0.92818993,0.13770519,0.22361653,145780,0,0,15881
-0.3721009,-0.16523713,-0.2416733,1.0149415,0.16330215,0.2566852,145785,0,0,15880
-0.4482485,-0.16210787,-0.2859771,1.1645341,0.16210786,0.28597715,145790,0,0,15879
-0.8444337,-0.16937664,-0.47927836,1.2941192,0.16736469,0.4924149,145794,0,0,15878
-0.32419303,-0.10582127,-0.18875933,0.77161956,0.1059822,0.23348008,145797,0,0,15877
-0.5684958,-0.2137565,-0.35189715,0.82583106,0.20522673,0.3690188,145801,0,0,15820
-0.5910112,-0.31535965,-0.22385901,0.69003654,0.1763319,0.223859,145802,0,0,15819
-0.5684958,-0.21284182,-0.38530552,0.90085536,0.21816212,0.4148196,145809,0,0,15795
-0.54342324,-0.09213482,-0.19249955,0.90356,0.09062505,0.19547805,145810,0,0,15794
-0.39338347,-0.08737353,-0.21842209,1.0164722,0.08921753,0.24472423,145815,0,0,15847
-0.25531963,-0.16544838,-0.16506793,0.46717438,0.16498204,0.16536255,145817,0,0,15846
-0.25996715,-0.08043642,-0.10449059,0.48440325,0.08115391,0.10493483,145819,0,0,15845
-0.24486907,-0.07049698,-0.13417228,0.4350566,0.07082198,0.13271487,145821,0,0,15844
-0.15767702,-0.3879137,-0.5955151,0.2074401,0.026401775,0.4310263,145827,0,0,15841
-0.1569141,-0.021629695,-0.5955151,0.20744011,0.3926858,0.43102634,145828,0,0,15840
-0.26634428,-0.49254227,-0.58825046,0.2225824,0.026401745,0.48596546,145830,0,0,15839
-0.2663441,-0.026401764,-0.58825046,0.2225825,0.49254218,0.48596552,145831,0,0,15838
-0.13031818,-0.12642677,-0.28503042,0.10891956,0.028365638,0.064913236,145832,0,0,15837
-0.13031818,-0.028365638,-0.28503036,0.10891955,0.12642677,0.06491324,145834,0,0,15836
-0.13228962,-0.12468807,-0.3151705,0.10441263,0.029122839,0.084636964,145837,0,0,15835
-0.12051263,-0.029122837,-0.31517044,0.11618967,0.12468808,0.08463696,145840,0,0,15834
-0.2726855,-0.18031709,-0.37303436,0.25711498,0.20024459,0.28045377,145842,0,0,15833
-0.23907825,-0.20427419,-0.36384144,0.24923857,0.14680542,0.29033193,145844,0,0,15832
-0.11748122,-0.027991021,-0.12820342,0.12432922,0.022822106,0.034506105,145855,0,0,15827
-0.11748122,-0.034096763,-0.11570387,0.12432922,0.028911527,0.034506105,145859,0,0,15826
-0.32947922,-0.397292,-0.39601058,0.46254188,0.3947291,0.39601052,145864,0,0,15825
-1.9871775,-0.37076667,-2.6924872,1.933966,0.67503566,1.2766638,145901,0,0,16188
-2.013487,-0.66460973,-2.6908557,1.9595712,0.3712576,1.2758901,145902,0,0,16187
-0.3548002,-0.035378877,-0.5331787,0.26344135,0.56579816,0.44242346,145904,0,0,16186
-0.35503858,-0.5598559,-0.53376824,0.26320294,0.03508772,0.4424272,145905,0,0,16185
-0.15830763,-0.026401574,-0.5728614,0.11454635,0.28149548,0.33514076,145907,0,0,16184
-0.15830763,-0.28149548,-0.5728614,0.11454635,0.026401574,0.33514076,145908,0,0,16183
-0.16316175,-0.26065224,-0.44822904,0.15003291,0.030530516,0.23569915,145976,0,0,16059
-0.16316171,-0.026748514,-0.44822899,0.1500329,0.26571673,0.23569915,145977,0,0,16058
-0.2192791,-0.25984368,-0.45824406,0.2122784,0.026401732,0.32328042,145978,0,0,16057
-0.2192791,-0.026401732,-0.45824406,0.2122784,0.29378185,0.32328042,145980,0,0,16979
-0.30582345,-0.057172365,-0.32365814,0.30776018,0.20063782,0.10345799,145982,0,0,16978
-0.30582345,-0.20017064,-0.32365814,0.30776018,0.057639547,0.10345799,145983,0,0,16977
-0.21280952,-0.13284601,-0.13242044,0.7536754,0.13020991,0.16544741,145994,0,0,16976
-0.255237,-0.034686305,-0.15542528,0.90961456,0.03779576,0.16302566,145995,0,0,16975
-0.23084623,-0.05681719,-0.18117553,0.79797715,0.056179717,0.18464263,145996,0,0,16974
-0.2619706,-0.07415967,-0.15268262,0.7348432,0.074185014,0.24516188,145997,0,0,16973
-0.3809905,-0.052560207,-0.1462752,0.89677197,0.051965766,0.21647479,146009,0,0,16969
-0.28144032,-0.16515566,-0.24893165,0.8124064,0.16625863,0.069981344,146011,0,0,16968
-0.14488505,-0.052089687,-0.20796828,0.5329867,0.051113028,0.061469,146043,0,0,16959
-0.13884147,-0.024331996,-0.12697265,0.48280165,0.024610415,0.1405003,146068,0,0,16903
-0.14346595,-0.02559592,-0.12198639,0.5627487,0.025793621,0.13778445,146072,0,0,16701
-0.16259907,-0.025742725,-0.09971901,0.52106357,0.025940413,0.09654963,146076,0,0,16700
-0.25243458,-0.04491272,-0.0720304,0.47108862,0.06476255,0.07233826,146081,0,0,16699
-0.16990662,-0.04177927,-0.14367302,0.53222114,0.041559536,0.15939292,146086,0,0,16698
-0.1637268,-0.041428387,-0.12426982,0.553531,0.041145857,0.13989362,146090,0,0,16697
-0.16370296,-0.04221031,-0.11506101,0.6451235,0.04203528,0.0591197,146094,0,0,16696
-0.19088162,-0.0473755,-0.15646568,0.68547934,0.0461371,0.04897633,146101,0,0,16695
-0.2356459,-0.052595083,-0.11016563,0.53249174,0.05291178,0.11332055,146107,0,0,16694
-0.18920755,-0.04947527,-0.12031458,0.55111957,0.04966012,0.10697801,146112,0,0,16693
-0.26186883,-0.6930243,-0.69092035,1.1221266,0.69097114,0.69307506,146143,0,0,16631
-0.35093105,-0.14849684,-0.17836483,0.92515934,0.1496106,0.20861079,146144,0,0,16630
-0.26118833,-0.10790933,-0.37095106,0.62084794,0.10596654,0.1588457,146146,0,0,16629
-0.14490572,-0.039673127,-0.1270922,0.56327754,0.039978147,0.16256377,146148,0,0,16628
-0.17205903,-0.03006944,-0.14956486,0.5464538,0.030216396,0.1608976,146152,0,0,16627
-0.16144118,-0.059972182,-0.12826422,0.6531152,0.05965399,0.1395963,146156,0,0,16626
-0.16543524,-0.03185787,-0.13169801,0.5970072,0.028396968,0.143048,146160,0,0,16397
-0.15566954,-0.04614478,-0.08861527,0.5210635,0.040208157,0.08877017,146170,0,0,16445
-0.14473458,-0.08599392,-0.08737517,0.64495885,0.08617578,0.08479453,146174,0,0,16444
-0.1931262,-0.03321853,-0.0459673,0.5153776,0.033215698,0.07696663,146176,0,0,16443
-0.17837259,-0.044700045,-0.12871177,0.5700828,0.04530584,0.12501784,146180,0,0,16442
-0.15487579,-0.041061044,-0.06348713,0.57878697,0.041450072,0.06253164,146184,0,0,16441
-0.13863096,-0.046539817,-0.07608669,0.5581791,0.04679284,0.1018099,146188,0,0,16440
-0.21722098,-0.05637055,-0.07437917,0.57902783,0.057050195,0.10426358,146203,0,0,16437
-0.22936426,-0.064112104,-0.07252055,0.6106723,0.06435771,0.086465314,146207,0,0,16436
-0.3459759,-0.20125341,-0.19403675,0.60609585,0.20125341,0.20847008,146211,0,0,16435
-0.28504306,-0.2754891,-0.26181918,0.2940873,0.30364126,0.31929585,146221,0,0,16400
-0.27457407,-0.13147743,-0.11245787,0.757676,0.12801683,0.12394541,146279,0,0,16150
-0.27665213,-0.12006465,-0.099795856,0.7873599,0.11660376,0.087682575,146284,0,0,16149
-0.21749534,-0.078626566,-0.14956976,0.8030444,0.07862656,0.14957036,146297,0,0,16145
-0.18526395,-0.037022054,-0.11335929,0.60713273,0.037021987,0.11335929,146306,0,0,16142
-0.30306238,-0.02682839,-0.11682854,0.64202243,0.026828382,0.11893287,146309,0,0,16141
-0.14503315,-0.021420006,-0.1313063,0.73058367,0.021419805,0.13130629,146311,0,0,16140
-0.18758507,-0.019735392,-0.14589258,0.74276096,0.01973532,0.14589256,146313,0,0,16139
-0.12750736,-0.03892961,-0.10181179,0.55701506,0.039389376,0.1091621,146345,0,0,16947
-0.1547776,-0.06007184,-0.19819553,0.43647853,0.060539413,0.09564588,146369,0,0,16942
-0.19806999,-0.04690289,-0.16197903,0.6712042,0.04690297,0.1670485,146398,0,0,16885
-0.15385044,-0.046903126,-0.1491777,0.75618875,0.04651798,0.11554714,146404,0,0,16884
-0.5345304,-0.16622336,-0.36926618,1.1964346,0.1778311,0.3471487,146464,0,0,16682
-0.34046617,-0.10945342,-0.2848553,0.96513516,0.1680684,0.3399849,146466,0,0,16681
-0.20581326,-0.10210235,-0.27106473,0.93232304,0.0972592,0.29909676,146468,0,0,16680
-0.5474823,-0.23666626,-0.33918938,0.9883781,0.2425024,0.4614038,146482,0,0,16676
-0.3822078,-0.29099604,-0.45156825,0.5797765,0.2937294,0.2873286,146494,0,0,16673
-0.4123025,-0.15488847,-0.15358864,0.9567664,0.15544823,0.15427278,146497,0,0,16432
-0.22180778,-0.10573559,-0.10098372,0.50462264,0.10573864,0.10098269,146531,0,0,16424
-0.2506427,-0.15866473,-0.16377252,0.59960455,0.15854385,0.1636987,146533,0,0,16423
-0.22883235,-0.12141286,-0.12702894,0.65199643,0.12144742,0.12000027,146537,0,0,16422
-0.22436853,-0.09366415,-0.09192095,0.5152394,0.09260219,0.0947926,146541,0,0,16421
-0.28595796,-0.17527921,-0.28643957,0.7117557,0.17483488,0.16528009,146543,0,0,16420
-0.2047381,-0.1529305,-0.15293047,0.6872128,0.15293045,0.15293048,146546,0,0,16419
-0.30308494,-0.32868475,-0.3109082,1.1882915,0.32868424,0.31086367,146550,0,0,16417
-0.7208884,-0.7200943,-0.72684693,0.9567403,0.73359954,0.8837017,146557,0,0,16416
-0.31315866,-0.22250935,-0.30160478,0.64670104,0.17407158,0.36934364,146559,0,0,16415
-0.3884008,-0.58525836,-0.45075163,0.81296474,0.47936007,0.5138328,146561,0,0,16414
-0.1497355,-0.13088694,-0.1311837,0.52077395,0.13088694,0.13059016,146643,0,0,16039
-0.24221897,-0.09984131,-0.1120616,0.7056512,0.09982946,0.11204929,146645,0,0,16038
-0.2866407,-0.11231037,-0.18198346,0.6869529,0.11141474,0.13215491,146649,0,0,16037
-0.20637819,-0.11328001,-0.11309469,0.64727485,0.1132801,0.11309445,146654,0,0,16036
-0.21106465,-0.17381832,-0.17028701,0.59226763,0.15426348,0.1747154,146657,0,0,16035
-0.18918642,-0.10356025,-0.09850072,0.58098525,0.10355707,0.09849943,146659,0,0,16034
-0.23398474,-0.1289985,-0.1308227,0.56004363,0.12831853,0.13331635,146661,0,0,16033
-0.34011817,-0.1954691,-0.27101684,1.1389952,0.1953276,0.28215066,146662,0,0,16032
-0.3986728,-0.24698816,-0.2661671,1.4074329,0.28534603,0.26616707,146665,0,0,16031
-0.19533928,-0.27391577,-0.30301365,1.0486767,0.2442881,0.22225179,146667,0,0,17061
-0.22960801,-0.30373016,-0.30404457,0.5704532,0.30402732,0.30400452,146674,0,0,16902
-0.20830952,-0.10081214,-0.24126731,0.6662939,0.10019355,0.23189351,146694,0,0,16898
-0.24380775,-0.17576064,-0.24823321,0.970629,0.17416818,0.26337844,146696,0,0,16897
-0.47504562,-0.13678396,-0.188512,0.788955,0.13946433,0.18934073,146725,0,0,16891
-0.48627362,-0.14021064,-0.2188669,0.8387155,0.13739485,0.21727587,146727,0,0,16890
-0.5938922,-0.24887152,-0.37156332,1.2776191,0.23331147,0.32714626,146729,0,0,16889
-0.71215004,-0.254452,-0.48588243,1.1657509,0.25279638,0.3662143,146752,0,0,16820
-0.6573638,-0.15757157,-0.29143962,1.0441184,0.14380394,0.29957378,146754,0,0,16819
-0.42572042,-0.23218642,-0.2390021,0.965068,0.2338643,0.2355548,146762,0,0,16625
-0.34581918,-0.11149327,-0.11536099,0.7967337,0.11258953,0.11500908,146790,0,0,16621
-0.34812698,-0.10554539,-0.10800071,0.908905,0.11044216,0.10946379,146794,0,0,16620
-0.38347688,-0.17019996,-0.09370915,0.9754685,0.1632012,0.19502467,146798,0,0,16619
-0.34328333,-0.18460459,-0.1806078,1.1575953,0.18134075,0.18533751,146800,0,0,16618
-0.37275916,-0.16024049,-0.1964416,0.96335125,0.16024049,0.1964416,146809,0,0,16615
-0.3691729,-0.12449363,-0.16410525,0.9176425,0.12449363,0.16410488,146810,0,0,16614
-0.3650613,-0.1498731,-0.1498731,0.89000934,0.1498731,0.1498731,146811,0,0,16613
-0.37408417,-0.20015989,-0.20015988,0.9799641,0.20015988,0.20015971,146881,0,0,16382
-0.33524838,-0.10040831,-0.10525075,0.88046294,0.0965294,0.10660407,146883,0,0,16381
-0.32999483,-0.11961084,-0.13852638,0.8790868,0.12017541,0.13762586,146887,0,0,16380
-0.42057624,-0.13128425,-0.1251037,0.8933291,0.13128422,0.12510367,146891,0,0,16379
-0.36714107,-0.06867933,-0.28800568,0.88547516,0.06867943,0.27087346,146893,0,0,16378
-0.32360262,-0.11793642,-0.12175102,0.8325377,0.11793128,0.12174906,146897,0,0,16377
-0.3236025,-0.13941231,-0.13230596,0.8773819,0.13940904,0.13289568,146899,0,0,16376
-0.2710577,-0.11003805,-0.11702874,0.6121855,0.11021354,0.11761694,146903,0,0,16375
-0.77600396,-0.3711118,-0.4392545,1.3394085,0.48553538,0.4173927,146907,0,0,16318
-0.8742401,-0.30421004,-0.3072714,1.5873061,0.29898605,0.29486647,146909,0,0,16317
-0.8922971,-0.24118689,-0.26724342,1.0648147,0.2421044,0.2699074,146916,0,0,16315
-0.33080894,-0.11525732,-0.2572131,0.15360309,0.10885838,0.069480255,146919,0,0,16314
-0.22840823,-0.10195436,-0.15366559,0.5893192,0.06817142,0.085439585,146926,0,0,16313
-0.16389754,-0.046641044,-0.23147368,0.16840708,0.046144404,0.04075786,146930,0,0,16312
-0.19943094,-0.1995794,-0.26929176,0.210424,0.05680451,0.051688444,146934,0,0,16311
-0.19943094,-0.08242182,-0.2924398,0.23923942,0.25744557,0.07034785,146940,0,0,16310
-0.2555813,-0.0600761,-0.3328731,0.23743375,0.06808994,0.052654065,146943,0,0,16030
-0.2555813,-0.0600761,-0.3328731,0.23743375,0.06808994,0.052654065,146947,0,0,16029
-0.109406,-0.0529689,-0.0597406,0.339642,0.0527175,0.0641903,146950,0,0,16028
-0.071008116,-0.052969143,-0.058476437,0.3352045,0.05271769,0.06354169,146955,0,0,16027
-0.0915928,-0.0609067,-0.0466883,0.605656,0.0637214,0.0658114,146956,0,0,16026
-0.0830594,-0.0648097,-0.0728192,0.487981,0.0904847,0.0929397,146960,0,0,16025
-0.1291807,-0.11630053,-0.46555933,0.13981654,0.11584429,0.018669033,146961,0,0,16024
-0.168275,-0.109586,-0.149405,0.493042,0.0845325,0.108634,146965,0,0,16023
-0.144048,-0.102324,-0.0871969,0.341461,0.0712489,0.177371,146970,0,0,16022
-0.144048,-0.102324,-0.0871969,0.341461,0.0866139,0.177371,146974,0,0,16021
-0.144048,-0.102324,-0.0871969,0.341461,0.106006,0.216587,146978,0,0,16020
-0.144048,-0.102324,-0.0871969,0.341461,0.0712489,0.177371,146982,0,0,16019
-0.147117,-0.240887,-0.173808,0.474508,0.180123,0.249744,146986,0,0,16018
-0.111027,-0.15602,-0.162412,0.312767,0.109563,0.163463,146990,0,0,16017
-0.045740917,-0.054380063,-0.10276597,0.5240042,0.14238086,0.16849883,146991,0,0,16016
-0.106721,-0.101205,-0.08332,0.352483,0.100807,0.0916275,146995,0,0,16015
-0.106721,-0.101205,-0.08332,0.317008,0.100807,0.0916275,146998,0,0,16014
-0.1664113,-0.073662184,-0.17575939,0.6378731,0.07772901,0.13644312,147000,0,0,16013
-0.09692491,-0.095365256,-0.42755452,0.096408434,0.09796809,0.034501646,147001,0,0,16012
-0.3032169,-0.23628435,-0.56066597,0.17772678,0.24465933,0.12261272,147003,0,0,16011
-0.206212,-0.13739,-0.231011,0.526272,0.146344,0.0843483,147005,0,0,16010
-0.197953,-0.0843358,-0.117369,0.458894,0.0880028,0.0990933,147008,0,0,16009
-0.202161,-0.0951375,-0.127427,0.477689,0.104091,0.129198,147009,0,0,16008
-0.212304,-0.12429,-0.0977892,0.487883,0.0695164,0.113298,147011,0,0,16007
-0.22506359,-0.42174214,-0.41524178,0.5876291,0.39095056,0.39745092,147013,0,0,16006
-0.2146614,-0.2146614,-0.2146614,0.28853032,0.2146614,0.2146614,147020,0,0,16005
-0.13393433,-0.09631627,-0.06552449,0.2795044,0.09973769,0.13052946,147027,0,0,16004
-0.240542,-0.0465461,-0.0563578,0.173284,0.0464681,0.0813219,147029,0,0,16003
-0.293036,-0.108341,-0.115698,0.165197,0.107168,0.0965369,147035,0,0,16883
-0.0516719,-0.0552819,-0.0376681,0.636925,0.0444403,0.0774822,147039,0,0,16882
-0.24316521,-0.07610939,-0.1467172,0.2153064,0.0768548,0.034543578,147042,0,0,16881
-0.18840916,-0.08999646,-0.2134062,0.16136023,0.09074184,0.024889011,147043,0,0,16880
-0.228396,-0.049650405,-0.17028846,0.20177662,0.19461158,0.064302035,147046,0,0,16879
-0.13393433,-0.18417601,-0.14233226,0.30912736,0.18737967,0.11876098,147051,0,0,16878
-0.093022965,-0.014868402,-0.0054030316,0.47800913,0.01870743,0.028172787,147057,0,0,16877
-0.093022965,-0.014868402,-0.0054030316,0.47800913,0.01870743,0.028172787,147058,0,0,16876
-0.093022965,-0.014868402,-0.0054030316,0.47800913,0.01870743,0.028172787,147059,0,0,16875
-0.1955572,-0.0974921,-0.27893913,0.13833183,0.09703598,0.026116969,147060,0,0,16874
-1.0243663,-0.9566068,-1.0164412,0.83518887,0.9029483,0.8431139,147066,0,0,16873
-0.24222074,-0.017702935,-0.10824655,0.347979,0.020380553,0.15688516,147068,0,0,16872
-0.054211993,-0.23238571,-0.22610249,0.8942549,0.26992357,0.2762068,147069,0,0,16871
-0.23157631,-0.21886978,-0.22359526,0.7864422,0.21886978,0.21414429,147073,0,0,16870
-0.73691714,-0.026850961,-0.13892351,1.2687904,0.039571803,0.19041695,147080,0,0,16868
-0.2870234,-0.1097792,-0.11673757,1.8417732,0.03493394,0.049756393,147084,0,0,16866
-0.56672394,-0.042489287,-0.10751519,1.7144428,0.04292851,0.10856551,147087,0,0,16865
-1.4182485,-0.062226668,-0.22414804,1.01364,0.046107244,0.22307532,147089,0,0,16864
-0.673409,-0.07823705,-0.13292657,0.9229089,0.03494655,0.18456265,147091,0,0,16863
-0.24931383,-0.24781233,-0.22223832,0.43630886,0.24944204,0.27501607,147104,0,0,16861
-0.14546682,-0.16188323,-0.1596927,0.175398,0.15898159,0.16117212,147133,0,0,16609
-0.29654622,-0.27827293,-0.25609466,0.5169144,0.28947192,0.3116502,147135,0,0,16608
-0.26680923,-0.26599818,-0.24115844,0.5169144,0.27187425,0.29671398,147137,0,0,16607
-0.41506416,-0.4173426,-0.41501215,0.4174292,0.4153857,0.41501203,147139,0,0,16606
-0.090141565,-0.06217288,-0.24678175,0.09014153,0.06217288,0.24678169,147150,0,0,16600
-0.29671302,-0.25836408,0.29788244,0.32447916,0.256198,0.87114435,147151,0,0,16599
-0.20841308,-0.0878516,-0.21124777,0.19337611,0.07434392,0.20477779,147153,0,0,16598
-0.2593462,-0.10077406,-0.28908464,0.46983236,0.06346674,0.045662154,147155,0,0,16597
-0.78793836,-0.06788127,-0.1806171,1.1094315,0.0713719,0.21317461,147186,0,0,16591
-1.0722947,-0.06417284,-0.13881144,1.1339045,0.05744113,0.13660562,147208,0,0,16588
-0.9550312,-0.033838682,-0.13881159,1.2380308,0.047180302,0.13660546,147211,0,0,16544
-0.77552414,-0.076060705,-0.12543607,1.4880339,0.08329991,0.1089564,147216,0,0,16373
-0.72716236,-0.034424856,-0.10020542,1.5320177,0.041664053,0.09320211,147219,0,0,16372
-0.8265758,-0.037569694,-0.09326241,1.3571104,0.0453976,0.0687735,147224,0,0,16371
-0.7369171,-0.02685096,-0.16342333,1.2687902,0.039571803,0.16591711,147227,0,0,16370
-1.267733,-0.5442051,-0.5990586,1.0208558,0.5442051,0.48935163,147228,0,0,16369
-1.3053263,-0.36202958,-0.25912696,1.8963392,0.3594639,0.23122597,147317,0,0,15999
-0.95066017,-0.24816401,-0.38916746,1.9375511,0.24840675,0.24130064,147320,0,0,15998
-1.0051124,-0.044354238,-0.24773331,1.6758192,0.043415133,0.10252142,147323,0,0,15997
-0.72716236,-0.055043224,-0.1680551,1.3232244,0.041664045,0.1610518,147330,0,0,15995
-1.228687,-0.03442483,-0.18461163,0.9303305,0.041664053,0.17760836,147334,0,0,15994
-1.2941068,-0.034424827,-0.22131318,0.944414,0.041664053,0.21430996,147339,0,0,15993
-1.5506585,-0.04382829,-0.25221294,1.4318703,0.051084984,0.2452054,147345,0,0,15991
-1.2066237,-0.096914954,-0.3502816,1.7567949,0.09314522,0.39270177,147363,0,0,15988
-1.2025427,-0.16544843,-0.16486861,1.0219446,0.16498202,0.16556188,147382,0,0,17072
-1.2409824,-0.14464845,-0.14050445,1.0615727,0.13802847,0.14217252,147384,0,0,17071
-1.1898521,-0.092775986,-0.25026542,1.0333289,0.09299459,0.24075668,147386,0,0,17070
-1.1978718,-0.17747301,-0.17798086,1.0522609,0.1777342,0.17476368,147387,0,0,17069
-1.2664403,-0.30409163,-0.15823722,1.3278939,0.30393398,0.2357363,147399,0,0,16831
-1.2664406,-0.1388213,-0.18700717,1.3311247,0.13538276,0.2356205,147402,0,0,16830
-1.2607045,-0.27272847,-0.276175,1.0122695,0.259562,0.25611547,147464,0,0,16772
-1.1460067,-0.080790125,-0.1950422,1.0471588,0.12381019,0.09532118,147486,0,0,16586
-1.2122856,-0.5656898,-0.5731304,0.8986927,0.58057106,0.5731304,147491,0,0,16585
-1.1562233,-0.055174828,-0.06452322,0.9252337,0.05536241,0.06038881,147505,0,0,16580
-1.0079795,-0.08610139,-0.08596597,0.79844016,0.0860032,0.08613859,147509,0,0,16579
-1.0731204,-0.05641961,-0.0656203,0.9147852,0.0571372,0.06270391,147513,0,0,16578
-1.2759366,-0.073320135,-0.08268597,0.9517422,0.07369436,0.077057235,147517,0,0,16577
-1.1408972,-0.07313655,-0.08042702,0.87001455,0.073877946,0.0793162,147521,0,0,16576
-1.2082549,-0.11116322,-0.11321373,1.123243,0.10997947,0.11446443,147525,0,0,16575
-1.2190683,-0.20877393,-0.21037786,1.0253136,0.2082464,0.20664258,147527,0,0,16574
-1.0110003,-0.0641485,-0.11628105,0.52856004,0.0672261,0.09599919,147530,0,0,16522
-1.0123086,-0.048815824,-0.055604722,1.5623702,0.048335135,0.054605443,147534,0,0,16521
-1.0914905,-0.024537113,-0.030144202,1.3116304,0.02502899,0.026213357,147538,0,0,16520
-0.8304991,-0.07837997,-0.16589469,0.39950615,0.034176655,0.08841794,147542,0,0,16519
-0.950869,-0.048488118,-0.054884136,1.5005481,0.04861563,0.055166487,147547,0,0,16518
-0.9404906,-0.07630163,-0.15599488,1.4493343,0.07508955,0.15620765,147552,0,0,16517
-1.2918711,-0.0397016,-0.1381146,1.1632515,0.041100472,0.07211053,147553,0,0,16516
-0.99712235,-0.044635016,-0.13702501,0.45136377,0.032492615,0.07921741,147557,0,0,16515
-1.2349983,-0.04777322,-0.15370184,1.1197312,0.049436204,0.14915398,147563,0,0,16514
-1.1984152,-0.071564,-0.1819062,1.1717476,0.07213841,0.17700337,147565,0,0,16513
-1.2387525,-0.0517709,-0.27047524,1.1921736,0.052819226,0.26645774,147567,0,0,16342
-0.24190569,-0.2385586,-0.12938942,0.24648368,0.24983077,0.3748628,147576,0,0,16340
-0.9311184,-0.55387175,-0.35678682,1.6636747,0.557762,0.7744223,147578,0,0,16339
-0.844497,-0.53838146,-0.5719158,1.905853,0.5297003,0.6976199,147579,0,0,16338
-1.3734361,-1.3712394,-1.3886948,1.5309725,1.4279317,1.460879,147581,0,0,16337
-1.317928,-0.030917712,-0.11716153,1.0587234,0.03296153,0.031784426,147637,0,0,16274
-1.3328457,-0.07567161,-0.08153312,1.0133901,0.071342885,0.09928279,147641,0,0,16273
-1.2664404,-0.06725262,-0.21971571,0.9802479,0.066273354,0.28486902,147645,0,0,16272
-1.2754861,-0.1442871,-0.1505564,1.2782378,0.15754743,0.3652296,147652,0,0,16271
-1.2664404,-0.15100747,-0.21977705,1.1286348,0.13294318,0.24496539,147656,0,0,17126
-1.8921242,-0.24652211,-0.2503046,1.2982956,0.25600997,0.25123128,147661,0,0,15936
-1.1623781,-0.27810043,-0.27064052,2.0054336,0.27030823,0.2793442,147664,0,0,15934
-1.4240102,-0.37753293,-0.29780442,0.99433213,0.3775039,0.18175727,147684,0,0,15926
-1.339259,-1.119785,-1.2557206,1.8974423,1.3087269,1.1727912,147688,0,0,15925
-1.4708157,-1.1261079,-1.0286252,1.5074716,1.1273699,1.2248526,147692,0,0,17137
-1.1440818,-0.055074982,-0.9355914,0.8381699,0.05069629,0.08383173,147697,0,0,17136
-1.0363448,-0.3434658,-0.17715712,0.81692845,0.34346592,0.282014,147699,0,0,17135
-0.9783521,-0.33759457,-0.16073291,1.0068216,0.33818334,0.39729214,147701,0,0,17134
-0.98026997,-0.40618014,-0.55178607,0.9528871,0.40075034,0.3148205,147703,0,0,17133
-1.3648595,-0.27727047,-0.13151513,1.059322,0.2577374,0.4122221,147757,0,0,16910
-1.335818,-0.09450219,-0.56529266,1.1853253,0.07520261,0.5804033,147759,0,0,16909
-1.2111951,-0.11620454,-0.24108508,0.93537575,0.11695734,0.24842599,147761,0,0,16908
-0.5134416,-0.09672656,-0.314518,1.0637919,0.07190105,0.19114025,147764,0,0,16907
-0.37013543,-0.058925662,-0.27534974,0.88657707,0.060121793,0.24610883,147767,0,0,16906
-0.41006786,-0.06352191,-0.24519488,1.0871142,0.09429588,0.27797207,147770,0,0,15793
-0.26916626,-0.06427538,-0.21886356,1.2255268,0.06534177,0.21547699,147777,0,0,15790
-0.26781014,-0.08694126,-0.26738805,1.2523662,0.086431675,0.26607254,147779,0,0,15789
-0.295447,-0.1051705,-0.31716797,1.3752332,0.10488536,0.2663651,147781,0,0,15788
-0.53202283,-0.2325264,-0.1976086,1.4564807,0.22980137,0.22771831,147783,0,0,15787
-0.30538982,-0.08521373,-0.32010323,1.5453715,0.08461928,0.32916415,147785,0,0,15786
-0.10795956,-0.040908832,-0.08421614,0.18802208,0.040793054,0.10353368,147860,0,0,15864
-0.19832961,-0.059439648,-0.19444855,0.8586828,0.04584514,0.072718,147867,0,0,15861
-0.23094389,-0.067743696,-0.20607273,0.8645551,0.07024319,0.08279204,147872,0,0,15860
-0.24646282,-0.08078342,-0.1792513,0.88222706,0.07219932,0.09701534,147877,0,0,15859
-0.2615547,-0.18693386,-0.22710194,0.99099755,0.18614571,0.20495015,147878,0,0,15858
-0.24799159,-0.10008053,-0.18507226,0.90618324,0.10112037,0.1529711,147879,0,0,15857
-0.25610346,-0.049009312,-0.22619826,0.9193817,0.049561635,0.19333735,147885,0,0,15856
-0.21299134,-0.065407775,-0.19657011,0.8526952,0.06667923,0.31941622,147891,0,0,15855
-0.2947951,-0.044708133,-0.24631055,0.857955,0.04517934,0.12773576,147897,0,0,15854
-0.32516128,-0.04059543,-0.19326043,0.88501143,0.045845132,0.20223448,147903,0,0,15853
-0.25357014,-0.06183672,-0.12501603,1.0316896,0.06394189,0.13281433,147909,0,0,15852
-0.23362885,-0.060109396,-0.14652431,1.0594729,0.059969738,0.3053755,147915,0,0,15851
-0.3526975,-0.08013197,-0.23277508,1.2193019,0.07424507,0.24232237,147932,0,0,16268
-0.28138828,-0.09954042,-0.09686635,1.1474413,0.10307439,0.11035924,147937,0,0,16267
-0.28125134,-0.09954042,-0.09686632,1.1420335,0.10307439,0.11035925,147941,0,0,16266
-0.28138828,-0.07349029,-0.08633668,1.147441,0.0768194,0.09967677,147945,0,0,16265
-0.28053612,-0.088201806,-0.11455968,1.2413319,0.09153094,0.226152,147949,0,0,16264
-0.18704857,-0.02482959,-0.14570022,1.1007324,0.024829663,0.1455427,147953,0,0,16263
-0.17017289,-0.03476144,-0.13774739,1.0369878,0.03476151,0.1373154,147955,0,0,16262
-0.18319055,-0.03476144,-0.15596135,1.1092016,0.03476151,0.15613586,147959,0,0,16261
-0.20841196,-0.03180916,-0.20737721,1.2032706,0.03180923,0.20658739,147963,0,0,16260
-0.23048489,-0.032962732,-0.17989118,1.2404637,0.032962814,0.17935358,147965,0,0,16259
-0.20440242,-0.04909407,-0.21878007,1.2890722,0.049094148,0.2191984,147969,0,0,16258
-0.25967762,-0.039231032,-0.12790805,1.1972548,0.039231006,0.12729117,147973,0,0,16257
-0.27340758,-0.0464473,-0.22644636,1.4708358,0.046794612,0.22719471,147975,0,0,16256
-0.2948883,-0.06284199,-0.11623906,1.3053359,0.06276677,0.13125317,147977,0,0,16255
-0.37703997,-0.0464473,-0.29988483,1.617049,0.046794612,0.2539552,147984,0,0,16254
-0.18315676,-0.04926875,-0.39628524,1.0479062,0.044199646,0.051050197,147986,0,0,16253
-0.20615427,-0.03332056,-0.30650824,1.1996636,0.02845321,0.04043386,147988,0,0,16252
-0.33182058,-0.052369703,-0.28643128,0.96500313,0.047301564,0.30889338,147990,0,0,16251
-0.29652783,-0.05685491,-0.17357735,1.2027994,0.05178676,0.27321628,147992,0,0,16250
-0.10795956,-0.04581095,-0.052509837,0.18802208,0.045695167,0.07182779,147994,0,0,16249
-0.72062737,-0.73759514,-0.6886705,1.5668416,0.7066107,0.83686423,147998,0,0,16247
-0.29862928,-0.06308571,-0.18544443,1.0815233,0.061334625,0.31897452,148038,0,0,17056
-0.44736132,-0.06046748,-0.2732266,1.5877653,0.06081358,0.27345267,148070,0,0,17050
-0.32894844,-0.07878495,-0.21177481,1.0170069,0.08754905,0.21359332,148075,0,0,17049
-0.38697127,-0.13447957,-0.2817599,1.35621,0.13447924,0.56530166,148085,0,0,17045
-0.43583727,-0.08693618,-0.51882684,1.4108558,0.086936265,0.19969136,148087,0,0,17044
-0.19842666,-0.12610872,-0.1319005,1.5033373,0.12964268,0.11694702,148090,0,0,17042
-0.15245521,-0.046419054,-0.0918961,0.86688256,0.037502527,0.12496681,148095,0,0,17123
-0.1817504,-0.038433276,-0.08487859,0.977461,0.028000938,0.13958512,148099,0,0,17122
-0.18679346,-0.038433276,-0.054358523,0.730122,0.028000947,0.088986844,148103,0,0,17121
-0.20159817,-0.054310285,-0.10281721,1.1169486,0.04387794,0.10208454,148107,0,0,16817
-0.2190654,-0.04208716,-0.12803195,1.0773025,0.03165483,0.15528978,148111,0,0,16816
-0.21594447,-0.04208716,-0.1228768,0.9171136,0.031654835,0.34091964,148115,0,0,16815
-0.14504468,-0.13846016,-0.15208879,1.0874771,0.1384602,0.2441157,148119,0,0,16814
-0.20720641,-0.0481872,-0.09173813,1.0805765,0.054155182,0.24388228,148120,0,0,16813
-0.20607935,-0.061359167,-0.12361463,0.8887498,0.065792,0.13894518,148128,0,0,16811
-0.16347039,-0.035428703,-0.17232697,0.89887303,0.05203,0.1713888,148132,0,0,16810
-0.16347039,-0.035428707,-0.12414017,0.8542188,0.05203001,0.1342927,148136,0,0,16809
-0.22907265,-0.044523846,-0.18490098,0.93592644,0.04452382,0.18490091,148140,0,0,16808
-0.26048034,-0.043462653,-0.16668344,0.82037306,0.057651877,0.17949176,148144,0,0,16807
-0.2307934,-0.050851293,-0.1546999,1.0097724,0.067452684,0.1821198,148148,0,0,16806
-0.31247148,-0.10942101,-0.17433684,1.3308762,0.11044152,0.19482039,148152,0,0,16805
-0.22161108,-0.060265828,-0.13295196,1.2035718,0.05640448,0.1351548,148154,0,0,16804
-0.6655431,-0.6939283,-0.70415395,1.5282366,0.6846454,0.7182922,148156,0,0,16803
-0.64638406,-1.1259013,-1.0836369,1.5996134,1.1200961,1.1623605,148157,0,0,16802
-0.39688596,-0.044258617,-0.16355094,1.2425143,0.04425852,0.18629529,148158,0,0,16801
-0.4648334,-0.32461587,-0.32198226,1.5436804,0.31456462,0.3415658,148169,0,0,16798
-0.19968347,-0.05876639,-0.27109382,0.97731346,0.055193968,0.13467537,148171,0,0,16797
-0.26287055,-0.073277816,-0.29614076,1.1769575,0.07518095,0.21129964,148224,0,0,16560
-0.2341142,-0.069340795,-0.1833868,1.0827533,0.07094593,0.28434467,148226,0,0,16559
-0.5003115,-0.083088376,-0.37662295,1.6281028,0.081286915,0.37596554,148228,0,0,16558
-0.65260035,-0.07467668,-0.37558186,1.5660645,0.07287524,0.4127804,148231,0,0,16557
-0.50011295,-0.389626,-0.37762168,1.5010523,0.36561766,0.37762198,148233,0,0,16556
-0.7872752,-0.49596474,-0.49750602,2.3413062,0.49584106,0.49429977,148234,0,0,16555
-0.7872752,-0.49596474,-0.49750602,2.3413062,0.49584106,0.49429977,148235,0,0,16554
-0.4609521,-0.45578685,-0.45605457,1.1217953,0.45632264,0.45605493,148238,0,0,16553
-0.3151467,-0.048779443,-0.2942476,1.6009556,0.050327364,0.29487354,148241,0,0,16551
-0.5090594,-0.17580566,-0.30765858,1.7890595,0.16735476,0.2998888,148248,0,0,16548
-0.5747542,-0.27227512,-0.28414384,1.7322049,0.2716807,0.2832478,148250,0,0,16547
-0.4103713,-0.07687154,-0.4077764,2.0597355,0.08821342,0.41206846,148252,0,0,16546
-0.33357394,-0.039707635,-0.29104385,1.8127152,0.039709855,0.34319332,148272,0,0,16504
-0.37479734,-0.05086047,-0.11293948,1.4211608,0.050860483,0.11293927,148286,0,0,16793
-0.4162351,-0.06156378,-0.15209565,1.7101278,0.06558741,0.17384739,148287,0,0,16792
-0.27127826,-0.046253774,-0.12649266,1.2848444,0.049276788,0.14283507,148291,0,0,16791
-0.34871337,-0.042798758,-0.17406759,1.2249355,0.045702815,0.18255763,148295,0,0,16790
-0.44530624,-0.046379846,-0.17134666,1.3673415,0.04925154,0.22496785,148296,0,0,16789
-0.44253734,-0.03476143,-0.11064568,1.2528368,0.034761526,0.14911413,148302,0,0,16788
-0.4251018,-0.032962732,-0.15221792,1.445048,0.03296279,0.20702685,148307,0,0,16787
-0.4251537,-0.04232246,-0.20316215,1.43413,0.042322554,0.25816515,148311,0,0,16786
-0.3776315,-0.060681503,-0.19108267,1.6582417,0.07013856,0.18623759,148315,0,0,16785
-0.45627055,-0.05808835,-0.27027455,1.6413312,0.07101462,0.28935692,148317,0,0,16784
-0.40755838,-0.14150257,-0.37311375,1.5808218,0.1450365,0.3146101,148345,0,0,16778
-0.4081869,-0.4222856,-0.32483265,1.6874844,0.42058682,0.40268856,148360,0,0,16308
-0.48614603,-0.049731135,-0.35942662,1.4312963,0.05046259,0.36840042,148364,0,0,16306
-0.46484008,-0.068874784,-0.16515191,1.1908693,0.06992005,0.16004996,148365,0,0,16305
-0.32498914,-0.056906514,-0.22177492,1.1915354,0.05795179,0.5648627,148367,0,0,16304
-0.4407884,-0.059085786,-0.22939062,1.2064809,0.05849139,0.22939062,148373,0,0,16303
-0.4502943,-0.0590858,-0.23749664,1.4882538,0.0584914,0.23769583,148379,0,0,16302
-0.4877402,-0.038993314,-0.20573461,1.2082827,0.043721408,0.21470857,148385,0,0,16301
-0.50226444,-0.015999159,-0.23456179,1.1955998,0.09401143,0.23646797,148393,0,0,16300
-0.5917923,-0.060063258,-0.36671564,1.2700418,0.06006315,0.074029714,148397,0,0,16299
-0.4325488,-0.06748696,-0.082311206,1.371264,0.059664197,0.088956095,148406,0,0,16243
-0.45436954,-0.06748696,-0.063111484,1.3494432,0.059664197,0.10815582,148410,0,0,16242
-0.34204188,-0.05592554,-0.098386884,1.1865631,0.06324569,0.2933063,148414,0,0,16241
-0.3261396,-0.06468136,-0.05808785,1.428681,0.06246983,0.08829446,148418,0,0,16240
-0.50143814,-0.049920462,-0.07888396,1.2904228,0.053454436,0.10161489,148420,0,0,16239
-0.62798244,-0.6691538,-0.5888192,1.908605,0.6767028,0.5893344,148485,0,0,16532
-0.52402097,-0.07878495,-0.31308633,1.3990523,0.08754905,0.31789565,148487,0,0,16531
-0.46179873,-0.06448552,-0.19266486,1.8322792,0.06448606,0.19266565,148496,0,0,16527
-0.3542799,-0.09185917,-0.22580385,1.7581964,0.09185917,0.22581983,148500,0,0,16525
-0.66008586,-0.7161476,-0.70289505,1.6605167,0.71567625,0.7880846,148502,0,0,16524
-0.5680125,-0.078290515,-0.5152245,1.5909382,0.08530008,0.35348025,148504,0,0,16523
-0.25863928,-0.08800715,-0.13285913,1.5480266,0.086442016,0.13277283,148513,0,0,17096
-0.6900682,-0.5865431,-0.5867238,2.1646953,0.5956478,0.5499566,148530,0,0,17092
-0.2266173,-0.037127577,-0.13318163,0.42554593,0.037127573,0.23548138,148534,0,0,17091
-0.11373101,-0.03607443,-0.15596524,0.55878645,0.036681283,0.09194471,148538,0,0,17090
-0.11851321,-0.02979127,-0.13058208,0.53008777,0.034710817,0.17255926,148542,0,0,17089
-0.089339636,-0.015125323,-0.25365478,0.3516272,0.015289134,0.07005308,148546,0,0,17088
-0.10851164,-0.020956706,-0.10780335,0.39616984,0.02123502,0.10769206,148554,0,0,17086
-0.13609555,-0.039878357,-0.10242587,0.48007578,0.040484052,0.12411838,148558,0,0,17085
-0.12768526,-0.037311964,-0.11050109,0.45545122,0.02982157,0.10995037,148562,0,0,17084
-0.14863928,-0.040411547,-0.04324464,0.36848754,0.038627286,0.06495888,148566,0,0,17083
-0.14863928,-0.040411547,-0.04324464,0.36848754,0.038627286,0.06495888,148568,0,0,17082
-0.46091142,-0.030344887,-0.1366358,0.1155366,0.05830648,0.2680957,148569,0,0,17081
-0.23066998,-0.4138502,-0.3868456,0.922411,0.43163246,0.45863706,148570,0,0,17080
-0.08921238,-0.049977995,-0.05620557,0.3344201,0.049726542,0.060710777,148574,0,0,17078
-0.052675996,0,-0.12829879,0.20392163,0.027681934,0.12829882,148575,0,0,17077
-0.039483447,0,-0.11510625,0.1907291,0.027681934,0.11510626,148579,0,0,17076
-0.044185422,-0.027777782,-0.14628316,0.20918445,0,0.14628315,148583,0,0,17075
-0.688235,-0.09472385,-0.21052635,0.7454566,0.2915632,0.21052656,148593,0,0,17073
-0.51510817,-0.73356336,-0.41419187,1.0308865,0.3388797,0.1435149,148595,0,0,17041
-0.13451913,-0.29565865,-0.29941446,0.45786598,0.29672647,0.29297066,148598,0,0,17040
-0.128712,-0.33639237,-0.3386284,0.5455877,0.33790734,0.3356713,148603,0,0,16295
-0.3351405,-0.33651006,-0.33738708,0.6551338,0.3382641,0.33738708,148610,0,0,16293
-0.1928078,-0.17008582,-0.17159618,0.4831532,0.17310655,0.17159618,148623,0,0,16290
-0.2917083,-0.28049487,-0.2660835,0.6502566,0.28049487,0.29490623,148628,0,0,16289
-0.26287183,-0.25815114,-0.26110947,0.54908794,0.25815114,0.25519282,148634,0,0,16288
-0.28194517,-0.1548395,-0.15453462,0.6361929,0.15422975,0.15453462,148640,0,0,16287
-0.26287195,-0.23782478,-0.21577717,0.5683895,0.24928512,0.2713327,148646,0,0,16286
-0.19652605,-0.035075452,-0.020006752,0.5605079,0.032853764,0.053803835,148652,0,0,16285
-0.58672434,-0.58655006,-0.5856119,0.5863758,0.58655006,0.58748823,148657,0,0,16284
-0.28420678,-0.055894613,-0.064299434,0.5551286,0.055669863,0.06452412,148694,0,0,15924
-0.093022965,-0.01615075,-0.08952622,0.59025586,0.019939922,0.11236151,148695,0,0,15923
-0.24735112,-0.030860944,-0.022042176,0.46737495,0.023040712,0.1152029,148699,0,0,15922
-0.20379637,-0.29880092,-0.21490711,0.8092004,0.29880092,0.21490711,148706,0,0,15921
-0.16467114,-0.29880092,-0.23122546,0.6327641,0.29880092,0.23122542,148708,0,0,15920
-0.2976929,-0.30678308,-0.3084583,0.74771035,0.30678308,0.30510786,148734,0,0,15914
-0.3156462,-0.30824253,-0.29932988,0.7687919,0.30824253,0.31715518,148735,0,0,15913
-0.3208905,-0.32582623,-0.3219933,0.66504943,0.32582623,0.32965916,148736,0,0,15912
1,1,1,-1,-1,-1,165398,0,0,13192
1,1,1,-1,-1,-1,165399,0,0,13191
1,1,1,-1,-1,-1,165400,0,0,13190
1,1,1,-1,-1,-1,165404,0,0,13187
1,1,1,-1,-1,-1,165405,0,0,13186
1,1,1,-1,-1,-1,165407,0,0,13185
1,1,1,-1,-1,-1,165411,0,0,13184
1,1,1,-1,-1,-1,165412,0,0,13183
1,1,1,-1,-1,-1,165415,0,0,13088
-1.5233862,-0.6640129,-0.10388312,-0.48399973,0.37537363,0.93550336,165417,0,0,13087
-0.8958621,-0.45777377,-0.12070906,-0.2582368,0.1798515,0.5169162,165418,0,0,13086
-4.042374,-3.2184918,-2.7373028,2.2869685,3.110851,3.59204,165419,0,0,13085
-3.1742902,-2.618127,-2.3369365,2.2326884,2.7888515,3.0700421,165420,0,0,13084
1,1,1,-1,-1,-1,165421,0,0,13083
1,1,1,-1,-1,-1,165422,0,0,13082
-0.1387806,-0.1384074,-0.14782542,0.13320608,0.14240347,0.1405687,165427,0,0,13081
-1.0655428,-1.2303828,0,1.0655428,1.2303828,2.7442484,165433,0,0,13080
1,1,1,-1,-1,-1,165434,0,0,13079
-2.914622,-2.8957603,-1.6451423,2.914622,2.9334838,4.184102,165436,0,0,13078
-0.24574848,-0.06400726,-0.4125052,0.7257845,0.06398353,0.40876883,165437,0,0,13077
-1.9684975,-2.1333718,-1.1338538,2.2982507,2.133979,4.162766,165529,0,0,13179
-1.9244447,-7.0742683,-6.988027,12.015467,6.8656435,6.9518847,165532,0,0,13178
-14.403087,-15.288737,-12.97258,14.538011,13.65236,15.968517,165533,0,0,13177
-0.98988533,-5.107901,-4.935262,9.089907,4.971891,5.14453,165549,0,0,13161
-0.7652869,-6.6412997,-8.475682,12.542324,6.6663117,4.831929,165552,0,0,13158
-59.781548,-59.798042,0.03332163,59.791595,59.7751,0.033321716,165554,0,0,13157
-0.66023135,-0.65607303,-0.029400539,0.660814,0.6648356,0.29109263,165556,0,0,13156
-2.3033423,-1.3753188,-0.18025503,0.5089853,1.4370089,2.6620703,165560,0,0,13154
-2.5150192,-2.515019,-1.9799292,2.5150182,2.5150185,5.059417,165562,0,0,13153
1,1,1,-1,-1,-1,165563,0,0,13152
-0.9033246,-0.9033246,0.0031934753,0.90332454,0.9033246,2.728461,165564,0,0,13151
-0.36483508,-0.88060176,-0.12329219,0.3770281,0.6872013,2.6526046,165568,0,0,13147
-0.7119263,-1.6902592,-0.38452706,0.39473978,1.9701905,1.1838135,165569,0,0,13146
-0.7119263,-0.41009492,-0.38452706,0.39473978,0.39442873,0.3926051,165570,0,0,13145
-0.7119263,-1.6902593,-0.38452706,0.39473978,1.9701906,1.1838135,165571,0,0,13144
-0.81929034,-1.6902593,-0.38452706,1.0285949,1.9701906,1.6175858,165572,0,0,13143
-1.0056922,-2.8669198,-0.38452706,1.3790643,2.5734339,2.1975422,165573,0,0,13142
-0.21952817,-5.767819,-3.8101315,11.508425,4.004837,3.9077528,165575,0,0,13140
-9.417897,-9.417897,-6.229658,9.417897,9.417897,6.229658,165576,0,0,13139
1,1,1,-1,-1,-1,165578,0,0,13137
-1.1737152,-1.192412,-0.034873538,1.1556859,1.1924123,2.359584,165579,0,0,13136
-1.1737152,-1.192412,-0.034873538,1.1556859,1.1924123,2.359584,165580,0,0,13135
-1.1737152,-1.192412,-0.034873538,1.1556859,1.1924123,2.359584,165581,0,0,13134
-1.1737152,-1.192412,-0.034873538,1.1556859,1.1924123,2.359584,165582,0,0,13133
-1.2509485,-1.192412,-0.034873538,1.2229868,1.1924123,2.360605,165583,0,0,13132
-1.2509485,-1.192412,-0.034873538,1.2229868,1.1924123,2.360605,165584,0,0,13131
-1.430045,-1.4748584,-2.3270519,1.8142842,1.6865788,1.3019494,165585,0,0,13130
-3.1648161,-4.1977663,-3.0463543,2.9629018,4.216269,3.0813637,165589,0,0,13126
-14.306171,-14.327631,-14.334582,14.319891,14.298431,30.656437,165591,0,0,13124
-0.9403374,-0.94467187,-0.95115846,0.96226466,0.9579302,0.9514436,165592,0,0,13123
-1.2443503,-1.2274145,-0.9401314,1.2437505,1.2606863,3.7766032,165594,0,0,13121
-3.2938373,-3.2945156,-3.2748168,3.2706983,3.27002,3.2897189,165596,0,0,13119
-0.49351397,-0.95927125,0.07254945,0.49351397,0.95927125,1.9910916,165613,0,0,13115
-0.49351397,-0.95927125,0.07254945,0.49351397,0.95927125,1.9910916,165614,0,0,13114
-0.49351397,-0.95927125,0.07254945,0.49351397,0.95927125,1.9910916,165615,0,0,13113
-0.49351397,-0.95927125,0.07254945,0.49351397,0.95927125,1.9910916,165616,0,0,13112
-0.49351397,-0.95927125,0.07254945,0.49351397,0.95927125,1.9910916,165617,0,0,13111
-0.49351397,-0.95927125,0.07254945,0.49351397,0.95927125,1.9910916,165619,0,0,13109
-0.30496472,-0.62459254,-0.5324395,0.3074052,0.61476463,0.5282163,165620,0,0,13108
-1.2999287,-0.3317481,-0.37868685,0.6746709,0.33540687,0.34799606,165621,0,0,13107
-1.0919416,-1.0836637,0.027839413,1.0746056,1.0828835,0.21620099,165622,0,0,13106
-2.9135861,-2.9580922,0.08048083,2.9874854,2.942979,7.954884,165643,0,0,13105
-0.69776917,-0.77121407,-0.24287386,-0.12199527,0.762095,1.2834697,165644,0,0,13104
-0.19488442,-0.91111684,0.6184186,1.9885409,0.96566236,2.3481631,165645,0,0,13103
-0.77578986,-91.18419,-7.7311044,0.77578986,91.18534,7.735979,165646,0,0,13102
-3.1374152,-3.2655323,0.043908708,3.1044466,3.2975483,27.620028,165647,0,0,13101
-1.2656794,-1.8645834,-1.8645834,2.3767843,1.8645834,1.8645836,165648,0,0,13100
-3.5253503,-2.9652812,-2.980317,2.4142392,3.0078444,3.0271108,165651,0,0,13097
0,-1.6509248,-1.1597886,0,1.6509248,3.427865,165654,0,0,13094
-0.85692924,-0.85621905,-0.64503723,0.83942336,0.83843446,0.6974191,165655,0,0,13093
-3.401995,-3.5036914,-2.3419552,3.468135,3.3664386,4.528175,165656,0,0,13092
-3.3241026,-3.3145225,1.0142881,4.2457623,3.9820452,2.958501,165657,0,0,13091
-1.3833926,-3.4396584,0.048309773,1.3833926,3.4396586,0.048310608,165658,0,0,13090
-0.6279998,-1.0100363,-0.24453032,0.9286113,0.91965824,2.2926502,165659,0,0,13089
-1.1876658,-2.436191,-0.18843317,2.573845,2.4431632,3.396974,165664,0,0,12931
1.0110147,-1.207946,0.44059607,1.729434,1.0357453,2.5161786,165665,0,0,12983
-0.0084505435,-0.4218578,0.0755,0.09165289,0.4192083,0.77238894,165668,0,0,12980
-2.7405791,-2.647841,-3.408323,2.674746,2.7674842,3.2673004,165669,0,0,12979
-0.49351397,-0.95927125,0.07254945,0.49351397,0.95927125,1.9910916,165670,0,0,12978
0.04230988,-1.0436641,-0.976359,1.8922123,1.1046546,1.219465,165672,0,0,12977
1,1,1,-1,-1,-1,165673,0,0,12976
1,1,1,-1,-1,-1,165674,0,0,12975
-0.27013293,-0.59446776,-0.2795619,0.27013293,0.3984807,1.6572949,165675,0,0,12974
-0.9384697,-1.1604422,-0.39124176,0.7899528,1.0343956,2.4945514,165678,0,0,12972
1,1,1,-1,-1,-1,165679,0,0,12971
0.6536262,-1.2619026,-0.6477157,0.65362626,1.2619026,3.270629,165680,0,0,12970
1,1,1,-1,-1,-1,165681,0,0,12969
-0.8364908,-0.8288511,-0.83838606,0.8315454,0.8391851,0.82965016,165687,0,0,12966
-6.1232486,-6.102549,-0.6515379,6.092614,6.1133084,25.436558,165690,0,0,12964
-1.5749444,-1.7057437,-1.7204859,1.769372,1.6570002,2.2324026,165700,0,0,12958
-1.7918009,-1.7763492,-0.15866093,1.7911459,1.8065976,6.910594,165705,0,0,12954
-6.1232486,-6.102549,-0.6515379,6.092614,6.1133084,25.436558,165710,0,0,12950
-6.1232486,-6.102549,-0.8452015,6.092614,6.1133084,25.436558,165711,0,0,12949
1,1,1,-1,-1,-1,165713,0,0,12947
1,1,1,-1,-1,-1,165714,0,0,12946
-2.2778437,-2.2718563,-2.1673036,2.1788576,2.184845,2.2893977,165715,0,0,12945
-12.533422,-12.551605,-4.958982,11.851982,11.833799,30.662916,165716,0,0,12944
1,1,1,-1,-1,-1,165722,0,0,12943
-2.678306,-2.1154926,-2.1412783,2.3767843,2.1300085,2.1042228,165723,0,0,12942
-0.592826,-0.58370167,-0.63728684,0.584242,0.63763297,0.6374151,165724,0,0,12941
-0.0068774004,-0.17081213,-0.1788498,0.0068774004,0.17932793,0.17129026,165725,0,0,12940
-0.67252827,-0.67148876,-0.67952645,0.6789651,0.6800046,0.6719669,165728,0,0,12937
-2.6148045,-2.6908042,-2.4572885,2.5474675,2.4714677,2.7049835,165737,0,0,12936
1,1,1,-1,-1,-1,165738,0,0,12935
1,1,1,-1,-1,-1,165744,0,0,12933
-0.16991964,-0.80692947,0.049436454,0.33777383,0.7586136,2.0472167,165749,0,0,12932
-0.07656596,-0.085154265,-0.4058695,0.07657501,0.08007968,0.41162014,165750,0,0,12930
-1.4341011,-1.2184249,-0.67807746,1.0192174,1.2326137,0.1448672,165751,0,0,12929
-0.26908037,-0.25927788,-0.27052397,0.2690906,0.2592635,0.27052397,165756,0,0,12927
-2.0917432,-1.8551227,-2.069228,2.0917432,1.8663398,2.0806396,165757,0,0,12926
1,1,1,-1,-1,-1,165759,0,0,12925
0,-0.035227653,-0.027777774,0,0.027777778,0.027777774,165760,0,0,12924
-1.7634773,-1.6667473,-0.8452015,2.068338,2.6107843,5.386849,165761,0,0,12923
-1.1965023,-1.1795665,-0.886466,1.1959025,1.2128383,1.7153658,165762,0,0,12922
-0.00030009012,-0.80991495,0.42399052,-0.00029997606,0.80991495,2.0438206,165763,0,0,12921
-9.044377,-9.039117,-7.13829,9.368629,9.243848,10.902102,165765,0,0,12919
-11.483033,-11.430877,-11.376188,11.391124,11.44328,11.508759,165768,0,0,12917
1,1,1,-1,-1,-1,165777,0,0,12912
-0.7587655,-0.7587655,-0.13443995,0.7587655,0.7587655,2.0941248,165778,0,0,12911
-3.1249611,-3.5488966,-2.9049723,2.8158844,3.571244,3.0358732,165780,0,0,12909
-1.1667407,-1.2549635,-1.6695305,1.3851998,1.1463051,1.8392113,165782,0,0,12908
1,1,1,-1,-1,-1,165783,0,0,12907
1,1,1,-1,-1,-1,165784,0,0,12906
-0.2176444,-0.9343845,0.5804638,2.1082408,1.1043416,2.4250839,165785,0,0,12905
-0.96197945,-139.97845,-11.869434,0.96197945,139.9796,11.874309,165786,0,0,12904
-0.3746085,-0.40182185,-0.065378256,0.38491333,0.38760364,0.4371807,165787,0,0,12903
-0.4501279,-0.9773978,-1.0472332,0.6054697,1.088068,1.0337615,165790,0,0,12901
-0.66326404,-0.16332358,-0.19714504,0.50875795,0.16332334,0.19020091,165791,0,0,12900
1,1,1,-1,-1,-1,165795,0,0,12897
-2.3085494,-1.7340486,0.614352,2.7635534,1.7166693,1.6784098,165796,0,0,12896
-4.2465963,-4.2332087,-1.0268646,4.2465935,4.233218,1.3447231,165798,0,0,12894
-1.0183858,-1.1050934,-0.12367616,1.1766413,1.7536645,4.8242326,165799,0,0,12893
-0.29506245,-1.5203556,-0.8008278,1.7913696,1.520002,0.8132302,165810,0,0,13076
1,1,1,-1,-1,-1,165811,0,0,13075
1,1,1,-1,-1,-1,165812,0,0,13074
-2.2298844,-2.229547,-2.2261164,2.231784,2.2321215,2.235552,165813,0,0,13073
-0.36155528,-0.37553462,-0.1408677,0.40381935,0.41553938,0.46987534,165815,0,0,13072
0,-0.25625372,-0.25625375,0,0.25625372,0.25625375,165816,0,0,13071
0,-0.36882928,-0.3688293,0,0.36882928,0.3688293,165817,0,0,13070
-11.574399,-11.536986,-8.931633,11.518397,11.555809,9.710329,165818,0,0,13069
-2.0067492,-7.1498294,-7.202424,12.195646,7.052566,6.9999714,165820,0,0,13067
1,1,1,-1,-1,-1,165821,0,0,13066
-1.2500374,-1.3172853,-0.6081454,1.3623977,1.2951508,0.85548717,165822,0,0,13065
-0.0017917281,-0.41122097,-0.4123984,-0.0017916297,0.41357574,0.4123984,165824,0,0,13064
-3.071134,-3.0517619,-3.0842597,3.0323896,3.0517619,3.019264,165826,0,0,13062
-2.529459,-2.5036,-2.5664525,2.492467,2.5036,3.265685,165829,0,0,13059
-4.256089,-5.027678,-0.023414824,3.753649,4.692434,11.124246,165832,0,0,13056
-4.068246,-5.409242,-0.7026634,3.9414928,5.717229,13.247581,165833,0,0,13055
-3.965208,-5.059741,-0.023414824,4.044531,6.230626,14.405413,165834,0,0,13054
-4.079594,-4.077791,-1.0705473,3.9301448,5.178386,10.890583,165835,0,0,13053
1,1,1,-1,-1,-1,165837,0,0,13051
1,1,1,-1,-1,-1,165838,0,0,13050
1,1,1,-1,-1,-1,165839,0,0,13049
-2.6456447,-2.948819,1.1303623,2.8924327,3.05786,5.324893,165840,0,0,13048
0,-18.475445,-18.475445,37.608376,18.475445,18.475445,165850,0,0,13047
1,1,1,-1,-1,-1,165851,0,0,13046
-0.18798302,-0.4297331,0.4351551,0.31871298,0.42245445,1.2984462,165852,0,0,13045
-0.320857,-0.44347712,0.4833214,0.27981102,0.43616956,1.6138381,165853,0,0,13044
-0.28580126,-0.47186372,0.35171962,0.29354176,0.4640885,1.159938,165854,0,0,13043
1,1,1,-1,-1,-1,165855,0,0,13042
-1.2198036,-1.2542703,-0.16592056,1.2741271,1.2396601,0.43427438,165856,0,0,13041
0.5896193,-0.15039821,-0.007794357,0.5896194,0.15515727,0.2977611,165857,0,0,13040
-0.28580126,-0.47186372,0.35171962,0.29354176,0.4640885,1.159938,165858,0,0,13039
1,1,1,-1,-1,-1,165862,0,0,13037
1,1,1,-1,-1,-1,165863,0,0,13036
1,1,1,-1,-1,-1,165864,0,0,13035
-1.6962174,-1.6170098,-0.86212236,1.3247085,1.3261925,0.9579397,165865,0,0,13034
-1.3334134,-1.6991992,-0.8621222,1.6206892,1.3149829,0.95793945,165866,0,0,13033
-1.3334135,-1.6991992,-0.8621222,1.6206893,1.314983,0.95793945,165867,0,0,13032
-1.6440514,-0.7183485,-0.86212236,1.5557244,1.6812649,0.9579397,165868,0,0,13031
-1.6440516,-0.7183487,-0.86212236,1.5557244,1.681265,0.9579397,165869,0,0,13030
-1.6962174,-1.6170098,-0.86212236,1.3247085,1.3261925,0.95793957,165870,0,0,13029
1.3379995,-0.26544315,-0.24806352,1.6515822,0.22652994,0.21897487,165871,0,0,13028
-0.23528811,-0.26544315,-0.24806352,0.07829465,0.22652994,0.21897487,165872,0,0,13027
-2.8114882,-2.8444726,-0.9045244,2.8143167,2.8373005,5.9785905,165873,0,0,13026
-2.5150192,-2.515019,-1.9799292,2.5150182,2.5150185,5.059417,165874,0,0,13025
-1.358185,-1.3581852,-1.1294878E-06,1.358185,1.3581852,0,165879,0,0,13022
-0.6306332,-1.5303099,-1.4549547,0.040497355,1.6420815,1.459829,165883,0,0,13020
1,1,1,-1,-1,-1,165887,0,0,13018
-11.110392,-11.11039,0.0015082625,11.110392,11.11039,3.9859118,165888,0,0,13017
-1.6311711,-1.476422,-1.5466819,1.5561874,1.5458572,1.5436852,165889,0,0,13016
-1.0549487,-0.981042,-0.2981883,1.1225674,0.9118755,0.7049256,165890,0,0,13015
-0.29753184,-0.4777787,-0.4732689,0.10031436,0.44917944,0.45368916,165891,0,0,13014
-0.7076222,-0.49661064,0.92483914,0.78068155,0.5639835,3.2894635,165896,0,0,13010
-1.4358022,-1.2146431,0.20586967,0.9651756,2.2216613,2.6027234,165907,0,0,12999
-0.6725282,-0.6714887,-0.6795264,0.67896503,0.68000454,0.67196685,165908,0,0,12998
-1.3187971,-2.0949528,-15.498851,1.3188955,3.675366,4.2282324,165909,0,0,12997
-1.1836832,-1.3885806,-0.5895238,0.80176854,1.3763736,1.0358543,165910,0,0,12996
1,1,1,-1,-1,-1,165913,0,0,12994
-1.1604843,-1.1625937,0.535687,1.1739627,1.1836777,1.5140941,165914,0,0,12993
-0.62859565,-0.87434924,0.034621716,0.92920715,0.7125151,2.1467533,165915,0,0,12992
0,-0.8006983,0.10629927,0.11463121,0.707013,1.9513533,165918,0,0,12991
-0.6244459,-0.5678041,-0.59566444,0.5612963,0.5691921,0.6132495,165919,0,0,12990
-2.655795,-3.0467434,-2.7096229,3.3074265,2.9164782,3.2535987,165923,0,0,12987
-2.6577919,-3.0487401,-2.7116196,3.3094232,2.918475,3.2555954,165924,0,0,12986
-2.6563241,-3.0472724,-2.710152,3.3079555,2.9170072,3.2541277,165925,0,0,12985
-2.6568458,-3.047794,-2.7106736,3.3084772,2.9175289,3.2546494,165926,0,0,12984
1,1,1,-1,-1,-1,165930,0,0,12892
0,-0.17747651,0.024523623,0,0.15460974,0.99238473,165931,0,0,18499
1,1,1,-1,-1,-1,165940,0,0,18490
1,1,1,-1,-1,-1,165941,0,0,18489
-0.824881,-0.94934475,-0.10319136,0.80121064,0.9430819,4.113742,165942,0,0,18488
1,1,1,-1,-1,-1,165943,0,0,18487
-0.54233754,-0.8868233,0.19934261,0.5158967,0.8853489,1.4883188,165945,0,0,18485
-59.781548,-59.798042,0.03332163,59.791595,59.7751,0.033321716,165947,0,0,18483
-1.4444441,-1.4700685,-0.8471792,1.4444448,1.4188203,1.4027348,165948,0,0,18482
1,1,1,-1,-1,-1,165949,0,0,18481
-1.5379533,-1.513225,-1.5538771,1.5499309,1.5746592,1.5340071,165953,0,0,18479
-1.758794,-1.7126956,-1.7262456,1.7188047,1.7649031,1.751353,165954,0,0,18478
-1.7348518,-1.6795387,-0.72077703,1.9423224,1.7881794,4.033315,165955,0,0,18477
1,1,1,-1,-1,-1,165956,0,0,18476
1,1,1,-1,-1,-1,165957,0,0,18475
1,1,1,-1,-1,-1,165958,0,0,18474
1.1232265,-1.6509248,-1.1597887,1.1232269,1.6509248,3.4278653,165959,0,0,18473
-0.30684265,-0.9473813,-0.038499862,0.2710568,0.9469112,3.788056,165960,0,0,18472
0,-1.6509248,-1.1597886,0,1.6509248,3.427865,165961,0,0,18471
1,1,1,-1,-1,-1,165962,0,0,18470
-9.707985,-44.221493,-43.77712,78.575584,44.062077,44.50645,165964,0,0,18469
-47.53077,-64.369415,-63.454296,78.84598,62.007336,62.92245,165965,0,0,18468
1,1,1,-1,-1,-1,165967,0,0,18467
1,1,1,-1,-1,-1,165969,0,0,18465
-3.5334888,-3.5335643,-3.5069146,3.5356593,3.5355837,3.5622334,165970,0,0,18464
-1.625206,-2.2992754,-1.4306178,1.6347939,2.2992754,2.5587409,165976,0,0,18463
-8.185296,-8.11548,-7.6321464,7.8576937,7.92751,8.410843,165977,0,0,18462
-0.1486393,-0.040411543,-0.043244652,0.36848757,0.03862728,0.064958885,165980,0,0,18461
-0.14863928,-0.040411543,-0.04324464,0.36848754,0.038627286,0.064958885,165981,0,0,18460
-0.49351397,-0.95927125,0.07254945,0.49351397,0.95927125,1.9910916,165983,0,0,18459
-1.9072613,-1.7978144,-0.038649797,1.8080072,1.7897267,2.6065392,165984,0,0,18458
-1.300106,-1.2505393,0.8590473,1.148078,1.2321398,1.7160664,165986,0,0,18457
-2.118347,-4.224302,-2.0136414,1.9124246,4.246649,2.3171113,165987,0,0,18456
-1.2266308,-1.187212,-1.2010906,1.1982635,1.2376823,1.2238038,165988,0,0,18455
-0.62136763,-0.56192493,-0.65549016,0.62618464,0.68562734,0.5920621,165989,0,0,18454
-0.3988553,-0.40789402,-0.24447861,0.4127132,0.40367448,0.5670899,165991,0,0,18452
-0.3516037,-0.34598508,-0.3783125,0.388597,0.3942156,0.3618882,165992,0,0,18451
-0.359971,-0.38599202,-0.37642524,0.36388862,0.3378676,0.34743437,165993,0,0,18450
-0.6146199,-0.72330606,-0.46804792,0.60595447,0.49726835,0.75252646,165994,0,0,18449
-0.5059183,-0.5030561,-0.3800156,0.50646347,0.5093257,0.6323662,165995,0,0,18448
1,1,1,-1,-1,-1,165996,0,0,18447
1,1,1,-1,-1,-1,165997,0,0,18446
-0.46788934,-0.43640715,-0.43033856,0.4207227,0.45220488,0.45827347,165998,0,0,18445
-0.513007,-0.514985,-0.37159014,0.5104726,0.50849456,0.65188944,166003,0,0,18442
-0.40798542,-0.47995526,-0.43942812,0.44532874,0.3733589,0.41388604,166004,0,0,18441
1,1,1,-1,-1,-1,166005,0,0,18440
1,1,1,-1,-1,-1,166007,0,0,18438
-0.54724824,-0.5430194,-0.38808233,0.53899693,0.54322577,0.69816285,166008,0,0,18437
-0.38835505,-0.42747182,-0.43535623,0.42495677,0.38584,0.3779556,166009,0,0,18436
1,1,1,-1,-1,-1,166010,0,0,18435
-0.53411555,-0.53426874,-0.38956463,0.5345422,0.534389,0.6790931,166011,0,0,18434
-0.45724404,-0.44601017,-0.43551028,0.43064886,0.44188273,0.45238262,166012,0,0,18433
1,1,1,-1,-1,-1,166013,0,0,18432
-0.027777778,-0.027777778,-0.027777778,0.027777778,0.027777782,0.027777778,166014,0,0,18431
-0.454492,-0.31713384,-0.38651046,0.454492,0.59185016,0.5224736,166016,0,0,18429
-0.48080543,-0.34214672,-0.3687901,0.48080543,0.61946416,0.59282076,166017,0,0,18428
-0.47197643,-0.33954448,-0.37901634,0.47197643,0.6044084,0.5649365,166018,0,0,18427
-0.48676938,-0.35033834,-0.39482278,0.48676938,0.6232004,0.578716,166019,0,0,18426
-0.46807486,-0.35762534,-0.38957503,0.46807486,0.57852435,0.54657465,166020,0,0,18425
-0.34109852,-0.21532358,-0.2502811,0.34109852,0.46687347,0.43191594,166021,0,0,18424
-0.4374088,-0.2876163,-0.33049035,0.4374088,0.5872013,0.54432726,166022,0,0,18423
-0.4698121,-0.35082632,-0.3672825,0.4698121,0.58879787,0.5723417,166023,0,0,18422
-0.17010103,-0.23693639,-0.28373066,0.17126922,0.2369364,0.28372943,166024,0,0,18421
-0.05872005,-0.21307445,-0.18529658,0.05872005,0.21307445,0.24085216,166027,0,0,18419
-0.5341,-0.5431698,-0.375101,0.55026513,0.54119533,0.70926416,166030,0,0,18416
-0.4131287,-0.4432427,-0.4069314,0.42097178,0.3908578,0.42716908,166031,0,0,18415
-0.40885684,-0.40380624,-0.4137597,0.42755887,0.43260947,0.422656,166032,0,0,18414
-0.55163604,-0.5616742,-0.3891415,0.56905884,0.5590207,0.7315534,166033,0,0,18413
-0.40733597,-0.43074313,-0.42721567,0.47723183,0.45382467,0.45735213,166034,0,0,18412
1,1,1,-1,-1,-1,166035,0,0,18411
-0.033527773,-0.82920694,-1.5074533,0.03292792,0.8624786,0.51037914,166037,0,0,18410
-0.035807185,-0.91150206,-0.43528065,0.035807185,0.91150206,1.3877234,166038,0,0,18409
1,1,1,-1,-1,-1,166039,0,0,18408
-0.95726824,-0.73380035,-0.37247798,0.6056255,0.7319054,0.5453774,166040,0,0,18407
1,1,1,-1,-1,-1,166041,0,0,18406
-1.39678,-1.6159568,-4.8952556,1.8424034,1.3328491,1.4956979,166042,0,0,18405
-2.1039515,-2.1623728,0.805645,2.5636163,2.2230737,1.9691136,166043,0,0,18404
-1.4319311,-1.5453638,-0.39504153,1.389984,1.759362,3.039426,166044,0,0,18403
-0.1388889,-0.1388889,0,0.1388889,0.1388889,0.2777778,166046,0,0,18401
-0.23260863,-0.45984015,-0.38107795,0.22001654,0.46795136,0.40289184,166047,0,0,18400
-3.0019958,-3.100568,0.007961065,3.1991704,3.100579,0.037474368,166048,0,0,18399
-1.109853,-1.4330713,-1.0426315,1.75538,1.4321628,1.0466856,166049,0,0,18398
-0.57731,-0.4700603,-0.1583445,0.36131144,0.46856117,0.78027695,166051,0,0,18396
-0.32845175,-0.3201594,-0.03579536,0.314497,0.32278934,0.6071534,166054,0,0,18393
-0.5276443,-0.77339786,0.26902178,0.8282558,0.6477411,2.045802,166055,0,0,18861
-0.64370006,-1.5035245,0.072549455,0.64370006,1.5035245,1.9910918,166059,0,0,18392
-0.72475266,-0.73306465,-0.201998,0.81025064,0.6915526,0.9686875,166060,0,0,18391
-0.8137888,-0.8373111,-0.28059003,0.64723086,0.6264806,0.8706285,166061,0,0,18390
1,1,1,-1,-1,-1,166064,0,0,18387
1,1,1,-1,-1,-1,166065,0,0,18386
-1.4054043,-1.443539,2.345619,1.4895723,1.4514376,5.2460823,166066,0,0,18385
1,1,1,-1,-1,-1,166067,0,0,18384
1,1,1,-1,-1,-1,166068,0,0,18383
-0.62135637,-0.75732946,-0.78437716,0.68686295,0.7555796,0.6875882,166071,0,0,18380
-0.70922697,-0.7367211,-0.75876194,0.67564595,0.7132962,0.6732837,166073,0,0,18378
-0.042398687,-1.1075675,-0.24656004,0.13112257,0.973169,2.2964087,166098,0,0,18354
1,1,1,-1,-1,-1,166110,0,0,18878
1,1,1,-1,-1,-1,166111,0,0,18877
-0.3648351,-0.7663773,-0.12329219,0.3770281,0.8014258,2.6526046,166112,0,0,18876
1,1,1,-1,-1,-1,166113,0,0,18875
1,1,1,-1,-1,-1,166114,0,0,18874
1,1,1,-1,-1,-1,166115,0,0,18873
1,1,1,-1,-1,-1,166116,0,0,18872
1,1,1,-1,-1,-1,166117,0,0,18871
1,1,1,-1,-1,-1,166118,0,0,18870
1,1,1,-1,-1,-1,166119,0,0,18869
1,1,1,-1,-1,-1,166120,0,0,18868
1,1,1,-1,-1,-1,166121,0,0,18867
1,1,1,-1,-1,-1,166122,0,0,18866
1,1,1,-1,-1,-1,166123,0,0,18865
1,1,1,-1,-1,-1,166124,0,0,18864
1,1,1,-1,-1,-1,166126,0,0,18863
-0.67936844,-0.6742727,-0.6814413,0.67864746,0.6837432,0.6765746,166128,0,0,18860
-0.518328,-0.5140701,-0.522106,0.518328,0.5225859,0.51455003,166129,0,0,18859
-1.9240674,-1.9197893,-1.7656893,1.9227446,1.9270227,2.0811226,166131,0,0,18857
-0.25122097,-0.9125633,-0.9103637,0.25122097,0.9081157,0.9103155,166134,0,0,18854
-1.0902157,-0.8041531,-0.69531626,0.59269136,0.79855204,0.69266695,166135,0,0,18853
-0.34208667,-0.36046773,-0.32459402,0.36996412,0.35158306,0.38745677,166137,0,0,18852
-1.3343099,-3.7864435,-1.3161958,1.3050162,3.9024434,3.2176914,166143,0,0,18846
-8.807746,-8.807746,0.13888884,8.807746,8.807746,0.26769066,166144,0,0,18845
-0.8556367,-0.84097415,-0.6000793,0.8495725,0.9712189,1.7077013,166147,0,0,18842
-1.4788562,-1.2260163,-1.2438009,1.0327908,1.2856307,1.2678461,166149,0,0,18841
1,1,1,-1,-1,-1,166150,0,0,18840
-0.57269275,-1.048315,0.5884849,0.49122176,1.0144944,3.127124,166156,0,0,18839
-2.3972836,-2.47934,-3.9721122,2.5358186,2.453762,2.3595655,166157,0,0,18838
-0.38890874,-0.38890874,-0.38890874,0.38890874,0.38890874,0.38890874,166158,0,0,18837
-0.29454675,-0.8091456,-1.031117,0.29634568,0.9307962,1.1125333,166159,0,0,18836
-1.0128586,-1.0133996,-1.0032976,1.021744,1.021203,1.0313051,166162,0,0,18835
-0.93274903,-0.9470553,-0.8899952,0.909654,0.8953478,0.95240784,166163,0,0,18834
-0.31066358,-1.2518498,-1.5003572,2.2938008,1.3526148,1.1041074,166164,0,0,18833
-0.98068583,-1.0700539,-0.5741655,1.1532818,1.0639137,1.559802,166165,0,0,18832
-0.9724841,-1.057389,-0.5565772,1.1426353,1.0577304,1.5585423,166166,0,0,18831
-0.9584877,-1.0564735,-0.55152726,1.1491256,1.0511398,1.5560861,166167,0,0,18830
-0.9651678,-1.060827,-0.5547764,1.1473398,1.0516806,1.5577312,166168,0,0,18829
-0.9745554,-1.0713058,-0.5770085,1.1668562,1.0701058,1.564403,166169,0,0,18828
-1.6426889,-1.8186148,-0.7964853,1.9945408,1.8186148,2.8407445,166170,0,0,18827
-1.8475648,-1.8769038,-0.5182754,1.7723819,1.743043,3.1434636,166172,0,0,18825
-0.42322114,-0.45158666,-0.41185153,0.37821907,0.38360813,0.38191926,166173,0,0,18824
-1.3348893,-1.5273659,1.7729934E-06,3.9660697,1.5271785,0.033321634,166174,0,0,18823
-1.4061539,-1.2642459,-0.88124686,1.4321791,1.2647274,0.9084418,166175,0,0,18822
-2.2299042,-7.0436583,-7.303583,12.088766,7.275012,7.015087,166176,0,0,18821
-5.276832,-9.944299,-9.911081,14.291147,9.623681,9.6568985,166177,0,0,18820
-3.1252239,-4.224302,-2.8726614,2.7405293,4.246649,2.9930918,166186,0,0,18814
1,1,1,-1,-1,-1,166187,0,0,18813
1,1,1,-1,-1,-1,166189,0,0,18811
-11.574399,-11.536986,-3.311534,11.518397,11.555809,15.988,166190,0,0,18810
-30.811527,-30.720654,-30.571999,30.854647,30.720095,50.49972,166191,0,0,18809
-1.9031252,-1.8672208,-1.157879,2.020139,2.056043,7.1517143,166193,0,0,18807
-2.9705307,-3.2153316,-0.7871487,3.4505322,3.2057314,5.633914,166195,0,0,18806
-1.7584237,-1.452204,-1.282572,1.4690734,1.7752931,2.0387707,166196,0,0,18805
-1.5074539,-1.6761594,-0.30500782,1.6429775,1.3581583,3.2670436,166197,0,0,18804
-1.9120809,-1.901263,-1.7232394,1.9120809,1.949327,2.1009223,166203,0,0,18801
1,1,1,-1,-1,-1,166204,0,0,18800
-1.5859886,-1.7228944,-3.3260257,1.5189066,1.8928969,3.343253,166205,0,0,18799
1,1,1,-1,-1,-1,166210,0,0,18796
-4.85817,-4.85817,-0.11668324,4.85817,4.85817,0.73928326,166211,0,0,18795
-0.020279825,-0.80692947,0.034621716,0.15458901,0.7125151,2.0324018,166212,0,0,18794
1,1,1,-1,-1,-1,166213,0,0,18793
-2.0165546,-0.9003154,-0.7785952,0.8278768,0.89471436,0.7759461,166214,0,0,18792
-1.9408913,-6.9042163,-6.917148,11.925478,6.962153,6.949221,166215,0,0,18791
-1.179308,-1.1754091,-1.14555,1.173952,1.177851,1.20771,166216,0,0,18790
-0.5386546,-0.5386546,-0.5386546,0.5386546,0.5386546,0.5386546,166217,0,0,18789
-12.746643,-12.661083,-9.121766,12.5,12.5,15.866645,166219,0,0,18787
-1.1616256,-1.1573014,-1.1324929,1.1573455,1.1616697,1.1864783,166221,0,0,18785
1,1,1,-1,-1,-1,166237,0,0,18783
-2.5786717,-2.6798851,-2.626925,2.5786717,2.4774582,2.5304184,166239,0,0,18781
1,1,1,-1,-1,-1,166240,0,0,18780
-26.122463,-26.76722,-22.689167,29.402353,28.25062,28.597216,166241,0,0,18779
-0.56137663,-0.51407075,-0.52210665,0.47527665,0.52258253,0.51454663,166254,0,0,18769
-0.6725282,-0.6714887,-0.6795264,0.67896503,0.68000454,0.67196685,166255,0,0,18768
-2.2220128,-2.2015882,0.054192193,2.2139993,2.234423,3.2430575,166273,0,0,18767
1,1,1,-1,-1,-1,166278,0,0,18765
1,1,1,-1,-1,-1,166280,0,0,18763
-4.661783,-4.507619,-3.0900621,5.1263065,4.928318,6.345875,166285,0,0,18761
-2.5857618,-2.6158166,0.5368395,2.62981,2.599755,2.4141443,166286,0,0,18760
-1.3050183,-1.3253479,-8.5670587E-07,1.2569757,1.3380723,2.8963677E-07,166288,0,0,18759
1,1,1,-1,-1,-1,166291,0,0,18755
-0.365283,-0.44673303,0.24928322,0.63569295,0.47291562,3.6826105,166292,0,0,18754
-1.1133789,-1.0235974,0,1.0984961,1.0595267,0.004667333,166293,0,0,18753
0,-1.4975677,-1.4975677,0,1.4975677,1.4975677,166294,0,0,18752
1,1,1,-1,-1,-1,166297,0,0,18751
-5.2697935,-4.832952,-5.227929,5.1860647,5.622906,5.227929,166301,0,0,18747
-9.494923,-9.245052,-9.016727,9.317228,9.567099,9.7954235,166302,0,0,18746
-1.2542884,-1.2422402,0.019230045,1.2439986,1.256047,0.019230051,166303,0,0,18745
-9.427895,-9.387879,-9.01641,9.383621,9.423636,9.795106,166304,0,0,18744
1,1,1,-1,-1,-1,166305,0,0,18743
-3.7964392,-3.8112059,-3.6230788,3.8144445,3.7996778,3.987805,166309,0,0,18739
-3.0013964,-3.3086605,-3.0763395,5.0430336,5.1050243,5.964714,166313,0,0,18738
-1.0104985,-1.0333518,-0.97087634,0.9898937,0.9670404,1.0346783,166314,0,0,18737
-1.7574832,-0.7003569,-0.6743128,0.26512334,0.6948423,0.70375556,166315,0,0,18736
-1.6190283,-1.0282565,-1.3808918,0.12185092,0.55612826,1.2428805,166316,0,0,18735
-3.8557441,-3.7885132,-1.8503947,3.7491038,3.8163347,7.1451416,166317,0,0,18734
-0.42579967,-0.05409668,-0.065200776,0.4544557,0.06427183,0.22600575,166318,0,0,18733
-0.3648351,-0.7635796,-0.08586894,0.3770281,0.8042235,2.6526046,166322,0,0,18732
-0.23067018,-0.34280455,-0.2876598,0.666948,0.36078975,0.35876295,166323,0,0,18731
1,1,1,-1,-1,-1,166324,0,0,18730
-1.8659762,-1.8659762,-1.8659762,1.8659762,1.8659762,1.8659762,166325,0,0,18729
1,1,1,-1,-1,-1,166326,0,0,18728
1,1,1,-1,-1,-1,166327,0,0,18727
1,1,1,-1,-1,-1,166328,0,0,18726
-0.72547984,-1.3357159,-1.2149466,0.7419711,1.3283316,1.2202636,166329,0,0,18725
-0.46558118,-0.8239018,-0.9303449,0.4891184,0.9248854,0.8851545,166330,0,0,18724
-1.1293519,-1.1448437,-1.1638583,1.1675172,1.1520253,1.1330107,166331,0,0,18723
1,1,1,-1,-1,-1,166332,0,0,18722
1,1,1,-1,-1,-1,166333,0,0,18721
-1.6819048,-1.6819048,-0.08115547,1.6819048,1.6819049,0.8845439,166334,0,0,18720
-0.62071514,-0.6153261,-0.62147737,0.62071514,0.6261042,0.6199529,166335,0,0,18719
-0.37821913,-0.43352282,-0.4396741,0.37821913,0.44430092,0.43814963,166336,0,0,18718
-0.62071514,-0.62071514,-0.62147737,0.62071514,0.62071514,0.6199529,166337,0,0,18717
-2.0072234,-2.01777,-0.08115547,2.007092,2.015715,1.9040623,166338,0,0,18716
-0.37821913,-0.43352282,-0.4396741,0.37821913,0.44430092,0.43814963,166339,0,0,18715
0,-1.6509248,-1.1597886,0,1.6509248,3.427865,166342,0,0,18714
1,1,1,-1,-1,-1,166348,0,0,18708
-0.3930383,-1.5111694,-2.4036481,1.737191,1.5111694,1.3189043,166349,0,0,18707
-8.0826645,-7.6602306,-8.427208,7.728526,8.15096,7.3839827,166350,0,0,18706
-0.356816,-12.827279,-11.425368,1.4900393,12.824024,14.22594,166351,0,0,18705
-1.2737743,-1.8234613,0.5950075,1.3186808,1.5584428,1.5833006,166353,0,0,18703
1,1,1,-1,-1,-1,166354,0,0,18702
-2.218012,-2.4457788,-2.4589531,2.218012,2.457531,2.4443572,166355,0,0,18701
-4.418194,-4.404023,-0.0199882,4.399856,4.41402,19.87855,166356,0,0,18700
-1.0175502,-1.2605312,-0.0032790962,1.4061905,1.3170109,3.2183368,166357,0,0,18699
-0.82579523,-0.77947974,0.05668676,1.4698006,0.98988533,2.5914285,166358,0,0,18698
1,1,1,-1,-1,-1,166359,0,0,18697
1,1,1,-1,-1,-1,166360,0,0,18696
-2.107889,-1.1668068,-0.11851612,0.49128294,1.056399,2.8707728,166361,0,0,18695
0.0009442487,-1.5834799,-1.5849339,0.00094612886,1.5863881,1.5849339,166362,0,0,18694
-0.6272148,-0.6272148,-0.002889216,0.6272148,0.6272148,1.9625741,166363,0,0,18693
-0.53865457,-0.53865457,-0.53865457,0.53865457,0.53865457,0.53865457,166367,0,0,18690
-0.34373245,-1.8349149,-1.8349149,0.34373245,1.8349149,1.8349149,166368,0,0,18689
-0.34373245,-1.1180555,-1.1180555,0.34373245,1.1180555,1.1180555,166369,0,0,18688
-1.6355152,-1.6355152,-1.6355152,1.6355152,1.6355152,1.6355152,166370,0,0,18687
-0.34373245,-5.7895193,-5.789519,0.34373245,5.7895193,5.789519,166371,0,0,18686
-0.070384294,-1.8214824,-1.7916913,0.070384294,1.7619003,1.7916913,166372,0,0,18685
-2.3760557,-1.090435,-1.0817039,1.1697699,1.1009189,1.3803082,166373,0,0,18684
-2.002709,-0.41662154,-0.4625502,1.9547029,0.84700835,0.8032614,166374,0,0,18683
-0.3360422,-0.40795687,-0.31626484,0.33604226,0.23876972,0.35230085,166375,0,0,18682
-1.4471533,-0.4183515,-0.46792066,1.3991474,0.45866162,0.34997427,166376,0,0,18681
-3.6693754,-0.73037815,-0.4573191,1.9547029,0.84520346,1.1903045,166377,0,0,18680
-1.4166671,-1.4166677,0.066705905,1.4166671,1.4166677,0.10292753,166378,0,0,18679
-0.53865457,-0.53865457,-0.53865457,0.53865457,0.53865457,0.53865457,166379,0,0,18678
1,1,1,-1,-1,-1,166380,0,0,18677
-0.53865457,-0.53865457,-0.53865457,0.53865457,0.53865457,0.53865457,166381,0,0,18676
-0.014962627,-0.3808863,-0.3808863,0.014962627,0.3808863,0.3808863,166382,0,0,18675
-1.2651415,-1.2651415,0.06670608,1.2651415,1.2651415,0.10292742,166383,0,0,18674
-0.42097318,-0.42097318,-0.42097318,0.42097318,0.42097318,0.42097318,166384,0,0,18673
-1.2754235,-1.2621348,-1.6336664,1.4868472,1.5001359,1.1286043,166385,0,0,18672
-0.020279825,-0.80692947,0.034621716,0.15458901,0.7125151,2.0324018,166387,0,0,18671
-9.104071,-9.137933,-9.477971,10.143177,10.109315,9.769277,166388,0,0,18670
-231.78468,-231.79103,-6.7412767,231.81308,231.80675,95.5318,166389,0,0,18669
-8.788412,-8.70316,-8.786673,8.791067,8.876319,8.792807,166390,0,0,18668
-9.355727,-10.768931,-10.856108,12.32583,10.912625,10.825449,166391,0,0,18667
-0.09856043,-1.6509248,-1.1613147,0.064487234,1.6509248,3.426339,166392,0,0,18666
-0.21372932,-0.52866554,-0.12329219,0.22938013,0.4545132,2.6526046,166397,0,0,18662
1,1,1,-1,-1,-1,166401,0,0,18658
-1.2593032,-1.310916,-0.99216914,1.2843572,1.2461332,1.5742851,166402,0,0,18657
1,1,1,-1,-1,-1,166403,0,0,18656
-0.13233414,-0.08514269,0.24464375,0.11396493,0.16115639,0.49094284,166404,0,0,18655
-1.0811902,-1.8228477,-0.7636868,1.1257418,1.7544627,3.4862177,166405,0,0,18654
-1.4282854,-2.13883,-1.2631637,2.4341168,1.9794534,3.1141992,166406,0,0,18653
-1.1908362,-1.2251071,-0.9641348,1.2384081,1.2041372,1.4651095,166411,0,0,18648
-0.25762326,-0.25774953,-0.25753164,0.2576232,0.25774953,0.25753185,166412,0,0,18647
-9.664047,-6.1564546,-0.087843075,6.3351145,11.213161,23.880613,166414,0,0,18645
-1.3276898,-1.3581231,-0.83969754,1.3641042,1.3336709,1.8520963,166415,0,0,18644
-1.2519178,-1.2268914,0.060018092,1.2202286,1.2452549,3.3191955,166417,0,0,18643
-2.3596144,-2.4058516,-2.3807018,2.4520888,2.4058516,2.4310014,166419,0,0,18642
-1.9981256,-1.986251,-1.9719411,1.9743764,1.986251,2.0005608,166420,0,0,18641
-2.3145857,-2.262981,-2.340281,2.2621737,2.3076758,2.2106507,166421,0,0,18640
0.0055741454,-1.4139808,2.1068144,0.1786628,1.4126488,3.937395,166425,0,0,18639
-0.4662565,-0.5085903,-0.68756396,0.10365319,0.52327204,0.6978507,166426,0,0,18638
1,1,1,-1,-1,-1,166427,0,0,18637
-0.8961868,-0.9019962,-0.89577293,0.89535904,0.8895497,0.89577293,166428,0,0,18636
-2.2627313,-2.0991068,-1.1386151,2.4291837,1.7036158,3.123259,166429,0,0,18635
1,1,1,-1,-1,-1,166430,0,0,18634
-1.1940287,-1.1966718,-1.195393,1.3118266,1.1961282,1.1974071,166431,0,0,18633
0.075827174,-0.29797974,-0.2777778,0.075827256,0.25757584,0.2777778,166432,0,0,18632
-0.022657188,-0.08384142,-0.1795954,0.20684353,0.19989662,0.10909033,166434,0,0,18631
1,1,1,-1,-1,-1,166437,0,0,18629
-2.308549,-1.7340487,0.7796654,2.763553,1.7166692,1.6784097,166438,0,0,18628
1,1,1,-1,-1,-1,166440,0,0,18626
-4.7760525,-4.4712005,-3.5434544,4.834792,5.139644,6.0673904,166441,0,0,18625
-4.730401,-4.9085126,-3.7230563,5.4934893,5.3153777,6.500834,166442,0,0,18624
-0.7387998,-0.9070352,-1.1705894,2.223168,0.9414981,1.7997962,166443,0,0,18623
-0.983457,-0.983457,-0.983457,0.983457,0.983457,0.983457,166452,0,0,18622
-0.89493924,-0.81876165,-0.11213343,0.36501205,0.8170678,1.4568906,166453,0,0,18621
-1.5528255,-1.5509974,-0.98997444,1.5593014,1.5611295,2.145234,166457,0,0,18620
-0.8767326,-0.8767326,0.4745816,0.8767326,0.8767326,2.228047,166463,0,0,18619
-8.066276,-8.06895,-1.4224806,8.133723,8.131049,16.263264,166464,0,0,18618
-5.3471975,-5.32593,-1.4224803,5.3361397,5.357407,10.715348,166465,0,0,18617
-3.7686632,-3.7699397,-3.7476645,3.7679036,3.766627,3.7889023,166466,0,0,18616
-1.3523858,-2.2056043,-2.8029203,2.9190092,1.9191824,3.277929,166467,0,0,18615
-0.38738638,-0.27859244,0.08345264,0.33598414,0.583234,1.8840483,166468,0,0,18614
-1.5146987,-0.91601026,-0.91144687,0.30571425,0.90440273,0.9089661,166469,0,0,18613
-0.6398496,-0.7645386,-0.97414035,0.538294,0.7645386,0.9924885,166470,0,0,18612
0,-1.4975677,-1.4975677,0,1.4975677,1.4975677,166471,0,0,18611
-0.21864466,-0.5778749,-0.5646501,0.22386792,0.5168867,0.54351354,166488,0,0,18610
-0.4959029,-0.49596474,-0.4926765,0.4959029,0.49584106,0.4991293,166492,0,0,18607
-1.7664545,-2.1881351,-2.139071,1.3817599,2.1424956,2.1915596,166496,0,0,18605
-0.4959029,-0.51897144,-0.4926765,0.4959029,0.49584106,0.4991293,166497,0,0,18604
-3.7285929,-6.6642365,-6.6313543,3.7285929,6.6629996,6.6958823,166498,0,0,18603
-1.8007462,-1.6770171,-0.14612089,1.6089604,1.7088029,2.7140105,166499,0,0,18602
-1.0197896,-0.9482685,0.8154135,1.0104182,0.9855563,1.4387594,166500,0,0,18601
-7.812286,-7.918847,0,7.962987,7.8880057,9.225676,166502,0,0,18599
1,1,1,-1,-1,-1,166504,0,0,18597
-0.9968747,-0.9974285,-1,0.9968747,0.9974285,1,166505,0,0,18596
-3.3053937,-3.3021195,-1.4224803,3.3282404,3.3315146,6.783944,166508,0,0,18593
-0.27839366,-0.28023395,0.13902977,0.27839366,0.27655336,1.1734036,166509,0,0,18592
-3.345222,-3.321631,-1.4224803,3.342564,3.3661551,6.81102,166510,0,0,18591
-0.27839366,-0.28023395,0.13902977,0.27839366,0.27655336,1.1734036,166511,0,0,18590
1,1,1,-1,-1,-1,166512,0,0,18589
-0.81373113,-1.3242891,-0.69004935,0.44682467,1.1629854,0.9741765,166513,0,0,18588
-0.92708,-1.5797846,-0.07142215,0.70784676,1.6416217,3.0191154,166514,0,0,18587
-3.7396388,-3.7066183,-2.7895858,3.5476384,3.89739,4.9288225,166516,0,0,18585
-12.612687,-13.345222,0.13852352,12.612687,13.345222,0.2777778,166518,0,0,18583
-1.604873,-3.0569978,-1.3250288,1.3911557,2.93506,3.8642452,166519,0,0,18582
0,-1.8957926,-0.20423917,0.25865677,1.9052769,2.4581735,166522,0,0,18580
-4.5544558,-4.5577273,-4.5670676,4.560999,4.5577273,4.548387,166523,0,0,18579
-0.48252693,-1.0101249,-0.478128,0.48252693,1.013238,0.48692587,166524,0,0,18578
1,1,1,-1,-1,-1,166525,0,0,18577
-0.52160937,-0.51622033,-0.5223716,0.52160937,0.5269984,0.52084714,166526,0,0,18576
0,-0.58588237,-0.57704556,0.15107788,0.6134483,0.5828887,166527,0,0,18575
-1.1896144,-1.1134098,-0.52807325,1.2181739,1.226014,1.7237198,166528,0,0,18574
-0.50789946,-0.26167196,-0.295229,0.36251348,0.608741,0.575184,166529,0,0,18573
-0.46762002,-0.23966525,-0.25749254,0.35421294,0.5821677,0.5643404,166530,0,0,18572
1,1,1,-1,-1,-1,166531,0,0,18571
1,1,1,-1,-1,-1,166534,0,0,18569
-1.7697428,-1.9619508,-1.8067538,1.7697428,1.7076977,1.7439885,166536,0,0,18567
-1.1514162,-0.9421789,-0.7865563,0.7277739,0.9370112,1.0926338,166537,0,0,18566
0,-1.4975677,-1.4975677,0,1.4975677,1.4975677,166538,0,0,18565
-2.6289186,-2.6458411,0.11499882,2.5168505,2.499928,5.260768,166539,0,0,18564
0,-1.6509248,-1.1597886,0,1.6509248,3.427865,166540,0,0,18563
0,-1.6509248,-2.2724261,0,1.6509248,2.3152275,166541,0,0,18562
-0.80257404,-0.8126328,-0.8114924,0.8150718,0.80501306,0.8061535,166542,0,0,18561
1,1,1,-1,-1,-1,166543,0,0,18560
-3.6084282,-3.706998,0.005070704,3.8056033,3.7070088,0.040356703,166544,0,0,18559
0,-0.53173333,0.0016992461,0,0.5121298,1.0935111,166545,0,0,18558
-0.493514,-0.95927125,0.07254943,0.493514,0.95927125,1.9910914,166546,0,0,18557
-28.271713,-28.271713,-5.76144,28.271713,28.271713,6.460664,166547,0,0,18556
-1.1876659,-2.436191,-0.18843314,2.573845,2.4431639,3.3969738,166549,0,0,18554
0.6575226,-2.6921759,0.11458202,2.3675709,2.3665729,2.247266,166550,0,0,18553
1.0110147,-1.2079461,0.44059625,1.729434,1.0357453,2.5161786,166551,0,0,18552
-9.988765,-9.936179,-0.08784306,9.972446,11.167505,23.30952,166554,0,0,18550
-1.0639341,-1.0487939,0.048392087,1.0631357,1.0782759,0.12222934,166557,0,0,18548
1,1,1,-1,-1,-1,166558,0,0,18547
-1.5871637,-1.9494798,-0.58361506,1.4221194,1.9502611,3.469973,166559,0,0,18546
-0.24574848,-0.06400726,-0.4125052,0.7257845,0.06398353,0.40876883,166560,0,0,18545
-0.023989923,-0.6108493,0.3596083,0.023989923,0.6105183,1.5809758,166561,0,0,18544
-0.22909403,-0.062419977,-0.3620206,0.9865573,0.06438339,0.23629124,166563,0,0,18542
-0.14398785,-0.14150085,-0.14663947,0.14398785,0.15710159,0.2195713,166564,0,0,18541
-0.20959938,-0.29096025,-0.39643782,0.54199904,0.1731248,0.33020413,166565,0,0,18540
-1.9428667,-1.9470474,-0.7753651,1.9427851,1.9386045,3.1102867,166566,0,0,18539
-0.29458246,-0.10288887,-0.20412433,0.7170992,0.10412844,0.20124118,166567,0,0,18538
-0.18257993,-0.18257993,-0.18257993,0.18257993,0.18257993,0.18257993,166568,0,0,18537
-0.51832795,-0.51407003,-0.52210593,0.51832795,0.52258587,0.51455,166570,0,0,18535
-0.36197153,-0.11360112,-0.17465883,0.33833206,0.2161272,0.24997891,166571,0,0,18534
-7.939115,-5.9190445,-0.30326232,3.9627504,6.271806,7.330414,166575,0,0,18530
-7.939115,-5.9190445,-0.30326232,3.9627504,6.271806,7.193972,166576,0,0,18529
-0.29550582,-0.019041743,-0.092779286,0.29600206,0.019041743,0.09327877,166579,0,0,18526
-0.030524654,-0.8254722,0.0021861196,0.16641207,0.7786942,2.057221,166582,0,0,18523
1,1,1,-1,-1,-1,166583,0,0,18522
-0.48621672,-0.48532477,-0.46427733,0.49077326,0.4916652,0.78645647,166584,0,0,18521
-0.5067719,-1.9740429,-0.48953974,0.48813382,1.9724685,0.9630104,166585,0,0,18520
-0.5067719,-1.9740429,-0.48953974,0.49077326,1.9724685,2.0145516,166586,0,0,18519
-7.1989264,-7.2006097,-4.5104656E-07,7.2343564,7.232673,19.843866,166590,0,0,18518
-3.8186755,-3.79307,-1.9760453,3.7952602,3.8208644,13.888887,166593,0,0,18515
-0.9866874,-0.9142462,-0.10846883,0.93439424,1.0068355,1.8126128,166594,0,0,18514
-0.15252803,-0.09155711,-0.17735118,0.15252803,0.10297098,0.15653788,166595,0,0,18513
1,1,1,-1,-1,-1,166597,0,0,18511
-0.68862444,-0.37616634,-0.45219412,0.42300704,0.3661168,0.43648252,166598,0,0,18510
-1.6420352,-1.4128654,-1.823413,1.4299554,1.3933417,1.7667568,166599,0,0,18509
1,1,1,-1,-1,-1,166602,0,0,18506
-0.3648351,-0.8189807,-0.12329219,0.3770281,0.7488225,2.6526046,166603,0,0,18505
-1.2416126,-1.2397847,-1.3597463,1.248089,1.2499168,1.2834961,166604,0,0,18504
-0.5372576,-0.5318686,-0.53801984,0.5372576,0.54264665,0.5364954,166605,0,0,18503
-0.06777258,-1.7193322,-1.7325063,0.06777258,1.7310846,1.7179105,166607,0,0,18502
1,1,1,-1,-1,-1,166608,0,0,18501
-0.06777258,-1.7193322,-1.7325063,0.06777258,1.7310846,1.7179105,166609,0,0,18500
-8.445219,-6.816104,-2.5182157,6.854627,8.483743,12.781631,166610,0,0,18353
-26.284718,-26.329212,-23.298607,27.061764,27.01727,30.047874,166611,0,0,18352
-2.7702959,-2.6771712,-0.61246467,2.7023294,2.795454,4.860161,166612,0,0,18351
-27.453306,-52.834404,-53.45194,78.92541,53.54431,52.926777,166613,0,0,18350
-2.4048264,-2.403076,-2.3901398,2.4034193,2.4051697,2.4181058,166614,0,0,18349
0,-0.58588237,-0.57704556,0.15107788,0.6134483,0.5828887,166615,0,0,18348
-1.1896144,-1.1134098,0,1.2181739,1.226014,1.6075263,166616,0,0,18347
-3.9638355,-3.951023,-1.1340867,3.9446568,3.9574692,5.475342,166623,0,0,18340
-1.9741226,-1.9741226,-0.68094456,1.9741226,1.9741226,3.2673006,166624,0,0,18339
-1.484246,-1.1570379,-0.10319138,1.2555729,1.1970268,3.7041728,166625,0,0,18338
-1.3745477,-1.0078405,-0.25369066,1.2555729,1.153078,3.3395894,166626,0,0,18337
-25.682467,-26.20811,-22.321308,25.469778,24.944134,28.830936,166629,0,0,18335
0.012115657,-1.8688415,-1.2747515,0.7516836,1.8688415,3.5284727,166631,0,0,18333
-8.490794,-5.3644533,-4.8814635,2.2390926,5.3654337,5.8484235,166634,0,0,18331
-0.493514,-0.95927125,0.07254943,0.493514,0.95927125,1.9910914,166636,0,0,18330
-0.9823191,-0.5870692,-0.78156924,1.1628776,0.6082282,1.1921314,166637,0,0,18329
0,-0.753547,-0.064147316,0,0.7348157,0.99238473,166638,0,0,18328
1,1,1,-1,-1,-1,166639,0,0,18327
-0.6379042,-0.6336463,-0.641684,0.6379042,0.64216214,0.63412446,166640,0,0,18326
-22.561855,-22.541412,0.023531197,22.510391,22.555128,1.5472633,166642,0,0,18325
-0.9723558,-1.9446222,-1.7113649,0.9880581,1.9446884,1.6841714,166643,0,0,18324
1,1,1,-1,-1,-1,166644,0,0,18323
1,1,1,-1,-1,-1,166645,0,0,18322
-11.299872,-11.30056,-11.294175,11.299872,11.299185,11.30557,166646,0,0,18321
-1.1453375,-1.2447004,-0.4308074,1.012992,1.2320627,0.48712984,166647,0,0,18320
-0.5386546,-0.5386546,-0.5386546,0.5386546,0.5386546,0.5386546,166648,0,0,18319
1,1,1,-1,-1,-1,166649,0,0,18318
1,1,1,-1,-1,-1,166650,0,0,18317
-0.29303876,-0.10834104,-0.11569823,0.16519673,0.10716838,0.09653697,166654,0,0,18316
-0.29303876,-0.10834104,-0.11569823,0.16519676,0.10716838,0.09653697,166655,0,0,18315
-2.5146482,-2.553441,-0.44340643,2.5146482,2.553441,0.44340643,166656,0,0,18314
-1.4157515,-1.7697474,-2.1843014,1.5794377,1.7107626,1.5826784,166657,0,0,18313
-59.781548,-59.798042,0.03332163,59.791595,59.7751,0.033321716,166658,0,0,18312
-0.9481295,-0.9481295,0.1667915,0.9481295,0.9481295,2.0630505,166659,0,0,18311
-2.0692408,-4.007944,-11.052836,1.6010281,3.3325944,3.7669208,166661,0,0,18309
0.41970244,-0.83116037,-0.8028683,0.84972507,0.83116037,0.80286825,166663,0,0,18308
0.41970244,-0.83116037,-0.8028683,0.84972507,0.83116037,0.80286825,166664,0,0,18307
1,1,1,-1,-1,-1,166665,0,0,18306
-1.6879255,-1.6248131,-1.6952019,1.6624542,1.7255666,1.6551778,166666,0,0,18305
-0.81759924,-0.9144704,-0.0451267,0.7965326,0.9081221,3.9634275,166667,0,0,18304
-2.6035342,-2.1389246,-1.838299,2.0131745,2.2225723,4.11255,166672,0,0,18303
-1.1182983,-1.1162468,-1.0678377,1.1287785,1.1308299,1.4529828,166674,0,0,18301
-57.859978,-57.859978,-17.334358,57.859978,57.859978,18.283607,166675,0,0,18300
-1.8727793,-5.6448174,0.05715391,4.911527,5.0911756,30.279816,166677,0,0,18298
-3.2546692,-5.816736,0.053433802,4.9368105,5.1567082,30.497725,166678,0,0,18297
-0.33259258,-0.6902285,-0.2150723,2.0969436,0.9486981,2.491455,166679,0,0,18296
-1.2489437,-1.2239174,-0.6813592,1.2172544,1.2422808,2.6103005,166682,0,0,18294
1,1,1,-1,-1,-1,166685,0,0,18292
-4.0209866,-4.0039563,-2.7651713,4.0090685,4.0260987,5.264884,166690,0,0,18291
1,1,1,-1,-1,-1,166691,0,0,18290
-2.4719405,-2.3101532,-1.7834113,2.0653634,2.0639322,3.7862818,166692,0,0,18289
1,1,1,-1,-1,-1,166694,0,0,18287
-2.0399761,-2.4234254,-1.1338537,1.9228507,1.8439244,4.0537205,166695,0,0,18286
1,1,1,-1,-1,-1,166696,0,0,18285
1,1,1,-1,-1,-1,166697,0,0,18284
-5.36377,-5.372423,-1.4224806,5.374924,5.366271,10.730307,166698,0,0,18283
1,1,1,-1,-1,-1,166699,0,0,18282
-1.4472533,-1.406611,-1.406611,-0.8352552,1.406611,1.406611,166700,0,0,18281
-1.5389404,-1.5630082,0.03891705,1.538941,1.5148733,0.0727276,166701,0,0,18280
0.41970244,-0.83116037,-0.8028683,0.84972507,0.83116037,0.80286825,166702,0,0,18279
-1.6254448,-1.6230264,-0.7959185,1.630762,1.6331804,2.826064,166703,0,0,18278
-1.9946436,-2.0140707,-29.696419,2.0518858,1.9692883,29.44925,166704,0,0,18277
-1.9261123,-1.9307904,-0.95250106,2.207437,2.2027588,3.1810482,166705,0,0,18276
-1.1819963,-1.1334763,0,1.1671133,1.1723655,0,166707,0,0,18275
-1.4444441,-1.4700685,-0.9330274,1.4444448,1.4188203,1.488583,166708,0,0,18274
-6.0319347,-5.729506,-2.690422,5.801306,6.1037345,9.142818,166709,0,0,18273
-0.5371369,-0.5803163,-0.589641,0.6505784,0.607399,0.5980743,166731,0,0,19120
-2.4602137,-2.4981666,-0.4338044,2.4602137,2.4981666,0.4338044,166732,0,0,19119
-1.8186663,-1.8186668,-5.492222E-07,1.8186663,1.8186668,5.492222E-07,166733,0,0,19118
-2.345541,-2.3527095,0.022083716,2.331824,2.3246558,0.45290014,166734,0,0,19117
-2.7075691,-2.7147377,0.022083716,2.6938522,2.6866834,1.1884273,166735,0,0,19116
-2.1392336,-2.1464021,-0.7700471,2.1255167,2.1183481,0.9882179,166736,0,0,19115
-2.1369047,-2.1485112,0.22244848,2.127663,2.1160564,0.6313551,166737,0,0,19114
-11.430378,-5.890287,-3.7771063,0.20551297,4.1662765,3.7964,166739,0,0,19113
-4.85817,-4.85817,-0.11668324,4.85817,4.85817,0.73928326,166743,0,0,19110
-0.28420678,-0.055894613,-0.064299434,0.5551286,0.055669863,0.06452412,166744,0,0,19109
-11.775708,-13.100204,-11.973681,12.63165,11.307155,12.433677,166759,0,0,19108
-9.798266,-15.978896,-7.9622817,7.3855367,9.622721,7.9051995,166760,0,0,19107
-4.248798,-1.6051543,0.6179149,2.1402042,2.4063797,4.63951,166761,0,0,19106
-0.6633832,-66.77899,-4.907654,0.6633832,66.78015,4.905689,166762,0,0,19105
-0.31761092,-0.3449518,-0.09285268,0.35580432,0.3675244,0.42186034,166763,0,0,19104
1,1,1,-1,-1,-1,166764,0,0,19103
1,1,1,-1,-1,-1,166766,0,0,19102
-1.0684459,-0.3170698,-0.41594273,0.42702806,0.4197484,0.42593223,166767,0,0,19101
-2.2366288,-2.286336,-0.1526786,2.2995715,2.2498643,7.954884,166769,0,0,19099
-4.6178555,-4.613976,0.020413931,4.607707,4.6239734,13.364554,166772,0,0,19096
-4.6178555,-4.613976,0.020413931,4.607707,4.6239734,13.364554,166774,0,0,19094
0.92883754,-0.8535732,0.39947408,0.92883813,0.85357314,2.1066058,166775,0,0,19093
-4.6178555,-4.613976,0.020413931,4.607707,4.6239734,13.364554,166776,0,0,19092
-4.6178555,-4.613976,0.020413931,4.607707,4.6239734,13.364554,166778,0,0,19090
-4.6178555,-4.613976,0.020413931,4.607707,4.6239734,13.364554,166779,0,0,19089
-4.6153903,-4.6139765,-0.00045175626,4.6046257,4.623974,14.145642,166781,0,0,19087
-1.0639341,-1.0487939,0.048392087,1.0631357,1.0782759,2.6005924,166782,0,0,19086
-0.28205106,-0.6455192,-0.45023897,0.28205106,0.6424806,1.6716402,166783,0,0,19085
-1.3345337,-1.3974375,-1.3911958,1.3619006,1.4342883,1.3928823,166784,0,0,19084
-15.135261,-12.942744,-0.6330398,15.135261,12.942744,5.1007166,166786,0,0,19082
-0.49351397,-0.95927125,0.07254945,0.49351397,0.95927125,1.9910916,166788,0,0,19081
1,1,1,-1,-1,-1,166790,0,0,19079
-14.736332,-14.780174,-1.495933,14.774124,14.730282,30.36214,166791,0,0,19078
-1.148219,-1.1557379,-0.21520911,1.1439449,1.1636366,4.945125,166794,0,0,19075
1,1,1,-1,-1,-1,166795,0,0,19074
1,1,1,-1,-1,-1,166796,0,0,19073
1,1,1,-1,-1,-1,166797,0,0,19072
1,1,1,-1,-1,-1,166798,0,0,19071
1,1,1,-1,-1,-1,166799,0,0,19070
1,1,1,-1,-1,-1,166800,0,0,19069
1,1,1,-1,-1,-1,166801,0,0,19068
1,1,1,-1,-1,-1,166805,0,0,19064
1,1,1,-1,-1,-1,166806,0,0,19063
1,1,1,-1,-1,-1,166807,0,0,19062
-2.2017527,-2.196758,-1.1190621,2.1177492,2.1227438,3.20044,166808,0,0,19061
1,1,1,-1,-1,-1,166809,0,0,19060
1,1,1,-1,-1,-1,166810,0,0,19059
1,1,1,-1,-1,-1,166811,0,0,19058
1,1,1,-1,-1,-1,166812,0,0,19057
-0.3429342,-0.23966391,-0.23322558,0.011328972,0.23421012,0.24064067,166817,0,0,19052
-0.20574448,-1.8996483,-1.2663885,1.7116107,1.8209413,2.454202,166818,0,0,19051
-0.4918589,-0.98777896,-0.81421226,0.49604952,0.98188764,0.8967883,166819,0,0,19050
-1.0582093,-1.0828185,0.012274474,1.0838813,1.0772829,3.4011357,166820,0,0,19049
1,1,1,-1,-1,-1,166822,0,0,19047
-0.356816,-12.593477,-11.202134,1.4900393,12.590222,13.981576,166823,0,0,19046
-2.218012,-2.4457788,-2.4589531,2.218012,2.457531,2.4443572,166824,0,0,19045
0,-1.6509248,-1.1597886,0,1.6509248,3.427865,166827,0,0,19043
-2.3647213,-2.226997,-0.41222444,2.648298,2.4432788,3.9932268,166828,0,0,19042
1,1,1,-1,-1,-1,166829,0,0,19041
-2.218012,-2.4457788,-2.4589531,2.218012,2.457531,2.4443572,166830,0,0,19040
-1.207191,-1.7481432,-0.5977868,1.3085176,1.4713632,1.9459265,166831,0,0,19039
1,1,1,-1,-1,-1,166832,0,0,19038
1,1,1,-1,-1,-1,166833,0,0,19037
1,1,1,-1,-1,-1,166834,0,0,19036
1,1,1,-1,-1,-1,166835,0,0,19035
1,1,1,-1,-1,-1,166836,0,0,19034
1,1,1,-1,-1,-1,166841,0,0,19030
-0.48559323,-2.3858688,-0.73564386,1.0724691,2.1962247,3.8486736,166842,0,0,19029
-0.48559323,-2.3858688,-0.73564386,1.0724691,2.1962247,3.8486736,166843,0,0,19028
-3.1252239,-5.0001493,-2.8726614,2.7405293,5.022496,2.9930918,166844,0,0,19027
-0.751888,-0.7519498,-0.7486616,0.751888,0.75182617,0.7551144,166845,0,0,19026
1,1,1,-1,-1,-1,166875,0,0,19025
-2.7635527,-1.7166696,0.7613044,2.3085494,1.734049,1.6784098,166877,0,0,19024
-0.7757899,-91.1842,-7.7311053,0.7757899,91.18535,7.7359805,166878,0,0,19023
-0.48433346,-0.23329557,-0.450713,0.14847174,0.23643929,0.2582471,166881,0,0,19022
-0.14847174,-0.2364393,-0.450713,0.48433346,0.23329554,0.2582471,166882,0,0,19021
1,1,1,-1,-1,-1,166890,0,0,19020
-0.27013293,-0.59446776,-0.27812636,0.27013293,0.3984807,1.6556356,166891,0,0,19019
1,1,1,-1,-1,-1,166892,0,0,19018
1,1,1,-1,-1,-1,166893,0,0,19017
-2.0821683,-1.1270123,-0.07246098,0.82718337,1.1270124,1.4029913,166896,0,0,19016
-16.78837,-13.570702,-14.978235,13.073966,13.654358,14.002911,166897,0,0,19015
1,1,1,-1,-1,-1,166898,0,0,19014
1,1,1,-1,-1,-1,166899,0,0,19013
-4.2431254,-4.2431254,0,4.2431254,4.2431254,5.8439315E-07,166900,0,0,19012
1,1,1,-1,-1,-1,166901,0,0,19011
1,1,1,-1,-1,-1,166902,0,0,19010
1,1,1,-1,-1,-1,166912,0,0,19004
-4.1379604,-3.9595222,-2.578498,3.6579974,3.8364358,5.21746,166913,0,0,19003
1,1,1,-1,-1,-1,166922,0,0,18998
0,-1.4975677,-1.4975677,0,1.4975677,1.4975677,166923,0,0,18997
-1.7100433,-2.1110673,-0.7501757,1.7430547,2.3553774,1.1661153,166924,0,0,18996
-2.1816154,-2.1110673,-0.7501757,2.2146268,2.3553774,0.9399903,166925,0,0,18995
-9.099584,-8.991381,-8.74112,9.103826,9.2120285,9.462289,166927,0,0,18993
-0.97867656,-0.87470055,-0.30351448,0.76162016,0.8655962,1.4367822,166930,0,0,18992
-1.9741223,-1.9741223,-0.6809442,1.9741223,1.9741223,3.2673004,166931,0,0,18991
1,1,1,-1,-1,-1,166932,0,0,18990
-5.338432,-5.3301945,-1.4224803,5.33734,5.3455772,10.715302,166934,0,0,18989
-0.14098808,-0.13855289,-0.1435845,0.14098808,0.15382862,0.21499689,166935,0,0,18988
-0.06888915,-0.015125323,-0.06697147,0.40591758,0.015289134,0.22665569,166936,0,0,18987
-0.21640807,-0.05638712,-0.18672438,0.57519656,0.056890957,0.2249313,166938,0,0,18986
-0.24222074,-0.017702935,-0.10824655,0.347979,0.020380553,0.15688516,166939,0,0,18985
-2.439535,-2.372225,-2.565874,1.7891262,2.4068236,3.077011,166944,0,0,18981
-1.5355989,-8.834054,-10.640993,48.091034,9.859054,2.1470253,166945,0,0,18980
0,-1.1219636,-0.20423917,0.15576777,1.0536636,2.4581735,166950,0,0,18978
1,1,1,-1,-1,-1,166951,0,0,18977
-0.53321224,-0.59700954,-0.57635087,0.6466537,0.5828564,0.6035151,166952,0,0,18976
-15.367618,-15.325027,-15.748115,15.144443,15.187033,14.763946,166973,0,0,18975
-6.841173,-5.955403,-0.5322075,8.146043,10.10777,30.444637,166980,0,0,18974
-3.2084055,-3.148535,-1.5854983,3.1456528,3.2055233,4.76856,166981,0,0,18973
-0.89064354,-59.798042,-59.75322,0.90069336,59.7751,59.81986,166982,0,0,18972
-0.09761899,-4.9304037,1.2808279,6.764612,4.9437184,3.525707,166985,0,0,18971
1,1,1,-1,-1,-1,166986,0,0,18970
-0.5439573,-0.54395723,0.21726865,0.5439571,0.5439573,0.50536495,166988,0,0,18969
-0.38602754,-0.38498807,-0.39302576,0.39246443,0.3935039,0.38546622,166991,0,0,18967
-1.2875344,-1.2977904,-1.0235201,2.3391595,1.2977904,3.824752,166993,0,0,18965
-1.7515546,-2.3571615,-2.070865,2.781908,2.176301,4.642357,166994,0,0,18964
-2.3006542,-2.287842,-1.134087,2.2814758,2.294288,5.475342,166995,0,0,18963
1,1,1,-1,-1,-1,166996,0,0,18962
-0.7757899,-187.31334,-15.883987,0.7757899,187.31448,15.888863,167003,0,0,18955
-0.05439083,-1.8604957,0.74101603,2.4677832,2.4994047,1.538403,167004,0,0,18954
0.51817274,-3.326541,0.98624307,3.8750193,2.476196,2.047512,167005,0,0,18953
-0.22662123,-0.1497263,-0.13461871,0.10726783,0.14493522,0.08243925,167090,0,0,18951
1,1,1,-1,-1,-1,167092,0,0,18950
-0.0084505435,-0.4218578,0.0755,0.09165289,0.4192083,0.77238894,167093,0,0,18949
-2.4480004,-2.3538542,-3.6465788,2.2666452,2.3607912,11.872057,167094,0,0,18948
-1.5938662,-1.571263,-0.17516364,1.5497944,1.586287,-0.018818758,167112,0,0,18947
1.1232268,-0.95316404,0.04708165,1.1283796,0.89491975,2.2173753,167113,0,0,18946
1,1,1,-1,-1,-1,167114,0,0,18945
-1.0197896,-0.96105987,0.8108905,1.0104182,0.9855563,1.4432825,167115,0,0,18944
0,-0.753547,-0.064147316,0,0.7348157,0.99238473,167117,0,0,18942
-1.7799218,-1.8403081,-2.103749,1.9338301,1.907979,2.3515024,167118,0,0,18941
-6.3503404,-6.5166287,-1.1069942,6.3595343,6.5200896,2.8460655,167120,0,0,18940
-0.29082456,-0.42322347,-0.42827952,0.8719974,0.43820718,0.43315113,167128,0,0,18939
-0.39407572,-0.38857448,-0.17934485,0.3521831,0.35749513,0.6138015,167130,0,0,18937
-1.1385044,-0.09118811,-0.23303814,0.5811464,0.11519827,0.09884196,167132,0,0,18936
-20.39723,-20.800669,-16.143867,20.654577,20.251139,24.90794,167134,0,0,19121
-2.1219473,-2.1219473,-0.69740534,2.1219473,2.1219473,3.5464892,167135,0,0,18935
-1.0689198,-1.0715227,-1.0708506,1.0727817,1.0701787,1.0708508,167139,0,0,18933
-1.6427561,-1.6698438,-1.1072756,1.5473102,1.5202225,2.0827909,167140,0,0,18932
-3.324103,-3.3145225,1.0142877,4.2457623,3.982044,2.9585009,167141,0,0,18931
-1.0334632,-1.1483936,-0.23273161,0.4946554,1.1451939,2.4166107,167143,0,0,18930
-1.1667407,-1.2549634,-1.6695305,1.3419144,1.146305,1.8392113,167144,0,0,18929
-0.96843064,-1.0746576,-0.30416644,0.46051842,1.072034,2.2259588,167147,0,0,18926
-2.46253,-2.5060418,0.2060759,2.485308,2.441796,5.1539135,167150,0,0,18924
1,1,1,-1,-1,-1,167151,0,0,18923
-0.6153891,-0.6153891,-0.6153891,0.6153891,0.6153891,0.6153891,167152,0,0,18922
1,1,1,-1,-1,-1,167170,0,0,18905
1,1,1,-1,-1,-1,167171,0,0,18904
-0.56137663,-0.51407075,-0.52210665,0.47527665,0.52258253,0.51454663,167174,0,0,18902
-2.8557823,-2.9796402,0.039952755,2.8937347,2.7698767,5.7894697,167175,0,0,18901
-2.1794608,-2.179461,-2.1862004,2.1794608,2.179461,2.1862004,167177,0,0,18900
-1.609201,-1.6079097,0.014735411,1.6072613,1.6085526,0.014735414,167178,0,0,18899
-1.555315,-1.481208,-0.038649797,1.4255407,1.467744,2.6065392,167183,0,0,18896
-1.2585474,-1.2303231,1.0270375,1.1809338,1.2067912,1.5480758,167184,0,0,18895
-0.49351397,-0.95927125,0.07254945,0.49351397,0.95927125,1.9910916,167189,0,0,18892
0,-0.5830725,-0.57584375,0.15107788,0.6120749,0.59480715,167194,0,0,18890
-1.1896143,-1.1741773,0,1.2181739,1.2260139,1.6075265,167195,0,0,18889
-1.8751644,-1.8499562,-1.4112961,2.1183937,2.143602,2.582262,167196,0,0,18888
-3.1060882,-3.2267387,-2.115219,3.2042994,3.083861,4.1951685,167199,0,0,18886
-2.146625,-2.1690426,-0.86212236,1.3247085,1.3261925,1.1210487,167200,0,0,18885
-1.6611363,-0.8726247,-0.86212224,2.0627148,2.159263,1.1210486,167201,0,0,18884
-0.037700914,-0.8377562,-0.11697286,0.78732806,0.8377564,0.11697286,167202,0,0,18883
-1.0639341,-1.0487939,0.048392087,1.0631357,1.0782759,0.12222934,167211,0,0,19128
-1.7664543,-1.8611623,-1.8120981,1.3817598,1.8155228,1.864587,167212,0,0,19127
-0.4959029,-0.5239908,-0.4926765,0.4959029,0.49584106,0.4991293,167213,0,0,19126
-0.4959029,-0.49596474,-0.4926765,0.4959029,0.49584106,0.4991293,167214,0,0,19125
1,1,1,-1,-1,-1,167229,0,0,19122
-1.4785899,-0.12897126,0,0.11871086,1.4468719,1.6033312,189077,0,0,13733
-5.06569,-16.795193,-3.421417,9.63561,21.487513,51.063,189079,0,0,13731
-0.13716361,-0.34277794,-0.014371823,0.17296274,0.33914033,0.16792719,189085,0,0,13614
-0.13716361,-0.34277794,-0.014371823,0.10424326,0.35447052,0.16792719,189086,0,0,13613
-0.13716361,-0.34277794,-0.014371823,0.17296274,0.33914033,0.16792719,189087,0,0,13612
-0.13716361,-0.34277794,-0.014371823,0.12558137,0.33499566,0.16792719,189088,0,0,13611
-0.6059489,-0.29647747,-1.1123552,0.82998055,0.28796226,1.4717401,189089,0,0,13610
-0.6059489,-0.29647747,-1.1123552,0.82998055,0.28796226,1.4717401,189090,0,0,13609
-0.2776294,-2.0308678,-0.013932347,0.43779927,1.908592,2.5967617,189091,0,0,13608
-0.49804366,-0.6674269,0.0013178578,0.47269297,0.6564808,0.60739785,189092,0,0,13607
-1.0592308,-0.06965075,-0.13560587,1.0695657,0.034933966,0.030888101,189093,0,0,13606
-1.2854866,-0.06965077,-0.20679201,1.3002083,0.042571656,0.04499855,189094,0,0,13605
-0.3446397,-0.81417084,-0.00088594464,0.37315223,0.8141708,1.6022398,189095,0,0,13604
-0.56672394,-0.042489287,-0.10751507,1.7144428,0.04292851,0.10856561,189097,0,0,13603
-2.5436928,-2.9483073,0.8781875,3.4730582,3.060359,16.963121,189099,0,0,13602
-2.2456806,-2.5040812,-2.9503205,1.0192994,2.0585468,3.6097102,189103,0,0,13601
-0.66301876,-0.44602367,-0.6360058,0.59328663,0.5342577,0.9696094,189104,0,0,13600
-0.0865581,-0.435481,-0.0904214,0.894681,0.442208,0.815322,189105,0,0,13599
-0.104954,-1.19816,-0.107482,1.07846,0.824625,1.81642,189106,0,0,13598
-0.0772678,-1.3847158,0,0.72903055,1.3409705,1.3129952,189110,0,0,13597
-0.39287677,-0.53579795,-0.0015939273,1.2133404,0.38768604,0.5425785,189112,0,0,13596
-0.39287674,-0.535798,-0.045133125,0.4687164,0.36677796,1.3438193,189113,0,0,13595
0.17723548,-0.45063782,-0.00748948,1.3166614,0.8574117,2.0811727,189114,0,0,13594
-0.3920674,-0.8530034,-0.0015939005,0.59357136,0.46143144,1.5038291,189115,0,0,13593
-4.207549,-3.8470635,-0.2985512,3.4138756,3.7743611,7.706632,189118,0,0,13592
-3.4778776,-3.2788131,-1.1102564,3.5627804,3.7618449,5.930402,189119,0,0,13591
-2.130687,-2.1428041,-0.29855132,1.6301602,1.8348958,5.421711,189120,0,0,13590
-26.79538,-3.5936284,-4.056984,24.126076,2.8567846,8.184667,189124,0,0,13589
-20.697554,-15.976789,-3.280742,7.221975,15.48875,31.42417,189126,0,0,13588
-31.851618,-16.35808,-19.040066,20.664463,16.915493,6.364385,189127,0,0,13587
-20.196363,-25.447523,-4.784074,24.195845,23.51043,14.216304,189128,0,0,13586
-11.51636,-23.794657,-19.335604,28.772272,22.976564,11.970855,189129,0,0,13585
-26.696503,-31.589539,-12.451728,21.264872,32.628445,17.541784,189130,0,0,13584
-30.515415,-47.524506,-41.524117,50.834118,50.931923,25.181448,189131,0,0,13583
-39.706715,-44.54423,-27.363388,44.23969,49.681194,24.94442,189132,0,0,13582
-47.098324,-46.36336,-77.27144,48.26353,48.998493,18.090414,189134,0,0,13581
-0.408625,-0.414608,-0.038905,0.431006,2.82279,1.11111,189135,0,0,13580
-0.140053,-0.573019,-0.0814114,0.727125,0.441628,1.00334,189136,0,0,13579
-0.398908,-0.406317,-0.038905,0.440722,0.449678,1.11111,189137,0,0,13578
-3.3043108,-5.6047444,-0.80140966,4.071695,4.6747675,2.2227182,189141,0,0,13577
-10.84567,-16.409664,-3.9039464,9.153932,15.989929,3.581287,189147,0,0,13576
-120.58347,-101.89952,-167.37589,113.56672,88.56184,175.70354,189151,0,0,13575
-79.18697,-59.557007,-111.08338,72.8382,63.33267,115.61682,189152,0,0,13574
-20.567831,-24.822489,-91.75743,27.00751,16.146692,97.0502,189153,0,0,13573
-89.46456,-39.79671,-120.37953,97.01918,80.18146,159.84679,189154,0,0,13559
-1.6789509,-1.928581,-1.5340749,1.6248993,1.8863757,7.6906304,189158,0,0,13468
-2.2099621,-2.5417392,-0.8241717,2.1559103,2.499534,11.386966,189159,0,0,13467
-1.8276247,-2.089654,-1.6090269,1.7735727,2.0686493,8.491858,189160,0,0,13466
-2.8984618,-5.5196505,-0.9829901,1.9340149,6.387921,3.4472501,189161,0,0,13465
-7.456365,-8.238017,-36.959934,5.167031,7.9817286,14.082109,189165,0,0,13464
-6.3524184,-9.24758,-36.630314,7.3060937,8.77692,16.127245,189166,0,0,13463
-3.9018364,-3.1509392,-0.40222228,3.3113976,3.0074732,8.977763,189170,0,0,13462
-3.0447142,-3.1143816,-0.03674442,5.8945265,2.789437,8.417158,189171,0,0,13461
-5.661831,-3.1218007,-0.03674442,3.776204,2.992219,9.348676,189172,0,0,13460
-3.8178608,-4.8734574,-0.036744412,5.546675,2.8056493,9.040141,189173,0,0,13459
-11.322103,-7.121193,-4.4974637,7.638392,10.763604,19.247301,189178,0,0,13458
0,0,0,0,0,0,189179,0,0,13457
-0.45282337,-0.3992682,-0.10855359,0.59842,0.21218763,3.2524738,189180,0,0,13456
-0.7264455,-1.7619615,-0.0068520075,1.276919,1.3813974,1.0693972,189186,0,0,13455
-1.02629,-1.80728,0,0.93945,1.83977,0.850303,189187,0,0,13454
-0.5319256,-0.99687916,0.6877961,0.3718957,0.98508674,1.0171155,189188,0,0,13453
-0.9737494,-1.127462,0.00018586052,0.9728831,1.1203158,1.5678493,189193,0,0,13452
1,1,1,-1,-1,-1,189196,0,0,13451
1,1,1,-1,-1,-1,189197,0,0,13450
1,1,1,-1,-1,-1,189198,0,0,13449
-3.542364,-3.5599298,-0.09607079,3.4122763,3.1570373,6.799704,189200,0,0,13448
-0.776214,-1.83429,-0.187681,0.178142,2.30897,3.22911,189204,0,0,13447
1,1,1,-1,-1,-1,189208,0,0,13446
-4.0433717,-4.7258143,-0.1017615,4.082031,4.313953,9.419739,189212,0,0,13445
-1.1218414,-1.8054223,1.089866,1.8935896,1.5394671,9.419739,189213,0,0,13444
-1.1204735,-0.98194134,-0.11995835,0.9428975,1.1510909,5.233004,189214,0,0,13443
-1.075051,-0.95874894,-0.23053265,0.99442387,1.0094388,3.3725655,189215,0,0,13442
-2.9339433,-3.6410632,0.41074938,2.6247513,4.050474,3.608146,189216,0,0,13441
-3.908796,-4.424547,-0.35703963,4.293261,4.700502,3.4858694,189217,0,0,13440
-2.5424428,-2.7249126,-0.198468,2.294417,2.7031817,10.0442,189218,0,0,13439
-3.752722,-4.6939745,-0.32217225,4.491343,4.557805,8.220422,189219,0,0,13438
-5.4020514,-7.875122,-1.4468789,5.7991514,9.1392975,5.575886,189220,0,0,13437
10.928549,-8.671179,-1.2598267,16.923433,3.456978,11.79363,189221,0,0,13436
-4.614836,-5.221762,-0.75034267,5.0635915,5.5457945,11.005544,189222,0,0,13435
-4.6336846,-6.840412,-0.31433916,6.439093,5.478403,9.200697,189223,0,0,13415
-0.279036,-5.56501,-0.00186944,0.216769,5.82177,2.28628,189226,0,0,13414
-4.088618,-7.395373,0.013987286,4.5833335,2.8472223,7.386111,189229,0,0,13413
-0.743717,-1.32396,0.143212,0.713533,1.42613,0.458631,189232,0,0,13412
-19.15949,-16.946484,-6.0093675,7.2933984,9.506405,20.443521,189233,1,0,13810
-2.7949393,-2.6053674,-0.020958032,2.4808278,2.656405,7.841823,189236,0,0,13809
-4.4068623,-4.3097982,-0.010647399,4.130282,4.2273483,3.9112484,189237,0,0,13808
-4.419211,7.547651,-2.0653074,4.117933,15.410431,6.47184,189238,0,0,13807
-2.7949393,-1.8791983,-0.020958032,2.4808278,3.382574,7.841823,189239,0,0,13806
-2.1699052,-2.7258344,0.0018115226,3.5162272,3.1851814,7.2863355,189240,0,0,13805
-2.8656743,-2.8737404,-0.028400024,2.8204603,3.0372765,6.150831,189241,0,0,13804
-3.0004075,-2.4886875,-0.02840002,2.246054,2.4991448,5.9081883,189242,0,0,13803
-1.3034025,-2.5578153,-0.027077591,1.7647061,2.4300213,5.9095163,189243,0,0,13802
-1.2819057,-2.517919,-0.028698452,1.7862031,2.670365,5.9078956,189244,0,0,13801
-2.4211984,-3.013095,-0.027760372,1.0907384,2.696275,6.653823,189245,0,0,13800
-1.7037908,-2.8749154,-0.012335869,1.8081458,2.8344538,6.638386,189246,0,0,13799
-1.3718601,-2.5357027,0.00047169864,1.2041072,2.5715477,5.337794,189247,0,0,13798
-1.366983,-2.5324874,0.024065897,1.2809147,2.5718563,5.361388,189248,0,0,13797
-6.18586,-9.090971,-2.6355765,6.1010666,8.351388,11.986225,189253,1,0,13796
-4.887827,-8.922818,-3.824143,3.3349628,9.939774,12.743249,189254,1,0,13795
-5.1824946,-4.863004,-3.8273096,3.3599267,11.118605,9.91865,189255,1,0,13794
-3.204385,-2.268959,-0.6979891,2.5815165,5.6322484,7.356965,189258,1,0,13793
-17.316847,-16.201096,-7.1714177,11.487058,9.632922,17.705318,189260,1,0,13792
-0.45382562,-2.5786197,-0.45862067,1.2020935,0.46531698,3.1599302,189262,1,0,13791
-29.616554,-12.672095,-2.3999577,26.033175,7.440735,15.560274,189263,1,0,13790
-4.62875,-4.38865,-6.55474,4.59518,5.24748,47.6822,189264,1,0,13789
-5.43675,-5.22598,-6.55474,6.07657,3.29156,47.6349,189265,1,0,13788
-5.919292,-5.591994,0,5.715299,6.0425973,15.123575,189270,0,0,13787
-1.2069219,-1.2674445,0,1.1500593,1.2727228,4.979502,189271,0,0,13786
-3.3946097,-1.6077051,-0.024359351,2.8243082,4.6112127,8.182594,189272,0,0,13785
-0.5511188,-0.6275264,-0.024554336,0.61353177,0.8952571,3.7185795,189273,0,0,13784
-2.9487417,-2.2741594,-0.021067737,2.8349655,3.5095477,6.3497114,189274,0,0,13783
-0.602712,-0.53121144,-0.021067737,0.58770764,0.53659546,1.7720995,189275,0,0,13782
-1.647918,-1.4352856,-0.0385204,1.3891358,1.610215,2.031554,189280,0,0,13781
-30.665401,-29.804653,-2.6656857,33.931137,30.256805,57.19567,189282,0,0,13780
-1.0149319,-1.4385508,-0.32574475,1.8666232,1.4430043,2.5558105,189287,0,0,13779
-7.7459354,-4.9525847,0,3.921863,4.4375653,22.270102,189288,0,0,13778
-5.4448514,-16.409664,-3.9039464,4.5686636,15.989929,3.0746236,189292,0,0,13770
-0.5849639,-1.2929016,0,0.47801548,1.3040581,2.7692378,189294,0,0,13769
-1.314829,-1.4335291,-0.7330324,0.14370705,1.4757954,3.1286118,189295,0,0,13768
-0.33044466,-1.507148,-0.10871802,0.3678512,1.5714529,3.2947257,189296,0,0,13767
-0.055791624,-1.8289899,0,0.49304253,2.1944268,5.2960234,189297,0,0,13766
-0.19575293,-0.40005782,0.0006460254,0.33741048,0.25330725,4.2175856,189299,0,0,13765
-0.24170709,-0.3080354,0.018378904,0.34293157,0.2971581,3.2271798,189300,0,0,13764
-34.576,-28.8692,-8.0896,32.7493,30.3561,54.9443,189304,1,0,13763
-2.8196027,-4.8804903,-2.963607E-07,2.7937517,4.8804903,4.840125,189307,0,0,15313
-3.048569,-2.5498898,-1.7399722,3.0263793,5.4739094,1.0288843,189308,1,0,15312
-4.1712728,-3.3628025,-1.7399722,3.9691577,6.0331507,1.5357893,189309,1,0,15311
-3.093703,-2.9454534,-2.2038054,3.0721598,8.641874,0.6399191,189310,1,0,15310
-3.1427667,-2.8547366,-2.0363443,3.0230958,6.463951,0.6399191,189311,1,0,15309
-2.679557,-5.40956,-1.369691,2.6557765,6.862916,1.0212786,189312,1,0,15308
-2.5690181,-1.6690052,-1.9751064,2.0837233,2.412033,3.7516642,189313,1,0,15307
-2.6852996,-1.6308845,-2.3197045,2.9287908,1.6605788,5.877299,189314,1,0,15306
-5.72391,-1.2203494,-4.7609468,6.299522,3.458612,7.9640045,189315,1,0,15305
-6.2180243,-17.588444,-2.8392391,5.0233374,19.055933,17.741695,189316,1,0,15304
-11.222113,-18.729185,-4.371685,12.289738,17.409943,18.14539,189317,1,0,15303
-7.10565,-18.094233,-3.509646,7.198557,19.616648,19.728,189318,1,0,15302
-3.178213,-3.3806968,-0.20304486,3.6505835,3.7111979,10.747101,189319,1,0,15301
-14.037389,-10.679347,-0.49950007,11.07619,13.981184,25.425583,189322,1,0,15300
-4.697275,-4.895755,-0.08340277,4.685416,4.811179,17.22769,189324,1,0,15299
-7.424486,-12.387561,-1.7120262,16.72509,6.146235,21.300339,189325,1,0,15298
-2.1312084,-2.1678905,-0.35657996,1.924575,2.2077737,8.699491,189326,1,0,15297
-1.1740631,-3.7272437,-0.7681837,2.2708104,3.1788065,2.831268,189327,1,0,15296
-2.745145,-2.7438042,-0.034319084,2.4785564,2.7975025,5.220193,189328,1,0,15295
-1.3671004,-1.1938539,0.098862015,1.4455179,1.2146374,2.7111914,189329,1,0,15294
-1.2552596,-0.7909821,0.058240738,1.3469349,0.8311475,2.6266367,189330,1,0,15293
-1.6251597,-2.777778,-8.767121E-07,2.3703399,2.777778,5.6085496,189335,0,0,15292
-14.037389,-10.679347,-1.2043933,11.07619,13.981184,24.19086,189336,1,0,15291
-15.880288,-13.789044,-1.2043931,13.183182,16.62968,26.438639,189337,1,0,15290
-2.56491,-4.48476,0.106783,2.35077,3.39647,12.6592,189344,0,0,15289
-1.93312,-4.7078,0.409472,2.01619,4.74543,14.485,189345,0,0,15288
-3.64008,-5.67445,-0.484278,-1.39026,3.62714,13.4259,189346,0,0,15287
-0.00269167,-23.481,0.163262,0,23.481,14.3373,189347,0,0,15286
-0.00269167,-23.481,0.163262,0,23.481,10.579,189348,0,0,15186
-0.0255544,-2.99517,0.107132,0.171126,2.83431,10.6731,189349,0,0,15185
-0.0305303,-2.99517,0.107132,0.171126,2.83431,10.659,189350,0,0,15184
-0.0600261,-2.99517,0.107132,0.171126,2.83431,10.6718,189351,0,0,15183
-0.0335139,-2.99517,0.107132,0.171126,2.83431,10.6739,189352,0,0,15182
-3.28796,-2.29825,-0.05065,0.0847533,2.22653,2.74206,189359,0,0,15181
-3.54993,-1.57044,-0.0530081,0.101673,1.63371,2.39392,189361,0,0,15180
-4.529963,-2.1700013,-0.06718106,4.3265915,2.4616892,5.2788405,189375,0,0,15179
-12.691868,-12.66507,-0.09805575,13.301426,12.289037,13.875233,189386,0,0,14659
-3.3905125,-9.30354,-0.92465115,3.2868447,6.5161767,5.425872,189395,0,0,14658
-4.548582,-6.6877193,-0.924866,4.568654,7.6313086,4.590397,189396,0,0,14657
-3.0198696,-5.084509,-0.11076506,2.8412685,5.6148853,4.2030916,189397,0,0,14656
-2.4779394,-4.1100755,-0.90783554,2.618703,6.4122295,3.6397564,189398,0,0,14655
-2.2175512,-5.001857,-0.37633675,2.189319,5.5991726,2.6681902,189399,0,0,14654
-1.9654077,-2.66207,-0.37715688,2.2319639,2.5113292,2.9404025,189400,0,0,14653
-2.01391,-1.99531,-0.272393,1.99946,1.96649,2.98749,189402,0,0,14572
-4.6856194,-6.140011,-0.029699206,3.0851884,6.6552887,4.5135326,189405,0,0,14571
-4.6856194,-6.140011,-0.029699206,3.0851884,6.6552887,4.5135326,189406,0,0,14570
-1.9654077,-2.66207,-0.37715688,2.2319639,2.5113292,2.9404025,189407,0,0,14569
-1.9654077,-2.66207,-0.37715688,3.133992,2.8981216,4.0065827,189408,0,0,14568
-0.833388,-0.96388745,-0.42994887,0.8594232,2.474886,1.5291058,189409,0,0,14567
-2.3285754,-1.8511491,-0.42392507,0.8594232,2.5554452,1.5291058,189410,0,0,14566
-8.202092,-19.183912,-17.003267,8.352141,19.182905,18.332403,189411,0,0,985
-1.375,-0.5208333,0,1.3958334,0.5416667,0.62500006,189415,0,0,14565
-1.375,-0.5208333,0,1.3958334,0.5416667,0.7083334,189416,0,0,14564
-8.202092,-32.044445,-17.00327,8.352141,32.044445,19.722223,189417,0,0,14563
-1.26,-8.474795,-0.042567007,1.3914791,8.463031,8.7849455,189423,0,0,14562
-0.36528972,-0.5019563,-0.016206676,0.6144281,0.5343088,1.4916539,189426,0,0,14561
-0.471456,-0.446608,-0.0114806,0.475608,0.542603,0.960739,189427,0,0,14560
-0.698681,-0.761886,-1.94457,0.827425,0.764217,0,189429,0,0,14559
-0.580928,-0.623906,-0.0140378,0.597894,0.345747,0.392408,189432,0,0,14558
-1.43785,-1.29725,-0.0512919,1.36594,1.09694,4.56539,189434,0,0,14557
-0.676458,-0.758658,-0.0217358,0.759844,0.780231,0.952617,189437,0,0,14556
-1.1303078,-8.427484,-0.04072211,9.698305,1.0712686,1.576707,189438,0,0,14555
-0.225804,-0.504461,-0.00275278,0.296258,0.507836,1.50528,189440,0,0,14554
-0.279,-0.576311,-0.01673,0.337397,0.614725,3.14869,189442,0,0,14553
-9.56078,-5.73752,-0.0115792,9.43341,5.62051,12.0881,189445,0,0,14552
-2.9205105,-2.4543946,-0.1291694,2.7756102,2.8143857,5.7210855,189452,0,0,14551
-2.4699948,-2.2834435,-0.1299481,4.254592,1.9050162,4.217219,189455,0,0,14550
-3.1941633,-1.9805895,-0.19034134,5.0478086,1.9170793,3.6758745,189457,0,0,14549
-0.692914,-2.08364,-0.0253531,0.669794,2.12213,4.38978,189458,0,0,14548
-1.40257,-1.421,-0.0946906,2.29984,2.27053,1.42909,189461,0,0,14547
-19.7909,-19.8749,-0.276292,22.536,27.7608,2.21802,189462,0,0,14241
-4.15,-0.147476,-0.558664,0.140945,0.16612,1.90174,189464,0,0,14240
-4.18617,-0.147476,-0.558664,0.140945,0.16612,1.90174,189465,0,0,14239
-0.18431826,-2.1541178,0,0.7601845,1.9674852,4.603671,189466,0,0,14238
-0.186504,-0.186296,0,0.186505,0.186713,4.65986,189467,0,0,14237
-4.15758,-0.255966,-0.311131,-0.0199839,0.143317,0.2828,189468,0,0,14236
-0.18650492,-2.2561526,0,0.2581412,2.1643755,4.659859,189469,0,0,14235
-0.1706129,-4.491659,-2.748194E-07,0.67501,4.280057,4.655424,189470,0,0,14130
-4.15758,-0.255966,-0.558664,0.140945,0.143317,1.90174,189471,0,0,14129
-3.99247,-0.255966,-0.558664,0.140945,0.143317,1.90174,189472,0,0,14128
-0.8275,-0.8968,0,0.941297,0.870283,1.40784,189477,0,0,14127
-0.877033,-0.788389,0.0119842,0.393397,0.580761,0.818833,189478,0,0,1506
-0.2550187,-1.9353316,0,0.13585153,0.04420449,1.6672028,189480,0,0,14126
-0.2831099,-5.2626057,-7.799396E-07,4.950741,4.978892,4.841888,189481,0,0,1355
-2.659606,-1.0916013,-0.05871088,2.5585988,1.3599863,0.22304688,189485,0,0,14125
-0.7812899,-7.894239,-0.29394564,2.7157147,7.7426777,13.071572,189488,0,0,14124
-0.129046,-0.130954,0,0.125557,0.130711,2.27641,189491,0,0,14123
-0.11552967,-0.29309803,0,0.29442158,2.0020704,2.234338,189492,0,0,719
-0.28344694,-0.12607378,0,0.14041564,2.152056,2.2711804,189493,0,0,717
-0.71161675,-0.12607378,0,0.14041564,4.333478,2.2711804,189494,0,0,14122
-11.072165,-11.326437,-0.2896513,13.333529,12.020676,19.229212,189496,0,0,14121
-0.1401611,-1.6981258,0.0026541986,0.44979444,1.7152802,5.414925,189498,0,0,14120
-8.109946,-8.622952,-0.33659416,7.755772,8.051438,11.69263,189499,0,0,14119
-6.6730866,-7.6809525,-0.85317296,8.7291155,7.4668646,21.964731,189500,0,0,14118
-11.044112,-5.886893,-0.29155934,13.29508,5.4652333,8.60416,189501,0,0,14117
-2.2089715,-1.6840104,-0.26774815,2.116171,1.7798814,11.012007,189505,0,0,14116
-5.153745,-1.6116418,-0.029952155,2.7368834,4.735215,6.0636725,189506,0,0,1883
-4.1819468,-1.6116418,-0.029952155,1.360157,2.0421364,6.0636725,189507,0,0,14115
-4.1819468,-1.6116418,-0.029952155,1.5449371,2.0421364,8.1353,189508,0,0,1098
-4.307841,-1.6116418,-0.029952155,0.36184058,1.7457275,5.394628,189509,0,0,14114
-3.6279976,-0.5882255,-0.029243894,3.5942247,0.5450329,1.1111112,189510,0,0,14113
-0.9412649,-0.33979034,0.010587481,0.5792029,0.35120732,0.51819843,189511,0,0,14112
-5.60175,-2.05892,0.00294889,3.2472,4.6207,4.21257,189512,0,0,14111
-5.66034,-1.98129,0.00294889,2.39448,4.62973,4.21257,189513,0,0,14110
-7.015016,-8.10018,-3.8928049,7.015016,8.100314,24.56111,189516,0,0,14109
-7.73088,-8.86718,-3.36146,7.59536,8.83003,23.7883,189517,0,0,14108
-30.759478,-33.170765,-4.4739137,29.25467,32.77242,51.25321,189521,1,0,14107
-43.4231,-48.3591,-3.36146,40.9669,47.7783,67.8588,189522,1,0,14106
-0.2563244,-0.27449104,-0.058710866,0.24542983,0.30435517,0.22304685,189523,0,0,14105
-1.9364321,-0.11325357,-0.058710862,2.2195685,0.38903156,0.15823916,189524,0,0,14104
-0.11871717,-0.6566485,-0.058710862,0.1983583,0.9909454,0.15823916,189525,0,0,14103
-1.40257,-1.421,-0.0946906,2.05983,1.80029,1.94407,189527,0,0,14102
-1.6928806,-1.0636394,-0.010464747,1.6928806,1.0042584,0.6669194,189528,0,0,14101
-0.21944445,-0.5083334,0,0.21944445,0.5083334,1.4504567,189530,0,0,14100
-0.21944445,-0.5083334,0,0.27792364,0.5083334,1.4075235,189532,0,0,14099
-0.21944447,-0.5083334,-0.14763239,0.21944447,0.5083334,1.4261128,189534,0,0,14098
-0.27539888,-0.5083334,0,0.22424568,0.5083334,0.9871712,189535,0,0,14097
-1.26,-1.26,-0.0025460455,1.26,1.8111458,5.52963,189536,0,0,14096
-1.0554026,-1.5809618,0,1.0431668,1.2485479,3.0965188,189538,0,0,718
-0.065492906,-0.35881427,-0.2988583,0.06549294,0.39792058,2.0134974,189540,0,0,14095
-0.11186711,-0.35378963,-0.2988583,0.11960421,0.386132,2.008659,189541,0,0,14094
-5.52876,-7.26362,-0.119124,5.99581,6.25964,21.2935,189544,1,0,13811
-1.1247255,-8.355818,-0.7651579,1.8380939,7.576988,2.3509238,189545,1,0,15536
-0.3842569,-3.6310513,-0.21335933,1.0971528,2.8017466,1.324143,189546,1,0,15535
-33.53164,-36.267376,-3.7676015,21.645674,29.666918,66.230446,189547,0,0,15534
-42.7385,-48.3591,-3.36146,41.8575,47.7783,60.9738,189551,0,0,15533
-39.2467,-50.37,-3.36144,38.3528,65.5417,47.5719,189552,0,0,15532
-43.346264,-36.019142,-0.6166814,41.453854,46.959988,57.46765,189557,1,0,15531
-31.549433,-32.79085,-0.49795267,33.758804,30.41482,48.683983,189558,1,0,15530
-27.7843,-24.6546,-5.41418,24.8837,26.3177,77.4861,189559,1,0,15529
-40.099037,-42.67937,-3.8928049,39.074337,41.875454,46.20059,189560,1,0,15528
-42.738544,-48.35909,-4.1240106,41.857513,47.77828,60.2112,189561,1,0,15527
-34.23114,-32.45018,-2.2873719,32.324207,37.2087,60.99516,189562,1,0,15526
-6.5631676,-7.582803,-2.834553,6.5631685,7.574184,5.319788,189566,1,0,15525
-7.6154456,-8.797868,-2.791297,7.6154456,8.78925,5.67128,189567,1,0,15524
-5.62392,-7.27331,-0.119124,5.99442,6.2165,21.2935,189571,1,0,15523
-88.50918,-87.69231,-3.8645804,75.86491,75.62294,72.0268,189575,0,0,15522
-0.9335143,-2.8681698,0,0.99352294,4.0955887,1.4078468,189580,0,0,15521
-5.903201,-6.4829884,-0.025506409,4.4057107,6.3860807,10.958862,189581,1,0,15520
-16.214577,-45.272686,-6.3966947,35.97126,46.035343,92.32464,189589,0,0,15519
-0.7439543,-1.7749233,-0.11634172,0.6548763,1.7939783,3.0404255,189595,0,0,15518
-1.15285,-3.4870903,-0.31329858,1.1578125,3.4038742,5.995309,189596,0,0,15517
-0.00056820485,-3.3524487,0,0.009971259,0.011496032,3.1344926,189597,0,0,15516
-0.9580216,-1.5100543,-0.91842145,0.9580228,4.34654,24.290436,189599,0,0,1106
-7.341471,-8.031873,-0.036369916,12.164615,10.139116,7.908747,189601,0,0,15515
-13.674796,-4.2933564,0.41940287,12.584044,3.8984485,4.640921,189610,0,0,15514
-2.1777022,-3.0810885,0.00062077824,1.1259547,1.7997521,2.8484876,189611,0,0,15513
-3.219,-3.66589,-0.00646083,2.79506,3.66589,5.00311,189620,0,0,15512
-3.29448,-3.47783,-0.000111111,2.48869,1.33496,0.147939,189621,0,0,15511
-5.357748,-0.9889017,-0.00015711488,5.8889155,0.71019423,0.14793998,189622,0,0,15510
-9.511743,-8.933359,-0.45251837,8.157933,9.364985,32.0486,189629,0,0,15188
-9.511743,-12.527173,-1.1678776,9.091699,9.364985,42.265064,189632,0,0,15187
-94.99595,-78.59838,-0.01082869,36.720547,78.591194,53.097553,189641,0,0,13343
-0.68427306,-0.35470888,2.6970442E-06,0.7743855,0.3583924,0.9684245,189642,0,0,1353
-4.0590057,-6.65613,-0.01104536,8.267361,6.7568173,4.6695857,189652,0,0,1717
-5.4181833,-6.407389,-0.9230054,7.2412176,5.89012,6.9139066,189657,0,0,13342
-0.16853192,-0.25380817,0,0.18264672,0.5796022,2.2855873,189666,0,0,13341
-0.49348646,-0.5573159,0,0.7743215,0.7256257,2.1593812,189670,0,0,13340
-0.46563208,-0.019677313,-0.07994781,0.3761448,0.17075747,1.3586527,189674,0,0,13339
-0.589117,-0.742133,-0.00518,1.07557,0.462492,0.253052,189676,0,0,13338
-0.525458,-0.52301335,-0.0058066123,0.48374692,0.48816735,0.5356686,189678,0,0,13337
-0.68723756,-0.63935584,-0.0012788777,0.801483,0.5515626,0.65600187,189680,0,0,1432
-0.13860808,-0.10404596,-0.0036314346,0.14473026,0.061171122,0.20546709,189682,0,0,13336
-0.15279783,-0.08284035,-0.0069143684,0.09827579,0.08237673,0.16860574,189684,0,0,13335
-0.18024158,-0.09622703,-0.025557412,0.18620808,0.141198,0.18627569,189685,0,0,13334
-0.18892317,-0.14317404,-0.016858153,0.21839885,0.13140322,0.18651374,189686,0,0,13333
-0.14128375,-0.08775621,-0.15871556,0.005998689,0.41679657,0.98381066,189687,0,0,13332
-0.24992347,-0.30587834,-0.22906712,0.17250033,0.11058679,1.3037078,189689,0,0,13331
-0.6717532,-0.84574133,-0.11682943,0.61349267,0.66262066,2.2593577,189690,0,0,13330
0,0,0,0,0,0,189691,0,0,13329
-2.12089,-7.14101,-0.563103,2.72297,5.15638,4.51731,189692,0,0,13328
-2.45046,-6.68771,-0.924864,2.84126,7.63131,4.59039,189693,0,0,13327
-3.01987,-5.08451,-0.110765,2.84126,5.61488,4.20309,189694,0,0,13326
-2.47794,-4.11008,-0.358911,2.6187,4.38047,3.63975,189695,0,0,13325
-2.21755,-5.00186,-0.376336,2.18931,5.59917,3.06494,189696,0,0,13324
-1.96541,-2.66207,-0.377156,2.23196,2.51133,2.94039,189697,0,0,13323
-2.33297,-3.17686,-0.274081,2.43688,2.51133,3.55144,189698,0,0,13322
-0.887611,-1.34957,-0.160279,1.46,0.850719,2.20911,189699,0,0,13321
-2.866702,-2.829859,-0.43450505,2.8667023,2.829859,4.2224793,189700,0,0,13320
-1.167838,-1.2403846,-0.4074077,1.2579535,1.1854069,2.0183837,189705,0,0,13666
-1.1528202,-1.2589704,-0.4760418,1.2823089,1.1761588,1.9590874,189706,0,0,13665
-3.9378633,-4.9034715,0.012081484,5.206622,4.9364443,3.4073193,189709,0,0,13664
-8.10994,-9.47162,-1.26341,7.75577,9.77564,12.3083,189715,0,0,13663
-9.12087,-10.4135,-0.980278,8.60433,8.5971,6.99946,189716,0,0,13662
-20.8349,-15.4913,-10.3471,15.4412,12.8011,15.4572,189717,0,0,13661
-12.0728,-9.76009,-20.2871,12.2277,8.64252,19.6248,189718,0,0,13660
-25.5688,-18.8444,-6.35453,20.7486,17.5928,13.803,189719,0,0,13659
-0.14503808,-0.06754395,-0.00028825065,0.22220476,0.07878248,0.074080266,189723,0,0,13658
-0.67931944,-0.5930642,-0.018265488,0.50954086,0.46832058,2.8177614,189725,0,0,13657
-0.679317,-0.407972,0.00220278,0.450622,0.376644,2.81775,189727,0,0,13656
-0.312861,-0.387714,0.00118889,0.265684,0.299281,2.81775,189728,0,0,13655
-0.4716219,-0.39248767,-0.018265422,1.5159708,0.4651167,0.72562534,189730,0,0,13654
-0.00531667,-0.285083,-21.7305,-0.00362694,0.267817,2.85461,189731,0,0,13653
-2.9408164,-4.094576,-3.0174203,3.0858436,3.4574018,3.0092397,189732,0,0,13652
-25.3204,-25.9789,-23.6962,25.3506,26.1489,26.9748,189733,0,0,13651
-26.4536,-25.8458,-23.6962,26.4608,24.8251,26.9748,189734,0,0,13650
-0.4901,-0.621486,-0.00257222,0.697022,0.477119,1.93849,189739,0,0,13649
-0.6347528,-0.4111754,-0.08646057,0.49826282,0.5782307,1.7789987,189740,0,0,13648
-0.221794,-0.253771,-0.0184564,0.239709,0.207732,0.539281,189742,0,0,13647
-0.166291,-0.164213,-0.0221114,0.162076,0.164154,0.515158,189743,0,0,13646
-0.250007,-0.288678,-0.0220283,0.250007,0.144342,0.526992,189744,0,0,13645
-0.250007,-0.288678,-0.0220283,0.250007,0.144342,0.526992,189745,0,0,13644
-0.179861,-0.205356,-0.00964694,0.179861,0.106172,0.753489,189746,0,0,13643
-0.354089,-0.354089,-0.0187917,0.354089,0.354089,0.460994,189747,0,0,13642
-0.255931,-0.338317,-0.0278292,0.333556,0.342361,0.312744,189749,0,0,13641
-0.224333,-0.219178,-0.0392389,0.257521,0.205486,0.397128,189750,0,0,13640
-0.6979811,-0.41495955,-0.017176269,0.22594158,0.37362128,0.88119537,189751,0,0,13639
-0.55843467,-0.41973093,-0.04908954,0.32582977,0.4667784,0.85638773,189752,0,0,13638
-1.5448,-1.5631,-0.0646161,1.96843,1.95141,0.979606,189754,0,0,13637
-0.4901,-0.621486,-0.00257444,0.697022,0.477119,1.03254,189755,0,0,13636
0,-0.18272634,-0.0046884217,0.16629872,0.18263902,0.3606769,189757,0,0,13635
-0.7706909,-0.7409087,-1.9445767,0.75542027,0.7852025,0,189759,0,0,13634
-8.7175,-7.03542,-0.279342,10.3488,7.96217,1.25527,189760,0,0,13633
-0.625406,-0.546408,-0.0140378,0.553417,0.423247,0.392408,189761,0,0,13632
0,-0.211803,-0.0015275,0.21878,0.204863,0.415136,189763,0,0,13631
0,-0.162503,-0.0036875,0.167007,0.155562,0.314378,189765,0,0,13630
-0.79874516,-1.8041505,-0.071837015,0.68092144,1.6398205,1.5323416,189767,0,0,13629
-0.2097281,-0.2090257,0,0.21134777,0.21423864,0.14776908,189768,0,0,13628
-0.25958613,-0.24658751,0,0.21134777,0.19969712,0.14776908,189770,0,0,13627
-1.4299,-1.11076,-0.0512919,1.37389,1.28343,4.56539,189772,0,0,13626
0.00121972,-0.277524,-0.00590583,0.332344,0.278028,0.549647,189774,0,0,13625
-0.630467,-0.771578,-0.0324572,0.805833,0.767314,0.941894,189777,0,0,13624
-1.1498641,-1.1771156,-0.04072211,1.1229217,1.0612757,1.576707,189778,0,0,13623
-0.233309,-0.511639,-0.0143731,0.288753,0.500658,1.49366,189779,0,0,13622
-0.262917,-0.632208,-0.0337847,0.363031,0.563225,3.13164,189781,0,0,13510
-18.983242,-8.626132,-0.6264027,19.255653,8.756185,2.2155716,189784,0,0,13509
-19.7909,-19.8749,-0.276292,22.536,27.7608,2.21802,189788,0,0,13508
-0.13654,-0.153792,0,0.164549,3.04031,1.5761,189790,0,0,13507
-0.133917,-0.153939,0,0.167172,0.147151,1.5761,189791,0,0,13506
-4.1575947,-0.25596642,-0.5586665,0.14094563,0.14331697,1.9017483,189792,0,0,13505
-0.29199582,-0.2679044,0,0.26533118,5.593596,1.3123841,189793,0,0,13504
-0.29199582,-0.2679044,0,0.26533118,0.28942266,1.3178715,189794,0,0,13503
-4.1575947,-0.18339165,-0.5586665,0.14094563,0.13080887,1.9017483,189795,0,0,13502
-0.13383716,-0.14164168,-0.5586665,0.14094563,0.13080887,1.9017483,189796,0,0,13501
-0.3484129,-0.375952,0.0009810062,0.3474675,0.3758916,0.83919287,189802,0,0,13500
-0.66842216,-0.64858705,-0.06620353,0.590286,0.76984286,1.2350333,189805,0,0,13499
-0.73625505,-0.6521403,-0.049831387,0.68667376,0.6573735,1.1320794,189806,0,0,13498
-0.377489,-0.723556,0,0.361372,0.718575,0.701458,189810,0,0,13497
-1.01412,-1.05184,-0.00444972,0.951308,1.05184,1.70731,189811,0,0,4238
-0.220198,-0.253933,0,0.219629,0.253935,0.708081,189815,0,0,723
-0.22047913,-0.2541788,0,0.21934861,0.25369045,0.50017124,189816,0,0,13496
-0.23341359,-0.26886564,0,0.23154156,0.2680183,0.52848625,189817,0,0,726
-0.25196534,-0.28850514,0,0.24885838,0.28402653,0.6868394,189820,0,0,13495
-0.26655567,-0.26455313,0,0.25674373,0.26863176,0.65079683,189821,0,0,13494
-0.9821707,-0.5687383,-0.0081496425,1.1814698,1.9817176,4.088675,189825,0,0,13493
-4.6213117,-3.6683583,-0.50108004,3.0781004,2.1820724,2.8227239,189827,0,0,13492
-7.0839424,-5.244976,-0.5896334,4.847391,5.387667,12.876204,189830,0,0,13491
-0.0730108,-0.25727,-0.00691083,0.0737044,0.40495,0.870278,189834,0,0,732
-5.2508283,-4.562487,-0.12804554,4.6185,4.401561,3.0366871,189840,0,0,13490
-5.03369,-4.98603,-0.261143,5.03501,5.08266,9.4342,189852,0,0,13489
-0.055361748,-0.18649614,0.0013195407,0.056309275,0.1873226,1.5591551,189854,0,0,13488
-0.597836,-0.0609356,-0.0142039,0.520364,0.0665344,0.352808,189855,0,0,13487
-0.597836,-0.0609356,-0.0142039,0.520364,0.0665344,0.352808,189857,0,0,13434
-0.597836,-0.0609356,-0.0142039,0.520364,0.0665344,0.352808,189859,0,0,13433
-0.597836,-0.0609356,-0.0142039,0.520364,0.0665344,0.352808,189862,0,0,13432
-0.597836,-0.0609356,-0.0142039,0.520364,0.0665344,0.352808,189863,0,0,13386
-0.597836,-0.0609356,-0.0142039,0.520364,0.0665344,0.352808,189866,0,0,13385
-0.093584396,-0.41460595,-0.00050255976,0.2814063,0.3337532,1.1516101,189868,0,0,13384
-0.136721,-0.828006,0.676894,0.156303,0.674828,2.18664,189878,0,0,13383
-0.136721,-0.828006,0.676894,0.156303,0.674828,2.18664,189879,0,0,13382
-0.136721,-0.828006,0.676894,0.156303,0.674828,2.18664,189880,0,0,13381
-0.136721,-0.828006,0.676894,0.156303,0.674828,2.18664,189881,0,0,13380
-0.136721,-0.828006,0.676894,0.156303,0.674828,2.18664,189882,0,0,13379
-0.13672116,-0.8280065,0,0.15630269,0.67482936,2.1866376,189883,0,0,13378
-0.09778148,-0.5687381,-0.008149664,0.28301698,1.4121699,4.088675,189884,0,0,13377
-0.136721,-0.828006,0.676894,0.156303,0.674828,2.18664,189885,0,0,13376
-0.136721,-0.828006,0.676894,0.156303,0.674828,2.18664,189886,0,0,13375
-0.57241136,-0.43142098,-0.015950764,0.7395933,0.41036603,0.37207475,189893,0,0,13374
-0.6957504,-0.43142095,-0.025773292,0.86728346,0.41036603,0.3622522,189894,0,0,13373
-0.196286,-0.145037,-0.0166469,0.170491,0.126421,0.208791,189896,0,0,13372
-0.47554296,-0.23396632,-0.013330738,0.54086316,0.08252862,0.37207475,189898,0,0,13371
-9.898451,-4.9878836,-21.338953,6.767938,3.7118306,7.9255714,189904,0,0,13370
-0.056388564,-0.06796042,-0.0030913353,0.060453176,0.06386101,0.67505753,189906,0,0,13369
-4.303809,-5.1949854,-1.0001191,4.28994,4.9612637,12.124715,189908,0,0,13368
-1.1548,-1.1548,0.00364028,1.1548,1.1548,4.21442,189910,0,0,13367
-1.08553,-1.13634,0,1.10642,1.16841,0.873625,189914,0,0,13366
-10.7,-7.90885,-0.496611,15.3195,8.73547,14.7113,189915,0,0,13365
-11.0701,-6.85497,-0.699031,10.2301,4.02028,10.5943,189916,0,0,13364
-40.97429,-37.63444,-2.094272,38.027596,38.824017,80.45994,189919,1,0,13363
-7.13087,-5.60223,-1.94717,4.79011,7.46683,22.3099,189920,1,0,13362
-9.12213,-13.436,-5.18867,14.0026,12.8186,35.8192,189921,1,0,13361
-6.09751,-5.70386,-5.41418,5.24888,7.52017,40.7491,189922,1,0,13360
-10.651293,-9.508634,-4.593302,11.524211,12.548819,37.530716,189923,0,0,13359
-1.5288398,-1.6240243,-0.28843874,1.6291837,1.8131284,9.223981,189924,0,0,13358
-1.85209,-2.03581,-0.269573,1.95854,2.18822,5.42189,189925,0,0,13357
-33.27507,-30.828203,-4.0898385,32.03316,32.377457,59.751236,189927,1,0,13356
-33.166553,-31.434395,-3.5090456,32.14168,31.771275,47.234764,189928,1,0,13355
-49.49198,-51.523426,-5.1886735,56.27898,50.842262,65.7658,189929,1,0,13354
-27.78426,-24.654633,-5.4141803,24.883673,26.317678,77.48614,189930,1,0,13777
-3.0481553,-4.148996,-0.53294575,2.3490539,3.4343367,11.700215,189932,1,0,13776
-2.8309162,-2.1215248,-0.46419945,2.3863747,2.8261538,1.936637,189939,1,0,13775
-2.8309162,-2.520448,-0.46419945,1.8651292,2.3002694,1.9443957,189940,1,0,13774
-0.536464,-0.233654,0.00253889,0.298131,0.380789,1.62243,189948,0,0,15082
-0.514975,-1.44202,0,0.631878,1.54537,1.45283,189949,0,0,15081
-1.47387,-0.483842,0,1.51353,0.663011,1.45283,189950,0,0,15080
0.00176917,-0.165819,-9.82431,0.00176944,0.165819,1.62243,189951,0,0,15079
-1.1951158,-0.6493104,0.00043689078,1.2332069,0.54310304,1.4527487,189953,0,0,15078
-0.998367,-0.717181,0.00105278,0.927825,0.730072,0.932661,189956,0,0,15077
-2.9268842,-11.965496,-0.13070263,3.345497,12.075731,22.840221,189958,0,0,15076
-5.9697657,-12.908125,-0.13070256,3.9202232,12.905545,93.53843,189959,0,0,15075
-0.27547732,-2.78244,-0.0072665834,0.30311707,2.9901505,7.082813,189972,0,0,15062
-15.105181,-16.57552,0.18145473,17.918537,13.731753,30.410763,189974,0,0,15060
-0.4340481,-0.5012214,0,0.45591184,0.5264157,1.0276372,189980,0,0,15059
-0.9799934,-0.35929573,-0.071955845,0.46790797,1.5377516,1.1098872,189981,0,0,15058
-5.0608735,-5.4043894,-2.6925087,4.8779025,4.5343866,7.2462673,189983,0,0,15057
-4.894234,-5.22263,-2.6198878,5.011186,4.6827903,7.2855325,189984,0,0,15056
-1.7385981,-0.91287595,0.011575473,1.5912281,1.0037746,6.949315,189992,0,0,14952
-1.6123409,-0.91287595,0.011575473,1.7174852,1.0037746,4.3449163,189993,0,0,14951
-3.744829,-2.13429,-0.18980253,5.374886,3.1587436,2.612419,189997,0,0,14949
-2.5438662,-1.5270964,-0.12269866,2.8916168,2.0648532,2.810768,189998,0,0,14948
-3.019825,-3.2348208,-0.5746479,3.495975,3.3308423,13.138017,190006,0,0,14946
-10.707638,-12.536053,-36.168884,10.736476,14.046435,6.5424266,190007,0,0,14945
-0.51489896,-0.568409,0,0.54301095,0.59779096,0.94962007,190012,0,0,14943
-0.5927456,-0.5477076,0.0041289018,0.6281148,0.68823767,0.883018,190013,0,0,14942
-0.571261,-0.7112696,0.0017656477,0.5467618,0.7941692,0.32466248,190015,0,0,14941
-0.8085378,-0.9956026,-0.04883185,0.9032591,0.9234595,0.49648768,190016,0,0,14940
-1.2253256,-1.4007334,0.001765411,1.3800154,1.49956,0.48116276,190017,0,0,14939
-0.7592596,-1.5251678,-0.010377972,0.562736,0.67359674,0.3246624,190018,0,0,14938
-1.2852094,-1.905796,-3.0124228,7.413512,2.231946,9.202913,190019,0,0,14937
-2.829155,-3.2466974,-3.2778656,4.0318985,3.7085996,8.9374695,190020,0,0,14936
-2.182977,-6.160699,-2.6920946,2.9360955,6.357157,2.3498607,190021,0,0,14935
-1.7699198,-1.7671047,-0.015428714,1.7793437,1.7821596,5.17055,190024,0,0,14629
-1.9071118,-1.9754597,-0.03673135,1.8780367,1.8096877,5.1822977,190025,0,0,14628
-1.1626308,-1.2622813,-0.01089601,1.5065233,1.119644,0.8582483,190027,0,0,14626
-1.4452572,-1.1315571,-0.018740812,1.1919591,1.0192477,0.62184244,190028,0,0,14625
-1.1512583,-0.0044252607,0.11816444,1.1744479,2.923962,3.5222487,190030,0,0,14624
-1.1176882,-0.007478661,0.12205664,1.1882856,2.5038328,3.874773,190031,0,0,14623
-0.9879511,-0.00205893,0.34615433,1.3187747,2.3735766,3.8213902,190032,0,0,14622
-1.537349,0.0050679315,0.32340834,0.9371448,2.5372262,3.98914,190033,0,0,14621
-0.4984829,-0.0071525574,0.35431692,0.33579922,1.7252611,1.5667067,190034,0,0,14620
-1.3328964,-0.25037873,0.069998264,1.0900866,2.172604,2.544149,190035,0,0,14619
-1.3287864,-0.023305297,0.35912246,0.981983,2.2874641,3.0456123,190036,0,0,14618
-24.113918,-24.116383,-20.729239,30.621218,30.617378,34.003227,190039,0,0,14617
-2.294009,-1.40418,-0.009042634,2.0813859,1.4467804,1.3620974,190041,0,0,14616
-2.1455083,-0.77987075,-0.009042634,2.1673746,0.8039962,1.3620974,190043,0,0,14615
-0.4969331,-4.2069335,-6.568333,0.15938345,4.352169,8.228154,190044,0,0,14614
-0.5500197,-4.269778,-7.6911383,0.09338026,4.1208787,6.8141465,190045,0,0,14613
-4.8692074,-23.09642,-0.19276504,2.6657288,26.381836,39.174435,190056,0,0,14612
-1.4355869,-3.2867367,0.034952164,1.7889625,3.2503645,8.189866,190057,0,0,14611
-2.7944014,-21.750675,-0.5352302,2.7944014,21.750675,29.186747,190058,0,0,14539
-2.7944014,-21.750675,-0.5352302,2.7944014,21.750675,29.186747,190059,0,0,14538
-0.5973188,-3.4227421,-0.28768668,0.59731936,3.422742,6.6804743,190060,0,0,14537
-0.4461016,-3.7725153,-0.18958409,0.44610167,3.7725153,10.682759,190061,0,0,14536
-2.7944014,-21.750675,-0.5352302,2.7944014,21.750675,29.186747,190063,0,0,14534
-1.120666,-4.694151,-0.17044285,1.2904685,4.667451,9.367272,190064,0,0,14533
-14.356964,-17.92926,-33.586365,14.284543,10.664897,33.58635,190069,0,0,14532
-18.416842,-9.49997,-33.341694,15.118011,9.499973,33.30762,190070,0,0,14531
-3.1524434,-3.3602312,-41.306896,3.1524441,3.3602295,41.306896,190071,0,0,14530
-4.3740573,-2.9260068,-41.306896,2.3464034,3.3788805,39.759792,190072,0,0,14529
-16.40703,-3.3602312,-3.1524184,16.40703,3.3602245,3.152418,190073,0,0,14528
-1.5793418,-1.0584798,-0.73262405,1.5891701,1.0530415,0.74904263,190076,0,0,14527
-1.11867,1.27388,-0.732622,1.1285,3.3854,0.0477067,190077,0,0,14526
-1.1186718,-2.838797,-0.7326242,1.1285,0,0,190078,0,0,14525
-2.69939,-2.6647,-0.146006,2.69939,2.6647,3.18956,190080,0,0,14524
-3.27422,-2.42081,-0.669431,3.07658,2.71777,4.9335,190081,0,0,14523
-2.23866,-1.71152,-0.179835,1.23418,2.17711,3.09236,190082,0,0,14522
-2.6714566,-2.2636466,-0.14148816,2.5892854,3.342954,2.4935236,190084,0,0,14521
-11.6821,-0.962428,0.00963167,11.7986,0.768253,1.7288,190087,0,0,14520
-11.134518,-14.800756,0.12764062,11.219289,14.789387,2.4425955,190088,0,0,14519
-11.134518,-14.800756,0.12764062,11.118646,14.789387,2.4425955,190089,0,0,14518
-11.134518,-3.341017,0.12764062,11.219289,14.789387,2.4425955,190090,0,0,14517
-10.923024,-1.2677065,0.012470881,10.720151,1.2534493,0.65911824,190091,0,0,14516
-1.36791,-1.25835,-11.5038,1.03439,1.07595,7.74688,190093,0,0,14515
-11.802598,-10.290318,-11.457973,11.777471,9.944516,7.7486496,190095,0,0,14514
-10.205462,-13.708143,-11.694717,10.143392,9.576329,7.6466966,190096,0,0,14513
-1.04864,-1.22646,-1.19649,2.05013,3.39494,6.73211,190097,0,0,14512
-10.5446,-20.9504,-9.91506,11.0589,10.5325,35.3487,190101,0,0,14199
-1.36682,-3.18752,-1.23808,1.5565,2.41138,10.5128,190102,0,0,14198
-2.96442,-3.16658,-0.805211,2.76887,2.73005,3.29475,190103,0,0,14197
0,0,0,0,0,0,190104,0,0,14196
-9.061086,-2.3697333,-0.24300613,14.303838,2.5912917,2.6966805,190106,0,0,14195
-5.0988364,-1.5326445,-0.24300613,5.9343586,1.1432667,2.485564,190107,0,0,14194
-2.8309162,-2.520448,-0.46419945,1.8651291,2.3002694,1.6984562,190108,0,0,14193
-0.38781542,-6.3120127,-0.20415163,1.1076518,5.9288006,1.4122359,190114,1,0,14192
-0.380516,-6.3120127,-0.19283065,1.096973,5.9288006,1.3824065,190115,1,0,14191
-0.8084986,-5.6787696,-0.2423235,1.5776012,7.576988,2.8529027,190116,1,0,14190
-0.8084986,-5.6787696,-0.2423235,1.5776012,7.576988,2.8529027,190117,1,0,14189
-13.9363,-4.62286,-1.24883,13.0962,5.14717,7.47555,190118,1,0,14188
-12.7463,-11.5276,-2.76385,10.2959,14.6971,40.3131,190119,0,0,14187
-6.42487,-12.2621,-0.948575,9.65524,12.0485,14.191,190120,0,0,14186
-33.4453,-30.8282,-4.71819,31.8629,32.3775,55.905,190121,1,0,14185
-33.1666,-31.4344,-1.94717,32.1417,31.7713,47.2348,190122,1,0,14184
-49.492,-51.5234,-5.18867,56.279,50.8423,65.7658,190123,1,0,14183
-27.7843,-24.6546,-5.41418,24.8837,26.3177,77.4861,190124,1,0,14182
-3.21599,-4.19682,-0.492342,2.30512,3.57876,11.7002,190126,1,0,14181
-6.5631676,-7.582803,-2.834553,6.5631685,7.574184,5.319788,190128,1,0,14180
-1.1280628,-1.1908311,0,1.4566483,1.2642609,3.1442482,190141,0,0,14088
-1.3238864,-1.3839883,-4.2067633E-05,1.5033804,1.564201,2.8269057,190142,0,0,14087
-1.5337261,-1.5528594,-0.00024147647,1.559119,1.7670437,3.0720592,190143,0,0,14086
-9.0353775,-8.749546,-0.042203374,8.876146,8.6851845,5.8992496,190153,0,0,14085
-10.274005,-20.411987,-1.2253685,17.908415,16.003061,63.585743,190160,0,0,14084
-11.9444,-11.6045,-4.63889E-05,11.9755,11.6602,19.1176,190165,0,0,14083
-5.10267,-5.98594,-2.8995,5.06014,5.99389,13.1234,190169,0,0,14082
-5.3587046,-6.2068734,-0.018553602,7.331823,6.69399,14.530236,190175,0,0,14081
-3.0555556,-3.0555556,-1.1111115,3.0555556,3.0555556,1.1111116,190178,0,0,14080
-3.0555565,-3.0555556,-1.1111115,3.0555563,3.0555556,1.1111116,190179,0,0,14079
-1.6007534,-1.2554928,-7.120768E-05,1.6007534,1.2554928,10.281278,190180,0,0,15479
-1.009022,-0.7913897,-1.7141086,1.009022,0.7913897,1.7141083,190181,0,0,15478
-1.235133,-0.990583,-1.7097019,1.2351333,0.9905829,1.709702,190182,0,0,15477
-1.6007534,-1.2554928,-1.7165807,1.6007534,1.2554927,1.7165811,190183,0,0,15476
-1.3888903,-1.9444444,-1.1388893,1.3888907,1.9444444,1.083334,190184,0,0,15475
-4.1666665,-1.9444444,-1.1388892,4.1666665,1.9444444,1.0833338,190185,0,0,15474
-24.999964,-1.9444444,-1.1111115,24.999964,1.9444444,1.1111115,190186,0,0,15473
-1.9688333,-1.3375528,-0.0196425,1.5344834,0.98753613,4.9167004,190192,0,0,15472
-53.114517,-7.6490784,-16.143627,49.578594,7.288949,10.569997,190193,0,0,15471
-10.236075,-6.1607165,-2.3412921,8.122365,5.978895,4.6738367,190194,0,0,15470
-7.646965,-6.159606,-2.3412895,6.5897107,5.980684,4.673836,190195,0,0,15469
-8.202092,-19.183912,-17.00327,8.352141,19.182905,11.212416,190196,0,0,15468
-0.83704007,-0.49141037,-0.01952258,1.0256616,1.0916622,1.1970834,190202,0,0,15387
-0.56751657,-0.7483483,-0.026361668,1.0845854,0.3294702,1.7915325,190203,0,0,15386
-0.25547186,-1.1801232,-0.09634916,0.9075508,0.33488736,1.4522244,190204,0,0,15385
-0.76907575,-1.0506436,-0.10184509,0.8311655,0.7003924,2.2335083,190205,0,0,15384
-0.62764907,-0.60152596,0,1.078241,1.120288,2.8782587,190206,0,0,15383
-1.1219195,-0.8682085,-0.059993368,1.4206697,0.8782522,2.4850018,190207,0,0,15382
-2.77811,-2.70308,-0.308839,2.09618,2.18257,2.70921,190223,0,0,15381
-3.5815675,-3.174434,-0.25883546,3.925616,4.5704436,5.6298347,190224,0,0,15380
-4.21825,-2.39846,-0.43165,0.850097,4.23697,6.11969,190225,0,0,15379
-3.58156,-3.38406,-0.258835,3.92561,4.36081,4.76667,190226,0,0,15378
-1.35357,-2.14889,-0.174868,2.40329,2.82164,3.36936,190227,0,0,15377
-2.438236,-2.0977314,-0.2574924,2.0712337,2.5825224,0.77729934,190228,0,0,15376
-0.650167,-0.806267,-0.252294,0.322217,0.387392,0.728919,190229,0,0,15375
-2.3822,-2.84403,-0.218745,2.4317,2.59701,1.26834,190230,0,0,15374
-1.62477,-1.63467,-0.105473,1.44253,1.54885,0.672236,190231,0,0,15373
-6.34986,-5.51311,-2.42263,5.13483,6.56808,4.24172,190232,0,0,15372
-7.335946,-6.642321,-3.337362,6.03675,1.9244175,4.7864,190233,0,0,15371
-2.26717,-1.31672,-1.27886,1.02624,2.04928,3.81944,190235,0,0,15370
-1.29257,-1.68868,-0.473089,1.33358,1.4489,3.03778,190237,0,0,15369
0,-25.937307,0,1.2428957,24.289995,29.473043,190238,0,0,15368
-0.090341516,-17.595753,0,0.56747633,15.677777,29.291721,190239,0,0,15367
-0.505181,-2.71585,-0.219444,0.373442,0.165476,3.34697,190241,0,0,15366
-0.408481,-0.17499,0.037325,0.549906,0.158343,0.855336,190246,0,0,15365
-1.0237551,-0.76692265,-0.28900686,1.026245,1.0655361,2.173484,190252,0,0,15364
-1.0237551,-0.76692265,-0.28900686,1.026245,1.0655361,2.173484,190256,0,0,15007
-1.1344943,-2.6342702,-0.46709967,2.80196,2.6435077,2.844828,190260,0,0,15005
-0.102573,-1.39673,2.60658,2.67203,1.38819,6.77614,190262,0,0,15004
-2.167246,-2.1512635,-7.179667,2.7038813,2.9062777,33.724728,190263,0,0,15003
-20.8349,-15.4913,-10.3471,15.4412,12.8011,15.4572,190264,0,0,15002
-12.0728,-9.76009,-20.2871,12.2277,8.64252,19.6248,190266,0,0,15001
-25.5688,-18.8444,-6.35453,20.7486,17.5928,13.803,190267,0,0,15000
-6.039698,-4.5628715,-0.3080694,3.3605645,4.820929,11.405302,190271,0,0,14932
-3.8872766,-6.427428,-0.34553865,1.6417693,6.2876244,14.277088,190272,0,0,14931
-5.0610204,-2.093654,-0.21800388,3.1606386,2.0787408,11.618392,190273,0,0,14930
-7.876181,-7.488328,-0.50869167,10.643281,6.2353725,8.717938,190274,0,0,14929
-1.7197576,-1.7654123,-0.23271397,1.6659559,1.7014338,3.7753682,190275,0,0,1438
-1.764935,-1.908414,-0.10180081,1.792257,1.7355387,3.3228736,190276,0,0,14928
-1.5732908,-1.8339969,-0.13425909,1.5745654,1.8008344,4.468322,190277,0,0,14927
-0.8118126,-0.9991113,-0.18873982,0.8377946,1.1398208,3.8903089,190278,0,0,14926
-1.6486933,-2.400428,-0.28292915,2.4383154,2.507324,9.679417,190279,0,0,14925
-1.4390565,-2.7055357,-0.56409836,2.897939,2.8144867,11.724633,190280,0,0,14924
-8.85667,-7.02093,-0.482597,3.47774,3.33633,7.04758,190281,0,0,14923
-2.4507291,-4.625016,-0.4309659,1.8735371,10.201737,7.3901005,190282,0,0,14922
-39.220444,-3.8559015,-1.2880522,5.9131413,4.297788,14.233314,190283,0,0,14921
-23.364645,-2.8839471,0,21.940573,2.7916214,13.822142,190284,0,0,14920
-12.848576,-3.0491443,-1.5896715,12.803745,3.005691,11.971438,190285,0,0,14919
-10.493769,-2.7645679,-1.9120454,14.88344,5.4100146,11.741917,190286,0,0,14918
-25.6505,-3.0491443,-1.5896713,25.63012,3.005691,11.971438,190287,0,0,14917
-38.49987,-3.1348996,-1.5896713,38.61805,2.919936,11.971438,190288,0,0,14916
-51.165943,-3.728242,-1.5896713,51.366985,3.005691,12.745206,190289,0,0,14915
-64.262245,-4.035977,-1.5896713,64.36452,3.246544,13.411016,190290,0,0,14914
-24.805708,-25.728462,-4.9571023,10.611108,14.729054,58.44936,190291,0,0,14913
-2.7683897,-3.2546685,-0.7294534,3.0057402,2.5198061,19.536512,190292,0,0,14912
-0.54398024,-0.5024683,-0.03634906,0.54505116,0.5024683,0.946389,190300,0,0,14911
-2.2397277,-0.561092,-0.06719525,1.5194793,0.561092,4.7923546,190304,0,0,1437
-13.989073,-8.939842,-1.5436655,10.169453,6.6327696,31.686544,190308,1,0,14910
-35.72481,-26.960688,-13.181296,35.36431,40.016468,49.543617,190311,1,0,14909
-13.989073,-8.939842,-1.5436655,10.169454,6.632769,31.686544,190312,1,0,14908
-7.8564615,-2.4501102,-1.2386848,7.101044,2.482629,6.245217,190313,0,0,14907
-3.91111,-1.56685,-0.778328,4.616,1.76699,4.6101,190314,0,0,14906
-4.069996,-0.8299764,-0.41791636,0.58838964,1.1661536,2.9087534,190315,0,0,14905
-35.72481,-40.77124,-3.3614645,35.36431,40.016468,49.543617,190316,1,0,14904
-7.809684,-6.79369,-1.7729979,6.558088,8.250819,18.217611,190319,1,0,14903
-58.464127,-65.764626,-2.115577,57.057102,63.91749,50.2159,190322,1,0,14902
-0.013888889,-0.013888889,0.00013888889,0.013888889,0.013888889,0.027916666,190331,0,0,14575
-0.663478,-0.781014,-0.00785222,0.743528,0.780317,1.44365,190332,0,0,14574
-2.146279,-1.9304167,0,2.1481972,1.930417,4.244082,190333,0,0,14573
-5.4836273E-05,-2.6342702,0.030227657,2.80196,2.6435077,2.7001877,190335,0,0,14511
-1.6151742,-1.6223811,-0.1824389,1.1343837,1.6377267,1.962414,190337,0,0,14510
-0.572169,-0.661781,-0.00135278,0.572272,0.661781,0.486128,190341,0,0,14509
-0.39209592,-0.34190488,0,0.3882823,0.43117934,1.0016947,190342,0,0,14508
-0.250335,-0.364228,-0.0132247,0.25691,0.285803,0.631533,190343,0,0,14507
-0.56971675,-1.737907,0.28731027,0.43325517,1.681597,8.758459,190345,0,0,1433
-0.54398024,-0.5024683,-0.03634906,0.54505116,0.5024683,0.946389,190347,0,0,14506
-2.2397277,-0.561092,-0.06719525,1.5194793,0.561092,4.7923546,190348,0,0,14505
-0.536912,-2.7715178,0.008549778,0.5369121,2.6568086,4.4402113,190353,0,0,14504
-2.00738,-2.06124,-0.879506,2.61059,2.06535,5.45543,190354,0,0,14503
-0.630672,-0.497764,-0.000194444,0.450042,0.454756,0.858531,190358,0,0,14502
-5.575502,-5.6342216,-0.8793559,5.709561,5.650841,10.405706,190361,0,0,14501
-1.7831372,-2.3806205,-0.018756177,1.7680407,2.3746018,3.238025,190363,0,0,14500
-5.10267,-5.98594,-2.8995,5.06014,5.99389,13.1234,190364,0,0,14499
-2.28803,-2.3772,-1.20796,1.76089,2.10677,0.192366,190375,0,0,1525
-0.965511,-0.884094,-1.20796,0.873581,1.04053,0.173126,190376,0,0,1523
-0.8661737,-0.9513677,-0.88833,0.7895413,0.95090276,3.062588,190377,0,0,14498
-1.8302233,-1.3446795,-0.6727469,1.4547068,1.5238864,3.6473956,190378,0,0,14497
-1.2792403,-0.8242045,-0.12115153,1.0025951,1.1684089,3.715964,190379,0,0,14496
-2.4948,-1.9603,-0.406458,2.14462,2.02153,3.73308,190380,0,0,14495
-1.40811,-1.61361,-0.639736,1.60143,1.17736,2.18997,190381,0,0,14494
-1.5208426,-1.1787139,-0.60938,1.0650997,1.8072754,3.5201433,190382,0,0,14493
-0.8919968,-1.0240532,-0.87577665,2.4172585,1.9083184,4.6254983,190383,0,0,14492
-1.292971,-1.1787139,-0.60938,1.2929713,1.8072754,3.7995737,190384,0,0,14491
-0.96331143,-0.7180541,-0.21168484,0.959045,0.82500434,0.62711674,190388,0,0,14490
-5.133695,-3.6921277,-1.3340116,0.29062092,1.7839909,6.1847224,190389,0,0,14489
-1.65918,-1.76362,-0.621364,1.89121,1.70455,5.57228,190390,0,0,14488
-2.2724514,-4.5475984,-0.61919624,2.8694024,4.1214046,3.075839,190393,0,0,14487
-2.165308,-5.622652,-1.7133902,1.6518143,4.5076675,2.7743435,190398,0,0,14486
-0.6086567,-0.48102936,-0.057633366,0.5041559,0.5976221,3.2116838,190400,0,0,14485
-0.3357009,-0.40461344,-0.057633366,0.26197162,0.4127751,2.5157301,190401,0,0,14484
-10.564066,-7.9194193,-0.43547907,9.5907,8.583804,19.108395,190404,0,0,14077
-3.7134912,-2.2575006,-1.121564,5.40766,3.1938756,1.870658,190405,0,0,14076
-3.0559635,-3.0979745,-0.5733106,4.3800817,2.7659452,7.591741,190408,1,0,14075
-3.17445,-3.5928845,-0.5632234,2.7519352,2.741665,5.4160275,190409,1,0,14074
-0.9511114,-0.9242131,-0.5224846,0.9326488,2.519734,3.00778,190410,1,0,1425
-5.887266,-10.083685,-2.079218,4.1346054,11.167143,9.229756,190411,1,0,14073
-2.8625886,-3.029603,-0.7238551,2.8966236,3.1838403,10.798932,190412,1,0,14072
-1.5159982,-5.104334,-0.75075465,1.9903902,6.6155376,4.738319,190413,1,0,14071
-1.586046,-6.091626,-0.8643468,1.4621165,1.5293919,5.3071733,190414,1,0,14070
-34.451237,-39.532864,-1.2630514,34.205204,39.78158,52.590954,190418,1,0,14069
-31.639252,-35.9068,-1.3823277,31.361183,36.684715,45.91863,190419,1,0,14068
-14.091283,-9.978806,-2.2003105,17.600641,18.957779,44.776035,190420,1,0,14067
-14.810407,-9.400129,-1.1192354,13.959579,18.957779,45.268276,190421,1,0,14066
-17.54197,-14.909278,-1.2630484,13.823091,12.476152,44.329117,190422,1,0,14065
-13.29815,-18.723778,-1.2630484,17.132954,10.152474,44.329117,190423,1,0,14064
-14.191879,-12.203885,-1.2630484,10.034821,10.43481,31.893759,190424,1,0,14063
-8.164145,-12.113456,-1.241307,13.565617,10.501224,33.63065,190425,1,0,14062
0,-25.937307,0,1.2428957,24.289995,29.473043,190428,0,0,14061
-0.090341516,-17.595753,0,0.56747633,15.677777,29.291721,190429,0,0,14060
-1.8756987,-2.8526988,-0.23153962,1.6630362,1.9223722,5.273371,190430,0,0,741
-1.8279053,-1.7086903,-0.22317396,2.9285228,1.7438736,6.278456,190431,0,0,14059
-2.877394,-1.1162517,-0.6718208,2.8134758,1.4733278,0.916608,190434,0,0,14058
-2.6973457,-1.0334439,-0.61745054,3.117831,0.8331876,0.83978397,190435,0,0,14057
-0.21076103,-0.15757905,-0.054967575,0.11840185,0.14036952,0.35872585,190436,0,0,14056
-0.099080175,-0.56174594,-0.13333723,0.7726299,0.59070784,0.4218915,190437,0,0,14055
-0.09387956,-0.23693506,-0.06202833,0.64716613,0.41677126,0.32907555,190438,0,0,14054
-0.169425,-0.153346,-0.0594225,0.311892,0.210852,0.345889,190439,0,0,14053
-0.169425,-0.167378,-0.0594225,0.311892,0.225956,0.348714,190440,0,0,14052
-0.35967776,-0.5536561,-0.04832556,0.66816866,0.14753027,0.5142484,190441,0,0,14051
-2.50637,-2.54072,-0.176237,2.51487,2.54527,3.48786,190444,0,0,14050
-2.50637,-2.54072,-0.176237,2.51487,2.54527,4.89183,190445,0,0,14049
-0.9655387,-0.7967928,-0.4102713,0.95681787,0.74626565,0.42853034,190447,0,0,14048
-7.4097967,-3.5780792,-1.6526959,3.382716,3.6593773,8.980761,190450,0,0,14047
-11.9298,-3.1539,-2.09515,2.15162,13.2807,6.37287,190451,0,0,14046
-7.905913,-8.310483,-1.5425144,11.765854,4.275592,6.335759,190452,0,0,14045
-4.89236,-4.90997,-5.27653,5.68744,5.80606,4.77206,190453,0,0,14044
-7.14569,-5.50833,-2.32733,6.04992,5.29531,12.3019,190454,0,0,14043
-1.1532124,-1.0240532,-0.59670854,1.1532127,1.6391773,4.9045663,190456,0,0,14042
-1.292971,-1.1787139,-0.60938,1.2929713,1.8072754,3.7995737,190457,0,0,14041
-6.20792,-3.28594,-1.31435,6.28594,3.16967,2.93686,190462,0,0,14040
-2.98094,-3.692,-2.6848,2.7137,3.89731,9.55664,190463,0,0,14039
-4.39831,-3.47811,-3.26592,6.39422,3.75933,7.16369,190464,0,0,14038
-1.5226914,-5.9533734,-0.8470286,1.4468724,5.9714594,9.233098,190466,0,0,14037
-4.28681,-1.89716,-0.882306,4.25178,1.2473,3.58917,190467,0,0,14036
-1.17872,-5.21058,-0.881794,1.17983,5.21256,1.58196,190468,0,0,14035
-0.75306535,-5.6912365,-0.08572582,1.4870553,4.133862,2.136346,190469,0,0,14034
-3.1360178,-26.91326,19.913807,1.7577583,27.523848,31.162388,190470,0,0,14033
0,-19.603884,0,4.014607,17.750956,19.375982,190471,0,0,14032
-0.4255651,-15.912652,0,6.0471253,21.582685,19.736979,190472,0,0,14031
-1.0460349,-5.9453225,0.0009426791,1.9177573,4.3829365,18.5214,190474,0,0,14030
-1.0960054,-4.4472175,0.0009426791,1.9741241,5.88104,18.5214,190475,0,0,14029
-1.54209,-6.21567,0.166053,1.31738,6.65197,17.5272,190476,0,0,13969
-4.11571,-1.41532,-0.165329,4.11906,1.62199,0.830917,190477,0,0,15351
-1.84598,-1.19066,-0.165329,4.13784,1.84664,0.830917,190478,0,0,15350
-2.35634,-1.39381,-0.127309,2.60481,0.777886,0.571289,190479,0,0,15349
-4.887827,-8.003339,-3.824143,3.3349628,9.939774,11.831521,190484,0,0,15348
-5.1824946,-4.863004,-3.8273096,3.3599267,11.118605,9.91865,190485,1,0,15347
-2.8625886,-3.029603,-0.7238551,2.8966236,3.1838403,10.798932,190486,1,0,15346
-2.4899678,-3.5880725,-3.6882842,3.2864285,2.312854,10.179438,190487,1,0,15345
-9.267981,-8.254567,-1.2413049,13.121366,11.220778,31.284742,190488,1,0,15344
-6.5731597,-10.432227,-0.92294884,7.19374,9.186484,14.269274,190489,0,0,15343
-14.503013,-7.042988,-0.010833333,5.1538386,4.9132814,21.125797,190505,0,0,15342
-6.752245,-6.958973,-1.766811,7.154406,12.537149,27.004581,190508,0,0,15341
0,0,0,0,0,0,190511,0,0,15340
-8.082941,-6.90185,-0.2632977,12.289007,9.584021,33.808163,190515,0,0,15339
-2.0522861,-4.141926,-0.20349748,2.1191945,4.1321373,4.471335,190517,0,0,15338
-6.4765406,-5.617533,-0.3889652,4.0666814,5.6067452,23.015415,190519,0,0,15337
-2.53472,-3.57639,0,3.57639,2.53472,2.22222,190520,0,0,15336
-2.77778,-2.77778,0,3.33333,3.33333,2.22222,190521,0,0,15335
-1.60075,-1.25549,-0.000274722,1.60075,1.25549,10.2796,190522,0,0,15334
-1.01525,-0.796147,0.0105583,1.00279,0.786625,3.43878,190523,0,0,15333
-1.23764,-0.991164,0.002325,1.23262,0.989994,3.42172,190524,0,0,15332
-1.25206,-1.59662,0.00185,1.25892,1.60488,3.435,190525,0,0,15331
-1.38889,-1.94444,0,1.38889,1.94444,2.22222,190526,0,0,15330
-4.16667,-1.94444,-0.0120431,4.16667,1.94444,2.21018,190527,0,0,15329
-24.9994,-1.94444,-1.13889,24.9994,1.94444,1.08333,190528,0,0,15328
-1.67816,-3.40397,0.0151258,1.68901,3.34803,4.67583,190529,0,0,15327
-0.430319,-0.46780607,0,0.42883322,0.5242575,0.99206364,190535,0,0,15326
-2.3508432,-2.3305707,-0.4564074,2.753764,2.2866554,1.4162132,190536,0,0,15325
-0.4201786,-0.4851805,-0.0034665267,0.4201786,0.4851805,2.3118222,190537,0,0,15324
-0.9489787,-1.0818241,-0.10677973,1.1989744,1.0888542,6.1335115,190541,0,0,15323
-1.5337261,-1.5528594,0.07244412,1.559119,1.5399853,5.9666476,190542,0,0,15322
-0.42892313,-0.7637713,0,0.42892313,0.7640065,0.5033449,190543,0,0,15321
-2.877394,-1.1162518,-0.6718208,2.8134758,1.4733278,0.91660786,190545,0,0,15320
-2.6973457,-1.033444,-0.61745054,3.117831,0.8331877,0.83978397,190546,0,0,15319
-9.355678,-18.198206,-1.1726867,9.509603,22.149334,9.776616,190548,0,0,1491
-2.0957806,-2.6828263,0,2.2498238,1.832826,1.7875086,190549,0,0,15242
-1.15521,-1.00937,-0.0541683,1.21399,1.13393,1.80299,190564,0,0,14892
-1.22492,-1.40576,-0.274928,1.7267,1.40883,2.18954,190566,0,0,14891
-0.326433,-0.247292,-0.00685333,0.251899,0.302733,0.254427,190567,0,0,14890
-0.356219,-0.487897,-0.00257222,0.619064,0.548364,1.50528,190568,0,0,14889
-19.7909,-22.0202,-0.276292,22.4984,27.154,2.21801,190571,0,0,14888
-9.51839,-6.52078,-0.0526892,9.174,6.15931,1.73144,190572,0,0,14887
-0.274373,-0.261224,-0.0285203,0.218411,0.221486,0.668622,190573,0,0,14886
-1.56222,-1.77723,-0.331508,1.25647,2.23854,1.18064,190574,0,0,14885
-0.217192,-0.453103,-0.796186,0.218964,0.332347,0.508172,190576,0,0,14884
-0.798744,-1.80415,-0.0718367,0.680917,1.63982,1.53234,190577,0,0,14883
-0.709661,-0.573317,-0.0920539,0.716778,0.577436,3.13561,190578,0,0,14882
0.090875,-0.480092,0.00818694,0.101974,0.319472,2.92089,190579,0,0,14881
-3.39058,-3.72119,-2.99269,3.52358,3.16647,2.96206,190580,0,0,14880
-19.7908,-19.8749,-0.276292,22.536,27.7608,2.21802,190581,0,0,14879
-1.09063,-1.54434,-0.0184625,1.09255,1.54434,1.17859,190586,0,0,14878
-0.6444219,-1.3950478,-0.07122996,0.61273265,0.3845682,1.231136,190587,0,0,739
-0.357575,-0.497706,0.0038825,0.367161,0.598781,0.318756,190592,0,0,14877
-0.625025,-0.736194,0.0196456,0.606497,0.738467,0.481594,190595,0,0,14876
-0.7942099,-1.3508286,-0.48458514,0.6991472,1.3091735,1.1137952,190596,0,0,14875
-2.9205105,-2.4543946,-0.1291694,2.7756102,2.8143857,5.7582226,190597,0,0,14874
-2.9205105,-2.4543946,-0.1291694,2.7756102,2.8143857,5.776044,190598,0,0,14873
-2.469995,-2.2834437,-0.1299483,5.264485,2.7468197,4.217219,190599,0,0,14872
-0.34534225,-0.13853708,0,0.4053946,0.15994802,2.4707627,190608,0,0,14871
-3.4439845,-3.4667017,-0.09234285,3.4908552,3.468138,6.842497,190612,0,0,14870
-0.35678297,-0.364803,-0.10537519,0.3606851,0.35266507,3.6832454,190613,0,0,14869
-0.64707285,-0.67194074,-0.06076863,0.7069302,0.6820623,4.145526,190614,0,0,14868
-208.8407,-205.45882,17.917768,200.99812,209.85158,40.36981,190615,0,0,14867
-1.3942124,-1.3935417,-0.019620463,1.3835654,1.3842361,4.810676,190617,0,0,14866
-3.52358,-0.657311,-0.260516,1.82514,1.6567,1.07771,190619,0,0,14865
-5.71572,-3.534376,-0.52080756,6.363029,2.0533555,2.8227236,190620,0,0,14864
-8.109946,-9.471626,-1.2634135,7.755772,9.775643,12.308307,190623,0,0,14793
-9.120873,-10.413507,-0.98028016,8.604332,8.597102,6.999465,190624,0,0,14792
-0.19757323,-1.2478005,0.0003628201,0.26676568,1.2876573,1.7779382,190626,0,0,14791
-0.7037266,-1.2644339,0.0003628201,0.65179306,1.3113123,1.7779382,190627,0,0,1835
-0.615444,-1.83562,-0.0305514,0.579911,1.85365,3.84236,190629,0,0,14790
-19.714949,-9.628371,-5.4245315,8.402825,9.571314,10.4849,190632,0,0,14789
-0.5762709,-1.1793534,-3.639627E-07,0.5231455,1.1873835,1.5628036,190633,0,0,14788
-0.27011442,-0.90542454,-0.0020108223,0.21771713,0.87927115,1.9709448,190634,0,0,14787
-0.23145114,-0.5607912,-0.0020108223,0.1951408,0.5598867,1.6887482,190635,0,0,14786
-0.25992504,-0.62266,-0.0020107164,0.2279065,0.62809646,1.3571631,190636,0,0,14785
-5.4331408,-7.2335725,-0.11912481,6.036117,6.224342,21.293497,190638,1,0,14784
-5.4331408,-7.2335725,-0.11912481,6.036117,6.224342,21.293497,190639,1,0,14546
-5.4331408,-7.2335725,-0.11912481,6.036117,6.224342,21.293497,190640,1,0,14545
-5.4331408,-7.2335725,-0.11912481,6.036117,6.224342,21.293497,190641,1,0,14544
-33.4453,-30.8282,-4.71819,31.8629,32.3775,55.905,190642,1,0,14543
-2.2618215,-1.6283381,-0.46078545,1.8462816,2.2674716,1.936637,190647,1,0,14542
-0.96447307,-1.0241096,-0.11912481,1.2100296,1.2240158,2.4576752,190648,1,0,14541
-0.248234,-0.254648,0.00163333,0.249126,0.242711,0.136941,190650,0,0,14540
-0.255401,-0.250099,0.00163333,0.241959,0.247261,0.0325342,190653,0,0,14483
-0.10885666,-0.14893107,0,0.09071958,0.12782854,0.31676236,190654,0,0,14482
-7.7897315,-4.4989605,-0.14292563,8.20503,2.4672327,6.5600505,190655,0,0,14481
-3.7163975,-2.2834437,-0.1299483,5.4047537,2.7468197,2.4444637,190657,0,0,14480
-0.45415366,-0.34075436,-0.015294577,0.21038967,0.29068175,0.53184336,190658,0,0,14479
-4.1575947,-0.18339165,-0.5586666,0.14094563,0.13080887,1.9017483,190659,0,0,14478
-1.74194,-0.18339153,-0.8347902,0.14094563,0.13080887,1.9017483,190660,0,0,14477
-0.13383716,-0.14164168,-0.5586666,0.14094563,0.13080887,1.9017483,190661,0,0,14476
-5.0336933,-4.9860377,-0.2611443,5.0350137,5.082669,9.434204,190662,0,0,14475
-5.153745,-1.6116418,-0.029952155,2.7368834,4.735215,6.0636725,190666,0,0,14474
-4.1819468,-1.6116418,-0.029952155,1.360157,2.0421364,6.0636725,190667,0,0,14473
-4.1819468,-1.6116418,-0.029952155,1.5449371,2.0421364,8.1353,190668,0,0,14472
-4.30784,-1.61164,-0.0299517,0.361839,1.74572,5.39463,190669,0,0,14471
-0.7965837,-0.6975886,-0.05942287,0.9304714,0.7956397,0.5142484,190671,0,0,14470
-1.3014718,-1.4194659,-0.093059614,1.3946266,1.4153795,0.9815043,190673,0,0,1735
-18.983246,-8.626132,-0.62640256,19.255655,8.756188,2.2155716,190675,0,0,14469
-6.705458,-1.7717322,-1.9626372,2.7850718,2.238411,2.3222039,190677,0,0,14468
-3.0134308,-11.264608,-0.36146036,0.3683406,9.784531,-0.0709281,190678,0,0,14467
-5.4362006,-5.428442,-5.456487,5.4206834,5.428442,5.400397,190680,0,0,14466
-4.1164975,-11.156316,-2.9852457,4.841385,9.955847,7.827982,190681,0,0,14465
-1.3959404,-3.8867595,-0.011179606,1.26292,3.862359,14.90456,190683,0,0,14464
-0.98864925,-0.6133557,-0.11045231,0.8275556,0.6255445,1.5087701,190685,0,0,14463
-1.2185339,-1.1591308,-0.51501787,1.1299227,1.1893258,1.8334388,190688,0,0,14462
-7.659957,-2.8119764,-0.02936849,7.161715,2.0070565,14.773662,190690,0,0,14461
-1.1841471,-1.1763426,-0.50598305,1.1666906,1.1744951,1.9698313,190693,0,0,14460
-106.86893,-105.7032,-0.786705,107.16644,108.33217,213.24866,190694,0,0,14459
-46.200684,-76.66071,-0.56143516,34.788395,76.4163,77.64327,190695,0,0,14458
-48.998425,-57.270832,-0.5614356,34.788395,55.956318,121.30283,190696,0,0,14457
-52.015995,-52.001076,-2.492083,11.011273,50.938885,109.3564,190697,0,0,14456
-98.00497,-57.270832,-0.5614356,34.788395,55.956318,121.30283,190698,0,0,14455
-9.420491,-9.426575,-0.24068339,9.426446,9.51513,3.1664317,190699,0,0,14454
-4.631903,-7.361975,-0.0011935598,-0.0025968319,7.405428,11.48691,190700,0,0,14453
-8.399976,-3.3851986,-0.44538578,8.622926,6.4962635,15.112498,190701,0,0,14452
-4.8437834,-5.100245,-2.2188673,3.5230608,3.718948,3.9847152,190706,0,0,14451
-4.8437834,-5.100245,-2.2188673,3.5230608,3.718948,3.962066,190707,0,0,14450
-18.33723,-12.027742,-1.3550442,16.357725,20.650225,74.182014,190711,1,0,14449
-20.64496,-28.811947,-2.405253,23.85569,19.229622,64.53932,190712,1,0,14448
-17.298563,-24.621586,-1.9031321,12.599676,19.351027,58.723213,190713,1,0,14447
-4.9833856,-16.155878,-1.3605393,9.0872135,3.9826236,40.10711,190714,1,0,14446
-22.186974,-10.577103,-1.8192204,4.3298254,10.799151,51.395237,190715,1,0,14445
-14.763992,-15.579395,8.657609,15.620957,9.653659,12.898816,190716,0,0,14444
-25.763113,-25.000124,0.78905565,25.31773,25.464176,14.943968,190717,0,0,14443
-36.60508,-13.570774,8.816183,30.547,4.218526,16.018803,190719,0,0,14442
-36.334812,-13.470577,8.820747,30.321472,4.1873794,15.970191,190720,0,0,13998
-37.166195,-14.218311,8.681065,30.884945,4.2395806,16.651155,190723,0,0,14093
-36.891785,-14.113331,8.68663,30.656914,4.2082787,16.597874,190724,0,0,14092
-2.738265,-1.9377596,1.5153898,1.5911659,2.0427783,2.439381,190725,0,0,14091
-2.738265,-1.9189204,1.5153898,1.5897603,2.0420494,2.439381,190726,0,0,14090
-2.738265,-1.9189204,1.5153898,1.5897603,2.0420494,2.439381,190727,0,0,14089
-0.8621248,-1.0442766,0.9802917,1.1555607,1.0821737,1.9447718,190731,0,0,14028
-3.9391153,-1.9309539,0.38520196,2.0743446,1.30562,1.1376605,190733,0,0,14027
-0.7740352,-1.1217681,-0.26201332,0.36384755,0.79545695,1.1076031,190739,0,0,14026
-1.6377914,-17.739277,-0.011469678,1.7274233,15.072667,20.731058,190755,0,0,14025
-2.2645607,-12.635137,-0.11711655,2.1042147,11.689902,24.99911,190756,0,0,14024
-1.9383523,-21.172068,-1.0270057,1.6628681,16.683817,24.650131,190757,0,0,14023
-1.5184298,-13.58004,-0.16154802,1.1827146,11.22277,23.273752,190758,0,0,14022
-10.338842,-15.247894,-5.226795,4.0786743,18.459732,20.203312,190760,0,0,14021
-8.655388,-10.195864,0.030663528,9.71219,6.5407705,26.397848,190763,0,0,14020
-6.3352165,-4.130713,0.005783102,2.7155278,4.7825317,11.836118,190764,0,0,14019
-1.7182921,-3.0632496,0.003930906,2.7176938,1.3829317,4.312416,190765,0,0,14018
-13.992662,-11.01665,-11.039903,13.703239,16.679253,21.801737,190766,0,0,14017
-2.8745282,-4.1079593,-1.1910273,2.7550735,4.342711,11.556009,190767,0,0,14016
-10.790877,-14.619681,-0.08903222,6.183765,21.755257,16.8487,190768,0,0,14015
-5.106944,-5.8794127,-0.33168572,5.5058,11.634555,11.839223,190769,0,0,14014
-6.446841,-12.832317,-0.73861957,7.6229315,3.5760922,46.589733,190770,0,0,14013
-4.8588133,-8.232199,-0.25298363,6.5889764,4.4534893,24.308678,190771,0,0,14012
-9.851348,-5.960759,-0.06308394,10.087048,8.954801,45.687042,190772,0,0,14011
-4.7376046,-1.779718,-0.010506918,2.5571742,3.311476,13.35079,190773,0,0,14010
-6.7179937,-3.062215,-0.04453504,2.7671154,5.3107553,22.803873,190774,0,0,14009
-12.679622,-10.302392,-0.3486959,13.074848,9.98551,31.90267,190775,0,0,14008
-118.80608,-161.63048,-15.284485,101.01841,83.47258,204.54001,190793,0,0,14007
-133.35477,-162.45671,-10.514259,92.256195,83.47258,200.1289,190794,0,0,14006
-65.93795,-68.82429,-2.5342455,70.75022,57.179337,177.2481,190795,0,0,14005
-71.19578,-84.57344,-3.0370817,97.82113,69.740234,178.0603,190796,0,0,14004
-81.114365,-81.81108,-5.5834966,82.23731,66.58402,153.54141,190797,0,0,14003
-0.28735203,-0.58162475,-0.23204753,0.66283447,0.53058845,1.0224377,190803,0,0,14002
-0.2873519,-0.6317561,0.21979271,0.4107453,0.10761932,1.1729231,190804,0,0,14001
-0.28735203,-0.58162475,-0.23204753,0.66283447,0.53058845,1.0224377,190805,0,0,14000
-0.287352,-0.46377245,-0.45971337,0.7796775,0.5999075,0.90732163,190806,0,0,13999
-0.28735194,-0.5850871,0.67131805,0.26688996,-0.11856494,1.1713736,190807,0,0,13997
-0.2853508,-0.41288462,-0.29400694,0.6628346,0.667068,0.9342116,190808,0,0,13996
-0.9270202,-1.4659424,-0.08687742,1.1508173,1.3528758,2.3162832,190809,0,0,13995
-1.0373256,-1.7535521,-0.11145792,1.4046743,1.4057537,2.862209,190810,0,0,13994
-0.6159258,-0.49852964,-0.044847127,0.37969735,0.3841792,0.70926905,190811,0,0,13993
-1.97877,-1.33836,-3.22528,2.10504,1.25676,2.6975,190813,0,0,13992
-1.07521,-0.549686,-2.3593,1.14733,0.509694,2.3593,190814,0,0,15423
-1.5231521,-1.3383573,-0.28320435,2.1050408,1.2567654,4.5271416,190815,0,0,15422
-1.9836671,-1.3383576,-8.280511,2.100148,1.2567656,2.6998587,190816,0,0,15421
-1.0752144,-0.54969037,-7.308259,1.147331,0.5096961,2.366825,190817,0,0,15420
-1.9787748,-1.3383576,-3.2252862,2.1050408,1.2567656,2.6974995,190819,0,0,15419
-1.07521,-0.549686,-2.3593,1.14733,0.509694,2.3593,190820,0,0,15418
-1.3717949,-11.456689,-1.5167803,7.760884,10.211456,27.334589,190822,0,0,15417
-20.6692,-23.077456,-22.616905,24.317364,21.90911,22.36966,190823,0,0,15416
-12.278702,-5.143375,-3.262975,12.577914,4.805548,35.449615,190824,0,0,15415
-12.432972,-6.1081443,-3.3865407,12.432971,6.108145,35.076496,190825,0,0,15414
-92.6446,-163.21631,-67.42228,108.83384,160.59859,88.3173,190828,0,0,15413
-92.6446,-163.21631,-67.42228,108.83384,160.59859,88.3173,190829,0,0,15412
-92.6446,-163.21631,-67.42228,108.83384,160.59859,88.3173,190830,0,0,15411
-147.2933,-114.03348,-84.756615,114.56208,99.47905,84.756615,190831,0,0,15410
-147.2933,-114.03348,-84.756615,114.56208,99.47905,84.756615,190832,0,0,15409
-157.19073,-86.340614,-41.209835,283.43594,128.58423,104.77685,190833,0,0,15408
-157.19073,-86.340614,-41.209835,283.43594,128.58423,104.77685,190834,0,0,15407
-88.62139,-240.48286,-66.08085,109.26466,154.48412,-2.1268237,190835,0,0,15406
-88.62139,-240.48286,-66.08085,109.26466,154.48412,-2.1268237,190836,0,0,15405
-310.57047,-163.08954,-125.72281,158.95773,356.33795,44.082253,190837,0,0,15404
-310.57047,-163.08954,-125.72281,158.95773,356.33795,44.082253,190838,0,0,15403
-310.57047,-163.08954,-125.72281,158.95773,356.33795,44.082253,190839,0,0,15402
-99.8042,1.203498,0.8620131,156.28827,259.6211,189.36043,190840,0,0,15401
-99.8042,1.203498,0.8620131,156.28827,259.6211,189.36043,190841,0,0,15400
-99.8042,1.203498,0.8620131,156.28827,259.6211,189.36043,190842,0,0,15399
-99.8042,1.203498,0.8620131,156.28827,259.6211,189.36043,190843,0,0,15398
-99.8042,1.203498,0.8620131,156.28827,259.6211,189.36043,190844,0,0,15397
-76.03542,-77.838486,-0.76851207,75.90739,74.10434,124.50042,190849,0,0,15396
-15.057082,-28.90557,-30.06206,43.359215,29.510729,32.134285,190858,0,0,15394
-0.355644,-0.40285,-0.130015,0.403969,0.352947,1.70629,190869,0,0,15392
-1.09132,-1.09132,-0.660961,1.09132,1.09132,1.52167,190870,0,0,15391
-0.355644,-0.40285,-0.130015,0.403969,0.352947,0.831919,190871,0,0,15390
-0.568542,-0.703556,-2.97708,0.778294,0.703111,0.0166711,190872,0,0,15389
-0.495208,-0.471114,-2.72851,0.757942,0.446744,0.0407061,190873,0,0,15388
-0.38840553,-0.84120536,-1.0006319,0.3884055,0.8412054,1.0817335,190874,0,0,13319
-0.69894356,-0.62183535,-0.09176443,0.69506335,0.6218357,1.5685816,190875,0,0,13318
-0.6331296,-0.7440717,-0.028158184,1.059728,0.7440717,1.5979505,190876,0,0,13317
-12.009,-12.9533,-1.81244,9.69669,13.5307,11.9931,190880,0,0,13762
1,1,1,-1,-1,-1,190882,0,0,1499
-0.10013592,-1.2321836,-1.438733,0.38953844,1.2321836,1.4477895,190883,0,0,13761
-0.68855923,-0.68855935,-0.0009469456,0.68855935,0.6885592,1.6666666,190885,0,0,13760
-2.344406,-1.6877745,0,2.4357402,1.6877745,1.3302133,190886,0,0,13759
-2.9600523,-3.103724,-3.525432E-07,2.9600527,3.1037242,4.2917953,190887,0,0,13758
-2.2337425,-2.2334933,-2.4528663,2.233021,2.2332702,2.2333817,190890,0,0,13757
-0.576872,-0.57375,-6.96764,0.585242,0.588358,0,190893,0,0,13756
-0.608692,-1.10119,0,0.608694,1.10119,0.755617,190895,0,0,13755
-1.7621679,-7.3130465,-7.331298,12.992424,7.4415455,7.423294,190898,0,0,13754
-16.301348,-16.794928,-13.371953,17.428839,16.935259,20.358234,190900,0,0,13753
-0.42278057,-0.7734417,0,0.32694167,0.9606,1.5558778,190914,0,0,13752
-1.55292,-1.321,-0.238348,1.55292,1.63284,2.88847,190915,0,0,13751
-0.30233333,-0.9954334,-0.0011333334,0.7732361,0.89650834,1.8961277,190916,0,0,13750
-0.38713333,-0.57847226,-0.026441945,0.61966115,0.6732611,2.2827332,190917,0,0,13749
-0.26663807,-0.43522224,-0.0019722222,0.24201305,0.5255334,2.3592196,190918,0,0,13748
-0.31144354,-0.508597,-0.0020388023,0.28258556,0.5540326,1.8634112,190919,0,0,13747
-0.31144354,-0.508597,-0.0020388023,0.28258556,0.5540326,1.8634112,190920,0,0,13746
-0.39638612,-0.5791,0,0.33763334,0.37799168,1.9086056,190921,0,0,13745
-0.56536674,-0.52666974,-0.0005449451,0.35593966,0.7482775,2.0743372,190922,0,0,13744
-0.56536674,-0.52666974,-0.0005449451,0.35593966,0.7482775,2.0743372,190923,0,0,13743
-0.32333428,-0.52962446,-0.0028828953,0.47778606,0.52962446,1.9660791,190924,0,0,13742
-0.32333428,-0.52962446,-0.0028828953,0.47778606,0.52962446,1.9660791,190925,0,0,13741
-0.32333335,-0.52962226,-0.002882778,0.47778055,0.52962226,1.9660778,190926,0,0,13740
-0.40428334,-0.81790835,0,0.55938894,0.49220556,2.0497751,190927,0,0,13739
-0.42373613,-0.8618667,0,0.37683612,0.7042306,2.0071669,190928,0,0,13738
-0.47111776,-0.8711893,0.01564252,0.38976195,0.8711628,1.9441035,190929,0,0,13737
-18.030376,-25.528385,-14.5836,9.241238,25.023771,16.832884,190963,0,0,13572
-31.991291,-30.24939,-23.058567,40.591568,30.014576,29.020784,190964,0,0,13571
-43.096596,-43.21974,-6.2340107,43.19368,43.070534,84.29992,190967,0,0,13570
-51.295433,-51.92902,-48.034966,61.904327,61.27074,65.164795,190968,0,0,13569
-6.3778505,-8.456197,-0.15664561,6.292675,8.456197,3.6967964,190970,0,0,13568
-9.782906,-6.756092,-6.8040247,3.5939112,6.6207247,41.328365,190971,0,0,13567
-15.259133,-14.110914,-6.423308,13.067947,14.859967,24.188074,190974,0,0,13566
-7.1453357,-8.844213,-0.8426484,5.87815,4.799046,20.14715,191009,0,0,13565
-6.5114937,-5.3739457,-0.28767034,1.6709524,2.6854968,5.8139906,191016,0,0,13564
-13.377424,-11.200886,-1.0045084,10.792662,10.925706,0.82321906,191018,0,0,13563
-17.886778,-5.54171,-2.924265,8.026469,5.906157,9.238051,191019,0,0,13562
-17.886778,-5.54171,-2.924265,7.380468,5.906157,3.1013715,191020,0,0,13561
-5.4548774,-6.2512183,-4.2385525E-07,4.9925327,6.4646516,8.933207,191021,0,0,13560
-6.69575,-6.7429886,-0.1831114,6.7016916,7.041815,20.806686,191022,0,0,13617
-0.160734,-1.2375548,0,1.0289284,1.2403718,5.7920475,191023,0,0,13616
-3.0421102,-4.066086,-0.27446198,2.681929,10.339479,9.450293,191024,0,0,13615
-6.9712586,-0.8937253,-1.9316725,7.0098386,0.89890504,2.0226967,191025,0,0,13431
-6.373138,-7.7336097,-0.69616276,6.004484,5.0018873,20.293634,191026,0,0,13430
-0.073974244,-1.6390465,0.9632595,0.47603443,1.7113869,4.993206,191029,0,0,13429
-9.107061,-8.588129,-4.1874714,6.5086417,6.401075,7.430074,191031,0,0,13428
-6.373138,-7.7336097,-1.7370265,6.004484,5.0018873,20.293634,191032,0,0,13427
-2.7899456,-1.3629353,-0.3513031,2.4656603,1.3177564,1.0527639,191033,0,0,13426
-1.4447864,-2.1483421,-0.34957314,1.4278182,2.0290852,1.0510321,191034,0,0,13425
-2.6811469,-3.5985582,-2.5107987,5.2341633,5.2719865,10.693314,191037,0,0,13424
-7.008374,-7.947419,-2.9215646,8.063451,6.5184293,7.2597523,191038,0,0,13423
-9.874897,-7.4742813,0.16087487,7.295638,7.5488105,9.104864,191039,0,0,13422
-6.3116527,-7.7945056,-1.9184337,6.971803,5.115677,19.822868,191040,0,0,13421
-6.3124857,-6.2568016,-5.399502,6.2681923,6.3238764,7.181176,191085,0,0,13419
-2.839354,-2.8254824,-2.802799,2.8116107,2.8254824,2.8481658,191088,0,0,13417
-2.8588398,-2.7430935,-2.7876391,2.6273472,2.7430935,2.6985478,191093,0,0,13416
-0.32687557,-0.75110334,-2.1500149,0.28937754,0.7701839,3.1087015,191094,0,0,13474
-1.1005645,-1.0788398,-2.0095923,1.1049421,1.1266668,0.32114458,191096,0,0,13473
-0.024922812,-0.3028168,-0.3041144,0.037106052,0.30541205,0.3041144,191098,0,0,13472
-0.02580959,-0.5755905,-0.51719636,0.04146094,0.37769446,0.48915333,191099,0,0,13471
-0.04178006,-1.0285501,-0.13601981,0.045005295,1.0286919,0.3042697,191100,0,0,13470
-0.060466748,-1.1594871,-0.25961274,0.18084343,1.168523,0.47817844,191101,0,0,13469
-0.35790345,-0.45033646,0.012928718,0.34821525,0.45863348,0.44150785,191107,0,0,13772
-1.1616207,-0.6900978,-0.00822197,1.6454194,0.67500585,2.4931905,191109,0,0,13771
-0.34286135,-0.37080055,-0.034101624,0.25920323,0.36466548,0.89726764,191177,0,0,14933
-19.274857,-19.237381,-0.080336995,2.8960145,19.248257,9.777138,191217,0,0,14863
-9.027509,-9.001734,-1.1185822,11.473661,8.992642,4.866487,191218,0,0,14862
-2.6290817,-3.1889384,-1.1224028,2.9095085,3.6253064,-0.26414368,191347,0,0,14078
3.9418537E-05,-3.9032223,-0.7397389,0.30147806,3.881394,0.8745993,191473,0,0,14833
3.9418537E-05,-3.9032223,-0.7397389,0.30147806,3.881394,0.8745993,191474,0,0,14832
-2.4267008,-8.179714,-5.541657,3.7008955,8.012475,11.668324,191790,0,0,14775
-3.780721,-15.682719,-5.5219765,2.3468754,15.735602,11.668324,191791,0,0,14774
-1.9189625,-30.70242,-5.524351,4.208635,30.522013,11.668324,191792,0,0,14773
-1.8622246,-58.199734,-5.5010843,4.265372,57.96867,11.668324,191793,0,0,14772
-2.4267008,-4.3164015,-5.4753757,3.7008955,4.1491637,11.668324,191794,0,0,14771
-3.4710257,-5.952086,-5.514848,4.786168,5.94923,13.718851,191795,0,0,14770
-0.36197534,-0.31026962,0.0059481594,0.38233262,0.3411103,0.8090072,191979,0,0,15248
-2.0351145,-0.50096023,-0.081704505,2.035741,0.51009065,1.0063801,192071,0,0,14724
-0.0357044,-0.45590824,0.021637043,0.040236,0.45614323,0.72550935,192078,0,0,14720
-0.12982135,-0.20558831,-0.008192486,0.12982143,0.20558828,0.91677177,192080,0,0,14719
-0.9465936,-0.89705247,1.2010616,1.07762,0.84358484,5.906338,192124,0,0,14324
-0.82899106,-0.6587605,-0.043343637,0.78278387,0.44388875,1.7897815,192131,0,0,14318
-0.00056820444,-3.3524487,0.029465782,0.009971261,0.011496014,3.1344926,192759,0,0,13521
-3.0912483,-3.0817935,0,3.0754185,3.0848732,0.5067394,193312,0,0,15432
-3.0912483,-3.0817935,0,3.0754185,3.0848732,0.5067394,193313,0,0,15431
-1.2852094,-1.905796,-3.0124228,7.413512,2.231946,9.202913,193719,0,0,8986
-2.829155,-3.2466974,-3.2778656,4.0318985,3.7085996,8.9374695,193720,0,0,8985
-2.1829772,-6.160699,-2.6920948,2.9360955,6.357157,2.349861,193721,0,0,8984
-3.5006382,-4.946628,-3.2511213,6.5464087,5.0032735,10.119958,193722,0,0,8983
-0.9676462,-10.53133,-1.0673577,1.0509663,9.278322,7.62009,194045,0,0,11698
-0.089173496,-0.0756473,-0.0010621242,0.10288075,0.07572204,0.529649,194282,0,0,9545
-0.09257597,-0.13618596,-0.0019569083,0.098464265,0.12217041,0.41069326,194283,0,0,9544
-0.17600463,-0.1542462,-0.0051102787,0.20115156,0.16143262,0.32046345,194284,0,0,9543
-0.21148272,-0.27717075,-0.004068494,0.22533634,0.3135685,0.6712373,194285,0,0,9542
-0.18361388,-0.3265709,-0.0051102787,0.3148579,0.3533223,0.46176356,194286,0,0,9541
-0.21675749,-0.25760904,-0.0051102787,0.24665801,0.32167858,0.7280921,194287,0,0,9540
-1.3145406,-1.3463756,-0.06867388,0.74999297,1.099139,6.741556,195079,0,0,12598
-0.0008940167,-1.2559898,0.01336013,0.60456455,1.246575,3.7982805,195080,0,0,12597
-1.3145406,-1.3463756,-0.06867388,0.74999297,1.099139,6.741556,195081,0,0,12596
-2.854547,-2.863557,0.3336102,2.8546505,2.8651154,4.9583735,195084,0,0,12594
-2.854547,-2.8568845,2.7095342,2.8546505,2.8717885,4.9583735,195086,0,0,12592
-2.9420037,-6.8588967,-3.8866026,2.955846,10.010494,9.16155,195087,0,0,12591
-1.2761546,-0.932921,-0.000348462,0.8907427,1.2064023,1.339024,195121,0,0,12573
-4.77458,-4.734267,-0.5914525,4.7745786,4.7342663,5.011756,195122,0,0,12572
0,0,0,0,0,0,195128,0,0,12150
-2.720524,-2.8975418,-0.14864731,1.5410408,2.9170637,10.215668,195129,0,0,12149
-2.204667,-1.5366572,-0.95091873,2.2234204,1.5641965,2.1895947,195135,0,0,12144
-10.189688,-10.620355,-1.1969632,11.186772,10.621549,14.953176,195139,0,0,12142
-6.027974,-5.612794,-0.46188906,3.6239352,5.3366737,10.75305,195140,0,0,12141
-3.077979,-6.9912324,-0.4285862,4.6264777,6.9832077,3.3692563,195157,0,0,12126
-10.865665,-11.069776,-1.3512328,11.043496,10.698411,1.3512328,195483,0,0,10076
-6.762039,-6.582888,-0.012855278,5.140709,3.2383287,0.11099306,195491,0,0,9923
-63.214104,-66.09198,10.535274,64.43064,58.02292,42.6935,195956,0,0,11172
-6.2608304,-6.644722,-2.5366828E-07,6.260831,6.6447215,2.9367092E-07,196175,0,0,11661
-9.555183,-9.439646,-0.0069363513,9.3286495,9.444186,0.036986172,196208,0,0,11637
-9.130584,-9.133685,-0.018837443,9.138655,9.131556,0,196214,0,0,11633
-6.2608304,-6.6447225,-0.034756333,6.260831,6.644721,0,196215,0,0,11632
-4.717092,-1.2725085,-0.0044034324,5.175788,1.2819147,8.850653,196443,0,0,12017
-33.000374,-33.813103,-51.143116,30.997488,30.186646,55.225693,196560,0,0,11161
-110.04816,-58.19568,0.52809393,15.118223,20.537575,18.058683,196677,0,0,12388
-1.5698152,-2.0354443,-0.55691016,1.6063341,1.5392828,2.2626545,196975,0,0,12331
-0.39367023,-0.5908163,0.012198171,0.39355436,0.58895504,0.63073164,196976,0,0,12330
-0.26073328,-0.4512289,0.0074184677,0.26061738,0.44935983,0.6864136,196979,0,0,12329
-0.3946011,-0.5906366,0.0050239707,0.39359954,0.5891347,0.6235575,196982,0,0,12328
-0.513923,-0.60099673,-0.011928179,0.5599044,0.60084337,1.0320256,196987,0,0,12327
-0.39367023,-0.5908163,0.012198171,0.39355433,0.59023744,0.63073164,196988,0,0,12326
-0.39367023,-0.5908163,0.012198171,0.39355433,0.59023744,0.63073164,196989,0,0,12325
-1.5740944,-0.8510136,-0.0065262676,0.6526823,0.8500058,1.6651949,196990,0,0,12324
-0.8242276,-1.0076183,-0.5429455,1.0095681,1.2024347,1.188684,196993,0,0,12323
-2.0046022,-3.4039783,-1.3681529,2.3517854,1.4189315,2.9882348,196998,0,0,12322
-3.470486,-0.6171111,-1.0382447,3.4702733,0.60315526,8.65332,197001,0,0,12320
-1.2440643,-7.7525177,-0.03967582,1.2440711,7.7525516,12.708455,197002,0,0,12319
-1.2216759,-25.178324,-0.19858466,1.221768,26.164486,28.82053,197003,0,0,12318
-0.67970073,-6.6674867,-0.0012951518,0.67951804,6.666237,20.138,197004,0,0,12317
-0.27255827,-4.4133067,-1.4700705,0.27255827,4.4133067,7.222448,197007,0,0,12316
-0.27255827,-4.4133067,-1.4700705,0.27255827,4.4133067,7.222448,197008,0,0,12315
-0.27255827,-4.4133067,-1.4700705,0.27255827,4.4133067,7.222448,197011,0,0,12312
-0.27255827,-4.4133067,-1.4700705,0.27255827,4.4133067,7.222448,197012,0,0,12311
-0.27255854,-4.4133067,-1.4700705,0.27255854,4.413307,7.222448,197013,0,0,1429
-4.50415,-4.477623,-4.4928284,4.451096,4.477623,5.011371,197017,0,0,12310
-2.7533877,-2.7262597,-0.7746887,2.7533877,2.7805157,4.7320867,197018,0,0,12309
-4.228253,-18.460691,-3.5594575,4.228253,18.411463,29.891323,197020,0,0,12308
-3.6146135,-5.3794727,-0.23933427,7.3869658,5.6221066,11.706928,197022,0,0,12307
-3.631838,-5.396576,-0.23933427,7.404109,5.639371,11.724127,197024,0,0,12306
-3.6415813,-5.4062963,-0.23933427,7.4136734,5.6489587,11.733696,197026,0,0,12305
-3.5902352,-5.3549685,-0.23933427,7.3623013,5.597568,11.682396,197028,0,0,12304
-3.633977,-5.3987536,-0.23933427,7.406123,5.6413465,11.726135,197030,0,0,12303
-2.012936,-2.029193,-2.3395786,1.0192996,2.0585468,3.6097102,197038,0,0,12302
-4.5454407,-4.524139,-4.5273542,4.502837,4.524139,4.5209236,197042,0,0,12256
-4.596466,-4.5819874,-4.588184,4.5675087,4.5819874,4.575791,197044,0,0,12254
-4.3739834,-4.36931,-4.3619113,4.3646364,4.36931,4.3767085,197046,0,0,12252
-4.6373363,-4.643827,-4.624396,4.6503177,4.643827,4.663258,197047,0,0,11948
-4.5850387,-4.556519,-4.573284,4.5279994,4.556519,4.539754,197051,0,0,11944
-4.475039,-4.4794617,-4.4537277,4.4838843,4.4794617,4.5051956,197054,0,0,11941
-4.5001745,-4.507537,-4.532788,4.5148993,4.507537,4.482286,197055,0,0,11940
-0.3217893,-0.40091762,-0.026523972,0.46837944,0.40144235,0.5876134,197063,0,0,11939
-14.163048,-31.175297,-28.584978,45.890587,28.878338,32.340893,197068,0,0,11938
-0.47448218,-0.56406945,3.111477,0.47370073,0.57043976,4.8275137,197084,0,0,11932
-5.964588,-6.628485,-0.03174461,6.174105,6.6338778,4.232684,197108,0,0,11917
-5.1402807,-6.715975,-0.0317444,3.6592708,6.8944197,4.2326846,197109,0,0,11916
-8.657505,-1.8786825,0.0065231323,8.657492,1.8786907,20.276611,197113,0,0,11915
-5.204409,-1.9868265,0.009713915,1.8894217,2.2875621,18.841003,197114,0,0,11914
-1.8587013,-2.2536807,0.005944994,1.7987715,1.7342918,13.29272,197115,0,0,11913
-1.8159918,-1.7088397,0.0026584202,1.8159765,1.7088381,6.679016,197116,0,0,11853
-1.8218672,-2.0157847,-0.0068715415,1.8218452,1.8645698,10.924031,197117,0,0,11852
-7.5074115,-2.6681473,0.005671183,7.5074344,2.6681528,9.958447,197118,0,0,11851
-6.655539,-2.5515022,-0.0042004054,7.0829544,2.574482,9.9219055,197119,0,0,11850
-4.0174375,-4.715319,-0.48373997,4.3971562,4.6319976,9.72788,197120,0,0,11849
-7.607656,-8.452333,-0.6199465,12.71995,8.418799,12.881371,197121,0,0,11848
-3.0808299,-2.2936625,-1.8380923,1.7447665,2.068369,2.5239391,197124,0,0,11846
-3.0808299,-2.2936625,-1.8380923,1.7447665,2.068369,2.5239391,197125,0,0,11845
-1.7238218,-1.7559654,-1.3382821,1.7921892,1.7559631,1.3979146,197126,0,0,11844
-1.8282391,-1.7559829,-1.3603871,1.6877719,1.755971,1.4200196,197127,0,0,11843
-1.7370659,-1.7559526,-1.3221028,1.774881,1.7559658,1.3817353,197128,0,0,11842
-1.7778505,-1.755963,-1.3688277,1.7340978,1.7559565,1.4284602,197129,0,0,11841
-1.796739,-1.7615784,-1.3053483,1.7151695,1.7615763,1.3649808,197130,0,0,11492
-1.7534434,-1.7615845,-1.3033452,1.7584649,1.7615843,1.3629777,197131,0,0,11491
-1.8527483,-2.4307597,-0.083902165,2.083743,2.8306513,0.8470644,197132,0,0,11490
-2.4159195,-2.8152645,-0.083902165,1.802,2.8306513,1.3712204,197133,0,0,11489
-2.2626693,-3.1706998,-0.083902165,1.9400926,2.8306513,1.3206847,197134,0,0,11488
-1.346335,-1.0247842,-0.0010613982,0.24820672,0.88683796,2.1352568,197137,0,0,11487
-0.48330918,-1.2863113,-0.0008919312,0.16405256,1.1464924,0.7053036,197138,0,0,11486
-0.5740952,-1.0811802,-0.0010108618,0.15958147,0.9885676,0.39585,197139,0,0,11485
-0.70678526,-0.956948,-0.0010678786,0.88775647,0.9568293,2.1419616,197140,0,0,11484
-0.37018394,-1.423319,-0.041310996,0.56187224,1.8654425,0.7753677,197141,0,0,11483
-0.6698432,-1.5459257,-0.013309697,0.5281829,1.3778777,0.4156425,197142,0,0,11482
-0.6142593,-0.3217619,-0.03516057,0.8942707,0.5872418,0.5542391,197145,0,0,11481
-0.5661159,-0.5368813,-0.0234038,0.8935018,0.47190815,0.44644785,197146,0,0,11480
-0.42404157,-0.21187094,-0.05348594,0.9023428,0.7020604,0.4801027,197147,0,0,11479
-0.17863473,-0.54625636,-0.14080088,0.93597645,0.5643194,0.5671877,197148,0,0,11478
-0.9992965,-1.166229,0,1.4481716,1.1385977,2.1647193,197150,0,0,11477
-1.2892091,-1.237291,0,1.158259,1.0675359,2.1647193,197152,0,0,11476
-1.1592114,-1.4147564,-0.037248623,1.4326246,1.2564901,2.2631934,197153,0,0,11475
-1.3142294,-1.3271866,0,1.3511789,1.0210829,2.1618924,197154,0,0,11474
-0.62945455,-0.96055245,-0.07122997,0.87293655,0.72125405,1.081226,197155,0,0,11473
-0.640568,-1.0979949,-0.015871435,0.8342034,0.5943722,1.1822219,197156,0,0,11472
-11.492604,-8.420009,-0.7728906,11.167357,8.213717,3.2115946,197158,0,0,11471
-1.6532174,-1.3533386,-0.013521625,1.0848907,1.2002646,2.540082,197162,0,0,11470
-2.6207595,-2.4280922,-0.002927265,1.3235841,1.732567,1.541145,197163,0,0,11469
-3.02547,-2.1701384,-0.08180275,1.3994486,2.3259056,2.1030588,197164,0,0,11468
-1.2571163,-1.261219,-0.015493444,0.6649442,1.396792,0.65215534,197165,0,0,11467
-1.6532174,-1.3490908,-0.013521625,1.0848907,1.3089204,2.540082,197166,0,0,11466
-3.178512,-3.182049,-14.302977,3.0528073,3.1111233,0.018269554,197167,0,0,11465
-3.178512,-3.182049,-14.302977,3.0528073,3.1111233,0.018269554,197168,0,0,11464
-3.2067297,-3.4789705,-15.30622,3.1333323,3.0593894,0.014629383,197169,0,0,11463
-0.0010345826,-0.94583553,0.020519443,1.7449937,0.817708,3.2712514,197171,0,0,11462
-1.4730699,-0.9365652,-0.011769682,0.53874016,0.94142216,4.6378927,197172,0,0,11461
-0.019739542,-0.75123245,-0.099952675,1.641963,1.0123111,3.2712517,197173,0,0,11460
-2.6465232,-0.99378586,-0.13874696,1.5388663,1.4824315,2.0620391,197174,0,0,11459
-0.87271345,-1.7071615,-0.12632596,1.4263517,1.6670672,6.6456704,197177,0,0,11458
-1.5865715,-1.9251183,0,1.7881025,1.9339411,6.017861,197179,0,0,11457
0.0047922917,-2.0457242,-0.015762182,0.18081996,2.312874,5.0099688,197181,0,0,11456
0.0676792,-2.286009,-0.015858492,0.39952162,3.465483,4.790732,197183,0,0,11362
0.084220804,-3.1104445,-0.03548474,0.50804996,4.23536,8.024992,197185,0,0,11361
-1.1246692,-0.6598051,-0.06503184,0.9591296,0.6449831,0.30745438,197190,0,0,11360
-1.180608,-0.7323457,-0.08478273,1.3877302,0.5143797,0.30849242,197191,0,0,11359
-1.0546002,-0.5520574,-0.064763404,0.9591296,0.44088176,0.3046596,197192,0,0,11358
-0.37448433,-0.7027319,-0.026395043,0.8716832,0.6142209,0.85814303,197193,0,0,11357
-0.37900954,-0.6326204,-0.03019777,0.9585382,0.6347219,0.8581653,197194,0,0,11356
-0.36062774,-0.46830866,-0.024458088,0.5091894,0.54403555,0.88379174,197195,0,0,11355
-0.3620872,-0.37090057,-0.038602453,0.53917783,0.38212284,0.86195135,197196,0,0,11354
-2.005747,-2.5306187,-0.02672333,2.019459,2.515414,1.5558314,197199,0,0,11353
0.34593442,-1.9500724,-0.13869818,1.8147057,2.1538377,4.8089075,197200,0,0,1496
0,0,0,0,0,0,197201,0,0,1369
-3.1912448,-5.509722,-0.13782743,2.5945349,5.7419343,1.1562973,197202,0,0,11352
-0.35716847,-2.9794426,0.17238362,3.7038531,3.0753038,9.237773,197206,0,0,10925
-0.32304,-2.4465115,-0.03263516,-0.028236257,2.0677836,7.96875,197207,0,0,10924
-0.34185395,-2.2689717,-0.007981852,0.004304611,2.2453234,7.796073,197208,0,0,10923
-3.963123,-7.242955,-5.4613266,6.4114914,3.6638172,4.913288,197210,0,0,10922
-1.2609756,-2.1810944,0.0031326294,1.3063173,2.2547283,1.3401148,197212,0,0,10921
-1.2895833,-2.7935405,-0.031204501,1.5882097,2.3493462,1.2160469,197213,0,0,10920
-2.9985132,-2.1210127,-0.018662639,1.7634035,2.386348,1.1884527,197214,0,0,10919
-3.4257948,-3.1125138,-0.078380324,2.5748496,3.1237113,1.5512253,197215,0,0,10918
-5.7015057,-3.7352316,-0.018849894,3.6950743,3.9662094,0.50204694,197216,0,0,10917
-8.502036,-4.057835,-0.045803953,3.9138434,4.1531997,0.54893076,197217,0,0,10916
-4.398799,-4.5090938,-0.045803607,3.9836931,3.617842,0.54893094,197218,0,0,10915
-4.3987985,-2.9231744,-0.04580407,3.9836934,3.8440552,0.6801557,197219,0,0,10914
-2.752668,-2.625311,-0.013792585,2.6438234,2.3979151,0.2465431,197220,0,0,10913
-3.6905735,-2.0691864,-0.013792347,1.3517023,2.011238,0.5244048,197221,0,0,10912
-1.6888509,-0.32296243,-0.013792512,0.8654019,0.7964051,0.21574877,197222,0,0,10911
-0.75788873,-1.7128906,0.0031326204,0.8838053,1.6625669,0.8669389,197224,0,0,10910
-0.61943924,-1.6664777,0.013159773,1.0139437,1.7104841,1.374303,197225,0,0,10909
-0.8240862,-1.6803435,-0.08853128,1.2744209,2.3646088,0.8294086,197226,0,0,10908
-0.97508824,-1.7152394,-0.11531013,0.7223447,1.6617223,1.4364364,197227,0,0,10907
-3.470486,-0.6101318,-0.7120888,3.470273,0.6101391,8.675032,197231,0,0,10905
-0.010599841,-1.0381801,-1.9590387,0.6316766,1.0381802,1.7036215,197234,0,0,10904
-0.7621241,-1.879591,-0.42724162,0.26161858,1.879591,6.5225973,197235,0,0,10903
-0.00017764054,-1.0381801,-1.956843,0.14028096,1.0381802,1.7036215,197236,0,0,10902
-0.606149,-0.5577124,-0.0030150646,0.6096171,0.65924543,1.4419487,197238,0,0,10901
-34.34936,-34.60122,-0.7708214,34.349358,34.097496,27.133091,197239,0,0,10900
-29.641191,-45.00428,-70.79016,30.109667,45.595573,32.807964,197240,0,0,10899
-9.225474,-13.979875,-22.460049,9.225473,13.997182,11.958855,197241,0,0,10898
-11.694386,-18.062168,-26.739405,12.016272,17.890158,14.370963,197242,0,0,10897
-37.783268,-40.38442,-30.79211,21.93797,39.657032,11.110852,197243,0,0,10896
-33.5985,-9.057331,-49.927895,1.8073059,10.386948,17.542318,197244,0,0,10895
-29.256775,-37.71072,-87.46305,36.04549,36.8503,34.037186,197245,0,0,10894
-8.278948,-17.396374,-20.859873,8.280698,17.705784,14.274967,197246,0,0,10893
-8.68813,-8.523355,-5.167421,8.68813,8.852903,19.508156,197247,0,0,10892
-29.641191,-45.00428,-70.79016,30.109667,45.595573,32.807964,197248,0,0,10891
-9.225474,-13.979875,-22.460049,9.225473,13.997182,11.958855,197249,0,0,12890
-11.694386,-18.062168,-26.739405,12.016272,17.890158,14.370963,197250,0,0,12889
-37.783268,-40.38442,-30.79211,21.93797,39.657032,11.110852,197251,0,0,12888
-33.5985,-9.057331,-49.927895,1.8073059,10.386948,17.542318,197252,0,0,12887
-29.256775,-37.71072,-87.46305,36.04549,36.8503,34.037186,197253,0,0,12886
-8.278948,-17.396374,-20.859873,8.280698,17.705784,14.274967,197254,0,0,12885
-34.349354,-34.349354,-0.7708214,34.349358,34.34935,29.725037,197260,0,0,12884
-8.68813,-8.880559,-5.167421,8.68813,8.495699,20.761961,197261,0,0,12883
-2.1970408,-3.1613305,-0.015864272,2.2125008,3.8622391,2.2805357,197266,0,0,12882
-0.70437276,-2.0935712,-0.038698748,0.70437306,2.0935712,0.37672973,197270,0,0,12881
-0.76996267,-2.1025715,-0.070088334,0.8074145,2.1031275,0.37853813,197272,0,0,12880
-0.5773838,-2.0935712,-0.07581326,0.55530757,2.0935712,0.33961517,197274,0,0,12879
-0.3924686,-1.4304236,0,0.4408646,1.4332296,1.5696102,197275,0,0,12878
-0.3924686,-0.8288196,0,0.44086468,0.825898,3.5345566,197276,0,0,12877
-0.3924686,-1.4318266,0,0.44086468,1.4318264,3.5345566,197277,0,0,12424
-0.3924686,-1.4291525,0,0.44086468,1.4344999,3.5345566,197278,0,0,12423
-0.3990445,-1.4304236,0,0.43428877,1.4332296,1.5696102,197279,0,0,12422
-0.39904493,-0.8288196,0,0.43428835,0.825898,3.5345566,197280,0,0,12421
-0.39904493,-1.4318266,0,0.43428835,1.4318264,3.5345566,197281,0,0,12420
-0.3990445,-1.4318266,0,0.43428877,1.4318266,1.5696102,197282,0,0,12419
-0.40243113,-1.4291525,0,0.43767467,1.4344999,3.5482266,197283,0,0,12418
-0.428666,-1.5392443,0,0.428666,1.5354915,1.5707749,197284,0,0,12417
-0.43207714,-0.9010928,0,0.43207714,0.8765623,3.4709077,197285,0,0,12416
-0.4320771,-1.5487765,0,0.43207723,1.5296346,3.4786646,197286,0,0,12415
-0.42866603,-1.5309085,0,0.42866603,1.5434757,1.5849711,197287,0,0,12414
-2.5708497,-0.98295075,-0.009974091,2.6782515,0.9336997,4.5379705,197288,0,0,12413
-2.2863905,-0.8803061,0.009544938,2.2965393,1.0363443,3.542733,197289,0,0,12412
-0.9175269,-0.9175268,-0.044279836,0.91752666,0.9175269,1.40179,197292,0,0,12411
-0.915952,-0.9174542,-0.003373806,0.9191017,0.91759956,1.442696,197293,0,0,12410
-1.8847035,-1.6946969,0,1.585698,1.7757046,3.8947272,197295,0,0,12409
-7.079242,-3.4927838,-3.2187228,7.0792484,3.492801,3.2187235,197297,0,0,12408
-4.8787766,-2.8822117,-2.723118,4.878779,2.8822203,2.723118,197298,0,0,12407
-9.584553,-3.4338956,-5.586646,9.584554,3.4339235,5.5866446,197299,0,0,12406
-0.9723609,-0.6910786,-0.011245354,0.9249161,0.98346263,1.0524758,197300,0,0,12405
-0.96312225,-0.6713498,-0.0010876579,0.99870026,1.0002747,1.8220332,197301,0,0,12404
-0.9630236,-0.6944485,-0.0011006078,0.9342534,0.98155105,1.4793042,197302,0,0,12403
-1.2566255,-0.5866002,-0.0014031728,0.13263623,0.5866002,1.7106822,197304,0,0,12402
-0.51715004,-0.849283,-0.021375695,0.5616215,0.8492829,1.6082516,197307,0,0,12401
-0.6842949,-1.0361252,-0.02749173,0.40884447,1.0361252,3.084595,197309,0,0,12400
-0.5013141,-0.7790415,-0.015797209,0.50131476,0.77904147,0.3886714,197311,0,0,12399
-0.17504081,-2.366817,0,0.36983803,1.1312922,2.0416932,197315,0,0,12398
-0.22754505,-1.876095,0,0.39696872,0.9046971,1.8599432,197316,0,0,12397
-6.9723496,-5.383484,-6.084986,6.972349,5.38347,6.084987,197317,0,0,12396
-5.3698144,-5.64679,-5.7825794,5.3698153,5.646792,5.7825794,197318,0,0,12395
-4.98046,-4.5794544,-7.830899,4.98046,4.5794606,7.830899,197319,0,0,12394
-5.7185,-3.0207014,-8.000867,5.7184963,3.0207064,8.000867,197320,0,0,7770
-5.817555,-3.226546,-2.484876,5.8175483,3.2265334,2.484876,197321,0,0,7769
-3.6472626,-3.1526759,-3.0966315,3.6472619,3.1526625,3.0966315,197322,0,0,7768
-4.9306417,-3.532147,-3.326443,4.9306397,3.532135,3.326443,197323,0,0,7767
-4.498403,-2.0833352,-2.0833368,4.4984064,2.0833368,2.0833333,197324,0,0,7766
-5.1052117,-2.2634091,-2.240787,5.1052113,2.2634194,2.2407837,197325,0,0,7765
-9.584553,-3.4339092,-3.6083882,9.584554,3.43391,3.6083848,197326,0,0,7764
-3.9288657,-5.584065,-2.0834866,4.2308044,4.593207,5.65655,197327,0,0,7763
-0.8287792,-0.77139777,-0.10610771,0.8052504,0.80772,0.34812286,197330,0,0,7762
-0.1342969,-0.12390664,-0.00024959777,0.12521522,0.12856118,0.7525814,197331,0,0,7761
-0.34214675,-1.0427598,-0.2778312,0.4612741,1.0744437,4.13602,197332,0,0,7760
-0.34214675,-1.0427598,-0.2778312,0.4612741,1.0744437,4.13602,197333,0,0,7759
-0.3639766,-1.0632012,-0.2778312,0.43944424,1.0540024,4.13602,197334,0,0,7758
-0.2790392,-5.5650144,-0.0018700359,0.21676995,5.821773,2.2862852,197337,0,0,7757
-1.1728559,-5.703599,-0.030583892,1.1152993,5.6831884,0.46522516,197338,0,0,7756
-1.2653633,-11.73877,-0.6986874,3.2639673,11.864371,0.8745529,197339,0,0,7755
-1.963704,-17.87795,-0.7195745,2.3512244,17.42091,1.2310061,197340,0,0,7754
-2.4004457,-5.9945717,-0.060717802,2.3957798,5.451655,0.5034125,197341,0,0,7753
-3.0628057,-11.700706,-0.53059363,2.6417694,11.855852,0.9532421,197342,0,0,7752
-3.3725936,-17.717628,-0.5014621,3.0646284,17.595322,1.1283277,197343,0,0,7751
-1.2001629,-1.2393376,-5.767423,1.148542,1.4526463,23.873453,197344,0,0,7750
-0.6165472,-5.687579,-5.7827992,1.7321577,-2.995587,16.151463,197345,0,0,7749
-1.0887111,-1.2502046,-5.7743464,1.2599937,1.4526463,46.629715,197346,0,0,7748
-0.6106009,-1.4449345,-5.773793,1.7381041,1.3243197,39.076046,197347,0,0,7747
-0.76592374,-6.174691,-5.77304,1.7879952,6.0803437,23.873453,197348,0,0,7746
-0.76592374,-6.174691,-5.77304,1.7879952,6.0803437,23.873453,197349,0,0,7745
-0.75887483,-6.132796,-5.77304,1.7879952,6.2532573,23.873453,197350,0,0,7744
-0.75887483,-6.132796,-5.77304,1.7879952,6.2532573,23.873453,197351,0,0,7743
-0.76592356,-6.0424767,-5.77304,1.7879952,6.126004,16.425215,197352,0,0,9740
-0.76592356,-6.0424767,-5.77304,1.7879952,6.126004,16.425215,197353,0,0,9739
-0.76592356,-6.0491047,-5.77304,1.7879952,6.126004,16.425215,197354,0,0,9738
-0.76592356,-6.0491047,-5.77304,1.7879952,6.126004,16.425215,197355,0,0,9737
-0.76592374,-6.2051167,-5.77304,1.7879952,6.1954713,46.779224,197356,0,0,9736
-0.76592374,-6.2051167,-5.77304,1.7879952,6.1954713,46.779224,197357,0,0,9735
-0.7659238,-6.2051167,-5.77304,1.7879952,6.1978536,47.14742,197358,0,0,9734
-0.7659238,-6.2051167,-5.77304,1.7879952,6.1978536,47.14742,197359,0,0,9733
-0.76592374,-6.174691,-5.77304,1.7879952,6.126004,39.41802,197360,0,0,9732
-0.76592374,-6.174691,-5.77304,1.7879952,6.126004,39.41802,197361,0,0,9731
-0.7659236,-6.2051167,-5.77304,1.7879952,6.1954713,39.445057,197362,0,0,9730
-0.7659236,-6.2051167,-5.77304,1.7879952,6.1954713,39.445057,197363,0,0,9729
-1.787057,-1.5121199,-0.29545233,6.6060805,1.374116,6.022645,197366,0,0,9728
-0.6745556,-2.1552222,-0.55514723,0.48866946,2.1164668,1.5666972,197372,0,0,9727
-3.1402194,-3.034428,-0.5780139,3.0819252,2.3188777,1.593075,197373,0,0,9726
-0.131807,-0.0712503,-0.473264,0.142634,0.0830822,1.22046,197374,0,0,9725
-0.16875727,-0.13353878,-0.47326818,3.1628754,0.25104046,1.293102,197375,0,0,9724
-1.5244453,-0.06711564,0,1.5223076,0.08991489,1.2026165,197377,0,0,9723
-0.016248135,-0.056519143,0,3.1628754,0.08131496,0.40886042,197378,0,0,9722
-0.1791877,-0.07928072,-0.07302183,3.1628754,0.13393109,0.47885916,197379,0,0,9721
-0.1791877,-0.07928072,-0.07302183,0.11469661,0.13393109,0.47885916,197382,0,0,9720
-4.3489513,-4.318132,-0.20037012,4.4007835,4.3456645,5.2274375,197383,0,0,9719
-4.065099,-5.0096684,-0.2003701,4.6846356,3.989232,4.8347745,197385,0,0,9718
-2.4811952,-3.1614544,-0.02966773,5.0606313,3.3310921,4.4440656,197388,0,0,9568
-2.4811952,-3.1614544,-0.001832118,2.55174,3.3310921,4.385992,197389,0,0,984
-2.481195,-3.1614544,-0.01188407,4.105829,3.455662,2.157665,197390,0,0,9567
-2.5293696,-3.1614544,-0.0018318527,2.55174,3.3310921,3.1754472,197391,0,0,1843
-2.0621703,-2.3462083,-0.10419021,5.349003,1.9050162,3.8762796,197394,0,0,9566
-1.6504909,-1.6401058,-0.07410897,2.0117698,1.761451,0.7392967,197395,0,0,9565
-0.27787924,-0.6440439,0,0.06354154,0.63951206,1.5429076,197398,0,0,9564
-0.27787924,-0.88996685,0,0.06521626,0.87513494,1.5704305,197399,0,0,9563
-0.27787924,-0.8973849,0,0.08602526,0.79946846,1.5702678,197400,0,0,9562
-0.27787924,-0.9053865,0,0.08602526,0.8597153,1.5428051,197401,0,0,9561
-0.2778792,-0.6443359,0,0.11114335,0.6456118,1.5837545,197402,0,0,9560
-0.28439793,-0.6485041,0,0.18667468,0.6414436,1.8242601,197403,0,0,9559
-0.2919241,-0.6695345,0,0.18667468,0.6204115,1.8242902,197404,0,0,9558
-0.2919241,-0.63760465,0,0.19263779,0.65234137,1.8255808,197405,0,0,9557
-0.1539263,-0.77565557,-0.12711439,0.06521623,0.87513494,0.22241855,197406,0,0,9556
-5.1299286,-4.882368,-0.8718761,5.2927413,4.9042473,4.3978906,197408,0,0,9555
-0.9659938,-1.008231,-0.16302644,1.0531691,1.0109318,3.0233011,197409,0,0,9554
-0.9962777,-1.0005971,-0.16302642,1.0228854,1.018566,3.0771153,197411,0,0,9553
-2.587784,-2.9181538,-1.154259,2.702821,2.685184,20.23556,197416,0,0,9552
-2.36084,-2.36131,-1.59065,2.35903,2.35856,3.1292,197418,0,0,9551
-0.898944,-0.896003,-0.320603,0.895017,0.904306,1.61948,197419,0,0,9550
-0.200219,-0.192779,0.0221714,0.19346,0.201039,1.00095,197420,0,0,9549
-1.4557581,-4.7766542,-4.2817597,11.588511,4.7766557,8.67391,197424,0,0,9548
-1.9487635,-1.9520923,-16.637457,1.9560026,1.9526738,-0.0020734046,197429,0,0,8962
-1.6178993,-1.5456251,-11.006642,1.4467832,1.5190574,0.0030211278,197430,0,0,8961
-0.62997854,-1.1897203,-2.1774805,3.8630633,0.9070346,2.8576539,197434,0,0,8960
-0.62997854,-1.1299093,-2.1774805,3.7999616,0.9070346,2.8576539,197435,0,0,8959
-0.29331037,-0.37390372,-0.0038236,0.30390766,0.28967246,1.3718456,197436,0,0,8958
-1.6164674,-6.045505,-1.1149592,1.587106,0.28967246,2.0330117,197437,0,0,8957
-1.411924,-2.099996,-1.6867354,2.9099984,2.0253024,4.219367,197438,0,0,8956
-2.8309717,-1.6299268,-0.35904276,0.5282712,1.6528269,0.7611063,197439,0,0,8955
-0.6364444,-1.9579699,0,0.6455888,0.63960534,2.5045764,197440,0,0,8954
-0.6364444,-1.9034963,0.17982881,0.6455888,0.63960534,2.4845595,197441,0,0,8953
-0.65198463,-0.43384293,-0.801315,0.3938474,0.38142255,0.013950467,197442,0,0,8952
-0.65198463,-0.37768224,-0.7985215,0.31055695,0.26927176,0,197443,0,0,8951
-4.467119,-2.8045838,-0.34032428,6.48147,2.8642113,8.134057,197453,0,0,8950
-1.6967825,-1.3401223,-0.029046556,1.3850491,1.3448423,0.80154794,197456,0,0,8949
-0.720531,-0.712958,0,0.705967,0.713542,0.0895581,197459,0,0,8783
-0.495806,-0.708314,0,0.481244,0.718183,0.0895581,197460,0,0,8782
-0.720531,-0.706964,0,0.705967,0.719528,0.0895581,197461,0,0,8781
-0.495806,-0.707294,0,0.481244,0.719203,0.0895581,197462,0,0,8780
-0.3087367,-0.36066118,-0.0012088743,0.30960143,0.3533341,0.9676722,197463,0,0,8779
-0.3087367,-0.36066118,-0.0012088743,0.30960143,0.3533341,0.9676722,197464,0,0,8778
-0.6444219,-1.2049443,-0.0060441946,0.8579678,0.47686163,1.1464118,197466,0,0,8777
-1.264554,-1.2971011,-0.23612282,1.2648876,1.2533967,2.9040263,197471,0,0,8776
-0.56750244,0.7620414,1.153046,0.5675032,1.9928224,1.8184649,197472,0,0,8775
-3.986006,-0.83311206,2.3877718,1.7121644,0.8685391,8.202006,197475,0,0,8774
-3.986006,-0.83311206,2.3877718,1.7121644,0.8685391,8.202006,197477,0,0,8773
-3.986006,-0.83311206,2.3877718,1.7121644,0.8685391,8.202006,197478,0,0,8772
-3.986006,-0.83311206,2.3877718,1.7121644,0.8685391,8.202006,197480,0,0,8771
-3.986006,-0.83311206,2.3877718,1.7121644,0.8685391,8.202006,197482,0,0,8770
-3.986006,-0.83311206,2.3877718,1.7121644,0.8685391,8.202006,197484,0,0,8769
-3.986006,-0.83311206,2.3878274,1.7121644,0.8685391,8.202006,197486,0,0,8768
-3.986006,-0.83311206,2.3877718,1.7121644,0.8685391,8.202006,197488,0,0,8767
-3.986006,-0.83311206,2.3877718,1.7121644,0.8685391,8.202006,197490,0,0,8766
-3.986006,-0.83311206,2.3877718,1.7121644,0.8685391,8.202006,197492,0,0,8765
-3.986006,-0.83311206,2.3877718,1.7121644,0.8685391,8.202006,197494,0,0,8764
-3.986006,-0.83311206,2.3877718,1.7121644,0.8685391,8.202006,197496,0,0,8763
-3.986006,-0.83311206,2.3877718,1.7121644,0.8685391,8.202006,197498,0,0,8762
-3.986006,-0.83311206,2.3877718,1.7121644,0.8685391,8.202006,197500,0,0,8761
-3.986006,-0.83311206,2.3877718,1.7121644,0.8685391,8.202006,197502,0,0,8760
-3.986006,-0.83311206,2.3877718,1.7121644,0.8685391,8.202006,197504,0,0,8759
-3.986006,-0.83311206,2.3877718,1.7121644,0.8685391,8.202006,197506,0,0,8758
-3.986006,-0.83311206,2.3877718,1.7121644,0.8685391,8.202006,197508,0,0,8220
-3.986006,-0.83311206,2.3877718,1.7121644,0.8685391,8.202006,197509,0,0,8219
-3.986006,-0.83311206,2.3877718,1.7121644,0.8685391,8.202006,197512,0,0,8218
-3.986006,-0.83311206,2.3877718,1.7121644,0.8685391,8.202006,197514,0,0,8217
-3.986006,-0.83311206,2.3877718,1.7121644,0.8685391,8.202006,197516,0,0,8216
-3.986006,-0.83311206,2.3877718,1.7121644,0.8685391,8.202006,197518,0,0,8215
-3.986006,-0.83311206,2.3877718,1.7121644,0.8685391,8.202006,197520,0,0,8214
-3.986006,-0.83311206,2.3877718,1.7121644,0.8685391,8.202006,197522,0,0,8213
-3.986006,-0.83311206,2.3877718,1.7121644,0.8685391,8.202006,197524,0,0,8212
-3.986006,-0.83311206,2.3877718,1.7121644,0.8685391,8.202006,197526,0,0,8211
-3.986006,-0.83311206,2.3877718,1.7121644,0.8685391,8.202006,197528,0,0,8210
-3.986006,-0.83311206,2.3877718,1.7121644,0.8685391,8.202006,197530,0,0,8209
-3.986006,-0.83311206,2.3877718,1.7121644,0.8685391,8.202006,197532,0,0,8208
-3.986006,-0.83311206,2.3877718,1.7121644,0.8685391,8.202006,197534,0,0,8207
-3.986006,-0.83311206,2.3877718,1.7121644,0.8685391,8.202006,197536,0,0,8073
-3.986006,-0.83311206,2.3877718,1.7121644,0.8685391,8.202006,197538,0,0,8072
-3.986006,-0.83311206,2.3877718,1.7121644,0.8685391,8.202006,197540,0,0,8071
-3.986006,-0.83311206,2.3877718,1.7121644,0.8685391,8.202006,197542,0,0,8070
-3.986006,-0.83311206,2.3877718,1.7121644,0.8685391,8.202006,197544,0,0,8069
-3.986006,-0.83311206,2.3877718,1.7121644,0.8685391,8.202006,197545,0,0,8068
-3.986006,-0.83311206,2.3877718,1.7121644,0.8685391,8.202006,197548,0,0,8067
-3.986006,-0.8331121,2.0659227,2.4998963,0.868539,8.202006,197550,0,0,8066
-0.146553,-0.200971,0.00271667,0.150837,0.267835,0.632111,197551,0,0,8065
-0.146553,-0.192744,0.00271667,0.150837,0.276062,0.632111,197552,0,0,8064
-1.0973,-2.12639,-0.00459222,1.06937,2.08277,0.900214,197555,0,0,8063
-1.21161,-1.21161,-0.000522222,1.21161,1.21161,0.892619,197556,0,0,8062
-1.08341,-1.11406,-0.00459222,1.07829,1.11196,0.977931,197557,0,0,8061
-1.08069,-1.1211,-0.00459222,1.08597,1.10597,0.871914,197558,0,0,8060
-1.07804,-2.11624,-0.00459222,1.08367,2.11624,0.905947,197559,0,0,8059
-2.1455083,-0.93737423,-0.0079713585,2.16142,1.5451407,0.9950854,197561,0,0,8058
-1.07354,-2.13086,-0.00459222,1.08818,2.10162,0.905947,197562,0,0,8057
-1.21161,-1.21161,-0.000522222,1.21161,1.21161,0.892619,197563,0,0,8056
-1.07827,-1.11406,-0.00459222,1.08344,1.11196,0.977931,197564,0,0,8055
-1.07827,-1.11352,-0.00459222,1.08344,1.1125,0.905947,197565,0,0,8054
-1.0816,-2.11624,-0.00459222,1.08011,2.11624,0.905947,197566,0,0,8053
-1.07924,-2.11624,-0.00459222,1.08248,2.11624,0.905947,197567,0,0,8052
-1.08008,-2.11729,-0.00459222,1.08163,2.11519,0.905947,197568,0,0,8051
-1.07974,-2.13086,-0.00459222,1.08197,2.10162,0.905947,197569,0,0,8050
-1.21161,-1.21161,-0.000519444,1.21161,1.21161,0.892619,197571,0,0,8049
-1.07165,-2.12639,-0.00459194,1.09501,2.08277,0.871914,197572,0,0,8048
-1.08211,-1.11406,-0.00459222,1.0796,1.11196,0.905947,197573,0,0,8047
-1.0772073,-1.1211056,-0.004592316,1.0894593,1.1059688,0.871914,197574,0,0,8046
-1.08086,-2.11624,-0.00459194,1.08086,2.11624,0.905947,197575,0,0,8045
-1.4333249,-1.261484,-0.01586427,1.6212348,1.2210308,0.9871926,197576,0,0,8044
-0.7334367,-1.3179879,-0.12772079,1.0571591,1.3201042,2.5575826,197579,0,0,8043
-1.4409653,-1.0839925,-0.014600012,1.2092139,1.0795141,1.9777603,197588,0,0,8042
-1.13525,-1.08437,-0.0152892,1.02825,1.07913,1.97776,197591,0,0,10414
-1.18489,-1.07949,-0.0152892,0.978611,1.08401,3.04026,197592,0,0,10413
-1.14169,-1.08267,-0.0152892,1.02181,1.08084,2.93372,197593,0,0,10412
-1.65415,-1.08169,-0.0153953,1.20504,1.08182,2.93372,197594,0,0,10411
-1.70833,-1.08144,-0.0153953,1.15086,1.08206,2.93372,197595,0,0,993
-1.64998,-1.08399,-0.0153953,1.20921,1.07951,1.97776,197596,0,0,10410
-0.726211,-0.85075,0,0.704483,0.902922,2.79076,197597,0,0,10409
-0.56131285,-0.96206856,0,0.5747483,0.97120655,2.1644356,197598,0,0,10408
-0.54322064,-1.2264458,-0.0014281791,0.535096,0.78450996,2.467122,197599,0,0,10407
-1.0010178,-1.0232029,-0.93084365,1.006393,1.02292,0.8833014,197601,0,0,10406
-1.1256008,-2.7060456,-0.1421378,0.88180995,2.7349713,4.132187,197602,0,0,10405
-1.0010178,-0.8830865,-0.88287175,1.006393,0.8830865,0.8833014,197603,0,0,10404
-2.1280928,-1.6174847,-0.08212963,1.4343774,1.6174849,4.5689006,197604,0,0,10403
-3.2323697,-1.7520626,-0.048831865,3.2972195,1.1482304,0.49648768,197607,0,0,10402
-0.500943,-0.5309873,-0.034535266,1.0425191,0.92306286,1.0567876,197608,0,0,10401
-0.38394794,-1.5775416,-0.41904318,2.354001,1.5681847,2.8751144,197610,0,0,10249
-2.8955882,-2.9286737,0.002175669,2.664248,3.0739815,0.1012531,197614,0,0,10248
-2.7124767,-2.8653777,-0.003889766,2.843079,3.1235106,0.09518768,197615,0,0,10247
-2.7290778,-2.9643626,-0.0056224517,2.826478,3.0245256,0.093454994,197616,0,0,10246
-0.4142541,-0.28678167,-0.04604618,0.43207476,0.26963517,0.7719529,197617,0,0,10245
-0.26655436,-0.18374082,-0.27039945,0,0.19621368,0.47178116,197618,0,0,10244
-0.07309043,-0.08448619,-0.5044204,0.072908826,0.08409921,0.5998842,197619,0,0,10243
-0.5262223,-0.3684025,-0.14229502,0.5117457,0.36743268,0.60051787,197621,0,0,10242
-0.13174565,-0.15742303,-0.36555037,0,0.15645957,0.62719285,197622,0,0,10241
-0.67900103,-1.2101796,0,0.6810685,1.2101806,3.3661788,197626,0,0,10240
-0.67900103,-1.0941144,0,0.68106854,1.0941149,3.3661788,197627,0,0,10239
-0.67900103,-1.2103935,0,0.6810685,1.2117976,3.3661788,197628,0,0,10238
-0.68003476,-1.1945834,0,0.6800351,1.1945834,3.3661788,197629,0,0,10237
-0.6800348,-1.0941144,0,0.68003523,1.0941149,3.3661788,197630,0,0,10236
-0.68003476,-1.1938819,0,0.6800351,1.1952848,3.3661788,197631,0,0,10235
-0.6800347,-1.2895288,0,0.68003464,1.2998009,3.3775098,197632,0,0,10234
-0.6800347,-1.1755989,0,0.68003476,1.1734827,3.3662052,197633,0,0,10233
-0.6800347,-1.2891529,0,0.6800347,1.3001769,3.3775098,197634,0,0,10232
-6.326479,-5.7974753,-1.3477138,4.559147,6.906529,5.558093,197635,0,0,10231
-0.4203307,-0.38057727,0.006433291,0.38062674,0.4433451,1.0770131,197640,0,0,10230
-0.46644762,-0.62549156,0.012153614,0.5178709,0.62549186,0.7583324,197641,0,0,10229
-0.41983706,-0.53258866,0.0038775073,0.4363431,0.458712,1.1349127,197642,0,0,10228
-0.5173721,-0.5275963,0.011785147,0.51324683,0.40461305,1.1851696,197643,0,0,10227
-0.36856252,-0.36856332,0.005358694,0.36856294,0.36856195,0.9518818,197644,0,0,10226
-7.5730863,-7.9987464,-110.48825,4.4376016,7.9574814,0.85038835,197646,0,0,10225
-8.913313,-12.008195,-2.7475731,9.120745,11.950098,20.204868,197647,0,0,10224
-10.590793,-12.003835,-164.9948,7.443274,11.954467,2.1803424,197648,0,0,10223
-7.5680914,-7.7416534,-2.7718196,1.9034212,7.8676014,-0.9453019,197649,0,0,10222
-0.22302458,-0.93100625,-0.9700701,1.5380679,0.97598255,1.006497,197653,0,0,10221
-0.2264777,-0.9803148,-0.7679041,1.5596129,0.9803148,0.76790375,197654,0,0,10220
-0.9510198,-0.9534945,-0.7103817,0.9510198,0.9534945,0.71038145,197655,0,0,10219
-0.5349283,-1.6692574,-0.5999018,1.8337694,1.1024393,1.5461965,197656,0,0,10218
-1.0314642,-1.4884133,-0.04516728,0.12189709,1.4790303,1.5108902,197657,0,0,10217
-0.59328157,-0.5503572,-0.04516728,0.41982365,0.44781902,1.5108901,197658,0,0,10216
-0.65430623,-0.46058172,-0.013888523,0.583744,0.46058163,1.2055336,197659,0,0,10215
-0.15614292,-0.4348492,-0.13536972,0.5265811,0.41914523,0.5122693,197660,0,0,10214
-1.6847208,-1.1998903,-0.0044316486,1.6847224,1.19989,1.1053253,197661,0,0,10213
-1.6847208,-1.1221561,-0.016410707,1.6847224,1.1221557,1.0869031,197662,0,0,10212
-1.3856167,-1.4453017,-0.01630423,1.4463367,1.3866516,1.1980803,197663,0,0,10211
-1.5222509,-1.4732131,-0.0067614713,1.3097022,1.3587397,1.2561152,197664,0,0,10210
-1.2523556,-1.3881235,-0.0052613504,1.3366528,1.3310616,1.2222946,197665,0,0,10209
-0.23136921,-1.7992609,-1.7536175,0.23215716,1.7569636,1.7680155,197671,0,0,9676
-0.047477305,-0.15762211,0,0.13291177,0.1569662,0.5888316,197672,0,0,9675
-0.32036582,-0.14245935,-0.031350344,0.29240498,0.15849586,1.2480369,197673,0,0,9674
-0.42969328,-1.3168513,-1.3590626,0.4268796,1.3498155,1.3147751,197674,0,0,9673
-0.232998,-0.5269863,-0.41532046,0.2314744,0.5247051,0.5549845,197675,0,0,9672
-12.036402,-4.6840005,-0.076578155,3.6455033,10.616243,13.836032,197678,0,0,9671
-4.7386923,-15.083308,-0.9585913,6.5534186,17.378815,20.830408,197679,0,0,9670
-2.7785861,-4.185449,-0.17795546,5.753607,2.7512712,9.0615,197680,0,0,9669
-1.3010168,-1.7706623,-0.022418054,1.4085804,1.7706622,2.2215767,197681,0,0,9668
-2.358219,-1.9021285,-0.09880395,2.5055184,2.053091,6.0475845,197682,0,0,9667
-2.650564,-1.2504385,-0.17795546,5.972302,3.1950822,6.2275267,197684,0,0,9521
-1.3010168,-1.7706623,-0.002821422,1.3010176,1.7706622,2.1251333,197685,0,0,9520
-2.2601223,-2.2838604,-0.09880395,2.3745248,1.2691704,5.3987803,197686,0,0,9519
-15.858919,-127.53346,-5.729891,15.842351,127.39971,15.676304,197687,0,0,9518
-2.829026,-3.1571677,-1.7656922,2.7929475,3.7915878,3.8562813,197688,0,0,9517
-1.8676,-2.0752876,-14.466917,2.0413544,2.0372193,1.9053097,197700,0,0,9516
-5.9152513,-19.308664,-5.877931,8.432026,18.309675,11.757457,197701,0,0,9515
-5.5115075,-9.088682,-9.38552,4.8290887,13.325583,7.9793415,197704,0,0,9514
-1.6884077,-3.1264977,-0.47491756,1.6472888,3.1183784,4.7111616,197705,0,0,9513
-1.7364486,-2.672934,-0.04497137,1.4019582,3.0633414,6.6687303,197707,0,0,9512
-0.14162752,-0.3664329,-0.3664327,0.574943,0.3664325,0.3664327,197708,0,0,9511
-4.058647,-4.070704,-0.0016046494,4.0719795,4.06786,2.0127947,197709,0,0,9510
-4.058647,-4.070704,-0.42712355,4.0719795,4.06786,0.8301051,197710,0,0,9509
-1.0128868,-2.3049004,-0.8109695,1.0120351,0.19470663,1.2139517,197711,0,0,9508
-0.26790395,-0.25500897,-0.017253991,0.8875619,0.2767179,0.7309899,197716,0,0,9507
-0.26790407,-0.2550093,-0.0018940856,0.2901813,0.25540608,0.7255719,197717,0,0,9506
-0.4299705,-0.3997182,-0.36802322,0.42600912,0.87619394,0.81552947,197718,0,0,9505
-2.5360768,-0.3997182,-5.4974055,2.6245291,6.386,0.81552947,197719,0,0,9504
-0.65345216,-0.64671,-1.1109406,0.6534523,0.64671004,1.1109406,197722,0,0,9503
-0.71205986,-0.7187815,-0.6546262,0.7120598,0.71878123,0.6546262,197723,0,0,9502
-0.79740214,-0.83963865,-0.8870679,0.7974021,0.8396387,0.88706785,197724,0,0,9501
-0.4686228,-0.46185663,-0.847171,0.46349367,0.44768858,0.84717107,197725,0,0,9500
-0.662009,-0.6702518,-0.2665845,0.66305137,0.67082965,0.26658458,197726,0,0,9499
-0.79721165,-0.7865929,-1.2718493,0.7972118,0.7865927,1.2718493,197727,0,0,9498
-0.46731743,-0.4892027,-0.73944706,0.4673179,0.48920345,0.73944706,197728,0,0,9497
-0.5872002,-0.59320736,-0.31493184,0.6634107,0.6365043,0.40985528,197729,0,0,9496
-0.8082382,-0.85315144,-1.0170767,0.8082382,0.85315144,1.0170767,197730,0,0,9495
-0.9118925,-1.7988652,-0.4330261,0.91189235,1.7988657,0.43302608,197731,0,0,9494
-1.2285407,-1.1072156,-0.28140327,1.2285408,1.1072158,0.2814033,197732,0,0,9493
-1.3793598,-1.3132483,-0.2937395,1.3793598,1.3132485,0.29373947,197733,0,0,9492
-0.5468998,-1.3423194,-0.21277422,0.54689974,1.3423187,0.2127742,197734,0,0,9491
-1.3836424,-0.55282074,-0.29373968,1.3750772,0.6401255,0.2937396,197735,0,0,9490
-3.4039085,-2.1934383,-7.075483,5.6003213,1.9724439,11.264104,197736,0,0,9489
-7.3522773,-6.032054,-2.1460848,5.6090055,6.929229,11.371248,197737,0,0,9488
-7.2276983,-4.9717317,-10.278677,5.1237326,8.40076,12.252165,197738,0,0,9487
-3.2105339,-2.768402,-12.649573,3.002905,2.6599953,17.709423,197739,0,0,9486
-0.40463766,-0.45244497,-1.6585811,0.49219942,0.43857968,1.7916178,197740,0,0,9485
-0.423705,-0.45899498,-1.6585813,0.47972012,0.47194195,1.6585816,197741,0,0,9484
-0.10546128,-1.3970615,0,0.1171762,0,0.9474475,197742,0,0,9483
-13.851059,-9.862944,-0.502882,5.7924175,9.780533,19.140594,197745,0,0,9482
-0.30136386,-0.6529441,-0.9662569,0.30136395,0.6529444,0.9662568,197747,0,0,9481
-0.31252566,-0.54837704,-0.84936327,0.31252524,0.55670494,0.8455056,197748,0,0,9480
-0.45128217,-0.6163119,-0.87326413,0.45128176,0.6120607,0.8783306,197749,0,0,11431
-9.180915,-5.6807585,-16.878273,9.180914,5.6807637,0.5114189,197751,0,0,11565
-2.414092,-2.2159493,-0.006115013,2.414092,2.2770474,0.6310539,197752,0,0,11564
-2.4335217,-49.94078,-18.93845,2.4335244,55.635326,19.138807,197753,0,0,11563
-0.3201619,-0.4333086,-0.5802517,0.3201621,0.43330863,0.5802516,197754,0,0,11562
-0.32016203,-0.43330848,-0.5802517,0.32016197,0.43330866,0.5802517,197755,0,0,11561
-0.31708816,-0.39019772,0,0.29294068,0.42513826,0.40961733,197756,0,0,11560
-0.3416995,-0.42599052,-8.723529E-05,0.33501092,0.42547178,0.30310297,197757,0,0,11559
-0.21982418,-0.27979317,0,0.1627341,0.2895888,0.14075857,197758,0,0,11558
-0.39080015,-0.21733288,0,0.40373173,0.21962725,0.34840342,197759,0,0,11557
-0.48137107,-0.74044746,-0.0018403796,0.7982797,0.8553802,2.1654024,197760,0,0,11556
-10.487446,-13.211473,3.1453216,12.658854,14.364358,16.296091,197766,0,0,11555
-6.7766623,-7.279867,-6.8566246,7.31652,6.8133154,7.849388,197767,0,0,11554
-1.4490271,-1.7563946,-0.06807286,1.9518201,1.7308095,2.8382328,197768,0,0,11553
-12.394318,-2.514936,-8.095344,12.507463,10.480378,21.246073,197777,0,0,11552
-1.96364,-2.7836902,-0.14440541,1.7925649,3.114543,5.283347,197779,0,0,11551
-2.8109293,-2.0101402,-0.049097154,2.5353098,2.5788498,3.1629958,197780,0,0,11550
-2.510065,-4.4407754,-0.12550722,3.298107,3.9481986,1.9120265,197781,0,0,11549
-3.274903,-2.0101402,-0.05351425,2.5353098,2.121902,3.0248744,197782,0,0,11548
-2.510065,-8.568468,-0.0809278,3.2044363,3.6860688,1.7642773,197783,0,0,11547
-0.8999831,-2.5499508,-0.46001258,2.3343494,2.6962051,4.5187755,197789,0,0,11455
-1.952911,-3.423595,-0.64512473,1.3881793,2.7355568,4.7387,197790,0,0,11454
-2.576573,-5.2010417,-0.20429951,2.128485,2.3656905,4.014572,197791,0,0,11453
-2.5234663,-2.4969282,-0.09081099,2.5554569,2.4009202,3.641661,197792,0,0,11452
-2.3242705,-2.280975,-0.20429951,2.3807874,1.2070365,3.499108,197793,0,0,11451
-4.941637,-2.6766815,-0.1180189,4.675202,2.6112537,4.801188,197794,0,0,11450
-1.9253584,-4.112353,-0.20429951,2.7796993,5.123832,4.014572,197795,0,0,11449
-2.5085433,-3.0187407,-0.09081099,3.069368,3.2092323,3.641661,197796,0,0,11448
-2.392411,-2.6689935,-0.12886687,3.23529,2.3910608,5.019081,197797,0,0,11447
-6.782551,-3.0692303,-0.02126412,5.288604,2.325498,5.573174,197799,0,0,11446
-1.0987195,-4.732145,-0.00041200756,6.3473387,4.7922716,7.438581,197803,0,0,11444
-1.0987195,-4.4060946,-0.00041200756,0.8198663,4.509065,7.438581,197804,0,0,11443
-2.81626,-0.418783,-1.70882,0.0410669,0.418783,1.70882,197807,0,0,11442
-0.29241708,-3.6076322,-0.017202884,0.05041011,3.3385994,2.8200657,197810,0,0,11441
-0.4645977,-5.040148,0,0.46459737,5.040148,10.739177,197814,0,0,11440
-0.06740711,-3.0752869,-0.00031704374,0.5696905,3.0752869,4.128222,197815,0,0,11439
-0.57850015,-1.5127542,-0.0032043457,0.582319,1.508703,5.3612633,197816,0,0,11438
-0.18470152,-1.7554662,-0.03453297,0.1847017,1.755466,4.4008512,197817,0,0,11437
-1.005546,-6.2112894,0.008074443,0.021437116,6.2608085,17.771896,197819,0,0,11436
-0.380419,-0.46598563,0.0013434092,0.38043615,3.4933777,5.0430245,197820,0,0,11435
-0.68078506,-4.132614,-1.4432121E-05,0.26697582,4.1325746,6.7424917,197821,0,0,11434
-0.29241708,-3.6076322,-0.017202884,0.05041011,3.3385994,2.8200657,197823,0,0,11433
-0.57081723,-3.5093753,-0.017202152,0.5063986,3.4948037,8.227849,197825,0,0,11432
-0.12095135,-3.5143113,-0.01720258,0.09038986,3.503045,7.7589936,197827,0,0,11430
-4.793817,-8.627068,-21.476877,5.3715005,6.7485867,5.418391E-07,197829,0,0,11008
-1.1925213,-2.0270898,-0.16426006,1.0262926,2.0393164,1.1872747,197831,0,0,11007
-1.159475,-2.027086,-0.16426,0.9965417,2.0393112,1.1678972,197832,0,0,11006
-0.74020755,-1.2581549,-0.16874847,3.1910832,1.2867589,1.3145279,197835,0,0,11005
-0.11423967,-2.1918204,-0.054865558,2.572755,2.968586,6.446829,197836,0,0,1828
-0.04632281,-2.896795,0,1.3641146,2.2164881,21.875908,197838,0,0,11004
-0.058603395,-0.4753106,-0.3030508,0.8946851,0.47614452,0.93384063,197841,0,0,11003
-0.0032067955,-0.88361347,0,1.0784649,1.185459,1.9974899,197842,0,0,11002
-0.96814805,-1.1887634,-0.00215643,1.2114264,1.0555391,3.8106952,197845,0,0,11001
-0.24392591,-0.89833766,-0.2835899,0.2532541,2.101124,1.6117312,197846,0,0,11000
-0.9553956,-0.6830346,-0.00025163125,1.3191301,0.69438726,3.3228061,197847,0,0,10999
-2.08384,-1.20424,-0.132554,0.857269,1.3081,4.58327,197849,0,0,10998
-1.0088062,-3.290568,-0.25740322,0.83060986,3.1968596,11.33714,197851,0,0,1422
-1.0088062,-0.9314535,-0.25740325,0.83060986,0.90684205,6.346825,197852,0,0,10997
-1.0088062,-0.8978526,-0.25740254,0.83060986,0.94044286,6.346825,197853,0,0,10996
-0.389028,-3.11724,-0.685044,0.435572,3.04884,5.11246,197854,0,0,10995
-2.9363918,-1.097213,-0.65703946,2.5848372,0.79627764,5.917089,197858,0,0,10994
-2.8391201,-0.24363269,-0.2574024,2.682109,0.17416175,5.9091663,197859,0,0,1097
-0.0829622,-0.0957967,0,0.0829622,0.0957967,0.209924,197860,0,0,12834
-0.0829622,-0.0957967,0,0.0829622,0.0957967,0.209924,197861,0,0,12833
-0.0829622,-0.0957967,0,0.0829622,0.0957967,0.209924,197862,0,0,12832
-0.0829622,-0.0957967,0,0.0829622,0.0957967,0.209924,197863,0,0,12831
-0.223599,-0.298403,-0.284217,0.231925,0.297175,0.325583,197864,0,0,12830
-0.223599,-0.298403,-0.284217,0.231925,0.297175,0.325583,197865,0,0,12829
-0.223599,-0.298403,-0.284217,0.231925,0.297175,0.325583,197866,0,0,12828
-0.223599,-0.298403,-0.284217,0.231925,0.297175,0.325583,197867,0,0,12827
-0.157976,-0.148333,-0.311119,0.27021,0.144291,0.0928647,197869,0,0,12826
-0.157976,-0.148333,-0.311119,0.34105,0.144291,0.109281,197870,0,0,12825
-0.157976,-0.170226,-0.311119,0.264837,0.166291,0.0256483,197871,0,0,12824
-0.132353,-0.15124,-0.162281,0.238532,0.15909,0.194904,197872,0,0,12823
-0.126569,-0.254762,-0.0367417,0.230813,0.278919,0.194904,197873,0,0,12822
-0.157976,-0.170226,-0.311119,0.264837,0.166291,0.0256483,197874,0,0,12821
-0.126569,-0.254762,-0.0367417,0.224132,0.278919,0.194904,197875,0,0,12820
-0.0755542,-0.133979,-0.0514822,0.329947,0.133652,0.177392,197876,0,0,12819
-0.0829622,-0.0957967,0,0.0829622,0.0957967,0.209924,197877,0,0,12818
-0.0829622,-0.0957967,0,0.0829622,0.0957967,0.209924,197878,0,0,12817
-0.0829622,-0.0957967,0,0.0829622,0.0957967,0.209924,197879,0,0,12816
-0.0829622,-0.0957967,0,0.0829622,0.0957967,0.209924,197880,0,0,12815
-0.132353,-0.15124,-0.162281,0.227119,0.15909,0.194904,197881,0,0,12814
-0.126569,-0.254762,-0.0367417,0.224132,0.278919,0.194904,197882,0,0,12813
-0.119005,-2.97286,0.979542,0.251879,-2.66253,1.33673,197883,0,0,12812
-0.126302,-0.254762,-0.000838889,0.226522,0.278919,0.206803,197884,0,0,12811
0,-0.129762,-0.180781,0.0837703,0.114849,0.180781,197885,0,0,12810
0,-0.129762,-0.180781,0.0837703,0.114849,0.180781,197886,0,0,12809
0,-0.129762,-0.180781,0.0837703,0.114849,0.180781,197887,0,0,12808
0,-0.129762,-0.180781,0.0837703,0.114849,0.180781,197888,0,0,12807
-0.136009,-0.298403,-0.284217,0.150483,0.297175,0.325583,197889,0,0,12806
-0.145973,-0.298403,-0.284217,0.159747,0.297175,0.325583,197890,0,0,12805
-0.123211,-0.298403,-0.284217,0.138584,0.297175,0.325583,197891,0,0,12804
-0.139841,-0.298403,-0.284217,0.154046,0.297175,0.325583,197892,0,0,12803
-0.287072,-0.274615,0.0147444,0.240473,0.202254,0.303964,197893,0,0,12802
-0.278292,-0.268701,0.00347583,0.249253,0.208169,0.292694,197894,0,0,12801
-0.275309,-0.270897,-0.0084425,0.252409,0.20599,0.280389,197895,0,0,12800
0,-0.129762,-0.180781,0.0837703,0.114849,0.180781,197896,0,0,12799
0,-0.129762,-0.180781,0.0837703,0.114849,0.180781,197897,0,0,12798
0,-0.129762,-0.180781,0.0837703,0.114849,0.180781,197898,0,0,12797
0,-0.129762,-0.180781,0.0837703,0.114849,0.180781,197899,0,0,12796
0.0237806,-0.388922,-0.795014,0.195341,0.391378,0.09864,197900,0,0,12795
-0.0846561,-0.375228,0.0140072,0.0869039,0.411589,1.26351,197901,0,0,12794
-0.09109,-0.376894,0.00873306,0.0804697,0.413169,0.907775,197902,0,0,12793
-0.09109,-0.373842,0.00113889,0.0804697,0.425956,1.25065,197903,0,0,12792
-0.09109,-0.397831,0.00873306,0.0804697,0.398722,0.907775,197904,0,0,12791
-0.0846561,-0.381039,0.00757306,0.0869039,0.415044,1.25708,197905,0,0,12790
-0.280758,-0.269807,-0.00537389,0.246955,0.20708,0.283461,197906,0,0,12789
-0.274329,-0.269173,0.0061925,0.253389,0.206846,0.297067,197907,0,0,12788
-0.275838,-0.273994,0.00684972,0.251708,0.202876,0.296067,197908,0,0,12787
-0.275838,-0.269525,0.000411111,0.251708,0.207345,0.289633,197909,0,0,12786
-0.44703293,-0.43480578,0.0001951125,0.44880047,0.43383616,1.7853105,197910,0,0,12351
-0.448539,-0.439736,0.00261944,0.447286,0.428903,1.78773,197911,0,0,12350
-0.454808,-0.437933,-0.00733722,0.441019,0.430703,1.80464,197912,0,0,12349
-0.1167125,-1.1261898,-1.4289038,0.09433815,1.1262167,1.4288982,197927,0,0,12348
-0.1167125,-1.1261898,-1.4289038,0.09433815,1.1262167,1.4288982,197928,0,0,12347
-0.1167125,-1.1261898,-1.4289038,0.09433815,1.1262167,1.4288982,197929,0,0,12346
-0.058649506,-0.5659246,-0.6085103,0.047406107,0.565938,0.60850793,197930,0,0,12345
-0.058649506,-0.5659246,-0.6085103,0.047406107,0.565938,0.60850793,197931,0,0,12344
-0.1167125,-1.1261898,-1.4289038,0.09433815,1.1262167,1.4288982,197932,0,0,12343
-0.12488237,-1.2652745,-2.283147,0.10094183,1.2653044,2.2831385,197933,0,0,12342
-0.12488234,-1.2652743,-2.0327165,0.10094181,1.2653042,2.0327086,197934,0,0,12341
-0.1167125,-1.1824995,-1.4289038,0.09433816,1.1825274,1.4288982,197935,0,0,12301
-0.12488246,-2.1337824,-1.2653044,0.10094196,2.133774,1.2652745,197936,0,0,12300
-0.12488234,-1.2652743,-1.788897,0.10094181,1.2653043,1.7888895,197937,0,0,1830
-0.120207,-2.36457,-1.26994,0.0937386,2.36456,1.17459,197939,0,0,12299
-0.128972,-2.15004,-1.16868,0.0937386,2.15003,1.16863,197940,0,0,12298
-0.134943,-2.09657,-1.22296,0.0937386,2.11135,1.24236,197941,0,0,12297
-0.146231,-1.93667,-1.13804,0.0937386,1.93666,1.19928,197942,0,0,12296
-0.116712,-2.04899,-1.12622,0.0943378,2.04898,1.12619,197943,0,0,12295
-0.25952345,-0.25796086,-0.14346857,0.49095616,0.99425304,0.47267586,197946,0,0,12294
-2.3002768,-6.305964,-0.10395232,1.9977833,6.286484,2.407502,197948,0,0,12293
-5.4428544,-2.3170338,-0.1337613,5.043767,2.1137474,2.1524782,197949,0,0,12292
-6.354718,-1.0636092,-0.75353074,5.609266,1.0939978,1.4029638,197950,0,0,12291
-1.3542758,-1.3897723,-0.0031031088,1.3569775,1.2886268,1.8588738,197951,0,0,12290
-0.4569474,-1.3450577,-0.0686743,0.7116856,1.3458889,4.272403,197959,0,0,12285
-0.011148807,-0.9347173,-0.06795584,0.3781204,0.92914176,2.598373,197961,0,0,12284
-0.20364757,-1.6143911,-0.29261032,0.12218902,1.6143914,4.313953,197962,0,0,12283
-0.160734,-1.2375548,0,1.0289284,1.2403718,5.7920475,197964,0,0,12282
-0.16073412,-2.8838952,-0.9222666,0.92759234,2.664313,2.2068505,197965,0,0,12281
-7.7049333E-07,-1.9389474,-0.04046243,0.17095138,1.9389474,6.427564,197966,0,0,12280
-7.6922754E-07,-1.9389474,-0.040568773,0.17117141,1.9389474,6.427564,197968,0,0,1428
-5.0344414E-07,-1.9389473,-0.04056827,0.17117086,1.9389473,6.427564,197971,0,0,12279
-0.16073361,-1.23755,0,1.0288926,1.2403694,5.792042,197973,0,0,12278
-0.16073361,-2.8838944,-0.9222884,0.92751324,2.6643083,2.20685,197974,0,0,12277
-5.0344414E-07,-1.9389473,-0.04056827,0.17117086,1.9389473,6.427564,197977,0,0,12276
-5.0344414E-07,-1.9389473,-0.04056827,0.17117086,1.9389473,6.427564,197979,0,0,12275
-0.160734,-1.2375548,0,1.0289284,1.2403718,5.7920475,197982,0,0,12274
-0.1607343,-2.9525354,-0.836388,0.92759216,2.5956726,2.2927291,197986,0,0,12273
0.09423966,-0.44858074,0.091923736,0.5474857,0.6030534,3.651783,197987,0,0,12272
-0.025870323,-0.9276246,-0.06808834,0.25641015,0.9283758,2.5989058,197988,0,0,12271
-0.07597592,-0.9276246,-0.04390902,1.3769017,0.9283758,5.1967273,197989,0,0,12270
0,-0.940071,0,0.0958568,0.869519,3.33103,197991,0,0,12269
0,-0.83517224,0,0.09585639,0.97441113,3.3310251,197992,0,0,989
-0.20660028,-2.4557195,0,0.17082,2.4053862,6.455392,197995,0,0,11967
-0.2087425,-2.4557195,-0.5505361,0.17082,2.4053862,6.455392,197996,0,0,11966
-0.20364757,-1.6143911,-0.16309468,0.12218902,1.6143914,4.313953,197997,0,0,11965
-5.0344414E-07,-1.9389473,-0.04056827,0.17117086,1.9389473,6.427564,198000,0,0,11964
-2.5623055,-1.3594357,0,2.704543,1.4208717,3.4457536,198001,0,0,11963
-2.344406,-1.7841034,0,2.4722648,1.7844552,1.5084194,198002,0,0,11962
-0.8255482,-0.7373069,0,0.5283567,0.7382592,1.2983938,198004,0,0,11961
-0.6670479,-0.6196256,0.010506153,0.6868569,0.6478535,1.2779852,198006,0,0,11959
-4.054647,-3.5300436,-0.014448307,5.4023476,3.7361348,9.072753,198008,0,0,11958
-4.054647,-3.5300436,-0.014448308,5.4023476,3.7361348,9.072753,198009,0,0,11912
-0.4184439,-2.1499262,-0.0010878977,0.38922063,2.0993578,0.7748612,198011,0,0,11911
-0.4184439,-2.0993578,-0.0010878977,0.38922063,2.0993578,0.7748612,198012,0,0,11910
-0.6675009,-1.3891675,-0.040930625,0.88168067,1.4399422,0.8434285,198013,0,0,11909
-0.62849647,-1.2249655,-0.014934055,0.37637058,1.187913,0.90881455,198014,0,0,11908
-0.99876034,-1.504275,-0.05835365,0.06648848,1.504275,0.49971825,198015,0,0,11907
-0.126387,-0.337697,0.00232778,0.114266,0.350781,1.17456,198016,0,0,1417
-0.126514,-0.385117,0.000166667,0.114138,0.391069,1.04838,198017,0,0,11906
-0.0591719,-0.168265,0.000166667,0.0589569,0.218579,1.64941,198018,0,0,11905
-1.21193,-0.378619,0.000336111,1.15723,0.370008,0.122308,198019,0,0,11904
-0.450422,-0.564058,0.000336111,0.457411,0.576181,0.183938,198020,0,0,11903
-0.824478,-0.370544,0.000336111,0.846042,0.375147,0.129496,198021,0,0,11902
-0.113822,-0.222141,0.000166667,0.0984081,0.225543,0.604028,198022,0,0,1498
-0.113822,-0.222142,5.55556E-05,0.0984081,0.225542,0.6039,198023,0,0,11901
-0.111233,-0.222142,-0.000461111,0.100996,0.225542,0.603381,198024,0,0,11900
-0.113822,-0.233243,0.0184342,0.0984081,0.214442,0.622278,198025,0,0,11899
-0.113822,-0.222141,0.00753361,0.0984081,0.225543,0.611381,198026,0,0,11898
-0.3049977,-0.22214195,0,0.29884982,0.22554308,0.15004936,198027,0,0,11897
-0.3049977,-0.22214195,0,0.29884982,0.22554308,0.15004936,198028,0,0,11896
-0.301392,-0.446586,0.000336111,0.341078,0.455956,0.129496,198029,0,0,1412
-0.324094,-0.4519,0.000336111,0.318375,0.450642,0.129496,198030,0,0,11895
-0.325011,-0.451581,0.000336111,0.317456,0.450961,0.129496,198031,0,0,11894
-0.321742,-0.448497,0.000336111,0.320725,0.454044,0.129496,198032,0,0,11893
-0.324811,-0.446586,0.000336111,0.317658,0.455956,0.129496,198033,0,0,11892
-0.0631636,-0.171862,0.000994444,0.0547683,0.166128,0.420533,198035,0,0,11891
-0.0631636,-0.171862,0.00121111,0.0547683,0.166128,0.42075,198036,0,0,11890
-0.0631636,-0.171862,0.00611083,0.0547683,0.166128,0.42565,198037,0,0,11889
-0.0631633,-0.171862,-0.00116944,0.0547689,0.166128,0.418369,198038,0,0,11888
-0.0631633,-0.171862,0.000166667,0.0547689,0.166128,0.419719,198039,0,0,11887
-0.221183,-0.30225,0.000336111,0.205028,0.318692,0.129496,198040,0,0,11886
-0.221183,-0.308392,0.000336111,0.205028,0.312547,0.129496,198041,0,0,11885
-0.221183,-0.308556,0.000336111,0.205028,0.312383,0.129496,198042,0,0,11884
-0.221183,-0.308033,0.000336111,0.205028,0.312911,0.129496,198043,0,0,977
-0.221183,-0.301214,0.000336111,0.205028,0.319725,0.129496,198044,0,0,11883
-0.49593872,-0.13615322,0,0.21997418,0.2411441,0.1350223,198046,0,0,11882
-1.867228,-0.7809738,0.012151637,1.6888353,0.76514083,5.0730925,198047,0,0,11881
-1.867228,-0.7809738,0.012151637,1.6888353,0.76514083,5.0730925,198048,0,0,11880
-2.7604723,-0.9392188,0.012151903,2.6839068,0.8646355,4.746545,198049,0,0,11879
-2.7604723,-0.9392188,0.012151903,2.6839068,0.8646355,4.746545,198050,0,0,11878
-0.31685978,-1.4066602,-0.01043876,0.56614923,1.3997624,4.0784473,198052,0,0,11877
-0.31685978,-1.4113747,-0.0029788383,0.5661491,1.3950322,1.7811784,198053,0,0,725
-0.3168598,-1.4107935,-0.01043876,0.56614923,1.3956292,3.2273853,198054,0,0,11876
-0.53545326,-0.23256643,0,0.2594887,0.33755735,0.35005635,198055,0,0,11875
-0.53545326,-0.23256643,-0.00065485365,0.2594887,0.61724836,0.7111038,198056,0,0,11874
-0.158805,-0.156214,0.0107936,0.152793,0.159946,0.723736,198057,0,0,728
-0.23962566,-0.25813484,-0.0004995229,0.21219203,0.19920202,0.86232394,198058,0,0,11873
-0.08064954,-0.53919387,-0.01617307,0.0708376,0,0.34333378,198060,0,0,1507
-0.081213005,-0.089066,-0.0013137391,0.07027412,0.0663714,0.53365207,198061,0,0,11872
-1.3228755,-1.2478552,-0.04329289,1.2850189,1.3600392,2.7544308,198064,0,0,11871
-1.5531317,-1.5764917,-0.04329289,1.412537,1.389177,2.945715,198065,0,0,11870
-1.128306,-1.2206615,0.010726329,1.096025,1.0964973,0.73206425,198067,0,0,11869
-0.48135415,-0.5392637,-0.0677329,0.47583288,0.5331991,0.84180593,198068,0,0,11868
-0.28562367,-0.3928586,0,0.42180273,0.32724696,0.74458534,198069,0,0,11867
-0.2881161,-0.8435302,0,0.2909543,0.8440149,2.7940323,198073,0,0,11866
-0.5507266,-0.55370533,-0.00400758,0.5524418,0.54946303,3.4628246,198074,0,0,737
-0.1758271,-0.40455955,-0.0025668384,0.1708276,0.42088985,1.4910666,198076,0,0,11513
-4.754607,-2.2301924,-0.032976028,5.5123253,2.164718,4.184996,198078,0,0,12251
-3.2247856,-3.480751,0,3.6796265,3.4236612,16.208834,198079,0,0,12250
-3.7310612,-2.887356,-0.032976028,3.9055398,2.8873563,4.4268227,198082,0,0,12249
-0.9843595,-0.97495914,-0.045098167,0.9847407,0.9738122,1.6004225,198084,0,0,12248
-1.2782434,-1.1433349,-0.019199377,1.2942079,1.1195303,1.7595572,198085,0,0,12247
-1.8218912,-1.9938308,-0.25673354,1.9194978,2.0285594,1.481142,198086,0,0,12246
-0.0062920107,-2.2844322,0,1.8297433,2.234692,2.9144988,198087,0,0,1827
-0.000563909,-1.8268304,-0.04047175,1.5804571,2.083688,2.8524969,198088,0,0,12245
-0.9371741,-1.5660006,3.635606,1.4019908,1.4950298,18.390425,198089,0,0,12244
-0.9371741,-1.5660006,3.635606,1.4019908,1.4950298,11.191262,198090,0,0,12243
0,-2.8105824,0,2.5137932,2.8679316,8.607049,198091,0,0,12242
-2.7850113,-0.75502115,-0.30226642,2.7964804,0.8400569,0.94106275,198093,0,0,12241
-1.24867,-1.24735,-1.24131,1.23395,1.23527,1.24131,198095,0,0,12240
-2.7396336,-1.5520127,-0.033712123,0,1.5118248,0.65807045,198096,0,0,12239
-5.2508287,-1.8186485,-0.05972855,4.505602,2.2600725,3.152769,198097,0,0,12238
-0.2536974,-1.8186485,-0.034393568,4.505602,2.3097098,3.3238895,198098,0,0,12237
-1.2698891,-1.2831982,-0.11017004,1.3231425,1.2830967,3.0366871,198099,0,0,1881
-0.80745983,-1.1218002,-0.042288035,0.9724438,0.90082675,1.5269173,198100,0,0,12236
-0.80745983,-1.1218002,-0.042288035,0.9724438,0.90082675,1.5269173,198101,0,0,12235
-0.8162329,-0.9975699,-0.39314604,4.0109243,2.21364,5.7607117,198109,0,0,12234
-44.84641,-54.54909,0,44.843067,54.5731,17.059277,198110,0,0,12233
1,1,1,-1,-1,-1,198111,0,0,12232
-0.7630957,-0.80129325,-0.0023857213,0.15275413,0.80012095,2.0800388,198114,0,0,12231
-0.9985464,-0.5532056,-0.0069886735,0.17892952,0.5532056,1.3278188,198115,0,0,727
-0.8708253,-0.58493674,-0.1103706,0.15119167,0.5849367,1.6528472,198116,0,0,12230
-0.9985465,-0.5532056,-0.0069886316,0.17892943,0.5532056,1.3278188,198117,0,0,12229
-0.48575994,-0.6139828,-0.039451748,0.5370938,0.45940378,2.0293717,198119,0,0,12228
-0.50520474,-0.81723255,-0.06557138,0.55885595,1.2364857,1.8645215,198120,0,0,12227
-2.2089715,-1.6807777,-0.26774815,2.116171,1.7798814,10.555504,198122,0,0,12226
-2.2089715,-1.6840104,-0.26774815,2.116171,1.7798814,11.012007,198123,0,0,12225
-0.6504,-0.193584,0.0103089,0.647472,0.193584,0.150476,198124,0,0,12224
0.0103089,-0.193584,-0.647472,0.150476,0.193584,0.6504,198125,0,0,12223
0.0103089,-0.193584,-0.647472,0.150476,0.193584,0.6504,198126,0,0,736
0.0103089,-0.193584,-0.647472,0.150476,0.193584,0.6504,198127,0,0,12222
-0.0931183,-0.107524,0.0360939,0.0931183,0.107524,0.285019,198128,0,0,12221
-0.0931183,-0.107524,0.0360939,0.0931183,0.107524,0.285019,198129,0,0,12220
-0.0931183,-0.107524,0.0360939,0.0931183,0.107524,0.285019,198130,0,0,12219
-0.0931183,-0.107524,0.0360939,0.0931183,0.107524,0.285019,198131,0,0,735
-0.00276667,-0.208247,-0.240165,0.0884675,0.208247,0.240165,198133,0,0,734
-0.00276667,-0.208247,-0.240165,0.0884675,0.208247,0.240165,198134,0,0,1497
-0.00276667,-0.208247,-0.240165,0.0884675,0.208247,0.240165,198135,0,0,12218
-0.00276667,-0.208247,-0.240165,0.0884675,0.208247,0.240165,198136,0,0,1416
-0.22935605,-1.0150696,-0.0019646795,0.20807071,1.0511496,1.4256912,198138,0,0,12217
-0.27217594,-0.29885992,-0.0009856059,0.2457021,0.29756242,0.6225145,198139,0,0,12216
-0.232287,-0.3224939,-0.00074631406,0.21943356,0.32308364,0.653652,198140,0,0,12215
-0.23531413,-0.23054963,-0.00074609567,0.24570198,0.23269728,0.51044506,198141,0,0,12214
-0.11854032,-0.1229178,-0.0068998206,0.11854032,0.11416285,0.23018084,198142,0,0,12213
-0.11854032,-0.12232228,0,0.11854032,0.11475837,0.24755849,198143,0,0,12212
-0.248754,-0.23565046,0,0.25885287,0.23584591,0.05157611,198144,0,0,12211
-0.24875398,-0.23670632,-0.0011524028,0.2588529,0.23479006,0.049747724,198145,0,0,12210
-0.2606422,-0.24597117,0,0.2642392,0.23642267,0.053068604,198146,0,0,12209
-0.26135826,-0.24597117,0,0.26350313,0.23642267,0.06047662,198147,0,0,733
-0.10199568,-0.30733,-0.076537505,0.09259841,0.29904023,1.5850269,198148,0,0,724
-0.31050694,-0.30733,-0.07233672,-0.11591283,0.29904023,1.5830114,198149,0,0,1829
-0.15833339,-0.27231652,-0.018466003,0,0.27429798,1.2473562,198150,0,0,12161
-0.1583334,-0.23992427,0,0,0.23109283,1.1009278,198151,0,0,12160
-0.1583334,-0.23360248,0,0,0.23741463,1.0995215,198152,0,0,12159
-0.15833339,-0.27164227,-0.018466003,0,0.27497223,1.2473562,198153,0,0,12158
-0.013660581,-0.4390942,0,0.15789983,0.45557806,0.90334684,198154,0,0,12157
-0.013773186,-0.4022728,0,0.14308797,0.39094105,0.72132665,198155,0,0,12156
-0.013773239,-0.4022728,-0.0011102112,0.14308792,0.39094105,0.7161621,198156,0,0,12155
-0.013660634,-0.4390942,0,0.15789978,0.45557806,0.90367275,198157,0,0,12154
-0.625425,-0.66195,0.000936111,0.617536,0.66195,0.793317,198158,0,0,11512
-0.625425,-0.657044,0.000936111,0.617536,0.666858,0.738572,198159,0,0,11511
-0.625425,-0.661697,0.000936111,0.617536,0.662203,0.0546175,198160,0,0,11510
-0.6254305,-0.65925324,0.00094102585,0.61753964,0.66465443,0.76163673,198161,0,0,11509
-0.625425,-0.66195,0.000936111,0.617536,0.66195,0.793317,198163,0,0,11508
-0.4005765,-0.5959195,0,0.39964718,0.5944958,0.6348882,198165,0,0,11507
-0.26368487,-0.4494613,0,0.25877523,0.44996357,0.6877955,198166,0,0,11413
-0.39353192,-0.5948512,0,0.3934649,0.5889507,0.62166137,198167,0,0,1509
-0.6157037,-0.66195375,0,0.6157037,0.66195375,1.24297,198168,0,0,11412
-0.172105,-0.18447466,0,0.14940603,0.15358202,1.1140472,198169,0,0,11411
-0.26132858,-0.3029484,0,0.26352918,0.3031051,1.4249628,198170,0,0,1787
-0.43825832,-1.1580614,-0.023719862,0.43534166,1.1731933,0.8534568,198172,0,0,11410
-0.242316,-0.250719,-0.00839611,0.24083,0.307167,0.594047,198173,0,0,11409
-1.413215,-1.5895994,-0.024147669,0.5390209,1.5875703,1.7347519,198175,0,0,11408
-1.4326298,-1.0308167,-0.11037129,1.4940974,1.0489483,1.9344984,198177,0,0,11407
-0.19244885,-0.39410543,1.0471131,0.42035857,0.351775,1.8779708,198178,0,0,730
-0.217332,-2.17485,0,0.404469,2.6061,5.6277,198185,0,0,11403
-3.639745,-4.098182,0.11256414,2.4956775,3.312555,22.582577,198186,0,0,11402
-3.7274578,-1.2057501,0,3.3041666,1.1552296,2.499565,198189,0,0,11401
-4.941958,-4.7966223,-0.73965806,4.6233816,4.700663,9.28317,198191,0,0,11400
-1.4178962,-1.4390168,-0.69040054,1.4599897,1.438869,2.1874852,198193,0,0,11399
1,1,1,-1,-1,-1,198194,0,0,11398
1,1,1,-1,-1,-1,198195,0,0,11397
-0.57092804,-0.78947836,-0.0009823721,1.0522184,0.53812665,0.8836773,198197,0,0,11396
-0.6290193,-1.0822111,-0.0051118713,0.98736966,0.5669735,0.8836773,198198,0,0,11395
-0.5513461,-0.57150143,-0.08121207,0.46818984,0.57623947,9.90435,198199,0,0,11394
-0.205153,-0.478117,-0.10473,0.246682,0.34995,0.373894,198202,0,0,11393
-0.215349,-0.428978,-0.114426,0.236487,0.3891,0.336756,198203,0,0,11392
-0.236301,-0.600442,-0.0957336,0.236492,0.25053,0.357781,198204,0,0,11391
-0.227274,-0.462781,-0.115244,0.211736,0.480953,0.376408,198205,0,0,11390
-0.215349,-0.430686,-0.0928075,0.236487,0.387392,0.358372,198206,0,0,11389
-0.227274,-0.463053,-0.0891358,0.211737,0.480675,0.402514,198207,0,0,11388
-0.215338,-0.428242,-0.0866644,0.236497,0.401775,0.364517,198208,0,0,11387
-0.777258,-0.686081,5.55556E-05,0.789086,0.676428,0.306111,198209,0,0,11386
-0.797639,-0.691003,0,0.768708,0.694075,0.306053,198210,0,0,721
-0.797639,-0.685297,0,0.768708,0.699781,0.306092,198211,0,0,11385
-0.7356397,-0.44304034,-0.048885435,0.6681913,0.42139748,0.5206123,198212,0,0,11384
-0.184806,-0.0344136,-0.0142578,0.184806,0.0344136,0.0142575,198214,0,0,11383
-0.184806,-0.0344136,-0.0142578,0.00645111,0.0344136,0.0142575,198215,0,0,11382
-0.0846211,-0.0485236,-0.0434883,0.0846211,0.0485236,0.0434883,198216,0,0,11381
-0.0846211,-0.0485236,-0.0434883,0.00663083,0.0485236,0.0434883,198217,0,0,11380
-0.0121742,-0.0485236,-0.0434883,0.00663083,0.0485236,0.0434883,198218,0,0,11379
-0.0388931,-0.022455,0,0.0289606,0.022455,0.0328486,198219,0,0,1826
-0.0388931,-0.022455,0,0.0289606,0.022455,0.0328486,198220,0,0,11378
-0.0388931,-0.04491,0,0.0388931,0.04491,0.0328486,198221,0,0,11377
-0.0388931,-0.04491,0,0.0388931,0.04491,0.0328486,198222,0,0,11376
-0.7481912,-0.9726485,-0.00054452213,0.7481912,0.9726485,0.35423505,198223,0,0,11375
-0.5347133,-0.65147424,-0.11041324,0.58264714,0.63874245,0.5145696,198224,0,0,11374
-0.0206533,-0.0175689,0,0.0206533,0.0217164,0.037505,198226,0,0,11373
-0.0704103,-0.0813025,0,0.0704103,0.0813025,0.0521167,198227,0,0,11372
-1.1153892,-1.6599904,-0.0007732214,1.0094736,1.281923,1.2506915,198228,0,0,11371
-0.497847,-0.0506072,-0.211543,0.465133,0.0506072,0.130476,198230,0,0,11370
-0.600928,-0.339258,-0.0474525,0.593367,0.253576,0.594942,198232,0,0,11369
-0.4130284,-0.050607663,-0.0049566426,0.7255881,0.050607678,0.1957727,198234,0,0,11368
-0.4130284,-0.050607663,-0.0049566426,0.7255881,0.050607678,0.1957727,198235,0,0,1732
-0.420042,-0.193695,-0.0062525,0.433622,0.175587,0.347467,198236,0,0,11367
-0.3052422,-0.6988019,-0.0059837545,0.3033076,0.690087,0.46764046,198238,0,0,729
-5.0336933,-4.9860377,-0.2611443,5.0350137,5.082669,9.434204,198240,0,0,11366
-5.033694,-4.9860387,-2.0271955,5.035014,5.0826693,6.626223,198243,0,0,11840
-5.033692,-4.986033,-0.26114336,5.0350113,5.082664,9.4342,198247,0,0,11839
-1.5580772,-1.4582688,-0.12669693,1.4550074,1.5714129,2.2928169,198253,0,0,11838
-0.38096598,-0.5093557,-0.004169878,0.40506342,0.40533194,1.6725644,198254,0,0,1504
-0.180541,-0.158229,-0.00271944,0.160447,0.166069,0.522983,198256,0,0,11837
-2.892076,-1.9014107,-0.00060030754,1.7791077,1.8491602,2.8829758,198261,0,0,1427
-0.11659691,-0.9404567,-0.34718055,0.10254563,0.69981843,0.23347303,198262,0,0,11836
-0.12822571,-0.18563868,-0.012325392,0.12286279,0.18331045,0.151521,198263,0,0,11835
-0.2547364,-0.18563868,0.0044281282,0.24824207,0.18331045,0.33217087,198264,0,0,1415
-0.12822571,-0.18271387,0.0026123242,0.12286279,0.18623526,0.16645871,198265,0,0,1414
-0.2547364,-0.18271387,0.0044281282,0.24824207,0.18623526,0.33217087,198266,0,0,11834
-0.16197087,-0.16153963,0,0.1619709,0.16240212,0.5149177,198267,0,0,11833
-0.062983535,-0.06034202,0,0.060022224,0.09343557,0.7525814,198268,0,0,1734
-0.046665844,-0.04454635,0,0.035807513,0.03981944,0.97907776,198269,0,0,11832
-0.04039553,-0.041875213,0,0.04207783,0.04249058,0.97907776,198270,0,0,11831
-0.04039553,-0.040149275,0,0.04207783,0.044216517,0.97907776,198271,0,0,11830
-0.04039553,-0.04402077,0,0.04207783,0.040345024,0.9912131,198272,0,0,11829
-0.38114777,-0.3287795,-0.0003886499,0.33050075,0.31832004,1.2684109,198273,0,0,11828
-0.11571229,-0.15465508,0,0.09720556,0.104669,1.1835389,198274,0,0,11827
-0.10943665,-0.11351258,0,0.1034812,0.10429087,1.1835389,198275,0,0,11826
-0.11015099,-0.5573788,-0.0005328939,0.10899152,0.52847314,0.21144533,198276,0,0,11825
-0.1896381,-0.7345808,0,0.24322589,0.5717681,0.1926036,198277,0,0,11824
-0.61950517,-0.4113146,0,0.6508303,0.4094887,1.0044359,198278,0,0,11823
-0.16187257,-0.17420304,0,0.15341103,0.18985508,0.5037852,198279,0,0,11822
-0.3558932,-0.34772417,-0.0003886499,0.35538518,0.36983815,1.09105,198280,0,0,11821
0,-0.48355675,0,0.11157192,0.48388925,1.54415,198281,0,0,11820
0,-0.47989982,0,0.10913035,0.48754618,1.5393527,198282,0,0,11819
0,-0.4857645,0,0.12276908,0.4816815,1.5378808,198283,0,0,1733
0,-0.48240227,0,0.12276908,0.48504373,1.5378808,198284,0,0,11818
-0.10170437,-1.4544764,0,0.08793288,1.0458463,0.57706934,198285,0,0,11817
-0.5359364,-0.7604688,-0.0018235733,0.6010458,0.8798063,1.6319604,198286,0,0,11816
-4.57371,-2.609348,-0.16249543,6.912896,4.5359764,6.074382,198288,0,0,11815
-0.94513416,-1.0913469,-0.27648535,0.945134,1.0913467,6.2217026,198289,0,0,11814
-1.0830791,-1.0794772,-0.5505669,1.0857992,1.0894011,2.1117685,198291,0,0,11813
-0.3552949,-0.35529473,-3.572089,0.35529473,0.35529473,0.0049534985,198292,0,0,11812
-6.6173806,-5.689087,-0.29684055,7.9082355,5.5602856,1.1227645,198294,0,0,11811
-1.8192173,-1.1066519,0.016124567,1.528123,1.1114197,0.43869147,198296,0,0,11810
-1.2721745,-1.3200586,-0.03548033,1.3663012,1.4530988,0.50336593,198297,0,0,11809
-3.1941633,-1.9805895,-0.19034134,5.0478086,1.9170793,3.6758745,198301,0,0,11808
-0.9821707,-0.5687383,-0.0081496425,1.1814698,1.9817176,4.088675,198303,0,0,11807
-0.4263569,-0.5687383,-0.0081496425,0.5918286,1.4770648,4.088675,198304,0,0,1786
-0.42637834,-0.5687383,-0.0081496425,0.59183806,1.4770648,4.088675,198310,0,0,11756
-0.61496574,-0.70122594,-0.05674488,0.5793362,0.49307603,1.3653527,198312,0,0,11755
-0.584622,-0.584622,-15.4003,0.584622,0.584622,5.7399,198315,0,0,11754
-0.5846256,-1.0258646,0,0.5846256,0.9965599,4.9005585,198316,0,0,11753
-1.1522905,-1.1550419,-0.02646852,1.1586152,1.1558638,5.4966383,198318,0,0,11752
-1.3745078,-0.8971859,-0.02646852,1.1744574,1.6517793,5.6236434,198319,0,0,11751
-1.3336668,-1.3208803,-0.026468547,1.2152987,1.2280852,5.641652,198320,0,0,11750
-1.3308741,-0.664247,-0.026468547,0.6450866,0.77662945,4.8581643,198321,0,0,11749
-0.65836644,-0.96187305,-0.02646852,0.65836626,0.93933827,4.921613,198322,0,0,10935
-1.2362355,-1.3248929,-0.02646852,1.3127307,1.2240733,5.6619067,198323,0,0,12767
-0.65836644,-0.9939749,-0.02646852,0.65836626,0.94795495,4.915198,198324,0,0,12766
-0.34627962,-0.3547681,-0.0038236,0.36952093,0.36103252,1.3718456,198327,0,0,12765
-0.35367504,-0.3523396,-0.0038236,0.36212552,0.36346102,1.3718456,198328,0,0,12764
-0.35367504,-0.3523396,-0.0038236,0.36212552,0.36346102,1.7924434,198329,0,0,12763
-0.35367504,-0.3523396,-0.0038236,0.36212552,0.36346102,1.7924434,198330,0,0,12762
-18.630964,-9.667571,-0.7022749,5.965017,9.736057,21.579323,198331,0,0,12761
-16.280674,-5.086121,-0.7022749,5.965017,5.556766,21.579323,198332,0,0,12760
-26.565233,-5.086121,-0.7022749,5.965017,5.556766,21.579323,198333,0,0,12759
-18.407969,-3.562333,-6.1460996,1.771717,4.0993943,11.094059,198334,0,0,12758
-0.4946432,-1.0714602,0,0.47406545,1.0849028,2.2931545,198337,0,0,12757
-0.49476495,-1.0451391,0,0.4739437,1.070623,2.2931545,198338,0,0,12756
-1.67706,-0.909217,0,1.69738,0.858461,1.66667,198339,0,0,1508
-1.68299,-0.648447,0.00298583,1.67983,0.661786,0.558539,198340,0,0,12755
-1.1866013,-1.2315819,-0.34885368,0.80661875,0.9310319,1.1826123,198343,0,0,12754
-0.7342825,-1.0265538,-0.0041588116,0.4111737,0.56046635,0.7555599,198344,0,0,12753
-3.44233,-1.19051,-0.0252911,3.58738,1.10066,3.88154,198346,0,0,12752
-0.7535931,-0.75402975,-0.1293508,0.75404656,0.7536097,0.12935083,198351,0,0,12751
-0.75359327,-0.7540299,-0.12935074,0.75404674,0.75361,0.12935075,198352,0,0,998
-5.813237,-3.0630548,-0.42692944,6.459531,2.536388,8.099184,198355,0,0,12750
-3.539729,-1.6292807,-0.37362057,3.6001303,1.8387133,4.478539,198356,0,0,12749
-1.1156846,-0.32546416,-0.010450893,0.49059,0.3443291,2.913077,198357,0,0,12748
-0.28074384,-0.32417503,0.05339016,0.28074384,0.32417503,0.9139201,198358,0,0,12747
-0.28074384,-0.32417503,0.05339016,0.28074384,0.32417503,0.9139201,198359,0,0,12746
-0.168461,-0.186739,-0.0105011,0.0770058,0.138785,0.272041,198360,0,0,12745
-0.196506,-0.362744,-0.0294094,0.181728,0.169114,0.449483,198361,0,0,12744
-0.102954,-0.217831,-0.00345361,0.129831,0.109506,0.321478,198366,0,0,12743
-0.217721,-0.224614,-0.0141283,0.198608,0.216284,0.578453,198367,0,0,12742
-22.116678,-59.56434,-10.170162,20.606691,60.624092,79.50141,198369,0,0,12741
-4.849542,-2.4862144,-12.247445,5.8849435,2.5317645,0.73182994,198370,0,0,12740
-0.937443,-1.0731455,-0.008802324,0.937443,1.1580596,2.8399413,198372,0,0,12739
-34.671795,-28.185589,-101.23238,14.883059,26.192554,44.918564,198376,0,0,12738
-35.566566,-22.096615,-99.77462,14.883059,13.562505,44.918846,198377,0,0,12737
-6.8974285,-10.358495,-1.1019388,9.597653,5.16301,16.028917,198378,0,0,12736
-611.8479,-775.97327,-280.14423,509.11438,952.6315,694.33606,198379,0,0,12735
-0.33615,-3.68631,-0.364906,1.1496,3.61402,7.37073,198380,0,0,12734
-1.05896,-8.495,-0.364906,1.08548,8.11851,8.722,198381,0,0,12733
-1.50884,-1.90951,-0.348767,1.63811,1.37303,11.0589,198382,0,0,1434
-4.511027,-4.2601247,-0.71220547,4.266276,1.0151243,3.4902503,198383,0,0,1435
-1.171596,-4.2601247,-0.82748914,2.4178002,1.0151243,3.4902503,198384,0,0,12732
-0.568525,-4.33518,-0.667392,0.293942,0.825344,3.99971,198385,0,0,12731
-10.97532,-7.64296,-0.36332121,8.373945,7.8945594,21.040146,198386,0,0,12730
-0.6056658,-0.2583591,-0.0040334417,0.56573397,0.26025903,0.56309444,198389,0,0,12729
-1.0708603,-2.7894552,-0.11619359,0.18907483,2.786834,1.7914124,198390,0,0,12728
-2.6345932,-2.6636891,-0.6572168,2.6345932,2.6636891,1.7754204,198395,0,0,12727
-0.06237139,-2.8119507,-0.7847293,2.4286954,2.8119507,2.145059,198396,0,0,12726
-0.062371362,-2.8119507,-0.5284409,2.1999462,2.8119507,1.9268485,198397,0,0,12725
-0.06237139,-2.8119507,-0.7847293,1.9566481,2.8119507,0.7847294,198398,0,0,12724
-0.06237139,-2.8119507,-0.7847293,1.9566481,2.8119507,1.1130844,198399,0,0,12723
-2.6345932,-2.877959,-0.6572168,2.6345932,2.5748844,3.259889,198402,0,0,11351
-1.0120089,-2.8119507,-0.5284409,1.0070106,2.8119507,2.8628857,198403,0,0,1505
-1.1234089,-2.8119507,-0.5284409,1.0608352,2.8119507,2.8628857,198404,0,0,11350
-0.396522,-0.346272,0.00663417,0.394919,0.339133,0.0825425,198405,0,0,11349
-0.3489996,-0.41114065,0,0.4256035,0.412578,1.4728848,198407,0,0,11348
-0.21421577,-0.5067237,-1.652187,0.11620189,0.5224805,2.4974272,198409,0,0,11347
0,-0.3685846,-0.045258608,0.047724467,0.389017,1.1036813,198411,0,0,11346
0,-15.298893,-7.9339423,32.424564,12.865278,38.749588,198412,0,0,11345
-10.748955,-11.178781,-1.2360885,11.330993,10.901169,38.749588,198413,0,0,11344
-1.1965792,-1.1147465,-0.041099336,3.9350002,1.1473699,3.5220342,198418,0,0,999
-0.67572385,-1.1065769,0.13427235,0.68387914,1.1921629,13.86948,198421,0,0,11343
-0.5466425,-0.61267513,0,0.71387875,0.5535363,0.10216311,198422,0,0,11342
-2.6556954,-2.8933408,-0.015288436,2.9269485,2.8933408,0.881643,198426,0,0,11341
-3.0544415,-2.2279046,0.0037101363,3.27285,1.946682,0.0037101367,198428,0,0,11340
-5.608695,-2.7349904,0.00070497725,5.838988,2.834577,0.0007049773,198430,0,0,11339
1,1,1,-1,-1,-1,198432,0,0,11338
1,1,1,-1,-1,-1,198434,0,0,11337
-1.4718332,-1.3870838,0.00020805995,1.6261322,1.417482,0.013889048,198435,0,0,722
-1.4718332,-0.8917859,0.00020805995,1.6261322,0.9113297,0.013889048,198436,0,0,11336
-0.358733,-0.43463773,-0.0026957416,0.31185108,0.53570837,0.2651442,198437,0,0,11335
-0.28028178,-0.2830395,-0.042973716,0.280684,0.44914442,0.49340138,198438,0,0,11334
-0.89086044,-0.5084687,-0.15920447,0.69502383,0.49063963,0.35556448,198440,0,0,11333
-1.461704,-0.68604475,-0.041719727,1.3427019,1.5108473,1.2058766,198441,0,0,11332
-0.9688832,-1.0422914,-0.041719727,0.8941876,1.1143997,1.1497923,198442,0,0,11331
-0.5144578,-0.61005193,-0.04581314,0.35808516,0.64325887,1.2994227,198443,0,0,1833
-1.6327695,-0.5471354,-0.21628433,1.4697015,0.56848955,1.0122514,198445,0,0,11330
-0.5056585,-1.2182251,-0.16672586,0.65891665,0.12028529,1.4529744,198449,0,0,11328
-0.530711,-0.380358,0.00441861,0.517911,0.420161,0.135923,198451,0,0,11327
-0.530711,-0.391103,0.00441861,0.517911,0.409417,0.135923,198452,0,0,11326
-0.459739,-0.158427,0.00143889,0.444358,0.139009,0.139258,198453,0,0,11325
-0.457042,-0.375353,-0.00705,0.456019,0.433708,0.147518,198454,0,0,11324
-0.457303,-0.396272,-0.00705,0.455758,0.412792,0.147518,198455,0,0,11323
-0.42443988,-0.5062119,0,0.39567083,0.50496256,0.12725158,198457,0,0,11322
-3.1818767,-3.8859673,0.0018499984,2.0311868,3.9500945,4.0663524,198459,0,0,1522
-0.36110702,-1.9401346,0,0.8076003,1.9229344,1.3060774,198461,0,0,11234
-0.36110702,-1.9401346,0,4.493834,1.9218842,1.3060774,198462,0,0,988
-0.7293458,-0.74900067,-0.15559131,0.7293851,0.70973,5.4185786,198463,0,0,11233
-1.8924474,-1.8404385,-0.21291874,2.025326,2.89526,5.4185786,198464,0,0,11232
-0.52144814,-0.5530769,-0.058467645,0.5214486,0.48982012,4.950466,198465,0,0,11231
-0.52144814,-0.52843195,-0.058467645,0.5214486,0.5144651,4.950466,198466,0,0,11230
-0.52144814,-0.49681064,-0.058467645,0.5214486,0.5460864,4.950466,198467,0,0,11229
-0.16612008,0.23720169,2.8460808,0.16611663,2.4935944,3.9066548,198468,0,0,11228
-0.16612008,0.1887135,2.8460808,0.16611663,2.445106,3.9066548,198469,0,0,11227
-0.09028915,0.058736783,3.4631574,0.0902899,1.7312196,3.9073818,198470,0,0,11226
-0.09028915,0.08338174,3.4631574,0.0902899,1.7558646,3.9073818,198471,0,0,11225
-0.09028915,0.11499625,3.4631574,0.0902899,1.7874792,3.9073818,198472,0,0,11224
-0.16612008,-0.8465595,2.8460808,0.16611663,1.409833,3.9066548,198476,0,0,11223
-0.7293417,-0.7335972,-0.15559112,0.72938055,0.7251278,5.4185777,198477,0,0,11222
-0.09028915,-0.8076245,3.4631574,0.0902899,0.8648584,3.9073818,198478,0,0,11221
0.41762933,-0.9848747,2.660958,0.6507019,1.2925855,3.518984,198479,0,0,11220
-0.52144814,-0.5306538,-0.058467645,0.5214486,0.5122432,4.950466,198480,0,0,11219
0.10401552,-0.21373053,-0.11688124,0.57063097,0.25563422,4.6635003,198481,0,0,11218
-5.9796796,-1.3049963,2.103473,2.8602393,1.3877344,8.466951,198484,0,0,10648
-5.97968,-1.305,2.10347,2.86024,1.38774,8.46695,198486,0,0,6780
-5.97968,-1.305,2.10347,2.86024,1.38774,8.46695,198488,0,0,6779
-5.97968,-1.305,2.10347,2.86024,1.38774,8.46695,198490,0,0,6778
-5.97968,-1.305,2.10347,2.86024,1.38774,8.46695,198492,0,0,6777
-0.16894972,-0.51424915,-0.0233177,0.19841409,0.52997905,1.5443823,198493,0,0,6776
-5.97968,-1.305,2.10347,2.86024,1.38774,8.46695,198497,0,0,6775
-5.97968,-1.305,2.10347,2.86024,1.38774,8.46695,198500,0,0,6774
-5.97968,-1.305,2.10347,2.86024,1.38774,8.46695,198502,0,0,6773
-5.97968,-1.305,2.10347,2.86024,1.38774,8.46695,198504,0,0,6772
-5.97968,-1.305,2.10347,2.86024,1.38774,8.46695,198506,0,0,6771
-5.97968,-1.305,2.10347,2.86024,1.38774,8.46695,198508,0,0,6770
-5.97968,-1.305,2.10347,2.86024,1.38774,8.46695,198510,0,0,6769
-5.9796796,-1.3049963,2.103473,2.8602393,1.3877344,8.466951,198512,0,0,6768
-5.97968,-1.305,2.10347,2.86024,1.38774,8.46695,198514,0,0,6767
-5.9796796,-1.3049963,2.103473,2.8602393,1.3877344,8.466951,198516,0,0,6766
-9.730906,-9.240703,-0.14012673,8.078498,12.639691,30.146372,198517,0,0,6765
-1.6669266,-1.1426674,-0.04216184,1.6654962,1.1141521,0.5,198519,0,0,6764
-0.6555425,-0.55665624,0.9949177,0.66752523,0.5934357,4.1132007,198522,0,0,6763
0,-1.6484983,0,1.1916431,0,3.8351374,198525,0,0,6762
0,-1.6484983,0,1.1916431,0,3.8351374,198526,0,0,6761
-0.98864925,-0.6133557,-0.11029336,0.8275556,0.6255445,1.5087701,198527,0,0,6760
-0.22641087,-0.21083157,-9.025894E-05,0.1528889,0.21083188,0.686259,198538,0,0,6759
-0.14238878,-0.28170642,-0.00054946967,0.14242543,0.28170672,0.6896474,198539,0,0,6758
-0.120294,-0.209759,0.000166667,0.127332,0.210832,0.539864,198540,0,0,6757
-0.19300745,-0.31775388,0.00012627509,0.20354128,0.3172902,0.724842,198542,0,0,6721
-0.18102796,-0.29047805,-0.0007432912,0.19887133,0.29368007,0.72645897,198544,0,0,6720
-2.7451527,-3.1857624,-1.0751834,2.6463215,3.050639,7.6263337,198551,0,0,6719
-2.9493146,-3.023587,-0.3673695,2.4421597,2.9341557,7.7311945,198552,0,0,6718
-0.269171,-0.388956,-0.0623436,0.287292,0.388956,1.07041,198558,0,0,6717
-7.849184,-11.259712,-0.06849047,5.988177,9.91755,20.53198,198559,0,0,6716
-4.823522,-5.805281,0.0015789868,6.457648,4.736246,20.483133,198560,0,0,6715
-7.5144334,-6.347859,-0.045016397,8.462882,7.2717996,28.572968,198561,0,0,6714
-5.9312873,-8.485156,0.0059979097,3.4114447,8.10476,20.810465,198562,0,0,6713
-1.6013006,-2.1328592,-0.005552292,1.5953053,1.9891592,4.129309,198563,0,0,6712
-5.149162,-5.4916296,-0.016317734,3.677706,5.860533,19.579233,198564,0,0,6711
-1.9431828,-2.9276173,-0.005934381,2.275969,1.9829199,5.2917714,198570,0,0,7771
-0.86121583,-0.8546365,-0.13306564,0.7565987,0.76317805,1.4847488,198571,0,0,7860
-1.0805341,-1.281005,-0.46477765,1.138388,0.9379171,1.7541444,198572,0,0,7859
-0.043320794,-0.1527354,0,0.3376133,0.1875255,0.61285394,198573,0,0,7858
-0.083266124,-0.15273543,0,0.254167,0.18752547,0.7145069,198574,0,0,7857
-0.13752499,-0.1527354,0,0.2468093,0.18752551,0.6620085,198575,0,0,7856
-0.1709899,-0.26199937,0,0.39779046,0.37130803,1.5961308,198576,0,0,1825
-0.15606613,-0.22832997,0.22716528,0.36427176,0.21690771,1.5788395,198577,0,0,7855
-0.2808658,-0.272492,0,0.27646124,0.28483507,4.0789785,198578,0,0,7854
-0.24204496,-3.04125,0,0.31528205,2.82025,4.0789785,198580,0,0,7853
-2.0381343,-2.0984323,-0.32220212,2.163449,2.1031516,6.76834,198581,0,0,7852
-1.6204712,-2.1534297,-0.009479033,1.6204712,2.1534295,1.366127,198582,0,0,7851
-0.7697539,-0.11174827,-0.26763937,0.3974626,4.308527,4.6391635,198590,0,0,7850
-53.91201,-51.305477,-4.5195794,49.550865,53.408775,161.02867,198591,0,0,7849
-33.275074,-30.828203,-18.632563,32.03316,32.377457,24.713844,198592,0,0,7848
-33.275074,-30.828207,-25.735752,32.03316,32.37746,42.75157,198593,0,0,7847
-1.0343109,-0.4906141,-0.03931153,0.40272406,0.5802315,3.737806,198595,0,0,7846
-0.4872446,-0.29617372,-0.62828094,0.20544161,0.30066395,0.92092687,198596,0,0,7845
-1.1864915,-0.53806424,-0.03931153,0.3672372,0.5327814,2.3576732,198597,0,0,1094
-1.432252,-1.9918711,-0.00062179565,1.4322512,1.9918714,2.1595201,198598,0,0,7844
-1.5821397,-2.19822,-0.00062179565,1.4322512,1.9918714,1.661011,198599,0,0,7843
-1.43225,-1.99187,-0.000616667,1.43225,1.99187,1.03107,198600,0,0,7842
-1.2704259,-2.1495948,-0.0010878572,1.2995033,2.0993578,1.3383653,198602,0,0,7841
-1.432252,-1.9918711,-0.00062190165,1.4322512,1.9918714,1.0310762,198603,0,0,7840
-1.0873628,-1.0741484,0,1.0394337,1.0867447,1.1319655,198604,0,0,7839
-0.77916896,-0.88405657,0.00035111108,0.7791691,0.88405657,1.1232064,198605,0,0,7838
-1.9207957,-1.4442399,-0.14913979,1.4575375,1.3241459,1.5320183,198608,0,0,7837
-1.4681658,-1.3081763,-0.12877853,0.8911604,1.0792568,2.0811608,198609,0,0,7836
-0.7492204,-0.6974617,-0.015284021,0.8052295,0.6633067,2.7592156,198611,0,0,7835
-1.80273,-1.34409,-0.0850639,2.25504,1.40003,2.22044,198612,0,0,7834
-0.277191,-0.888731,-0.0690547,0.302592,1.13318,1.55448,198613,0,0,7833
0,-0.29755786,-0.0072385487,0.4931514,0.29755777,0.5180205,198616,0,0,7791
-0.5305902,-0.83190674,-1.1013355,1.0803108,0.77899426,0.5180205,198617,0,0,7790
-1.429358,-1.6872782,-1.5801953,1.9773982,1.719478,1.8265609,198618,0,0,7789
0.0043177386,-0.29755786,-0.0072385487,0.51446974,0.29755777,0.5316319,198619,0,0,7788
-2.2722461,-1.3905727,-0.1547684,1.694781,1.9792535,3.5042849,198620,0,0,7787
-2.201405,-3.1614544,-0.1547684,4.929062,3.3310921,4.063395,198621,0,0,7786
-0.1701935,-0.5130397,0.0006809335,0.16278692,0.5065695,0.71723825,198626,0,0,7785
-1.599829,-1.2203672,-0.3298527,1.5945728,1.9740345,2.8645492,198630,0,0,7784
-1.6288733,-14.556952,-4.3600073,2.0900223,14.487283,51.41579,198632,0,0,7783
-0.3198101,-1.035525,-0.003654533,1.0015341,1.0619391,3.4173362,198633,0,0,7782
-0.3198101,-0.9863999,0,1.0944186,0.9939026,2.8029408,198634,0,0,7781
1,1,1,-1,-1,-1,198635,0,0,7780
-0.5983708,-0.3484729,-0.12303343,0.6943012,0.70882636,2.7855022,198636,0,0,7779
-0.90578735,-0.06400726,-0.4125052,0.06574558,0.06398353,0.40876883,198637,0,0,7778
0,-0.36440375,-0.5269309,0.09539593,0.3644038,0.52693087,198639,0,0,7777
-0.0713775,-0.0692989,-0.433683,0.0213483,0.0468669,0.433683,198642,0,0,1413
-0.474411,-0.424711,-0.0573567,0.426353,0.363539,0.0823261,198643,0,0,7776
-0.153297,-0.0804925,-1.08617,0.323642,0.0725642,0.781256,198644,0,0,720
-0.0756336,-0.441533,-0.377236,0.0756336,0.422583,1.32141,198645,0,0,7775
-0.6752,-0.0474375,-0.0618244,0.672831,0.0474375,0.48265,198646,0,0,1423
-0.396407,-0.412432,-0.101578,0.909854,0.434354,0.115358,198647,0,0,7774
-0.405933,-0.0573281,-0.146853,0.574728,0.0559494,0.281158,198648,0,0,7773
-0.08732388,-0.18759243,-0.29360303,1.3240057,0.19127029,0.29311693,198649,0,0,7772
-0.355581,-0.105737,-0.0997225,0.370847,0.105737,0.102243,198650,0,0,7360
-0.3698,-0.1702,-0.103035,0.989139,0.163201,0.185699,198651,0,0,7499
-1.30166,-0.0717522,-0.162496,1.30166,0.0717519,0.162496,198652,0,0,7498
-1.33689,-0.0924292,-0.156756,1.41317,0.0924289,0.115626,198653,0,0,7497
-0.996397,-0.0496633,-0.150023,1.54402,0.0496633,0.160956,198654,0,0,7496
-1.17053,-0.0552683,-0.0624553,0.725939,0.0552686,0.0624561,198655,0,0,7495
-0.750917,-0.0455078,-0.148015,0.750917,0.0455078,0.148015,198656,0,0,7494
-1.08727,-0.0635753,-0.241419,1.08727,0.0635753,0.242084,198657,0,0,7493
-0.08902895,-0.084762156,-0.433686,0.023818634,0.046867397,0.46693176,198658,0,0,7492
0,-0.36440375,-0.52693105,0.095396,0.3644038,0.5269309,198660,0,0,7491
-0.1912038,-0.034931608,-1.0475641,0.18950807,0.034931686,0.45059776,198662,0,0,7490
-6.752245,-6.958973,-1.766811,7.154406,7.0428123,18.773424,198664,0,0,7489
-1.8378146,-0.45579126,-0.4514261,1.8370287,1.0269648,2.6609051,198665,0,0,995
-0.16754992,-1.0043058,-0.047656078,0.40837523,0.7772455,2.4810202,198666,0,0,7488
-0.35516205,-2.6661093,-0.14781904,0.23029256,2.66283,0.88548154,198668,0,0,7487
-0.3551624,-5.2715554,-0.14781925,0.23029219,5.9427104,0.88548154,198669,0,0,7486
-1.0467621,-1.9679137,0,1.6924552,1.5982949,2.4962249,198670,0,0,7485
-1.3573859,-5.6593556,-1.2699075,1.3934639,4.659646,5.436335,198671,0,0,7484
-7.860904,-11.755619,-4.4823313,19.974215,10.473764,4.978349,198672,0,0,7483
-16.75844,-19.85558,-4.4823313,19.974215,10.473764,12.027904,198673,0,0,7482
-16.75844,-35.680454,-4.4823313,19.947184,10.473764,4.978349,198674,0,0,7481
-0.29336366,-0.47761875,0.00010765924,0.25853002,0.50950795,0.6199425,198675,0,0,7480
-1.0718168,-5.2556934,-0.5030369,1.2912551,4.860621,3.9360554,198676,0,0,7479
-0.6386117,-2.7382822,-0.5030369,0.4350162,2.7601645,2.911589,198677,0,0,7478
-8.3913965,-0.38829526,-1.719187,11.750362,0.3882951,5.4746113,198678,0,0,7477
-1.249193,-1.850884,-0.17054912,1.3461307,1.8481039,1.156829,198708,0,0,7372
-2.3935685,-2.0864928,-0.2562633,1.9602848,1.2067021,0.99848104,198709,0,0,7371
-2.7450466,-2.065335,-0.3211386,1.9795554,1.6487328,1.1115469,198710,0,0,7370
-2.5656426,-2.1809716,-0.2612024,2.5440028,1.7853688,1.1190256,198711,0,0,7369
-2.3266933,-2.0070767,-0.3221625,1.9767416,2.1214821,0.87353593,198712,0,0,7368
-2.6472695,-1.9705626,-0.19871196,2.2512224,1.8059784,1.366059,198713,0,0,7367
-2.6369421,-2.2495165,-0.08075178,2.6550977,2.1010153,1.232456,198714,0,0,7366
-1.9764723,-1.6392385,-0.23162146,2.270846,2.1755958,0.83211166,198715,0,0,7365
-2.3476074,-1.8722653,-0.17397006,1.7715659,2.3922284,3.8905895,198717,0,0,7364
-1.3954957,-1.3545176,-1.3532254,1.3292146,1.3701926,1.3714849,198719,0,0,7363
-0.42186168,-4.365737,-0.009116692,1.4142982,5.087437,10.991983,198720,0,0,7362
-0.23360176,-2.6511075,0,0.16601713,2.5301962,6.510829,198725,0,0,7361
-0.23360176,-2.6511075,0,0.16601713,2.5301962,6.510829,198726,0,0,6930
-0.23360176,-2.6511075,-2.6005025,0.3072324,2.5301962,6.510829,198727,0,0,7065
-0.23360176,-2.6511075,0,0.16601713,2.5301962,6.510829,198729,0,0,7064
-0.23360176,-2.6511075,0,0.16601713,2.5301962,6.510829,198731,1,0,7063
-0.430319,-0.46780607,-0.027482621,0.42883322,0.5242574,1.064014,198733,0,0,7062
-1.18559,-2.685008,0.060806587,1.8063289,2.9224648,3.8911142,198734,0,0,7061
-1.2025012,-2.30672,-0.16100484,1.8529922,2.822243,1.3977326,198735,0,0,7060
-0.74553263,-1.7557814,0.10859563,1.5419536,2.8422537,1.3588587,198736,0,0,7059
-2.7187712,-1.9931332,-0.21536413,2.721806,2.1285167,2.7617111,198741,0,0,7058
-0.22351272,-0.22151904,-0.0023157508,0.22351278,0.22550638,0.5265252,198743,0,0,7057
-1.808176,-1.808176,0.014526849,1.808176,1.808176,1.1438313,198744,0,0,7056
-0.6584159,-1.1390083,0,0.66180027,1.1176355,0.8333333,198748,0,0,7055
-0.5451923,-1.165095,-0.004301935,0.54519224,1.165095,2.0970552,198749,0,0,7054
-4.240236,-3.3432584,-0.033116955,2.7650864,3.1234848,2.1589797,198752,0,0,7053
-0.9071489,-0.8896134,-0.05691009,0.86318856,0.8997859,2.07942,198754,0,0,7052
-1.0082899,-0.7656911,-0.013402974,0.5963567,0.82594883,0.74370354,198755,0,0,7051
-0.89845437,-0.9083536,-0.03119825,0.89797825,0.88807905,1.8361266,198756,0,0,7050
-0.76100117,-2.2377555,-0.063548304,0.77419174,2.2342513,1.3845366,198757,0,0,7049
-0.6910003,-1.1455724,-0.015038348,0.7069293,1.0778353,0.9712871,198758,0,0,7048
-0.42236614,-0.46150276,-0.034527104,0.4018329,0.44443965,0.79125804,198759,0,0,7047
-0.39598337,-0.43909082,-0.053675532,0.42821565,0.46685162,0.7721096,198760,0,0,6945
-3.0748477,-7.500291,-0.42059046,2.473216,7.495475,19.244583,198761,0,0,6944
-8.394136,-8.139509,-0.44462872,8.518673,8.7733,18.695826,198762,0,0,6943
-5.708375,-4.4396353,-0.12688108,5.901723,4.7999673,5.3255754,198764,0,0,6942
-2.1118822,-3.4362912,0.022070002,4.1590104,3.7596986,0.67843163,198765,0,0,6941
-2.4006689,-2.123981,-0.0035181576,2.0523434,2.0295162,3.2454505,198768,0,0,6940
-2.1120834,-2.5335498,-0.08797479,1.9971515,1.575685,6.769912,198770,0,0,6939
-1.4331708,-1.3964937,-0.09261068,1.3795455,1.4964542,6.7938323,198771,0,0,6938
-2.5713854,-1.0583566,-0.26129642,1.0303693,2.038852,3.44729,198772,0,0,6937
-2.677826,-4.632513,-0.44181308,1.1400204,1.1162726,2.7821925,198773,0,0,6936
-2.1312397,-3.294564,-0.20083258,1.9811184,0.9107023,6.65727,198776,0,0,6935
-1.8490294,-1.7400317,-0.13341053,1.8321956,1.9411933,6.0141225,198777,0,0,6934
-0.5962197,-0.56778854,-2.651536,0.5453533,0.5737849,0.004185696,198779,0,0,6933
-0.81872064,-0.8468959,-0.14041245,0.8827854,0.85461015,2.0321174,198780,0,0,6932
-3.9543152,-4.229856,-4.615735,4.306219,4.5939565,7.036566,198781,0,0,6931
-0.54583585,-0.47437298,-0.005398008,0.4678811,0.5770222,0.8737044,198785,0,0,10647
-0.4832622,-0.9951437,-0.010652709,0.5866093,0.58242524,1.1298805,198786,0,0,10646
-0.47755507,-0.5783845,-0.0007458197,0.49795157,0.41577375,1.1644137,198787,0,0,10645
-0.5206265,-0.563495,-0.02272303,0.52331746,0.4125887,1.51317,198788,0,0,10644
-0.4835795,-0.96243775,0.006355074,0.47615445,0.6076749,1.8852155,198789,0,0,10643
-0.5687839,-0.65793544,-0.40759924,0.5227898,0.49866676,1.6598351,198790,0,0,10642
-0.40326482,-0.6041396,-0.0025674384,0.37898237,0.68031055,1.6513392,198791,0,0,10641
-0.7506961,-0.8755315,-0.0036894626,0.8441715,0.7825775,0.86347556,198792,0,0,10640
-0.46350738,-0.6025942,-0.015997993,0.6053897,0.59615576,2.6051378,198793,0,0,10639
-0.6146501,-0.48024622,-0.0030849585,0.4774083,0.73600984,1.2404836,198794,0,0,10638
-9.932829,-9.601012,-18.3228,9.600088,9.931905,14.79105,198798,0,0,10637
-0.45444453,-0.6513209,-0.05565759,0.48042658,0.68551946,2.6106722,198801,0,0,10636
-0.3167032,-0.40637532,-0.05278758,0.3426852,0.4486084,1.9087067,198802,0,0,10635
-1.1077017,-1.4700018,-0.019048426,1.1198747,1.4675806,1.1874098,198803,0,0,10634
-0.6568415,-0.6973434,-0.003787905,0.7320474,0.6915455,2.3684688,198804,0,0,10633
-13.608235,-3.007998,-2.3603673,15.072466,2.737506,12.091198,198805,0,0,10632
-4.67311,-2.384526,-1.0039154,4.565561,2.1783838,9.962457,198806,0,0,10631
-7.495815,-2.46721,-0.9333121,5.692402,2.7208385,12.232903,198807,0,0,10475
-12.138288,-11.171863,-0.25553194,8.814719,12.673195,29.936802,198808,0,0,10474
-4.178234,-3.4096417,-0.2071888,3.2712708,3.884833,25.583424,198809,0,0,10473
-2.6776865,-4.010711,-0.14119631,4.45989,3.4729652,18.5516,198810,0,0,10472
-3.464596,-2.7666695,-0.44401297,3.9712665,4.4257083,13.01598,198811,0,0,10471
-4.121962,-3.5736911,-0.21227397,3.3179715,3.7660527,9.430397,198812,0,0,10470
-10.910922,-2.9392595,-0.6462963,10.191052,3.4017708,3.183387,198813,0,0,10469
-8.132205,-12.571588,-0.4271093,9.951043,13.011053,17.243557,198814,0,0,10468
-9.452624,-2.966209,-0.42710915,8.910003,3.4590843,21.324009,198815,0,0,10467
-13.02641,-1.6256282,-0.21386267,10.932981,1.6904539,9.646348,198816,0,0,10466
-9.217986,-0.7309513,-0.21386144,8.683699,1.7019072,8.453338,198817,0,0,10465
-12.138288,-11.171863,-0.25553194,8.814719,12.673195,29.936802,198824,0,0,10464
-4.178234,-3.4096417,-0.2071888,3.2712708,3.884833,25.583424,198825,0,0,10463
-2.6776857,-4.0107093,-0.14119773,4.459891,3.4729671,18.5516,198826,0,0,10462
-3.464596,-2.7666695,-0.44401297,3.9712665,4.4257083,13.01598,198827,0,0,10461
-4.121962,-3.5736911,-0.21227397,3.3179715,3.7660527,9.430397,198828,0,0,10460
-10.910922,-2.9392595,-0.6462963,10.191052,3.4017708,3.183387,198829,0,0,10459
-8.132205,-12.571588,-0.4271093,9.951043,13.011053,17.243557,198830,0,0,10458
-9.452624,-2.966209,-0.42710915,8.910003,3.4590843,21.324009,198831,0,0,10457
-13.02641,-1.6256282,-0.21386267,10.932981,1.6904539,9.646348,198832,0,0,10456
-9.217986,-0.7309513,-0.21386144,8.683699,1.7019072,8.453338,198833,0,0,10455
-2.870816,-13.709533,-5.438639,2.8394017,14.478692,8.137549,198834,0,0,10454
-0.9191354,-0.97126514,-0.05808258,0.9041869,0.90833455,1.8486532,198835,0,0,10453
-1.2231927,-0.97411305,0,0.9717772,0.91302234,1.9032593,198836,0,0,10452
-2.870815,-1.739557,-0.11717902,2.8394024,1.7545303,5.854148,198837,0,0,10451
-3.733678,-3.733678,-0.11738433,3.733678,3.733678,12.395952,198838,0,0,10450
-4.131755,-15.627867,-0.6513932,5.700228,14.840367,19.601461,198839,0,0,10449
0.045681287,-1.8155411,0,1.1075054,1.8155411,3.1771972,198842,0,0,10448
-1.1422952,-1.1286085,-0.11391755,1.1422955,1.1559824,6.4295025,198845,0,0,10447
-1.1422952,-1.1735463,-0.11391755,1.1422955,1.1110445,6.4295025,198846,0,0,10446
-0.19904245,0.3850429,3.0662193,0.19904296,2.1158338,3.6224256,198847,0,0,10445
-0.19904245,0.34010515,3.0662193,0.19904296,2.070896,3.6224256,198848,0,0,10444
-1.1938416,-3.0216575,-0.09241419,0.99868745,1.0644495,9.588808,198888,0,0,7474
-0.1950702,-1.1920701,0.10193507,0.21924683,1.1845564,2.1648812,198889,0,0,7473
-0.1950702,-1.1920701,0.10193507,0.21924683,1.1845564,2.1648812,198890,0,0,7472
-0.1950702,-1.1920701,0.10193507,0.21924683,1.1845564,2.1648812,198891,0,0,7471
-0.1950702,-1.1920701,0.10193507,0.21924683,1.1845564,2.1648812,198892,0,0,7470
-0.1950702,-1.1920701,0.10193507,0.21924683,1.1845564,2.1648812,198893,0,0,7469
-0.1950702,-1.1920701,0.10193507,0.21924683,1.1845564,2.1648812,198894,0,0,7468
-0.1950702,-1.1920701,0.10193507,0.21924683,1.1845564,2.1648812,198895,0,0,7467
-0.1950702,-1.1920701,0.10193507,0.21924683,1.1845564,2.1648812,198896,0,0,7466
-0.1950702,-1.1920701,0.10193507,0.21924683,1.1845564,2.1648812,198897,0,0,7465
-0.1950702,-1.1920701,0.10193507,0.21924683,1.1845564,2.1648812,198898,0,0,7464
-0.1950702,-1.1920701,0.10193507,0.21924683,1.1845564,2.1648812,198899,0,0,7463
-0.1950702,-1.1920701,0.10193507,0.21924683,1.1845564,2.1648812,198900,0,0,7462
-0.1950702,-1.1920701,0.10193507,0.21924683,1.1845564,2.1648812,198901,0,0,7461
-0.1950702,-1.1920701,0.10193507,0.21924683,1.1845564,2.1648812,198902,0,0,7460
-0.1950702,-1.1920701,0.10193507,0.21924683,1.1845564,2.1648812,198903,0,0,7459
-0.1950702,-1.1920701,0.10193507,0.21924683,1.1845564,2.1648812,198904,0,0,7458
-0.1950702,-1.1920701,0.10193507,0.21924683,1.1845564,2.1648812,198905,0,0,7457
-0.1950702,-1.1920701,0.10193507,0.21924683,1.1845564,2.1648812,198906,0,0,7456
-0.1950702,-1.1920701,0.10193507,0.21924683,1.1845564,2.1648812,198907,0,0,7455
-0.1950702,-1.1920701,0.10193507,0.21924683,1.1845564,2.1648812,198908,0,0,7454
-0.1950702,-1.1920701,0.10193507,0.21924683,1.1845564,2.1648812,198909,0,0,7453
-0.1950702,-1.1920701,0.10193507,0.21924683,1.1845564,2.1648812,198910,0,0,7452
-0.1950702,-1.1920701,0.10193507,0.21924683,1.1845564,2.1648812,198911,0,0,7451
-0.1950702,-1.1920701,0.10193507,0.21924683,1.1845564,2.1648812,198912,0,0,7450
-0.1950702,-1.1920701,0.10193507,0.21924683,1.1845564,2.1648812,198913,0,0,7449
-0.1950702,-1.1920701,0.10193507,0.21924683,1.1845564,2.1648812,198914,0,0,7448
-0.1950702,-1.1920701,0.10193507,0.21924683,1.1845564,2.1648812,198915,0,0,7447
-0.1950702,-1.1920701,0.10193507,0.21924683,1.1845564,2.1648812,198916,0,0,7446
-0.1950702,-1.1920701,0.10193507,0.21924683,1.1845564,2.1648812,198917,0,0,7445
-0.1950702,-1.1920701,0.10193507,0.21924683,1.1845564,2.1648812,198918,0,0,7444
-0.1950702,-1.1920701,0.10193507,0.21924683,1.1845564,2.1648812,198919,0,0,7443
-0.1950702,-1.1920701,0.10193507,0.21924683,1.1845564,2.1648812,198920,0,0,7442
-0.1950702,-1.1920701,0.10193507,0.21924683,1.1845564,2.1648812,198921,0,0,7441
-0.1950702,-1.1920701,0.10193507,0.21924683,1.1845564,2.1648812,198922,0,0,7440
-0.1950702,-1.1920701,0.10193507,0.21924683,1.1845564,2.1648812,198923,0,0,7439
-0.1950702,-1.1920701,0.10193507,0.21924683,1.1845564,2.1648812,198924,0,0,7438
-0.1950702,-1.1920701,0.10193507,0.21924683,1.1845564,2.1648812,198925,0,0,7437
-0.1950702,-1.1920701,0.10193507,0.21924683,1.1845564,2.1648812,198926,0,0,7436
-0.1950702,-1.1920701,0.10193507,0.21924683,1.1845564,2.1648812,198927,0,0,7435
-0.1950702,-1.1920701,0.10193507,0.21924683,1.1845564,2.1648812,198928,0,0,7434
-0.1950702,-1.1920701,0.10193507,0.21924683,1.1845564,2.1648812,198929,0,0,7433
-0.1950702,-1.1920701,0.10193507,0.21924683,1.1845564,2.1648812,198930,0,0,7432
-2.187651,-2.074814,-0.16142786,2.1828208,2.1011689,3.91947,198931,0,0,7431
-2.04296,-2.40107,-0.182622,2.0618,2.08737,5.02545,198936,0,0,7430
-18.67807,-12.520662,-4.108924,31.246185,12.7894,43.163433,198942,0,0,7114
-9.86134,-12.683787,-1.5676578,9.486876,12.094228,31.852333,198943,0,0,7113
-7.998498,-6.4230623,-3.3448606,13.433125,6.67998,7.6792164,198944,0,0,7112
-34.304157,-21.667496,-8.232761,21.908497,34.54516,47.979893,198945,0,0,7111
-1.5690877,-1.4864931,-0.049434368,1.5699426,1.5128483,3.4408646,198946,0,0,7110
-0.727082,-0.9496134,-0.14445369,0.76891404,1.0803343,0.5765069,198947,0,0,7109
-0.9079327,-0.914364,-0.12097844,0.8152224,0.9875886,0.42775625,198948,0,0,7108
-1.3005611,-2.254781,-0.19121046,2.818147,2.7069736,2.6079066,198949,0,0,7107
-1.319021,-1.9314181,-0.100238,0.8361042,1.4218318,4.4553895,198950,0,0,7046
-1.0933907,-0.9710868,-0.18243767,0.7173414,1.5225626,2.4211059,198951,0,0,7045
-1.3093363,-1.177838,0,0.8138629,0.9353054,1.8598627,198952,0,0,7044
-2.7062793,-0.9618169,-0.14211464,0.55442584,1.0347273,9.356289,198955,0,0,7043
-21.440668,-25.373322,-2.0729368,19.110231,20.157597,42.77938,198959,1,0,7042
-2.4146206,-2.682954,-0.35709932,2.8225503,2.710831,8.877179,198960,0,0,7041
-2.2831273,-2.748525,-0.49645838,2.8454614,2.748525,6.408318,198961,0,0,7040
-2.365931,-2.780409,-0.26488367,2.8959064,2.525328,7.1599355,198962,0,0,7039
-1.0520945,-2.4657238,-0.4715879,1.2396111,2.4254901,4.2652574,198965,0,0,7038
-1.9455209,-4.635443,-0.056498952,2.188157,4.541501,4.8803606,198969,0,0,7037
-0.29232734,-0.29777738,0.12856653,0.2850572,0.27960673,2.0440521,198972,0,0,7036
-0.10895579,-0.78596497,0.06082683,0.017000454,0.78009206,2.3089478,198973,0,0,7035
-0.062978126,-0.6037179,0.22721706,0.062978126,0.60371804,2.285321,198974,0,0,7034
0,-0.2777778,-0.2567982,0.0012976859,0.28089395,1.6666666,198975,0,0,7033
-0.0026560493,-0.28043216,-0.23392868,0,0.2777778,1.6666666,198976,0,0,7032
-0.21155629,-0.97453076,-0.06544908,0.24675529,0.5316501,1.699278,198977,0,0,7031
-0.10895579,-0.5819953,-0.28193325,0.017000454,0.6254406,1.6666666,198978,0,0,7030
-0.18842912,-0.6037179,0.054909356,0.07602383,0.60371804,2.0007265,198979,0,0,7029
-0.09887564,-1.2416667,0.1271551,0.09887564,1.2416667,2.76524,198980,0,0,7028
-0.1948001,-0.5924376,0.06277173,0.10737202,0.5658958,1.3812877,198981,0,0,7027
-0.19899137,-0.59243774,0.06277173,0.11041856,0.5658957,1.3849169,198982,0,0,7026
-0.23623425,-0.57916677,0.48410723,0.06788664,0.57916665,1.8038328,198983,0,0,7025
-3.1007328,-3.6601584,-1.1706688,4.5096,3.8459852,6.335475,198984,0,0,7024
-0.070513,-0.046756547,-1.8478813,0.29653397,0.048156727,1.265663,198986,0,0,7023
-0.11033162,-0.3461863,0,0.63957673,0.40133205,3.1964343,198989,0,0,7020
-0.11108279,-0.32434455,1.5621967,0.5081812,0.31062123,3.1964343,198990,0,0,7019
-0.19894151,-0.28344703,0.32307968,0.33788416,0.20824389,5.7080836,198992,0,0,7018
-0.20046358,-0.43627715,0.061254162,0.4831692,0.72716564,5.7080836,198994,0,0,7016
-0.26558262,-0.3882421,-0.033753414,0.33640125,0.45288604,5.7080836,198995,0,0,7015
-0.20208375,-0.7222263,0.034015294,0.8048451,1.0054196,5.7080836,198996,0,0,7014
-6.7418504,-7.0984206,-2.3045735,8.879145,6.6577272,21.213224,198998,0,0,7012
-5.9605575,-11.707308,-4.4317865,8.442513,3.3591838,18.061178,198999,0,0,7011
-9.067189,-5.7386303,-4.25793,7.083708,8.920888,8.664822,199000,0,0,7010
-9.720038,-6.948156,-5.0281115,10.756307,11.385645,9.2027025,199001,0,0,7009
-5.240391,-7.1067443,-4.006591,5.164969,7.209939,4.3202815,199002,0,0,7008
-7.0029683,-9.062624,-4.814587,6.387118,8.691159,5.706265,199003,0,0,7007
-6.7418504,-7.0984206,-2.3045735,8.879145,6.6577272,21.213224,199004,0,0,7006
-5.9605575,-11.707308,-4.4317865,8.442513,3.3591838,18.061178,199005,0,0,7005
-9.067189,-5.7386303,-4.25793,7.083708,8.920888,8.664822,199006,0,0,7004
-9.720038,-6.948156,-5.0281115,10.756307,11.385645,9.2027025,199007,0,0,7003
-5.240391,-7.1067443,-4.006591,5.164969,7.209939,4.3202815,199008,0,0,7002
-7.002969,-9.062624,-4.814587,6.387118,8.691159,5.706265,199009,0,0,7001
-6.7418504,-7.0984206,-2.3045735,8.879145,6.6577272,21.213224,199010,0,0,7000
-5.9605575,-11.707308,-4.4317865,8.442513,3.3591838,18.061178,199011,0,0,6999
-9.067189,-5.7386303,-4.25793,7.083708,8.920888,8.664822,199012,0,0,6998
-9.720038,-6.948156,-5.0281115,10.756307,11.385645,9.2027025,199013,0,0,6997
-5.240391,-7.1067443,-4.006591,5.164969,7.209939,4.3202815,199014,0,0,6996
-7.002969,-9.062624,-4.814587,6.387118,8.691159,5.706265,199015,0,0,6995
-6.7418504,-7.0984206,-2.3045735,8.879145,6.6577272,21.213224,199016,0,0,6994
-5.9605575,-11.707308,-4.4317865,8.442513,3.3591838,18.061178,199017,0,0,6782
-9.067189,-5.7386303,-4.25793,7.083708,8.920888,8.664822,199018,0,0,6781
-9.720038,-6.948156,-5.0281115,10.756307,11.385645,9.2027025,199019,0,0,6756
-5.240391,-7.1067443,-4.006591,5.164969,7.209939,4.3202815,199020,0,0,6755
-7.002969,-9.062624,-4.814587,6.387118,8.691159,5.706265,199021,0,0,6754
-1.3555632,-1.1954215,-0.16218723,1.3175265,1.2023408,0.5772143,199022,0,0,740
-3.592944,-2.4364905,-1.1607637,4.9405823,1.8027725,4.302772,199025,0,0,6753
-0.71090543,-0.56371534,-0.049716536,0.29733354,0.5735019,1.0154611,199028,0,0,6752
-0.8634657,-0.271029,1.3028384,0.5830433,0.21200779,2.310367,199034,0,0,6751
-0.92996746,-0.21318766,1.6979942,0.49598694,0.24219258,2.4949887,199035,0,0,6750
-0.8643671,-0.19195645,1.6979942,0.49598694,0.2199715,2.4908206,199036,0,0,6749
-0.97160923,-0.23788042,-0.20007378,1.3172357,0.18058409,2.5189419,199037,0,0,6748
-0.92996746,-0.21318766,1.6979942,0.49598694,0.24219258,2.4949887,199038,0,0,6747
-2.898069,-6.5829387,-0.5280272,9.524938,6.59256,40.87023,199041,0,0,6745
-0.43797874,-0.17319311,-0.15802255,0.46526757,0.17346255,0.3666086,199049,0,0,6744
-0.65327674,-0.22749853,-0.11855446,0.41639978,0.22881325,0.7354835,199050,0,0,6743
0,-0.14627634,-0.06547832,0.90181625,0.14627637,0.45346233,199052,0,0,6742
-0.29286233,-0.2738885,-0.20650534,0.34873822,0.27378353,0.39071295,199054,0,0,1166
-0.3720249,-1.1838843,-0.19130531,0.55838555,1.1934286,6.3372645,199056,0,0,1182
-0.3720249,-1.1838843,-0.19130531,0.5583856,1.1934286,6.3372645,199058,0,0,6741
-0.32402253,-1.1838843,-0.19130531,0.5583856,1.1934286,5.1548038,199060,0,0,6740
-0.3720249,-1.1838843,-0.19130531,0.5583856,1.1934286,6.3372645,199062,0,0,6739
-0.3720249,-1.1838843,-0.19130531,0.5583856,1.1934286,6.3372645,199064,0,0,6738
-0.3720249,-1.1838843,-0.19130531,0.5583856,1.1934286,6.3372645,199066,0,0,6737
-0.3720249,-1.1838843,-0.19130531,0.5583856,1.1934286,6.3372645,199068,0,0,6736
-0.3720249,-1.1838843,-0.19130531,0.4759557,1.1934286,6.3372645,199070,0,0,6735
-0.25517964,-0.6515369,-0.12277342,0.842666,0.6422381,3.063686,199074,0,0,6733
-0.23569423,-0.7652958,0.00043712722,1.1132722,0.70796704,3.501083,199077,0,0,6732
-0.23569423,-0.6538968,0.00043712722,1.1391186,0.6163406,3.4921703,199078,0,0,1095
0.028541787,-0.2538082,0.74439836,0.15782505,0.5796022,1.678706,199081,0,0,1368
0.028541787,-0.2538082,0.74439836,0.15782505,0.5796022,1.678706,199082,0,0,6731
-5.2562914,-0.0756049,-1.5431764,0,2.035028,5.5870314,199083,0,0,6730
-0.506183,-0.552128,-0.0130931,0.499019,0.608578,1.14762,199090,0,0,6729
-0.8524162,-0.8690422,-0.0076095187,0.8649505,0.84832436,1.9519187,199091,0,0,1175
-0.84951955,-0.85813403,-0.0076095187,0.8678471,0.8592326,1.9519187,199092,0,0,6728
-0.435708,-0.763769,0.00334472,0.421906,0.771694,0.503342,199094,0,0,6727
-0.547081,-0.740781,0.00151667,0.54995,0.740956,0.773372,199095,0,0,6726
-0.9858425,-1.0679938,0,0.9914372,1.0590643,1.6494766,199096,0,0,6725
-0.99215287,-1.0465668,-0.022525894,1.0054789,0.9873788,1.420218,199097,0,0,6724
-0.9062674,-0.87576735,-0.022526,0.87809664,0.8885783,1.1441407,199099,0,0,6723
-0.78487056,-0.79290575,-0.011666562,0.79062754,0.8045151,1.0019035,199100,0,0,7832
-0.9442517,-0.9554555,-0.013059466,0.94365394,0.9324502,1.7459728,199101,0,0,7831
-0.6903691,-0.7159268,0,0.6782932,0.73391193,1.3565518,199102,0,0,7830
-0.8907494,-1.0460838,-0.022526054,1.2470565,0.8523475,1.3146049,199103,0,0,7829
-1.1852509,-0.90365136,-0.022525974,0.8556577,1.5076611,1.1441407,199104,0,0,1165
-1.139559,-0.89180034,-0.0038060194,1.1116023,0.8332602,1.0416566,199105,0,0,7828
-1.62634,-1.745,-0.0150231,1.62776,1.82639,0.267099,199107,0,0,1181
-0.548689,-0.8518619,2.0066125,0.5617724,0.8567608,6.313775,199114,0,0,1178
-0.5728251,-1.2622339,2.2174394,0.43236896,1.5085989,6.1704054,199115,0,0,7827
-0.7639475,-1.1629165,2.337518,0.93073916,1.2539966,6.313338,199116,0,0,1177
-0.9390833,-0.9391113,-0.009291527,0.93897265,0.93894464,1.880101,199118,0,0,7826
-0.24519706,-0.21401472,0,0.2405216,0.20874941,1.1284157,199120,0,0,7825
-0.238511,-0.208127,0,0.235829,0.202663,0.120009,199121,0,0,7824
-0.305325,-0.349303,0,0.302639,0.352711,0.177614,199122,0,0,7823
-1.6504909,-1.6401058,-0.02599038,2.0117698,1.3904055,3.1203122,199127,0,0,7822
-1.2695371,-1.2838932,-0.10206071,1.3457433,1.3313872,3.894709,199129,0,0,7821
-1.6012932,-1.6209857,-0.10206071,1.6192797,1.5995872,4.012786,199130,0,0,7820
-1.6090001,-1.6461123,-0.10206071,1.6115731,1.5744609,4.012786,199131,0,0,7819
-1.7222477,-1.602511,-0.09900506,1.7392627,1.636544,2.6077125,199132,0,0,7818
-5.163579,-5.433142,-1.6632953,5.7583876,5.5623403,9.260206,199134,0,0,7817
-1.6592914,-1.6176717,-0.57573974,1.6882681,1.7298877,2.7718196,199136,0,0,7816
-1.6863385,-1.5715414,-0.48073232,1.6612209,1.776018,2.866827,199137,0,0,7815
-1.8017884,-1.6918204,-0.8186511,1.8197747,1.9297428,2.8029122,199138,0,0,7814
-1.8017884,-1.6918204,-0.8186511,1.8197747,1.9297428,2.8029122,199139,0,0,7813
-1.4456079,-1.4601281,-0.27285022,1.446097,1.4314396,3.160733,199141,0,0,7812
-1.6647863,-1.6844789,-0.27285022,1.6827729,1.6630803,3.3984053,199142,0,0,7811
-0.33615,-3.68631,-0.364906,1.1496,3.61402,7.37073,199144,0,0,7810
-1.05896,-8.495,-0.364906,1.08548,8.11851,8.722,199145,0,0,7809
-1.50884,-1.90951,-0.348767,1.63811,1.37303,11.0589,199146,0,0,7808
-4.51102,-4.26012,-0.7122,4.26628,1.01512,3.49025,199147,0,0,7807
-1.17159,-4.26012,-0.827489,2.4178,1.01512,3.49025,199148,0,0,978
-0.568525,-4.33518,-0.667392,0.293942,0.825344,3.99971,199149,0,0,7806
-7.39676,-1.22033,-0.363319,8.37394,5.05149,13.1669,199150,0,0,7805
-0.5544342,-1.1614988,0,0.2841416,1.1496122,0.57205445,199153,0,0,7804
-1.6090823,-1.6666011,-0.5432898,1.6270686,1.7888262,2.692861,199155,0,0,7803
-1.4418815,-1.461574,-0.786461,1.4598678,1.4401754,2.1152883,199156,0,0,7802
-0.06976821,-0.0906976,-0.016692538,1.7916982,0.20428883,1.3125073,199157,0,0,7801
-11.401758,-11.252492,-11.257559,11.215401,11.364667,11.3596,199159,0,0,7800
-3.3587425,-0.890725,0.93206257,3.3785455,0.8881524,1.9872077,199160,0,0,7799
-0.361594,-0.89375,-0.108371,0.47785,0.890078,3.23245,199161,0,0,1171
-3.3587425,-0.890725,0.93206257,3.3785455,0.8881524,1.9872077,199162,0,0,7798
-0.361594,-0.89375,-0.108371,0.47785,0.890078,3.23245,199163,0,0,7797
-0.32789448,-0.61642796,-1.9410995,0.19935778,0.6112931,-0.0016585677,199166,0,0,7796
-0.2886805,-0.55754405,-2.1503062,0.26609892,0.5305714,-0.00835144,199167,0,0,1183
-0.21560654,-0.5784245,-2.1288412,0.3801516,0.7742602,-0.008616235,199168,0,0,1184
-0.20368832,-0.3315717,-1.917106,0.23618971,0.4258236,-0.004965224,199169,0,0,7795
-0.34254262,-1.5856442,0.05209959,0.31838498,1.5850631,5.587056,199173,0,0,7794
-1.1459253,-1.3530844,-0.099015094,0.4008857,1.3581027,9.393285,199174,0,0,7793
-0.6101406,-0.22796912,-0.30503154,2.4511576,0.22867505,12.015173,199175,0,0,7792
-0.21608926,-0.20965992,-0.23059455,5.161518,0.22291824,18.840178,199176,0,0,7720
-0.20790155,-0.24590488,0,0.20705934,0.23325068,0.5509838,199179,0,0,7719
-0.207901,-0.244864,0,0.207059,0.234291,0.550981,199180,0,0,7718
-0.20790155,-0.23409012,0,0.20705934,0.24506542,0.33925682,199181,0,0,7717
-0.207901,-0.239703,0,0.207059,0.239452,0.339253,199182,0,0,7716
-0.24939765,-0.2815795,0,0.24855545,0.29340717,0.6761412,199183,0,0,7715
-0.249397,-0.293447,0,0.248555,0.281536,0.676136,199184,0,0,7308
-0.5008176,-0.43684343,0,0.49701807,0.6728918,1.4808322,199191,0,0,7418
-0.6409094,-0.64125925,0,0.64315933,0.64280957,1.4920688,199192,0,0,7417
-6.999217,-4.7189207,-0.013261191,3.3946626,4.8619027,5.7160907,199195,0,0,7416
-2.5550463,-2.14103,0,2.4891946,2.9032109,5.7396283,199196,0,0,7415
-1.4956644,-1.5538769,0,1.4956645,1.5469375,3.9820209,199197,0,0,7414
-1.4691111,-1.4691108,0,1.4691108,1.4691107,2.8763852,199198,0,0,7413
-2.144334,-1.5851817,0.06808094,0.8434751,1.4275372,6.6361833,199201,0,0,7412
-1.296641,-1.501782,-0.029060682,1.6595622,1.492682,3.1633122,199203,0,0,7411
-1.6172202,-1.7951025,-0.03934981,1.6595622,1.8894467,3.1633122,199205,0,0,7410
-0.3604894,-0.30939874,0,0.3584496,0.49775022,0.5970278,199207,0,0,7409
-6.0676827,-6.180118,0,3.2855432,4.678706,8.255043,199208,0,0,7408
-0.92384034,-3.073967,-0.4451565,1.5307399,3.735703,4.6857104,199209,0,0,1187
-0.92384034,-0.5444021,-0.2608844,1.5307399,0.8189694,4.6857104,199210,0,0,7407
-0.46138102,-0.6337068,0.3339999,0.57420605,0.48424324,2.2002094,199211,0,0,7406
-0.44298437,-0.40436128,0,0.44479594,0.69130915,1.0608685,199212,0,0,7405
-0.9993617,-1.3647703,-4.476298,0.9464076,1.314857,14.525517,199215,0,0,7404
-8.1777525,-5.4764113,-2.4503434,6.8992395,7.683995,5.603576,199217,0,0,7403
-7.335945,-6.6423216,-3.337362,6.03675,1.9244177,4.7864,199218,0,0,7402
-1.4081156,-1.6136079,-0.63973886,1.601437,1.1773665,2.1899717,199220,0,0,7401
-0.6170712,-0.6667196,-0.03840163,0.37384164,0.45503685,0.4223492,199222,0,0,7400
-0.010274213,-0.35462183,-0.057182677,0.4877597,0.10808236,0.36003152,199223,0,0,1188
-0.32955384,-0.2348057,-0.040560417,0.27660182,0.22597943,0.43529,199224,0,0,1189
-0.6344369,-0.5407656,-0.054681387,0.71457595,0.5060944,0.6164568,199225,0,0,7399
-1.4515707,-1.1371496,-0.2635455,1.3069388,1.5074203,0.47953883,199226,0,0,7398
-0.30440822,-0.21593462,-0.18141946,0.29216617,0.24503465,0.25073305,199227,0,0,7397
-0.220186,-2.53094,-0.479386,5.61023,0.129157,5.24129,199229,0,0,7396
-2.0007908,-0.44196913,-0.30015278,2.1141822,0.4419691,2.0616624,199231,0,0,1259
-2.493359,-0.6041082,-0.32965004,1.8710667,0.5982418,1.949444,199234,0,0,7395
-1.8831601,-0.60410815,-0.26462522,2.2318125,0.59824175,1.9573029,199235,0,0,1168
-1.95043,-1.30082,-0.0123664,1.44267,1.35667,0.308508,199239,0,0,7394
-0.646389,-0.445564,0,0.682478,0.442614,0.10166,199241,0,0,7393
-7.2766786,-4.5213275,-0.07336317,6.3537307,4.450181,0.21632197,199242,0,0,1176
-0.964058,-0.663175,0.416481,0.962403,0.663225,2.03479,199243,0,0,7392
-0.4318215,-0.30922216,-0.040920857,0.69683766,0.30922222,1.9270219,199245,0,0,7391
-0.469631,-0.436806,-0.500211,0.887722,0.483675,2.0207,199247,0,0,7390
-0.16274461,-0.37652558,0,0.1455884,0.3900614,1.0883397,199250,0,0,7389
-0.0877842,-0.400817,0.0480147,0.238604,0.398111,0.846947,199252,0,0,7388
-0.0963161,-0.491942,0.0543544,0.0232589,0.492394,1.0387,199254,0,0,7387
-0.908652,-1.171373,-0.1521479,0.9086526,0.92706954,6.6370373,199257,0,0,7307
-0.908652,-0.90217316,-0.1521479,0.9086526,1.1962694,6.6370373,199258,0,0,7306
-0.9866254,-0.98662555,-0.4916544,0.9866254,0.9866254,4.3725796,199259,0,0,7305
-0.1674908,-0.016768718,4.124991,0.16749169,1.7888194,4.5889993,199260,0,0,7304
-0.16073105,0.25242943,4.124991,0.16073194,2.0580175,4.5809255,199261,0,0,7303
-0.11893296,-0.379584,-0.45170498,1.806807,0.37958416,0.45170498,199262,0,0,7302
-0.4990529,-1.9440176,-0.22175889,0.73523676,1.925893,3.375432,199263,0,0,7301
-0.47433415,-1.455998,-0.22175889,0.44497034,1.4653928,3.375432,199266,0,0,7300
-0.46163544,-1.4576937,-0.22175889,0.45766905,1.4636971,3.375432,199267,0,0,7299
-0.46163544,-1.4576937,-0.22175889,0.45766905,1.4636971,3.375432,199269,0,0,6978
-0.4648838,-1.4554057,-0.22175889,0.4544207,1.4659851,3.375432,199271,0,0,6977
-0.5287864,-1.9479321,-0.22175889,0.7055033,1.9219786,3.375432,199273,0,0,6976
-0.46163544,-1.4576937,-0.22175889,0.45766905,1.4636971,3.375432,199275,0,0,6975
-0.46163544,-1.4576937,-0.22175889,0.45766905,1.4636971,3.375432,199277,0,0,6974
-0.46163544,-1.4576937,-0.22175889,0.45766905,1.4636971,3.375432,199279,0,0,6973
-0.46163544,-1.4576937,-0.22175889,0.45766905,1.4636971,3.375432,199281,0,0,6972
-0.46163544,-1.4576937,-0.22175889,0.45766905,1.4636971,3.375432,199283,0,0,6971
-0.46163544,-1.4576937,-0.22175889,0.45766905,1.4636971,3.375432,199285,0,0,6970
-0.46163544,-1.4576937,-0.22175889,0.45766905,1.4636971,3.375432,199287,0,0,6969
-0.46163544,-1.4576937,-0.22175889,0.45766905,1.4636971,3.375432,199289,0,0,6968
-0.46163544,-1.4576937,-0.22175889,0.45766905,1.4636971,3.375432,199291,0,0,6967
-0.46163544,-1.4576937,-0.22175889,0.45766905,1.4636971,3.375432,199293,0,0,6966
-0.46163544,-1.4576937,-0.22175889,0.45766905,1.4636971,3.375432,199295,0,0,6965
-0.46163544,-1.4576937,-0.22175889,0.45766905,1.4636971,3.375432,199297,0,0,6964
-0.46744278,-1.4579808,-0.22175889,0.45186177,1.46341,3.375432,199299,0,0,6963
-0.46664926,-1.4523395,-0.22175889,0.45265526,1.4690512,3.375432,199301,0,0,6962
-0.466896,-1.4548101,-0.22175889,0.45240846,1.4665806,3.375432,199303,0,0,6961
-0.46163544,-1.4576937,-0.22175889,0.45766905,1.4636971,3.375432,199305,0,0,6960
-0.51606625,-1.9429203,-0.22175889,0.7182234,1.9269903,3.375432,199307,0,0,6959
-0.46163544,-1.4576937,-0.22175889,0.45766905,1.4636971,3.375432,199309,0,0,6958
-0.46163544,-1.4576937,-0.22175889,0.45766905,1.4636971,3.375432,199311,0,0,6957
-0.46163544,-1.4576937,-0.22175889,0.45766905,1.4636971,3.375432,199313,0,0,6956
-0.46163544,-1.4576937,-0.22175889,0.45766905,1.4636971,3.375432,199315,0,0,6955
-0.51280373,-1.946001,-0.22175889,0.7214859,1.9239095,3.375432,199317,0,0,6954
-0.46163544,-1.4576937,-0.22175889,0.45766905,1.4636971,3.375432,199319,0,0,6953
-0.46163544,-1.4576937,-0.22175889,0.45766905,1.4636971,3.375432,199320,0,0,6952
-0.46163544,-1.4576937,-0.22175889,0.45766905,1.4636971,3.375432,199322,0,0,6951
-0.5133731,-1.9401152,-0.22175889,0.72091657,1.9297956,3.375432,199324,0,0,6950
-0.5133731,-1.9401152,-0.22175889,0.72091657,1.9297956,3.375432,199326,0,0,6949
-0.5133731,-1.9401152,-0.22175889,0.72091657,1.9297956,3.375432,199327,0,0,6948
-0.5133731,-1.9401152,-0.22175889,0.72091657,1.9297956,3.375432,199329,0,0,6947
-0.5133731,-1.9401152,-0.22175889,0.72091657,1.9297956,3.375432,199331,0,0,6946
-0.5133731,-1.9401152,-0.22175889,0.72091657,1.9297956,3.375432,199333,0,0,6885
-0.46895748,-1.4619884,-0.22175889,0.45034707,1.4594023,3.375432,199335,0,0,6884
-0.5133731,-1.9401152,-0.22175889,0.72091657,1.9297956,3.375432,199337,0,0,6883
-0.5133731,-1.9401152,-0.22175889,0.72091657,1.9297956,3.375432,199339,0,0,6882
-0.5133731,-1.9401152,-0.22175889,0.72091657,1.9297956,3.375432,199340,0,0,6881
-0.46163544,-1.4576937,-0.22175889,0.45766905,1.4636971,3.375432,199343,0,0,6880
-0.5133731,-1.9401152,-0.22175889,0.72091657,1.9297956,3.375432,199345,0,0,6879
-1.9254905,-0.23868598,-0.83446217,2.189482,0.11729883,1.3856653,199346,0,0,6878
-2.2139096,-0.32824478,-0.17632985,2.150516,0.38897574,2.1027644,199347,0,0,6877
-2.3230546,-2.1377213,-0.9324377,2.5534472,2.7304082,12.199408,199349,0,0,6876
-1.2602084,-1.1949326,-0.014878545,1.1287501,1.2297593,1.9979532,199351,0,0,6875
-1.4895929,-1.4893528,0,1.4909785,1.4912186,1.2903,199354,0,0,6874
-1.5437492,-1.5686938,-0.9084445,1.596435,1.5714904,2.2317395,199355,0,0,8531
-2.5247998,-3.9322467,-0.36380845,2.4823909,4.0307426,0.7879536,199356,0,0,8530
-0.9906635,-1.4513277,-0.08961425,1.1185621,0.93209714,0.7125449,199357,0,0,8529
-0.8023153,-0.23130925,-0.027600193,0.7894082,0.24157125,0.3799967,199358,0,0,8528
-0.80607057,-0.22179055,-0.023282612,0.78565294,0.25108996,0.3843143,199359,0,0,8527
-0.7963299,-0.26510495,-0.006819677,0.7953935,0.20777555,0.40077725,199360,0,0,8526
-0.8095543,-0.26909176,-0.009634791,0.7821692,0.20378876,0.39796212,199361,0,0,8525
-0.26090607,-0.34054923,-0.0010779958,0.2800142,0.37147155,0.65365213,199363,0,0,8524
-0.26090607,-0.38039052,-0.0010780115,0.28001413,0.3979358,0.65365213,199364,0,0,8523
-0.26090604,-0.38261577,-0.0010780364,0.28001416,0.39592183,0.65365213,199365,0,0,1834
-0.08415594,-0.29952535,-0.021059008,0.09143195,0.31388524,1.0869433,199369,0,0,8522
-0.08736304,-0.3648803,-0.015678803,0.14556369,0.4032159,0.81396896,199370,0,0,8521
-0.45597023,-0.28059557,-0.004065102,0.46686915,0.31484342,0.10171074,199371,0,0,8520
-0.2899969,-0.36396423,0.0012992157,0.4172593,0.40413198,0.086365275,199372,0,0,8519
-0.3061636,-0.31979245,0.0021035806,0.33247757,0.30045035,0.6464587,199373,0,0,8518
-0.3061636,-0.30801454,0.0021035806,0.33247757,0.31222826,0.6464587,199374,0,0,8517
-0.30245793,-0.2937277,0.0021036244,0.30967483,0.31423843,0.6464586,199375,0,0,8516
-0.30565205,-0.29948726,0.0021036072,0.33298913,0.32075557,0.6464587,199376,0,0,8515
-0.24317642,-0.45406306,-0.057065792,0.46667692,0.3332018,0.5872893,199377,0,0,8514
-0.3061636,-0.29050532,0.0021035806,0.33247757,0.32973748,0.6464587,199378,0,0,8513
-0.30805057,-0.31354538,-0.016661579,0.29159814,0.29564,0.6276935,199379,0,0,8512
-0.023085514,-0.2747158,-0.01972077,0.15274268,0.29087248,0.5304658,199380,0,0,8511
-0.023085514,-0.2805501,-0.01972077,0.15274268,0.28503823,0.5304658,199381,0,0,8510
-0.5018452,-1.130613,-0.35526243,0.23630685,1.1524577,8.450175,199383,0,0,8509
-3.7193058,-6.0438275,-1.1324168,3.6226664,5.953987,7.23187,199384,0,0,8508
-3.7418256,-3.504924,-0.9439371,3.589297,3.184882,6.3436155,199385,0,0,8507
-7.73153,-6.71666,-0.790228,7.75838,6.73179,9.39733,199387,0,0,8506
-5.8987966,-4.9493957,-0.96304065,5.925567,5.3166027,5.9112387,199389,0,0,8505
-0.3647242,-1.0739962,-0.010245813,0.32972026,1.0781794,0.505541,199390,0,0,8504
-0.127452,-0.123167,0.00723222,0.225126,0.113288,0.675364,199392,0,0,8503
-0.130829,-0.12208,0.00598917,0.229136,0.122002,0.692325,199394,0,0,8502
-0.1278528,-0.07976669,-0.33008203,0.6606985,0.08074029,0.0825246,199396,0,0,8501
-0.5642507,-0.51075727,0.0014944079,0.45635372,0.50984716,0.36233255,199397,0,0,8500
-0.3661863,-0.38636044,-0.0006104692,0.40118542,0.3810113,0.1468389,199398,0,0,8499
-0.19294079,-0.11662515,-0.009063844,0.17283554,0.11798309,0.5553073,199401,0,0,8498
-0.174764,-0.11518727,-0.006907003,0.19101231,0.11942097,0.39981204,199402,0,0,8497
-0.3241283,-0.26444975,-0.08866291,0.706857,0.32362193,0.30144626,199407,0,0,8496
-0.3322737,-0.33033094,-0.088662855,0.7991947,0.3628303,0.30144623,199408,0,0,8374
-0.86643255,-0.7107891,0.050463226,0.63789064,0.7402835,0.8483036,199410,0,0,1172
-0.5825751,-0.58305794,-0.0007145604,0.5855622,0.5850793,0.40870675,199412,0,0,8373
-0.6243234,-0.60018307,0.0053137587,0.62399656,0.6039486,0.9500832,199413,0,0,8372
-6.1887617,-7.6538706,-0.99734867,9.98236,6.4530735,8.7105055,199414,0,0,8371
-7.9168887,-7.7175927,-0.9973486,9.458213,6.3893514,8.369868,199415,0,0,8370
-3.6344914,-3.323965,-0.25042415,5.679386,3.493795,3.9962802,199416,0,0,8369
-3.40322,-3.388238,-0.25042418,5.910658,3.429522,2.7866151,199417,0,0,8368
-3.3938792,-3.219923,-0.37222764,2.8349595,3.0298154,5.7233176,199418,0,0,8367
-29.753963,-13.691953,-5.257366,14.452649,17.63072,13.039474,199419,0,0,8366
-0.21421577,-0.5067237,-1.652187,0.11620189,0.5224805,2.4974272,199421,0,0,8365
-0.10644482,-0.68075246,0.8024953,0.22540037,0.7049428,2.8060007,199424,0,0,8364
-0.32545474,-0.33729443,0.0014874487,0.3507911,0.31053096,0.99064606,199426,0,0,8363
0,-0.3685846,-0.045258608,0.047724467,0.389017,1.1036813,199428,0,0,8362
-0.045802925,-0.3373264,0,0.045802925,0.3197054,1.4912589,199430,0,0,8361
-0.06299281,-0.41954866,0.037664223,0.06299288,0.39368537,1.5253371,199432,0,0,8360
-0.062992744,-0.28451872,0.021269139,0.06299288,0.4826584,2.5618188,199434,0,0,8359
-0.0391067,-0.10987,0.0797325,0.0389072,0.132436,3.29001,199436,0,0,1190
-0.0635725,-0.254549,0,0.0635725,0.175471,3.19877,199438,0,0,10767
-0.243159,-0.242075,0.0764842,0.243159,0.138239,2.86092,199439,0,0,10766
-1.3179281,-0.025341371,-0.07829048,1.0587234,0.038537867,0.07065544,199440,0,0,10765
-1.2432818,-0.07077952,-0.060961373,1.1029541,0.07623498,0.11985428,199441,0,0,10764
-1.2664404,-0.060469616,-0.20297365,0.9802478,0.07305636,0.30161107,199442,0,0,10763
-1.2664403,-0.15100747,-0.21977708,1.1386347,0.13294318,0.24496542,199443,0,0,10762
-1.0157019,-0.061720107,-0.085026436,0.5285601,0.0696545,0.13569103,199444,0,0,10761
-0.0950778,-0.180603,0.075925,0.0950778,0.162594,1.47698,199446,0,0,10760
-0.0590533,-0.352842,0.0324256,0.0590533,0.130627,1.96676,199448,0,0,10759
-1.8066082,-2.212272,-0.16908336,1.993548,2.3425126,0.9981783,199451,0,0,10758
-3.0304792,-3.30323,-0.03587695,3.0304794,3.2312691,1.8901994,199452,0,0,10757
-2.1597047,-1.7993532,-0.08284187,1.1207807,1.7569624,4.532595,199454,0,0,10756
-0.17163722,-0.7209606,-0.18859246,0.4391471,0.6429889,2.5975394,199473,0,0,10742
-0.23772182,-1.1883334,-0.12041423,0.31703866,1.1833832,2.1686356,199475,0,0,10741
-0.23772182,-1.1883334,-0.10320924,0.31703866,1.1833832,1.1906096,199476,0,0,10740
-0.18464428,-0.7209606,-0.035740186,0.42614004,0.6429889,1.4151406,199477,0,0,10739
-7.640697,-7.3802934,-0.047311205,7.640723,7.3802805,5.9228745,199478,0,0,10738
-3.1342785,-9.339543,-0.32547668,16.426971,2.2929132,4.5879936,199479,0,0,10737
-12.196256,-4.172665,-7.641315,13.246498,16.061077,6.2825007,199480,0,0,10736
-27.086836,-9.145718,-0.03637879,1.0160291,10.873855,8.091455,199481,0,0,10735
-13.48779,-10.004982,-7.6164155,16.049973,8.622571,3.2321568,199482,0,0,10734
-14.562705,-9.444602,-9.253162,17.542515,10.398112,3.3986542,199483,0,0,10733
-16.008583,-7.2899084,-0.14055143,6.0023212,3.4676633,3.1043499,199484,0,0,10732
-16.664473,-6.6120253,-0.043949395,5.7254386,3.8196814,6.106329,199485,0,0,10731
-16.992493,-7.2956185,-0.039271884,5.9997983,5.2188096,9.981579,199486,0,0,10585
-14.255632,-5.5556827,-0.016066233,5.322661,5.443703,9.212011,199487,0,0,10584
-15.881834,-4.877799,-0.0409781,5.0457783,5.316199,7.841871,199488,0,0,10583
-15.856749,-7.81391,-0.13602813,10.802941,7.06987,5.8661103,199489,0,0,10582
-2.5314972,1.2852806,-0.053982574,15.106936,7.3882847,1.4697336,199490,0,0,10581
-2.5523298,1.2674041,-0.040439,15.086129,8.3784685,13.533964,199491,0,0,10580
-2.248825,0.34422368,-0.045441285,15.068416,9.246867,5.3021455,199492,0,0,10579
-2.5630455,1.2729243,-0.054820485,18.505247,10.477384,13.545177,199493,0,0,10578
-2.2174835,0.35456744,-0.04132819,18.531296,10.350283,5.314288,199494,0,0,10577
-1.6051326,-5.336232,-0.49795777,26.509245,7.1316376,5.458845,199495,0,0,10576
-1.7200837,-3.317362,-0.909097,29.028826,11.820688,5.8006725,199496,0,0,10575
-1.7326807,-4.954151,-0.38061395,26.342146,13.030322,6.563833,199497,0,0,10574
-1.9638021,-4.919714,-0.5191867,25.989702,10.764487,7.3678675,199498,0,0,10573
-1.9764059,-4.7938204,-0.4065984,26.471224,11.856782,9.266933,199499,0,0,10572
-2.207541,-4.756143,-0.5451753,18.662317,1.102374,12.540006,199500,0,0,10571
-26.23118,-2.6688604,-2.1531897,5.189107,10.711751,5.2549458,199501,0,0,10570
-20.8757,-3.267992,-0.4839519,1.9210474,8.446716,6.059933,199502,0,0,10569
-25.916609,-4.122205,-1.0263711,1.9356891,8.57306,7.074276,199503,0,0,10568
-23.325798,-2.1580565,-0.13972709,2.0668402,9.086484,7.5741324,199504,0,0,10567
-25.518091,-4.472594,-0.027895428,2.081475,5.1344776,8.579794,199505,0,0,10566
-23.522404,-5.498721,-0.1210639,2.212626,1.6337175,11.888249,199506,0,0,10565
-5.7979183,-0.068624415,0.0072893426,22.54162,35.42705,12.874871,199507,0,0,10564
-6.024031,0.9860908,0.208597,16.551622,29.683018,8.683176,199508,0,0,10563
-5.5962358,0.97548276,0.32235265,17.185324,32.750465,11.292285,199509,0,0,10562
-5.2869434,1.1471784,0.24183732,11.063834,24.238583,9.23601,199510,0,0,10561
-5.069628,1.1365706,0.355593,15.857908,28.655731,10.46802,199511,0,0,10560
-5.2900867,1.3082663,0.27507767,16.45663,29.59524,11.892626,199512,0,0,10559
-3.2829485,-16.562952,-2.0521786,21.285336,0.5796864,3.1335387,199513,0,0,10558
-5.5243034,-19.312277,-3.1013393,20.779749,0.7082402,3.6007211,199514,0,0,10557
-5.06443,-13.463552,-2.3391266,20.162487,0.82287025,4.023337,199515,0,0,10556
-5.152857,-19.74454,-2.2738068,20.622953,0.67746574,2.6326213,199516,0,0,10555
-5.2919183,-12.356364,-0.6778658,20.502516,0.7920949,4.597849,199517,0,0,10554
-5.4357247,-17.585527,-0.3858442,20.622587,0.937506,5.910598,199518,0,0,10553
-11.532453,-30.883816,-8.299467,24.591139,0.4448442,6.78643,199519,0,0,10552
-7.8361106,-32.9855,-8.205861,26.68608,0.49643475,0.3622827,199520,0,0,10551
-8.153458,-33.302235,-7.1644354,24.875315,0.48569766,4.0286937,199521,0,0,10550
-8.001064,-31.046438,-6.989737,27.503412,0.5255249,2.2582705,199522,0,0,10549
-6.797352,-33.282936,-7.068564,24.6737,0.5147877,3.015304,199523,0,0,10548
-6.0832357,-30.505253,-5.410109,25.096397,0.5546165,4.3633747,199524,0,0,10547
0.21556455,-9.94654,-0.14731525,16.777298,4.2835064,5.8824797,199526,0,0,9992
0.3907143,-12.189014,0.0076859784,20.620113,1.883838,6.8980393,199527,0,0,9991
0.20733745,-3.788879,-0.061763924,17.014557,4.976232,21.895958,199528,0,0,9990
0.6327273,-11.432825,-0.059785772,22.153194,6.5058994,18.811451,199529,0,0,9989
2.2521186,-11.203452,-0.06634794,21.07492,8.462757,20.423738,199530,0,0,9988
0.23020642,-6.0803914,-0.052243285,22.45875,8.559681,20.634747,199531,0,0,9987
-20.222559,-14.348125,-0.33287698,10.350904,5.2527113,5.8718596,199536,0,0,9986
-14.19036,-14.178838,-0.07933537,22.715382,1.2489582,3.7108777,199537,0,0,9985
-12.214972,-12.92724,-0.07408795,22.683645,1.9245352,3.8451984,199538,0,0,9984
-16.414492,-14.468472,-0.13805848,22.841667,2.3622649,5.226066,199539,0,0,9983
-13.1972,-6.512508,-0.14119907,22.744165,2.658289,4.5408006,199540,0,0,9982
-6.0236197,-3.7209146,-0.036409058,19.910156,8.325899,9.390011,199541,0,0,9981
-0.7352465,-0.5372621,-0.00050048437,0.7242605,0.5297276,0.46391454,199546,0,0,9980
-0.45765153,-0.29499814,-0.010699219,0.3679701,0.28982523,0.57617265,199547,0,0,9979
-0.44673216,-0.39378643,-0.00027285411,0.41127318,0.39729404,0.62744784,199548,0,0,9978
-0.5973965,-0.40544075,-0.048374962,0.5980354,0.40370333,0.6947546,199549,0,0,9977
-0.7251287,-0.48862022,0.00166447,0.60534,0.50098157,0.76222664,199550,0,0,9976
-0.5833809,-0.5310337,-0.04566187,0.5842594,0.5117165,0.60966486,199551,0,0,9975
-0.755677,-0.620568,0.0016645198,0.7052728,0.6284522,0.7622267,199552,0,0,9974
-0.430319,-0.46780607,0.00010408446,0.42883322,0.5242575,0.99206364,199563,0,0,9972
-0.50969434,-0.43357196,0,0.5096944,0.5359244,1.1124381,199565,0,0,9971
-1.36172,-1.30989,-0.0342886,1.28216,1.28773,0.302308,199566,0,0,9970
-1.23473,-0.580022,-0.0352144,0.428828,0.815667,1.01848,199567,0,0,9969
-2.0301125,-3.055414,-0.23933427,2.5925093,3.023229,9.040523,199571,0,0,9844
-0.41298738,-0.8870106,0.1331686,0.40732384,1.026145,0.39598653,199572,0,0,9843
-0.38049194,-0.55739385,0.13995297,0.37484372,0.5527049,0.3954238,199573,0,0,9842
-0.38049194,-0.55739385,0.13995297,0.37484372,0.5527049,0.3954238,199574,0,0,9841
-0.41298738,-0.8870107,0.1331686,0.40732384,1.0261449,0.39598653,199575,0,0,9840
-2.3588803,-3.0388117,0.00152933,1.7002579,3.0333924,2.3620305,199576,0,0,996
-0.5,-0.5138195,-0.03222068,0.5522326,0.414577,0.45661995,199580,0,0,9838
-0.24129267,-0.261547,-0.0062909094,0.16398965,0.29268092,1.0916802,199591,0,0,9837
-0.79243404,-3.5504198,-4.3892503,0.85203534,3.5662477,3.597903,199592,0,0,9836
-0.7701862,-2.0651882,-1.2473567,0.8443186,2.0418072,0.89837617,199594,0,0,9835
-0.820596,-5.8250885,-1.4168096,0.7939093,5.8622584,0.89837617,199595,0,0,9834
-0.1831087,-0.13649029,-0.94300216,0.22325283,0.23966295,0.25719064,199596,0,0,9833
-0.4742989,-0.4601583,-2.0467503,0.74336565,0.49324852,0.0019024328,199597,0,0,9832
-0.7701862,-2.0651882,-1.2473567,0.8443186,2.0418072,0.89837605,199600,0,0,9831
-0.81542635,-1.8667208,-1.170276,0.7666665,2.1256082,0.7748371,199601,0,0,9830
-0.81542647,-5.7665377,-1.1702762,0.76666665,5.4803247,0.7748371,199602,0,0,9829
-0.82059574,-5.825088,-1.3467684,0.793909,5.8622584,0.89837605,199603,0,0,9828
-0.35790345,-0.45033646,0.012928718,0.34821525,0.45863348,0.4327936,199604,0,0,9827
-0.35790345,-0.425974,0.012928698,0.48426384,0.41267288,0.8880276,199605,0,0,9826
-0.37226084,-0.7104223,0.012928721,0.37623182,0.6799619,0.34933606,199606,0,0,9825
-0.35790345,-0.45033646,0.012928718,0.34821525,0.45863348,0.4327936,199607,0,0,9824
-0.35790345,-0.425974,0.012928698,0.48426384,0.41267288,0.8880276,199608,0,0,9823
-0.35790345,-0.45033646,0.012928718,0.34821525,0.45863348,0.4327936,199609,0,0,9822
-0.39363813,-0.43370053,-0.10891252,0.4313091,2.725315,1.3524009,199610,0,0,9821
-0.39363813,-0.43370053,-0.10891252,0.4313091,0.3866982,1.3524009,199611,0,0,9820
-0.11160101,-0.15071829,-0.8746465,0.11415824,0.32227516,0.025371643,199612,0,0,9819
-0.14931592,-0.16504543,-0.9737692,0.13374814,0.456688,0.038197704,199613,0,0,9818
-0.08295981,-0.1086743,-0.77839833,0.09928125,0.325936,0.028446605,199614,0,0,9817
-5.4482393,-5.8307095,-1.0380995,6.018008,5.860323,21.817944,199615,0,0,9816
-16.527548,-16.526417,-16.472118,16.527044,16.528175,21.817944,199616,0,0,9243
-20.574886,-21.210493,-0.5297127,21.771206,21.1356,41.81638,199617,0,0,9242
-4.881115,-4.976362,-0.7868055,4.881115,4.976362,13.672245,199618,0,0,9241
-13.039001,-13.315699,-0.59055257,13.569977,13.29328,26.087944,199619,0,0,9240
-0.547081,-0.740781,0.00151667,0.54995,0.740956,0.773372,199632,0,0,9239
-0.435708,-0.763769,0.00315056,0.428922,0.764003,0.503342,199634,0,0,9238
-0.6157037,-0.66195375,0,0.6157037,0.66195375,1.24297,199636,0,0,9237
-0.9442516,-0.95545536,-0.013059464,0.94365364,0.9324501,1.7459726,199639,0,0,9236
-3.029638,-2.2968223,-0.2974075,2.7407107,1.2462186,1.509215,199640,0,0,9235
-27.16172,-36.494736,-0.12636706,42.65447,35.287865,77.791664,199642,0,0,9234
-5.5337424,-8.057795,-2.7671025,6.0832987,7.503591,26.460825,199652,1,0,9086
-16.666761,-3.7069254,-1.361741,16.145128,4.2250466,7.028566,199653,1,0,9085
-2.9393096,-8.757226,-1.1100829,15.143358,3.3923192,23.095785,199654,1,0,9084
-26.653,-9.344832,-1.2740009,24.876314,6.4375367,12.408135,199655,1,0,9083
-0.37370005,-0.55471617,-0.05353237,0.88483083,0.084693536,0.38433254,199666,0,0,9078
-1.3049455,-0.9871007,-0.0067463885,0.5634987,0.8503078,0.28446904,199667,0,0,9077
-0.8574039,-0.26770768,-0.14727214,0.18466507,0.59971887,0.16814491,199668,0,0,9076
-0.85415035,-0.3091745,-0.094580926,0.2906024,0.6630027,0.18609199,199669,0,0,9075
-0.6953353,-0.8455938,-0.09861723,0.67625165,0.484579,0.345223,199670,0,0,9074
-1.0632874,-0.93760395,-0.10516037,1.1197321,0.84240514,0.27687857,199671,0,0,1838
-0.8468905,-0.8466765,-0.017597819,1.3344635,0.5290475,0.308698,199672,0,0,9073
-0.8173013,-0.5802358,-0.018639212,1.9048606,0.6203798,0.33911976,199673,0,0,9072
-0.63661647,-0.61045915,-0.06428426,1.2174358,0.33933988,0.4658096,199674,0,0,9071
-1.6888025,-1.5445472,-0.056509495,0.8835571,0.9382511,0.5182201,199675,0,0,9070
-0.46820116,-0.54470366,-0.040765416,1.23492,0.50236636,0.35302407,199676,0,0,9069
-1.0263654,-1.1447698,-0.08889033,1.2006285,1.8721368,0.29480663,199677,0,0,9068
-0.15863627,-0.6987508,-0.1280017,1.6512393,0.27138716,0.5964398,199678,0,0,9067
-0.54284495,-2.0740654,-0.06886433,1.9766467,0.68774587,0.55607855,199679,0,0,9066
-1.488044,-0.63976353,-0.08540685,1.2386777,0.7600419,0.43185726,199680,0,0,9065
-1.488044,-0.63976353,-0.08540685,1.2386777,0.7600419,0.43185726,199681,0,0,9064
-1.4538265,-1.43043,0.00647142,1.4157788,1.4391752,4.7130756,199683,0,0,9062
-1.4538265,-1.43043,0.00647142,1.4157788,1.4391752,4.7130756,199684,0,0,9061
-0.4405646,-1.1152111,0,0.4399698,1.1152111,3.6135898,199686,0,0,9060
-0.4002568,-0.8372496,-0.20191008,0.34983525,1.8580312,5.6096697,199687,0,0,9059
-0.2182242,-0.35133234,-0.010198114,0.21785782,0.29864705,0.4262016,199691,0,0,9058
-0.2182242,-0.35133234,-0.010198114,0.21785782,0.29864705,0.4262016,199693,0,0,9057
-0.2182242,-0.35133234,-0.010198114,0.21785782,0.29864705,0.4262016,199695,0,0,9056
-0.2182242,-0.35133234,-0.010198114,0.21785782,0.29864705,0.4262016,199697,0,0,8465
-0.2182242,-0.35133234,-0.010198114,0.21785782,0.29864705,0.4262016,199699,0,0,8464
-0.34999195,-0.7019632,0,1.1571885,1.2620339,2.0230014,199701,0,0,8463
-0.34999192,-0.70195466,0,1.1571884,0.73505324,3.2861867,199702,0,0,8462
-0.39911407,-0.09901114,0.00055952725,0.43290576,0.09380666,0.13117284,199704,0,0,8461
-0.39906037,-0.09742371,-0.00018617153,0.43295947,0.0953941,0.13042714,199706,0,0,8460
-0.39920014,-0.0995017,0.001339719,0.4328197,0.09331611,0.13195302,199708,0,0,8459
-0.09866385,-0.28242913,-0.014138017,0.12185013,0.28964424,0.14751868,199710,0,0,8458
-0.09866386,-0.2824291,-0.014137998,0.12185013,0.28964415,0.14751868,199712,0,0,8457
-0.5465538,-0.47712734,-0.65812063,0.5450679,0.54523855,0.5765226,199713,0,0,8456
-0.46557724,-0.4883867,-0.5043301,0.46408245,0.5397058,0.62742096,199714,0,0,8455
-2.777555,-0.84083635,-0.16499883,3.052605,1.394997,0.21407963,199715,0,0,8454
-2.9887676,-0.9548363,-0.16550124,3.0491693,1.0158244,0.21622683,199716,0,0,8453
-1.3791102,-0.45791623,-0.6991767,1.465544,0.70256466,0.8927941,199717,0,0,8452
-0.68401814,-0.74853927,-0.73773646,0.651021,0.7924386,0.84285253,199718,0,0,8451
-3.9335525,-0.8606246,-1.0650692,3.2632613,1.0721416,0.84360147,199719,1,0,8450
-6.474653,-1.8449883,-2.3714685,5.106001,1.8910518,1.0785382,199720,1,0,8449
-5.275757,2.728553,-1.3007561,5.444252,4.958258,0.9474884,199721,1,0,8331
-1.0261711,-1.4266049,-0.29041445,0.5988679,0.56523794,3.5041208,199723,0,0,8330
-0.17572471,-0.20170812,0,0.1767564,0.24703784,0.4805515,199724,0,0,8329
-0.13906398,-0.44523552,-0.00956429,0.1202257,0.428749,0.3284389,199725,0,0,8328
-0.4109098,-0.28265566,-0.041595507,0.40471268,0.5463028,0.3810722,199726,0,0,8327
-0.36128685,-0.5044407,-0.013223386,0.33150446,0.5063235,0.6474876,199727,0,0,8326
-0.2066561,-0.29412478,-7.8605284E-05,0.23179746,0.26077393,0.18977581,199728,0,0,8325
-0.35683277,-0.27999988,-0.009229594,0.32931638,0.35195005,0.3367136,199729,0,0,8324
-0.2082748,-0.24050744,-0.015440623,0.21797012,0.2426468,0.38453406,199730,0,0,8323
-0.18099323,-0.25929055,-0.01542927,0.24462724,0.22163936,0.22957332,199731,0,0,8322
-0.20407711,-0.253973,-0.003944165,0.21523376,0.21815869,0.7870491,199732,0,0,8321
-0.7599474,-0.79979163,0,0.7649644,0.80364347,0.8109486,199734,0,0,8320
-0.7599474,-0.79979163,0,0.7649644,0.80364347,0.3442159,199735,0,0,8319
-0.7599474,-0.79979163,0,0.7649644,0.80364347,0.87294304,199736,0,0,8318
-0.430319,-0.46780607,-0.0010505901,0.42883322,0.5242575,0.99206364,199737,0,0,8317
-0.547081,-0.740781,0.00151667,0.54995,0.740956,0.773372,199739,0,0,8316
-0.25956735,-0.2588558,-0.04064931,0.2702808,0.2582639,2.8338377,199742,0,0,8315
-1.5358993,-1.5521799,-1.5327959,1.529693,1.5134124,1.9067603,199744,0,0,8314
-0.358733,-0.43463773,-0.0026957416,0.31185108,0.53570837,0.2651442,199745,0,0,8313
-0.28028178,-0.2830395,-0.042973716,0.280684,0.44914442,0.49340138,199746,0,0,8312
-1.7046778,-2.409838,-0.158941,1.3534986,2.428247,2.1895323,199748,0,0,8311
-1.2093744,-1.2365979,-0.08822134,1.2563982,1.2291747,3.1479752,199751,0,0,8310
-0.68389034,-0.6969719,-0.06074598,0.73091406,0.7178324,3.1754506,199753,0,0,8309
-0.33948925,-0.08611629,-0.04096746,0.30332828,0.09639195,0.12955767,199754,0,0,8308
-0.43925777,-0.067249686,-0.019127006,0.06569628,0.09090487,0.14985156,199755,0,0,8307
-3.6441655,-6.2875485,-0.33806005,4.0526805,9.445357,6.5379424,199756,0,0,8306
-4.636839,-7.1844525,-10.237493,4.969497,5.9236245,11.068312,199757,0,0,8305
-6.944159,-8.377214,-5.823574,7.3270173,7.1163855,5.677675,199758,0,0,8304
-0.9450641,-0.9649327,-0.50223505,0.8870868,0.86721826,1.3299159,199786,0,0,10499
-19.604961,-18.68615,-2.1828365,16.497042,17.153646,33.650723,199787,0,0,10498
-0.23793043,-0.38577214,-0.38005534,0.23968779,0.40649912,1.5119717,199788,0,0,10497
-0.47666955,-0.81022304,-2.1271474,0.34088212,0.7961058,0.0047647306,199789,0,0,10496
-1.6024883,-1.7276146,-0.10237936,1.3731344,1.4260905,0.6115572,199795,0,0,10495
-1.6024883,-1.782153,-0.10237936,1.4563438,1.4260905,0.97829807,199796,0,0,10494
-0.60600513,-0.6256977,-0.04532641,0.62399167,0.6042991,3.1077745,199797,0,0,10493
-0.18226118,-0.42686346,-0.0013280526,0.18423903,0.4273482,0.55856484,199801,0,0,997
-0.18226118,-0.44655696,-0.0013280526,0.18423903,0.46241295,0.5938219,199802,0,0,10492
-0.28811607,-0.92195,8.742015E-07,0.29095426,0.9281856,3.3777177,199803,0,0,10491
-0.62450093,-0.62734056,-0.0007577207,0.63255244,0.61534894,4.10656,199804,0,0,1356
-0.1636426,-0.16350526,-0.023664985,0.16627471,0.16641206,0.7319512,199806,0,0,10490
-0.2596832,-0.25936773,-0.023513097,0.25783867,0.25815412,0.7161431,199807,0,0,10489
-0.24507469,-0.2520341,-0.024387937,0.2542844,0.247325,0.66347367,199808,0,0,10488
-0.22217381,-0.2268156,0,0.23806766,0.23342587,0.85482925,199809,0,0,10487
-0.11840178,-0.12108424,0,0.12145737,0.11877491,0.56408775,199810,0,0,10486
-0.2299046,-0.19628264,-0.0034670953,0.23003931,0.24115004,0.4484644,199811,0,0,10485
-0.17554615,-0.12252707,-0.0045541194,0.13339876,0.24367584,0.42371097,199812,0,0,10484
-0.83859015,-0.79189813,0.13152222,0.9230473,0.8789649,2.1139073,199813,0,0,10483
-0.5011965,-0.5187904,-0.07770067,0.52990294,0.512309,2.6308043,199815,0,0,10482
-0.18418187,-0.17081848,-0.07770067,0.17459333,0.16963722,1.9753565,199816,0,0,10481
-2.6496007,-2.4186783,-0.31243584,2.8046196,3.035542,5.4927216,199817,0,0,10480
-0.18418187,-0.17081848,-0.07770067,0.17459333,0.16963722,1.9753565,199818,0,0,10479
-1.1808363,-1.2050343,-0.062378883,1.2059637,1.1817658,3.6018724,199819,0,0,10478
-0.80737674,-0.771403,-0.04691695,0.8378054,0.8737791,3.1048234,199820,0,0,10477
-0.67464846,-0.67281395,-0.0004398293,0.6793545,0.681189,1.6954958,199823,0,0,731
-0.34492177,-0.16345772,-0.0004398293,0.15474576,0.16193028,1.1200479,199825,0,0,10360
-1.8259023,-1.8362414,-0.07341719,1.8516017,1.8412627,3.8431973,199829,0,0,10359
-1.8379287,-1.8276168,-0.07421303,1.8400544,1.8503662,3.8431973,199830,0,0,10358
-0.12518317,-0.07686755,0.010039571,0.1208741,0.07564238,0.039103314,199832,0,0,10357
-0.1643842,-0.88213915,-0.6921643,0.12877029,0.88213915,0.69216424,199834,0,0,10356
-0.1642993,-0.6304556,-0.5956379,0.12771603,0.6304556,0.595638,199836,0,0,10355
-0.1596391,-0.8199651,-0.758385,0.13237625,0.8199652,0.7583848,199838,0,0,10354
-0.15820225,-0.9826742,-0.77104926,0.13381313,0.98267585,0.77104896,199840,0,0,10353
-0.1676079,-1.1102448,-0.8711458,0.12440749,1.1102448,0.8711456,199842,0,0,10352
-0.15881163,-0.88213915,-0.6921643,0.13320373,0.88213915,0.69216424,199844,0,0,10351
-0.16591424,-1.0254828,-1.0294338,0.12610117,1.0254827,1.0294338,199846,0,0,10350
-0.15936656,-0.88213915,-0.6921643,0.13264878,0.88213915,0.69216424,199848,0,0,10349
-0.049738336,-1.209419,0.23860233,0.39538214,1.1930134,6.617838,199849,0,0,10348
-0.1150331,-1.212691,0.60203254,0.34536391,1.1897415,6.9812684,199850,0,0,10347
-0.31747362,-0.24281712,-0.10423208,0.27948526,1.4115156,7.0739985,199851,0,0,10346
-0.059132516,-1.1921556,0.45189708,0.48349598,1.2102768,6.831133,199852,0,0,10345
-0.11503311,-1.1935657,0.28607136,0.39420757,1.2088667,6.665307,199853,0,0,10344
-0.29242507,-0.3105164,-0.24189278,0.15607984,1.8193531,6.8733344,199854,0,0,10343
-1.6957638,-1.7155701,-2.7696822,1.6973667,1.6775604,0.6234484,199855,0,0,10342
-0.9665566,-1.8874083,0.0039357864,0.96723586,0.22225928,5.5209846,199856,0,0,10341
-1.6958362,-1.6806481,-2.7060962,1.6666337,1.6818218,0.65637374,199857,0,0,10340
-1.5191189,-1.9958769,-0.09685393,1.4934727,1.0167147,6.787914,199858,0,0,10339
-0.42073733,-0.18308885,0,0.40930182,0.18308885,0.20725615,199860,0,0,10338
-0.42073733,-0.18308885,0,0.40930182,0.18308885,0.20725615,199861,0,0,10337
-0.42073733,-0.18308885,0,0.40930182,0.18308885,0.20725615,199862,0,0,10336
-0.42073733,-0.18308885,0,0.40930182,0.18308885,0.20725615,199863,0,0,10335
-0.9372767,-1.0165222,0.0007088858,0.9220849,0.9882131,0.9328958,199867,0,0,9777
-0.9372767,-1.0165222,0.0007088858,0.9220849,0.9882131,0.9328958,199868,0,0,9776
-0.9372767,-1.0165222,0.0007088858,0.9220849,0.9882131,0.9328958,199869,0,0,9775
-0.9372767,-1.0165222,0.0007088858,0.9220849,0.9882131,0.9328958,199870,0,0,9774
-0.9931081,-0.88103455,0.0007088858,0.86625355,1.1209533,0.9212137,199871,0,0,9773
-0.9931081,-0.88103455,0.0007088858,0.86625355,1.1686193,0.9212137,199872,0,0,9772
-0.9931081,-0.88103455,0.0007088858,0.86625355,1.1209533,0.9212137,199873,0,0,9771
-0.9931081,-0.88103455,0.0007088858,0.86625355,1.1209533,0.9212137,199874,0,0,9770
-1.0237551,-0.76692265,-0.014932249,1.026245,0.7541078,1.4782567,199876,0,0,9769
-0.82212263,-1.0649716,-0.099211976,1.2536322,1.0520554,1.5971576,199880,0,0,9768
-1.0237551,-1.1906976,-0.14784376,1.0262457,0.6253754,1.4658085,199881,0,0,9767
-0.22938511,-0.5505547,0,0.2231478,0.6319756,3.285786,199882,0,0,9766
-0.22938524,-0.5505547,-2.848753,0.22314766,0.6319756,0.08480003,199883,0,0,9765
-3.9051242,-3.7796364,-0.23827906,11.273962,2.7211442,19.100555,199885,0,0,9764
-1.7277629,-0.78811485,-0.008782532,1.1581997,0.7968545,1.2308229,199886,0,0,9763
-14.108534,-14.220942,-0.29041386,14.075728,14.192082,0.8484527,199904,0,0,9619
-0.9683615,-0.976439,-0.0004780687,0.9922269,0.9854867,3.076638,199905,0,0,9618
-9.77572,-9.797941,-0.069400504,9.82575,9.816897,119.38152,199906,0,0,9617
-0.9683618,-0.97643846,-0.00024379102,0.9922264,0.98548704,1.5703541,199907,0,0,9616
-0.9683613,-0.9764388,-0.0010548426,0.9922267,0.98548657,6.787457,199908,0,0,9615
-0.9683613,-0.97643876,-0.0018561264,0.9922267,0.9854865,11.945926,199909,0,0,9614
-0.9690442,-0.97645265,-0.0004780687,0.99290967,0.9855022,3.076638,199910,0,0,9613
-0.9683618,-0.97643846,-0.00024379102,0.9922264,0.98548704,1.5703541,199911,0,0,9612
-0.9683613,-0.9764388,-0.0010548426,0.9922267,0.98548657,6.787457,199912,0,0,9611
-0.9683613,-0.97643876,-0.0018561264,0.9922267,0.9854865,11.945926,199913,0,0,9610
-0.9683615,-0.976439,-0.0004780687,0.9922269,0.9854867,3.076638,199914,0,0,9609
-0.96836174,-0.97643846,-0.00024379099,0.99222636,0.9854869,1.5703541,199915,0,0,9608
-0.9683614,-0.9764388,-0.0010548426,0.9922267,0.98548657,6.787457,199916,0,0,9607
-0.9683613,-0.97643876,-0.0018561264,0.9922267,0.9854865,11.945926,199917,0,0,9606
-0.9683615,-0.976439,-0.0004780687,0.9922269,0.9854867,3.076638,199918,0,0,9605
-9.77572,-9.797941,-0.069400504,9.82575,9.816897,119.38152,199919,0,0,9604
-0.9683618,-0.97643846,-0.00024379102,0.9922264,0.98548704,1.5703541,199920,0,0,9603
-0.9683613,-0.9764388,-0.0010548426,0.9922267,0.98548657,6.787457,199921,0,0,9602
-0.9683613,-0.97643876,-0.0018561264,0.9922267,0.9854865,11.945926,199922,0,0,9601
-0.9683615,-0.976439,-0.0004780687,0.9922269,0.9854867,3.076638,199923,0,0,9600
-9.77572,-9.797941,-0.069400504,9.82575,9.816897,119.38152,199924,0,0,9599
-0.9683618,-0.97643846,-0.00024379102,0.9922264,0.98548704,1.5703541,199925,0,0,9598
-0.9683613,-0.9764388,-0.0010548426,0.9922267,0.98548657,6.787457,199926,0,0,9597
-0.9683613,-0.97643876,-0.0018561264,0.9922267,0.9854865,11.945926,199927,0,0,9596
-1.1762574,-0.0038753087,0.1678888,1.1762574,55.966156,0.16788901,199929,0,0,9595
-0.9580819,-0.9492611,-0.2781602,0.95875806,0.9675788,198.2304,199930,0,0,9594
-0.04906522,-0.026797706,-0.12109252,0.047085136,0.056470938,-0.0617915,199932,0,0,9593
-1.578636,-1.4771122,-0.09620377,1.6027504,1.7042743,3.1401873,199933,0,0,9592
-4.0436325,-4.0732512,-1.2717929,3.9400449,3.9104261,6.7118845,199934,0,0,9591
-0.01232639,-1.4170458,-1.3753334,-0.012325997,1.360732,1.4024444,199935,0,0,9590
-4.166667,-4.1666665,-0.5329403,4.166667,4.1666665,21.585495,199938,0,0,9589
-6.8536453,-6.8536453,-2.777778,6.8536453,6.8536453,-1.4796878,199939,0,0,9588
-6.23203,-5.89377,0.413452,5.55556,5.8939,0.634829,199940,0,0,9587
-15.121698,-21.75602,-10.248981,16.530539,10.779675,24.11916,199941,0,0,9586
-12.501637,-19.147804,-11.366466,13.987048,14.038527,24.11916,199942,0,0,9585
-14.416098,-21.053446,-11.366466,15.85733,14.038527,24.11916,199944,0,0,9584
-13.033044,-19.697647,-11.366466,14.557477,14.038527,24.11916,199945,0,0,9583
-4.0771637,-4.099556,-2.6256018,4.0500393,4.027647,5.501601,199946,0,0,9582
-0.73993444,-0.92096984,-0.010654621,0.3368644,0.43892357,0.88860244,199947,0,0,9581
-5.672751,-5.6384873,-0.51238686,5.418436,5.6806016,0.55115163,199948,0,0,9015
-4.9156566,-4.509051,-2.4269433,3.239512,3.6461177,6.0139155,199949,0,0,9014
-10.061607,-11.223881,-3.8335133,10.061183,9.116853,-1.7116671,199950,0,0,9013
-6.8536453,-6.8536453,-2.777778,6.8536453,6.8536453,-1.4796878,199951,0,0,9012
-1.3296757,-1.1432074,-0.060634356,1.0684416,1.150644,9.051079,199954,0,0,9011
-9.674379,-10.25015,-5.7226534,9.026087,8.450316,12.977813,199956,0,0,9010
0.002418189,-1.476607,-0.56440395,0.0024185823,1.3011708,2.213374,199957,0,0,9009
0.0024177416,-5.8364663,-0.56440395,0.0024193688,5.66103,12.767272,199958,0,0,9008
-13.691322,-15.392089,-10.952091,12.874344,14.919596,7.505748,199959,0,0,9007
-52.216053,-48.286415,-70.36644,78.1163,103.64524,59.96591,199962,0,0,9006
-10.061607,-11.223881,-3.8335133,10.061183,9.116853,-1.7116671,199964,0,0,9005
-12.509456,-12.396022,-3.4408696,12.523457,12.523947,10.079305,199965,0,0,9004
-10.061607,-11.223881,-3.8335133,10.061183,9.116853,-1.7116671,199967,0,0,9003
-42.639378,-13.631031,0.048712783,0.15233402,14.980573,0.8563438,199968,0,0,9002
-3.5885246,-3.5878565,-0.0027077117,3.6769118,3.6213698,11.632256,199969,0,0,9001
-5.288954,-6.0058794,-1.3831673,5.6148415,4.897916,9.520628,199970,0,0,9000
-15.706079,-16.211067,-6.336152,13.848605,13.343616,23.218533,199971,0,0,8999
-33.564404,-31.818138,-15.265745,30.459139,32.205406,48.757797,199972,0,0,8998
-0.11267951,-0.12072688,-0.025467152,0.09902535,0.10844842,-0.0004595783,199973,0,0,8997
-5.102673,-5.985953,-3.0126915,5.060145,5.993897,13.010176,199975,0,0,8996
-5.102673,-5.985953,-3.0126915,5.060145,5.993897,13.010176,199976,0,0,8995
-0.006531543,-0.2361495,0,0.08341848,0.23607273,0.47260508,199981,0,0,8994
-0.000855201,-0.3555063,0.0029265024,0.06754854,0.3610328,0.42514873,199983,0,0,8993
0,-0.2361495,0,0.08247323,0.23607273,0.47260508,199985,0,0,8992
-0.005698105,-0.35775766,-0.001517733,0.06759241,0.35878146,0.42070448,199987,0,0,8991
-0.000855201,-0.3555063,0.0029265024,0.06754854,0.3610328,0.42514873,199989,0,0,8823
-0.6996824,-0.69966173,-0.004969067,0.696292,0.6963153,2.3087895,199993,0,0,8821
-0.4184943,-0.54266125,0.00010722482,0.42351812,0.545876,2.2510657,199996,0,0,8820
-0.51637346,-0.70172226,-0.0054919445,0.51666814,0.72075486,3.0801554,199999,0,0,8819
-0.7670101,-0.7505341,0.0012070215,0.73572993,0.75169057,2.4904206,200004,0,0,8817
-0.9528648,-0.6674216,-0.018375745,0.95819175,0.63793814,2.1177921,200007,0,0,8816
-0.473041,-1.2017932,0.008693059,0.55254066,1.2379042,2.3044999,200010,0,0,8815
-0.8004217,-0.5796941,-0.09524371,0.7887605,0.56800437,2.5376456,200012,0,0,8814
-0.5724083,-0.6245037,-0.005915572,0.55555564,0.5947092,3.5477102,200014,0,0,8813
-3.3934305,-3.3979552,0.19589826,3.3426585,3.0798476,14.12309,200024,0,0,8806
-0.46680954,-0.78162026,0.0009634495,0.6053158,0.84226733,0.999071,200030,0,0,8805
-0.46680954,-0.77214473,0.0009634495,0.6053158,0.8517428,0.999071,200031,0,0,8804
-0.40709916,-0.77029854,0.0009634495,0.42409056,0.85358906,0.999071,200032,0,0,8803
-0.40709916,-0.7812571,0.0009634495,0.42409056,0.84263045,0.999071,200033,0,0,8802
-43.902958,-25.930767,-18.166935,52.690395,25.919048,28.513638,200049,0,0,8240
-8.325887,-1.4695158,-0.09385832,0.07872416,1.459719,3.708247,200052,0,0,8238
-16.421795,-29.326118,-22.56077,-4.171402,15.683557,-7.5519867,200053,0,0,8237
-0.42255774,-0.68098074,-0.061411157,0.9312958,0.7642533,1.100786,200056,0,0,8236
-0.3342342,-0.73072636,-0.024710575,0.9094805,0.5862264,0.7054756,200057,0,0,8235
-1.0130198,-0.7675317,-0.064763404,1.00071,0.7356599,0.47475174,200058,0,0,8234
-0.30349103,-0.79591495,-0.0423362,0.597774,0.4337473,0.86195135,200059,0,0,8233
-0.03081555,-0.23083867,0.04467711,0.2772976,0.5036045,3.243753,200060,0,0,8232
0.09967277,-0.6882501,1.0598941,0.43089005,0.5469931,4.4133434,200061,0,0,8231
-1.1246692,-0.6598051,-0.06503184,0.9591296,0.6449831,0.30745438,200062,0,0,8230
-1.180608,-0.7323457,-0.08478273,1.3877302,0.5143797,0.30849242,200063,0,0,8123
-1.0546002,-0.5520574,-0.064763404,0.9591296,0.44088176,0.3046596,200064,0,0,8122
-0.37448433,-0.7027319,-0.026395043,0.8716832,0.6142209,0.85814303,200065,0,0,8121
-0.37900954,-0.6326204,-0.03019777,0.9585382,0.6347219,0.8581653,200066,0,0,8120
-0.36062774,-0.46830866,-0.024458088,0.5091894,0.54403555,0.88379174,200067,0,0,8119
-0.3620872,-0.37090057,-0.038602453,0.53917783,0.38212284,0.86195135,200068,0,0,8118
-0.3620872,-0.37090057,-0.038602453,0.53917783,0.38212284,0.8801468,200070,0,0,8117
-0.7488987,-0.42800617,-0.005537326,0.16800344,0.584338,0.9120776,200071,0,0,8116
-0.3620872,-0.38516378,0.006355446,0.49740824,0.45951468,1.5070993,200072,0,0,8115
-5.059256,-5.0796657,-1.9463259,5.013537,4.9931273,10.701582,200080,0,0,8112
-5.059256,-5.0796657,-1.9463259,5.013537,4.9931273,10.008523,200081,0,0,8111
-5.059256,-5.0796657,-1.9463259,5.013537,4.9931273,10.865113,200082,0,0,8110
-5.059256,-5.0796657,-1.9463259,5.013537,4.9931273,9.502776,200083,0,0,8109
-1.9061215,-1.9679325,-0.7410389,1.9796765,1.9533789,3.7108302,200086,0,0,8106
-2.5370066,-2.0518997,-0.79733515,2.1010926,2.626699,4.463254,200087,0,0,8105
-1.9987324,-2.0582283,-0.7636516,1.8695997,1.9958711,3.7691193,200088,0,0,8104
-1.9736847,-2.0233567,-0.86356544,1.9816788,1.95473,3.7264047,200089,0,0,8103
-0.64247406,-0.6421313,-0.010660653,0.6500191,0.6503618,2.7113473,200091,0,0,8101
-0.29671302,-0.25836408,0.0010010819,0.32447916,0.256198,0.87114435,200092,0,0,8100
-0.08350336,-0.08265657,0,0.084634386,0.085481174,0.12083782,200093,0,0,8099
-0.6157037,-0.66195375,0,0.6157037,0.66195375,1.24297,200096,0,0,8096
-1.1119448,-1.115043,-3.0652072E-07,1.111359,1.1092325,8.668756,200099,0,0,8094
-0.7178827,-4.4418845,0.7145903,1.3874474,4.330234,14.127403,200102,0,0,8092
-0.038211193,-1.4737324,0.10541878,0.66169685,1.4425212,4.564451,200103,0,0,8091
-0.059793334,-2.14804,-1.5551337,0.4863764,2.1464472,0.7524192,200104,0,0,8090
-0.059793334,-5.399183,-1.5551337,0.4863764,5.284871,0.75241923,200106,0,0,8089
-0.8081165,-0.9060632,-0.17345627,0.50705355,0.9273322,2.0657554,200107,0,0,8088
-1.0786984,-1.0333313,-0.2478089,1.0180416,1.0653015,1.4418865,200108,0,0,8087
-2.3958633,-10.337113,0.2947585,2.098913,10.347819,23.2311,200109,0,0,8086
-0.6658256,-0.6658256,-0.0018151678,0.6658256,0.6658256,1.329836,200117,0,0,10443
-1.4701934,-1.0144383,-0.07369504,1.6211923,0.8681953,1.278754,200118,0,0,10442
-1.0703367,-0.8525939,-0.00028883936,1.0803499,0.85259396,0.91430175,200119,0,0,10441
-0.32373133,-0.34294745,-0.0047045485,0.32373133,0.3429474,0.4114919,200120,0,0,10440
-0.25892517,-0.25892517,-0.029775927,0.25892517,0.25892517,0.5480549,200121,0,0,10439
-0.32870132,-0.34954256,-0.029775927,0.32870135,0.34954256,0.7820892,200122,0,0,10438
-0.23088619,-0.25753844,-0.023044098,0.2544134,0.22444592,0.51952505,200123,0,0,10437
-0.26375893,-0.26395088,-0.017205002,0.2633201,0.26312527,0.6332356,200124,0,0,10436
-0.2483453,-0.24928671,-0.016213404,0.24945161,0.2485151,0.57761997,200125,0,0,10435
-0.21514651,-0.19683535,-0.008647238,0.21514651,0.22692047,0.47087273,200126,0,0,10434
-0.20458665,-0.2050219,-0.014318349,0.20502846,0.20459321,0.45009634,200127,0,0,10433
-0.3656178,-0.21246119,-0.012295734,0.16289817,0.28775924,0.81505007,200128,0,0,10432
-3.7125535,-4.604488,-3.0828161,3.3700585,2.7576935,3.999796,200135,0,0,10294
-1.6426613,-1.6921086,-0.005389301,1.5152417,1.4964988,0.634351,200136,0,0,10293
-1.0771581,-1.053743,-0.008396138,0.7765453,0.8859302,0.28951955,200137,0,0,10292
-1.8338816,-2.1407273,-0.014063699,2.1650908,2.2212899,2.278634,200143,0,0,10291
-2.5558903,-3.1108608,-1.807936,2.4034188,3.167576,6.9758377,200151,0,0,10290
-0.54398024,-0.50272715,-0.03634906,0.658614,0.5024683,0.99226886,200152,0,0,10289
-1.8068482,-1.8847246,-3.1521091,1.8068482,1.7289717,1.0071545,200153,0,0,10288
-23.535595,-23.300638,-5.4327497,23.481121,23.716078,58.27879,200154,0,0,10287
-2.4594648,-2.4901676,-0.68969566,2.4939477,2.463245,4.305286,200155,0,0,10286
-17.542973,-17.49626,-6.837532,18.87577,15.899673,26.619808,200156,0,0,10285
-3.0252786,-3.3634152,-2.137805,3.0517921,3.4185314,2.7146492,200165,0,0,10283
-0.8003006,-2.144281,-0.39710993,0.84903413,2.1399586,3.8104367,200167,0,0,10282
-0.08493095,-0.0898739,0.29013866,0.09521372,0.09274616,0.47328305,200170,0,0,10281
-0.06315651,-0.06252966,-0.00022411688,0.072838746,0.06339238,0.04412069,200172,0,0,10280
-0.06315651,-0.06252966,-0.00022411688,0.072838746,0.06339238,0.04412069,200174,0,0,10279
-0.06315651,-0.06252966,-0.00022411688,0.072838746,0.06339238,0.04412069,200176,0,0,10278
-0.06315651,-0.06252966,-0.00022411688,0.072838746,0.06339238,0.04412069,200178,0,0,10277
-0.030185929,-0.051343895,-0.00018921119,0.030141583,0.051343907,0.20315817,200180,0,0,10276
-0.6157037,-0.66195375,0,0.6157037,0.66195375,1.24297,200181,0,0,10275
-0.074678995,-0.08700257,-0.00086772355,-0.015608412,0.08700257,0.19187829,200183,0,0,10274
-0.29671302,-0.25836408,0.0010010819,0.32447916,0.256198,0.87114435,200185,0,0,10273
0.0072227097,-1.16271,-0.42066956,0.7064002,1.1576768,4.4039903,200187,0,0,10272
-0.69290745,-3.4862583,0.0349378,1.4065301,3.4812253,14.522064,200188,0,0,10271
-0.017526085,-1.0342255,-0.23897405,0.6110813,1.216498,4.479789,200189,0,0,10270
-0.08316392,-2.012127,-1.3639519,0.3035789,1.9066442,0.89837617,200190,0,0,10269
-0.14578304,-5.7467237,-1.363952,0.24095988,5.6909194,0.89837617,200191,0,0,10268
-0.8081165,-0.9060632,-0.17345627,0.6727489,0.9273322,2.0657554,200192,0,0,10267
-2.171396,-2.7419567,-0.37062362,2.2752354,2.7632256,6.3531127,200193,0,0,10266
-1.0786984,-1.0333313,-0.2478089,1.0180416,1.0653015,1.4418865,200194,0,0,7429
-0.8969247,-3.4390073,-4.0406065,0.59997445,3.449713,3.5979025,200195,0,0,7428
-2.3958633,-10.337113,0.2947585,2.098913,10.347819,23.2311,200196,0,0,7427
-2.9020314,-0.16704464,-0.88741124,2.3355496,1.2759001,0.94144356,200200,0,0,7425
-2.90203,-0.167044,-0.818717,1.80452,0.609625,0.941439,200201,0,0,7424
-5.8179483,-5.8498535,-1.5757456,6.007181,5.975276,10.249384,200202,0,0,7423
-12.848829,-1.9401195E-06,-77.03255,12.848829,1.9401195E-06,13.077962,200203,0,0,7422
-45.223675,-6.7104464,-110.97514,13.829176,2.1656604,51.701836,200204,0,0,7421
-1.1451505,-0.45810392,-0.00073693343,1.1340519,0.4372969,0.5898596,200208,0,0,7420
-1.1356963,-0.46063742,0.0027230387,1.1470295,0.43964174,0.15242532,200209,0,0,7419
-1.311139,-0.4252271,-0.00073693343,1.1304114,0.4703568,0.5519828,200210,0,0,7257
-0.9974482,-0.8620158,-0.003080529,0.9863495,0.87669474,0.64225227,200211,0,0,7256
-1.0055583,-1.0190943,-0.0009099894,0.99331844,0.7220661,0.18058617,200212,0,0,7255
-1.2157979,-0.88010377,-0.003080529,0.9863495,0.8586068,0.6416249,200213,0,0,7254
-0.09803104,-0.35486227,-0.034254003,0.09803103,0.35486227,1.9629434,200214,0,0,7253
-0.41633046,-0.21209928,-0.43368822,0.450434,0.16007768,0.9762978,200215,0,0,7252
-0.069052085,-0.20111914,-0.03262125,0.067683965,0.24405748,0.70504636,200217,0,0,7251
-0.18621846,-0.19182004,-0.05648859,0.19242433,0.25397423,1.7418262,200218,0,0,7250
-0.087137915,-0.21633533,-0.008305815,0.087137915,0.2250109,0.8549507,200219,0,0,7249
-0.105,-0.13944264,-0.059228685,0.105,0.13944261,2.683631,200220,0,0,7248
-0.08442924,-0.47888476,-0.009364386,0.08442924,0.47888476,3.5254054,200223,0,0,7247
-0.3263184,-0.59136397,-0.03053803,0.33214366,0.33117113,1.71803,200225,0,0,7246
-0.5194746,-0.1806455,0.12580068,0.42228836,0.15382746,1.6248528,200227,0,0,994
-0.40682384,-0.10878634,-0.07126552,0.26162708,0.054327764,2.8435574,200228,0,0,7245
-0.2170405,-0.32750598,-0.023744306,0.21704048,0.32750607,0.93015957,200233,0,0,7244
-0.16031876,-0.16177638,-0.013841061,0.14005741,0.18862417,3.0391116,200234,0,0,7243
-0.36043242,-0.4399836,-0.03053803,0.353132,0.4097933,1.6782916,200235,0,0,7242
-0.07677318,-0.14725392,-0.014674702,0.07677331,0.14725392,2.9808433,200237,0,0,7241
-0.087137915,-0.21633533,-0.008305815,0.087137915,0.2250109,0.8549507,200238,0,0,7240
-0.105,-0.13944264,-0.059228685,0.105,0.13944261,2.683631,200239,0,0,7239
-0.098031044,-0.25163546,-0.03778204,0.098031044,0.45808902,1.9594154,200243,0,0,7238
-0.5231412,-0.1229763,-0.07478484,0.5406525,0.10588709,1.186123,200244,0,0,7237
-0.16883369,-0.24672127,-0.022831364,0.16883372,0.24672133,0.90003234,200246,0,0,7236
-1.2344223,-1.2296417,0,0.9764742,1.331271,3.1936238,200252,0,0,7235
-2.8975244,-11.293688,0.7109539,11.29812,2.8679388,0.95571274,200254,0,0,7234
-2.8975244,-11.293688,0.7109539,11.29812,2.8679388,0.95571274,200256,0,0,7233
-0.00035847203,-0.81417525,-2.1162696,3.5492508,1.3266007,2.0748684,200257,0,0,7232
-0.00035856172,-0.814175,-2.1162696,3.5492508,1.3266007,2.0748684,200258,0,0,7231
-0.91004235,-2.3009038,-0.18878627,0.8139372,2.7308154,7.833698,200259,0,0,7230
-4.252481,-4.089103,9.860943,4.471112,11.554746,18.584536,200264,0,0,7229
-1.7624431,-0.5803863,-0.69228745,2.2625675,6.590912,4.453501,200265,0,0,7228
-2.4576302,-0.5803872,-0.6922869,2.4378579,6.6302376,4.4535007,200266,0,0,7227
-2.4695039,-0.5803867,-0.6922868,2.4671285,6.61452,4.4535007,200267,0,0,7226
-5.3048377,-5.312523,0,5.329208,5.3215227,10.70251,200268,0,0,7225
-0.60485595,-1.2124519,0,0.5288618,1.2056409,5.9223633,200270,0,0,7223
-2.646326,-2.6579294,0.06846738,2.6706963,2.659093,5.500219,200271,0,0,7222
-2.646326,-2.6579294,0.06846738,2.6706963,2.659093,5.500219,200272,0,0,7221
-5.547813,-5.555498,-0.17451096,5.572183,5.564498,10.945485,200273,0,0,7220
-1.8862064,-1.4408289,-0.084882125,0.4755372,1.4248492,7.4913125,200274,0,0,7219
-0.72131765,-0.7139502,-0.11617666,0.7086881,0.7160553,7.7721577,200275,0,0,7218
-5.371212,-5.378897,-0.088829294,5.395582,5.387897,10.768885,200276,0,0,7217
-0.63282937,-1.6101243,-0.08882928,0.6582024,1.6244897,6.186018,200278,0,0,7215
-2.7026973,-2.690439,0.0021920204,2.6806993,2.6929576,5.5137086,200279,0,0,6993
-2.7026973,-2.690439,0.0021920204,2.6806993,2.6929576,5.5137086,200280,0,0,6992
-7.125693,-7.141651,-0.08882914,7.2019315,7.185973,14.329512,200281,0,0,6991
-1.3117468,-2.0428631,-0.08882914,1.3589598,2.02983,6.781213,200282,0,0,6990
-0.5918169,-1.3615004,0,0.5843489,1.3777542,6.087005,200283,0,0,6989
-2.7026973,-2.690439,0.0021920204,2.6806993,2.6929576,5.5137086,200284,0,0,6988
-0.55702335,-1.3615004,0,0.5495554,1.3777542,6.087005,200285,0,0,6987
-0.25707775,-5.5526266,-0.36146036,0.26382637,5.5245304,-0.0709281,200293,0,0,6873
-1.9579637,-0.45710272,-0.18167567,0.9492977,2.4501586,2.9589734,200296,0,0,6871
-0.5829624,-0.17068855,-0.12183123,1.566532,2.238206,2.548706,200299,0,0,6870
-6.1342416,-7.2280493,-4.6951084,9.855703,8.761895,11.294836,200302,0,0,6868
-7.642595,-7.518096,-5.6029797,9.547802,9.672301,11.587418,200303,0,0,6867
-1.3000972,-0.8532966,-0.010278506,0.5979615,0.8477229,2.2326322,200305,0,0,6866
-1.4633894,-1.7779316,-0.6195624,1.4579332,1.7789478,3.5344896,200307,0,0,6865
-1.3000972,-0.8532966,-0.010278506,0.5979615,0.8477229,2.225124,200308,0,0,6864
-1.3000972,-0.8532966,-0.010278506,0.5979615,0.8477229,2.225124,200309,0,0,6863
-1.6618296,-1.7501469,-0.58677065,1.7653188,1.6770015,3.2845392,200310,0,0,6862
-11.355087,-11.039985,-20.131245,9.929588,10.244691,14.79105,200316,0,0,6860
-7.794579,-8.289821,-0.97713614,9.937829,9.442588,16.755272,200317,0,0,6859
-86.549644,-125.82799,-22.58836,68.50125,31.611359,24.976076,200319,0,0,6858
-1.5021353,-5.143435,-1.8745016,4.034932,3.5519145,7.166325,200320,0,0,6857
-2.8483887,-0.11882867,-2.311354,2.8483784,0.17277019,2.3113523,200324,0,0,6856
-3.3723497,-0.10852757,-2.9841352,3.3723497,0.10852757,2.9841352,200325,0,0,6855
-5.1169977,-5.1480045,-5.1222553,5.1790113,5.1480045,7.713652,200328,0,0,6854
-6.0369353,-8.225677,-0.29909566,9.323445,3.7165782,8.832203,200329,0,0,6853
-5.1853285,-8.693555,-6.394132,7.1006727,4.426741,4.806414,200330,0,0,6852
-8.76608,-9.267661,-0.95163697,11.044761,10.54318,15.337374,200332,0,0,6851
-4.723282,-5.8774285,-4.9790087,7.6830063,5.6365056,9.720281,200333,0,0,6850
-2.0504773,-2.6305175,-0.1591134,2.4236019,3.0037684,4.70607,200335,0,0,6849
0,-0.33765215,0,4.0800734,2.1720443,11.523742,200336,0,0,6848
-1.2448469,-5.3411684,-0.953299,1.5561982,4.336664,9.482718,200337,0,0,6847
-2.5812244,-5.263427,-0.22283867,2.0248857,4.854215,9.56448,200338,0,0,6846
-269.358,0,-41.373615,181.52444,637.4019,125.70733,200342,0,0,6845
-269.358,0,-41.373615,181.52444,637.4019,125.70733,200343,0,0,6844
-72.966805,-310.68088,-13.178303,450.69205,196.12428,112.44888,200344,0,0,6843
-9.230553,-7.8259516,-8.189099,8.49444,18.225199,6.0411057,200345,0,0,6842
-18.276154,-16.572855,-3.3786967,14.632141,18.094496,23.293749,200346,0,0,6841
-18.276154,-7.249709,-2.2117112,5.6713777,14.170383,13.545598,200347,0,0,6840
-0.7265673,-1.1420331,-0.3259399,0.71620536,1.0760994,0.41163322,200349,0,0,6839
-0.27786732,-0.258262,-0.0671347,0.27798524,0.2917608,1.3374888,200350,0,0,6838
-0.66920084,-0.68751127,-0.14107418,0.6948239,0.6765135,0.77096635,200351,0,0,6837
-0.27476692,-0.24719143,-0.055628914,0.20313115,0.2538803,1.0351061,200352,0,0,6836
-2.7556865,-2.2771358,-0.1861558,2.578725,2.3085797,6.029334,200353,0,0,6835
-2.0366735,-2.4193764,-0.22080633,1.7405806,1.8713033,3.3520834,200355,0,0,6834
-1.1760134,-2.111665,-0.10263705,1.1354527,2.2808602,3.0538094,200356,0,0,6833
-0.899914,-0.982167,0.000577778,0.899914,0.988567,2.25058,200357,0,0,6832
-0.434742,-0.776942,0.0238514,0.825253,0.763053,2.26385,200358,0,0,6831
-0.896817,-0.922833,0.00423667,0.882928,0.922833,1.58624,200359,0,0,6830
-0.591942,-0.606667,0.00395111,0.578053,0.606667,2.60395,200360,0,0,6829
-0.67678744,-1.2342317,-0.016011182,1.317976,1.5315187,1.9997613,200363,0,0,6828
0,0,0,0,0,0,200364,0,0,6827
-4.7067385,-4.8543572,-0.043167867,4.6808133,4.530752,4.424246,200365,0,0,6722
-0.2595395,-1.0574706,0,0.20551279,1.0733957,4.1943665,200369,0,0,7948
-0.2553467,-0.24468446,-0.0018881988,0.2530729,0.27812415,0.45997047,200370,0,0,7947
-1.1434475,-1.1479768,-0.1677675,1.0931091,1.08858,0.40823355,200371,0,0,1174
-1.1615652,-1.1344086,-0.22169258,1.1112267,1.1383834,2.5112925,200372,0,0,7946
-1.2204547,-1.1932981,-0.07850769,1.1701162,1.1972729,1.8414063,200373,0,0,7945
-1.0122833,-0.99495244,-0.08494091,0.9993106,1.0166415,2.0762522,200374,0,0,7944
-0.78276664,-0.834967,-0.10632549,0.7324281,0.7858328,0.7362841,200375,0,0,7943
-0.7827666,-0.834967,-0.024037251,0.7324281,0.68022764,0.72460777,200376,0,0,991
-0.5608714,-0.61307186,-0.024037251,0.5105329,0.45833248,0.9274968,200377,0,0,7942
-0.43784642,-0.4384624,-0.081398524,0.43907836,0.43846238,0.6484678,200378,0,0,7941
-0.51152545,-0.5091851,-0.05606889,0.50918514,0.51152545,0.7553158,200379,0,0,1170
-0.5103553,-0.5103553,-0.048586503,0.51035535,0.5103553,0.7627982,200380,0,0,7940
-0.5103553,-0.5103553,-0.050824165,0.51035535,0.5103553,0.7605605,200381,0,0,7939
-0.55509454,-0.548047,-0.030989656,0.54064935,0.5476968,0.35341024,200382,0,0,7938
-0.5478719,-0.5478719,-0.066749536,0.54787195,0.5478719,0.31765038,200383,0,0,7937
-0.5617571,-0.561757,-0.01267028,0.5654277,0.5654278,0.3778702,200384,0,0,7936
-0.5610047,-0.5635924,-0.023015557,0.5661801,0.56359243,0.3675249,200385,0,0,7935
-0.572694,-0.56238186,-0.023501148,0.55449086,0.56480294,0.36703932,200386,0,0,7934
-0.04389474,-0.11441851,0,0.043894876,0.19287398,1.6724964,200388,0,0,7933
-0.08273689,-0.0005193551,-6.0275197E-05,0.10086942,0.37129542,0.09781596,200389,0,0,7932
-0.14035799,-0.26298437,0,0.14035812,0.51800555,1.9362814,200390,0,0,7931
-0.05046404,-0.40521348,0,0.05046417,0.41672644,1.9362814,200391,0,0,7930
-0.7232909,-3.6593034,-0.23189878,0.6704323,3.7282932,0.50170743,200393,0,0,7929
-0.68545103,-2.4944868,-0.23189878,0.7082722,2.565511,0.50170743,200394,0,0,7928
-0.40992662,-0.37782001,-0.0034751445,0.3955454,0.37867326,2.433813,200395,0,0,7927
-0.2418764,-0.208056,-0.14302877,0.21525404,0.20847207,2.3332295,200396,0,0,7926
-1.7803041,-2.0848784,-0.0053188344,1.8298931,1.6550813,6.157983,200397,0,0,7925
-1.244191,-1.2819068,0.015018945,1.2433872,1.2065064,6.1579094,200398,0,0,7924
-1.9537804,-2.0393806,-0.008494882,1.9193639,1.9626777,6.1579094,200399,0,0,1167
-2.1176388,-1.6488037,0,2.1176388,1.6615628,3.840243,200401,0,0,7923
-0.45014325,-0.50615215,-0.019870443,0.5673951,0.51138604,1.841226,200402,0,0,7922
-0.50876915,-0.5072808,-0.028893637,0.5087693,0.51025736,1.3392779,200403,0,0,7921
-1.4339906,-1.660012,-0.7383885,1.1421647,1.5611359,4.1639085,200405,0,0,7920
-0.7699453,-1.2413145,-0.09504519,0.7665722,1.2370348,3.3110213,200406,0,0,7919
-11.846225,-12.256998,-9.062129,12.622884,12.212111,15.40698,200407,0,0,7918
-4.01024,-3.9776998,-0.33083415,4.9621735,4.0474405,7.1741524,200409,0,0,7917
-0.23837659,-1.1154554,0,0.28691378,1.1765666,2.4338546,200410,0,0,1169
-0.22130871,-1.1816677,0,0.26410413,1.1706482,2.6958573,200411,0,0,1186
-0.47489983,-0.5375412,0,0.93930405,0.5410011,3.8729122,200412,0,0,7916
-1.1289304,-5.505831,-0.054190416,1.7728636,5.962482,11.217969,200416,0,0,7915
-1.0905938,-1.0679843,-0.063450955,1.5377669,1.3226053,2.4472826,200417,0,0,7914
-1.256036,-1.2685676,0,1.0345404,1.482112,1.6324826,200418,0,0,7913
-1.4459023,-1.3064708,-0.06996568,1.541453,1.2251023,3.1156328,200419,0,0,1107
-1.9512806,-1.2201202,-0.19749214,1.1755717,3.2539084,2.5733254,200420,0,0,7912
-2.0729744,-1.1882877,-0.19749212,1.0575178,1.967971,2.0096653,200421,0,0,7911
-1.1005437,-0.57567817,-0.08996229,0.8950363,0.62946355,2.1469965,200422,0,0,7910
-1.6497606,-2.675582,-0.37917936,1.7586468,0.73282546,3.0292282,200426,0,0,7909
-1.1054243,-1.1037271,-0.057126958,1.1005193,1.1022165,3.2819338,200427,0,0,7908
-1.6486537,-1.2982837,-0.14066072,1.0471957,1.5116808,2.0610943,200428,0,0,7907
-0.8263072,-0.88814485,-0.013554131,1.0219324,0.94951355,2.0363686,200429,0,0,7906
-0.3377,-1.09933,0.0216544,0.618844,1.07816,2.80986,200431,0,0,7905
-0.3377,-1.06846,0.0216544,0.618844,1.0473,2.80986,200432,0,0,7904
-1.1834501,-1.3389227,-0.006145603,1.384275,1.4507113,2.1868074,200433,0,0,7903
-1.1650816,-2.9876099,-0.16872777,1.1650816,6.4647355,2.784383,200434,0,0,7902
-1.6223444,-3.847218,-1.5921041,1.4609947,3.136161,6.3874855,200436,0,0,7901
-0.4379093,-0.15878053,0,0.50178844,0.16879155,0.44340745,200439,0,0,7900
-0.28945807,-0.31734154,-0.17386475,0.49720585,0.32719532,0.3366615,200440,0,0,7899
-0.7450705,-0.7579453,-0.015944643,0.7368973,0.72402245,1.8755608,200441,0,0,7898
-0.43887082,-0.40577117,-0.019773252,0.43887103,0.6034275,1.2029034,200442,0,0,7897
-0.67622,-0.9770866,-0.06810593,0.6183872,0.9338582,0.284902,200443,0,0,7896
-0.834544,-0.84095263,0,0.8275358,0.84864724,0.0066458858,200444,0,0,7895
-0.84732205,-0.84443724,0,0.8147577,0.84516263,0.0070495415,200445,0,0,7997
-0.8360416,-0.84364665,0,0.8260382,0.8459533,0.0068001524,200446,0,0,7714
-0.8360416,-0.8414153,0,0.8260382,0.8481845,0.0068001524,200447,0,0,7713
-0.83609927,-0.8370246,0,0.82598054,0.85257524,0.0068001524,200448,0,0,7712
-0.742434,-0.8572889,-1.1043805,0.7424339,0.85728896,3.483868,200451,0,0,7711
-1.2367887,-1.3414592,-1.2322034,1.2539403,1.1492697,8.39006,200452,0,0,7710
-1.1194367,-0.0037633893,-0.370077,1.054112,0.18979251,0.4007514,200453,0,0,7709
-0.11866317,1.0015869,5.4860005,0.13376954,4.0555563,6.5255647,200454,0,0,7708
-0.5156541,-1.7819108,-0.004428748,0.6921677,1.7656046,3.4198172,200455,0,0,7707
-0.5873185,-1.8398914,-0.004428758,0.907126,1.8664562,3.4198167,200458,0,0,7706
-0.57876045,-1.8386896,-0.004428826,0.9156844,1.8676586,3.4198172,200460,0,0,7705
-0.5851273,-1.8304647,-0.004428857,0.90931714,1.8758837,3.4198172,200462,0,0,7704
-0.50519824,-1.7838374,-0.004428758,0.6895974,1.8435715,3.4198167,200464,0,0,7703
-0.5827776,-1.8488172,-0.004428758,0.6920624,1.8575304,3.4198167,200466,0,0,7702
-0.5873185,-1.8398914,-0.004428758,0.907126,1.8664562,3.4198167,200468,0,0,7701
-0.5827776,-1.8488172,-0.004428758,0.6920624,1.8575304,3.4198167,200470,0,0,7700
-0.5873185,-1.8398914,-0.004428758,0.907126,1.8664562,3.4198167,200472,0,0,7699
-0.5026281,-1.7819108,-0.004428758,0.69216776,1.8454984,3.4198167,200474,0,0,7698
-0.5827776,-1.8488172,-0.004428758,0.6920624,1.8575304,3.4198167,200476,0,0,7697
-0.50519824,-1.7838374,-0.004428758,0.6895974,1.8435715,3.4198167,200478,0,0,7696
-0.50519824,-1.7838374,-0.004428758,0.6895974,1.8435715,3.4198167,200480,0,0,7695
-0.49642554,-1.7796696,-0.004428758,0.6983703,1.8477393,3.4198167,200482,0,0,7694
-0.5827776,-1.8488172,-0.004428758,0.6920624,1.8575304,3.4198167,200484,0,0,7693
-0.496496,-1.7846216,-0.004428758,0.6982997,1.8427873,3.4198167,200485,0,0,7692
-0.5026281,-1.7819108,-0.004428758,0.69216776,1.8454984,3.4198167,200488,0,0,7691
-0.50519824,-1.7838374,-0.004428758,0.6895974,1.8435715,3.4198167,200490,0,0,7690
-0.5026281,-1.7819108,-0.004428758,0.69216776,1.8454984,3.4198167,200492,0,0,7689
-0.50519824,-1.7838374,-0.004428758,0.6895974,1.8435715,3.4198167,200494,0,0,7688
-0.5787605,-1.8386894,-0.004428758,0.9156843,1.8676584,3.4198167,200496,0,0,7687
-0.5827776,-1.8488172,-0.004428758,0.6920624,1.8575304,3.4198167,200498,0,0,7686
-0.5787605,-1.8386894,-0.004428758,0.9156843,1.8676584,3.4198167,200500,0,0,7685
-0.5912555,-1.8411299,-0.004428758,0.90318936,1.8652177,3.4198167,200502,0,0,7684
-0.5873185,-1.8398914,-0.004428758,0.907126,1.8664562,3.4198167,200504,0,0,7683
-0.5026281,-1.7819108,-0.004428758,0.69216776,1.8454984,3.4198167,200506,0,0,7682
-0.5827776,-1.8488172,-0.004428758,0.6920624,1.8575304,3.4198167,200508,0,0,7681
-0.5827776,-1.8488172,-0.004428758,0.6920624,1.8575304,3.4198167,200510,0,0,7680
-0.50519824,-1.7838374,-0.004428758,0.6895974,1.8435715,3.4198167,200512,0,0,7679
-0.5873185,-1.8398914,-0.004428758,0.907126,1.8664562,3.4198167,200514,0,0,7678
-0.5760301,-1.8520088,-0.004428758,0.6988097,1.8543388,3.4198167,200516,0,0,7677
-0.5827776,-1.8488172,-0.004428758,0.6920624,1.8575304,3.4198167,200518,0,0,7629
-0.5787605,-1.8386894,-0.004428758,0.9156843,1.8676584,3.4198167,200520,0,0,7628
-0.58520603,-1.8532927,-0.004428758,0.68963426,1.8530549,3.4198167,200522,0,0,7627
-0.49396053,-1.7836628,-0.004428758,0.7008355,1.8437462,3.4198167,200524,0,0,7626
-0.496496,-1.7846216,-0.004428758,0.6982997,1.8427873,3.4198167,200526,0,0,7298
1,1,1,-1,-1,-1,200527,0,0,7297
-1.6528543,-2.0145028,-0.10073236,2.0574305,1.2860016,5.5190663,200528,0,0,7296
-3.1566358,-1.1923156,-0.059774783,3.2136629,1.1109314,2.7679658,200529,0,0,7295
-1.8003207,-6.152972,-1.2675692,1.4821692,6.7503095,2.6027713,200532,0,0,7294
-0.05737751,-0.17441142,0,0.05803105,0.1820712,1.8798147,200533,0,0,7293
-0.89937264,-1.3512019,-0.4033633,0.5321557,1.1994753,0.87668353,200534,0,0,7292
-3.1075244,-0.6245977,-0.25759485,2.107432,1.624619,1.7295331,200535,0,0,7291
-1.347328,-0.87926275,0,1.3396021,0.9133214,0.049765278,200536,0,0,7290
-1.3503653,-0.89060825,0,1.3365648,0.90197587,0.042981863,200537,0,0,7289
-1.3446459,-0.8736971,0,1.3422842,0.918887,0.0497657,200538,0,0,7288
-1.4595228,-1.0237077,0,1.4513427,1.0614696,0.08159828,200539,0,0,7287
-0.0136606,-0.326678,0.00430389,0.143088,0.356158,0.903344,200540,0,0,7286
-0.01366059,-0.31799692,0.0043041217,0.14308801,0.32805458,0.90334684,200541,0,0,7285
-3.7682145,-1.4757423,-0.18261994,2.4434342,1.3578148,4.755497,200545,0,0,7284
-0.09837162,-1.0082538,0.009553022,0.09902519,1.0206431,3.0480227,200547,0,0,7283
-0.09837184,-1.072956,0.023825705,0.09902498,1.0843955,3.0300283,200548,0,0,990
-0.09837204,-1.0715985,0.01730036,0.09902477,1.0857533,2.9426937,200549,0,0,7282
-0.10143615,-0.35642418,0,0.10635189,0.44931597,1.9632212,200551,0,0,1173
-0.10143615,-0.35642415,0.054947194,0.10635189,0.44931594,1.9632212,200552,0,0,7281
-0.10143613,-0.35837603,0.09548632,0.10635192,0.3768224,2.5066578,200553,0,0,7280
-0.10143613,-0.358376,0.0954863,0.10635192,0.37682238,2.5066578,200554,0,0,7279
-0.10143614,-0.50155413,0,0.10635191,0.47599396,1.584525,200555,0,0,7278
-6.650767,-5.210239,-0.68891054,5.2024097,6.4757214,17.281336,200557,0,0,7277
-19.245258,-21.56924,-7.646942,20.695694,20.21502,34.137375,200566,0,0,7276
-15.062921,-15.045573,-41.61581,15.036199,15.05355,13.731326,200567,0,0,7275
-5.2042375,-14.978192,-3.020858,5.1769176,15.05355,13.731326,200568,0,0,7274
-4.683989,-11.157688,-0.40537515,2.8349693,11.681641,25.205439,200571,0,0,7273
-2.6375592,-3.7740026,-0.03379259,2.6375592,3.774007,21.101349,200572,0,0,7272
-5.247417,-11.857381,-0.15124777,5.5654626,10.574042,33.308846,200573,0,0,7271
-4.550365,-11.051967,-0.21894613,5.6720905,11.108302,22.707987,200574,0,0,7270
-4.683989,-11.157688,-0.40537515,2.8349693,11.681641,25.205439,200575,0,0,7269
-4.6394477,-8.235487,-0.033792283,3.8074715,8.825047,27.938534,200576,0,0,7268
-5.247417,-8.634033,-0.15124767,5.247418,8.611979,29.69628,200577,0,0,7267
-5.247417,-11.419671,-0.15124688,5.247418,11.419671,33.140903,200578,0,0,7266
-5.247417,-9.874715,-0.15124767,5.672091,9.395093,30.033865,200579,0,0,7265
-4.550365,-9.610406,-0.21894613,5.6720905,9.659393,22.707987,200580,0,0,7264
-4.683989,-11.157688,-0.40537515,2.8349693,11.681641,25.205439,200581,0,0,7263
-4.6394477,-8.235487,-0.033792283,3.8074715,8.825047,22.132399,200582,0,0,7262
-2.6375592,-3.7740026,-0.03379259,2.6375592,3.774007,21.101349,200583,0,0,7261
-2.6375592,-3.7740026,-0.03379259,2.6375597,3.774007,24.225935,200584,0,0,7260
-2.6729245,-9.537801,-0.03379174,2.6729245,9.732001,16.180717,200585,0,0,7259
-0.89434415,-1.899229,-0.057346396,0.74480695,1.7385308,4.2879434,200588,0,0,7258
-0.6900054,-1.7456487,-0.024603466,2.247564,2.114931,4.0264635,200589,0,0,7211
-0.8397806,-1.9747845,-0.041128743,1.9153758,1.7540587,3.6070638,200590,0,0,7210
-1.4090021,-1.6598421,-0.0701224,0.72578424,1.7669258,4.1114173,200591,0,0,7209
-0.45057473,-0.9578543,-0.023121305,0.45521212,0.94648373,3.3361008,200592,0,0,7208
-0.48124993,-0.8192495,0,0.6465019,0.81807166,3.3804312,200593,0,0,7207
-0.45057473,-0.9129847,-0.010980818,0.45521212,0.8786429,3.3482416,200594,0,0,7206
-0.64886457,-0.7898248,0,0.56650805,0.7909236,3.3804312,200595,0,0,7205
-0.12987198,-1.6748828,0.6636494,1.8070062,1.7540587,6.5532746,200596,0,0,7204
-0.72823316,-1.6706997,0.81215256,1.8287351,1.7560681,7.0925903,200597,0,0,7203
-0.3233909,-1.9525748,2.5061793,1.8070062,1.6851848,6.8383427,200598,0,0,7202
-0.12987198,-1.7957933,2.9198964,1.8070062,1.8573632,6.9391136,200599,0,0,7201
-3.5194225,-1.8848332,-0.28384343,2.1903138,1.9957532,1.1002805,200601,0,0,1185
-1.738354,-1.4735581,-0.28384358,1.1116832,1.4702805,1.1002805,200602,0,0,7200
-0.059256714,-0.26772383,0.00357616,0.11180893,0.5749161,2.7648618,200603,0,0,7199
-0.24036509,-0.32382497,-0.19297424,0.13887483,0.53357977,1.2705181,200604,0,0,8358
-0.40039757,-0.4355152,-0.024319248,0.48724058,0.3911929,1.8660542,200605,0,0,8357
-0.42809445,-0.50864553,-0.024319274,0.4198288,0.42268988,1.8660539,200606,0,0,8356
-0.418023,-1.3992983,-0.0016601874,0.36561957,1.398834,3.462639,200608,0,0,8355
-0.5667007,-1.8046587,-0.004124198,0.4556693,1.4135427,1.9667138,200609,0,0,992
-0.7955194,-1.3992983,-0.19438493,1.2006576,1.398834,2.5959258,200610,0,0,8354
-0.2465445,-0.25034964,0.002850912,0.23471567,0.23129177,3.2165263,200611,0,0,8353
-1.6048999,-1.7207253,0,1.7523054,16.448378,11.923602,200613,0,0,8352
-1.0881015,-2.2081554,0,1.8043772,1.3343092,11.923602,200614,0,0,8351
-3.1149871,-2.788856,0,2.4622848,18.155201,24.80809,200615,0,0,8350
-3.0830398,-2.6225905,0,1.9054241,2.121721,24.80809,200616,0,0,8349
-18.959906,-20.858793,-7.4959292,20.423212,20.925472,34.28839,200617,0,0,8348
-9.938248,-9.942479,-0.26101097,9.940765,9.935348,8.683972,200618,0,0,8347
-11.933734,-12.215338,-0.66626275,11.925967,11.626847,52.003193,200619,0,0,1180
-0.6273859,-0.6330841,-0.04270585,0.6447552,0.639057,1.5270483,200621,0,0,8346
-5.199659,-3.3401115,-0.6982237,6.2542353,3.3319404,11.132726,200623,0,0,8345
-1.8645464,-0.60580915,-0.8223049,2.1388805,0.6142473,2.463402,200625,0,0,1436
-0.8183805,-1.3841298,-0.39453626,1.4984808,1.3819134,3.7944179,200629,0,0,1578
-0.18151876,-1.1750828,0,0.5836652,1.1750828,2.6928031,200633,0,0,8344
-0.18151876,-0.9882926,-0.037142973,0.58366513,0.9882926,2.8685896,200634,0,0,8343
-0.11108854,-1.338745,-0.53400856,0.57042474,1.3387449,3.419469,200635,0,0,8342
-0.7791864,-0.7897447,-0.08821628,0.72856265,0.79407436,1.0310576,200638,0,0,8341
-0.765514,-1.65267,-0.301772,0.0522625,1.62819,4.43292,200640,0,0,8340
-1.1124723,-3.0858033,-0.10467307,0.83236897,3.7498271,0.70785886,200642,0,0,8339
-2.9896793,-4.1327558,0.008052881,1.7791748,4.417948,11.03391,200644,0,0,8338
-3.0163753,-2.8365688,-1.8907689,3.0554464,3.1988664,5.334859,200645,0,0,8337
-3.0163755,-2.8365688,-1.8651471,3.0554461,3.196192,14.445872,200646,0,0,8336
-2.808742,-3.669849,-9.60403,1.9072958,3.6481586,4.7848954,200649,0,0,1421
-1.9196335,-1.9686257,-0.1633968,1.9238744,1.9719111,4.6586604,200650,0,0,8335
-0.99876034,-1.504275,-0.05835365,0.06648848,1.504275,0.49971825,200652,0,0,8334
-1.1078489,-1.5496422,-0.058353636,0.16752322,1.5625769,0.6807732,200653,0,0,8333
-1.128306,-1.2206615,0,1.096025,1.0964973,0.60108185,200655,0,0,8206
-2.0824444,-2.0418434,-3.0810971,2.1368458,0.5085423,0.83037215,200657,0,0,8205
-0.7728491,-1.224065,-0.011870702,0.7728509,1.2193944,3.616787,200659,0,0,8204
-6.1592107,-7.1144834,-0.36005557,6.1592107,7.1144834,48.3054,200660,0,0,8203
-4.3439693,-5.017707,-0.28987136,4.3439693,5.017707,33.99663,200661,0,0,8202
-5.1573997,-5.957289,-0.21377218,5.1573997,5.9572906,31.696651,200662,0,0,1420
-1.937109,-2.2475557,-0.24123304,1.9371088,2.247556,27.979586,200663,0,0,8201
-3.6388423,-3.522405,-0.08732096,8.560622,3.5943408,5.8888087,200664,0,0,8200
-3.920447,-4.436375,-0.25423157,9.103154,4.2653017,5.8850393,200666,0,0,8199
-2.4160056,-1.8257983,0.5186438,2.761563,1.8963609,4.2499795,200668,0,0,8197
-1.397452,-0.6303386,0.0057709054,1.2076236,0.6176551,1.454597,200669,0,0,986
-1.6595953,-2.7404387,0.018840214,3.4403934,2.7784035,1.3647664,200670,0,0,987
-1.0987369,-1.6075569,-0.022590637,1.081402,1.6538749,2.1575482,200671,0,0,8196
-1.2655102,-0.7086776,0.012081874,1.268005,0.7024274,2.5109465,200672,0,0,8195
-0.20874286,-2.4557235,-0.5505379,0.17082046,2.4053876,6.455396,200673,0,0,8194
-0.52144814,-0.5306538,-0.058467645,0.5214486,0.5122432,4.948115,200674,0,0,8193
-4.139432,-0.68737996,1.4674207,3.060776,0.68776923,8.354942,200678,0,0,8192
-4.139432,-0.68737996,1.4674207,3.060776,0.68776923,8.354942,200680,0,0,1409
-4.139432,-0.68737996,1.4674207,3.060776,0.68776923,8.354942,200682,0,0,8191
-4.139432,-0.68737996,1.4674207,3.060776,0.68776923,8.354942,200684,0,0,10546
-4.139432,-0.68737996,1.4674207,3.060776,0.68776923,8.354942,200686,0,0,10545
-4.139432,-0.68737996,1.4674207,3.060776,0.68776923,8.354942,200688,0,0,10544
-4.139432,-0.68737996,1.4674207,3.060776,0.68776923,8.354942,200690,0,0,10543
-4.139432,-0.68737996,1.4674207,3.060776,0.68776923,8.354942,200692,0,0,10542
-4.139432,-0.68737996,1.4674207,3.060776,0.68776923,8.354942,200694,0,0,10541
-4.139432,-0.68737996,1.4674207,3.060776,0.68776923,8.354942,200696,0,0,10540
-4.139432,-0.68737996,1.4674207,3.060776,0.68776923,8.354942,200698,0,0,10539
-4.139432,-0.68737996,1.4674207,3.060776,0.68776923,8.354942,200700,0,0,10538
-4.139432,-0.68737996,1.4674207,3.060776,0.68776923,8.354942,200702,0,0,10537
-4.139432,-0.68737996,1.4674207,3.060776,0.68776923,8.354942,200704,0,0,10536
-4.139432,-0.68737996,1.4674207,3.060776,0.68776923,8.354942,200706,0,0,10535
-4.139432,-0.68737996,1.4674207,3.060776,0.68776923,8.354942,200708,0,0,10534
-4.139432,-0.68737996,1.4674207,3.060776,0.68776923,8.354942,200710,0,0,10533
-4.139432,-0.68737996,1.4674207,3.060776,0.68776923,8.354942,200712,0,0,10532
-4.139432,-0.68737996,1.4674207,3.060776,0.68776923,8.354942,200714,0,0,10531
-4.139432,-0.68737996,1.4674207,3.060776,0.68776923,8.354942,200716,0,0,10530
-4.139432,-0.68737996,1.4674207,3.060776,0.68776923,8.354942,200718,0,0,10529
-4.139432,-0.68737996,1.4674207,3.060776,0.68776923,8.354942,200720,0,0,10528
-4.139432,-0.68737996,1.4674207,3.060776,0.68776923,8.354942,200722,0,0,10527
-4.139432,-0.68737996,1.4674207,3.060776,0.68776923,8.354942,200724,0,0,10526
-4.139432,-0.68737996,1.4674207,3.060776,0.68776923,8.354942,200726,0,0,10525
-4.139432,-0.68737996,1.4674207,3.060776,0.68776923,8.354942,200728,0,0,10400
-4.139432,-0.68737996,1.4674207,3.060776,0.68776923,8.354942,200730,0,0,10399
-4.139432,-0.68737996,1.4674207,3.060776,0.68776923,8.354942,200732,0,0,10398
-4.139432,-0.68737996,1.4674207,3.060776,0.68776923,8.354942,200734,0,0,10397
-4.139432,-0.68737996,1.4674207,3.060776,0.68776923,8.354942,200736,0,0,1408
-4.139432,-0.68737996,1.4674207,3.060776,0.68776923,8.354942,200738,0,0,10396
-4.139432,-0.68737996,1.4674207,3.060776,0.68776923,8.354942,200740,0,0,1407
-4.139432,-0.68737996,1.4674207,3.060776,0.68776923,8.354942,200742,0,0,10395
-4.139432,-0.68737996,1.4674207,3.060776,0.68776923,8.354942,200744,0,0,10394
-4.139432,-0.68737996,1.4674207,3.060776,0.68776923,8.354942,200746,0,0,10393
-4.139432,-0.68737996,1.4674207,3.060776,0.68776923,8.354942,200748,0,0,10392
-4.139432,-0.68737996,1.4674207,3.060776,0.68776923,8.354942,200750,0,0,10391
-4.139432,-0.68737996,1.4674207,3.060776,0.68776923,8.354942,200752,0,0,10390
-2.0437217,-2.111138,-0.13731669,2.5025752,2.1209748,12.271008,200754,0,0,10389
-1.5803837,-2.111316,-0.13731359,2.965913,2.1207972,12.271008,200755,0,0,10388
-1.294126,-3.0499089,-0.1519536,2.463762,1.9175012,4.0934715,200756,0,0,10387
-0.2808658,-0.272492,0,0.27646124,0.28483507,4.0789785,200758,0,0,10386
-0.29199582,-0.2679044,0,0.26533118,5.593596,4.0789785,200761,0,0,10385
-0.8766865,-1.7225598,-0.08956013,1.5650923,1.699845,9.783555,200762,0,0,10384
-1.3935037,-1.6211249,0,1.9392893,1.7649448,4.121699,200767,0,0,9815
-0.9197261,-1.2529012,0,0.46104872,1.2742913,3.3588405,200772,0,0,1419
-0.49144304,-0.7329558,-0.12336567,0.40412924,0.52110237,18.813313,200775,0,0,9814
-0.82003707,-0.91510594,0.10770454,0.9236831,0.3389521,19.241732,200777,0,0,9813
-1.6600149,-1.3351493,-0.6085911,1.6037037,1.0361698,19.385279,200778,0,0,9812
-1.1489238,-1.0442559,-0.11613598,0.8659225,0.7393404,18.774632,200779,0,0,9811
-0.3098125,-0.75049347,0.026766824,0.37073365,0.5408327,19.10572,200780,0,0,1418
-0.43714055,-0.50255144,-9.9513265E-05,0.45650902,0.44861147,1.3674909,200781,0,0,9810
-1.5709763,-2.0968118,0.020628372,2.0405521,2.1322575,4.8400173,200782,0,0,9809
-2.0494971,-2.133973,-1.137373,2.194624,2.1101482,18.808409,200784,0,0,9808
-1.1987916,-1.7015921,0,0.8256143,1.7037914,2.2914395,200786,0,0,9807
-0.92605865,-2.948007,-0.5787625,0.92521286,2.8558762,9.727461,200788,0,0,9806
-0.8792316,-2.809168,-0.81913275,0.84190035,0.23372157,2.502416,200789,0,0,9805
-2.7199636,-3.0378294,-1.4021091,2.805683,2.0335624,84.434456,200790,0,0,9804
-3.0532072,-3.0102494,-1.4021091,3.0193434,2.713137,21.587849,200791,0,0,9803
-7.76718,-7.7511945,-1.3304744,7.763516,7.756559,9.6148405,200793,0,0,9802
-0.9673108,-1.9750478,-1.107708,0.97549945,2.0160377,9.577646,200794,0,0,1411
-1.0241427,-1.0686601,-2.268329,1.0114278,1.0448917,84.434456,200795,0,0,9801
-1.5766287,-2.4580262,-0.034037743,1.3584143,2.254006,14.118778,200797,0,0,9666
-2.590225,-0.24650934,0.10705794,2.1882982,0.2662993,2.628809,200798,0,0,9665
-17.381962,-7.8903155,-55.60125,17.38197,7.8903155,6.1868196,200800,0,0,9664
-2.9369047,-2.736396,-0.0035683846,2.7157936,2.6405833,0.8691055,200801,0,0,9663
-1.1950289,-1.6751261,0.0036532874,1.2437971,2.1485052,0.91984445,200802,0,0,9662
1,1,1,-1,-1,-1,200803,0,0,9661
-14.067498,-29.597317,-8.639485,15.054461,5.9191804,35.90495,200808,0,0,9660
-46.8642,-46.69317,-96.863335,46.63351,46.804543,1.8754574,200809,0,0,9659
-5.448752,-5.487998,-1.2683039,4.2734704,4.2342243,24.996872,200816,0,0,9658
-19.349747,-25.234385,-14.537209,27.320667,26.18276,54.111565,200817,0,0,9657
-1.1379925,-1.137999,-0.044656914,1.1380005,1.1379937,2.20358,200819,0,0,9656
-1.1527388,-0.9372052,-0.04239114,1.1527354,0.93721837,3.3077419,200820,0,0,9655
-1.5371424,-1.616689,-0.26266447,1.6333715,1.177962,2.4320085,200821,0,0,9654
-1.6445931,-1.5116168,-0.37861565,1.5880595,1.3572291,2.4727023,200822,0,0,9653
-0.5647257,-0.54335105,-0.19257171,0.67023575,0.65237063,1.0935444,200823,0,0,9652
-0.8654797,-1.1444019,-0.35063326,0.8745005,0.895637,1.6640954,200824,0,0,9651
-1.2707986,-1.5440637,-0.26266456,1.4500138,0.9680074,3.2981985,200825,0,0,9650
-1.5949926,-2.5644152,-0.19077905,1.267807,-0.04342263,1.8094482,200826,0,0,9649
-1.1250628,-0.9164878,-0.10999415,1.125094,0.94256115,1.2091739,200827,0,0,9648
-1.1413732,-1.2834054,-0.16329065,1.0929306,1.0400578,3.3077419,200828,0,0,9647
-1.0006773,-0.883564,0,1.0400597,1.0572926,0.7954618,200829,0,0,9646
-0.52966154,-0.66138947,-0.012250562,0.6987288,0.6302164,0.89978737,200830,0,0,9645
-1.2093912,-1.2052943,-0.074927755,1.1586691,1.1574713,0.88663477,200833,0,0,9644
-0.8829619,-0.9292277,-0.035289664,0.880275,0.9292488,1.2767711,200834,0,0,9643
-1.029654,-1.6097757,-0.0893116,1.374141,1.4042724,2.6187923,200835,0,0,9642
-1.0006773,-0.883564,0,1.0400597,1.0572926,0.7954618,200836,0,0,9641
-0.52966154,-0.66138947,-0.012250562,0.6987288,0.6302164,0.89978737,200837,0,0,9640
-0.61129785,-0.61915183,0.002479765,0.67779475,0.66998976,1.2916216,200838,0,0,9639
-0.7809711,-0.77087146,0,0.77659965,0.7866993,1.5575708,200839,0,0,9638
-0.9048479,-1.2209837,0,2.0264935,0.7833598,0.5431482,200840,0,0,9637
-0.61129785,-0.605991,0.002386358,0.67779475,0.6831506,1.2915281,200841,0,0,9055
-0.6909985,-1.2849557,-0.19234142,0.76177716,1.2778758,13.890206,200842,0,0,9054
-0.8394743,-1.7077304,-0.15867363,0.67678815,1.750339,17.821445,200843,0,0,9053
-1.7760049,-1.5067978,-0.52142197,1.742494,1.6557397,18.25167,200844,0,0,9052
-2.0727904,-0.98492247,-0.21607228,2.1805768,0.9153993,21.899666,200845,0,0,9051
-1.4416566,-1.1932093,-0.16383815,1.909775,1.6058106,16.024563,200846,0,0,9050
-1.5332465,-1.327067,-0.1930672,2.1868427,1.7798449,17.776058,200847,0,0,9049
-1.5332465,-1.5965933,-0.1930672,2.1868427,1.5103188,17.776058,200848,0,0,9048
-1.3637053,-1.6213512,-0.15799333,1.1598735,1.024611,13.963772,200849,0,0,9047
-4.6329947,-1.6454123,-0.029351536,1.1043669,3.764747,5.24275,200862,0,0,9046
-0.4105383,-0.6661712,0,0.35622913,0.68030316,1.2662312,200877,0,0,8900
-1.5830102,-1.55226,-0.5341833,1.5420097,1.57276,0.75713587,200879,0,0,8898
-2.1238518,-3.5079556,-1.6308765,1.9747307,3.6553414,5.5679426,200881,0,0,8897
-0.42898676,-0.49532595,0.00031171605,0.4289574,0.49534264,0.99323136,200884,0,0,8896
-3.1117036,-3.1117036,-2.762284,3.1117036,3.1117036,3.4611232,200886,0,0,8895
-1.344919,-3.5999477,0.36675376,2.044563,3.5654051,4.7300453,200891,0,0,8891
4.3039756,-4.1447706,10.721179,14.412525,3.3429596,20.160112,200897,0,0,8886
-2.4710948,-2.2834437,-0.10315412,2.4361129,1.9050164,3.9267764,200898,0,0,8885
-4.223764,-4.0853534,-0.2985512,3.8557737,3.994184,8.206675,200899,0,0,8884
-0.30283165,-0.224365,-0.00039330532,0.3010158,0.22332,0.12893926,200900,0,0,8883
-0.30139446,-0.17630742,-0.0014461211,0.3410791,0.19564691,0.19569464,200910,0,0,8875
-0.30139446,-0.17630742,-0.0014461211,0.3410791,0.19564691,0.19569464,200911,0,0,8874
-0.30139446,-0.17630742,-0.0014461211,0.3410791,0.19564691,0.19569464,200912,0,0,8873
-0.30139446,-0.17630742,-0.0014461211,0.3410791,0.19564691,0.19569464,200913,0,0,8872
-0.30139446,-0.17630742,-0.0014461211,0.3410791,0.19564691,0.19569464,200914,0,0,8871
-0.30139446,-0.17630735,-0.0014461211,0.3410791,0.19564691,0.19569452,200916,0,0,8870
-0.30139446,-0.17630735,-0.0014461211,0.3410791,0.19564691,0.19569452,200918,0,0,8869
-0.30139446,-0.17630735,-0.0014461211,0.3410791,0.19564691,0.19569452,200920,0,0,8868
-0.30139446,-0.17630735,-0.0014461211,0.3410791,0.19564691,0.19569452,200922,0,0,8867
-0.30139446,-0.17630735,-0.0014461211,0.3410791,0.19564691,0.19569452,200924,0,0,8866
-1.0165116,-1.2206615,0.013967482,0.99020696,1.0964973,0.8142444,200925,0,0,8865
-0.9925514,-1.1990261,-0.14911596,1.1980189,0.9672166,1.0793331,200927,0,0,8864
-0.9925514,-1.1990261,-0.14911596,1.1980189,0.9672166,1.0793331,200929,0,0,8863
-0.9925514,-1.1990261,-0.14911596,1.1980189,0.9672166,1.0793331,200930,0,0,8862
-0.9925514,-1.1990261,-0.14911596,1.1980189,0.9672166,1.0793331,200932,0,0,8861
-3.0008154,-3.0746777,-0.045326415,3.0180902,2.944228,6.0507517,200934,0,0,8860
-0.0029623907,-0.3393143,-0.3361068,0.3848817,0.33882728,0.34203485,200936,0,0,8859
-1.5337262,-1.5528595,0.39627486,1.5591192,1.7670437,2.7243502,200937,0,0,8858
-1.1280628,-1.1908311,0,1.4566483,1.4597607,3.1442482,200938,0,0,8857
-1.1280628,-2.550021,0,1.4566483,2.7726302,3.5632286,200939,0,0,8856
-1.5070481,-1.5240412,-0.00024142349,1.532441,1.5154479,0.39548647,200940,0,0,8855
-0.09555064,-1.0090688,-0.0025842749,0.5031585,0.97029644,2.7685077,200941,0,0,8854
-1.3092529,-1.0536883,-0.0050384207,1.0981934,1.1685339,2.402408,200943,0,0,8853
-1.3092529,-1.0536883,-0.0050384207,1.0981934,1.1685339,2.402408,200944,0,0,8852
-1.3092529,-1.0536883,-0.0050384207,1.0981934,1.1685339,2.402408,200945,0,0,8851
-0.9333333,-0.9230833,0,0.9333333,0.94358337,1.9452854,200946,0,0,8850
-4.724608,-2.2360842,-0.00801047,5.4779315,2.2338254,4.126441,200947,0,0,8849
-11.68932,-10.076473,-10.294997,11.691025,13.303871,42.06097,200950,0,0,8846
-0.6568356,-0.86397624,-0.0039336416,0.6686213,0.8503398,0.9663264,200952,0,0,8845
-1.572124,-2.3920338,0.01753359,1.5233415,2.4161549,2.3498542,200953,0,0,8844
-0.6682884,-0.32628766,-0.053581703,-0.0958878,0.3262452,1.0009093,200956,0,0,8842
-0.28360492,-0.5739231,-0.054418895,0.36179572,0.57753354,1.4943253,200958,0,0,8841
-0.6254305,-0.6617019,0.00094110786,0.6175396,0.66685975,1.0267937,200960,0,0,8840
-0.49804366,-0.66015047,0.001317817,0.5278088,0.66841096,0.6082485,200961,0,0,8294
-0.80356413,-0.7249397,-0.013083526,0.67884785,0.7491766,1.4575784,200963,0,0,8293
-0.43972692,-0.6467196,-0.042058863,0.83490497,0.7048146,1.421908,200964,0,0,8292
-0.43972698,-0.6467196,-0.042058863,0.8349051,0.7048146,1.421908,200967,0,0,8290
-2.2212806,-2.3044443,-0.9057138,2.1402798,2.057116,3.4558465,200969,0,0,8288
-0.710447,-0.7105307,7.838673E-05,0.70990497,0.713759,0.22827281,200971,0,0,8287
-0.7602556,-0.6845307,0.0003308828,1.0196122,0.8269275,1.7145592,200973,0,0,8286
-0.98864925,-0.6133557,-0.11045231,0.8275556,0.6255445,1.5087701,200974,0,0,8285
-1.0234352,-1.094176,-0.027056992,1.0490907,0.97834986,2.2043362,200976,0,0,8284
-1.1314596,-1.0186869,-0.046339363,1.0632001,1.1759728,2.3321838,200977,0,0,8283
-14.120116,-14.117859,-1.4794209,14.11501,14.117269,4.906905,200979,0,0,8282
-3.6403317,-4.6067805,-0.08039558,4.9206986,4.707766,3.1700432,200980,0,0,8281
-0.9851715,-0.9851715,-0.6587826,0.9851715,0.9851715,1.3115604,200981,0,0,8280
-12.599494,-12.624,-4.2573223,12.466794,12.442288,21.980186,200982,0,0,8279
-12.503353,-12.475033,-4.208029,12.398117,12.426437,21.87281,200983,0,0,8278
-12.504978,-12.696959,-4.2167206,12.557419,12.365438,22.013912,200984,0,0,8277
-12.509522,-12.401481,-4.165022,12.384688,12.49273,21.906143,200985,0,0,8276
-12.511181,-12.600563,-4.221568,12.486208,12.396826,21.94923,200986,0,0,8275
-12.4169,-12.837666,-4.457651,13.075356,12.654591,22.189331,200987,0,0,8274
-17.66663,-17.597635,-9.386368,17.594326,17.66332,26.730505,200988,0,0,8273
-17.627256,-17.620209,-9.3396435,17.563173,17.57022,26.706125,200989,0,0,8272
-17.589346,-17.595545,-9.332954,17.65426,17.648062,26.761694,200990,0,0,8271
-17.866495,-17.60011,-9.330666,17.351358,17.617744,26.741123,200991,0,0,8177
-17.62627,-17.603931,-9.316952,17.589798,17.612137,26.752317,200992,0,0,8176
-17.53563,-17.600605,-9.3270645,17.648373,17.583397,26.713827,200993,0,0,8175
-16.663277,-17.007172,-11.40098,16.637695,16.912876,44.30581,200994,0,0,8174
-0.38596904,-0.49646622,-0.024514062,0.3850549,0.49504095,0.9872051,200995,0,0,8173
-0.38571796,-0.493733,-0.015446578,0.43738803,0.49777433,1.3479692,200996,0,0,8172
-0.40818596,-0.42074373,-0.4055823,0.40293193,0.39037415,0.40553558,200998,0,0,8171
-0.2142632,-0.6653682,-0.25709745,0.4150693,0.18533835,0.5872728,201000,0,0,8170
-4.607569,-4.544269,0.00910102,4.6246886,4.6879888,9.729027,201001,0,0,8169
-16.25307,-16.224447,-4.702141,16.231712,16.260336,43.053978,201004,0,0,8168
-16.25307,-16.224447,-4.702141,16.231712,16.260336,43.053978,201005,0,0,8167
-12.579363,-12.583171,-19.704641,12.579363,12.575555,5.454085,201006,0,0,8166
-5.271754,-5.221664,-1.6627877,5.448198,5.4982877,9.057164,201007,0,0,8165
-0.5,-0.48444593,-0.019767815,0.5,0.42538336,1.4848611,201008,0,0,8164
-1.25424,-1.1974748,-0.900757,1.2730589,1.3298241,1.6265419,201009,0,0,8163
-0.32988748,-0.87762755,-0.9314291,0.42380807,0.45069075,7.140457,201012,0,0,8161
-1.517941,-1.7573407,-0.6577163,1.519599,1.7501082,3.2811065,201014,0,0,8160
-1.517941,-1.7573407,-0.923584,1.519599,1.7501082,3.2811065,201015,0,0,8159
-1.1429428,-1.0431333,-0.004329313,1.0418109,1.1705855,2.8894396,201018,0,0,8158
-1.1528121,-1.4160323,0.0001133897,1.4145244,1.6128975,2.925687,201020,0,0,8157
-0.54780436,-1.0327048,-0.00023624673,0.9268746,0.85070163,1.5031936,201022,0,0,8156
-2.5558903,-2.5040147,0,3.015695,2.8468482,8.5647545,201026,0,0,8154
-2.1908557,-4.1249304,1.4934096,2.276294,5.044437,20.004679,201028,0,0,8153
-0.5369119,-2.7715178,0.008549736,0.53691196,2.6568086,4.4402113,201029,0,0,8152
-2.673906,-1.682699,-0.14964902,3.734109,1.7097626,1.0143903,201030,0,0,8151
-2.673906,-1.682699,-0.14964902,3.734109,1.7097626,1.0143903,201032,0,0,8150
0.4892157,-0.7241381,-0.016335838,0.6316125,0.6761983,2.0555863,201033,0,0,8149
-1.8754431,-1.869473,-3.8276266E-05,1.8654134,1.8713644,2.6865494,201039,0,0,8148
-1.8754431,-1.869473,-3.8276266E-05,1.8654134,1.8713644,2.6865494,201041,0,0,8147
-1.6507528,-1.6454858,1.8206786,1.6328416,1.638079,2.592587,201045,0,0,8146
-0.5518735,-0.81635714,0.31697622,0.55420697,0.8037802,4.973892,201046,0,0,8145
-1.8899609,-2.102166,-0.9444682,1.9768173,1.9786197,3.4422615,201047,0,0,8144
-0.5,-0.4844459,-0.019768441,0.5,0.42538336,0.7065143,201049,0,0,8142
-1.4633894,-1.7779316,-0.6195624,1.4579332,1.7789478,3.5344896,201053,0,0,10333
-1.4563326,-1.7754903,-0.6167115,1.4508762,1.7765067,3.5316384,201054,0,0,10332
-1.4563326,-1.7754903,-0.6167115,1.4508762,1.7765067,3.5316384,201056,0,0,10331
-1.6532173,-1.3326206,-0.015493444,1.0848907,1.3253905,2.5595336,201058,0,0,10330
-0.08086536,-0.28948095,-0.27970752,1.4052778,0.12415632,3.2250133,201060,0,0,10329
-0.25131246,-0.14245935,-0.0011871094,0.58456904,0.15849586,1.1717483,201061,0,0,10328
-9.182664,-8.646544,-8.409103,9.000823,9.5369425,9.774384,201062,0,0,10327
0.0018937157,-2.752372,3.4942906,0.044205416,2.7550728,9.211211,201067,0,0,10323
-0.5955928,-0.6111111,-0.022311658,0.6266294,0.6228869,0.8063519,201070,0,0,10322
-1.0237551,-0.75807244,-0.28900686,1.026245,0.7541078,1.2884346,201072,0,0,10321
-0.619505,-0.4113146,0.0020435809,0.65083045,0.4094887,1.0044359,201073,0,0,10320
-20.051306,-21.479507,-5.317805,19.763683,21.383335,60.97118,201077,0,0,10317
-0.14250085,-0.69406873,-0.007631249,0.13527693,0.6957048,1.3812577,201080,0,0,10315
1,1,1,-1,-1,-1,201085,0,0,10312
-0.70798075,-0.6974429,-0.10430115,0.72686946,0.6765223,1.2375389,201087,0,0,10311
-1.08173,-1.1539465,-0.1511929,1.1529166,1.0807004,2.1201205,201088,0,0,10310
-1.08173,-1.1539464,-0.1511929,1.1529166,1.0807004,2.1776836,201089,0,0,10309
-1.08173,-1.1539464,-0.1511929,1.1529166,1.0807004,2.0596468,201090,0,0,10308
-0.08877984,-0.3301344,0,0.087694205,0.36993843,0.26583275,201092,0,0,10307
-0.16977185,-0.19735834,0,0.17013848,0.19513628,0.41307583,201093,0,0,10306
-0.23967224,-0.08674307,-0.030451851,0.18763965,0.08149035,0.09283545,201094,0,0,10305
-0.16219026,-0.16964158,-0.0015454522,0.16219027,0.16960913,0.33271506,201095,0,0,10304
-3.1679797,-4.2574444,-0.31955826,3.8080497,2.718585,16.562864,201097,0,0,10303
-1.389327E-06,-0.8333333,-0.8333333,0.7443207,0.8333333,0.8333333,201101,0,0,10300
-1.5796337,-1.6806153,0.003200498,1.7759218,1.6749402,0.012115357,201103,0,0,10298
-1.5796337,-1.6806153,0.003200498,1.7759218,1.6749402,0.012115357,201104,0,0,10297
-1.5796338,-1.6806154,0.003200498,1.7759218,1.6749402,0.012115357,201105,0,0,10296
1,1,1,-1,-1,-1,201106,0,0,10295
-10.395157,-10.42681,0.0012918733,10.475292,10.443639,2.005963,201111,0,0,10159
-0.53071415,-0.3803626,0.004418936,0.51791304,0.42016187,0.1359228,201113,0,0,10158
-0.336123,-0.33277777,0.0007211141,0.3352267,0.33857194,0.7572509,201115,0,0,10157
-0.013888889,-0.013888889,0.00013888889,0.013888889,0.013888889,0.027916666,201118,0,0,10155
-0.013888889,-0.013888889,0.00013888889,0.013888889,0.013888889,0.027916666,201119,0,0,10154
-1.3466792,-1.2914444,-0.12061363,1.3573482,1.3424325,2.67951,201124,0,0,10151
-0.3321768,-0.48712817,0.16863774,0.29100809,0.45854875,2.4474578,201125,0,0,10150
-2.4811952,-3.170623,-0.00183208,2.55174,3.3219235,4.444065,201127,0,0,10149
-0.19210717,-0.20100671,-0.04691695,0.20798334,0.1990838,2.1815696,201129,0,0,10148
-0.6746485,-0.672814,-0.035860766,0.67935455,0.7105808,1.8133271,201130,0,0,10147
-0.44184068,-0.4405549,-0.65409875,0.44149265,0.44277844,0.2042713,201132,0,0,10146
-0.93157715,-1.1610715,0.98971546,1.1013628,0.89248085,2.4747097,201133,0,0,10145
-5.6237335,-5.485535,-5.515739,5.5596566,5.485535,5.5342135,201136,0,0,10144
-0.67443246,-0.8942706,-0.2107689,1.4551574,0.7141852,1.1594278,201142,0,0,10139
-0.45303965,-0.5485488,-0.05000729,0.45303965,0.70096344,6.649419,201144,0,0,10137
-1.6071864,-1.692336,-0.005545782,1.6071862,1.7128361,2.3235006,201145,0,0,10136
-2.5268683,-3.4723527,-2.0597823,2.8852267,1.9397423,4.421554,201146,0,0,10135
-0.4419791,-0.4419791,0,0.4419791,0.4419791,0.5652389,201156,0,0,10132
-13.463616,-13.468924,-11.55153,13.472777,13.46747,15.384864,201190,0,0,9579
-3.205704,-2.091911,-0.533023,2.9137406,3.1851275,6.973742,201195,0,0,9578
-2.9380705,-4.0726366,-0.42297253,3.2605681,1.9960622,4.6701417,201196,0,0,9577
-2.617816,-2.888308,-0.4734172,3.0396583,1.8985072,4.4603796,201197,0,0,9576
-3.003464,-2.091911,-0.533023,2.2859242,3.1851275,6.9935513,201198,0,0,9575
-2.7159863,-3.063886,-2.413769,9.162438,2.424474,6.4040623,201201,0,0,9574
-6.7172856,-4.3998094,-0.40197253,6.933476,5.0290933,8.0273695,201202,0,0,9573
-7.189463,-5.434313,-2.0222754,9.105642,5.0290937,9.125013,201203,0,0,9572
-12.646976,-5.3534403,-1.3432926,13.89927,10.121871,20.585419,201204,0,0,9571
-7.89789,-11.408624,-1.4367552,8.883337,8.278669,14.07655,201208,0,0,9570
-7.103865,-8.290502,-0.78020877,6.231185,7.3298283,9.143325,201209,0,0,9569
-11.082649,-15.737678,-2.7154505,10.86636,8.164577,12.576414,201211,1,0,9424
-10.41909,-11.761032,-2.2754326,12.883642,8.832592,11.754359,201212,1,0,9423
-0.352499,-1.6414027,-0.53294575,0.8442603,-0.23871075,1.3048129,201213,1,0,9422
-28.397549,-32.097954,-8.010286,33.883686,31.755568,26.675379,201214,1,0,9421
-2.605456,-4.3309464,-0.30259812,3.1627235,4.69097,6.0743356,201217,1,0,9420
-13.362639,-32.491844,-3.344805,14.669667,31.344492,25.676437,201218,1,0,9419
-26.454144,-26.581354,-3.035897,26.395771,26.037828,81.11452,201221,1,0,9418
-35.981388,-44.53842,-2.7154572,36.23125,44.559982,118.4624,201222,0,0,9417
-39.733814,-46.76008,-4.6008635,42.785927,48.417,125.11855,201223,0,0,9416
-24.436241,-24.25053,-2.7969606,24.567661,24.535597,66.63645,201224,1,0,9415
-25.948399,-23.629381,-1.4261584,21.762403,15.760951,44.79665,201226,1,0,9414
-17.532675,-18.518963,-1.7169912,16.16915,19.132633,37.0082,201228,1,0,9413
-3.0481553,-4.148996,-0.53294575,2.3490536,3.4343364,11.700215,201230,1,0,9412
-3.6293328,-3.8657477,-0.5058335,3.993137,3.8686774,4.579943,201233,0,0,9411
-3.733678,-3.733678,-0.11738433,3.733678,3.733678,11.670317,201235,0,0,9410
-4.120907,-15.128348,-0.6513932,4.284493,14.418555,18.42451,201236,0,0,9409
-2.4416313,-2.4295993,-0.44075766,1.95352,2.6454842,13.732965,201238,0,0,9408
-2.2967665,-2.4826925,-0.44110474,2.2855444,2.5785313,6.835038,201240,0,0,9407
-1.4592407,-2.3168292,-0.3347849,2.1345563,1.64714,5.4375486,201241,0,0,9406
-2.644232,-1.394737,-0.20941515,7.2257648,1.338071,5.506297,201246,0,0,9405
-2.4537442,-2.4933267,-0.20941517,6.07587,6.0418067,7.0737367,201247,0,0,9404
-2.441427,-8.114038,0.07342817,7.0438623,6.672508,3.4910367,201248,0,0,9403
-4.684274,-1.1461145,-0.14945081,4.7396555,1.1059247,3.3899016,201249,0,0,9402
-4.4233036,-1.3947371,-0.20941508,5.4466934,1.3380709,5.506297,201250,0,0,9401
-2.5493271,-1.394737,-0.20941523,2.7502053,1.338071,5.506297,201251,0,0,9400
-1.5353094,-6.6720643,-0.42059046,1.720965,6.8407245,12.818875,201252,0,0,9399
-1.5353094,-6.753527,-0.42059046,1.720965,6.759261,16.152208,201253,0,0,9398
-1.5353094,-5.716966,-0.42059046,1.720965,5.7345505,11.740638,201254,0,0,9397
-1.5353094,-3.2586033,-0.42059046,1.720965,3.2224195,10.357322,201255,0,0,9396
-1.5353094,-6.6720643,-0.42059046,1.720965,6.8407245,12.818875,201256,0,0,9395
-9.878627,-11.41114,-0.55957454,16.689615,19.591066,26.063084,201263,0,0,8801
-9.878627,-11.41114,-0.55957454,16.689615,19.591066,26.063084,201264,0,0,8800
-9.878628,-15.848386,-0.5595766,16.689617,15.153819,26.063084,201265,0,0,8799
-4.906066,-4.9838257,-1.583311,5.005961,5.007709,16.236425,201267,0,0,8798
-7.3324127,-7.4994025,-2.343217,7.535628,7.4879,24.391272,201269,0,0,8797
-1.5242143,-1.7286497,0.7983819,1.3768189,1.0973691,9.872829,201271,0,0,8796
-0.3553756,-0.6853795,-0.065653004,0.2929584,0.6865159,1.700569,201273,0,0,8795
-0.33925903,-0.7041853,-0.065653004,0.30907497,0.6677101,1.9508615,201275,0,0,8794
-0.31890082,-0.6624455,-0.065653004,0.32943314,0.70944995,1.700569,201276,0,0,8793
-0.2906269,-0.64742535,-0.065653004,0.35770705,0.7244701,1.9508615,201277,0,0,8792
-0.9424655,-1.0864241,-0.16580221,0.9589413,1.1091313,1.8604065,201279,0,0,8791
-1.9536419,-2.3566527,-0.5218241,3.3604622,3.422088,2.3406403,201280,0,0,8790
-1.2005932,-1.3131945,-0.020333346,1.2428154,1.3976389,2.0614467,201281,0,0,8789
-3.5600102,-1.8057925,-0.1734156,2.6795142,2.2259228,3.4964354,201284,0,0,8788
-0.98304474,-1.0129048,0.20981452,0.98296154,1.0126774,1.2747262,201285,0,0,8787
-4.0001507,-4.493105,0.20981452,2.3008354,2.0560975,1.537769,201286,0,0,8786
-2.3206503,-3.8862474,-0.21166632,3.3451216,2.016909,4.591472,201288,0,0,8785
-11.910789,-10.845761,-0.6349998,10.4977,13.737214,14.308492,201292,1,0,8784
-8.933689,-12.587199,-0.81590015,10.564207,9.8274555,21.656013,201293,1,0,8640
-4.869405,-12.343638,-0.3802584,-0.43177253,11.645987,5.5431094,201295,0,0,8639
-101.0197,-56.524265,-3.2432215,51.260025,94.1388,191.71384,201299,0,0,8638
-101.0197,-55.1675,-3.243222,51.260025,35.73174,189.8037,201300,0,0,8637
-0.52968144,-0.75949055,-0.31835714,0.55833447,0.3035325,3.4523387,201302,0,0,8636
-0.03520254,-0.30101267,-0.4101549,0.79865575,0.55372596,2.7862163,201303,0,0,8635
-6.1585956,-6.2523584,-0.5618035,6.2496595,6.200475,10.225885,201304,0,0,8634
-2.9527497,-2.8164036,-0.25168458,3.2472503,2.500096,3.8745134,201305,0,0,8633
-2.323814,-1.9430256,-0.40312147,2.0990593,1.8710351,5.6949105,201306,0,0,8632
-2.3142617,-1.14,-1.7365865,3.509914,1.3511112,4.0330343,201307,0,0,8631
-7.467057,-4.8326645,-2.5490704,6.6610956,6.2773795,53.590195,201308,0,0,8630
-8.754452,-6.933507,-1.5733027,7.5071716,5.6112094,21.08255,201309,0,0,8629
-0.38612548,-0.48884365,0.1265089,0.3887761,1.043593,0.38098535,201310,0,0,8628
-0.51121897,-0.7498802,-0.1443646,0.4952451,0.942722,1.3070225,201312,0,0,8627
-0.8784722,-2.1955583,-0.3781146,0.90105426,2.2034428,2.626588,201314,0,0,8626
-0.8784722,-2.1955583,-0.3781146,0.90105426,2.2034428,2.626588,201316,0,0,8625
-0.51121897,-0.7498802,-0.1443646,0.4952451,0.942722,1.3070225,201318,0,0,8624
-0.8784722,-2.1955583,-0.74087733,0.90105426,2.2034428,2.626588,201319,0,0,8623
-1.3531983,-2.1955583,-0.20140815,2.345588,2.2034428,1.6702133,201321,0,0,8622
-0.38612548,-0.48884365,0.1265089,0.3887761,1.043593,0.38098535,201323,0,0,8621
-5.254187,-5.9716597,-0.07376667,6.339335,6.0665,2.7271116,201331,0,0,8620
-37.293327,-43.610645,-4.6008635,39.41928,39.87055,141.90352,201332,1,0,8619
-23.658905,-22.578634,-2.7945156,24.275888,20.97537,98.59735,201333,1,0,8618
-14.263036,-13.829791,-0.6593795,14.159957,14.428319,96.853165,201334,1,0,8617
-4.9409547,-4.721535,-0.46085835,4.456454,4.116572,27.71737,201335,1,0,8616
-37.961178,-25.597057,-4.3162775,17.065058,15.878435,44.483788,201336,1,0,8615
-11.901675,-15.426914,-3.6910765,11.120853,9.192045,34.401215,201337,1,0,8614
-3.0481553,-3.2952578,-0.53294575,2.6472187,2.7500653,11.545103,201338,1,0,8085
-1.9536419,-2.3566527,-0.5218241,3.3604622,3.422088,2.3406403,201351,0,0,8084
-3.5600102,-1.8057925,-0.1734156,2.6795142,2.225923,3.4964356,201352,0,0,8083
-2.32065,-3.88625,-0.211666,3.34511,2.01691,4.59147,201354,0,0,8082
-11.910789,-10.845761,-0.6349998,10.4977,13.737214,14.308492,201355,1,0,8081
-8.933689,-12.587199,-0.81590015,10.564207,9.8274555,21.656013,201356,1,0,8080
-1.20059,-1.31319,-0.0203331,1.24281,1.39763,2.06144,201357,0,0,8079
-1.35181,-1.33563,0,1.09106,1.3955,0.385231,201358,0,0,8078
-3.6442096,-11.794024,-0.8123545,6.970289,10.834462,4.2867,201363,0,0,8077
-1.3421293,-11.794024,-0.7225459,6.9702888,4.3970532,4.26131,201364,0,0,8076
-1.7520977,-4.031931,-0.6700418,3.911649,4.130853,3.6034763,201365,0,0,8075
-3.381673,-6.3050027,-0.7225459,3.6296382,3.6332316,3.9361467,201366,0,0,8074
-1.2161713,-1.2763345,-0.17012277,1.0063754,1.4883009,1.6951625,201367,0,0,10890
-4.4677963,-4.628169,-0.64985037,4.670532,5.302937,9.208846,201370,0,0,10889
-4.1532655,-4.256577,-1.2939378,4.1686387,4.138749,5.25195,201371,0,0,10888
-1.3463436,-1.4976383,-0.32880667,1.538223,0.94135964,1.304653,201372,0,0,10887
-0.8328392,-0.8302478,-0.07549727,0.83045214,0.83304316,2.3677857,201375,0,0,10886
-0.732728,-2.18779,-0.136239,0.798544,0.947878,1.41996,201376,0,0,10885
-1.8132974,-2.023295,-0.1267674,2.074253,1.8642557,4.8993006,201377,0,0,10884
-2.903305,-2.7591484,-0.59549844,2.6682959,3.0894132,6.359385,201380,0,0,10883
-2.3948536,0.7916594,-0.17610987,5.675132,7.4327917,4.8417387,201383,0,0,10882
-1.690463,-3.409429,-0.20429914,3.5685437,2.7828488,4.648585,201384,0,0,10881
-1.7661684,-3.7792075,-0.21142562,2.2610369,4.164559,8.967984,201385,0,0,10880
-2.0555587,-3.132314,-2.8382127,2.6198466,2.4337492,5.530291,201386,0,0,979
-3.5933602,-5.1771946,-0.44058433,3.3269746,3.9901135,7.8422303,201389,0,0,10879
-3.5155349,-3.0000243,-0.26660362,3.5039763,4.295621,4.3573294,201390,0,0,10878
-24.23661,-22.552464,-1.4048342,28.763466,29.309488,38.036488,201394,1,0,10877
-12.526678,-29.664036,-1.4946853,38.413166,17.46947,37.34005,201396,1,0,10876
-40.62047,-34.576633,-0.94995904,45.96197,46.569828,38.394672,201398,1,0,10875
-15.674181,-13.449777,-1.358561,17.439398,14.614504,27.83342,201399,1,0,10874
0,-9.463332,-0.61453277,31.499983,9.786825,19.533834,201400,1,0,10873
-24.23661,-22.552464,-1.4048342,28.763466,29.309488,38.036488,201402,1,0,10872
-41.41451,-33.71478,-0.94995904,47.4137,47.605026,38.94528,201403,1,0,10871
-15.674181,-13.449777,-1.358561,17.439398,14.614504,27.83342,201405,1,0,10870
0.13205089,-9.463332,-0.6145323,32.765213,11.046255,19.827705,201406,1,0,10869
-12.526678,-29.664036,-1.4946853,38.413166,17.46947,41.458767,201407,1,0,10868
-35.421356,-16.445856,-2.3973439,18.099463,19.475945,17.278736,201413,0,0,10867
-7.9152365,-12.194784,-3.2760901,8.663848,9.890307,8.178685,201416,0,0,10866
-5.175566,-5.8385243,-1.6662651,6.5190434,6.8759484,3.9172542,201417,0,0,10865
-4.4389024,-4.1734314,-1.4594493,8.403788,4.9815893,4.2744985,201418,0,0,1179
-152.32559,-35.34029,0,0,74.08925,41.21568,201421,0,0,10265
-0.3253417,-0.3751774,-0.00035170352,0.32474008,0.266921,0.25466445,201422,0,0,10264
-0.6815543,-0.8194316,-0.030311028,0.68155444,0.8194316,2.1095307,201424,0,0,10263
-0.65481603,-0.8194319,-0.015848327,0.65481615,0.8194317,1.1511475,201425,0,0,10262
-1.0908456,-1.7374893,-0.019290345,1.0908456,1.7374895,1.2847905,201426,0,0,10261
-0.5782626,-0.31717092,0.3198562,0.57826287,0.44809622,1.3244054,201429,0,0,10260
-0.5354293,-0.15081431,0.6916347,0.53542745,0.3035457,0.8968093,201430,0,0,10259
-0.49588904,-0.2626159,0.31985638,0.4954772,0.4388135,1.3651614,201431,0,0,10258
-0.4958892,-0.27414277,0.31985587,0.49547714,0.36893877,1.365161,201432,0,0,10257
-0.49588898,-0.27414265,0.31985614,0.49547714,0.36893895,1.3651613,201433,0,0,10256
-0.49588898,-0.27414253,0.31985617,0.49547732,0.36893907,1.3651615,201434,0,0,10255
-0.45783588,-0.5258682,0.06728615,0.50476635,0.48017925,1.3696263,201435,0,0,10254
-4.7424636,-4.7308455,-3.5220702,4.8465133,4.799041,3.6266181,201436,0,0,10253
-7.344508,-6.5067444,-3.77031,7.157283,6.257565,3.658282,201437,0,0,10252
-5.043563,-5.0653696,-4.2491503,5.087328,5.06581,3.2318947,201438,0,0,10251
-3.8748636,-4.002137,-3.262428,3.8188598,4.0012026,3.7620687,201439,0,0,10250
-3.8748636,-4.002137,-3.262428,3.8188598,4.0012026,3.7620687,201440,0,0,7676
-3.8748636,-4.002137,-3.262428,3.8188598,4.0012026,3.7620687,201441,0,0,7675
-0.6975753,-0.6114994,-0.022555798,0.52804005,0.47247866,0.64866745,201445,0,0,7674
-0.92694145,-0.8122939,-0.019367406,0.7468239,0.7316025,0.87251395,201446,0,0,7673
-0.4900623,-0.49816492,0,0.49006224,0.49006224,1.5361356,201447,0,0,7672
-0.6971453,-1.0288764,0,0.71318215,1.0180687,1.4346254,201448,0,0,7671
-0.53983754,-0.540678,0,0.5406748,0.53983396,1.1206722,201449,0,0,7670
-0.7126065,-1.0288765,-0.0009076518,0.7126066,1.0180688,2.0405881,201450,0,0,7669
-0.9001029,-1.14038,-0.03447029,0.67745435,1.2720413,2.615336,201452,0,0,7668
-20.346783,-21.039528,-17.01865,19.179634,18.486889,22.507767,201455,0,0,7667
-3.7070508,-4.3004713,-0.57260776,3.871303,3.2778823,7.005746,201456,0,0,7666
-2.8664694,-6.1620765,-2.4027438,2.6319852,3.913737,17.390123,201457,0,0,7665
-2.8861215,-5.89948,-2.5507884,2.6503837,3.5554848,11.838403,201458,0,0,7664
-1.8381276,-5.015582,-1.983262,2.181789,3.0735312,6.2004433,201459,0,0,7663
-1.4037737,-4.2592816,-1.5328943,1.6997539,1.1473341,2.0572839,201460,0,0,7662
-11.208377,-11.296685,-0.62053967,11.352538,11.26423,21.940376,201461,0,0,7661
-30.488049,-33.094135,-13.52191,42.883137,40.27705,59.849274,201462,0,0,7660
-20.168873,-18.267757,-20.803993,21.24759,23.148705,23.973385,201463,0,0,7659
-12.503229,-11.667997,-11.466895,9.684423,10.519655,52.535023,201464,0,0,7658
-9.916047,-10.08319,-10.757689,12.779418,12.612275,98.11118,201465,0,0,7657
-2.4489152,-7.2208695,10.914,3.9914763,-0.8151097,15.251554,201468,0,0,7656
-0.2327657,-0.18838795,-0.10672339,0.2562419,0.13152279,0.1909773,201469,0,0,7655
-0.27628118,-1.0719926,-0.25968587,0.531989,0.9790411,1.7912699,201472,0,0,7654
-3.93121,-1.35193,-0.19593,3.40973,3.10238,3.83795,201475,0,0,7653
-1.94999,-4.14144,-0.164741,3.79533,5.33055,1.65833,201476,0,0,7652
-9.038226,-4.599189,-6.6529775,6.093962,4.4634967,4.7618318,201486,0,0,7651
-14.011442,-8.611838,-2.0854037,14.877928,8.219857,8.825357,201487,0,0,7650
-15.353024,-8.084714,-2.5310283,16.130924,7.932112,10.836411,201488,0,0,7649
-14.252378,-7.7245646,-2.5310276,14.75558,7.689013,10.836411,201489,0,0,7648
-18.07491,-1.9816649,-3.3097448,7.569752,4.198661,13.954305,201490,0,0,7647
-3.1474452,-1.8226064,-0.4632103,7.0625896,2.08797,5.0423045,201493,0,0,7646
-2.866702,-3.0929825,-0.34638584,2.8667023,2.829859,5.127202,201494,0,0,7645
-3.0198696,-5.084509,-0.3011818,2.8412683,6.6153436,4.012675,201495,0,0,7644
-3.0198696,-3.2224019,-0.3011818,2.8412683,3.2310026,4.012675,201496,0,0,7643
-0.8744688,-0.79390866,-0.5117338,0.86806023,0.82660943,2.4682736,201497,0,0,7642
-1.0813284,-0.9973203,-0.1510469,1.049676,0.980763,1.9558443,201498,0,0,7641
-3.0066438,-0.97480255,-0.08257934,3.600564,0.84513116,2.0136433,201503,0,0,7214
-2.5152717,-1.4194927,-0.05376719,2.25705,1.0582044,1.3011057,201504,0,0,7213
-37.293327,-43.610645,-4.6008635,39.41928,39.87055,155.92978,201511,1,0,7212
-23.658905,-22.578634,-2.7945156,24.275888,20.97537,98.59735,201513,1,0,7359
-14.263036,-13.829791,-0.6593795,14.159957,14.428319,96.853165,201514,1,0,7358
-4.9409547,-4.721535,-0.46085835,4.456454,4.116572,25.53374,201515,1,0,7357
-37.961178,-25.597057,-4.3162775,17.065058,15.878435,45.13965,201516,1,0,7356
-11.901675,-15.426914,-3.6910765,11.120853,9.192045,34.401215,201517,1,0,7355
-3.0481553,-4.148996,-0.53294575,2.3490536,3.4343364,11.700215,201518,1,0,7354
-22.347239,-21.314415,-2.1255195,22.92611,19.82136,98.59735,201519,1,0,7353
-13.634173,-8.046622,-8.039677,7.9350944,7.6443906,14.945072,201524,0,0,7352
-8.186742,-8.046622,-8.039678,13.898637,7.6443906,13.590816,201526,0,0,7351
-13.544517,-9.108781,-0.0035536112,14.928523,9.558948,3.926028,201527,0,0,7350
-8.020951,-8.777721,-0.7410744,7.6216035,2.5278344,7.7184753,201528,1,0,7349
-5.6224766,-5.4428186,-0.23100165,5.7193646,5.9974194,18.695826,201529,0,0,7348
-6.0827255,-7.9794455,-2.1194382,6.3107243,5.8581734,17.483622,201530,0,0,7347
-11.176582,-10.164665,-1.1504589,21.096657,6.306212,13.378287,201531,0,0,7346
-2.74949,-2.03351,-0.118627,3.04736,1.93244,3.18433,201536,0,0,7345
-1.229582,-1.1060386,-0.060197685,3.0456536,0.78264195,2.6133943,201537,0,0,7344
-3.5349822,-2.1872315,-0.93547755,3.6518452,2.304722,3.0280666,201538,0,0,7343
-0.8655722,-1.253388,-0.93547714,4.793783,1.1349343,2.4506419,201539,0,0,7342
-2.0688891,-2.5447388,-0.27654377,1.8408372,1.2031518,5.950984,201541,0,0,7341
-0.8208818,-1.3230463,-0.27654377,0.49841478,0.9892525,5.8945055,201542,0,0,7340
-1.5353094,-7.500292,-0.42059046,1.720965,7.495476,18.096653,201544,0,0,7339
-2.2610397,-5.750288,-0.5382609,2.4836159,6.226303,13.606012,201545,0,0,7338
-0.9975033,-7.500292,0,1.3162733,7.495476,6.0577893,201546,0,0,7337
-2.3142617,-1.14,-1.7365865,3.509914,1.3511112,4.0330343,201548,0,0,7336
-2.9527497,-2.8164036,-0.25168458,3.2472503,2.500096,3.8745134,201551,0,0,7335
-2.323814,-1.9430256,-0.40312147,2.0990593,1.8710351,5.6949105,201552,0,0,7334
-2.4416313,-2.4295995,-0.44075775,1.95352,2.6454842,14.081161,201553,0,0,7333
-2.2967665,-2.4826925,-0.44110474,2.2855444,2.5785313,6.8404145,201554,0,0,7332
-1.8566009,-2.3168292,-0.3347849,2.1345563,1.64714,5.7839756,201555,0,0,7331
-1.4893334,-1.5152695,-0.37402502,1.5817112,1.5136555,3.3872082,201556,0,0,7330
-1.4386187,-1.6544777,-0.53754336,1.168951,1.6919527,2.8076317,201557,0,0,7329
-13.601102,-1.7734835,-0.79095227,4.739657,1.1412915,3.499719,201558,0,0,7328
-2.4537442,-2.4933267,-0.20941517,6.07587,6.449602,7.221575,201559,0,0,7327
-2.441427,-8.280688,-0.8091715,7.0438623,6.672508,3.805526,201560,0,0,7326
-4.684274,-1.1461145,-0.14945081,4.7396555,1.1059247,3.3899016,201561,0,0,7325
-3.0349324,-1.394737,-0.2094152,7.2257648,1.5346804,5.835671,201562,0,0,7324
-2.6780217,-1.394737,-0.20941523,2.7502053,1.338071,5.8781433,201563,0,0,7323
-10.517484,-18.198206,-1.1726863,11.470901,24.661926,12.081112,201568,0,0,7322
-24.715036,-12.525942,-2.423242,27.998316,6.5256267,14.589314,201571,1,0,7321
-10.294319,-8.413383,-1.0178484,24.42405,13.501988,6.061335,201573,0,0,7320
-3.3206792,-9.486507,-1.4613732,8.361651,11.415266,58.509243,201575,0,0,6826
-3.3206792,-9.041192,-1.4613732,8.2323675,8.836346,63.47651,201576,0,0,6825
-2.005086,-1.9322709,-0.7029886,0.36743158,2.3661776,18.861765,201581,0,0,6929
-2.005086,-1.9322709,-0.7029886,0.36743158,2.3661776,18.861765,201582,0,0,6928
-1.925024,-2.2635176,-0.46198654,2.3128417,2.0349307,18.908564,201583,0,0,6927
-1.925024,-2.2635176,-0.46198654,2.3128417,2.0349307,18.908564,201584,0,0,6926
-3.1693728,-12.816305,-0.5214888,4.070128,10.834462,4.2867,201593,0,0,6925
-3.6713731,-5.7900953,-0.5214886,2.4705117,6.3453703,4.2867,201594,0,0,6924
-1.3131853,-3.8494775,-0.4386192,0.9951702,2.8677628,2.301731,201595,0,0,6923
-1.9073524,-1.9797128,-0.3583399,1.5766068,1.7405145,4.2867,201596,0,0,6922
-2.9037082,-4.004292,-0.429814,3.631049,2.0803618,3.4079733,201597,0,0,6921
-3.9492197,-2.7254744,-0.4298137,4.702315,3.568381,3.9210875,201598,0,0,6920
-4.6783595,-23.785204,-0.8569074,3.8721118,22.233456,28.263233,201599,0,0,6919
-3.1551335,-6.850651,-0.70602113,2.6798062,5.4361815,5.029998,201600,0,0,6918
-0.8094473,-4.2296896,-0.09547941,2.139766,3.5416481,0.8587466,201601,0,0,6917
-22.014105,-9.619441,-2.0362828,24.989405,11.313799,13.601768,201602,0,0,6916
-18.41657,-18.358116,-1.0985113,3.8721118,14.505046,28.263233,201603,0,0,6915
-3.5186932,-10.240846,-0.84537613,3.8721118,6.1864758,28.263233,201604,0,0,6914
-3.0824883,-4.9062867,-0.8569074,3.6925845,4.797912,25.57745,201605,0,0,6913
-2.5854902,-3.5245867,-0.85566735,2.6831667,4.753247,16.01656,201606,0,0,6912
-22.984224,-26.550238,-2.8321533,23.001211,26.549168,45.428303,201607,0,0,6911
-3.4631095,-9.658047,-0.44680506,2.9132915,9.621527,13.209149,201610,0,0,6910
-1.9739747,-2.0796163,-0.2020395,1.731876,6.3295517,7.188496,201611,0,0,6909
-2.345618,-8.265248,-0.82679206,6.0931573,15.250119,22.740084,201612,0,0,6908
-2.4796042,-11.891604,-0.4541177,2.2908452,4.586046,27.198479,201613,0,0,6907
-1.0920905,-4.8543386,-0.46611458,0.9914732,4.97692,6.3276916,201614,0,0,6906
-1.0179956,-2.403006,-0.4648471,0.917434,2.6263227,6.3258195,201615,0,0,6905
-1.9790101,-1.6342835,-0.3235232,1.2236253,1.7326304,6.5643497,201616,0,0,6904
-0.33022285,-0.3615106,-0.36845618,0.45636475,0.425077,0.4181314,201617,0,0,6903
-1.4591601,-2.728875,-0.2497798,4.0138006,2.7440856,5.784803,201619,0,0,6901
-110.39409,-110.4914,-11.755204,110.42134,110.32401,94.397316,201624,0,0,6900
-1.7066475,-5.5869417,-0.22729975,2.4253225,5.5869393,23.75057,201626,0,0,6899
-5.445818,-5.3056865,0.5957862,2.8398774,7.7348523,34.70859,201627,0,0,6898
-1.646266,-10.957289,-0.3335907,1.8745062,10.95819,22.866983,201629,0,0,6897
-4.1269555,-4.3096375,0.06305259,0.44154993,4.2931547,22.622904,201631,0,0,6896
-0.31202453,-3.91982,-0.0050016954,0.3425888,3.9283054,11.165646,201634,0,0,6895
-1.21664,-1.3752273,-0.010209249,1.3229749,1.5057006,55.888435,201638,0,0,6894
-0.62670755,-0.6291231,-0.11269051,0.62835383,0.6259383,1.5783536,201641,0,0,6893
-0.78739625,-0.789513,-0.13126022,0.7967921,0.79467535,1.4529281,201642,0,0,6892
-1.1125195,-1.1995643,-0.31460094,1.3190529,1.2320081,2.1169715,201643,0,0,6891
-6.4855947,-6.4092894,-0.14745098,6.4768205,6.436075,0.024307381,201649,0,0,6890
-0.7631176,-0.75384766,-0.71484625,0.78239346,0.74615234,0.78515375,201650,0,0,7996
-0.7527686,-0.7474695,-0.71484625,0.7472314,0.7525305,0.78515375,201651,0,0,7995
-0.73808235,-0.7502179,-0.71484625,0.76191765,0.7497821,0.78515375,201652,0,0,7994
-0.75631744,-0.7612787,-0.71484625,0.74368256,0.7387213,0.78515375,201653,0,0,7993
-1.3499491,-1.3585874,-0.051289067,2.2422268,1.2189747,2.2953403,201658,0,0,7992
-1.0368536,-2.4432964,-0.07434944,4.672289,2.439462,4.594755,201660,0,0,7991
-1.1511613,-1.1103851,0.010947597,1.0694847,1.1367397,2.1205096,201662,0,0,7990
-36.229084,-24.598375,-14.117554,36.44645,24.598354,8.039975,201663,0,0,7989
-1.0601199,-24.598375,-5.8559594,0.96996766,24.598354,8.039975,201664,0,0,7988
-36.229084,-24.598375,-37.012974,36.44645,24.598354,8.039975,201665,0,0,7987
-10.275218,-24.598375,-46.602272,6.371593,24.598354,7.7678223,201666,0,0,7986
-16.276747,-24.598375,-31.621864,19.10508,24.598354,8.039975,201667,0,0,7985
-0.26099983,-1.1132246,-0.9752694,6.232482,1.1139759,5.385554,201670,0,0,7984
-0.43777815,-1.0607859,0.10421135,2.4398286,1.1664147,7.727709,201671,0,0,7983
-0.4247558,-1.9573952,0.079975724,2.3781252,2.0057771,7.3053293,201672,0,0,7982
-14.466846,-3.011921,-3.8071404,14.765827,40.154766,26.751928,201675,0,0,7981
-1.40084,-1.6171004,-0.9612296,1.7055464,1.4892861,2.1816106,201679,0,0,7980
-1.9421017,-1.9055502,-1.9746356,2.217481,2.2540324,3.1232178,201680,0,0,7979
-1.9656357,-2.0739357,-0.038727164,1.928305,1.8200049,3.8552136,201681,0,0,7978
-5.801508,-6.1099267,-1.3913684,6.4658346,6.157416,10.875975,201688,0,0,7977
-4.1307817,-1.2322488,-0.24959432,2.7830315,1.786853,14.307826,201689,0,0,7976
-2.9015858,-2.5061102,-0.27349606,3.1120756,3.297208,28.868595,201691,0,0,7975
-3.0838077,-13.667827,-0.038158946,3.3053184,6.789158,22.061686,201692,0,0,7974
-4.643282,-3.986417,-0.066408895,2.2302935,3.546132,9.605473,201693,0,0,7973
-4.6996026,-6.388767,-0.029368397,5.026957,4.182556,12.269434,201694,0,0,7972
-14.975267,-7.4234185,-0.9507527,12.986565,8.244063,19.24372,201696,0,0,7971
-1.1433518,-0.9630928,-0.1095203,0.9581833,1.0038067,0.6205357,201699,0,0,7970
-0.42890373,-0.45717293,-0.07349528,0.39308318,0.24809827,0.63561994,201700,0,0,7969
-0.75077987,-1.2489604,-0.16737862,0.8235165,0.4590482,0.7150147,201701,0,0,7968
-1.0006566,-0.9958864,0.0008182501,0.7712157,0.99114335,0.74344206,201702,0,0,7967
-1.7372149,-1.3805103,0.0008182355,1.5758187,1.3109555,0.73159987,201703,0,0,7966
-1.2485113,-1.4193597,0.00081825256,1.1988026,1.0882665,0.71369356,201704,0,0,7965
-6.1574583,-6.8292356,-1.30296,6.0610547,6.979906,25.279255,201705,0,0,7964
-5.7168117,-4.834969,-0.54637665,6.5017014,4.9436226,22.869453,201706,0,0,7963
-5.0351634,-6.127105,-0.71911293,4.84968,6.176275,29.699472,201707,0,0,7962
-5.0647206,-6.226742,-0.85009944,4.820123,6.076638,26.57621,201708,0,0,7961
-17.791685,-13.115147,-10.690109,26.63667,16.777693,40.21149,201709,0,0,7960
-17.561514,-5.941561,-12.489118,20.629492,9.822852,36.764732,201710,0,0,7959
-42.326443,-37.8217,-13.486842,29.960989,35.987816,60.38234,201711,0,0,7958
-29.79637,-4.42366,-5.424893,5.0430746,4.421727,9.347356,201712,0,0,7957
-12.875935,-1.7767197,-2.4803174,1.8387629,4.4220114,9.038905,201713,0,0,7956
-7.3211994,-34.237164,-1.7403035,4.138369,-21.028347,5.981266,201714,0,0,7955
-0.8951891,-0.89394313,-0.07472972,1.2063459,1.0119153,0.6799539,201715,0,0,7954
-0.6588894,-0.5136174,-0.045483325,0.44256774,0.6399586,0.687325,201716,0,0,7953
-1.1038296,-1.8451159,-0.18133947,1.6697491,2.1098552,1.1316998,201717,0,0,7952
-1.4133826,-0.873013,0.0065400363,1.415548,1.6929787,1.5236906,201718,0,0,7951
-1.6096382,-1.181634,-0.2014855,1.6996409,1.5153316,0.8722612,201719,0,0,7950
-1.9232973,-1.2440783,-0.2014855,1.7972069,1.5067532,0.8722612,201720,0,0,7949
-15.880288,-13.789044,-1.5345653,13.183182,16.62968,26.438639,201723,0,0,7893
-14.927629,-9.621762,-1.668908,10.185949,15.038768,24.19086,201724,0,0,7892
-6.033667,-5.4142046,-0.15806173,5.5071588,6.196831,12.533678,201725,0,0,7625
-40.09903,-42.679367,-3.8928049,39.07433,41.875458,46.20059,201731,0,0,7624
-69.70855,-71.34407,-8.066115,69.96639,79.44444,213.98207,201732,0,0,7623
-42.561127,-37.283165,-2.3555942,34.478203,39.328476,123.47404,201733,0,0,7622
-88.50918,-87.692314,-3.8645794,75.86491,75.62295,74.177246,201734,0,0,7621
-212.90845,-213.25569,-27.739523,213.61714,213.26993,332.00552,201741,0,0,7620
-0.27693418,-0.2667229,-0.07166772,0.3195533,0.2885504,0.068577275,201743,0,0,7619
-0.7473096,-0.6482357,-0.04205899,0.5624897,0.7032985,1.421908,201745,0,0,7618
-0.90544426,-0.83291656,-0.025645817,0.7663603,0.74600446,1.2116495,201746,0,0,7617
-0.8414793,-0.7684866,-0.21633533,1.250167,0.5934253,1.2657676,201747,0,0,7616
-0.11843848,-0.86156505,-0.08617635,1.8439579,0.74463844,0.34820104,201752,0,0,7615
-0.18865344,-0.76377386,-0.038486585,0.5812295,0.8424295,1.3681061,201753,0,0,7614
-0.5250401,-0.41522133,-0.0377093,0.50917405,0.53442806,0.72904426,201754,0,0,7613
-0.29180452,-0.28791848,-0.04055456,0.62378305,0.41222894,1.2026356,201755,0,0,7612
-0.8928596,-1.1517849,-0.01479232,0.6354977,0.78900117,1.3428319,201756,0,0,7611
-0.5244595,-0.71385604,-0.1147351,0.59010965,0.6965344,1.5961787,201757,0,0,7610
-1.4429935,-0.7344225,-0.05758685,0.45182303,0.6672271,0.99502385,201758,0,0,7609
-10.414572,-3.3612678,-0.31729805,11.674629,6.120353,6.9925623,201761,0,0,7608
-8.238802,-6.0199137,-0.4466841,9.8987875,10.145246,1.6341553,201762,0,0,7607
-0.026125362,-2.4038663,-1.259605,-0.026124652,2.5961337,1.5181729,201764,0,0,7606
-5.0008626,-5.0557113,-5.1335397,5.0333514,4.9785028,4.9006743,201765,0,0,7605
-0.8303045,-0.5656629,-0.11833305,1.0330607,0.35528368,2.6280882,201766,0,0,7604
-1.4844332,-1.4912727,-0.1480214,1.3687927,1.6122086,3.2720206,201768,0,0,7603
-2.330652,-2.3006985,-0.10919746,2.3306522,2.3006985,3.6769688,201769,0,0,7602
-1.68922,-1.6267756,-0.13558313,1.6603839,0.910237,4.7484236,201770,0,0,7601
-0.8303046,-0.5656629,-0.11833305,1.0330607,0.39294806,2.5825794,201771,0,0,7600
-31.851618,-16.35808,-19.040066,20.664463,16.915493,6.364385,201774,0,0,7599
-20.196363,-25.447529,-4.7840743,24.195845,23.510435,14.216305,201775,0,0,7598
-11.516359,-23.794655,-19.335604,28.772268,22.976564,11.970854,201776,0,0,7597
-26.696503,-31.589539,-12.451728,21.264872,32.628445,17.541784,201777,0,0,7596
-30.515415,-47.524506,-41.524117,50.834118,50.931923,25.181448,201778,0,0,7595
-39.706715,-44.54423,-27.363388,44.23969,49.681194,24.94442,201779,0,0,7594
-17.168287,-16.358082,-19.040064,24.17986,16.915495,6.364384,201780,0,0,7593
-24.05527,-13.301745,-14.430692,38.27135,13.531794,2.3393528,201781,0,0,7592
-7.8929715,-6.9618793,-1.6986005,15.650211,6.755352,6.348357,201783,0,0,7591
-20.961336,-4.5179415,-5.668602,12.40906,5.650111,6.470365,201785,0,0,7590
-8.296381,-15.510367,-3.8194842,9.959162,12.196732,32.03615,201786,0,0,7589
-7.4132233,-12.609838,-6.060038,7.5068455,8.597973,41.700375,201788,0,0,7588
-5.775455,-6.060054,-1.4635102,6.007436,5.5987396,18.332031,201789,0,0,7587
-2.6425564,-2.8274825,-0.7536992,2.1714668,2.6688912,6.827025,201790,0,0,7586
-5.775455,-7.465345,-1.7468684,6.007436,4.803309,18.62751,201791,0,0,7585
-2.3245158,-1.5019035,-0.46569476,0.4911657,1.5302241,3.7704647,201792,0,0,7584
-0.024602154,-27.055399,-0.25563622,27.003378,0,0.49494135,201795,0,0,7544
-3.8000174,-0.44658428,-0.43394014,3.2174852,6.8782234,14.428019,201800,0,0,7543
-3.8000162,-1.2184042,-0.93403226,3.2174852,11.461926,11.143318,201801,0,0,7542
-6.8047986,-5.16194,-0.82871056,5.337273,6.716639,19.783224,201802,0,0,7541
-19.532719,-21.74687,-1.8909746,41.639294,32.358494,47.037815,201803,0,0,7540
-30.464735,-17.282822,-8.941785,47.343155,13.38845,16.661533,201804,1,0,7198
-8.355353,-18.259043,-2.5988617,23.032001,21.946129,47.8678,201805,1,0,7197
-3.800019,-0.5502425,-1.5015343,3.329508,6.878224,23.076395,201806,1,0,7196
-10.927781,-29.664036,-1.4946853,38.413166,17.46947,40.87536,201807,1,0,7195
-15.410298,-12.444658,-2.0673444,33.933228,29.990068,27.21071,201808,1,0,7194
-19.532719,-21.74687,-1.8909738,41.639294,32.358494,47.037815,201809,0,0,7193
-2.1854239,-1.9510312,-0.13623677,1.4666022,1.4888992,2.23532,201811,0,0,7192
-2.3427284,-1.6146691,-0.13623677,1.4184171,1.4313889,2.0939424,201812,0,0,7191
-0.92928433,-1.4018112,-0.075107336,1.2627074,1.6741786,3.5496526,201813,0,0,7190
-0.94013447,-1.4546701,-0.075107336,1.1694291,1.5299468,2.8512926,201814,0,0,7189
-2.700131,-5.3979783,-0.13763845,2.156148,5.654708,5.460715,201815,0,0,7188
-2.700131,-5.3979783,-0.13763845,2.156148,5.654708,5.460715,201816,0,0,7187
-0.33615,-3.68631,-0.364906,1.1496,3.61402,7.37073,201817,0,0,7186
-1.05896,-8.495,-0.364906,1.08548,8.11851,8.722,201818,0,0,7185
-1.50884,-1.90951,-0.348767,1.63811,1.37303,11.0589,201819,0,0,7184
-4.51102,-4.26012,-0.7122,4.26628,1.01512,3.49025,201820,0,0,1851
-1.17159,-4.26012,-0.827489,2.4178,1.01512,3.49025,201821,0,0,7183
-0.568525,-4.33518,-0.667392,0.293942,0.825344,3.99971,201822,0,0,7182
-24.667994,-24.391695,-0.74908704,19.360117,26.193184,27.083973,201826,1,0,7181
-17.218117,-18.904696,-0.91538125,17.193628,20.631723,37.56267,201827,1,0,7180
-9.956081,-9.126258,-1.294704,10.756821,16.393366,35.975655,201828,1,0,7179
-12.611372,-17.117817,-1.3196872,14.228102,15.231519,55.22328,201829,1,0,7178
-8.891599,-12.417273,-0.714092,7.888071,12.51506,26.54523,201830,1,0,1850
-4.525213,-4.1368003,-0.4285577,5.485387,7.832003,13.033766,201831,1,0,7177
-7.109511,-5.158511,-1.131776,7.0774083,12.320682,26.20411,201832,1,0,7176
-2.980263,-4.002419,-0.31161284,3.8668675,4.054692,7.2710495,201833,1,0,7175
-0.433961,-2.83353,-0.038905,0.387372,2.68037,0.844467,201837,0,0,7174
-0.38065,-2.83353,-0.038905,0.391008,1.14404,0.844467,201838,0,0,7173
-0.352697,-0.358139,-0.038905,0.385133,0.377817,1.08423,201839,0,0,7172
-0.271606,-1.06815,-0.0364894,0.258584,1.12541,0.966678,201841,0,0,7171
-0.271606,-1.09587,-0.0364894,0.258584,1.08631,0.939964,201842,0,0,7170
-0.273069,-1.09226,-0.0364894,0.258584,1.08992,0.800703,201843,0,0,7169
-0.388417,-0.400894,-0.0350814,0.419931,0.405397,1.09752,201844,0,0,7168
-0.32980087,-1.0719926,-0.22098364,0.5835445,0.9790411,1.3566747,201845,0,0,7167
-2.5342047,-2.6063092,-0.10929434,2.464946,2.4414074,3.0054522,201847,0,0,7166
-4.141578,-3.7977846,-0.331467,2.9084706,3.2212644,15.237493,201849,0,0,7165
-3.0198696,-5.084509,-0.11076502,2.8412683,6.6153436,4.2030916,201851,0,0,7164
-1.9654075,-2.6620698,-0.37715688,2.2319636,2.511329,2.9404025,201852,0,0,7163
-0.4308272,-0.47473156,0.2012906,0.4805755,0.46428946,0.59728575,201853,0,0,7162
-3.1825874,-1.7247053,0.2012906,1.8998786,2.9602387,0.7042044,201854,0,0,7161
-0.4308272,-0.47473156,0.2012906,0.4805755,0.46428946,0.59728575,201856,0,0,7160
-3.1825874,-1.7247053,0.2012906,1.8998786,2.9602387,0.7042044,201857,0,0,1164
-1.12794,-1.9163,-0.115361,1.36921,1.66482,2.7172,201859,0,0,7159
-0.41997448,-1.207156,-0.092451,0.9714279,1.3167483,1.6405752,201860,0,0,7158
-1.1279436,-1.9163055,-0.11536133,1.3692088,1.6648201,2.3280919,201864,0,0,7106
-1.7077389,-1.5987412,-0.13341053,1.6909051,1.7999028,5.8728323,201866,0,0,7105
-0.4676555,-0.45119238,-0.19080363,0.5116844,0.67579234,1.1614565,201870,0,0,7104
-0.4676555,-0.45119238,-0.19080363,0.5121337,0.6760737,1.1617358,201871,0,0,7103
-0.4130012,-0.41436237,-0.042844005,0.36131203,0.43408236,0.86902666,201872,0,0,7102
-0.4130012,-0.41436237,-0.042844005,0.36131203,0.43408236,0.86902666,201873,0,0,7101
-1.167441,-0.47100598,-0.05783758,0.4515667,0.5392225,1.0647862,201874,0,0,7100
-1.167441,-0.47100598,-0.05360934,0.45156676,0.5392225,1.0647862,201875,0,0,7099
-0.81350595,-0.7589044,-0.038535126,0.708083,0.7572738,0.8699997,201876,0,0,7098
-0.81350595,-0.7589044,-0.12141193,0.708083,0.7572738,0.8699997,201877,0,0,7097
-10.244829,-4.9756947,-0.9500667,8.25784,4.217484,10.200584,201881,0,0,7096
-3.0115795,-2.4390244,-0.7905945,13.354307,4.4243646,7.4987073,201882,0,0,8908
-1.9366318,-1.8792835,-0.30970314,3.4233546,1.966668,5.828063,201883,0,0,8907
-25.268448,-4.5051613,-10.590278,22.249441,8.519322,35.084507,201884,0,0,8906
-14.379279,-6.44275,-9.6769,16.580734,5.352368,21.593454,201885,0,0,8905
-25.520994,-30.137808,-3.4938354,30.061214,33.961796,99.851074,201900,1,0,8904
-26.541056,-28.240177,-5.349367,27.489267,32.563107,40.103394,201901,1,0,8903
-119.2489,-129.84955,-8.010286,134.60432,150.15291,240.8254,201902,1,0,8902
-24.328749,-26.636168,-5.349367,23.924538,25.455908,62.861824,201903,1,0,8901
-27.867775,-23.20713,-5.285956,31.32687,30.090292,53.48824,201904,1,0,8743
-25.98966,-31.71183,-4.5503125,31.970636,27.858208,36.89671,201905,1,0,8742
-32.68608,-39.275665,-7.056515,49.949017,45.16642,97.05055,201906,1,0,8741
-30.984118,-32.564735,-2.7154572,33.847095,31.534824,107.372,201908,1,0,8740
-46.28326,-49.65574,-2.2754326,40.705463,48.38859,75.849434,201909,1,0,8739
-26.454144,-26.581354,-3.0358977,26.395771,26.037828,81.11452,201910,1,0,8738
-7.276789,-7.6740265,-0.9802464,5.2246065,6.1050816,14.001406,201912,1,0,8737
-30.984118,-32.564735,-2.7154572,33.847095,31.534828,107.372,201913,1,0,8736
-46.283268,-49.65574,-2.2754326,40.70547,48.388596,75.84943,201914,1,0,8735
-129.44218,-129.84956,-8.010286,134.60432,150.15292,216.82053,201915,1,0,8734
-26.454144,-26.581354,-3.0358968,26.395771,26.037828,81.11452,201916,1,0,8733
-19.965166,-21.327204,-1.0922924,25.16303,26.140417,43.083237,201924,0,0,8732
-15.934943,-23.557037,-1.2791796,19.97363,24.498606,56.023354,201925,0,0,8731
-38.164845,-20.47737,-0.978885,23.302258,17.558067,46.19231,201926,0,0,8730
-9.684327,-10.46955,-17.18917,11.398421,10.613198,4.520262,201928,0,0,8729
-5.9697657,-12.908125,-0.13070256,3.9202232,12.905545,93.53843,201929,0,0,8728
-3.5964632,-2.3183033,-0.24574433,2.5268006,2.7524824,3.2886536,201930,0,0,8727
-2.6190493,-2.757937,-0.25168458,3.5809505,2.5585628,3.8745134,201933,0,0,8726
-1.7624508,-1.6478457,-0.69672877,1.510041,1.7586842,5.267827,201934,0,0,8725
-49.184357,-48.165565,-2.275436,37.804405,49.87877,75.84942,201935,1,0,8724
-130.56256,-129.37335,-13.972656,133.48398,150.62912,233.78317,201936,1,0,8723
-69.70855,-71.34407,-8.066115,69.96639,79.44444,213.98207,201937,1,0,8722
-130.56256,-129.37335,-26.702213,133.48398,150.62912,233.78317,201938,1,0,8721
-42.561123,-37.28316,-2.3555942,34.4782,39.328472,112.59832,201940,1,0,8719
-25.268448,-4.5051613,-10.590278,22.249441,8.519322,35.084507,201942,1,0,8718
-14.379279,-6.44275,-9.6769,16.580734,5.352368,21.593454,201944,1,0,8717
-33.6915,-88.02808,-15.545558,48.83893,8.519322,53.33981,201945,0,0,8716
-39.516693,-59.30028,-15.545558,43.013737,37.24712,53.33981,201946,1,0,8190
-75.337654,-46.302692,-28.401915,107.17241,49.61177,53.752487,201948,1,0,8188
-7.276789,-7.6740265,-0.9802464,5.2246065,6.1050816,14.001406,201949,1,0,8187
-13.71313,-11.10528,-0.7206443,11.020225,6.0767183,12.205525,201968,0,0,8186
-16.391666,-15.463964,-0.51780367,16.858782,5.0343075,30.517328,201972,0,0,8185
-2.0797634,-2.372365,-1.3594016,10.918492,22.218672,27.39694,201973,0,0,8184
-7.5537906,-8.669363,-0.71901083,7.6523023,8.573462,42.25552,201982,0,0,8183
-1.3730671,-7.3943186,-0.024487756,1.5366173,7.380467,10.315263,201985,0,0,8182
-7.145708,-5.508347,-2.3273265,6.049913,5.295302,12.301908,201987,0,0,8181
-4.8923593,-4.9099717,-5.2765408,5.687453,5.806044,4.7720513,201988,0,0,8180
-7.145708,-5.508347,-2.3273265,6.049913,5.295302,12.301908,201989,0,0,8179
-0.96331143,-0.7180541,-0.21168484,0.959045,0.82500434,0.62711674,201990,0,0,8178
-268.88455,-217.05775,-28.439476,220.11963,231.20598,510.23953,201992,1,0,8039
-28.977064,-12.525942,-2.423242,23.736288,6.5256267,14.589314,201998,1,0,8037
-26.9389,-26.6492,-5.27466,26.9654,27.0156,68.7943,201999,1,0,8036
-15.360135,-16.992508,-2.4341671,15.058064,15.886388,31.227255,202000,0,0,8035
-17.350937,-15.698266,-0.6648882,13.658145,14.148416,52.74363,202001,1,0,8034
-4.1574817,-4.695162,-0.2832538,5.6527414,2.90818,12.851114,202002,1,0,8033
-14.263036,-13.829791,-0.6593795,14.159957,14.428319,96.853165,202003,1,0,8032
-0.21743086,-0.15223524,-0.0021280183,0.24355128,0.15223522,0.26155117,202013,0,0,8031
-2.5528958,-4.876324,-0.7349008,6.3891716,6.767688,4.8080087,202016,0,0,8030
-2.4859157,-5.484952,-0.65197796,4.8872104,4.6978498,5.3058953,202017,0,0,8029
-1.4108889,-1.191725,-0.051754165,1.4407389,1.2113,5.6127,202018,0,0,8028
-2.1230307,-3.0351138,-0.051754165,1.4991584,2.7609806,5.7102804,202019,0,0,8027
-2.5342047,-2.6063092,-0.10929434,2.464946,2.4414074,3.0054522,202021,0,0,8026
-4.141578,-3.7977846,-0.331467,2.9084706,3.2212644,15.237493,202022,0,0,8025
-3.0198696,-5.084509,-0.11076502,2.8412683,6.6153436,4.2030916,202023,0,0,10383
-1.96541,-2.66207,-0.377156,2.23196,2.51133,2.9404,202024,0,0,10382
-1.8230798,-3.139632,-4.1882105,3.9174716,6.2272234,2.4505372,202029,0,0,10381
-1.5265623,-1.8899816,-1.1805865,1.5569574,7.466881,5.460982,202030,0,0,10380
-77.76037,-47.916332,-16.191118,10.315503,97.14747,171.14027,202034,0,0,10379
-23.207531,-46.873066,-10.446508,14.264313,57.00611,118.19247,202035,0,0,10378
-10.244829,-4.9756947,-0.9500667,8.25784,4.2174845,10.200584,202038,0,0,1852
-3.011581,-2.4390242,-0.79059464,13.354308,4.424365,7.498709,202039,0,0,10377
-1.9366322,-1.8792835,-0.30970326,3.4233546,1.9666685,5.828064,202040,0,0,10376
-1.1984466,-1.1161568,-0.2430461,1.8554226,1.575616,3.8707488,202041,0,0,10375
-2.168087,-4.5334635,-0.27019414,1.284265,6.401102,3.1195502,202044,1,0,10374
-5.605133,-19.734844,-0.717723,4.114977,14.68719,7.406031,202045,1,0,10373
-41.453056,-18.45834,-3.9682317,41.465046,11.509779,22.792519,202048,1,0,10372
-129.44218,-129.84955,-8.010286,134.60432,150.15291,204.85963,202050,1,0,10371
-35.98139,-44.538425,-2.7154572,36.231255,44.559986,118.4624,202051,1,0,10370
-43.466003,-46.119923,-2.2754326,40.70548,48.3886,75.84942,202052,1,0,10369
-26.454144,-26.581354,-3.035897,26.395771,26.037828,81.11452,202053,1,0,10368
-5.3766046,-6.474421,-0.8393453,3.7884593,4.222419,19.400303,202054,1,0,10367
-2.496626,-3.371897,-0.37541395,2.4418118,1.6700838,10.055486,202055,1,0,10366
-53.912014,-51.305473,-4.5195794,49.550865,53.40877,132.70969,202056,1,0,10365
-127.24236,-21.282766,-28.127901,191.26532,252.06514,247.45274,202057,1,0,10364
-173.36987,-41.573742,-34.3569,151.68501,247.35362,226.72339,202058,1,0,10363
-3.283452,-3.1761663,-0.27698365,2.8544412,3.0541103,4.839743,202059,1,0,10362
-7.276789,-9.286991,-0.9802464,7.0902314,6.215201,14.857103,202060,1,0,10361
-18.99678,-12.253264,-4.759527,10.376281,17.119797,24.613533,202061,0,0,10189
-16.745707,-18.894495,-2.272388,16.186684,22.396852,66.9179,202063,1,0,10188
-24.787506,-25.028475,-9.762493,28.890373,28.649405,66.9179,202064,1,0,10187
-8.417105,-8.219877,-5.1614127,4.296077,4.4933043,7.551769,202071,0,0,10186
-4.9110475,-4.418879,-0.0037980229,4.2825356,4.712581,6.1513987,202074,0,0,10185
-1.1115524,-7.2392445,6.3578285E-05,1.0925598,7.239241,10.922017,202077,0,0,10184
-0.95863914,-0.9274598,-0.019295225,0.88975585,0.9209352,2.3544748,202080,0,0,10183
-0.8686584,-0.87600994,-0.019295225,0.88829637,0.88094485,2.3251002,202081,0,0,10182
-0.9605954,-0.97050995,-0.019295225,0.9456522,0.93573767,2.3940911,202082,0,0,10181
-1.1742566,-1.1747494,-0.019295225,1.2334933,1.2330005,2.6405153,202086,0,0,10180
-1.3946568,-0.5872322,-0.015943648,0.9921244,0.50073206,2.946294,202088,0,0,10179
-34.116592,-29.986582,-3.9418423,32.207146,32.140804,65.81159,202092,0,0,10178
-27.13154,-35.666683,-3.9418454,36.455914,33.858112,71.55479,202093,0,0,10177
-33.338802,-40.072826,-3.5621033,40.848324,34.1143,83.62575,202097,0,0,10176
-32.80381,-38.45037,-16.111233,43.469917,37.823357,60.162495,202098,0,0,9636
-1.1339895,-1.4395108,-0.2329837,1.616863,1.5760825,2.510834,202099,0,0,9635
-1.3692222,-1.4395105,-0.20537896,1.38163,1.5760823,4.0475388,202100,0,0,9634
-1.5557173,-1.4395107,-0.17105144,1.195135,1.5760823,1.1842093,202101,0,0,9633
-12.323702,-6.470036,-0.887251,16.138655,12.724285,27.758652,202104,0,0,9632
-2.791131,-7.8229375,-1.8040047,4.59615,8.383918,7.157309,202106,0,0,9631
-2.791131,-7.8229375,-1.8040047,4.59615,8.383918,7.157309,202107,0,0,9630
-3.1300404,-2.6499472,-0.39691412,2.3344836,2.6483378,9.114728,202109,0,0,9629
-50.408325,-46.730125,-0.7374751,48.373077,44.05616,71.78814,202111,0,0,9628
-47.540607,-45.020073,-0.73747486,48.91698,42.256565,83.176994,202112,0,0,9627
-0.55625314,-0.6417311,-0.21855189,0.4760489,0.6978888,2.055075,202123,0,0,9626
-1.0657681,-0.8600225,-0.1376899,0.5116003,1.0008444,1.1108629,202124,0,0,9625
-0.6223718,-1.586223,-0.18882158,0.7481887,1.6584524,2.2027998,202125,0,0,9624
-2.00389,-1.6778647,-0.19887824,1.1851552,1.7949053,4.3517427,202126,0,0,9470
-2.1890385,-2.4661627,-0.044574812,2.1497927,2.4559612,2.1785433,202127,0,0,9469
-1.1970738,-1.2199894,-1.3040501,0.8468847,1.4324573,5.6482153,202128,0,0,9468
-0.9509553,-0.99587315,-0.09995821,0.64307386,1.0727018,3.3016372,202129,0,0,9467
-0.5599703,-0.60922223,-0.21855189,0.47233167,0.7303977,2.055075,202130,0,0,9466
-0.525461,-0.6016574,-0.003000226,0.59622324,0.7216256,0.88485944,202131,0,0,9465
-1.1970738,-1.2199894,-1.3040501,0.8468847,1.4324573,5.6482153,202132,0,0,9464
-2.0830042,-2.730057,-1.652881,2.2558274,2.1920674,2.8866284,202136,0,0,9463
-1.320047,-1.3713452,-0.4920279,1.2037421,1.6060419,1.7054243,202140,0,0,9462
-0.44053134,-0.61297256,-0.21855189,0.5917707,0.7266473,2.055075,202141,0,0,9461
-3.046449,-2.7300565,-0.044574812,1.292382,2.1920674,2.1785433,202142,0,0,9460
-2.2716901,-1.275264,-0.17056955,1.4061636,1.7530944,4.486586,202143,0,0,9459
-1.9968207,-1.4831114,-0.15741535,0.89295316,1.7689446,3.7735474,202144,0,0,9458
-1.9731776,-1.0741125,-0.023025937,0.76195985,1.3424144,1.1368687,202145,0,0,9457
-0.2945697,-1.3291414,-0.21155782,0.6373823,1.2678269,3.1681814,202146,0,0,9456
-0.9798077,-0.9717547,-1.1791322,1.064151,1.6806921,5.7731333,202147,0,0,9455
-1.0428756,-0.9142828,-0.16997354,0.9168611,1.1349702,4.2917047,202148,0,0,9454
-5.2886786,-5.004905,-4.748847,5.2027116,5.486485,5.837259,202149,0,0,9453
-1.0073237,-0.8127665,-0.7230263,1.1225487,1.262032,8.719379,202150,0,0,9452
-15.035739,-12.479163,-20.108395,14.818273,17.37485,11.756095,202154,0,0,9451
-313.93582,-314.57523,-117.56442,315.66666,315.02725,512.0381,202158,0,0,9450
-0.24649408,-0.2434711,-0.0019304395,0.24878605,0.25180903,0.7039639,202164,0,0,9449
-0.00037653215,-0.17031749,-0.00034586436,-0.0003762641,0.13240197,0.6476873,202165,0,0,9448
0.0006011299,-0.08904024,-0.00035937378,0.00060132454,0.13148767,0.5528338,202166,0,0,9447
0.0011096826,-0.04334517,-6.4838685E-05,0.0011098239,0.055014264,0.5188113,202167,0,0,9446
0.00023950184,-0.062114194,0.00018296127,0.00023966373,0.081588805,0.5478214,202168,0,0,9445
-0.00037653212,-0.1358904,-0.0002702103,-0.00037631477,0.16682906,0.50600576,202169,0,0,9444
-0.1453892,-0.14568146,-0.00011037847,0.14437471,0.14412655,0.72857744,202170,0,0,9443
-11.879468,-12.338383,-0.010767279,13.031296,12.617011,30.388815,202173,0,0,8839
-14.218364,-15.247952,-0.010767354,15.447108,16.855246,33.087265,202174,0,0,8838
-8.225299,-7.8725276,-0.010767301,6.8080378,7.3938327,10.373062,202176,0,0,8837
-8.3518915,-7.123082,-0.24659215,6.9355917,8.836184,15.695741,202177,0,0,8836
-8.351892,-7.5523973,-0.16104929,6.9355917,7.972717,19.25671,202178,0,0,8835
-4.862429,-5.4255376,-3.1137505,3.2681022,4.167291,4.273435,202182,0,0,8834
-3.8464122,-7.19178,-2.8358219,4.1069064,5.9335337,3.9869258,202183,0,0,8833
-0.32011056,-0.59002334,-0.023231357,0.41852236,1.6834944,0.73636895,202186,0,0,8832
-0.6162486,-1.3748838,-0.03693359,0.4884269,1.2506546,0.9601222,202187,0,0,8831
-0.35904962,-0.7127905,0.00064805214,0.43766662,0.9290544,0.8389705,202188,0,0,8830
-0.39488658,-1.3866202,-0.023231387,0.32971278,1.6841567,0.80674297,202189,0,0,8829
-0.6497004,-1.2820641,-0.050840307,0.57329077,1.4941689,1.144323,202190,0,0,8828
-0.7546916,-0.97200763,-0.051806357,0.7507476,1.4016006,0.39278492,202191,0,0,8827
-0.31572232,-1.3516495,-0.023231385,0.49727964,2.1470392,0.63952464,202192,0,0,8826
-4.112231,-5.96295,-0.6544358,4.843446,4.5619645,5.624986,202194,0,0,8825
-3.333575,-3.3702738,-0.6554793,3.6013515,4.469363,4.6348753,202195,0,0,8824
-4.017438,-2.1421335,-0.55502063,4.291963,4.8177047,10.217592,202196,0,0,8689
-4.9958515,-3.7227614,-0.45348772,3.6013515,4.0452514,4.6348753,202197,0,0,8688
-1.5353094,-6.753527,-0.42059046,2.5990303,6.759261,16.152208,202200,0,0,8687
-0.092883684,-1.7723258,0.015531142,0.25418007,1.7723258,7.156032,202201,0,0,8686
0,-4.3221846,-0.037727404,0.49887854,4.3221846,9.108704,202202,0,0,8685
-2.8037238,-3.3423138,-0.16962457,3.173915,2.635325,5.808014,202203,0,0,8684
-2.4336534,-2.6241255,-0.12757057,2.3982205,2.2077484,5.9055386,202204,0,0,8683
-2.552962,-2.7909594,-0.12757057,2.4721525,2.2341552,6.21315,202205,0,0,8682
-0.26182234,-0.82596844,-0.29885817,0.063514106,0.7482002,1.8801886,202208,0,0,8681
-0.4496061,-0.98619705,-0.29885817,0.1418928,1.566499,2.3599038,202209,0,0,8680
-0.2697054,-0.91066384,-0.29885817,0.08643198,0.9855915,2.1539602,202210,0,0,8679
-0.28674117,-1.0126634,-0.29885817,0.09426052,1.0340259,2.4281514,202211,0,0,8678
-5.435198,-5.479426,-1.4137917,0.83699965,0.79277134,4.8584056,202212,0,0,8677
-4.278322,-2.5074325,-0.8673594,3.995907,5.7667966,7.40687,202213,0,0,8676
-4.20458,-4.2511477,-2.876985,4.06136,4.014792,5.3889546,202216,0,0,8675
-3.6504629,-3.9123178,-2.5259202,3.4834197,3.2215648,4.6079626,202217,0,0,8674
-3.9907694,-4.4640226,-3.0872703,4.011716,3.5384626,4.915215,202218,0,0,8673
-1.5236889,-2.692002,-0.45706436,1.269223,2.9444318,6.7563996,202220,0,0,8672
-1.5231738,-3.6205068,-0.45706436,1.3412652,2.976204,6.7563996,202221,0,0,8671
-2.9364965,-3.6196544,-0.56169385,2.1072407,2.976204,8.957119,202222,0,0,8670
-1.1408694,-0.85902476,-0.4570643,0.93972915,1.1033993,6.7563996,202223,0,0,8669
-1.011256,-1.2919133,-1.0983028,1.0609512,1.1824578,3.9810143,202225,0,0,8668
-1.0519099,-1.334808,-0.7742346,0.742607,1.1395631,3.9810143,202229,0,0,8667
-8.513898,-8.462524,-0.010492307,8.475046,8.52773,2.9096236,202231,0,0,8666
-19.334835,-19.227787,-34.31411,19.222069,19.329117,10.723502,202232,0,0,8665
-20.348177,-20.992022,-34.837997,20.209654,19.56581,10.723502,202233,0,0,8664
-1.5448644,-2.695981,0.84875923,1.5383333,2.7456353,10.671627,202234,0,0,8663
-19.29284,-19.145397,-33.429226,19.157852,19.305294,10.723502,202235,0,0,8662
-19.652575,-19.535038,-34.587234,19.521719,19.639256,11.196433,202236,0,0,8661
-0.5871676,-0.66859865,-0.07246242,0.35998473,1.3605648,1.9179624,202238,0,0,8660
-1.6631345,-1.9130627,-0.008595561,1.2776173,2.0699353,1.8965927,202239,0,0,8659
-0.942199,-1.2422901,-0.0007179468,0.67741346,1.2334703,1.7342893,202240,0,0,8658
-0.8451714,-1.1180731,0.0054474035,0.4618994,2.3829894,2.404225,202241,0,0,8657
-0.94316685,-2.424826,-0.1600597,1.471875,2.7836657,2.291002,202242,0,0,8656
-1.227454,-2.483125,-0.050895184,1.4239432,2.2697394,2.9521477,202243,0,0,8655
-1.189922,-2.5627158,-0.11335581,1.22512,2.76683,2.294762,202244,0,0,8654
-23.242937,-33.29961,0.33934495,6.047799,3.531712,159.82948,202246,0,0,8653
-2.8726552,-23.662958,-0.027522365,18.109596,0.013285291,17.751913,202247,0,0,8141
-264.5693,-184.58827,-183.89676,171.91943,251.90047,252.59198,202248,0,0,8140
-497.54282,-327.20752,-505.68924,519.3521,689.6874,511.20566,202249,0,0,8139
-277.00302,-175.05551,-109.85715,245.87424,347.82175,413.0201,202251,0,0,8138
-140.28104,-160.66263,-7.977829,141.32678,120.94518,273.63,202252,0,0,8137
-139.70895,-139.70796,-4.9947968,137.14066,137.14165,271.8548,202253,0,0,8136
-8.287543,-11.291514,-1.1995591,3.756242,11.902171,28.959887,202258,0,0,8135
-7.361567,-11.094218,-1.1995591,3.2200863,11.902171,17.909592,202259,0,0,8134
-1.4477952,-1.6106701,-0.08571349,1.4968933,1.7184912,2.383304,202261,0,0,8133
-1.1691527,-1.1205796,-0.0505387,1.2494764,1.2524453,2.217937,202263,0,0,8132
-129.33421,-129.56395,-8.010286,134.7123,150.43852,214.74977,202271,1,0,8131
-40.992847,-38.41644,-4.44237,53.082558,40.411606,74.55173,202272,1,0,8130
-53.52414,-52.14413,-4.5195794,49.93875,52.570107,132.70969,202273,1,0,8129
-32.31345,-32.107677,-3.5156713,27.283592,36.6307,78.681,202274,1,0,8128
-23.33328,-26.834944,-2.319595,24.252987,28.050379,72.4851,202275,1,0,8127
-17.26882,-17.719114,-1.7212919,17.485725,16.880976,47.522266,202276,1,0,8126
-14.854612,-15.59205,-0.94696575,13.088261,15.625654,28.526999,202277,1,0,8125
-3.241061,-3.2216427,-0.53294575,2.1561482,4.361671,11.700215,202278,1,0,8124
-4.429538,-3.3258653,-0.40035954,4.190048,1.8325492,5.1440372,202292,0,0,10730
-4.729011,-2.593848,-0.54877925,3.9151611,1.996702,4.9656477,202293,0,0,10729
-1.4242798,-2.3423474,-1.7018276,1.1518755,0.87879986,3.2004693,202295,0,0,10728
-0.21482725,-0.15223524,-0.0024305582,0.24615489,0.15223522,0.26124865,202297,0,0,10727
-5.8580728,-23.277403,-2.1244977,7.3994913,22.645273,18.672892,202298,0,0,10726
-2.7959216,-3.6396484,-0.47566897,5.782013,5.5490885,7.120852,202300,0,0,10725
-8.173396,-9.471626,-1.2634135,7.755772,9.775643,12.308306,202301,0,0,10724
-9.731865,-7.8599615,-1.9004263,12.305959,14.144331,27.432327,202302,0,0,10723
-8.188349,-4.604457,-0.29948467,8.446321,3.9681854,9.642828,202303,0,0,10722
0,0,0,0,0,0,202305,0,0,10721
-20.927416,-22.324625,-10.804472,6.1479793,14.988161,22.719778,202306,0,0,10720
-6.8004017,-13.593519,-9.39733,7.9049954,22.42804,13.254924,202307,0,0,10719
-26.538738,-11.643722,-28.737488,42.401936,15.570378,22.802225,202308,0,0,10718
-24.639435,-25.537287,-7.527288,37.59881,13.398853,22.340132,202309,0,0,10717
-33.57872,-15.339635,-9.98981,10.946734,23.043203,21.138548,202310,0,0,10716
-33.544495,-7.63024,-14.665174,10.01279,9.298581,22.391459,202311,0,0,10715
-3.4892533,-3.0085406,-5.301262,3.5988147,4.2222047,10.8877,202312,0,0,10714
-4.8537107,-5.0783334,-2.6523015,4.7605844,4.804233,12.441985,202316,0,0,10713
1,1,1,-1,-1,-1,202317,0,0,10712
-23.857737,-6.878048,-2.2039149,27.998316,11.239064,11.680237,202321,1,0,10711
-8.706297,-9.388593,-0.61362535,7.480776,6.552595,32.98531,202322,1,0,10131
-12.559736,-12.477452,-1.204174,12.416905,12.388191,46.13455,202323,1,0,10130
-4.4230933,-8.028124,-3.720653,6.67008,7.974489,18.32147,202324,0,0,10129
-0.77089316,-4.068817,-1.5417863,0.77089316,3.7852015,8.263051,202325,0,0,10128
-0.5493611,-1.510143,-3.5901947,0.5493611,1.498799,0,202326,0,0,10127
-34.887714,-37.51136,-104.55206,35.85423,33.230583,12.25717,202327,0,0,10126
-35.60103,-34.92177,-103.12198,36.810635,36.715027,12.503382,202328,0,0,10125
1,1,1,-1,-1,-1,202334,0,0,10124
-0.8815841,-3.7479095,-0.11111331,0.8815845,3.5263069,8.727538,202335,0,0,10123
-6.892219,-7.6847787,-1.9472508,8.164362,7.8282495,18.36866,202344,0,0,10121
-3.3719914,-3.1191666,-0.18729113,2.7857983,3.3028564,3.1893241,202348,0,0,10120
-4.510259,-5.935537,-0.0028601077,8.350173,6.8134227,25.922676,202355,0,0,9968
-6.217406,-5.359432,-0.0028601077,6.6344438,5.587959,26.455156,202356,0,0,9967
-5.962511,-6.028527,-3.4347398,5.7819376,5.715922,8.309709,202360,0,0,9966
-78.504524,-79.23325,-64.7631,79.16407,78.43534,92.905495,202362,0,0,9965
-24.704157,-15.733547,-12.266426,24.078745,45.358562,36.516476,202363,0,0,9964
-11.067046,-11.045058,-0.46559688,11.276867,10.49671,1.9919395,202366,0,0,9963
-8.124207,-10.595922,-4.08374,7.627941,5.156226,11.668407,202367,0,0,9962
-75.37477,-64.400566,-20.590866,80.59772,91.57192,135.38162,202368,0,0,9961
-3.599799,-8.653141,-2.4095378,5.754036,7.5882435,6.6312895,202369,0,0,9960
-5.6627316,-7.8179493,-1.7050804,4.2003365,6.8198643,7.0712404,202370,0,0,9959
-6.4683323,-4.664042,-1.6071306,7.5803013,2.991456,6.050684,202371,0,0,9958
-6.064571,-3.7390573,0.9479882,6.6747003,3.389403,8.126214,202372,0,0,9957
-8.622814,-6.8587923,-1.9419215,7.5248175,3.7043,7.8397727,202373,0,0,9956
-2.510439,-1.7670665,-1.2977161,1.3248593,1.9019549,2.2634783,202375,0,0,9955
-55.641,-10.896932,-3.606327,54.324306,10.338162,63.766495,202376,0,0,9954
-71.26651,-37.31487,-5.7592535,62.815742,50.460567,31.646275,202377,0,0,9953
-1.4390227,-0.14882633,-0.434677,1.2077664,0.14882623,1.143602,202380,0,0,9952
-1.7715415,-0.14882635,-0.5347959,1.4840088,0.14882621,1.8648207,202381,0,0,9951
-3.7487574,-0.1488264,-0.5347959,3.616372,0.14882615,2.7405374,202382,0,0,9950
-0.6565693,-0.8757451,-0.06329904,0.5526123,0.8525784,0.6170202,202387,0,0,9949
-3.193382,-4.1365523,-4.88594,4.834472,3.8913014,4.2113132,202389,0,0,9948
-2.7023427,-2.651268,-2.3429832,2.9581196,3.2444148,3.3174791,202390,0,0,9947
-2.283399,-12.487471,-7.4032035,2.6849527,9.407381,31.14358,202393,0,0,9946
-2.146698,-5.419931,-4.7970834,2.5482514,4.0589223,22.51211,202394,0,0,9945
-2.283399,-26.608997,-3.4625282,2.6849527,3.906734,21.512741,202395,0,0,9944
-1.271816,-1.289043,-4.8675537,1.3377793,1.2810007,1.4983919,202396,0,0,9943
-0.34476778,-13.087306,-11.33394,17.419617,14.487388,14.179157,202399,0,0,9394
7.309529,-11.948552,-10.112721,10.824499,12.379521,14.39098,202400,0,0,9393
1,1,1,-1,-1,-1,202401,0,0,9392
-1.5495267,-6.3435483,-0.58867645,1.549552,6.3435497,14.862544,202402,0,0,9391
-22.28452,-30.563063,-13.410379,25.309078,30.419786,34.18322,202403,0,0,9390
-3.4734404,-3.5237875,-2.408072,3.381532,3.523786,1.8379049,202405,0,0,9389
-11.507474,-9.781301,-20.803577,17.709013,10.527472,15.218915,202413,0,0,9388
-1.1462591,-1.3013852,-0.21490487,1.137232,1.1632732,0.7644058,202417,0,0,9387
-1.3259131,-0.5725885,0,1.3259131,0.5725885,0.5084913,202418,0,0,9386
-1.2580372,-0.5410962,0.0072584995,1.258037,0.5410962,0.44392687,202419,0,0,9385
-1.2580372,-0.5410962,0.0029165794,1.258037,0.5410962,0.43958494,202420,0,0,9384
-1.2580372,-0.5410962,0.0026910885,1.258037,0.5410962,0.43935946,202421,0,0,9383
-0.9430489,-0.5410962,0.0026910885,0.943049,0.5410962,0.43935946,202422,0,0,9232
-0.8830771,-0.83473563,-0.5156083,0.73617846,0.7845199,1.4201128,202425,0,0,9231
-1.310787,-2.3548524,0,1.3836278,2.375703,1.494891,202429,0,0,9230
-5.186858,-5.186858,-5.186858,5.186858,5.186858,5.186858,202430,0,0,9229
-0.41273728,-0.718566,-0.016939918,0.5811442,0.80849534,5.5081644,202432,0,0,9228
-0.27976263,-0.75778615,-0.03814232,1.3766761,2.121815,4.495981,202433,0,0,9227
-0.33475205,-1.2004097,0,0.55798036,1.1160648,5.555556,202434,0,0,9226
-0.37019727,-1.210116,-0.016191721,0.6351118,1.1063584,4.4734597,202435,0,0,9225
-20.177408,-18.709938,-1.4840342,20.177368,18.715506,3.4954793,202437,0,0,9224
-9.634768,-18.041836,-9.095391,9.634774,18.041836,6.7789736,202438,0,0,9223
-17.727406,-18.041836,-12.844304,17.825163,18.041838,12.265729,202439,0,0,9222
-7.2168946,-8.333352,-5.6943116,7.2168756,8.33334,8.333332,202440,0,0,9221
-8.333412,-12.629414,-5.6961823,8.33344,16.237871,20.970451,202441,0,0,9220
-6.3529496,-4.6116014,-0.055884045,6.352952,6.392035,42.19173,202442,0,0,9219
-1.5242145,-1.7336725,0.7983825,1.3768185,1.0923463,9.788929,202443,0,0,9218
-1.2665834,-1.7336727,-1.2213383,1.5990179,1.0923463,9.99339,202444,0,0,9217
-1.4409288,-0.71444154,-0.37994128,1.2775376,1.7418972,8.647425,202445,0,0,9216
-0.78877544,-0.26295704,0.7926256,0.6724771,1.1326903,6.0501556,202446,0,0,9215
-1.5242145,-1.7336725,0.7832644,1.3768185,1.0923463,9.495064,202447,0,0,9214
-1.2665834,-1.7336727,-0.78521925,1.5990179,1.0923463,10.065475,202448,0,0,9213
-1.4409288,-0.71444154,-0.17877147,1.2775376,1.7418972,8.512391,202449,0,0,9212
-0.78877544,-0.26295704,0.695043,0.6724771,1.1326903,5.8526707,202450,0,0,9211
-0.5737799,-1.0403692,0.6901751,0.40548846,1.0338246,3.5001566,202451,0,0,9210
-0.91881734,-0.82764834,-0.015339719,0.94875073,0.8193628,0.6924923,202453,0,0,9209
-1.6364796,-1.3032786,-0.10095567,1.5877852,1.5795305,1.8295358,202454,0,0,9208
-1.8548493,-1.6552932,-0.24076663,2.0119214,2.0591106,2.5433736,202455,0,0,9207
-0.48149183,-1.1623877,0.4867782,0.54808146,1.0818629,3.5429034,202456,0,0,9206
-0.8664394,-2.0538256,0.6774358,0.8422757,1.7320576,5.83289,202457,0,0,9205
-3.9680374,-3.9128864,-0.918174,3.8560202,3.9111712,8.846859,202458,0,0,9204
-4.8212934,-4.4790473,-0.66026497,3.387634,3.693925,4.802672,202463,0,0,9203
-8.005659,-10.834516,-1.1482377,8.95446,8.986438,9.852993,202464,0,0,9202
-6.5307775,-9.426286,-1.2345533,9.106978,11.276527,17.332722,202465,0,0,9201
-10.246175,-11.651851,-1.9813963,9.126642,13.230022,16.600107,202466,0,0,9200
-21.380444,-18.96364,-2.7854724,19.035109,18.988482,31.266335,202471,0,0,8613
-20.776424,-23.68155,-2.793668,20.480234,14.003698,30.861603,202472,0,0,8612
-16.112907,-21.342508,-2.6130226,20.840487,20.170916,41.42421,202473,0,0,8611
-24.000734,-30.10233,-3.808549,22.240692,23.449997,36.4037,202474,0,0,8610
-4.418756,-4.3089166,-0.52369434,4.4472184,8.441189,2.1242008,202475,0,0,8609
-4.412641,-3.907141,-0.68122226,3.360709,2.984171,1.7993491,202477,0,0,8608
-5.794656,-5.791086,-1.8067328,7.481358,7.9691415,3.0343118,202478,0,0,8607
-8.915448,-8.680522,-1.9594595,7.1898828,7.4155273,4.4135213,202479,0,0,8606
-2.0840414,-2.730057,-0.32347676,2.2547903,2.1920674,1.8996413,202480,0,0,8605
-1.3671509,-1.1882544,-0.31352982,1.1142609,1.4681215,0.8467421,202481,0,0,8604
-1.8325479,-4.219904,-1.5668722,2.0928588,3.1900945,2.6019583,202482,0,0,8603
-0.75569975,-0.8432088,-0.39733005,0.9383519,1.5327202,2.158919,202483,0,0,8602
-0.84714115,-0.7322629,-0.41250375,0.8469107,0.8369974,3.359006,202484,0,0,8601
-1.6351696,-1.8578513,-0.41250375,1.7258294,1.829909,3.3590066,202485,0,0,8600
-2.2694948,-2.7300565,-0.32347688,2.2778122,2.6294827,6.2918534,202486,0,0,8599
-66.68589,-61.901302,-5.1169224,65.75919,62.21921,141.78728,202487,0,0,8598
-0.5735524,-0.940353,-0.33885184,0.63038635,0.9442534,1.8414603,202490,0,0,8597
-21.101805,-16.262232,-0.80709296,14.458459,18.745235,9.926583,202493,0,0,8596
-22.051939,-17.030792,3.038967,17.520746,16.394148,52.366318,202494,0,0,8595
-22.558863,-20.642214,1.300384,17.532803,24.51788,26.46027,202495,0,0,8594
-0.5410984,-10.862769,-0.5501378,17.317526,1.0463787,12.5043,202496,0,0,8593
-27.97219,-4.7682314,-9.604883,19.41775,7.7754045,12.27741,202498,0,0,8592
-14.399733,-14.671753,-2.8328485,14.399733,14.671753,33.20084,202499,0,0,8591
-14.399733,-14.671753,-2.8328485,14.399733,14.671753,57.440754,202500,0,0,8590
-8.203026,-29.738214,-3.6746013,8.673826,38.27128,22.298859,202501,0,0,8589
-5.9188867,-29.738214,-3.6746013,6.1955905,38.27128,22.298859,202502,0,0,8448
-7.941782,-9.022878,-1.5883403,10.878404,12.902889,5.6782665,202503,0,0,8447
-10.906754,-11.537803,-0.8849975,13.153812,19.02804,6.7893863,202504,0,0,8446
-0.24888505,-4.820496,-0.20221151,0.72516865,4.8578663,8.77022,202508,0,0,8445
-6.378998,-6.51051,-1.2880749,7.774482,6.434597,3.4221745,202509,0,0,8444
-9.791944,-8.24037,-15.91156,8.300755,9.952474,2.7233393,202513,0,0,8443
-4.4926386,-6.6289763,-5.358378,4.249102,6.32854,5.9886317,202515,0,0,8442
-2.5826485,-10.042563,-9.603568,8.943701,9.010781,12.913638,202516,0,0,8441
-8.951994,-13.259816,-14.197094,6.3612757,13.64168,16.64994,202517,0,0,8440
-2.6802444,-3.0931506,-1.7712399,2.6747358,3.090248,8.146247,202519,0,0,8439
-3.2436378,-3.0931506,-1.7712401,5.072043,3.0902483,8.146247,202520,0,0,8438
-2.6802444,-3.0931506,-1.7712399,2.6747358,3.090248,5.517415,202521,0,0,8437
-91.89399,-94.918175,-99.15717,93.3561,89.855194,33.576553,202522,0,0,8436
-1.1961216,-0.4266967,-0.034013174,1.1961216,0.4175986,0.37386492,202525,0,0,8435
-1.1961216,-0.3979213,-0.034014594,1.1961216,0.4284481,0.40137854,202527,0,0,8434
-1.2018639,-0.41277048,-0.044859085,1.2018639,0.43152478,0.39385366,202529,0,0,8433
-2.1464968,-2.0279899,-0.029360738,1.6312901,2.0275414,4.5466013,202533,0,0,8432
-1.1417644,-1.0903755,-0.15153818,1.1520721,1.3319011,2.2086349,202534,0,0,8431
-1.5385226,-1.9835254,-0.1184941,1.7786691,1.4499751,4.196706,202535,0,0,8430
-1.2326467,-1.403633,-0.077893786,1.3804653,1.1286486,2.7317996,202536,0,0,8429
-0.6269547,-0.6294502,-0.0051095583,0.62534034,0.6228448,2.7079668,202539,0,0,8428
-0.55544764,-0.51035357,-0.0051095583,0.32534328,0.50669605,0.6027921,202540,0,0,8427
-1.6468076,-3.3366015,-2.1658518,2.4909587,3.3044899,2.551108,202543,0,0,8426
-78.41232,-89.277534,12.519282,92.004,79.64849,59.60098,202545,0,0,8425
-3.2928267,-3.7082372,-0.14296259,3.292823,3.7082372,0.8908449,202549,0,0,10864
0.06404749,-15.351743,0.098008074,8.687947,0.2971523,7.467392,202550,0,0,10863
-1.2675246,-10.33352,-0.05905719,12.195343,0.69764507,6.596864,202551,0,0,10862
-8.13477,-0.45136976,0.09800798,0.43929666,10.652367,4.929934,202552,0,0,10861
-1.0149405,-1.0988282,-0.19061534,0.91297245,1.127334,11.188694,202553,0,0,10860
-0.93556607,-1.0802985,0,0.93556607,1.0802985,7.911292,202554,0,0,10859
-0.70922726,-2.6687524,-0.12315006,0.6944445,2.0833333,1.8212945,202555,0,0,10858
-3.2766583,-2.6687524,-0.0015670605,4.6833334,5.749737,1.9450079,202556,0,0,10857
-2.336111,-3.8104973,-0.75619155,2.3722224,3.2676973,6.133476,202557,0,0,10856
-5.193827,-5.4611106,-0.7457225,5.193824,5.461112,13.376432,202558,0,0,10855
-10.95961,-9.577274,-0.70389813,11.75481,11.606496,8.740546,202559,0,0,10854
-2.5823667,-8.287314,-0.56056625,17.276695,9.916685,6.1829658,202560,0,0,10853
-2.4068458,-5.9766197,-0.31281817,14.072557,5.9766183,6.335162,202561,0,0,10852
-6.9904222,-2.4855568,-0.5878556,8.463899,14.883798,5.3711524,202562,0,0,10851
-2.5045998,-8.287314,-0.6508781,17.35446,9.916685,7.6021347,202563,0,0,10850
-6.6111116,-16.427816,-0.944294,10.055556,7.7222223,9.164039,202564,0,0,10849
-7.469269,-0.28092593,-0.38226762,9.923015,0.28092593,6.1859727,202565,0,0,10848
-7.469269,-0.28092593,-0.62551475,8.402763,0.28092593,4.5984254,202566,0,0,10847
-7.469269,-0.28092593,-0.40640837,9.458472,0.28092593,6.1618323,202567,0,0,10846
-14.039597,-31.92377,-0.087850854,12.787064,31.97116,66.06161,202568,0,0,10845
-6.2811112,-4.6596704,-37.13775,6.4247904,6.3439665,5.1098666,202569,0,0,10844
-4.5181985,-3.1329408,-21.0357,4.6618752,4.8172374,5.1098666,202570,0,0,10843
-6.2811093,-5.329528,0.17347379,6.424792,5.674109,16.275522,202571,0,0,10842
-29.413645,-11.985874,-0.53199804,16.419641,24.098473,58.56874,202572,0,0,10688
-5.1282864,-31.89685,-0.087851554,5.3538957,31.883728,62.726448,202573,0,0,10687
-4.22692,-14.444997,-0.08739527,4.114748,14.422285,25.312403,202574,0,0,10686
-5.111186,-7.2272406,-0.02746116,5.1341405,7.2065296,11.494831,202575,0,0,10685
-10.558308,-75.839645,0.010556631,10.513867,72.93078,83.34904,202576,0,0,10684
-15.615973,-3.6807818,0.1335829,14.462065,3.689396,25.320612,202577,0,0,10683
-10.558309,-135.33806,0.010558856,10.490042,134.43306,94.584496,202578,0,0,10682
-10.591928,-18.610477,-0.069650084,10.513867,83.61082,95.831924,202579,0,0,10681
-0.9899682,-0.3672258,-0.37974048,0.77090406,0.6157938,0.6291497,202580,0,0,10680
-1.81416,-1.0076349,-0.2401345,1.8141605,1.0076357,1.1671226,202581,0,0,10679
-0.45362982,-0.32469898,-0.40300086,0.38033882,0.5367945,0.40475503,202582,0,0,10678
-1.0434085,-0.20299152,-0.63404703,0.785586,0.20299153,0.7629383,202583,0,0,10677
-0.89575464,-0.71011037,-0.6308419,0.95748734,0.6710614,0.6273583,202584,0,0,10676
-0.9850999,-1.140883,-0.49315268,0.9865411,1.140883,0.41519818,202587,0,0,10675
-1.000657,-1.5045296,-0.07601886,1.0006571,1.5045294,0.8733179,202588,0,0,10674
-0.2812515,-0.50009406,-0.1498138,0.32869557,0.48575974,0.14664216,202589,0,0,10673
-0.27120256,-0.9552359,-0.66145384,0.33072063,0.95523614,0.62911624,202590,0,0,10672
-0.3905736,-0.56919163,-0.33630434,0.4091932,0.492549,0.40535647,202591,0,0,10671
-0.8928717,-1.3996547,-0.11956264,0.8488214,1.1784854,0.16872723,202592,0,0,10670
-46.652134,-20.58599,0.08125573,24.66375,20.592989,26.747889,202593,0,0,10669
-0.9588435,-2.1806424,-1.2603829,1.6157998,2.1969082,1.9319948,202595,0,0,10668
-1.9057881,-1.652674,-0.22679716,1.1048769,1.5796403,0.5909813,202596,0,0,10667
-2.115992,-1.7912451,0.35192752,2.9548955,2.7648544,2.0471401,202598,0,0,10666
-19.55073,-22.516441,-28.282494,19.542055,16.576344,10.810292,202599,0,0,10665
-10.492497,-9.898467,-9.821226,10.491879,11.08591,11.163151,202600,0,0,10664
-13.230474,-13.272832,-15.851939,13.230732,13.188375,10.609267,202601,0,0,10663
0.00911537,-0.3024795,-0.46955273,0.009115566,0.34563538,2.0424492,202602,0,0,10662
-0.5555556,-0.5555564,0.00045364103,0.5555556,0.5555547,1.3633974,202605,0,0,10661
-0.5555556,-0.5555564,0.00045364103,0.5555556,0.5555547,1.3633974,202608,0,0,10658
-4.256558,-5.167077,-5.3839536,4.4158244,5.2330265,6.760047,202611,0,0,10657
-3.9931161,-4.7458673,-5.7475033,4.679264,5.271214,10.951772,202612,0,0,10656
-18.004026,-23.09691,-39.534573,42.20073,25.709751,27.762867,202614,0,0,10655
-3.9467502,-1.796199,-2.1894834,2.9757817,1.6138335,4.0386004,202615,0,0,10654
-9.135991,-1.9269662,-1.0459257,7.8353825,0.75082433,1.4954518,202616,0,0,10653
-16.035145,-14.351337,-0.6593795,15.280416,12.868187,83.500145,202617,1,0,10652
-12.326489,-13.266505,-3.1235683,13.80058,7.0070515,61.51306,202618,1,0,10651
-8.146169,-11.212963,-3.3490517,10.071566,10.88757,37.285553,202619,1,0,10650
-16.035145,-14.351337,-0.6593795,15.280416,12.868188,83.500145,202620,1,0,10649
-20.22613,-21.00299,-1.3928163,21.259354,19.635036,82.57752,202621,1,0,7640
-14.58119,-3.011921,-6.6595693,14.651483,40.154766,23.8995,202622,1,0,7639
-14.629425,-18.678682,-4.398384,14.603251,9.700142,49.103275,202623,1,0,7638
-12.929273,-13.006674,-16.3123,21.762794,51.76196,46.686573,202624,1,0,7637
-14.038564,-14.458912,-1.2638961,15.194112,14.176604,58.082893,202625,1,0,7636
-12.326489,-13.266505,-3.1235683,13.80058,7.0070515,61.51306,202626,1,0,7635
-8.146169,-11.212963,-3.3490517,10.071566,10.88757,37.285553,202627,1,0,7634
-0.9976447,-6.1791906,-0.38181227,0.9641178,5.197127,1.9895581,202633,1,0,7633
-1.7546217,-10.712842,-0.7425009,1.6129885,9.197139,5.2253036,202634,1,0,7632
-6.355872,-17.512886,-0.7425009,5.3496714,13.664351,5.2253036,202635,1,0,7631
-8.550507,-8.220725,-10.737974,5.852279,6.8999047,21.982794,202639,1,0,7630
-2.914419,-2.447345,-4.0042343,2.840959,3.727962,6.2117395,202640,1,0,7583
-3.720261,-2.8427205,-2.563606,2.4843624,3.370039,9.843442,202641,1,0,7582
-8.550507,-8.220725,-3.1304326,5.8522787,6.8999047,21.982794,202642,1,0,7581
-2.914419,-2.447345,-2.777752,2.840959,3.727962,6.2117395,202643,1,0,7580
-3.2756855,-3.350756,-2.814629,2.246592,3.4302096,3.8868532,202644,1,0,7579
-29.034931,-50.199318,-37.7006,27.979279,16.440054,24.307882,202646,0,0,7578
-16.035145,-14.351337,-4.4298725,15.280416,12.868188,83.500145,202649,1,0,7577
-20.22613,-21.00299,-5.2034025,21.259354,19.635036,82.57752,202650,1,0,7576
-14.58119,-3.011921,-6.7190843,14.651483,40.154766,23.8995,202651,1,0,7575
-25.379938,-13.266505,-4.073024,23.929092,10.726302,61.350742,202652,1,0,7574
-0.32509694,-2.5522542,-1.0587896,1.4127815,2.739714,8.761511,202655,0,0,7573
-11.829208,-11.797891,-2.0855534,9.9116955,11.868276,32.606293,202657,0,0,7572
-8.848168,-4.9080024,-2.5791445,6.683672,7.0518484,35.961983,202658,0,0,7571
-4.2786317,-4.0663366,-0.8009203,5.980594,8.293912,43.685368,202659,0,0,7570
-4.1423388,-3.9355423,-0.9835294,3.2944043,5.4273844,22.479933,202660,0,0,7569
-3.3599606,-7.340735,-1.1568838,5.4814053,4.007313,17.764643,202661,0,0,7568
-0.6877836,-0.6751982,-0.08398793,0.68643373,0.63366234,1.2418988,202662,0,0,7567
-9.153754,-8.924216,-0.02964359,8.876146,8.85921,8.137641,202670,0,0,7566
-7.3229394,-4.012519,1.6090153,7.235373,4.022341,9.757039,202672,0,0,7565
-14.556357,-4.032698,1.6090158,14.559008,4.0021615,9.757039,202673,0,0,7564
-14.960704,-15.009733,1.6090161,14.91532,14.866294,9.757042,202674,0,0,7563
-3.217632,-22.918385,7.676566,7.1068773,13.266516,27.056505,202675,0,0,7562
-2.9474826,-3.0862098,1.6119062,3.054596,3.107935,14.720198,202676,0,0,7561
-2.7508109,-1.856896,-0.89564884,1.6610391,2.0488071,3.9036264,202677,0,0,7560
-1.8189144,-1.4499747,-0.7858054,1.0644591,1.6241719,4.7149534,202678,0,0,7559
-1.2939829,-0.9508988,-0.6006408,1.2659082,1.0118129,2.2494724,202679,0,0,7558
-0.8363075,-0.80356854,-0.18450716,0.8591423,0.9578307,1.6242043,202680,0,0,7557
-0.6891815,-0.5323375,-0.25227377,0.71201676,0.6824205,1.9778849,202681,0,0,7556
-0.78121454,-0.79520637,-0.14872535,0.65742797,0.7078809,1.6016392,202682,0,0,7555
-0.8506405,-0.7067847,-0.12203826,0.7887616,0.8850339,1.1446053,202683,0,0,7554
-4.670995,-4.8055735,-0.4815263,4.7753253,4.858538,31.510397,202687,0,0,7553
-1.8725215,-3.6583452,-0.010947105,1.5324087,3.5813801,3.8798485,202690,0,0,7552
-2.3588803,-3.0273254,0.0027552182,1.65759,3.02272,4.598355,202692,0,0,7551
-56.582783,-7.6983457,-11.033654,58.35564,8.167236,11.783811,202693,0,0,7550
-4.8398304,-14.681608,-0.015014648,4.6872044,14.506373,0.77070296,202694,0,0,7549
-7.121749,-0.5553135,-0.21489334,7.059697,0.5682454,0.95121616,202695,0,0,7548
-6.7917976,-0.63163275,-0.24019623,6.816687,0.6279993,1.0013542,202696,0,0,7547
-1.9576566,-0.40863475,-0.023181915,1.9740306,0.4442741,0.7595086,202697,0,0,7546
-3.2460246,-0.4816827,-0.03731537,3.2386963,0.48719302,0.75097513,202698,0,0,7545
-24.830027,-19.012789,-0.090847015,24.91334,18.777437,0.85153896,202699,0,0,7319
-18.507143,-32.26579,-0.2012024,18.592411,32.168816,0.91068906,202700,0,0,7318
-22.9964,-32.685856,-0.44140625,22.81946,33.119926,1.2076254,202701,0,0,7317
-28.842556,-13.022274,-0.2722664,28.984606,13.027201,1.0022674,202702,0,0,7316
-35.649906,-24.984016,-0.6687622,35.825542,25.108622,1.4203234,202703,0,0,7315
-7.5164084,-14.079953,-0.21287918,7.6163797,14.450032,0.9840053,202704,0,0,7314
-14.049487,-28.856428,-0.40912628,13.770974,29.007586,1.1592374,202705,0,0,7313
-30.843374,-16.8123,-0.30732346,31.175436,16.990294,1.073324,202706,0,0,7312
-10.79163,-4.7089095,-0.11702728,11.061773,4.513402,0.87139946,202707,0,0,7311
-0.5732866,-4.7160945,-0.26120996,0.1236865,4.705256,9.642358,202709,0,0,7310
-4.1046624,-2.6822546,-0.35535768,3.442645,2.7327266,1.0577724,202710,0,0,7309
-5.5236907,-4.4807987,-0.5412808,4.6485705,4.39804,1.611199,202711,0,0,7157
-2.4297924,-2.4608722,-0.4895408,2.135896,2.3332927,1.4571873,202712,0,0,7156
-4.0863304,-1.8814915,-0.35535768,3.4609776,1.9168957,1.0577724,202713,0,0,7155
-18.49305,-23.578573,-6.4071426,19.503677,16.98259,109.07662,202716,0,0,7154
-2.05584,-2.592272,-0.43701947,2.0326347,2.1995022,7.071428,202718,0,0,7153
-2.5244653,-2.3086627,-0.5173539,2.654908,2.1998074,10.628286,202719,0,0,7152
-3.1069539,-4.0190187,-0.59426004,3.386615,3.7186012,20.371887,202720,0,0,7151
-7.829956,-8.9908,-1.1510146,8.210048,9.988781,9.037045,202721,0,0,7150
-11.052345,-8.171161,-0.33227682,8.491087,9.639165,14.826695,202722,0,0,7149
-6.3703847,-7.5678973,-0.6666135,9.104329,7.77584,16.602596,202723,0,0,7148
-8.754452,-6.933507,-1.5733027,7.5071716,5.6112094,21.08255,202724,0,0,7147
-12.313065,-11.908765,-0.4147769,12.973813,10.972349,23.720978,202725,0,0,7146
-8.458602,-8.257051,-1.9063532,8.379717,10.266583,32.210194,202726,0,0,7145
-8.597862,-4.7299423,-2.8300421,5.0396833,7.644628,31.15597,202727,0,0,7144
-11.230725,-12.908127,-0.5003203,11.682009,12.637387,35.593994,202728,0,0,7143
-7.467057,-4.8326645,-2.5490704,6.6610956,6.2773795,53.590195,202729,0,0,7142
-3.8127747,-3.2467186,-1.1532282,3.6647465,3.8760316,24.70614,202730,0,0,7141
-5.7633157,-5.834053,-0.5805999,5.519625,5.4536743,23.790735,202731,0,0,7140
-2.2837317,-5.3248935,-3.9730775,7.0026655,5.3114285,4.811157,202733,0,0,7139
-2.283732,-6.4620185,-3.1451802,8.227063,6.390927,6.2714624,202734,0,0,7138
-0.38736716,-0.41625082,-0.096188284,0.3067949,0.43139905,0.5323924,202737,0,0,7137
-0.35233122,-0.9835561,-0.07503,0.2541293,0.25644362,0.53516984,202738,0,0,7136
-4.8795843,-3.2515285,-0.35501048,5.2558107,1.1165572,9.758135,202740,0,0,7135
-0.47749922,-0.48521402,-0.097408526,0.39462253,0.51187825,0.9742219,202742,0,0,7134
-0.4130012,-0.41436237,-0.027635733,0.22704223,0.36506602,0.9532254,202744,0,0,7133
-8.104547,-17.612295,-0.6921839,7.537905,20.40489,27.192999,202747,0,0,7132
-2.6591725,-2.7175636,-1.9334157,2.9936743,2.9352832,3.7194312,202748,0,0,7131
-3.5174763,-3.5760372,-2.7916617,3.8520262,3.7934654,4.577841,202749,0,0,7130
-2.654126,-2.7126226,-1.9284573,2.9887292,2.9302325,3.714398,202750,0,0,7129
-3.5489807,-3.6073337,-2.8231618,3.8833895,3.8250365,4.6092086,202751,0,0,7128
-2.6942315,-2.752601,-1.9685094,3.0287519,2.9703825,3.754474,202752,0,0,7127
-3.5161955,-3.5746548,-2.7904675,3.8508217,3.7923625,4.5765495,202753,0,0,7126
-2.7047346,-2.7631645,-1.9788849,3.0391462,2.9807162,3.7649958,202754,0,0,7125
-3.54795,-3.6062849,-2.8222141,3.8825161,3.8241813,4.608252,202755,0,0,7124
-12.384888,-13.012072,-3.1861458,12.696598,12.069414,21.89534,202759,0,0,7123
-3.5853837,-3.649487,-0.5866075,3.491482,3.866703,7.6260815,202766,0,0,7122
-3.3856585,-3.192984,-0.14396533,3.354668,3.5473423,6.958825,202767,0,0,7121
-11.052345,-8.171161,-0.33227682,8.491087,9.639165,14.826695,202770,0,0,7120
-6.3703847,-7.5678973,-0.6666135,9.104329,7.77584,16.602596,202771,0,0,7119
-8.754452,-6.933507,-1.5733027,7.5071716,5.6112094,21.08255,202772,0,0,7118
-12.313065,-11.908765,-0.4147769,12.973813,10.972349,23.720978,202773,0,0,7117
-8.458602,-8.257051,-1.9063532,8.379717,10.266583,32.210194,202774,0,0,7116
-8.597862,-4.7299423,-2.8300421,5.0396833,7.644628,31.15597,202775,0,0,7115
-10.750057,-12.897619,-0.5003203,11.305088,12.628291,35.461857,202776,0,0,6889
-7.467057,-4.8326645,-2.5490704,6.6610956,6.2773795,53.590195,202777,0,0,6888
-3.8127747,-3.2467186,-1.1532282,3.6647465,3.8760316,24.70614,202778,0,0,6887
-5.7633157,-5.834053,-0.5805999,5.519625,5.4536743,23.790735,202779,0,0,6886
-10.294319,-8.413383,-1.0178484,24.42405,13.501988,6.0047135,202781,0,0,6824
-49.184353,-50.702972,-2.2754376,37.8044,42.703613,78.30063,202782,1,0,6823
-11.818966,-11.113405,-2.2754376,10.041638,9.480212,19.20522,202783,1,0,6822
-11.580393,-10.449483,-2.275436,11.722341,10.144143,19.08514,202784,0,0,6821
-1.2632257,-0.9824205,-0.18387036,1.1929208,0.97437656,0.10104674,202786,0,0,6820
-7.8412995,-8.043072,0,5.6774993,7.694934,4.014848,202787,0,0,6819
-0.25005266,-0.28215995,-0.005354643,0.24904783,0.28222808,0.50992936,202790,0,0,6818
-2.185926,-2.2908418,0.00046738377,2.185926,2.2908418,4.269588,202792,0,0,6817
-0.8882028,-0.848734,0.007735698,0.8354972,0.87496597,0.7559036,202794,0,0,6816
-1.7503153,-1.1328292,0,1.8130099,1.1985166,0.63395697,202795,0,0,6815
-0.7801947,-2.100267,0,0.5513242,2.1356404,0.5101362,202796,0,0,6814
-0.74296856,-3.3314128,0,1.6945751,3.1678476,0.5903347,202797,0,0,6813
-0.9927523,-0.98950565,-0.029030846,0.87369317,1.3566586,1.2057372,202798,0,0,6812
-1.911538,-1.8718373,-0.05765284,1.9483994,1.9104238,0.3387181,202799,0,0,6811
-1.9732594,-1.8805199,-0.05765284,1.8866783,1.901741,0.3387181,202800,0,0,6810
-0.9404309,-0.31653088,-0.064680025,0.40021092,0.317531,1.4688017,202801,0,0,6809
-0.31857738,-0.23447387,-0.04826196,0.23191953,0.23174807,1.0959165,202802,0,0,6808
-1.9435346,-1.8803071,-0.05765284,1.9164028,1.9019538,0.3387181,202803,0,0,6807
-0.4543835,-0.54470515,-0.05765285,0.5483282,0.5646489,0.27166188,202804,0,0,6806
-0.61369723,-0.5848347,-0.06421618,1.0364693,0.6495938,0.44453716,202805,0,0,6805
-1.8573443,-1.8879321,-0.1841965,1.8685316,1.8327681,0.3387181,202806,0,0,6804
-1.2207792,-0.14996906,-0.058955047,1.2317847,0.73219985,3.5937822,202807,0,0,6803
-0.71554124,-0.5013129,0,0.36364356,0.57565576,0.5352159,202814,0,0,6802
-1.6385931,-1.6115999,0.007735691,1.6333216,1.6602055,1.0276403,202815,0,0,6801
0.17337109,-0.44005457,0.31127635,0.7930269,0.73791015,2.2320757,202818,0,0,6800
-0.1589774,-0.278708,0.00033001808,0.15897681,0.27479616,3.3478885,202821,0,0,6799
-0.15897742,-0.278708,0.00021828718,0.15897696,0.27479616,2.2144387,202822,0,0,6798
-0.15897742,-0.278708,0.00013711525,0.15897697,0.27479616,1.3909793,202823,0,0,6797
-63.222847,-83.79735,-112.2964,115.85181,95.27731,81.04224,202824,0,0,6796
-4.3080797,-4.1295443,-3.231709,4.296402,4.4749374,5.3727727,202828,0,0,6795
-105.63533,-67.88051,-3.3754506,64.42107,44.9484,66.53847,202832,0,0,6794
-3.2134633,-1.2901255,-0.6080679,3.2289445,5.323893,14.880513,202834,0,0,6793
-3.219659,-1.2901255,-0.6080679,3.222749,5.323893,8.419354,202835,0,0,6792
-55.0511,-253.78462,-149.88737,334.7089,126.29119,285.36966,202836,0,0,6791
-2.5528958,-4.876324,-0.7349008,6.3891716,5.7906556,4.8080087,202839,0,0,6790
-2.4859157,-5.6389604,-0.65197796,4.8872104,4.6978498,5.3058953,202840,0,0,6789
-1.4108924,-1.1917305,-0.05175421,1.4407398,1.2113012,5.6127005,202841,0,0,6788
-2.1230323,-3.035117,-0.05175421,1.4991637,2.760981,5.7102823,202842,0,0,6787
-6.094992,-6.455355,-0.7360122,5.121794,6.817079,6.388505,202845,0,0,6786
-8.921969,-6.2171426,-1.5733027,7.339654,6.3275743,21.08255,202846,0,0,6785
-6.3790803,-6.071032,-1.8550125,7.1007204,6.1058908,29.97071,202847,0,0,6784
-4.77684,-4.070796,-1.1409959,5.4162216,3.9055824,15.084767,202848,0,0,6783
-2.1232235,-2.5330136,-1.1224029,2.3433814,2.9623446,7.443499,202849,0,0,7891
-2.5600655,-1.9391007,-0.37344277,2.3394969,2.5616293,3.1473715,202850,0,0,7890
-0.65598816,-0.63183504,-0.16087389,0.791457,0.6280051,6.1608734,202851,0,0,7889
-0.749482,-0.8730522,-0.16091318,0.7593719,0.8692222,3.3572824,202852,0,0,7888
-21.707466,-17.674639,-0.75953454,21.275248,17.812151,40.882637,202855,1,0,7887
-14.153394,-15.812132,-1.0272946,14.153395,15.812134,31.498705,202856,1,0,7886
-22.967323,-26.490175,-1.7498652,22.967325,26.490175,70.45847,202857,1,0,7885
-124.27089,-128.72409,-8.01031,129.58235,151.27838,234.90862,202858,1,0,7884
-3.0481553,-4.148996,-0.53294575,2.3490536,3.4343364,11.700215,202859,1,0,7883
-1.2249191,-1.4057626,-0.27492756,1.726703,1.4088292,2.189548,202868,0,0,7882
-4.622037,-2.366691,-0.91925603,2.7439,1.7831783,3.1769285,202872,0,0,7881
-25.692427,-10.310656,-1.2683365,26.682985,11.15697,11.533408,202873,1,0,7880
-1.12734,-7.73975,-0.154379,1.83466,5.20692,2.80797,202874,1,0,1715
-39.733807,-46.76007,-1.2231522,42.78592,48.416992,125.11855,202876,1,0,7879
-20.65671,-15.503176,-1.8113047,13.738053,18.184992,87.28115,202877,1,0,7878
-14.990568,-13.953338,-1.6830883,15.458757,14.058706,87.42838,202878,1,0,7877
-5.6752915,-44.978973,-1.5712668,30.213593,5.038078,19.248873,202884,1,0,7876
4.170336,-1.7550092,-1.7600046,30.728476,15.338429,18.91105,202885,1,0,7875
-12.684741,-6.287784,-0.48806944,2.1461117,0.80177987,7.280659,202886,1,0,7874
-1.7477667,-11.731845,-1.0797417,4.407908,7.293444,6.647872,202887,1,0,7873
-4.110885,-6.3050723,-0.4774945,4.0006347,9.03423,6.865851,202890,0,0,7872
-5.260224,-12.872906,-0.42622393,6.17111,13.752572,6.173876,202891,0,0,7871
-4.098281,-6.6347795,-0.39788887,4.044932,6.558025,5.647803,202892,0,0,7870
-1.0512615,-1.2030755,-0.5384875,1.0512617,1.2247092,1.6923462,202904,0,0,7869
-1.19553,-1.29701,-0.51725,1.11277,1.19587,2.29698,202905,0,0,7868
-0.9848727,-1.9916731,-0.18806572,1.264218,1.4070584,2.3548644,202906,0,0,7867
-0.9848727,-1.9916731,-0.18806572,1.264218,1.4070584,2.3548644,202907,0,0,7866
-0.98487294,-1.3362753,-0.23492503,1.264218,1.0084761,2.5718849,202908,0,0,7865
-0.98487294,-1.3362753,-0.23492503,1.264218,1.0084761,2.5718849,202909,0,0,7864
-1.2236536,-1.4192702,-0.3117037,1.2462567,1.4288287,2.846868,202910,0,0,7863
-0.98505646,-0.9707779,-0.13795811,0.9627139,0.9318699,1.7266984,202911,0,0,7862
-0.6942217,-0.74800617,-0.23914841,0.7674965,0.5777571,2.1415455,202913,0,0,7861
-1.04804,-1.11813,-0.0884367,0.969875,1.50068,1.72156,202914,0,0,1842
-1.327676,-1.0451609,-0.33031657,1.5620114,1.1555892,1.8152994,202925,0,0,7539
-0.33818367,-0.9140452,-0.02768129,0.20930976,0.4946178,2.608289,202926,0,0,7538
-0.38804308,-0.8158749,-0.09046617,0.2623509,0.8575444,3.0409312,202927,0,0,7537
-0.75761867,-1.2480595,-0.21743694,0.5289906,1.6295205,6.01557,202928,0,0,7536
-0.4373097,-0.9311796,-0.10226296,0.29789558,0.96045345,3.4374685,202929,0,0,7535
-1.4076719,-1.2793103,-0.21810336,0.3859689,1.0307398,5.1769943,202930,0,0,7534
-1.4076719,-1.2793103,-0.21810336,0.36661673,0.8630517,5.1769943,202931,0,0,7533
-2.3187504,-1.0035026,-0.21810336,0.38237718,1.0375562,5.1769943,202932,0,0,7532
-1.2070084,-0.9459807,-0.23047765,1.2997723,1.2345634,5.1769943,202933,0,0,7531
-0.6642173,-0.5393837,-0.064971626,0.622034,0.43254915,2.5041225,202934,0,0,7530
-0.18573467,-0.10008052,-0.15536365,0.23905055,0.10112038,1.0037657,202935,0,0,7529
-5.775455,-6.060054,-1.4635102,6.007436,5.5987396,18.332031,202940,0,0,7528
-2.6425564,-2.8274825,-0.7536992,2.1714668,2.6688912,6.827025,202941,0,0,7527
-5.775455,-7.465345,-1.7468684,6.007436,4.803309,18.62751,202942,0,0,7526
-1.647806,-1.5525962,-0.46569476,1.1678755,1.4795314,3.7704647,202943,0,0,7525
-8.187972,-7.605657,-1.7436346,6.7187986,8.3604765,10.791582,202944,0,0,7524
-1.9584452,-2.666557,-0.8257754,2.2828321,1.978562,6.772975,202945,0,0,1841
-2.7959216,-3.6396484,-0.47566897,5.782013,5.5490885,7.120852,202946,0,0,7523
-3.8858795,-4.8774476,-0.47566882,7.3512135,7.1597977,6.975039,202947,0,0,7522
1,1,1,-1,-1,-1,202952,0,0,7521
-0.5703566,-1.1559632,-0.011127113,0.81659895,1.0208486,2.998451,202953,0,0,7520
-5.4104104,-6.491069,-1.2429572,5.8554564,6.5176325,43.841816,202955,0,0,7519
-5.4104104,-7.0569496,-0.9409485,5.8554564,5.9517517,35.679222,202956,0,0,7518
-5.3753324,-11.772374,-1.330052,5.5336275,12.088345,10.946722,202957,0,0,7517
-2.3913264,-3.8559015,-0.9221359,5.9131403,4.297788,14.233314,202958,0,0,7516
-12.55767,-3.0178285,-1.2880527,9.090333,2.858228,9.4806385,202959,0,0,7515
-1.9532952,-2.0857995,-1.011725,2.565841,1.7872115,7.434991,202960,0,0,7514
-1.327676,-1.0451609,-0.33031657,1.5620114,1.1555892,1.8152994,202970,0,0,7513
-0.7576186,-1.6808373,-0.21743694,0.5637949,1.9446621,6.01557,202971,0,0,7512
-1.4076719,-1.2793103,-0.21810336,0.3859689,1.0307398,5.1769943,202972,0,0,1840
-3.8000164,-0.44658428,-0.43394014,3.2174852,6.878224,14.42802,202973,1,0,7511
-3.8000162,-1.2184042,-0.93403226,3.2174852,11.461926,11.143318,202974,1,0,7510
-9.134928,-12.194719,-1.3537982,8.32645,2.6614141,19.55481,202975,1,0,7509
-9.13493,-12.194719,-1.3537953,8.32645,2.672808,19.55481,202976,1,0,7508
-0.5982308,-13.277255,-0.37966862,21.276415,6.993621,7.465694,202977,0,0,7507
-6.1969743,-9.232776,-1.3940756,9.951972,7.888793,22.918879,202978,1,0,7506
-6.1969743,-9.232776,-1.3940756,9.951972,7.888793,22.918879,202979,1,0,7505
-13.154737,-6.061816,-2.4279802,17.027575,6.0606594,7.590355,202980,0,0,7504
-9.623347,-7.4097085,-1.7984074,9.175965,1.7329885,20.476488,202981,0,0,7503
-9.623347,-7.4097085,-1.7984074,9.175965,1.7329885,20.476488,202982,1,0,7502
-3.9364026,-3.5884242,-2.3452382,8.077599,8.294751,28.610613,202983,1,0,7501
-3.3580437,-3.7147365,-1.4739797,3.3300128,4.0079637,12.816383,202984,1,0,7500
-2.1565297,-2.743952,-0.32541782,3.6896362,3.9773653,1.3718973,203004,0,0,7095
-1.1284143,-1.3082193,-0.001382264,1.2453966,1.3125472,1.5126761,203006,0,0,7094
-3.2518132,-3.1191545,-0.015245799,2.7560203,3.0150142,1.9644715,203010,0,0,7093
-13.065254,-2.4664412,-7.131163,4.383407,15.47848,7.1311646,203012,0,0,7092
-3.295004,-3.3050632,-2.354372,3.5505664,3.2548532,24.93342,203013,0,0,7091
-0.48391655,-0.47817102,-0.5011412,0.47410932,0.48255306,0.7579369,203016,0,0,7090
-1.6944798,-1.6908138,0,1.6967922,1.7004582,1.1525652,203018,0,0,7089
-0.9862464,-1.0700946,-0.054033473,0.91173255,1.0895163,2.0292125,203020,0,0,7088
-1.6981488,-1.795781,-0.38704556,1.4607064,1.871913,3.257568,203022,0,0,7087
-3.8002362,-2.9270506,-0.0033724695,2.0028481,2.949941,5.931032,203024,0,0,7086
0.25571555,0.33639267,4.1432714,2.3482866,2.2151642,6.896818,203025,0,0,7085
-1.2341818,-1.270515,0,1.232844,1.1965108,3.0930693,203027,0,0,7084
-0.39993396,-1.9519002,0.0076413485,0.6763621,1.690977,6.51661,203028,0,0,7083
-0.39993408,-1.6971289,0.0076413485,0.67636204,1.9457484,6.51661,203029,0,0,7082
-0.043484252,-1.5023832,0.021169186,0.39276963,1.6886722,1.1025823,203030,0,0,7081
-0.30794638,-1.2784255,1.5947735,0.5659987,1.2674209,4.3315225,203031,0,0,7080
-0.597836,-0.0609356,-0.0142039,0.520364,0.0665344,0.352808,203033,0,0,7079
-3.1825874,-1.7247053,0.2012906,1.8998786,2.9602387,0.7042044,203035,0,0,7078
-8.703536,-9.750336,0.04474617,7.4590683,7.1404853,3.423062,203036,0,0,7077
-14.659186,-14.276431,-3.658902,13.758861,14.333721,-0.08109522,203037,0,0,7076
-112.04484,-108.49207,-111.32862,101.15643,104.7092,101.87264,203040,0,0,7075
-479.64948,-1244.6958,-189.06699,123.27596,68.56698,94.68678,203041,0,0,7074
-24.584045,-51.62674,-11.980242,50.000004,35.11018,22.920404,203043,0,0,7073
-16.111254,-10.768897,1.3864713,8.611582,10.726795,12.181035,203044,0,0,7072
-96.85216,-103.64449,-279.5218,112.98796,106.19563,53.24401,203045,0,0,7071
-125.39314,-132.38411,-279.5218,136.87202,129.88106,100.37175,203046,0,0,7070
-0.46844932,-1.4851872,-0.6067112,0.19939384,1.5221488,2.12972,203050,0,0,7069
-0.30625513,-0.5689616,-0.44014147,-0.20330916,0.56433094,-0.09406842,203051,0,0,7068
-0.98435754,-1.097922,0.14159043,1.1904948,1.1442937,18.808409,203054,0,0,7067
-3.825518,-3.7440932,-1.0154,2.45274,3.6638172,3.5199466,203055,0,0,7066
-2.5558903,-2.5040147,0,3.015695,3.5009818,6.975838,203057,0,0,6986
-3.3636882,-0.871569,-0.8481251,5.1358137,1.7638879,4.3918705,203058,0,0,6985
-4.2207084,-2.863866,-0.11735056,4.3539762,2.696061,8.587427,203059,0,0,6984
-3.664119,-3.9086754,-0.08132652,3.9493856,3.603541,6.8727202,203060,0,0,6983
-3.5258658,-3.1407566,-0.02376796,3.6823697,3.1342192,12.598557,203061,0,0,6982
-3.8101704,-2.6625159,-0.3809283,4.46211,4.2359004,14.366065,203069,0,0,6981
-7.6662455,-3.0113373,-0.27328238,5.2017884,4.965061,14.093023,203070,0,0,6980
-15.828963,-11.756373,-3.0258074,16.452845,11.36947,20.82186,203072,0,0,6979
-5.83762,-3.1497204,-0.5264562,6.7644935,3.1252553,20.328447,203073,0,0,8715
-0.22880183,-0.32342368,-0.026480356,0.44011605,3.847449,5.717878,203074,0,0,8714
-0.37068886,-2.6082058,-0.03574346,0.37272993,2.6365404,7.8689184,203075,0,0,8713
-0.08958706,-1.4992807,-0.0014243623,0.20352253,1.3744195,4.6432333,203076,0,0,8712
-17.387642,-29.610239,-27.438957,37.526234,40.17546,34.444874,203077,0,0,8711
-6.377753,-8.322221,3.9417064,5.6036253,8.061769,25.67724,203078,0,0,8710
-0.9670213,-3.649711,-0.015667403,0.9217679,3.6565382,5.7269945,203082,0,0,8709
1,1,1,-1,-1,-1,203083,0,0,8708
1,1,1,-1,-1,-1,203084,0,0,8707
-0.42186168,-4.365737,-0.009116692,1.4142982,5.087437,10.991983,203086,0,0,8706
-0.3087749,-1.7746363,0.0015723971,0.28780264,1.8180872,3.7608523,203087,0,0,8705
-0.7473096,-0.6482357,-0.04205899,0.5624897,0.7032985,1.421908,203089,0,0,8704
-0.8414793,-0.7684866,-0.21633533,1.250167,0.5934253,1.2657676,203090,0,0,8703
-2.639271,-2.9696333,-1.2031552,3.0499067,2.678214,0.9340902,203091,0,0,8702
-2.639271,-3.1846755,-1.2031552,3.0499067,2.463172,2.0171337,203092,0,0,8701
-2.639271,-2.9209218,-1.2031552,3.0499067,2.7269256,2.1589575,203093,0,0,8700
-1.2933637,-1.0177073,-0.15354162,1.1477512,1.3198677,1.5437208,203094,0,0,8699
-0.5312729,-0.88495415,-0.04252571,0.4250966,1.00008,0.96379745,203096,0,0,8698
-0.6493462,-0.54652584,-0.013957013,0.53992146,0.5272279,1.0071512,203097,0,0,8697
-0.5372812,-0.479762,-0.0069512865,0.4998442,0.536912,0.89300233,203098,0,0,8696
-0.55744064,-0.5290039,-0.07894895,0.4162108,0.92682266,0.9058214,203099,0,0,8695
-1.6495694,-2.106294,0,1.5763396,2.2247856,2.9749978,203100,0,0,8694
-0.7493136,-0.41231874,-0.07167238,0.51480496,0.6097974,0.67375386,203101,0,0,8693
-1.2949239,-2.106294,0,1.3789572,2.2247856,2.2925663,203103,0,0,8692
-0.99665743,-0.91510594,0.7863021,1.3037955,1.0588824,19.241732,203105,0,0,8691
-1.8126212,-1.3351493,0.9058819,1.6172602,0.27475923,19.385279,203106,0,0,8690
-0.92876273,-0.91510594,0.975335,0.84181374,0.75671124,19.241732,203107,0,0,8550
-0.49144295,-0.7329558,-0.12336852,0.4042225,0.52110237,18.813313,203108,0,0,8549
-0.99985296,-1.0442559,0.641097,0.91277343,0.7982796,18.77439,203109,0,0,8548
-0.4382879,-0.75049347,0.026766824,0.7572954,0.9592736,19.10572,203110,0,0,8547
-0.45834017,-0.4296517,-0.1019972,0.4606907,0.44310516,0.71331245,203112,0,0,8546
-0.22498223,-0.2509798,-0.2431568,0.41302708,0.4098455,2.1280606,203114,0,0,8545
-29.256775,-35.447834,-84.88971,22.971434,35.447834,20.286694,203116,0,0,8544
-27.872816,-14.122642,-2.7772737,3.2974992,14.122642,39.125683,203120,0,0,8543
-27.872816,-14.122642,-2.7772737,3.2974992,14.122642,39.125683,203122,0,0,8542
-3.3866668,-29.030748,-66.49636,17.522196,29.13859,20.286694,203123,0,0,8541
-8.278947,-17.31881,-3.5576663,8.280698,17.783348,31.577173,203124,0,0,8540
-8.278947,-17.31881,-3.5576663,8.280698,17.783348,31.577173,203125,0,0,8539
-29.641191,-45.44493,-83.311424,30.10967,45.154926,20.286695,203126,0,0,8538
-9.225473,-14.370716,-2.427596,9.225474,13.606338,31.99131,203127,0,0,8537
-11.694386,-18.126867,-3.3069386,12.016274,17.825455,37.803425,203128,0,0,8536
-9.225473,-14.370716,-2.427596,9.225474,13.606338,31.99131,203129,0,0,8535
-11.694386,-18.126867,-3.3069386,12.016274,17.825455,37.803425,203130,0,0,8534
-29.256775,-37.280514,-101.21354,36.04549,37.280514,20.286695,203131,0,0,8533
-33.598495,-9.72214,-2.391344,1.8073093,9.72214,65.078865,203132,0,0,8532
-33.598495,-9.72214,-2.391344,1.8073093,9.72214,65.078865,203133,0,0,8024
-37.783264,-49.555817,-2.777279,21.937971,30.485634,39.125687,203134,0,0,8023
-37.783268,-49.555817,-2.765913,21.937973,30.485626,39.137054,203135,0,0,8022
-5.10267,-5.98594,-3.01269,5.06014,5.99389,13.0102,203136,0,0,8021
-6.747809,-17.185526,-0.9828393,5.8842163,15.566022,-0.9797976,203138,0,0,8020
-0.41622335,-4.078467,-29.645948,0.5314436,4.059646,0.76433074,203139,0,0,8019
-0.41622335,-4.078467,-29.645948,0.5314436,4.059646,0.76433074,203140,0,0,8018
-0.41622335,-4.078467,-29.645948,0.5314436,4.059646,0.76433074,203141,0,0,8017
-0.41622335,-4.078467,-29.645948,0.5314436,4.059646,0.76433074,203142,0,0,8016
-1.12964,-0.165399,-0.12228,1.12481,1.85829,2.01443,203148,0,0,8015
-1.8808,-1.68115,-0.0688242,1.92594,1.97911,4.35625,203149,0,0,8014
-0.928225,-0.841294,-0.125921,0.933875,1.93318,1.59921,203151,0,0,8013
-4.825714,-8.044784,-1.0892835,4.8257246,8.044785,5.04327,203152,0,0,8012
-0.7936046,-7.4355545,-6.453219,0.7936048,7.435557,6.453219,203153,0,0,8011
-1.9699097,-1.9699131,-0.30580562,1.9699097,1.9699131,0.30580562,203154,0,0,8010
-0.42823696,-0.36707258,-0.034886196,0.40458223,5.574045,1.2429585,203158,0,0,8009
-0.42823696,-3.100081,-0.03488619,0.40458223,0.01852373,1.2429585,203159,0,0,8008
-0.2701353,-1.2017928,-0.03488616,0.4297128,1.2116853,0.7830908,203160,0,0,8007
-0.40625432,-0.3846323,-0.03488617,0.4265649,0.408327,1.2429587,203161,0,0,8006
-19.288256,-48.364735,7.7292247,20.433823,49.21076,65.55992,203162,0,0,8005
-15.987122,-4.5050187,-15.995553,16.02522,4.485414,15.995933,203164,0,0,8004
-15.951915,-2.6154203,-15.961744,16.010767,2.4355927,15.991037,203165,0,0,8003
-14.013983,-6.352727,-31.6664,15.569,10.85605,45.556423,203167,0,0,8002
-0.8764537,-10.090868,-10.090873,6.984124,10.090864,10.090871,203168,0,0,8001
-7.5705657,-4.550875,-4.550875,24.096813,4.550875,4.5521927,203169,0,0,8000
-3.8405657,-9.400945,-2.4283268,5.7683787,9.407385,16.380001,203171,0,0,7999
-3.2518127,-3.1191547,-0.015245808,2.7560203,3.015014,1.9644715,203176,0,0,7998
-0.9186817,-0.21707812,-0.016195,0.36318457,0.21514308,0.27235276,203177,0,0,10787
-10.075108,-10.075195,-0.8413493,10.075138,10.075195,0.8413493,203178,0,0,10786
-12.492799,-9.767988,-19.838388,8.302875,11.598188,0.9521192,203179,0,0,10785
-10.08666,-9.531369,-18.95951,11.752709,9.579949,1.5690156,203180,0,0,10784
-3.8825405,-3.2097905,-4.107314,3.882516,3.2097905,11.598976,203181,0,0,10783
-6.2607703,-28.648136,-52.156166,9.341593,18.592445,86.35191,203184,0,0,10782
-3.8428168,-8.735314,-8.701782,3.691824,8.739946,8.702071,203185,0,0,10781
-82.195984,-90.25184,-27.227304,63.5711,76.19119,133.6193,203187,0,0,10780
-27.46474,-27.451033,-9.440859,28.887547,28.901255,50.834446,203188,0,0,10779
-0.68960613,-0.6924113,-0.10188055,0.6932757,0.692802,1.7068633,203190,0,0,10778
-2.1385238,-1.8926026,-0.0059342585,2.2887871,1.6699965,5.3328443,203194,0,0,10777
-2.8205533,-1.40585,0.032708656,2.476304,1.5646082,4.2009964,203195,0,0,10776
-0.94819534,-0.95224583,-0.013287222,2.119697,0.8231192,2.5418208,203196,0,0,10775
-0.27047676,-0.32704332,0,0.28905407,0.3363273,0.2777778,203198,0,0,10774
-6.60769,-3.42114,-19.3668,4.87283,8.00683,9.61753,203200,0,0,10773
-5.12706,-4.63706,-3.14531,4.08356,8.35808,6.44042,203201,0,0,10772
-3.35617,-2.09501,-2.50759,2.3262,4.21003,3.44625,203202,0,0,10771
-2.8511546,-5.6781864,-4.4979286,5.2661467,4.8084545,3.048024,203203,0,0,10770
-23.164354,-25.030615,-7.537529,31.20091,28.76208,64.70096,203208,0,0,10769
-15.980806,-16.676462,-4.6823344,16.539972,15.501807,48.080143,203209,0,0,10768
-19.171854,-22.880812,-1.8767071,21.419155,22.246902,18.538492,203210,0,0,9993
-1.535146,-1.5770869,-0.032686908,1.5753622,1.5902967,5.6943994,203213,0,0,10175
-0.22881065,-1.1536683,-0.3158025,0.19265914,0.0011565895,0.31161198,203214,0,0,10174
-0.40658987,-0.40010965,-0.011252482,0.40872243,0.4152027,0.5509675,203217,0,0,10173
-0.3734966,-0.39478198,-0.1509076,0.44183683,0.42055145,0.66442585,203218,0,0,10172
-0.26606742,-0.2678968,-0.014487174,0.28481922,0.2829899,0.7042804,203219,0,0,10171
-5.3989496,-20.121473,-1.7138218,10.287801,16.129877,39.63442,203221,0,0,10170
-5.510329,-5.1642294,-0.019359441,9.084619,5.2314,8.800614,203226,0,0,10169
-4.764905,-4.693324,-0.1070999,8.885004,4.6563993,8.917924,203229,0,0,10168
-5.671609,-5.522805,-0.61869556,4.223919,4.2220063,6.52608,203230,0,0,10167
-5.3001246,-4.7293897,-0.019359183,9.802728,4.7624607,8.800614,203231,0,0,10166
-1.6753085,-2.5171645,-0.09112671,1.6415081,2.7408557,0.4737435,203232,0,0,10165
-1.07491,-1.45471,-0.327958,1.4735,1.48713,1.56604,203233,0,0,10164
-1.03744,-1.03744,-0.0626011,1.03744,1.03744,0.510006,203234,0,0,10163
-1.38979,-1.62951,-0.210405,1.84442,1.57292,1.40958,203235,0,0,10162
-7.036729,-6.684106,-4.413459,3.2710295,3.6236522,5.8942995,203241,0,0,10161
-54.393013,-54.31054,-29.223267,45.307648,63.148384,31.942783,203245,0,0,10160
-17.69274,-19.47971,-1.8687204,17.174257,20.735386,51.51435,203255,1,0,10011
-13.5958,-14.5226,-0.949806,13.8158,15.8148,39.4089,203256,1,0,10010
-4.97539,-4.07617,-0.460042,4.94769,4.46061,16.0551,203257,1,0,10009
-10.4146,-9.89336,-1.2267,10.4146,16.5176,18.9055,203259,1,0,10008
-13.627,-12.8312,-0.919206,13.5363,12.9657,40.3026,203260,1,0,10007
-11.0896,-11.0403,-1.57206,11.0896,11.0404,40.4647,203261,1,0,10006
-10.911678,-10.115027,-1.923481,11.191063,9.215553,48.83698,203262,1,0,10005
-3.329068,-3.465793,-2.684181,3.5030067,3.6977017,11.994236,203265,0,0,10004
-3.3945642,-4.2480683,-2.7777553,7.0409575,2.9154263,11.672549,203266,0,0,10003
-2.80788,-3.48789,-2.18511,3.44069,3.0638,3.50337,203268,0,0,10002
-4.681763,-5.2911787,-0.62747806,4.708364,5.7081695,7.4582095,203269,0,0,10001
-7.80031,-2.68932,-0.545681,8.27678,2.53747,4.90183,203270,0,0,1844
-10.972836,-10.805064,-0.46056283,10.612538,9.812438,22.04699,203276,1,0,10000
-9.091126,-9.693366,-0.9099365,10.536535,9.847069,34.66675,203277,1,0,9999
-43.07606,-39.709274,-2.8007615,40.658295,43.661976,72.93128,203278,1,0,9998
-2.845985,-2.6568959,-0.1759077,2.7880766,2.6418464,11.53325,203279,1,0,9997
-4.267405,-5.1580386,-0.60055196,5.1308656,4.4891443,8.72711,203280,1,0,9996
-20.481592,-23.44754,-2.2503726,22.674635,25.471464,66.02823,203285,1,0,9995
-12.911244,-17.619661,-1.3343183,13.206205,20.500483,54.095444,203286,1,0,9994
-9.65082,-9.939438,-1.1069099,11.380864,10.260019,53.388855,203287,1,0,9244
-8.285219,-7.1671185,-0.7270368,6.69977,7.510024,49.278103,203288,1,0,9442
-30.035318,-33.451565,-3.1101813,28.907343,34.532055,87.13389,203290,1,0,9441
-2.9898522,-3.1567602,-0.43450505,2.3691754,1.8910359,3.0455463,203296,0,0,9440
-2.69939,-2.6647,-0.146006,2.69939,2.6647,3.18954,203297,0,0,9439
-1.54414,-1.60119,-0.204431,1.69991,1.68629,1.99188,203299,0,0,9438
-2.1588585,-2.4232147,-0.15460236,2.1588602,2.5624573,3.5765736,203300,0,0,9437
-3.58782,-2.69839,-0.204431,3.97407,2.5603,2.42568,203301,0,0,9436
-2.8520706,-2.4630952,-0.18359216,2.5875044,2.665882,3.7719545,203302,0,0,9435
-89.6562,-204.876,-0.498961,76.247,204.876,172.063,203305,0,0,9434
-0.428236,-2.85518,-0.0348861,0.404581,2.65991,1.24296,203307,0,0,9433
-0.336619,-1.55571,-0.0348861,0.496197,1.53717,1.24296,203308,0,0,9432
-0.270135,-1.19996,-0.0348861,0.429708,1.21481,0.783089,203309,0,0,9431
-0.361603,-0.415011,-0.0342594,0.521181,0.432647,1.27236,203310,0,0,9430
-0.643747,-1.83306,-0.109793,0.209704,1.59814,1.38495,203311,0,0,9429
-0.443092,-1.85564,-0.109793,0.410353,1.57556,1.38495,203312,0,0,9428
-0.600506,-1.37095,-0.244564,0.555381,1.59051,1.38495,203313,0,0,9427
-0.392858,-0.457983,-0.109793,0.473931,0.438153,1.38495,203314,0,0,9426
-3.258466,-11.439473,-1.8456165,2.156149,11.039421,4.187224,203316,0,0,9425
-2.7224648,-5.3979783,-2.0429528,2.156148,5.654708,5.460715,203317,0,0,9277
-0.9292844,-1.4018114,-3.288378,1.2627075,1.6741787,3.5496526,203318,0,0,9276
-1.66003,-1.00629,-0.0751072,1.32458,1.18919,2.92964,203319,0,0,9275
-0.53256536,-2.3021822,-0.1025705,0.43569788,2.2563522,1.0389187,203320,0,0,9274
-22.242971,-6.5277777,0.06256231,22.098314,6.5277777,46.985886,203323,0,0,9273
-21.967268,-11.147044,0.06256231,5.964955,1.9085113,46.985886,203324,0,0,9272
-4.38348,-2.21515,0,4.37067,2.20274,5.86148,203325,0,0,9271
-4.3656,-2.15624,0,4.78406,2.14384,5.86148,203326,0,0,9270
-7.199259,-5.0323386,-1.4116807,5.7831683,4.9803514,13.050923,203327,0,0,9269
-6.5277777,-6.5277777,0.06256231,6.25,6.5277777,46.985886,203328,0,0,9268
-5.3828435,-5.1099296,0.0908432,5.0998635,5.3723507,16.158548,203329,0,0,9267
-4.128151,-4.0533767,0.015575792,4.380237,4.12667,8.321355,203330,0,0,9266
-7.5210657,-4.297093,0.19352299,6.9421473,4.3135858,8.803751,203331,0,0,9265
-6.5277777,-6.25,0.06256231,6.25,6.5277777,34.46892,203332,0,0,9264
-21.2217,-3.88785,0,21.5561,3.88785,46.6667,203333,0,0,9263
-21.2217,-3.88785,0,21.5561,3.88785,46.6667,203334,0,0,9262
-21.2217,-3.88785,0,21.5561,3.88785,46.6667,203335,0,0,9261
-21.2217,-3.88785,0,21.5561,3.88785,46.6667,203336,0,0,9260
-21.250002,-3.8840277,0.049305554,21.527779,3.8840277,35.416668,203337,0,0,9259
-28.977064,-12.525944,-2.4232411,23.736288,6.525627,14.589312,203343,1,0,9258
-17.502945,-17.672253,-1.9376569,17.63057,17.305126,61.744617,203347,0,0,9257
-2.845985,-2.6568959,-0.59055257,2.7880766,2.6418464,11.118605,203348,1,0,9256
-17.69274,-19.47971,-1.8687204,17.174257,20.735386,51.51435,203349,1,0,9255
-9.65082,-9.939438,-1.1069099,11.380864,10.260019,53.388855,203350,1,0,9254
-8.285222,-7.1671185,-2.6187928,6.6997714,7.510024,47.386345,203351,1,0,9253
-5.8000445,-4.6934233,-1.7249789,5.779008,5.5435367,26.656872,203352,1,0,9252
-2.5698678,-2.5457795,-0.13690384,2.241256,1.9790025,7.8801246,203353,1,0,9251
-3.1475518,-3.3505695,-0.53294575,2.2496572,4.232763,11.700215,203354,1,0,9250
-17.558056,-17.64361,-1.9376569,17.575457,17.333769,61.744617,203355,1,0,9249
-7.240833,-12.999254,-2.9429338,7.48064,12.082156,10.685326,203356,0,0,9248
-4.4942384,-3.4597852,-1.16067,3.8534274,4.4564996,4.630064,203357,0,0,9247
-4.4942384,-3.4597852,-1.16067,3.8534274,4.4564996,4.630064,203359,0,0,9246
-3.258466,-11.439473,-3.0657923,2.1561491,11.483625,4.187224,203362,0,0,9245
-0.94013447,-1.4546701,-2.6927235,1.1694291,1.5299468,2.8512926,203363,0,0,8466
-2.7001314,-5.3979783,-2.9113967,2.1561482,5.654708,5.7475123,203364,0,0,9199
-1.1284143,-1.3082193,-0.001382264,1.2453966,1.3125472,1.5126761,203368,0,0,9198
-1.3961151,-2.8755822,0.7324163,0.016095055,2.9705596,5.53826,203370,0,0,9197
-1.3961151,-2.8755822,0.7324163,0.016095055,2.9705596,5.53826,203372,0,0,9196
-1.0255228,-1.7693611,0,0,2.0634189,1.738669,203373,0,0,9195
-1.0255228,-1.7693611,0,0,2.0634189,1.738669,203374,0,0,9194
-3.6517012,-1.3359934,0.0028441183,3.562508,1.3847438,2.1577532,203376,0,0,9193
-4.9408555,-2.8267188,0,4.65465,2.8787925,3.4147072,203377,0,0,9192
-3.6378293,-1.9183336,-0.14941402,4.438589,1.7185872,1.9557754,203378,0,0,9191
-3.5897632,-1.8620472,-4.2385525E-07,3.318362,1.8920484,2.420574,203380,0,0,9190
-4.9408555,-2.8267188,0,4.65465,2.8787925,3.4147074,203381,0,0,9189
-1.4065812,-1.119249,-0.016327335,1.5514143,0.99822533,0.50377905,203385,0,0,9188
-1.2697353,-0.9080959,-0.028965183,1.1548508,0.84188277,0.8681143,203386,0,0,9187
-1.0485444,-2.6469364,-0.0015759475,1.0353829,0.6806624,0.5662775,203387,0,0,9186
-1.6461607,-1.2957058,-0.016327335,1.6204193,1.225536,0.56181586,203388,0,0,9045
-1.226812,-1.1279674,-0.02574295,1.4534374,0.9203009,0.9291669,203389,0,0,9044
-0.9266101,-4.0464854,-0.0061869896,3.3392038,11.557675,10.37124,203392,0,0,9043
-4.585908,-1.7899287,0.0038223001,4.1505885,2.273512,7.964873,203393,0,0,9042
-0.96782124,-4.046485,-0.41703457,4.6482186,11.557675,10.37124,203394,0,0,9041
-4.4722424,-1.8621786,-0.13530464,4.095268,2.2012608,8.035633,203395,0,0,9040
-2.4976678,-2.3308632,-0.045631044,2.379797,2.5466015,2.644186,203397,0,0,9039
-3.7139113,-2.1685145,-0.18869872,2.434139,2.3292706,2.6719222,203398,0,0,9038
-1.411326,-0.7185104,-0.057628486,1.3854815,0.25462887,0.5015256,203400,0,0,9037
-1.4105711,-0.18883522,-0.014619661,1.0669179,0.17015253,0.34402645,203401,0,0,9036
-0.6401784,-0.41239607,0,0.65167266,0.44143867,0.11672682,203402,0,0,9035
-2.777676,-3.860461,0,3.2511678,4.028033,7.1807556,203403,0,0,9034
-2.8076832,-3.517936,0,2.7717087,3.5773156,8.71353,203404,0,0,9033
-0.88971657,-0.811779,0,0.86902547,1.0711094,2.2553284,203405,0,0,9032
-1.0723981,-0.93961334,0,0.9423966,0.8092312,3.4367921,203406,0,0,9031
-0.91684705,-1.0883735,0,0.8754491,1.001185,4.9855027,203407,0,0,9030
-1.0828885,-0.9346979,0,0.96863633,0.86542636,4.2738237,203408,0,0,9029
-2.5935442,-3.882409,0,0.9937741,4.006085,6.9084415,203409,0,0,9028
-2.079963,-2.5094242,0,2.1721988,2.5159955,2.9603252,203410,0,0,9027
-2.7046957,-2.675506,2.0611522,2.3772078,2.6376364,14.214544,203413,0,0,9026
-0.2124277,-1.4843241,0,0.21317239,1.4990021,4.8715873,203415,0,0,9025
-0.2265491,-2.11599,0,0.199051,2.1284897,4.1737123,203417,0,0,9024
-0.21242768,-1.4843241,0,0.21317233,1.499002,2.4733212,203418,0,0,9023
-3.8062482,-2.8707788,0,3.1809216,2.2007492,0.45299712,203419,0,0,9022
-3.5451767,-1.757305,-0.058168616,1.5031697,2.8863797,2.8959095,203420,0,0,9021
-0.9599457,-1.1634967,-0.0049840845,1.1838299,0.9696354,1.9995904,203422,0,0,9020
-0.7726275,-0.8734186,-0.017539807,0.9947724,0.8939813,2.4079952,203423,0,0,9019
-1.1613423,-1.2720283,-0.019183876,1.3837137,1.2730278,1.4160439,203424,0,0,9018
-1.1735562,-1.5420957,-0.17729303,1.2564523,1.7244409,0.67496634,203425,0,0,9017
-0.93058664,-1.2409208,-0.17729302,0.9989088,0.9699629,0.9141204,203426,0,0,9016
-0.8376252,-0.72877204,-0.059829745,0.8028603,0.67072195,0.9141205,203427,0,0,10500
-0.82000834,-0.26964533,-0.3153617,1.0455108,0.31186947,0.49711058,203429,0,0,10710
-1.411326,-0.83002615,0,1.3854815,0.25389877,0.5259694,203430,0,0,10709
-1.411326,-1.9938248,-0.00054864556,1.3854815,1.8429716,0.50412196,203431,0,0,10708
-0.24853988,-0.2187849,0,0.26683155,0.26050192,0.25320837,203432,0,0,10707
-1.0183582,-2.6282516,0,1.236587,2.7116456,5.3386993,203434,0,0,10706
-1.0904734,-2.6313927,-0.07336216,1.1446917,2.6616628,5.283873,203435,0,0,10705
-1.3756758,-1.4892293,0.06862349,1.5183499,1.2919502,3.5473964,203439,0,0,10704
-1.8254242,-2.141884,-0.12357955,1.6234491,1.6256919,5.106682,203440,0,0,10703
-1.6970106,-2.5370336,-0.12357955,1.6234491,1.6256919,4.9315486,203441,0,0,10702
-2.3049922,-2.4723952,0,1.4627818,1.458821,6.5362525,203442,0,0,10701
-1.3756758,-1.563764,0,1.6134232,1.3668236,3.912719,203443,0,0,10700
-2.7083046,-2.1845155,-0.012839203,1.7919422,1.6266844,4.0188456,203445,0,0,10699
-1.1811354,-2.7523894,0,1.1075741,1.0898987,3.4484787,203446,0,0,10698
-1.5544508,-2.6810045,-0.06843105,5.0186577,2.9278586,3.8051465,203449,0,0,10697
-3.5853631,-3.560901,0.0023697924,3.5733292,3.5982192,3.6064203,203452,0,0,10696
-3.5418108,-3.6853702,-0.015575479,3.6168845,3.286517,3.536198,203453,0,0,10695
-4.2044077,-4.2885165,0,4.342427,4.258828,4.530663,203454,0,0,10694
-4.3808503,-4.016541,0,4.4863324,3.7844968,4.5722547,203455,0,0,10693
-0.18128565,-3.5771108,0,0.18837036,3.532646,3.0229974,203457,0,0,10692
-0.17487986,-2.5369124,0,0.19477615,2.5759978,3.7718515,203460,0,0,10691
-0.18128565,-3.5771108,0,0.18837036,3.532646,3.0133464,203462,0,0,10690
-0.17487986,-2.5369124,0,0.19477615,2.5759978,3.7868152,203463,0,0,10689
-2.7396348,-3.3495827,-1.1092538,3.520546,3.1523035,18.223372,203467,0,0,10524
-6.7152977,-5.0341454,-10.06133,6.666554,5.191036,10.061848,203468,0,0,10523
-3.4466145,-3.349583,-0.034544628,5.0098,5.2639523,16.851616,203469,0,0,10522
-1.952076,-2.645929,-0.20741312,0.47549126,2.814193,8.944363,203471,0,0,10521
-0.42872384,-0.3501443,0,0.4681064,0.50279206,1.5833215,203479,0,0,10520
-0.42872384,-0.3501443,0,0.4681064,0.50279206,0.9323737,203480,0,0,10519
-0.42872384,-0.3501443,0,0.4681064,0.50279206,0.9323737,203481,0,0,10518
-1.0006773,-0.883564,0,1.0400597,1.0572926,0.7954618,203482,0,0,10517
-1.0006773,-0.883564,0,1.0400597,1.0572926,0.7954618,203483,0,0,10516
-1.2041975,-1.0450665,-0.23946162,1.0878217,0.97491765,1.7512157,203484,0,0,10515
-1.1507524,-1.1909602,-0.09446151,0.9967003,0.8919261,2.153876,203485,0,0,10514
-3.2971146,-4.1092515,0,4.0865636,2.664138,4.611552,203486,0,0,10513
-2.7001314,-5.3979783,-0.027363885,2.156148,5.654708,5.7475123,203487,0,0,10512
-2.7001314,-5.3979783,-0.13763852,2.156148,5.654708,4.710952,203488,0,0,10511
-0.94013447,-1.4546701,-0.3189488,1.1694291,1.5299468,2.8512926,203489,0,0,10510
-0.9292844,-1.4018114,-0.075107336,1.2627075,1.6741787,3.5496526,203490,0,0,10509
-3.2584662,-11.439473,-0.13763818,2.156149,11.03942,3.6394055,203491,0,0,10508
-3.2584662,-11.439473,-0.28952605,2.156149,11.039419,4.187224,203492,0,0,10507
-2.7001314,-5.3979783,-0.027363885,2.156148,5.654708,5.7475123,203493,0,0,10506
-2.7001314,-5.3979783,-0.13763852,2.156148,5.654708,4.710952,203494,0,0,743
-0.94013447,-1.4546701,-0.3189488,1.1694291,1.5299468,2.8512926,203495,0,0,10505
-0.9292844,-1.4018114,-0.075107336,1.2627075,1.6741787,3.5496526,203496,0,0,10504
-3.2584662,-11.439473,-0.13763818,2.156149,11.03942,3.6394055,203498,0,0,783
-3.2584662,-11.439473,-0.28952605,2.156149,11.039419,4.187224,203499,0,0,738
-15.84897,-6.404756,-3.038012,12.767324,6.483214,7.023318,203501,0,0,10503
-15.84897,-6.404756,-3.038012,12.767324,6.483214,7.023318,203502,0,0,10502
-11.305708,0,-8.016682,25.502441,60.00503,18.875113,203503,0,0,10501
-11.305708,3.5581632,-8.016682,25.502441,60.00503,18.875113,203504,0,0,8424
-13.579805,-59.961964,-1.8615853,30.282104,0,13.527425,203505,0,0,8423
-13.579805,-59.961964,-1.8615853,30.282104,-3.515096,13.527425,203506,0,0,8422
-5.162118,-1.6106422,-0.48843294,6.919969,3.532154,5.9420357,203507,0,0,8421
-5.162118,-1.6106422,-0.48843294,6.919969,3.532154,5.9420357,203508,0,0,8420
-0.713347,-2.00256,-0.0323006,0.687422,0.865858,1.39127,203510,0,0,8419
-0.934728,-0.988792,-0.0439264,0.437192,0.448244,1.33268,203512,0,0,8418
-3.7083066,-5.2506843,-0.26422837,2.7893903,4.7959404,17.151815,203513,0,0,8417
-3.458638,-18.32046,-1.4034163,8.157559,12.905111,50.803432,203515,0,0,8416
-13.705538,-16.823664,-3.130689,14.655484,19.269331,37.840656,203518,0,0,8415
-0.31230277,-0.31721824,-0.013803758,0.2575782,0.5570369,0.36532503,203521,0,0,8414
-0.2584008,-0.44393054,-0.060240284,0.39618325,0.49218905,0.36842626,203522,0,0,8413
-1.38293,-1.27608,-0.184306,1.19115,1.55495,0.997794,203523,0,0,8412
-6.03708,-1.82364,-0.277778,6.04552,2.05336,11.5024,203524,0,0,8411
-2.79454,-5.42223,-0.281028,2.54006,5.30056,14.2791,203525,0,0,8410
-2.5535197,-3.1768827,-0.21131015,2.7246978,3.879959,2.2606754,203531,0,0,8409
-1.5265625,-2.6789205,-0.6276854,1.5569575,3.0455177,5.2285204,203532,0,0,8408
-5.8872657,-21.560205,-2.0792181,4.134605,11.987401,10.416739,203533,1,0,8407
-4.698916,-7.9846516,-0.5844447,6.6780605,5.5171666,11.606981,203539,1,0,8270
-3.2638197,-4.8693333,-0.43745092,2.8640912,3.825982,4.411617,203540,1,0,8269
-1.5265256,-1.8512758,-0.17185742,1.4584099,0.96234876,3.1536229,203541,1,0,8268
-46.88671,-47.05152,-2.9561017,48.135384,54.076557,70.46547,203543,1,0,8267
-40.94407,-47.003128,-2.315616,27.564384,28.382887,55.71467,203544,1,0,1275
-3.6064487,-5.915766,-0.45242873,3.4329355,4.883437,14.507143,203545,1,0,8266
-5.8872657,-21.560205,-2.0792181,4.134605,11.987401,10.416739,203546,0,0,8265
-15.70697,-20.1009,-1.3658688,15.22947,18.066517,43.49187,203547,1,0,8264
-21.41249,-23.894388,-0.6933357,22.160988,26.168154,48.029064,203548,1,0,8263
-7.9152365,-12.194784,-3.2760901,8.663848,9.890307,8.178685,203553,0,0,8262
-5.175566,-5.8385243,-1.6662651,6.5190434,6.8759484,3.9172542,203554,0,0,8261
-4.4389024,-4.1734314,-1.4594493,8.403788,4.9815893,4.2744985,203555,0,0,1331
-2.9525957,-2.9889727,-0.09111918,2.866405,2.8880792,1.8672367,203557,0,0,8260
-5.154596,-5.274259,-0.7653449,4.827639,4.671523,13.767358,203558,0,0,8259
-1.7624508,-2.2092602,-0.69672877,1.510041,1.1972696,5.267827,203559,0,0,8258
-2.1095815,-2.1394248,-0.27554363,2.2630398,2.2172284,2.462346,203560,0,0,8257
-2.720195,-2.8482544,-0.8665023,2.394943,2.2017477,11.588058,203561,0,0,8256
-1.5434781,-1.5236412,-0.10919746,1.5434783,1.7339188,2.3981974,203565,0,0,8255
-1.5568837,-1.5895277,-0.10555402,1.7653267,1.5588167,2.6861355,203566,0,0,8254
-18.004026,-23.09691,-39.534573,42.20073,25.709751,27.762867,203569,0,0,8253
-0.30795598,-0.005587262,0,0,2.2375014,6.6764646,203573,0,0,8252
-0.57017833,-0.001977287,0,0,3.0577998,6.6982846,203574,0,0,8251
-0.47348446,-0.003054727,0,0,2.746916,6.591504,203575,0,0,8250
-0.4333547,-0.005587262,0,0,1.8620445,6.6793647,203576,0,0,8249
-4.978064,-5.5827403,-0.0975946,5.412821,6.1704164,24.64602,203577,1,0,8248
-4.978064,-5.5827403,-0.0975946,5.412821,6.1704164,24.64602,203578,1,0,8247
-4.978064,-5.5827403,-0.0975946,5.412821,6.1704164,24.64602,203579,1,0,9778
-18.442553,-19.984892,-2.0068035,15.874043,13.810428,69.22294,203580,0,0,9942
-27.724054,-27.60088,-4.946946,27.724089,27.60085,100.14502,203583,0,0,9941
-1.8940392,-1.9003345,-0.69304985,1.7256205,1.6876726,2.6948185,203584,0,0,9940
-9.431061,-9.230531,-1.0266728,9.259114,9.376583,34.39719,203587,1,0,9939
-14.891144,-16.462837,-2.0068035,15.874039,13.894866,69.22294,203588,1,0,9938
-22.609808,-22.616425,-1.8541265,22.647087,21.71597,88.42277,203589,1,0,9937
-20.024414,-19.931465,-1.6224705,20.051495,19.199804,71.880585,203590,1,0,9936
-3.2452908,-3.08601,-0.37596053,3.1775403,2.9545557,12.972478,203591,1,0,9935
-1.235331,-1.3545967,-0.09694253,1.1871331,1.2677412,3.2373772,203595,0,0,1430
-2.3306472,-2.3006973,-0.10919695,2.3306472,2.3006973,3.676967,203596,0,0,9934
-1.41214,-1.43173,-0.945456,1.24801,2.00023,3.85389,203597,0,0,9933
-221.92368,-221.56265,-0.0603854,221.92366,222.28476,222.0912,203598,0,0,9932
-0.66842216,-0.64858705,-0.06620353,0.590286,0.76984286,1.2350333,203602,0,0,1716
-0.73625505,-0.6521403,-0.049831387,0.68667376,0.6573735,1.1320794,203603,0,0,9931
-2.0712202,-1.6408398,-0.08970059,3.1737616,1.7070118,2.081833,203604,0,0,9930
-1.5838945,-0.8365991,-0.04983141,0.6617606,0.7166489,1.7665911,203605,0,0,9929
-0.33307096,-0.83744603,-0.19113469,0.2024298,0.81121165,6.4283895,203607,0,0,9928
-6.108451,-5.1354637,-1.6494229,6.9287047,5.179195,0.19594105,203608,0,0,9800
-4.8635836,-5.2373257,-0.7653449,5.118651,4.7084565,13.767358,203611,0,0,9799
-2.9184496,-2.715652,-1.5808057,2.1966884,2.3343499,10.873755,203612,0,0,9798
-2.1952596,-2.335314,-0.045984652,2.1773617,2.0213394,2.6919048,203613,0,0,9797
-1.4727584,-1.4780865,-0.5894627,1.4039663,1.3881332,3.5986362,203614,0,0,9796
-1.7624508,-1.6478457,-0.69672877,1.510041,1.7586842,5.267827,203615,0,0,9795
-18.884071,-18.386955,-1.176576,14.840554,15.187797,62.128567,203617,1,0,9794
-7.41835,-7.9287515,-0.67595774,6.280904,5.562409,27.509043,203618,1,0,9793
-22.609808,-19.424006,-1.8541317,22.647087,18.46693,88.42277,203619,1,0,9792
-4.1622505,-4.080021,-0.441853,4.142038,4.020163,14.797849,203620,1,0,1521
-12.701876,-11.115488,-0.90548134,12.079335,12.867915,26.421188,203621,1,0,9791
-7.043286,-6.828496,-0.61800444,6.496287,6.2751784,22.833195,203622,1,0,9790
-21.759161,-18.983013,-1.8541317,23.497736,18.907923,88.42277,203623,1,0,1731
-21.933817,-19.281946,-1.8541317,23.323076,18.608992,88.42277,203624,1,0,9789
-4.7194886,-4.3253436,-0.36523825,3.2185059,4.248147,14.434094,203634,0,0,9788
-0.33604497,-0.2585787,-0.06938491,0.13633904,0.32894087,2.4730158,203636,0,0,9787
-1.0706598,-7.578142,-3.0757642,2.992742,7.410905,11.630301,203639,0,0,9786
-1.0949775,-14.963469,-3.0757637,2.9698632,15.014623,11.630301,203640,0,0,1096
-1.0949751,-29.940264,-3.0757637,2.9698653,30.01592,11.812264,203641,0,0,9785
-1.1264825,-57.006084,-3.075764,2.9383583,56.917656,11.683915,203642,0,0,9784
-2.4539835,-2.3756664,-0.16163762,2.7204976,3.2331524,3.027269,203643,0,0,9783
-0.57938033,-0.48222235,-0.10531088,0.47026438,0.30983087,1.3420894,203645,0,0,9782
-1.24104,-1.4191,-0.112369,1.73576,1.71731,1.52413,203646,0,0,9781
-0.699167,-0.697647,-0.447683,0.752642,0.745119,1.26446,203647,0,0,9780
-0.699167,-0.697647,-0.447611,0.752642,0.745119,1.26446,203650,0,0,9779
-2.866702,-2.829859,-0.43450505,2.8667023,2.829859,5.110403,203652,0,0,1520
-9.304521,-9.171431,-0.10626475,9.569295,8.846637,12.462424,203656,0,0,8652
-8.960648,-14.427897,-0.22032928,23.8418,22.869303,16.54038,203657,0,0,8651
-0.14146736,-0.28282326,-0.4104082,0.28100505,0.2889795,1.6659364,203660,0,0,8650
-0.17791447,-0.30080906,-0.92375404,0.23804553,0.29209754,0.42470756,203661,0,0,1093
-0.8350828,-1.128775,-0.07761229,1.4047104,1.387699,3.7885606,203663,0,0,8649
0.12953196,-19.62486,-0.25563622,20.728827,-0.2173909,0.45782104,203666,0,0,8648
-0.87389946,-2.1033733,-0.70557576,1.0874829,1.8502036,6.399526,203668,0,0,8647
-1.0431185,-1.6343011,-0.6821211,0.8381336,1.4815949,10.162825,203669,0,0,8646
-0.78516823,-1.8642281,-0.5150905,1.1919285,2.6416278,7.473914,203671,0,0,8645
-1.3830956,-2.3281069,-0.47627407,1.3961742,2.7103722,6.084951,203672,0,0,8644
-4.2969184,-4.2295628,-1.2308041,2.2437391,1.961268,8.189534,203673,0,0,8643
-5.8835998,-6.0669866,-2.8836658,5.8088946,7.510691,10.337011,203674,0,0,8642
-2.8513882,-3.272647,-1.9144393,1.7141304,4.7856216,10.056973,203675,0,0,8641
-2.790751,-4.5545707,-1.4951032,2.9307685,5.4507937,8.951428,203676,0,0,8495
-2.8025124,-2.3759189,-1.7974652,2.0471258,2.0732758,6.748436,203677,0,0,1468
-0.7004789,-5.2728376,-0.9077392,13.130435,5.592709,4.635859,203678,0,0,8494
-3.3764987,-6.811054,-0.9245656,3.9859025,7.8133993,22.754116,203679,0,0,8493
-5.7764244,-9.803094,-1.3290306,4.1332464,7.8716497,13.598357,203680,0,0,8492
-4.517506,-13.750096,-0.9753926,3.7568712,10.419115,21.347403,203681,0,0,8491
-3.1844723,-8.561727,-1.7257982,3.963994,4.350881,32.822247,203682,0,0,8490
-4.8183255,-5.9561515,-0.62747806,4.5718017,5.043197,7.444609,203684,0,0,8489
-3.3247426,-3.6730232,-0.4374509,2.972937,2.8136,3.930022,203686,0,0,8488
-3.0086071,-3.473025,-0.16336498,2.3209028,2.4427865,1.6530892,203687,0,0,1431
-31.263418,-33.032246,-2.107224,30.37244,35.900692,43.258762,203688,0,0,8487
-24.453852,-27.30089,-1.4761788,24.643438,27.609022,51.431526,203689,0,0,8486
-18.025536,-21.948767,-0.041963696,15.455678,20.295118,33.890636,203690,1,0,8485
-7.360009,-7.0548944,-0.4025221,7.437205,8.070981,16.265985,203691,1,0,8484
-47.019653,-55.292458,-2.0497339,45.366886,39.547997,56.671867,203692,1,0,8483
-7.779302,-6.268363,-1.7864891,7.047751,7.792476,18.923574,203693,0,0,8482
-7.7172656,-7.557398,-1.8866842,9.9100685,7.557398,23.165098,203694,0,0,8481
-4.7267118,-4.259342,-0.87512463,4.7267118,4.259341,11.122511,203695,0,0,8480
-4.2967157,-5.4759912,-1.1113573,5.856269,5.4759912,12.136111,203696,0,0,8479
-0.6477094,-0.96387446,-0.016741091,0.6246174,0.26621085,1.217341,203711,0,0,8478
-0.6477094,-0.96387446,-0.12084407,0.6246174,0.26621085,1.217341,203712,0,0,8477
-0.6477094,-0.96387446,-0.12084409,0.6246174,0.3045169,1.217341,203713,0,0,8476
-0.6477094,-0.96387446,-0.10637033,0.70606077,0.35310072,1.217341,203714,0,0,8475
-1.3942124,-1.3935417,-0.019620465,1.3835654,1.3842361,4.810676,203715,0,0,8474
-5.6990724,-15.326516,-0.81193644,13.664983,16.207207,25.668695,203718,0,0,8472
-1.5663627,-2.266718,-1.6696166,0.55838555,2.274273,7.5971594,203720,0,0,8471
-2.3025565,-2.5224597,-0.043016646,2.452279,2.72767,0.91602886,203722,0,0,8470
-0.90936154,-3.1982586,-5.868026,20.559008,2.4054782,17.548191,203723,0,0,8469
-6.902837,-1.2696905,-3.3756495,4.1732926,1.2402129,13.79698,203724,0,0,8468
-8.5142975,-1.6696552,-6.67522,3.8479092,1.664683,12.040408,203725,0,0,981
-10.367512,-14.186925,-4.7624063,14.67522,15.348903,18.65382,203726,0,0,8467
-3.207876,-3.2463942,-0.3306854,3.0931835,2.6796477,2.701597,203731,0,0,15565
-2.23866,-1.71152,-0.179835,1.23418,2.17711,3.09237,203732,0,0,15564
-2.69939,-2.6647,-0.146006,2.69939,2.6647,3.18954,203733,0,0,15563
-3.20787,-3.24639,-0.330683,3.09318,2.67965,2.70159,203734,0,0,1354
-1.0251422,-1.1928372,-0.27648535,1.0251412,1.1928368,4.5647993,203737,0,0,15562
-0.160734,-1.2375548,0,1.0289284,1.2403718,5.7920475,203742,0,0,15559
0.3520818,-0.23035805,-3.1364312,0.7842593,0.26005438,0.011385863,203745,0,0,15558
0.3707799,-0.22225846,-3.1193664,0.7457293,0.24359041,0.011385798,203746,0,0,15557
-2.9205105,-2.4543946,-0.1291694,2.7756102,2.8143857,5.7210855,203748,0,0,15556
-32.209873,-43.276306,-4.2467117,50.051517,43.349415,79.28851,203749,0,0,15555
-1.2712466,-1.4608523,-0.1946699,4.726193,1.455137,3.5319328,203752,0,0,15554
-2.4013932,-1.8083973,-0.08645704,5.2721567,1.6914531,3.4196124,203754,0,0,15553
-4.030157,-1.5856272,-0.07651858,5.5070868,2.0469723,4.9349856,203755,0,0,15552
-1.3835634,-1.5567319,-0.046167783,1.4596288,1.7963545,2.7845078,203759,0,0,15551
-3.2783105,-3.3253453,-0.2748361,3.8733668,7.0317845,5.6590796,203760,0,0,15550
-2.1926315,-2.6487474,-0.5619171,2.4589496,3.0542717,2.532938,203761,0,0,15549
-2.3775275,-1.9644309,-0.20704606,2.38325,2.248833,4.840497,203762,0,0,15548
-1.1061964,-1.2203765,-0.28820345,1.2933614,1.4403644,3.2107818,203765,0,0,15547
-0.6909824,-0.6756854,-0.07148623,0.6656198,0.8285779,1.8622371,203766,0,0,15546
-1.5538903,-1.4390764,-0.2329837,1.1961597,1.5756372,2.5091333,203767,0,0,15545
-0.8184557,-0.7619549,-0.15723321,0.5987611,0.79165417,1.2925854,203768,0,0,15544
-2.024958,-2.4785817,-0.32370704,2.0309856,1.5530944,1.5931382,203773,0,0,15543
-2.0917487,-1.466086,-0.44611052,1.5694356,1.7774643,3.3348572,203774,0,0,1882
-3.558148,-2.4334602,-0.31152937,2.8637547,2.1895437,1.1105815,203775,0,0,15542
-3.374385,-4.7158337,-0.3526503,2.8903918,2.9418237,3.8687499,203776,0,0,15541
-2.1757622,-1.7135845,-1.4276273,1.7918382,1.5530944,1.9502617,203777,0,0,983
-3.374385,-4.7158337,-0.3526503,2.8903918,2.9418237,3.8687499,203778,0,0,15540
-2.024958,-2.4785817,-0.32370704,2.0309856,1.5530944,1.6092345,203779,0,0,15539
-2.1757622,-1.7135844,-1.7404262,1.7918379,1.5530945,1.637463,203780,0,0,15538
-58.849888,-26.696423,-3.2053525,61.61729,22.677404,36.875816,203781,1,0,15537
-24.30731,-12.261556,-2.4416745,24.319304,5.312994,13.251941,203783,1,0,15728
-61.01321,-76.51523,-42.17521,115.86591,100.36389,134.70392,203788,0,0,15732
-19.620932,-20.608257,-1.0569357,20.845518,19.08712,43.262108,203789,0,0,15731
-14.392323,-16.626259,-1.0569357,14.576379,18.291372,33.12043,203790,0,0,15730
-1.6364,-1.44509,-0.109649,1.39709,1.47195,2.24373,203791,0,0,15729
-2.7029808,-3.0565495,-0.33158016,2.8508587,3.1901994,3.2625556,203793,0,0,15727
-3.2808774,-4.454881,-0.285374,3.5367823,3.531147,5.5706263,203795,0,0,15726
-2.721886,-3.2414045,-1.14772,6.3443823,4.9092517,9.849741,203796,0,0,15725
-4.74272,-7.2030616,-1.3694967,5.183661,7.490566,16.619293,203797,0,0,15724
-15.375207,-11.273475,-0.8558518,9.338164,9.950398,52.70135,203798,1,0,15723
-13.368928,-15.437105,-0.53719753,13.368925,15.031394,50.331036,203799,1,0,15722
-13.050245,-16.155191,-1.1073967,13.050247,15.055103,48.38811,203800,0,0,15721
-13.163515,-15.080297,-0.97216153,13.072792,15.214795,42.172413,203801,0,0,15720
-16.287607,-12.918792,-2.072773,12.31249,11.380651,47.240486,203802,1,0,15719
-18.997074,-21.558302,-2.3551707,19.066313,18.79139,77.21167,203803,0,0,15718
-12.465688,-10.209143,-0.61008596,9.755971,8.671002,37.704735,203804,0,0,15717
-14.531071,-11.447431,-0.8878657,9.054264,8.291959,43.939545,203805,1,0,15716
-18.997074,-21.558302,-2.3551707,19.066313,18.79139,77.21167,203806,1,0,15715
-12.465688,-10.209143,-0.61008596,9.755971,8.671002,37.704735,203807,1,0,15714
-5.501592,-5.171101,-1.6745105,5.4145164,5.095317,30.355927,203808,1,0,15713
-16.957966,-16.811909,-2.3551707,19.299213,15.114802,77.21167,203809,1,0,15712
-13.050245,-16.155191,-1.1073967,13.050247,15.055103,48.38811,203810,1,0,15711
-13.729864,-29.948965,-1.9531144,22.334742,29.906488,33.107445,203831,0,0,982
-2.6586213,-0.95832527,-0.0060004364,2.9079273,0.95832527,4.3449163,203836,0,0,15710
-2.1742246,-1.1012917,-0.0060005425,2.1742246,1.1012917,7.402576,203837,0,0,15709
-2.4510367,-0.97461015,-0.03454852,2.4510367,1.4138759,4.8564467,203838,0,0,15708
-0.88753784,-0.8261738,-0.013319705,0.87018687,0.865183,2.8453996,203841,0,0,15707
-0.85756147,-0.8261738,-0.009385268,0.87018687,0.88782674,2.8675137,203843,0,0,15706
-1.0216482,-1.0199549,-0.0087064635,1.0252645,1.0269578,2.8134465,203845,0,0,15705
-1.570706,-1.6818203,-0.097839855,1.2292925,1.7907392,4.504551,203847,0,0,15704
-1.570706,-1.6818203,-0.097839855,1.2292925,1.7907392,4.504551,203848,0,0,15703
-1.570706,-1.6818203,-0.097839855,1.2292925,1.7907392,4.504551,203849,0,0,15702
-0.98080283,-2.3005803,-0.15418231,0.8753525,3.040785,3.0146675,203850,0,0,15701
-0.98080283,-2.3005803,-0.15420088,0.8753525,3.040785,3.0146675,203851,0,0,15700
-0.98080283,-2.3005803,-0.15421075,0.8753525,3.040785,3.0146675,203852,0,0,15699
-0.98080283,-2.4780154,-0.14408496,0.7991807,2.8633497,3.0146675,203853,0,0,15698
-0.98080283,-2.4780152,-0.15426499,0.7991808,2.8633497,3.0146675,203854,0,0,15697
-0.98080283,-2.4780152,-0.15412715,0.7991808,2.8633497,3.0146675,203855,0,0,15696
-1.4471253,-1.4471252,-0.08614552,1.4471253,1.4471253,6.829575,203861,0,0,15658
-0.9284278,-0.9291115,-0.07365237,0.9284278,0.9291115,5.8869357,203862,0,0,15657
-1.130496,-1.1038322,-0.15409037,1.1173424,1.1166637,6.2597766,203863,0,0,15656
-1.4471253,-1.4471252,-0.086180195,1.4471253,1.4471253,6.829575,203864,0,0,15655
-0.9284278,-0.9291115,-0.07365237,0.9284278,0.9291115,5.8869357,203865,0,0,15654
-1.130496,-1.1038322,-0.15426219,1.1173424,1.1166637,6.2597766,203866,0,0,15653
-3.1563027,-2.0705261,0.0037101363,3.1709886,2.1040604,0.0037101367,203867,0,0,15652
1,1,1,-1,-1,-1,203868,0,0,15651
-1.4471253,-1.4471252,-0.08606005,1.4471253,1.4471253,6.829575,203869,0,0,15650
-0.9284278,-0.9291115,-0.07365237,0.9284278,0.9291115,5.8869357,203870,0,0,15649
-1.130496,-1.1038322,-0.15406671,1.1173424,1.1166637,6.2597766,203871,0,0,15648
-13.000688,-13.302986,-16.408451,13.021785,12.719486,18.51081,203881,0,0,15647
-15.488611,-13.849366,-20.504059,15.674892,17.314137,18.51081,203883,0,0,15646
-14.852221,-15.515059,-17.42762,12.721837,12.058999,18.51081,203886,0,0,15645
-7.50521,-7.5203137,-9.023038,7.444397,7.454691,37.869038,203889,0,0,15644
-0.46627104,-1.1047118,-0.034082983,0.41900465,1.1069127,2.116828,203892,0,0,15643
-0.9148326,-1.5405265,-0.21967432,0.84273565,0.99762505,2.096464,203894,0,0,15642
-1.0934203,-2.0968118,-0.010465516,1.1180915,2.1036212,2.292566,203895,0,0,15641
1,1,1,-1,-1,-1,203898,0,0,15640
-0.32610977,-0.5314598,0.40618974,0.54326093,0.3379109,1.2755604,203899,0,0,15639
-2.6801014,-1.321694,0.066545404,2.6801014,0,5.9774547,203901,0,0,15638
-0.10952984,-3.489875,-0.9899627,0.6639019,3.5029578,6.8527956,203906,0,0,15637
-2.1620698,-4.207449,-1.4020396,0.68529123,4.411928,8.873155,203907,0,0,15636
-0.42973247,-2.187063,-0.8837188,0.42973238,2.187063,6.588231,203908,0,0,15635
-0.34671077,-1.8708035,-0.095633544,0.34671077,1.8708032,6.0247946,203909,0,0,15634
-0.44680098,-2.7048619,-0.39920288,0.44680104,2.7048628,6.0247946,203910,0,0,15633
-3.5258658,-3.140228,-0.02752104,3.6823697,3.1347477,9.747421,203911,0,0,15632
-3.553365,-3.1434379,-0.02752104,3.6548703,3.1315377,9.747421,203912,0,0,15631
-3.4867637,-3.1341083,-0.02752104,3.7214715,3.1408675,9.747421,203913,0,0,15630
-11.134518,-14.800756,0,11.219289,14.789387,2.4425955,203965,0,0,15592
-3.207876,-3.2463942,-0.3306854,3.0931835,2.6796477,2.701597,203967,0,0,15591
-2.2386627,-1.7115215,-0.17983551,1.234182,2.1771185,3.0923698,203969,0,0,15590
-2.6993923,-2.6646998,-0.14600635,2.6993926,2.6646998,3.1895435,203971,0,0,15589
-11.802598,-10.290318,-11.457973,11.777471,9.944516,7.7486496,203973,0,0,15588
-11.802598,-10.290318,-11.457973,11.777471,9.305633,7.7486496,203974,0,0,15587
-5.3783517,-5.104016,-3.090327,4.602151,5.3060856,22.228127,203975,0,0,15586
-5.544425,-5.8561907,-3.586253,4.8129644,4.4960184,12.668508,203976,0,0,15585
-10.201238,-9.587829,-3.2564032,10.022291,9.432064,56.084194,203977,1,0,15584
-12.348594,-1.7107909,-0.2282865,10.542497,1.6837393,3.8132477,203978,1,0,15583
-21.357649,-19.921383,-5.7617354,19.495935,18.500725,112.16312,203979,1,0,15582
-29.89996,-15.652601,-1.7726411,12.352779,8.673756,16.397049,203981,1,0,15581
-8.042576,-7.637644,-1.5321202,7.557123,7.0336137,24.462477,203982,1,0,15580
-22.488602,-21.094505,-10.024179,22.4212,21.142403,228.83282,203983,1,0,15579
-8.560478,-8.339696,-5.7617354,6.6985054,6.919286,6.4436145,203985,1,0,15578
-4.4052544,-4.1844726,-2.2224762,2.543281,2.764062,3.3355155,203986,1,0,15577
-5.941634,-36.581207,-64.91561,64.94311,22.985764,50.974354,203987,0,0,15576
-13.122619,-0.7077449,-0.5935704,13.122634,0.7077576,12.028942,203989,0,0,15575
-9.207981,-9.043569,-0.00710506,8.697508,8.861922,27.817701,203990,0,0,15574
-6.4494295,-6.308288,0.16141315,6.1029396,6.5116057,27.637016,203991,0,0,15573
-12.135379,-14.36125,0.16828066,14.428177,12.26643,25.633118,203992,0,0,15572
-6.6179976,-0.46125364,0.22028096,6.856107,0.53252226,19.94911,203993,0,0,15571
-0.42426336,-8.912673,0.21215339,0.45632163,8.731231,17.704132,203994,0,0,15570
-13.042348,-21.267664,-15.668287,12.607821,21.333092,14.126398,203995,0,0,15569
-1.3331714,-6.7972293,0.0267913,1.3294401,6.6811914,19.479733,203996,0,0,15568
-9.126462,-15.944085,-3.6605215,9.523366,15.435994,10.783163,203997,0,0,15567
-25.74557,-25.17231,-1.5330998,18.558018,25.17231,39.941757,203998,0,0,15566
-0.349219,-7.812038,-0.11926736,0.35103458,7.786267,14.13063,204004,0,0,15775
-0.10557211,-3.030602,-0.003265416,1.5145481,3.019021,9.389682,204005,0,0,15774
-4.7411113,-2.6327107,-5.6475024,4.6217237,3.9473839,5.6475043,204006,0,0,15773
-12.333184,-1.2121133,-0.012020111,12.350824,1.2121278,13.206563,204007,0,0,15772
-0.51637346,-0.5149711,-0.0054919505,0.5166682,0.86018103,3.0845501,204011,0,0,15771
-34.509117,-37.477085,-104.21072,36.029076,33.061108,12.125659,204013,0,0,15770
-6.1312237,-5.762155,-4.9716487,5.794814,6.1638827,6.954389,204019,0,0,15769
-3.2518127,-3.253695,-0.15875217,4.939921,3.4159636,1.9644712,204024,0,0,15768
-0.00030431146,-4.149836,-38.675835,1.0596847E-06,4.1278,4.1174817,204026,0,0,15767
-7.752193,-19.228615,-51.798214,18.45513,18.332697,33.646732,204031,0,0,15765
-48.438927,-43.47591,-0.69248164,58.20396,38.42862,12.339446,204038,0,0,15764
-10.225149,-9.941191,-5.548,9.925639,10.176928,20.10528,204040,0,0,15763
-7.5451903,-7.5967965,-42.655293,7.5518804,7.500274,13.618341,204041,0,0,15762
-7.6607847,-7.6013985,-42.090015,7.4886723,7.5716763,13.630053,204042,0,0,15761
-4.5028625,-4.4989514,0.0013682698,4.4947343,4.4965544,1.4857489,204043,0,0,15760
-5.583585,-5.3540072,-42.655293,4.857459,5.0870366,9.008147,204044,0,0,15759
-7.647741,-7.55041,-42.090015,7.4488482,7.5512314,13.617847,204045,0,0,15758
-4.5028625,-4.4989514,0.0013682698,4.4947343,4.4965544,1.4857489,204046,0,0,15757
-7.6048656,-7.5952816,-42.655293,7.491695,7.501279,13.618087,204047,0,0,15756
-7.648511,-7.5520506,-42.090015,7.450341,7.54519,13.618426,204048,0,0,15755
-4.5028625,-4.4989514,0.0013682698,4.4947343,4.4965544,1.4857489,204049,0,0,15754
-10.371111,-10.472649,-5.773393,10.127457,10.016113,20.136562,204050,0,0,15753
-7.5454884,-7.49733,-42.655293,7.5515575,7.5997157,13.61833,204051,0,0,15752
-7.6621575,-7.5562344,-42.090015,7.462712,7.5514326,13.620592,204052,0,0,15751
-4.5028625,-4.4989514,0.0013682698,4.4947343,4.4965544,1.4857489,204053,0,0,15750
-6.1369514,-7.826441,-4.6201696,9.248302,7.558813,10.765084,204055,0,0,15749
-4.9498253,-4.7011256,-4.0421953,5.750228,5.9989276,6.657858,204056,0,0,15748
-8.59577,-56.213627,-20.927973,55.134476,7.516617,42.80227,204057,0,0,15747
-12.950727,-15.554182,-7.6075315,19.426126,16.822672,24.769321,204058,0,0,15746
-17.749363,-4.0907273,0.058840018,18.125433,2.6839993,157.80663,204059,0,0,15745
-6.282965,-1.304996,-5.8289227,2.556954,1.3877342,0.5345564,204061,0,0,15744
-0.021059735,-1.3927047,-8.211704,10.37333,1.3000262,0.8561923,204062,0,0,15743
0.017916227,-1.463321,-5.973097,8.951652,1.3092104,0.46826205,204063,0,0,15742
-3.8385174,-5.286326,-2.3133447,3.5444262,5.4855328,19.900726,204065,0,0,15741
-60.738873,-60.738857,-52.390514,60.7389,60.73891,52.39052,204068,0,0,15740
-84.90549,-70.05249,-31.453766,19.169937,46.64593,107.51283,204069,0,0,15739
-58.079365,-34.184563,-15.444776,58.079395,34.18458,61.86253,204070,0,0,15738
-48.02501,-62.908,-24.741262,48.02503,62.908012,44.2138,204071,0,0,15737
-24.852388,-26.884651,1.6482979,59.531574,58.438545,34.981903,204072,0,0,15736
-11.504128,-14.786918,-6.2610726,18.561083,13.556409,7.907438,204073,0,0,15735
-4.220139,-3.862358,-1.6758503,4.220135,3.8623576,1.6758502,204075,0,0,15734
-5.699064,-15.326511,-0.81193346,13.664992,16.207207,25.6687,204076,0,0,15733
-3.1763957,-12.789121,-3.620521,4.5769615,20.931345,12.092383,204080,0,0,15695
-10.640466,-14.963469,-0.77928734,11.37753,15.014623,2.3108656,204084,0,0,1510
-10.640466,-14.963469,0,11.37753,15.014623,3.471761,204085,0,0,15694
-1.28481,-0.428086,-0.0340131,1.10743,0.416206,0.373861,204086,0,0,15693
-2.4940865,-2.1734555,-0.41725317,1.9336221,2.542264,0.37953338,204090,0,0,15692
0.31969512,-0.29406178,-3.533676,0.8284399,0.32327598,0.011385863,204091,0,0,15691
0.3121198,-0.26367283,-3.5819364,0.7861762,0.28914857,0.011385798,204092,0,0,15690
0.40399757,-0.30097798,-3.0160177,0.78965575,0.28793395,0.011388668,204093,0,0,15689
-2.8941767,-3.073614,-0.13830556,2.6334043,2.2011282,3.5223029,204097,0,0,15688
-1.2410469,-1.4191035,-0.2025799,1.7357681,1.7173084,1.5241324,204098,0,0,1503
-2.268764,-1.5638331,-0.6408813,1.8363171,2.6991684,1.0548862,204099,0,0,15687
-0.8686909,-0.9317304,-0.12648891,0.6927147,0.9582618,1.2193133,204101,0,0,15686
-0.8686909,-0.9317304,-0.12648891,0.6927147,0.9582618,1.2193133,204103,0,0,15685
-1.9380207,-3.9623654,-0.65989316,1.7118369,4.3095665,1.2189984,204104,0,0,1501
-29.741415,-39.011257,-2.4781673,29.22021,38.180405,4.5834823,204105,0,0,15684
-16.244967,-49.431644,-2.753218,15.322455,49.231308,6.8070235,204106,0,0,1502
-42.667454,-78.97774,-3.6028764,42.903843,77.51615,8.38937,204107,0,0,15683
-40.268147,-47.33391,-2.2263672,40.795567,47.41753,4.046289,204108,0,0,15682
-2.1728973,-2.1873965,-0.5527104,2.192411,2.1779118,0.8319431,204112,0,0,15681
-1.6845,-0.945536,-0.360942,1.65246,0.936056,0.168348,204113,0,0,15680
-6.108451,-5.1354637,-1.6494229,6.9287047,5.179195,0.19594105,204114,0,0,15679
-0.33615,-3.68631,-0.364906,1.1496,3.61402,7.37073,204116,0,0,15678
-1.05896,-8.495,-0.364906,1.08548,8.11851,8.722,204117,0,0,15677
-1.50884,-1.90951,-0.348767,1.63811,1.37303,11.0589,204118,0,0,15676
-4.51102,-4.26012,-0.7122,4.26628,1.01512,3.49025,204119,0,0,15675
-1.17159,-4.26012,-0.827489,2.4178,1.01512,3.49025,204120,0,0,15674
-4.3517404,-40.113564,-3.0015953,7.422044,44.270847,29.790644,204121,0,0,15673
-8.5512495,-5.7815804,-0.36332124,8.373946,5.2549987,13.030073,204122,0,0,15672
-15.233912,-17.475225,-1.0775965,15.143467,14.80132,75.71974,204124,1,0,15671
-14.061103,-31.383081,-10.363347,14.68733,30.535566,17.119654,204125,1,0,15670
-2.5694628,-6.265509,-1.246042,2.4856164,8.384775,3.1653588,204126,1,0,1424
-1.0411338,-5.2264514,-0.050891805,1.0708476,5.398993,2.3915963,204127,1,0,15669
-28.977064,-12.525942,-2.423242,23.736288,6.5256267,14.589314,204128,1,0,742
-23.269463,-20.378592,-2.3551738,23.18177,26.290949,90.74288,204129,1,0,15668
-24.928886,-24.353561,-2.3551707,24.916218,24.121862,77.21167,204130,1,0,15667
-24.556135,-20.918945,-2.3551707,25.329279,28.224833,77.21167,204131,1,0,15666
-16.957966,-15.247569,-2.3551707,17.027206,13.499722,77.21167,204132,1,0,15665
-16.957966,-16.811909,-2.3551707,19.299213,15.114802,77.21167,204133,1,0,15664
-5.749643,-5.405088,-1.9010565,5.682281,5.3464456,31.642897,204134,1,0,15663
-4.1305046,-4.911005,-0.95986927,4.130506,4.6279893,5.0359306,204135,1,0,15662
-2.9477694,-3.5452993,-0.70545083,2.94777,3.2622838,4.50059,204136,1,0,15661
-0.31821227,-0.56979394,0.0030917062,0.3040101,0.56887287,1.1720244,204142,0,0,15660
-13.008683,-13.053056,-2.3730183,7.788876,12.960661,33.571148,204144,0,0,15659
-0.27590778,-0.38883612,-0.15176833,0.61905,0.58751667,0.9963361,218550,0,0,6272
-0.6063861,-0.8101611,-0.06614611,0.8373667,0.41140833,1.3977473,218551,0,0,6271
-1.4601952,-1.2686752,-0.181504,1.522575,2.1358976,0.89181066,218552,0,0,6270
-2.0491536,-1.634025,-0.2417283,1.3150764,1.1454134,1.5227139,218553,0,0,6269
-0.49297503,-0.3534278,-0.053890277,0.28063336,0.28878334,1.0235916,218554,0,0,6268
-0.28066945,-0.20686084,-0.025165278,0.28066945,0.19706306,0.7566639,218555,0,0,6267
-0.3154611,-0.23192279,-0.012947778,0.3154611,0.22207445,0.8658,218556,0,0,6266
-0.21221334,-0.3687139,-0.09527111,0.289775,0.35885558,0.53922224,218557,0,0,6265
-0.37397778,-0.39523613,-0.1580211,0.30961388,0.4247667,0.5169389,218558,0,0,6264
-0.5399306,-0.58100003,-0.49407223,0.56053054,0.7390445,1.2309417,218559,0,0,6263
-0.4623667,-0.466825,-0.33958888,0.37845555,0.54177505,0.97843057,218560,0,0,6262
-0.31479168,-0.20083083,-0.10294,0.46463612,0.44620556,0.98264724,218561,0,0,6261
-0.33452642,-0.36477172,-0.009768443,0.3177686,0.36974856,0.45957825,218563,0,0,6260
-0.3544841,-0.4110622,-0.032578375,0.33413392,0.38989487,1.2555391,218564,0,0,6259
-0.25417423,-0.295684,-0.01026766,0.2376959,0.2764282,0.93943185,218565,0,0,6258
-0.25417426,-0.295684,-0.01026766,0.23769593,0.2764282,1.2857885,218566,0,0,6257
-0.16415247,-0.19213945,-0.01597468,0.15114889,0.17459914,0.3600019,218567,0,0,6256
-0.25417426,-0.295684,-0.01026766,0.23769593,0.2764282,1.2857885,218568,0,0,6255
-0.32013378,-0.3767553,-0.029232165,0.56705344,0.73785675,0.65366805,218569,0,0,6254
-0.3544841,-0.41106218,-0.010267674,0.33413392,0.38989487,1.0568676,218570,0,0,6253
-0.16415246,-0.19213945,-0.01597468,0.15114889,0.17459914,0.23583896,218571,0,0,6252
-0.6045772,-0.5360315,-0.36679962,0.3438262,0.3688586,1.030082,218572,0,0,6251
-0.18693209,-0.18256308,-0.0001304315,0.18518478,0.23446716,0.11705934,218573,0,0,6250
-0.063806735,-0.08007965,-3.7031998E-05,0.074809186,0.071101114,0.043079153,218574,0,0,6249
-0.39582506,-0.3767553,-0.029232161,1.2377889,1.1652693,0.65366805,218575,0,0,6248
-0.61299866,-0.1813929,-0.16671829,0.772163,1.1389511,1.5705353,218576,0,0,6247
-0.44565555,-0.24956056,-0.32497498,0.4933528,0.39326668,0.706875,218577,0,0,6246
-0.42108056,-0.36236945,-0.026896944,0.7668417,0.6541167,0.87668335,218578,0,0,6245
-0.33006665,-0.21347612,-0.055605,0.27629083,0.30538055,0.76998335,218579,0,0,6244
-0.67282504,-0.66135836,-0.32359165,0.43479168,0.2545878,1.0452278,218580,0,0,6243
-0.74895,-0.48619446,-0.13460611,0.4426,0.5113556,0.7059944,218581,0,0,6242
-0.30956945,-0.25614086,-0.055605,0.29678613,0.26271585,0.76998335,218582,0,0,6241
-0.7489541,-0.4861953,-0.13460661,0.44260436,0.5113558,0.70599884,218583,0,0,6240
-0.33007127,-0.21347637,-0.05560518,0.2782178,0.3053811,0.76998687,218584,0,0,6239
-0.5029195,-0.5573278,-0.21881528,0.59135836,0.49021113,0.9836611,218585,0,0,6238
-0.40155834,-0.3259278,-0.044355832,0.34084722,0.30933332,1.3910362,218586,0,0,6237
-0.6770876,-0.4456962,-0.3847002,0.6496311,0.7604291,0.9948244,218587,0,0,6236
-0.41651946,-0.41200835,-0.15975972,0.48294726,0.28353333,0.6934639,218588,0,0,6235
-0.43722612,-0.49973032,-0.24874613,0.6990259,0.8632508,1.0120178,218589,0,0,6234
-0.40570414,-0.36589274,-0.027467797,0.37207252,0.36875665,1.2338386,218590,0,0,6233
-0.36990547,-0.31652394,-0.029169597,0.36990547,0.31652394,0.9234344,218591,0,0,6232
-0.16889203,-0.1968381,-0.04136148,0.25209257,0.31699187,0.69308203,218592,0,0,6231
-0.44912502,-0.38280177,-0.029169597,0.45344433,0.38951662,1.271258,218593,0,0,6230
-0.35656574,-0.40629828,-0.21034248,0.621697,0.76716805,1.060791,218594,0,0,6229
-0.36990547,-0.31652394,-0.029169597,0.36990547,0.31652394,1.0880754,218595,0,0,6228
-0.36990547,-0.31652394,-0.029169597,0.36990547,0.31652394,0.6820853,218596,0,0,6227
-0.31069747,-0.36432198,-0.03436452,0.36523858,0.3670725,1.3491777,218597,0,0,6226
-0.31230435,-0.3569502,-0.12810946,0.4993042,0.61660767,0.7630759,218598,0,0,6225
-0.19847085,-0.21691483,-0.017383758,0.29557857,0.3435487,0.15519357,218599,0,0,6224
-0.17095812,-0.10020038,-0.017207677,0.15887812,0.20154877,0.14094692,218600,0,0,6223
-0.13583381,-0.20402385,-0.015053941,0.15808247,0.139479,0.09164027,218601,0,0,6222
-0.514197,-0.357919,-0.0170325,0.493061,0.385442,0.901756,218603,0,0,6221
-0.25668,-0.277451,-0.0442481,0.570986,0.551758,0.787558,218604,0,0,6220
-0.322964,-0.379031,-0.06277,0.574975,0.581939,0.764853,218605,0,0,6219
-0.398264,-0.338375,-0.0373528,0.382553,0.237875,1.0056,218606,0,0,6218
-0.457153,-0.391822,-0.0403028,0.440786,0.322775,1.34332,218607,0,0,6217
-1.03621,-0.829231,-0.200075,0.744817,0.744247,1.33083,218608,0,0,6216
-0.590017,-0.786392,0,0.880111,0.871489,1.01234,218609,0,0,6215
-0.586739,-0.429122,-0.0415814,0.26724,0.466819,0.755706,218610,0,0,6214
-0.398264,-0.274154,-0.0373528,0.382553,0.302094,0.564583,218611,0,0,6213
-0.715103,-1.56134,-0.153204,0.652589,0.628356,1.20512,218612,0,0,6212
-0.203242,-0.254002,-0.0165631,0.324425,0.301625,0.147181,218614,0,0,6211
-0.115679,-0.144358,-0.0172128,0.145609,0.148469,0.141501,218615,0,0,6210
-0.170792,-0.231633,-0.0156878,0.190101,0.325656,0.12489,218616,0,0,6209
-0.33270124,-0.27722245,-0.023365939,0.4251761,0.26812392,0.9629769,218617,0,0,6208
-0.5223214,-0.37743413,-0.036363658,0.522322,0.3742607,0.6545966,218618,0,0,6207
-0.29913318,-0.40654582,-0.6290351,0.3148028,0.3247787,0.5509465,218619,0,0,6206
-0.14671035,-0.23820074,-0.24390435,0.1833628,0.15498447,0.17888534,218620,0,0,6205
-0.74561167,-0.823971,-0.737269,0.731987,0.9484694,1.0139425,218621,0,0,6204
-0.4170774,-0.30703315,-0.09656031,0.417078,0.29320076,0.9122761,218622,0,0,6203
-0.38415885,-0.2851172,-0.011041167,0.38415945,0.26774213,0.40193656,218623,0,0,6202
-0.5285672,-0.29202935,-0.33340058,0.45635024,0.48758465,0.47079387,218624,0,0,6201
-0.66574556,-0.79324406,-0.7825725,0.9863718,0.87375927,1.97916,218625,0,0,6200
-0.51236004,-0.5288739,-1.110889,0.6547711,0.42968574,1.5882589,218626,0,0,6199
-0.48677555,-0.73894167,-0.12291408,0.69474715,0.4844316,0.956689,218627,0,0,6198
-0.5468052,-0.45595774,-0.09239773,0.21107218,0.08938859,0.9631688,218628,0,0,6197
-0.21872802,-0.18501297,-0.014724761,0.20496245,0.21601167,0.14195466,218630,0,0,6196
-0.06252828,-0.0804817,-0.005427974,0.08831782,0.089159004,0.07075412,218631,0,0,6195
-0.10323694,-0.061546665,-0.0073132217,0.07630376,0.05812656,0.032983102,218632,0,0,6194
-0.06924469,-0.11014341,-0.018586973,0.12312035,0.09417925,0.07946219,218633,0,0,6193
-0.054474212,-0.05276168,-0.016288692,0.04916619,0.05136117,0.05755653,218634,0,0,6192
-0.08317333,-0.08646748,-0.008161892,0.074969724,0.09076092,0.07153784,218635,0,0,6191
-0.173029,-0.156608,-0.00731333,0.125864,0.119587,0.0461417,218637,0,0,6190
-0.1521,-0.208304,-0.00852167,0.166139,0.182119,0.109426,218638,0,0,6189
-0.133449,-0.266511,-0.00743111,0.175158,0.198441,0.0369067,218639,0,0,6006
-0.0882033,-0.114906,-0.00777,0.114801,0.0962483,0.122715,218640,0,0,6005
-0.208362,-0.2005,-0.00743111,0.150726,0.183723,0.0369067,218641,0,0,6004
-0.115402,-0.152481,-0.00424417,0.124576,0.142456,0.0312258,218642,0,0,6003
-0.156599,-0.182608,-0.00852167,0.161639,0.207814,0.109426,218643,0,0,6002
-0.107836,-0.101049,-0.00777,0.0951681,0.110104,0.122715,218644,0,0,6001
-0.0735969,-0.0798275,-0.00777,0.0928128,0.096215,0.0983892,218645,0,0,6000
-0.113637,-0.138379,-0.00633694,0.13508,0.114591,0.0593744,218646,0,0,5999
-0.188297,-0.1726,-0.00743111,0.17079,0.211623,0.0369067,218647,0,0,5998
-0.120768,-0.141118,-0.00424417,0.119211,0.15382,0.0312258,218648,0,0,5997
-0.130849,-0.147031,-0.00424417,0.129372,0.11956,0.0248131,218649,0,0,5996
-0.248815,-0.248816,-0.0350747,0.248818,0.248816,0.274771,218651,0,0,5995
-0.359072,-0.357219,-0.351911,0.3089,0.362297,0,218652,0,0,5994
-0.330375,-0.368181,-0.0444617,0.327683,0.369308,0.307444,218653,0,0,5993
-0.338597,-0.359228,-0.0444617,0.309972,0.292331,0.307444,218654,0,0,5992
-0.378906,-0.318747,-0.351911,0.362528,0.326592,0,218655,0,0,5991
-0.297867,-0.0998808,-0.0339947,0.278158,0.129741,0.102861,218656,0,0,5990
-0.322167,-0.138515,-0.108911,0.294783,0.191968,0.0279444,218657,0,0,5989
-0.220141,-0.255496,0,0.221916,0.254948,0.255982,218658,0,0,5988
-0.294678,-0.274198,0.00792167,0.281514,0.277468,0.17312,218659,0,0,5987
-0.359169,-0.309525,-0.0403028,0.451108,0.518836,0.544956,218673,0,0,5974
-0.332294,-0.341433,-0.0403028,0.363342,0.373172,1.00899,218674,0,0,5973
-0.398264,-0.284464,-0.0373528,0.382553,0.291781,0.674886,218675,0,0,5972
-0.428344,-0.385386,-0.0373528,0.352472,0.190862,0.674886,218676,0,0,5971
-0.190389,-0.237379,-0.0524311,0.637275,0.591831,0.700156,218677,0,0,5970
-0.457153,-0.455236,-0.0442481,0.440786,0.373972,0.610597,218678,0,0,5969
-0.513161,-0.411072,-0.0373528,0.267659,0.16518,0.674886,218679,0,0,5968
-0.553292,-0.813767,-0.0733775,0.588392,0.826769,0.838644,218680,0,0,5967
-0.149104,-0.127384,-0.047645,0.105946,0.134789,0.11549,218681,0,0,5966
-0.117725,-0.109613,-0.105749,0.113015,0.129931,0.12339,218682,0,0,6155
-0.176815,-0.196076,-0.0206603,0.196148,0.196651,0.0950761,218683,0,0,6154
-0.190639,-0.208882,-0.0147614,0.170253,0.348408,0.125816,218684,0,0,6153
-0.173404,-0.209423,-0.018855,0.187489,0.347869,0.121724,218685,0,0,6152
-0.5794306,-0.47953334,-0.02479,0.24988501,0.20891666,1.5214916,218708,0,0,6136
-0.28377223,-0.10826056,-0.024515834,0.47965002,0.441075,1.0387751,218709,0,0,6135
-0.3154611,-0.23342334,-0.012947778,0.3154611,0.22057362,0.8658,218710,0,0,6134
-0.46587223,-0.70578057,-0.044444446,0.7264445,0.7172778,1.0567722,218711,0,0,6133
-0.3013361,-0.405675,-0.01229,0.40178612,0.22120722,0.7006417,218712,0,0,6132
-0.7181472,-0.67438614,-0.09019723,0.84146947,1.1057723,0.81171393,218713,0,0,6131
-0.8445528,-0.68113613,-0.03763139,0.34779444,0.44712502,0.9485084,218714,0,0,6130
-0.4053028,-0.57761115,-0.085565,0.39787498,0.58651114,0.8354556,218715,0,0,6129
-0.6196278,-0.5443417,-0.39904442,0.43727776,0.7234639,1.2244222,218716,0,0,6128
-0.67659724,-0.5108361,-0.3330139,0.63575834,0.6908667,1.7241555,218717,0,0,6127
-0.45421115,-0.46063057,-0.33590278,0.37828612,0.53798056,0.9690695,218718,0,0,6126
-0.33909446,-0.28543335,-0.029280001,0.2897639,0.23891918,0.9463945,218719,0,0,6125
-0.21409945,-0.20832889,-0.023469444,0.23260055,0.21642028,0.59052783,218720,0,0,6124
-0.236884,-0.345067,-0.0139117,0.22697,0.104176,0.743022,218721,0,0,6123
-0.143227,-0.133384,-0.00918611,0.148504,0.149158,0.4072,218722,0,0,6122
-0.662403,-1.30269,-0.444356,1.0379,0.777647,2.62138,218723,0,0,6121
-0.167213,-0.205044,-0.0171872,0.943131,0.566075,1.51672,218724,0,0,6120
-0.543025,-0.422469,-0.0193942,0.487631,0.255933,0.831867,218725,0,0,6119
-0.169366,-0.121064,-0.0157731,0.363047,0.282358,0.827644,218726,0,0,6118
-0.686022,-0.797981,-0.0125578,0.332464,0.422483,1.62849,218727,0,0,6117
-0.387214,-0.315986,-0.0187036,0.386997,0.293625,0.937386,218728,0,0,6116
-0.23000288,-0.19387981,-0.008693289,0.24323617,0.14381129,0.39516425,218729,0,0,6115
-0.15047398,-0.16175042,-0.03104567,0.25592938,0.22908653,0.4820741,218730,0,0,6114
-0.45827904,-0.3135162,-0.017656598,0.21455245,0.35450143,0.50829285,218731,0,0,6113
-0.3088834,-0.28633705,-0.07591078,0.2306886,0.28638682,0.42183706,218732,0,0,6112
-0.36282346,-0.11373127,-0.0567572,0.14228399,0.2869102,0.20429538,218733,0,0,6111
-0.10664719,-0.12659132,-0.01550707,0.127701,0.10414676,0.10101288,218734,0,0,6110
-0.36251307,-0.18097611,-0.045938008,0.16942795,0.19843115,0.23852338,218735,0,0,6109
-0.11048989,-0.13071479,-0.027350899,0.11341807,0.08603672,0.11166439,218736,0,0,6108
-0.09073148,-0.14654575,-0.012277058,0.14204149,0.13662241,0.08421725,218737,0,0,6107
-0.05470388,-0.07863133,-0.0063282647,0.091090456,0.09917873,0.06566307,218738,0,0,6106
-0.174954,-0.126235,-0.0281931,0.174736,0.158223,0.493481,218739,0,0,6105
-0.442131,-0.357064,-0.0160536,0.214375,0.112354,0.956761,218740,0,0,6104
-0.350639,-0.379078,-0.0127767,0.424472,0.397697,0.633272,218741,0,0,6103
-0.394689,-0.452036,-0.0127767,0.355347,0.324739,0.716294,218742,0,0,6102
-0.221339,-0.187939,-0.0129206,0.299694,0.184617,0.804253,218743,0,0,6101
-0.521686,-0.597783,-0.0129206,0.567856,0.574969,0.666614,218744,0,0,6100
-0.387044,-0.372236,-0.0127767,0.388061,0.404542,0.633272,218745,0,0,6099
-0.260628,-0.17034,-0.0129206,0.26041,0.202215,0.625103,218746,0,0,6098
-0.365878,-0.406592,-0.00942861,0.365658,0.116474,1.13788,218747,0,0,6097
-0.311772,-0.251158,-0.0840886,0.438517,0.285319,0.369981,218748,0,0,6096
-0.31244707,-0.24961264,-0.010867187,0.4378492,0.2868686,0.75664634,218749,0,0,6095
-0.218188,-0.249505,-0.0381903,0.22693,0.249338,0.141711,218750,0,0,6094
-0.165555,-0.238619,-0.0152528,0.144186,0.178681,0.128359,218751,0,0,6093
-0.6999611,-0.31237224,-0.13460611,0.51098615,0.5813111,0.55147225,218752,0,0,6092
-0.76697224,-0.48619446,-0.13460611,0.42458054,0.5113556,0.7059944,218753,0,0,6091
-0.4799889,-0.59023887,-0.16910473,0.45901945,0.30866113,0.86275,218754,0,0,6090
-0.52572227,-0.4028417,-0.036532503,0.48394448,0.46112224,1.3381861,218755,0,0,6089
-0.37768057,-0.8242889,-0.5094639,0.56623614,0.6178667,0.91051114,218756,0,0,6088
-0.61514723,-0.6640084,-0.079080276,0.8162806,0.8477528,1.2882973,218757,0,0,6087
-0.7314,-1.0292805,-0.41033334,1.1377195,0.62911946,1.88765,218758,0,0,6086
-0.47607502,-0.59023887,-0.46695557,0.46293613,0.30866113,0.5648945,218759,0,0,6085
-0.43488103,-0.36457777,-0.024219792,0.4564715,0.3981427,1.1894003,218760,0,0,6084
-1.0448563,-0.4999468,-0.10580307,0.4884869,0.83932966,1.028093,218761,0,0,6083
-0.31527779,-0.44763634,-0.07590384,0.6899211,0.9298079,0.8912631,218762,0,0,6082
-0.47349957,-0.3967855,-0.023281788,0.6528858,0.30217817,0.72512126,218763,0,0,6081
-0.24441801,-0.16709688,-0.020070035,0.5159172,0.47973052,1.1072123,218764,0,0,6080
-0.37482658,-0.33684725,-0.020070031,0.3855087,0.3099801,0.98009723,218765,0,0,6079
-0.2786439,-0.22216438,-0.005640252,0.29364893,0.24012603,0.6398957,218766,0,0,5901
-0.45086008,-0.39387062,-0.014774808,0.4615422,0.4312103,1.3712715,218767,0,0,5900
-0.37482658,-0.32688323,-0.020070031,0.3855087,0.31994417,0.98009723,218768,0,0,5899
-0.4850545,-0.56273556,-0.015463776,0.49076796,0.48540965,1.0438972,218769,0,0,5898
-0.825764,-0.4041136,-0.007933474,0.4848265,0.65974027,1.3454725,218770,0,0,5897
-0.37466618,-0.32634988,-0.020070031,0.38566905,0.32047743,1.0742824,218771,0,0,5896
-0.5203591,-0.44196543,-0.1532044,0.6525926,0.7139466,1.050779,218772,0,0,5895
-0.20920204,-0.24950488,-0.038190365,0.23591669,0.24933863,0.1417109,218773,0,0,5894
-0.15689175,-0.23343989,-0.015253269,0.15284921,0.18386081,0.12835868,218774,0,0,5893
-0.15127228,-0.12931594,-0.015457205,0.29201517,0.15937622,0.11474492,218776,0,0,5892
-0.18420286,-0.15400963,-0.038667094,0.1358704,0.16711253,0.16121382,218777,0,0,5891
-0.22370954,-0.27341983,-0.027613686,0.22530834,0.26646167,0.15981704,218778,0,0,5890
-0.11582521,-0.18310662,-0.025915021,0.10255019,0.0976891,0.12586638,218779,0,0,5889
-0.446878,-0.54105,-0.117278,0.712006,0.553572,1.76206,218782,0,0,5888
-0.368411,-0.334786,-0.0291692,0.371397,0.298256,1.08808,218783,0,0,5887
-0.65005,-0.424297,-0.0324797,1.10395,0.790997,1.7368,218784,0,0,5886
-0.449125,-0.39715,-0.0757911,0.453442,0.375161,1.22463,218785,0,0,5885
-0.576069,-0.525444,-0.0348883,0.580256,0.492108,1.03081,218786,0,0,5884
-1.15886,-1.50604,-0.256372,1.44571,0.707575,1.88765,218787,0,0,5883
-1.24312,-1.35251,-0.39925,1.48479,1.36093,2.449,218788,0,0,5882
-0.5856,-0.549211,-0.146694,0.458897,0.669153,0.989506,218789,0,0,5881
-0.414728,-0.607169,-0.210342,0.721519,0.755808,1.57078,218790,0,0,5880
-0.368411,-0.318989,-0.0291692,0.371397,0.31405,1.62046,218791,0,0,5879
-0.879164,-0.995947,-0.590139,0.979622,1.23375,2.73602,218792,0,0,5878
-0.203242,-0.254002,-0.0165631,0.324425,0.301625,0.147181,218793,0,0,5877
-0.145901,-0.154323,-0.00921889,0.161693,0.143914,0.142093,218794,0,0,5876
-0.885339,-0.220741,-0.0641508,0.208596,0.972686,1.04572,218795,0,0,5875
-0.806311,-0.742731,-0.101849,0.811714,0.779281,1.63263,218796,0,0,5874
-0.627117,-0.495139,-0.0170456,0.631981,0.582256,0.804647,218797,0,0,5873
-0.472569,-0.396664,-0.0354492,0.476975,0.415844,0.942747,218798,0,0,5872
-0.596878,-0.473297,-0.0262117,0.601658,0.552275,1.20849,218799,0,0,5871
-0.472569,-0.422375,-0.0354492,0.476975,0.390139,1.63316,218800,0,0,5870
-0.0887669,-0.093715,-0.0120511,0.118112,0.0854475,0.0701883,218801,0,0,5869
-0.0425792,-0.0553517,-0.0180347,0.0601739,0.07031,0.168836,218802,0,0,5868
-0.0677319,-0.082015,-0.0162861,0.100005,0.0958769,0.118693,218803,0,0,5867
-0.472569,-0.418544,-0.0354492,0.476975,0.393969,1.5073,218804,0,0,5866
-0.744453,-0.714908,-0.278481,0.658381,0.669508,0.818361,218805,0,0,5865
-0.315278,-0.444067,-0.0759036,0.689917,0.933369,0.891258,218806,0,0,5864
-0.716933,-0.493169,-0.0354492,0.538783,0.319347,1.43511,218807,0,0,5863
-0.45086017,-0.45437825,-0.07552745,0.4615424,0.45802423,0.8075658,218809,0,0,5862
-0.2588175,-0.30732295,-0.052074857,0.26210886,0.21360339,0.956242,218810,0,0,5861
-0.29514757,-0.29555085,-0.049674474,0.30000216,0.29959887,0.52959824,218811,0,0,5860
-0.30521062,-0.30679223,-0.030383194,0.30648324,0.30487838,0.41577452,218812,0,0,5859
-0.4733519,-0.5304432,-0.0800005,0.58979124,0.5993771,1.5129664,218813,0,0,5858
-0.30541396,-0.30543756,-0.026443612,0.3062799,0.30625626,0.26110476,218814,0,0,5857
-0.49727452,-0.5028445,-0.04890396,0.4966001,0.49103028,0.5708275,218815,0,0,5856
-0.1789916,-0.17970684,-0.024139471,0.17952831,0.17881308,0.5056621,218816,0,0,5855
-0.21257369,-0.21274401,-0.023391118,0.21143752,0.21389465,0.3964601,218817,0,0,5854
-0.40460247,-0.40541208,-0.05808684,0.40283337,0.40202376,0.5308414,218818,0,0,5853
-0.3065876,-0.30500174,-0.026443614,0.30510625,0.30669206,0.37748256,218819,0,0,5852
-0.317131,-0.309492,-0.0412133,0.342447,0.276143,0.272993,218820,0,0,5851
-0.102928,-0.114894,-0.0245864,0.124633,0.0821797,0.224716,218821,0,0,5850
0.0021836334,-0.40731445,-0.0014514978,0.0031261249,0.39496326,1.0119858,218822,0,0,5849
0.025619388,-0.38408294,-0.001451495,0.026489198,0.41819477,1.0119858,218823,0,0,5848
0.010820259,-0.3685042,-0.003975214,0.011395619,0.31107584,0.8544701,218824,0,0,5847
-5.3250136E-05,-0.37338197,-0.0014515021,0.00064774224,0.42889577,1.0119858,218825,0,0,5846
-0.0012913332,-0.31385446,0.0010671596,-0.000620063,0.28206974,0.75383866,218826,0,0,5845
-0.0033022785,-0.2548438,-0.00543548,-0.0025315336,0.11399555,0.76332885,218827,0,0,5844
-0.39878437,-0.4362581,-0.032039173,0.3727616,0.350462,0.4625069,218828,0,0,5961
-0.33546105,-0.3054476,-0.04068665,0.3060379,0.33580923,0.6899393,218829,0,0,5960
-0.16327254,-0.24097493,-0.01919816,0.19402488,0.19503888,0.57877904,218830,0,0,5959
-0.16327257,-0.24792896,-0.021653563,0.19402489,0.18808486,0.6899393,218831,0,0,5958
-0.24164346,-0.34842625,-0.013113103,0.28715682,0.29687414,0.38361856,218832,0,0,5957
-0.43866286,-0.4301284,-0.041997757,0.4100378,0.35969508,0.84306693,218833,0,0,5956
-0.29722148,-0.43031356,-0.018605884,0.35320288,0.36340594,0.48662344,218834,0,0,5955
-0.5818036,-0.75947404,-0.052982405,0.94004726,0.86805123,0.7156147,218835,0,0,5954
-0.36254483,-0.44639477,-0.026912363,0.50239056,0.5836913,0.5379346,218838,0,0,5953
-0.34180456,-0.3705794,-0.025085038,0.34566966,0.2432722,0.46358103,218839,0,0,5952
-0.5150116,-0.34414265,-0.31377736,0.4759809,0.5509886,0.6437327,218840,0,0,5951
-0.74781775,-0.60670966,-0.40255758,0.72896737,0.5622433,0.92987794,218841,0,0,5950
-0.18970792,-0.2709523,-0.0038731056,0.18679239,0.15072754,0.15468623,218842,0,0,5949
-0.30779195,-0.31046644,-0.026024265,0.2873654,0.24859424,0.20008351,218843,0,0,5948
-0.2925519,-0.14406715,-0.7909295,0.1461463,0.3543505,0.34270763,218844,0,0,5947
-0.34760332,-0.3930408,-0.6667398,0.3148028,0.33828375,0.3646707,218845,0,0,5946
-0.29913318,-0.3936413,-0.6667398,0.3148028,0.33768326,0.5132417,218846,0,0,5945
-0.3324925,-0.2356431,-0.05227346,0.34131333,0.24920763,1.1482158,218847,0,0,5944
-0.7315141,-0.41550127,-0.0338929,0.5966312,0.3905956,0.80829936,218848,0,0,5943
-0.69037896,-0.27049458,-0.76296693,0.379461,0.7132966,0.98159146,218849,0,0,5942
-0.361812,-0.4292682,-0.23932034,0.3148028,0.3234243,0.2852381,218850,0,0,5941
-0.77450114,-0.5925868,-0.40255758,0.702284,0.5763661,0.8573293,218851,0,0,5940
-0.19565757,-0.093167394,-0.052273452,0.3277636,0.39168337,0.7794248,218852,0,0,5939
-0.4078808,-0.44590935,-0.32154542,0.46165207,0.59229875,0.89984226,218853,0,0,5938
-0.30684027,-0.223932,-0.03179055,0.24545966,0.17348671,0.64992934,218854,0,0,5937
-0.5395918,-0.23374243,-0.8265246,0.17263971,0.5195655,0.7580092,218855,0,0,5936
-0.69465005,-0.5301707,-0.026897265,0.49327433,0.48632282,0.7376954,218856,0,0,5935
-0.25591722,-0.20869096,-0.017225701,0.24570918,0.22054519,0.63327557,218857,0,0,5934
-0.96981037,-0.76360655,-0.15895899,0.5434688,0.6830786,1.0975156,218858,0,0,5933
-0.3727283,-0.30488268,-0.075154714,0.41939178,0.32980365,0.69200355,218859,0,0,5932
-0.50124294,-0.3161494,-0.060560122,0.2749785,0.23154418,0.6978573,218860,0,0,5931
-0.33850142,-0.2682732,-0.05560518,0.26786083,0.25058427,0.76998675,218861,0,0,5930
-0.6910764,-0.43002674,-0.3235964,0.4165434,0.4859217,1.0452318,218862,0,0,5929
-0.5119355,-0.5573309,-0.30018702,0.58234817,0.49021187,0.9022916,218863,0,0,5928
-0.56974566,-0.45095274,-0.3847002,0.75697297,0.7551725,1.0391989,218864,0,0,5927
-0.39682487,-0.4050621,-0.25928977,0.5026444,0.29048416,0.5939344,218865,0,0,5926
-0.970982,-0.85533875,-0.09476501,1.5208671,1.7882818,0.9407136,218899,0,0,6424
-1.4150367,-1.2543378,-0.11486326,1.0730236,0.7828225,0.74410534,218900,0,0,6423
-0.89561963,-1.0236137,-0.13669571,1.039167,0.8315902,0.62049943,218901,0,0,6422
-0.8628964,-1.1335027,-0.21000266,0.6982125,0.51589954,0.80232793,218902,0,0,6421
-0.59928507,-0.6172727,-0.09737092,0.62590724,0.8149169,0.38979086,218903,0,0,6420
-0.19872317,-0.18273552,-0.03020637,0.19872406,0.20913374,0.87689304,218904,0,0,6419
-0.5132559,-0.39837167,-0.2546825,0.29287,0.45306343,0.46628284,218905,0,0,6418
-0.40367773,-0.41726735,-0.015977455,0.4036801,0.39021352,0.55452526,218906,0,0,6417
-0.152755,-0.388836,-0.151768,0.7422,0.587517,0.996336,218917,0,0,6408
-0.606386,-0.810161,-0.0661461,0.837367,0.411408,1.39775,218918,0,0,6407
-0.951022,-0.829956,-0.0311242,0.998494,1.39525,0.670383,218919,0,0,6406
-1.4622,-1.14146,-0.105472,0.557269,0.775386,1.56474,218920,0,0,6405
-0.571969,-0.48375,-0.0332333,0.464672,0.376811,1.4106,218921,0,0,6404
-0.381711,-0.280986,-0.0245158,0.381711,0.268346,1.03878,218922,0,0,6403
-0.315461,-0.231923,-0.0129478,0.315461,0.222074,0.8658,218923,0,0,6402
-0.212213,-0.368714,-0.0952711,0.289775,0.358856,0.539222,218924,0,0,6401
-0.373978,-0.395236,-0.158021,0.309614,0.424767,0.516939,218925,0,0,6400
-0.539931,-0.581,-0.494072,0.560531,0.739044,1.23094,218926,0,0,6399
-0.462367,-0.466825,-0.339589,0.378456,0.541775,0.978431,218927,0,0,6398
-0.417072,-0.298644,-0.000486111,0.417078,0.301583,0.401519,218928,0,0,6397
-0.214099,-0.21982,-0.0127278,0.232601,0.204929,0.531469,218929,0,0,6396
-0.9432543,-1.6835073,-2.2877905,0.380558,2.2045088,2.3474789,218932,0,0,6395
-1.2580309,-1.0799911,-1.0076548,1.4533783,1.1500322,10.65911,218933,0,0,6394
-0.84431607,-0.71436703,-2.76184,0.9754218,0.78229296,5.0682034,218934,0,0,6393
-0.45655528,-0.41206092,-0.062378157,0.4607792,0.42961413,1.2788926,218935,0,0,6392
-0.32238024,-0.40608713,-0.062378123,0.32238033,0.35599172,1.6001433,218936,0,0,6391
-0.4492108,-0.3969409,-0.062378064,0.4565845,0.44153133,0.8755064,218937,0,0,6390
-0.32238024,-0.38406458,-0.12513642,0.32238033,0.37801424,1.537385,218938,0,0,6389
-0.2732738,-0.24715315,-0.041985147,0.2770734,0.22377273,0.75095856,218939,0,0,6388
-0.467792,-0.462544,-0.013705,0.471989,0.477236,1.32766,218940,0,0,6387
-0.34215036,-0.34693208,-0.02482027,0.36748746,0.3627057,0.98805153,218941,0,0,6386
-0.311181,-0.300297,-0.0209739,0.305181,0.316072,0.7815,218942,0,0,6385
-0.511919,-0.509211,-0.0295369,0.497933,0.500639,1.53388,218943,0,0,6384
-0.551558,-0.551364,-0.02006,0.549142,0.549342,0.816211,218944,0,0,6383
-0.319178,-0.311494,-0.00625167,0.319583,0.327264,0.47905,218945,0,0,6382
-0.230886,-0.211863,-0.0148975,0.204437,0.223461,0.659053,218946,0,0,6381
-0.43780842,-0.3822573,-0.075457394,0.44214723,0.39209574,1.2745537,218947,0,0,6380
-1.243124,-1.352515,-0.39925203,1.4847913,1.3609335,2.4490004,218948,0,0,6379
-0.41473055,-0.6071701,-0.3854537,0.7215215,0.7558109,1.3956655,218949,0,0,6378
-2.7224648,-5.3979783,-2.0429528,2.156148,5.654708,5.460715,218950,0,0,6377
-0.9292844,-1.4018114,-3.288378,1.2627075,1.6741787,3.5496526,218951,0,0,6376
-0.194694,-0.176654,-0.0174594,0.171925,0.199277,0.0979261,218952,0,0,6375
-0.116992,-0.103356,-0.0137953,0.112432,0.131895,0.115765,218953,0,0,6374
-0.116992,-0.103356,-0.0137953,0.112432,0.131895,0.115765,218954,0,0,6373
-0.203242,-0.254002,-0.0165631,0.324425,0.301625,0.147181,218955,0,0,6372
-0.55533946,-0.5120648,-0.06080966,0.37075794,0.2453446,1.4899832,218957,0,0,6371
-0.74246997,-0.7035743,-0.037631664,0.44988272,0.42818996,0.94850963,218958,0,0,6370
-0.51483214,-0.58502513,-0.28701535,0.5723994,0.45275238,0.96095777,218959,0,0,6369
-0.2519074,-0.604564,-0.59744763,0.85046446,0.95314515,1.5580695,218960,0,0,6368
-0.5223214,-0.37711582,-0.036363658,0.522322,0.37457898,0.6767774,218961,0,0,6367
-0.37173346,-0.3674056,-0.35885364,0.31186533,0.45259932,0.45132977,218962,0,0,6366
-0.4170774,-0.31085607,-0.09656031,0.417078,0.2893778,0.9122761,218963,0,0,6365
-0.4139877,-0.49577275,-0.8394678,0.42683885,0.5128332,0.77710694,218964,0,0,6364
-0.5629831,-0.4695389,-0.33885416,0.5755453,0.43166623,0.74880356,218965,0,0,6363
-0.42913792,-0.33369634,-0.05575112,0.400178,0.35475662,1.2592399,218966,0,0,6362
-0.3892605,-0.3017665,-0.050084457,0.497456,0.33628878,1.1849283,218967,0,0,6361
-0.21872802,-0.18501297,-0.014724761,0.20496245,0.21601167,0.14195466,218969,0,0,6360
-0.13214615,-0.15438499,-0.028243482,0.12649395,0.07000666,0.10375321,218970,0,0,6359
-0.344069,-0.364533,-0.0315728,0.334119,0.35965,0.847572,218984,0,0,6454
-0.264671,-0.281531,-0.00628694,0.257015,0.275534,0.361153,218985,0,0,6453
-0.185909,-0.141535,-0.0119756,0.511581,0.418456,0.607811,218986,0,0,6452
-0.219924,-0.185091,-0.0165756,0.215522,0.188109,1.00275,218987,0,0,6451
-0.370261,-0.399783,-0.0269903,0.453686,0.389619,0.774331,218988,0,0,6450
-0.237614,-0.209638,-0.0176311,0.209709,0.247705,0.429261,218989,0,0,6449
-0.699425,-0.652283,-0.0747833,0.6849,0.720303,0.682039,218990,0,0,6448
-0.396375,-0.386206,-0.0108192,0.431692,0.498022,1.06057,218991,0,0,6447
-0.200557,-0.178499,-0.0102869,0.177088,0.219158,0.106902,218992,0,0,6446
-0.403931,-0.386378,-0.0980158,0.387394,0.414822,0.560944,218993,0,0,6445
-0.41020554,-0.5153528,-0.08811361,0.5068195,0.44223055,1.2078528,218994,0,0,6444
-1.12905,-1.29235,-0.116812,1.17067,1.57339,0.796556,218995,0,0,6443
-1.3364528,-0.99715835,-0.2668411,0.7280639,1.0171278,1.4825195,218996,0,0,6442
-0.0983833,-0.271889,-0.165632,0.244858,0.225599,0.45175,218997,0,0,6441
-0.37745,-0.277081,-0.0282131,0.152968,0.279406,0.546142,218998,0,0,6440
-0.53805,-0.383181,-0.191678,0.285842,0.420661,0.646889,218999,0,0,6439
-0.26477095,-0.19909982,-0.026226146,0.26477155,0.18194343,0.7113169,219000,0,0,6438
-0.26613775,-0.18432523,-0.008507736,0.2661384,0.18371437,0.8153117,219001,0,0,6437
-0.5692036,-0.54495275,-0.06971756,0.2131451,0.23416898,1.0235442,219002,0,0,6436
-0.269374,-0.254002,-0.0165631,0.258294,0.301625,0.147181,219004,0,0,6435
-0.247794,-0.178048,-0.0270456,0.378156,0.204917,0.128392,219005,0,0,6434
-0.6683453,-0.5813442,-0.05151202,0.63897115,0.7083309,0.38095424,219018,0,0,6358
-0.45161077,-0.49074465,-0.028514478,0.4289875,0.5008577,0.6051036,219019,0,0,6357
-0.06569954,-0.046579946,-0.00078510295,0.039395466,0.046093155,0.027855933,219020,0,0,6356
-0.06569954,-0.046579946,-0.00078510295,0.039395466,0.046093155,0.027855933,219021,0,0,6355
-0.16226564,-0.11681326,-0.029616969,0.16226621,0.10139203,1.256017,219022,0,0,6354
-0.16936477,-0.12171171,-0.0008969786,0.16936535,0.10604007,1.0370882,219023,0,0,6353
-0.14692143,-0.17296173,-0.0036404568,0.1373966,0.15773897,0.745525,219024,0,0,6352
-0.3544841,-0.41106218,-0.010267674,0.33413392,0.38989487,1.0568676,219025,0,0,6351
-0.20055711,-0.17849928,-0.00013041224,0.17708854,0.2191588,0.11705933,219026,0,0,6350
-0.12142748,-0.090299845,-0.0062151896,0.07271811,0.1092331,0.05889023,219027,0,0,6349
-0.35448408,-0.41106218,-0.010267674,0.3341339,0.38989487,1.0568676,219028,0,0,6348
-0.27098382,-0.19182932,-0.010267702,0.27098438,0.17257352,2.136741,219029,0,0,6347
-0.27098382,-0.19182932,-0.010267702,0.27098438,0.17257352,1.6505086,219030,0,0,6346
-0.25417426,-0.295684,-0.01026766,0.23769593,0.2764282,1.2857885,219031,0,0,6345
-0.3544841,-0.4110622,-0.010267674,0.33413392,0.38989487,1.2778498,219032,0,0,6344
-0.14799552,-0.09527498,-0.0029499389,0.13501358,0.08561497,0.65601313,219033,0,0,6343
-0.3544841,-0.4110622,-0.010267674,0.33413392,0.38989487,1.2778498,219034,0,0,6342
-0.601225,-0.465575,-0.0411542,0.437611,0.423347,1.40961,219051,0,0,6325
-0.489406,-0.426981,-0.0411542,0.451697,0.461939,1.2515,219052,0,0,6324
-0.368411,-0.346,-0.0291692,0.371397,0.287047,1.08808,219053,0,0,6323
-0.710592,-0.613714,-0.021485,0.100988,0.080745,0.814578,219054,0,0,6322
-0.296844,-0.318475,-0.0338031,0.190015,0.252757,1.59661,219055,0,0,6321
-0.368411,-0.269591,-0.0291692,0.371397,0.363456,1.36457,219056,0,0,6320
-0.257181,-0.214992,-0.0282178,0.260169,0.227698,0.946425,219057,0,0,6319
-0.540831,-0.524842,-0.0753953,0.573558,0.585303,1.07514,219058,0,0,6318
-0.353067,-0.300028,-0.0291692,0.386736,0.333011,0.933058,219059,0,0,6317
-0.368411,-0.296661,-0.0291692,0.371397,0.336383,1.62046,219060,0,0,6316
-0.290806,-0.223918,-0.0254519,0.293794,0.276322,1.07589,219061,0,0,6315
-0.489406,-0.456744,-0.0411542,0.451697,0.432178,1.48502,219062,0,0,6314
-0.4503,-0.387653,-0.0461153,0.454639,0.386692,1.65054,219063,0,0,6313
-0.403686,-0.376544,-0.021485,0.407889,0.317911,0.814578,219064,0,0,6312
-0.520358,-0.441961,-0.153204,0.652589,0.713942,1.05078,219065,0,0,6311
-1.04485,-0.499942,-0.105803,0.488486,0.839325,1.02809,219066,0,0,6310
-0.31527779,-0.44763634,-0.07590384,0.6899211,0.9298079,0.8912631,219067,0,0,6309
-0.473497,-0.396781,-0.0232817,0.652881,0.302175,0.725117,219068,0,0,6308
-0.244418,-0.167097,-0.0200697,0.515914,0.479728,1.10721,219069,0,0,6307
-0.374825,-0.336847,-0.0200697,0.385506,0.309975,0.980097,219070,0,0,6306
-0.278642,-0.222164,-0.00564,0.293644,0.240126,0.639892,219071,0,0,6305
-0.450856,-0.393869,-0.0147744,0.461539,0.431208,1.37127,219072,0,0,6304
-0.374825,-0.326881,-0.0200697,0.385506,0.319942,0.980097,219073,0,0,6303
-0.485053,-0.562731,-0.0154633,0.490767,0.485408,1.04389,219074,0,0,6302
-0.825764,-0.404111,-0.00793333,0.484822,0.659739,1.34547,219075,0,0,6301
-0.374661,-0.326344,-0.0200697,0.385664,0.320472,1.07428,219076,0,0,6300
-0.209202,-0.249505,-0.0381903,0.235917,0.249338,0.141711,219077,0,0,6299
-0.156891,-0.233439,-0.0152528,0.152849,0.18386,0.128359,219078,0,0,6298
-0.284673,-0.26834765,-0.025489165,0.3618966,0.32323566,0.8255107,219079,0,0,6297
-0.3298551,-0.31530738,-0.025489243,0.143016,0.34808972,0.5196544,219080,0,0,6296
-0.28947127,-0.26834765,-0.025489165,0.35709834,0.32323566,0.31186217,219081,0,0,6295
-0.30030945,-0.29937038,-0.04868995,0.39798576,0.39571,0.8703899,219082,0,0,6294
-0.65220517,-0.61287504,-0.0781339,0.5741957,0.7069958,0.68301696,219083,0,0,6293
-0.8628964,-1.1335027,-0.136615,0.6982125,0.51589954,0.8757156,219084,0,0,6292
-0.3141301,-0.2898155,-0.029845443,0.3841651,0.3490945,0.88923436,219085,0,0,6291
-0.31556386,-0.2537332,-0.003799539,0.22690876,0.33190656,0.531567,219086,0,0,6290
-0.5492274,-0.7723586,-0.17103778,0.56687886,0.77849776,1.4332421,219087,0,0,6289
-0.673013,-0.5863196,-0.057656977,0.643019,0.7119534,0.37769243,219093,0,0,6288
-0.45161077,-0.49074465,-0.020888055,0.4289875,0.5008577,0.61272997,219094,0,0,6287
-0.11436856,-0.07285844,-0.0062151896,0.1138605,0.057422984,0.044765852,219095,0,0,6286
-0.04849245,-0.048394457,-0.0035552077,0.054076053,0.032224983,0.022968417,219096,0,0,6285
-0.3544841,-0.41106218,-0.010267674,0.33413392,0.38989487,1.0568676,219097,0,0,6284
-0.85081404,-0.61032546,-0.11269123,0.5708788,0.641012,0.9486279,219098,0,0,6283
-0.20055711,-0.17849928,-0.00013041224,0.17708854,0.2191588,0.11705933,219099,0,0,6282
-0.12142748,-0.090299845,-0.0062151896,0.07271811,0.1092331,0.05889023,219100,0,0,6281
-0.29710492,-0.49569067,-0.27370062,0.51744384,0.51280147,0.64509857,219101,0,0,6280
-0.19847085,-0.21691483,-0.017383758,0.29557857,0.3435487,0.15519357,219102,0,0,6279
-0.17095812,-0.10020038,-0.017207677,0.15887812,0.20154877,0.14094692,219103,0,0,6278
-0.13583381,-0.20402385,-0.015053941,0.15808247,0.139479,0.09164027,219104,0,0,6277
-0.28041017,-0.3470005,-0.266537,0.2671389,0.3252267,0.50977635,219105,0,0,6276
-0.27098382,-0.19182931,-0.010267702,0.27098438,0.1725735,1.0660135,219106,0,0,6275
-0.25417423,-0.295684,-0.01026766,0.2376959,0.2764282,1.0414014,219107,0,0,6274
-0.12168273,-0.12825444,-0.42143086,0.22775939,0.12702926,0.35743687,219108,0,0,6273
-0.13921538,-0.15084586,-0.026303936,0.2535304,0.25066248,0.64716,219124,0,0,6175
-0.24292053,-0.32726136,-0.22271875,0.45514452,0.250005,0.63997,219125,0,0,6174
-0.26799765,-0.17597558,-0.1775698,0.4027265,0.28318933,0.5594707,219126,0,0,6173
-0.34133944,-0.2617317,-0.08138091,0.32152405,0.30547324,1.2002198,219127,0,0,6172
-0.2395715,-0.26078975,-0.05560534,0.36679077,0.25806773,0.76998657,219128,0,0,6171
-0.3882899,-0.31907287,-0.15976007,0.5111794,0.3764734,0.6934641,219129,0,0,6170
-0.6803077,-0.45111027,-0.3847002,0.646411,0.75501496,1.0391989,219130,0,0,6169
-0.55316454,-0.5573309,-0.18580781,0.5411191,0.4902119,1.0166708,219131,0,0,6168
-0.28724965,-0.24741594,-0.055605233,0.31911263,0.27144152,0.7699867,219132,0,0,6167
-0.30527827,-0.27047455,-0.013661355,0.563059,0.47255197,0.6468322,219133,0,0,6166
-1.0042883,-1.1575786,-0.19118123,0.79780847,0.87106043,0.65551037,219134,0,0,6165
-0.8910705,-0.5041645,-0.06452167,0.82066244,0.9316105,0.6025116,219135,0,0,6164
-0.5694643,-0.4861953,-0.13460661,0.47273314,0.5113558,0.6151841,219136,0,0,6163
-0.32810587,-0.24240094,-0.02455422,0.4246787,0.4017482,1.000363,219138,0,0,6162
-0.29104838,-0.24606808,-0.014630063,0.29170373,0.26674855,0.5472899,219139,0,0,6161
-0.7595946,-0.68657523,-0.059857674,0.69949037,0.6916044,1.9442542,219140,0,0,6160
-0.701632,-0.58725196,-0.03458919,0.64633274,0.68596894,2.1513808,219141,0,0,6159
-0.70628,-0.84204704,-0.0328677,0.84336823,0.8806659,2.0977263,219142,0,0,6078
-0.21412753,-0.38801098,-0.025926774,0.18947923,0.060959227,0.7664455,219143,0,0,6077
-0.6267084,-0.53316396,-0.030969227,0.63162816,0.57416093,1.1823845,219144,0,0,6076
-0.43780842,-0.3638317,-0.046115432,0.44214723,0.4105214,1.0110195,219145,0,0,6075
-0.43780842,-0.36435744,-0.019672904,0.44214723,0.40999565,0.5114828,219146,0,0,6074
-0.13159534,-0.1276926,-0.02451161,0.48749718,0.47727075,0.82716393,219147,0,0,6073
-0.90282136,-1.0000855,-0.44947472,1.0174445,1.3033525,1.6812165,219148,0,0,6072
-0.38272303,-0.32698432,-0.13884091,0.5526856,0.53719217,0.505894,219149,0,0,6071
-0.18054752,-0.13176152,-0.029599108,0.10816746,0.14282276,0.2407461,219150,0,0,6070
-0.1999384,-0.09950753,-0.050359096,0.12576446,0.25669345,0.24244449,219151,0,0,6069
-0.770911,-0.7726,-0.016335,0.770917,0.769225,0.957775,219152,0,0,6068
-0.266203,-0.267462,-0.0327183,0.266204,0.264946,0.553681,219153,0,0,6067
-0.21347,-0.251907,-0.0292094,0.611758,0.766639,0.833003,219154,0,0,6066
-0.266203,-0.26669,-0.0327183,0.266204,0.265717,0.738564,219155,0,0,6065
-0.660214,-0.941061,-0.00711889,0.285886,0.245077,0.785447,219156,0,0,6064
-0.608025,-0.616597,-0.0377269,0.195854,0.187282,1.39482,219157,0,0,6063
-0.464894,-0.463733,-0.03232,0.464894,0.466056,0.939142,219158,0,0,6062
-0.700136,-0.754739,-0.0328947,0.896208,0.951564,1.63366,219159,0,0,6061
-0.217286,-0.242209,-0.0381903,0.227833,0.256634,0.141711,219160,0,0,6060
-0.145511,-0.239376,-0.0152528,0.161639,0.21229,0.128359,219161,0,0,6059
-0.19847,-0.216914,-0.0173836,0.295578,0.343544,0.155193,219162,0,0,6058
-0.170958,-0.1002,-0.0172075,0.158878,0.201549,0.140946,219163,0,0,6057
-0.135833,-0.204024,-0.0150536,0.158082,0.139479,0.09164,219164,0,0,6056
-0.266203,-0.336572,-0.0327183,0.266204,0.279342,0.748528,219166,0,0,6055
-0.216815,-0.217206,-0.0208647,0.216815,0.216424,0.528606,219167,0,0,6054
-0.240508,-0.255086,-0.0358939,0.240508,0.326592,0.532578,219168,0,0,6053
-0.264441,-0.288106,-0.0300694,0.264441,0.24077,0.892906,219169,0,0,6052
-0.44912502,-0.39715493,-0.07579131,0.45344433,0.37516347,1.2246363,219170,0,0,6051
-0.368411,-0.334786,-0.0291692,0.371397,0.298256,1.08808,219171,0,0,6050
-0.436658,-0.386847,-0.0291692,0.440981,0.385467,1.64268,219172,0,0,6049
-0.437806,-0.382253,-0.0754569,0.442147,0.392094,1.27455,219173,0,0,6048
-1.15886,-1.50604,-0.256372,1.44571,0.707575,1.88765,219174,0,0,6047
-1.243124,-1.352515,-0.39925203,1.4847913,1.3609335,2.4490004,219175,0,0,6046
-0.4042103,-0.36176673,-0.07569919,0.37356633,0.37288266,1.1856071,219176,0,0,6045
-0.4762135,-0.44536877,-0.12810946,0.335395,0.5281891,0.77243626,219177,0,0,6044
-0.414728,-0.607169,-0.210342,0.721519,0.755808,1.57078,219178,0,0,6043
-0.368411,-0.318989,-0.0291692,0.371397,0.31405,1.62046,219179,0,0,6042
-0.879164,-0.995947,-0.590139,0.979622,1.23375,2.73602,219180,0,0,6041
-52.95868,-48.775425,-20.123861,58.62786,115.20161,63.604267,219204,0,0,6021
-23.66414,-18.611506,-0.3041687,13.033384,18.08602,37.825043,219205,0,0,6020
-31.15152,-29.502975,-46.967243,29.99567,31.644215,32.269215,219207,0,0,6019
-40.927303,-30.627329,-37.855576,31.241848,41.541824,34.313576,219209,0,0,6018
-24.160841,-18.739862,0.016559491,13.325632,18.74661,49.140484,219210,0,0,6017
-19.709074,-14.162027,0.01655931,8.581462,14.147322,36.860004,219211,0,0,6016
-3.8568473,-3.8250742,-9.450469,3.9041061,3.9358792,0.6094153,219220,0,0,6015
-4.061178,-3.9309454,-9.450469,3.9442441,4.074477,0.7283571,219221,0,0,6014
-3.9287596,-3.8657713,-9.450469,3.9347672,3.9977555,0.64362,219222,0,0,6013
-31.592123,-31.504953,-79.741035,31.44199,31.529158,0.15254208,219224,0,0,6012
-5.505156,-7.5723333,-0.056649018,5.7923126,6.515609,14.192797,219225,0,0,6011
-10.117128,-10.116367,0.589015,10.118235,10.118996,20.824379,219226,0,0,6010
-16.681816,-25.659103,-3.3893979,21.495913,18.098785,16.206291,219227,0,0,6009
-1.0162432,-6.0816936,-5.9710217,0.7993648,6.001264,5.7807117,219229,0,0,6008
-18.133013,-24.006435,-0.18928953,19.069935,14.767076,24.789194,219230,0,0,6007
-13.089018,-11.624165,-0.7923079,10.940549,10.945599,18.285336,219236,0,0,5965
-1.7810465,-2.321748,-0.2507542,2.2495954,1.3904055,3.03,219237,0,0,5964
-25.772165,-24.809504,-5.623641,25.070541,24.686611,18.038952,219239,0,0,5963
-11.273323,-13.193392,-2.6143847,14.207918,19.315653,14.904593,219241,0,0,5962
-18.416754,-9.421466,22.317385,9.256938,27.006903,92.12576,219245,0,0,6672
-1.4196604,-1.3911477,-1.4016118,1.3942391,1.4227518,4.97074,219248,0,0,6671
-2.6878438,-2.7563972,-0.06376055,2.7284884,3.5099366,13.031969,219250,0,0,6670
-19.620932,-20.608257,-1.0569357,20.845518,19.08712,43.262108,219254,0,0,6669
-14.392323,-16.626259,-1.0569357,14.576379,18.291372,33.12043,219255,0,0,6660
-7.441722,-7.4463363,-1.8352243,7.437873,7.4740443,21.141472,219256,0,0,6659
-10.208997,-10.784582,1.237559,8.359033,10.622177,34.2954,219257,0,0,6658
-2.0758085,-1.8274986,-0.1620669,1.7123809,1.6449457,2.6893115,219264,0,0,6657
-2.7328737,-2.7999148,-0.13137794,2.141415,2.0857477,2.8866773,219265,0,0,6656
-4.5656233,-3.6643956,-0.049259707,3.1792538,3.842788,4.9762583,219266,0,0,6655
-3.796917,-3.4587123,-0.013493874,2.1596096,3.1704273,3.2246962,219267,0,0,6654
-1.4467069,-2.0406916,-0.1748685,2.3101573,2.929853,2.361619,219268,0,0,6653
-3.633953,-3.0229855,-0.43165264,1.4343876,3.6124547,6.1197057,219269,0,0,6652
-23.852472,-24.690447,4.5499864,25.341518,23.881775,40.7986,219276,0,0,6651
-40.370457,-23.727655,6.3001904,30.051405,14.905504,66.048744,219277,0,0,6650
-50.77711,-51.107994,-5.725397,52.5544,52.228107,65.53976,219278,0,0,6649
-13.990213,-18.384108,5.2348995,14.712587,13.659438,34.781086,219279,0,0,6648
-9.5849695,-18.135273,5.4575543,7.288868,19.668163,39.270477,219280,0,0,6647
-14.179516,-8.126134,8.036634,19.927263,12.485596,50.72547,219281,0,0,6646
-14.805758,-18.827429,0.9957438,16.394833,13.605065,18.085209,219282,0,0,6645
-3.8639245,-3.7865787,4.8514004,3.9810371,4.6932964,15.690306,219283,0,0,6644
-6.3113675,-4.2782574,8.734222,7.745795,3.7246852,30.262842,219284,0,0,6643
-9.814456,-8.729039,0.06500877,6.9913096,12.764752,41.54245,219286,0,0,6642
-7.4484067,-13.038876,0.058695562,7.6800427,13.635126,34.670048,219287,0,0,6641
-9.409901,-22.441668,-0.5227151,7.140711,13.47062,56.95798,219288,0,0,6640
-10.829363,-13.453024,-1.1120164,5.544036,13.047983,49.640503,219289,0,0,6639
-9.951203,-13.927967,-0.66981626,6.599407,14.660816,66.62468,219290,0,0,6638
-3.6475034,-3.2444165,0.054814655,4.2392106,1.8503863,12.573906,219291,0,0,6637
-2.9914143,-3.610235,0.058813743,2.9824257,2.5176914,7.332793,219292,0,0,6636
-3.8334405,-2.7862089,0.058813743,2.3927622,3.085263,7.254826,219293,0,0,6635
-4.375019,-4.541843,-0.008870725,2.4283168,5.0144796,8.885157,219294,0,0,6634
-1.7441218,-3.8244672,-1.0403519,2.0312846,3.11466,0.799186,219299,0,0,6633
-1.0555797,-5.355819,-1.7102393,1.4683124,7.0787973,1.3068062,219300,0,0,6632
-2.669099,-5.3558197,-1.7102396,2.3690197,6.791565,1.3068062,219301,0,0,6631
-1.2910184,-4.8620186,-0.069795825,0.6742807,5.027233,4.0848527,219303,0,0,6630
-8.235943,-4.2032456,-0.19486754,6.0332227,7.33053,8.238884,219304,0,0,6629
-5.697922,-6.3000016,-0.40617862,8.511678,7.0238523,8.11389,219305,0,0,6628
-6.4982505,-6.03546,-0.20123127,5.750593,4.6421795,7.79741,219306,0,0,6627
-7.4553843,-12.485764,-1.0607781,10.2883,6.974667,12.457668,219307,0,0,6626
-659.6342,-655.75397,-415.5101,652.04755,655.92773,277.1963,219309,0,0,6625
-6.8177257,-9.51305,-1.0765039,6.3085256,9.815072,10.85294,219313,0,0,6624
-4.671226,-6.440057,-1.8391355,4.0140605,6.4761486,5.04703,219314,0,0,6623
-4.3164053,-3.338237,-2.5286605,3.746402,3.7716603,4.6297913,219315,0,0,6622
-2.8181942,-45.59444,-8.68601,18.160112,18.462635,52.464573,219318,0,0,6621
-20.927416,-22.324625,-10.804472,6.1479793,14.988161,22.719778,219319,0,0,6620
-6.8004017,-13.593519,-9.39733,7.9049954,22.42804,13.254924,219320,0,0,6619
-26.538738,-11.643722,-28.737488,42.401936,15.570378,22.802223,219321,0,0,6618
-24.639435,-25.537287,-7.5272894,37.59881,13.398853,22.340132,219322,0,0,6617
-33.57872,-15.339635,-9.98981,10.946734,23.043203,21.138548,219323,0,0,6616
-33.544495,-7.63024,-14.665174,10.01279,9.298581,22.391459,219324,0,0,6615
-3.5350485,-3.5431776,-0.13638622,4.4912663,3.4831078,19.080233,219330,0,0,6614
-4.6188765,-3.516719,-0.45411077,2.903058,5.6090527,23.521603,219331,0,0,6613
-2.7208397,-5.8852806,-1.0417496,2.428336,5.073153,23.47608,219332,0,0,6612
-0.9924658,-1.2697304,-0.5806535,1.0946795,0.90303856,7.8165402,219333,0,0,6611
-1.0555794,-1.922202,-0.53136754,1.3470356,1.9149815,11.132071,219334,0,0,6610
-2.0020976,-1.6092532,-0.58828,1.1827189,3.0424447,7.5201745,219335,0,0,6586
-1.3254268,-1.6844742,-0.5313682,1.8175977,1.3906257,3.525599,219336,0,0,6585
-17.57404,-17.739132,5.5852337,17.529291,17.2082,79.2455,219337,0,0,6584
-10.976542,-12.049185,17.19386,9.967925,11.349922,55.174377,219338,0,0,6583
-18.83839,-16.882866,13.628747,17.892824,13.442664,65.135376,219339,0,0,6582
-3.5693734,-3.9867206,-1.718531,3.8757832,2.9044259,2.1983805,219341,0,0,6581
-3.6635094,-3.4708416,-1.9333344,3.7612238,3.5151203,2.5112438,219342,0,0,6580
-3.866238,-4.3690996,-2.6320603,4.2406187,3.4753425,3.320085,219343,0,0,6579
-12.250119,-10.317677,0.2355467,10.172515,14.409468,22.361277,219344,0,0,6578
-9.965948,-9.703754,-0.09623175,11.178283,11.666657,16.83786,219345,0,0,6577
-11.188443,-10.088067,-0.27475637,12.514238,11.558687,18.435183,219346,0,0,6576
-6.315899,-7.2323737,0.031369615,6.9027295,8.369723,23.375633,219347,0,0,6575
-8.037054,-7.8256073,0.15703,9.014744,8.249708,13.813555,219348,0,0,6574
-12.192492,-13.233397,-0.16757865,14.057379,12.969368,22.092558,219349,0,0,6573
-8.166747,-6.8784513,0.15703085,6.7816772,9.606312,14.907516,219350,0,0,6572
-13.84393,-13.432796,-0.096551545,16.520418,11.646358,24.930395,219351,0,0,6571
-11.188443,-11.868058,0.21513213,12.514238,14.200547,18.925072,219352,0,0,6570
-7.455669,-8.5639925,0.24025774,8.142311,9.846478,27.31715,219353,0,0,6569
-13.8889,-13.8889,0,13.8889,13.8889,27.7778,219356,0,0,6568
-1.38889,-1.38889,0,1.38889,1.38889,2.77778,219357,0,0,6567
-3.47222,-3.47222,0,3.47222,3.47222,6.94444,219361,0,0,6564
-6.94444,-6.94444,0,6.94444,6.94444,13.8889,219362,0,0,6563
-0.694444,-0.694444,0,0.694444,0.694444,1.38889,219363,0,0,6562
-0.225528,-0.571722,-0.000741667,0.245702,0.571722,2.01393,219368,0,0,1837
-0.6564974,-0.8510136,-0.0028428712,0.6526823,0.85000587,1.3149992,219372,0,0,6557
-7.4609036,-6.5944943,0,1.6153357,6.583564,3.9034047,219378,0,0,6556
-2.8472328,-1.2733539,-0.070897765,1.7579665,1.4605801,5.2224994,219382,0,0,6555
-0.37804854,-0.43939787,-0.008392228,0.382807,0.42521462,0.6623961,219397,0,0,6551
-1.7366679,-1.248204,-0.024147669,1.5209942,2.009458,4.6253858,219399,0,0,6549
-1.773804,-1.2779535,-0.024147669,1.5419176,2.037768,4.6576467,219400,0,0,6548
-1.7454401,-1.2507029,-0.024147669,1.5300947,2.024832,4.6328907,219401,0,0,6547
-1.2336919,-0.5563157,-0.090813756,0.6528571,0.55975896,1.3542193,219402,0,0,6546
0,0,-0.048487145,0.7191811,0.48025027,0.66966873,219403,0,0,6545
-3.939115,-3.199766,-2.6351728,3.1186428,3.220614,2.674624,219404,0,0,6544
-3.9392998,-3.1997674,-2.6076152,3.1189811,3.2206562,2.753671,219405,0,0,6543
-3.939115,-3.199766,-2.6024685,3.1186428,3.220614,2.6103563,219406,0,0,6542
-3.418504,-3.469784,-3.422187,3.4258702,3.3745902,3.422187,219407,0,0,6541
-4.617155,-4.9248548,-6.3937774,4.8534,4.5457006,3.7282898,219408,0,0,6540
-3.9391155,-3.3072844,-2.9363601,3.1186428,3.2206142,2.9417174,219409,0,0,6539
-3.9391155,-3.1997662,-2.640892,3.1186428,3.2206142,2.6210184,219410,0,0,6538
-3.5100436,-3.5959723,-3.5399222,3.5698018,3.4838731,3.5399232,219411,0,0,6537
-0.16244037,-1.1810842,0,2.1712537,2.3386114,4.7729673,219412,0,0,6536
0,-1.4773936,-0.06662992,1.2382286,0,0.5174638,219413,0,0,6535
-2.6760275,-1.6841171,0,2.1620743,5.8298273,6.007133,219414,0,0,1410
-0.41300118,-0.41436237,-0.042843957,0.32910374,0.43408236,0.8690266,219436,0,0,6531
-0.47977623,-0.23673807,-0.023850188,0.12725578,0.36107185,0.7696085,219437,0,0,6530
-0.45655718,-0.4909419,-0.05468877,0.45298752,0.48909834,1.081114,219438,0,0,6529
-1.1059724,-1.2194165,-1.6582952,1.1059724,1.1059724,3.082392,219440,0,0,6527
-1.9495884,-2.9276643,-2.2864718,4.7549853,3.7159543,4.3571467,219443,0,0,6525
-0.7673723,-0.8235839,-0.056833677,0.8188239,0.81644183,0.93330353,219444,0,0,6524
-2.5342047,-2.6063092,-1.0140988,2.813423,2.4414074,2.252454,219449,0,0,6521
-0.41300118,-0.41436237,-0.027635708,0.22704223,0.36506602,0.9532254,219452,0,0,6519
-0.8686909,-0.9317304,-0.12648891,0.6927147,0.9582618,1.2193133,219462,0,0,6514
-0.6471326,-0.71101254,-0.16027202,1.0291903,1.1755134,0.63919353,219463,0,0,6513
-0.7673723,-0.8235839,-0.056833677,0.8188239,0.81644183,0.93330353,219464,0,0,6512
-0.41300118,-0.41436237,-0.042843957,0.32910374,0.43408236,0.8836167,219465,0,0,6511
-2.5342047,-2.6063092,-0.7109183,2.464946,2.4414074,3.7823665,219468,0,0,6509
-1.3689609,-1.2635595,-0.41565695,1.4620669,0.8927911,1.336629,219469,0,0,6508
-2.6404955,-2.3006985,-0.9694248,2.680074,2.6070309,3.5326943,219470,0,0,6507
-0.7673723,-0.8235839,-0.2068871,0.8188239,0.81644183,0.78325015,219473,0,0,6505
-1.6364056,-1.4450985,-0.5332242,1.3970926,1.4719546,1.820158,219474,0,0,6504
-1.6364055,-1.4450985,-0.5776792,1.3970926,1.4719546,1.775703,219475,0,0,6503
-1.6364055,-1.4450985,-0.5776792,1.3970926,1.4719546,1.775703,219476,0,0,6502
-0.95310974,-0.95426685,-0.66646826,1.4915701,1.3748313,2.3061635,219481,0,0,6499
-0.41300127,-0.41436237,-0.14497142,0.3291038,0.43408233,0.53666836,219482,0,0,6498
-0.4808714,-0.5724581,-0.058989305,0.4861358,0.6849759,0.96871746,219483,0,0,6497
-0.4197002,-0.44245604,0,0.42762715,0.43362585,0.81710786,219486,0,0,6495
-2.137738,-2.174,-0.78303903,2.2878678,2.2549317,3.5748186,219487,0,0,6494
-2.2524312,-2.2896764,-0.28914657,2.0724554,2.199093,0.8240764,219488,0,0,6493
-1.039274,-1.7539937,-1.4738039,1.2627668,0.81772196,1.4091489,219489,0,0,6492
-5.3183036,-4.615837,-1.4643377,4.149654,4.8521204,11.021179,219493,0,0,6490
-2.137738,-2.174,-1.2303892,2.2878678,2.2549317,3.1274683,219494,0,0,6489
-2.8015862,-2.1320283,0.0027244855,2.0301814,2.0777993,2.0138974,219495,0,0,6488
-0.34625378,-0.28592977,-0.03402126,0.30677232,0.335135,0.67560285,219496,0,0,6487
-1.8300966,-1.8065763,-0.66726166,1.8300966,1.8065763,2.1673305,219497,0,0,6486
-1.3650627,-2.494244,-1.226203,2.8518322,1.8779808,3.2712011,219502,0,0,6483
-2.5342047,-2.6063092,-0.6302378,2.464946,2.4414074,2.4845085,219507,0,0,6480
-2.2456806,-2.504081,-3.833308,1.2921824,2.0585465,2.726723,219514,0,0,6478
-2.2456806,-2.5040812,-2.9503205,1.2921826,2.0585468,3.6097102,219524,0,0,6475
-0.9095617,-0.9688106,-0.12648891,0.90344197,0.9695447,1.3279506,219526,0,0,6474
-2.2456806,-2.5040812,-2.9503205,1.0192994,2.0585468,3.6097102,219531,0,0,6473
-3.621877,-4.8826895,-2.3694432,5.3958936,4.1350813,6.8906345,219532,0,0,6472
-2.400965,-2.5040812,-2.9503205,1.4217014,2.0585468,3.701021,219541,0,0,6470
-2.7248576,-1.3141967,-2.2960207,1.6056516,1.9008682,3.7588134,219544,0,0,6469
-6.0990887,-6.9475026,-4.2060347,7.371068,6.522654,9.264122,219550,0,0,6468
-1.6948115,-1.960431,-3.8555467,1.4079057,1.4301172,3.7999911,219553,0,0,6467
-3.0227277,-2.2009027,0.0027245914,1.8090388,2.008924,2.0138974,219562,0,0,6466
-6.1263013,-6.9185233,-4.233303,7.398275,6.606053,9.291273,219566,0,0,980
-2.2456806,-2.5040812,-2.9503205,1.2921826,2.0585468,3.6097102,219568,0,0,6465
-2.2456806,-2.5040812,-2.9503205,1.3368783,2.0585468,3.6097102,219569,0,0,6464
-55.389393,-28.516886,-27.037344,34.10294,60.97545,62.454987,219757,0,0,6604
-0.9808475,-4.9529524,-2.1152065,0.6276625,4.6240997,7.316286,234780,0,0,5762
-40.140076,-40.239754,-40.34354,42.854084,42.75439,43.002655,236082,0,0,5816
-106.89811,-106.42409,-90.39822,112.13981,111.99204,128.93033,236122,0,0,5786
0,0,0,0,0,0,237714,0,0,5783
0,0,0,0,0,0,237715,0,0,5782
-1.3014754,-7.4905477,-15.685157,16.630497,4.924233,1.0060475,240787,0,0,5105
-1.3605111,-1.3417354,-0.03517151,1.3119919,1.3307674,5.6386175,240797,0,0,5101
-1.3851303,-1.3578336,-0.15238811,1.3428907,1.3701875,0.17492636,240799,0,0,5099
-4.0233135E-07,-1.7309088,-1.0586417,5.2154064E-07,1.7309088,3.4737105,240800,0,0,5098
-4.079594,-4.077791,-0.27857843,3.9301448,4.470093,13.551169,240811,0,0,5362
-13.630458,-13.630455,-0.2858234,13.630458,13.630455,4.019063,240825,0,0,5399
-8.004269,-8.668577,0.16675541,8.260028,8.540339,0.2397461,240826,0,0,5083
-1.3688208,-0.9762486,0.013263385,0.43566895,3.0245767,2.1378784,240840,0,0,5069
-2.603579,-2.603444,0.020673037,2.5906844,2.6336567,0.087629914,240845,0,0,5064
-1.2109724,-0.44578183,-0.25845993,0.32755828,0.4081346,0.27078208,240855,0,0,5055
1,1,1,-1,-1,-1,240861,0,0,5049
-2.7114317,-2.587555,-0.03888452,2.7710798,2.6417544,3.5267036,240863,0,0,5047
-0.3339884,-0.6802909,0.6845394,0.3866893,0.64566976,2.1522903,240869,0,0,5042
-0.12982322,-1.6832119,1.2520823,0.075695604,2.1765501,4.604286,240870,0,0,5041
-0.12982322,-1.6832119,1.2520823,0.075695604,2.1765501,4.604286,240871,0,0,5660
-3.3259337,-2.7890842,-0.5830504,3.3259337,2.7890842,3.723632,240872,0,0,5659
-0.6721057,-0.4586341,-0.5372734,0.6691146,0.45905915,0.4134496,240875,0,0,5656
-3.4901762,-5.0403266,3.2520175,5.6459026,13.231835,19.07617,240877,0,0,5654
-0.4378276,-0.9252751,-0.19574441,0.43782765,0.92527485,3.6808863,240878,0,0,5653
-1.1370044,-1.1902772,-1.1778322,1.1828727,1.2017268,1.1778322,240889,0,0,5645
-0.8512407,-0.25723627,-0.23132853,0.1552417,0.25886145,0.22014251,240890,0,0,5644
-0.51479286,-0.7433373,-0.6715181,0.39527532,0.61190027,0.670181,240892,0,0,5643
-0.3622065,-0.08063042,-0.4399323,0.36825624,0.079369165,0.035589386,240894,0,0,5641
-2.2777166,-2.9304292,-2.926822,2.242987,2.9304292,2.9340367,240896,0,0,5640
-0.015888272,-0.3990603,-0.4052116,0.015888272,0.4098384,0.40368712,240917,0,0,5631
-0.06706159,-1.8778001,-1.2286322,0.058628604,1.8828545,1.2876492,240918,0,0,5630
-0.52520233,-0.4081239,-0.6303006,0.5814386,0.41610125,0.7038778,240919,0,0,5629
-3.57835,-3.8637545,-3.3889742,3.6329317,3.571227,3.3369071,240920,0,0,5628
-1.5957069,-2.082214,-1.4871246,2.7919483,2.1585512,2.8674889,240921,0,0,5627
-1.6905228,-0.5589702,-0.6413321,0.8168699,0.56026393,0.5777674,240922,0,0,5626
-2.2777166,-2.9304292,-2.926822,2.242987,2.9304292,2.9340367,240924,0,0,5624
-0.12883672,-0.14887731,2.3857582,0.12831433,0.14803897,2.6130285,240932,0,0,5584
-4.288662,-3.5964153,-4.4696975,4.288662,3.5964153,4.5531178,240953,0,0,5568
-1.5485513,-1.5951307,-0.94043165,2.0238326,2.4726026,7.9624248,240954,0,0,5567
-3.6084282,-3.706998,0.005070704,3.8056033,3.7070088,0.040356703,240957,0,0,5564
-0.14585291,-3.737182,-2.3106108,0.5125021,3.7162263,5.1428013,240958,0,0,5563
-3.9585419,-4.0129967,-2.0499692,3.9397416,4.066202,5.6211095,240994,0,0,5533
-22.486301,-22.518932,1.6755428,22.486305,22.453676,1.6898136,240995,0,0,5532
-1.2980418,-1.593092,0.2576274,1.4027388,1.3120375,3.263288,241012,0,0,5383
-1.213542,-2.463223,-2.9707522,1.2671533,2.5071,5.1355844,241013,0,0,5382
-1.1016303,-1.2135988,-0.0023324022,1.2387304,1.3304424,1.8366352,241015,0,0,5380
-2.4298673,-2.5354447,-6.4780016,2.2655663,2.4023597,2.3248236,241017,0,0,5378
-2.2922666,-2.0235026,-6.5701804,2.2801895,2.3342016,2.4539003,241018,0,0,5377
-12.484806,-13.409344,0.07859603,12.740564,13.281104,4.0482206,241020,0,0,5375
0.25765002,-1.6041874,-1.7133218,2.4412427,1.6092416,1.7723379,241024,0,0,5372
-0.07117878,-1.6314343,-1.7428771,0.06274575,1.6364886,1.8018932,241025,0,0,5371
-1.3085085,-1.3035928,0.018676922,1.2991824,1.3040974,0.018677458,241101,0,0,5251
-7.7276745,-7.272299,0.023548339,5.897353,7.144061,2.5492063,241113,0,0,5242
-3.6414163,-3.7204196,-2.4802072,3.6414163,3.7204196,4.8026247,241125,0,0,5233
-197.78218,-184.72661,-80.163475,185.55116,190.27339,158.84901,243032,0,0,4937
-1.6854492,-1.6828705,0.33361045,1.5573747,1.6294774,3.8802364,243492,0,0,4658
-3.175878,-3.2030654,-0.5610873,3.213011,3.1858237,6.203893,243493,0,0,4657
0,0,0,0,0,0,243620,0,0,5134
0,0,0,0,0,0,243629,0,0,5125
-58.862225,-58.770283,-8.063507,58.673626,58.76558,8.06901,244030,0,0,4842
0,0,0,0,0,0,244208,0,0,4380
-7.5474467,-7.6885223,-0.28330317,7.99363,7.852551,4.019063,244267,0,0,4914
1,1,1,-1,-1,-1,249502,0,0,4171
-0.01424798,-0.56517804,0.014627827,0.040510066,0.5676989,1.1475048,249664,0,0,4135
-0.5086744,-1.5907893,-0.001770632,1.1713557,4.2154737,4.3497953,249670,0,0,4132
-2.5,-3.1417305,-2.2659824,2.5,3.0844905,6.8691435,250762,0,0,4177
-2.2017384,-2.2221537,-2.2519946,2.2509284,2.2305126,2.2485938,253326,0,0,4183
-6.213602,-7.5963364,-1.0876855,6.1940618,7.5963364,40.092922,253570,0,0,3915
-2.6976311,-2.9726496,-1.7002746,3.1214197,2.9726496,4.1187735,253573,0,0,3912
-0.9392794,-5.76282,-0.8235084,7.9479694,1.4739009,1.7975142,254952,0,0,2965
-1.3034456,-0.8871394,-2.5112872,6.6395774,6.5133524,2.3919425,254954,0,0,2963
-7.3249383,-11.916411,-6.6574616,7.324938,11.916411,6.6574426,255125,0,0,3676
-7.3249383,0.12332662,-6.6574616,7.324938,23.95615,6.6574426,255208,0,0,2867
-7.3249383,0.13536072,-6.6574616,7.324938,23.968184,6.6574426,255209,0,0,2866
-7.3249383,0.07891846,-6.6574616,7.324938,23.911741,6.6574426,255210,0,0,2865
-0.93733567,-4.527834,-1.3394724,1.1702996,4.6099157,7.4152284,293986,0,0,13316
-6.213602,-7.5963364,-1.0876855,6.1940618,7.5963364,40.092922,303845,0,0,3001
-0.017042665,-0.42615986,2.428849,0.016990585,0.44018516,3.295194,304176,0,0,3271
-1.2501304,-1.2759738,0.61878085,1.2746084,1.2479099,1.9291829,304323,0,0,3089
-1.237662,-0.8871393,-2.511288,6.6395774,6.5133524,2.3919425,304347,0,0,3296
-7.7034626,-6.110014,-1.3954368,1.0009801,1.5576098,2.8545637,304348,0,0,3295
-0.3143448,-0.2799835,-0.2665436,0.27147943,0.2388149,0.24403946,305708,0,0,3020
-48.91662,-42.732136,-2.9233704,45.326145,40.684402,121.77872,307635,0,0,3399
-71.40919,-67.469864,-6.828675,48.03528,66.90693,126.55662,307637,0,0,3344
-8.562559,-38.49329,-18.767162,9.385247,34.165367,18.603233,313254,0,0,3787
-3.838489,-9.144969,-2.325592,10.482239,4.4501286,6.5556507,319097,0,0,2653
-11.906426,-35.72038,-7.0418878,10.198362,31.54183,22.88737,321292,0,0,2137
0,0,0,0,0,0,323069,0,0,2478
0,0,0,0,0,0,323070,0,0,2477
1,1,1,-1,-1,-1,324681,0,0,2689
1,1,1,-1,-1,-1,324991,0,0,2498
-3.7901306,-3.8727603,0.06277084,3.7830133,3.8441577,0.17469767,327202,0,0,2582
-4.0846066,-4.084605,-3.8052397,4.0846066,4.084605,9.854274,329062,0,0,2184
-21.506142,-19.293192,0.027777778,21.506142,19.293192,0.55797505,337786,0,0,1919
-8.26177,-6.9704843,-9.172125,8.40357,7.013398,17.82231,338549,0,0,1934
-0.36652035,-0.096528865,-0.2773373,1.5806309,0.09652918,0.27781326,340549,0,0,1910
0,0,0,0,0,0,343630,0,0,1140
-1.2651415,-1.2651415,0.06670608,1.2651415,1.2651415,0.10292742,344549,0,0,1670
-285.39334,-186.64896,-40.11492,203.85423,266.84116,171.86061,345030,0,0,834
-5.5559187,-5.553014,-5.563223,5.555193,5.558098,5.5478888,367434,0,0,572
-6.213602,-7.5963364,-1.0876855,6.1940618,7.5963364,40.092922,367435,0,0,571
-2.4448607,-2.003496,-2.4605813,1.6287761,2.2471747,2.3237975,367436,0,0,570
-1.0902156,-0.80415326,-0.6953164,0.5390483,0.7985521,0.6926669,367437,0,0,569
-1.5359385,-3.117808,-2.7008684,1.5593482,2.9481182,2.6603253,367438,0,0,568
-9.321039,-9.123039,-0.3435043,9.188065,9.423325,1.1222029,367443,0,0,563
-0.70097727,-1.0208945,-0.32849157,0.75539136,1.0197371,2.3856466,367444,0,0,562
-3.9839633,-5.8172064,-0.09772205,3.5742617,5.722496,7.425311,368596,0,0,1784
-0.48646116,-0.8258205,-0.0039138794,0.786519,0.82521653,0.95529604,371647,0,0,69
-0.5276816,-2.1905193,-0.019756742,0.5276816,2.1920269,1.2553077,372894,0,0,581
-0.5276816,-4.2698402,-0.019756742,0.5276816,4.2610617,1.2539257,372897,0,0,579
-0.5276816,-8.461604,-0.019756742,0.5276816,8.456537,1.2539257,374476,0,0,71
-10.612893,-10.612892,0.55797195,10.612894,10.612892,0.5579753,382337,0,0,609
-10.417688,-10.417688,0.55797195,10.41769,10.417688,0.5579752,382338,0,0,608
-10.438135,-10.438135,0.55797195,10.438137,10.438135,0.55797505,382339,0,0,607
-10.703541,-10.703544,0.5579717,10.703543,10.703544,0.55797523,382340,0,0,606
-23.911821,-23.842813,0.073077165,23.912449,23.759834,0.12864481,382343,0,0,605
-19.004608,-15.621457,-0.4524889,17.061829,18.447313,13.480186,382351,0,0,598
-10.111738,-14.943997,-10.494306,10.111745,14.943913,10.203131,384743,0,0,483
-8.398274,-10.955117,3.644493E-05,8.398281,10.955057,10.310329,384744,0,0,482
-9.555456,-9.527242,-6.1648903,11.939385,7.2142076,10.576559,429097,0,0,19886
-2.595567,-2.595567,-0.6700514,2.595567,2.595567,7.040454,429374,0,0,19903
-8.625773,-5.933573,-1.9746577,1.0207996,8.907487,4.7394147,430171,0,0,19911
0,0,0,0,0,0,433904,0,0,19994
-79.8292,-286.93735,-81.143005,91.74012,47.583904,77.69223,442657,0,0,20136
1,1,1,-1,-1,-1,463431,0,0,20418
-0.30313644,-6.726001,-3.9415584,20.083591,7.1225476,12.319622,463513,0,0,20425
-67.66034,-35.44767,-6.883657,12.379688,65.37123,75.99306,466614,0,0,20585
0,0,0,0,0,0,467804,0,0,20613
-3.9628258,-3.3148885,-2.4435449,3.9523544,3.3148885,2.7971063,512083,0,0,20733
-6.213602,-6.11285,-1.0876855,6.272262,6.2948136,40.092922,512399,0,0,20789
-6.213602,-6.176933,-1.0876855,6.1940618,6.2948136,40.092922,512401,0,0,20790
-6.213602,-6.11285,-1.0876855,6.1940618,6.2948136,40.092922,512403,0,0,20791
-81.76101,-81.761024,-0.96741176,81.76101,81.761024,3.7760484,512480,0,0,20801
-43.46637,-40.81327,-0.9428673,39.980305,41.10746,-0.1120029,514000,0,0,20862
-4.6129465,-3.0592763,-1.7773309,2.3760452,3.3078315,16.74963,515653,0,0,20957
-3.939749,-5.3926525,-1.8844955,4.2049246,5.356465,9.807308,516722,0,0,21044
0,0,0,0,0,0,523824,0,0,21346
-2.946165,-1.1622854,-0.044871494,1.0797116,1.3631116,1.8968197,524328,0,0,21378
-7.1031346,-8.288853,-1.6404989,7.086771,8.296557,3.1018252,526663,0,0,21480
-0.25707775,-5.5526266,-0.36146036,0.26382637,5.5245304,-0.0709281,527813,0,0,21536
-1.3928725,-1.9293876,-1.6861557,0.55570215,1.9485974,1.6888746,530068,0,0,21702
-0.79864216,-0.79860395,-0.79860365,0.79864216,0.79860395,0.79860383,530072,0,0,21704
-10.828903,-5.5977974,-4.0651817,-2.3568697,9.087088,5.156635,574549,0,0,22664
-5.3513603,-5.3513603,-0.83250713,5.351362,5.3513603,4.178527,580090,0,0,23110
-1.1684175,-1.7013392,-0.76879126,1.0201435,1.4353905,3.431535,580360,0,0,23113
-0.020296823,-0.43352282,-0.4396741,0.017242087,0.44430092,0.4381496,586206,0,0,23155
0,0,0,0,0,0,587741,0,0,23211
0,0,0,0,0,0,587744,0,0,23212
-0.18698893,-0.1205864,-0.008671443,0.17651908,0.12839508,0.54686123,590834,0,0,23453
-3.657276,-4.732506,-2.0821185,0.14207192,4.2778506,2.5084987,613809,0,0,24361
-2.374786,-2.392019,0.5225432,2.4103615,2.4007566,10.426983,614334,0,0,24384
-1.22974,-1.2489903,-0.57789654,1.2254643,1.1024574,2.5433626,615880,0,0,24472
-0.78095394,-1.076402,-2.078329,1.0686115,1.177773,3.6220179,620834,0,0,24561
-20.011766,-19.873302,-1.1366704,20.069632,20.091429,8.163746,622699,0,0,24611
-4.745948,-27.057825,-4.163105,31.719547,3.8398476,12.399076,623712,0,0,24624
-2.784406,-10.097409,-2.7065637,11.65632,4.326772,6.4707737,623714,0,0,24625
-6.911407,-13.045181,-2.263362,15.172191,8.470272,8.271066,623716,0,0,24626
-23.911821,-23.842813,0.073077165,23.912449,23.759834,0.12864481,625282,0,0,24697
-0.12883691,-0.14887731,0.08865166,0.12831414,0.14803897,0.31592208,628731,0,0,24797
-1.2222443,-14.069599,-4.440789,13.718484,4.185525,6.181219,631713,0,0,24883
0,0,0,0,0,0,650036,0,0,25213
0,0,0,0,0,0,650616,0,0,25214
0,0,0,0,0,0,650619,0,0,25215
5.053434,-12.69718,-2.849553,13.914747,-0.041915048,6.705644,651555,0,0,25267
-5.0960774,-8.02692,-2.2498217,9.295785,3.2069001,5.826537,651558,0,0,25268
0,0,0,0,0,0,651561,0,0,25269
0,0,0,0,0,0,653518,0,0,25362
0,0,0,0,0,0,667489,0,0,25886
-3.657277,-4.7325063,-2.08212,0.1420719,4.277853,2.5084977,904954,0,0,28133
-12.295558,-12.252295,-12.3298,12.246654,22.301018,44.44119,942241,0,0,28886
-0.55961865,-1.1913991,-0.87383443,0.6107915,1.1913993,1.3632867,942921,0,0,29019
-0.5810393,-0.9472249,-0.7662329,0.5810393,0.9472249,0.79831135,942923,0,0,29020
1,1,1,-1,-1,-1,943408,0,0,31640
1,1,1,-1,-1,-1,943410,0,0,29072
1,1,1,-1,-1,-1,943423,0,0,29074
1,1,1,-1,-1,-1,943439,0,0,32475
1,1,1,-1,-1,-1,943441,0,0,29077
1,1,1,-1,-1,-1,943456,0,0,29080
-0.010915241,-0.38314185,-0.38336298,0.010915241,0.3831419,0.38336304,967569,0,0,30003
-0.30207902,-0.5069788,-0.42488557,0.34763297,0.48427063,0.48515424,969719,0,0,30138
-0.4256266,-0.53204066,-0.033923574,0.5187481,0.78251034,1.4171442,969971,0,0,30201
-0.5685181,-1.1301861,-0.009813309,1.2811099,1.0266972,1.7882581,969975,0,0,30203
-0.295816,-0.61605996,-0.028255198,0.5985517,0.6984909,1.3832948,969977,0,0,30204
-0.7223976,-1.0784415,-0.009813309,0.85432893,1.0784416,1.7882581,969981,0,0,30206
-0.4866489,-0.98696476,-0.00012068285,0.6544076,0.90741223,2.534593,970047,0,0,30233
-0.067463346,-0.22752257,-0.65011925,0.257036,0.22752216,0.65011936,970055,0,0,30237
-0.8365412,-0.3714985,-0.013672723,0.7693449,0.5430514,1.2642705,970059,0,0,30239
-0.6259426,-0.25136608,-0.0050248043,0.9899157,0.6276625,1.2544554,970061,0,0,30240
-0.14719868,-0.14556725,-0.2900247,0.14719874,0.14556725,0.29002473,970210,0,0,30266
-0.3928906,-0.4365881,-0.4683733,0.33181173,0.43279272,0.44445562,970419,0,0,30286
-0.35849398,-0.6804117,-0.56402194,0.38784924,0.6900488,0.5640242,970422,0,0,30287
-0.21076103,-0.15757903,-0.054967564,0.11840183,0.14036949,0.35872585,1004810,0,0,31627
-4.509186,-8.622648,-7.4746957,4.2868547,8.6307335,7.467169,1006465,0,0,31731
-37.878117,-27.56248,-4.4766107,37.878117,27.56248,25.365784,1011671,0,0,31771
1,1,1,-1,-1,-1,1011908,0,0,31784
-4.1613283,-1.954887,-5.0455875,0.31859872,2.3792675,1.1516578,1032585,0,0,32383
1,1,1,-1,-1,-1,1034129,0,0,32462
1,1,1,-1,-1,-1,1034148,0,0,32461
-1.1246693,-0.6598051,-0.06503184,0.9591296,0.6449831,0.30745438,1053512,0,0,32817
-1.0144144,-1.4142445,0.091533184,0.9701666,1.4142444,3.3202443,1062239,0,0,32922
-136.63162,-104.35946,-34.398975,3.9937303,152.3696,117.65208,1067592,0,0,33095
-3.1982934,-22.976784,-1.2871976,-3.1982927,25.954088,31.698086,1067658,0,0,33096
-8.9008205E-07,-2.8444448,-0.016666677,8.9008205E-07,2.8444448,1.4055555,1068226,0,0,33107
-8.9008205E-07,-2.8444448,-0.016666677,8.9008205E-07,2.8444448,1.4055555,1068227,0,0,33113
-8.9008205E-07,-2.8444448,-0.016666677,8.9008205E-07,2.8444448,1.4055555,1068253,0,0,33112
-8.9008205E-07,-2.8444448,-0.016666677,8.9008205E-07,2.8444448,1.4055555,1068258,0,0,33111
-8.9008205E-07,-2.8444448,-0.016666677,8.9008205E-07,2.8444448,1.4055555,1068259,0,0,33110
-8.9008205E-07,-2.8444448,-0.016666677,8.9008205E-07,2.8444448,1.4055555,1068262,0,0,33109
-0.0015875498,-2.8444448,-0.01666673,-0.0015857485,2.8444443,1.4055555,1068263,0,0,33108
1,1,1,-1,-1,-1,1083712,0,0,33236
-1.1433359,-1.2342125,-0.16136159,1.1914324,1.2342125,1.888681,1084844,0,0,33277
-0.32005447,-0.39814812,-0.4452244,0.31154624,0.41419685,0.40557832,1087046,0,0,33327
-0.50011295,-0.07483321,-0.25901392,1.5010523,0.07483321,0.28177866,1109477,0,0,35005
-0.06088859,-0.5458069,-0.003414264,0.029468285,0.68173677,0.5236181,1115161,0,0,33899
-3.4650092,-6.110509,-4.367874,3.3746324,6.1075335,6.21326,1127086,0,0,35599
-2.730188,-2.81837,-1.8770624,2.9711037,3.1296442,1.9497395,1129255,0,0,35650
1,1,1,-1,-1,-1,1141313,0,0,34189
-0.63469565,-2.2634482,-2.770083,1.2831861,2.0479767,2.0482914,1237497,0,0,36004
-3.118089,-3.6244392,-3.3595374,2.3979034,3.7272346,4.715739,1249925,0,0,36390
-2.8442147,-3.6394343,-3.3836064,2.9966478,3.7125916,4.9671445,1249979,0,0,36403
-2.5611362,-3.698304,-2.9179208,2.1547174,3.3470078,4.517105,1249984,0,0,36404
-1.9312737,-3.2926583,-2.8374345,2.8436053,3.6530848,4.9774256,1249985,0,0,36402
-1.1635635E-05,-0.48796675,-0.48796305,12.910861,0.53796786,0.537968,1303201,0,0,37610
-9.512889,-35.476685,-6.712021,38.849663,11.95105,11.008069,1305036,0,0,37641
-0.30553722,-1.3869206,-0.1055651,0.30224663,1.3831623,2.6645176,1307354,0,0,37793
-0.06724311,-1.3891978,-0.10793199,0.06724311,1.3855927,2.6668582,1307357,0,0,37794
-0.06750719,-1.3634835,-0.08220123,0.06750719,1.3598499,2.6411324,1307358,0,0,37798
-0.42342177,-0.35552987,-0.4693729,0.20223752,0.4300583,0.35636336,1315162,0,0,38091
-0.4157785,-0.40296713,-0.4852692,0.19389746,0.41018224,0.330332,1315163,0,0,38092
0.17362623,-0.22947405,0.18383622,0.49558544,0.24401836,1.2398617,1315646,0,0,38106
-0.025798758,-0.16959482,-0.10086314,0.031685658,0.1695948,0.0745999,1328746,0,0,38430
-0.50011295,-0.07483321,-0.25901392,1.5010523,0.07483321,0.28177866,1346481,0,0,39809
-0.59214264,-0.51767707,-0.27586016,0.5580424,0.6073405,0.1736412,1367069,0,0,40425
-0.59214264,-0.6051781,-0.27586016,0.59090865,0.5643956,0.18845607,1367070,0,0,40426
-0.5406246,-0.53851396,-0.27586016,0.5393395,0.44497406,0.12658247,1367253,0,0,40427
-2.470734,-2.4663277,-0.48696047,2.4763644,2.484507,0.39913598,1369453,0,0,40537
-1.6314076,-2.2922044,-1.6819355,1.6307037,1.2612252,1.4409733,1373131,0,0,40591
-1.4802096,-1.7816268,-0.7571483,1.3504002,1.7816268,2.9048011,1375559,0,0,40665
-27.777779,-27.777779,-27.777779,27.777779,27.777779,27.777779,1376353,0,0,40700
-0.3045712,-0.8650425,-1.6428488,0.43154916,0.89989597,4.4300184,1381358,0,0,40834
-0.4728901,-2.306998,-1.6127188,0.6867217,2.3063562,4.950412,1387204,0,0,41022
-0.08640487,-0.5131604,-0.4443314,0.46553284,0.56203485,0.4786987,1392610,0,0,41213
-0.3204486,-0.7272011,-0.6577087,0.81008947,0.738132,0.6695813,1392611,0,0,41212
-137.99031,-103.6948,-40.81165,2.0160658,186.67622,114.59105,1396280,0,0,41295
-7.04732,-29.933113,-1.7890184,-7.047319,33.8957,31.196266,1396283,0,0,41296
-0.053208854,-0.07338075,0.06610021,0.05321248,0.07368464,0.71503854,1417649,0,0,41645
-8.205855,-2.493031,-0.09944031,1.7353075,2.6523926,5.6724067,1418496,0,0,41671
-0.053208854,-0.07338075,0.06610021,0.05321248,0.07368464,0.71503854,1444889,0,0,41684
-0.03927892,-0.12759884,0.06610021,0.051903147,0.13564196,0.716871,1444892,0,0,41685
-0.9024884,-11.446559,-3.440618,17.432463,11.875469,4.942479,1447595,0,0,41762
-16.943356,-13.403879,-5.553332,13.929496,12.075853,7.7523875,1560446,0,0,43042
-13.936682,-12.148949,-5.553332,13.289617,9.676336,6.5466914,1560617,0,0,43041
-0.41858834,-0.3795994,0,0.4014741,0.37959936,0.6280816,1590223,0,0,43781
-24.677944,-25.596529,-26.414968,25.537888,26.303593,35.106075,1595144,0,0,43874
-10.125772,-20.242218,-17.541714,10.125308,20.259943,17.534184,1601381,0,0,44052
-60.52689,-60.5269,-1.5931752,60.526897,60.526897,49.812233,1611185,0,0,44404
-14.53754,-11.897038,-7.5486717,11.098508,24.459602,74.60215,1611750,0,0,44424
-0.41858834,-0.3795994,0,0.4014741,0.37959936,0.6280816,1616193,0,0,44476
-0.30553722,-1.3869206,-0.105565,0.30224663,1.3831623,2.6645176,1625156,0,0,44806
1,1,1,-1,-1,-1,1626168,0,0,44837
1,1,1,-1,-1,-1,1626169,0,0,44838
1,1,1,-1,-1,-1,1626170,0,0,44840
-6.5152636,-15.377263,-4.3890305,8.298162,7.747672,7.399617,1662239,0,0,45230
-10.291053,-9.796278,-4.3890305,7.2291083,9.371399,7.9925942,1662240,0,0,45229
-6.3807282,-7.312093,-4.808365,7.124332,5.759128,7.3051353,1662241,0,0,45231
-29.923532,-29.512451,-24.792519,29.98939,30.403463,25.108744,1662242,0,0,45228
1,1,1,-1,-1,-1,1709422,0,0,46145
-3.916336,-1.5559208,-0.047709253,3.7856712,1.5356919,3.0205705,1722376,0,0,46601
-0.41161206,-0.57421136,-1.3514419,0.36551934,0.5750662,0.5145409,1725600,0,0,46720
-33.30827,-33.30827,-5.5186152,33.30827,33.30827,5.5186152,1728344,0,0,46793
-75.992065,-75.99205,-12.590596,75.99205,75.992065,12.590596,1728346,0,0,46794
-51.21706,-51.21706,-51.21706,51.21706,51.217052,51.21706,1728354,0,0,46795
-116.36124,-135.55333,-38.7676,119.58622,119.05678,48.085407,1728356,0,0,46796
-152.76758,-259.40588,0,152.76758,259.40588,48.548058,1728359,0,0,46797
1,1,1,-1,-1,-1,1728831,0,0,46823
-0.34231,-0.32233018,-0.8801313,0.16934672,0.45966804,0.23858671,1733364,0,0,46873
1,1,1,-1,-1,-1,1733368,0,0,46874
-0.7546311,-1.0653967,-1.7301943,0.73258907,1.0567621,0.8423408,1777740,0,0,46972
-0.77898204,-1.2379098,-1.9644405,0.77039546,1.2184461,1.2817435,1843255,0,0,47551
-4.9793253,-5.0870624,-4.15201,4.695876,4.694823,4.5427604,1846935,0,0,47569
-0.3301337,-0.26826775,-0.38809478,0.3535651,0.3629409,6.411325,1862975,0,0,47861
-0.028166633,-0.26017597,-0.14796911,0.015009383,0.25274497,0.37815958,1958358,0,0,48534
-4.264902,-4.56464,-2.0584521,4.412737,4.613824,5.5185614,1965585,0,0,48582
-49.800198,-23.771975,0,1.6336687,25.011503,9.214593,2032201,0,0,49309
-2.1168866,-2.0941384,-0.9716644,2.1168861,2.0941384,3.484558,2066466,0,0,49533
-6.1931276,-6.1931276,-1.2335126,6.1931276,6.1931276,0.82706857,2066495,0,0,49534
-2.9426959,-2.7658868,0.049999386,2.805532,2.9823427,0.050002456,2110377,0,0,49709
-1.7865888,-3.212154,-3.07243,1.7766575,3.4804516,3.0185242,2140869,0,0,49911
-0.7288781,-1.1131957,-0.2536408,0.3405332,0.84264416,1.1308031,2167758,0,0,50050
-170.97067,-170.97067,-1.3361733,170.97067,170.97067,-0.018761037,2179603,0,0,50149
-0.6196278,-0.5443417,-0.39904442,0.43727776,0.7234639,1.2244222,2198494,0,0,50165
-1.0006773,-0.883564,0,1.0400597,1.0572926,0.7954618,2198499,0,0,50166
-0.569714,-1.73791,0.287306,0.433253,1.68159,8.75847,2198507,0,0,50167
1.51591E-06,-5.61847E-06,0,0.0381683,0.0616763,0,2198512,0,0,50168
-6.655539,-2.5515022,-0.0042004054,7.0829544,2.574482,9.9219055,2198518,0,0,50169
-1.8218672,-2.0157847,-0.0068715415,1.8218452,1.8645698,10.924031,2198523,0,0,50170
-0.90881664,-0.85995835,-0.031124169,1.0406972,1.3652445,0.67038333,2198528,0,0,50171
-2.9647377,-3.522405,-0.08732098,8.560622,3.5943408,5.8888087,2198535,0,0,50172
-1.8587013,-2.2536807,0.005944994,1.7987715,1.7342918,13.29272,2198540,0,0,50173
-0.4170722,-0.31092224,-0.029280001,0.41707778,0.2893111,0.372725,2198545,0,0,50174
-0.52966154,-0.66138947,-0.012250562,0.6987288,0.6302164,0.89978737,2198548,0,0,50175
-0.46587223,-0.70578057,-0.044444446,0.7264445,0.7172778,1.0567722,2198552,0,0,50176
-5.204409,-1.9868265,0.009713915,1.8894217,2.2875621,18.841003,2198556,0,0,50177
-19.730808,-9.710883,-0.69438404,10.302272,9.767351,13.759284,2198559,0,0,50178
-0.28377223,-0.10826056,-0.024515834,0.47965002,0.441075,1.0387751,2198569,0,0,50179
-0.4053028,-0.57761115,-0.085565,0.39787498,0.58651114,0.8354556,2198572,0,0,50180
-0.833331,-0.833331,0.00279361,0.833331,0.833331,0.419458,2198578,0,0,50181
-0.21409945,-0.20832889,-0.023469444,0.23260055,0.21642028,0.5207278,2198584,0,0,50182
-0.3013361,-0.405675,-0.01229,0.40178612,0.22120722,0.7006417,2198589,0,0,50183
-0.67659724,-0.5108361,-0.3330139,0.63575834,0.6908667,1.7241555,2198594,0,0,50184
-7.2820687,-2.6714885,-0.02083942,3.3430755,2.3664963,4.532022,2198601,0,0,50185
-8.657505,-1.8786825,0.0065231323,8.657492,1.8786907,20.276611,2198606,0,0,50186
1,1,1,-1,-1,-1,2198609,0,0,50187
-2.7443411,-2.7335644,-1.6274959,2.728868,2.7396443,4.2959185,2198613,0,0,50188
-1.8159918,-1.7088397,0.0026584202,1.8159765,1.7088381,6.679016,2198616,0,0,50189
-8.287543,-11.291514,-1.1995591,3.756242,11.902171,28.959887,2198619,0,0,50190
-0.45421115,-0.46063057,-0.33590278,0.37828612,0.53798056,0.9690695,2198627,0,0,50191
1,1,1,-1,-1,-1,2198630,0,0,50192
-0.3154611,-0.23342334,-0.012947778,0.3154611,0.22057362,0.8658,2198633,0,0,50193
-7.2820683,-2.5425255,-0.0208393,3.3430746,2.2778041,6.4683375,2198638,0,0,50194
-0.404944,-0.443085,-0.00143416,0.232107,0.465007,1.96988,2198642,0,0,50195
-40.574154,-30.924522,-38.10281,32.07841,41.728043,34.549755,2198647,0,0,50196
-0.5794306,-0.47953334,-0.02479,0.24988501,0.20891666,1.5214916,2198651,0,0,50197
-7.5074115,-2.6681473,0.005671183,7.5074344,2.6681528,9.958447,2198845,0,0,50199
-0.13969107,-0.099277124,-0.15557392,0.212607,0.36353603,0.3648519,2199316,0,0,50202
0,-0.6944445,-0.6944444,0,0.6944445,0.6944444,2199319,0,0,50203
-2.7066026,-2.916845,-1.6173332,3.1986833,2.9884408,7.908601,2199322,0,0,50204
-12.403152,-12.47672,-12.005532,12.44592,12.372352,12.843539,2199326,0,0,50205
-3.2860992,-3.2461324,-2.3845212,3.2002425,2.5685077,4.788074,2199329,0,0,50206
-3.0387704,-2.9997041,-1.6554834,2.9497597,2.988826,7.9692516,2199333,0,0,50207
-2.9607396,-3.026162,-1.6617571,3.051887,2.9864647,7.8788815,2199340,0,0,50208
-0.18650289,-0.20324768,-0.3662822,0.1611476,0.20266446,0.056121457,2199344,0,0,623
-3.0899081,-3.0048587,-1.6555979,2.926742,3.0117915,7.9424934,2199348,0,0,50209
-1.0335808,-1.6705694,0.36629495,1.042479,1.6848382,3.0410552,2199352,0,0,50210
-0.8445528,-0.68113613,-0.03763139,0.34779444,0.44712502,0.9485084,2199417,0,0,50213
-1.4349859,-0.7688178,-0.0027783606,0.6971025,0.7389885,1.861708,2199501,0,0,50214
-1.4295762,-0.9222169,-0.016732315,0.9598422,0.8650485,2.2733374,2199505,0,0,50215
0,-0.6944445,-0.6944444,0,0.6944445,0.6944444,2199509,0,0,50216
-5.253556,-6.008456,-5.298436,5.9850287,5.2301283,7.1304984,2199512,0,0,50217
-0.97266304,-1.5443,0.08142105,1.0805019,1.4742192,3.4455073,2199522,0,0,50218
-1.5272434,-1.5200924,-0.8482526,1.5145857,1.5217371,2.1690729,2199527,0,0,50219
-9.103101,-9.956555,-9.694267,10.126666,9.2732115,9.5355,2199576,0,0,50220
-1.9594865,-2.1221614,0,1.9170967,2.048871,0.7331294,2313817,0,0,50489
-11.56675,-13.469877,-161.42719,9.915043,11.551679,2.2075243,2313834,0,0,50471
-22.883518,-5.505061,-181.70709,24.272549,23.805244,5.0484543,2313835,0,0,50472
-0.053775933,-14.781878,-40.787323,27.286434,16.06119,3.0452564,2313836,0,0,50473
-0.096098475,-0.0014496112,-0.11703169,0.09609847,0.10479101,0.14054167,2351697,0,0,50705
-0.09020445,-0.0033819852,-0.11703169,0.090204455,0.12609771,0.14479439,2351703,0,0,50706
-0.09020445,-0.0033819852,-0.11703169,0.090204455,0.12609771,0.14479439,2351743,0,0,50707
-0.096098475,-0.0014496112,-0.11703169,0.09609847,0.10479101,0.14054167,2351788,0,0,50708
-1.1491313,-0.44839126,-0.029191608,1.7802132,0.45211935,2.0934863,2353357,0,0,50738
-9.385075,-9.415852,-2.2919507,9.385075,9.415852,24.356583,2397730,0,0,50972
-7.107768,-15.185246,-11.641331,8.093952,15.168556,14.688822,2414940,0,0,51050
-9.932349,-10.027254,-3.905734,9.932352,10.027254,30.484156,2480349,0,0,51560
-0.50518316,-0.49998513,-0.49604243,0.5068805,0.499985,0.4943197,2491556,0,0,51688
-0.044244163,-1.2599068,-0.42226353,0.9101205,1.2599074,2.9731436,2499886,0,0,51707
1,1,1,-1,-1,-1,2532429,0,0,52827
1,1,1,-1,-1,-1,2909712,0,0,53898
-0.691243,-0.20473383,-0.29043457,0.6379566,0.20473383,0.38024315,3096508,0,0,56045
-4.857894,-5.375997,-0.09466129,4.8577433,5.3770585,1.8611859,3284846,0,0,56985
-4.5441227,-7.533832,-0.08134723,4.5521827,7.5345035,1.5204579,3284847,0,0,56986
-0.0006586148,-0.0005266931,-0.048177402,6.076415,6.8375907,2.9212942,3284848,0,0,56987
-0.00059162907,-0.0004014704,-0.06828287,6.6255145,6.837719,3.688308,3284849,0,0,56988
-0.034935556,-0.69899964,-0.69430363,0.034941673,0.69900376,3.3996027,3621948,0,0,58918
1,1,1,-1,-1,-1,3622770,0,0,58866
-0.32193652,0.005665991,-0.32193586,0.3183083,0.17204581,0.32193586,3736696,0,0,59248
-0.75797486,-1.1972485,0.9918723,0.62471205,1.2119964,3.1956322,3846172,0,0,59503
-0.5738447,-0.8506228,-0.009300304,0.38017175,0.60831463,2.0613189,4059402,0,0,61094
-0.39498115,-0.14638096,-0.20855579,0.75852185,0.14638084,0.20855574,4186662,0,0,61852
-0.3438665,-0.07750012,-0.1395009,1.3891461,0.06525419,0.1301508,4323001,0,0,63275
-2.2878208,-2.131641,-0.0014419565,0.74773955,1.8829973,4.1221275,4382565,0,0,63544
1,1,1,-1,-1,-1,4438972,0,0,63983
1,1,1,-1,-1,-1,4466557,0,0,63999
1,1,1,-1,-1,-1,4466558,0,0,64000
1,1,1,-1,-1,-1,4466559,0,0,64001
-8.281285,-8.281241,-4.1063976,8.281285,8.281241,4.1063976,4681252,0,0,66075
1,1,1,-1,-1,-1,4703540,0,0,66268
-1.8170767,-0.5058868,-0.037735,1.9642856,0.519115,1.7057405,4788400,0,0,70964
-577.8251,-581.2102,-1478.7075,581.5625,582.9972,-788.71326,4953458,0,0,67377
-3.135936,-5.542256,-2.9388933,2.3176053,5.542256,16.429552,5076825,0,0,68101
-19.401062,-19.5138,-1.9378357,19.710093,19.48682,4.198097,5098022,0,0,68216
-2.6470726,-0.7816224,1.3126787,0.50239605,0.78162223,3.2285047,5098673,0,0,68227
-4.030722,-4.030722,-3.7616293,4.030722,4.030722,4.299815,5163306,0,0,68750
-0.94991046,-10.390902,0,18.654795,10.390902,0.16035631,5193729,0,0,69023
-0.56199074,-0.11253103,-0.44534126,0.53692925,0.097443916,0.47602114,5210044,0,0,69260
-35.173645,-33.235878,-6.6764317,35.08978,35.972977,25.907549,5332404,0,0,70331
-1.4143642,-2.0664036,-0.25468937,0.4321691,2.1840189,8.497415,5332514,0,0,70329
-33.589645,-78.74779,-24.991756,34.3504,33.389027,94.53193,5512707,0,0,71699
-6.0721636,-3.4008946,-0.194536,2.3099456,4.293607,5.877574,5519021,0,0,71950
-0.5234026,-0.23995972,-0.067288704,0.39089543,0.21006033,0.62668073,5519023,0,0,71949
-0.6347281,-0.914185,0.3816538,0.6617291,0.91418576,2.213069,5536353,0,0,71947
-6.8382998,-6.838298,-4.123985,6.8382998,6.838298,4.123985,5552700,0,0,72117
-0.9350374,-3.3333316,-0.7370368,0.7491319,3.3333359,0.7498707,5566977,0,0,72191
-1.4664528,-3.0785077,-2.6501205,1.5889194,3.0322368,2.6705706,5593579,0,0,72261
-1.4664528,-3.0785077,-2.6501205,1.5889194,3.0322368,2.6705706,5593580,0,0,72262
-1.4664528,-3.0785077,-2.6501205,1.5889194,3.0322368,2.6705706,5593581,0,0,72263
-1.4664528,-3.0785077,-2.6501205,1.5889194,3.0322368,2.6705706,5593582,0,0,72264
-1.4664528,-3.0785077,-2.6501205,1.5889194,3.0322368,2.6705706,5593583,0,0,72265
-1.4664528,-3.0785077,-2.6501205,1.5889194,3.0322368,2.6705706,5593584,0,0,72266
-1.4664528,-3.0785077,-2.6501205,1.5889194,3.0322368,2.6705706,5593585,0,0,72267
-1.4664528,-3.0785077,-2.6501205,1.5889194,3.0322368,2.6705706,5593586,0,0,72268
-1.4664528,-3.0785077,-2.6501205,1.5889194,3.0322368,2.6705706,5593587,0,0,72269
-1.4664528,-3.0785077,-2.6501205,1.5889194,3.0322368,2.6705706,5593589,0,0,72270
-1.4664528,-3.0785077,-2.6501205,1.5889194,3.0322368,2.6705706,5593590,0,0,72271
-1.4664528,-3.0785077,-2.6501205,1.5889194,3.0322368,2.6705706,5593591,0,0,72272
-1.4664528,-3.0785077,-2.6501205,1.5889194,3.0322368,2.6705706,5593593,0,0,72273
-1.4664528,-3.0785077,-2.6501205,1.5889194,3.0322368,2.6705706,5593594,0,0,72274
-1.4664528,-3.0785077,-2.6501205,1.5889194,3.0322368,2.6705706,5593595,0,0,72275
-1.4664528,-3.0785077,-2.6501205,1.5889194,3.0322368,2.6705706,5593596,0,0,72276
-1.4664528,-3.0785077,-2.6501205,1.5889194,3.0322368,2.6705706,5593597,0,0,72277
-1.4664528,-3.0785077,-2.6501205,1.5889194,3.0322368,2.6705706,5593598,0,0,72278
-1.4664528,-3.0785077,-2.6501205,1.5889194,3.0322368,2.6705706,5593599,0,0,72279
-1.4664528,-3.0785077,-2.6501205,1.5889194,3.0322368,2.6705706,5593600,0,0,72280
-1.4664528,-3.0785077,-2.6501205,1.5889194,3.0322368,2.6705706,5593601,0,0,72281
-0.07436631,-0.26951453,-0.22068083,0.04614123,0.27136812,0.3202018,5593602,0,0,72282
-1.9608176,-0.51065564,-0.7514828,1.1075305,0.5106554,0.5645493,5649562,0,0,72459
-0.48220974,-0.4547632,-0.4865808,0.4856034,0.44915336,0.48195606,5679913,0,0,72633
-5.041803,-5.0326834,-3.1032867,5.041802,5.0326834,13.898841,5739870,0,0,72940
-0.9051643,-0.13290116,-0.19306575,0.9358959,0.13291831,0.41504002,5757210,0,0,73163
-3.266304,-4.744918,-3.989018,0.5803729,4.742235,4.0244036,5759057,0,0,73080
-0.5244822,-0.85988915,-0.64251804,0.58418155,0.7753386,0.7234055,5763802,0,0,73381
-0.34639734,-0.28775898,-0.34921423,1.0005807,0.2852934,0.34684193,5779366,0,0,73630
-0.1996926,-0.11709403,-0.16742219,0.18984495,0.22416009,0.11354436,5837941,0,0,73631
-0.1996926,-0.22416009,-0.16742216,0.18984489,0.11709403,0.11354436,5837942,0,0,73631
-4.030722,-4.030722,-3.7616293,4.030722,4.030722,4.299815,5890520,0,0,73852
-0.38396388,-0.059425004,-0.21050279,1.239275,0.059427787,0.055455558,5904688,0,0,73960
-0.40537778,-0.05230834,-0.17064445,0.65323335,0.05230834,0.15886112,5904689,0,0,73961
-1.2648473,-0.07555278,-0.8793278,0.8284667,0.075555556,0.18358335,5904690,0,0,73962
-1.2172723,-0.12418611,-0.35428056,1.2630583,0.10209445,0.35387778,5904691,0,0,73972
-0.25844446,-0.08010277,-0.35523054,0.25146946,0.086691655,0.05396944,5904694,0,0,73964
-0.44257626,-0.047120366,-0.18856499,1.4537412,0.047120366,0.19079322,5904695,0,0,73973
-1.5635233,-13.59744,5.257353,12.409081,13.193415,34.892384,5917323,0,0,74191
-0.38396388,-0.059425004,-0.21050279,1.239275,0.059427787,0.055455558,5933403,0,0,74496
-0.40537778,-0.05230834,-0.17064445,0.65323335,0.05230834,0.15886112,5933404,0,0,74497
-1.2648473,-0.07555278,-0.8793278,0.8284667,0.075555556,0.18358335,5933405,0,0,74498
-1.2172723,-0.12418611,-0.35428056,1.2630583,0.10209445,0.35387778,5933406,0,0,74499
-0.7171889,-0.109075,-0.5319806,0.5393945,0.11675833,0.6492556,5933407,0,0,74500
-0.25844446,-0.08010277,-0.35523054,0.25146946,0.086691655,0.05396944,5933408,0,0,74501
-0.44257626,-0.047120366,-0.18856499,1.4537412,0.047120366,0.19079322,5933409,0,0,74502
-0.598799,-0.008401076,-0.5627302,0.5938315,0.090046994,0.5963314,5933412,0,0,74503
-1.1573806,-0.24803612,-0.40981948,1.0049639,0.16809447,0.40981948,5933842,0,0,74423
-1.1601611,-0.22710834,-0.41282225,0.91403896,0.18206514,0.41282225,5933844,0,0,74424
-1.3653536,-2.9818234,-0.16647948,3.52767,2.686705,4.654939,5936756,0,0,74489
-0.7171889,-0.109075,-0.5319806,0.5393945,0.11675833,0.6492556,5937343,0,0,74505
-0.4210495,-0.0024221838,-0.40984902,0.44403535,0.068988,0.4308864,5937349,0,0,74506
-1.1573806,-0.24803612,-0.40981948,1.0049639,0.16809447,0.40981948,5937379,0,0,74507
-1.1601611,-0.22710834,-0.41282225,0.91403896,0.18206514,0.41282225,5937380,0,0,74508
-0.2152461,-0.063046746,-0.16634747,1.2320285,0.076710016,0.17439637,6009584,0,0,74588
-0.2176041,-0.09329933,-0.23738098,0.22520068,0.44040406,0.20815445,6156298,0,0,75752
-0.21760394,-0.44039997,-0.23738095,0.22520085,0.09330345,0.2081545,6156299,0,0,75752
-0.24196509,-0.30927742,-0.2135175,0.26194862,0.09072256,0.24753687,6156300,0,0,75753
-0.15460046,-0.1269637,-0.3683825,0.19276765,0.12696354,0.05049887,6156305,0,0,75754
-0.22373219,-0.13435952,-0.43211046,0.19678436,0.1343082,0.05629187,6156318,0,0,75754
-0.30751947,-0.15776224,-0.3774686,0.16586451,0.15776241,0.15337846,6156319,0,0,75754
-0.22826616,-0.1084853,-0.32731247,0.08901217,0.10843175,0.067014016,6156320,0,0,75754
-0.226989,-0.12696335,-0.3993885,0.14442308,0.12696388,0.06221762,6156321,0,0,75754
-0.18695724,-0.14397137,-0.42234525,0.21307448,0.14403929,0.038280685,6156322,0,0,75754
-0.22355846,-0.11433591,-0.38376918,0.1285883,0.11433589,0.07783692,6156323,0,0,75754
-0.26533565,-0.13235779,-0.39381555,0.10607641,0.13235755,0.067790575,6156324,0,0,75754
-0.27790236,-0.10759068,-0.36132008,0.0935097,0.10729492,0.07187004,6156325,0,0,75754
-0.15995985,-0.10099278,-0.28313732,0.1512359,0.1009929,0.10362947,6156327,0,0,75754
-0.2622427,-0.1158381,-0.3671047,0.12048541,0.11583779,0.08951417,6156328,0,0,75754
-0.41332847,-0.19174172,-0.377238,0.14801206,0.19174172,0.19976953,6156329,0,0,75754
-0.5030712,-0.1984797,-0.47300774,0.21624394,0.19870707,0.23994514,6156330,0,0,75754
-0.32777604,-0.12696362,-0.23589304,0.10687573,0.12696357,0.25102916,6156331,0,0,75754
-0.27823034,-0.15955569,-0.39137846,0.24881268,0.1595557,0.10663828,6156332,0,0,75754
-0.18734498,-0.29055575,-0.3969666,0.28014287,0.29022038,0.52665424,6156333,0,0,75755
-0.20161305,-0.25305292,-0.39110485,0.20610005,0.25346312,0.4059774,6156334,0,0,75755
-0.22789757,-0.18660367,-0.3447024,-0.06677903,0.18777373,0.12249381,6156335,0,0,75756
-0.23752983,-0.20437284,-0.30961928,-0.16550872,0.2056134,0.07153562,6156336,0,0,75756
-0.2631068,-0.24517472,-0.45601422,-0.07508347,0.24667896,0.09194626,6156337,0,0,75756
-0.30310392,-0.25150585,-0.43936762,-0.1102329,0.25302887,0.12272036,6156338,0,0,75756
-0.27722272,-0.19542459,-0.33681613,-0.127349,0.19663097,0.099961944,6156339,0,0,75756
-0.30317196,-0.23610184,-0.3581461,-0.13543627,0.23738821,0.17371611,6156340,0,0,75756
-0.29641783,-0.19542523,-0.32408208,-0.14654483,0.19663034,0.11269608,6156341,0,0,75756
-0.3453822,-0.19542535,-0.32296234,-0.19550923,0.1966302,0.11381578,6156342,0,0,75756
-0.31111136,-0.19557309,-0.33702752,-0.18315153,0.19648248,0.10664986,6156343,0,0,75756
-0.4852448,-0.27681676,-0.32645205,-0.35812035,0.27834383,0.31752124,6156344,0,0,75756
-0.21127146,-0.19542494,-0.31920996,-0.12404394,0.19663066,0.13680145,6156345,0,0,75756
-0.32452875,-0.19542511,-0.24725467,-0.21311457,0.1966304,0.20084514,6156346,0,0,75756
-0.5204029,-0.23394956,-0.11473799,-0.15701976,0.23541737,0.3014877,6156347,0,0,75756
-0.77611583,-0.37258774,-0.21137674,-0.2857503,0.3746449,0.5192404,6156348,0,0,75756
-0.31405863,-0.21928312,-0.23738745,-0.16936505,0.2205319,0.26000682,6156349,0,0,75756
-0.28914136,-0.1684589,-0.2603347,-0.22640511,0.16955884,0.13675706,6156350,0,0,75756
0,-1.1891665,-1.1891663,0,1.1891665,1.1891663,6641984,0,0,77673
0.004494656,-1.0008647,-1.0008644,0.071798526,1.0008647,1.0008644,6641985,0,0,77674
-0.9877762,-0.24500853,-0.21855152,0.45982924,0.18495187,0.20962577,6641986,0,0,77675
-0.31338876,-2.2867115,-2.286711,-0.31338817,2.2867115,2.286711,6641987,0,0,77676
-184.39285,-359.83826,-334.81808,185.03581,377.46304,309.5914,6641988,0,0,77677
-11.111112,-11.111112,-11.111112,11.111112,11.111112,11.111112,6641989,0,0,77678
-11.111112,-11.111112,-11.111112,11.111112,11.111112,11.111112,6641990,0,0,77679
-11.111112,-11.111112,-11.111112,11.111112,11.111112,11.111112,6641991,0,0,77680
-11.111112,-11.111112,-11.111112,11.111112,11.111112,11.111112,6641992,0,0,77681
-11.111112,-11.111112,-11.111112,11.111112,11.111112,11.111112,6641993,0,0,77682
-11.111112,-11.111112,-11.111112,11.111112,11.111112,11.111112,6641994,0,0,77683
-11.111112,-11.111112,-11.111112,11.111112,11.111112,11.111112,6641995,0,0,77684
-11.111112,-11.111112,-11.111112,11.111112,11.111112,11.111112,6641996,0,0,77685
-11.111112,-11.111112,-11.111112,11.111112,11.111112,11.111112,6641997,0,0,77686
-11.111112,-11.111112,-11.111112,11.111112,11.111112,11.111112,6641998,0,0,77687
-0.57448715,-0.057654575,-0.38689125,0.74235225,0.057754416,0.2513393,6705204,0,0,77996
-0.21920907,-0.1042385,-0.28161296,0.21074983,0.4328064,0.2538493,6725199,0,0,78219
-0.21920907,-0.43280226,-0.28161314,0.21074983,0.1042425,0.25384918,6725200,0,0,78219
-0.24446721,-0.059015103,-0.43998206,0.1672367,0.45709145,0.27739272,6725202,0,0,78220
-0.26019996,-0.43526182,-0.44010034,0.16299585,0.08071187,0.27615586,6725205,0,0,78220
-0.31605187,-0.13385887,-0.32902068,0.23156548,0.43829575,0.2850077,6725213,0,0,78221
-0.31605196,-0.43829575,-0.32902077,0.23156548,0.13385884,0.2850077,6725214,0,0,78221
-0.2520806,-0.11671814,-0.2915341,0.17085211,0.3393007,0.10825622,6725215,0,0,78222
-0.2611391,-0.33930036,-0.291534,0.16641514,0.11699785,0.10825618,6725216,0,0,78222
-0.20796949,-0.17736574,-0.40770653,0.24438892,0.17738551,0.02774786,6726319,0,0,78236
-0.24597475,-0.18777545,-0.43715972,0.2329264,0.18779135,0.023845464,6726320,0,0,78236
-0.2078727,-0.21007569,-0.41641492,0.23567761,0.2107008,0.010219594,6726321,0,0,78236
-0.2551624,-0.23033424,-0.36598706,0.25070345,0.23038615,0.029943086,6726322,0,0,78236
-0.23795481,-0.14100605,-0.31845415,0.12844944,0.14100607,0.034258142,6726323,0,0,78236
-0.23044072,-0.17280346,-0.40198418,0.21025804,0.17280404,0.022246338,6726324,0,0,78236
-0.25099075,-0.16792777,-0.36636806,0.17727754,0.16793145,0.045896616,6726325,0,0,78236
-0.29589447,-0.18532671,-0.41463146,0.17675288,0.18533583,0.04035363,6726326,0,0,78236
-0.2750196,-0.16346736,-0.3573677,0.1415002,0.16317838,0.04358745,6726327,0,0,78236
-0.38442793,-0.2436221,-0.54938304,0.19175704,0.24362898,0.098319374,6726328,0,0,78236
-0.15583655,-0.13573249,-0.31607902,0.19490497,0.1393282,0.021555854,6726329,0,0,78236
-0.2823638,-0.1751885,-0.41678986,0.12650876,0.17520101,0.06784744,6726330,0,0,78236
-0.30828822,-0.27921006,-0.43238744,0.20667331,0.2792851,0.16392837,6726332,0,0,78236
-0.37148872,-0.29456213,-0.6024222,0.23929112,0.29460755,0.23601675,6726333,0,0,78236
-0.32166883,-0.16526088,-0.23579939,0.14353377,0.1677246,0.16515572,6726334,0,0,78236
-0.28557593,-0.20118715,-0.40240014,0.26550224,0.2011862,0.042668372,6726335,0,0,78236
-0.24932769,-0.19136527,-0.43778887,0.16686055,0.19136521,0.028154757,6731095,0,0,78262
-0.35695782,-0.22071524,-0.5011299,0.15482517,0.22071524,0.03929966,6731096,0,0,78262
-0.26531473,-0.2068383,-0.42674866,0.19738348,0.20741716,0.049383175,6731097,0,0,78262
-0.31523213,-0.22742611,-0.3767927,0.21360253,0.22742613,0.07724947,6731098,0,0,78262
-0.2762235,-0.15512024,-0.34681574,0.08282069,0.15512021,0.032675557,6731099,0,0,78262
-0.2722136,-0.18198039,-0.40944624,0.14975363,0.18198092,0.036140125,6731100,0,0,78262
-0.29852358,-0.1819806,-0.39340678,0.12344374,0.1819807,0.052179627,6731101,0,0,78262
-0.36460686,-0.20839153,-0.46104655,0.11860044,0.2083915,0.04920775,6731102,0,0,78262
-0.34191808,-0.18212862,-0.40646997,0.0800493,0.18183267,0.03911645,6731103,0,0,78262
-0.47400746,-0.2664925,-0.55792236,0.14392155,0.26649243,0.09459444,6731104,0,0,78262
-0.20321433,-0.14954545,-0.34072366,0.14769807,0.1531285,0.029830588,6731105,0,0,78262
-0.327923,-0.1835574,-0.40400743,0.1060935,0.18355727,0.048764594,6731106,0,0,78262
-0.5759803,-0.25746554,-0.44318137,0.08046921,0.25746387,0.13982005,6731107,0,0,78262
-0.6660346,-0.3596918,-0.5909752,0.11204994,0.35969183,0.22535208,6731108,0,0,78262
-0.33691174,-0.17934437,-0.24928358,0.0713754,0.18178879,0.16803952,6731109,0,0,78262
-0.3431312,-0.2178423,-0.40819344,0.14834745,0.21784125,0.037392933,6731110,0,0,78262
