ID,Name,Language
2621,18년,0
2622,18놈,0
2624,18새끼,0
2632,\bchink\b,0
2642,\bpussy,0
2643,\brape\b,0
2645,\bvagina,0
2658,가슴만져,1
2659,가슴빨아,1
2660,가슴빨어,1
2661,가슴조물락,1
2662,가슴주물럭,1
2663,가슴쪼물딱,1
2664,가슴쪼물락,1
2665,가슴핥아,1
2666,가슴핥어,1
2667,가슴핧아,1
2668,가슴핧어,1
2670,강간,1
2671,강간한다,1
2715,개가튼년,1
2716,개가튼뇬,1
2720,개같은년,1
2722,개걸레,1
2724,개고치,1
2726,개너미,1
2727,개년,1
2728,개놈,1
2729,개라슥,1
2731,개보지,1
2732,개보지년,1
2735,개부달,1
2736,개부랄,1
2738,개불랄,1
2739,개붕알,1
2741,개새끼,1
2742,개색기,1
2743,개색끼,1
2744,개색히,1
2745,개쓰래기,1
2746,개쓰레기,1
2747,개씁년,1
2748,개씁블,1
2749,개씁자지,1
2750,개씨발,1
2751,개씨발넘,1
2752,개씨발자슥,1
2753,개씨블,1
2755,개자슥,1
2756,개자지,1
2757,개작두넘,1
2758,개작두년,1
2759,개잡년,1
2760,개잡지랄,1
2761,개젓가튼넘,1
2762,개좆,1
2763,개지랄,1
2764,개지랄넘,1
2765,개지랄놈,1
2779,개후라년,1
2781,개후라들놈,1
2783,개후라새끼,1
2784,걔잡년,1
2785,걔잡지랄,1
2789,거시기,1
2791,걸래년,1
2798,걸레같은년,1
2799,걸레년,1
2800,걸레핀년,1
2801,게부럴,1
2802,게지랄놈,1
2804,귀두,1
2810,깨쌔끼,1
2812,꺼져,1
2815,난자마셔,1
2816,난자먹어,1
2817,난자핥아,1
2818,난자핧아,1
2821,내꺼빨아,1
2822,내꺼핥아,1
2823,내꺼핧아,1
2824,내미랄,1
2825,내버지,1
2827,내씨발,1
2828,내자지,1
2829,내잠지,1
2830,내조지,1
2836,너거애비,1
2837,누나강간,1
2858,느그매,1
2885,니기미,1
2891,니미랄,1
2892,니미럴,1
2893,니씨브랄,1
2894,니아범,1
2896,니애미,1
2897,니애비,1
2898,니에미,1
2899,니에비,1
2904,니할애비,1
2918,닳은년,1
2922,대가리,1
2923,덜은새끼,1
2925,돈새끼,1
2927,돌은넘,1
2928,돌은년,1
2929,돌은새끼,1
2930,동생강간,1
2938,딸딸이,1
2942,또라이,1
2951,띠발뇬,1
2954,띠블넘,1
2956,막간년,1
2957,막대쑤셔줘,1
2958,막대핥아줘,1
2959,막대핧아줘,1
2960,말자지,1
2961,맛간년,1
2962,맛없는년,1
2963,맛이간년,1
2967,망나니,1
2986,미친구녕,1
2987,미친구멍,1
2988,미친넘,1
2989,미친년,1
2990,미친놈,1
2991,미친눔,1
2993,미친새끼,1
2994,미친쉐이,1
2995,미친씨부랄,1
2996,미틴것,1
2997,미틴넘,1
2998,바주카자지,1
3004,백보지,1
3005,버따리자지,1
3012,버지구녕,1
3013,버지구멍,1
3014,버지냄새,1
3015,버지따먹기,1
3016,버지뚫어,1
3017,버지뜨더,1
3018,버지물마셔,1
3019,버지벌려,1
3020,버지벌료,1
3021,버지빨아,1
3022,버지빨어,1
3023,버지썰어,1
3024,버지쑤셔,1
3025,버지털,1
3026,버지핥아,1
3027,버지핧아,1
3029,버짓물,1
3030,버짓물마셔,1
3038,벌창같은년,1
3054,병신세리,1
3056,병신셰리,1
3057,병신씨발,1
3076,보지,1
3097,보지구녕,1
3098,보지구멍,1
3099,보지녀,1
3100,보지따먹기,1
3101,보지뚫어,1
3102,보지뜨더,1
3103,보지머리박기,1
3104,보지물,1
3105,보지물마셔,1
3106,보지박어,1
3107,보지벌려,1
3108,보지벌료,1
3109,보지벌리,1
3110,보지벌리자,1
3111,보지보지,1
3114,보지빨아,1
3115,보지빨어,1
3116,보지에자지껴,1
3117,보지에자지너,1
3118,보지자지,1
3119,보지정액,1
3120,보지쥐어짜,1
3121,보지찌져,1
3122,보지찢어,1
3123,보지털,1
3124,보지털뽑아,1
3125,보지털어,1
3129,보지틀래기,1
3130,보지핥아,1
3131,보지핥아줘,1
3132,보지핥어,1
3135,보지핧아,1
3136,보지핧아줘,1
3137,보지핧어,1
3139,보짓물,1
3140,보짓물마셔,1
3157,빙신쉐이,1
3160,빠가십새,1
3161,빠가씹새,1
3163,빠구리,1
3164,빠굴이,1
3166,뻑큐,1
3170,사까시,1
3179,성교하자,1
3180,성교해,1
3182,성폭행,1
3184,섹스,1
3185,섹스하자,1
3186,섹스해,1
3187,소자지,1
3190,쉬밸년,1
3208,시댕이,1
3214,시발년,1
3215,시발놈,1
3217,시발새끼,1
3219,시방새,1
3220,시팍새끼,1
3226,시팔넘,1
3227,시팔년,1
3228,시팔놈,1
3230,시팔새끼,1
3241,십버지,1
3242,십부랄,1
3243,십부럴,1
3246,십세이,1
3248,십셰리,1
3249,십자석,1
3250,십자슥,1
3251,십지랄,1
3252,십창녀,1
3254,십탱구리,1
3255,십탱굴이,1
3259,십팔새끼,1
3263,싸가지,1
3270,쌍년,1
3271,쌍놈,1
3273,쌍보지,1
3277,쌍쌍보지,1
3282,쌕쓰,1
3284,썅년,1
3292,쓰바새끼,1
3295,쓰브랄쉽세,1
3324,씨가랭넘,1
3325,씨가랭년,1
3326,씨가랭놈,1
3327,씨댕,1
3328,씨댕이,1
3329,씨뎅,1
3330,씨발,1
3333,씨발.년,1
3334,씨발.놈,1
3335,씨발년,1
3336,씨발놈,1
3337,씨발롬,1
3338,씨발병신,1
3339,씨방새,1
3340,씨방세,1
3344,씨뱅가리,1
3345,씨벌,1
3346,씨벌년,1
3347,씨벌쉐이,1
3349,씨부랄,1
3350,씨부럴,1
3352,씨불알,1
3353,씨브럴,1
3355,씨블년,1
3356,씨블새끼,1
3357,씨븡새끼,1
3359,씨섹끼,1
3361,씨파넘,1
3362,씨팍새끼,1
3363,씨팍세끼,1
3364,씨팔,1
3372,씨퐁넘,1
3373,씨퐁뇬,1
3375,씨퐁보지,1
3377,씨퐁자지,1
3402,씹년,1
3403,씹물,1
3404,씹미랄,1
3405,씹버지,1
3407,씹보지,1
3409,씹부랄,1
3410,씹브랄,1
3412,씹빵구,1
3414,씹뽀지,1
3415,씹새,1
3417,씹새끼,1
3418,씹세,1
3420,씹쌔끼,1
3422,씹자석,1
3423,씹자슥,1
3424,씹자지,1
3426,씹지랄,1
3427,씹창,1
3428,씹창녀,1
3429,씹탱,1
3431,씹탱굴이,1
3432,씹탱이,1
3433,씹팔,1
3434,아가리,1
3440,애미랄,1
3441,애미보지,1
3442,애미씨뱅,1
3443,애미자지,1
3444,애미잡년,1
3445,애미좃물,1
3451,양아치,1
3453,어미강간,1
3454,어미따먹자,1
3455,어미쑤시자,1
3457,엄창,1
3458,에미,1
3466,염병할,1
3474,엿먹어라,1
3475,영자개새끼,1
3476,영자새끼,1
3477,영자씨발놈,1
3479,오르가즘,1
3480,왕버지,1
3481,왕자지,1
3482,왕잠지,1
3483,왕털버지,1
3484,왕털보지,1
3485,왕털자지,1
3486,왕털잠지,1
3488,요년,1
3489,우미쑤셔,1
3494,유두빨어,1
3495,유두핥어,1
3496,유두핧어,1
3507,유방만져,1
3508,유방빨아,1
3509,유방조물락,1
3510,유방주물럭,1
3511,유방쪼물딱,1
3512,유방쪼물럭,1
3513,유방핥아,1
3514,유방핥어,1
3515,유방핧아,1
3516,유방핧어,1
3518,육갑,1
3534,자기핥아,1
3536,자기핧아,1
3550,자지구녕,1
3551,자지구멍,1
3552,자지꽂아,1
3553,자지넣자,1
3554,자지뜨더,1
3555,자지뜯어,1
3556,자지박어,1
3559,자지빨아,1
3560,자지빨아줘,1
3561,자지빨어,1
3562,자지쑤셔,1
3563,자지쓰레기,1
3564,자지정개,1
3565,자지짤라,1
3566,자지털,1
3567,자지핥아,1
3568,자지핥아줘,1
3569,자지핥어,1
3571,자지핧아,1
3572,자지핧아줘,1
3573,자지핧어,1
3574,작은보지,1
3577,잠지뚫어,1
3578,잠지물마셔,1
3579,잠지털,1
3580,잠짓물마셔,1
3584,잡것,1
3585,잡년,1
3586,잡놈,1
3587,잡쓰레그,1
3588,잡쓰레기,1
3590,저년,1
3604,젓가튼쉐이,1
3606,젓같내,1
3607,젓까,1
3608,젓냄새,1
3609,젓대가리,1
3610,젓떠,1
3611,젓마무리,1
3613,젓만이,1
3614,젓물,1
3616,젓물냄새,1
3617,젓밥,1
3618,정액마셔,1
3619,정액먹어,1
3620,정액발사,1
3621,정액짜,1
3622,정액핥아,1
3623,정액핧아,1
3624,정자마셔,1
3625,정자먹어,1
3626,정자핥아,1
3627,정자핧아,1
3630,젖까,1
3632,젖탱이,1
3635,조개넓은년,1
3636,조개따조,1
3638,조개마셔줘,1
3640,조개벌려조,1
3642,조개보지,1
3643,조개속물,1
3644,조개쑤셔줘,1
3646,조개핥아줘,1
3647,조개핧아줘,1
3649,조또,1
3658,족같내,1
3659,족까,1
3661,족까내,1
3673,좀마니,1
3674,좀물,1
3675,좀쓰레기,1
3676,좁빠라라,1
3698,좃가튼뇬,1
3700,좃간년,1
3701,좃까,1
3702,좃까리,1
3704,좃깟네,1
3705,좃냄새,1
3706,좃넘,1
3707,좃대가리,1
3708,좃도,1
3709,좃또,1
3710,좃마무리,1
3713,좃만아,1
3714,좃만이,1
3715,좃만한것,1
3716,좃만한쉐이,1
3717,좃물,1
3719,좃물냄새,1
3720,좃보지,1
3722,좃부랄,1
3724,좃빠구리,1
3725,좃빠네,1
3726,좃빠라라,1
3727,좃털,1
3762,좆같은놈,1
3764,좆같은새끼,1
3765,좆까,1
3767,좆까라,1
3768,좆나,1
3769,좆년,1
3770,좆도,1
3779,좆만아,1
3784,좆만한년,1
3785,좆만한놈,1
3787,좆만한새끼,1
3789,좆먹어,1
3790,좆물,1
3791,좆밥,1
3793,좆빨아,1
3795,좆새끼,1
3796,좆털,1
3802,좋만한것,1
3808,주글년,1
3810,주길년,1
3813,쥐랄,1
3817,지랄,1
3818,지럴,1
3819,지뢀,1
3826,쪼다새끼,1
3831,창녀,1
3832,창녀버지,1
3833,처드셈,1
3834,쳐드셈,1
3835,쳐쑤셔박어,1
3836,촌씨브라리,1
3837,촌씨브랑이,1
3838,촌씨브랭이,1
3848,크리토리스,1
3849,큰보지,1
3857,클리토리스,1
3861,페니스,1
3863,항문수셔,1
3864,항문쑤셔,1
3869,허버리년,1
3874,허벌년,1
3876,허벌보지,1
3878,허벌자식,1
3879,허벌자지,1
3885,헐렁보지,1
3886,혀로보지핥이기,1
3887,혀로보지핧기,1
3900,호냥년,1
3909,호로새끼,1
3912,호로자슥,1
3913,호로자식,1
3917,호루자슥,1
3918,화냥년,1
3925,후라덜넘,1
3926,후장,1
3929,후장꽂아,1
3930,후장뚫어,0
3932,\basshole,0
3955,dong,0
3956,\bdyke\b,0
3976,\bmj\b,0
3978,\bstoner,0
4039,\bfisting\b,0
4041,\bcock,0
4048,\braped\b,0
4049,\braping\b,0
4052,\bjunk[ie],0
4081,\bdike\b,0
4083,\bdefecat,0
4086,\bejaculate\b,0
4095,\bscrotum,0
4139,\bpusher,0
4171,\bchinks\b,0
4201,\bdikes\b,0
4202,\bdildos\b,0
4208,\bsativa\b,0
4209,\bindica\b,0
4212,\bskunkweed\b,0
4213,\bdoobie\b,0
4215,\bfingerbang\b,0
4216,\bgangbang\b,0
4217,\bgangrape\b,0
4218,\bjaps\b,0
4219,\bjizzing\b,0
4220,\bgizzing\b,0
4233,\bpolesmokers\b,0
4239,\bpussies\b,0
4251,\brapes\b,0
4252,\bsaladtosser\b,0
4276,\btramps\b,0
4281,\bfags\b,0
4283,boob,0
4291,\bbast[aeiou]rd,0
4292,\bbeastiality\b,0
4293,\bblowjob,0
4294,\bboffer\b,0
4301,\bclowjob\b,0
4308,\berection\b,0
4310,\bdonkeypunch\b,0
4312,\bfawker\b,0
4313,\bfeces,0
4329,\bnipple,0
4330,nipples\b,0
4348,prostitute,0
4369,\balquaeda\b,0
4370,\bamerikkkan\b,0
4371,\bamphetamine\b,0
4380,\barse,0
4381,\baryan,0
4392,\bbackdoor\b,0
4397,\bbi\b,0
4398,\bbigfatasscow\b,0
4399,titt[iey]*s\b,0
4409,bondage\b,0
4411,boobs\b,0
4412,breast\b,0
4419,\bbuttocks\b,0
4432,\b[ck]oitus,0
4433,\bcoke\b,0
4434,\bcondom,0
4445,\bdahoe\b,0
4447,\bdamn\b,0
4451,\bdarkwanker\b,0
4455,\bdi[ae][rh]+ea,0
4456,dick\b,0
4458,\bdirtyho\b,0
4460,\bdomination\b,0
4463,\bdutch\b,0
4467,\benema\b,0
4468,\berotic,0
4469,jackass\b,0
4470,\bfacism\b,0
4472,\bfakeboobs\b,0
4474,\bfart\b,0
4477,\bfetish,0
4478,fetish\b,0
4480,\bfilthymuslim\b,0
4481,\bfocker\b,0
4482,\bforeplay\b,0
4483,\bforeskin\b,0
4485,\bfrottage\b,0
4492,\bfuk\b,0
4493,\bfukass\b,0
4497,\bgenital,0
4498,\bgenitals\b,0
4501,\bgigolo\b,0
4505,\bgonorrhea\b,0
4506,\bgrummz\b,0
4507,\bhairyhorny\b,0
4508,\bhardboob\b,0
4509,\bhentail\b,0
4511,\bhiv\b,0
4513,\bholocaust\b,0
4516,\bhorny\b,0
4518,\bhot\b,0
4540,\bj.*jameson\b,0
4552,\bkinky\b,0
4557,\bkraut\b,0
4560,\blesb\b,0
4561,\blesbian\b,0
4563,pussy\b,0
4565,\blingerie\b,0
4566,\bload\b,0
4570,\blube\b,0
4571,\blubricant\b,0
4572,\blust\b,0
4573,\bmaidenhead\b,0
4584,\bmorphine\b,0
4608,\bnudity\b,0
4610,\bnuts\b,0
4618,\boral\b,0
4620,\bpagan\b,0
4629,\bperv\b,0
4630,\bpervert\b,0
4631,\bphawk\b,0
4636,\bpiss\b,0
4637,\bplayboy\b,0
4638,\bplaygirl\b,0
4639,\bpolish\b,0
4640,\bpoop\b,0
4642,\bprebubescent\b,0
4649,\bqueer\b,0
4656,\breich\b,0
4660,\br.*jeremy\b,0
4668,\bscrew\b,0
4669,\bseamen\b,0
4673,\bsex\b,0
4677,\bsirbong\b,0
4683,\bspank\b,0
4684,\bspeculum\b,0
4685,\bspreadmylegs\b,0
4689,\bstreaker,0
4690,\bstripper,0
4692,\bstud\b,0
4693,\bsubmissive\b,0
4694,\bsuck\b,0
4695,\bsukkitdown\b,0
4697,\bswiftnuggs\b,0
4698,\bswingers\b,0
4703,\bteabag,0
4706,\bterrorist\b,0
4709,\bthickbush\b,0
4710,\bthreesome\b,0
4714,\bsnatch,0
4717,\btribadism\b,0
4720,\buglynig\b,0
4722,\bupdabut\b,0
4723,\bupmybutthole\b,0
4725,\burinat,0
4727,\bvasect,0
4729,\bvenereal\b,0
4731,\bvirgin\b,0
4736,\bwarslut\b,0
4740,\bwood\b,0
4781,\bnegro,0
4790,\btinytits\b,0
4792,cock\b,0
4798,blowjob\b,0
4799,\btardpopsicle\b,0
4807,\burmom\b,0
4810,fag\b,0
4814,\bdick,0
4816,\bturdsplat\b,0
4821,\bchokeoncocks\b,0
4822,\blittlearse\b,0
4834,\bholybijesis\b,0
4839,\bniggs\b,0
4862,support,0
4881,\babsinthe\b,0
4882,\babsolut\b,0
4883,\baceofspades\b,0
4884,\badulteress\b,0
4885,\badulterous\b,0
4886,\badultery\b,0
4887,\badultsonly\b,0
4888,\bagentorange\b,0
4889,\baids\b,0
4890,\bal[ck]ohol,0
4891,\balecpowers\b,0
4892,\balexwilcox\b,0
4893,\bamaretto\b,0
4894,\banal\b,0
4895,\bangeladevi\b,0
4896,\bangeldust\b,0
4897,\banglo\b,0
4898,\banheiser\b,0
4899,\bannamalle\b,0
4900,\bannaslut\b,0
4901,\basiacarrera\b,0
4902,\baurorasnow\b,0
4903,\bbacardi\b,0
4904,\bbeaner\b,0
4905,\bbeanlicker\b,0
4906,\bbeer\b,0
4907,\bbestiality\b,0
4908,\bbizzle\b,0
4910,\bblackie\b,0
4911,\bbloodyhell\b,0
4912,\bblow\b,0
4913,\bblunt\b,0
4914,\bbollocks\b,0
4915,\bboobs,0
4916,\bboofer\b,0
4917,\bbourbon\b,0
4918,\bbrazuca\b,0
4919,\bbreast,0
4920,\bbudda\b,0
4921,\bbuddahead\b,0
4922,\bbudlight\b,0
4923,\bbudweiser\b,0
4924,\bbugger\b,0
4925,\bbustydusty\b,0
4926,\bbutt\b,0
4927,\bbuttman\b,0
4928,\bcandyandes\b,0
4929,\bcaucazoid\b,0
4930,\bcawk\b,0
4931,\bcervesa\b,0
4932,\bchampagne\b,0
4933,\bchaseylain\b,0
4934,\bcheeba\b,0
4935,\bcherokee \b,0
4936,\bchino\b,0
4937,\bchloejones \b,0
4938,\bchristilake\b,0
4939,\bchrisward \b,0
4940,\bcocostarfish\b,0
4941,\bcognac\b,0
4942,\bcootch\b,0
4943,\bcooter\b,0
4944,\bcopulate\b,0
4945,\bcornholes\b,0
4946,\bcorona\b,0
4947,\bcrack\b,0
4948,\bcracker\b,0
4949,\bcrap\b,0
4950,\bdamned\b,0
4951,\bdank\b,0
4952,\bdeancoulter\b,0
4953,\bdebidiamond \b,0
4954,\bdeepthroat\b,0
4955,\bdevinderay \b,0
4956,\bdianazyle \b,0
4957,\bdietpills\b,0
4958,\bdirtysanchez\b,0
4959,\bditavontease\b,0
4960,\bdoggystyle\b,0
4961,\bdope\b,0
4962,\bduckbutter\b,0
4963,\becstacy\b,0
4964,\bedpowers \b,0
4965,\beggplant\b,0
4966,\bericaboyer \b,0
4967,\bextasy\b,0
4968,\bfacial\b,0
4969,\bfluffer\b,0
4970,\bfornicat,0
4971,\bfreebase\b,0
4972,\bfusck,0
4973,\bfux,0
4974,\bgagepowers\b,0
4975,\bgew\b,0
4976,\bghb\b,0
4977,\bghetto\b,0
4978,\bgingerhill\b,0
4979,\bgloryhole\b,0
4980,\bgoldschlager\b,0
4981,\bgoombah\b,0
4982,\bgranddragon\b,0
4983,\bgreaseball\b,0
4984,\bgreaser\b,0
4985,\bgspot\b,0
4986,\bguiness\b,0
4987,\bgunja\b,0
4988,\bhandjob\b,0
4989,\bhash\b,0
4990,\bheaddoctor\b,0
4991,\bheidifleiss\b,0
4992,\bhmo\b,0
4993,\bhonky\b,0
4994,\bhoodrat\b,0
4995,\bhookah\b,0
4996,\bhorney\b,0
4997,\bhustler\b,0
4998,\binarivachs\b,0
4999,\bj.*bobbit\b,0
5000,\bj.*holmes\b,0
5001,\bjackdaniels\b,0
5002,\bjadeeast\b,0
5003,\bjadehsu \b,0
5004,\bjadestclair\b,0
5005,\bjagermeister\b,0
5006,\bjanacova\b,0
5007,\bjennahaze\b,0
5008,\bjennajameson\b,0
5009,\bjenteal\b,0
5010,\bjessicadee\b,0
5011,\bjeweldenyle\b,0
5012,\bjillkelly\b,0
5013,\bjimbeam\b,0
5014,\bjosecuervo\b,0
5015,\bjuliashton\b,0
5016,\bkaradavis\b,0
5017,\bkeef\b,0
5018,\bkif\b,0
5019,\bkikkityler \b,0
5020,\bkobetai\b,0
5021,\bkooter\b,0
5022,\bkrystalsteal\b,0
5023,\bkyke\b,0
5024,\bkylacole\b,0
5025,\bkylieireland\b,0
5026,\blancegear \b,0
5027,\blarryflynt\b,0
5028,\blecher\b,0
5029,\bliquidx\b,0
5030,\bloloferrari\b,0
5031,\blong.*dong\b,0
5032,\bludes\b,0
5033,\blunalane\b,0
5034,\bmaltliquor\b,0
5035,\bmariacheca\b,0
5036,\bmariatakagi\b,0
5037,\bmarisadiaz \b,0
5038,\bmarkdalton  \b,0
5039,\bmarkwolff \b,0
5040,\bmarycarey \b,0
5041,\bmayate\b,0
5042,\bmeatwad\b,0
5043,\bmethhead\b,0
5044,\bmethmonster\b,0
5045,\bmikolee\b,0
5046,\bmimimiyagi\b,0
5047,\bmoneyshot\b,0
5048,\bmuff\b,0
5049,\bmushrooms\b,0
5050,\bnickelbag\b,0
5051,\bnikkibenz\b,0
5052,\bnikkidial\b,0
5053,\bnip\b,0
5054,\bnizzle\b,0
5055,\bnubian,0
5056,\bnympho\b,0
5057,\bobsession\b,0
5058,\bopiate\b,0
5059,\borgy\b,0
5060,\bpanties\b,0
5061,\bpecker\b,0
5062,\bpeternorth\b,0
5063,\bpissedoff\b,0
5064,\bpissoff\b,0
5065,\bpornstar\b,0
5066,\bprepubescent\b,0
5067,\bprick\b,0
5068,\bpube\b,0
5069,\bpunjab\b,0
5070,\bpunkass\b,0
5071,\bpusse\b,0
5072,\brandywest\b,0
5073,\brebeccalord\b,0
5074,\brebeccaporn\b,0
5075,\bredneck\b,0
5076,\breneelarue\b,0
5077,\bricer\b,0
5078,\brustytrumpet\b,0
5079,\bryanconner \b,0
5080,\bryanwagner \b,0
5081,\bsarastjames \b,0
5082,\bscat\b,0
5083,\bscatology\b,0
5084,\bschlong,0
5085,\bschnapps\b,0
5086,\bschoolboy,0
5087,\bselenasteele\b,0
5088,\bsexy\b,0
5089,\bseymorebutts\b,0
5090,\bsheethead\b,0
5091,\bsherriangel\b,0
5092,\bshizzle\b,0
5093,\bshlong\b,0
5094,\bshmegma\b,0
5095,\bshrooms\b,0
5096,\bskeet\b,0
5097,\bskeetskeet\b,0
5098,\bslope\b,0
5099,\bsmack\b,0
5100,\bsmut\b,0
5102,\bsodomize\b,0
5103,\bsodomy\b,0
5104,\bspeedball\b,0
5105,\bspew\b,0
5106,\bspreadeagle\b,0
5107,\bspunk\b,0
5108,\bstd\b,0
5109,\bsunsetthomas\b,0
5110,\bsylviasaint\b,0
5111,\bteet[sz]\b,0
5112,\btequila\b,0
5113,\bterapatrick\b,0
5114,\bthc\b,0
5115,\btiabella\b,0
5116,\btoadlicker\b,0
5117,\btoak\b,0
5118,\btoke\b,0
5119,\btombyron\b,0
5120,\btommycruise\b,0
5121,\btonyzerega\b,0
5122,\btossalad\b,0
5123,\btosser\b,0
5124,\btossingsalad\b,0
5125,\btosssalad\b,0
5126,\btraceyadams\b,0
5127,\btracilords\b,0
5128,\btranny\b,0
5129,\bttboy\b,0
5130,\btyfox\b,0
5131,\btylerfaith\b,0
5132,\burethra\b,0
5133,\bveronicahart\b,0
5134,\bvibrator\b,0
5135,\bvincevouyer\b,0
5137,\bvulva\b,0
5138,\bw[ei]+n[ei]+r\b,0
5139,\bwank\b,0
5140,\bwankoff\b,0
5141,\bweed\b,0
5142,\bwej\b,0
5143,\bwench\b,0
5144,\bwhackoff\b,0
5145,\bwhiskey\b,0
5146,\bwildturkey\b,0
5147,\bwillclark\b,0
5148,\byellow\b,0
5149,\bzigzag\b,0
5150,aryan\b,0
5151,hefner\b,0
5152,snatch\b,0
5153,vagina\b,0
5163,\badvil\b,0
5166,\bamputee\b,0
5167,\bamtrak\b,0
5169,\banis\b,0
5170,\banolinctus\b,0
5171,\bantichrist\b,0
5172,\barathorn\b,0
5173,\barian\b,0
5174,\barsonist\b,0
5186,\bblackenstein\b,0
5187,\bblacksabbath\b,0
5190,\bbnet\b,0
5192,\bbootylicious\b,0
5194,\bbra\b,0
5203,\bchinaman\b,0
5205,\bchronik\b,0
5212,\bcolgate\b,0
5214,\bcoprophagy\b,0
5215,\bcrackhead\b,0
5219,\bdammit\b,0
5220,\bdarky\b,0
5222,\bdarvocet\b,0
5223,\bdatabasesys\b,0
5225,\bdeckardcain\b,0
5227,\bdr\b,0
5231,\bdukeofwhales\b,0
5232,\bdumbass\b,0
5233,\becstasy\b,0
5235,\bensign\b,0
5238,\bfcuk\b,0
5241,\bferrari\b,0
5242,\bfetus,0
5243,\bfockerz\b,0
5245,\bfooker\b,0
5250,cunt\b,0
5251,\bghandi\b,0
5254,\bgofukyorself\b,0
5255,\bgonadian\b,0
5256,\bgoochgravy\b,0
5257,\bgookenator\b,0
5261,\bhemplock\b,0
5262,\bherpies\b,0
5265,\bhomoerectus\b,0
5266,\bhore\b,0
5267,\bhotdamn\b,0
5268,\bhungelf\b,0
5275,\bindian\b,0
5276,\birapekids\b,0
5277,\bironchef\b,0
5280,\bjc\b,0
5281,\bjedi\b,0
5282,\b[gj]en[ao]cide\b,0
5284,\bjugs\b,0
5289,\bklismaphilia\b,0
5290,\bkokigami\b,0
5291,\bkoon\b,0
5292,\bkosherpork\b,0
5294,\blardass\b,0
5296,\blaurabush\b,0
5306,\bmarlboroman\b,0
5307,\bmasterbaiter\b,0
5308,\bmaxipad\b,0
5314,\bmenstrual\b,0
5315,\bmhz\b,0
5316,\bmichaeljack\b,0
5317,bastard\b,0
5318,\bmisogynist\b,0
5320,\bmister\b,0
5322,\bmr\b,0
5324,\bnarcoticus\b,0
5325,\bnigahh\b,0
5331,\bnpc,0
5332,\bnug\b,0
5333,\bnunriggers\b,0
5334,\bnwa\b,0
5336,\bomgwtf\b,0
5337,\bopiate,0
5338,\boreos\b,0
5341,\bovaltine\b,0
5343,\bpapsmear\b,0
5344,\bpederasty\b,0
5346,\bpenthouse\b,0
5350,\bpimp,0
5352,\bpinktaco\b,0
5354,mofo\b,0
5356,\bpoomaster\b,0
5357,\bpoonjuice\b,0
5358,\bpoop,0
5359,\bpwnzor\b,0
5360,\bquadoushka\b,0
5361,\br.*nad[ae]r\b,0
5364,\bsacofricosis\b,0
5366,\bsega\b,0
5367,\bsex,0
5371,\bshadowbane\b,0
5373,\bshiznit\b,0
5374,\bshortbus\b,0
5381,\bsmoked\b,0
5382,\bsnowwhite\b,0
5385,\bsperm,0
5386,\bspluge\b,0
5392,\bsuck,0
5395,\bsupermario\b,0
5396,\bsuppuku\b,0
5397,\bswastika\b,0
5398,\bsybian\b,0
5417,\btoeofcamel\b,0
5418,\btokyorose\b,0
5424,\burmama\b,0
5429,\bvoltron\b,0
5430,\bwangmaster\b,0
5431,\bwanker\b,0
5434,\bwetdream\b,0
5442,\bwigger\b,0
5443,\bwilliamhung\b,0
5444,\bwindex\b,0
5445,\bwitchking\b,0
5447,\bx.*x\b,0
5452,\byosemitesam\b,0
5454,\byouranus\b,0
5457,\bzoolander\b,0
5472,condom\b,0
5476,jebus\b,0
5477,\bkosher,0
5478,menstrual,0
5480,sexy,0
6061,\bacclaim\b,0
6062,\bamongoe,0
6063,\banabolica\b,0
6064,\banalpunisher\b,0
6065,nazi\b,0
6066,\banth?rax\b,0
6067,\bblasehase\b,0
6068,\bbotox\b,0
6069,\bbueckstueck\b,0
6070,\bbumsnudel\b,0
6071,\bcairne\b,0
6072,\bchristkind\b,0
6073,\bcrackdealer\b,0
6074,king\b,0
6075,\bdarthjedi\b,0
6076,\bdenethor\b,0
6077,\bderneger\b,0
6078,\bdiedroge\b,0
6079,\bdollybuster\b,0
6080,\bdonpeperulez\b,0
6081,\bdopecheffe\b,0
6082,\bduke,0
6084,sucker\b,0
6085,\bebola\b,0
6086,\beichelkäse\b,0
6087,f[ue]+rst\b,0
6088,muschi\b,0
6089,könig\b,0
6090,\beomer\b,0
6091,\berzengel\b,0
6092,\beternalhoden\b,0
6093,\beuthanasie\b,0
6094,\bfick,0
6095,luder\b,0
6096,kacke\b,0
6097,\bfotz,0
6098,tussi\b,0
6099,\bfrodobeutlin\b,0
6100,\bfrozenthrone\b,0
6101,\bgandhi\b,0
6102,\bganja,0
6103,\bgayoverlord\b,0
6104,\bgeilebraut\b,0
6105,\bginawild\b,0
6106,\bgoebbels\b,0
6107,\bgott\b,0
6108,\bgraftaliban\b,0
6109,\bhägar\b,0
6110,\bhanfernte\b,0
6111,\bheiland\b,0
6112,\bhendrix\b,0
6113,\bheroin,0
6114,\bhordenhure\b,0
6115,porno\b,0
6116,\b[gk]adafi\b,0
6117,\bkiffer,0
6118,\bkleineralki\b,0
6119,\bkleinerfurz\b,0
6120,\bklitori,0
6121,ficker\b,0
6122,\bkpd\b,0
6123,\bkruppstahl\b,0
6124,\bmariuhanna\b,0
6126,\bmeisteryoda\b,0
6127,\bmengele\b,0
6128,fick\b,0
6129,\bmichaelmyers\b,0
6130,\bmilkahase\b,0
6131,\bmilkakuh\b,0
6132,\bmistst[ue]+ck\b,0
6133,\bmoesen,0
6134,\bmöse,0
6135,\bmuschi,0
6136,\bnachgeburt\b,0
6137,\bnazghul\b,0
6138,\bnegerin\b,0
6139,\bnikoleinchen\b,0
6140,\bonkeltom\b,0
6141,\bpimmel,0
6142,\bpimper,0
6143,\bpommespapst\b,0
6144,\bpopobumser\b,0
6145,\bporno,0
6146,\bprincess,0
6147,\bprinz\b,0
6148,\brammstein\b,0
6149,\brasputin\b,0
6150,\bredbull\b,0
6151,\brichthofen\b,0
6152,\bsarin\b,0
6153,\bschlampe,0
6154,\bschwanz,0
6155,\bsith\b,0
6156,\bsmeagol\b,0
6157,\bsohngottes\b,0
6158,\bspikelee\b,0
6159,\bsplintercell\b,0
6160,\bsuicide\b,0
6161,\bsuizidhoden\b,0
6162,\bterrortunte\b,0
6163,\btitanrosette\b,0
6164,\btittenmaus\b,0
6165,\btylerdurden\b,0
6166,\bvagimampf\b,0
6167,\bvanginus\b,0
6168,\bvotzentroll\b,0
6169,\bwarcrack\b,0
6170,\bwinnipuuh\b,0
6171,\bwixxoor\b,0
6172,\bwowdiablo\b,0
6173,\bxerox\b,0
6174,schlampe\b,0
6175,zipfe?l\b,0
6176,\bzuhälter,0
6177,\bzwergpimmel\b,0
6341,butthhead,0
6361,\bfu[ck]+[aeiou]+,0
6838,\baasgeier\b,3
6839,\babgefuckt\b,3
6840,\babgespritzt\b,3
6841,\babkacken\b,3
6842,\babseiler\b,3
6843,\babspritzen\b,3
6844,\bachselhaarratte\b,3
6845,\bachsellecker\b,3
6846,\baffenarsch\b,3
6847,\baffengesicht\b,3
6848,\banalbürste\b,3
6849,\banalerotiker\b,3
6850,\banalgeburt\b,3
6851,\banalintruder\b,3
6852,\banalkriecher\b,3
6853,\banalrakete\b,3
6854,\banalsex\b,3
6855,\banaltranse\b,3
6856,\banaltrompete\b,3
6857,\banus\b,3
6858,\banwichsen\b,3
6859,\barier\b,3
6860,\barmleuchter\b,3
6861,\barsch,3
6862,\barsch\b,3
6863,\barse\b,3
6864,\barsehole\b,3
6865,\baryan\b,3
6866,\basselarsch\b,3
6867,\basylantensau\b,3
6868,\bausgeburt\b,3
6869,\bausländer,3
6870,\bbabystrich\b,3
6871,\bbahnhofsbücker\b,3
6872,\bbaumhure\b,3
6873,\bbazille\b,3
6874,\bbehämmert\b,3
6875,\bbeschissen\b,3
6876,\bbeschneiden\b,3
6877,\bbeschnitten\b,3
6878,\bbettnässer\b,3
6879,\bbeutelratte\b,3
6880,\bbillighure\b,3
6881,\bblas\b,3
6882,\bbollen\b,3
6883,\bbordsteinschwalbe\b,3
6884,\bbrechmittel\b,3
6885,\bbuk*ake\b,3
6886,\bbumsbalken\b,3
6887,\bbumsbrötchen\b,3
6888,\bbumsen\b,3
6889,\bbumser\b,3
6890,\bcallboy\b,3
6891,\bcallgirl\b,3
6892,\bcanaille\b,3
6893,\bcann[aio]bis\b,3
6894,\bcocaine\b,3
6895,\bcocksucker\b,3
6896,\bdämlack\b,3
6897,\bdämlich,3
6898,\bdarmdübel\b,3
6899,\bdaumenlutscher\b,3
6900,\bdeppl?\b,3
6901,\bdickarsch\b,3
6902,\bdickschädel\b,3
6903,\bdildo\b,3
6904,\bdildolutscher\b,3
6905,\bdirne\b,3
6906,\bdödel\b,3
6907,\bdoofbacke\b,3
6908,\bdoofmann\b,3
6909,\bdopamin\b,3
6910,\bdorfdepp\b,3
6911,\bdösbattl\b,3
6912,\bdöskopf\b,3
6913,\bdreckfurz\b,3
6914,\bdrecks,3
6915,\bdroge\b,3
6916,\bdummdödel\b,3
6917,\bdummfick\b,3
6918,\bdummschlumpf\b,3
6919,\bdummschwätzer\b,3
6920,\bdummschwein\b,3
6921,\bdunkelmann\b,3
6922,\bdurchficken\b,3
6923,\bdurchgefickt\b,3
6924,\bdurchnehmen\b,3
6925,\bdurchvögeln\b,3
6926,\beichelbirne\b,3
6928,\bchampagne\b,2
6929,\bcherokee \b,2
6930,\bcognac\b,2
6931,\bcopulate\b,2
6932,\bcorona\b,2
6933,\bcrack\b,2
6934,\bdamned\b,2
6935,\bdeepthroat\b,2
6936,\bdietpills\b,2
6937,\bdope\b,2
6938,\becstacy\b,2
6939,\bextasy\b,2
6940,\bfornicat,2
6941,\bfusck,2
6942,\bfux,2
6943,\bghb\b,2
6944,\bgranddragon\b,2
6945,\bguiness\b,2
6946,\bhash\b,2
6947,\bhustler\b,2
6948,\bjackdaniels\b,2
6949,\bjennajameson\b,2
6950,\bjessicadee\b,2
6951,\bjeweldenyle\b,2
6952,\bjillkelly\b,2
6953,\bjimbeam\b,2
6954,\bjosecuervo\b,2
6955,\bjuliashton\b,2
6956,\bkaradavis\b,2
6957,\bkif\b,2
6958,\bkikkityler \b,2
6959,\bkylacole\b,2
6960,\bkylieireland\b,2
6961,\blancegear \b,2
6962,\blarryflynt\b,2
6963,\blecher\b,2
6964,\bloloferrari\b,2
6965,\blunalane\b,2
6966,\bmaltliquor\b,2
6967,\bmariacheca\b,2
6968,\bmariatakagi\b,2
6969,\bmarisadiaz \b,2
6970,\bmarkdalton  \b,2
6971,\bmarkwolff \b,2
6972,\bmarycarey \b,2
6973,\bmimimiyagi\b,2
6974,\bnympho\b,2
6975,\bobsession\b,2
6976,\bopiate\b,2
6977,\borgie\b,2
6978,\bpornstar\b,2
6979,\bprepubescent\b,2
6980,\bredneck\b,2
6981,\breneelarue\b,2
6982,\bryanconner \b,2
6983,\bryanwagner \b,2
6984,\bsarastjames \b,2
6985,\btraceyadams\b,2
6986,\btracilords\b,2
6987,\btylerfaith\b,2
6988,\burethra\b,2
6989,\bveronicahart\b,2
6990,\bweed\b,2
6991,\bwildturkey\b,2
6992,hefner\b,2
6993,\basiacarrera\b,2
6994,\baurorasnow\b,2
6995,\bbacardi\b,2
6996,\bscat\b,2
6997,\bscatology\b,2
6998,\bschnapps\b,2
6999,\bselenasteele\b,2
7000,\bsexy\b,2
7001,\bsherriangel\b,2
7002,\bskeetskeet\b,2
7003,\bvagina,2
7004,\bagentorange\b,2
7005,\baids\b,2
7006,\bal[ck]ohol,2
7007,\balecpowers\b,2
7008,\balexwilcox\b,2
7009,\banal\b,2
7010,\bangeladevi\b,2
7011,\bangeldust\b,2
7012,\bbeer\b,2
7013,\beomer\b,2
7014,butthhead,2
7015,\bsodomize\b,2
7016,\bsodomy\b,2
7017,\bsunsetthomas\b,2
7018,\bsylviasaint\b,2
7019,\btequila\b,2
7020,\bterapatrick\b,2
7021,\bthc\b,2
7022,\btiabella\b,2
7023,\btommycruise\b,2
7024,\btonyzerega\b,2
7025,\bvincevouyer\b,2
7027,\bvulva\b,2
7028,\bw[ei]+n[ei]+r\b,2
7029,\bwhiskey\b,2
7030,\bwillclark\b,2
7031,aryan\b,2
7032,nazi\b,2
7033,\banth?rax\b,2
7034,\bbotox\b,2
7035,\bcairne\b,2
7036,\bcrackdealer\b,2
7037,king\b,2
7038,\bdarthjedi\b,2
7039,\bdenethor\b,2
7040,\bduke,2
7042,\bebola\b,2
7043,f[ue]+rst\b,2
7044,\beternalhoden\b,2
7045,\beuthanasie\b,2
7046,\bfick,2
7047,\bfrozenthrone\b,2
7048,\bgandhi\b,2
7049,\bganja,2
7050,\bgoebbels\b,2
7051,\bgott\b,2
7052,\bhgar\b,2
7053,\bheiland\b,2
7054,\bhendrix\b,2
7055,\bheroin,2
7056,porno\b,2
7057,\b[gk]adafi\b,2
7058,\bkiffer,2
7059,\bklitori,2
7060,\bkpd\b,2
7061,\bmariuhanna\b,2
7063,\bmeisteryoda\b,2
7064,\bmengele\b,2
7065,fick\b,2
7066,\bmichaelmyers\b,2
7067,\bmilkahase\b,2
7068,\bmilkakuh\b,2
7069,\bnazghul\b,2
7070,\bporno,2
7071,\bprincess,2
7072,\bprinz\b,2
7073,\brammstein\b,2
7074,\brasputin\b,2
7075,\bredbull\b,2
7076,\brichthofen\b,2
7077,\bsarin\b,2
7078,\bsith\b,2
7079,\bsmeagol\b,2
7080,\bspikelee\b,2
7081,\bsplintercell\b,2
7082,\bsuicide\b,2
7083,\btylerdurden\b,2
7084,\bvagimampf\b,2
7085,\bvanginus\b,2
7086,\bvotzentroll\b,2
7087,\bwarcrack\b,2
7088,\bwinnipuuh\b,2
7089,\bwixxoor\b,2
7090,\bwowdiablo\b,2
7091,\bxerox\b,2
7092,\babsinthe\b,2
7093,\babsolut\b,2
7095,\bpussy,2
7096,\brape\b,2
7097,\baceofspades\b,2
7098,\bchinks\b,2
7099,\bdikes\b,2
7100,\bdildos\b,2
7101,\bsativa\b,2
7102,\bindica\b,2
7103,\bdike\b,2
7104,\braped\b,2
7105,\braping\b,2
7106,\bdyke\b,2
7107,\bmj\b,2
7108,\bdoobie\b,2
7109,\bjunk[ie],2
7110,\bdefecat,2
7111,\balquaeda\b,2
7112,\bamerikkkan\b,2
7113,\bamphetamine\b,2
7114,\bejaculate\b,2
7115,\bscrotum,2
7116,\bfisting\b,2
7117,\baryan,2
7118,\bbackdoor\b,2
7119,titt[iey]*s\b,2
7120,\bbi\b,2
7121,\bbigfatasscow\b,2
7122,bondage\b,2
7123,boobs\b,2
7124,breast\b,2
7125,\bbuttocks\b,2
7126,\b[ck]oitus,2
7127,\bcondom,2
7128,\bdahoe\b,2
7129,\bdamn\b,2
7130,\bdi[ae][rh]+ea,2
7131,\bdirtyho\b,2
7132,\bdomination\b,2
7133,\bdutch\b,2
7134,\benema\b,2
7135,\berotic,2
7136,jackass\b,2
7137,\bfacism\b,2
7138,\bfakeboobs\b,2
7139,\bfart\b,2
7140,\bfetish,2
7141,fetish\b,2
7142,\bfilthymuslim\b,2
7143,\bfocker\b,2
7144,\bforeplay\b,2
7145,\bforeskin\b,2
7146,\bfrottage\b,2
7147,\bfuk\b,2
7148,\bfukass\b,2
7150,\bgenital,2
7151,\bgenitals\b,2
7152,\bgigolo\b,2
7153,\bgonorrhea\b,2
7154,\bgrummz\b,2
7155,\bhentail\b,2
7156,\bholocaust\b,2
7157,\bhorny\b,2
7158,\bhot\b,2
7159,\bj.*jameson\b,2
7160,\blesb\b,2
7161,\blesbian\b,2
7162,pussy\b,2
7163,\blingerie\b,2
7164,\blube\b,2
7165,\blubricant\b,2
7166,\blust\b,2
7167,\basshole,2
7168,\bfingerbang\b,2
7169,\bgangbang\b,2
7170,\bgangrape\b,2
7171,\bpussies\b,2
7172,\brapes\b,2
7173,\bfags\b,2
7174,boob,2
7175,\bblowjob,2
7176,\bfeces,2
7177,\bnipple,2
7178,nipples\b,2
7179,prostitute,2
7180,\bcoke\b,2
7181,\bmorphine\b,2
7182,\bnudity\b,2
7183,\bnuts\b,2
7184,\bpagan\b,2
7185,\bperv\b,2
7186,\bpervert\b,2
7187,\bpiss\b,2
7188,\bplayboy\b,2
7189,\bplaygirl\b,2
7190,\bpolish\b,2
7191,\bprebubescent\b,2
7192,\bqueer\b,2
7193,\breich\b,2
7194,\br.*jeremy\b,2
7195,\bscrew\b,2
7196,\bseamen\b,2
7197,\bspreadmylegs\b,2
7198,\bstripper,2
7199,\bsuck\b,2
7200,\bsukkitdown\b,2
7201,\bswingers\b,2
7202,\bteabag,2
7203,\bterrorist\b,2
7204,\bthickbush\b,2
7205,\bthreesome\b,2
7206,\bsnatch,2
7207,\bupdabut\b,2
7208,\bvasect,2
7210,cock\b,2
7211,blowjob\b,2
7212,\btardpopsicle\b,2
7213,\burmom\b,2
7214,\bturdsplat\b,2
7215,\bchokeoncocks\b,2
7216,\blittlearse\b,2
7217,\bholybijesis\b,2
7218,\bniggs\b,2
7219,\bsacofricosis\b,2
7220,\bpolesmokers\b,2
7221,\bsega\b,2
7222,\bsex,2
7223,\bshadowbane\b,2
7225,\bshiznit\b,2
7226,\bshortbus\b,2
7227,\berection\b,2
7228,\bsmoked\b,2
7229,\bsnowwhite\b,2
7230,\boral\b,2
7231,\bsperm,2
7232,\bpoop\b,2
7233,\bspluge\b,2
7234,\bsuck,2
7235,\bsupermario\b,2
7236,support,2
7237,\bsex\b,2
7238,\bsuppuku\b,2
7239,\bsirbong\b,2
7240,\bspank\b,2
7241,\bspeculum\b,2
7242,\burinat,2
7243,\bvenereal\b,2
7244,\bvirgin\b,2
7245,\badvil\b,2
7246,\bamputee\b,2
7247,\bamtrak\b,2
7248,\banis\b,2
7249,\banolinctus\b,2
7250,\bantichrist\b,2
7251,\barathorn\b,2
7252,\barian\b,2
7253,\barsonist\b,2
7254,\bblackenstein\b,2
7255,\bblacksabbath\b,2
7256,\bbnet\b,2
7257,\bbootylicious\b,2
7258,\bbra\b,2
7259,\bchinaman\b,2
7260,\bchronik\b,2
7261,\bcolgate\b,2
7262,\bcoprophagy\b,2
7263,\bcrackhead\b,2
7264,\bdammit\b,2
7265,\bdarky\b,2
7266,\bdarvocet\b,2
7267,\bdatabasesys\b,2
7268,\bdeckardcain\b,2
7269,\bdr\b,2
7270,\bdukeofwhales\b,2
7271,\bdumbass\b,2
7272,\becstasy\b,2
7273,\bensign\b,2
7274,\bfcuk\b,2
7275,\bferrari\b,2
7276,\bfetus,2
7277,\bfockerz\b,2
7278,\bfooker\b,2
7279,cunt\b,2
7280,\bghandi\b,2
7281,\bgofukyorself\b,2
7282,\bgonadian\b,2
7283,\bgoochgravy\b,2
7284,\bgookenator\b,2
7285,\bhemplock\b,2
7286,\bherpies\b,2
7287,\bhomoerectus\b,2
7288,\bhore\b,2
7289,\bhotdamn\b,2
7290,\bhungelf\b,2
7291,\bindian\b,2
7292,\birapekids\b,2
7293,\bironchef\b,2
7294,\bjc\b,2
7295,\bjedi\b,2
7296,\b[gj]en[ao]cide\b,2
7297,\bjugs\b,2
7298,\bklismaphilia\b,2
7299,\bkokigami\b,2
7300,\bkoon\b,2
7301,\bkosherpork\b,2
7302,\blardass\b,2
7303,\blaurabush\b,2
7304,\bmarlboroman\b,2
7305,\bmasterbaiter\b,2
7306,\bmaxipad\b,2
7307,\bmenstrual\b,2
7308,\bmhz\b,2
7309,\bmichaeljack\b,2
7310,bastard\b,2
7311,\bmisogynist\b,2
7312,\bmister\b,2
7313,\bmr\b,2
7314,\bnarcoticus\b,2
7315,\bnigahh\b,2
7316,\bnpc,2
7317,\bnug\b,2
7318,\bnunriggers\b,2
7319,\bnwa\b,2
7320,\bomgwtf\b,2
7321,\bopiate,2
7322,\boreos\b,2
7323,\bovaltine\b,2
7324,\bpapsmear\b,2
7325,\bpederasty\b,2
7326,\bpenthouse\b,2
7327,\bpimp,2
7328,\bpinktaco\b,2
7329,mofo\b,2
7330,\bpoomaster\b,2
7331,\bpoonjuice\b,2
7332,\bpoop,2
7333,\bpwnzor\b,2
7334,\bquadoushka\b,2
7335,\br.*nad[ae]r\b,2
7336,\bstud\b,2
7337,\bsubmissive\b,2
7338,\bswiftnuggs\b,2
7339,\bswastika\b,2
7340,\bsybian\b,2
7341,\btoeofcamel\b,2
7342,\btokyorose\b,2
7343,\burmama\b,2
7344,\bvoltron\b,2
7345,\bwangmaster\b,2
7346,\bwanker\b,2
7347,\bwetdream\b,2
7349,\bwigger\b,2
7350,\bwilliamhung\b,2
7351,\bwindex\b,2
7352,\bwitchking\b,2
7353,\bx.*x\b,2
7354,\byosemitesam\b,2
7355,\byouranus\b,2
7356,\bzoolander\b,2
7357,condom\b,2
7358,\bkosher,2
7359,sexy,2
7360,\bbestiality\b,2
7362,\bblackie\b,2
7363,\bbloodyhell\b,2
7364,\bblow\b,2
7365,\bblunt\b,2
7366,\bbollocks\b,2
7367,\bboobs,2
7368,\bboofer\b,2
7369,\bbourbon\b,2
7370,\bbreast,2
7371,\bbudda\b,2
7372,\bbudlight\b,2
7373,\bbudweiser\b,2
7374,\bbugger\b,2
7375,\bbustydusty\b,2
7376,\bbutt\b,2
7377,\bbuttman\b,2
7378,\bcandyandes\b,2
7379,\bcaucazoid\b,2
7380,\bcawk\b,2
7381,\bfu[ck]+[aeiou]+,2
7382,\bcervesa\b,3
7383,\bchampagne\b,3
7384,\bchaseylain\b,3
7385,\bcheeba\b,3
7386,\bcherokee \b,3
7387,\bchino\b,3
7388,\bchloejones \b,3
7389,\bchristilake\b,3
7390,\bchrisward \b,3
7391,\bcocostarfish\b,3
7392,\bcognac\b,3
7393,\bcootch\b,3
7394,\bcooter\b,3
7395,\bcopulate\b,3
7396,\bcornholes\b,3
7397,\bcorona\b,3
7398,\bcrack\b,3
7399,\bcracker\b,3
7400,\bcrap\b,3
7401,\bdamned\b,3
7402,\bdank\b,3
7403,\bdeancoulter\b,3
7404,\bdebidiamond \b,3
7405,\bdeepthroat\b,3
7406,\bdevinderay \b,3
7407,\bdianazyle \b,3
7408,\bdietpills\b,3
7409,\bdirtysanchez\b,3
7410,\bditavontease\b,3
7411,\bdoggystyle\b,3
7412,\bdope\b,3
7413,\bduckbutter\b,3
7414,\becstacy\b,3
7415,\bedpowers \b,3
7416,\beggplant\b,3
7417,\bericaboyer \b,3
7418,\bextasy\b,3
7419,\bfacial\b,3
7420,\bfluffer\b,3
7421,\bfornicat,3
7422,\bfreebase\b,3
7423,\bfusck,3
7424,\bfux,3
7425,\bgagepowers\b,3
7426,\bgew\b,3
7427,\bghb\b,3
7428,\bghetto\b,3
7429,\bgingerhill\b,3
7430,\bgloryhole\b,3
7431,\bgoldschlager\b,3
7432,\bgoombah\b,3
7433,\bgranddragon\b,3
7434,\bgreaseball\b,3
7435,\bgreaser\b,3
7436,\bgspot\b,3
7437,\bguiness\b,3
7438,\bgunja\b,3
7439,\bhandjob\b,3
7440,\bhash\b,3
7441,\bheaddoctor\b,3
7442,\bheidifleiss\b,3
7443,\bhmo\b,3
7444,\bhonky\b,3
7445,\bhoodrat\b,3
7446,\bhookah\b,3
7447,\bhorney\b,3
7448,\bhustler\b,3
7449,\binarivachs\b,3
7450,\bj.*bobbit\b,3
7451,\bj.*holmes\b,3
7452,\bjackdaniels\b,3
7453,\bjadeeast\b,3
7454,\bjadehsu \b,3
7455,\bjadestclair\b,3
7456,\bjagermeister\b,3
7457,\bjanacova\b,3
7458,\bjennahaze\b,3
7459,\bjennajameson\b,3
7460,\bjenteal\b,3
7461,\bjessicadee\b,3
7462,\bjeweldenyle\b,3
7463,\bjillkelly\b,3
7464,\bjimbeam\b,3
7465,\bjosecuervo\b,3
7466,\bjuliashton\b,3
7467,\bkaradavis\b,3
7468,\bkeef\b,3
7469,\bkif\b,3
7470,\bkikkityler \b,3
7471,\bkobetai\b,3
7472,\bkooter\b,3
7473,\bkrystalsteal\b,3
7474,\bkyke\b,3
7475,\bkylacole\b,3
7476,\bkylieireland\b,3
7477,\blancegear \b,3
7478,\blarryflynt\b,3
7479,\blecher\b,3
7480,\bliquidx\b,3
7481,\bloloferrari\b,3
7482,\blong.*dong\b,3
7483,\bludes\b,3
7484,\blunalane\b,3
7485,\bmaltliquor\b,3
7486,\bmariacheca\b,3
7487,\bmariatakagi\b,3
7488,\bmarisadiaz \b,3
7489,\bmarkdalton  \b,3
7490,\bmarkwolff \b,3
7491,\bmarycarey \b,3
7492,\bmayate\b,3
7493,\bmeatwad\b,3
7494,\bmethhead\b,3
7495,\bmethmonster\b,3
7496,\bmikolee\b,3
7497,\bmimimiyagi\b,3
7498,\bmoneyshot\b,3
7499,\bmuff\b,3
7500,\bmushrooms\b,3
7501,\bnickelbag\b,3
7502,\bnikkibenz\b,3
7503,\bnikkidial\b,3
7504,\bnip\b,3
7505,\bnizzle\b,3
7506,\bnubian,3
7507,\bnympho\b,3
7508,\bobsession\b,3
7509,\bopiate\b,3
7510,\borgy\b,3
7511,\bpanties\b,3
7512,\bpecker\b,3
7513,\bpeternorth\b,3
7514,\bpissedoff\b,3
7515,\bpissoff\b,3
7516,\bpornstar\b,3
7517,\bprepubescent\b,3
7518,\bprick\b,3
7519,\bpube\b,3
7520,\bpunjab\b,3
7521,\bpunkass\b,3
7522,\bpusse\b,3
7523,\brandywest\b,3
7524,\brebeccalord\b,3
7525,\brebeccaporn\b,3
7526,\bredneck\b,3
7527,\breneelarue\b,3
7528,\bricer\b,3
7529,\brustytrumpet\b,3
7530,\bryanconner \b,3
7531,\bryanwagner \b,3
7532,\bsarastjames \b,3
7533,\btosser\b,3
7534,\btossingsalad\b,3
7535,\btosssalad\b,3
7536,\btraceyadams\b,3
7537,\btracilords\b,3
7538,\btranny\b,3
7539,\bttboy\b,3
7540,\btyfox\b,3
7541,\btylerfaith\b,3
7542,\burethra\b,3
7543,\bveronicahart\b,3
7544,\bwankoff\b,3
7545,\bweed\b,3
7546,\bwej\b,3
7547,\bwench\b,3
7548,\bwildturkey\b,3
7549,hefner\b,3
7550,snatch\b,3
7551,vagina\b,3
7552,\bannaslut\b,3
7553,\basiacarrera\b,3
7554,\baurorasnow\b,3
7555,\bbacardi\b,3
7556,\bbeaner\b,3
7557,\bbeanlicker\b,3
7558,\bscat\b,3
7559,\bscatology\b,3
7560,\bschlong,3
7561,\bschnapps\b,3
7562,\bschoolboy,3
7563,\bselenasteele\b,3
7564,\bsexy\b,3
7565,\bseymorebutts\b,3
7566,\bsheethead\b,3
7567,\bsherriangel\b,3
7568,\bshizzle\b,3
7569,\bshlong\b,3
7570,\bshmegma\b,3
7571,\bshrooms\b,3
7572,\bskeet\b,3
7573,\bskeetskeet\b,3
7574,\bvagina,3
7575,\badulteress\b,3
7576,\badulterous\b,3
7577,\badultery\b,3
7578,\badultsonly\b,3
7579,\bagentorange\b,3
7580,\baids\b,3
7581,\bal[ck]ohol,3
7582,\balecpowers\b,3
7583,\balexwilcox\b,3
7584,\bamaretto\b,3
7585,\banal\b,3
7586,\bangeladevi\b,3
7587,\bangeldust\b,3
7588,\banglo\b,3
7589,\banheiser\b,3
7590,\bannamalle\b,3
7591,\bbeer\b,3
7592,\berzengel\b,3
7593,könig\b,3
7594,\beomer\b,3
7595,butthead,3
7596,\bslope\b,3
7597,\bsmack\b,3
7598,\bsmut\b,3
7600,\bsodomize\b,3
7601,\bsodomy\b,3
7602,\bspeedball\b,3
7603,\bspew\b,3
7604,\bspreadeagle\b,3
7605,\bspunk\b,3
7606,\bstd\b,3
7607,\bsunsetthomas\b,3
7608,\bsylviasaint\b,3
7609,\bteet[sz]\b,3
7610,\btequila\b,3
7611,\bterapatrick\b,3
7612,\bthc\b,3
7613,\btiabella\b,3
7614,\btoadlicker\b,3
7615,\btoak\b,3
7616,\btoke\b,3
7617,\btombyron\b,3
7618,\btommycruise\b,3
7619,\btonyzerega\b,3
7620,\btossalad\b,3
7621,\bvibrator\b,3
7622,\bvincevouyer\b,3
7624,\bvulva\b,3
7625,\bw[ei]+n[ei]+r\b,3
7626,\bwank\b,3
7627,\bwhackoff\b,3
7628,\bwhiskey\b,3
7629,\bwillclark\b,3
7630,\byellow\b,3
7631,\bzigzag\b,3
7632,aryan\b,3
7633,\bacclaim\b,3
7634,\bamongoe,3
7635,\banabolica\b,3
7636,\banalpunisher\b,3
7637,nazi\b,3
7638,\banth?rax\b,3
7639,\bblasehase\b,3
7640,\bbotox\b,3
7641,\bbueckstueck\b,3
7642,\bbumsnudel\b,3
7643,\bcairne\b,3
7644,\bchristkind\b,3
7645,\bcrackdealer\b,3
7646,king\b,3
7647,\bdarthjedi\b,3
7648,\bdenethor\b,3
7649,\bderneger\b,3
7650,\bdiedroge\b,3
7651,\bdollybuster\b,3
7652,\bdonpeperulez\b,3
7653,\bdopecheffe\b,3
7654,\bduke,3
7656,sucker\b,3
7657,\bebola\b,3
7658,\beichelkäse\b,3
7659,f[ue]+rst\b,3
7660,muschi\b,3
7661,\beternalhoden\b,3
7662,\beuthanasie\b,3
7663,\bfick,3
7664,luder\b,3
7665,kacke\b,3
7666,\bfotz,3
7667,tussi\b,3
7668,\bfrodobeutlin\b,3
7669,\bfrozenthrone\b,3
7670,\bgandhi\b,3
7671,\bganja,3
7672,\bgayoverlord\b,3
7673,\bgeilebraut\b,3
7674,\bginawild\b,3
7675,\bgoebbels\b,3
7676,\bgott\b,3
7677,\bgraftaliban\b,3
7678,\bhägar\b,3
7679,\bhanfernte\b,3
7680,\bheiland\b,3
7681,\bhendrix\b,3
7682,\bheroin,3
7683,\bhordenhure\b,3
7684,porno\b,3
7685,\b[gk]adafi\b,3
7686,\bkiffer,3
7687,\bkleineralki\b,3
7688,\bkleinerfurz\b,3
7689,\bklitori,3
7690,ficker\b,3
7691,\bkpd\b,3
7692,\bkruppstahl\b,3
7693,\bmariuhanna\b,3
7695,\bmeisteryoda\b,3
7696,\bmengele\b,3
7697,fick\b,3
7698,\bmichaelmyers\b,3
7699,\bmilkahase\b,3
7700,\bmilkakuh\b,3
7701,\bmistst[ue]+ck\b,3
7702,\bmoesen,3
7703,\bmöse,3
7704,\bmuschi,3
7705,\bnachgeburt\b,3
7706,\bnazghul\b,3
7707,\bnegerin\b,3
7708,\bnikoleinchen\b,3
7709,\bonkeltom\b,3
7710,\bpimmel,3
7711,\bpimper,3
7712,\bpommespapst\b,3
7713,\bpopobumser\b,3
7714,\bporno,3
7715,\bprincess,3
7716,\bprinz\b,3
7717,\brammstein\b,3
7718,\brasputin\b,3
7719,\bredbull\b,3
7720,\brichthofen\b,3
7721,\bsarin\b,3
7722,\bschlampe,3
7723,\bschwanz,3
7724,\bsith\b,3
7725,\bsmeagol\b,3
7726,\bsohngottes\b,3
7727,\bspikelee\b,3
7728,\bsplintercell\b,3
7729,\bsuicide\b,3
7730,\bsuizidhoden\b,3
7731,\bterrortunte\b,3
7732,\btitanrosette\b,3
7733,\btittenmaus\b,3
7734,\btylerdurden\b,3
7735,\bvagimampf\b,3
7736,\bvanginus\b,3
7737,\bvotzentroll\b,3
7738,\bwarcrack\b,3
7739,\bwinnipuuh\b,3
7740,\bwixxoor\b,3
7741,\bwowdiablo\b,3
7742,\bxerox\b,3
7743,schlampe\b,3
7744,zipfe?l\b,3
7745,\bzuhälter,3
7746,\bzwergpimmel\b,3
7747,18년,3
7748,18놈,3
7749,\babsinthe\b,3
7750,18새끼,3
7751,\babsolut\b,3
7752,\bchink\b,3
7754,\bpussy,3
7755,\brape\b,3
7756,\baceofspades\b,3
7757,\bpusher,3
7758,\bchinks\b,3
7759,\bdikes\b,3
7760,\bdildos\b,3
7761,\bsativa\b,3
7762,\bindica\b,3
7763,\bskunkweed\b,3
7764,\bdike\b,3
7765,\braped\b,3
7766,\braping\b,3
7767,dong,3
7768,\bdyke\b,3
7769,\bmj\b,3
7770,\bdoobie\b,3
7771,\bstoner,3
7772,\bjunk[ie],3
7773,\bdefecat,3
7774,\balquaeda\b,3
7775,\bamerikkkan\b,3
7776,\bamphetamine\b,3
7777,\bejaculate\b,3
7778,\bscrotum,3
7779,\bfisting\b,3
7780,\barse,3
7781,\bcock,3
7782,\baryan,3
7783,\bbackdoor\b,3
7784,titt[iey]*s\b,3
7785,\bbi\b,3
7786,\bbigfatasscow\b,3
7787,bondage\b,3
7788,boobs\b,3
7789,breast\b,3
7790,\bbuttocks\b,3
7791,\b[ck]oitus,3
7792,\bcondom,3
7793,\bdahoe\b,3
7794,\bdamn\b,3
7795,\bdarkwanker\b,3
7796,\bdi[ae][rh]+ea,3
7797,dick\b,3
7798,\bdirtyho\b,3
7799,\bdomination\b,3
7800,\bdutch\b,3
7801,\benema\b,3
7802,\berotic,3
7803,jackass\b,3
7804,\bfacism\b,3
7805,\bfakeboobs\b,3
7806,\bfart\b,3
7807,\bfetish,3
7808,fetish\b,3
7809,\bfilthymuslim\b,3
7810,\bfocker\b,3
7811,\bforeplay\b,3
7812,\bforeskin\b,3
7813,\bfrottage\b,3
7814,\bfuk\b,3
7815,\bfukass\b,3
7817,\bgenital,3
7818,\bgenitals\b,3
7819,\bgigolo\b,3
7820,\bgonorrhea\b,3
7821,\bgrummz\b,3
7822,\bhairyhorny\b,3
7823,\bhardboob\b,3
7824,\bhentail\b,3
7825,\bhiv\b,3
7826,\bholocaust\b,3
7827,\bhorny\b,3
7828,\bhot\b,3
7829,\bj.*jameson\b,3
7830,\bkinky\b,3
7831,\bkraut\b,3
7832,\blesb\b,3
7833,\blesbian\b,3
7834,pussy\b,3
7835,\blingerie\b,3
7836,\bload\b,3
7837,\blube\b,3
7838,\blubricant\b,3
7839,\blust\b,3
7840,\bmaidenhead\b,3
7841,후장뚫어,3
7842,\basshole,3
7843,\bfingerbang\b,3
7844,\bgangbang\b,3
7845,\bgangrape\b,3
7846,\bjaps\b,3
7847,\bjizzing\b,3
7848,\bgizzing\b,3
7849,\bpussies\b,3
7850,\brapes\b,3
7851,\bsaladtosser\b,3
7852,\bfags\b,3
7853,boob,3
7854,\bbast[aeiou]rd,3
7855,\bbeastiality\b,3
7856,\bblowjob,3
7857,\bboffer\b,3
7858,\bclowjob\b,3
7859,\bdonkeypunch\b,3
7860,\bfawker\b,3
7861,\bfeces,3
7862,\bnipple,3
7863,nipples\b,3
7864,prostitute,3
7865,\bcoke\b,3
7866,\bmorphine\b,3
7867,\bnudity\b,3
7868,\bnuts\b,3
7869,\bpagan\b,3
7870,\bperv\b,3
7871,\bpervert\b,3
7872,\bphawk\b,3
7873,\bpiss\b,3
7874,\bplayboy\b,3
7875,\bplaygirl\b,3
7876,\bpolish\b,3
7877,\bprebubescent\b,3
7878,\bqueer\b,3
7879,\breich\b,3
7880,\br.*jeremy\b,3
7881,\bscrew\b,3
7882,\bseamen\b,3
7883,\bspreadmylegs\b,3
7884,\bstripper,3
7885,\bsuck\b,3
7886,\bsukkitdown\b,3
7887,\bswingers\b,3
7888,\bteabag,3
7889,\bterrorist\b,3
7890,\bthickbush\b,3
7891,\bthreesome\b,3
7892,\bsnatch,3
7893,\bupdabut\b,3
7894,\bvasect,3
7896,\bnegro,3
7897,\btinytits\b,3
7898,cock\b,3
7899,blowjob\b,3
7900,\btardpopsicle\b,3
7901,\burmom\b,3
7902,fag\b,3
7903,\bdick,3
7904,\bturdsplat\b,3
7905,\bchokeoncocks\b,3
7906,\blittlearse\b,3
7907,\bholybijesis\b,3
7908,\bniggs\b,3
7909,\bsacofricosis\b,3
7910,\bpolesmokers\b,3
7911,\bsega\b,3
7912,\bsex,3
7913,\bshadowbane\b,3
7915,\bshiznit\b,3
7916,\bshortbus\b,3
7917,\btramps\b,3
7918,\berection\b,3
7919,\bsmoked\b,3
7920,\bsnowwhite\b,3
7921,\boral\b,3
7922,\bsperm,3
7923,\bpoop\b,3
7924,\bspluge\b,3
7925,\bsuck,3
7926,\bsupermario\b,3
7927,support,3
7928,\bsex\b,3
7929,\bsuppuku\b,3
7930,\bsirbong\b,3
7931,\bspank\b,3
7932,\bspeculum\b,3
7933,\bstreaker,3
7934,\btribadism\b,3
7935,\bupmybutthole\b,3
7936,\burinat,3
7937,\bvenereal\b,3
7938,\bvirgin\b,3
7939,\bwarslut\b,3
7940,\bwood\b,3
7941,\badvil\b,3
7942,\bamputee\b,3
7943,\bamtrak\b,3
7944,\banis\b,3
7945,\banolinctus\b,3
7946,\bantichrist\b,3
7947,\barathorn\b,3
7948,\barian\b,3
7949,\barsonist\b,3
7950,\bblackenstein\b,3
7951,\bblacksabbath\b,3
7952,\bbnet\b,3
7953,\bbootylicious\b,3
7954,\bbra\b,3
7955,\bchinaman\b,3
7956,\bchronik\b,3
7957,\bcolgate\b,3
7958,\bcoprophagy\b,3
7959,\bcrackhead\b,3
7960,\bdammit\b,3
7961,\bdarky\b,3
7962,\bdarvocet\b,3
7963,\bdatabasesys\b,3
7964,\bdeckardcain\b,3
7965,\bdr\b,3
7966,\bdukeofwhales\b,3
7967,\bdumbass\b,3
7968,\becstasy\b,3
7969,\bensign\b,3
7970,\bfcuk\b,3
7971,\bferrari\b,3
7972,\bfetus,3
7973,\bfockerz\b,3
7974,\bfooker\b,3
7975,cunt\b,3
7976,\bghandi\b,3
7977,\bgofukyorself\b,3
7978,\bgonadian\b,3
7979,\bgoochgravy\b,3
7980,\bgookenator\b,3
7981,\bhemplock\b,3
7982,\bherpies\b,3
7983,\bhomoerectus\b,3
7984,\bhore\b,3
7985,\bhotdamn\b,3
7986,\bhungelf\b,3
7987,\bindian\b,3
7988,\birapekids\b,3
7989,\bironchef\b,3
7990,\bjc\b,3
7991,\bjedi\b,3
7992,\b[gj]en[ao]cide\b,3
7993,\bjugs\b,3
7994,\bklismaphilia\b,3
7995,\bkokigami\b,3
7996,\bkoon\b,3
7997,\bkosherpork\b,3
7998,\blardass\b,3
7999,\blaurabush\b,3
8000,\bmarlboroman\b,3
8001,\bmasterbaiter\b,3
8002,\bmaxipad\b,3
8003,\bmenstrual\b,3
8004,\bmhz\b,3
8005,\bmichaeljack\b,3
8006,bastard\b,3
8007,\bmisogynist\b,3
8008,\bmister\b,3
8009,\bmr\b,3
8010,\bnarcoticus\b,3
8011,\bnigahh\b,3
8012,\bnpc,3
8013,\bnug\b,3
8014,\bnunriggers\b,3
8015,\bnwa\b,3
8016,\bomgwtf\b,3
8017,\bopiate,3
8018,\boreos\b,3
8019,\bovaltine\b,3
8020,\bpapsmear\b,3
8021,\bpederasty\b,3
8022,\bpenthouse\b,3
8023,\bpimp,3
8024,\bpinktaco\b,3
8025,mofo\b,3
8026,\bpoomaster\b,3
8027,\bpoonjuice\b,3
8028,\bpoop,3
8029,\bpwnzor\b,3
8030,\bquadoushka\b,3
8031,\br.*nad[ae]r\b,3
8032,\bstud\b,3
8033,\bsubmissive\b,3
8034,\bswiftnuggs\b,3
8036,\buglynig\b,3
8037,\bswastika\b,3
8038,\bsybian\b,3
8039,\btoeofcamel\b,3
8040,\btokyorose\b,3
8041,\burmama\b,3
8042,\bvoltron\b,3
8043,\bwangmaster\b,3
8044,\bwanker\b,3
8045,\bwetdream\b,3
8047,\bwigger\b,3
8048,\bwilliamhung\b,3
8049,\bwindex\b,3
8050,\bwitchking\b,3
8051,\bx.*x\b,3
8052,\byosemitesam\b,3
8053,\byouranus\b,3
8054,\bzoolander\b,3
8055,condom\b,3
8056,jebus\b,3
8057,\bkosher,3
8058,menstrual,3
8059,sexy,3
8060,\bbestiality\b,3
8061,\bbizzle\b,3
8063,\bblackie\b,3
8064,\bbloodyhell\b,3
8065,\bblow\b,3
8066,\bblunt\b,3
8067,\bbollocks\b,3
8068,\bboobs,3
8069,\bboofer\b,3
8070,\bbourbon\b,3
8071,\bbrazuca\b,3
8072,\bbreast,3
8073,\bbudda\b,3
8074,\bbuddahead\b,3
8075,\bbudlight\b,3
8076,\bbudweiser\b,3
8077,\bbugger\b,3
8078,\bbustydusty\b,3
8079,\bbutt\b,3
8080,\bbuttman\b,3
8081,\bcandyandes\b,3
8082,\bcaucazoid\b,3
8083,\bcawk\b,3
8084,\bfu[ck]+[aeiou]+,3
10217,\bcervesa\b,5
10218,\bchampagne\b,5
10219,\bchaseylain\b,5
10220,\bcheeba\b,5
10221,\bcherokee \b,5
10222,\bchino\b,5
10223,\bchloejones \b,5
10224,\bchristilake\b,5
10225,\bchrisward \b,5
10226,\bcocostarfish\b,5
10227,\bcognac\b,5
10228,\bcootch\b,5
10229,\bcooter\b,5
10230,\bcopulate\b,5
10231,\bcornholes\b,5
10232,\bcorona\b,5
10233,\bcrack\b,5
10234,\bcracker\b,5
10235,\bcrap\b,5
10236,\bdamned\b,5
10237,\bdank\b,5
10238,\bdeancoulter\b,5
10239,\bdebidiamond \b,5
10240,\bdeepthroat\b,5
10241,\bdevinderay \b,5
10242,\bdianazyle \b,5
10243,\bdietpills\b,5
10244,\bdirtysanchez\b,5
10245,\bditavontease\b,5
10246,\bdoggystyle\b,5
10247,\bdope\b,5
10248,\bduckbutter\b,5
10249,\becstacy\b,5
10250,\bedpowers \b,5
10251,\beggplant\b,5
10252,\bericaboyer \b,5
10253,\bextasy\b,5
10254,\bfacial\b,5
10255,\bfluffer\b,5
10256,\bfornicat,5
10257,\bfreebase\b,5
10258,\bfusck,5
10259,\bfux,5
10260,\bgagepowers\b,5
10261,\bgew\b,5
10262,\bghb\b,5
10263,\bghetto\b,5
10264,\bgingerhill\b,5
10265,\bgloryhole\b,5
10266,\bgoldschlager\b,5
10267,\bgoombah\b,5
10268,\bgranddragon\b,5
10269,\bgreaseball\b,5
10270,\bgreaser\b,5
10271,\bgspot\b,5
10272,\bguiness\b,5
10273,\bgunja\b,5
10274,\bhandjob\b,5
10275,\bhash\b,5
10276,\bheaddoctor\b,5
10277,\bheidifleiss\b,5
10278,\bhmo\b,5
10279,\bhonky\b,5
10280,\bhoodrat\b,5
10281,\bhookah\b,5
10282,\bhorney\b,5
10283,\bhustler\b,5
10284,\binarivachs\b,5
10285,\bj.*bobbit\b,5
10286,\bj.*holmes\b,5
10287,\bjackdaniels\b,5
10288,\bjadeeast\b,5
10289,\bjadehsu \b,5
10290,\bjadestclair\b,5
10291,\bjagermeister\b,5
10292,\bjanacova\b,5
10293,\bjennahaze\b,5
10294,\bjennajameson\b,5
10295,\bjenteal\b,5
10296,\bjessicadee\b,5
10297,\bjeweldenyle\b,5
10298,\bjillkelly\b,5
10299,\bjimbeam\b,5
10300,\bjosecuervo\b,5
10301,\bjuliashton\b,5
10302,\bkaradavis\b,5
10303,\bkeef\b,5
10304,\bkif\b,5
10305,\bkikkityler \b,5
10306,\bkobetai\b,5
10307,\bkooter\b,5
10308,\bkrystalsteal\b,5
10309,\bkyke\b,5
10310,\bkylacole\b,5
10311,\bkylieireland\b,5
10312,\blancegear \b,5
10313,\blarryflynt\b,5
10314,\blecher\b,5
10315,\bliquidx\b,5
10316,\bloloferrari\b,5
10317,\blong.*dong\b,5
10318,\bludes\b,5
10319,\blunalane\b,5
10320,\bmaltliquor\b,5
10321,\bmariacheca\b,5
10322,\bmariatakagi\b,5
10323,\bmarisadiaz \b,5
10324,\bmarkdalton  \b,5
10325,\bmarkwolff \b,5
10326,\bmarycarey \b,5
10327,\bmayate\b,5
10328,\bmeatwad\b,5
10329,\bmethhead\b,5
10330,\bmethmonster\b,5
10331,\bmikolee\b,5
10332,\bmimimiyagi\b,5
10333,\bmoneyshot\b,5
10334,\bmuff\b,5
10335,\bmushrooms\b,5
10336,\bnickelbag\b,5
10337,\bnikkibenz\b,5
10338,\bnikkidial\b,5
10339,\bnip\b,5
10340,\bnizzle\b,5
10341,\bnubian,5
10342,\bnympho\b,5
10343,\bobsession\b,5
10344,\bopiate\b,5
10345,\borgy\b,5
10346,\bpanties\b,5
10347,\bpecker\b,5
10348,\bpeternorth\b,5
10349,\bpissedoff\b,5
10350,\bpissoff\b,5
10351,\bpornstar\b,5
10352,\bprepubescent\b,5
10353,\bprick\b,5
10354,\bpube\b,5
10355,\bpunjab\b,5
10356,\bpunkass\b,5
10357,\bpusse\b,5
10358,\brandywest\b,5
10359,\brebeccalord\b,5
10360,\brebeccaporn\b,5
10361,\bredneck\b,5
10362,\breneelarue\b,5
10363,\bricer\b,5
10364,\brustytrumpet\b,5
10365,\bryanconner \b,5
10366,\bryanwagner \b,5
10367,\bsarastjames \b,5
10368,\btosser\b,5
10369,\btossingsalad\b,5
10370,\btosssalad\b,5
10371,\btraceyadams\b,5
10372,\btracilords\b,5
10373,\btranny\b,5
10374,\bttboy\b,5
10375,\btyfox\b,5
10376,\btylerfaith\b,5
10377,\burethra\b,5
10378,\bveronicahart\b,5
10379,\bwankoff\b,5
10380,\bweed\b,5
10381,\bwej\b,5
10382,\bwench\b,5
10383,\bwildturkey\b,5
10384,hefner\b,5
10385,snatch\b,5
10386,vagina\b,5
10387,\bannaslut\b,5
10388,\basiacarrera\b,5
10389,\baurorasnow\b,5
10390,\bbacardi\b,5
10391,\bbeaner\b,5
10392,\bbeanlicker\b,5
10393,\bscat\b,5
10394,\bscatology\b,5
10395,\bschlong,5
10396,\bschnapps\b,5
10397,\bschoolboy,5
10398,\bselenasteele\b,5
10399,\bsexy\b,5
10400,\bseymorebutts\b,5
10401,\bsheethead\b,5
10402,\bsherriangel\b,5
10403,\bshizzle\b,5
10404,\bshlong\b,5
10405,\bshmegma\b,5
10406,\bshrooms\b,5
10407,\bskeet\b,5
10408,\bskeetskeet\b,5
10409,\bvagina,5
10410,\badulteress\b,5
10411,\badulterous\b,5
10412,\badultery\b,5
10413,\badultsonly\b,5
10414,\bagentorange\b,5
10415,\baids\b,5
10416,\bal[ck]ohol,5
10417,\balecpowers\b,5
10418,\balexwilcox\b,5
10419,\bamaretto\b,5
10420,\banal\b,5
10421,\bangeladevi\b,5
10422,\bangeldust\b,5
10423,\banglo\b,5
10424,\banheiser\b,5
10425,\bannamalle\b,5
10426,\bbeer\b,5
10427,\berzengel\b,5
10428,könig\b,5
10429,\beomer\b,5
10430,butthhead,5
10431,\bslope\b,5
10432,\bsmack\b,5
10433,\bsmut\b,5
10435,\bsodomize\b,5
10436,\bsodomy\b,5
10437,\bspeedball\b,5
10438,\bspew\b,5
10439,\bspreadeagle\b,5
10440,\bspunk\b,5
10441,\bstd\b,5
10442,\bsunsetthomas\b,5
10443,\bsylviasaint\b,5
10444,\bteet[sz]\b,5
10445,\btequila\b,5
10446,\bterapatrick\b,5
10447,\bthc\b,5
10448,\btiabella\b,5
10449,\btoadlicker\b,5
10450,\btoak\b,5
10451,\btoke\b,5
10452,\btombyron\b,5
10453,\btommycruise\b,5
10454,\btonyzerega\b,5
10455,\btossalad\b,5
10456,\bvibrator\b,5
10457,\bvincevouyer\b,5
10459,\bvulva\b,5
10460,\bw[ei]+n[ei]+r\b,5
10461,\bwank\b,5
10462,\bwhackoff\b,5
10463,\bwhiskey\b,5
10464,\bwillclark\b,5
10465,\byellow\b,5
10466,\bzigzag\b,5
10467,aryan\b,5
10468,\bacclaim\b,5
10469,\bamongoe,5
10470,\banabolica\b,5
10471,\banalpunisher\b,5
10472,nazi\b,5
10473,\banth?rax\b,5
10474,\bblasehase\b,5
10475,\bbotox\b,5
10476,\bbueckstueck\b,5
10477,\bbumsnudel\b,5
10478,\bcairne\b,5
10479,\bchristkind\b,5
10480,\bcrackdealer\b,5
10481,king\b,5
10482,\bdarthjedi\b,5
10483,\bdenethor\b,5
10484,\bderneger\b,5
10485,\bdiedroge\b,5
10486,\bdollybuster\b,5
10487,\bdonpeperulez\b,5
10488,\bdopecheffe\b,5
10489,\bduke,5
10491,sucker\b,5
10492,\bebola\b,5
10493,\beichelkäse\b,5
10494,f[ue]+rst\b,5
10495,muschi\b,5
10496,\beternalhoden\b,5
10497,\beuthanasie\b,5
10498,\bfick,5
10499,luder\b,5
10500,kacke\b,5
10501,\bfotz,5
10502,tussi\b,5
10503,\bfrodobeutlin\b,5
10504,\bfrozenthrone\b,5
10505,\bgandhi\b,5
10506,\bganja,5
10507,\bgayoverlord\b,5
10508,\bgeilebraut\b,5
10509,\bginawild\b,5
10510,\bgoebbels\b,5
10511,\bgott\b,5
10512,\bgraftaliban\b,5
10513,\bhägar\b,5
10514,\bhanfernte\b,5
10515,\bheiland\b,5
10516,\bhendrix\b,5
10517,\bheroin,5
10518,\bhordenhure\b,5
10519,porno\b,5
10520,\b[gk]adafi\b,5
10521,\bkiffer,5
10522,\bkleineralki\b,5
10523,\bkleinerfurz\b,5
10524,\bklitori,5
10525,ficker\b,5
10526,\bkpd\b,5
10527,\bkruppstahl\b,5
10528,\bmariuhanna\b,5
10530,\bmeisteryoda\b,5
10531,\bmengele\b,5
10532,fick\b,5
10533,\bmichaelmyers\b,5
10534,\bmilkahase\b,5
10535,\bmilkakuh\b,5
10536,\bmistst[ue]+ck\b,5
10537,\bmoesen,5
10538,\bmöse,5
10539,\bmuschi,5
10540,\bnachgeburt\b,5
10541,\bnazghul\b,5
10542,\bnegerin\b,5
10543,\bnikoleinchen\b,5
10544,\bonkeltom\b,5
10545,\bpimmel,5
10546,\bpimper,5
10547,\bpommespapst\b,5
10548,\bpopobumser\b,5
10549,\bporno,5
10550,\bprincess,5
10551,\bprinz\b,5
10552,\brammstein\b,5
10553,\brasputin\b,5
10554,\bredbull\b,5
10555,\brichthofen\b,5
10556,\bsarin\b,5
10557,\bschlampe,5
10558,\bschwanz,5
10559,\bsith\b,5
10560,\bsmeagol\b,5
10561,\bsohngottes\b,5
10562,\bspikelee\b,5
10563,\bsplintercell\b,5
10564,\bsuicide\b,5
10565,\bsuizidhoden\b,5
10566,\bterrortunte\b,5
10567,\btitanrosette\b,5
10568,\btittenmaus\b,5
10569,\btylerdurden\b,5
10570,\bvagimampf\b,5
10571,\bvanginus\b,5
10572,\bvotzentroll\b,5
10573,\bwarcrack\b,5
10574,\bwinnipuuh\b,5
10575,\bwixxoor\b,5
10576,\bwowdiablo\b,5
10577,\bxerox\b,5
10578,schlampe\b,5
10579,zipfe?l\b,5
10580,\bzuhälter,5
10581,\bzwergpimmel\b,5
10582,\babsinthe\b,5
10583,\babsolut\b,5
10584,\bchink\b,5
10586,\bpussy,5
10587,\brape\b,5
10588,\baceofspades\b,5
10589,\bpusher,5
10590,\bchinks\b,5
10591,\bdikes\b,5
10592,\bdildos\b,5
10593,\bsativa\b,5
10594,\bindica\b,5
10595,\bskunkweed\b,5
10596,\bdike\b,5
10597,\braped\b,5
10598,\braping\b,5
10599,dong,5
10600,\bdyke\b,5
10601,\bmj\b,5
10602,\bdoobie\b,5
10603,\bstoner,5
10604,\bjunk[ie],5
10605,\bdefecat,5
10606,\balquaeda\b,5
10607,\bamerikkkan\b,5
10608,\bamphetamine\b,5
10609,\bejaculate\b,5
10610,\bscrotum,5
10611,\bfisting\b,5
10612,\barse,5
10613,\bcock,5
10614,\baryan,5
10615,\bbackdoor\b,5
10616,titt[iey]*s\b,5
10617,\bbi\b,5
10618,\bbigfatasscow\b,5
10619,bondage\b,5
10620,boobs\b,5
10621,breast\b,5
10622,\bbuttocks\b,5
10623,\b[ck]oitus,5
10624,\bcondom,5
10625,\bdahoe\b,5
10626,\bdamn\b,5
10627,\bdarkwanker\b,5
10628,\bdi[ae][rh]+ea,5
10629,dick\b,5
10630,\bdirtyho\b,5
10631,\bdomination\b,5
10632,\bdutch\b,5
10633,\benema\b,5
10634,\berotic,5
10635,jackass\b,5
10636,\bfacism\b,5
10637,\bfakeboobs\b,5
10638,\bfart\b,5
10639,\bfetish,5
10640,fetish\b,5
10641,\bfilthymuslim\b,5
10642,\bfocker\b,5
10643,\bforeplay\b,5
10644,\bforeskin\b,5
10645,\bfrottage\b,5
10646,\bfuk\b,5
10647,\bfukass\b,5
10649,\bgenital,5
10650,\bgenitals\b,5
10651,\bgigolo\b,5
10652,\bgonorrhea\b,5
10653,\bgrummz\b,5
10654,\bhairyhorny\b,5
10655,\bhardboob\b,5
10656,\bhentail\b,5
10657,\bhiv\b,5
10658,\bholocaust\b,5
10659,\bhorny\b,5
10660,\bhot\b,5
10661,\bj.*jameson\b,5
10662,\bkinky\b,5
10663,\bkraut\b,5
10664,\blesb\b,5
10665,\blesbian\b,5
10666,pussy\b,5
10667,\blingerie\b,5
10668,\bload\b,5
10669,\blube\b,5
10670,\blubricant\b,5
10671,\blust\b,5
10672,\bmaidenhead\b,5
10673,\basshole,5
10674,\bfingerbang\b,5
10675,\bgangbang\b,5
10676,\bgangrape\b,5
10677,\bjaps\b,5
10678,\bjizzing\b,5
10679,\bgizzing\b,5
10680,\bpussies\b,5
10681,\brapes\b,5
10682,\bsaladtosser\b,5
10683,\bfags\b,5
10684,boob,5
10685,\bbast[aeiou]rd,5
10686,\bbeastiality\b,5
10687,\bblowjob,5
10688,\bboffer\b,5
10689,\bclowjob\b,5
10690,\bdonkeypunch\b,5
10691,\bfawker\b,5
10692,\bfeces,5
10693,\bnipple,5
10694,nipples\b,5
10695,prostitute,5
10696,\bcoke\b,5
10697,\bmorphine\b,5
10698,\bnudity\b,5
10699,\bnuts\b,5
10700,\bpagan\b,5
10701,\bperv\b,5
10702,\bpervert\b,5
10703,\bphawk\b,5
10704,\bpiss\b,5
10705,\bplayboy\b,5
10706,\bplaygirl\b,5
10707,\bpolish\b,5
10708,\bprebubescent\b,5
10709,\bqueer\b,5
10710,\breich\b,5
10711,\br.*jeremy\b,5
10712,\bscrew\b,5
10713,\bseamen\b,5
10714,\bspreadmylegs\b,5
10715,\bstripper,5
10716,\bsuck\b,5
10717,\bsukkitdown\b,5
10718,\bswingers\b,5
10719,\bteabag,5
10720,\bterrorist\b,5
10721,\bthickbush\b,5
10722,\bthreesome\b,5
10723,\bsnatch,5
10724,\bupdabut\b,5
10725,\bvasect,5
10727,\bnegro,5
10728,\btinytits\b,5
10729,cock\b,5
10730,blowjob\b,5
10731,\btardpopsicle\b,5
10732,\burmom\b,5
10733,fag\b,5
10734,\bdick,5
10735,\bturdsplat\b,5
10736,\bchokeoncocks\b,5
10737,\blittlearse\b,5
10738,\bholybijesis\b,5
10739,\bniggs\b,5
10740,\bsacofricosis\b,5
10741,\bpolesmokers\b,5
10742,\bsega\b,5
10743,\bsex,5
10744,\bshadowbane\b,5
10746,\bshiznit\b,5
10747,\bshortbus\b,5
10748,\btramps\b,5
10749,\berection\b,5
10750,\bsmoked\b,5
10751,\bsnowwhite\b,5
10752,\boral\b,5
10753,\bsperm,5
10754,\bpoop\b,5
10755,\bspluge\b,5
10756,\bsuck,5
10757,\bsupermario\b,5
10758,support,5
10759,\bsex\b,5
10760,\bsuppuku\b,5
10761,\bsirbong\b,5
10762,\bspank\b,5
10763,\bspeculum\b,5
10764,\bstreaker,5
10765,\btribadism\b,5
10766,\bupmybutthole\b,5
10767,\burinat,5
10768,\bvenereal\b,5
10769,\bvirgin\b,5
10770,\bwarslut\b,5
10771,\bwood\b,5
10772,\badvil\b,5
10773,\bamputee\b,5
10774,\bamtrak\b,5
10775,\banis\b,5
10776,\banolinctus\b,5
10777,\bantichrist\b,5
10778,\barathorn\b,5
10779,\barian\b,5
10780,\barsonist\b,5
10781,\bblackenstein\b,5
10782,\bblacksabbath\b,5
10783,\bbnet\b,5
10784,\bbootylicious\b,5
10785,\bbra\b,5
10786,\bchinaman\b,5
10787,\bchronik\b,5
10788,\bcolgate\b,5
10789,\bcoprophagy\b,5
10790,\bcrackhead\b,5
10791,\bdammit\b,5
10792,\bdarky\b,5
10793,\bdarvocet\b,5
10794,\bdatabasesys\b,5
10795,\bdeckardcain\b,5
10796,\bdr\b,5
10797,\bdukeofwhales\b,5
10798,\bdumbass\b,5
10799,\becstasy\b,5
10800,\bensign\b,5
10801,\bfcuk\b,5
10802,\bferrari\b,5
10803,\bfetus,5
10804,\bfockerz\b,5
10805,\bfooker\b,5
10806,cunt\b,5
10807,\bghandi\b,5
10808,\bgofukyorself\b,5
10809,\bgonadian\b,5
10810,\bgoochgravy\b,5
10811,\bgookenator\b,5
10812,\bhemplock\b,5
10813,\bherpies\b,5
10814,\bhomoerectus\b,5
10815,\bhore\b,5
10816,\bhotdamn\b,5
10817,\bhungelf\b,5
10818,\bindian\b,5
10819,\birapekids\b,5
10820,\bironchef\b,5
10821,\bjc\b,5
10822,\bjedi\b,5
10823,\b[gj]en[ao]cide\b,5
10824,\bjugs\b,5
10825,\bklismaphilia\b,5
10826,\bkokigami\b,5
10827,\bkoon\b,5
10828,\bkosherpork\b,5
10829,\blardass\b,5
10830,\blaurabush\b,5
10831,\bmarlboroman\b,5
10832,\bmasterbaiter\b,5
10833,\bmaxipad\b,5
10834,\bmenstrual\b,5
10835,\bmhz\b,5
10836,\bmichaeljack\b,5
10837,bastard\b,5
10838,\bmisogynist\b,5
10839,\bmister\b,5
10840,\bmr\b,5
10841,\bnarcoticus\b,5
10842,\bnigahh\b,5
10843,\bnpc,5
10844,\bnug\b,5
10845,\bnunriggers\b,5
10846,\bnwa\b,5
10847,\bomgwtf\b,5
10848,\bopiate,5
10849,\boreos\b,5
10850,\bovaltine\b,5
10851,\bpapsmear\b,5
10852,\bpederasty\b,5
10853,\bpenthouse\b,5
10854,\bpimp,5
10855,\bpinktaco\b,5
10856,mofo\b,5
10857,\bpoomaster\b,5
10858,\bpoonjuice\b,5
10859,\bpoop,5
10860,\bpwnzor\b,5
10861,\bquadoushka\b,5
10862,\br.*nad[ae]r\b,5
10863,\bstud\b,5
10864,\bsubmissive\b,5
10865,\bswiftnuggs\b,5
10867,\buglynig\b,5
10868,\bswastika\b,5
10869,\bsybian\b,5
10870,\btoeofcamel\b,5
10871,\btokyorose\b,5
10872,\burmama\b,5
10873,\bvoltron\b,5
10874,\bwangmaster\b,5
10875,\bwanker\b,5
10876,\bwetdream\b,5
10878,\bwigger\b,5
10879,\bwilliamhung\b,5
10880,\bwindex\b,5
10881,\bwitchking\b,5
10882,\bx.*x\b,5
10883,\byosemitesam\b,5
10884,\byouranus\b,5
10885,\bzoolander\b,5
10886,condom\b,5
10887,jebus\b,5
10888,\bkosher,5
10889,menstrual,5
10890,sexy,5
10891,\bbestiality\b,5
10892,\bbizzle\b,5
10894,\bblackie\b,5
10895,\bbloodyhell\b,5
10896,\bblow\b,5
10897,\bblunt\b,5
10898,\bbollocks\b,5
10899,\bboobs,5
10900,\bboofer\b,5
10901,\bbourbon\b,5
10902,\bbrazuca\b,5
10903,\bbreast,5
10904,\bbudda\b,5
10905,\bbuddahead\b,5
10906,\bbudlight\b,5
10907,\bbudweiser\b,5
10908,\bbugger\b,5
10909,\bbustydusty\b,5
10910,\bbutt\b,5
10911,\bbuttman\b,5
10912,\bcandyandes\b,5
10913,\bcaucazoid\b,5
10914,\bcawk\b,5
10915,\bfu[ck]+[aeiou]+,5
11865,\bcervesa\b,1
11866,\bchampagne\b,1
11867,\bchaseylain\b,1
11868,\bcheeba\b,1
11869,\bcherokee \b,1
11870,\bchino\b,1
11871,\bchloejones \b,1
11872,\bchristilake\b,1
11873,\bchrisward \b,1
11874,\bcocostarfish\b,1
11875,\bcognac\b,1
11876,\bcootch\b,1
11877,\bcooter\b,1
11878,\bcopulate\b,1
11879,\bcornholes\b,1
11880,\bcorona\b,1
11881,\bcrack\b,1
11882,\bcracker\b,1
11883,\bcrap\b,1
11884,\bdamned\b,1
11885,\bdank\b,1
11886,\bdeancoulter\b,1
11887,\bdebidiamond \b,1
11888,\bdeepthroat\b,1
11889,\bdevinderay \b,1
11890,\bdianazyle \b,1
11891,\bdietpills\b,1
11892,\bdirtysanchez\b,1
11893,\bditavontease\b,1
11894,\bdoggystyle\b,1
11895,\bdope\b,1
11896,\bduckbutter\b,1
11897,\becstacy\b,1
11898,\bedpowers \b,1
11899,\beggplant\b,1
11900,\bericaboyer \b,1
11901,\bextasy\b,1
11902,\bfacial\b,1
11903,\bfluffer\b,1
11904,\bfornicat,1
11905,\bfreebase\b,1
11906,\bfusck,1
11907,\bfux,1
11908,\bgagepowers\b,1
11909,\bgew\b,1
11910,\bghb\b,1
11911,\bghetto\b,1
11912,\bgingerhill\b,1
11913,\bgloryhole\b,1
11914,\bgoldschlager\b,1
11915,\bgoombah\b,1
11916,\bgranddragon\b,1
11917,\bgreaseball\b,1
11918,\bgreaser\b,1
11919,\bgspot\b,1
11920,\bguiness\b,1
11921,\bgunja\b,1
11922,\bhandjob\b,1
11923,\bhash\b,1
11924,\bheaddoctor\b,1
11925,\bheidifleiss\b,1
11926,\bhmo\b,1
11927,\bhonky\b,1
11928,\bhoodrat\b,1
11929,\bhookah\b,1
11930,\bhorney\b,1
11931,\bhustler\b,1
11932,\binarivachs\b,1
11933,\bj.*bobbit\b,1
11934,\bj.*holmes\b,1
11935,\bjackdaniels\b,1
11936,\bjadeeast\b,1
11937,\bjadehsu \b,1
11938,\bjadestclair\b,1
11939,\bjagermeister\b,1
11940,\bjanacova\b,1
11941,\bjennahaze\b,1
11942,\bjennajameson\b,1
11943,\bjenteal\b,1
11944,\bjessicadee\b,1
11945,\bjeweldenyle\b,1
11946,\bjillkelly\b,1
11947,\bjimbeam\b,1
11948,\bjosecuervo\b,1
11949,\bjuliashton\b,1
11950,\bkaradavis\b,1
11951,\bkeef\b,1
11952,\bkif\b,1
11953,\bkikkityler \b,1
11954,\bkobetai\b,1
11955,\bkooter\b,1
11956,\bkrystalsteal\b,1
11957,\bkyke\b,1
11958,\bkylacole\b,1
11959,\bkylieireland\b,1
11960,\blancegear \b,1
11961,\blarryflynt\b,1
11962,\blecher\b,1
11963,\bliquidx\b,1
11964,\bloloferrari\b,1
11965,\blong.*dong\b,1
11966,\bludes\b,1
11967,\blunalane\b,1
11968,\bmaltliquor\b,1
11969,\bmariacheca\b,1
11970,\bmariatakagi\b,1
11971,\bmarisadiaz \b,1
11972,\bmarkdalton  \b,1
11973,\bmarkwolff \b,1
11974,\bmarycarey \b,1
11975,\bmayate\b,1
11976,\bmeatwad\b,1
11977,\bmethhead\b,1
11978,\bmethmonster\b,1
11979,\bmikolee\b,1
11980,\bmimimiyagi\b,1
11981,\bmoneyshot\b,1
11982,\bmuff\b,1
11983,\bmushrooms\b,1
11984,\bnickelbag\b,1
11985,\bnikkibenz\b,1
11986,\bnikkidial\b,1
11987,\bnip\b,1
11988,\bnizzle\b,1
11989,\bnubian,1
11990,\bnympho\b,1
11991,\bobsession\b,1
11992,\bopiate\b,1
11993,\borgy\b,1
11994,\bpanties\b,1
11995,\bpecker\b,1
11996,\bpeternorth\b,1
11997,\bpissedoff\b,1
11998,\bpissoff\b,1
11999,\bpornstar\b,1
12000,\bprepubescent\b,1
12001,\bprick\b,1
12002,\bpube\b,1
12003,\bpunjab\b,1
12004,\bpunkass\b,1
12005,\bpusse\b,1
12006,\brandywest\b,1
12007,\brebeccalord\b,1
12008,\brebeccaporn\b,1
12009,\bredneck\b,1
12010,\breneelarue\b,1
12011,\bricer\b,1
12012,\brustytrumpet\b,1
12013,\bryanconner \b,1
12014,\bryanwagner \b,1
12015,\bsarastjames \b,1
12016,\btosser\b,1
12017,\btossingsalad\b,1
12018,\btosssalad\b,1
12019,\btraceyadams\b,1
12020,\btracilords\b,1
12021,\btranny\b,1
12022,\bttboy\b,1
12023,\btyfox\b,1
12024,\btylerfaith\b,1
12025,\burethra\b,1
12026,\bveronicahart\b,1
12027,\bwankoff\b,1
12028,\bweed\b,1
12029,\bwej\b,1
12030,\bwench\b,1
12031,\bwildturkey\b,1
12032,hefner\b,1
12033,snatch\b,1
12034,vagina\b,1
12035,\bannaslut\b,1
12036,\basiacarrera\b,1
12037,\baurorasnow\b,1
12038,\bbacardi\b,1
12039,\bbeaner\b,1
12040,\bbeanlicker\b,1
12041,\bscat\b,1
12042,\bscatology\b,1
12043,\bschlong,1
12044,\bschnapps\b,1
12045,\bschoolboy,1
12046,\bselenasteele\b,1
12047,\bsexy\b,1
12048,\bseymorebutts\b,1
12049,\bsheethead\b,1
12050,\bsherriangel\b,1
12051,\bshizzle\b,1
12052,\bshlong\b,1
12053,\bshmegma\b,1
12054,\bshrooms\b,1
12055,\bskeet\b,1
12056,\bskeetskeet\b,1
12057,\bvagina,1
12058,\badulteress\b,1
12059,\badulterous\b,1
12060,\badultery\b,1
12061,\badultsonly\b,1
12062,\bagentorange\b,1
12063,\baids\b,1
12064,\bal[ck]ohol,1
12065,\balecpowers\b,1
12066,\balexwilcox\b,1
12067,\bamaretto\b,1
12068,\banal\b,1
12069,\bangeladevi\b,1
12070,\bangeldust\b,1
12071,\banglo\b,1
12072,\banheiser\b,1
12073,\bannamalle\b,1
12074,\bbeer\b,1
12075,\berzengel\b,1
12076,könig\b,1
12077,\beomer\b,1
12078,butthhead,1
12079,\bslope\b,1
12080,\bsmack\b,1
12081,\bsmut\b,1
12083,\bsodomize\b,1
12084,\bsodomy\b,1
12085,\bspeedball\b,1
12086,\bspew\b,1
12087,\bspreadeagle\b,1
12088,\bspunk\b,1
12089,\bstd\b,1
12090,\bsunsetthomas\b,1
12091,\bsylviasaint\b,1
12092,\bteet[sz]\b,1
12093,\btequila\b,1
12094,\bterapatrick\b,1
12095,\bthc\b,1
12096,\btiabella\b,1
12097,\btoadlicker\b,1
12098,\btoak\b,1
12099,\btoke\b,1
12100,\btombyron\b,1
12101,\btommycruise\b,1
12102,\btonyzerega\b,1
12103,\btossalad\b,1
12104,\bvibrator\b,1
12105,\bvincevouyer\b,1
12107,\bvulva\b,1
12108,\bw[ei]+n[ei]+r\b,1
12109,\bwank\b,1
12110,\bwhackoff\b,1
12111,\bwhiskey\b,1
12112,\bwillclark\b,1
12113,\byellow\b,1
12114,\bzigzag\b,1
12115,aryan\b,1
12116,\bacclaim\b,1
12117,\bamongoe,1
12118,\banabolica\b,1
12119,\banalpunisher\b,1
12120,nazi\b,1
12121,\banth?rax\b,1
12122,\bblasehase\b,1
12123,\bbotox\b,1
12124,\bbueckstueck\b,1
12125,\bbumsnudel\b,1
12126,\bcairne\b,1
12127,\bchristkind\b,1
12128,\bcrackdealer\b,1
12129,king\b,1
12130,\bdarthjedi\b,1
12131,\bdenethor\b,1
12132,\bderneger\b,1
12133,\bdiedroge\b,1
12134,\bdollybuster\b,1
12135,\bdonpeperulez\b,1
12136,\bdopecheffe\b,1
12137,\bduke,1
12139,sucker\b,1
12140,\bebola\b,1
12141,\beichelkäse\b,1
12142,f[ue]+rst\b,1
12143,muschi\b,1
12144,\beternalhoden\b,1
12145,\beuthanasie\b,1
12146,\bfick,1
12147,luder\b,1
12148,kacke\b,1
12149,\bfotz,1
12150,tussi\b,1
12151,\bfrodobeutlin\b,1
12152,\bfrozenthrone\b,1
12153,\bgandhi\b,1
12154,\bganja,1
12155,\bgayoverlord\b,1
12156,\bgeilebraut\b,1
12157,\bginawild\b,1
12158,\bgoebbels\b,1
12159,\bgott\b,1
12160,\bgraftaliban\b,1
12161,\bhägar\b,1
12162,\bhanfernte\b,1
12163,\bheiland\b,1
12164,\bhendrix\b,1
12165,\bheroin,1
12166,\bhordenhure\b,1
12167,porno\b,1
12168,\b[gk]adafi\b,1
12169,\bkiffer,1
12170,\bkleineralki\b,1
12171,\bkleinerfurz\b,1
12172,\bklitori,1
12173,ficker\b,1
12174,\bkpd\b,1
12175,\bkruppstahl\b,1
12176,\bmariuhanna\b,1
12178,\bmeisteryoda\b,1
12179,\bmengele\b,1
12180,fick\b,1
12181,\bmichaelmyers\b,1
12182,\bmilkahase\b,1
12183,\bmilkakuh\b,1
12184,\bmistst[ue]+ck\b,1
12185,\bmoesen,1
12186,\bmöse,1
12187,\bmuschi,1
12188,\bnachgeburt\b,1
12189,\bnazghul\b,1
12190,\bnegerin\b,1
12191,\bnikoleinchen\b,1
12192,\bonkeltom\b,1
12193,\bpimmel,1
12194,\bpimper,1
12195,\bpommespapst\b,1
12196,\bpopobumser\b,1
12197,\bporno,1
12198,\bprincess,1
12199,\bprinz\b,1
12200,\brammstein\b,1
12201,\brasputin\b,1
12202,\bredbull\b,1
12203,\brichthofen\b,1
12204,\bsarin\b,1
12205,\bschlampe,1
12206,\bschwanz,1
12207,\bsith\b,1
12208,\bsmeagol\b,1
12209,\bsohngottes\b,1
12210,\bspikelee\b,1
12211,\bsplintercell\b,1
12212,\bsuicide\b,1
12213,\bsuizidhoden\b,1
12214,\bterrortunte\b,1
12215,\btitanrosette\b,1
12216,\btittenmaus\b,1
12217,\btylerdurden\b,1
12218,\bvagimampf\b,1
12219,\bvanginus\b,1
12220,\bvotzentroll\b,1
12221,\bwarcrack\b,1
12222,\bwinnipuuh\b,1
12223,\bwixxoor\b,1
12224,\bwowdiablo\b,1
12225,\bxerox\b,1
12226,schlampe\b,1
12227,zipfe?l\b,1
12228,\bzuhälter,1
12229,\bzwergpimmel\b,1
12230,18년,1
12231,18놈,1
12232,\babsinthe\b,1
12233,18새끼,1
12234,\babsolut\b,1
12235,\bchink\b,1
12237,\bpussy,1
12238,\brape\b,1
12239,\baceofspades\b,1
12240,\bpusher,1
12241,\bchinks\b,1
12242,\bdikes\b,1
12243,\bdildos\b,1
12244,\bsativa\b,1
12245,\bindica\b,1
12246,\bskunkweed\b,1
12247,\bdike\b,1
12248,\braped\b,1
12249,\braping\b,1
12250,dong,1
12251,\bdyke\b,1
12252,\bmj\b,1
12253,\bdoobie\b,1
12254,\bstoner,1
12255,\bjunk[ie],1
12256,\bdefecat,1
12257,\balquaeda\b,1
12258,\bamerikkkan\b,1
12259,\bamphetamine\b,1
12260,\bejaculate\b,1
12261,\bscrotum,1
12262,\bfisting\b,1
12263,\barse,1
12264,\bcock,1
12265,\baryan,1
12266,\bbackdoor\b,1
12267,titt[iey]*s\b,1
12268,\bbi\b,1
12269,\bbigfatasscow\b,1
12270,bondage\b,1
12271,boobs\b,1
12272,breast\b,1
12273,\bbuttocks\b,1
12274,\b[ck]oitus,1
12275,\bcondom,1
12276,\bdahoe\b,1
12277,\bdamn\b,1
12278,\bdarkwanker\b,1
12279,\bdi[ae][rh]+ea,1
12280,dick\b,1
12281,\bdirtyho\b,1
12282,\bdomination\b,1
12283,\bdutch\b,1
12284,\benema\b,1
12285,\berotic,1
12286,jackass\b,1
12287,\bfacism\b,1
12288,\bfakeboobs\b,1
12289,\bfart\b,1
12290,\bfetish,1
12291,fetish\b,1
12292,\bfilthymuslim\b,1
12293,\bfocker\b,1
12294,\bforeplay\b,1
12295,\bforeskin\b,1
12296,\bfrottage\b,1
12297,\bfuk\b,1
12298,\bfukass\b,1
12300,\bgenital,1
12301,\bgenitals\b,1
12302,\bgigolo\b,1
12303,\bgonorrhea\b,1
12304,\bgrummz\b,1
12305,\bhairyhorny\b,1
12306,\bhardboob\b,1
12307,\bhentail\b,1
12308,\bhiv\b,1
12309,\bholocaust\b,1
12310,\bhorny\b,1
12311,\bhot\b,1
12312,\bj.*jameson\b,1
12313,\bkinky\b,1
12314,\bkraut\b,1
12315,\blesb\b,1
12316,\blesbian\b,1
12317,pussy\b,1
12318,\blingerie\b,1
12319,\bload\b,1
12320,\blube\b,1
12321,\blubricant\b,1
12322,\blust\b,1
12323,\bmaidenhead\b,1
12324,후장뚫어,1
12325,\basshole,1
12326,\bfingerbang\b,1
12327,\bgangbang\b,1
12328,\bgangrape\b,1
12329,\bjaps\b,1
12330,\bjizzing\b,1
12331,\bgizzing\b,1
12332,\bpussies\b,1
12333,\brapes\b,1
12334,\bsaladtosser\b,1
12335,\bfags\b,1
12336,boob,1
12337,\bbast[aeiou]rd,1
12338,\bbeastiality\b,1
12339,\bblowjob,1
12340,\bboffer\b,1
12341,\bclowjob\b,1
12342,\bdonkeypunch\b,1
12343,\bfawker\b,1
12344,\bfeces,1
12345,\bnipple,1
12346,nipples\b,1
12347,prostitute,1
12348,\bcoke\b,1
12349,\bmorphine\b,1
12350,\bnudity\b,1
12351,\bnuts\b,1
12352,\bpagan\b,1
12353,\bperv\b,1
12354,\bpervert\b,1
12355,\bphawk\b,1
12356,\bpiss\b,1
12357,\bplayboy\b,1
12358,\bplaygirl\b,1
12359,\bpolish\b,1
12360,\bprebubescent\b,1
12361,\bqueer\b,1
12362,\breich\b,1
12363,\br.*jeremy\b,1
12364,\bscrew\b,1
12365,\bseamen\b,1
12366,\bspreadmylegs\b,1
12367,\bstripper,1
12368,\bsuck\b,1
12369,\bsukkitdown\b,1
12370,\bswingers\b,1
12371,\bteabag,1
12372,\bterrorist\b,1
12373,\bthickbush\b,1
12374,\bthreesome\b,1
12375,\bsnatch,1
12376,\bupdabut\b,1
12377,\bvasect,1
12379,\bnegro,1
12380,\btinytits\b,1
12381,cock\b,1
12382,blowjob\b,1
12383,\btardpopsicle\b,1
12384,\burmom\b,1
12385,fag\b,1
12386,\bdick,1
12387,\bturdsplat\b,1
12388,\bchokeoncocks\b,1
12389,\blittlearse\b,1
12390,\bholybijesis\b,1
12391,\bniggs\b,1
12392,\bsacofricosis\b,1
12393,\bpolesmokers\b,1
12394,\bsega\b,1
12395,\bsex,1
12396,\bshadowbane\b,1
12398,\bshiznit\b,1
12399,\bshortbus\b,1
12400,\btramps\b,1
12401,\berection\b,1
12402,\bsmoked\b,1
12403,\bsnowwhite\b,1
12404,\boral\b,1
12405,\bsperm,1
12406,\bpoop\b,1
12407,\bspluge\b,1
12408,\bsuck,1
12409,\bsupermario\b,1
12410,support,1
12411,\bsex\b,1
12412,\bsuppuku\b,1
12413,\bsirbong\b,1
12414,\bspank\b,1
12415,\bspeculum\b,1
12416,\bstreaker,1
12417,\btribadism\b,1
12418,\bupmybutthole\b,1
12419,\burinat,1
12420,\bvenereal\b,1
12421,\bvirgin\b,1
12422,\bwarslut\b,1
12423,\bwood\b,1
12424,\badvil\b,1
12425,\bamputee\b,1
12426,\bamtrak\b,1
12427,\banis\b,1
12428,\banolinctus\b,1
12429,\bantichrist\b,1
12430,\barathorn\b,1
12431,\barian\b,1
12432,\barsonist\b,1
12433,\bblackenstein\b,1
12434,\bblacksabbath\b,1
12435,\bbnet\b,1
12436,\bbootylicious\b,1
12437,\bbra\b,1
12438,\bchinaman\b,1
12439,\bchronik\b,1
12440,\bcolgate\b,1
12441,\bcoprophagy\b,1
12442,\bcrackhead\b,1
12443,\bdammit\b,1
12444,\bdarky\b,1
12445,\bdarvocet\b,1
12446,\bdatabasesys\b,1
12447,\bdeckardcain\b,1
12448,\bdr\b,1
12449,\bdukeofwhales\b,1
12450,\bdumbass\b,1
12451,\becstasy\b,1
12452,\bensign\b,1
12453,\bfcuk\b,1
12454,\bferrari\b,1
12455,\bfetus,1
12456,\bfockerz\b,1
12457,\bfooker\b,1
12458,cunt\b,1
12459,\bghandi\b,1
12460,\bgofukyorself\b,1
12461,\bgonadian\b,1
12462,\bgoochgravy\b,1
12463,\bgookenator\b,1
12464,\bhemplock\b,1
12465,\bherpies\b,1
12466,\bhomoerectus\b,1
12467,\bhore\b,1
12468,\bhotdamn\b,1
12469,\bhungelf\b,1
12470,\bindian\b,1
12471,\birapekids\b,1
12472,\bironchef\b,1
12473,\bjc\b,1
12474,\bjedi\b,1
12475,\b[gj]en[ao]cide\b,1
12476,\bjugs\b,1
12477,\bklismaphilia\b,1
12478,\bkokigami\b,1
12479,\bkoon\b,1
12480,\bkosherpork\b,1
12481,\blardass\b,1
12482,\blaurabush\b,1
12483,\bmarlboroman\b,1
12484,\bmasterbaiter\b,1
12485,\bmaxipad\b,1
12486,\bmenstrual\b,1
12487,\bmhz\b,1
12488,\bmichaeljack\b,1
12489,bastard\b,1
12490,\bmisogynist\b,1
12491,\bmister\b,1
12492,\bmr\b,1
12493,\bnarcoticus\b,1
12494,\bnigahh\b,1
12495,\bnpc,1
12496,\bnug\b,1
12497,\bnunriggers\b,1
12498,\bnwa\b,1
12499,\bomgwtf\b,1
12500,\bopiate,1
12501,\boreos\b,1
12502,\bovaltine\b,1
12503,\bpapsmear\b,1
12504,\bpederasty\b,1
12505,\bpenthouse\b,1
12506,\bpimp,1
12507,\bpinktaco\b,1
12508,mofo\b,1
12509,\bpoomaster\b,1
12510,\bpoonjuice\b,1
12511,\bpoop,1
12512,\bpwnzor\b,1
12513,\bquadoushka\b,1
12514,\br.*nad[ae]r\b,1
12515,\bstud\b,1
12516,\bsubmissive\b,1
12517,\bswiftnuggs\b,1
12519,\buglynig\b,1
12520,\bswastika\b,1
12521,\bsybian\b,1
12522,\btoeofcamel\b,1
12523,\btokyorose\b,1
12524,\burmama\b,1
12525,\bvoltron\b,1
12526,\bwangmaster\b,1
12527,\bwanker\b,1
12528,\bwetdream\b,1
12530,\bwigger\b,1
12531,\bwilliamhung\b,1
12532,\bwindex\b,1
12533,\bwitchking\b,1
12534,\bx.*x\b,1
12535,\byosemitesam\b,1
12536,\byouranus\b,1
12537,\bzoolander\b,1
12538,condom\b,1
12539,jebus\b,1
12540,\bkosher,1
12541,menstrual,1
12542,sexy,1
12543,\bbestiality\b,1
12544,\bbizzle\b,1
12546,\bblackie\b,1
12547,\bbloodyhell\b,1
12548,\bblow\b,1
12549,\bblunt\b,1
12550,\bbollocks\b,1
12551,\bboobs,1
12552,\bboofer\b,1
12553,\bbourbon\b,1
12554,\bbrazuca\b,1
12555,\bbreast,1
12556,\bbudda\b,1
12557,\bbuddahead\b,1
12558,\bbudlight\b,1
12559,\bbudweiser\b,1
12560,\bbugger\b,1
12561,\bbustydusty\b,1
12562,\bbutt\b,1
12563,\bbuttman\b,1
12564,\bcandyandes\b,1
12565,\bcaucazoid\b,1
12566,\bcawk\b,1
12567,\bfu[ck]+[aeiou]+,1
13055,\bcervesa\b,6
13056,\bchampagne\b,6
13057,\bchaseylain\b,6
13058,\bcheeba\b,6
13059,\bcherokee \b,6
13060,\bchino\b,6
13061,\bchloejones \b,6
13062,\bchristilake\b,6
13063,\bchrisward \b,6
13064,\bcocostarfish\b,6
13065,\bcognac\b,6
13066,\bcootch\b,6
13067,\bcooter\b,6
13068,\bcopulate\b,6
13069,\bcornholes\b,6
13070,\bcorona\b,6
13071,\bcrack\b,6
13072,\bcracker\b,6
13073,\bcrap\b,6
13074,\bdamned\b,6
13075,\bdank\b,6
13076,\bdeancoulter\b,6
13077,\bdebidiamond \b,6
13078,\bdeepthroat\b,6
13079,\bdevinderay \b,6
13080,\bdianazyle \b,6
13081,\bdietpills\b,6
13082,\bdirtysanchez\b,6
13083,\bditavontease\b,6
13084,\bdoggystyle\b,6
13085,\bdope\b,6
13086,\bduckbutter\b,6
13087,\becstacy\b,6
13088,\bedpowers \b,6
13089,\beggplant\b,6
13090,\bericaboyer \b,6
13091,\bextasy\b,6
13092,\bfacial\b,6
13093,\bfluffer\b,6
13094,\bfornicat,6
13095,\bfreebase\b,6
13096,\bfusck,6
13097,\bfux,6
13098,\bgagepowers\b,6
13099,\bgew\b,6
13100,\bghb\b,6
13101,\bghetto\b,6
13102,\bgingerhill\b,6
13103,\bgloryhole\b,6
13104,\bgoldschlager\b,6
13105,\bgoombah\b,6
13106,\bgranddragon\b,6
13107,\bgreaseball\b,6
13108,\bgreaser\b,6
13109,\bgspot\b,6
13110,\bguiness\b,6
13111,\bgunja\b,6
13112,\bhandjob\b,6
13113,\bhash\b,6
13114,\bheaddoctor\b,6
13115,\bheidifleiss\b,6
13116,\bhmo\b,6
13117,\bhonky\b,6
13118,\bhoodrat\b,6
13119,\bhookah\b,6
13120,\bhorney\b,6
13121,\bhustler\b,6
13122,\binarivachs\b,6
13123,\bj.*bobbit\b,6
13124,\bj.*holmes\b,6
13125,\bjackdaniels\b,6
13126,\bjadeeast\b,6
13127,\bjadehsu \b,6
13128,\bjadestclair\b,6
13129,\bjagermeister\b,6
13130,\bjanacova\b,6
13131,\bjennahaze\b,6
13132,\bjennajameson\b,6
13133,\bjenteal\b,6
13134,\bjessicadee\b,6
13135,\bjeweldenyle\b,6
13136,\bjillkelly\b,6
13137,\bjimbeam\b,6
13138,\bjosecuervo\b,6
13139,\bjuliashton\b,6
13140,\bkaradavis\b,6
13141,\bkeef\b,6
13142,\bkif\b,6
13143,\bkikkityler \b,6
13144,\bkobetai\b,6
13145,\bkooter\b,6
13146,\bkrystalsteal\b,6
13147,\bkyke\b,6
13148,\bkylacole\b,6
13149,\bkylieireland\b,6
13150,\blancegear \b,6
13151,\blarryflynt\b,6
13152,\blecher\b,6
13153,\bliquidx\b,6
13154,\bloloferrari\b,6
13155,\blong.*dong\b,6
13156,\bludes\b,6
13157,\blunalane\b,6
13158,\bmaltliquor\b,6
13159,\bmariacheca\b,6
13160,\bmariatakagi\b,6
13161,\bmarisadiaz \b,6
13162,\bmarkdalton  \b,6
13163,\bmarkwolff \b,6
13164,\bmarycarey \b,6
13165,\bmayate\b,6
13166,\bmeatwad\b,6
13167,\bmethhead\b,6
13168,\bmethmonster\b,6
13169,\bmikolee\b,6
13170,\bmimimiyagi\b,6
13171,\bmoneyshot\b,6
13172,\bmuff\b,6
13173,\bmushrooms\b,6
13174,\bnickelbag\b,6
13175,\bnikkibenz\b,6
13176,\bnikkidial\b,6
13177,\bnip\b,6
13178,\bnizzle\b,6
13179,\bnubian,6
13180,\bnympho\b,6
13181,\bobsession\b,6
13182,\bopiate\b,6
13183,\borgy\b,6
13184,\bpanties\b,6
13185,\bpecker\b,6
13186,\bpeternorth\b,6
13187,\bpissedoff\b,6
13188,\bpissoff\b,6
13189,\bpornstar\b,6
13190,\bprepubescent\b,6
13191,\bprick\b,6
13192,\bpube\b,6
13193,\bpunjab\b,6
13194,\bpunkass\b,6
13195,\bpusse\b,6
13196,\brandywest\b,6
13197,\brebeccalord\b,6
13198,\brebeccaporn\b,6
13199,\bredneck\b,6
13200,\breneelarue\b,6
13201,\bricer\b,6
13202,\brustytrumpet\b,6
13203,\bryanconner \b,6
13204,\bryanwagner \b,6
13205,\bsarastjames \b,6
13206,\btosser\b,6
13207,\btossingsalad\b,6
13208,\btosssalad\b,6
13209,\btraceyadams\b,6
13210,\btracilords\b,6
13211,\btranny\b,6
13212,\bttboy\b,6
13213,\btyfox\b,6
13214,\btylerfaith\b,6
13215,\burethra\b,6
13216,\bveronicahart\b,6
13217,\bwankoff\b,6
13218,\bweed\b,6
13219,\bwej\b,6
13220,\bwench\b,6
13221,\bwildturkey\b,6
13222,hefner\b,6
13223,snatch\b,6
13224,vagina,6
13225,\bannaslut\b,6
13226,\basiacarrera\b,6
13227,\baurorasnow\b,6
13228,\bbacardi\b,6
13229,\bbeaner\b,6
13230,\bbeanlicker\b,6
13231,\bscat\b,6
13232,\bscatology\b,6
13233,\bschlong,6
13234,\bschnapps\b,6
13235,\bschoolboy,6
13236,\bselenasteele\b,6
13237,\bsexy\b,6
13238,\bseymorebutts\b,6
13239,\bsheethead\b,6
13240,\bsherriangel\b,6
13241,\bshizzle\b,6
13242,\bshlong\b,6
13243,\bshmegma\b,6
13244,\bshrooms\b,6
13245,\bskeet\b,6
13246,\bskeetskeet\b,6
13247,\badulteress\b,6
13248,\badulterous\b,6
13249,\badultery\b,6
13250,\badultsonly\b,6
13251,\bagentorange\b,6
13252,\baids\b,6
13253,\bal[ck]ohol,6
13254,\balecpowers\b,6
13255,\balexwilcox\b,6
13256,\bamaretto\b,6
13257,\banal\b,6
13258,\bangeladevi\b,6
13259,\bangeldust\b,6
13260,\banglo\b,6
13261,\banheiser\b,6
13262,\bannamalle\b,6
13263,\bbeer\b,6
13264,\berzengel\b,6
13265,könig\b,6
13266,\beomer\b,6
13267,butthhead,6
13268,\bslope\b,6
13269,\bsmack\b,6
13270,\bsmut\b,6
13272,\bsodomize\b,6
13273,\bsodomy\b,6
13274,\bspeedball\b,6
13275,\bspew\b,6
13276,\bspreadeagle\b,6
13277,\bspunk\b,6
13278,\bstd\b,6
13279,\bsunsetthomas\b,6
13280,\bsylviasaint\b,6
13281,\bteet[sz]\b,6
13282,\btequila\b,6
13283,\bterapatrick\b,6
13284,\bthc\b,6
13285,\btiabella\b,6
13286,\btoadlicker\b,6
13287,\btoak\b,6
13288,\btoke\b,6
13289,\btombyron\b,6
13290,\btommycruise\b,6
13291,\btonyzerega\b,6
13292,\btossalad\b,6
13293,\bvibrator\b,6
13294,\bvincevouyer\b,6
13296,\bvulva\b,6
13297,\bw[ei]+n[ei]+r\b,6
13298,\bwank\b,6
13299,\bwhackoff\b,6
13300,\bwhiskey\b,6
13301,\bwillclark\b,6
13302,\byellow\b,6
13303,\bzigzag\b,6
13304,aryan\b,6
13305,\bacclaim\b,6
13306,\bamongoe,6
13307,\banabolica\b,6
13308,\banalpunisher\b,6
13309,nazi\b,6
13310,\banth?rax\b,6
13311,\bblasehase\b,6
13312,\bbotox\b,6
13313,\bbueckstueck\b,6
13314,\bbumsnudel\b,6
13315,\bcairne\b,6
13316,\bchristkind\b,6
13317,\bcrackdealer\b,6
13318,king\b,6
13319,\bdarthjedi\b,6
13320,\bdenethor\b,6
13321,\bderneger\b,6
13322,\bdiedroge\b,6
13323,\bdollybuster\b,6
13324,\bdonpeperulez\b,6
13325,\bdopecheffe\b,6
13326,\bduke,6
13328,sucker\b,6
13329,\bebola\b,6
13330,\beichelkäse\b,6
13331,f[ue]+rst\b,6
13332,muschi\b,6
13333,\beternalhoden\b,6
13334,\beuthanasie\b,6
13335,\bfick,6
13336,luder\b,6
13337,kacke\b,6
13338,\bfotz,6
13339,tussi\b,6
13340,\bfrodobeutlin\b,6
13341,\bfrozenthrone\b,6
13342,\bgandhi\b,6
13343,\bganja,6
13344,\bgayoverlord\b,6
13345,\bgeilebraut\b,6
13346,\bginawild\b,6
13347,\bgoebbels\b,6
13348,\bgott\b,6
13349,\bgraftaliban\b,6
13350,\bhägar\b,6
13351,\bhanfernte\b,6
13352,\bheiland\b,6
13353,\bhendrix\b,6
13354,\bheroin,6
13355,\bhordenhure\b,6
13356,porno\b,6
13357,\b[gk]adafi\b,6
13358,\bkiffer,6
13359,\bkleineralki\b,6
13360,\bkleinerfurz\b,6
13361,\bklitori,6
13362,ficker\b,6
13363,\bkpd\b,6
13364,\bkruppstahl\b,6
13365,\bmariuhanna\b,6
13367,\bmeisteryoda\b,6
13368,\bmengele\b,6
13369,fick\b,6
13370,\bmichaelmyers\b,6
13371,\bmilkahase\b,6
13372,\bmilkakuh\b,6
13373,\bmistst[ue]+ck\b,6
13374,\bmoesen,6
13375,\bmöse,6
13376,\bmuschi,6
13377,\bnachgeburt\b,6
13378,\bnazghul\b,6
13379,\bnegerin\b,6
13380,\bnikoleinchen\b,6
13381,\bonkeltom\b,6
13382,\bpimmel,6
13383,\bpimper,6
13384,\bpommespapst\b,6
13385,\bpopobumser\b,6
13386,\bporno,6
13387,\bprincess,6
13388,\bprinz\b,6
13389,\brammstein\b,6
13390,\brasputin\b,6
13391,\bredbull\b,6
13392,\brichthofen\b,6
13393,\bsarin\b,6
13394,\bschlampe,6
13395,\bschwanz,6
13396,\bsith\b,6
13397,\bsmeagol\b,6
13398,\bsohngottes\b,6
13399,\bspikelee\b,6
13400,\bsplintercell\b,6
13401,\bsuicide\b,6
13402,\bsuizidhoden\b,6
13403,\bterrortunte\b,6
13404,\btitanrosette\b,6
13405,\btittenmaus\b,6
13406,\btylerdurden\b,6
13407,\bvagimampf\b,6
13408,\bvanginus\b,6
13409,\bvotzentroll\b,6
13410,\bwarcrack\b,6
13411,\bwinnipuuh\b,6
13412,\bwixxoor\b,6
13413,\bwowdiablo\b,6
13414,\bxerox\b,6
13415,schlampe\b,6
13416,zipfe?l\b,6
13417,\bzuhälter,6
13418,\bzwergpimmel\b,6
13419,\babsinthe\b,6
13420,\babsolut\b,6
13421,\bchink\b,6
13423,\bpussy,6
13424,\brape\b,6
13425,\baceofspades\b,6
13426,\bpusher,6
13427,\bchinks\b,6
13428,\bdikes\b,6
13429,\bdildos\b,6
13430,\bsativa\b,6
13431,\bindica\b,6
13432,\bskunkweed\b,6
13433,\bdike\b,6
13434,\braped\b,6
13435,\braping\b,6
13436,dong,6
13437,\bdyke\b,6
13438,\bmj\b,6
13439,\bdoobie\b,6
13440,\bstoner,6
13441,\bjunk[ie],6
13442,\bdefecat,6
13443,\balquaeda\b,6
13444,\bamerikkkan\b,6
13445,\bamphetamine\b,6
13446,\bejaculate\b,6
13447,\bscrotum,6
13448,\bfisting\b,6
13449,\barse,6
13450,\bcock,6
13451,\baryan,6
13452,\bbackdoor\b,6
13453,titt[iey]*s\b,6
13454,\bbi\b,6
13455,\bbigfatasscow\b,6
13456,bondage\b,6
13457,boobs\b,6
13458,breast\b,6
13459,\bbuttocks\b,6
13460,\b[ck]oitus,6
13461,\bcondom,6
13462,\bdahoe\b,6
13463,\bdamn\b,6
13464,\bdarkwanker\b,6
13465,\bdi[ae][rh]+ea,6
13466,dick\b,6
13467,\bdirtyho\b,6
13468,\bdomination\b,6
13469,\bdutch\b,6
13470,\benema\b,6
13471,\berotic,6
13472,jackass\b,6
13473,\bfacism\b,6
13474,\bfakeboobs\b,6
13475,\bfart\b,6
13476,\bfetish,6
13477,fetish\b,6
13478,\bfilthymuslim\b,6
13479,\bfocker\b,6
13480,\bforeplay\b,6
13481,\bforeskin\b,6
13482,\bfrottage\b,6
13483,\bfuk\b,6
13484,\bfukass\b,6
13486,\bgenital,6
13487,\bgenitals\b,6
13488,\bgigolo\b,6
13489,\bgonorrhea\b,6
13490,\bgrummz\b,6
13491,\bhairyhorny\b,6
13492,\bhardboob\b,6
13493,\bhentail\b,6
13494,\bhiv\b,6
13495,\bholocaust\b,6
13496,\bhorny\b,6
13497,\bhot\b,6
13498,\bj.*jameson\b,6
13499,\bkinky\b,6
13500,\bkraut\b,6
13501,\blesb\b,6
13502,\blesbian\b,6
13503,pussy\b,6
13504,\blingerie\b,6
13505,\bload\b,6
13506,\blube\b,6
13507,\blubricant\b,6
13508,\blust\b,6
13509,\bmaidenhead\b,6
13510,후장뚫어,6
13511,\basshole,6
13512,\bfingerbang\b,6
13513,\bgangbang\b,6
13514,\bgangrape\b,6
13515,\bjaps\b,6
13516,\bjizzing\b,6
13517,\bgizzing\b,6
13518,\bpussies\b,6
13519,\brapes\b,6
13520,\bsaladtosser\b,6
13521,\bfags\b,6
13522,boob,6
13523,\bbast[aeiou]rd,6
13524,\bbeastiality\b,6
13525,\bblowjob,6
13526,\bboffer\b,6
13527,\bclowjob\b,6
13528,\bdonkeypunch\b,6
13529,\bfawker\b,6
13530,\bfeces,6
13531,\bnipple,6
13532,nipples\b,6
13533,prostitute,6
13534,\bcoke\b,6
13535,\bmorphine\b,6
13536,\bnudity\b,6
13537,\bnuts\b,6
13538,\bpagan\b,6
13539,\bperv\b,6
13540,\bpervert\b,6
13541,\bphawk\b,6
13542,\bpiss\b,6
13543,\bplayboy\b,6
13544,\bplaygirl\b,6
13545,\bpolish\b,6
13546,\bprebubescent\b,6
13547,\bqueer\b,6
13548,\breich\b,6
13549,\br.*jeremy\b,6
13550,\bscrew\b,6
13551,\bseamen\b,6
13552,\bspreadmylegs\b,6
13553,\bstripper,6
13554,\bsuck\b,6
13555,\bsukkitdown\b,6
13556,\bswingers\b,6
13557,\bteabag,6
13558,\bterrorist\b,6
13559,\bthickbush\b,6
13560,\bthreesome\b,6
13561,\bsnatch,6
13562,\bupdabut\b,6
13563,\bvasect,6
13565,\bnegro,6
13566,\btinytits\b,6
13567,cock\b,6
13568,blowjob\b,6
13569,\btardpopsicle\b,6
13570,\burmom\b,6
13571,fag\b,6
13572,\bdick,6
13573,\bturdsplat\b,6
13574,\bchokeoncocks\b,6
13575,\blittlearse\b,6
13576,\bholybijesis\b,6
13577,\bniggs\b,6
13578,\bsacofricosis\b,6
13579,\bpolesmokers\b,6
13580,\bsega\b,6
13581,\bsex,6
13582,\bshadowbane\b,6
13584,\bshiznit\b,6
13585,\bshortbus\b,6
13586,\btramps\b,6
13587,\berection\b,6
13588,\bsmoked\b,6
13589,\bsnowwhite\b,6
13590,\boral\b,6
13591,\bsperm,6
13592,\bpoop\b,6
13593,\bspluge\b,6
13594,\bsuck,6
13595,\bsupermario\b,6
13596,support,6
13597,\bsex\b,6
13598,\bsuppuku\b,6
13599,\bsirbong\b,6
13600,\bspank\b,6
13601,\bspeculum\b,6
13602,\bstreaker,6
13603,\btribadism\b,6
13604,\bupmybutthole\b,6
13605,\burinat,6
13606,\bvenereal\b,6
13607,\bvirgin\b,6
13608,\bwarslut\b,6
13609,\bwood\b,6
13610,\badvil\b,6
13611,\bamputee\b,6
13612,\bamtrak\b,6
13613,\banis\b,6
13614,\banolinctus\b,6
13615,\bantichrist\b,6
13616,\barathorn\b,6
13617,\barian\b,6
13618,\barsonist\b,6
13619,\bblackenstein\b,6
13620,\bblacksabbath\b,6
13621,\bbnet\b,6
13622,\bbootylicious\b,6
13623,\bbra\b,6
13624,\bchinaman\b,6
13625,\bchronik\b,6
13626,\bcolgate\b,6
13627,\bcoprophagy\b,6
13628,\bcrackhead\b,6
13629,\bdammit\b,6
13630,\bdarky\b,6
13631,\bdarvocet\b,6
13632,\bdatabasesys\b,6
13633,\bdeckardcain\b,6
13634,\bdr\b,6
13635,\bdukeofwhales\b,6
13636,\bdumbass\b,6
13637,\becstasy\b,6
13638,\bensign\b,6
13639,\bfcuk\b,6
13640,\bferrari\b,6
13641,\bfetus,6
13642,\bfockerz\b,6
13643,\bfooker\b,6
13644,cunt\b,6
13645,\bghandi\b,6
13646,\bgofukyorself\b,6
13647,\bgonadian\b,6
13648,\bgoochgravy\b,6
13649,\bgookenator\b,6
13650,\bhemplock\b,6
13651,\bherpies\b,6
13652,\bhomoerectus\b,6
13653,\bhore\b,6
13654,\bhotdamn\b,6
13655,\bhungelf\b,6
13656,\bindian\b,6
13657,\birapekids\b,6
13658,\bironchef\b,6
13659,\bjc\b,6
13660,\bjedi\b,6
13661,\b[gj]en[ao]cide\b,6
13662,\bjugs\b,6
13663,\bklismaphilia\b,6
13664,\bkokigami\b,6
13665,\bkoon\b,6
13666,\bkosherpork\b,6
13667,\blardass\b,6
13668,\blaurabush\b,6
13669,\bmarlboroman\b,6
13670,\bmasterbaiter\b,6
13671,\bmaxipad\b,6
13672,\bmenstrual\b,6
13673,\bmhz\b,6
13674,\bmichaeljack\b,6
13675,bastard\b,6
13676,\bmisogynist\b,6
13677,\bmister\b,6
13678,\bmr\b,6
13679,\bnarcoticus\b,6
13680,\bnigahh\b,6
13681,\bnpc,6
13682,\bnug\b,6
13683,\bnunriggers\b,6
13684,\bnwa\b,6
13685,\bomgwtf\b,6
13686,\bopiate,6
13687,\boreos\b,6
13688,\bovaltine\b,6
13689,\bpapsmear\b,6
13690,\bpederasty\b,6
13691,\bpenthouse\b,6
13692,\bpimp,6
13693,\bpinktaco\b,6
13694,mofo\b,6
13695,\bpoomaster\b,6
13696,\bpoonjuice\b,6
13697,\bpoop,6
13698,\bpwnzor\b,6
13699,\bquadoushka\b,6
13700,\br.*nad[ae]r\b,6
13701,\bstud\b,6
13702,\bsubmissive\b,6
13703,\bswiftnuggs\b,6
13705,\buglynig\b,6
13706,\bswastika\b,6
13707,\bsybian\b,6
13708,\btoeofcamel\b,6
13709,\btokyorose\b,6
13710,\burmama\b,6
13711,\bvoltron\b,6
13712,\bwangmaster\b,6
13713,\bwanker\b,6
13714,\bwetdream\b,6
13716,\bwigger\b,6
13717,\bwilliamhung\b,6
13718,\bwindex\b,6
13719,\bwitchking\b,6
13720,\bx.*x\b,6
13721,\byosemitesam\b,6
13722,\byouranus\b,6
13723,\bzoolander\b,6
13724,condom\b,6
13725,jebus\b,6
13726,\bkosher,6
13727,menstrual,6
13728,sexy,6
13729,\bbestiality\b,6
13730,\bbizzle\b,6
13732,\bblackie\b,6
13733,\bbloodyhell\b,6
13734,\bblow\b,6
13735,\bblunt\b,6
13736,\bbollocks\b,6
13737,\bboobs,6
13738,\bboofer\b,6
13739,\bbourbon\b,6
13740,\bbrazuca\b,6
13741,\bbreast,6
13742,\bbudda\b,6
13743,\bbuddahead\b,6
13744,\bbudlight\b,6
13745,\bbudweiser\b,6
13746,\bbugger\b,6
13747,\bbustydusty\b,6
13748,\bbutt\b,6
13749,\bbuttman\b,6
13750,\bcandyandes\b,6
13751,\bcaucazoid\b,6
13752,\bcawk\b,6
13753,\bfu[ck]+[aeiou]+,6
13754,\bjod[eií],6
13755,mierda,6
13756,coño,6
13757,\b[gj]ilipo,6
13758,\bmeapilas\b,6
13759,\bcapull,6
13760,\bcabr[oó]n,6
13761,\bmari[cq],6
13762,\bpene,6
13763,polla,6
13764,\bpoya,6
13765,\bpinga\b,6
13766,\bpito,6
13767,\bva[gj]ina,6
13768,\blesbi,6
13769,\bminga\b,6
13770,\bput[aoó],6
13772,\bpaja\b,6
13773,\bpaji[lt],6
13774,\bnazi\b,6
13775,\bkkk\b,6
13776,\bescroto\b,6
13777,\bcoj[oó]n,6
13778,\bcorrer[mst],6
13779,\bcorri[eé]ndo[mst]e\b,6
13780,\beyacul,6
13781,\besperm,6
13782,\bmama[rd],6
13783,\bencula[rd],6
13784,\bculo\b,6
13785,\bviol[aó],6
13786,\bped[oó]f,6
13787,\bpederast,6
13789,\bculandr[oó]n\b,6
13790,\bsodomi,6
13791,\bsadomaso,6
13792,\bsudaca,6
13793,\bnegraco\b,6
13794,\bmoro\b,6
13795,\bmoros\b,6
13796,\bmoromierda\b,6
13797,\bjop[eu],6
13798,\bpo[lr]cul,6
13799,\bostia,6
13800,\bhostia,6
13801,\bcullons\b,6
13802,\bgabacho\b,6
13803,\bpringao\b,6
13804,\btont[ao],6
13805,\bmam[oó]n,6
13806,\bniñ[ao]t,6
13807,\bnenaza,6
13808,\bhomo\b,6
13809,choch[eio],6
13810,txotx[eio],6
13811,xox[eio],6
13812,\bmastur,6
13813,\bcl[ií]toris\b,6
13814,\bb[aá]lano\b,6
13815,\bprepucio\b,6
13816,\bhero[ií]na\b,6
13817,\bpellote\b,6
13818,\bhach[ií]s\b,6
13819,\bhatx[ií]s\b,6
13820,\bLSD\b,6
13821,\bcoca[ií]na\b,6
13822,\bp[uú]bis\b,6
13823,\bp[uú]bico\b,6
13826,\bfela[ct]i,6
13827,\bcunnilingus\b,6
13828,\bmari[hj]uana\b,6
13829,\bporro\b,6
13830,\bdesvirga,6
13831,\bhimen\b,6
13832,\bmeretriz\b,6
13833,\bprostituta\b,6
13834,\brohypnol\b,6
13835,\brugmunch,6
13836,nig+er\b,6
13838,\bsemen\b,6
13839,\bsexmachine\b,6
13840,\bslut\b,6
13841,\bslutmuffin\b,6
13842,\bsmegma\b,6
13843,\bspanishfly\b,6
13844,\bspics\b,6
13845,\bsquarehead\b,6
13846,\bstfu\b,6
13847,\bstrapon\b,6
13848,\btalliwhacker\b,6
13849,\btards\b,6
13850,\bteabagging\b,6
13851,\bthrobknobbin\b,6
13852,\bthunderfuck\b,6
13853,\btirdburglar,6
13854,\bturdburglars\b,6
13855,\btwatlick,6
13856,\btwats\b,6
13857,\btwatsuck,6
13858,\bviagra\b,6
13859,\bwhop\b,6
13860,\bzoophilia\b,6
13861,\bfagg[aeiouy]t,6
13862,\bpillowbiter,6
13863,\bpoohstab,6
13865,\bdildo\b,6
13866,\bheeb\b,6
13867,\bkike\b,6
13868,\bmudshark,6
13869,\bmooley\b,6
13870,\bnig+a,6
13871,\bjap\b,6
13872,feltch,6
13873,\bhomos\b,6
13874,\btittie,6
13875,\btits\b,6
13876,\bslamhound,6
13877,\bgutterslut\b,6
13878,\bcumguz,6
13879,\binjun\b,6
13880,\bgooch\b,6
13882,\bpothead,6
13883,shit,6
13884,\btwat\b,6
13885,\bassface\b,6
13886,\bnosecandy\b,6
13887,\btowelhead\b,6
13888,\bfudgepacker\b,6
13889,\bassmaster\b,6
13891,\bmilf\b,6
13892,\brumprang,6
13893,\bspic\b,6
13894,\bspick,6
13895,wetback,6
13896,\bqueef,6
13897,\bnig\b,6
13898,fagg[aeiouy]t\b,6
13899,\brapist\b,6
13900,\bgook\b,6
13901,\bpolesmok,6
13902,\bcracksmoker,6
13903,\bjism\b,6
13904,\bdingleberry\b,6
13905,\bmooncricket,6
13906,\bassman\b,6
13907,\bspearchuck,6
13908,\bhardon\b,6
13909,\bstiffy\b,6
13910,\bcumstain,6
13911,\bdunecoon\b,6
13912,\bbuttfloss\b,6
13913,\bpeckertracks\b,6
13914,\bcornhole\b,6
13915,\bwop\b,6
13916,\bcock\b,6
13917,\basspound,6
13918,\bbuttboy,6
13919,\bsploog,6
13920,\bmeatsword\b,6
13921,\bskinbat,6
13922,히로뽕,6
13924,\bzipperhead\b,6
13925,\bporchmonk,6
13926,\bjunglebunny\b,6
13927,\bjizz\b,6
13928,\bafricoon\b,6
13929,\baidsbearer\b,6
13930,\banalcumdrip\b,6
13931,\banaldoctor\b,6
13932,\baperape\b,6
13933,\bassbandit\b,6
13934,\bassbasher\b,6
13935,\basshunter\b,6
13936,\basskiss,6
13937,\basslick,6
13938,\bassram,6
13939,\bassrape,6
13940,\bbiotch\b,6
13941,\bblackanese\b,6
13942,\bblaxican\b,6
13943,\bblowjob\b,6
13944,\bblueball\b,6
13945,\bbonch\b,6
13946,\bboners\b,6
13947,nig+a\b,6
13948,\bbullshirt\b,6
13949,\bbuttbang\b,6
13950,\bbuttfucker,6
13951,\bbuttlick,6
13952,\bbuttmonkey\b,6
13953,\bbuttmunch,6
13954,\bbuttnugget,6
13955,\bbuttslam,6
13956,\bbuttstain\b,6
13957,\bcameljockey\b,6
13958,\bcann[aio]bis\b,6
13959,\bcarpetmuncher,6
13960,\bcheapwhore\b,6
13961,\bchinawhite\b,6
13962,\bchinko\b,6
13963,\bchoad\b,6
13964,\bcirclejerk\b,6
13965,\bcircumcise\b,6
13966,\bcocaine\b,6
13967,\bcocksucker\b,6
13968,\bcoon\b,6
13969,\bcracka\b,6
13970,\bcrackerass,6
13971,\bcrackpipe,6
13972,\bcreamtits\b,6
13973,\bcrystalmeth\b,6
13974,\bcumboy,6
13975,\bcumbubble,6
13976,\bcumbucket\b,6
13977,\bcumcatcher,6
13978,\bcumdumpster,6
13979,\bcumeater\b,6
13980,\bcumm\b,6
13981,\bcumonmyface\b,6
13982,\bcums\b,6
13983,\bcumshooter,6
13984,\bcumshot,6
13985,\bcumslot,6
13986,\bdankhoe\b,6
13987,\bdanknugg,6
13988,\bhashish\b,6
13989,\bheroin\b,6
13990,\bholywanker\b,6
13991,\bhonkey\b,6
13992,\bhornytauren\b,6
13993,\bhotslut\b,6
13994,\bhymen\b,6
13995,\bjackoff\b,6
13996,\bkikes\b,6
13997,\bkunt\b,6
13998,\blesbo\b,6
13999,\blongusdongus\b,6
14000,\blsd\b,6
14001,\bmangina\b,6
14002,\bmansatchel\b,6
14003,\bmarijuana\b,6
14004,\bmast[eu]rbat,6
14005,\bmeth\b,6
14007,\bmorningwood\b,6
14008,\bmonstercock,6
14009,\bmoulie\b,6
14010,\bmuffdiver,6
14011,\bnatzi\b,6
14012,\bnecrophil,6
14013,\bnegrolicious\b,6
14014,\bnegromancer\b,6
14015,\bnicklebag\b,6
14016,\bniglet,6
14017,\bnignog\b,6
14018,\bnigs\b,6
14019,\boface\b,6
14020,\bonanism\b,6
14021,\bopium\b,6
14022,\borgasm\b,6
14023,\bpcp\b,6
14024,\bpedophile\b,6
14025,\bpenis,6
14026,\bphugface\b,6
14027,\bpikajew\b,6
14028,\bpoontang\b,6
14029,\bporn\b,6
14030,\bpriapism\b,6
14031,\bpr[o0]n\b,6
14032,\bpudendum\b,6
14033,\bpussyfart,6
14034,\bpussylick,6
14035,\bpussystomp,6
14036,\bputo\b,6
14037,\bquaaludes\b,6
14038,\bqueers\b,6
14039,\bqweef\b,6
14040,\braghead\b,6
14041,\breefer\b,6
14042,\breggin\b,6
14043,\brimjob\b,6
14044,\bgizz\b,6
14045,\bcooze\b,6
14046,\bcumming\b,6
14047,\bboner\b,6
14049,\bbuttpirate,6
14050,\btitty,6
14051,\bpoostab,6
14052,fuck,6
14053,\bass\b,6
14054,bia?ts?ch,6
14055,\bclit,6
14056,\bcum\b,6
14057,\bcunt,6
14058,\bnig+er,6
14059,penis\b,6
14060,whore,6
14061,ㅈㄹ,6
14062,yuckfu,6
14063,yuckfou,6
14066,testicle,6
14067,tampon,6
14068,sphincter,6
14069,sperm,6
14070,phuck,6
14071,gangbang,6
14072,felch,6
14073,bukkake,6
14074,bukakke,6
14075,bukake,6
14076,\btwaty\b,6
14077,\btwatty\b,6
14078,\bturbanhead,6
14079,\btitsnass\b,6
14080,\btitnass\b,6
14081,\bsh[ie][ie]thead\b,6
14082,\bpeckerwood\b,6
14083,\bnegroid,6
14084,\bmooncricket\b,6
14085,\bkyke,6
14086,\bjigg,6
14087,\bjerkoff\b,6
14088,\bhentai\b,6
14089,\bgringo\b,6
14090,\bgoddamn,6
14091,\bgizm\b,6
14092,\bgism\b,6
14093,\bganja\b,6
14094,GMworker,6
14095,Offgamers,6
14096,Mysupersales,6
14097,Ezgaming,6
14098,itembay,6
14099,zlywy,6
14100,wowsupplier,6
14101,gmworkers,6
14102,thsale,6
14103,offgamers,6
14104,mysupersales,6
14105,igxe,6
14106,ezgaming,6
14107,\bwhitti?ey?\b,6
14108,\bfellatio,6
14109,\bfawk,6
14110,\bdimebag\b,6
14111,\bdickholster\b,6
14112,\bdiaperhead\b,6
14113,\bcunny\b,6
14114,\bbustanut\b,6
14115,\basshat\b,6
14116,\baryan\b,6
14117,\barsehole\b,6
14118,\barse\b,6
14119,\bamericunt\b,6
14120,\balphanigg,6
14121,\baggin\b,6
14122,\baftercum\b,6
14123,\b[e]jacul,2
14124,\b[e]r[e]ction\b,2
14125,\b[e]rotique,2
14126,\b[e]talon\b,2
14127,\b[gj][e]n[ao]cide\b,2
14128,\b[kc]a[sc]h[e]re?\b,2
14129,\badolescente?\b,2
14130,\badult[e]re\b,2
14132,\bal[ck]ool,2
14133,\bamph[e]tamine\b,2
14134,\bamput[e]e\?>,2
14135,\banale\b,2
14136,\bant[e]christ\b,2
14137,\barbi\b,2
14138,\baryen\b,2
14139,\bb[a]tard*,2
14140,\bba[nm]boula\b,2
14141,\bbeuze?\b,2
14142,\bbi[e]re\b,2
14143,\bbicot\b,2
14144,\bbite\b,2
14145,\bbl[e]n+or+agies?\b,2
14146,\bblanc\b,2
14147,\bboudda\b,2
14148,\bbouseux\b,2
14149,\bbranleu[rs]e?\b,2
14150,\bbrasdhonneur\b,2
14151,\bcaca\b,2
14152,\bcam[e]s?\b,2
14153,\bcan+ab+is\b,2
14154,\bcatin\b,2
14155,\bchanvre\b,2
14156,\bchatte\b,2
14157,\bchattemite\b,2
14158,\bchaud\b,2
14159,\bchaude\b,2
14160,\bchaudlapin\b,2
14161,\bchichon\b,2
14162,\bchinetoques?\b,2
14163,\bchinois\b,2
14164,\bchleu\b,2
14165,\bclitori,2
14166,\bcoca[i]ne\b,2
14167,\bcon\b,2
14168,\bcon+as+e\b,2
14169,\bconnard\b,2
14170,\bconne\b,2
14171,\bcoprophag*\b,2
14172,\bcopulat*\b,2
14173,\bcouilles?\b,2
14174,\bcr[a]ch[a]t\b,2
14175,\bcul\b,2
14176,\bculotte\b,2
14177,\bd[e]bauche\b,2
14178,\bd[e]f[e]cat,2
14179,\bderche\b,2
14181,\bdrogu[e]s?\b,2
14182,\bectasie\b,2
14183,\bencul,2
14184,\bextasie\b,2
14185,\bf[e]c[e]s\b,2
14186,\bfascime\b,2
14187,\bfellation\b,2
14188,\bfess[e]es?\b,2
14189,\bftichiste?\b,2
14190,\bfion\b,2
14191,\bfoetus\b,2
14192,\bfoutre\b,2
14194,\bg[e]nital\b,2
14195,\bg[e]nitaux\b,2
14196,\bgarce\b,2
14197,\bgeisha\b,2
14198,\bgodemich[e]t?\b,2
14199,\bh[e]roine?\b,2
14200,\bha[sc][sc]i[sc][sc]h\b,2
14201,\bhasch\b,2
14202,\bjaune\b,2
14203,\bjoint\b,2
14205,\bl[e]checul\b,2
14206,\blavement\b,2
14207,\blesbien*,2
14208,\blubrique\b,2
14209,\bluxure\b,2
14210,\bmac\b,2
14211,\bmaquereau\b,2
14212,\bmaquerelle\b,2
14213,\bmariejeanne\b,2
14214,\bmarijuana\b,2
14215,\bmasturb,2
14216,\bmenstrues\b,2
14217,\bmerde\b,2
14218,\bmicheton\b,2
14219,\bmichetonneuse\b,2
14220,\bminou\b,2
14221,\bmisogynes?\b,2
14222,\bmoricaude?\b,2
14223,\bmouk[e]re\b,2
14224,\bn[e]gre\b,2
14226,\bn[e]n[e]s?\b,2
14227,\bnarcotiques?\b,2
14228,\bnichons?\b,2
14229,\bnoir\b,2
14230,\bnudit[e]\b,2
14231,\bobs[e]d[e]s?\b,2
14232,\bopium\b,2
14233,\borgies?\b,2
14234,\bp[e]d[e]raste?\b,2
14236,\bp[e]tard\b,2
14237,\bp[e]tasse\b,2
14238,\bpa[i]en\b,2
14239,\bpartouze?\b,2
14240,\bpedzouille\b,2
14241,\bpervers\b,2
14242,\bpet\b,2
14243,\bphallus\b,2
14244,\bpipe\b,2
14245,\bpipi\b,2
14246,\bpisse\b,2
14247,\bpouffiasse\b,2
14248,\bpoule\b,2
14249,\bpr[e]adolescente?\b,2
14250,\bpr[e]liminaires?\b,2
14251,\bpr[e]puce\b,2
14252,\bpr[e]s[e]rvatif\b,2
14253,\bpriape\b,2
14254,\bprostitu[e][e]\b,2
14255,\bprout\b,2
14256,\bprox[e]n[e]te\b,2
14257,\bputain\b,2
14258,\bpute\b,2
14259,\bpyromane\b,2
14260,\bracoleuse\b,2
14261,\braton\b,2
14262,\broulure\b,2
14263,\bsadique\b,2
14264,\bsalau[td]\b,2
14265,\bsalope?\b,2
14266,\bscatologi*,2
14267,\bschnouff\b,2
14268,\bsein\b,2
14269,\bseppuku\b,2
14270,\bsexe\b,2
14271,\bshit\b,2
14272,\bsida\b,2
14273,\bsodomi*,2
14274,\bsoumise?\b,2
14275,\bsouteneur\b,2
14276,\bsperme\b,2
14277,\bstripteaseuse\b,2
14278,\bsuc[e]r?\b,2
14279,\bsucebite\b,2
14280,\bt[e]ton\b,2
14281,\btapineuse\b,2
14282,\btarp[e]\b,2
14283,\bterroriste\b,2
14284,\btesticules?\b,2
14285,\bteu[cs]hi?\b,2
14286,\btourpe?\b,2
14287,\btoxicomane\b,2
14288,\btra[i]n[e]e\b,2
14289,\btrimardeuse\b,2
14290,\btronedeglace\b,2
14291,\bturfeuse\b,2
14292,\burine*,2
14293,\bv[e]n[e]rien*,2
14294,\bvagin*,2
14295,\bvatefaire,2
14296,\bverge\b,2
14297,\bvice\b,2
14298,\bvierges?\b,2
14299,\bviole[e][sr]?\b,2
14300,\bvirginit[e]\b,2
14301,\bvit\b,2
14302,\bvulve\b,2
14303,\bzoophil,2
14304,\b[e]bola\b,2
14305,\bb[ie]nladen,2
14306,\bbou[ck]ak\b,2
14307,\bbougnoule?s?\b,2
14308,\bco[kc]*ain,2
14309,\bdutrou\b,2
14310,\bg[e]nocide\b,2
14311,\bh[yi]t*l*er\b,2
14312,\bhamas\b,2
14313,\bhesbo*la\b,2
14314,\bhiro[sc]hima\b,2
14315,\bholo[ckauo]ste?\b,2
14316,\bhomicide\b,2
14317,\bmes*rin\b,2
14318,\bnaga[sz]aki\b,2
14319,\bpogrom\b,2
14320,\bra[e]l\b,2
14321,\bshoa\b,2
14322,\bss\b,2
14323,\bstaline?\b,2
14324,\bviol\b,2
14325,ducul\b,2
14326,soutiengorge,2
14352,trannie,-1
14353,shemale,-1
14354,Homosexual,-1
14355,Heterosexual,-1
14356,\bHomo\b,-1
14357,\bHetero\b,-1
14443,\bcervesa\b,7
14444,\bchampagne\b,7
14445,\bchaseylain\b,7
14446,\bcheeba\b,7
14447,\bcherokee \b,7
14448,\bchino\b,7
14449,\bchloejones \b,7
14450,\bchristilake\b,7
14451,\bchrisward \b,7
14452,\bcocostarfish\b,7
14453,\bcognac\b,7
14454,\bcootch\b,7
14455,\bcooter\b,7
14456,\bcopulate\b,7
14457,\bcornholes\b,7
14458,\bcorona\b,7
14459,\bcrack\b,7
14460,\bcracker\b,7
14461,\bcrap\b,7
14462,\bdamned\b,7
14463,\bdank\b,7
14464,\bdeancoulter\b,7
14465,\bdebidiamond \b,7
14466,\bdeepthroat\b,7
14467,\bdevinderay \b,7
14468,\bdianazyle \b,7
14469,\bdietpills\b,7
14470,\bdirtysanchez\b,7
14471,\bditavontease\b,7
14472,\bdoggystyle\b,7
14473,\bdope\b,7
14474,\bduckbutter\b,7
14475,\becstacy\b,7
14476,\bedpowers \b,7
14477,\beggplant\b,7
14478,\bericaboyer \b,7
14479,\bextasy\b,7
14480,\bfacial\b,7
14481,\bfluffer\b,7
14482,\bfornicat,7
14483,\bfreebase\b,7
14484,\bfusck,7
14485,\bfux,7
14486,\bgagepowers\b,7
14487,\bgew\b,7
14488,\bghb\b,7
14489,\bghetto\b,7
14490,\bgingerhill\b,7
14491,\bgloryhole\b,7
14492,\bgoldschlager\b,7
14493,\bgoombah\b,7
14494,\bgranddragon\b,7
14495,\bgreaseball\b,7
14496,\bgreaser\b,7
14497,\bgspot\b,7
14498,\bguiness\b,7
14499,\bgunja\b,7
14500,\bhandjob\b,7
14501,\bhash\b,7
14502,\bheaddoctor\b,7
14503,\bheidifleiss\b,7
14504,\bhmo\b,7
14505,\bhonky\b,7
14506,\bhoodrat\b,7
14507,\bhookah\b,7
14508,\bhorney\b,7
14509,\bhustler\b,7
14510,\binarivachs\b,7
14511,\bj.*bobbit\b,7
14512,\bj.*holmes\b,7
14513,\bjackdaniels\b,7
14514,\bjadeeast\b,7
14515,\bjadehsu \b,7
14516,\bjadestclair\b,7
14517,\bjagermeister\b,7
14518,\bjanacova\b,7
14519,\bjennahaze\b,7
14520,\bjennajameson\b,7
14521,\bjenteal\b,7
14522,\bjessicadee\b,7
14523,\bjeweldenyle\b,7
14524,\bjillkelly\b,7
14525,\bjimbeam\b,7
14526,\bjosecuervo\b,7
14527,\bjuliashton\b,7
14528,\bkaradavis\b,7
14529,\bkeef\b,7
14530,\bkif\b,7
14531,\bkikkityler \b,7
14532,\bkobetai\b,7
14533,\bkooter\b,7
14534,\bkrystalsteal\b,7
14535,\bkyke\b,7
14536,\bkylacole\b,7
14537,\bkylieireland\b,7
14538,\blancegear \b,7
14539,\blarryflynt\b,7
14540,\blecher\b,7
14541,\bliquidx\b,7
14542,\bloloferrari\b,7
14543,\blong.*dong\b,7
14544,\bludes\b,7
14545,\blunalane\b,7
14546,\bmaltliquor\b,7
14547,\bmariacheca\b,7
14548,\bmariatakagi\b,7
14549,\bmarisadiaz \b,7
14550,\bmarkdalton  \b,7
14551,\bmarkwolff \b,7
14552,\bmarycarey \b,7
14553,\bmayate\b,7
14554,\bmeatwad\b,7
14555,\bmethhead\b,7
14556,\bmethmonster\b,7
14557,\bmikolee\b,7
14558,\bmimimiyagi\b,7
14559,\bmoneyshot\b,7
14560,\bmuff\b,7
14561,\bmushrooms\b,7
14562,\bnickelbag\b,7
14563,\bnikkibenz\b,7
14564,\bnikkidial\b,7
14565,\bnip\b,7
14566,\bnizzle\b,7
14567,\bnubian,7
14568,\bnympho\b,7
14569,\bobsession\b,7
14570,\bopiate\b,7
14571,\borgy\b,7
14572,\bpanties\b,7
14573,\bpecker\b,7
14574,\bpeternorth\b,7
14575,\bpissedoff\b,7
14576,\bpissoff\b,7
14577,\bpornstar\b,7
14578,\bprepubescent\b,7
14579,\bprick\b,7
14580,\bpube\b,7
14581,\bpunjab\b,7
14582,\bpunkass\b,7
14583,\bpusse\b,7
14584,\brandywest\b,7
14585,\brebeccalord\b,7
14586,\brebeccaporn\b,7
14587,\bredneck\b,7
14588,\breneelarue\b,7
14589,\bricer\b,7
14590,\brustytrumpet\b,7
14591,\bryanconner \b,7
14592,\bryanwagner \b,7
14593,\bsarastjames \b,7
14594,\btosser\b,7
14595,\btossingsalad\b,7
14596,\btosssalad\b,7
14597,\btraceyadams\b,7
14598,\btracilords\b,7
14599,\btranny\b,7
14600,\bttboy\b,7
14601,\btyfox\b,7
14602,\btylerfaith\b,7
14603,\burethra\b,7
14604,\bveronicahart\b,7
14605,\bwankoff\b,7
14606,\bweed\b,7
14607,\bwej\b,7
14608,\bwench\b,7
14609,\bwildturkey\b,7
14610,hefner\b,7
14611,snatch\b,7
14612,vagina,7
14613,\bannaslut\b,7
14614,\basiacarrera\b,7
14615,\baurorasnow\b,7
14616,\bbacardi\b,7
14617,\bbeaner\b,7
14618,\bbeanlicker\b,7
14619,\bscat\b,7
14620,\bscatology\b,7
14621,\bschlong,7
14622,\bschnapps\b,7
14623,\bschoolboy,7
14624,\bselenasteele\b,7
14625,\bsexy\b,7
14626,\bseymorebutts\b,7
14627,\bsheethead\b,7
14628,\bsherriangel\b,7
14629,\bshizzle\b,7
14630,\bshlong\b,7
14631,\bshmegma\b,7
14632,\bshrooms\b,7
14633,\bskeet\b,7
14634,\bskeetskeet\b,7
14635,\badulteress\b,7
14636,\badulterous\b,7
14637,\badultery\b,7
14638,\badultsonly\b,7
14639,\bagentorange\b,7
14640,\baids\b,7
14641,\bal[ck]ohol,7
14642,\balecpowers\b,7
14643,\balexwilcox\b,7
14644,\bamaretto\b,7
14645,\banal\b,7
14646,\bangeladevi\b,7
14647,\bangeldust\b,7
14648,\banglo\b,7
14649,\banheiser\b,7
14650,\bannamalle\b,7
14651,\bbeer\b,7
14652,\berzengel\b,7
14653,könig\b,7
14654,\beomer\b,7
14655,butthhead,7
14656,\bslope\b,7
14657,\bsmack\b,7
14658,\bsmut\b,7
14660,\bsodomize\b,7
14661,\bsodomy\b,7
14662,\bspeedball\b,7
14663,\bspew\b,7
14664,\bspreadeagle\b,7
14665,\bspunk\b,7
14666,\bstd\b,7
14667,\bsunsetthomas\b,7
14668,\bsylviasaint\b,7
14669,\bteet[sz]\b,7
14670,\btequila\b,7
14671,\bterapatrick\b,7
14672,\bthc\b,7
14673,\btiabella\b,7
14674,\btoadlicker\b,7
14675,\btoak\b,7
14676,\btoke\b,7
14677,\btombyron\b,7
14678,\btommycruise\b,7
14679,\btonyzerega\b,7
14680,\btossalad\b,7
14681,\bvibrator\b,7
14682,\bvincevouyer\b,7
14684,\bvulva\b,7
14685,\bw[ei]+n[ei]+r\b,7
14686,\bwank\b,7
14687,\bwhackoff\b,7
14688,\bwhiskey\b,7
14689,\bwillclark\b,7
14690,\byellow\b,7
14691,\bzigzag\b,7
14692,aryan\b,7
14693,\bacclaim\b,7
14694,\bamongoe,7
14695,\banabolica\b,7
14696,\banalpunisher\b,7
14697,nazi\b,7
14698,\banth?rax\b,7
14699,\bblasehase\b,7
14700,\bbotox\b,7
14701,\bbueckstueck\b,7
14702,\bbumsnudel\b,7
14703,\bcairne\b,7
14704,\bchristkind\b,7
14705,\bcrackdealer\b,7
14706,king\b,7
14707,\bdarthjedi\b,7
14708,\bdenethor\b,7
14709,\bderneger\b,7
14710,\bdiedroge\b,7
14711,\bdollybuster\b,7
14712,\bdonpeperulez\b,7
14713,\bdopecheffe\b,7
14714,\bduke,7
14716,sucker\b,7
14717,\bebola\b,7
14718,\beichelkäse\b,7
14719,f[ue]+rst\b,7
14720,muschi\b,7
14721,\beternalhoden\b,7
14722,\beuthanasie\b,7
14723,\bfick,7
14724,luder\b,7
14725,kacke\b,7
14726,\bfotz,7
14727,tussi\b,7
14728,\bfrodobeutlin\b,7
14729,\bfrozenthrone\b,7
14730,\bgandhi\b,7
14731,\bganja,7
14732,\bgayoverlord\b,7
14733,\bgeilebraut\b,7
14734,\bginawild\b,7
14735,\bgoebbels\b,7
14736,\bgott\b,7
14737,\bgraftaliban\b,7
14738,\bhägar\b,7
14739,\bhanfernte\b,7
14740,\bheiland\b,7
14741,\bhendrix\b,7
14742,\bheroin,7
14743,\bhordenhure\b,7
14744,porno\b,7
14745,\b[gk]adafi\b,7
14746,\bkiffer,7
14747,\bkleineralki\b,7
14748,\bkleinerfurz\b,7
14749,\bklitori,7
14750,ficker\b,7
14751,\bkpd\b,7
14752,\bkruppstahl\b,7
14753,\bmariuhanna\b,7
14755,\bmeisteryoda\b,7
14756,\bmengele\b,7
14757,fick\b,7
14758,\bmichaelmyers\b,7
14759,\bmilkahase\b,7
14760,\bmilkakuh\b,7
14761,\bmistst[ue]+ck\b,7
14762,\bmoesen,7
14763,\bmöse,7
14764,\bmuschi,7
14765,\bnachgeburt\b,7
14766,\bnazghul\b,7
14767,\bnegerin\b,7
14768,\bnikoleinchen\b,7
14769,\bonkeltom\b,7
14770,\bpimmel,7
14771,\bpimper,7
14772,\bpommespapst\b,7
14773,\bpopobumser\b,7
14774,\bporno,7
14775,\bprincess,7
14776,\bprinz\b,7
14777,\brammstein\b,7
14778,\brasputin\b,7
14779,\bredbull\b,7
14780,\brichthofen\b,7
14781,\bsarin\b,7
14782,\bschlampe,7
14783,\bschwanz,7
14784,\bsith\b,7
14785,\bsmeagol\b,7
14786,\bsohngottes\b,7
14787,\bspikelee\b,7
14788,\bsplintercell\b,7
14789,\bsuicide\b,7
14790,\bsuizidhoden\b,7
14791,\bterrortunte\b,7
14792,\btitanrosette\b,7
14793,\btittenmaus\b,7
14794,\btylerdurden\b,7
14795,\bvagimampf\b,7
14796,\bvanginus\b,7
14797,\bvotzentroll\b,7
14798,\bwarcrack\b,7
14799,\bwinnipuuh\b,7
14800,\bwixxoor\b,7
14801,\bwowdiablo\b,7
14802,\bxerox\b,7
14803,schlampe\b,7
14804,zipfe?l\b,7
14805,\bzuhälter,7
14806,\bzwergpimmel\b,7
14807,\babsinthe\b,7
14808,\babsolut\b,7
14809,\bchink\b,7
14811,\bpussy,7
14812,\brape\b,7
14813,\baceofspades\b,7
14814,\bpusher,7
14815,\bchinks\b,7
14816,\bdikes\b,7
14817,\bdildos\b,7
14818,\bsativa\b,7
14819,\bindica\b,7
14820,\bskunkweed\b,7
14821,\bdike\b,7
14822,\braped\b,7
14823,\braping\b,7
14824,dong,7
14825,\bdyke\b,7
14826,\bmj\b,7
14827,\bdoobie\b,7
14828,\bstoner,7
14829,\bjunk[ie],7
14830,\bdefecat,7
14831,\balquaeda\b,7
14832,\bamerikkkan\b,7
14833,\bamphetamine\b,7
14834,\bejaculate\b,7
14835,\bscrotum,7
14836,\bfisting\b,7
14837,\barse,7
14838,\bcock,7
14839,\baryan,7
14840,\bbackdoor\b,7
14841,titt[iey]*s\b,7
14842,\bbi\b,7
14843,\bbigfatasscow\b,7
14844,bondage\b,7
14845,boobs\b,7
14846,breast\b,7
14847,\bbuttocks\b,7
14848,\b[ck]oitus,7
14849,\bcondom,7
14850,\bdahoe\b,7
14851,\bdamn\b,7
14852,\bdarkwanker\b,7
14853,\bdi[ae][rh]+ea,7
14854,dick\b,7
14855,\bdirtyho\b,7
14856,\bdomination\b,7
14857,\bdutch\b,7
14858,\benema\b,7
14859,\berotic,7
14860,jackass\b,7
14861,\bfacism\b,7
14862,\bfakeboobs\b,7
14863,\bfart\b,7
14864,\bfetish,7
14865,fetish\b,7
14866,\bfilthymuslim\b,7
14867,\bfocker\b,7
14868,\bforeplay\b,7
14869,\bforeskin\b,7
14870,\bfrottage\b,7
14871,\bfuk\b,7
14872,\bfukass\b,7
14874,\bgenital,7
14875,\bgenitals\b,7
14876,\bgigolo\b,7
14877,\bgonorrhea\b,7
14878,\bgrummz\b,7
14879,\bhairyhorny\b,7
14880,\bhardboob\b,7
14881,\bhentail\b,7
14882,\bhiv\b,7
14883,\bholocaust\b,7
14884,\bhorny\b,7
14885,\bhot\b,7
14886,\bj.*jameson\b,7
14887,\bkinky\b,7
14888,\bkraut\b,7
14889,\blesb\b,7
14890,\blesbian\b,7
14891,pussy\b,7
14892,\blingerie\b,7
14893,\bload\b,7
14894,\blube\b,7
14895,\blubricant\b,7
14896,\blust\b,7
14897,\bmaidenhead\b,7
14898,후장뚫어,7
14899,\basshole,7
14900,\bfingerbang\b,7
14901,\bgangbang\b,7
14902,\bgangrape\b,7
14903,\bjaps\b,7
14904,\bjizzing\b,7
14905,\bgizzing\b,7
14906,\bpussies\b,7
14907,\brapes\b,7
14908,\bsaladtosser\b,7
14909,\bfags\b,7
14910,boob,7
14911,\bbast[aeiou]rd,7
14912,\bbeastiality\b,7
14913,\bblowjob,7
14914,\bboffer\b,7
14915,\bclowjob\b,7
14916,\bdonkeypunch\b,7
14917,\bfawker\b,7
14918,\bfeces,7
14919,\bnipple,7
14920,nipples\b,7
14921,prostitute,7
14922,\bcoke\b,7
14923,\bmorphine\b,7
14924,\bnudity\b,7
14925,\bnuts\b,7
14926,\bpagan\b,7
14927,\bperv\b,7
14928,\bpervert\b,7
14929,\bphawk\b,7
14930,\bpiss\b,7
14931,\bplayboy\b,7
14932,\bplaygirl\b,7
14933,\bpolish\b,7
14934,\bprebubescent\b,7
14935,\bqueer\b,7
14936,\breich\b,7
14937,\br.*jeremy\b,7
14938,\bscrew\b,7
14939,\bseamen\b,7
14940,\bspreadmylegs\b,7
14941,\bstripper,7
14942,\bsuck\b,7
14943,\bsukkitdown\b,7
14944,\bswingers\b,7
14945,\bteabag,7
14946,\bterrorist\b,7
14947,\bthickbush\b,7
14948,\bthreesome\b,7
14949,\bsnatch,7
14950,\bupdabut\b,7
14951,\bvasect,7
14953,\bnegro,7
14954,\btinytits\b,7
14955,cock\b,7
14956,blowjob\b,7
14957,\btardpopsicle\b,7
14958,\burmom\b,7
14959,fag\b,7
14960,\bdick,7
14961,\bturdsplat\b,7
14962,\bchokeoncocks\b,7
14963,\blittlearse\b,7
14964,\bholybijesis\b,7
14965,\bniggs\b,7
14966,\bsacofricosis\b,7
14967,\bpolesmokers\b,7
14968,\bsega\b,7
14969,\bsex,7
14970,\bshadowbane\b,7
14972,\bshiznit\b,7
14973,\bshortbus\b,7
14974,\btramps\b,7
14975,\berection\b,7
14976,\bsmoked\b,7
14977,\bsnowwhite\b,7
14978,\boral\b,7
14979,\bsperm,7
14980,\bpoop\b,7
14981,\bspluge\b,7
14982,\bsuck,7
14983,\bsupermario\b,7
14984,support,7
14985,\bsex\b,7
14986,\bsuppuku\b,7
14987,\bsirbong\b,7
14988,\bspank\b,7
14989,\bspeculum\b,7
14990,\bstreaker,7
14991,\btribadism\b,7
14992,\bupmybutthole\b,7
14993,\burinat,7
14994,\bvenereal\b,7
14995,\bvirgin\b,7
14996,\bwarslut\b,7
14997,\bwood\b,7
14998,\badvil\b,7
14999,\bamputee\b,7
15000,\bamtrak\b,7
15001,\banis\b,7
15002,\banolinctus\b,7
15003,\bantichrist\b,7
15004,\barathorn\b,7
15005,\barian\b,7
15006,\barsonist\b,7
15007,\bblackenstein\b,7
15008,\bblacksabbath\b,7
15009,\bbnet\b,7
15010,\bbootylicious\b,7
15011,\bbra\b,7
15012,\bchinaman\b,7
15013,\bchronik\b,7
15014,\bcolgate\b,7
15015,\bcoprophagy\b,7
15016,\bcrackhead\b,7
15017,\bdammit\b,7
15018,\bdarky\b,7
15019,\bdarvocet\b,7
15020,\bdatabasesys\b,7
15021,\bdeckardcain\b,7
15022,\bdr\b,7
15023,\bdukeofwhales\b,7
15024,\bdumbass\b,7
15025,\becstasy\b,7
15026,\bensign\b,7
15027,\bfcuk\b,7
15028,\bferrari\b,7
15029,\bfetus,7
15030,\bfockerz\b,7
15031,\bfooker\b,7
15032,cunt\b,7
15033,\bghandi\b,7
15034,\bgofukyorself\b,7
15035,\bgonadian\b,7
15036,\bgoochgravy\b,7
15037,\bgookenator\b,7
15038,\bhemplock\b,7
15039,\bherpies\b,7
15040,\bhomoerectus\b,7
15041,\bhore\b,7
15042,\bhotdamn\b,7
15043,\bhungelf\b,7
15044,\bindian\b,7
15045,\birapekids\b,7
15046,\bironchef\b,7
15047,\bjc\b,7
15048,\bjedi\b,7
15049,\b[gj]en[ao]cide\b,7
15050,\bjugs\b,7
15051,\bklismaphilia\b,7
15052,\bkokigami\b,7
15053,\bkoon\b,7
15054,\bkosherpork\b,7
15055,\blardass\b,7
15056,\blaurabush\b,7
15057,\bmarlboroman\b,7
15058,\bmasterbaiter\b,7
15059,\bmaxipad\b,7
15060,\bmenstrual\b,7
15061,\bmhz\b,7
15062,\bmichaeljack\b,7
15063,bastard\b,7
15064,\bmisogynist\b,7
15065,\bmister\b,7
15066,\bmr\b,7
15067,\bnarcoticus\b,7
15068,\bnigahh\b,7
15069,\bnpc,7
15070,\bnug\b,7
15071,\bnunriggers\b,7
15072,\bnwa\b,7
15073,\bomgwtf\b,7
15074,\bopiate,7
15075,\boreos\b,7
15076,\bovaltine\b,7
15077,\bpapsmear\b,7
15078,\bpederasty\b,7
15079,\bpenthouse\b,7
15080,\bpimp,7
15081,\bpinktaco\b,7
15082,mofo\b,7
15083,\bpoomaster\b,7
15084,\bpoonjuice\b,7
15085,\bpoop,7
15086,\bpwnzor\b,7
15087,\bquadoushka\b,7
15088,\br.*nad[ae]r\b,7
15089,\bstud\b,7
15090,\bsubmissive\b,7
15091,\bswiftnuggs\b,7
15093,\buglynig\b,7
15094,\bswastika\b,7
15095,\bsybian\b,7
15096,\btoeofcamel\b,7
15097,\btokyorose\b,7
15098,\burmama\b,7
15099,\bvoltron\b,7
15100,\bwangmaster\b,7
15101,\bwanker\b,7
15102,\bwetdream\b,7
15104,\bwigger\b,7
15105,\bwilliamhung\b,7
15106,\bwindex\b,7
15107,\bwitchking\b,7
15108,\bx.*x\b,7
15109,\byosemitesam\b,7
15110,\byouranus\b,7
15111,\bzoolander\b,7
15112,condom\b,7
15113,jebus\b,7
15114,\bkosher,7
15115,menstrual,7
15116,sexy,7
15117,\bbestiality\b,7
15118,\bbizzle\b,7
15120,\bblackie\b,7
15121,\bbloodyhell\b,7
15122,\bblow\b,7
15123,\bblunt\b,7
15124,\bbollocks\b,7
15125,\bboobs,7
15126,\bboofer\b,7
15127,\bbourbon\b,7
15128,\bbrazuca\b,7
15129,\bbreast,7
15130,\bbudda\b,7
15131,\bbuddahead\b,7
15132,\bbudlight\b,7
15133,\bbudweiser\b,7
15134,\bbugger\b,7
15135,\bbustydusty\b,7
15136,\bbutt\b,7
15137,\bbuttman\b,7
15138,\bcandyandes\b,7
15139,\bcaucazoid\b,7
15140,\bcawk\b,7
15141,\bfu[ck]+[aeiou]+,7
15142,\bjod[eií],7
15143,mierda,7
15144,coño,7
15145,\b[gj]ilipo,7
15146,\bmeapilas\b,7
15147,\bcapull,7
15148,\bcabr[oó]n,7
15149,\bmari[cq],7
15150,\bpene,7
15151,polla,7
15152,\bpoya,7
15153,\bpinga\b,7
15154,\bpito,7
15155,\bva[gj]ina,7
15156,\blesbi,7
15157,\bminga\b,7
15158,\bput[aoó],7
15160,\bpaja\b,7
15161,\bpaji[lt],7
15162,\bnazi\b,7
15163,\bkkk\b,7
15164,\bescroto\b,7
15165,\bcoj[oó]n,7
15166,\bcorrer[mst],7
15167,\bcorri[eé]ndo[mst]e\b,7
15168,\beyacul,7
15169,\besperm,7
15170,\bmama[rd],7
15171,\bencula[rd],7
15172,\bculo\b,7
15173,\bviol[aó],7
15174,\bped[oó]f,7
15175,\bpederast,7
15177,\bculandr[oó]n\b,7
15178,\bsodomi,7
15179,\bsadomaso,7
15180,\bsudaca,7
15181,\bnegraco\b,7
15182,\bmoro\b,7
15183,\bmoros\b,7
15184,\bmoromierda\b,7
15185,\bjop[eu],7
15186,\bpo[lr]cul,7
15187,\bostia,7
15188,\bhostia,7
15189,\bcullons\b,7
15190,\bgabacho\b,7
15191,\bpringao\b,7
15192,\btont[ao],7
15193,\bmam[oó]n,7
15194,\bniñ[ao]t,7
15195,\bnenaza,7
15196,\bhomo\b,7
15197,choch[eio],7
15198,txotx[eio],7
15199,xox[eio],7
15200,\bmastur,7
15201,\bcl[ií]toris\b,7
15202,\bb[aá]lano\b,7
15203,\bprepucio\b,7
15204,\bhero[ií]na\b,7
15205,\bpellote\b,7
15206,\bhach[ií]s\b,7
15207,\bhatx[ií]s\b,7
15208,\bLSD\b,7
15209,\bcoca[ií]na\b,7
15210,\bp[uú]bis\b,7
15211,\bp[uú]bico\b,7
15212,\bfela[ct]i,7
15213,\bcunnilingus\b,7
15214,\bmari[hj]uana\b,7
15215,\bporro\b,7
15216,\bdesvirga,7
15217,\bhimen\b,7
15218,\bmeretriz\b,7
15219,\bprostituta\b,7
15220,\brohypnol\b,7
15221,\brugmunch,7
15222,nig+er\b,7
15223,\bsemen\b,7
15224,\bsexmachine\b,7
15225,\bslut\b,7
15226,\bslutmuffin\b,7
15227,\bsmegma\b,7
15228,\bspanishfly\b,7
15229,\bspics\b,7
15230,\bsquarehead\b,7
15231,\bstfu\b,7
15232,\bstrapon\b,7
15233,\btalliwhacker\b,7
15234,\btards\b,7
15235,\bteabagging\b,7
15236,\bthrobknobbin\b,7
15237,\bthunderfuck\b,7
15238,\btirdburglar,7
15239,\bturdburglars\b,7
15240,\btwatlick,7
15241,\btwats\b,7
15242,\btwatsuck,7
15243,\bviagra\b,7
15244,\bwhop\b,7
15245,\bzoophilia\b,7
15246,\bfagg[aeiouy]t,7
15247,\bpillowbiter,7
15248,\bpoohstab,7
15249,\bdildo\b,7
15250,\bheeb\b,7
15251,\bkike\b,7
15252,\bmudshark,7
15253,\bmooley\b,7
15254,\bnig+a,7
15255,\bjap\b,7
15256,feltch,7
15257,\bhomos\b,7
15258,\btittie,7
15259,\btits\b,7
15260,\bslamhound,7
15261,\bgutterslut\b,7
15262,\bcumguz,7
15263,\binjun\b,7
15264,\bgooch\b,7
15266,\bpothead,7
15267,shit,7
15268,\btwat\b,7
15269,\bassface\b,7
15270,\bnosecandy\b,7
15271,\btowelhead\b,7
15272,\bfudgepacker\b,7
15273,\bassmaster\b,7
15274,\bmilf\b,7
15275,\brumprang,7
15276,\bspic\b,7
15277,\bspick,7
15278,wetback,7
15279,\bqueef,7
15280,\bnig\b,7
15281,fagg[aeiouy]t\b,7
15282,\brapist\b,7
15283,\bgook\b,7
15284,\bpolesmok,7
15285,\bcracksmoker,7
15286,\bjism\b,7
15287,\bdingleberry\b,7
15288,\bmooncricket,7
15289,\bassman\b,7
15290,\bspearchuck,7
15291,\bhardon\b,7
15292,\bstiffy\b,7
15293,\bcumstain,7
15294,\bdunecoon\b,7
15295,\bbuttfloss\b,7
15296,\bpeckertracks\b,7
15297,\bcornhole\b,7
15298,\bwop\b,7
15299,\bcock\b,7
15300,\basspound,7
15301,\bbuttboy,7
15302,\bsploog,7
15303,\bmeatsword\b,7
15304,\bskinbat,7
15305,히로뽕,7
15306,\bzipperhead\b,7
15307,\bporchmonk,7
15308,\bjunglebunny\b,7
15309,\bjizz\b,7
15310,\bafricoon\b,7
15311,\baidsbearer\b,7
15312,\banalcumdrip\b,7
15313,\banaldoctor\b,7
15314,\baperape\b,7
15315,\bassbandit\b,7
15316,\bassbasher\b,7
15317,\basshunter\b,7
15318,\basskiss,7
15319,\basslick,7
15320,\bassram,7
15321,\bassrape,7
15322,\bbiotch\b,7
15323,\bblackanese\b,7
15324,\bblaxican\b,7
15325,\bblowjob\b,7
15326,\bblueball\b,7
15327,\bbonch\b,7
15328,\bboners\b,7
15329,nig+a\b,7
15330,\bbullshirt\b,7
15331,\bbuttbang\b,7
15332,\bbuttfucker,7
15333,\bbuttlick,7
15334,\bbuttmonkey\b,7
15335,\bbuttmunch,7
15336,\bbuttnugget,7
15337,\bbuttslam,7
15338,\bbuttstain\b,7
15339,\bcameljockey\b,7
15340,\bcann[aio]bis\b,7
15341,\bcarpetmuncher,7
15342,\bcheapwhore\b,7
15343,\bchinawhite\b,7
15344,\bchinko\b,7
15345,\bchoad\b,7
15346,\bcirclejerk\b,7
15347,\bcircumcise\b,7
15348,\bcocaine\b,7
15349,\bcocksucker\b,7
15350,\bcoon\b,7
15351,\bcracka\b,7
15352,\bcrackerass,7
15353,\bcrackpipe,7
15354,\bcreamtits\b,7
15355,\bcrystalmeth\b,7
15356,\bcumboy,7
15357,\bcumbubble,7
15358,\bcumbucket\b,7
15359,\bcumcatcher,7
15360,\bcumdumpster,7
15361,\bcumeater\b,7
15362,\bcumm\b,7
15363,\bcumonmyface\b,7
15364,\bcums\b,7
15365,\bcumshooter,7
15366,\bcumshot,7
15367,\bcumslot,7
15368,\bdankhoe\b,7
15369,\bdanknugg,7
15370,\bhashish\b,7
15371,\bheroin\b,7
15372,\bholywanker\b,7
15373,\bhonkey\b,7
15374,\bhornytauren\b,7
15375,\bhotslut\b,7
15376,\bhymen\b,7
15377,\bjackoff\b,7
15378,\bkikes\b,7
15379,\bkunt\b,7
15380,\blesbo\b,7
15381,\blongusdongus\b,7
15382,\blsd\b,7
15383,\bmangina\b,7
15384,\bmansatchel\b,7
15385,\bmarijuana\b,7
15386,\bmast[eu]rbat,7
15387,\bmeth\b,7
15389,\bmorningwood\b,7
15390,\bmonstercock,7
15391,\bmoulie\b,7
15392,\bmuffdiver,7
15393,\bnatzi\b,7
15394,\bnecrophil,7
15395,\bnegrolicious\b,7
15396,\bnegromancer\b,7
15397,\bnicklebag\b,7
15398,\bniglet,7
15399,\bnignog\b,7
15400,\bnigs\b,7
15401,\boface\b,7
15402,\bonanism\b,7
15403,\bopium\b,7
15404,\borgasm\b,7
15405,\bpcp\b,7
15406,\bpedophile\b,7
15407,\bpenis,7
15408,\bphugface\b,7
15409,\bpikajew\b,7
15410,\bpoontang\b,7
15411,\bporn\b,7
15412,\bpriapism\b,7
15413,\bpr[o0]n\b,7
15414,\bpudendum\b,7
15415,\bpussyfart,7
15416,\bpussylick,7
15417,\bpussystomp,7
15418,\bputo\b,7
15419,\bquaaludes\b,7
15420,\bqueers\b,7
15421,\bqweef\b,7
15422,\braghead\b,7
15423,\breefer\b,7
15424,\breggin\b,7
15425,\brimjob\b,7
15426,\bgizz\b,7
15427,\bcooze\b,7
15428,\bcumming\b,7
15429,\bboner\b,7
15430,\bbuttpirate,7
15431,\btitty,7
15432,\bpoostab,7
15433,fuck,7
15434,\bass\b,7
15435,bia?ts?ch,7
15436,\bclit,7
15437,\bcum\b,7
15438,\bcunt,7
15439,\bnig+er,7
15440,penis\b,7
15441,whore,7
15442,ㅈㄹ,7
15443,yuckfu,7
15444,yuckfou,7
15447,testicle,7
15448,tampon,7
15449,sphincter,7
15450,sperm,7
15451,phuck,7
15452,gangbang,7
15453,felch,7
15454,bukkake,7
15455,bukakke,7
15456,bukake,7
15457,\btwaty\b,7
15458,\btwatty\b,7
15459,\bturbanhead,7
15460,\btitsnass\b,7
15461,\btitnass\b,7
15462,\bsh[ie][ie]thead\b,7
15463,\bpeckerwood\b,7
15464,\bnegroid,7
15465,\bmooncricket\b,7
15466,\bkyke,7
15467,\bjigg,7
15468,\bjerkoff\b,7
15469,\bhentai\b,7
15470,\bgringo\b,7
15471,\bgoddamn,7
15472,\bgizm\b,7
15473,\bgism\b,7
15474,\bganja\b,7
15475,GMworker,7
15476,Offgamers,7
15477,Mysupersales,7
15478,Ezgaming,7
15479,itembay,7
15480,zlywy,7
15481,wowsupplier,7
15482,gmworkers,7
15483,thsale,7
15484,offgamers,7
15485,mysupersales,7
15486,igxe,7
15487,ezgaming,7
15488,\bwhitti?ey?\b,7
15489,\bfellatio,7
15490,\bfawk,7
15491,\bdimebag\b,7
15492,\bdickholster\b,7
15493,\bdiaperhead\b,7
15494,\bcunny\b,7
15495,\bbustanut\b,7
15496,\basshat\b,7
15497,\baryan\b,7
15498,\barsehole\b,7
15499,\barse\b,7
15500,\bamericunt\b,7
15501,\balphanigg,7
15502,\baggin\b,7
15503,\baftercum\b,7
22150,хуй,8
22151,\bх+у+[еёийюя],8
22152,[зн]+[еиа]+х+у+[еёийюя],8
22153,[вос]+т?х+у+[еёийюя],8
22154,прих+у+[еёийюя],8
22155,\bа+х+у+[ие],8
22156,хуя,8
22157,х+у+[её]+в,8
22158,\bХу+ли\b,8
22159,\bн+[ае]+х\b,8
22160,\bпо+х\b,8
22161,\bза+х\b,8
22162,б+л+я+д,8
22163,\bб+л+я+т,8
22164,\bб+л+я+\b,8
22165,\bб+л+[еи]+а,8
22166,\b[мп]+л+я\b,8
22167,\b[мп]+л+я+т,8
22168,п[еёи]+[зс]+д,8
22169,зде+ц,8
22170,пе+ло+тк,8
22171,\b[её]+б,8
22172,[аеёийоуъ][её]+б,8
22173,йо+б,8
22174,\bй+о+п+[ат],8
22175,\b[вс][ьъ]+я+б,8
22176,\b[зн]+а+[еёи]+[бп]+[^ор],8
22177,нииб,8
22178,долбоящер,8
22179,\b[её]+п+[тл],8
22180,\bх+е+р\b,8
22181,\bпо+х+е+р,8
22182,\bна+х+е+р,8
22183,\bх+е+р[но],8
22184,х+е+р+а+ч,8
22185,\bму+д[аеиоя],8
22186,па+дл+[аио],8
22187,заподлист,8
22188,г[оа]+в[её]*н,8
22189,га+мн+ю+к,8
22190,п[ие]+д+[ое]+р,8
22191,\bпи+д+а+р,8
22192,\bпе+ди+к,8
22193,\bпе+др+и+л,8
22194,др+[ою]+ч,8
22195,задро+т,8
22196,г[ао]+ндо+н,8
22197,залуп[аеуы]\b,8
22198,залупой\b,8
22199,залупк,8
22200,\bчлен+[ао]+воз,8
22201,\bыуа,8
22202,\bмедвед\b,8
22203,\bпадоно?к,8
22204,\bкр[ао]савчег\b,8
22205,\bаф+тар\b,8
22206,\bпревед\b,8
22207,\bйад,8
22208,зачот,8
22209,газенваген,8
22210,ахтунг,8
22211,пешы,8
22212,\bисчо\b,8
22213,жывотн,8
22214,сотона,8
22215,аццк,8
22216,\bлох,8
22217,фтопку,8
22218,\bхохол\b,8
22219,\bхохл,8
22220,\bниг+ер,8
22221,\bпиндос,8
22222,\bмоскал[иья],8
22223,\bмоскалей,8
22224,\bжид[а-йл-я],8
22225,\bнаци\b,8
22226,наци[зс],8
22227,фаши,8
22228,йух,8
22229,\bРазбойник\b,8
22230,\bКлыкарр\b,8
22231,\bЛеснойтролль\b,8
22232,\bЧеловек\b,8
22233,\bОрк\b,8
22234,\bДворф\b,8
22235,\bДварф\b,8
22236,\bДворфийка\b,8
22237,\bНочнойэльф\b,8
22238,\bЭльф\b,8
22239,\bЭльфийка\b,8
22240,\bТаурен\b,8
22241,\bГном\b,8
22242,\bТролль\b,8
22243,\bГоблин\b,8
22244,\bЭльфкрови\b,8
22245,\bДреней\b,8
22246,\bОркскверны\b,8
22247,\bПадший\b,8
22248,\bВрайкул\b,8
22249,\bВоин\b,8
22250,\bПаладин\b,8
22251,\bОхотник\b,8
22252,\bЖрец\b,8
22253,\bШаман\b,8
22254,\bМаг\b,8
22255,\bЧернокнижник\b,8
22256,\bДруид\b,8
22257,\bРыцарьсмерти\b,8
22258,\bОрчиха\b,8
22259,\bНочнаяэльфийка\b,8
22260,\bНежить\b,8
22261,\bЭльфийкакрови\b,8
22262,\bОрчихаскверны\b,8
22263,\bНага\b,8
22264,\bПадшая\b,8
22265,\bВоительница\b,8
22266,\bОхотница\b,8
22267,\bРазбойница\b,8
22268,\bЖрица\b,8
22269,\bШаманка\b,8
22270,\bВолшебница\b,8
22271,\bЧернокнижница\b,8
22272,\bТауренка\b,8
22273,\bГномка\b,8
22274,\bМана\b,8
22275,\bЯрость\b,8
22276,\bЭнергия\b,8
22277,\bНастроение\b,8
22278,\bРуны\b,8
22279,\bГномесса\b,8
22280,\bТроллиха\b,8
22281,\bбог\b,8
22282,\bдьявол\b,8
22283,\bсатана\b,8
22284,\bаллах,8
22285,\bИисус,8
22286,\bХристос,8
22287,\bКришн,8
22288,\bМагомет\b,8
22289,\bМухаммад\b,8
22290,\bМухаммед\b,8
22291,\bБудда\b,8
22292,\bПутин,8
22293,\bБуш,8
22294,\bКлинтон,8
22295,\bСаркози,8
22296,\bМедведев,8
22297,\bчлен+[ао]+гры,8
22298,\bчлен+[ао]+сос,8
22299,пенис,8
22300,\bелд,8
22301,сперм,8
22302,\bсукин,8
22303,\bсучье,8
22304,сцук,8
22305,\bс+у+к+[аеуи]+\b,8
22306,\bс+у+к+о+й\b,8
22307,\bс+у+к+а+ми+\b,8
22308,\bсуч[акеё],8
22309,жо+п,8
22310,гомик,8
22311,\bгомосек,8
22312,гомосят,8
22313,\bманд[аеуы]\b,8
22314,\bмандой\b,8
22315,\bмандов,8
22316,мандец,8
22317,\bсса+[лквнт],8
22318,\b[пвз]+[оыа]+сса+[влнт],8
22319,\bобосс+[ыуа],8
22320,сра[клнтч],8
22321,обс[еи]р[^в],8
22322,бзд[аеиун],8
22323,дрист,8
22324,дрищ,8
22325,\bшлю[хш],8
22326,\bшалав,8
22327,целк[аеуи]\b,8
22328,целкой\b,8
22329,целками\b,8
22330,п[её]+рд,8
22331,\bп[её]+рну,8
22332,\bпараш[^ю],8
22333,блю+[веёю],8
22334,бл[её]+в,8
22335,пи+х+а+р,8
22336,[иеэ]+[бп]+[ао]+ш,8
22337,\bу+р+о+д,8
22338,ур+о+д+\b,8
22339,\bа+р+т+а+с+\b,8
22340,\bи+л+и+д+а+н+\b,8
22341,целоч,8
22342,\bн+[ао]+г+[еиэы]+б+а+т+[еаэо]+р\b,8
22343,порно,8
22344,эротик,8
22345,\bс+м+е+р+т+о+к+р+ы+л+\b,8
22346,\bс+е+д+о+г+р+и+в+\b,8
22673,aborto,10
22674,aid[ée]tic[oa],10
22675,\baids\b,10
22676,\b[âa]nus\b,10
22677,b[uo]cet[ãa]o,10
22678,b[uo]ceta,10
22679,babac[ãa]o,10
22680,\bbabaca\b,10
22681,\bbacanal\b,10
22682,baithola,10
22683,baitola,10
22684,beck,10
22685,\bbiba\b,10
22686,\bbicha\b,10
22687,\bbichona\b,10
22688,\bbixa\b,10
22689,\bbixona\b,10
22690,boiola,10
22691,bokete,10
22692,boketer[ao],10
22693,bolagato,10
22694,boquete,10
22695,boqueteir[ao],10
22696,boqueter[ao],10
22697,boyola,10
22698,\bbrioco\b,10
22699,\bbroxa\b,10
22700,Bund[ãa]o,10
22701,bundau[mn],10
22702,busseta,10
22703,\bc[uú]\b,10
22704,caba[çc]o,10
22705,cabasso,10
22706,cafet[ãa]o,10
22707,cafetina,10
22708,\bcag[ãa]o\b,10
22709,cagapau,10
22710,\bcagar\b,10
22711,caral[ie]o,10
22712,caralh[ao],10
22713,caralhinhos,10
22714,cheirarola,10
22715,chereca,10
22716,chochota,10
22717,ciririca,10
22718,coca[ií]na,10
22719,\bcoito\b,10
22720,\bcorn[oa]\b,10
22721,\bcrack\b,10
22722,criol[ao],10
22723,crioul[ao],10
22724,cuz[ãa]o,10
22725,cuzinho,10
22726,\bdacu\b,10
22727,\bdroga\b,10
22728,\becstasy\b,10
22729,\benfianoc[úu]\b,10
22730,er[óo]tic[ao],10
22731,ereç[ss]ão,10
22732,escrot[ao],10
22733,esperma,10
22734,esporrar,10
22735,estrup[ao],10
22736,estupr[ao],10
22737,f[ie]ladaputa,10
22738,f[ie]of[óo],10
22739,f[ou]dendo,10
22740,f[uo]deno,10
22741,f[uo]der,10
22742,\bfdp\b,10
22743,fidiputa,10
22744,fod[aoe],10
22745,fodase,10
22746,foda-se,10
22747,fodasse,10
22748,fudeno,10
22749,fudeu,10
22750,fudid[ao],10
22752,genital,10
22753,\bgosar\b,10
22754,\bgoso\b,10
22755,gozada,10
22756,\bgozar\b,10
22757,\bgozo\b,10
22758,haxixe,10
22759,\bkenga\b,10
22760,\blol[óo]\b,10
22761,\blsd\b,10
22762,maconha,10
22763,maconhado,10
22764,maconheiro,10
22765,mamilo,10
22766,mari[hj]uana,10
22767,masturb,10
22768,meiodoc[úu],10
22769,merda,10
22770,merdinha,10
22771,mij[ãa]o,10
22772,neg[ãa]o,10
22773,\bnêg[ao]\b,10
22775,negona,10
22776,neguinh[ao],10
22777,olhodoc[úu],10
22778,\bp[êe]nis\b,10
22779,pauduro,10
22780,paumole,10
22781,paunuc[uú],10
22782,peituda,10
22783,\bpicudo\b,10
22784,\bpiru\b,10
22785,porn[oôó],10
22786,\bporra\b,10
22787,prostituta,10
22788,punheta,10
22789,\bput[ao]\b,10
22790,put[êe]ro,10
22791,putakiparil,10
22792,putakipariu,10
22793,putamerda,10
22794,\bput[ãa]o\b,10
22795,putaqueopariu,10
22796,putaquipariu,10
22797,putaria,10
22798,putinh[ao],10
22799,\bputona\b,10
22800,\bquenga\b,10
22801,\brapariga\b,10
22802,\bs[êe]men\b,10
22803,\bsapata\b,10
22804,sapat[ãa]o,10
22805,sapatona,10
22806,sefud[êe],10
22807,sif[uú],10
22808,s[ií]filis,10
22809,siririca,10
22810,suruba,10
22811,takipariu,10
22812,taquipariu,10
22813,tch[ôo]la,10
22814,\bteta\b,10
22815,\btetinha\b,10
22816,ticum[êe],10
22817,\btnc\b,10
22818,tomanoc[uú],10
22819,tomarnoc[uú],10
22820,tran[zs]ar,10
22821,traveco,10
22822,travesti,10
22823,va[gj]ina,10
22824,\bvadia\b,10
22825,viadagem,10
22826,viadinho,10
22827,viad[uo],10
22828,\bvsf\b,10
22829,\bvulva\b,10
22830,xerar[ôo]la,10
22831,xereca,10
22832,\bxota\b,10
22833,xoxota,10
22834,xoxotinha,10
22835,xoxotona,10
22836,viadag[ei],10
22837,\bvtnc\b,10
22838,\bdrogas\b,10
22839,\bballcat\b,10
22841,\bnegrada\b,10
23169,\bfag,-1
23236,blizz,0
23237,blizz,1
23238,blizz,2
23239,blizz,3
23241,blizz,5
23242,blizz,6
23243,blizz,7
23244,blizz,8
23245,blizz,10
23246,blizz,11
23359,\<an[oi]\>,11
23360,\<anal,11
23361,\<bagasc,11
23362,\<baldracc,11
23363,\<balle\>,11
23364,\<bastard,11
23365,\<batton[ae]\>,11
23366,\<bocchin,11
23368,\<bukk?ak+e\>,11
23369,\<caga,11
23370,\<cappell,11
23371,cazz+,11
23372,\<checc,11
23373,\<chiava,11
23374,\<cocaina\>,11
23375,\<coddio\>,11
23376,\<cogl,11
23377,\<cul[aoi]\>,11
23378,\<dild[oi]\>,11
23379,\<dio [ck]ane?\>,11
23380,\<dio boia\>,11
23381,\<dio porco\>,11
23382,\<dio[ck]ane?\>,11
23383,\<dioboia\>,11
23384,\<dioporco\>,11
23385,\<ditalin,11
23386,\<eiacul,11
23387,\<fanc,11
23388,\<fellatio\>,11
23389,\<fi[cg]a,11
23390,\<figli[oa] di puttana\>,11
23391,\<figli[oa] di troia\>,11
23392,\<figli[oa]diputtana\>,11
23393,\<figli[oa]ditroia\>,11
23394,\<fott,11
23395,\<fregn,11
23396,\<froci,11
23397,\<gangbang\>,11
23398,\<ganja\>,11
23399,\<gay\>,11
23400,\<hashish\>,11
23401,\<ingoi,11
23402,\<lesb,11
23403,\<limona,11
23404,\<lsd\>,11
23405,\<mari?juana\>,11
23406,\<merd,11
23407,\<mescalina\>,11
23408,\<metanfetamina\>,11
23409,\<meth\>,11
23410,\<mignott+,11
23411,\<milf\>,11
23412,\<minchi,11
23413,\<nazi,11
23414,\<necrofil,11
23415,\<negr,11
23416,\<nerchi,11
23417,\<oppio\>,11
23418,\<orgasm,11
23419,\<pedofil,11
23420,\<pen[ei]\>,11
23421,\<pipp[ae]\>,11
23422,\<pirl,11
23423,\<pompin,11
23424,\<porc,11
23425,\<porca madonna\>,11
23426,\<porca puttana\>,11
23427,\<porcamadonna\>,11
23428,\<porcaputtana\>,11
23429,\<porco dio\>,11
23430,\<porcod+io+\>,11
23431,\<porn,11
23432,\<puttan,11
23433,\<r[ie]cchion,11
23434,\<roipnol\>,11
23435,\<sborr?,11
23436,\<scopa,11
23437,\<sega,11
23438,\<seghe\>,11
23439,\<sorca\>,11
23440,\<sorche\>,11
23441,\<sperma\>,11
23442,\<stronz,11
23443,\<stupr,11
23444,\<succhiacazz[oi]\>,11
23445,\<succhiaminchi[ae]\>,11
23446,\<succhiapen[ei]\>,11
23447,\<terron,11
23448,\<testa di cazzo\>,11
23449,\<testa di minchia\>,11
23450,\<testadicazzo\>,11
23451,\<testadiminchia\>,11
23452,\<tett[ae]\>,11
23453,\<tetton[ae]\>,11
23454,\<trans\>,11
23455,\<transessual[ei]\>,11
23456,\<travell[io]\>,11
23457,\<travon[ei]\>,11
23458,\<troi,11
23459,\<tromba,11
23460,\<vacca\>,11
23461,\<vacch,11
23462,\<vaffancul,11
23463,\<vagin,11
23464,\<viagra\>,11
23465,\<vibrator[ei]\>,11
23466,\<violentare\>,11
23467,\<zinn[ae]\>,11
23468,\<zoccol[ae]\>,11
23469,\<zoofil,11
23470,курва,8
26230,nigger,0
26231,nigger,1
26232,nigger,2
26233,nigger,3
26235,nigger,5
26236,nigger,6
26237,nigger,7
26238,nigga,0
26239,nigga,1
26240,nigga,2
26241,nigga,3
26243,nigga,5
26244,nigga,6
26245,nigga,7
26246,niggr,0
26247,niggr,1
26248,niggr,2
26249,niggr,3
26251,niggr,5
26252,niggr,6
26253,niggr,7
27468,개젖,1
27469,쌍녀나,1
27828,\bfascis[mt]\b,6
27829,\bjulandr[oó]n\b,6
32785,\bzyklonb\b,3
32786,\bgestapo\b,3
32787,\bhimmler\b,3
32788,\bauschwitz\b,3
32789,\binsgas\b,3
32790,\bpolpot\b,3
32951,\braper\b,7
33056,Asstastaa,5
33147,epstein,0
