Name,Position[0],Position[1],Position[2],Direction[0],Direction[1],Direction[2],ID,SoundEntriesID,WorldStateExpressionID,EmitterType,PhaseID,PhaseGroupID,PhaseUseFlags,Flags,MapID
1.15.5 - SoD - World Tree Portal - Duskwood,-10364,-421.77258,64.21817,0,0,0,25040,274727,0,0,0,0,0,0,0
1.15.5 - SoD - World Tree Portal - Feralas,-2860.2415,1878.0729,52.6481,0,0,0,25041,274727,0,0,0,0,0,0,1
1.15.5 - SoD - World Tree Portal - Ashenvale,3321.784,-3735.837,173.455,0,0,0,25042,274727,0,0,0,0,0,0,1
1.15.5 - SoD - World Tree Portal - Hinterlands,878.55554,-3972.29,145.824,0,0,0,25043,274727,0,0,0,0,0,0,0
1.15.5 - SoD - World Tree Portal - Duskwood - Raid,-10360.486,-421.02603,64.28933,0,0,0,25044,274727,0,0,0,0,0,0,2832
1.15.5 - SoD - World Tree Portal - Feralas - Raid,-2858.3906,1876.8698,52.64518,0,0,0,25045,274727,0,0,0,0,0,0,2832
1.15.5 - SoD - World Tree Portal - Ashenvale - Raid,3321.8665,-3736.3386,173.45367,0,0,0,25046,274727,0,0,0,0,0,0,2832
1.15.5 - SoD - World Tree Portal - Hinterlands - Raid,879.21704,-3971.0574,146.29555,0,0,0,25047,274727,0,0,0,0,0,0,2832
1.15.6 SoD - Dungeon - Karazhan Crypts - Emitter - Blood - 01,-11140,-1570.71,29.5387,0,0,0,25768,280266,0,0,0,0,0,0,2875
1.15.6 SoD - Dungeon - Karazhan Crypts - Emitter - Blood - 02,-11191.8,-1424.93,-0.902766,0,0,0,25769,280266,0,0,0,0,0,0,2875
1.15.6 SoD - Dungeon - Karazhan Crypts - Emitter - Blood - 03,-11189.9,-1465.19,3.57714,0,0,0,25770,280266,0,0,0,0,0,0,2875
1.15.6 SoD - Dungeon - Karazhan Crypts - Emitter - Blood - 04,-11248.1,-1420.79,-4.54455,0,0,0,25771,280266,0,0,0,0,0,0,2875
AMB Camelot - Forest - Ext - Periodic - Rock Pebble Movement,-9127.283,-498.37674,102.78896,0,0,0,25799,282849,0,1,0,0,0,0,0
AMB Camelot - Forest - Ext - Periodic - Rock Pebble Movement,-8720.259,-341.5382,103.90369,0,0,0,25800,282849,0,1,0,0,0,0,0
AMB Camelot - Forest - Ext - Periodic - Rock Pebble Movement,-8702.726,-7.0208335,117.67257,0,0,0,25801,282849,0,1,0,0,0,0,0
AMB Camelot - Forest - Ext - Periodic - Rock Pebble Movement,-9163.411,-224.38194,95.779854,0,0,0,25802,282849,0,1,0,0,0,0,0
AMB Camelot - Shrub Movement,-8900.745,-102.45486,82.509186,0,0,0,25814,283039,0,0,0,0,0,0,0
AMB Camelot - Shrub Movement,-8873.467,-106.88021,81.67686,0,0,0,25815,283039,0,0,0,0,0,0,0
AMB Camelot - Shrub Movement,-8849.332,-76.86806,84.78366,0,0,0,25816,283039,0,0,0,0,0,0,0
AMB Camelot - Shrub Movement,-8830.816,-39.064236,89.44567,0,0,0,25817,283039,0,0,0,0,0,0,0
AMB Camelot - Shrub Movement,-8875.665,-158.25,80.004295,0,0,0,25818,283039,0,0,0,0,0,0,0
AMB Camelot - Shrub Movement,-8793.357,-147.65451,83.38036,0,0,0,25819,283039,0,0,0,0,0,0,0
AMB Camelot - Shrub Movement,-8791.95,-237.33507,83.12228,0,0,0,25820,283039,0,0,0,0,0,0,0
AMB Camelot - Shrub Movement,-8803.513,-268.80383,81.64821,0,0,0,25821,283039,0,0,0,0,0,0,0
AMB Camelot - Shrub Movement,-8863.993,-310,75.77381,0,0,0,25822,283039,0,0,0,0,0,0,0
AMB Camelot - Shrub Movement,-8903.811,-305.06076,74.86942,0,0,0,25823,283039,0,0,0,0,0,0,0
AMB Camelot - Shrub Movement,-8945.181,-288.3559,74.86619,0,0,0,25824,283039,0,0,0,0,0,0,0
AMB Camelot - Shrub Movement,-8995.174,-261.60416,70.72989,0,0,0,25825,283039,0,0,0,0,0,0,0
AMB Camelot - Shrub Movement,-8980.552,-167.03993,78.563515,0,0,0,25826,283039,0,0,0,0,0,0,0
AMB Camelot - Shrub Movement,-8999.629,-104.34549,86.42186,0,0,0,25827,283039,0,0,0,0,0,0,0
AMB Camelot - Shrub Movement,-8682.486,-107.03472,89.17838,0,0,0,25828,283039,0,0,0,0,0,0,0
AMB Camelot - Shrub Movement,-9121.598,-326.50696,72.50771,0,0,0,25829,283039,0,0,0,0,0,0,0
AMB Camelot - Shrub Movement,-9099.323,-382.72745,73.62978,0,0,0,25830,283039,0,0,0,0,0,0,0
AMB Camelot - Night - Cricket Loop Stereo Emitter,-9066.672,-335.70486,73.45173,0,0,0,25836,283047,0,0,0,0,0,0,0
AMB Camelot - Night - Cricket Periodic,-8943.098,-426.52777,65.36355,0,0,0,25837,283046,0,0,0,0,0,0,0
AMB Camelot - Night - Cricket Periodic,-8956.026,-353.59897,72.91307,0,0,0,25838,283046,0,0,0,0,0,0,0
AMB Camelot - Night - Cricket Periodic,-8874.513,-295.56772,77.45291,0,0,0,25839,283046,0,0,0,0,0,0,0
AMB Camelot - Night - Cricket Periodic,-8790.406,-183.88542,81.57244,0,0,0,25840,283046,0,0,0,0,0,0,0
AMB Camelot - Night - Cricket Periodic,-8837.54,-130.88194,81.202156,0,0,0,25841,283046,0,0,0,0,0,0,0
AMB Camelot - Night - Cricket Periodic,-8924.747,-79.87847,87.76176,0,0,0,25842,283046,0,0,0,0,0,0,0
AMB Camelot - Night - Cricket Periodic,-8971.598,-64.673615,91.06088,0,0,0,25843,283046,0,0,0,0,0,0,0
AMB Camelot - Night - Cricket Periodic,-9063.614,-230.12154,72.44589,0,0,0,25844,283046,0,0,0,0,0,0,0
AMB Camelot - Night - Cricket Periodic,-9116.335,-229.11285,75.21834,0,0,0,25845,283046,0,0,0,0,0,0,0
AMB Camelot - Night - Cricket Periodic,-9047.359,-399.77603,72.590996,0,0,0,25846,283046,0,0,0,0,0,0,0
AMB Camelot - Night - Cricket Loop Stereo Emitter,-8743.915,-17.909723,91.838295,0,0,0,25847,283047,0,0,0,0,0,0,0
AMB Camelot - Night - Cricket Loop Stereo Emitter,-9021.859,-54.04514,88.9266,0,0,0,25848,283047,0,0,0,0,0,0,0
1.15.7 SoD - Raid - Scarlet Enclave - Boss 8 - Caldoran - Purified Ashbringer - Before RP,2926.9,-6020.73,191.067,0,0,0,26334,287690,47192,0,0,0,0,0,2856
1.60 AMB - Northshire Valley - Waterfall - Large - Pill Emitter,-8927.36,-3486.28,76.2624,0,0,0,26422,3792,0,1,0,0,0,0,0
1.60 Amb - Northshire Valley - Cathederal Entrance Emitter,-8907.36,-150.915,81.9443,0,0,0,26665,289768,0,0,0,0,0,0,0
1.60 Amb - Northshire Valley - Cathederal Entrance Emitter - Forest,-8910.573,-143.1302,82.2098,0.38016203,-0.92491984,0,26666,289770,0,0,0,0,0,0,0
1.60 AMB - Flavor - CAM3 - Lamp Movement 01,-8945.458,-3318.5989,83.070435,0,0,0,26685,289033,0,0,0,0,0,0,2940
1.60 AMB - Flavor - CAM3 - Lamp Movement 02,-9032.859,-3308.6614,87.93329,0,0,0,26686,289033,0,0,0,0,0,0,2940
1.60 AMB - Flavor - CAM3 - Lamp Movement 03,-9004.145,-3215.1736,88.68491,0,0,0,26687,289033,0,0,0,0,0,0,2940
1.60 Amb - Northshire Valley - CAM1 - Fire - Torch - Emitter 01,-8867.802,-216.65105,82.014626,0,0,0,26690,289173,0,0,0,0,0,0,2940
1.60 Amb - Northshire Valley - CAM1 - Fire - Torch - Emitter 02,-8856.158,-211.67535,81.99365,0,0,0,26691,289173,0,0,0,0,0,0,2940
1.60 Amb - Northshire Valley - CAM2 - Fire - Torch - Emitter 01,-8867.1,-1816.84,81.0261,0,0,0,26693,289173,0,0,0,0,0,0,2940
1.60 Amb - Northshire Valley - CAM2 - Fire - Torch - Emitter 02,-8856.158,-211.67535,81.99365,0,0,0,26694,289173,0,0,0,0,0,0,2940
1.60 Amb - Northshire Valley - CAM3 - Fire - Torch - Emitter 01,-8867.16,-3417.13,81.0453,0,0,0,26695,289173,0,0,0,0,0,0,2940
1.60 Amb - Northshire Valley - CAM3 - Fire - Torch - Emitter 02,-8856.196,-3411.7864,82.03021,0,0,0,26696,289173,0,0,0,0,0,0,2940
1.60 AMB - Northshire Valley - CAM3 - Waterfall - Large - Pill Emitter,-8722.4,-3639.65,139.338,0,0,0,26697,3792,0,1,0,0,0,0,2940
1.60 AMB - Northshire Valley - CAM2 - Waterfall - Large - Pill Emitter,-8719.31,-2031.92,142.888,0,0,0,26698,3792,0,1,0,0,0,0,2940
1.60 AMB - Northshire Valley - CAM1 - Waterfall - Large - Pill Emitter,-8718.74,-433.655,143.775,0,0,0,26699,3792,0,1,0,0,0,0,2940
1.60 AMB - Forest - Ext - CAM1 - Periodic - Rock Pebble Movement,-8712.599,-356.625,112.68983,0,0,0,26700,282849,0,1,0,0,0,0,2940
1.60 AMB - Northshire Valley - CAM2 - Periodic - Rock Pebble Movement,-8722.473,-1965.4375,99.407036,0,0,0,26701,282849,0,1,0,0,0,0,2940
1.60 AMB - Northshire Valley - CAM3 - Periodic - Rock Pebble Movement,-8725.656,-3558.8074,99.38837,0,0,0,26702,282849,0,1,0,0,0,0,2940
AMB Camelot - Forest - Ext - CAM1 - ZoneTone - Day - A,-8738.587,-4.9027777,102.82834,0,0,0,26703,283585,0,0,0,0,0,0,2940
AMB Camelot - Forest - Ext - CAM2 - ZoneTone - Day - A,-8733.471,-1600.2535,104.70068,0,0,0,26704,283585,0,0,0,0,0,0,2940
AMB Camelot - Forest - Ext - CAM3 - ZoneTone - Day - A,-8734.598,-3201.9722,104.12524,0,0,0,26705,283585,0,0,0,0,0,0,2940
AMB Camelot - Forest - Ext - CAM3 - ZoneTone - Day - D,-8746.661,-3577.8801,74.69388,0,0,0,26706,282815,0,0,0,0,0,0,2940
AMB Camelot - Forest - Ext - CAM2 - ZoneTone - Day - D,-8747.8545,-1978.368,73.673775,0,0,0,26707,282815,0,0,0,0,0,0,2940
AMB Camelot - Forest - Ext - CAM1 - ZoneTone - Day - D,-8748.054,-377.24307,73.60123,0,0,0,26708,282815,0,0,0,0,0,0,2940
AMB Camelot - Night - CAM1 - Cricket Loop Stereo Emitter,-8744.226,-19.942709,91.536476,0,0,0,26709,283047,0,0,0,0,0,0,2940
AMB Camelot - Night - CAM1 - Cricket Loop Stereo Emitter,-9022.038,-51.319447,88.99848,0,0,0,26710,283047,0,0,0,0,0,0,2940
AMB Camelot - Night - CAM2 - Cricket Loop Stereo Emitter,-9021.622,-1651.0486,88.91367,0,0,0,26711,283047,0,0,0,0,0,0,2940
AMB Camelot - Night - CAM2 - Cricket Loop Stereo Emitter,-8742.491,-1617.4983,91.7558,0,0,0,26712,283047,0,0,0,0,0,0,2940
AMB Camelot - Night - CAM3 - Cricket Loop Stereo Emitter,-9021.66,-3251.3281,88.9285,0,0,0,26713,283047,0,0,0,0,0,0,2940
AMB Camelot - Night - CAM3 - Cricket Loop Stereo Emitter,-8744.363,-3217.7588,91.91971,0,0,0,26714,283047,0,0,0,0,0,0,2940
AMB Camelot - Shrub Movement,-8899.424,-3301.9844,82.02652,0,0,0,26715,283039,0,0,0,0,0,0,2940
AMB Camelot - Shrub Movement,-8870.88,-3306.1892,81.50819,0,0,0,26716,283039,0,0,0,0,0,0,2940
AMB Camelot - Night - Cricket Periodic,-8836.489,-3332.2517,81.265465,0,0,0,26717,283046,0,0,0,0,0,0,2940
AMB Camelot - Night - Cricket Periodic,-8925.078,-3281.9688,87.17136,0,0,0,26718,283046,0,0,0,0,0,0,2940
AMB Camelot - Shrub Movement,-9002.379,-3305.5364,86.547714,0,0,0,26719,283039,0,0,0,0,0,0,2940
AMB Camelot - Night - Cricket Periodic,-8971.191,-3264.434,91.11865,0,0,0,26720,283046,0,0,0,0,0,0,2940
AMB Camelot - Shrub Movement,-8828.8545,-3239.9514,89.45579,0,0,0,26721,283039,0,0,0,0,0,0,2940
AMB Camelot - Shrub Movement,-8682.2295,-3307.434,89.234436,0,0,0,26722,283039,0,0,0,0,0,0,2940
AMB Camelot - Shrub Movement,-8792.103,-3348.0452,83.287254,0,0,0,26723,283039,0,0,0,0,0,0,2940
AMB Camelot - Night - Cricket Periodic,-8789.731,-3383.3645,81.55352,0,0,0,26724,283046,0,0,0,0,0,0,2940
AMB Camelot - Shrub Movement,-8876.21,-3358.5312,80.18406,0,0,0,26725,283039,0,0,0,0,0,0,2940
AMB Camelot - Shrub Movement,-8791.841,-3436.0208,83.23132,0,0,0,26726,283039,0,0,0,0,0,0,2940
AMB Camelot - Shrub Movement,-8803.544,-3469.4932,81.511696,0,0,0,26727,283039,0,0,0,0,0,0,2940
AMB Camelot - Shrub Movement,-8864.064,-3510.5088,75.63923,0,0,0,26728,283039,0,0,0,0,0,0,2940
AMB Camelot - Night - Cricket Periodic,-8875.88,-3496.5347,77.12816,0,0,0,26729,283046,0,0,0,0,0,0,2940
AMB Camelot - Shrub Movement,-8904.528,-3505.0105,74.88185,0,0,0,26730,283039,0,0,0,0,0,0,2940
AMB Camelot - Shrub Movement,-8943.879,-3488.283,74.63212,0,0,0,26731,283039,0,0,0,0,0,0,2940
AMB Camelot - Shrub Movement,-8994.696,-3462.6042,70.77378,0,0,0,26732,283039,0,0,0,0,0,0,2940
AMB Camelot - Shrub Movement,-8980.221,-3368.4392,78.34168,0,0,0,26733,283039,0,0,0,0,0,0,2940
AMB Camelot - Night - Cricket Periodic,-8943.9375,-3627.7673,65.34959,0,0,0,26734,283046,0,0,0,0,0,0,2940
AMB Camelot - Night - Cricket Periodic,-8955.393,-3555.9653,73.02193,0,0,0,26735,283046,0,0,0,0,0,0,2940
1.60 Amb - Northshire Valley - CAM1 - Cathederal Entrance Emitter,-8907.73,-149.387,81.9465,0,0,0,26736,289768,0,0,0,0,0,0,2940
1.60 Amb - Northshire Valley - CAM1 - Cathederal Entrance Emitter - Forest,-8911.511,-142.73611,82.2084,0.41998857,-0.9075294,0,26737,289770,0,0,0,0,0,0,2940
AMB Camelot - Forest - Ext - CAM1 - ZoneTone - Day - B,-9023.778,45.36632,90.29736,0,0,0,26906,283586,0,0,0,0,0,0,2940
AMB Camelot - Forest - Ext - CAM1 - ZoneTone - Day - C,-9154.223,-425.217,90.29736,0,0,0,26907,282814,0,0,0,0,0,0,2940
AMB Camelot - Forest - Ext - CAM2 - ZoneTone - Day - C,-9136.205,-2037.6302,73.673775,0,0,0,26908,282814,0,0,0,0,0,0,2940
AMB Camelot - Forest - Ext - CAM2 - ZoneTone - Day - B,-9018.656,-1553.4236,104.70068,0,0,0,26909,283586,0,0,0,0,0,0,2940
AMB Camelot - Forest - Ext - CAM3 - ZoneTone - Day - C,-9146.125,-3628.6165,74.69388,0,0,0,26910,282814,0,0,0,0,0,0,2940
AMB Camelot - Forest - Ext - CAM3 - ZoneTone - Day - B,-9021.06,-3151.731,104.12524,0,0,0,26911,283586,0,0,0,0,0,0,2940
1.60 Amb - Northshire Valley - CAM 1 - Periodic - Distant Wood Chops - Pill Emitter,-8964.17,-236.555,76.0178,0,0,0,26912,290545,0,1,0,0,0,0,2940
1.60 Amb - Northshire Valley - CAM 2 - Periodic - Distant Wood Chops - Pill Emitter,-8967.43,-1854.45,74.1926,0,0,0,26916,290545,0,1,0,0,0,0,2940
1.60 Amb - Northshire Valley - CAM 3 - Periodic - Distant Wood Chops - Pill Emitter,-8970.48,-3421.61,75.2066,0,0,0,26917,290545,0,1,0,0,0,0,2940
1.60 Amb - Northshire Valley - CAM2 - Cathederal Entrance Emitter - Forest,-8911.101,-1743.3298,82.23,0.4132818,-0.9106032,0,27114,289770,0,0,0,0,0,0,2940
1.60 Amb - Northshire Valley - CAM3 - Cathederal Entrance Emitter - Forest,-8910.36,-3344.07,81.9758,0.41328186,-0.9106031,0,27116,289770,0,0,0,0,0,0,2940
1.60 Amb - Northshire Valley - CAM3 - 10EL_ExplorersLeague_WaterBucket03 Emitter 01,-8906.03,-3309.34,82.2288,0,0,0,27176,291378,0,0,0,0,0,0,2940
1.60 Amb - Northshire Valley - CAM3 - 10EL_ExplorersLeague_WaterBucket03 Emitter 02,-8895.92,-3319.31,82.1254,0,0,0,27177,291378,0,0,0,0,0,0,2940
1.60 Amb - Northshire Valley - CAM1 - WaterBasin Emitter 01,-8907.5,-107.002,82.0036,0,0,0,27178,291380,0,0,0,0,0,0,2940
1.60 Amb - Northshire Valley - CAM1 - WaterBasin Emitter 02,-8896.4,-119.351,82.026,0,0,0,27179,291380,0,0,0,0,0,0,2940
1.60 Amb - Northshire Valley - CAM2 - WaterBasin Emitter 02,-8896.24,-1719.69,82.1793,0,0,0,27180,291380,0,0,0,0,0,0,2940
1.60 Amb - Northshire Valley - CAM1 - WaterBasin Emitter 01,-8907.55,-1706.66,82.0031,0,0,0,27181,291380,0,0,0,0,0,0,2940
1.60 Amb - Northshire Valley - CAM1 - Pyre - Fire Emitter 01,-8904.77,-131.684,85.4984,0,0,0,27381,291554,0,0,0,0,0,0,2940
1.60 Amb - Northshire Valley - CAM1 - Pyre - Fire Emitter 02,-8922.88,-139.081,85.5687,0,0,0,27382,291554,0,0,0,0,0,0,2940
1.60 Amb - Northshire Valley - CAM2 - Pyre - Fire Emitter 01,-8904.41,-1731.99,85.8671,0,0,0,27383,291554,0,0,0,0,0,0,2940
1.60 Amb - Northshire Valley - CAM2 - Pyre - Fire Emitter 02,-8922.75,-1738.89,85.7902,0,0,0,27384,291554,0,0,0,0,0,0,2940
1.60 Amb - Northshire Valley - CAM3 - Pyre - Fire Emitter 01,-8904.81,-3331.54,85.7203,0,0,0,27385,291554,0,0,0,0,0,0,2940
1.60 Amb - Northshire Valley - CAM3 - Pyre - Fire Emitter 02,-8923.18,-3338.99,85.9246,0,0,0,27386,291554,0,0,0,0,0,0,2940
1.60 Amb - Northshire Valley - CAM3 - Bush Rustle - Pill Emitter 01,-9030.92,-3228.98,88.4672,0,0,0,27572,291673,0,1,0,0,0,0,2940
1.60 Amb - Northshire Valley - CAM3 - Bush Rustle - Pill Emitter 02,-9034.82,-3262.61,88.4229,0,0,0,27573,291673,0,1,0,0,0,0,2940
1.60 Amb - Northshire Valley - CAM3 - Bush Rustle - Pill Emitter 03,-9018.39,-3223.15,88.4926,0,0,0,27574,291673,0,1,0,0,0,0,2940
1.60 Amb - Northshire Valley - CAM3 - Bush Rustle - Emitter 01,-9057.46,-3292.46,87.9929,0,0,0,27575,291674,0,0,0,0,0,0,2940
1.60 Amb - Northshire Valley - CAM3 - Bush Rustle - Emitter 02,-9024.12,-3269.35,89.2858,0,0,0,27576,291674,0,0,0,0,0,0,2940
1.60 Amb - Northshire Valley - CAM3 - Bush Rustle - Emitter 03,-9022.19,-3259.05,89.0099,0,0,0,27577,291674,0,0,0,0,0,0,2940
1.60 Amb - Northshire Valley - CAM3 - Bush Rustle - Emitter 04,-9020.81,-3244.17,88.1022,0,0,0,27578,291674,0,0,0,0,0,0,2940
1.60 Amb - Northshire Valley - CAM3 - Bush Rustle - Emitter 05,-9019.91,-3236.82,87.9855,0,0,0,27579,291674,0,0,0,0,0,0,2940
1.60 Amb - Northshire Valley - CAM3 - Bush Rustle - Pill Emitter 04,-9029.06,-3279.28,89.5468,0,0,0,27580,291673,0,1,0,0,0,0,2940
1.60 Amb - Northshire Valley - CAM3 - Bush Rustle - Emitter 06,-9042.18,-3305.31,88.4021,0,0,0,27581,291674,0,0,0,0,0,0,2940
1.60 Amb - Northshire Valley - CAM3 - Bush Rustle - Emitter 07,-9043.49,-3195.05,88.1546,0,0,0,27582,291674,0,0,0,0,0,0,2940
1.60 Amb - Northshire Valley - CAM3 - Bush Rustle - Emitter 08,-8977.65,-3295.44,85.5087,0,0,0,27583,291674,0,0,0,0,0,0,2940
1.60 Amb - Northshire Valley - CAM3 - Bush Rustle - Emitter 09,-9014.03,-3301.78,87.0014,0,0,0,27584,291674,0,0,0,0,0,0,2940
1.60 Amb - Northshire Valley - CAM3 - Bush Rustle - Emitter 10,-9001.47,-3253.66,88.0108,0,0,0,27585,291674,0,0,0,0,0,0,2940
1.60 Amb - Northshire Valley - CAM3 - Bush Rustle - Emitter 11,-8985.09,-3310.76,85.246,0,0,0,27586,291674,0,0,0,0,0,0,2940
1.60 Amb - Northshire Valley - CAM1 - Bush Rustle - Emitter 11,-8979.54,-96.0455,85.2484,0,0,0,27587,291674,0,0,0,0,0,0,2940
1.60 Amb - Northshire Valley - CAM1 - Bush Rustle - Emitter 10,-8986.05,-109.695,85.2552,0,0,0,27588,291674,0,0,0,0,0,0,2940
1.60 Amb - Northshire Valley - CAM1 - Bush Rustle - Emitter 09,-9015.39,-99.2248,86.9729,0,0,0,27589,291674,0,0,0,0,0,0,2940
1.60 Amb - Northshire Valley - CAM1 - Bush Rustle - Emitter 08,-9041.48,-105.6,88.3499,0,0,0,27590,291674,0,0,0,0,0,0,2940
1.60 Amb - Northshire Valley - CAM1 - Bush Rustle - Emitter 07,-9057.43,-92.5053,87.9993,0,0,0,27591,291674,0,0,0,0,0,0,2940
1.60 Amb - Northshire Valley - CAM1 - Bush Rustle - Emitter 06,-9043.76,5.06762,88.1142,0,0,0,27592,291674,0,0,0,0,0,0,2940
1.60 Amb - Northshire Valley - CAM1 - Bush Rustle - Emitter 05,-9018.81,10.2114,88.857,0,0,0,27593,291674,0,0,0,0,0,0,2940
1.60 Amb - Northshire Valley - CAM1 - Bush Rustle - Emitter 04,-9026.19,11.4274,88.0087,0,0,0,27594,291674,0,0,0,0,0,0,2940
1.60 Amb - Northshire Valley - CAM1 - Bush Rustle - Emitter 03,-9006.53,-2.34925,89.2156,0,0,0,27595,291674,0,0,0,0,0,0,2940
1.60 Amb - Northshire Valley - CAM1 - Bush Rustle - Emitter 02,-9001.94,-52.3042,87.9153,0,0,0,27596,291674,0,0,0,0,0,0,2940
1.60 Amb - Northshire Valley - CAM1 - Bush Rustle - Emitter 01,-9025.63,-68.9894,89.2142,0,0,0,27597,291674,0,0,0,0,0,0,2940
1.60 Amb - Northshire Valley - CAM1 - Bush Rustle - Emitter 12,-9020.93,-43.1133,87.9318,0,0,0,27598,291674,0,0,0,0,0,0,2940
1.60 Amb - Northshire Valley - CAM1 - Bush Rustle - Emitter 13,-9019.79,-36.5175,87.9318,0,0,0,27599,291674,0,0,0,0,0,0,2940
1.60 Amb - Northshire Valley - CAM1 - Bush Rustle - Pill Emitter 01,-9019.36,-23.2341,88.5678,0,0,0,27600,291673,0,1,0,0,0,0,2940
1.60 Amb - Northshire Valley - CAM1 - Bush Rustle - Pill Emitter 02,-9022.69,-56.1653,89.1328,0,0,0,27601,291673,0,1,0,0,0,0,2940
1.60 Amb - Northshire Valley - CAM1 - Bush Rustle - Pill Emitter 03,-9028.76,-79.4334,89.4664,0,0,0,27602,291673,0,1,0,0,0,0,2940
1.60 Amb - Northshire Valley - CAM1 - Bush Rustle - Pill Emitter 04,-9044.25,-84.1618,88.4869,0,0,0,27603,291673,0,1,0,0,0,0,2940
1.60 Amb - Northshire Valley - CAM1 - Bush Rustle - Pill Emitter 05,-9031.62,-32.5669,88.3771,0,0,0,27604,291673,0,1,0,0,0,0,2940
1.60 Amb - Northshire Valley - CAM1 - Bush Rustle - Emitter 14,-9004.5,-6.65158,89.377,0,0,0,27605,291674,0,0,0,0,0,0,2940
1.60 Amb - Northshire Valley - CAM2 - Bush Rustle - Emitter 14,-8979.73,-1695.87,85.2637,0,0,0,27606,291674,0,0,0,0,0,0,2940
1.60 Amb - Northshire Valley - CAM2 - Bush Rustle - Emitter 13,-8985.88,-1709.8,85.2534,0,0,0,27607,291674,0,0,0,0,0,0,2940
1.60 Amb - Northshire Valley - CAM2 - Bush Rustle - Emitter 12,-8999.48,-1705.31,86.3882,0,0,0,27608,291674,0,0,0,0,0,0,2940
1.60 Amb - Northshire Valley - CAM2 - Bush Rustle - Emitter 01,-9015.25,-1699.13,86.9566,0,0,0,27609,291674,0,0,0,0,0,0,2940
1.60 Amb - Northshire Valley - CAM2 - Bush Rustle - Emitter 02,-9041.5,-1705.64,88.3655,0,0,0,27610,291674,0,0,0,0,0,0,2940
1.60 Amb - Northshire Valley - CAM2 - Bush Rustle - Emitter 03,-9057.15,-1692.75,88.0372,0,0,0,27611,291674,0,0,0,0,0,0,2940
1.60 Amb - Northshire Valley - CAM2 - Bush Rustle - Emitter 04,-9043.8,-1595.16,88.1142,0,0,0,27612,291674,0,0,0,0,0,0,2940
1.60 Amb - Northshire Valley - CAM2 - Bush Rustle - Emitter 05,-9026.14,-1588.6,88.0138,0,0,0,27613,291674,0,0,0,0,0,0,2940
1.60 Amb - Northshire Valley - CAM2 - Bush Rustle - Emitter 06,-9018.69,-1590.34,89.8633,0,0,0,27614,291674,0,0,0,0,0,0,2940
1.60 Amb - Northshire Valley - CAM2 - Bush Rustle - Emitter 07,-9006.61,-1602.21,89.2031,0,0,0,27615,291674,0,0,0,0,0,0,2940
1.60 Amb - Northshire Valley - CAM2 - Bush Rustle - Emitter 08,-9004.63,-1606.46,89.3664,0,0,0,27616,291674,0,0,0,0,0,0,2940
1.60 Amb - Northshire Valley - CAM2 - Bush Rustle - Emitter 09,-9021.05,-1643.4,87.9597,0,0,0,27617,291674,0,0,0,0,0,0,2940
1.60 Amb - Northshire Valley - CAM2 - Bush Rustle - Emitter 10,-9019.79,-1636.82,87.9597,0,0,0,27618,291674,0,0,0,0,0,0,2940
1.60 Amb - Northshire Valley - CAM2 - Bush Rustle - Emitter 11,-9001.79,-1652.1,87.9597,0,0,0,27619,291674,0,0,0,0,0,0,2940
1.60 Amb - Northshire Valley - CAM2 - Bush Rustle - Emitter 15,-9024.45,-1669.45,89.2918,0,0,0,27620,291674,0,0,0,0,0,0,2940
1.60 Amb - Northshire Valley - CAM2 - Bush Rustle - Pill Emitter 01,-9029.32,-1679.14,89.5609,0,0,0,27621,291673,0,1,0,0,0,0,2940
1.60 Amb - Northshire Valley - CAM2 - Bush Rustle - Pill Emitter 02,-9023.43,-1655.48,89.1269,0,0,0,27622,291673,0,1,0,0,0,0,2940
1.60 Amb - Northshire Valley - CAM2 - Bush Rustle - Pill Emitter 03,-9020.02,-1623.59,88.6028,0,0,0,27623,291673,0,1,0,0,0,0,2940
1.60 Amb - Northshire Valley - CAM2 - Bush Rustle - Pill Emitter 04,-9033.07,-1611.97,88.5648,0,0,0,27624,291673,0,1,0,0,0,0,2940
1.60 Amb - Northshire Valley - CAM2 - Bush Rustle - Pill Emitter 05,-9034.5,-1661.76,88.4541,0,0,0,27625,291673,0,1,0,0,0,0,2940
"1.60 Amb - Desert - ZoneTone - Ext - 34,29 - Day - A",1332.9896,-1333.1841,211.33429,0,0,0,27702,292197,0,0,0,0,1,0,1
"1.60 Amb - Desert - ZoneTone - Ext - 36,29 - Day - B",1333.0486,-2399.8508,151.63759,0,0,0,27703,292199,0,0,0,0,1,0,1
"1.60 Amb - Desert - ZoneTone - Ext - 38,29 - Day - C",1332.4966,-3466.5173,186.87862,0,0,0,27704,292201,0,0,0,0,1,0,1
"1.60 Amb - Desert - ZoneTone - Ext - 35,30 - Day - D",799.75696,-1866.5173,101.63197,0,0,0,27705,292203,0,0,0,0,1,0,1
"1.60 Amb - Desert - ZoneTone - Ext - 37,30 - Day - E",799.65625,-2933.184,91.66661,0,0,0,27706,292205,0,0,0,0,1,0,1
"1.60 Amb - Desert - ZoneTone - Ext - 34,31 - Day - F",266.25,-1333.1841,174.15411,0,0,0,27707,292207,0,0,0,0,1,0,1
"1.60 Amb - Desert - ZoneTone - Ext - 36,31 - Day - G",266.1632,-2399.8508,176.42795,0,0,0,27708,292209,0,0,0,0,1,0,1
"1.60 Amb - Desert - ZoneTone - Ext - 38,31 - Day - A",266.32986,-3466.5173,27.878962,0,0,0,27709,292197,0,0,0,0,1,0,1
"1.60 Amb - Desert - ZoneTone - Ext - 35,32 - Day - B",-267.0295,-1866.5173,92.461426,0,0,0,27710,292199,0,0,0,0,1,0,1
"1.60 Amb - Desert - ZoneTone - Ext - 37,32 - Day - C",-275.467,-2933.1926,114.33789,0,0,0,27711,292201,0,0,0,0,1,0,1
"1.60 Amb - Desert - ZoneTone - Ext - 34,33 - Day - D",-808.06946,-1333.1927,311.3962,0,0,0,27712,292203,0,0,0,0,1,0,1
"1.60 Amb - Desert - ZoneTone - Ext - 36,33 - Day - E",-800.38367,-2399.8508,93.061066,0,0,0,27713,292205,0,0,0,0,1,0,1
"1.60 Amb - Desert - ZoneTone - Ext - 38,33 - Day - F",-800.34375,-3466.5173,91.66404,0,0,0,27714,292207,0,0,0,0,1,0,1
"1.60 Amb - Desert - ZoneTone - Ext - 35,34 - Day - G",-1333.6771,-1866.5173,92.73682,0,0,0,27715,292209,0,0,0,0,1,0,1
"1.60 Amb - Desert - ZoneTone - Ext - 37,34 - Day - A",-1333.6736,-2933.184,92.631,0,0,0,27716,292197,0,0,0,0,1,0,1
"1.60 Amb - Desert - ZoneTone - Ext - 35,34 - Coast - A",-1333.8334,-3999.8508,22.728027,0,0,0,27717,292235,0,0,0,0,1,0,1
"1.60 Amb - Desert - ZoneTone - Ext - 34,35 - Day - B",-1866.9879,-1333.1841,243.77298,0,0,0,27718,292199,0,0,0,0,1,0,1
"1.60 Amb - Desert - ZoneTone - Ext - 36,35 - Day - C",-1867.0156,-2399.8508,96.27485,0,0,0,27719,292201,0,0,0,0,1,0,1
"1.60 Amb - Desert - ZoneTone - Ext - 38,35 - Day - D",-1866.9392,-3466.5173,67.78985,0,0,0,27720,292203,0,0,0,0,1,0,1
"1.60 Amb - Desert - ZoneTone - Ext - 35,36 - Day - E",-2400.3438,-1866.5173,91.67014,0,0,0,27721,292205,0,0,0,0,1,0,1
"1.60 Amb - Desert - ZoneTone - Ext - 37,36 - Day - F",-2400.283,-2933.184,169.94577,0,0,0,27722,292207,0,0,0,0,1,0,1
"1.60 Amb - Desert - ZoneTone - Ext - 34,37 - Day - G",-2933.6824,-1333.1841,87.76549,0,0,0,27723,292209,0,0,0,0,1,0,1
"1.60 Amb - Desert - ZoneTone - Ext - 36,37 - Day - A",-2933.5208,-2399.8508,193.51921,0,0,0,27724,292197,0,0,0,0,1,0,1
"1.60 Amb - Desert - ZoneTone - Ext - 35,38 - Day - B",-3467.0017,-1866.5173,94.24436,0,0,0,27725,292199,0,0,0,0,1,0,1
"1.60 Amb - Desert - ZoneTone - Ext - 34,39 - Day - C",-4000.3438,-1333.1841,233.03815,0,0,0,27726,292201,0,0,0,0,1,0,1
"1.60 Amb - Desert - ZoneTone - Ext - 36,39 - Day - D",-4000.7327,-2399.8508,170.86624,0,0,0,27727,292203,0,0,0,0,1,0,1
"1.60 Amb - Desert - ZoneTone - Ext - 35,40 - Day - E",-4533.6665,-1866.5173,86.89678,0,0,0,27728,292205,0,0,0,0,1,0,1
"1.60 Amb - Forest - ZoneTone - Ext - 32,48 - Loop A",-8800.639,-266.3941,82.191025,0,0,0,27730,292507,0,0,0,0,1,0,0
"1.60 Amb - Forest - ZoneTone - Ext - 34,48 - Loop B",-8800.205,-1333.1841,145.77277,0,0,0,27731,292504,0,0,0,0,1,0,0
"1.60 Amb - Forest - ZoneTone - Ext - 31,49 - Loop C",-9333.685,266.81598,67.1208,0,0,0,27732,292502,0,0,0,0,1,0,0
"1.60 Amb - Forest - ZoneTone - Ext - 33,49 - Loop D",-9333.674,-799.8507,65.929115,0,0,0,27733,292500,0,0,0,0,1,0,0
"1.60 Amb - Forest - ZoneTone - Ext - 30,50 - Loop E",-9867.219,800.1493,14.423096,0,0,0,27734,292498,0,0,0,0,1,0,0
"1.60 Amb - Forest - ZoneTone - Ext - 32,50 - Loop F",-9866.978,-266.51736,35.761555,0,0,0,27735,292496,0,0,0,0,1,0,0
"1.60 Amb - Forest - ZoneTone - Ext - 34,50 - Loop C",-9866.969,-1333.1841,37.144722,0,0,0,27736,292502,0,0,0,0,1,0,0
1.60 Amb - Elwynn Forest - Jasperlode Mine - Mine Entrance Emitter,-9185.93,-606.451,62.5933,0,0,0,27737,291328,0,0,0,0,1,0,0
1.60 Amb - Elwynn Forest - Fargodeep Mine - Mine Entrance Emitter,-9826.74,206.122,14.5537,0,0,0,27738,291328,0,0,0,0,1,0,0
1.60 Amb - Elwynn Forest - Echo Ridge Mine - Mine Entrance Emitter,-8680.72,-118.108,90.7491,0,0,0,27779,291328,0,0,0,0,1,0,0
"1.60 Amb - Westfall - ZoneTone - Ext - 29,49 - Coast D",-9333.674,1333.4827,-39.434517,0,0,0,27782,294420,0,0,0,0,1,0,0
"1.60 Amb - Westfall - ZoneTone - Ext - 28,50 - Coast A",-9867.163,1866.816,-6.113037,0,0,0,27784,294423,0,0,0,0,1,0,0
"1.60 Amb - Westfall - ZoneTone - Ext - 27,51 - Coast C",-10399.875,2400.1494,-156.25215,0,0,0,27785,294421,0,0,0,0,1,0,0
"1.60 Amb - Westfall - ZoneTone - Ext - 27,53 - Coast B",-11467.011,2400.1494,-132.27753,0,0,0,27786,294422,0,0,0,0,1,0,0
"1.60 Amb - Westfall - ZoneTone - Ext - 28,54 - Coast D",-12000.234,1866.816,-304.46964,0,0,0,27789,294420,0,0,0,0,1,0,0
"1.60 Amb - Westfall - ZoneTone - Ext - 27,49 - Coast B",-9333.677,2400.1494,-515.5637,0,0,0,27791,294422,0,0,0,0,1,0,0
"1.60 Amb - Westfall - ZoneTone - Ext - 29,51 - Loop A",-10400.377,1333.4827,47.703995,0,0,0,27797,294425,0,0,0,0,1,0,0
"1.60 Amb - Westfall - ZoneTone - Ext - 28,52 - Loop D",-10933.651,1866.816,49.236004,0,0,0,27798,294427,0,0,0,0,1,0,0
"1.60 Amb - Westfall - ZoneTone - Ext - 30,52 - Loop B",-10933.696,800.1493,33.258762,0,0,0,27799,294429,0,0,0,0,1,0,0
"1.60 Amb - Westfall - ZoneTone - Ext - 29,53 - Loop C",-11466.844,1333.4827,125.41702,0,0,0,27800,294432,0,0,0,0,1,0,0
"1.60 Amb - Stonetalon Mountains - ZoneTone - Ext - 26,27 - Coast A",2400.0557,2933.4827,-27.447945,0,0,0,27822,294625,0,0,0,0,1,0,1
"1.60 Amb - Stonetalon Mountains - ZoneTone - Ext - 27,28 - Coast B",1866.6685,2400.1494,89.23673,0,0,0,27823,294628,0,0,0,0,1,0,1
"1.60 Amb - Stonetalon Mountains - ZoneTone - Ext - 26,29 - Coast C",1332.9896,2933.4827,-519.76495,0,0,0,27824,294627,0,0,0,0,1,0,1
"1.60 Amb - Stonetalon Mountains - ZoneTone - Ext - 27,30 - Coast D",799.5174,2400.1494,-509.1165,0,0,0,27825,294626,0,0,0,0,1,0,1
"1.60 Amb - Stonetalon Mountains - ZoneTone - Ext - 27,26 - Forest A",2933.1277,2400.1494,147.25314,0,0,0,27833,294644,0,0,0,0,1,0,1
"1.60 Amb - Stonetalon Mountains - ZoneTone - Ext - 28,27 - Canyon A",2399.658,1866.816,464.76926,0,0,0,27834,294636,0,0,0,0,1,0,1
"1.60 Amb - Stonetalon Mountains - ZoneTone - Ext - 29,28 - Canyon B",1858.3351,1333.474,156.85005,0,0,0,27836,294634,0,0,0,0,1,0,1
"1.60 Amb - Stonetalon Mountains - ZoneTone - Ext - 31,28 - Canyon C",1866.3611,266.81598,180.91193,0,0,0,27837,294632,0,0,0,0,1,0,1
"1.60 Amb - Stonetalon Mountains - ZoneTone - Ext - 28,29 - Canyon D",1333.007,1866.816,148.24312,0,0,0,27839,294630,0,0,0,0,1,0,1
"1.60 Amb - Stonetalon Mountains - ZoneTone - Ext - 30,29 - Canyon E",1333.0416,800.1493,188.80025,0,0,0,27840,294638,0,0,0,0,1,0,1
"1.60 Amb - Stonetalon Mountains - ZoneTone - Ext - 32,29 - Canyon F",1333.0139,-266.51736,0.45502388,0,0,0,27841,294640,0,0,0,0,1,0,1
"1.60 Amb - Stonetalon Mountains - ZoneTone - Ext - 29,30 - Canyon G",799.92535,1333.4827,26.72233,0,0,0,27844,294642,0,0,0,0,1,0,1
"1.60 Amb - Stonetalon Mountains - ZoneTone - Ext - 31,30 - Canyon A",799.6667,266.81598,23.74029,0,0,0,27846,294636,0,0,0,0,1,0,1
"1.60 Amb - Stonetalon Mountains - ZoneTone - Ext - 33,30 - Canyon B",697.42883,-799.9531,382.63318,0,0,0,27847,294634,0,0,0,0,1,0,1
"1.60 Amb - Stonetalon Mountains - ZoneTone - Ext - 32,31 - Canyon C",266.39062,-266.51736,289.51907,0,0,0,27848,294632,0,0,0,0,1,0,1
"1.60 Amb - Stonetalon Mountains - ZoneTone - Ext - 31,32 - Canyon D",-267.01215,266.81598,129.6672,0,0,0,27849,294630,0,0,0,0,1,0,1
"1.60 Amb - Stonetalon Mountains - ZoneTone - Ext - 33,32 - Canyon E",-267.00174,-799.8507,9.821479,0,0,0,27850,294638,0,0,0,0,1,0,1
1.60 Amb - Mirkfallon Lake - Flavor - Frog - Emitter,1588.4635,875.7205,123.39233,0,0,0,27851,294658,0,0,0,0,1,0,1
1.60 Amb - Stonetalon Mountains - Windshear Crag - Flavor - Tree with rope attached - Emitter 01,1235.3,226.124,23.1236,0,0,0,27852,294702,0,0,0,0,1,0,1
1.60 Amb - Stonetalon Mountains - Windshear Crag - Flavor - Tree with rope attached - Emitter 02,1089.66,-444,17.9715,0,0,0,27853,294702,0,0,0,0,1,0,1
1.60 Amb - Stonetalon Mountains - Windshear Crag - Flavor - Tree with rope attached - Emitter 03,1313.7,-325.963,25.7869,0,0,0,27854,294702,0,0,0,0,1,0,1
1.60 Amb - Stonetalon Mountains - Windshear Crag - Flavor - Tree with rope attached - Emitter 04,1296.73,-255.428,10.4041,0,0,0,27855,294702,0,0,0,0,1,0,1
1.60 Amb - Stonetalon Mountains - Windshear Crag - Flavor - Tree with rope attached - Emitter 05,1522.68,-216.221,44.2737,0,0,0,27856,294702,0,0,0,0,1,0,1
1.60 Amb - Stonetalon Mountains - Windshear Crag - Flavor - Tree with rope attached - Emitter 06,1145.81,-386.478,18.4631,0,0,0,27857,294702,0,0,0,0,1,0,1
"1.60 Amb - Tanaris - ZoneTone - Ext - 36,43 - Salt Flats E",-6139.4985,-2399.8577,37.18457,0,0,0,27863,294989,0,0,0,0,1,0,1
"1.60 Amb - Tanaris - ZoneTone - Ext - 37,44 - Salt Flats A",-6670.0103,-2933.1875,47.23424,0,0,0,27864,294993,0,0,0,0,1,0,1
"1.60 Amb - Tanaris - ZoneTone - Ext - 38,45 - Salt Flats B",-7200.3384,-3466.5173,9.471599,0,0,0,27865,294992,0,0,0,0,1,0,1
"1.60 Amb - Tanaris - ZoneTone - Ext - 40,45 - Salt Flats C",-7200.3384,-4533.184,15.744114,0,0,0,27866,294991,0,0,0,0,1,0,1
"1.60 Amb - Tanaris - ZoneTone - Ext - 41,44 - Coast E",-6666.9946,-5066.5176,-47.631645,0,0,0,27867,294985,0,0,0,0,1,0,1
"1.60 Amb - Tanaris - ZoneTone - Ext - 43,44 - Coast C",-6667.0103,-6133.184,-503.43402,0,0,0,27868,294988,0,0,0,0,1,0,1
"1.60 Amb - Tanaris - ZoneTone - Ext - 42,45 - Coast B",-7200.3696,-5599.8506,-500.89948,0,0,0,27869,294987,0,0,0,0,1,0,1
"1.60 Amb - Tanaris - ZoneTone - Ext - 43,46 - Coast A",-7733.6772,-6133.184,-503.43393,0,0,0,27870,294986,0,0,0,0,1,0,1
"1.60 Amb - Tanaris - ZoneTone - Ext - 41,46 - Coast D",-7733.71,-5066.5176,0.07926432,0,0,0,27871,294984,0,0,0,0,1,0,1
"1.60 Amb - Tanaris - ZoneTone - Ext - 39,46 - Salt Flats E",-7733.674,-3999.8508,8.942139,0,0,0,27872,294989,0,0,0,0,1,0,1
"1.60 Amb - Tanaris - ZoneTone - Ext - 37,46 - Salt Flats D",-7733.6704,-2933.184,31.049967,0,0,0,27873,294990,0,0,0,0,1,0,1
"1.60 Amb - Tanaris - ZoneTone - Ext - 36,47 - Salt Flats C",-8267.033,-2399.8508,8.94043,0,0,0,27874,294991,0,0,0,0,1,0,1
"1.60 Amb - Tanaris - ZoneTone - Ext - 38,47 - Salt Flats A",-8266.988,-3466.5173,17.053658,0,0,0,27875,294993,0,0,0,0,1,0,1
"1.60 Amb - Tanaris - ZoneTone - Ext - 40,47 - Salt Flats D",-8267.379,-4533.184,11.11868,0,0,0,27876,294990,0,0,0,0,1,0,1
"1.60 Amb - Tanaris - ZoneTone - Ext - 42,47 - Coast C",-8266.951,-5599.8506,-130.43484,0,0,0,27877,294988,0,0,0,0,1,0,1
"1.60 Amb - Tanaris - ZoneTone - Ext - 41,48 - Coast B",-8800.196,-5066.5176,-87.739655,0,0,0,27878,294987,0,0,0,0,1,0,1
"1.60 Amb - Tanaris - ZoneTone - Ext - 39,48 - Salt Flats C",-8800.391,-3999.8508,10.372776,0,0,0,27879,294991,0,0,0,0,1,0,1
"1.60 Amb - Tanaris - ZoneTone - Ext - 37,48 - Salt Flats B",-8800.38,-2933.184,23.219156,0,0,0,27880,294992,0,0,0,0,1,0,1
"1.60 Amb - Tanaris - ZoneTone - Ext - 35,48 - Salt Flats A",-8800.446,-1866.5173,38.17893,0,0,0,27881,294993,0,0,0,0,1,0,1
"1.60 Amb - Tanaris - ZoneTone - Ext - 36,49 - Salt Flats D",-9333.692,-2399.8508,11.993517,0,0,0,27882,294990,0,0,0,0,1,0,1
"1.60 Amb - Tanaris - ZoneTone - Ext - 38,49 - Salt Flats E",-9333.661,-3466.5173,9.4395075,0,0,0,27883,294989,0,0,0,0,1,0,1
"1.60 Amb - Tanaris - ZoneTone - Ext - 40,49 - Coast A",-9333.545,-4533.184,7.1055775,0,0,0,27884,294986,0,0,0,0,1,0,1
"1.60 Amb - Tanaris - ZoneTone - Ext - 41,50 - Coast E",-9953.823,-5066.604,-207.37845,0,0,0,27885,294985,0,0,0,0,1,0,1
"1.60 Amb - Tanaris - ZoneTone - Ext - 39,50 - Salt Flats A",-9867.1875,-3999.8508,234.8774,0,0,0,27886,294993,0,0,0,0,1,0,1
"1.60 Amb - Tanaris - ZoneTone - Ext - 37,50 - Coast B",-9866.92,-2933.184,11.450684,0,0,0,27887,294987,0,0,0,0,1,0,1
"1.60 Amb - Tanaris - ZoneTone - Ext - 35,50 - Coast A",-10012.544,-1866.6632,-262.24564,0,0,0,27888,294986,0,0,0,0,1,0,1
"1.60 Amb - Tanaris - ZoneTone - Ext - 36,51 - Coast E",-10400.21,-2399.8508,-434.4515,0,0,0,27889,294985,0,0,0,0,1,0,1
"1.60 Amb - Tanaris - ZoneTone - Ext - 38,51 - Coast C",-10400.189,-3466.5173,-96.61753,0,0,0,27890,294988,0,0,0,0,1,0,1
"1.60 Amb - Tanaris - ZoneTone - Ext - 40,51 - Coast D",-10404.255,-4533.1875,-80.84614,0,0,0,27891,294984,0,0,0,0,1,0,1
"1.60 Amb - Tanaris - ZoneTone - Ext - 41,52 - Coast C",-10933.663,-5066.5176,-514.6561,0,0,0,27892,294988,0,0,0,0,1,0,1
"1.60 Amb - Tanaris - ZoneTone - Ext - 39,52 - Coast E",-10933.683,-3999.8508,-515.7796,0,0,0,27893,294985,0,0,0,0,1,0,1
"1.60 Amb - Tanaris - ZoneTone - Ext - 37,52 - Coast D",-10933.677,-2933.184,-503.43393,0,0,0,27894,294984,0,0,0,0,1,0,1
"1.60 Amb - Tanaris - ZoneTone - Ext - 35,52 - Coast C",-10933.677,-1866.5173,-503.43393,0,0,0,27895,294988,0,0,0,0,1,0,1
"1.60 Amb - Tanaris - ZoneTone - Ext - 36,53 - Coast B",-11467.011,-2399.8508,-515.1875,0,0,0,27896,294987,0,0,0,0,1,0,1
"1.60 Amb - Tanaris - ZoneTone - Ext - 38,53 - Coast A",-11467.011,-3466.5173,-515.1875,0,0,0,27897,294986,0,0,0,0,1,0,1
"1.60 Amb - Tanaris - ZoneTone - Ext - 40,53 - Coast B",-11466.976,-4533.184,-39.507786,0,0,0,27898,294987,0,0,0,0,1,0,1
"1.60 Amb - Tanaris - ZoneTone - Ext - 41,54 - Coast A",-12032.598,-5066.5503,-112.22676,0,0,0,27899,294986,0,0,0,0,1,0,1
"1.60 Amb - Tanaris - ZoneTone - Ext - 39,54 - Coast D",-12000.344,-3999.8508,-503.43402,0,0,0,27900,294984,0,0,0,0,1,0,1
"1.60 Amb - Tanaris - ZoneTone - Ext - 37,54 - Coast C",-12000.344,-2933.184,-515.1875,0,0,0,27901,294988,0,0,0,0,1,0,1
"1.60 Amb - Tanaris - ZoneTone - Ext - 35,54 - Coast E",-12000.344,-1866.5173,-515.1875,0,0,0,27902,294985,0,0,0,0,1,0,1
1.60 Amb - Tanaris - Flavor - Bones - Line Emitter 01,-8320.98,-3581.51,17.7321,0,0,0,27912,295057,0,1,0,0,0,0,1
1.60 Amb - Tanaris - Flavor - Bones - Line Emitter 02,-8830.16,-2961.23,34.5942,0,0,0,27913,295057,0,1,0,0,0,0,1
1.60 Amb - Tanaris - Flavor - Bones - Line Emitter 03,-8979.2,-2820.41,45.2476,0,0,0,27914,295057,0,1,0,0,0,0,1
1.60 Amb - Tanaris - Flavor - Bones - Line Emitter 04,-8703.64,-2376.85,18.2534,0,0,0,27915,295057,0,1,0,0,0,0,1
1.60 Amb - Tanaris - Flavor - Bones - Line Emitter 05,-8245.37,-3185.43,18.6191,0,0,0,27916,295057,0,1,0,0,0,0,1
1.60 Amb - Tanaris - Flavor - Bones - Line Emitter 06,-8070.48,-3470.87,42.9853,0,0,0,27917,295057,0,1,0,0,0,0,1
1.60 Amb - Tanaris - Flavor - Bones - Line Emitter 07a,-7772.39,-3172.98,79.3086,0,0,0,27918,295057,0,1,0,0,0,0,1
1.60 Amb - Tanaris - Flavor - Bones - Line Emitter 07b,-7680.51,-3304.4,75.4616,0,0,0,27919,295057,0,1,0,0,0,0,1
1.60 Amb - Tanaris - Flavor - Bones - Line Emitter 08,-7556.86,-3610.51,12.18,0,0,0,27920,295057,0,1,0,0,0,0,1
"1.60 Amb - Thousand Needles - ZoneTone - Ext - 33,40 - Canyon A",-4533.6787,-799.8507,-48.849625,0,0,0,28023,295189,0,0,0,0,1,0,1
"1.60 Amb - Thousand Needles - ZoneTone - Ext - 34,41 - Canyon B",-5066.8906,-1333.1841,-25.818033,0,0,0,28024,295187,0,0,0,0,1,0,1
"1.60 Amb - Thousand Needles - ZoneTone - Ext - 36,41 - Canyon A",-5066.9272,-2399.8508,-47.543728,0,0,0,28025,295189,0,0,0,0,1,0,1
"1.60 Amb - Thousand Needles - ZoneTone - Ext - 33,42 - Canyon D",-5600.3438,-799.8507,8.876818,0,0,0,28026,295198,0,0,0,0,1,0,1
"1.60 Amb - Thousand Needles - ZoneTone - Ext - 35,42 - Canyon C",-5600.347,-1866.5173,86.1406,0,0,0,28027,295185,0,0,0,0,1,0,1
"1.60 Amb - Thousand Needles - ZoneTone - Ext - 37,42 - Canyon B",-5600.2725,-2933.184,-45.196793,0,0,0,28028,295187,0,0,0,0,1,0,1
"1.60 Amb - Thousand Needles - ZoneTone - Ext - 39,42 - Salt Flats A",-5600.3438,-3999.8508,-58.749947,0,0,0,28029,294993,0,0,0,0,1,0,1
"1.60 Amb - Thousand Needles - ZoneTone - Ext - 41,42 - Coast A",-5600.3438,-5066.5176,-515.5636,0,0,0,28030,295221,0,0,0,0,1,0,1
"1.60 Amb - Thousand Needles - ZoneTone - Ext - 40,43 - Salt Flats C",-6133.6616,-4533.184,86.640656,0,0,0,28031,294991,0,0,0,0,1,0,1
"1.60 Amb - Thousand Needles - ZoneTone - Ext - 38,43 - Salt Flats B",-6133.655,-3466.5173,8.94005,0,0,0,28032,294992,0,0,0,0,1,0,1
"1.60 Amb - Thousand Needles - ZoneTone - Ext - 39,44 - Salt Flats D",-6667.3525,-3999.8508,21.708658,0,0,0,28033,294990,0,0,0,0,1,0,1
1.60 Amb - Thousand Needles - Shimmering Flats - Flavor - Ship - Sail Flap Loop Emitter,-5565.07,-4050.39,-53.0361,0,0,0,28034,295323,0,0,0,0,0,0,1
1.60 Amb - Thousand Needles - Shimmering Flats - Flavor - Ship - Wood Creak - Periodic Emitter,-5577.29,-4057.63,-52.3218,0,0,0,28035,295325,0,0,0,0,0,0,1
1.60 Amb - Thousand Needles - Shimmering Flats - Flavor - Bones - Line Emitter,-5886.99,-4272.75,-57.2526,0,0,0,28036,295057,0,1,0,0,0,0,1
"1.60 Amb - The Hinterlands - ZoneTone - Ext - 36,30 - Forest A",705.35767,-2399.9446,315.281,0,0,0,28210,292507,0,0,0,0,1,0,0
"1.60 Amb - The Hinterlands - ZoneTone - Ext - 38,30 - Forest D",798.8108,-3466.519,261.48206,0,0,0,28211,292500,0,0,0,0,1,0,0
"1.60 Amb - The Hinterlands - ZoneTone - Ext - 40,30 - Forest E",799.6858,-4533.184,334.06366,0,0,0,28212,292498,0,0,0,0,1,0,0
"1.60 Amb - The Hinterlands - ZoneTone - Ext - 36,30 - Coast E",799.65625,-5599.8506,-515.5638,0,0,0,28213,295400,0,0,0,0,1,0,0
"1.60 Amb - The Hinterlands - ZoneTone - Ext - 44,30 - Coast D",799.65625,-6666.5176,-515.1875,0,0,0,28214,295401,0,0,0,0,1,0,0
"1.60 Amb - The Hinterlands - ZoneTone - Ext - 43,31 - Coast B",266.3229,-6133.184,-515.5638,0,0,0,28215,295403,0,0,0,0,1,0,0
"1.60 Amb - The Hinterlands - ZoneTone - Ext - 41,31 - Coast A",265.96182,-5066.5176,-53.472588,0,0,0,28216,295404,0,0,0,0,1,0,0
"1.60 Amb - The Hinterlands - ZoneTone - Ext - 39,31 - Forest B",266.342,-3999.8508,119.35308,0,0,0,28217,292504,0,0,0,0,1,0,0
"1.60 Amb - The Hinterlands - ZoneTone - Ext - 37,31 - Forest E",266.36633,-2933.184,105.97147,0,0,0,28218,292498,0,0,0,0,1,0,0
"1.60 Amb - The Hinterlands - ZoneTone - Ext - 35,31 - Forest C",266.3264,-1866.5173,282.08502,0,0,0,28219,292502,0,0,0,0,1,0,0
"1.60 Amb - The Hinterlands - ZoneTone - Ext - 36,32 - Forest B",-267.17535,-2399.8508,356.29654,0,0,0,28220,292504,0,0,0,0,1,0,0
"1.60 Amb - The Hinterlands - ZoneTone - Ext - 38,32 - Forest C",-283.1354,-3466.533,200.35509,0,0,0,28221,292502,0,0,0,0,1,0,0
"1.60 Amb - The Hinterlands - ZoneTone - Ext - 40,32 - Coast B",-267.0087,-4533.184,12.434001,0,0,0,28222,295403,0,0,0,0,1,0,0
"1.60 Amb - The Hinterlands - ZoneTone - Ext - 42,32 - Coast C",-267.0104,-5599.8506,-515.5638,0,0,0,28223,295402,0,0,0,0,1,0,0
"1.60 Amb - The Hinterlands - ZoneTone - Ext - 43,33 - Coast E",-800.34375,-6133.184,-515.5638,0,0,0,28224,295400,0,0,0,0,1,0,0
"1.60 Amb - The Hinterlands - ZoneTone - Ext - 41,33 - Coast D",-800.3264,-5066.5176,-41.91314,0,0,0,28225,295401,0,0,0,0,1,0,0
1.60 AMB - The Hinterlands - Waterfall - Large - Pill Emitter 01,598.314,-3392.44,100.353,0,0,0,28231,3792,0,1,0,0,1,0,0
1.60 Amb - Thousand Needles - Geyser Lake - Emitter,-5090.84,-2066.97,-37.9485,0,0,0,28232,295530,0,1,0,0,0,0,0
"1.60 Amb - Loch Modan - ZoneTone - Ext - 37,41 - Forest A",-5066.9673,-2933.184,330.7202,0,0,0,28233,292507,0,0,0,0,1,0,0
"1.60 Amb - Loch Modan - ZoneTone - Ext - 39,41 - Forest B",-5067.186,-3999.8508,334.152,0,0,0,28234,292504,0,0,0,0,1,0,0
"1.60 Amb - Loch Modan - ZoneTone - Ext - 41,41 - Coast B",-5067.132,-5066.5176,276.34247,0,0,0,28235,295658,0,0,0,0,1,0,0
"1.60 Amb - Loch Modan - ZoneTone - Ext - 42,42 - Coast C",-5600.3438,-5599.8506,-515.5638,0,0,0,28236,295657,0,0,0,0,1,0,0
"1.60 Amb - Loch Modan - ZoneTone - Ext - 40,42 - Mountain A",-5600.3613,-4533.184,409.66266,0,0,0,28237,295651,0,0,0,0,1,0,0
"1.60 Amb - Loch Modan - ZoneTone - Ext - 38,42 - Forest E",-5600.29,-3466.5173,286.67874,0,0,0,28238,292498,0,0,0,0,1,0,0
"1.60 Amb - Loch Modan - ZoneTone - Ext - 37,43 - Forest D",-6133.4585,-2933.184,448.83328,0,0,0,28239,292500,0,0,0,0,1,0,0
"1.60 Amb - Loch Modan - ZoneTone - Ext - 39,43 - Forest C",-6133.7676,-3999.8508,442.6855,0,0,0,28240,292502,0,0,0,0,1,0,0
"1.60 Amb - Loch Modan - ZoneTone - Ext - 41,43 - Coast A",-6133.6772,-5066.5176,-515.5638,0,0,0,28241,295659,0,0,0,0,1,0,0
1.60 Amb - Loch Modan - Flavor - Swamp Frog Emitter,-5123.9,-3462.42,297.606,0,0,0,28242,295711,0,0,0,0,1,0,0
"1.60 Amb - Dun Morogh - ZoneTone - Ext - 27,39 - Coast C",-4000.3438,2400.1494,-515.5638,0,0,0,28244,295657,0,0,0,0,1,0,0
"1.60 Amb - Dun Morogh - ZoneTone - Ext - 29,39 - Coast B",-4000.3438,1333.4827,-515.1876,0,0,0,28245,295658,0,0,0,0,1,0,0
"1.60 Amb - Dun Morogh - ZoneTone - Ext - 31,39 - Coast C",-4079.4949,266.7361,-0.9760607,0,0,0,28246,295657,0,0,0,0,1,0,0
"1.60 Amb - Dun Morogh - ZoneTone - Ext - 33,39 - Coast A",-4000.3577,-799.8507,-14.744982,0,0,0,28247,295659,0,0,0,0,1,0,0
"1.60 Amb - Dun Morogh - ZoneTone - Ext - 34,40 - Tundra C",-4533.58,-1333.1841,636.82715,0,0,0,28248,295940,0,0,0,0,1,0,0
"1.60 Amb - Dun Morogh - ZoneTone - Ext - 32,40 - Coast E",0,0,0,0,0,0,28249,295655,0,0,0,0,1,0,0
"1.60 Amb - Dun Morogh - ZoneTone - Ext - 30,40 - Coast D",-4582.658,800.1007,256.14777,0,0,0,28250,295656,0,0,0,0,1,0,0
"1.60 Amb - Dun Morogh - ZoneTone - Ext - 28,40- Coast A",-4620.6772,1866.7291,165.89153,0,0,0,28251,295659,0,0,0,0,1,0,0
"1.60 Amb - Dun Morogh - ZoneTone - Ext - 27,41 - Coast D",-5067.0103,2400.1494,-515.5638,0,0,0,28252,295656,0,0,0,0,1,0,0
"1.60 Amb - Dun Morogh - ZoneTone - Ext - 29,41 - Tundra A",-5066.8716,1333.4827,507.0292,0,0,0,28253,295938,0,0,0,0,1,0,0
"1.60 Amb - Dun Morogh - ZoneTone - Ext - 31,41 - Tundra B",-5067.014,266.81598,393.20956,0,0,0,28254,295941,0,0,0,0,1,0,0
"1.60 Amb - Dun Morogh - ZoneTone - Ext - 33,41 - Tundra D",-5067.0103,-799.8507,495.1271,0,0,0,28255,295939,0,0,0,0,1,0,0
"1.60 Amb - Dun Morogh - ZoneTone - Ext - 35,41 - Tundra A",-5066.905,-1866.5173,603.25433,0,0,0,28256,295938,0,0,0,0,1,0,0
"1.60 Amb - Dun Morogh - ZoneTone - Ext - 34,42 - Tundra B",-5600.21,-1333.1841,415.19864,0,0,0,28257,295941,0,0,0,0,1,0,0
"1.60 Amb - Dun Morogh - ZoneTone - Ext - 32,42 - Tundra A",-5600.269,-266.51736,411.972,0,0,0,28258,295938,0,0,0,0,1,0,0
"1.60 Amb - Dun Morogh - ZoneTone - Ext - 30,42 - Tundra D",-5600.137,800.1493,423.06732,0,0,0,28259,295939,0,0,0,0,1,0,0
"1.60 Amb - Dun Morogh - ZoneTone - Ext - 28,42 - Coast B",-5600.3438,1866.816,-515.5638,0,0,0,28260,295941,0,0,0,0,1,0,0
"1.60 Amb - Dun Morogh - ZoneTone - Ext - 27,43 - Coast E",-6133.6772,2400.1494,-515.5638,0,0,0,28261,295655,0,0,0,0,1,0,0
"1.60 Amb - Dun Morogh - ZoneTone - Ext - 29,43 - Coast A",-6133.936,1333.4827,63.618164,0,0,0,28262,295659,0,0,0,0,1,0,0
"1.60 Amb - Dun Morogh - ZoneTone - Ext - 31,43 - Tundra C",-6133.6284,266.81598,397.3588,0,0,0,28263,295940,0,0,0,0,1,0,0
"1.60 Amb - Dun Morogh - ZoneTone - Ext - 33,43 - Tundra E",-6133.6753,-799.8507,424.58228,0,0,0,28264,295937,0,0,0,0,1,0,0
"1.60 Amb - Dun Morogh - ZoneTone - Ext - 35,43 - Tundra C",-6133.533,-1866.5173,545.14386,0,0,0,28265,295940,0,0,0,0,1,0,0
"1.60 Amb - Dun Morogh - ZoneTone - Ext - 28,44 - Coast C",-6667.0103,1866.816,-515.5638,0,0,0,28266,295657,0,0,0,0,1,0,0
"1.60 Amb - Dun Morogh - ZoneTone - Ext - 30,44 - Tundra B",-6666.915,800.1493,517.2674,0,0,0,28267,295941,0,0,0,0,1,0,0
1.60 Amb - Iron Forge - Hall of Explorers - Flavor - Large Gear Door Entrance,-4748.75,-1270.7,501.868,0,0,0,28268,296007,0,0,0,0,1,0,0
1.60 Amb - Iron Forge - The Great Forge - Lava Pouring Emitter 01,-4806.14,-1130.52,498.334,0,0,0,28281,296180,0,0,0,0,1,0,0
1.60 Amb - Iron Forge - The Great Forge - Lava Pouring Emitter 02,-4764.52,-1116.03,499.029,0,0,0,28282,296180,0,0,0,0,1,0,0
1.60 Amb - Iron Forge - The Great Forge - Lava Pouring Pill Emitter,-4783.73,-1051.95,523.344,0,0,0,28284,296180,0,1,0,0,1,0,0
"1.60 Amb - Un'Goro Crater - ZoneTone - Ext - 34,43 - Marsh C",-6133.639,-1333.1841,-189.1943,0,0,0,28287,296229,0,0,0,0,1,0,1
"1.60 Amb - Un'Goro Crater - ZoneTone - Ext - 33,44 - Marsh B",-6667.0225,-799.8507,-272.06906,0,0,0,28288,296230,0,0,0,0,1,0,1
"1.60 Amb - Un'Goro Crater - ZoneTone - Ext - 35,44 - Marsh A",-6667,-1866.5173,-272.02615,0,0,0,28289,296225,0,0,0,0,1,0,1
"1.60 Amb - Un'Goro Crater - ZoneTone - Ext - 36,45 - Marsh F",-7229.03,-2399.8801,-167.53,0,0,0,28290,296231,0,0,0,0,1,0,1
"1.60 Amb - Un'Goro Crater - ZoneTone - Ext - 34,45 - Marsh D",-7200.212,-1333.1841,-162.78542,0,0,0,28291,296228,0,0,0,0,1,0,1
"1.60 Amb - Un'Goro Crater - ZoneTone - Ext - 32,45 - Marsh E",-7229.625,-266.54688,-167.83833,0,0,0,28292,296227,0,0,0,0,1,0,1
"1.60 Amb - Un'Goro Crater - ZoneTone - Ext - 33,46 - Marsh C",-7733.7017,-799.8507,-271.30344,0,0,0,28293,296229,0,0,0,0,1,0,1
"1.60 Amb - Un'Goro Crater - ZoneTone - Ext - 35,46 - Marsh B",-7733.674,-1866.5173,-273.40063,0,0,0,28294,296230,0,0,0,0,1,0,1
"1.60 Amb - Un'Goro Crater - ZoneTone - Ext - 34,47 - Marsh A",-8375.505,-1333.2916,12.461744,0,0,0,28295,296225,0,0,0,0,1,0,1
"1.60 Amb - Un'Goro Crater - ZoneTone - Ext - 32,47 - Mountain C",-8267.011,-266.51736,8.876763,0,0,0,28296,296232,0,0,0,0,1,0,1
"1.60 Amb - Un'Goro Crater - ZoneTone - Ext - 33,48 - Mountain B",-8800.344,-799.8507,8.876737,0,0,0,28297,296234,0,0,0,0,1,0,1
"1.60 Amb - Un'Goro Crater - ZoneTone - Ext - 32,49 - Mountain A",-9333.677,-266.51736,131.40704,0,0,0,28298,296233,0,0,0,0,1,0,1
"1.60 Amb - Un'Goro Crater - ZoneTone - Ext - 34,49 - Coast C",-9333.411,-1333.1841,67.496124,0,0,0,28299,295657,0,0,0,0,1,0,1
"1.60 Amb - Un'Goro Crater - ZoneTone - Ext - 33,50 - Coast B",-9867.016,-799.8507,-515.31036,0,0,0,28300,295658,0,0,0,0,1,0,1
"1.60 Amb - Un'Goro Crater - ZoneTone - Ext - 32,51 - Coast A",-10400.344,-266.51736,-515.1875,0,0,0,28301,295659,0,0,0,0,1,0,1
"1.60 Amb - Un'Goro Crater - ZoneTone - Ext - 34,51 - Coast D",-10400.344,-1333.1841,-515.1875,0,0,0,28302,295656,0,0,0,0,1,0,1
"1.60 Amb - Un'Goro Crater - ZoneTone - Ext - 33, 52 - Coast E",-10933.677,-799.8507,-515.1875,0,0,0,28303,295655,0,0,0,0,1,0,1
"1.60 Amb - Un'Goro Crater - ZoneTone - Ext - 32, 53 - Coast C",-11467.011,-266.51736,-515.1875,0,0,0,28304,295657,0,0,0,0,1,0,1
"1.60 Amb - Un'Goro Crater - ZoneTone - Ext - 34,53 - Coast A",-11467.011,-1333.1841,-515.1875,0,0,0,28305,295659,0,0,0,0,1,0,1
"1.60 Amb - Un'Goro Crater - ZoneTone - Ext - 33, 54 - Coast B",-12000.344,-799.8507,-515.1875,0,0,0,28306,295658,0,0,0,0,1,0,1
1.60 Amb - Un'Goro Crater - Volcano - Emitter,-7183.83,-1364.17,-271.984,0,0,0,28307,296284,0,0,0,0,1,0,1
1.60 - Un'Goro Crater - Lakkari Tar Pits - Tar Pit Emitter 01,-6540.82,-1841.06,-275.387,0,0,0,28308,296478,0,0,0,0,1,0,1
1.60 - Un'Goro Crater - Lakkari Tar Pits - Tar Pit Pill Emitter 01,-6767.63,-1716.2,-273.882,0,0,0,28309,296478,0,1,0,0,1,0,1
1.60 - Un'Goro Crater - Lakkari Tar Pits - Tar Pit Pill Emitter 02,-6551.44,-1661.05,-277.728,0,0,0,28310,296478,0,1,0,0,1,0,1
1.60 - Un'Goro Crater - Lakkari Tar Pits - Tar Pit Emitter 02,-6442,-1455.76,-276.094,0,0,0,28311,296478,0,0,0,0,1,0,1
1.60 - Un'Goro Crater - Lakkari Tar Pits - Tar Pit Pill Emitter 03,-6558.94,-1463.87,-276.168,0,0,0,28312,296478,0,1,0,0,1,0,1
1.60 - Un'Goro Crater - Lakkari Tar Pits - Tar Pit Pill Emitter 04,-6817.8,-1268.79,-273.652,0,0,0,28313,296478,0,1,0,0,1,0,1
1.60 - Un'Goro Crater - Lakkari Tar Pits - Tar Pit Pill Emitter 05,-6753.65,-1204.64,-273.653,0,0,0,28314,296478,0,1,0,0,1,0,1
1.60 - Un'Goro Crater - Lakkari Tar Pits - Tar Pit Emitter 03,-6642.23,-1352.95,-274.558,0,0,0,28315,296478,0,0,0,0,1,0,1
1.60 - Un'Goro Crater - Lakkari Tar Pits - Tar Pit Pill Emitter 06,-6575.06,-1328.5,-274.559,0,0,0,28316,296478,0,1,0,0,1,0,1
1.60 - Un'Goro Crater - Lakkari Tar Pits - Tar Pit Emitter 04,-6445.17,-1252.29,-276.718,0,0,0,28317,296478,0,0,0,0,1,0,1
1.60 - Un'Goro Crater - Lakkari Tar Pits - Tar Pit Emitter 05,-6431.59,-1170.34,-276.716,0,0,0,28318,296478,0,0,0,0,1,0,1
1.60 - Un'Goro Crater - Lakkari Tar Pits - Tar Pit Emitter 06,-6475.41,-1054.71,-276.717,0,0,0,28319,296478,0,0,0,0,1,0,1
1.60 - Un'Goro Crater - Lakkari Tar Pits - Tar Pit Emitter 07,-6399.12,-1064.1,-273.831,0,0,0,28320,296478,0,0,0,0,1,0,1
1.60 - Un'Goro Crater - Lakkari Tar Pits - Tar Pit Pill Emitter 07,-6385.78,-1136.54,-273.832,0,0,0,28321,296478,0,1,0,0,1,0,1
1.60 - Un'Goro Crater - Lakkari Tar Pits - Tar Pit Emitter 08,-6316.23,-1206.32,-275.891,0,0,0,28322,296478,0,0,0,0,1,0,1
1.60 - Un'Goro Crater - Lakkari Tar Pits - Tar Pit Emitter 09,-6338.76,-1136.61,-274.337,0,0,0,28323,296478,0,0,0,0,1,0,1
1.60 Amb - Un'Goro Crater - The Marshlands - Waterfall Emitter,-7828.71,-2089.15,-272.41,0,0,0,28324,3791,0,1,0,0,1,0,1
"1.60 Amb - Teldrassil - ZoneTone - Ext - 26,9 - Coast B",11999.656,2933.4827,-515.1871,0,0,0,28357,295658,0,0,0,0,1,0,1
"1.60 Amb - Teldrassil - ZoneTone - Ext - 28,9 - Coast C",11999.55,1866.816,-509.37332,0,0,0,28358,295657,0,0,0,0,1,0,1
"1.60 Amb - Teldrassil - ZoneTone - Ext - 30,9 - Coast A",11991.288,800.1406,-354.7235,0,0,0,28359,295659,0,0,0,0,1,0,1
"1.60 Amb - Teldrassil - ZoneTone - Ext - 32,9 - Coast E",11999.656,-266.51736,-515.1872,0,0,0,28360,295655,0,0,0,0,1,0,1
"1.60 Amb - Teldrassil - ZoneTone - Ext - 33,10 - Coast A",11466.323,-799.8507,-515.1871,0,0,0,28361,295659,0,0,0,0,1,0,1
"1.60 Amb - Teldrassil - ZoneTone - Ext - 31,10 - Coast C",11466.323,266.81598,-20.833387,0,0,0,28362,295657,0,0,0,0,1,0,1
"1.60 Amb - Teldrassil - ZoneTone - Ext - 29,10 - Coast B",11466.315,1333.4827,-18.243761,0,0,0,28363,295658,0,0,0,0,1,0,1
"1.60 Amb - Teldrassil - ZoneTone - Ext - 27,10 - Coast A",11466.323,2400.1494,-515.1871,0,0,0,28364,295659,0,0,0,0,1,0,1
"1.60 Amb - Teldrassil - ZoneTone - Ext - 25,10 - Coast C",11466.323,3466.816,-515.1871,0,0,0,28365,295657,0,0,0,0,1,0,1
"1.60 Amb - Teldrassil - ZoneTone - Ext - 26,11 - Coast D",10932.989,2933.4827,-515.1871,0,0,0,28366,295656,0,0,0,0,1,0,1
"1.60 Amb - Teldrassil - ZoneTone - Ext - 28,11 - Forest A",10932.964,1866.816,1333.6334,0,0,0,28367,292507,0,0,0,0,1,0,1
"1.60 Amb - Teldrassil - ZoneTone - Ext - 30,11 - Forest B",10933.01,800.1493,1464.8674,0,0,0,28368,292504,0,0,0,0,1,0,1
"1.60 Amb - Teldrassil - ZoneTone - Ext - 32,11 - Coast D",10933.007,-266.51736,-20.29891,0,0,0,28369,295656,0,0,0,0,1,0,1
"1.60 Amb - Teldrassil - ZoneTone - Ext - 33,12 - Coast E",10399.603,-799.8507,-398.9003,0,0,0,28370,295655,0,0,0,0,1,0,1
"1.60 Amb - Teldrassil - ZoneTone - Ext - 31,12 - Forest A",10399.913,266.81598,1371.7034,0,0,0,28371,292507,0,0,0,0,1,0,1
"1.60 Amb - Teldrassil - ZoneTone - Ext - 29,12 - Forest C",10399.778,1333.4827,1395.4075,0,0,0,28372,292502,0,0,0,0,1,0,1
"1.60 Amb - Teldrassil - ZoneTone - Ext - 27,12 - Forest B",10399.745,2400.1494,1327.482,0,0,0,28373,292504,0,0,0,0,1,0,1
"1.60 Amb - Teldrassil - ZoneTone - Ext - 25,12 - Coast B",10399.864,3466.816,-378.97168,0,0,0,28374,295658,0,0,0,0,1,0,1
"1.60 Amb - Teldrassil - ZoneTone - Ext - 24,13 - Coast C",9866.323,4000.1494,-515.1871,0,0,0,28375,295657,0,0,0,0,1,0,1
"1.60 Amb - Teldrassil - ZoneTone - Ext - 26,13 - Coast A",9866.7295,2933.4827,301.20786,0,0,0,28376,295659,0,0,0,0,1,0,1
"1.60 Amb - Teldrassil - ZoneTone - Ext - 28,13 - Forest D",9866.299,1866.816,1321.9918,0,0,0,28377,292500,0,0,0,0,1,0,1
"1.60 Amb - Teldrassil - ZoneTone - Ext - 30,13 - Forest E",9866.319,800.1493,1308.64,0,0,0,28378,292498,0,0,0,0,1,0,1
"1.60 Amb - Teldrassil - ZoneTone - Ext - 32,13 - Coast B",9866.339,-266.51736,66.393745,0,0,0,28379,295658,0,0,0,0,1,0,1
"1.60 Amb - Teldrassil - ZoneTone - Ext - 34,13 - Coast A",9866.323,-1333.1841,-519.7649,0,0,0,28380,295659,0,0,0,0,1,0,1
"1.60 Amb - Teldrassil - ZoneTone - Ext - 33,14 - Coast D",9332.988,-799.8507,-515.61523,0,0,0,28381,295656,0,0,0,0,1,0,1
"1.60 Amb - Teldrassil - ZoneTone - Ext - 31,14 - Forest D",9333.06,266.81598,278.67413,0,0,0,28382,292500,0,0,0,0,1,0,1
"1.60 Amb - Teldrassil - ZoneTone - Ext - 29,14 - Forest A",9332.683,1333.4827,1266.4186,0,0,0,28383,292507,0,0,0,0,1,0,1
"1.60 Amb - Teldrassil - ZoneTone - Ext - 27,14 - Forest F",9333.227,2400.1494,1316.2639,0,0,0,28384,292496,0,0,0,0,1,0,1
"1.60 Amb - Teldrassil - ZoneTone - Ext - 25,14 - Coast E",9273.766,3466.757,-280.848,0,0,0,28385,295655,0,0,0,0,1,0,1
"1.60 Amb - Teldrassil - ZoneTone - Ext - 24,15 - Coast D",8799.656,4000.1494,-515.1871,0,0,0,28387,295656,0,0,0,0,1,0,1
"1.60 Amb - Teldrassil - ZoneTone - Ext - 26,15 - Coast C",8799.66,2933.4827,-314.69672,0,0,0,28388,295657,0,0,0,0,1,0,1
"1.60 Amb - Teldrassil - ZoneTone - Ext - 28,15 - Coast B",8799.836,1866.816,101.45719,0,0,0,28389,295658,0,0,0,0,1,0,1
"1.60 Amb - Teldrassil - ZoneTone - Ext - 30,15 - Coast A",8799.717,800.1493,98.13726,0,0,0,28390,295659,0,0,0,0,1,0,1
"1.60 Amb - Teldrassil - ZoneTone - Ext - 32,15 - Coast C",8799.681,-266.51736,-57.16741,0,0,0,28391,295657,0,0,0,0,1,0,1
"1.60 Amb - Teldrassil - ZoneTone - Ext - 34,15 - Coast E",8799.656,-1333.1841,-519.7649,0,0,0,28393,295655,0,0,0,0,1,0,1
"1.60 Amb - Felwood - ZoneTone - Ext - 34,19 - Loop B",6666.3647,-1333.1841,466.12686,0,0,0,28426,296673,0,0,0,0,1,0,1
"1.60 Amb - Felwood - ZoneTone - Ext - 35,20 - Loop A",6132.817,-1866.5173,573.3831,0,0,0,28427,296670,0,0,0,0,1,0,1
"1.60 Amb - Felwood - ZoneTone - Ext - 33,20 - Loop D",6133.291,-799.8507,478.61978,0,0,0,28428,296671,0,0,0,0,1,0,1
"1.60 Amb - Felwood - ZoneTone - Ext - 34,21 - Loop C",5578.56,-1333.2048,701.4201,0,0,0,28429,296672,0,0,0,0,1,0,1
"1.60 Amb - Felwood - ZoneTone - Ext - 33,22 - Loop E",5066.225,-799.8507,333.11246,0,0,0,28430,296669,0,0,0,0,1,0,1
"1.60 Amb - Felwood - ZoneTone - Ext - 34,23 - Loop D",4533.1484,-1333.1841,889.867,0,0,0,28431,296671,0,0,0,0,1,0,1
"1.60 Amb - Felwood - ZoneTone - Ext - 32,23 - Loop B",4499.1426,-266.5521,411.63574,0,0,0,28432,296673,0,0,0,0,1,0,1
"1.60 Amb - Felwood - ZoneTone - Ext - 33,24 - Loop C",3999.6416,-799.8507,285.39578,0,0,0,28433,296672,0,0,0,0,1,0,1
"1.60 Amb - Felwood - ZoneTone - Ext - 35,24 - Loop B",3999.894,-1866.5173,670.1084,0,0,0,28434,296673,0,0,0,0,1,0,1
"1.60 Amb - Felwood - ZoneTone - Ext - 34,25 - Loop A",3466.257,-1333.1841,218.48546,0,0,0,28435,296670,0,0,0,0,1,0,1
"1.60 Amb - Western Plaguelands - ZoneTone - Ext - 35,29 - Forest D",1333.1007,-1866.5173,71.46387,0,0,0,28436,292500,0,0,0,0,1,0,0
"1.60 Amb - Western Plaguelands - ZoneTone - Ext - 34,28 - Forest C",1866.2882,-1333.1841,60.26934,0,0,0,28437,292502,0,0,0,0,1,0,0
"1.60 Amb - Western Plaguelands - ZoneTone - Ext - 36,28 - Forest B",1866.3733,-2399.8508,65.88213,0,0,0,28438,292504,0,0,0,0,0,0,0
"1.60 Amb - Western Plaguelands - ZoneTone - Ext - 35,27 - Forest E",2399.8213,-1866.5173,119.33616,0,0,0,28439,292498,0,0,0,0,0,0,0
"1.60 Amb - Western Plaguelands - ZoneTone - Ext - 34,26 - Forest A",2932.9626,-1333.1841,157.47377,0,0,0,28440,292507,0,0,0,0,0,0,0
1.60 Amb - Western Plaguelands - Darrowmere Lake - Waterfall Small Emitter,1697,-2581.09,55.4358,0,0,0,28496,3791,0,0,0,0,0,0,0
1.60 Amb - Felwood - Slime Waterfall Emitter 01,6074.71,-1342.53,382.196,0,0,0,28497,297045,0,0,0,0,0,0,1
1.60 - Felwood - Irontree Woods - Slime Pit Emitter 01,6347.11,-1350.11,366.326,0,0,0,28499,297056,0,0,0,0,0,0,1
1.60 - Felwood - Irontree Woods - Slime Pit Emitter 02,6383.81,-1218.24,374.551,0,0,0,28500,297056,0,0,0,0,0,0,1
1.60 - Felwood - Irontree Woods - Slime Pit Emitter 03,6084.02,-1214.67,369.101,0,0,0,28501,297056,0,0,0,0,0,0,1
1.60 - Felwood - Irontree Woods - Slime Pit Pill Emitter 01,6376.65,-945.358,399.995,0,0,0,28503,297056,0,1,0,0,0,0,1
1.60 - Felwood - Irontree Woods - Slime Pit Pill Emitter 02,6435.52,-1004.22,412.239,0,0,0,28504,297056,0,1,0,0,0,0,1
1.60 - Felwood - Irontree Woods - Slime Pit Emitter - Large,6230.92,-1175.06,366.477,0,0,0,28505,297130,0,0,0,0,0,0,1
1.60 - Felwood - Irontree Woods - Slime Pit Emitter 04,5619.19,-950.944,369.384,0,0,0,28506,297056,0,0,0,0,0,0,1
1.60 - Felwood - Irontree Woods - Slime Pit Emitter 05,5680.1,-774.25,370.85,0,0,0,28507,297056,0,0,0,0,0,0,1
1.60 - Felwood - Irontree Woods - Slime Pit Emitter 06,5589.05,-784.163,337.665,0,0,0,28508,297056,0,0,0,0,0,0,1
1.60 - Felwood - Irontree Woods - Slime Pit Emitter 07,5551.91,-683.987,335.242,0,0,0,28509,297056,0,0,0,0,0,0,1
1.60 - Felwood - Irontree Woods - Slime Pit Emitter 08,5483.62,-746.997,334.639,0,0,0,28510,297056,0,0,0,0,0,0,1
1.60 - Felwood - Irontree Woods - Slime Pit Pill Emitter 03,4547.39,-756.365,256.35,0,0,0,28511,297056,0,1,0,0,0,0,1
1.60 - Felwood - Irontree Woods - Slime Pit Pill Emitter 04,4367.49,-612.305,261.722,0,0,0,28512,297056,0,1,0,0,0,0,1
1.60 - Felwood - Irontree Woods - Slime Pit Pill Emitter 05,4074.59,-981.717,249.606,0,0,0,28513,297056,0,1,0,0,0,0,1
1.60 - Felwood - Irontree Woods - Slime Pit Pill Emitter 06,3985.9,-1015.47,241.334,0,0,0,28514,297056,0,1,0,0,0,0,1
1.60 - Felwood - Irontree Woods - Slime Pit Pill Emitter 07,3840.2,-1087.87,232.291,0,0,0,28515,297056,0,1,0,0,0,0,1
1.60 Amb - Felwood - Slime Waterfall Loop - Small Waterfall Pill Emitter 01,5995.92,-1406.31,397.188,0,0,0,28516,297056,0,1,0,0,0,0,1
1.60 Amb - Felwood - Slime Waterfall Loop - Small Waterfall Pill Emitter 02,5188.52,-890.355,350.202,0,0,0,28517,297056,0,1,0,0,0,0,1
1.60 Amb - Felwood - Slime Waterfall Emitter 02,5273.81,-837.266,344.433,0,0,0,28518,297045,0,0,0,0,0,0,1
1.60 Amb - Felwood - Slime Waterfall Loop - Small Waterfall Pill Emitter 03,5276.27,-681.152,322.915,0,0,0,28519,297056,0,1,0,0,0,0,1
1.60 Amb - Felwood - Slime Waterfall Emitter 03,4360.74,-919.357,287.337,0,0,0,28520,297045,0,0,0,0,0,0,1
1.60 Amb - Felwood - Slime Waterfall Emitter 04,4393.85,-1040.12,308.966,0,0,0,28521,297045,0,0,0,0,0,0,1
1.60 - Felwood - Irontree Woods - Slime Pit Emitter 09,4153.99,-885.467,253.45,0,0,0,28522,297056,0,0,0,0,0,0,1
1.60 - Felwood - Irontree Woods - Slime Pit Pill Emitter 08,6699.23,-1927.48,547.741,0,0,0,28523,297056,0,1,0,0,0,0,1
1.60 Amb - Teldrassil - Waterfall Small Emitter 01,10672,1645.67,1276.35,0,0,0,28524,3791,0,0,0,0,0,0,1
1.60 Amb - Teldrassil - Waterfall Small Emitter 02,10969.4,1543.31,1270.59,0,0,0,28525,3791,0,0,0,0,0,0,1
1.60 Amb - Teldrassil - Waterfall Small Emitter 03,10967.9,1575.22,1271.55,0,0,0,28526,3791,0,0,0,0,0,0,1
1.60 Amb - Teldrassil - Waterfall Small Emitter 04,10981.2,1609.25,1271.16,0,0,0,28527,3791,0,0,0,0,0,0,1
1.60 Amb - Teldrassil - Waterfall Small Emitter 05,9941.73,2695.14,1312.11,0,0,0,28528,3791,0,0,0,0,0,0,1
1.60 Amb - Teldrassil - Moonwell Loop - Emitter 01,10708.7,763.531,1321.31,0,0,0,28533,297304,0,0,0,0,0,0,1
1.60 Amb - Teldrassil - Moonwell Loop - Emitter 02,9860.11,588.222,1300.72,0,0,0,28534,297304,0,0,0,0,0,0,1
1.60 Amb - Teldrassil - Moonwell Loop - Emitter 03,9728.8,961.794,1293.81,0,0,0,28535,297304,0,0,0,0,0,0,1
1.60 Amb - Teldrassil - Moonwell Loop - Emitter 04,9554.29,1655.7,1299.36,0,0,0,28536,297304,0,0,0,0,0,0,1
1.60 Amb - Teldrassil - Moonwell Loop - Emitter 05,10675.6,1858.12,1324.24,0,0,0,28537,297304,0,0,0,0,0,0,1
"1.60 Amb - Searing Gorge - ZoneTone - Ext - 34,44 - Loop A",-6667.6943,-1333.1858,243.90321,0,0,0,28652,297317,0,0,0,0,0,0,0
"1.60 Amb - Searing Gorge - ZoneTone - Ext - 33,45 - Loop B",-7200.3057,-799.8507,318.69052,0,0,0,28653,297320,0,0,0,0,0,0,0
"1.60 Amb - Searing Gorge - ZoneTone - Ext - 35,45 - Loop C",-7200.2656,-1866.5173,340.1432,0,0,0,28654,297319,0,0,0,0,0,0,0
"1.60 Amb - Searing Gorge - ZoneTone - Ext - 36,46 - Loop A",-7733.651,-2399.8508,143.63316,0,0,0,28655,297317,0,0,0,0,0,0,0
"1.60 Amb - Searing Gorge - ZoneTone - Ext - 34,46 - Loop D",-7733.6772,-1333.1841,123.68739,0,0,0,28656,297318,0,0,0,0,0,0,0
"1.60 Amb - Searing Gorge - ZoneTone - Ext - 33,47 - Loop A",-8284.944,-799.86804,229.99707,0,0,0,28657,297317,0,0,0,0,0,0,0
"1.60 Amb - Searing Gorge - ZoneTone - Ext - 35,47 - Loop B",-8266.995,-1866.5173,145.22101,0,0,0,28658,297320,0,0,0,0,0,0,0
"1.60 Amb - Searing Gorge - ZoneTone - Ext - 37,47 - Loop D",-8285.069,-2933.2031,230.21306,0,0,0,28659,297318,0,0,0,0,0,0,0
1.60 Amb - Burning Steppes - The Molten Span- Lava Pill Emitter 01,-7544.64,-1159.85,353.465,0,0,0,28685,314323,0,1,0,0,0,0,0
1.60 Amb - Searing Gorge - Lava Pool Emitter 01,-6484.23,-972.617,335.062,0,0,0,28686,297356,0,0,0,0,0,0,0
1.60 Amb - Searing Gorge - The Cauldron - Lava Pouring Pill Emitter 01,-6960.4,-1233.7,144.381,0,0,0,28687,297438,0,1,0,0,1,0,0
1.60 Amb - Searing Gorge - The Cauldron - Lava Pouring Pill Emitter 02,-6975.65,-1217.23,144.382,0,0,0,28688,297438,0,1,0,0,1,0,0
"1.60 Amb - Eastern Plaguelands - ZoneTone - Ext - 40,30 - Forest B",799.6858,-4533.184,334.06366,0,0,0,30005,292504,0,0,0,0,0,0,0
"1.60 Amb - Eastern Plaguelands - ZoneTone - Ext - 42,30 - Coast A",799.65625,-5599.8506,-515.5638,0,0,0,30006,295659,0,0,0,0,0,0,0
"1.60 Amb - Eastern Plaguelands - ZoneTone - Ext - 43,29 - Coast B",1332.7692,-6133.184,20.288465,0,0,0,30007,295658,0,0,0,0,0,0,0
"1.60 Amb - Eastern Plaguelands - ZoneTone - Ext - 41,29 - Plaguelands C",1332.9896,-5066.5176,216.66647,0,0,0,30008,308940,0,0,0,0,0,0,0
"1.60 Amb - Eastern Plaguelands - ZoneTone - Ext - 39,29 - Plaguelands B",1333.2048,-3999.8508,250.99753,0,0,0,30009,308939,0,0,0,0,0,0,0
"1.60 Amb - Eastern Plaguelands - ZoneTone - Ext - 37,29 - Plaguelands A",1333.1041,-2933.184,32.001545,0,0,0,30010,308938,0,0,0,0,0,0,0
"1.60 Amb - Eastern Plaguelands - ZoneTone - Ext - 38,28 - Plaguelands D",1866.2986,-3466.5173,109.49102,0,0,0,30011,308941,0,0,0,0,0,0,0
"1.60 Amb - Eastern Plaguelands - ZoneTone - Ext - 40,28 - Plaguelands E",1866.3698,-4533.184,78.636665,0,0,0,30012,308942,0,0,0,0,0,0,0
"1.60 Amb - Eastern Plaguelands - ZoneTone - Ext - 42,28 - Forest A",1866.1892,-5599.8506,224.8427,0,0,0,30013,292507,0,0,0,0,0,0,0
"1.60 Amb - Eastern Plaguelands - ZoneTone - Ext - 43,27 - Coast C",2399.552,-6133.184,-26.574545,0,0,0,30014,295657,0,0,0,0,0,0,0
"1.60 Amb - Eastern Plaguelands - ZoneTone - Ext - 41,27 - Plaguelands A",2399.5886,-5066.5176,79.860596,0,0,0,30015,308938,0,0,0,0,0,0,0
"1.60 Amb - Eastern Plaguelands - ZoneTone - Ext - 39,27 - Plaguelands G",2399.8057,-3999.8508,170.64014,0,0,0,30016,308944,0,0,0,0,0,0,0
"1.60 Amb - Eastern Plaguelands - ZoneTone - Ext - 37,27 - Plaguelands F",2398.5972,-2933.1858,232.94884,0,0,0,30017,308943,0,0,0,0,0,0,0
"1.60 Amb - Eastern Plaguelands - ZoneTone - Ext - 36,26 - Plaguelands A",2933.1301,-2399.8508,209.51053,0,0,0,30018,308938,0,0,0,0,0,0,0
"1.60 Amb - Eastern Plaguelands - ZoneTone - Ext - 38,26 - Plaguelands B",2933.1104,-3466.5173,141.6996,0,0,0,30019,308939,0,0,0,0,0,0,0
"1.60 Amb - Eastern Plaguelands - ZoneTone - Ext - 40,26 - Plaguelands C",2932.9766,-4533.184,92.9037,0,0,0,30020,308940,0,0,0,0,0,0,0
"1.60 Amb - Eastern Plaguelands - ZoneTone - Ext - 42,26 - Plaguelands D",2932.9158,-5599.8506,236.1572,0,0,0,30021,308941,0,0,0,0,0,0,0
"1.60 Amb - Eastern Plaguelands - ZoneTone - Ext - 43,25 - Coast D",3466.0574,-6133.184,5.980062,0,0,0,30022,295656,0,0,0,0,0,0,0
"1.60 Amb - Eastern Plaguelands - ZoneTone - Ext - 41,25 - Plaguelands E",3466.6284,-5066.5176,206.21935,0,0,0,30023,308942,0,0,0,0,0,0,0
"1.60 Amb - Eastern Plaguelands - ZoneTone - Ext - 39,25 - Plaguelands D",3463.5044,-3999.8542,209.17316,0,0,0,30024,308941,0,0,0,0,0,0,0
"1.60 Amb - Eastern Plaguelands - ZoneTone - Ext - 37,25 - Plaguelands E",3463.5044,-2933.1875,154.86505,0,0,0,30025,308942,0,0,0,0,0,0,0
"1.60 Amb - Eastern Plaguelands - ZoneTone - Ext - 35,25 - Coast E",3466.323,-1866.5173,131.40706,0,0,0,30026,295655,0,0,0,0,0,0,0
"1.60 Amb - Eastern Plaguelands - ZoneTone - Ext - 36,24 - Coast D",3961.554,-2399.889,7.5316706,0,0,0,30027,295656,0,0,0,0,0,0,0
"1.60 Amb - Eastern Plaguelands - ZoneTone - Ext - 38,24 - Plaguelands G",3999.6562,-3466.5173,45.54894,0,0,0,30028,308944,0,0,0,0,0,0,0
"1.60 Amb - Eastern Plaguelands - ZoneTone - Ext - 40,24 - Plaguelands A",3999.6562,-4533.184,128.96962,0,0,0,30029,308938,0,0,0,0,0,0,0
"1.60 Amb - Eastern Plaguelands - ZoneTone - Ext - 42,24 - Coast E",3999.3994,-5599.8506,6.0224066,0,0,0,30030,295655,0,0,0,0,0,0,0
"1.60 Amb - Eastern Plaguelands - ZoneTone - Ext - 41,23 - Coast A",4532.989,-5066.5176,-515.22327,0,0,0,30031,295659,0,0,0,0,0,0,0
"1.60 Amb - Eastern Plaguelands - ZoneTone - Ext - 39,23 - Coast B",4532.4844,-3999.8508,161.37419,0,0,0,30032,295658,0,0,0,0,0,0,0
"1.60 Amb - Eastern Plaguelands - ZoneTone - Ext - 37,23 - Coast C",4532.9897,-2933.184,-515.1875,0,0,0,30033,295657,0,0,0,0,0,0,0
"1.60 Amb - Desolace - ZoneTone - Ext - 25,30 - Coast E",799.8264,3466.817,-519.7649,0,0,0,30072,295655,0,0,0,0,0,0,1
"1.60 Amb - Desolace - ZoneTone - Ext - 26,31 - Coast A",266.41666,2933.4836,3.6584473,0,0,0,30073,295659,0,0,0,0,0,0,1
"1.60 Amb - Desolace - ZoneTone - Ext - 28,31 - Forest B",266.4184,1866.816,111.40253,0,0,0,30074,292504,0,0,0,0,0,0,1
"1.60 Amb - Desolace - ZoneTone - Ext - 30,31 - Forest C",266.48785,800.1493,237.83154,0,0,0,30075,292502,0,0,0,0,0,0,1
"1.60 Amb - Desolace - ZoneTone - Ext - 29,32 - Salt Flats A",-266.83334,1333.4844,88.89247,0,0,0,30076,294993,0,0,0,0,0,0,1
"1.60 Amb - Desolace - ZoneTone - Ext - 27,32 - Forest A",-266.82986,2400.1511,26.734863,0,0,0,30077,292507,0,0,0,0,0,0,1
"1.60 Amb - Desolace - ZoneTone - Ext - 25,32 - Coast B",-266.84027,3466.817,-519.7649,0,0,0,30078,295658,0,0,0,0,0,0,1
"1.60 Amb - Desolace - ZoneTone - Ext - 24,33 - Coast D",-800.17365,4000.1501,-519.76483,0,0,0,30079,295656,0,0,0,0,0,0,1
"1.60 Amb - Desolace - ZoneTone - Ext - 26,33 - Salt Flats D",-825.88544,2933.4575,169.9905,0,0,0,30080,294990,0,0,0,0,0,0,1
"1.60 Amb - Desolace - ZoneTone - Ext - 28,33 - Salt Flats C",-800.0469,1866.8177,83.27368,0,0,0,30081,294991,0,0,0,0,0,0,1
"1.60 Amb - Desolace - ZoneTone - Ext - 30,33 - Salt Flats B",-800.0417,800.15106,173.48752,0,0,0,30082,294992,0,0,0,0,0,0,1
"1.60 Amb - Desolace - ZoneTone - Ext - 28,33 - Salt Flats C",-800.0469,1866.8177,83.27368,0,0,0,30085,294991,0,0,0,0,0,0,1
"1.60 Amb - Desolace - ZoneTone - Ext - 26,33 - Salt Flats D",-825.88544,2933.4575,169.9905,0,0,0,30086,294990,0,0,0,0,0,0,1
"1.60 Amb - Desolace - ZoneTone - Ext - 24,33 - Coast D",-800.17365,4000.1501,-519.76483,0,0,0,30087,295656,0,0,0,0,0,0,1
"1.60 Amb - Desolace - ZoneTone - Ext - 25,34 - Coast C",-1333.1841,3466.817,-210.28806,0,0,0,30088,295657,0,0,0,0,0,0,1
"1.60 Amb - Desolace - ZoneTone - Ext - 27,34 - Salt Flats B",-1333.5087,2400.1494,95.017525,0,0,0,30089,294992,0,0,0,0,0,0,1
"1.60 Amb - Desolace - ZoneTone - Ext - 29,34 - Salt Flats E",-1333.3733,1333.4844,71.48676,0,0,0,30090,294989,0,0,0,0,0,0,1
"1.60 Amb - Desolace - ZoneTone - Ext - 30,35 - Salt Flats A",-1937.9219,800.0781,269.5168,0,0,0,30091,294993,0,0,0,0,0,0,1
"1.60 Amb - Desolace - ZoneTone - Ext - 28,35 - Salt Flats D",-1866.8229,1866.8177,50.868355,0,0,0,30092,294990,0,0,0,0,0,0,1
"1.60 Amb - Desolace - ZoneTone - Ext - 26,35 - Forest B",-1866.8334,2933.4836,37.46921,0,0,0,30093,292504,0,0,0,0,0,0,1
"1.60 Amb - Desolace - ZoneTone - Ext - 24,35 - Coast A",-1866.8403,4000.1501,-519.76483,0,0,0,30094,295659,0,0,0,0,0,0,1
"1.60 Amb - Desolace - ZoneTone - Ext - 25,36 - Coast E",-2400.1736,3466.817,-519.7649,0,0,0,30095,295655,0,0,0,0,0,0,1
"1.60 Amb - Desolace - ZoneTone - Ext - 27,36 - Salt Flats A",-2442.2883,2400.1077,193.7968,0,0,0,30096,294993,0,0,0,0,0,0,1
"1.60 Amb - Desolace - ZoneTone - Ext - 29,36 - Salt Flats C",-2440.908,1333.4427,211.16446,0,0,0,30097,294991,0,0,0,0,0,0,1
"1.60 Amb - Desolace - ZoneTone - Ext - 30,37 - Forest A",-2933.5208,800.1493,102.62772,0,0,0,30098,292507,0,0,0,0,0,0,1
1.60 Amb - Kalimdor - Desolace - Sar'theris Strand - Tree Emitter 01,-206.524,2783.03,6.6782,0,0,0,30099,309147,0,0,0,0,0,0,1
1.60 Amb - Kalimdor - Desolace - Sar'theris Strand - Tree Emitter 02,-240.365,2786,11.3549,0,0,0,30100,309147,0,0,0,0,0,0,1
1.60 Amb - Kalimdor - Desolace - Sar'theris Strand - Tree Emitter 03,-243.223,2776.32,11.6091,0,0,0,30101,309147,0,0,0,0,0,0,1
1.60 Amb - Kalimdor - Desolace - Ranazjar Isle - Tree Emitter 01,245.416,2931.89,16.8102,0,0,0,30102,309147,0,0,0,0,0,0,1
1.60 Amb - Kalimdor - Desolace - Ranazjar Isle - Tree Emitter 02,206.351,2903.21,16.7656,0,0,0,30103,309147,0,0,0,0,0,0,1
1.60 Amb - Kalimdor - Desolace - Ranazjar Isle - Tree Emitter 03,190.414,2878.08,15.0414,0,0,0,30104,309147,0,0,0,0,0,0,1
1.60 Amb - Kalimdor - Desolace - Ranazjar Isle - Tree Emitter 04,165.408,2954.09,13.4815,0,0,0,30105,309147,0,0,0,0,0,0,1
1.60 Amb - Kalimdor - Desolace - Ranazjar Isle - Tree Emitter 05,194.628,2970.07,10.2187,0,0,0,30106,309147,0,0,0,0,0,0,1
1.60 Amb - Kalimdor - Desolace - Ranazjar Isle - Tree Emitter 06,149.566,2988.14,5.92401,0,0,0,30107,309147,0,0,0,0,0,0,1
1.60 Amb - Kalimdor - Desolace - Ranazjar Isle - Tree Emitter 07,133.354,2919.4,11.734,0,0,0,30108,309147,0,0,0,0,0,0,1
1.60 Amb - Kalimdor - Desolace - Mannoroc Covern - Debris Emitter 01,-2061.34,1906.2,68.7901,0,0,0,30115,309198,0,0,0,0,0,0,1
1.60 Amb - Kalimdor - Desolace - Mannoroc Covern - Debris Emitter Small 01,-2089.97,1867.11,66.8741,0,0,0,30118,309202,0,0,0,0,0,0,1
1.60 Amb - Kalimdor - Desolace - Mannoroc Covern - Debris Emitter Small 02,-1743.97,1984.93,65.7405,0,0,0,30121,309202,0,0,0,0,0,0,1
1.60 Amb - Kalimdor - Desolace - Mannoroc Covern - Debris Emitter 02,-1692.37,1778.26,60.0566,0,0,0,30122,309198,0,0,0,0,0,0,1
1.60 Amb - Kalimdor - Desolace - Mannoroc Covern - Debris Emitter 03,-1962.09,1793.21,88.0901,0,0,0,30124,309198,0,0,0,0,0,0,1
1.60 Amb - Kalimdor - Desolace - Mannoroc Covern - Debris Emitter Small 03,-1838.73,1775.55,67.4566,0,0,0,30127,309202,0,0,0,0,0,0,1
1.60 Amb - Kalimdor - Desolace - Gelkis Village - Tent Flap Emitter 01,-2281.5,2670.05,60.189,0,0,0,30131,309204,0,0,0,0,0,0,1
1.60 Amb - Kalimdor - Desolace - Gelkis Village - Tent Flap Pill Emitter,-2313.88,2634.88,60.189,0,0,0,30132,309204,0,1,0,0,0,0,1
1.60 Amb - Kalimdor - Desolace - Gelkis Village - Tent Flap Emitter 02,-2266.49,2598.34,61.6464,0,0,0,30133,309204,0,0,0,0,0,0,1
1.60 Amb - Kalimdor - Desolace - Gelkis Village - Tent Flap Emitter 03,-2154.65,2686.47,60.8991,0,0,0,30134,309204,0,0,0,0,0,0,1
1.60 Amb - Kalimdor - Desolace - Gelkis Village - Tent Flap Emitter 04,-1988.03,2641.89,61.4601,0,0,0,30135,309204,0,0,0,0,0,0,1
1.60 Amb - Kalimdor - Desolace - Gelkis Village - Tent Flap Emitter 05,-1979.54,2590,61.9968,0,0,0,30136,309204,0,0,0,0,0,0,1
1.60 Amb - Kalimdor - Desolace - Gelkis Village - Tent Flap Emitter 06,-1923.49,2611.52,66.9065,0,0,0,30137,309204,0,0,0,0,0,0,1
"1.60 Amb - Silithus - ZoneTone - Ext - 30,43 - Desert C",-6133.4097,800.15106,114.59535,0,0,0,30140,292201,0,0,0,0,0,0,1
"1.60 Amb - Silithus - ZoneTone - Ext - 28,43 - Desert F",-6133.538,1866.816,110.04585,0,0,0,30141,292207,0,0,0,0,0,0,1
"1.60 Amb - Silithus - ZoneTone - Ext - 31,44 - Desert B",-6666.837,266.81772,4.272054,0,0,0,30142,292199,0,0,0,0,0,0,1
"1.60 Amb - Silithus - ZoneTone - Ext - 29,44 - Desert A",-6666.828,1333.4844,5.63463,0,0,0,30143,292197,0,0,0,0,0,0,1
"1.60 Amb - Silithus - ZoneTone - Ext - 27,44 - Coast B",-6557.8438,2400.2588,-463.03223,0,0,0,30144,295658,0,0,0,0,0,0,1
"1.60 Amb - Silithus - ZoneTone - Ext - 24,45 - Coast C",-7200.174,4000.1501,-515.1874,0,0,0,30145,295657,0,0,0,0,0,0,1
"1.60 Amb - Silithus - ZoneTone - Ext - 26,45 - Coast A",-7200.2085,2933.4836,-504.27875,0,0,0,30146,295659,0,0,0,0,0,0,1
"1.60 Amb - Silithus - ZoneTone - Ext - 28,45 - Desert D",-7200.2363,1866.816,49.41469,0,0,0,30147,292203,0,0,0,0,0,0,1
"1.60 Amb - Silithus - ZoneTone - Ext - 30,45 - Desert E",-7200.172,800.15106,7.712131,0,0,0,30148,292205,0,0,0,0,0,0,1
"1.60 Amb - Silithus - ZoneTone - Ext - 31,46 - Desert F",-7733.507,266.81598,2.8467069,0,0,0,30149,292207,0,0,0,0,0,0,1
"1.60 Amb - Silithus - ZoneTone - Ext - 29,46 - Desert G",-7733.5103,1333.4844,0.62128365,0,0,0,30150,292209,0,0,0,0,0,0,1
"1.60 Amb - Silithus - ZoneTone - Ext - 27,46 - Desert C",-7733.507,2400.1494,41.294624,0,0,0,30151,292201,0,0,0,0,0,0,1
"1.60 Amb - Silithus - ZoneTone - Ext - 25,46 - Coast E",-7733.507,3466.817,-515.56384,0,0,0,30152,295655,0,0,0,0,0,0,1
"1.60 Amb - Silithus - ZoneTone - Ext - 26,47 - Coast D",-8266.886,2933.4836,66.54975,0,0,0,30153,295656,0,0,0,0,0,0,1
"1.60 Amb - Silithus - ZoneTone - Ext - 28,47 - Desert A",-8281.747,1866.8021,134.4097,0,0,0,30154,292197,0,0,0,0,0,0,1
"1.60 Amb - Silithus - ZoneTone - Ext - 30,47 - Desert B",-8240.866,800.17706,57.725098,0,0,0,30155,292199,0,0,0,0,0,0,1
"1.60 Amb - Silithus - ZoneTone - Ext - 31,48 - Desert C",-8771.864,266.8455,57.351917,0,0,0,30156,292201,0,0,0,0,0,0,1
"1.60 Amb - Silithus - ZoneTone - Ext - 29,48 - Desert D",-8800.363,1333.4827,132.78613,0,0,0,30157,292203,0,0,0,0,0,0,1
"1.60 Amb - Silithus - ZoneTone - Ext - 27,48 - Desert E",-8800.174,2400.1511,82.53494,0,0,0,30158,292205,0,0,0,0,0,0,1
"1.60 Amb - Silithus - ZoneTone - Ext - 25,48 - Coast C",-8800.174,3466.817,-515.56384,0,0,0,30159,295657,0,0,0,0,0,0,1
"1.60 Amb - Silithus - ZoneTone - Ext - 26,49 - Coast B",-9333.478,2933.4836,118.4707,0,0,0,30160,295658,0,0,0,0,0,0,1
"1.60 Amb - Silithus - ZoneTone - Ext - 28,49 - Desert F",-9333.498,1866.8177,48.58846,0,0,0,30161,292207,0,0,0,0,0,0,1
"1.60 Amb - Silithus - ZoneTone - Ext - 30,49 - Desert E",-9333.981,800.1493,74.7056,0,0,0,30162,292205,0,0,0,0,0,0,1
"1.60 Amb - Silithus - ZoneTone - Ext - 31,50 - Desert B",-9866.761,266.81772,113.35935,0,0,0,30163,292199,0,0,0,0,0,0,1
"1.60 Amb - Silithus - ZoneTone - Ext - 29,50 - Desert A",-9866.849,1333.4827,21.292833,0,0,0,30164,292197,0,0,0,0,0,0,1
"1.60 Amb - Silithus - ZoneTone - Ext - 27,50 - Desert C",-9866.783,2400.1511,96.85409,0,0,0,30165,292201,0,0,0,0,0,0,1
"1.60 Amb - Silithus - ZoneTone - Ext - 25,50 - Coast A",-9866.841,3466.817,-515.56384,0,0,0,30166,295659,0,0,0,0,0,0,1
"1.60 Amb - Silithus - ZoneTone - Ext - 26,51 - Coast E",-10400.174,2933.4836,-515.18756,0,0,0,30168,295655,0,0,0,0,0,0,1
"1.60 Amb - Silithus - ZoneTone - Ext - 28,51 - Desert E",-10400.087,1866.8177,304.72653,0,0,0,30171,292205,0,0,0,0,0,0,1
"1.60 Amb - Silithus - ZoneTone - Ext - 30,51 - Desert G",-10431.435,800.11804,130.84048,0,0,0,30172,292209,0,0,0,0,0,0,1
"1.60 Amb - Silithus - ZoneTone - Ext - 31,52 - Coast B",-10933.507,266.81598,-515.1876,0,0,0,30173,295658,0,0,0,0,0,0,1
"1.60 Amb - Silithus - ZoneTone - Ext - 29,51 - Coast E",-10933.507,1333.4844,-515.56384,0,0,0,30176,295655,0,0,0,0,0,0,1
"1.60 Amb - Silithus - ZoneTone - Ext - 27,52 - Coast C",-10933.507,2400.1511,-515.56384,0,0,0,30177,295657,0,0,0,0,0,0,1
"1.60 Amb - Silithus - ZoneTone - Ext - 25,52 - Coast D",-10933.507,3466.817,-515.18756,0,0,0,30179,295656,0,0,0,0,0,0,1
"1.60 Amb - Silithus - ZoneTone - Ext - 26,53 - Coast B",-11466.841,2933.4836,-515.18756,0,0,0,30181,295658,0,0,0,0,0,0,1
"1.60 Amb - Silithus - ZoneTone - Ext - 28,53 - Coast A",-11466.841,1866.816,-515.18756,0,0,0,30182,295659,0,0,0,0,0,0,1
"1.60 Amb - Silithus - ZoneTone - Ext - 30,53 - Coast D",-11466.841,800.1493,-515.1875,0,0,0,30184,295656,0,0,0,0,0,0,1
1.60 Amb - Silithus - Flavor - Crystal Precast Dust - Emitter,-7919.19,1893.19,2.57892,0,0,0,30298,309319,0,0,0,0,0,0,1
"1.60 Amb - Darkshore - ZoneTone - Ext - 27,16 - Coast E",8266.386,2400.1494,-447.1046,0,0,0,30299,295655,0,0,0,0,0,0,1
"1.60 Amb - Darkshore - ZoneTone - Ext - 29,16 - Coast D",8266.357,1333.4827,-327.66418,0,0,0,30300,295656,0,0,0,0,0,0,1
"1.60 Amb - Darkshore - ZoneTone - Ext - 31,16 - Coast E",8266.308,266.81598,-460.4077,0,0,0,30301,295655,0,0,0,0,0,0,1
"1.60 Amb - Darkshore - ZoneTone - Ext - 33,16 - Coast B",8267.024,-799.8507,-99.78722,0,0,0,30302,295658,0,0,0,0,0,0,1
"1.60 Amb - Darkshore - ZoneTone - Ext - 34,17 - Forest C",7733.143,-1333.1841,248.63965,0,0,0,30303,292502,0,0,0,0,0,0,1
"1.60 Amb - Darkshore - ZoneTone - Ext - 32,17 - Coast A",7733.01,-266.51736,-13.517877,0,0,0,30304,295659,0,0,0,0,0,0,1
"1.60 Amb - Darkshore - ZoneTone - Ext - 30,17 - Coast B",7732.9897,800.1493,-515.1873,0,0,0,30305,295658,0,0,0,0,0,0,1
"1.60 Amb - Darkshore - ZoneTone - Ext - 29,18 - Coast A",7199.6562,1333.4827,-515.1874,0,0,0,30306,295659,0,0,0,0,0,0,1
"1.60 Amb - Darkshore - ZoneTone - Ext - 31,18 - Coast C",7199.6616,266.81598,-14.841038,0,0,0,30307,295657,0,0,0,0,0,0,1
"1.60 Amb - Darkshore - ZoneTone - Ext - 33,18 - Forest A",7199.567,-799.8507,36.672745,0,0,0,30308,292507,0,0,0,0,0,0,1
"1.60 Amb - Darkshore - ZoneTone - Ext - 32,19 - Forest B",6666.403,-266.51736,43.43639,0,0,0,30309,292504,0,0,0,0,0,0,1
"1.60 Amb - Darkshore - ZoneTone - Ext - 30,19 - Coast E",6666.4375,800.1493,6.3967557,0,0,0,30310,295655,0,0,0,0,0,0,1
"1.60 Amb - Darkshore - ZoneTone - Ext - 29,20 - Coast D",6070.691,1333.4202,-327.66147,0,0,0,30311,295656,0,0,0,0,0,0,1
"1.60 Amb - Darkshore - ZoneTone - Ext - 31,20 - Forest C",6133.04,266.81598,22.019505,0,0,0,30312,292502,0,0,0,0,0,0,1
"1.60 Amb - Darkshore - ZoneTone - Ext - 30,21 - Coast A",5599.6587,800.1493,-17.510878,0,0,0,30313,295659,0,0,0,0,0,0,1
"1.60 Amb - Darkshore - ZoneTone - Ext - 29,22 - Coast B",5066.4185,1333.4827,-255.5842,0,0,0,30314,295658,0,0,0,0,0,0,1
"1.60 Amb - Darkshore - ZoneTone - Ext - 31,22 - Forest D",5066.2993,266.81598,22.49859,0,0,0,30315,292500,0,0,0,0,0,0,1
"1.60 Amb - Darkshore - ZoneTone - Ext - 30,23 - Coast C",4533.0156,800.1493,-4.6839466,0,0,0,30316,295657,0,0,0,0,0,0,1
"1.60 Amb - Darkshore - ZoneTone - Ext - 29,24 - Coast E",3999.6528,1333.4827,-25.053114,0,0,0,30317,295655,0,0,0,0,0,0,1
"1.60 Amb - Darkshore - ZoneTone - Ext - 31,24 - Forest E",3999.586,266.81598,48.564617,0,0,0,30318,292498,0,0,0,0,0,0,1
1.60 Amb - Darkshore - Cliffspring Falls - Waterfall Small Emitter 01,6889.73,-616.894,38.9902,0,0,0,30319,3791,0,1,0,0,0,0,1
1.60 Amb - Darkshore - Cliffspring Falls - Waterfall Small Emitter 02,5159.51,-62.4227,38.6012,0,0,0,30320,3791,0,1,0,0,0,0,1
1.60 Amb - Darkshore - Cliffspring Falls - Waterfall Small Emitter 03,5208.22,-127.084,95.9122,0,0,0,30321,3791,0,1,0,0,0,0,1
"1.60 Amb - Durotar - ZoneTone - Ext - 39,28 - Desert A",1797.1233,-3999.9202,130.54498,0,0,0,30322,292197,0,0,0,0,0,0,1
"1.60 Amb - Durotar - ZoneTone - Ext - 41,28 - Desert E",1866.2274,-5066.5176,105.97157,0,0,0,30323,292205,0,0,0,0,0,0,1
"1.60 Amb - Durotar - ZoneTone - Ext - 43,28 - Coast D",1866.3802,-6133.184,-34.427097,0,0,0,30324,295656,0,0,0,0,0,0,1
"1.60 Amb - Durotar - ZoneTone - Ext - 42,29 - Coast B",1268.8055,-5599.915,-179.80507,0,0,0,30325,295658,0,0,0,0,0,0,1
"1.60 Amb - Durotar - ZoneTone - Ext - 40,29 - Desert B",1333.3125,-4533.184,43.943386,0,0,0,30326,292199,0,0,0,0,0,0,1
"1.60 Amb - Durotar - ZoneTone - Ext - 39,30 - Desert G",799.6597,-3999.8508,29.626791,0,0,0,30327,292209,0,0,0,0,0,0,1
"1.60 Amb - Durotar - ZoneTone - Ext - 41,30 - Desert F",799.658,-5066.5176,3.3529732,0,0,0,30328,292207,0,0,0,0,0,0,1
"1.60 Amb - Durotar - ZoneTone - Ext - 43,30 - Coast C",799.65625,-6133.184,-518.7859,0,0,0,30329,295657,0,0,0,0,0,0,1
"1.60 Amb - Durotar - ZoneTone - Ext - 42,31 - Coast A",266.45834,-5599.8506,-193.76286,0,0,0,30330,295659,0,0,0,0,0,0,1
"1.60 Amb - Durotar - ZoneTone - Ext - 40,31 - Desert D",266.33682,-4533.184,21.320068,0,0,0,30331,292203,0,0,0,0,0,0,1
"1.60 Amb - Durotar - ZoneTone - Ext - 39,32 - Desert B",-266.94098,-3999.8508,169.03467,0,0,0,30332,292199,0,0,0,0,0,0,1
"1.60 Amb - Durotar - ZoneTone - Ext - 41,32 - Desert A",-267.0104,-5066.5176,21.35658,0,0,0,30333,292197,0,0,0,0,0,0,1
"1.60 Amb - Durotar - ZoneTone - Ext - 43,32 - Coast E",-267.0104,-6133.184,-518.7859,0,0,0,30334,295655,0,0,0,0,0,0,1
"1.60 Amb - Durotar - ZoneTone - Ext - 42,33 - Forest B",-800.23267,-5599.8506,13.240099,0,0,0,30335,292504,0,0,0,0,0,0,1
"1.60 Amb - Durotar - ZoneTone - Ext - 40,33 - Desert C",-800.3542,-4533.184,73.71262,0,0,0,30336,292201,0,0,0,0,0,0,1
"1.60 Amb - Durotar - ZoneTone - Ext - 41,34 - Forest A",-1333.6962,-5066.5176,-3.4284396,0,0,0,30337,292507,0,0,0,0,0,0,1
"1.60 Amb - Durotar - ZoneTone - Ext - 43,34 - Coast D",-1333.5365,-6133.184,-474.60123,0,0,0,30338,295656,0,0,0,0,0,0,1
"1.60 Amb - Durotar - ZoneTone - Ext - 42,35 - Coast C",-1866.9861,-5599.8506,-35.10612,0,0,0,30339,295657,0,0,0,0,0,0,1
"1.60 Amb - Durotar - ZoneTone - Ext - 40,35 - Coast B",-1867.0104,-4533.184,-441.1206,0,0,0,30340,295658,0,0,0,0,0,0,1
1.60 Amb - Durotar - Scuttle Coast - Shipwreck Emitter 01,-157.709,-5222.69,3.00005,0,0,0,30341,309931,0,0,0,0,0,0,1
1.60 Amb - Durotar - Scuttle Coast - Shipwreck Emitter 01 - Sail,-174.706,-5235.64,12.5383,0,0,0,30342,309932,0,0,0,0,0,0,1
1.60 Amb - Durotar - Scuttle Coast - Shipwreck Emitter 02,-305.46,-5286.59,1.54603,0,0,0,30343,309931,0,0,0,0,0,0,1
1.60 Amb - Durotar - Scuttle Coast - Shipwreck Emitter 03,-220.806,-5308.74,-0.147715,0,0,0,30344,309931,0,0,0,0,0,0,1
1.60 Amb - Durotar - Scuttle Coast - Shipwreck Emitter 03 - Sail,-211.86,-5300.2,9.48468,0,0,0,30345,309932,0,0,0,0,0,0,1
1.60 Amb - Durotar - Scuttle Coast - Shipwreck Emitter 04,47.3639,-5361.71,1.3976,0,0,0,30346,309931,0,0,0,0,0,0,1
1.60 Amb - Durotar - Scuttle Coast - Shipwreck Emitter 04 - Sail,39.1082,-5342.14,9.62649,0,0,0,30347,309932,0,0,0,0,0,0,1
1.60 Amb - Durotar - Scuttle Coast - Shipwreck Emitter 05,15.6329,-5205.46,0.00179996,0,0,0,30348,309931,0,0,0,0,0,0,1
1.60 Amb - Durotar - Scuttle Coast - Shipwreck Emitter 06,196.261,-5243.29,4.40052,0,0,0,30349,309931,0,0,0,0,0,0,1
1.60 Amb - Durotar - Canyon Wind - Pill Emitter,416.705,-4728.2,9.2849,0,0,0,30352,309987,0,1,0,0,0,0,1
"1.60 Amb - Darkshore - ZoneTone - Ext - 32,21 - Forest A",5599.811,-266.51736,387.9736,0,0,0,30354,292507,0,0,0,0,0,0,1
"1.60 Amb - Ashenvale - ZoneTone - Ext - 28,25 - Coast A",3465.8862,1866.816,-95.48417,0,0,0,30355,295659,0,0,0,0,0,0,1
"1.60 Amb - Ashenvale - ZoneTone - Ext - 30,25 - Forest B",3466.1511,800.1493,15.397651,0,0,0,30356,292504,0,0,0,0,0,0,1
"1.60 Amb - Ashenvale - ZoneTone - Ext - 32,25 - Forest A",3462.52,-266.52084,150.37866,0,0,0,30357,292507,0,0,0,0,0,0,1
"1.60 Amb - Ashenvale - ZoneTone - Ext - 38,25 - Forest A",3466.4045,-3466.5173,253.47185,0,0,0,30358,292507,0,0,0,0,0,0,1
"1.60 Amb - Ashenvale - ZoneTone - Ext - 37,26 - Forest E",2933.0295,-2933.184,206.13606,0,0,0,30359,292498,0,0,0,0,0,0,1
"1.60 Amb - Ashenvale - ZoneTone - Ext - 35,26 - Forest A",2933.0105,-1866.5173,165.72105,0,0,0,30360,292507,0,0,0,0,0,0,1
"1.60 Amb - Ashenvale - ZoneTone - Ext - 33,26 - Forest B",2933.0312,-799.8507,171.06795,0,0,0,30361,292504,0,0,0,0,0,0,1
"1.60 Amb - Ashenvale - ZoneTone - Ext - 31,26 - Forest C",2933.1138,266.81598,161.80734,0,0,0,30362,292502,0,0,0,0,0,0,1
"1.60 Amb - Ashenvale - ZoneTone - Ext - 29,26 - Forest D",2925.217,1333.474,405.39334,0,0,0,30363,292500,0,0,0,0,0,0,1
"1.60 Amb - Ashenvale - ZoneTone - Ext - 30,27 - Forest E",2342.7847,800.09204,359.9869,0,0,0,30364,292498,0,0,0,0,0,0,1
"1.60 Amb - Ashenvale - ZoneTone - Ext - 32,27 - Forest F",2399.6406,-266.51736,98.04929,0,0,0,30365,292496,0,0,0,0,0,0,1
"1.60 Amb - Ashenvale - ZoneTone - Ext - 34,27 - Forest D",2399.7188,-1333.1841,104.11396,0,0,0,30366,292500,0,0,0,0,0,0,1
"1.60 Amb - Ashenvale - ZoneTone - Ext - 36,27 - Forest F",2399.4463,-2399.8508,154.93362,0,0,0,30367,292496,0,0,0,0,0,0,1
"1.60 Amb - Ashenvale - ZoneTone - Ext - 38,27 - Forest D",2399.606,-3466.5173,93.41569,0,0,0,30368,292500,0,0,0,0,0,0,1
"1.60 Amb - Ashenvale - ZoneTone - Ext - 37,28 - Forest B",1866.2448,-2933.184,64.17703,0,0,0,30369,292504,0,0,0,0,0,0,1
"1.60 Amb - Ashenvale - ZoneTone - Ext - 35,28 - Forest C",1866.3906,-1866.5173,107.17356,0,0,0,30370,292502,0,0,0,0,0,0,1
"1.60 Amb - Ashenvale - ZoneTone - Ext - 33,28 - Forest E",1730.5798,-799.98615,391.41843,0,0,0,30371,292498,0,0,0,0,0,0,1
1.60 Amb - Ashenvale - Flavor - Pond - Emitter 01,2314.67,-429.873,92.4462,0,0,0,30372,310113,0,0,0,0,0,0,1
1.60 Amb - Ashenvale - Flavor - Pond - Pill Emitter 01,2339.57,-387.702,92.4474,0,0,0,30373,310113,0,1,0,0,0,0,1
1.60 Amb - Ashenvale - Flavor - Pond - Emitter - Large 01,3039.28,532.017,5.32864,0,0,0,30374,310119,0,0,0,0,0,0,1
1.60 Amb - Ashenvale - Flavor - Pond Emitter - Circular - Frog,2571.41,-407.921,107.778,0,0,0,30377,310125,0,1,0,0,0,0,1
1.60 Amb - Kalimdor - Ashenvale - Mystral Lake - Waterfall Emitter,1833.29,-1258.18,87.5902,0,0,0,30378,3791,0,1,0,0,0,0,1
1.60 Amb - Kalimdor - Ashenvale - Falfarren River - Waterfall Emitter,2778.02,-2640.41,186.707,0,0,0,30379,3791,0,1,0,0,0,0,1
1.60 Amb - Ashenvale - Flavor - River - Pill Emitter 01,1947.11,-2875.59,94.9738,0,0,0,30380,310113,0,1,0,0,0,0,1
1.60 Amb - Ashenvale - Flavor - River - Pill Emitter 02,2312.44,-2847.51,133.125,0,0,0,30381,310113,0,1,0,0,0,0,1
1.60 Amb - Ashenvale - Flavor - Pond - Emitter - Large 02,2028.65,-3243.74,91.3916,0,0,0,30382,310119,0,0,0,0,0,0,1
1.60 Amb - Ashenvale - Flavor - Pond - Emitter - Large 03,2901.31,-2662.66,210.216,0,0,0,30383,310119,0,0,0,0,0,0,1
1.60 Amb - Ashenvale - Flavor - Pond - Emitter - Large 04,1531.52,-2140.52,88.4046,0,0,0,30385,310119,0,0,0,0,0,0,1
1.60 Amb - Ashenvale - Flavor - Creepy Pond - Emitter - Large 01,2903.59,-977.563,202.169,0,0,0,30386,310131,0,0,0,0,0,0,1
1.60 Amb - Kalimdor - Ashenvale - Xavian - Waterfall Emitter,3078.45,-2699.64,208.467,0,0,0,30387,3791,0,1,0,0,0,0,1
1.60 Amb - Ashenvale - Flavor - Pond - Emitter 02,2755.8,279.791,57.433,0,0,0,30388,310113,0,0,0,0,0,0,1
1.60 Amb - Ashenvale - Flavor - Pond - Emitter 03,2777.54,218.733,58.2742,0,0,0,30389,310113,0,0,0,0,0,0,1
"1.60 Amb - Blasted Lands - ZoneTone - Ext - 28,52 - Blasted Lands A",-10933.677,-3466.5173,64.95432,0,0,0,30390,310183,0,0,0,0,0,0,0
"1.60 Amb - Blasted Lands - ZoneTone - Ext - 37,53 - Blasted Lands C",-11467.231,-2933.184,17.028673,0,0,0,30391,310185,0,0,0,0,0,0,0
"1.60 Amb - Blasted Lands - ZoneTone - Ext - 39,53 - Coast A",-11467.071,-3999.8508,-47.337906,0,0,0,30392,295659,0,0,0,0,0,0,0
"1.60 Amb - Blasted Lands - ZoneTone - Ext - 40,54 - Coast C",-12000.344,-4533.184,-515.5638,0,0,0,30393,295657,0,0,0,0,0,0,0
"1.60 Amb - Blasted Lands - ZoneTone - Ext - 38,54 - Blasted Lands B",-12000.339,-3466.5173,86.779,0,0,0,30394,310184,0,0,0,0,0,0,0
"1.60 Amb - Blasted Lands - ZoneTone - Ext - 36,54 - Blasted Lands D",-12000.302,-2399.8508,2.7821453,0,0,0,30395,310186,0,0,0,0,0,0,0
"1.60 Amb - Blasted Lands - ZoneTone - Ext - 37,55 - Coast C",-12533.788,-2933.184,180.13518,0,0,0,30396,295402,0,0,0,0,0,0,0
"1.60 Amb - Blasted Lands - ZoneTone - Ext - 39,55 - Coast B",-12533.677,-3999.8508,-515.5638,0,0,0,30397,295403,0,0,0,0,0,0,0
"1.60 Amb - Blasted Lands - ZoneTone - Ext - 38,56 - Coast D",-13067.011,-3466.5173,-515.5638,0,0,0,30398,295401,0,0,0,0,0,0,0
"1.60 Amb - Blasted Lands - ZoneTone - Ext - 36,56 - Coast A",-13067.014,-2399.8508,-515.5606,0,0,0,30399,295404,0,0,0,0,0,0,0
1.60 Amb - Eastern Kingdoms - Blasted Lands - Dark Portal - Fire Emitter 01,-11886.1,-3221.62,-14.6072,0,0,0,30404,310303,0,0,0,0,0,0,0
1.60 Amb - Eastern Kingdoms - Blasted Lands - Dark Portal - Fire Emitter 02,-11890.5,-3190.38,-14.6072,0,0,0,30405,310303,0,0,0,0,0,0,0
1.60 Amb - Blasted Lands - Garrison Armory - Mine Entrance Emitter 01,-10832.5,-3042.88,47.6178,0,0,0,30423,291328,0,0,0,0,0,0,0
1.60 Amb - Blasted Lands - Garrison Armory - Mine Entrance Emitter 02,-10888.6,-3176.53,49.7041,0,0,0,30424,291328,0,0,0,0,0,0,0
"1.60 Amb - Alterac Mountains - ZoneTone - Ext - 33,29 - Forest A",1332.8524,-799.8507,188.4554,0,0,0,30432,292507,0,0,0,0,0,0,0
"1.60 Amb - Alterac Mountains - ZoneTone - Ext - 32,30 - Tundra A",799.6875,-266.51736,142.9502,0,0,0,30433,295938,0,0,0,0,0,0,0
"1.60 Amb - Alterac Mountains - ZoneTone - Ext - 34,30 - Forest E",798.8733,-1333.1858,229.09456,0,0,0,30434,292498,0,0,0,0,0,0,0
"1.60 Amb - Alterac Mountains - ZoneTone - Ext - 33,31 - Tundra B",266.29166,-799.8507,139.24324,0,0,0,30435,295941,0,0,0,0,0,0,0
"1.60 Amb - Alterac Mountains - ZoneTone - Ext - 34,32 - Forest B",-266.98785,-1333.1841,82.51099,0,0,0,30436,292504,0,0,0,0,0,0,0
"1.60 Amb - Alterac Mountains - ZoneTone - Ext - 32,32 - Forest E",-266.77777,-266.51736,149.73444,0,0,0,30437,292498,0,0,0,0,0,0,0
"1.60 Amb - Alterac Mountains - ZoneTone - Ext - 31,33 - Forest B",-800.30554,266.81598,41.49905,0,0,0,30438,292504,0,0,0,0,0,0,0
"1.60 Amb - Alterac Mountains - ZoneTone - Ext - 33,33 - Forest C",-800.3524,-799.8507,19.81958,0,0,0,30439,292502,0,0,0,0,0,0,0
"1.60 Amb - Alterac Mountains - ZoneTone - Ext - 34,34 - Forest A",-1333.7101,-1333.1841,198.19138,0,0,0,30440,292507,0,0,0,0,0,0,0
"1.60 Amb - Alterac Mountains - ZoneTone - Ext - 32,34 - Coast A",-1333.691,-266.51736,-189.73068,0,0,0,30441,295659,0,0,0,0,0,0,0
"1.60 Amb - Alterac Mountains - ZoneTone - Ext - 33,35 - Coast B",-1866.7916,-799.8507,-89.06599,0,0,0,30442,295658,0,0,0,0,0,0,0
"1.60 Amb - Alterac Mountains - ZoneTone - Ext - 31,31 - Forest D",233.29688,266.783,99.24257,0,0,0,30443,292500,0,0,0,0,0,0,0
1.60 Amb - Alterac Mountains - Dalaran - Waterfall Small Emitter 01,-72.1954,66.9114,52.0709,0,0,0,30446,310550,0,1,0,0,0,0,0
1.60 Amb - Alterac Mountains - Flavor - Pond - Emitter - Large 01,-279.677,-885.198,54.3359,0,0,0,30448,310639,0,0,0,0,0,0,0
1.60 Amb - Alterac Mountains - Flavor - Pond - Emitter - Large 02,-777.014,-291.672,14.6696,0,0,0,30449,310639,0,0,0,0,0,0,0
"1.60 Amb - Arathi Highlands - ZoneTone - Ext - 39,33 - Grasslands B",-800.1927,-3999.8508,282.41373,0,0,0,30451,310781,0,0,0,0,0,0,0
"1.60 Amb - Arathi Highlands - ZoneTone - Ext - 37,33 - Grasslands A",-800.0139,-2933.184,230.2086,0,0,0,30452,310780,0,0,0,0,0,0,0
"1.60 Amb - Arathi Highlands - ZoneTone - Ext - 35,33 - Grasslands G",-800.2969,-1866.5173,55.72781,0,0,0,30453,310786,0,0,0,0,0,0,0
"1.60 Amb - Arathi Highlands - ZoneTone - Ext - 34,34 - Grasslands D",-1333.7101,-1333.1841,198.19138,0,0,0,30454,310783,0,0,0,0,0,0,0
"1.60 Amb - Arathi Highlands - ZoneTone - Ext - 36,34 - Grasslands F",-1333.6615,-2399.8508,63.343235,0,0,0,30455,310785,0,0,0,0,0,0,0
"1.60 Amb - Arathi Highlands - ZoneTone - Ext - 38,34 - Grasslands C",-1333.7882,-3466.5173,53.796497,0,0,0,30456,310782,0,0,0,0,0,0,0
"1.60 Amb - Arathi Highlands - ZoneTone - Ext - 40,34 - Coast E",-1333.6771,-4533.184,-515.5636,0,0,0,30457,295655,0,0,0,0,0,0,0
"1.60 Amb - Arathi Highlands - ZoneTone - Ext - 41,35 - Coast C",-1867.0104,-5066.5176,-515.5638,0,0,0,30458,295657,0,0,0,0,0,0,0
"1.60 Amb - Arathi Highlands - ZoneTone - Ext - 39,35 - Grasslands D",-1866.8906,-3999.8508,136.15541,0,0,0,30459,310783,0,0,0,0,0,0,0
"1.60 Amb - Arathi Highlands - ZoneTone - Ext - 37,35 - Grasslands E",-1869.5591,-2933.1875,83.061066,0,0,0,30460,310784,0,0,0,0,0,0,0
"1.60 Amb - Arathi Highlands - ZoneTone - Ext - 35,35 - Grasslands C",-1868.4149,-1866.5192,160.89998,0,0,0,30461,310782,0,0,0,0,0,0,0
"1.60 Amb - Arathi Highlands - ZoneTone - Ext - 34,36 - Coast D",-2429.717,-1333.2135,-49.324707,0,0,0,30462,295656,0,0,0,0,0,0,0
"1.60 Amb - Arathi Highlands - ZoneTone - Ext - 36,36 - Coast C",-2466.0938,-2399.9167,99.54221,0,0,0,30463,295657,0,0,0,0,0,0,0
"1.60 Amb - Arathi Highlands - ZoneTone - Ext - 38,36 - Coast B",-2400.3645,-3466.5173,-11.088433,0,0,0,30464,295658,0,0,0,0,0,0,0
"1.60 Amb - Arathi Highlands - ZoneTone - Ext - 40,36 - Coast A",-2400.3438,-4533.184,-515.5639,0,0,0,30465,295659,0,0,0,0,0,0,0
1.60 Amb - Grasslands - Flavor - Pond - Pill Emitter 01,-1824.97,-3334.91,22.6493,0,0,0,30466,310943,0,1,0,0,0,0,0
1.60 Amb - Arathi Highlands - Flavor - Songbird in Tree - Emitter 01,-1249.93,-1628.08,78.0951,0,0,0,30467,310957,0,0,0,0,0,0,0
1.60 Amb - Arathi Highlands - Flavor - Songbird in Tree - Emitter 02,-1219.38,-2190.2,105.652,0,0,0,30468,310957,0,0,0,0,0,0,0
1.60 Amb - Arathi Highlands - Flavor - Songbird in Tree - Emitter 03,-1328.04,-2861.87,70.6359,0,0,0,30469,310957,0,0,0,0,0,0,0
1.60 Amb - Arathi Highlands - Flavor - Songbird in Tree - Emitter 04,-1317.04,-3157.23,65.2614,0,0,0,30470,310957,0,0,0,0,0,0,0
1.60 Amb - Arathi Highlands - Flavor - Songbird in Tree - Emitter 05,-1116.76,-3300.44,77.0127,0,0,0,30471,310957,0,0,0,0,0,0,0
1.60 Amb - Arathi Highlands - Flavor - Songbird in Tree - Emitter 06,-996.424,-2620.31,73.1321,0,0,0,30472,310957,0,0,0,0,0,0,0
1.60 Amb - Arathi Highlands - Flavor - Songbird in Tree - Emitter 07,-979.041,-2779.84,89.8798,0,0,0,30473,310957,0,0,0,0,0,0,0
1.60 Amb - Arathi Highlands - Flavor - Songbird in Tree - Emitter 08,-959.203,-2921.17,101.883,0,0,0,30474,310957,0,0,0,0,0,0,0
1.60 Amb - Arathi Highlands - Flavor - Songbird in Tree - Emitter 09,-1861.36,-2578.61,88.181,0,0,0,30475,310957,0,0,0,0,0,0,0
1.60 Amb - Arathi Highlands - Thandol Span - Bridge Crossing - Emitter 01,-2239.22,-2530.7,80.5373,0,0,0,30476,310977,0,1,0,0,0,0,0
1.60 Amb - Arathi Highlands - Thandol Span - Bridge Crossing - Emitter 02,-2255.75,-2591.07,75.5881,0,0,0,30477,310977,0,1,0,0,0,0,0
1.60 Amb - Arathi Highlands - Flavor - Songbird in Tree - Emitter 09,-1595.79,-2383.32,112.641,0,0,0,30478,310957,0,0,0,0,0,0,0
1.60 Amb - Arathi Highlands - Flavor - Pond Emitter - Large -  Frogs 01,-1418.22,-1881.37,44.5435,0,0,0,30479,310984,0,0,0,0,0,0,0
1.60 Amb - Arathi Highlands - Flavor - Pond Emitter - Large -  Frogs 02,-1374.18,-1761.02,44.5439,0,0,0,30480,310984,0,0,0,0,0,0,0
1.60 Amb - Arathi Highlands - Thandol Span - Large Bridge Crossing - Chains Emitter 01,-2395.26,-2487.26,88.3345,0,0,0,30482,311008,0,1,0,0,0,0,0
1.60 Amb - Arathi Highlands - Thandol Span - Large Bridge Crossing - Chains Emitter 02,-2397.2,-2519.59,88.0129,0,0,0,30483,311008,0,1,0,0,0,0,0
1.60 Amb - Arathi Highlands - Thandol Span - Large Bridge Crossing - Chains Emitter 03,-2346.92,-2486.45,88.0569,0,0,0,30484,311008,0,1,0,0,0,0,0
1.60 Amb - Arathi Highlands - Thandol Span - Large Bridge Crossing - Chains Emitter 04,-2288.78,-2521.93,84.8939,0,0,0,30485,311008,0,1,0,0,0,0,0
"1.60 Amb - Redridge Mountains - ZoneTone - Ext - 36,48 - Mountain D",-8858.481,-2399.9097,274.92758,0,0,0,30486,311091,0,0,0,0,0,0,0
"1.60 Amb - Redridge Mountains - ZoneTone - Ext - 38,48 - Mountain E",-8803.431,-3466.5208,320.16345,0,0,0,30487,311092,0,0,0,0,0,0,0
"1.60 Amb - Redridge Mountains - ZoneTone - Ext - 39,49 - Coast A",-9333.551,-3999.8508,-7.982015,0,0,0,30488,295659,0,0,0,0,0,0,0
"1.60 Amb - Redridge Mountains - ZoneTone - Ext - 37,49 - Mountain C",-9333.606,-2933.184,112.65343,0,0,0,30489,311088,0,0,0,0,0,0,0
"1.60 Amb - Redridge Mountains - ZoneTone - Ext - 35,49 - Mountain B",-9333.81,-1866.5173,84.23343,0,0,0,30490,311090,0,0,0,0,0,0,0
"1.60 Amb - Redridge Mountains - ZoneTone - Ext - 36,50 - Mountain A",-9867.169,-2399.8508,220.98723,0,0,0,30491,311089,0,0,0,0,0,0,0
"1.60 Amb - Redridge Mountains - ZoneTone - Ext - 38,50 - Mountain B",-9867.026,-3466.5173,178.05843,0,0,0,30492,311090,0,0,0,0,0,0,0
1.60 Amb - Redridge Mountains - Dock - Water Pill Emitter 02,-9294.75,-2148.1,62.6441,0,0,0,30493,311101,0,1,0,0,0,0,0
1.60 Amb - Redridge Mountains - Dock - Water Pill Emitter 01,-9314.7,-2141.74,63.4835,0,0,0,30496,311101,0,1,0,0,0,0,0
1.60 Amb - Redridge Mountains - Dock - Water Pill Emitter 03,-9318.47,-2155.77,63.3716,0,0,0,30497,311101,0,1,0,0,0,0,0
1.60 Amb - Redridge Mountains - Dock - Water Pill Emitter 04,-9296.81,-2202.65,61.8985,0,0,0,30498,311101,0,1,0,0,0,0,0
1.60 Amb - Redridge Mountains - Dock - Water Pill Emitter 05,-9329.03,-2194.32,61.8983,0,0,0,30499,311101,0,1,0,0,0,0,0
1.60 Amb - Redridge Mountains - Dock - Water Pill Emitter 06,-9330.4,-2179.58,61.8983,0,0,0,30500,311101,0,1,0,0,0,0,0
1.60 Amb - Redridge Mountains - Dock - Water Pill Emitter 07,-9348.63,-2180.06,61.8983,0,0,0,30501,311101,0,1,0,0,0,0,0
1.60 Amb - Redridge Mountains - Dock - Water Pill Emitter 08,-9350.53,-2214.72,61.8983,0,0,0,30502,311101,0,1,0,0,0,0,0
1.60 Amb - Redridge Mountains - Dock - Water Pill Emitter 09,-9302.82,-2318.61,61.2449,0,0,0,30503,311101,0,1,0,0,0,0,0
1.60 Amb - Redridge Mountains - Dock - Water Pill Emitter 10,-9352.47,-2342.62,61.2449,0,0,0,30504,311101,0,1,0,0,0,0,0
1.60 Amb - Redridge Mountains - Dock - Water Pill Emitter 11,-9344.63,-2355.09,61.2449,0,0,0,30505,311101,0,1,0,0,0,0,0
1.60 Amb - Redridge Mountains - Bridge Crossing - Emitter 01,-9471.05,-2961.22,125.424,0,0,0,30506,310977,0,1,0,0,0,0,0
1.60 Amb - Redridge Mountains - Bridge Crossing - Emitter 02,-9505.76,-2927.72,109.59,0,0,0,30507,310977,0,1,0,0,0,0,0
1.60 AMB - Redridge Mountains - Stonewatch Falls - Waterfall - Large - Pill Emitter,-9441.45,-3249.51,42.2092,0,0,0,30508,3792,0,1,0,0,0,0,0
1.60 Amb - Redridge Mountains - Flavor - Pond Frog Emitter,-9327.11,-1947.5,55.9586,0,0,0,30509,311118,0,0,0,0,1,0,0
1.60 AMB - Redridge Mountains - Waterfall - Large - Pill Emitter 01,-9949.42,-2044.99,84.3309,0,0,0,30593,3792,0,1,0,0,0,0,0
1.60 AMB - Redridge Mountains - Waterfall - Large - Pill Emitter 02,-9941.89,-2003.49,47.8552,0,0,0,30595,3792,0,1,0,0,0,0,0
1.60 AMB - Redridge Mountains - Waterfall - Large - Pill Emitter 03,-9905.86,-1969.94,48.4517,0,0,0,30596,3792,0,1,0,0,0,0,0
"1.60 Amb - Badlands - ZoneTone - Ext - 38,44 - Canyon A",-6666.9653,-3466.5173,255.02469,0,0,0,30598,311285,0,0,0,0,0,0,0
"1.60 Amb - Badlands - ZoneTone - Ext - 36,44 - Canyon B",-6737.318,-2399.9202,393.45816,0,0,0,30599,311291,0,0,0,0,0,0,0
"1.60 Amb - Badlands - ZoneTone - Ext - 37,45 - Canyon C",-7200.7256,-2933.184,302.5898,0,0,0,30600,311289,0,0,0,0,0,0,0
"1.60 Amb - Badlands - ZoneTone - Ext - 39,45 - Canyon D",-7200.3438,-3999.8508,402.78287,0,0,0,30601,311287,0,0,0,0,0,0,0
"1.60 Amb - Swamp of Sorrows - ZoneTone - Ext - 40,50 - Coast C",-9866.929,-4533.184,6.1561146,0,0,0,30610,295657,0,0,0,0,0,0,0
"1.60 Amb - Swamp of Sorrows - ZoneTone - Ext - 41,51 - Coast D",-10400.313,-5066.5176,-517.9808,0,0,0,30611,295656,0,0,0,0,0,0,0
"1.60 Amb - Swamp of Sorrows - ZoneTone - Ext - 39,51 - Marsh A",-10400.31,-3999.8508,17.816868,0,0,0,30612,296225,0,0,0,0,0,0,0
"1.60 Amb - Swamp of Sorrows - ZoneTone - Ext - 37,51 - Marsh B",-10400.37,-2933.184,22.17494,0,0,0,30613,296230,0,0,0,0,0,0,0
"1.60 Amb - Swamp of Sorrows - ZoneTone - Ext - 40,52 - Coast B",-10933.721,-4533.184,-41.126534,0,0,0,30614,295658,0,0,0,0,0,0,0
1.60 Amb - Eastern Kingdoms - Badlands - Banner Flap Pill Emitter,-6891.65,-2491,249.185,0,0,0,30616,311459,0,1,0,0,0,0,0
"1.60 Amb - Winterspring - ZoneTone - Ext - 39,16 - Tundra B",8266.47,-3999.8508,778.06067,0,0,0,30661,295941,0,0,0,0,0,0,1
"1.60 Amb - Winterspring - ZoneTone - Ext - 41,16 - Tundra A",8263.879,-5066.521,195.0099,0,0,0,30662,295938,0,0,0,0,0,0,1
"1.60 Amb - Winterspring - ZoneTone - Ext - 42,17 - Tundra E",7732.98,-5599.8506,368.25677,0,0,0,30663,295937,0,0,0,0,0,0,1
"1.60 Amb - Winterspring - ZoneTone - Ext - 40,17 - Tundra D",7733.047,-4533.184,660.0843,0,0,0,30664,295939,0,0,0,0,0,0,1
"1.60 Amb - Winterspring - ZoneTone - Ext - 38,17 - Tundra A",7733.0615,-3466.5173,779.1131,0,0,0,30665,295938,0,0,0,0,0,0,1
"1.60 Amb - Winterspring - ZoneTone - Ext - 39,18 - Tundra E",7199.796,-3999.8508,751.99884,0,0,0,30666,295937,0,0,0,0,0,0,1
"1.60 Amb - Winterspring - ZoneTone - Ext - 41,18 - Tundra C",7199.8228,-5066.5176,752.9799,0,0,0,30667,295940,0,0,0,0,0,0,1
"1.60 Amb - Winterspring - ZoneTone - Ext - 42,19 - Tundra D",6666.3604,-5599.8506,30.649876,0,0,0,30668,295939,0,0,0,0,0,0,1
"1.60 Amb - Winterspring - ZoneTone - Ext - 40,19 - Tundra B",6666.35,-4533.184,721.30536,0,0,0,30669,295941,0,0,0,0,0,0,1
"1.60 Amb - Winterspring - ZoneTone - Ext - 38,19 - Tundra C",6666.396,-3466.5173,670.99286,0,0,0,30670,295940,0,0,0,0,0,0,1
"1.60 Amb - Winterspring - ZoneTone - Ext - 36,19 - Tundra A",6666.1597,-2399.8508,554.19763,0,0,0,30671,295938,0,0,0,0,0,0,1
"1.60 Amb - Winterspring - ZoneTone - Ext - 37,20 - Tundra B",6005.0884,-2933.3125,1214.1207,0,0,0,30672,295941,0,0,0,0,0,0,1
"1.60 Amb - Winterspring - ZoneTone - Ext - 39,20 - Tundra D",6113.9585,-3999.8699,967.4618,0,0,0,30673,295939,0,0,0,0,0,0,1
"1.60 Amb - Winterspring - ZoneTone - Ext - 41,20 - Tundra A",6132.9272,-5066.5176,791.25183,0,0,0,30674,295938,0,0,0,0,0,0,1
"1.60 Amb - Winterspring - ZoneTone - Ext - 43,20 - Coast B",6130.6694,-6133.1875,-256.56516,0,0,0,30675,295658,0,0,0,0,0,0,1
"1.60 Amb - Winterspring - ZoneTone - Ext - 42,21 - Coast A",5599.712,-5599.8506,143.09676,0,0,0,30676,295659,0,0,0,0,0,0,1
"1.60 Amb - Winterspring - ZoneTone - Ext - 40,21 - Tundra E",5599.6113,-4533.184,764.1034,0,0,0,30677,295937,0,0,0,0,0,0,1
"1.60 Amb - Winterspring - ZoneTone - Ext - 41,22 - Tundra C",5053.877,-5066.53,928.1268,0,0,0,30678,295940,0,0,0,0,0,0,1
1.60 Amb - Winterspring - Lake Kel'Theril - Ice Crack - Pill Emitter,6565.61,-4235.72,658.283,0,0,0,30679,296069,0,1,0,0,0,0,1
"1.60 Amb - Azshara - ZoneTone - Ext - 44,21 - Coast D",5599.298,-6666.5176,-479.01627,0,0,0,30696,295656,0,0,0,0,0,0,1
"1.60 Amb - Azshara - ZoneTone - Ext - 47,22 - Coast A",5066.3037,-8266.518,-252.86087,0,0,0,30697,295659,0,0,0,0,0,0,1
"1.60 Amb - Azshara - ZoneTone - Ext - 45,22 - Coast E",5066.3257,-7199.8506,29.420492,0,0,0,30698,295655,0,0,0,0,0,0,1
"1.60 Amb - Azshara - ZoneTone - Ext - 43,22 - Coast C",5066.3228,-6133.184,-20.833334,0,0,0,30699,295657,0,0,0,0,0,0,1
"1.60 Amb - Azshara - ZoneTone - Ext - 39,22 - Volcanic C",5066.3916,-3999.8508,1529.2606,0,0,0,30700,297319,0,0,0,0,0,0,1
"1.60 Amb - Azshara - ZoneTone - Ext - 40,23 - Volcanic A",4532.769,-4533.184,1053.9735,0,0,0,30701,297317,0,0,0,0,0,0,1
"1.60 Amb - Azshara - ZoneTone - Ext - 42,23 - Forest A",4532.9854,-5599.8506,100.06866,0,0,0,30702,292507,0,0,0,0,0,0,1
"1.60 Amb - Azshara - ZoneTone - Ext - 44,23 - Forest B",4532.989,-6666.5176,98.856285,0,0,0,30703,292504,0,0,0,0,0,0,1
"1.60 Amb - Azshara - ZoneTone - Ext - 46,23 - Forest C",4533.0054,-7733.184,18.449192,0,0,0,30704,292502,0,0,0,0,0,0,1
"1.60 Amb - Azshara - ZoneTone - Ext - 47,24 - Coast B",3999.7578,-8266.518,-225.29524,0,0,0,30705,295658,0,0,0,0,0,0,1
"1.60 Amb - Azshara - ZoneTone - Ext - 45,24 - Coast C",3967.3533,-7199.884,50.56086,0,0,0,30706,295657,0,0,0,0,0,0,1
"1.60 Amb - Azshara - ZoneTone - Ext - 43,24 - Coast D",3999.736,-6133.184,-6.9504666,0,0,0,30707,295656,0,0,0,0,0,0,1
"1.60 Amb - Azshara - ZoneTone - Ext - 41,24 - Forest D",3999.5833,-5066.5176,127.39385,0,0,0,30708,292500,0,0,0,0,0,0,1
"1.60 Amb - Azshara - ZoneTone - Ext - 39,24 - Volcanic B",3999.79,-3999.8508,579.7016,0,0,0,30709,297320,0,0,0,0,0,0,1
"1.60 Amb - Azshara - ZoneTone - Ext - 40,25 - Forest E",3466.2493,-4533.184,168.59291,0,0,0,30710,292498,0,0,0,0,0,0,1
"1.60 Amb - Azshara - ZoneTone - Ext - 42,25 - Coast E",3466.2812,-5599.8506,11.577393,0,0,0,30711,295655,0,0,0,0,0,0,1
"1.60 Amb - Azshara - ZoneTone - Ext - 44,25 - Coast A",3466.2986,-6666.5176,-73.51432,0,0,0,30712,295659,0,0,0,0,0,0,1
"1.60 Amb - Azshara - ZoneTone - Ext - 45,26 - Coast B",2932.9644,-7199.8506,-21.643637,0,0,0,30713,295658,0,0,0,0,0,0,1
"1.60 Amb - Azshara - ZoneTone - Ext - 43,26 - Forest E",2933.212,-6133.184,23.57734,0,0,0,30714,292498,0,0,0,0,0,0,1
"1.60 Amb - Azshara - ZoneTone - Ext - 41,26 - Forest B",2932.8186,-5066.5176,154.39648,0,0,0,30715,292504,0,0,0,0,0,0,1
"1.60 Amb - Azshara - ZoneTone - Ext - 39,26 - Forest F",2933.0356,-3999.8508,130.64204,0,0,0,30716,292496,0,0,0,0,0,0,1
"1.60 Amb - Azshara - ZoneTone - Ext - 40,27 - Forest A",2399.6562,-4533.184,247.22237,0,0,0,30717,292507,0,0,0,0,0,0,1
"1.60 Amb - Azshara - ZoneTone - Ext - 42,27 - Forest C",2399.6145,-5599.8506,131.98872,0,0,0,30718,292502,0,0,0,0,0,0,1
"1.60 Amb - Azshara - ZoneTone - Ext - 44,27 - Forest D",2399.5903,-6666.5176,106.01313,0,0,0,30719,292500,0,0,0,0,0,0,1
"1.60 Amb - Azshara - ZoneTone - Ext - 46,27 - Coast C",2399.6614,-7733.184,-507.21463,0,0,0,30720,295657,0,0,0,0,0,0,1
"1.60 Amb - Azshara - ZoneTone - Ext - 45,28 - Coast E",1866.3733,-7199.8506,-45.189075,0,0,0,30721,295655,0,0,0,0,0,0,1
1.60 Amb - Azshara - Ravencrest Monument - Bridge Cross Emitter 01,2545.63,-6589.1,102.84,0,0,0,30722,311982,0,1,0,0,0,0,1
1.60 Amb - Azshara - Ravencrest Monument - Bridge Cross Emitter 02,2553.16,-6639.84,101.15,0,0,0,30723,311982,0,1,0,0,0,0,1
1.60 Amb - Azshara - Ravencrest Monument - Bridge Cross Emitter 03,2380.83,-6631.85,109.031,0,0,0,30724,311982,0,1,0,0,0,0,1
1.60 Amb - Azshara - Ravencrest Monument - Bridge Cross Emitter 04,2361.54,-6574.1,107.44,0,0,0,30725,311982,0,1,0,0,0,0,1
1.60 Amb - Azshara - Ravencrest Monument - Bridge Cross Emitter 05,2590.28,-6493.17,97.8863,0,0,0,30726,311982,0,1,0,0,0,0,1
1.60 Amb - Azshara - Ravencrest Monument - Bridge Cross Emitter 06,2558.83,-6444.6,100.019,0,0,0,30727,311982,0,1,0,0,0,0,1
1.60 Amb - Azshara - Southfury River - Bridge Cross Emitter 01,2814.75,-3811.1,85.8033,0,0,0,30728,311982,0,1,0,0,0,0,1
1.60 Amb - Azshara - Southfury River - Bridge Cross Emitter 02,2828.14,-3760.5,80.6783,0,0,0,30729,311982,0,1,0,0,0,0,1
"1.60 Amb - Dustwallow Marsh - ZoneTone - Ext - 41,36 - Coast E",-2458.4514,-5066.5767,-67.600624,0,0,0,30761,295655,0,0,0,0,0,0,1
"1.60 Amb - Dustwallow Marsh - ZoneTone - Ext - 39,36 - Coast D",-2400.2986,-3999.8508,6.272461,0,0,0,30762,295656,0,0,0,0,0,0,1
"1.60 Amb - Dustwallow Marsh - ZoneTone - Ext - 38,37 - Marsh A",-2933.837,-3466.5173,40.685112,0,0,0,30763,296225,0,0,0,0,0,0,1
"1.60 Amb - Dustwallow Marsh - ZoneTone - Ext - 40,37 - Coast A",-2933.6807,-4533.184,-26.581272,0,0,0,30764,295659,0,0,0,0,0,0,1
"1.60 Amb - Dustwallow Marsh - ZoneTone - Ext - 41,38 - Coast B",-3467.1667,-5066.5176,-25.00879,0,0,0,30765,295658,0,0,0,0,0,0,1
"1.60 Amb - Dustwallow Marsh - ZoneTone - Ext - 39,38 - Marsh B",-3466.889,-3999.8508,4.978597,0,0,0,30766,296230,0,0,0,0,0,0,1
"1.60 Amb - Dustwallow Marsh - ZoneTone - Ext - 37,38 - Marsh D",-3466.9531,-2933.184,35.729736,0,0,0,30768,296228,0,0,0,0,0,0,1
"1.60 Amb - Dustwallow Marsh - ZoneTone - Ext - 38,39 - Marsh C",-4000.3767,-3466.5173,29.40587,0,0,0,30769,296229,0,0,0,0,0,0,1
"1.60 Amb - Dustwallow Marsh - ZoneTone - Ext - 40,39 - Coast C",-4000.1807,-4533.184,-14.190701,0,0,0,30770,295657,0,0,0,0,0,0,1
"1.60 Amb - Dustwallow Marsh - ZoneTone - Ext - 42,39 - Coast D",-4002.0798,-5599.8525,-443.18985,0,0,0,30771,295656,0,0,0,0,0,0,1
"1.60 Amb - Dustwallow Marsh - ZoneTone - Ext - 41,40 - Coast A",-4533.5,-5066.5176,-69.52635,0,0,0,30772,295659,0,0,0,0,0,0,1
"1.60 Amb - Dustwallow Marsh - ZoneTone - Ext - 39,40 - Marsh F",-4533.4897,-3999.8508,63.93579,0,0,0,30773,296231,0,0,0,0,0,0,1
"1.60 Amb - Dustwallow Marsh - ZoneTone - Ext - 37,40 - Marsh E",-4533.6494,-2933.184,32.369358,0,0,0,30774,296227,0,0,0,0,0,0,1
"1.60 Amb - Dustwallow Marsh - ZoneTone - Ext - 38,41 - Marsh A",-5067.519,-3466.5173,180.95128,0,0,0,30775,296225,0,0,0,0,0,0,1
"1.60 Amb - Dustwallow Marsh - ZoneTone - Ext - 40,41 - Coast B",-5067.0034,-4533.184,177.6357,0,0,0,30776,295658,0,0,0,0,0,0,1
"1.60 Amb - Dustwallow Marsh - ZoneTone - Ext - 42,41 - Coast E",-5067.0103,-5599.8506,-515.5636,0,0,0,30777,295655,0,0,0,0,0,0,1
1.60 Amb - Dustwallow Marsh - Theramore Isle - Dock - Water Pill Emitter 01,-3805.7917,-4679.5366,9.01429,0,0,0,30792,312085,0,1,0,0,0,0,1
1.60 Amb - Dustwallow Marsh - Theramore Isle - Dock - Water Pill Emitter 02,-3846.4792,-4724.347,9.01429,0,0,0,30793,312085,0,1,0,0,0,0,1
1.60 Amb - Dustwallow Marsh - Theramore Isle - Dock - Water Pill Emitter 03,-3805.6719,-4763.7744,9.01429,0,0,0,30794,312085,0,1,0,0,0,0,1
1.60 Amb - Dustwallow Marsh - Theramore Isle - Dock - Water Pill Emitter 04,-3823.7917,-4777.566,9.01429,0,0,0,30795,312085,0,1,0,0,0,0,1
1.60 Amb - Dustwallow Marsh - Theramore Isle - Dock - Water Pill Emitter 05,-3884.2744,-4718.5156,9.01429,0,0,0,30796,312085,0,1,0,0,0,0,1
1.60 Amb - Dustwallow Marsh - Theramore Isle - Dock - Water Pill Emitter 06,-3885.889,-4626.2603,9.01429,0,0,0,30797,312085,0,1,0,0,0,0,1
1.60 Amb - Dustwallow Marsh - Theramore Isle - Dock - Water Pill Emitter 07,-3968.981,-4721.4707,9.01429,0,0,0,30798,312085,0,1,0,0,0,0,1
1.60 Amb - Dustwallow Marsh - Theramore Isle - Dock - Water Pill Emitter 08,-3951.0955,-4736.0225,9.01429,0,0,0,30799,312085,0,1,0,0,0,0,1
1.60 Amb - Dustwallow Marsh - Theramore Isle - Dock - Water Pill Emitter 09,-3929.2534,-4720.087,9.01429,0,0,0,30800,312085,0,1,0,0,0,0,1
1.60 Amb - Dustwallow Marsh - Theramore Isle - Dock - Water Pill Emitter 10,-3918.5261,-4740.578,9.01429,0,0,0,30801,312085,0,1,0,0,0,0,1
1.60 Amb - Dustwallow Marsh - Theramore Isle - Dock - Water Pill Emitter 11,-3959.2048,-4774.3403,9.01429,0,0,0,30802,312085,0,1,0,0,0,0,1
1.60 Amb - Dustwallow Marsh - Theramore Isle - Dock - Water Pill Emitter 12,-4053.698,-4671.9844,9.01429,0,0,0,30803,312085,0,1,0,0,0,0,1
1.60 Amb - Dustwallow Marsh - Theramore Isle - Dock - Water Pill Emitter 13,-4032.4045,-4662.4062,9.01429,0,0,0,30804,312085,0,1,0,0,0,0,1
1.60 Amb - Dustwallow Marsh - Theramore Isle - Dock - Water Pill Emitter 14,-3993.4375,-4692.436,9.01429,0,0,0,30805,312085,0,1,0,0,0,0,1
1.60 Amb - Dustwallow Marsh - Theramore Isle - Dock - Water Pill Emitter 15,-3956.1008,-4540.7397,9.01429,0,0,0,30806,312085,0,1,0,0,0,0,1
1.60 Amb - Dustwallow Marsh - Theramore Isle - Dock - Water Pill Emitter 16,-4058.6528,-4561.634,9.01429,0,0,0,30807,312085,0,1,0,0,0,0,1
1.60 Amb - Dustwallow Marsh - Theramore Isle - Dock - Water Pill Emitter 17,-4061.4775,-4564.953,9.01429,0,0,0,30808,312085,0,1,0,0,0,0,1
1.60 Amb - Dustwallow Marsh - Theramore Isle - Dock - Water Pill Emitter 18,-4101.4272,-4559.0903,9.01429,0,0,0,30809,312085,0,1,0,0,0,0,1
1.60 Amb - Dustwallow Marsh - Theramore Isle - Dock - Water Pill Emitter 19,-4060.7014,-4525.684,9.01429,0,0,0,30810,312085,0,1,0,0,0,0,1
1.60 Amb - Dustwallow Marsh - Theramore Isle - Dock - Water Pill Emitter 20,-4016.4426,-4558.318,9.01429,0,0,0,30811,312085,0,1,0,0,0,0,1
1.60 Amb - Dustwallow Marsh - Theramore Isle - Dock - Water Pill Emitter 21,-3979.4583,-4518.493,9.01429,0,0,0,30812,312085,0,1,0,0,0,0,1
1.60 Amb - Dustwallow Marsh - Theramore Isle - Dock - Ship Pill Emitter 01,-4088.11,-4542.47,18.6846,0,0,0,30813,312092,0,1,0,0,0,0,1
1.60 Amb - Dustwallow Marsh - Theramore Isle - Dock - Ship Pill Emitter 02,-3960.07,-4562.19,20.599,0,0,0,30814,312092,0,1,0,0,0,0,1
1.60 Amb - Dustwallow Marsh - Theramore Isle - Beach - Shipwreck Emitter 01,-4231.66,-3906.24,0.000569671,0,0,0,30815,309931,0,0,0,0,0,0,1
1.60 Amb - Dustwallow Marsh - Theramore Isle - Beach - Shipwreck Emitter 02,-4427.06,-4121.72,0.00128995,0,0,0,30816,309931,0,0,0,0,0,0,1
1.60 Amb - Dustwallow Marsh - Theramore Isle - Beach - Shipwreck Emitter 03,-3651.07,-4068.78,1.30817,0,0,0,30817,309931,0,0,0,0,0,0,1
"1.60 Amb - Deadwind Pass - ZoneTone - Ext - 36,52 - Plaguelands A",-10933.663,-2399.8508,270.8725,0,0,0,30819,312281,0,0,0,0,0,0,0
"1.60 Amb - Deadwind Pass - ZoneTone - Ext - 35,51 - Plaguelands B",-10405.946,-1866.5226,93.171036,0,0,0,30820,312280,0,0,0,0,0,0,0
1.60 Amb - Deadwind Pass - Waterfall Small - Pill Emitter 01,-10979.2,-2010.83,23.9472,0,0,0,30821,3791,0,1,0,0,0,0,0
"1.60 Amb - Mulgore - ZoneTone - Ext - 32,33 - Grasslands A",-800.42365,-266.51736,-22.192926,0,0,0,30822,310780,0,0,0,0,0,0,1
"1.60 Amb - Mulgore - ZoneTone - Ext - 31,34 - Grasslands B",-1333.618,266.81598,5.0174427,0,0,0,30823,310781,0,0,0,0,0,0,1
"1.60 Amb - Mulgore - ZoneTone - Ext - 33,34 - Grasslands C",-1333.6666,-799.8507,-19.030897,0,0,0,30824,310782,0,0,0,0,0,0,1
"1.60 Amb - Mulgore - ZoneTone - Ext - 32,35 - Grasslands D",-1866.9844,-266.51736,-7.3523765,0,0,0,30825,310783,0,0,0,0,0,0,1
"1.60 Amb - Mulgore - ZoneTone - Ext - 31,36 - Grasslands E",-2400.441,266.81598,59.035454,0,0,0,30826,310784,0,0,0,0,0,0,1
"1.60 Amb - Mulgore - ZoneTone - Ext - 33,36 - Grasslands F",-2400.3716,-799.8507,-3.8896756,0,0,0,30827,310785,0,0,0,0,0,0,1
"1.60 Amb - Mulgore - ZoneTone - Ext - 32,37 - Grasslands G",-2933.6685,-266.51736,53.55732,0,0,0,30828,310786,0,0,0,0,0,0,1
"1.60 Amb - Mulgore - ZoneTone - Ext - 31,38 - Grasslands C",-3490.394,266.79166,241.35788,0,0,0,30829,310782,0,0,0,0,0,0,1
"1.60 Amb - Mulgore - ZoneTone - Ext - 33,38 - Grasslands A",-3467.4358,-799.8507,98.3903,0,0,0,30830,310780,0,0,0,0,0,0,1
1.60 Amb - Mulgore - Stonebull Lake - Bridge Crossing - Rope Creak - Pill Emitter,-2055.49,-360.459,-7.26474,0,0,0,30831,312369,0,1,0,0,0,0,1
1.60 Amb - Mulgore - ThunderBluff - Bridge Crossing - Emitter 01,-1372.3,-124.806,157.493,0,0,0,30835,312403,0,1,0,0,0,0,1
1.60 Amb - Mulgore - ThunderBluff - Bridge Crossing - Emitter 02,-1370.3663,-138.27257,157.493,0,0,0,30836,312403,0,1,0,0,0,0,1
1.60 Amb - Mulgore - ThunderBluff - Bridge Crossing - Emitter 03,-1377.54,-47.4496,157.022,0,0,0,30837,312403,0,1,0,0,0,0,1
1.60 Amb - Mulgore - ThunderBluff - Bridge Crossing - Emitter 04,-1384.9827,-36.86632,157.022,0,0,0,30838,312403,0,1,0,0,0,0,1
1.60 Amb - Mulgore - ThunderBluff - Bridge Crossing - Emitter 05,-1057.03,-186.031,159.245,0,0,0,30839,312403,0,1,0,0,0,0,1
1.60 Amb - Mulgore - ThunderBluff - Bridge Crossing - Emitter 06,-1043.0469,-184.61806,159.245,0,0,0,30840,312403,0,1,0,0,0,0,1
1.60 Amb - Mulgore - ThunderBluff - Bridge Crossing - Emitter 07,-1085.09,-197.409,160.804,0,0,0,30841,312403,0,1,0,0,0,0,1
1.60 Amb - Mulgore - ThunderBluff - Bridge Crossing - Emitter 08,-1095.5486,-204.63194,160.804,0,0,0,30842,312403,0,1,0,0,0,0,1
1.60 Amb - Mulgore - ThunderBluff - Bridge Crossing - Emitter 09,-1090.64,223.301,111.536,0,0,0,30843,312403,0,1,0,0,0,0,1
1.60 Amb - Mulgore - ThunderBluff - Bridge Crossing - Emitter 10,-1085.0695,213.51042,111.536,0,0,0,30844,312403,0,1,0,0,0,0,1
1.60 Amb - Mulgore - ThunderBluff - Bridge Crossing - Emitter 11,-1112.35,127.91,149.84,0,0,0,30845,312403,0,1,0,0,0,0,1
1.60 Amb - Mulgore - ThunderBluff - Bridge Crossing - Emitter 12,-1100.618,123.38194,149.84,0,0,0,30846,312403,0,1,0,0,0,0,1
"1.60 Amb - Feralas - ZoneTone - Ext - 28,37 - Rainforest A",-2933.698,1866.816,31.561958,0,0,0,30849,312468,0,0,0,0,0,0,1
"1.60 Amb - Feralas - ZoneTone - Ext - 26,37 - Rainforest B",-2933.8142,2933.4817,158.18411,0,0,0,30850,312476,0,0,0,0,0,0,1
"1.60 Amb - Feralas - ZoneTone - Ext - 24,37 - Coast D",-2933.677,4000.1494,-515.5638,0,0,0,30851,295656,0,0,0,0,0,0,1
"1.60 Amb - Feralas - ZoneTone - Ext - 25,38 - Coast B",-3466.9324,3466.816,-243.04248,0,0,0,30852,295658,0,0,0,0,0,0,1
"1.60 Amb - Feralas - ZoneTone - Ext - 27,38 - Rainforest C",-3467.019,2400.1494,51.21113,0,0,0,30853,312474,0,0,0,0,0,0,1
"1.60 Amb - Feralas - ZoneTone - Ext - 29,38 - Rainforest F",-3467.0105,1333.4827,177.08333,0,0,0,30854,312478,0,0,0,0,0,0,1
"1.60 Amb - Feralas - ZoneTone - Ext - 31,38 - Rainforest D",-3490.394,266.79166,241.35788,0,0,0,30855,312472,0,0,0,0,0,0,1
"1.60 Amb - Feralas - ZoneTone - Ext - 32,39 - Rainforest B",-4000.1355,-266.51736,162.4955,0,0,0,30856,312476,0,0,0,0,0,0,1
"1.60 Amb - Feralas - ZoneTone - Ext - 30,39 - Rainforest A",-4000.3438,800.1493,157.50803,0,0,0,30857,312468,0,0,0,0,0,0,1
"1.60 Amb - Feralas - ZoneTone - Ext - 28,39 - Rainforest C",-4000.3352,1866.816,88.6645,0,0,0,30858,312472,0,0,0,0,0,0,1
"1.60 Amb - Feralas - ZoneTone - Ext - 26,39 - Coast C",-4000.2622,2933.4827,11.677274,0,0,0,30859,295657,0,0,0,0,0,0,1
"1.60 Amb - Feralas - ZoneTone - Ext - 24,39 - Coast A",-3999.9827,4000.1494,-172.66287,0,0,0,30860,295659,0,0,0,0,0,0,1
"1.60 Amb - Feralas - ZoneTone - Ext - 25,40 - Forest A",-4533.672,3466.816,25.774496,0,0,0,30861,292507,0,0,0,0,0,0,1
"1.60 Amb - Feralas - ZoneTone - Ext - 27,40 - Coast A",-4533.6475,2400.1494,-10.472033,0,0,0,30862,295659,0,0,0,0,0,0,1
"1.60 Amb - Feralas - ZoneTone - Ext - 29,40 - Rainforest E",-4533.655,1333.4827,116.25296,0,0,0,30863,312470,0,0,0,0,0,0,1
"1.60 Amb - Feralas - ZoneTone - Ext - 31,40 - Rainforest C",-4533.639,266.81598,-24.534668,0,0,0,30864,312474,0,0,0,0,0,0,1
"1.60 Amb - Feralas - ZoneTone - Ext - 32,41 - Rainforest E",-5067.0103,-266.51736,177.08333,0,0,0,30865,312470,0,0,0,0,0,0,1
"1.60 Amb - Feralas - ZoneTone - Ext - 30,41 - Rainforest B",-5088.8145,800.1268,152.85605,0,0,0,30866,312476,0,0,0,0,0,0,1
"1.60 Amb - Feralas - ZoneTone - Ext - 28,41 - Rainforest F",-5066.955,1866.816,190.06734,0,0,0,30867,312478,0,0,0,0,0,0,1
"1.60 Amb - Feralas - ZoneTone - Ext - 26,41 - Coast D",-5066.9897,2933.4827,-34.722916,0,0,0,30868,295656,0,0,0,0,0,0,1
"1.60 Amb - Feralas - ZoneTone - Ext - 24,41 - Coast B",-5066.9946,4000.1494,-59.93001,0,0,0,30869,295658,0,0,0,0,0,0,1
"1.60 Amb - Feralas - ZoneTone - Ext - 25,42 - Rainforest B",-5600.137,3466.816,85.402885,0,0,0,30870,312476,0,0,0,0,0,0,1
"1.60 Amb - Feralas - ZoneTone - Ext - 27,42 - Coast B",-5600.29,2400.1494,-35.431046,0,0,0,30871,295658,0,0,0,0,0,0,1
"1.60 Amb - Feralas - ZoneTone - Ext - 29,42 - Rainforest A",-5659.3384,1333.4236,129.85313,0,0,0,30872,312468,0,0,0,0,0,0,1
"1.60 Amb - Feralas - ZoneTone - Ext - 31,42 - Rainforest F",-5600.3438,266.81598,177.08333,0,0,0,30873,312478,0,0,0,0,0,0,1
"1.60 Amb - Feralas - ZoneTone - Ext - 24,43 - Coast A",-6133.6772,4000.1494,-49.32369,0,0,0,30874,295659,0,0,0,0,0,0,1
"1.60 Amb - Feralas - ZoneTone - Ext - 26,43 - Rainforest C",-6133.7603,2933.4827,-15.38246,0,0,0,30875,312474,0,0,0,0,0,0,1
"1.60 Amb - Feralas - ZoneTone - Ext - 25,44 - Rainforest A",-6666.8403,3466.816,52.151855,0,0,0,30876,312468,0,0,0,0,0,0,1
"1.60 Amb - Feralas - ZoneTone - Ext - 27,44 - Coast C",-6557.905,2400.257,-463.44,0,0,0,30877,295657,0,0,0,0,0,0,1
1.60 Amb - Teldrassil - Waterfall Small Emitter 06,9983.15,2694.54,1311.32,0,0,0,30879,3791,0,0,0,0,0,0,1
1.60 Amb - Feralas - Waterfall Small - Pill Emitter 01,-3348.43,2139.98,27.0989,0,0,0,30880,310550,0,1,0,0,0,0,1
1.60 Amb - Feralas - Waterfall Small - Pill Emitter 02,-3426.28,2050.26,36.1898,0,0,0,30881,310550,0,1,0,0,0,0,1
1.60 Amb - Feralas - Waterfall Small - Pill Emitter 03,-3412.2,2018.92,36.526,0,0,0,30882,310550,0,1,0,0,0,0,1
1.60 Amb - Feralas - Waterfall Small - Pill Emitter 04,-3400.32,2051.64,63.7487,0,0,0,30883,310550,0,1,0,0,0,0,1
1.60 Amb - Feralas - Waterfall Small - Pill Emitter 05,-3365.85,2101.4,60.4248,0,0,0,30884,310550,0,1,0,0,0,0,1
1.60 Amb - Feralas - Waterfall Small - Pill Emitter 06,-3373.41,2082.73,111.042,0,0,0,30885,310550,0,1,0,0,0,0,1
1.60 Amb - Feralas - Waterfall Small - Pill Emitter 07,-3385.29,2077.26,124.587,0,0,0,30886,3791,0,1,0,0,0,0,1
1.60 Amb - Feralas - Twin Colossals - Flavor - Pond Frogs - Emitter 01,-3322.73,2032.87,235.099,0,0,0,30887,312824,0,0,0,0,0,0,1
1.60 Amb - Feralas - TwinColossals - Flavor - Pond Frogs - Pill Emitter 01,-3431.2673,1981.2118,36.526905,0,0,0,30888,312824,0,1,0,0,0,0,1
1.60 Amb - Feralas - Fayfeather Highlands - Flavor - Pond Frogs - Pill Emitter 01,-5884.33,1759.97,84.5329,0,0,0,30889,312824,0,1,0,0,0,0,1
1.60 Amb - Feralas - Verdantis River - Flavor - Pond Frogs - Pill Emitter 01,-4860.98,1025.06,85.7583,0,0,0,30890,312824,0,1,0,0,0,0,1
1.60 Amb - Feralas - Waterfall Small - Pill Emitter 08,-4866.52,1024.27,85.0226,0,0,0,30891,310550,0,1,0,0,0,0,1
1.60 Amb - Feralas - Lower Wilds - Flavor - Pond Frogs - Pill Emitter 01,-4854.96,371.492,11.5841,0,0,0,30892,312824,0,1,0,0,0,0,1
1.60 Amb - Feralas - The Writhing Deep - Flavor - Pond Frogs - Emitter 01,-5350.88,73.8892,59.854,0,0,0,30893,312824,0,0,0,0,0,0,1
1.60 Amb - Feralas - Waterfall Small - Pill Emitter 09,-3983.52,320.754,47.184,0,0,0,30894,310550,0,1,0,0,0,0,1
1.60 Amb - Feralas - Waterfall Small - Pill Emitter 10,-3983.63,276.79,51.126,0,0,0,30895,310550,0,1,0,0,0,0,1
1.60 Amb - Feralas - Waterfall Small - Pill Emitter 11,-4309.05,203.461,22.7994,0,0,0,30896,310550,0,1,0,0,0,0,1
1.60 Amb - Feralas - Waterfall Small - Pill Emitter 12,-4430.73,162.511,-2.03719,0,0,0,30897,310550,0,1,0,0,0,0,1
1.60 Amb - Feralas - Waterfall Small - Pill Emitter 13,-4482.17,144.266,-0.570452,0,0,0,30898,310550,0,1,0,0,0,0,1
1.60 Amb - Feralas - Waterfall Small - Pill Emitter 14,-4508.23,122.319,43.4162,0,0,0,30899,310550,0,1,0,0,0,0,1
1.60 Amb - Feralas - Waterfall Small - Pill Emitter 15,-4681.67,-50.6394,86.1653,0,0,0,30900,310550,0,1,0,0,0,0,1
1.60 Amb - Feralas - Waterfall Small - Pill Emitter 16,-4703.89,-49.3817,112.552,0,0,0,30901,310550,0,1,0,0,0,0,1
1.60 Amb - Feralas - Waterfall Small - Pill Emitter 17,-4724.72,-56.8798,141.599,0,0,0,30902,310550,0,1,0,0,0,0,1
1.60 Amb - Feralas - Windwild Lake - Flavor - Pond Frogs - Pill Emitter 01,-4607.78,261.764,0.991837,0,0,0,30903,312824,0,1,0,0,0,0,1
"1.60 Amb - Duskwood - ZoneTone - Ext - 31,51 - Forest Scary A",-10400.396,266.81598,36.1789,0,0,0,30904,313203,0,0,0,0,0,0,0
"1.60 Amb - Duskwood - ZoneTone - Ext - 33,51 - Forest Scary B",-10400.368,-799.8507,51.87644,0,0,0,30905,313206,0,0,0,0,0,0,0
"1.60 Amb - Duskwood - ZoneTone - Ext - 32,52 - Forest Scary C",-10933.729,-266.51736,35.77056,0,0,0,30906,313205,0,0,0,0,0,0,0
"1.60 Amb - Duskwood - ZoneTone - Ext - 34,52 - Forest Scary D",-10933.66,-1333.1841,51.963135,0,0,0,30907,313204,0,0,0,0,0,0,0
"1.60 Amb - Tirisfal Glades - ZoneTone - Ext - 33,25 - Coast A",3466.322,-799.8507,-515.2193,0,0,0,30908,295659,0,0,0,0,0,0,0
"1.60 Amb - Tirisfal Glades - ZoneTone - Ext - 31,25 - Coast E",3405.928,266.75522,-299.70096,0,0,0,30909,295655,0,0,0,0,0,0,0
"1.60 Amb - Tirisfal Glades - ZoneTone - Ext - 29,25 - Coast D",3350.2534,1333.3663,-260.47607,0,0,0,30910,295656,0,0,0,0,0,0,0
"1.60 Amb - Tirisfal Glades - ZoneTone - Ext - 26,26 - Coast B",2932.9895,2933.4827,-501.50656,0,0,0,30911,295658,0,0,0,0,0,0,0
"1.60 Amb - Tirisfal Glades - ZoneTone - Ext - 28,26 - Coast C",2933.0112,1866.816,-36.296223,0,0,0,30912,295657,0,0,0,0,0,0,0
"1.60 Amb - Tirisfal Glades - ZoneTone - Ext - 30,26 - Forest Scary E",2932.8655,800.1493,112.78855,0,0,0,30913,313207,0,0,0,0,0,0,0
"1.60 Amb - Tirisfal Glades - ZoneTone - Ext - 32,26 - Forest Scary C",2932.856,-266.51736,34.191353,0,0,0,30914,313205,0,0,0,0,0,0,0
"1.60 Amb - Tirisfal Glades - ZoneTone - Ext - 33,27 - Forest Scary A",2399.644,-799.8507,70.07818,0,0,0,30915,313203,0,0,0,0,0,0,0
"1.60 Amb - Tirisfal Glades - ZoneTone - Ext - 31,27 - Forest Scary D",2399.6145,266.81598,29.520807,0,0,0,30916,313204,0,0,0,0,0,0,0
"1.60 Amb - Tirisfal Glades - ZoneTone - Ext - 29,27 - Forest Scary B",2399.6165,1333.4827,33.36179,0,0,0,30917,313206,0,0,0,0,0,0,0
"1.60 Amb - Tirisfal Glades - ZoneTone - Ext - 27,27 - Forest Scary D",2393.2292,2400.1423,156.92036,0,0,0,30918,313204,0,0,0,0,0,0,0
"1.60 Amb - Tirisfal Glades - ZoneTone - Ext - 26,28 - Coast A",1866.3889,2933.4827,-509.60916,0,0,0,30919,295659,0,0,0,0,0,0,0
"1.60 Amb - Tirisfal Glades - ZoneTone - Ext - 28,28 - Forest Scary C",1866.3507,1866.816,169.09023,0,0,0,30920,313205,0,0,0,0,0,0,0
"1.60 Amb - Tirisfal Glades - ZoneTone - Ext - 30,28 - Forest Scary A",1866.3993,800.1493,31.5947,0,0,0,30921,313203,0,0,0,0,0,0,0
"1.60 Amb - Tirisfal Glades - ZoneTone - Ext - 32,28 - Forest Scary B",1866.2552,-266.51736,35.633003,0,0,0,30922,313206,0,0,0,0,0,0,0
1.60 Tirisfal Glades - Flavor - Pond Emitter 01,2268.24,795.648,32.3029,0,0,0,30942,314108,0,0,0,0,0,0,0
"1.60 Amb - Silverpine Forest - ZoneTone - Ext - 27,29 - Coast A",1333.1163,2400.1494,-4.925971,0,0,0,30945,295659,0,0,0,0,0,0,0
"1.60 Amb - Silverpine Forest - ZoneTone - Ext - 29,29 - Forest Scary B",1333.0625,1333.4827,168.46748,0,0,0,30946,313206,0,0,0,0,0,0,0
"1.60 Amb - Silverpine Forest - ZoneTone - Ext - 31,29 - Coast E",1333.1442,266.81598,60.98543,0,0,0,30947,295655,0,0,0,0,0,0,0
"1.60 Amb - Silverpine Forest - ZoneTone - Ext - 30,30 - Forest Scary D",799.73267,800.1493,18.252062,0,0,0,30948,313204,0,0,0,0,0,0,0
"1.60 Amb - Silverpine Forest - ZoneTone - Ext - 28,30 - Coast C",799.6632,1866.816,-0.6644423,0,0,0,30949,295657,0,0,0,0,0,0,0
"1.60 Amb - Silverpine Forest - ZoneTone - Ext - 27,31 - Coast D",266.44272,2400.1494,-469.0842,0,0,0,30950,295656,0,0,0,0,0,0,0
"1.60 Amb - Silverpine Forest - ZoneTone - Ext - 29,31 - Forest Scary E",265.77603,1333.4827,93.23755,0,0,0,30951,313207,0,0,0,0,0,0,0
"1.60 Amb - Silverpine Forest - ZoneTone - Ext - 30,32 - Forest Scary C",-266.98785,800.1493,78.08841,0,0,0,30952,313205,0,0,0,0,0,0,0
"1.60 Amb - Silverpine Forest - ZoneTone - Ext - 28,32 - Coast B",-266.9861,1866.816,-7.474365,0,0,0,30953,295658,0,0,0,0,0,0,0
"1.60 Amb - Silverpine Forest - ZoneTone - Ext - 27,33 - Coast C",-800.316,2400.1494,-478.2288,0,0,0,30954,295657,0,0,0,0,0,0,0
"1.60 Amb - Silverpine Forest - ZoneTone - Ext - 29,33 - Forest Scary A",-800.8073,1333.4827,117.04346,0,0,0,30955,313203,0,0,0,0,0,0,0
"1.60 Amb - Silverpine Forest - ZoneTone - Ext - 30,34 - Coast C",-1333.6771,800.1493,-515.1874,0,0,0,30956,295657,0,0,0,0,0,0,0
"1.60 Amb - Silverpine Forest - ZoneTone - Ext - 28,34 - Coast A",-1333.7031,1866.816,37.496365,0,0,0,30957,295659,0,0,0,0,0,0,0
"1.60 Amb - Silverpine Forest - ZoneTone - Ext - 27,35 - Coast E",-1867.0104,2400.1494,-515.5638,0,0,0,30958,295655,0,0,0,0,0,0,0
"1.60 Amb - Silverpine Forest - ZoneTone - Ext - 29,35 - Coast D",-1867.0104,1333.4827,-515.5638,0,0,0,30959,295656,0,0,0,0,0,0,0
1.60 Amb - Silverpine Forest - Fenris Isle - Dock - Water Pill Emitter 01,751.77606,735.8889,36.5516,0,0,0,30961,314161,0,1,0,0,0,0,0
1.60 Amb - Silverpine Forest - Fenris Isle - Dock - Water Pill Emitter 02,742.38367,774.05554,37.083096,0,0,0,30962,314161,0,1,0,0,0,0,0
1.60 Amb - Silverpine Forest - Fenris Isle - Dock - Water Pill Emitter 03,693.9705,762.0469,37.083096,0,0,0,30963,314161,0,1,0,0,0,0,0
1.60 Amb - Silverpine Forest - Fenris Isle - Dock - Water Pill Emitter 04,694.8976,749.1528,31.812311,0,0,0,30964,314161,0,1,0,0,0,0,0
1.60 Amb - Silverpine Forest - Fenris Isle - Dock - Water Pill Emitter 05,665.059,970.0469,31.812311,0,0,0,30965,314161,0,1,0,0,0,0,0
1.60 Amb - Silverpine Forest - Fenris Isle - Dock - Water Pill Emitter 06,710.85767,922,31.812311,0,0,0,30966,314161,0,1,0,0,0,0,0
1.60 Amb - Silverpine Forest - Fenris Isle - Dock - Water Pill Emitter 07,739.93054,954.15625,31.812311,0,0,0,30967,314161,0,1,0,0,0,0,0
1.60 Amb - Silverpine Forest - Fenris Isle - Dock - Water Pill Emitter 08,724.6042,968.6285,31.812311,0,0,0,30968,314161,0,1,0,0,0,0,0
1.60 Amb - Silverpine Forest - Fenris Isle - Dock - Water Pill Emitter 09,703.68054,966.1042,31.812311,0,0,0,30969,314161,0,1,0,0,0,0,0
1.60 Amb - Silverpine Forest - Shipwreck Emitter 01,834.263,1880.45,7.90837,0,0,0,30971,314234,0,0,0,0,0,0,0
1.60 Amb - Silverpine Forest - Shipwreck Emitter 01 - Sail Flap,866.22,1909.1,17.3313,0,0,0,30972,314236,0,1,0,0,0,0,0
1.60 Amb - Silverpine Forest - Flavor - Pond Emitter -  Frogs,811.82294,1472.1442,33.4191,0,0,0,30975,314311,0,1,0,0,0,0,0
1.60 Amb - Burning Steppes - The Molten Span - Large - Chain - Pill Emitter 01,-7562.28,-1131.84,259.072,0,0,0,30976,314320,0,1,0,0,0,0,0
1.60 Amb - Burning Steppes - The Molten Span - Large - Chain - Pill Emitter 02,-7599.14,-1081.47,241.024,0,0,0,30977,314320,0,1,0,0,0,0,0
1.60 Amb - Burning Steppes - The Molten Span - Large - Chain - Pill Emitter 03,-7669.87,-1123.4,203.949,0,0,0,30978,314320,0,1,0,0,0,0,0
1.60 Amb - Burning Steppes - The Molten Span - Large - Chain - Pill Emitter 04,-7626.73,-1140.07,242.613,0,0,0,30979,314320,0,1,0,0,0,0,0
1.60 Amb - Searing Gorge - The Slag Pit - Lava Pill Emitter,-6832.18,-1153.36,182.619,0,0,0,30980,297353,0,1,0,0,0,0,0
1.60 Amb - Burning Steppes - The Molten Span- Lava Pill Emitter 02,-7649.03,-1179.11,364.698,0,0,0,30982,314323,0,1,0,0,0,0,0
1.60 Amb - Burning Steppes - The Molten Span- Lava Pill Emitter 03,-7510.028,-1025.8038,313.5,0,0,0,30983,314328,0,1,0,0,0,0,0
1.60 Amb - Burning Steppes - Blackrock Pass - Lava Pill Emitter 01,-8478.79,-2576.27,139.607,0,0,0,30985,314323,0,1,0,0,0,0,0
1.60 Amb - Burning Steppes - Blackrock Pass - Lava Pill Emitter 02,-8405.74,-2468.43,145.935,0,0,0,30986,314323,0,1,0,0,0,0,0
1.60 Amb - Burning Steppes - Blackrock Pass - Entrance Door,-8549.5,-2559.45,138.751,0,0,0,30987,314348,0,0,0,0,0,0,0
1.60 Amb - Burning Steppes - Bridge Crossing - Emitter 01,-7773.93,-2498.25,159.778,0,0,0,30988,314505,0,1,0,0,0,0,0
1.60 Amb - Burning Steppes - Altar of Storms - Lava Pill Emitter 01,-7616.61,-849.584,181.861,0,0,0,30989,314512,0,1,0,0,0,0,0
1.60 Amb - Burning Steppes - Altar of Storms - Lava Pill Emitter 02,-7549.98,-797.418,181.861,0,0,0,30992,314512,0,1,0,0,0,0,0
1.60 Amb - Burning Steppes - Altar of Storms - Surrounding Lava Pill Emitter,-7585.52,-735.447,183.338,0,0,0,30993,314513,0,1,0,0,0,0,0
1.60 Amb - Burning Steppes - The Pillar of Ash - Lava Pool Emitter,-8015.92,-1782.11,129.724,0,0,0,30994,314513,0,0,0,0,0,0,0
1.60 Amb - Burning Steppes - Blackrock Mountain - Lava Pill Emitter 01,-7828.93,-1066.77,128.568,0,0,0,30995,314512,0,1,0,0,0,0,0
1.60 Amb - Burning Steppes - Blackrock Mountain - Lava Pill Emitter 02,-7790.61,-1213.56,131.003,0,0,0,30996,314512,0,1,0,0,0,0,0
1.60 Amb - Hillsbrad Foothills - Western Strand - Dock - Water Pill Emitter 19,-1303.8611,-672.066,5,0,0,0,31016,314786,0,1,0,0,0,0,0
1.60 Amb - Hillsbrad Foothills - Western Strand - Dock - Water Pill Emitter 20,-1332.6389,-640.55206,1,0,0,0,31017,314786,0,1,0,0,0,0,0
1.60 Amb - Hillsbrad Foothills - Western Strand - Dock - Water Pill Emitter 21,-1323.01,-680.182,5,0,0,0,31018,314786,0,1,0,0,0,0,0
1.60 Amb - Hillsbrad Foothills - Waterfall Small Pill Emitter 01,-546.054,-858.148,7.14315,0,0,0,31021,3791,0,1,0,0,0,0,0
1.60 Amb - Hillsbrad Foothills - Waterfall Small Pill Emitter 02,-873.163,-701.897,5.89708,0,0,0,31022,310550,0,1,0,0,0,0,0
1.60 Amb - Dungeon - Ragefire Chasm - Lava Pill Emitter - Small 01,10.1215,-36.7409,-20.9336,0,0,0,31024,315232,0,1,0,0,0,0,389
1.60 Amb - Dungeon - Ragefire Chasm - Lava Pill Emitter - Small 02,-50.7122,-16.8722,-18.8463,0,0,0,31025,315232,0,1,0,0,0,0,389
1.60 Amb - Dungeon - Ragefire Chasm - Lava Pill Emitter - Small 03,-101.891,-18.9597,-30.3804,0,0,0,31026,315232,0,1,0,0,0,0,389
1.60 Amb - Dungeon - Ragefire Chasm - Lava Pill Emitter - Small 04,-78.4098,-54.2199,-30.1828,0,0,0,31027,315232,0,1,0,0,0,0,389
1.60 Amb - Dungeon - Ragefire Chasm - Lava Pill Emitter - Small 05,-264.059,-76.9992,-59.6146,0,0,0,31028,315232,0,1,0,0,0,0,389
1.60 Amb - Dungeon - Ragefire Chasm - Lava Pill Emitter - Small 06,-303.427,-58.5925,-59.7313,0,0,0,31029,315232,0,1,0,0,0,0,389
1.60 Amb - Dungeon - Ragefire Chasm - Lava Pill Emitter - Small 07,-252.582,-18.661,-57.8014,0,0,0,31030,315232,0,1,0,0,0,0,389
1.60 Amb - Dungeon - Ragefire Chasm - Lava Pill Emitter - Small 08,-277.879,22.0922,-49.2672,0,0,0,31031,315232,0,1,0,0,0,0,389
1.60 Amb - Dungeon - Ragefire Chasm - Lava Pill Emitter - Small 09,-124.867,42.1676,-17.6502,0,0,0,31032,315232,0,1,0,0,0,0,389
1.60 Amb - Dungeon - Ragefire Chasm - Lava Pill Emitter - Small 10,-108.825,95.838,-19.7543,0,0,0,31033,315232,0,1,0,0,0,0,389
1.60 Amb - Dungeon - Ragefire Chasm - Lava Pill Emitter - Small 11,-340.752,237.801,-20.337,0,0,0,31034,315232,0,1,0,0,0,0,389
1.60 Amb - Dungeon - Ragefire Chasm - Lava Pill Emitter - Small 12,-334.22,186.632,-21.5204,0,0,0,31035,315232,0,1,0,0,0,0,389
1.60 Amb - Dungeon - Ragefire Chasm - Lava Pill Emitter - Small 13,-381.851,169.076,-19.5942,0,0,0,31036,315232,0,1,0,0,0,0,389
"1.60 Amb - Stranglethorn Vale - ZoneTone - Ext - 31,53 - Jungle A",-11467.091,266.81598,18.301487,0,0,0,31154,315702,0,0,0,0,0,0,0
"1.60 Amb - Stranglethorn Vale - ZoneTone - Ext - 33,53 - Jungle B",-11467,-799.8507,60.01546,0,0,0,31155,315705,0,0,0,0,0,0,0
"1.60 Amb - Stranglethorn Vale - ZoneTone - Ext - 35,53 - Jungle C",-11466.903,-1866.5173,154.66647,0,0,0,31156,315704,0,0,0,0,0,0,0
"1.60 Amb - Stranglethorn Vale - ZoneTone - Ext - 34,54 - Jungle E",-12006.13,-1333.191,207.5172,0,0,0,31158,315706,0,0,0,0,0,0,0
"1.60 Amb - Stranglethorn Vale - ZoneTone - Ext - 32,54 - Jungle D",-12000.46,-266.51736,35.19518,0,0,0,31161,315703,0,0,0,0,0,0,0
"1.60 Amb - Stranglethorn Vale - ZoneTone - Ext - 30,54 - Coast E",-12000.372,800.1493,1.1504991,0,0,0,31163,295655,0,0,0,0,0,0,0
"1.60 Amb - Stranglethorn Vale - ZoneTone - Ext - 29,55 - Coast A",-12533.622,1333.4827,-104.36549,0,0,0,31164,295659,0,0,0,0,0,0,0
"1.60 Amb - Stranglethorn Vale - ZoneTone - Ext - 31,55 - Coast B",-12533.639,266.81598,-39.125977,0,0,0,31165,295658,0,0,0,0,0,0,0
"1.60 Amb - Stranglethorn Vale - ZoneTone - Ext - 33,55 - Jungle F",-12533.719,-799.8507,39.859756,0,0,0,31166,315707,0,0,0,0,0,0,0
"1.60 Amb - Stranglethorn Vale - ZoneTone - Ext - 35,55 - Jungle G",-12533.438,-1866.5173,154.36363,0,0,0,31167,315708,0,0,0,0,0,0,0
"1.60 Amb - Stranglethorn Vale - ZoneTone - Ext - 34,56 - Jungle A",-13082.587,-1333.1997,131.32631,0,0,0,31168,315702,0,0,0,0,0,0,0
"1.60 Amb - Stranglethorn Vale - ZoneTone - Ext - 32,56 - Jungle B",-13067.031,-266.51736,-5.21639,0,0,0,31169,315705,0,0,0,0,0,0,0
"1.60 Amb - Stranglethorn Vale - ZoneTone - Ext - 30,56 - Coast C",-13067,800.1493,-38.551933,0,0,0,31170,295657,0,0,0,0,0,0,0
"1.60 Amb - Stranglethorn Vale - ZoneTone - Ext - 29,57 - Coast D",-13600.216,1333.4827,-510.51172,0,0,0,31171,295656,0,0,0,0,0,0,0
"1.60 Amb - Stranglethorn Vale - ZoneTone - Ext - 31,57 - Jungle C",-13600.31,266.81598,74.82948,0,0,0,31172,315704,0,0,0,0,0,0,0
"1.60 Amb - Stranglethorn Vale - ZoneTone - Ext - 33,57 - Coast A",-13600.326,-799.8507,-49.03921,0,0,0,31173,295659,0,0,0,0,0,0,0
"1.60 Amb - Stranglethorn Vale - ZoneTone - Ext - 32,58 - Coast D",-14133.75,-266.51736,-23.123346,0,0,0,31174,295656,0,0,0,0,0,0,0
"1.60 Amb - Stranglethorn Vale - ZoneTone - Ext - 30,58 - Coast E",-14133.691,800.1493,-33.9759,0,0,0,31175,295655,0,0,0,0,0,0,0
"1.60 Amb - Stranglethorn Vale - ZoneTone - Ext - 29,59 - Coast B",-14667.011,1333.4827,-515.5636,0,0,0,31176,295658,0,0,0,0,0,0,0
"1.60 Amb - Stranglethorn Vale - ZoneTone - Ext - 31,59 - Jungle D",-14667.035,266.81598,1.7746582,0,0,0,31177,315703,0,0,0,0,0,0,0
"1.60 Amb - Stranglethorn Vale - ZoneTone - Ext - 33,59 - Coast E",-14667.424,-799.8507,-239.05988,0,0,0,31178,295655,0,0,0,0,0,0,0
"1.60 Amb - Stranglethorn Vale - ZoneTone - Ext - 32,60 - Coast C",-15200.326,-266.51736,-48.829617,0,0,0,31179,295657,0,0,0,0,0,0,0
"1.60 Amb - Stranglethorn Vale - ZoneTone - Ext - 30,60 - Coast A",-15200.163,800.1493,-243.29085,0,0,0,31180,295659,0,0,0,0,0,0,0
1.60 Amb - Stranglethorn Valley - Zul'Gurub - Waterfall - Large - Pill Emitter01,-11965.6,-1317.83,76.3812,0,0,0,31197,3792,0,1,0,0,0,0,0
1.60 Amb - Stranglethorn Valley - Zul'Gurub - Waterfall - Large - Pill Emitter 02,-11980.2,-1281.06,76.5523,0,0,0,31198,3792,0,1,0,0,0,0,0
1.60 Amb - Stranglethorn Valley - Zul'Gurub - Waterfall - Small - Pill Emitter 01,-11784.2,-1258.05,60.1137,0,0,0,31199,3791,0,1,0,0,0,0,0
1.60 Amb - Stranglethorn Valley - Zul'Gurub - Waterfall - Small - Pill Emitter 02,-11784.1,-1237.9,103.361,0,0,0,31200,3791,0,1,0,0,0,0,0
1.60 Amb - Stranglethorn Valley - Zul'Gurub - Waterfall - Small - Pill Emitter 03,-11770.8,-1217.39,124.89,0,0,0,31201,3791,0,1,0,0,0,0,0
1.60 Amb - Stranglethorn Valley - Zul'Gurub - Waterfall - Small - Pill Emitter 04,-11754.2,-1223.73,109.9,0,0,0,31202,3791,0,1,0,0,0,0,0
1.60 Amb - Stranglethorn Valley - Zul'Gurub - Waterfall - Small - Pill Emitter 05,-11749.3,-1257.4,61.8211,0,0,0,31203,3791,0,1,0,0,0,0,0
1.60 Amb - Stranglethorn Valley - Zul'Gurub - Waterfall - Small - Pill Emitter 06,-11791.8,-1330.46,8.8455,0,0,0,31205,3791,0,1,0,0,0,0,0
1.60 Amb - Stranglethorn Valley - Zul'Gurub - Waterfall - Small - Pill Emitter 07,-11770.8,-1322.76,10.4629,0,0,0,31206,3791,0,1,0,0,0,0,0
1.60 Amb - Stranglethorn Valley - Zul'Gurub - Waterfall - Small - Pill Emitter 08,-11962.8,-1435.3,8.93297,0,0,0,31207,3791,0,1,0,0,0,0,0
1.60 Amb - Stranglethorn Valley - Zul'Gurub - Waterfall - Small - Pill Emitter 09,-12067.1,-1577.17,25.8261,0,0,0,31208,3791,0,1,0,0,0,0,0
1.60 Amb - Stranglethorn Valley - Zul'Gurub - Waterfall - Small - Pill Emitter 10,-12066.9,-1623.11,25.8663,0,0,0,31209,3791,0,1,0,0,0,0,0
1.60 Amb - Stranglethorn Valley - Zul'Gurub - Waterfall - Small - Pill Emitter 10,-12082.8,-1619.44,46.3017,0,0,0,31210,3791,0,1,0,0,0,0,0
1.60 Amb - Stranglethorn Valley - Zul'Gurub - Waterfall - Small - Pill Emitter 11,-12082.8,-1619.44,46.3017,0,0,0,31212,3791,0,1,0,0,0,0,0
1.60 Amb - Stranglethorn Valley - Zul'Gurub - Waterfall - Small - Pill Emitter 12,-12079.5,-1575.94,46.2638,0,0,0,31213,3791,0,1,0,0,0,0,0
1.60 Amb - Stranglethorn Valley - Zul'Gurub - Waterfall - Small - Pill Emitter 13,-11948,-1593.21,10.4618,0,0,0,31214,3791,0,1,0,0,0,0,0
1.60 Amb - Stranglethorn Valley - Booty Bay - Waterfall - Small - Pill Emitter 01,-14406.9,379.021,-1.60416,0,0,0,31215,371980,0,1,0,0,0,0,0
1.60 Amb - Dungeon - Shadowfang Keep - Bridge Wind - Emitter 01,-236.768,2221.53,99.6391,0,0,0,31242,315944,0,1,0,0,0,0,33
1.60 Amb - Dungeon - Shadowfang Keep - Bridge Wind - Emitter 02,-227.004,2217.82,98.1623,0,0,0,31243,315944,0,1,0,0,0,0,33
1.60 Amb - Dungeon - Shadowfang Keep - Bridge Wind - Emitter 03,-257.743,2140.48,92.4695,0,0,0,31244,315944,0,1,0,0,0,0,33
1.60 Amb - Dungeon - Shadowfang Keep - Bridge Chain - Emitter 01,-265.485,2155.07,94.7781,0,0,0,31245,315945,0,1,0,0,0,0,33
1.60 Amb - Dungeon - Shadowfang Keep - Bridge Wind - Emitter 04,-247,2105.06,99.7244,0,0,0,31246,315944,0,1,0,0,0,0,33
1.60 Amb - Dungeon - Shadowfang Keep - Bridge Wind - Emitter 05,-239.46875,2114.7517,99.7244,0,0,0,31247,315944,0,1,0,0,0,0,33
1.60 Amb - Dungeon - The Deadmines - Water Drip Emitter 01,-128.262,-430.219,52.8382,0,0,0,31248,315976,0,0,0,0,0,0,36
1.60 Amb - Dungeon - The Deadmines - Pouring Lava - Pill Emitter 01,-207.654,-568.985,57.0273,0,0,0,31250,316001,0,1,0,0,0,0,36
1.60 Amb - Dungeon - The Deadmines - Pouring Lava - Pill Emitter 02,-195.691,-577.26,55.7139,0,0,0,31251,316001,0,1,0,0,0,0,36
1.60 Amb - Dungeon - The Deadmines - Pouring Lava - Pill Emitter 03,-203.389,-587.787,56.105,0,0,0,31252,316001,0,1,0,0,0,0,36
1.60 Amb - Dungeon - The Deadmines - Pouring Lava - Pill Emitter 04,-214.254,-581.375,56.8635,0,0,0,31253,316001,0,1,0,0,0,0,36
1.60 Amb - Dungeon - Wailing Caverns - Waterfall - Small - Pill Emitter,-276.29,6.67959,-63.4979,0,0,0,31392,310550,0,1,0,0,0,0,43
"1.60 Amb - Moonglade - ZoneTone - Ext - 37,16 - Forest C",8265.989,-2933.184,608.86005,0,0,0,31393,292502,0,0,0,0,0,0,1
"1.60 Amb - Moonglade - ZoneTone - Ext - 35,16 - Forest D",8259.936,-1866.5243,164.79718,0,0,0,31394,292500,0,0,0,0,0,0,1
"1.60 Amb - Moonglade - ZoneTone - Ext - 36,17 - Forest B",7733.1943,-2399.8508,458.02377,0,0,0,31395,292504,0,0,0,0,0,0,1
"1.60 Amb - Moonglade - ZoneTone - Ext - 37,18 - Forest A",7092.35,-2933.2917,805.62164,0,0,0,31396,292507,0,0,0,0,0,0,1
"1.60 Amb - Moonglade - ZoneTone - Ext - 35,18 - Forest E",7199.4497,-1866.5173,583.5465,0,0,0,31397,292498,0,0,0,0,0,0,1
1.60 AMB - Moonglade - Waterfall - Small - Pill Emitter,7910.44,-2618.43,451.046,0,0,0,31398,3791,0,1,0,0,0,0,1
1.60 AMB - Moonglade - Waterfall - Very Small - Pill Emitter 01,7782.65,-2479.9,451.152,0,0,0,31399,310550,0,1,0,0,0,0,1
1.60 AMB - Moonglade - Waterfall - Very Small - Pill Emitter 02,7788.73,-2514.95,452.68,0,0,0,31400,310550,0,1,0,0,0,0,1
1.60 Amb - Moonglade - Moonwell Loop - Pill Emitter,7561.252,-2973.1807,463.518,0,0,0,31401,297304,0,1,0,0,0,0,1
1.60 AMB - Moonglade - Waterfall - Very Small - Pill Emitter 03,7930.89,-2451.37,483.459,0,0,0,31406,310550,0,1,0,0,0,0,1
1.60 AMB - Moonglade - Waterfall - Very Small - Pill Emitter 04,7918.29,-2459.93,482.697,0,0,0,31407,310550,0,1,0,0,0,0,1
1.60 Amb - Moonglade - Moonwell Loop - Emitter 01,7984.38,-2504.26,487.224,0,0,0,31408,297304,0,0,0,0,0,0,1
1.60 Amb - Moonglade - Moonwell Loop - Emitter 02,7792.69,-2446.83,487.197,0,0,0,31409,297304,0,0,0,0,0,0,1
1.60 AMB - Moonglade - Bridge Water - Pill Emitter 01,7923.02,-2402.72,492.622,0,0,0,31410,316793,0,1,0,0,0,0,1
1.60 AMB - Moonglade - Bridge Water - Pill Emitter 02,7929.0034,-2426.823,492.622,0,0,0,31411,316793,0,1,0,0,0,0,1
1.60 AMB - Moonglade - Bridge Water - Pill Emitter 03,7953.518,-2450.361,492.622,0,0,0,31412,316793,0,1,0,0,0,0,1
1.60 AMB - Moonglade - Bridge Water - Pill Emitter 04,7974.5024,-2447.8977,492.622,0,0,0,31413,316793,0,1,0,0,0,0,1
1.60 AMB - Moonglade - Bridge Water - Pill Emitter 05,7925.5425,-2487.1875,492.622,0,0,0,31414,316793,0,1,0,0,0,0,1
1.60 AMB - Moonglade - Bridge Water - Pill Emitter 06,7927.8813,-2508.1858,492.622,0,0,0,31415,316793,0,1,0,0,0,0,1
1.60 AMB - Moonglade - Bridge Water - Pill Emitter 07,7914.81,-2581.1477,492.622,0,0,0,31416,316793,0,1,0,0,0,0,1
1.60 AMB - Moonglade - Bridge Water - Pill Emitter 08,7921.297,-2561.04,492.622,0,0,0,31417,316793,0,1,0,0,0,0,1
1.60 AMB - Moonglade - Bridge Water - Pill Emitter 09,7955.791,-2614.4949,492.622,0,0,0,31418,316793,0,1,0,0,0,0,1
1.60 AMB - Moonglade - Bridge Water - Pill Emitter 10,7947.468,-2646.5798,492.622,0,0,0,31419,316793,0,1,0,0,0,0,1
1.60 AMB - Moonglade - Bridge Water - Pill Emitter 11,7942.7725,-2601.4705,492.622,0,0,0,31420,316793,0,1,0,0,0,0,1
1.60 AMB - Moonglade - Bridge Water - Pill Emitter 12,7967.4575,-2528.6892,492.622,0,0,0,31421,316793,0,1,0,0,0,0,1
1.60 AMB - Moonglade - Bridge Water - Pill Emitter 13,7978.739,-2526.9895,492.622,0,0,0,31422,316793,0,1,0,0,0,0,1
1.60 AMB - Moonglade - Bridge Water - Pill Emitter 14,7912.7847,-2525.816,489.72354,0,0,0,31423,316793,0,1,0,0,0,0,1
1.60 AMB - Moonglade - Bridge Water - Pill Emitter 15,7901.4497,-2527.1165,489.72354,0,0,0,31424,316793,0,1,0,0,0,0,1
1.60 AMB - Moonglade - Bridge Water - Pill Emitter 16,7868.7275,-2532.6511,489.72354,0,0,0,31425,316793,0,1,0,0,0,0,1
1.60 AMB - Moonglade - Bridge Water - Pill Emitter 17,7880.0625,-2531.3508,489.72354,0,0,0,31426,316793,0,1,0,0,0,0,1
1.60 AMB - Moonglade - Bridge Water - Pill Emitter 18,7820.69,-2485.85,490,0,0,0,31427,316793,0,1,0,0,0,0,1
1.60 AMB - Moonglade - Bridge Water - Pill Emitter 19,7844.3257,-2481.981,490,0,0,0,31429,316793,0,1,0,0,0,0,1
1.60 AMB - Moonglade - Bridge Water - Pill Emitter 20,7556.6704,-2399.4426,457.22397,0,0,0,31430,316793,0,1,0,0,0,0,1
1.60 AMB - Moonglade - Bridge Water - Pill Emitter 21,7545.751,-2396.1372,457.22397,0,0,0,31431,316793,0,1,0,0,0,0,1
1.60 AMB - Moonglade - Bridge Water - Pill Emitter 22,7526.346,-2458.2048,457.22397,0,0,0,31432,316793,0,1,0,0,0,0,1
1.60 AMB - Moonglade - Bridge Water - Pill Emitter 23,7536.8853,-2462.573,457.22397,0,0,0,31433,316793,0,1,0,0,0,0,1
1.60 AMB - Moonglade - Bridge Water - Pill Emitter 24,7482.7563,-2642.7588,456.1402,0,0,0,31434,316793,0,1,0,0,0,0,1
1.60 AMB - Moonglade - Bridge Water - Pill Emitter 25,7471.468,-2641.1094,456.1402,0,0,0,31435,316793,0,1,0,0,0,0,1
1.60 Amb - Raid - Molten Core - Lava Pool Emitter,1160.47,-538.466,-111.009,0,0,0,31437,317034,0,0,0,0,0,0,0
1.60 Amb - Raid - Molten Core - Lava Pool Pill Emitter 01,1133.29,-560.813,-109.787,0,0,0,31438,317035,0,1,0,0,0,0,409
1.60 Amb - Raid - Molten Core - Lava Pool Pill Emitter 02,1216.6046,-682.9211,-128.83684,0,0,0,31439,317035,0,1,0,0,0,0,409
1.60 Amb - Raid - Molten Core - Lava Pool Pill Emitter 03,1013.8322,-793.124,-148.75456,0,0,0,31440,317035,0,1,0,0,0,0,409
1.60 Amb - Raid - Molten Core - Lava Pool Pill Emitter 04,554.89435,-1132.7389,-181.66461,0,0,0,31441,317035,0,1,0,0,0,0,409
1.60 Amb - Raid - Molten Core - Lava Pool Pill Emitter 05,835.7703,-722.4545,-230.20264,0,0,0,31442,317035,0,1,0,0,0,0,409
1.60 Amb - Raid - Molten Core - Lava Pool Pill Emitter 06,809.9487,-868.7508,-230.20264,0,0,0,31443,317035,0,1,0,0,0,0,409
1.60 Amb - Raid - Molten Core - Lava Pool Pill Emitter 07,804.42706,-824.29376,-230.20264,0,0,0,31444,317035,0,1,0,0,0,0,409
1.60 Amb - Raid - Molten Core - Portal Emitter,1104.8035,-464.83292,-105.06825,0,0,0,31446,317181,0,0,0,0,0,0,409
1.60 Amb - Arathi Highlands - Waterfall - Small - Pill Emitter 01,-2134.15,-2493.5,-1.91105,0,0,0,31447,3791,0,1,0,0,0,0,0
1.60 Amb - Arathi Highlands - Thandol Span - Large Bridge Crossing - Chains Emitter 05,-2445.71,-2402.84,87.03,0,0,0,31448,311008,0,1,0,0,0,0,0
"1.60 Amb - Wetlands - ZoneTone - Ext - 33,37 - Coast C",-2933.717,-799.8507,-11.982775,0,0,0,31449,295657,0,0,0,0,0,0,0
"1.60 Amb - Wetlands - ZoneTone - Ext - 35,37 - Wetlands A",-2933.7395,-1866.5173,6.194092,0,0,0,31450,317211,0,0,0,0,0,0,0
"1.60 Amb - Wetlands - ZoneTone - Ext - 37,37 - Wetlands B",-2933.6702,-2933.184,33.063614,0,0,0,31451,317216,0,0,0,0,0,0,0
"1.60 Amb - Wetlands - ZoneTone - Ext - 39,37 - Wetlands C",-2933.7031,-3999.8508,178.22203,0,0,0,31452,317215,0,0,0,0,0,0,0
"1.60 Amb - Wetlands - ZoneTone - Ext - 38,38 - Wetlands E",-3467.0486,-3466.5173,29.850965,0,0,0,31453,317212,0,0,0,0,0,0,0
"1.60 Amb - Wetlands - ZoneTone - Ext - 36,38 - Wetlands D",-3467.0105,-2399.8508,52.193768,0,0,0,31454,317214,0,0,0,0,0,0,0
"1.60 Amb - Wetlands - ZoneTone - Ext - 34,38 - Wetlands C",-3467.0034,-1333.1841,11.604872,0,0,0,31455,317215,0,0,0,0,0,0,0
"1.60 Amb - Wetlands - ZoneTone - Ext - 32,38 - Coast B",-3466.7812,-266.51736,-285.2192,0,0,0,31456,295658,0,0,0,0,0,0,0
"1.60 Amb - Wetlands - ZoneTone - Ext - 35,39 - Wetlands F",-4000.3438,-1866.5173,168.571,0,0,0,31458,317217,0,0,0,0,0,0,0
"1.60 Amb - Wetlands - ZoneTone - Ext - 37,39 - Wetlands A",-4000.3455,-2933.184,12.096083,0,0,0,31459,317211,0,0,0,0,0,0,0
"1.60 Amb - Wetlands - ZoneTone - Ext - 39,39 - Wetlands F",-4000.3247,-3999.8508,176.34863,0,0,0,31460,317217,0,0,0,0,0,0,0
"1.60 Amb - Wetlands - ZoneTone - Ext - 40,40 - Wetlands D",-4534.8384,-4533.186,346.94482,0,0,0,31461,317214,0,0,0,0,0,0,0
"1.60 Amb - Wetlands - ZoneTone - Ext - 38,40 - Wetlands C",-4533.4985,-3466.5173,338.97522,0,0,0,31462,317215,0,0,0,0,0,0,0
"1.60 Amb - Wetlands - ZoneTone - Ext - 36,40 - Wetlands B",-4533.9395,-2399.8508,481.34277,0,0,0,31463,317216,0,0,0,0,0,0,0
1.60 Amb - Wetlands - The Lost Fleet - Shipwreck Emitter 01 - Sail Flap,-2947.66,-945.136,13.3207,0,0,0,31465,314236,0,1,0,0,0,0,0
1.60 Amb - Wetlands - The Lost Fleet - Shipwreck Emitter 01,-2977.84,-960.978,8.07542,0,0,0,31466,314234,0,0,0,0,0,0,0
1.60 Amb - Wetlands - The Lost Fleet - Shipwreck Emitter 02,-2806.97,-999.852,0.418262,0,0,0,31467,314234,0,0,0,0,0,0,0
1.60 Amb - Wetlands - The Lost Fleet - Shipwreck Emitter 02 - Sail Flap,-2809.33,-1006.66,23.1323,0,0,0,31468,314236,0,1,0,0,0,0,0
1.60 Amb - Wetlands - Waterfall Very Small - Pill Emitter,-3325.06,-998.813,8.14445,0,0,0,31469,310550,0,1,0,0,0,0,0
1.60 Amb - Wetlands - Dock - Wood Creak - Pill Emitter 01,-3338.35,-1025.38,8.27361,0,0,0,31470,317273,0,1,0,0,0,0,0
1.60 Amb - Wetlands - Menethil Bay - Bridge - Water Pill Emitter 01,-3552.13,-915.187,9.57871,0,0,0,31471,317274,0,1,0,0,0,0,0
1.60 Amb - Wetlands - Menethil Bay - Bridge - Water Pill Emitter 02,-3627.7327,-830.9774,9.57871,0,0,0,31472,317274,0,1,0,0,0,0,0
1.60 Amb - Wetlands - Menethil Harbor - Dock - Water Pill Emitter 01,-3840.68,-769.776,7.10296,0,0,0,31473,317274,0,1,0,0,0,0,0
1.60 Amb - Wetlands - Menethil Harbor - Dock - Water Pill Emitter 02,-3859.8003,-575.0764,7.10296,0,0,0,31474,317274,0,1,0,0,0,0,0
1.60 Amb - Wetlands - Menethil Harbor - Dock - Water Pill Emitter 03,-3845.2483,-595.5955,7.10296,0,0,0,31475,317274,0,1,0,0,0,0,0
1.60 Amb - Wetlands - Menethil Harbor - Dock - Water Pill Emitter 04,-3847.6042,-601.36633,7.10296,0,0,0,31476,317274,0,1,0,0,0,0,0
1.60 Amb - Wetlands - Menethil Harbor - Dock - Water Pill Emitter 05,-3819.967,-748.5139,7.10296,0,0,0,31477,317274,0,1,0,0,0,0,0
1.60 Amb - Wetlands - Menethil Harbor - Dock - Water Pill Emitter 06,-3815.3733,-747.8733,7.10296,0,0,0,31478,317274,0,1,0,0,0,0,0
1.60 Amb - Wetlands - Menethil Harbor - Dock - Water Pill Emitter 07,-3748.4636,-703.99133,7.10296,0,0,0,31479,317274,0,1,0,0,0,0,0
1.60 Amb - Wetlands - Menethil Harbor - Dock - Water Pill Emitter 08,-3788.4133,-630.4149,7.10296,0,0,0,31480,317274,0,1,0,0,0,0,0
1.60 Amb - Wetlands - Menethil Harbor - Dock - Water Pill Emitter 09,-3744.4688,-602.6875,7.10296,0,0,0,31481,317274,0,1,0,0,0,0,0
1.60 Amb - Wetlands - Menethil Harbor - Dock - Water Pill Emitter 10,-3752.066,-578.36633,7.10296,0,0,0,31482,317274,0,1,0,0,0,0,0
1.60 Amb - Wetlands - Menethil Harbor - Dock - Water Pill Emitter 11,-3728.4548,-569.3941,7.10296,0,0,0,31483,317274,0,1,0,0,0,0,0
1.60 Amb - Wetlands - Menethil Harbor - Dock - Water Pill Emitter 12,-3710.9324,-617.3768,7.10296,0,0,0,31484,317274,0,1,0,0,0,0,0
1.60 Amb - Wetlands - Menethil Harbor - Dock - Water Pill Emitter 13,-3752.9426,-645.9028,7.10296,0,0,0,31485,317274,0,1,0,0,0,0,0
1.60 Amb - Wetlands - Menethil Harbor - Stationary Ship Emitter 01,-3790.75,-657.948,10.7823,0,0,0,31486,314234,0,0,0,0,0,0,0
1.60 Amb - Wetlands - Menethil Harbor - Stationary Ship Emitter 02,-3712.7,-574.396,11.3423,0,0,0,31487,314234,0,0,0,0,0,0,0
1.60 Amb - Wetlands - Waterfall Small - Pill Emitter 01,-4201.36,-3146.93,7.47027,0,0,0,31488,3791,0,1,0,0,0,0,0
1.60 Amb - Wetlands - Waterfall Small - Pill Emitter 02,-4217.84,-3078.74,8.03566,0,0,0,31489,3791,0,0,0,0,0,0,0
1.60 Amb - Wetlands - Waterfall Small - Pill Emitter 03,-4232.25,-3051.02,5.8624,0,0,0,31490,3791,0,1,0,0,0,0,0
1.60 Amb - Wetlands - Waterfall Small - Pill Emitter 04,-4380.8,-3252.22,123.517,0,0,0,31491,3791,0,1,0,0,0,0,0
1.60 Amb - Wetlands - Waterfall Small - Pill Emitter 05,-4422.55,-3226.11,123.517,0,0,0,31492,3791,0,1,0,0,0,0,0
1.60 Amb - Wetlands - Waterfall Small - Pill Emitter 06,-4428.47,-3214.88,123.517,0,0,0,31493,3791,0,1,0,0,0,0,0
1.60 Amb - Wetlands - Waterfall Small - Pill Emitter 07,-4429.11,-3188.86,123.958,0,0,0,31494,3791,0,1,0,0,0,0,0
1.60 Amb - Wetlands Loch Modan Fountain - Waterfall Very Small - Pill Emitter 01,-4667.4,-3342.52,177.884,0,0,0,31498,310550,0,1,0,0,0,0,0
1.60 Amb - Wetlands Loch Modan Fountain - Waterfall Very Small - Pill Emitter 02,-4641.07,-3313.82,177.886,0,0,0,31499,310550,0,1,0,0,0,0,0
1.60 Amb - Wetlands Loch Modan Fountain - Waterfall Very Small - Pill Emitter 03,-4661.28,-3289.42,177.885,0,0,0,31500,310550,0,1,0,0,0,0,0
1.60 Amb - Loch Modan - Stonewrought Dam - Bridge - Wind - Emitter,-4677.29,-3436.46,309.223,0,0,0,31501,317303,0,1,0,0,0,0,0
1.60 Amb - Wetlands - Dock - Wood Creak - Pill Emitter 02,-3401.429,-1015.9219,11.034489,0,0,0,31502,317273,0,1,0,0,0,0,0
1.60 Amb - Wetlands - Dock - Wood Creak - Pill Emitter 03,-3348.8,-1312.07,8.08962,0,0,0,31503,317273,0,1,0,0,0,0,0
"1.60 Amb - Riverglades - ZoneTone - Ext - 40,44 - Canyon E",-6667.0103,-4533.184,384.22845,0,0,0,31504,311293,0,0,0,0,0,0,0
"1.60 Amb - Riverglades - ZoneTone - Ext - 41,45 - Grasslands F",-7200.3457,-5066.5176,77.52119,0,0,0,31505,310785,0,0,0,0,0,0,0
"1.60 Amb - Riverglades - ZoneTone - Ext - 43,45 - Coast A",-7200.33,-6133.184,-14.232232,0,0,0,31506,295659,0,0,0,0,0,0,0
"1.60 Amb - Riverglades - ZoneTone - Ext - 44,46 - Coast C",-7733.752,-6666.5176,-166.99474,0,0,0,31507,295657,0,0,0,0,0,0,0
"1.60 Amb - Riverglades - ZoneTone - Ext - 42,46 - Grasslands E",-7733.6943,-5599.8506,55.885635,0,0,0,31508,310784,0,0,0,0,0,0,0
"1.60 Amb - Riverglades - ZoneTone - Ext - 40,46 - Grasslands D",-7733.722,-4533.184,68.21289,0,0,0,31509,310783,0,0,0,0,0,0,0
"1.60 Amb - Riverglades - ZoneTone - Ext - 38,46 - Canyon F",-7733.587,-3466.5173,167.61784,0,0,0,31510,311295,0,0,0,0,0,0,0
"1.60 Amb - Riverglades - ZoneTone - Ext - 39,47 - Grasslands C",-8267.0205,-3999.8508,9.750081,0,0,0,31511,310782,0,0,0,0,0,0,0
"1.60 Amb - Riverglades - ZoneTone - Ext - 41,47 - Grasslands B",-8266.978,-5066.5176,33.56448,0,0,0,31512,310781,0,0,0,0,0,0,0
"1.60 Amb - Riverglades - ZoneTone - Ext - 43,47 - Coast D",-8266.933,-6133.184,-17.541206,0,0,0,31513,295656,0,0,0,0,0,0,0
"1.60 Amb - Riverglades - ZoneTone - Ext - 42,48 - Coast E",-8808.427,-5599.8594,28.458523,0,0,0,31514,295655,0,0,0,0,0,0,0
"1.60 Amb - Riverglades - ZoneTone - Ext - 40,48 - Grasslands A",-8800.339,-4533.184,30.231012,0,0,0,31515,310780,0,0,0,0,0,0,0
"1.60 Amb - Riverglades - ZoneTone - Ext - 41,49 - Coast B",-9333.677,-5066.5176,-21.666748,0,0,0,31516,295658,0,0,0,0,0,0,0
"1.60 Amb - Riverglades - ZoneTone - Ext - 43,49 - Coast A",-9369.393,-6133.2207,-359.59485,0,0,0,31517,295659,0,0,0,0,0,0,0
1.60 Amb - Riverglades - Waterfall Small - Pill Emitter 01,-7324.21,-4751.14,13.8801,0,0,0,31557,3791,0,1,0,0,0,0,0
1.60 Amb - Riverglades - Waterfall Small - Pill Emitter 02,-7853.81,-4071.42,10.4427,0,0,0,31558,3791,0,1,0,0,0,0,0
1.60 Amb - Riverglades - Waterfall Small - Pill Emitter 03,-8095.56,-3671.51,9.98333,0,0,0,31559,3791,0,1,0,0,0,0,0
1.60 Amb - Riverglades - Waterfall Small - Pill Emitter 04,-8100.53,-3462.71,125.784,0,0,0,31560,3791,0,1,0,0,0,0,0
1.60 Amb - Riverglades - Waterfall Small - Pill Emitter 05,-8276.51,-3194.53,148.86,0,0,0,31561,3791,0,1,0,0,0,0,0
1.60 Amb - Riverglades - Waterfall Small - Pill Emitter 06,-8755.05,-2961.91,183.295,0,0,0,31562,3791,0,1,0,0,0,0,0
1.60 Amb - Riverglades - Shipwreck Emitter 01,-8492.54,-5391.68,6.63153,0,0,0,31563,314234,0,0,0,0,0,0,0
1.60 Amb - Riverglades - Shipwreck Emitter 01 - Sail Flap,-8477.11,-5428.03,6.91705,0,0,0,31564,314236,0,1,0,0,0,0,0
1.60 Amb - Riverglades - Shipwreck Emitter 02,-8761.79,-5352.56,-0.186963,0,0,0,31565,314234,0,0,0,0,0,0,0
"1.60 Amb - Hyjal - ZoneTone - Ext - 36,21 - Forest B",5599.769,-2399.8508,1500.3097,0,0,0,31675,292504,0,0,0,0,0,0,1
"1.60 Amb - Hyjal - ZoneTone - Ext - 38,21 - Forest D",5599.6787,-3466.5173,1579.9264,0,0,0,31676,292500,0,0,0,0,0,0,1
"1.60 Amb - Hyjal - ZoneTone - Ext - 35,22 - Forest E",5066.4307,-1866.5173,1341.8414,0,0,0,31677,292498,0,0,0,0,0,0,1
"1.60 Amb - Hyjal - ZoneTone - Ext - 37,22 - Forest F",5066.364,-2933.184,1676.6509,0,0,0,31678,292496,0,0,0,0,0,0,1
"1.60 Amb - Hyjal - ZoneTone - Ext - 36,23 - Forest A",4509.658,-2399.875,1131.6688,0,0,0,31679,292507,0,0,0,0,0,0,1
"1.60 Amb - Hyjal - ZoneTone - Ext - 38,23 - Forest B",4532.989,-3466.5173,996.60547,0,0,0,31680,292504,0,0,0,0,0,0,1
"1.60 Amb - Hyjal - ZoneTone - Ext - 37,24 - Forest C",3999.2969,-2933.184,911.7535,0,0,0,31681,292502,0,0,0,0,0,0,1
"1.60 Amb - Hyjal - ZoneTone - Ext - 36,25 - Forest D",3466.48,-2399.8508,880.28186,0,0,0,31682,292500,0,0,0,0,0,0,1
1.60 Amb - Hyjal - Waterfall Emitter 01,5217.17,-2276.69,1265.55,0,0,0,31696,372553,0,1,0,0,0,0,1
1.60 Amb - Hyjal - Waterfall Emitter 02,5266.57,-2366.58,1433.44,0,0,0,31705,372553,0,1,0,0,0,0,1
1.60 - Hyjal - Slime Pool - Pill Emitter Loop 01,4549.8,-2416.62,1080.43,0,0,0,31838,319282,0,1,0,0,0,0,1
1.60 - Hyjal - Slime Pool - Pill Emitter Loop 02,4591.782,-2518.8264,1081.3032,0,0,0,31839,319282,0,1,0,0,0,0,1
1.60 - Hyjal - Slime Pool - Pill Emitter Loop 03,4590.763,-2544.6997,1080.852,0,0,0,31840,319282,0,1,0,0,0,0,1
1.60 - Hyjal - Slime Pool - Emitter Loop 04,4397.223,-2583.4514,1079.3872,0,0,0,31841,319282,0,0,0,0,0,0,1
1.60 - Hyjal - Slime Pool - Pill Emitter Loop 05,4423.434,-2413.4219,1078.5039,0,0,0,31842,319286,0,1,0,0,0,0,1
1.60 Amb - Ironforge - Lava Pill Emitter,-5004.354,-1109.6875,483.15884,0,0,0,31843,319292,0,1,0,0,0,0,0
1.60 Amb - Ironforge - The Military Ward - Steam Emitter,-4971.61,-1209.83,501.804,0,0,0,31844,319310,0,0,0,0,0,0,0
1.60 Amb - Stormwind - Log Machine Emitter 01,-8433.55,572.978,101.707,0,0,0,31845,319445,0,0,0,0,0,0,0
1.60 Amb - Stormwind - Log Machine Emitter 02,-8366.56,642.22,103.023,0,0,0,31846,319445,0,0,0,0,0,0,0
1.60 Amb - Ironforge - Deeprun Tram - Gear Tunnel - Pill Emitter 01,71.1989,2495.08,-4.29613,0,0,0,31847,319446,0,1,0,0,0,0,369
1.60 Amb - Ironforge - Deeprun Tram - Gear Tunnel - Pill Emitter 02,71.1989,2486.2117,-4.29613,0,0,0,31848,319446,0,1,0,0,0,0,369
1.60 Amb - Ironforge - Deeprun Tram - Gear Tunnel - Pill Emitter 03,68.99337,14.652778,-4.2966495,0,0,0,31849,319446,0,1,0,0,0,0,369
1.60 Amb - Ironforge - Deeprun Tram - Gear Tunnel - Pill Emitter 04,68.99337,5.8385816,-4.2966495,0,0,0,31850,319446,0,1,0,0,0,0,369
1.60 Amb - Stormwind - Entrance - Bridge Wind - Pill Emitter 01,-8957.257,505.72916,98,0,0,0,31861,319612,0,1,0,0,0,0,0
1.60 Amb - Stormwind - Entrance - Bridge Wind - Pill Emitter 02,-8969.191,520.30035,98,0,0,0,31862,319612,0,1,0,0,0,0,0
1.60 Amb - Stormwind - ZoneTone - Ext - Mage Quarter- City Day A,-9001.53,862.583,105.877,0,0,0,31863,319754,0,0,0,0,0,0,0
1.60 Amb - Stormwind - ZoneTone - Ext - The Park - City Day B,-8755.8,1089.3,90.7803,0,0,0,31864,319755,0,0,0,0,0,0,0
1.60 Amb - Stormwind - ZoneTone - Ext - Dwarven District - City Day C,-8404.29,586.805,93.4592,0,0,0,31865,319756,0,0,0,0,0,0,0
1.60 Amb - Stormwind - ZoneTone - Ext - Old Town - City Day D,-8678.82,443.781,100.525,0,0,0,31866,319760,0,0,0,0,0,0,0
1.60 Amb - Stormwind - Water Overlook - Wind - Emitter 01,-8564.46,1021.66,89.5119,0,0,0,31867,319612,0,1,0,0,0,0,0
1.60 Amb - Stormwind - Water Overlook - Wind - Emitter 02,-8424.806,1029.8785,69.671005,0,0,0,31868,319612,0,1,0,0,0,0,0
1.60 Amb - Stormwind - Water Overlook - Wind - Emitter 03,-8537.763,1054.4531,58.62643,0,0,0,31869,319612,0,1,0,0,0,0,0
1.60 Amb - Stormwind - Water Overlook - Wind - Emitter 04,-8425.538,1000.9566,96.30186,0,0,0,31870,319612,0,1,0,0,0,0,0
1.60 Amb - Stormwind - Water Overlook - Wind - Emitter 05,-8597.337,1052.6024,95.42145,0,0,0,31871,319612,0,1,0,0,0,0,0
1.60 Amb - Stormwind - Docks - Lighthouse - Foghorn Emitter,-8089.53,1638.58,41.5255,0,0,0,31920,319874,0,0,0,0,0,0,0
1.60 Amb - Stormwind - Docks - Hanging Shark Emitter,-8497.37,1310.26,10.2836,0,0,0,31921,319875,0,0,0,0,0,0,0
1.60 Amb - Stormwind - Dock - Ship Emitter 01,-8420.09,1364.71,21.1561,0,0,0,31922,319877,0,1,0,0,0,0,0
1.60 Amb - Stormwind - Dock - Ship Emitter 02,-8513.43,1322.81,12.1819,0,0,0,32018,319877,0,1,0,0,0,0,0
1.60 Amb - Ironforge - ZoneTone - Int - The Mystic Ward - Loop A,-4662.77,-956.781,500.378,0,0,0,32043,319960,0,0,0,0,0,0,0
1.60 Amb - Ironforge - ZoneTone - Int - Hall of Explorers - Loop B,-4683.34,-1243.7,501.994,0,0,0,32044,319961,0,0,0,0,0,0,0
1.60 Amb - Ironforge - ZoneTone - Int - The Gates of Ironforge - Loop C,-4973.04,-891.088,501.597,0,0,0,32045,319962,0,0,0,0,0,0,0
1.60 Amb - IronForge - ZoneTone - Ext - The Military Ward - Loop D,-4970.82,-1209.65,501.82,0,0,0,32046,319963,0,0,0,0,0,0,0
1.60 Amb - Orgrimmar - ZoneTone - The Valley of Honor - Loop A,1995.16,-4696.72,24.5703,0,0,0,32047,319977,0,0,0,0,0,0,1
1.60 Amb - Orgrimmar - ZoneTone - The Valley of Wisdom - Loop B,1903.47,-4267.08,31.7171,0,0,0,32048,319978,0,0,0,0,0,0,1
1.60 Amb - Orgrimmar - ZoneTone - West Gate - Loop C,1689.33,-4060.76,49.8542,0,0,0,32049,319980,0,0,0,0,0,0,1
1.60 Amb - Orgrimmar - ZoneTone - Valley of Strength - South Gate - Loop D,1528.95,-4410.01,13.3835,0,0,0,32050,319981,0,0,0,0,0,0,1
1.60 Amb - Orgrimmar - South Gate Entrance - Pill Emitter,1478.79,-4417.75,25.2364,0,0,0,32051,320065,0,1,0,0,0,0,1
1.60 Amb - Orgrimmar - Bridge Crossing - Emitter,1672.51,-4258.03,52.1015,0,0,0,32064,320081,0,1,0,0,0,0,1
1.60 Amb - Orgrimmar - The Drag Gate Entrance - Pill Emitter,1910.03,-4562.37,33.8924,0,0,0,32090,320065,0,1,0,0,0,0,1
1.60 Amb - Orgrimmar - Valley of Honor - Waterfall Small - Pill Emitter,2033.94,-4594.91,24.5576,0,0,0,32091,3791,0,1,0,0,0,0,1
1.60 Amb - Orgrimmar - West Bridge Entrance -  Bridge Ambience Override,1648.03,-3842.09,52.29,0,0,0,32097,320328,0,1,0,0,0,0,1
1.60 Amb - Kalimdor - Orgrimmar - Valley of Strength - Banner Flap Emitter 01,1618.87,-4227.27,62.5144,0,0,0,32122,320572,0,0,0,0,0,0,1
1.60 Amb - Kalimdor - Orgrimmar - Valley of Strength - Banner Flap Emitter 02,1623.4,-4242.18,62.2164,0,0,0,32123,320572,0,0,0,0,0,0,1
1.60 Amb - Kalimdor - Orgrimmar - Valley of Strength - Banner Flap Emitter 03,1641.66,-4256.54,63.8227,0,0,0,32124,320572,0,0,0,0,0,0,1
1.60 Amb - Kalimdor - Orgrimmar - Valley of Strength - Banner Flap Emitter 04,1657.23,-4253.79,62.7259,0,0,0,32125,320572,0,0,0,0,0,0,1
1.60 Amb - Kalimdor - Orgrimmar - Valley of Strength - Banner Flap Emitter 05,1669.06,-4249.42,62.8084,0,0,0,32126,320572,0,0,0,0,0,0,1
1.60 Amb - Zephras Isle - Pylon Chain Emitter 01,2372.71,99.1989,722.61,0,0,0,32133,320799,0,0,0,0,0,0,2991
1.60 Amb - Zephras Isle - Pylon Chain Emitter 02,2244.62,146.645,725.177,0,0,0,32134,320799,0,0,0,0,0,0,2991
1.60 Amb - Zephras Isle - Pylon Chain Emitter Main 01 L,1706.42,382.765,688.308,0,0,0,32135,320799,0,0,0,0,0,0,2991
1.60 Amb - Zephras Isle - Pylon Chain Emitter Main 02 R,1424.08,965.531,681.155,0,0,0,32136,320799,0,0,0,0,0,0,2991
1.60 Amb - Zephras Isle - Pylon Chain Emitter 03,1552.78,1601.63,678.879,0,0,0,32137,320799,0,0,0,0,0,0,2991
1.60 Amb - Zephras Isle - Pylon Chain Emitter 04,1606.1,1725.21,675.829,0,0,0,32138,320799,0,0,0,0,0,0,2991
1.60 Amb - Zephras Isle - Pylon Chain Emitter 05,2424.59,2113.36,782.573,0,0,0,32139,320799,0,0,0,0,0,0,2991
1.60 Amb - Zephras Isle - Pylon Chain Emitter 06,2534.01,2192.34,783.12,0,0,0,32140,320799,0,0,0,0,0,0,2991
1.60 Amb - Zephras Isle - Pylon Chain Emitter 07,3529.63,2553.35,1020.18,0,0,0,32141,320799,0,0,0,0,0,0,2991
1.60 Amb - Zephras Isle - Pylon Chain Emitter 08,3659.6,2590.21,1021.62,0,0,0,32142,320799,0,0,0,0,0,0,2991
1.60 Amb - Zephras Isle - Pylon Chain Emitter 09,4471.56,1643.33,941.405,0,0,0,32143,320799,0,0,0,0,0,0,2991
1.60 Amb - Zephras Isle - Pylon Chain Emitter 10,4433.16,1513.51,949.822,0,0,0,32144,320799,0,0,0,0,0,0,2991
1.60 Amb - Zephras Isle - Pylon Chain Emitter 11,3886.19,460.846,952.15,0,0,0,32145,320799,0,0,0,0,0,0,2991
1.60 Amb - Zephras Isle - Pylon Chain Emitter 12,3783.11,378.516,957.205,0,0,0,32146,320799,0,0,0,0,0,0,2991
1.60 Amb - Zephras - Waterfall Pill Emitter 01 (Small),2878.25,754.497,648.049,0,0,0,32147,3791,0,1,0,0,0,0,2991
1.60 Amb - Zephras - Waterfall Pill Emitter 02 (Med),2842.82,787.04,648.048,0,0,0,32148,320819,0,1,0,0,0,0,2991
1.60 Amb - Zephras - Waterfall Pill Emitter 03 (Small),2566.93,332.917,573.249,0,0,0,32153,3791,0,1,0,0,0,0,2991
1.60 Amb - Zephras - Waterfall Pill Emitter 04 (Med),2604.82,314.094,650.319,0,0,0,32154,320819,0,1,0,0,0,0,2991
1.60 Amb - Zephras - Waterfall Pill Emitter 05 (Small),3349.36,419.981,748.897,0,0,0,32156,3791,0,1,0,0,0,0,2991
1.60 Amb - Zephras - Waterfall Pill Emitter 06 (Small),3433.27,1530.77,756.591,0,0,0,32157,3791,0,1,0,0,0,0,2991
1.60 Amb - Zephras - Waterfall Pill Emitter 07 (Med),3434.89,1464.85,756.589,0,0,0,32158,320819,0,1,0,0,0,0,2991
1.60 Amb - Zephras - Waterfall Sphere Emitter 01 (Small),3607.61,1509.08,847.086,0,0,0,32159,3791,0,0,0,0,0,0,2991
1.60 Amb - Zephras - Waterfall Pill Emitter 08 (Small),3612.65,1504.05,864.676,0,0,0,32160,3791,0,1,0,0,0,0,2991
1.60 Amb - Zephras - Waterfall Pill Emitter 09 (Med),3635.55,1543.96,847.514,0,0,0,32161,320819,0,1,0,0,0,0,2991
1.60 Amb - Zephras - Waterfall Pill Emitter 10 (Med),3676.41,1490.44,906.289,0,0,0,32162,320819,0,1,0,0,0,0,2991
1.60 Amb - Zephras - Waterfall Pill Emitter 11 (Med),3655.11,1614.45,843.944,0,0,0,32163,320819,0,1,0,0,0,0,2991
1.60 Amb - Zephras - Waterfall Pill Emitter 12 (Small),3662.89,1656.35,843.944,0,0,0,32164,3791,0,1,0,0,0,0,2991
1.60 Amb - Zephras - Waterfall Pill Emitter 13 (Small),3796.41,1350.94,944.398,0,0,0,32165,3791,0,1,0,0,0,0,2991
1.60 Amb - Ironforge - Gear Tunnel - Pill Emitter 05,-4834.41,-1317.82,501.868,0,0,0,32166,319446,0,1,0,0,0,0,0
1.60 Amb - Ironforge - Gear Tunnel - Pill Emitter 06,-4843.29,-1317.63,501.868,0,0,0,32167,319446,0,1,0,0,0,0,0
1.60 Amb - Zephras Isle - Ruins - Emitter - Rock Debris 01,3716.12,2218.08,967.463,0,0,0,32168,320936,0,0,0,0,0,0,2991
1.60 Amb - Zephras Isle - Bridge Crossing - Wood Creak - Emitter 01,2867.25,1876.93,763.664,0,0,0,32169,320958,0,1,0,0,0,0,2991
1.60 Amb - Zephras Isle - Bridge Crossing - Wood Creak - Emitter 02,2206.45,1285.24,643.832,0,0,0,32170,320958,0,1,0,0,0,0,2991
1.60 Amb - Zephras - Waterfall Pill Emitter 14 (Med Large),2260.32,1354.54,617.594,0,0,0,32171,320819,0,1,0,0,0,0,2991
1.60 Amb - Zephras - Waterfall Sphere Emitter 02 (Small),2216.15,659.072,681.521,0,0,0,32172,3791,0,0,0,0,0,0,2991
1.60 Amb - Zephras - Waterfall Pill Emitter 15 (Med),2075.05,812.037,653.522,0,0,0,32173,320819,0,1,0,0,0,0,2991
1.60 Amb - Zephras - Waterfall Pill Emitter 16 (Med),2186.63,695.897,663.02,0,0,0,32174,320819,0,1,0,0,0,0,2991
1.60 Amb - Zephras - Waterfall Sphere Emitter 03 (Large),2013.43,1145.67,609.279,0,0,0,32175,3792,0,0,0,0,0,0,2991
1.60 Amb - Zephras - Waterfall Sphere Emitter 04 (Large),2070.5,1105.74,608.889,0,0,0,32176,3792,0,0,0,0,0,0,2991
1.60 Amb - Zephras Isle - Bridge Crossing - Wood Creak - Emitter 03 (4 Points),2079.51,904.508,674.255,0,0,0,32177,320977,0,1,0,0,0,0,2991
1.60 Amb - Zephras - Waterfall Sphere Emitter 05 (Small),2565.16,1477.74,744.86,0,0,0,32178,3791,0,0,0,0,0,0,2991
1.60 Amb - Zephras - Waterfall Pill Emitter 17 (Small),2893.18,1045.58,750.733,0,0,0,32179,3791,0,1,0,0,0,0,2991
"1.60 Amb - Zephras Isle - ZoneTone - Ext - 27,22 - Windy - Loop A",5066.3125,2400.1528,1.5521376,0,0,0,32184,321179,0,0,0,0,0,0,2991
"1.60 Amb - Zephras Isle - ZoneTone - Ext - 29,22 - Windy - Loop B",5066.3135,1333.4861,1.6120605,0,0,0,32185,321180,0,0,0,0,0,0,2991
"1.60 Amb - Zephras Isle - ZoneTone - Ext - 31,22 - Windy - Loop C",5066.3125,266.81946,1.373915,0,0,0,32186,321181,0,0,0,0,0,0,2991
"1.60 Amb - Zephras Isle - ZoneTone - Ext - 32,23 - Windy - Loop E",4532.979,-266.5139,1.1982151,0,0,0,32187,321183,0,0,0,0,0,0,2991
"1.60 Amb - Zephras Isle - ZoneTone - Ext - 30,23 - Windy - Loop D",4532.98,800.1528,1.5571018,0,0,0,32188,321182,0,0,0,0,0,0,2991
"1.60 Amb - Zephras Isle - ZoneTone - Ext - 28,23 - Loop A",0,0,0,0,0,0,32189,321172,0,0,0,0,0,0,2991
"1.60 Amb - Zephras Isle - ZoneTone - Ext - 26,23 - Windy - Loop C",4532.979,2933.486,1.7893066,0,0,0,32190,321181,0,0,0,0,0,0,2991
"1.60 Amb - Zephras Isle - ZoneTone - Ext - 27,24 - Loop B",3976.8489,2400.1301,1174.4358,0,0,0,32191,321173,0,0,0,0,0,0,2991
"1.60 Amb - Zephras Isle - ZoneTone - Ext - 29,24 - Loop C",3999.4575,1333.4861,807.8224,0,0,0,32192,321174,0,0,0,0,0,0,2991
"1.60 Amb - Zephras Isle - ZoneTone - Ext - 31, 24 - Windy - Loop A",3999.64,266.81946,12.09649,0,0,0,32193,321172,0,0,0,0,0,0,2991
"1.60 Amb - Zephras Isle - ZoneTone - Ext - 32,25 - Windy - Loop F",3466.3125,-266.5139,1.2719727,0,0,0,32194,321184,0,0,0,0,0,0,2991
"1.60 Amb - Zephras Isle - ZoneTone - Ext - 30,25 - Loop E",3433.6736,800.1198,891.83527,0,0,0,32196,321176,0,0,0,0,0,0,2991
"1.60 Amb - Zephras Isle - ZoneTone - Ext - 28,25 - Loop D",3466.336,1866.8195,878.90234,0,0,0,32197,321175,0,0,0,0,0,0,2991
"1.60 Amb - Zephras Isle - ZoneTone - Ext - 26,25 - Windy - Loop B",3466.3125,2933.486,1.3674859,0,0,0,32198,321180,0,0,0,0,0,0,2991
"1.60 Amb - Zephras Isle - ZoneTone - Ext - 27,26 - Loop G",2933.0261,2400.1528,781.9852,0,0,0,32199,321178,0,0,0,0,0,0,2991
"1.60 Amb - Zephras Isle - ZoneTone - Ext - 29,26 - Loop F",2932.9297,1333.4861,746.2024,0,0,0,32200,321177,0,0,0,0,0,0,2991
"1.60 Amb - Zephras Isle - ZoneTone - Ext - 31,26 - Loop A",2932.605,266.81946,459.10623,0,0,0,32201,321172,0,0,0,0,0,0,2991
"1.60 Amb - Zephras Isle - ZoneTone - Ext - 32,27 - Windy - Loop G",2399.6458,-266.5139,1.0907118,0,0,0,32202,321185,0,0,0,0,0,0,2991
"1.60 Amb - Zephras Isle - ZoneTone - Ext - 30,27 - Loop B",2399.677,800.1528,676.3715,0,0,0,32203,321173,0,0,0,0,0,0,2991
"1.60 Amb - Zephras Isle - ZoneTone - Ext - 28,27 - Loop C",2399.665,1866.8195,791.7953,0,0,0,32204,321174,0,0,0,0,0,0,2991
"1.60 Amb - Zephras Isle - ZoneTone - Ext - 26,27 - Windy - Loop A",2399.6633,2933.486,1.55287,0,0,0,32205,321179,0,0,0,0,0,0,2991
"1.60 Amb - Zephras Isle - ZoneTone - Ext - 27,28 - Windy - Loop D",1866.3125,2400.1528,1.7599283,0,0,0,32206,321182,0,0,0,0,0,0,2991
"1.60 Amb - Zephras Isle - ZoneTone - Ext - 29,28 - Loop D",1866.276,1333.4861,651.7475,0,0,0,32207,321175,0,0,0,0,0,0,2991
"1.60 Amb - Zephras Isle - ZoneTone - Ext - 31,28 - Windy - Loop A",1866.3125,266.81946,1.2055122,0,0,0,32208,321179,0,0,0,0,0,0,2991
"1.60 Amb - Zephras Isle - ZoneTone - Ext - 30,29 - Windy - Loop B",1332.9791,800.1528,1.3672689,0,0,0,32209,321180,0,0,0,0,0,0,2991
"1.60 Amb - Zephras Isle - ZoneTone - Ext - 28,29 - Windy - Loop C",1332.9791,1866.8195,1.1900228,0,0,0,32210,321181,0,0,0,0,0,0,2991
1.60 Amb - Zephras - Wind Circle Emitter 01,4069.04,1844.95,977.693,0,0,0,33587,341866,0,0,0,0,0,0,2991
1.60 Amb - Zephras - Wind Circle Emitter 02,4201.08,1582.55,931.179,0,0,0,33588,341866,0,0,0,0,0,0,2991
1.60 Amb - Zephras - Wind Circle Emitter 03,2378.96,1579.91,752.35,0,0,0,33589,341866,0,0,0,0,0,0,2991
1.60 Amb - Zephras - Wind Circle Emitter 04,4254.71,1646.7,936.048,0,0,0,33590,341866,0,0,0,0,0,0,2991
1.60 Amb - Zephras Isle - Giant Wind Portal Emitter,1561.69,674.995,744.571,0,0,0,33594,341990,0,0,0,0,0,0,2991
1.60 Amb - Zephras Isle - Map Edge Wind Pill Emitter,1958.474,1091.6754,633.14233,0,0,0,33595,341992,0,1,0,0,0,0,2991
1.60 Amb - Zephras - Waterfall Sphere Emitter 06 (Small),2548.91,1731.42,748.49,0,0,0,33596,3791,0,0,0,0,0,0,2991
1.60 Amb - Zephras - Waterfall Sphere Emitter 07 (Large),2470.27,1923.28,742.899,0,0,0,33597,3792,0,0,0,0,0,0,2991
1.60 Amb - Zephras - Waterfall Pill Emitter 18 (Med Large),2404.77,1408.83,662.405,0,0,0,33598,320819,0,1,0,0,0,0,2991
1.60 Amb - Zephras - Wind Wisp Light - Pill Emitter 01,1910.0122,1552.6024,643.15326,0,0,0,33600,342054,0,1,0,0,0,0,2991
1.60 Amb - Zephras - Wind Wisp Light - Pill Emitter 02,2127.7083,1149.8854,644.69055,0,0,0,33601,342054,0,1,0,0,0,0,2991
1.60 Amb - Zephras - Wind Wisp Light - Pill Emitter 03,2169.7727,1104.776,658.02765,0,0,0,33602,342054,0,1,0,0,0,0,2991
1.60 Amb - Zephras - Wind Wisp Light - Pill Emitter 04,2329.64,1100.55,669.286,0,0,0,33603,342054,0,1,0,0,0,0,2991
1.60 Amb - Zephras - Wind Wisp Light - Pill Emitter 05,2315.01,1180.08,659.11,0,0,0,33604,342054,0,1,0,0,0,0,2991
1.60 Amb - Zephras - Wind Wisp Light - Pill Emitter 06,2295.6,1171.5,654.011,0,0,0,33605,342054,0,1,0,0,0,0,2991
1.60 Amb - Zephras - Wind Wisp Light - Pill Emitter 07,2367.3784,1553.6598,755.036,0,0,0,33607,342054,0,1,0,0,0,0,2991
1.60 Amb - Zephras - Wind Wisp Light - Pill Emitter 08,2281.34,1107.39,657.399,0,0,0,33608,342054,0,1,0,0,0,0,2991
1.60 Amb - Zephras - Wind Wisp Light - Pill Emitter 09,2338.72,1153.78,664.576,0,0,0,33609,342054,0,1,0,0,0,0,2991
1.60 Amb - Zephras - Waterfall Pill Emitter 19 (Med),2263.17,575.014,694.587,0,0,0,33611,320819,0,1,0,0,0,0,2991
1.60 Amb - Dungeon - Scholomance - Exterior Wind Pill Emitter,328.233,108.223,105.977,0,0,0,33666,342250,0,1,0,0,0,0,289
1.60 Amb - Dire Maul - Entrance Emitter,-3998.37,889.748,161.035,0,0,0,33672,342427,0,0,0,0,0,0,1
1.60 Amb - Darnassus - Temple of the Moon - Waterfall Small Emitter 01,9637.22,2520.58,1331.51,0,0,0,33687,342549,0,1,0,0,0,0,1
1.60 Amb - Darnassus - Temple of the Moon - Waterfall Small Emitter 02,9630.25,2520.19,1332.64,0,0,0,33688,342549,0,1,0,0,0,0,1
1.60 Amb - Darnassus - Temple of the Moon - Waterfall Small Emitter 03,9630.05,2527.27,1332.64,0,0,0,33689,342549,0,1,0,0,0,0,1
1.60 Amb - Darnassus - Temple of the Moon - Waterfall Small Emitter 04,9637.01,2527.65,1332.64,0,0,0,33690,342549,0,1,0,0,0,0,1
1.60 Amb - Dungeon - Dire Maul West - Immol'thar - Wind Circle Pill Emitter,-62.8569,920.776,-24.5829,0,0,0,33699,342625,0,1,0,0,0,0,429
1.60 Amb - Dungeon - Stratholme - Slime Waterfall Pill Emitter 01,3853.65,-3747.23,144.779,0,0,0,33700,342914,0,1,0,0,0,0,329
1.60 Amb - Dungeon - Stratholme - Slime Waterfall Pill Emitter 02,3852.533,-3751.6008,144.779,0,0,0,33701,342914,0,1,0,0,0,0,329
1.60 Amb - Dungeon - Stratholme - Slime Waterfall Pill Emitter 03,3849.067,-3754.1025,144.779,0,0,0,33702,342914,0,1,0,0,0,0,329
1.60 Amb - Dungeon - Stratholme - Slime Waterfall Pill Emitter 04,3844.514,-3752.9375,144.779,0,0,0,33703,342914,0,1,0,0,0,0,329
1.60 Amb - Dungeon - Stratholme - Slime Waterfall Pill Emitter 05,3842.1372,-3749.2222,144.779,0,0,0,33704,342914,0,1,0,0,0,0,329
1.60 Amb - Dungeon - Stratholme - Slime Waterfall Pill Emitter 06,3843.5183,-3744.5608,144.779,0,0,0,33705,342914,0,1,0,0,0,0,329
1.60 Amb - Dungeon - Stratholme - Slime Waterfall Pill Emitter 07,4059.7388,-3661.014,132.2111,0,0,0,33706,342914,0,1,0,0,0,0,329
1.60 Amb - Dungeon - Stratholme - Slime Waterfall Pill Emitter 08,4063.0044,-3664.1997,132.2111,0,0,0,33707,342914,0,1,0,0,0,0,329
1.60 Amb - Dungeon - Stratholme - Slime Waterfall Pill Emitter 09,4063.25,-3668.3333,132.2111,0,0,0,33708,342914,0,1,0,0,0,0,329
1.60 Amb - Dungeon - Stratholme - Slime Waterfall Pill Emitter 10,4059.869,-3671.6094,132.2111,0,0,0,33709,342914,0,1,0,0,0,0,329
1.60 Amb - Dungeon - Stratholme - Slime Waterfall Pill Emitter 11,4055.928,-3672.144,132.2111,0,0,0,33710,342914,0,1,0,0,0,0,329
1.60 Amb - Dungeon - Stratholme - Slime Waterfall Pill Emitter 12,4052.8542,-3668.8958,132.2111,0,0,0,33711,342914,0,1,0,0,0,0,329
1.60 Amb - Darnassus - ZoneTone - Ext - The Temple of the Moon (Temple Gardens) - City Day A,9744.27,2674.48,1313.51,0,0,0,33717,343183,0,0,0,0,0,0,1
1.60 Amb - Darnassus - ZoneTone - Ext - Tradesmen's Terrace - City Day B,9748.12,2289.4,1328.72,0,0,0,33718,343185,0,0,0,0,0,0,1
1.60 Amb - Darnassus - ZoneTone - Ext - Cenarion Enclave - City Day C,10051.6,2658.85,1315.51,0,0,0,33719,343187,0,0,0,0,0,0,1
1.60 Amb - Darnassus - ZoneTone - Ext - Craftsmen's Terrace - City Day D,10161.6,2300.42,1346.08,0,0,0,33720,343189,0,0,0,0,0,0,1
1.60 Amb - Undercity - War Quarter - Large Slime Waterfall Pill Emitter,1752.76,395.139,-67.5887,0,0,0,33721,343333,0,1,0,0,0,0,0
1.60 Amb - Undercity - Sewer - Slime Waterfall Pill Emitter 01,1705.08,533.579,-14.1786,0,0,0,33726,343352,0,1,0,0,0,0,0
1.60 Amb - Undercity - Sewer - Slime Waterfall Pill Emitter 02,1694.6,522.844,-13.0807,0,0,0,33727,343352,0,1,0,0,0,0,0
1.60 Amb - Lower Blackrock Spire - Laval Pill Emitter 01,-5.81426,-346.463,-30.3842,0,0,0,33742,343360,0,1,0,0,0,0,229
1.60 Amb - Undercity - Int - ZoneTone - Loop A,1669.85,58.596,-62.2988,0,0,0,33765,343406,0,0,0,0,0,0,0
1.60 Amb - Undercity - Int - ZoneTone - Loop B,1413.93,166.24,-62.2985,0,0,0,33766,343405,0,0,0,0,0,0,0
1.60 Amb - Undercity - Int - ZoneTone - Loop C,1461.7,430.066,-53.2786,0,0,0,33767,343407,0,0,0,0,0,0,0
1.60 Amb - Undercity - Int - ZoneTone - Loop D,1777.55,314.448,-67.8162,0,0,0,33768,343408,0,0,0,0,0,0,0
1.60 Amb - Undercity - Trade Quarter - Slime Waterfall Pill Emitter 01,1565.45,250.555,-64.4781,0,0,0,33771,343459,0,1,0,0,0,0,0
1.60 Amb - Undercity - Trade Quarter - Slime Waterfall Pill Emitter 02,1565.06,231.094,-64.4784,0,0,0,33772,343459,0,1,0,0,0,0,0
1.60 Amb - Undercity - Trade Quarter - Slime Waterfall Pill Emitter 03,1626.28,229.947,-64.4785,0,0,0,33773,343459,0,1,0,0,0,0,0
1.60 Amb - Undercity - Trade Quarter - Slime Waterfall Pill Emitter 04,1626.44,249.506,-64.4784,0,0,0,33774,343459,0,1,0,0,0,0,0
1.60 Amb - Undercity - Magic Quarter - Slime Waterfall Pill Emitter 01,1805.73,130.859,-65.1833,0,0,0,33775,343352,0,1,0,0,0,0,0
1.60 Amb - Undercity - Magic Quarter - Slime Waterfall Pill Emitter 02,1789.05,138.329,-65.4972,0,0,0,33776,343352,0,1,0,0,0,0,0
1.60 Amb - Undercity - Magic Quarter - Slime Waterfall Pill Emitter 03,1703.69,28.9852,-65.1571,0,0,0,33777,343352,0,1,0,0,0,0,0
1.60 Amb - Undercity - Magic Quarter - Slime Waterfall Pill Emitter 04,1695.63,46.8445,-64.4636,0,0,0,33778,343352,0,1,0,0,0,0,0
1.60 Amb - Undercity - The Apothecarium - Hanging Cage Emitter 01,1412.41,369.228,-84.9518,0,0,0,33779,343477,0,0,0,0,0,0,0
1.60 Amb - Undercity - The Apothecarium - Hanging Cage Emitter 02,1396.43,371.15,-84.9518,0,0,0,33780,343477,0,0,0,0,0,0,0
1.60 Amb - Undercity - The Apothecarium - Drip Emitter,1482.25,432.488,-83.5438,0,0,0,33781,343487,0,0,0,0,0,0,0
1.60 Amb - Undercity - Canals - Slime Waterfall Pill Emitter 01,1420.64,283.953,-62.1763,0,0,0,33782,343352,0,1,0,0,0,0,0
1.60 Amb - Undercity - Canals - Slime Waterfall Pill Emitter 02,1454.02,274.578,-64.7239,0,0,0,33783,343352,0,1,0,0,0,0,0
1.60 Amb - Undercity - Sewer Entrance - Emitter,1658.99,730.784,79.9881,-0.80901706,0.5877852,0,33784,343609,0,0,0,0,0,0,0
1.60 Amb - Dalaran - City Walla Emitter A (East),258.822,174.007,93.2309,0,0,0,33785,343711,0,0,0,0,0,0,0
1.60 Amb - Dalaran - City Walla Emitter B (South),49.5385,362.339,101.429,0,0,0,33786,343713,0,0,0,0,0,0,0
1.60 Amb - Dalaran - City Walla Emitter C (West),281.695,510.046,90.2529,0,0,0,33787,343715,0,0,0,0,0,0,0
1.60 Amb - Dalaran - City Walla Emitter D (North),526.509,423.375,110.061,0,0,0,33788,343717,0,0,0,0,0,0,0
1.60 Amb - Dalaran - Exterior Dome Residue - Pill Emitter 01,49.6927,109.811,57.2645,0,0,0,33789,343998,0,1,0,0,0,0,0
1.60 Amb - Dalaran - Exterior Dome Residue - Pill Emitter 02,-41.46007,216.84029,57.377937,0,0,0,33790,343998,0,1,0,0,0,0,0
1.60 Amb - Dalaran - Exterior Dome Residue - Pill Emitter 03,405.30728,77.90972,48.089954,0,0,0,33791,343998,0,1,0,0,0,0,0
1.60 Amb - Dalaran - Exterior Dome Residue - Pill Emitter 04,424.33334,130.07118,44.512154,0,0,0,33792,343998,0,1,0,0,0,0,0
1.60 Amb - Dalaran - Exterior Dome Residue - Pill Emitter 05,449.91666,159.36632,42.87211,0,0,0,33793,343998,0,1,0,0,0,0,0
1.60 Amb - Dalaran - Exterior Dome Residue - Pill Emitter 06,270.2604,658.7292,39.373356,0,0,0,33794,343998,0,1,0,0,0,0,0
1.60 Amb - Dalaran - Exterior Dome Residue - Pill Emitter 07,290.2066,648.7778,40.075245,0,0,0,33795,343998,0,1,0,0,0,0,0
1.60 Amb - Dalaran - Exterior Dome Residue - Pill Emitter 08,320.51736,641.441,39.26807,0,0,0,33796,343998,0,1,0,0,0,0,0
1.60 Amb - Dalaran - Exterior Dome Residue - Pill Emitter 09,353.03995,640.7448,38.065086,0,0,0,33797,343998,0,1,0,0,0,0,0
1.60 Amb - Dalaran - Exterior Dome Residue - Pill Emitter 10,343.3264,660.783,38.261333,0,0,0,33798,343998,0,1,0,0,0,0,0
1.60 Amb - Dalaran - Exterior Dome Residue - Pill Emitter 11,310.09723,669.8733,40.299572,0,0,0,33799,343998,0,1,0,0,0,0,0
1.60 Amb - Dalaran - Pet Shop - Animal Flavor - Emitter - Frostwolf,199.347,224,101.359,0,0,0,33800,344142,0,0,0,0,0,0,0
1.60 Amb - Dalaran - Pet Shop - Animal Flavor - Emitter - White Lion,191.32,219.08,101.359,0,0,0,33801,344146,0,0,0,0,0,0,0
1.60 Amb - Dalaran - Pet Shop - Animal Flavor - Emitter - Diemetradon,181.745,222.384,101.359,0,0,0,33802,344148,0,0,0,0,0,0,0
1.60 Amb - Dalaran - Pet Shop - Animal Flavor - Emitter - Ice Claw Bear,177.838,230.054,101.359,0,0,0,33803,344150,0,0,0,0,0,0,0
1.60 Amb - Dalaran - Emitter - Sewer Grate,151.118,212.294,90.1917,0,0,0,33804,344245,0,0,0,0,0,0,0
1.60 Amb - Dalaran - Sewer Interior - Emitter - Sewer Grate 01,201.011,321.958,58.5894,0,0,0,33805,344284,0,0,0,0,0,0,0
1.60 Amb - Mauradon (Orange) - Waterfall A ,-14.3143,-291.213,-83.1739,0,0,0,33806,344344,0,0,0,0,0,0,349
1.60 Amb - Maraudon (Orange) - Waterfall B,91.5105,-146.885,-83.032,0,0,0,33807,344351,0,0,0,0,0,0,349
1.60 Amb - Mauradon (Orange) - Waterfall C,62.6685,-40.7293,-137.336,0,0,0,33808,344352,0,0,0,0,0,0,349
1.60 Amb - Mauradon (Orange) - Waterfall D,-14.0431,-41.7074,-136.983,0,0,0,33809,344353,0,0,0,0,0,0,349
1.60 Amb - Mauradon (Orange) - Waterfall E,113.678,95.9121,-127.819,0,0,0,33810,344352,0,0,0,0,0,0,349
1.60 Amb - Mauradon (Orange) - Waterfall F,-56.5964,29.1342,-128.299,0,0,0,33811,344352,0,0,0,0,0,0,349
1.60 Amb - Mauradon (Orange) - Waterfall G,87.5254,-137.78,-183.784,0,0,0,33812,344352,0,0,0,0,0,0,349
1.60 Amb - Mauradon (Orange) - Waterfall H,-24.6042,-217.014,-168.898,0,0,0,33813,344352,0,0,0,0,0,0,349
1.60 Amb - Mauradon (Orange) - Waterfall I,-25.604,-277.915,-171.1,0,0,0,33814,344352,0,0,0,0,0,0,349
1.60 Amb - Dungeon - City of Dalaran - Boss 2 - Fel Ancient - Fel Base Loop,241.614,310.586,96.4851,0,0,0,34043,346126,48353,0,0,0,0,0,2959
1.60 Amb - Dungeon - Excavation Siite - Grass Pill Emitter 01,-3853.76,-1979.5,150.851,0,0,0,34089,346388,0,1,0,0,0,0,2998
1.60 Amb - Dungeon - Excavation Siite - Grass Pill Emitter 02,-3888.83,-1982.06,150.182,0,0,0,34090,346388,0,1,0,0,0,0,2998
1.60 Amb - Dungeon - Excavation Siite - Grass Pill Emitter 03,-3851.21,-1825.59,143.03,0,0,0,34091,346388,0,1,0,0,0,0,2998
1.60 Amb - Dungeon - Excavation Siite - Grass Pill Emitter 04,-3828.84,-1780.02,139.675,0,0,0,34092,346388,0,1,0,0,0,0,2998
1.60 Amb - Dungeon - Excavation Siite - Grass Pill Emitter 05,-3892.75,-1753.51,139.806,0,0,0,34093,346388,0,1,0,0,0,0,2998
1.60 Amb - Dungeon - Excavation Site - Dock Small Pill Emitter 01,-3745.97,-2209.98,145.822,0,0,0,34094,346402,0,1,0,0,0,0,2998
1.60 Amb - Dungeon - Excavation Site - Dock Small Pill Emitter 02,-3760.93,-2165.27,145.079,0,0,0,34095,346402,0,1,0,0,0,0,2998
1.60 Amb - Dungeon - Excavation Site - Dock Small Pill Emitter 03,-3863.67,-2007.2,145.457,0,0,0,34096,346402,0,1,0,0,0,0,2998
"1.60 Amb - Dungeon - City of Dalaran - ZoneTone - Ext - 29,29 - Forest Scary B",1333.0555,1333.4861,168.46384,0,0,0,34097,346407,0,0,0,0,0,0,2959
"1.60 Amb - Dungeon - City of Dalaran - ZoneTone - Ext - 29,31 - Forest Scary E",265.75174,1333.4861,93.26402,0,0,0,34098,313207,0,0,0,0,0,0,2959
"1.60 Amb - Dungeon - City of Dalaran - ZoneTone - Ext - 29,33 - Forest Scary A",-800.8299,1333.4861,117.06606,0,0,0,34099,346419,0,0,0,0,0,0,2959
"1.60 Amb - Dungeon - City of Dalaran - ZoneTone - Ext - 30,32 - Forest Scary C",-266.99652,800.1528,78.087296,0,0,0,34100,346423,0,0,0,0,0,0,2959
"1.60 Amb - Dungeon - City of Dalaran - ZoneTone - Ext - 30,30 - Forest Scary D",799.7257,800.1528,18.248238,0,0,0,34101,346425,0,0,0,0,0,0,2959
"1.60 Amb - Dungeon - City of Dalaran - ZoneTone - Ext - 31,29 - Coast E",1333.1389,266.81946,60.977894,0,0,0,34102,346427,0,0,0,0,0,0,2959
"1.60 Amb - Dungeon - City of Dalaran - ZoneTone - Ext - 31,31 - Forest D",233.28993,266.78647,99.24112,0,0,0,34103,346429,0,0,0,0,0,0,2959
"1.60 Amb - Dungeon - City of Dalaran - ZoneTone - Ext - 31,33 - Forest B",-800.3143,266.81946,41.49718,0,0,0,34104,346431,0,0,0,0,0,0,2959
"1.60 Amb - Dungeon - City of Dalaran - ZoneTone - Ext - 32,32 - Forest E",-266.78125,-266.5139,149.72304,0,0,0,34105,346437,0,0,0,0,0,0,2959
"1.60 Amb - Dungeon - City of Dalaran - ZoneTone - Ext - 32,30 - Tundra A",799.67883,-266.5139,142.9486,0,0,0,34106,346439,0,0,0,0,0,0,2959
"1.60 Amb - Dungeon - City of Dalaran - ZoneTone - Ext - 33,29 - Forest A",1332.8385,-799.8472,188.46208,0,0,0,34107,346441,0,0,0,0,0,0,2959
"1.60 Amb - Dungeon - City of Dalaran - ZoneTone - Ext - 33,31 - Tundra B",266.28125,-799.8472,139.24474,0,0,0,34108,346444,0,0,0,0,0,0,2959
"1.60 Amb - Dungeon - City of Dalaran - ZoneTone - Ext - 33,31 - Forest C",266.28125,-799.8472,139.24474,0,0,0,34109,346447,0,0,0,0,0,0,2959
1.60 Amb - Dungeon - Excavation Site - Waterfall 01,-3856.4,-2234.91,145.171,0,0,0,34110,346472,0,0,0,0,0,0,2998
1.60 Amb - Dungeon - Excavation Site - Waterfall Top,-3863.4,-2246.16,157.06,0,0,0,34111,346475,0,0,0,0,0,0,2998
1.60 Amb - Dungeon - City of Dalaran - Sewer Interior - Emitter - Behind Sewer Grate 01,157.116,292.897,77.6646,0,0,0,34122,346507,0,0,0,0,0,0,2959
1.60 Amb - Dungeon - City of Dalaran - Sewer Interior - Emitter - Behind Sewer Grate 02,307.46,251.37,63.9977,0,0,0,34127,346507,0,0,0,0,0,0,2959
"1.60 Amb - Dungeon - Excavation Site - Wetlands - ZoneTone - Ext - 36,38 - Wetlands D",-3466.2883,-2399.7727,52.237183,0,0,0,34184,346516,0,0,0,0,0,0,2998
"1.60 Amb - Dungeon - Excavation Site - Wetlands - ZoneTone - Ext - 35,39 - Wetlands F",-4000.1372,-1866.606,168.53638,0,0,0,34185,346518,0,0,0,0,0,0,2998
"1.60 Amb - Dungeon - Excavation Site - Wetlands - ZoneTone - Ext - 36,40 - Wetlands B",-4533.1963,-2399.9114,480.8526,0,0,0,34186,346520,0,0,0,0,0,0,2998
"1.60 Amb - Dungeon - Excavation Site - Wetlands - ZoneTone - Ext - 37,39 - Wetlands A",-3999.6494,-2932.6633,12.147933,0,0,0,34187,346522,0,0,0,0,0,0,2998
"1.60 Amb - Dungeon - Excavation Site - Wetlands - ZoneTone - Ext - 35,37 - Wetlands E",-2931.6458,-1865.6389,6.0875354,0,0,0,34188,346526,0,0,0,0,0,0,2998
"1.60 Amb - Dungeon - Excavation Site - Wetlands - ZoneTone - Ext - 34,38 - Wetlands C",-2932.6008,-1865.7709,6.0875344,0,0,0,34189,346524,0,0,0,0,0,0,2998
"1.60 Amb - Dungeon - Excavation Site - Dun Morogh - ZoneTone - Ext - 35,41 - Tundra A",-5066.8193,-1866.2969,0,0,0,0,34190,346528,0,0,0,0,0,0,2998
"1.60 Amb - Dungeon - Excavation Site - Dun Morogh - ZoneTone - Ext - 34,40 - Tundra C",-4532.847,-1333.3281,637.00854,0,0,0,34191,346530,0,0,0,0,0,0,2998
"1.60 Amb - Dungeon - Ruins of Lordaeron - Tirisfal Glades - ZoneTone - Ext - 31,27 - Forest Scary D",2399.5156,267.53647,29.901545,0,0,0,34192,346557,0,0,0,0,0,0,2999
"1.60 Amb - Dungeon - Ruins of Lordaeron - Tirisfal Glades - ZoneTone - Ext - 32,28 - Forest Scary B",1866.8594,-266.33334,35.49543,0,0,0,34193,346558,0,0,0,0,0,0,2999
"1.60 Amb - Dungeon - Ruins of Lordaeron - Silverpine Forest - ZoneTone - Ext - 29,31 - Forest Scary E",1331.7396,299.83682,0,0,0,0,34194,346560,0,0,0,0,0,0,2999
"1.60 Amb - Dungeon - Ruins of Lordaeron - Tirisfal Glades - ZoneTone - Ext - 30,28 - Forest Scary A",1866.941,800.8889,31.642242,0,0,0,34195,346562,0,0,0,0,0,0,2999
1.60 Amb - Alcaz Island - Entrance - Emitter - Wind,-2532.29,-4925.62,35.0335,-0.80901706,0.5877852,0,34196,346564,0,0,0,0,0,0,1
1.60 Amb - Timbermaw Hold - Waterfall Top A,3388.44,2931.73,44.0537,0,0,0,34198,346607,0,0,0,0,0,0,349
1.60 Amb - Timbermaw Hold - Waterfall Bottom C,3727.53,3717.33,294.61,0,0,0,34199,346608,0,0,0,0,0,0,349
1.60 Amb - Timbermaw Hold - Waterfall Top B,3481.23,3201.11,291.405,0,0,0,34200,346609,0,0,0,0,0,0,349
1.60 Amb - Timbermaw Hold - Waterfall Bottom B,3481.75,3196.83,165.17,0,0,0,34201,346608,0,0,0,0,0,0,349
1.60 Amb - Timbermaw Hold - Waterfall Top A,3757,3710.93,421.718,0,0,0,34202,346607,0,0,0,0,0,0,349
1.60 Amb - Warsong Gulch - Warsong Lumber Mill - Waterwheel,1028.22,1470.86,353.516,0,0,0,34203,346892,0,0,0,0,0,0,489
1.60 Amb - Warsong Gulch - Warsong Lumber Mill - Waterwheel (Indoor),1028.22,1470.86,353.516,0,0,0,34204,346975,0,0,0,0,0,0,489
1.60 Amb - Stormwind - Dwarven District - Gear Tunnel - Pill Emitter 01,-8343.14,517.217,91.7982,0,0,0,34212,347273,0,1,0,0,0,0,369
1.60 Amb - Stormwind - Dwarven District - Gear Tunnel - Pill Emitter 02,-8349.91,511.839,91.7982,0,0,0,34213,347273,0,1,0,0,0,0,369
1.60 Amb - Mt Hyjal - Entrance Emitter,4595.8193,-3893.7327,944.5227,-0.4999998,-0.8660254,0,34226,347777,0,0,0,0,0,0,1
1.60 Amb - Mt Hyjal - Felblood Scar - Flavor - Bones - Periodic - Emitter,4446.36,-2341.35,1117.9,0,0,0,34227,347784,0,0,0,0,0,0,1
1.60 Amb - Mt Hyjal - Flavor - Hanging Branch -  Wood Creak Emitter,4544.34,-1800.67,1255.03,0,0,0,34228,347787,0,0,0,0,0,0,1
1.60 Amb - Arathi Basin - Windmill,846.057,808.775,-40.8515,0,0,0,34229,347790,0,0,0,0,0,0,529
1.60 Amb - Mt Hyjal - Cliff Wind Pill Emitter 01,4874.6704,-1700.8854,1326.77,0,0,0,34230,347791,0,1,0,0,0,0,1
1.60 Amb - Arathi Basin - Waterfall A ,1234.55,1343.63,-44.6166,0,0,0,34231,347796,0,0,0,0,0,0,529
1.60 Amb - Arathi Basin - Waterfall B,1159.53,1286.3,-59.5721,0,0,0,34232,347796,0,0,0,0,0,0,529
1.60 Amb - Arathi Basin - Waterfall C,998.475,768.684,-103.436,0,0,0,34233,347796,0,0,0,0,0,0,529
1.60 Amb - Arathi Basin - Waterfall D,939.567,749.055,-66.986,0,0,0,34234,347796,0,0,0,0,0,0,529
1.60 Amb - Arathi Basin - Waterfall E,889.198,811.028,-66.9181,0,0,0,34235,347796,0,0,0,0,0,0,529
1.60 Amb - Mt Hyjal - Cliff Wind Pill Emitter 02 (Mourning's Rest),4842.03,-1807.91,1308.88,0,0,0,34236,347791,0,1,0,0,0,0,1
1.60 Amb - Mt Hyjal - Cliff Wind Pill Emitter 03 (Elderwild),5262.53,-1238.82,1379.7,0,0,0,34237,347791,0,1,0,0,0,0,1
1.60 Amb - Mt Hyjal - Cliff Wind Pill Emitter 04 (Shrine of Aviana),4836.79,-2871.42,1455.17,0,0,0,34238,347791,0,1,0,0,0,0,1
1.60 Amb - Mt Hyjal - Cliff Wind Pill Emitter 05,5229.0903,-1975.8802,1363.61,0,0,0,34239,347791,0,1,0,0,0,0,1
1.60 Amb - Mt Hyjal - Cliff Wind Pill Emitter 06,5481.28,-4063.98,1679.04,0,0,0,34240,347791,0,1,0,0,0,0,1
1.60 Amb - Hyjal - Waterfall Emitter 03,5211.63,-3654.41,1585.68,0,0,0,34241,347806,0,1,0,0,0,0,1
1.60 Amb - Hyjal - Waterfall Emitter 04,5308.44,-3629.06,1562.19,0,0,0,34242,3791,0,1,0,0,0,0,1
1.60 Amb - Mt Hyjal - Cliff Wind Pill Emitter 07 (Tainted Foothills),4797.317,-3202.4167,1149.4719,0,0,0,34243,347791,0,1,0,0,0,0,1
1.60 Amb - Mt Hyjal - Cliff Wind Pill Emitter 08,4800.8,-2969.2,1212.91,0,0,0,34244,347791,0,1,0,0,0,0,1
1.60 Amb - Mt Hyjal - Cliff Wind Pill Emitter 09,4754.26,-2878.91,1219.63,0,0,0,34245,347791,0,1,0,0,0,0,1
1.60 Amb - Mt Hyjal - Felblood Scar - Cauldron Bubble,4538.11,-2586.8,1129.73,0,0,0,34246,347846,0,0,0,0,0,0,1
1.60 Amb - Mt Hyjal - Felblood Scar - Cauldron Bubble 2,4530.6,-2579.18,1132.87,0,0,0,34247,347846,0,0,0,0,0,0,1
1.60 Amb - Mt Hyjal - Felblood Scar - Fel Liquid into Cauldron,4530.7,-2579.59,1128.46,0,0,0,34248,347849,0,0,0,0,0,0,1
1.60 Amb - Mt Hyjal - Felblood Scar - Cauldron Bubble 3,4550.58,-2563.27,1133.01,0,0,0,34249,347846,0,0,0,0,0,0,1
1.60 Amb - Mt Hyjal - Felblood Scar - Bridge Crossing - Emitter,4526.63,-2551.11,1129.01,0,0,0,34250,347850,0,1,0,0,0,0,1
1.60 - Hyjal - Summit of Eternity - Tree Emitter,5477.05,-3498.21,1790.08,0,0,0,34251,347875,0,0,0,0,0,0,1
1.60 Amb - Mt Hyjal - Felblood Scar - Cauldron Bubble 4,4696.52,-2542.16,1156.58,0,0,0,34252,347846,0,0,0,0,0,0,1
1.60 Amb - Mt Hyjal - Felblood Scar - Cauldron Bubble 5,4689.46,-2526.09,1156.62,0,0,0,34253,347846,0,0,0,0,0,0,1
1.60 Amb - Mt Hyjal - Felblood Scar - Cauldron Bubble 6,4753.2,-2549.1,1159.17,0,0,0,34254,347846,0,0,0,0,0,0,1
1.60 Amb - Mt Hyjal - Felblood Scar - Cauldron Bubble 7,4743.55,-2534.63,1158.95,0,0,0,34255,347846,0,0,0,0,0,0,1
1.60 Amb - Mt Hyjal - Felblood Scar - Cauldron Bubble 8,4751.63,-2521.79,1158.95,0,0,0,34256,347846,0,0,0,0,0,0,1
1.60 Amb - Mt Hyjal - Felblood Scar - Tree - Three Cauldrons Emitter,4760.52,-2535.33,1167.25,0,0,0,34257,347904,0,0,0,0,0,0,1
1.60 Amb - Dun Morogh - Gnomeregan - EXT Steam Emitter 01,-5273.66,471.001,385.612,0,0,0,34259,347963,0,0,0,0,1,0,0
1.60 Amb - Dun Morogh - Gnomeregan - EXT Steam Emitter 02,-5300.72,467.052,385.546,0,0,0,34260,347963,0,0,0,0,1,0,0
1.60 Amb - Dun Morogh - Gnomeregan - EXT Steam Emitter 03,-5300.97,555.383,385.723,0,0,0,34261,347963,0,0,0,0,1,0,0
"1.60 Amb - Dungeon - Shapers Terrace - Un'Goro Crater - ZoneTone - Ext - 34,43 - Marsh C",-6133.5415,-1333.4254,-172.15518,0,0,0,34266,348360,0,0,0,0,0,0,3001
"1.60 Amb - Dungeon - Shapers Terrace - Un'Goro Crater - ZoneTone - Ext - 35,44 - Marsh A",-6667.349,-1866.5885,-272.03336,0,0,0,34267,348366,0,0,0,0,0,0,3001
"1.60 Amb - Dungeon - Shapers Terrace - Un'Goro Crater - ZoneTone - Ext - 33,44 - Marsh B",-6667.163,-799.7917,-272.06052,0,0,0,34268,348370,0,0,0,0,0,0,3001
"1.60 Amb - Dungeon - Shapers Terrace - Silithus - ZoneTone - Ext - 32,43 - Desert G",-6133.1665,-266.408,107.14781,0,0,0,34269,348380,0,0,0,0,0,0,3001
"1.60 Amb - Dungeon - Shapers Terrace - Thousand Needles - ZoneTone - Ext - 33,42 - Canyon D",-5599.085,-798.8958,23.038486,0,0,0,34270,348385,0,0,0,0,0,0,3001
"1.60 Amb - Dungeon - Shapers Terrace - Thousand Needles - ZoneTone - Ext - 35,42 - Canyon C",-5600.5767,-1867.2274,86.15357,0,0,0,34271,348396,0,0,0,0,0,0,3001
"1.60 Amb - Dungeon - Shapers Terrace - Feralas - ZoneTone - Ext - 32,41 - Rainforest E",-5067.146,-266.45834,177.08333,0,0,0,34272,348425,0,0,0,0,0,0,3001
1.60 Amb - Dungeon - Shapers Terrace - Waterfall Emitter - Large - 01,-5468.29,-905.909,19.7996,0,0,0,34317,348841,0,1,0,0,0,0,3001
1.60 Amb - Dungeon - Shapers Terrace - Waterfall Emitter - Large - 02,-5487.49,-809.563,20.0172,0,0,0,34318,348841,0,1,0,0,0,0,3001
1.60 Amb - The Hall of Thanes - Crystal Crack A ,222.951,50.4861,518.493,0,0,0,34320,348859,0,0,0,0,0,0,3065
1.60 Amb - The Hall of Thanes - Crystal Crack B,236.509,-65.0471,505.682,0,0,0,34321,348859,0,0,0,0,0,0,3065
1.60 Amb - Dungeon - The Drowned City - Shipwreck Emitter,-13253.3,2585.93,-5.09122,0,0,0,34324,349049,0,1,0,0,0,0,2970
1.60 Amb - Dungeon - The Drowned City - Waterfall,-13190.7,2560.96,-15.3054,0,0,0,34325,349056,0,1,0,0,0,0,2970
1.60 Amb - Dungeon - The Drowned City - Waterfall 02 (Visual Removed),-13188.4,2603.71,-14.9309,0,0,0,34326,357560,0,1,0,0,0,0,2970
1.60 Amb - Dungeon - The Drowned City - Waterfall 03,-13383.4,2853.99,-37.9701,0,0,0,34327,349056,0,0,0,0,0,0,2970
1.60 Amb - Dungeon - The Drowned City - Waterfall 04,-13235.7,2868.97,-38.1395,0,0,0,34328,349056,0,0,0,0,0,0,2970
1.60 Amb - Dungeon - The Drowned City - Waterfall 05,-13237,2879.76,-38.8181,0,0,0,34329,349056,0,0,0,0,0,0,2970
1.60 Amb - Dungeon - The Drowned City - Waterfall 06,-13235.6,2838.81,-38.5396,0,0,0,34330,349056,0,0,0,0,0,0,2970
1.60 Amb - Dungeon - The Drowned City - Waterfall 07,-13237.4,2787.55,-40.8272,0,0,0,34331,349056,0,1,0,0,0,0,2970
1.60 Amb - Dungeon - The Drowned City - Waterfall 08,-13236.7,2747.23,-38.7965,0,0,0,34332,349056,0,0,0,0,0,0,2970
1.60 Amb - Dungeon - The Drowned City - Waterfall 09,-13241.4,2693.62,-39.9252,0,0,0,34333,349056,0,0,0,0,0,0,2970
1.60 Amb - Dungeon - The Drowned City - Waterfall 10,-13396.7,2663.13,-39.635,0,0,0,34334,349056,0,0,0,0,0,0,2970
1.60 Amb - Dungeon - The Drowned City - Waterfall 11,-13354,2879.48,-37.7427,0,0,0,34335,349056,0,0,0,0,0,0,2970
1.60 Amb - Dungeon - The Drowned City - Waterfall 12,-13472,2611.63,-32.3726,0,0,0,34336,349056,0,1,0,0,0,0,2970
1.60 Amb - Dungeon - The Drowned City - Waterfall 13,-13433,2904.23,-33.7251,0,0,0,34337,349056,0,1,0,0,0,0,2970
1.60 Amb - Dungeon - The Drowned City - Waterfall 14,-13362.3,2945.17,-32.5968,0,0,0,34338,349056,0,1,0,0,0,0,2970
1.60 Amb - Dungeon - The Drowned City - Waterfall 15,-13148.7,2948.21,-32.6059,0,0,0,34339,349056,0,1,0,0,0,0,2970
1.60 Amb - Dungeon - The Drowned City - Waterfall 16,-13209,2954.79,-33.6856,0,0,0,34340,349056,0,1,0,0,0,0,2970
1.60 Amb - Dungeon - The Drowned City - Waterfall 17,-13143.7,2841.54,-34.0061,0,0,0,34341,349056,0,1,0,0,0,0,2970
1.60 Amb - Dungeon - Shapers Terrace - Waterfall Emitter - Med - 01,-5950.68,-1595.32,57.6569,0,0,0,34342,349112,0,1,0,0,0,0,3001
1.60 Amb - Dungeon - Shapers Terrace - Crystal Machine - Rumble,-5501.33,-1330.93,30.3489,0,0,0,34343,349544,0,0,0,0,0,0,3001
1.60 Amb - Riverglades - Waterfall Small - Pill Emitter 07,-7572.1,-5241.62,48.2727,0,0,0,34344,3791,0,1,0,0,0,0,0
1.60 Amb - Riverglades - Waterfall Small - Pill Emitter 08,-7579.32,-5204.57,42.9919,0,0,0,34345,3791,0,1,0,0,0,0,0
1.60 Amb - Riverglades - Waterfall Small - Pill Emitter 09,-7611.16,-5092.97,37.4828,0,0,0,34346,3791,0,0,0,0,0,0,0
1.60 Amb - Riverglades - Waterfall Small - Pill Emitter 10,-7617.01,-5064.41,12.2549,0,0,0,34347,3791,0,1,0,0,0,0,0
1.60 Amb - Riverglades - Bridge Crossing - Wood Creak - Emitter 01,-7634.2,-5102.33,53.7901,0,0,0,34348,349656,0,1,0,0,0,0,0
1.60 Amb - Riverglades - Waterfall Small - Pill Emitter 11,-7175.1,-4613.09,176.578,0,0,0,34349,3791,0,1,0,0,0,0,0
1.60 Amb - Riverglades - Waterfall Small - Pill Emitter 12,-6869.92,-4676.31,251.021,0,0,0,34350,3791,0,0,0,0,0,0,0
1.60 Amb - Riverglades - Waterfall Large - Pill Emitter 13,-7367.83,-4773.87,27.586,0,0,0,34351,3792,0,1,0,0,0,0,0
"1.60 Amb - Dungeon - Krol'dok - Riverglades - ZoneTone - Ext - 38,46 - Canyon F",-7733.6875,-3466.4583,167.55612,0,0,0,34352,349672,0,0,0,0,0,0,3039
"1.60 Amb - Dungeon - Krol'dok - Riverglades - ZoneTone - Ext - 40,46 - Grasslands D",-7734.363,-4533.132,50.488743,0,0,0,34353,349675,0,0,0,0,0,0,3039
"1.60 Amb - Dungeon - Krol'dok - Badlands - ZoneTone - Ext - 39,45 - Canyon D",-7217.8022,-4005.4358,322.93896,0,0,0,34354,349679,0,0,0,0,0,0,3039
"1.60 Amb - Dungeon - Krol'dok - Riverglades - ZoneTone - Ext - 41,45 - Grasslands F",-7200.4707,-5066.4634,76.13466,0,0,0,34355,349717,0,0,0,0,0,0,3039
"1.60 Amb - Dungeon - Krol'dok - Badlands - ZoneTone - Ext - 38,44 - Canyon A",-6667.0747,-3466.4636,254.99678,0,0,0,34356,349722,0,0,0,0,0,0,3039
"1.60 Amb - Dungeon - Krol'dok - Riverglades - ZoneTone - Ext - 40,44 - Canyon E",-6667.5103,-4499.7847,436.6577,0,0,0,34357,349725,0,0,0,0,0,0,3039
1.60 Amb - Dungeon - Krol'dok - Riverglades - Waterfall Large - Pill Emitter 01,-7175.1,-4613.06,176.575,0,0,0,34367,350278,0,1,0,0,0,0,3039
1.60 Amb - Dungeon - Krol'dok - Riverglades - Waterfall Large - Pill Emitter 02,-6875.9,-4672.34,239.746,0,0,0,34368,350278,0,1,0,0,0,0,3039
1.60 AMB - Dungeon - Krol'Dok - Riverlands - Bridge Water - Pill Emitter 01,-6996.21,-4618.42,238.45,0,0,0,34369,350281,0,1,0,0,0,0,3039
1.60 Amb - Dungeon - Krol'dok - Riverglades - Bridge Crossing - Wood Creak - Emitter 01,-7233.16,-4376.31,245.294,0,0,0,34370,350284,0,1,0,0,0,0,3039
1.60 Amb - Dungeon - Krol'dok - Riverglades - Waterfall Large - Emitter 01,-7335.84,-4772.03,154.641,0,0,0,34371,350278,0,0,0,0,0,0,3039
1.60 Amb - Dungeon - Krol'dok - Riverglades - Shadow Circle - 01,-7320.47,-4017.81,264.08,0,0,0,34376,350512,0,0,0,0,0,0,3039
1.60 Amb - Durotar - Burning Blade Coven - Running Water Emitter,-109.864,-4273.36,64.8214,0,0,0,34381,351077,0,1,0,0,0,0,1
1.60 Amb - Raid - Hyjal Summit - Boss 3 - Time Lost Batallion - Pre Battle Walla - Loop,-5049.55,4160.93,1144.51,0,0,0,34382,351594,52065,0,0,0,0,0,2981
1.60 Amb - Azshara - Waterfall Large - Pill Emitter 01,4751.31,-5259.84,0.292259,0,0,0,34386,3792,0,1,0,0,0,0,1
1.60 Amb - Azshara - Waterfall Large - Pill Emitter 02,4756.02,-5179.45,203.367,0,0,0,34387,3792,0,1,0,0,0,0,1
1.60 Amb - Azshara - Waterfall Large - Pill Emitter 03,4748.9,-5143.8,458.281,0,0,0,34388,3792,0,1,0,0,0,0,1
1.60 Amb - Azshara - Waterfall Very Large - Pill Emitter 01,3872.23,-3979.19,310.716,0,0,0,34389,352565,0,1,0,0,0,0,1
1.60 Amb - Azshara - Waterfall Large - Pill Emitter 04,1722.93,-3808.82,17.8114,0,0,0,34390,3792,0,1,0,0,0,0,1
1.60 Amb - Raid - Hyjal Summit - Verdant Labrynth - Boss Area Emitter,-5046.74,3851.68,1190.6,0,0,0,34393,353442,0,0,0,0,0,0,2981
1.60 Raid - Hyjal Summit - Boss - Nythus the Dreambound - Portal to the Emerald Dream - Loop,-5049.92,5038.73,1042.08,0,0,0,34396,354195,51069,0,0,0,0,0,2981
1.60 Raid - Hyjal Summit - Boss 9 - Gharalis the Abyssal - Jump Drop - Wind Pill Emitter,-4784.53,4562.28,1057.26,0,0,0,34401,354528,50190,1,0,0,0,0,2981
1.60 Raid - Hyjal Summit - Boss 9 - Gharalis the Abyssal - Jump Drop - Waterfall Emitter 01 - Large,-4766.4,4577.13,1065.7,0,0,0,34406,354595,0,1,0,0,0,0,2981
1.60 Raid - Hyjal Summit - Boss 9 - Gharalis the Abyssal - Jump Drop - Waterfall Emitter 02 - Large,-4781.88,4505.38,1063.85,0,0,0,34407,354595,0,1,0,0,0,0,2981
1.60 Raid - Hyjal Summit - Boss 9 - Gharalis the Abyssal - Jump Drop - Waterfall Emitter 03 - Med,-4821.15,4521.07,1062.99,0,0,0,34408,354596,0,1,0,0,0,0,2981
1.60 Raid - Hyjal Summit - Boss 9 - Gharalis the Abyssal - Jump Drop - Waterfall Stereo Pill Emitter,-4791.95,4540.04,1053.82,0,0,0,34409,354597,0,1,0,0,0,0,2981
1.60 Raid - Hyjal Summit - Southern Peaks - Waterfall Emitter 01,-5257.91,5009.06,1251.11,0,0,0,34410,355443,0,1,0,0,0,0,2981
1.60 Raid - Hyjal Summit - Southern Peaks - Waterfall Emitter 02,-5195.54,5029.68,1203.78,0,0,0,34411,355443,0,1,0,0,0,0,2981
1.60 Raid - Hyjal Summit - Southern Peaks - Waterfall Emitter 03,-5397.42,5012.11,1263.56,0,0,0,34412,355443,0,1,0,0,0,0,2981
1.60 Raid - Hyjal Summit - Southern Peaks - Waterfall Emitter 04,-5413.24,5030.39,1275.88,0,0,0,34413,355443,0,1,0,0,0,0,2981
1.60 Raid - Hyjal Summit - Southern Peaks - Waterfall Emitter 05,-5427.41,5067.15,1289.99,0,0,0,34414,355443,0,1,0,0,0,0,2981
1.60 Raid - Hyjal Summit - Southern Peaks - Waterfall Emitter 06,-5424.97,5121.65,1309.07,0,0,0,34415,355443,0,1,0,0,0,0,2981
1.60 Raid - Hyjal Summit - Southern Peaks - Waterfall Emitter 07,-5486.61,5024.98,1282.56,0,0,0,34416,355443,0,1,0,0,0,0,2981
1.60 Raid - Hyjal Summit - Southern Peaks - Waterfall Emitter 08,-5524.4,5056.92,1332.17,0,0,0,34417,355443,0,1,0,0,0,0,2981
1.60 Raid - Hyjal Summit - Southern Peaks - Waterfall Emitter 09,-5457,5035.93,1263.02,0,0,0,34418,355443,0,1,0,0,0,0,2981
1.60 Raid - Hyjal Summit - Southern Peaks - Waterfall Emitter 10,-5478.46,5190.02,1334.9,0,0,0,34419,355443,0,1,0,0,0,0,2981
1.60 Raid - Hyjal Summit - Southern Peaks - Waterfall Emitter 11,-4640.25,4564.43,1092.76,0,0,0,34420,355443,0,1,0,0,0,0,2981
1.60 Raid - Hyjal Summit - Southern Peaks - Waterfall Emitter 12,-4716.67,4446.59,1122.76,0,0,0,34421,355443,0,1,0,0,0,0,2981
1.60 Raid - Hyjal Summit - Southern Peaks - Waterfall Emitter 13,-4656.54,4516.19,1102.1,0,0,0,34422,355443,0,1,0,0,0,0,2981
1.60 Raid - Hyjal Summit - Southern Peaks - Waterfall Emitter 14,-4804.3,4473.01,1120.83,0,0,0,34423,355443,0,1,0,0,0,0,2981
1.60 Raid - Hyjal Summit - Verdant Labrynth - Waterfall Emitter 15,-5090.33,4333.41,1125.87,0,0,0,34424,355443,0,1,0,0,0,0,2981
1.60 Raid - Hyjal Summit - Verdant Labrynth - Waterfall Emitter 16,-5093.57,4266.85,1131.76,0,0,0,34425,355443,0,1,0,0,0,0,2981
1.60 Raid - Hyjal Summit - Southern Peaks - Waterfall Emitter 17,-5480.62,4905.54,1224.18,0,0,0,34426,355443,0,1,0,0,0,0,2981
1.60 Raid - Hyjal Summit - Southern Peaks - Waterfall Emitter 18,-5445.35,4838.48,1201.12,0,0,0,34427,355443,0,1,0,0,0,0,2981
1.60 Raid - Hyjal Summit - Southern Peaks - Waterfall Emitter 19,-5291.65,4744.23,1182.9,0,0,0,34428,355443,0,1,0,0,0,0,2981
1.60 Raid - Hyjal Summit - Southern Peaks - Waterfall Emitter 20,-5256.98,4618.88,1181.04,0,0,0,34429,355443,0,1,0,0,0,0,2981
1.60 Raid - Hyjal Summit - Verdant Labrynth - Waterfall Emitter 21,-5273.11,4511.33,1160.62,0,0,0,34430,355443,0,1,0,0,0,0,2981
1.60 Raid - Hyjal Summit - Verdant Labrynth - Waterfall Emitter 22,-5278.64,4368,1143.97,0,0,0,34431,355443,0,1,0,0,0,0,2981
1.60 Amb - Dungeon - The Drowned City - Waterfall 18,-13190.3,2515.1,-6.81197,0,0,0,34592,349056,0,1,0,0,0,0,2970
"1.60 Amb - Dungeon - Drowned City - ZoneTone - Ext - 24,55 - Coast A",-12533.688,4000.1528,-515,0,0,0,34783,295659,0,0,0,0,0,0,2970
"1.60 Amb - Dungeon - Drowned City - ZoneTone - Ext - 26,55 - Coast B",-12533.732,2933.486,-500.6874,0,0,0,34784,295658,0,0,0,0,0,0,2970
"1.60 Amb - Dungeon - Drowned City - ZoneTone - Ext - 28,55 - Coast C",-12609.941,1866.7413,-69.814575,0,0,0,34785,295657,0,0,0,0,0,0,2970
"1.60 Amb - Dungeon - Drowned City - ZoneTone - Ext - 25,56 - Forest Scary A",-13066.701,3466.8203,-117.69835,0,0,0,34786,313203,0,0,0,0,0,0,2970
"1.60 Amb - Dungeon - Drowned City - ZoneTone - Ext - 27,56 - Forest Scary B",-13067.111,2400.1528,-72.0099,0,0,0,34787,313206,0,0,0,0,0,0,2970
"1.60 Amb - Dungeon - Drowned City - ZoneTone - Ext - 24,57 - Coast D",-13600.354,4000.1528,-515,0,0,0,34788,295656,0,0,0,0,0,0,2970
"1.60 Amb - Dungeon - Drowned City - ZoneTone - Ext - 26,57 - Forest Scary C",-13600.205,2933.487,-40.02653,0,0,0,34789,313205,0,0,0,0,0,0,2970
"1.60 Amb - Dungeon - Drowned City - ZoneTone - Ext - 28,57 - Coast E",-13600.354,1866.8195,-515,0,0,0,34790,295655,0,0,0,0,0,0,2970
"1.60 Amb - Dungeon - Drowned City - ZoneTone - Ext - 25,58 - Coast C",-14133.688,3466.8196,-515,0,0,0,34791,295657,0,0,0,0,0,0,2970
"1.60 Amb - Dungeon - Drowned City - ZoneTone - Ext - 27,58 - Coast A",-14133.688,2400.1528,-515,0,0,0,34792,295659,0,0,0,0,0,0,2970
1.60 Amb - Stonetalon Mountains - Windshear Crag - Flavor - Log Machine Emitter,1219.98,43.0927,-0.161488,0,0,0,34813,362930,0,0,0,0,1,0,1
1.60 Amb - Ashenvale - Warsong Labor Camp - Flavor - Log Machine Emitter,1602.75,-2467.07,114.741,0,0,0,34814,362951,0,0,0,0,0,0,1
1.60 Amb - Ashenvale - Warsong Labor Camp - Flavor - Log Machine Emitter 02,2289.79,-3276.78,119.581,0,0,0,34815,362951,0,0,0,0,0,0,1
1.60 Amb - Wetlands - Waterfall Small - Pill Emitter 08,-4237.61,-3095.63,64.568,0,0,0,34816,3791,0,1,0,0,0,0,0
1.60 Amb - Felwood - Slime Waterfall Loop - Small Waterfall Pill Emitter 04,4233.79,-850.489,255.735,0,0,0,34817,297056,0,1,0,0,0,0,1
1.60 Amb - Arathi Highlands - Waterfall - Small - Pill Emitter 02,-2166.08,-2345.31,168.478,0,0,0,34842,363368,0,1,0,0,0,0,0
1.60 Amb - Arathi Highlands - Waterfall - Small - Pill Emitter 03,-2175.33,-2356.23,154.772,0,0,0,34843,3791,0,1,0,0,0,0,0
1.60 - Un'Goro Crater - Fire Plume Ridge - Pill Emitter 01,-7390.29,-1557.3,-274.305,0,0,0,34845,296478,0,1,0,0,1,0,1
1.60 Amb - Darkspear Islands (Battleground) - Ship Creak,-106.015,2162.1,6.01933,0,0,0,34846,363681,0,0,0,0,0,0,2997
1.60 Amb - Darkshore - Cliffspring Falls - Waterfall 2 Small Emitter 04,6874.59,-659.511,84.2143,0,0,0,34847,363368,0,1,0,0,0,0,1
1.60 Amb - Darkshore - Cliffspring Falls - Waterfall Small Emitter 05,6819.4,-709.104,133.257,0,0,0,34848,3791,0,1,0,0,0,0,1
1.60 Amb - Darkshore - Cliffspring Falls - Waterfall Small 2 Emitter 06,6777.52,-741.504,214.361,0,0,0,34849,363368,0,1,0,0,0,0,1
1.60 Amb - Darkshore - Cliffspring Falls - Waterfall Small Emitter 07,7212.34,-389.355,-0.758,0,0,0,34850,3791,0,1,0,0,0,0,1
1.60 Amb - Felwood - Slime Waterfall Loop - Small Waterfall Pill Emitter 05,5245.23,-296.19,206.545,0,0,0,34851,297056,0,1,0,0,0,0,1
1.60 Amb - Darkshore - Twilight Vale - Waterfall Small Emitter 08,5157.24,-190.752,163.502,0,0,0,34852,3791,0,1,0,0,0,0,1
1.60 Amb - Blackmaw Hold - Waterfall Emitter - Large  01 - Pill,3723.16,3713.88,294.609,0,0,0,34890,364819,0,1,0,0,0,0,2974
1.60 Amb - Blackmaw Hold - Waterfall Emitter - Small - 01 - Pill,3479.98,3190.37,163.963,0,0,0,34891,364821,0,1,0,0,0,0,2974
1.60 Amb - Blackmaw Hold - Waterfall Emitter - Small - 02 - Pill,3388.03,2931.95,-63.9527,0,0,0,34892,364821,0,1,0,0,0,0,2974
1.60 Amb - Thousand Needles - Splithoolf Hold - Cave Warterfall Pill - 01,-4912.84,-2403.26,-53.2681,0,0,0,34905,366440,0,1,0,0,0,0,1
1.60 Amb - Thousand Needles - Splithoolf Hold - Cave Warterfall Pill - 02,-4953.57,-2287.4,-66.4511,0,0,0,34906,366440,0,1,0,0,0,0,1
1.60 Amb - Thousand Needles - Splithoolf Hold - Cave Warterfall Straight Pill - 03,-4965.37,-2325.77,-56.5957,0,0,0,34907,366432,0,1,0,0,0,0,1
1.60 Amb - Thousand Needles - Splithoolf Hold - Cave Warterfall Straight Pill V2 - 04,-4948.59,-2327.53,-57.5614,0,0,0,34908,366435,0,1,0,0,0,0,1
1.60 Amb - Thousand Needles - Splithoolf Hold - Cave Warterfall Straight Pill V2 - 05,-4912.83,-2403.89,-53.2671,0,0,0,34909,366435,0,1,0,0,0,0,1
1.60 Amb - Stonetalon Mountains - Flavor - Log Machine Emitter,1886.17,1379.58,154.059,0,0,0,34910,366462,0,0,0,0,0,0,1
1.60 Amb - Dalaran - Sewer - Distant Emitter 01,376.362,524.599,42.2663,0,0,0,34917,366974,0,0,0,0,0,0,0
1.60 Amb - Dungeon - City of Dalaran - Sewer Interior - Emitter - Behind Sewer Grate 03,387.366,535.529,41.9818,0,0,0,34918,346507,0,0,0,0,0,0,2959
1.60 Amb - Dalaran - Sewer - Emitter 02,384.95,533.489,42.2663,0,0,0,34919,346507,0,0,0,0,0,0,0
1.60 Amb - Thousand Needles - Mirage Raceway - Gnome Machinery - Gear Emit 01,-6270.5,-3838.73,-43.9457,0,0,0,34930,367439,0,1,0,0,0,0,1
1.60 Amb - Thousand Needles - Mirage Raceway - Gnome Machinery - Steam Emit 01,-6255.14,-3847.22,-57.2824,0,0,0,34931,367443,0,0,0,0,0,0,1
1.60 Amb - Thousand Needles - Mirage Raceway - Gnome Machinery - Steam Emit 02,-6272.99,-3837.64,-56.5763,0,0,0,34932,367443,0,0,0,0,0,0,1
1.60 Amb - Thousand Needles - Mirage Raceway - Goblin Machinery - Steam Emit 02,-6204.65,-3963.34,-58.128,0,0,0,34933,367443,0,0,0,0,0,0,1
1.60 Amb - Zephras - Waterfall Pill Emitter 20 (Small),2781.5,1926.48,752.539,0,0,0,34935,3791,0,1,0,0,0,0,2991
1.60 Amb - Zephras - Waterfall Pill Emitter 21 (Med),2692.8,2057.17,749.287,0,0,0,34936,320819,0,1,0,0,0,0,2991
1.60 Amb - Dalaran - Sewer - Water Flowing 01,152.546,376.026,67.3017,0,0,0,34938,367661,0,1,0,0,0,0,2959
1.60 Amb - Dalaran - Sewer - Water Flowing 02,308.72296,251.50084,63.9976,0,0,0,34939,367661,0,1,0,0,0,0,2959
1.60 Amb - Dalaran - Sewer - Water Flowing 03,288.80472,234.93419,63.9976,0,0,0,34940,367661,0,1,0,0,0,0,2959
1.60 Amb - Zephras - Sanctum of Storms - Skywall Urn - Emitter,3087.7,554.379,825.319,0,0,0,34957,367910,0,0,0,0,0,0,2991
1.60 Amb - Riverglades - Waterfall Large - 14,-7731.7,-4150.04,119.825,0,0,0,34962,3792,0,1,0,0,0,0,0
1.60 Amb - Riverglades - Powderfuse Port - Goblin Gate Machine,-8145.43,-5593.71,15.2247,0,0,0,34963,368774,0,0,0,0,0,0,0
1.60 Amb - Riverglades - Powderfuse Port - Goblin Gate Machine - Gear ,-8140.31,-5597.18,11.6338,0,0,0,34964,368781,0,0,0,0,0,0,0
1.60 Amb - Tanaris - Gadgetzan - Goblin Gate Machine,-7095.37,-3798.99,21.6792,0,0,0,34965,368774,0,0,0,0,0,0,1
1.60 Amb - Tanaris - Gadgetzan - Goblin Gate Machine - Gear,-7099.83,-3802.9,18.7754,0,0,0,34966,368781,0,0,0,0,0,0,1
1.60 Amb - Tanaris - Crashed Goblin Flyer -  Smoldering,-7045.88,-3541.23,15.2561,0,0,0,34984,368937,0,0,0,0,0,0,1
1.60 Amb - Feralas - Waterfall Very Small - Pill Emitter 18,-4893.3,1026.18,158.341,0,0,0,35003,310550,0,1,0,0,0,0,1
1.60 Amb - Feralas - Waterfall Small - Pill Emitter 19,-4498.17,1983.15,59.669,0,0,0,35004,3791,0,1,0,0,0,0,1
1.60 Amb - Feralas - Waterfall Small - Pill Emitter 20,-4494.9,1947.79,100.538,0,0,0,35005,363368,0,1,0,0,0,0,1
1.60 Amb - Feralas - Waterfall Small - Pill Emitter 21,-4527.5,1978.87,54.8962,0,0,0,35006,3791,0,1,0,0,0,0,1
1.60 Amb - Feralas - Waterfall Small - Pill Emitter 22,-4515.7,1960.38,76.4505,0,0,0,35007,363368,0,1,0,0,0,0,1
1.60 AMB - The Hinterlands - Waterfall - Large - Pill Emitter 02,-638.062,-3832.63,337.399,0,0,0,35080,3792,0,1,0,0,0,0,0
1.60 AMB - The Hinterlands - Waterfall - Large - Pill Emitter 03,-548.385,-3756.58,335.83,0,0,0,35081,3792,0,1,0,0,0,0,0
1.60 AMB - The Hinterlands - Waterfall - Large - Pill Emitter 04,-149.781,-3775.64,227.988,0,0,0,35082,3792,0,1,0,0,0,0,0
1.60 AMB - The Hinterlands - Waterfall - Small - Pill Emitter 01,-78.3576,-3772.88,159.174,0,0,0,35083,366435,0,1,0,0,0,0,0
1.60 AMB - The Hinterlands - Waterfall - Small - Pill Emitter 02,-24.9848,-3769.98,157.07,0,0,0,35084,366435,0,1,0,0,0,0,0
1.60 AMB - The Hinterlands - Waterfall - Large - Pill Emitter 05,400.819,-2667.58,160.276,0,0,0,35085,3792,0,1,0,0,0,0,0
1.60 AMB - The Hinterlands - Waterfall - Large - Pill Emitter 06,473.005,-2644.23,163.965,0,0,0,35086,3792,0,1,0,0,0,0,0
1.60 AMB - The Hinterlands - Waterfall - Large - Pill Emitter 07,545.341,-2613.61,235.879,0,0,0,35087,3792,0,1,0,0,0,0,0
1.60 AMB - The Hinterlands - Waterfall - Large - Pill Emitter 08,273.37,-4647.44,97.9141,0,0,0,35088,3792,0,1,0,0,0,0,0
1.60 AMB - The Hinterlands - Waterfall - Large - Pill Emitter 09,553.92,-3599.35,100.351,0,0,0,35089,3792,0,1,0,0,0,0,0
1.60.1 - Amb - Thondroil River - Waterfall 01 - Small - Pill,2816.05,-2360.36,58.7311,0,0,0,35293,369943,0,1,0,0,0,0,0
1.60.1 - Amb - Thondroil River - Waterfall 02 - Large - Pill,2825.41,-2347.47,83.9735,0,0,0,35294,3792,0,1,0,0,0,0,0
1.60 Amb - Menethil Bay - Shipwreck Emitter 01,-3914.13,-885.409,1.6297,0,0,0,35295,314234,0,0,0,0,0,0,0
1.60 Amb - Menethil Bay - Shipwreck Emitter 01 - Sail Flap,-3911.35,-895.951,7.63022,0,0,0,35296,314236,0,0,0,0,0,0,0
1.60 Amb - Zephras - Shen'dar Village - Interior Wind - Pill Emitter 01,3318.8245,1706.148,826.9554,0,0,0,35361,370672,0,1,0,0,0,0,2991
1.60 Amb - Zephras - Shen'dar Village - Interior Wind - Pill Emitter 02,3284.8752,1705.7994,825.917,0,0,0,35362,370672,0,1,0,0,0,0,2991
1.60 Amb - Zephras - Shen'dar Village - Interior Wind - Pill Emitter 03,3274.3428,1683.6305,825.9,0,0,0,35363,370672,0,1,0,0,0,0,2991
1.60 Amb - Zephras - Shen'dar Village - Interior Wind - Pill Emitter 04,3256.736,1693.2391,825.871,0,0,0,35364,370672,0,1,0,0,0,0,2991
1.60 Amb - Zephras - Shen'dar Village - Interior Wind - Pill Emitter 05,3256.4722,1716.1227,826.9969,0,0,0,35365,370672,0,1,0,0,0,0,2991
1.60.1 Quest - Zephras Isle - Valanaar - H - Cult 10 - Confront Lorthuna - Wind Emitter,3074.25,260.361,1202.74,0,0,0,35366,370743,0,0,0,0,0,0,2991
1.60 Raid - Hyjal Summit - Boss 8 - Old Gloomlurker - Door - Pill Emitter,-4724.7,4595.98,1067.16,0,0,0,35454,371089,51071,1,0,0,0,0,2981
1.60 Amb - Eastern Kingdoms - Blasted Lands - Dark Portal - Portal Emitter,-11904.5,-3208.25,-5.01717,0,0,0,35455,371119,0,0,0,0,0,0,0
1.60 Amb - Burning Steppes - Dreadmaul Rock - Cave Warterfall Pill V2 - 01,-7910.93,-2665.64,179.9,0,0,0,35456,371171,0,1,0,0,0,0,0
1.60 Amb - Burning Steppes - Dreadmaul Rock - Cave Warterfall Pill - 01,-7899.65,-2673.79,171.354,0,0,0,35457,371173,0,1,0,0,0,0,0
1.60 Amb - Burning Steppes - Dreadmaul Rock - Cave Warterfall Pill V2 - 02,-7896.12,-2676.13,171.757,0,0,0,35458,371171,0,1,0,0,0,0,0
1.60 Amb - Burning Steppes - Dreadmaul Rock - Cave Warterfall Pill - 02,-7885.37,-2606.34,171.475,0,0,0,35459,371173,0,1,0,0,0,0,0
1.60 AMB - Stonetalon - Waterfall - Large - Pill Emitter 01,1639.74,184.24,137.484,0,0,0,35485,371227,0,1,0,0,0,0,1
1.60 AMB - Stonetalon - Waterfall Hitting Water Wheel - Emitter 01,1642.07,164.579,111.043,0,0,0,35486,371229,0,0,0,0,0,0,1
1.60 AMB - Stonetalon -  WaterWheel - Fire Emitter 01,1613.43,142.795,106.526,0,0,0,35487,371230,0,0,0,0,0,0,1
1.60 AMB - Stonetalon -  WaterWheel - Steam Emitter 01,1609.57,139.042,108.007,0,0,0,35488,371231,0,0,0,0,0,0,1
1.60 Amb - Burning Steppes - Altar of Storms - Lava Pill Emitter 03,-7773.45,-1239.29,129.462,0,0,0,35491,314512,0,1,0,0,0,0,0
1.60 Amb - Burning Steppes - Altar of Storms - Lava Pill Emitter 04,-7836.32,-1015,129.467,0,0,0,35492,314512,0,1,0,0,0,0,0
1.60 Amb - Burning Steppes - Altar of Storms - Lava Pill Emitter 05,-7814.26,-1020.23,150.388,0,0,0,35493,314512,0,1,0,0,0,0,0
1.60 Amb - Burning Steppes - Altar of Storms - Lava Pill Emitter 06,-7822.89,-938.276,128.752,0,0,0,35494,314512,0,1,0,0,0,0,0
1.60 Amb - Burning Steppes - Altar of Storms - Lava Pill Emitter 07,-7748.69,-963.81,184.495,0,0,0,35495,314512,0,1,0,0,0,0,0
1.60 Amb - Burning Steppes - Altar of Storms - Lava Pill Emitter 08,-7763.08,-913.804,129.314,0,0,0,35496,314512,0,1,0,0,0,0,0
1.60 Amb - Western Plaguelands - Waterfall Large - Pill Emitter 01,952.426,-2144.46,51.124,0,0,0,35552,369943,0,1,0,0,0,0,0
1.60 Amb - Silithus - Cenarion Hold - Moonwell Loop - Emitter 01,-6832.68,832.698,49.4561,0,0,0,35577,297304,0,0,0,0,0,0,1
1.60 Amb - Booty Bay - Hanging Shark Emitter,-14446.9,466.896,25.7303,0,0,0,35581,371991,0,0,0,0,0,0,0
1.60 Amb - Ratchet - Dock - Water Pill Emitter 01,-968.5509,-3762.0798,5.851435,0,0,0,35582,371998,0,1,0,0,0,0,0
1.60 Amb - Ratchet - Dock - Water Pill Emitter 02,-958.65094,-3771.023,6.375665,0,0,0,35583,371998,0,1,0,0,0,0,0
1.60 Amb - Ratchet - Dock - Water Pill Emitter 05,-981.9733,-3825.0989,7.068466,0,0,0,35584,371998,0,1,0,0,0,0,0
1.60 Amb - Ratchet - Dock - Water Pill Emitter 04,-1006.1289,-3826.2705,6.271774,0,0,0,35585,371998,0,1,0,0,0,0,0
1.60 Amb - Ratchet - Dock - Water Pill Emitter 03,-982.3366,-3828.6685,7.068466,0,0,0,35586,371998,0,1,0,0,0,0,0
1.60 Amb - Ratchet - Dock - Water Pill Emitter 06,-793.4934,-3986.2227,0.95104885,0,0,0,35587,371998,0,1,0,0,0,0,0
1.60 Amb - Ratchet - Dock - Water Pill Emitter 07,-790.6553,-3991.6958,0.95105565,0,0,0,35588,371998,0,1,0,0,0,0,0
1.60 Amb - Ratchet - Dock - Water Pill Emitter 08,-815.85876,-3998.3213,0.07021793,0,0,0,35589,371998,0,1,0,0,0,0,0
1.60 Amb - Ratchet - Waterfall Small - Emitter,-763.302,-4009.31,0.131976,0,0,0,35590,3791,0,0,0,0,0,0,1
1.60 Amb - Stormwind - Dock - Water Pill Emitter 01,-8046.09,1408.31,-0.209095,0,0,0,35632,372134,0,1,0,0,0,0,0
1.60 Amb - Stormwind - Dock - Water Pill Emitter 02,-8061.57,1409.64,0.00105129,0,0,0,35633,372134,0,1,0,0,0,0,0
1.60 Amb - Stormwind - Dock - Water Pill Emitter 03,-8227.93,1258.66,-0.18219,0,0,0,35634,372134,0,1,0,0,0,0,0
1.60 Amb - Stormwind - Dock - Water Pill Emitter 04,-8246.72,1255.95,-0.121877,0,0,0,35635,372134,0,1,0,0,0,0,0
1.60 Amb - Stormwind - Dock - Water Pill Emitter 05,-8257.04,1255.54,2.8843,0,0,0,35636,372134,0,1,0,0,0,0,0
1.60 Amb - Stormwind - Dock - Water Pill Emitter 06,-8309.69,1411.97,2.6998,0,0,0,35637,372134,0,1,0,0,0,0,0
1.60 Amb - Stormwind - Dock - Water Pill Emitter 07,-8308.42,1371.37,2.15997,0,0,0,35638,372134,0,1,0,0,0,0,0
1.60 Amb - Stormwind - Dock - Water Pill Emitter 08,-8319.78,1255.38,1.96055,0,0,0,35639,372134,0,1,0,0,0,0,0
1.60 Amb - Stormwind - Dock - Water Pill Emitter 09,-8347.15,1276.33,0.930574,0,0,0,35640,372134,0,1,0,0,0,0,0
1.60 Amb - Stormwind - Dock - Water Pill Emitter 10,-8363.05,1266.27,3.63469,0,0,0,35641,372134,0,1,0,0,0,0,0
1.60 Amb - Stormwind - Dock - Water Pill Emitter 11,-8400.92,1357.34,3.16481,0,0,0,35642,372134,0,1,0,0,0,0,0
1.60 Amb - Stormwind - Dock - Water Pill Emitter 12,-8411.01,1256.34,2.32226,0,0,0,35643,372134,0,1,0,0,0,0,0
1.60 Amb - Stormwind - Dock - Water Pill Emitter 13,-8455.29,1259.43,5.24778,0,0,0,35644,372134,0,1,0,0,0,0,0
1.60 Amb - Stormwind - Dock - Water Pill Emitter 14,-8449.87,1331.64,-0.0697919,0,0,0,35645,372134,0,1,0,0,0,0,0
1.60 Amb - Stormwind - Dock - Water Pill Emitter 15,-8493.43,1355.95,3.56179,0,0,0,35646,372134,0,1,0,0,0,0,0
1.60 Amb - Stormwind - Dock - Water Pill Emitter 16,-8501.79,1256.04,3.80275,0,0,0,35647,372134,0,1,0,0,0,0,0
1.60 Amb - Stormwind - Dock - Water Pill Emitter 17,-8530.59,1255.41,3.69686,0,0,0,35648,372134,0,1,0,0,0,0,0
1.60 Amb - Stormwind - Dock - Water Pill Emitter 18,-8554.36,1256.32,1.01465,0,0,0,35649,372134,0,1,0,0,0,0,0
1.60 Amb - Stormwind - Dock - Water Pill Emitter 19,-8587.59,1261.7,3.90323,0,0,0,35650,372134,0,1,0,0,0,0,0
1.60 Amb - Stormwind - Dock - Water Pill Emitter 20,-8612.19,1309.18,1.62059,0,0,0,35651,372134,0,1,0,0,0,0,0
1.60 Amb - Stormwind - Dock - Water Pill Emitter 21,-8665.73,1323.96,3.7346,0,0,0,35652,372134,0,1,0,0,0,0,0
1.60 Amb - Ratchet - Shore - Water Pill Emitter 01,-8624.56,1228.64,-1.12405,0,0,0,35653,372134,0,1,0,0,0,0,0
1.60 Amb - Stormwind - Dock - Water Pill Emitter 22,-8554.66,1270.58,-0.492614,0,0,0,35654,372134,0,1,0,0,0,0,0
1.60 Amb - Stormwind - Dock - Water Pill Emitter 23,-8605.61,1312.82,-0.0438315,0,0,0,35655,372134,0,1,0,0,0,0,0
1.60 Amb - Stormwind - Dock End - Water Pill Emitter 01,-8633.86,1341.55,4.31276,0,0,0,35656,372134,0,1,0,0,0,0,0
1.60 Amb - Stormwind - Dock End - Water Pill Emitter 02,-8484.19,1355.71,4.54751,0,0,0,35657,372134,0,1,0,0,0,0,0
1.60 Amb - Stormwind - Dock End - Water Pill Emitter 03,-8390.72,1355.71,6.23459,0,0,0,35658,372134,0,1,0,0,0,0,0
1.60 Amb - Stormwind - Dock End - Water Pill Emitter 04,-8299.43,1411.68,4.70701,0,0,0,35659,372134,0,1,0,0,0,0,0
1.60 Amb - Ratchet - Shore - Water Pill Emitter 02,-8223.55,1262.39,-1.0182,0,0,0,35660,372134,0,1,0,0,0,0,0
1.60 Amb - Ratchet - Shore - Water Pill Emitter 03,-8040,1407.24,0.00175516,0,0,0,35661,372134,0,1,0,0,0,0,0
1.60 Amb - Feralas - Thanlanaar - Moonwell Loop - Emitter 01,-4512.18,-782.588,-41.577,0,0,0,35671,297304,0,0,0,0,0,0,1
1.60 - Hyjal - Summit of Eternity - Magic - Water Emitter,5446.52,-3507.65,1558.89,0,0,0,35673,372678,0,0,0,0,0,0,1
1.60.1 Amb - Hyjal - Summit of Eternity - Moonwell Emitter 01,5126.88,-3313.31,1645.39,0,0,0,35674,297304,0,0,0,0,0,0,1
1.60 Amb - Stranglethron Vale - Southern Savage Coast - Waterfall - Small - Pill Emitter 01,-13639.8,480.891,21.3179,0,0,0,35675,3791,0,1,0,0,0,0,0
1.60 Amb - Stranglethron Vale - Southern Savage Coast - Waterfall - Small - Pill Emitter 02,-13629.3,407.874,32.1763,0,0,0,35676,3791,0,1,0,0,0,0,0
1.60 Amb - Stranglethron Vale - Southern Savage Coast - Waterfall - Small - Pill Emitter 03,-13561.6,420.829,68.4977,0,0,0,35677,3791,0,1,0,0,0,0,0
1.60 Amb - Stranglethron Vale - Southern Savage Coast - Waterfall - Small - Pill Emitter 04,-13532.9,413.949,95.5764,0,0,0,35678,3791,0,1,0,0,0,0,0
1.60 Amb - Stranglethron Vale - Southern Savage Coast - Waterfall2 - Small - Pill Emitter 05,-13552.4,421.803,93.3888,0,0,0,35679,372742,0,1,0,0,0,0,0
1.60 Amb - Stranglethron Vale - Southern Savage Coast - Waterfall2 - Small - Pill Emitter 06,-13554.1,411.634,92.2397,0,0,0,35680,372742,0,1,0,0,0,0,0
1.60 Amb - Stranglethron Vale - Southern Savage Coast - Waterfall - Small - Pill Emitter 07,-13681,458.371,32.7345,0,0,0,35681,3791,0,1,0,0,0,0,0
1.60 Amb - Stranglethron Vale - Southern Savage Coast - Waterfall - Small - Pill Emitter 08,-13708.5,431.225,64.2303,0,0,0,35682,3791,0,1,0,0,0,0,0
1.60 Amb - Stranglethron Vale - Southern Savage Coast - Waterfall - Small - Pill Emitter 09,-13670.3,391.043,30.4687,0,0,0,35683,3791,0,1,0,0,0,0,0
1.60 Amb - Stranglethron Vale - Southern Savage Coast - Waterfall - Small - Pill Emitter 10,-13748.4,381.03,45.6932,0,0,0,35684,3791,0,1,0,0,0,0,0
1.60 Amb - Stranglethron Vale - Southern Savage Coast - Waterfall - Small - Pill Emitter 11,-13932.6,386.414,78.4634,0,0,0,35685,3791,0,1,0,0,0,0,0
1.60 Amb - Stranglethron Vale - Southern Savage Coast - Waterfall - Small - Pill Emitter 12,-13962.5,391.817,47.6763,0,0,0,35686,3791,0,1,0,0,0,0,0
1.60 Amb - Stranglethron Vale - Southern Savage Coast - Waterfall - Large - Pill Emitter 01,-14039,440.827,23.5751,0,0,0,35687,372794,0,1,0,0,0,0,0
1.60 Amb - Stranglethron Vale - Southern Savage Coast - Waterfall - Small - Pill Emitter 14,-14018.9,385.737,22.7818,0,0,0,35688,3791,0,1,0,0,0,0,0
1.60 Amb - Stranglethron Vale - Southern Savage Coast - Waterfall - Large - Pill Emitter 02,-12580.6,-31.9065,12.044,0,0,0,35690,372794,0,1,0,0,0,0,0
1.60 Amb - Darnassus - Dock - Water Pill Emitter 01,8605.4,1098.97,0,0,0,0,35702,372948,0,1,0,0,0,0,1
1.60 Amb - Darnassus - Dock - Water Pill Emitter 02,8667.27,996.142,0,0,0,0,35703,372948,0,1,0,0,0,0,1
1.60 Amb - Darnassus - Dock - Water Pill Emitter 03,8549.35,1012.13,0,0,0,0,35704,372948,0,1,0,0,0,0,1
1.60 Amb - Darnassus - Dock - Water Pill Emitter 04,8655.16,972.375,0,0,0,0,35705,372948,0,1,0,0,0,0,1
1.60 Amb - Darkshore - Dock - Water Pill Emitter 01,6429.69,557.177,4,0,0,0,35706,372948,0,1,0,0,0,0,1
1.60 Amb - Darkshore - Dock - Water Pill Emitter 02,6508.17,779.056,4,0,0,0,35707,372948,0,1,0,0,0,0,1
1.60 Amb - Darkshore - Dock - Water Pill Emitter 03,6583.56,778.289,4,0,0,0,35708,372948,0,1,0,0,0,0,1
1.60 Amb - Darkshore - Dock - Water Pill Emitter 04,6515.28,806.373,4,0,0,0,35709,372948,0,1,0,0,0,0,1
1.60 Amb - Darkshore - Dock - Water Pill Emitter 05,6532.89,932.064,4,0,0,0,35710,372948,0,1,0,0,0,0,1
1.60 Amb - Darkshore - Dock - Water Pill Emitter 06,6486.78,810.273,4,0,0,0,35711,372948,0,1,0,0,0,0,1
1.60 Amb - Darkshore - Dock - Water Pill Emitter 07,6412.62,809.354,4,0,0,0,35712,372948,0,1,0,0,0,0,1
1.60 Amb - Darkshore - Dock - Water Pill Emitter 08,6483.83,781.498,4,0,0,0,35713,372948,0,1,0,0,0,0,1
