ID,Position[0],Position[1],Position[2],SoundEmittersID
2,201.12,421.577,11.9446,3667
3,184.325,427.572,7.23573,3667
4,221.118,352.858,18.4494,3668
5,205.055,348.833,10.7354,3668
6,190.495,347.119,9.42762,3668
7,180.772,319.806,4.29368,3668
8,153.812,316.443,3.97667,3668
