ID,ClutterLevel,FallbackSpellVisualKitID,DelayMin,DelayMax,MinimumSpellVisualDensityFilterType,MinimumSpellVisualDensityFilterParam,ReducedSpellVisualDensityFilterType,ReducedSpellVisualDensityFilterParam,Flags[0],Flags[1]
1,0,0,0,0,0,0,0,0,0,0
2,0,0,0,0,0,0,0,0,0,0
3,0,0,0,0,0,0,0,0,0,0
4,0,0,0,0,0,0,0,0,1048576,0
5,0,0,0,0,0,0,0,0,1048576,0
6,0,0,0,0,0,0,0,0,0,0
7,0,0,0,0,0,0,0,0,0,0
8,0,0,0,0,0,0,0,0,0,0
9,0,0,0,0,0,0,0,0,0,0
10,0,0,0,0,0,0,0,0,0,0
11,0,0,0,0,0,0,0,0,1048576,0
12,0,0,0,0,0,0,0,0,1048576,0
13,0,0,0,0,0,0,0,0,0,0
14,0,0,0,0,0,0,0,0,0,0
15,0,0,0,0,0,0,0,0,0,0
16,0,0,0,0,0,0,0,0,0,0
17,0,0,0,0,0,0,0,0,1048576,0
18,0,0,0,0,0,0,0,0,0,0
19,0,0,0,0,0,0,0,0,0,0
20,0,0,0,0,0,0,0,0,0,0
21,0,0,0,0,0,0,0,0,0,0
22,0,0,0,0,0,0,0,0,0,0
23,0,0,0,0,0,0,0,0,0,0
24,0,0,0,0,0,0,0,0,1048576,0
25,0,0,0,0,0,0,0,0,0,0
26,0,0,0,0,0,0,0,0,0,0
27,0,0,0,0,0,0,0,0,1048576,0
28,0,0,0,0,0,0,0,0,1048576,0
30,0,0,0,0,0,0,0,0,3145728,0
31,0,0,0,0,0,0,0,0,1048576,0
32,0,0,0,0,0,0,0,0,1048576,0
33,0,0,0,0,0,0,0,0,1048576,0
34,0,0,0,0,0,0,0,0,0,0
35,0,0,0,0,0,0,0,0,1048576,0
36,0,0,0,0,0,0,0,0,1048576,0
37,0,0,0,0,0,0,0,0,1048576,0
38,0,0,0,0,0,0,0,0,3145728,0
39,0,0,0,0,0,0,0,0,1048576,0
40,0,0,0,0,0,0,0,0,1048576,0
41,0,0,0,0,0,0,0,0,1048576,0
42,0,0,0,0,0,0,0,0,1048576,0
43,0,0,0,0,0,0,0,0,0,0
44,0,0,0,0,0,0,0,0,1048576,0
45,0,0,0,0,0,0,0,0,1048576,0
46,0,0,0,0,0,0,0,0,0,0
47,0,0,0,0,0,0,0,0,0,0
48,0,0,0,0,0,0,0,0,0,0
49,0,0,0,0,0,0,0,0,0,0
50,0,0,0,0,0,0,0,0,1048576,0
51,0,0,0,0,0,0,0,0,0,0
52,0,0,0,0,0,0,0,0,1048576,0
53,0,0,0,0,0,0,0,0,1048576,0
54,0,0,0,0,0,0,0,0,1048576,0
55,0,0,0,0,0,0,0,0,1048576,0
56,0,0,0,0,0,0,0,0,1048576,0
57,0,0,0,0,0,0,0,0,0,0
58,0,0,0,0,0,0,0,0,0,0
59,0,0,0,0,0,0,0,0,0,0
60,0,0,0,0,0,0,0,0,1048576,0
61,0,0,0,0,0,0,0,0,1048576,0
62,0,0,0,0,0,0,0,0,1048576,0
63,0,0,0,0,0,0,0,0,0,0
64,0,0,0,0,0,0,0,0,0,0
65,0,0,0,0,0,0,0,0,1048576,0
66,0,0,0,0,0,0,0,0,1048576,0
67,0,0,0,0,0,0,0,0,1048576,0
68,0,0,0,0,0,0,0,0,1048576,0
69,0,0,0,0,0,0,0,0,1048576,0
70,0,0,0,0,0,0,0,0,1048576,0
71,0,0,0,0,0,0,0,0,0,0
72,0,0,0,0,0,0,0,0,3145728,0
73,0,0,0,0,0,0,0,0,1048576,0
74,0,0,0,0,0,0,0,0,0,0
75,0,0,0,0,0,0,0,0,3145728,0
76,0,0,0,0,0,0,0,0,1048576,0
77,0,0,0,0,0,0,0,0,0,0
78,0,0,0,0,0,0,0,0,1048576,0
79,0,0,0,0,0,0,0,0,0,0
80,0,0,0,0,0,0,0,0,1048576,0
81,0,0,0,0,0,0,0,0,1048576,0
82,0,0,0,0,0,0,0,0,1048576,0
83,0,0,0,0,0,0,0,0,1048576,0
84,0,0,0,0,0,0,0,0,0,0
85,0,0,0,0,0,0,0,0,1048576,0
86,0,0,0,0,0,0,0,0,0,0
87,0,0,0,0,0,0,0,0,1048576,0
88,0,0,0,0,0,0,0,0,0,0
89,0,0,0,0,0,0,0,0,0,0
90,0,0,0,0,0,0,0,0,0,0
91,0,0,0,0,0,0,0,0,0,0
92,0,0,0,0,0,0,0,0,1048576,0
93,0,0,0,0,0,0,0,0,1048576,0
94,0,0,0,0,0,0,0,0,1048576,0
95,0,0,0,0,0,0,0,0,1048576,0
96,0,0,0,0,0,0,0,0,1048576,0
97,0,0,0,0,0,0,0,0,0,0
98,0,0,0,0,0,0,0,0,1048576,0
99,0,0,0,0,0,0,0,0,2097152,0
100,0,0,0,0,0,0,0,0,1048576,0
101,0,0,0,0,0,0,0,0,1048576,0
102,0,0,0,0,0,0,0,0,1048576,0
103,0,0,0,0,0,0,0,0,0,0
104,0,0,0,0,0,0,0,0,1048576,0
105,0,0,0,0,0,0,0,0,0,0
106,0,0,0,0,0,0,0,0,0,0
107,0,0,0,0,0,0,0,0,0,0
108,0,0,0,0,0,0,0,0,1048576,0
109,0,0,0,0,0,0,0,0,0,0
110,0,0,0,0,0,0,0,0,1048576,0
111,0,0,0,0,0,0,0,0,1048576,0
112,0,0,0,0,0,0,0,0,0,0
113,0,0,0,0,0,0,0,0,0,0
114,0,0,0,0,0,0,0,0,1048576,0
115,0,0,0,0,0,0,0,0,0,0
116,0,0,0,0,0,0,0,0,1048576,0
117,0,0,0,0,0,0,0,0,1048576,0
118,0,0,0,0,0,0,0,0,1048576,0
119,0,0,0,0,0,0,0,0,1048576,0
120,0,0,0,0,0,0,0,0,0,0
121,0,0,0,0,0,0,0,0,1048576,0
122,0,0,0,0,0,0,0,0,0,0
123,0,0,0,0,0,0,0,0,1048576,0
124,0,0,0,0,0,0,0,0,3145728,0
125,0,0,0,0,0,0,0,0,1048576,0
126,0,0,0,0,0,0,0,0,1048576,0
127,0,0,0,0,0,0,0,0,1048576,0
128,0,0,0,0,0,0,0,0,0,0
129,0,0,0,0,0,0,0,0,0,0
130,0,0,0,0,0,0,0,0,1048576,0
131,0,0,0,0,0,0,0,0,0,0
132,0,0,0,0,0,0,0,0,0,0
133,0,0,0,0,0,0,0,0,1048576,0
134,0,0,0,0,0,0,0,0,1048576,0
135,0,0,0,0,0,0,0,0,1048576,0
136,0,0,0,0,0,0,0,0,1048576,0
137,0,0,0,0,0,0,0,0,1048576,0
138,0,0,0,0,0,0,0,0,1048576,0
139,0,0,0,0,0,0,0,0,1048576,0
140,0,0,0,0,0,0,0,0,1048576,0
141,0,0,0,0,0,0,0,0,1048576,0
142,0,0,0,0,0,0,0,0,0,0
143,0,0,0,0,0,0,0,0,0,0
144,0,0,0,0,0,0,0,0,1048576,0
145,0,0,0,0,0,0,0,0,1048576,0
146,0,0,0,0,0,0,0,0,1048576,0
147,0,0,0,0,0,0,0,0,1048576,0
148,0,0,0,0,0,0,0,0,1048576,0
149,0,0,0,0,0,0,0,0,1048576,0
150,0,0,0,0,0,0,0,0,1048576,0
151,0,0,0,0,0,0,0,0,1048576,0
152,0,0,0,0,0,0,0,0,1048576,0
153,0,0,0,0,0,0,0,0,1048576,0
154,0,0,0,0,0,0,0,0,3145728,0
155,0,0,0,0,0,0,0,0,1048576,0
156,0,0,0,0,0,0,0,0,0,0
157,0,0,0,0,0,0,0,0,0,0
158,0,0,0,0,0,0,0,0,1048576,0
159,0,0,0,0,0,0,0,0,0,0
160,0,0,0,0,0,0,0,0,1048576,0
161,0,0,0,0,0,0,0,0,0,0
162,0,0,0,0,0,0,0,0,0,0
163,0,0,0,0,0,0,0,0,1048576,0
164,0,0,0,0,0,0,0,0,0,0
165,0,0,0,0,0,0,0,0,1048576,0
166,0,0,0,0,0,0,0,0,1048576,0
167,0,0,0,0,0,0,0,0,0,0
168,0,0,0,0,0,0,0,0,1048576,0
169,0,0,0,0,0,0,0,0,0,0
170,0,0,0,0,0,0,0,0,1048576,0
171,0,0,0,0,0,0,0,0,0,0
172,0,0,0,0,0,0,0,0,0,0
173,0,0,0,0,0,0,0,0,1048576,0
174,0,0,0,0,0,0,0,0,1048576,0
175,0,0,0,0,0,0,0,0,0,0
176,0,0,0,0,0,0,0,0,0,0
177,0,0,0,0,0,0,0,0,0,0
178,0,0,0,0,0,0,0,0,0,0
179,0,0,0,0,0,0,0,0,0,0
180,0,0,0,0,0,0,0,0,0,0
181,0,0,0,0,0,0,0,0,1048576,0
182,0,0,0,0,0,0,0,0,1048576,0
183,0,0,0,0,0,0,0,0,1048576,0
184,0,0,0,0,0,0,0,0,1048576,0
185,0,0,0,0,0,0,0,0,1048576,0
186,0,0,0,0,0,0,0,0,1048576,0
187,0,0,0,0,0,0,0,0,1048576,0
188,0,0,0,0,0,0,0,0,1048576,0
189,0,0,0,0,0,0,0,0,1048576,0
190,0,0,0,0,0,0,0,0,1048576,0
191,0,0,0,0,0,0,0,0,1048576,0
192,0,0,0,0,0,0,0,0,1048576,0
193,0,0,0,0,0,0,0,0,1048576,0
194,0,0,0,0,0,0,0,0,1048576,0
195,0,0,0,0,0,0,0,0,1048576,0
196,0,0,0,0,0,0,0,0,1048576,0
197,0,0,0,0,0,0,0,0,1048576,0
198,0,0,0,0,0,0,0,0,1048576,0
199,0,0,0,0,0,0,0,0,1048576,0
200,0,0,0,0,0,0,0,0,1048576,0
201,0,0,0,0,0,0,0,0,1048576,0
202,0,0,0,0,0,0,0,0,1048576,0
203,0,0,0,0,0,0,0,0,1048576,0
204,0,0,0,0,0,0,0,0,1048576,0
205,0,0,0,0,0,0,0,0,1048576,0
206,0,0,0,0,0,0,0,0,1048576,0
207,0,0,0,0,0,0,0,0,1048576,0
208,0,0,0,0,0,0,0,0,1048576,0
209,0,0,0,0,0,0,0,0,1048576,0
211,0,0,0,0,0,0,0,0,1048576,0
212,0,0,0,0,0,0,0,0,1048576,0
213,0,0,0,0,0,0,0,0,1048576,0
214,0,0,0,0,0,0,0,0,1048576,0
215,0,0,0,0,0,0,0,0,1048576,0
216,0,0,0,0,0,0,0,0,1048576,0
217,0,0,0,0,0,0,0,0,1048576,0
218,0,0,0,0,0,0,0,0,1048576,0
219,0,0,0,0,0,0,0,0,1048576,0
220,0,0,0,0,0,0,0,0,1048576,0
221,0,0,0,0,0,0,0,0,1048576,0
222,0,0,0,0,0,0,0,0,1048576,0
223,0,0,0,0,0,0,0,0,1048576,0
224,0,0,0,0,0,0,0,0,1048576,0
225,0,0,0,0,0,0,0,0,1048576,0
226,0,0,0,0,0,0,0,0,1048576,0
227,0,0,0,0,0,0,0,0,1048576,0
228,0,0,0,0,0,0,0,0,1048576,0
229,0,0,0,0,0,0,0,0,0,0
230,0,0,0,0,0,0,0,0,1048576,0
231,0,0,0,0,0,0,0,0,1048576,0
232,0,0,0,0,0,0,0,0,1048576,0
233,0,0,0,0,0,0,0,0,1048576,0
234,0,0,0,0,0,0,0,0,1048576,0
235,0,0,0,0,0,0,0,0,1048576,0
237,0,0,0,0,0,0,0,0,1048576,0
238,0,0,0,0,0,0,0,0,1048576,0
239,0,0,0,0,0,0,0,0,0,0
240,0,0,0,0,0,0,0,0,1048576,0
242,0,0,0,0,0,0,0,0,0,0
243,0,0,0,0,0,0,0,0,1048576,0
244,0,0,0,0,0,0,0,0,1048576,0
245,0,0,0,0,0,0,0,0,0,0
246,0,0,0,0,0,0,0,0,1048576,0
247,0,0,0,0,0,0,0,0,1048576,0
248,0,0,0,0,0,0,0,0,1048576,0
249,0,0,0,0,0,0,0,0,1048576,0
250,0,0,0,0,0,0,0,0,0,0
251,0,0,0,0,0,0,0,0,1048576,0
252,0,0,0,0,0,0,0,0,1048576,0
253,0,0,0,0,0,0,0,0,1048576,0
254,0,0,0,0,0,0,0,0,1048576,0
255,0,0,0,0,0,0,0,0,1048576,0
256,0,0,0,0,0,0,0,0,1048576,0
257,0,0,0,0,0,0,0,0,1048576,0
258,0,0,0,0,0,0,0,0,1048576,0
259,0,0,0,0,0,0,0,0,0,0
260,0,0,0,0,0,0,0,0,0,0
261,0,0,0,0,0,0,0,0,1048576,0
262,0,0,0,0,0,0,0,0,1048576,0
263,0,0,0,0,0,0,0,0,1048576,0
264,0,0,0,0,0,0,0,0,1048576,0
265,0,0,0,0,0,0,0,0,1048576,0
266,0,0,0,0,0,0,0,0,1048576,0
267,0,0,0,0,0,0,0,0,1048576,0
268,0,0,0,0,0,0,0,0,1048576,0
269,0,0,0,0,0,0,0,0,1048576,0
270,0,0,0,0,0,0,0,0,3145728,0
271,0,0,0,0,0,0,0,0,0,0
272,0,0,0,0,0,0,0,0,0,0
273,0,0,0,0,0,0,0,0,1048576,0
274,0,0,0,0,0,0,0,0,0,0
275,0,0,0,0,0,0,0,0,0,0
276,0,0,0,0,0,0,0,0,1048576,0
277,0,0,0,0,0,0,0,0,1048576,0
278,0,0,0,0,0,0,0,0,0,0
279,0,0,0,0,0,0,0,0,0,0
280,0,0,0,0,0,0,0,0,0,0
281,0,0,0,0,0,0,0,0,1048576,0
282,0,0,0,0,0,0,0,0,1048576,0
283,0,0,0,0,0,0,0,0,1048576,0
284,0,0,0,0,0,0,0,0,1048576,0
285,0,0,0,0,0,0,0,0,1048576,0
286,0,0,0,0,0,0,0,0,1048576,0
287,0,0,0,0,0,0,0,0,1048576,0
288,0,0,0,0,0,0,0,0,1048576,0
289,0,0,0,0,0,0,0,0,1048576,0
290,0,0,0,0,0,0,0,0,1048576,0
291,0,0,0,0,0,0,0,0,1048576,0
292,0,0,0,0,0,0,0,0,1048576,0
293,0,0,0,0,0,0,0,0,1048576,0
294,0,0,0,0,0,0,0,0,0,0
295,0,0,0,0,0,0,0,0,1048576,0
296,0,0,0,0,0,0,0,0,0,0
297,0,0,0,0,0,0,0,0,1048576,0
298,0,0,0,0,0,0,0,0,1048576,0
299,0,0,0,0,0,0,0,0,1048576,0
300,0,0,0,0,0,0,0,0,1048576,0
301,0,0,0,0,0,0,0,0,1048576,0
302,0,0,0,0,0,0,0,0,1048576,0
303,0,0,0,0,0,0,0,0,1048576,0
304,0,0,0,0,0,0,0,0,1048576,0
305,0,0,0,0,0,0,0,0,0,0
306,0,0,0,0,0,0,0,0,1048576,0
307,0,0,0,0,0,0,0,0,1048576,0
308,0,0,0,0,0,0,0,0,0,0
309,0,0,0,0,0,0,0,0,1048576,0
310,0,0,0,0,0,0,0,0,1048576,0
311,0,0,0,0,0,0,0,0,1048576,0
312,0,0,0,0,0,0,0,0,0,0
313,0,0,0,0,0,0,0,0,1048576,0
314,0,0,0,0,0,0,0,0,0,0
315,0,0,0,0,0,0,0,0,1048576,0
316,0,0,0,0,0,0,0,0,1048576,0
317,0,0,0,0,0,0,0,0,1048576,0
318,0,0,0,0,0,0,0,0,1048576,0
319,0,0,0,0,0,0,0,0,1048576,0
320,0,0,0,0,0,0,0,0,1048576,0
321,0,0,0,0,0,0,0,0,1048576,0
322,0,0,0,0,0,0,0,0,0,0
323,0,0,0,0,0,0,0,0,1048576,0
324,0,0,0,0,0,0,0,0,0,0
325,0,0,0,0,0,0,0,0,1048576,0
326,0,0,0,0,0,0,0,0,0,0
327,0,0,0,0,0,0,0,0,1048576,0
328,0,0,0,0,0,0,0,0,0,0
329,0,0,0,0,0,0,0,0,1048576,0
330,0,0,0,0,0,0,0,0,1048576,0
331,0,0,0,0,0,0,0,0,1048576,0
332,0,0,0,0,0,0,0,0,1048576,0
333,0,0,0,0,0,0,0,0,1048576,0
334,0,0,0,0,0,0,0,0,1048576,0
335,0,0,0,0,0,0,0,0,1048576,0
336,0,0,0,0,0,0,0,0,1048576,0
337,0,0,0,0,0,0,0,0,1048576,0
338,0,0,0,0,0,0,0,0,1048576,0
339,0,0,0,0,0,0,0,0,1048576,0
340,0,0,0,0,0,0,0,0,1048576,0
341,0,0,0,0,0,0,0,0,1048576,0
342,0,0,0,0,0,0,0,0,1048576,0
343,0,0,0,0,0,0,0,0,1048576,0
344,0,0,0,0,0,0,0,0,1048576,0
345,0,0,0,0,0,0,0,0,1048576,0
346,0,0,0,0,0,0,0,0,1048576,0
347,0,0,0,0,0,0,0,0,1048576,0
348,0,0,0,0,0,0,0,0,0,0
349,0,0,0,0,0,0,0,0,1048576,0
350,0,0,0,0,0,0,0,0,1048576,0
351,0,0,0,0,0,0,0,0,1048576,0
352,0,0,0,0,0,0,0,0,0,0
353,0,0,0,0,0,0,0,0,3145728,0
354,0,0,0,0,0,0,0,0,0,0
355,0,0,0,0,0,0,0,0,1048576,0
356,0,0,0,0,0,0,0,0,1048576,0
357,0,0,0,0,0,0,0,0,1048576,0
358,0,0,0,0,0,0,0,0,0,0
359,0,0,0,0,0,0,0,0,1048576,0
360,0,0,0,0,0,0,0,0,1048576,0
361,0,0,0,0,0,0,0,0,1048576,0
362,0,0,0,0,0,0,0,0,1048576,0
363,0,0,0,0,0,0,0,0,1048576,0
364,0,0,0,0,0,0,0,0,1048576,0
365,0,0,0,0,0,0,0,0,1048576,0
366,0,0,0,0,0,0,0,0,1048576,0
367,0,0,0,0,0,0,0,0,0,0
368,0,0,0,0,0,0,0,0,1048576,0
369,0,0,0,0,0,0,0,0,1048576,0
370,0,0,0,0,0,0,0,0,1048576,0
371,0,0,0,0,0,0,0,0,1048576,0
372,0,0,0,0,0,0,0,0,0,0
373,0,0,0,0,0,0,0,0,0,0
378,0,0,0,0,0,0,0,0,0,0
379,0,0,0,0,0,0,0,0,1048576,0
380,0,0,0,0,0,0,0,0,0,0
381,0,0,0,0,0,0,0,0,1048576,0
382,0,0,0,0,0,0,0,0,1048576,0
383,0,0,0,0,0,0,0,0,1048576,0
384,0,0,0,0,0,0,0,0,1048576,0
385,0,0,0,0,0,0,0,0,1048576,0
386,0,0,0,0,0,0,0,0,1048576,0
387,0,0,0,0,0,0,0,0,1048576,0
388,0,0,0,0,0,0,0,0,1048576,0
389,0,0,0,0,0,0,0,0,1048576,0
390,0,0,0,0,0,0,0,0,1048576,0
391,0,0,0,0,0,0,0,0,0,0
392,0,0,0,0,0,0,0,0,1048576,0
393,0,0,0,0,0,0,0,0,1048576,0
394,0,0,0,0,0,0,0,0,1048576,0
395,0,0,0,0,0,0,0,0,1048576,0
396,0,0,0,0,0,0,0,0,0,0
397,0,0,0,0,0,0,0,0,0,0
398,0,0,0,0,0,0,0,0,1048576,0
399,0,0,0,0,0,0,0,0,0,0
400,0,0,0,0,0,0,0,0,1048576,0
401,0,0,0,0,0,0,0,0,0,0
402,0,0,0,0,0,0,0,0,1048576,0
403,0,0,0,0,0,0,0,0,1048576,0
404,0,0,0,0,0,0,0,0,1048576,0
405,0,0,0,0,0,0,0,0,1048576,0
406,0,0,0,0,0,0,0,0,1048576,0
407,0,0,0,0,0,0,0,0,1048576,0
408,0,0,0,0,0,0,0,0,1048576,0
409,0,0,0,0,0,0,0,0,1048576,0
410,0,0,0,0,0,0,0,0,1048576,0
411,0,0,0,0,0,0,0,0,1048576,0
412,0,0,0,0,0,0,0,0,1048576,0
413,0,0,0,0,0,0,0,0,1048576,0
414,0,0,0,0,0,0,0,0,0,0
415,0,0,0,0,0,0,0,0,1048576,0
416,0,0,0,0,0,0,0,0,1048576,0
417,0,0,0,0,0,0,0,0,1048576,0
418,0,0,0,0,0,0,0,0,1048576,0
419,0,0,0,0,0,0,0,0,1048576,0
420,0,0,0,0,0,0,0,0,1048576,0
421,0,0,0,0,0,0,0,0,0,0
422,0,0,0,0,0,0,0,0,1048576,0
423,0,0,0,0,0,0,0,0,1048576,0
424,0,0,0,0,0,0,0,0,0,0
425,0,0,0,0,0,0,0,0,1048576,0
426,0,0,0,0,0,0,0,0,1048576,0
427,0,0,0,0,0,0,0,0,1048576,0
428,0,0,0,0,0,0,0,0,0,0
429,0,0,0,0,0,0,0,0,1048576,0
430,0,0,0,0,0,0,0,0,1048576,0
431,0,0,0,0,0,0,0,0,1048576,0
432,0,0,0,0,0,0,0,0,1048576,0
433,0,0,0,0,0,0,0,0,1048576,0
434,0,0,0,0,0,0,0,0,1048576,0
435,0,0,0,0,0,0,0,0,1048576,0
436,0,0,0,0,0,0,0,0,1048576,0
437,0,0,0,0,0,0,0,0,1048576,0
438,0,0,0,0,0,0,0,0,1048576,0
439,0,0,0,0,0,0,0,0,1048576,0
440,0,0,0,0,0,0,0,0,1048576,0
441,0,0,0,0,0,0,0,0,0,0
442,0,0,0,0,0,0,0,0,1048576,0
443,0,0,0,0,0,0,0,0,0,0
444,0,0,0,0,0,0,0,0,0,0
445,0,0,0,0,0,0,0,0,0,0
446,0,0,0,0,0,0,0,0,1048576,0
447,0,0,0,0,0,0,0,0,1048576,0
448,0,0,0,0,0,0,0,0,1048576,0
449,0,0,0,0,0,0,0,0,0,0
450,0,0,0,0,0,0,0,0,1048576,0
451,0,0,0,0,0,0,0,0,1048576,0
452,0,0,0,0,0,0,0,0,1048576,0
453,0,0,0,0,0,0,0,0,1048576,0
454,0,0,0,0,0,0,0,0,1048576,0
455,0,0,0,0,0,0,0,0,1048576,0
456,0,0,0,0,0,0,0,0,3145728,0
457,0,0,0,0,0,0,0,0,3145728,0
458,0,0,0,0,0,0,0,0,1048576,0
459,0,0,0,0,0,0,0,0,1048576,0
460,0,0,0,0,0,0,0,0,1048576,0
461,0,0,0,0,0,0,0,0,1048576,0
462,0,0,0,0,0,0,0,0,1048576,0
463,0,0,0,0,0,0,0,0,0,0
464,0,0,0,0,0,0,0,0,1048576,0
465,0,0,0,0,0,0,0,0,1048576,0
466,0,0,0,0,0,0,0,0,0,0
467,0,0,0,0,0,0,0,0,1048576,0
468,0,0,0,0,0,0,0,0,0,0
469,0,0,0,0,0,0,0,0,0,0
470,0,0,0,0,0,0,0,0,1048576,0
471,0,0,0,0,0,0,0,0,0,0
472,0,0,0,0,0,0,0,0,3145728,0
473,0,0,0,0,0,0,0,0,1048576,0
474,0,0,0,0,0,0,0,0,1048576,0
475,0,0,0,0,0,0,0,0,1048576,0
476,0,0,0,0,0,0,0,0,1048576,0
477,0,0,0,0,0,0,0,0,1048576,0
478,0,0,0,0,0,0,0,0,0,0
479,0,0,0,0,0,0,0,0,0,0
480,0,0,0,0,0,0,0,0,0,0
481,0,0,0,0,0,0,0,0,1048576,0
482,0,0,0,0,0,0,0,0,1048576,0
483,0,0,0,0,0,0,0,0,1048576,0
484,0,0,0,0,0,0,0,0,1048576,0
485,0,0,0,0,0,0,0,0,1048576,0
486,0,0,0,0,0,0,0,0,1048576,0
487,0,0,0,0,0,0,0,0,1048576,0
488,0,0,0,0,0,0,0,0,1048576,0
489,0,0,0,0,0,0,0,0,1048576,0
490,0,0,0,0,0,0,0,0,1048576,0
491,0,0,0,0,0,0,0,0,1048576,0
492,0,0,0,0,0,0,0,0,0,0
493,0,0,0,0,0,0,0,0,1048576,0
494,0,0,0,0,0,0,0,0,1048576,0
495,0,0,0,0,0,0,0,0,1048576,0
496,0,0,0,0,0,0,0,0,1048576,0
497,0,0,0,0,0,0,0,0,0,0
498,0,0,0,0,0,0,0,0,1048576,0
499,0,0,0,0,0,0,0,0,1048576,0
500,0,0,0,0,0,0,0,0,3145728,0
501,0,0,0,0,0,0,0,0,1048576,0
502,0,0,0,0,0,0,0,0,1048576,0
503,0,0,0,0,0,0,0,0,1048576,0
504,0,0,0,0,0,0,0,0,0,0
505,0,0,0,0,0,0,0,0,1048576,0
506,0,0,0,0,0,0,0,0,0,0
507,0,0,0,0,0,0,0,0,1048576,0
508,0,0,0,0,0,0,0,0,1048576,0
509,0,0,0,0,0,0,0,0,1048576,0
510,0,0,0,0,0,0,0,0,1048576,0
511,0,0,0,0,0,0,0,0,1048576,0
512,0,0,0,0,0,0,0,0,0,0
513,0,0,0,0,0,0,0,0,1048576,0
514,0,0,0,0,0,0,0,0,0,0
515,0,0,0,0,0,0,0,0,0,0
516,0,0,0,0,0,0,0,0,1048576,0
517,0,0,0,0,0,0,0,0,0,0
518,0,0,0,0,0,0,0,0,0,0
519,0,0,0,0,0,0,0,0,0,0
520,0,0,0,0,0,0,0,0,1048576,0
521,0,0,0,0,0,0,0,0,0,0
522,0,0,0,0,0,0,0,0,0,0
523,0,0,0,0,0,0,0,0,1048576,0
524,0,0,0,0,0,0,0,0,1048576,0
525,0,0,0,0,0,0,0,0,0,0
526,0,0,0,0,0,0,0,0,1048576,0
527,0,0,0,0,0,0,0,0,1048576,0
528,0,0,0,0,0,0,0,0,1048576,0
529,0,0,0,0,0,0,0,0,0,0
530,0,0,0,0,0,0,0,0,1048576,0
531,0,0,0,0,0,0,0,0,0,0
532,0,0,0,0,0,0,0,0,0,0
533,0,0,0,0,0,0,0,0,1048576,0
534,0,0,0,0,0,0,0,0,1048576,0
535,0,0,0,0,0,0,0,0,1048576,0
536,0,0,0,0,0,0,0,0,0,0
537,0,0,0,0,0,0,0,0,0,0
538,0,0,0,0,0,0,0,0,1048576,0
539,0,0,0,0,0,0,0,0,0,0
540,0,0,0,0,0,0,0,0,0,0
541,0,0,0,0,0,0,0,0,1048576,0
542,0,0,0,0,0,0,0,0,1048576,0
543,0,0,0,0,0,0,0,0,0,0
544,0,0,0,0,0,0,0,0,1048576,0
545,0,0,0,0,0,0,0,0,1048576,0
546,0,0,0,0,0,0,0,0,0,0
547,0,0,0,0,0,0,0,0,0,0
548,0,0,0,0,0,0,0,0,0,0
549,0,0,0,0,0,0,0,0,0,0
550,0,0,0,0,0,0,0,0,0,0
551,0,0,0,0,0,0,0,0,0,0
552,0,0,0,0,0,0,0,0,0,0
553,0,0,0,0,0,0,0,0,0,0
554,0,0,0,0,0,0,0,0,0,0
555,0,0,0,0,0,0,0,0,1048576,0
556,0,0,0,0,0,0,0,0,1048576,0
557,0,0,0,0,0,0,0,0,0,0
558,0,0,0,0,0,0,0,0,1048576,0
559,0,0,0,0,0,0,0,0,1048576,0
560,0,0,0,0,0,0,0,0,1048576,0
561,0,0,0,0,0,0,0,0,1048576,0
562,0,0,0,0,0,0,0,0,1048576,0
563,0,0,0,0,0,0,0,0,0,0
564,0,0,0,0,0,0,0,0,0,0
565,0,0,0,0,0,0,0,0,1048576,0
566,0,0,0,0,0,0,0,0,0,0
586,0,0,0,0,0,0,0,0,0,0
587,0,0,0,0,0,0,0,0,0,0
588,0,0,0,0,0,0,0,0,1048576,0
589,0,0,0,0,0,0,0,0,1048576,0
606,0,0,0,0,0,0,0,0,0,0
607,0,0,0,0,0,0,0,0,0,0
608,0,0,0,0,0,0,0,0,1048576,0
609,0,0,0,0,0,0,0,0,0,0
626,0,0,0,0,0,0,0,0,1048576,0
646,0,0,0,0,0,0,0,0,0,0
647,0,0,0,0,0,0,0,0,0,0
648,0,0,0,0,0,0,0,0,1048576,0
649,0,0,0,0,0,0,0,0,1048576,0
650,0,0,0,0,0,0,0,0,1048576,0
651,0,0,0,0,0,0,0,0,1048576,0
652,0,0,0,0,0,0,0,0,1048576,0
653,0,0,0,0,0,0,0,0,1048576,0
654,0,0,0,0,0,0,0,0,0,0
655,0,0,0,0,0,0,0,0,1048576,0
656,0,0,0,0,0,0,0,0,0,0
657,0,0,0,0,0,0,0,0,0,0
658,0,0,0,0,0,0,0,0,1048576,0
659,0,0,0,0,0,0,0,0,1048576,0
660,0,0,0,0,0,0,0,0,1048576,0
661,0,0,0,0,0,0,0,0,1048576,0
662,0,0,0,0,0,0,0,0,1048576,0
663,0,0,0,0,0,0,0,0,1048576,0
664,0,0,0,0,0,0,0,0,1048576,0
665,0,0,0,0,0,0,0,0,1048576,0
666,0,0,0,0,0,0,0,0,1048576,0
667,0,0,0,0,0,0,0,0,1048576,0
668,0,0,0,0,0,0,0,0,0,0
686,0,0,0,0,0,0,0,0,0,0
687,0,0,0,0,0,0,0,0,1048576,0
688,0,0,0,0,0,0,0,0,1048576,0
689,0,0,0,0,0,0,0,0,1048576,0
690,0,0,0,0,0,0,0,0,1048576,0
691,0,0,0,0,0,0,0,0,1048576,0
692,0,0,0,0,0,0,0,0,0,0
693,0,0,0,0,0,0,0,0,1048576,0
694,0,0,0,0,0,0,0,0,1048576,0
695,0,0,0,0,0,0,0,0,0,0
696,0,0,0,0,0,0,0,0,1048576,0
697,0,0,0,0,0,0,0,0,1048576,0
698,0,0,0,0,0,0,0,0,1048576,0
699,0,0,0,0,0,0,0,0,1048576,0
700,0,0,0,0,0,0,0,0,0,0
701,0,0,0,0,0,0,0,0,0,0
702,0,0,0,0,0,0,0,0,1048576,0
703,0,0,0,0,0,0,0,0,1048576,0
704,0,0,0,0,0,0,0,0,1048576,0
705,0,0,0,0,0,0,0,0,1048576,0
716,0,0,0,0,0,0,0,0,1048576,0
717,0,0,0,0,0,0,0,0,1048576,0
718,0,0,0,0,0,0,0,0,1048576,0
719,0,0,0,0,0,0,0,0,1048576,0
720,0,0,0,0,0,0,0,0,1048576,0
721,0,0,0,0,0,0,0,0,1048576,0
722,0,0,0,0,0,0,0,0,1048576,0
723,0,0,0,0,0,0,0,0,0,0
724,0,0,0,0,0,0,0,0,0,0
725,0,0,0,0,0,0,0,0,1048576,0
726,0,0,0,0,0,0,0,0,1048576,0
727,0,0,0,0,0,0,0,0,1048576,0
728,0,0,0,0,0,0,0,0,1048576,0
729,0,0,0,0,0,0,0,0,1048576,0
730,0,0,0,0,0,0,0,0,3145728,0
731,0,0,0,0,0,0,0,0,0,0
732,0,0,0,0,0,0,0,0,1048576,0
733,0,0,0,0,0,0,0,0,1048576,0
734,0,0,0,0,0,0,0,0,1048576,0
735,0,0,0,0,0,0,0,0,0,0
736,0,0,0,0,0,0,0,0,0,0
737,0,0,0,0,0,0,0,0,0,0
738,0,0,0,0,0,0,0,0,1048576,0
739,0,0,0,0,0,0,0,0,1048576,0
740,0,0,0,0,0,0,0,0,1048576,0
741,0,0,0,0,0,0,0,0,1048576,0
742,0,0,0,0,0,0,0,0,1048576,0
743,0,0,0,0,0,0,0,0,0,0
744,0,0,0,0,0,0,0,0,1048576,0
745,0,0,0,0,0,0,0,0,1048576,0
746,0,0,0,0,0,0,0,0,1048576,0
747,0,0,0,0,0,0,0,0,0,0
748,0,0,0,0,0,0,0,0,1048576,0
749,0,0,0,0,0,0,0,0,1048576,0
750,0,0,0,0,0,0,0,0,1048576,0
751,0,0,0,0,0,0,0,0,1048576,0
752,0,0,0,0,0,0,0,0,1048576,0
753,0,0,0,0,0,0,0,0,1048576,0
764,0,0,0,0,0,0,0,0,0,0
765,0,0,0,0,0,0,0,0,1048576,0
766,0,0,0,0,0,0,0,0,1048576,0
767,0,0,0,0,0,0,0,0,1048576,0
768,0,0,0,0,0,0,0,0,1048576,0
769,0,0,0,0,0,0,0,0,1048576,0
770,0,0,0,0,0,0,0,0,1048576,0
771,0,0,0,0,0,0,0,0,1048576,0
772,0,0,0,0,0,0,0,0,1048576,0
773,0,0,0,0,0,0,0,0,0,0
774,0,0,0,0,0,0,0,0,0,0
775,0,0,0,0,0,0,0,0,0,0
776,0,0,0,0,0,0,0,0,1048576,0
777,0,0,0,0,0,0,0,0,1048576,0
778,0,0,0,0,0,0,0,0,1048576,0
779,0,0,0,0,0,0,0,0,1048576,0
780,0,0,0,0,0,0,0,0,1048576,0
781,0,0,0,0,0,0,0,0,1048576,0
782,0,0,0,0,0,0,0,0,1048576,0
783,0,0,0,0,0,0,0,0,1048576,0
784,0,0,0,0,0,0,0,0,0,0
785,0,0,0,0,0,0,0,0,1048576,0
786,0,0,0,0,0,0,0,0,1048576,0
787,0,0,0,0,0,0,0,0,1048576,0
788,0,0,0,0,0,0,0,0,0,0
789,0,0,0,0,0,0,0,0,1048576,0
790,0,0,0,0,0,0,0,0,1048576,0
791,0,0,0,0,0,0,0,0,0,0
792,0,0,0,0,0,0,0,0,1048576,0
793,0,0,0,0,0,0,0,0,0,0
794,0,0,0,0,0,0,0,0,0,0
795,0,0,0,0,0,0,0,0,1048576,0
796,0,0,0,0,0,0,0,0,1048576,0
797,0,0,0,0,0,0,0,0,0,0
798,0,0,0,0,0,0,0,0,1048576,0
799,0,0,0,0,0,0,0,0,1048576,0
800,0,0,0,0,0,0,0,0,1048576,0
801,0,0,0,0,0,0,0,0,0,0
802,0,0,0,0,0,0,0,0,1048576,0
803,0,0,0,0,0,0,0,0,0,0
804,0,0,0,0,0,0,0,0,0,0
805,0,0,0,0,0,0,0,0,1048576,0
806,0,0,0,0,0,0,0,0,1048576,0
807,0,0,0,0,0,0,0,0,1048576,0
808,0,0,0,0,0,0,0,0,1048576,0
809,0,0,0,0,0,0,0,0,1048576,0
810,0,0,0,0,0,0,0,0,1048576,0
811,0,0,0,0,0,0,0,0,1048576,0
812,0,0,0,0,0,0,0,0,0,0
813,0,0,0,0,0,0,0,0,1048576,0
814,0,0,0,0,0,0,0,0,1048576,0
815,0,0,0,0,0,0,0,0,1048576,0
816,0,0,0,0,0,0,0,0,1048576,0
817,0,0,0,0,0,0,0,0,1048576,0
818,0,0,0,0,0,0,0,0,1048576,0
819,0,0,0,0,0,0,0,0,0,0
820,0,0,0,0,0,0,0,0,1048576,0
821,0,0,0,0,0,0,0,0,0,0
822,0,0,0,0,0,0,0,0,0,0
823,0,0,0,0,0,0,0,0,0,0
824,0,0,0,0,0,0,0,0,0,0
825,0,0,0,0,0,0,0,0,1048576,0
826,0,0,0,0,0,0,0,0,1048576,0
827,0,0,0,0,0,0,0,0,1048576,0
828,0,0,0,0,0,0,0,0,1048576,0
829,0,0,0,0,0,0,0,0,0,0
830,0,0,0,0,0,0,0,0,0,0
831,0,0,0,0,0,0,0,0,1048576,0
832,0,0,0,0,0,0,0,0,1048576,0
833,0,0,0,0,0,0,0,0,1048576,0
834,0,0,0,0,0,0,0,0,1048576,0
835,0,0,0,0,0,0,0,0,1048576,0
836,0,0,0,0,0,0,0,0,1048576,0
837,0,0,0,0,0,0,0,0,1048576,0
838,0,0,0,0,0,0,0,0,1048576,0
839,0,0,0,0,0,0,0,0,1048576,0
840,0,0,0,0,0,0,0,0,1048576,0
841,0,0,0,0,0,0,0,0,1048576,0
842,0,0,0,0,0,0,0,0,0,0
843,0,0,0,0,0,0,0,0,1048576,0
844,0,0,0,0,0,0,0,0,1048576,0
845,0,0,0,0,0,0,0,0,1048576,0
846,0,0,0,0,0,0,0,0,1048576,0
847,0,0,0,0,0,0,0,0,0,0
848,0,0,0,0,0,0,0,0,0,0
849,0,0,0,0,0,0,0,0,1048576,0
850,0,0,0,0,0,0,0,0,1048576,0
851,0,0,0,0,0,0,0,0,0,0
852,0,0,0,0,0,0,0,0,1048576,0
853,0,0,0,0,0,0,0,0,0,0
854,0,0,0,0,0,0,0,0,1048576,0
855,0,0,0,0,0,0,0,0,1048576,0
856,0,0,0,0,0,0,0,0,1048576,0
857,0,0,0,0,0,0,0,0,1048576,0
858,0,0,0,0,0,0,0,0,1048576,0
859,0,0,0,0,0,0,0,0,1048576,0
860,0,0,0,0,0,0,0,0,1048576,0
861,0,0,0,0,0,0,0,0,1048576,0
862,0,0,0,0,0,0,0,0,1048576,0
863,0,0,0,0,0,0,0,0,1048576,0
864,0,0,0,0,0,0,0,0,1048576,0
865,0,0,0,0,0,0,0,0,1048576,0
866,0,0,0,0,0,0,0,0,1048576,0
867,0,0,0,0,0,0,0,0,0,0
868,0,0,0,0,0,0,0,0,1048576,0
869,0,0,0,0,0,0,0,0,1048576,0
870,0,0,0,0,0,0,0,0,1048576,0
871,0,0,0,0,0,0,0,0,0,0
884,0,0,0,0,0,0,0,0,1048576,0
885,0,0,0,0,0,0,0,0,0,0
886,0,0,0,0,0,0,0,0,0,0
887,0,0,0,0,0,0,0,0,1048576,0
888,0,0,0,0,0,0,0,0,1048576,0
889,0,0,0,0,0,0,0,0,0,0
890,0,0,0,0,0,0,0,0,1048576,0
891,0,0,0,0,0,0,0,0,0,0
892,0,0,0,0,0,0,0,0,1048576,0
893,0,0,0,0,0,0,0,0,1048576,0
894,0,0,0,0,0,0,0,0,0,0
895,0,0,0,0,0,0,0,0,1048576,0
896,0,0,0,0,0,0,0,0,1048576,0
897,0,0,0,0,0,0,0,0,1048576,0
898,0,0,0,0,0,0,0,0,1048576,0
899,0,0,0,0,0,0,0,0,1048576,0
900,0,0,0,0,0,0,0,0,0,0
901,0,0,0,0,0,0,0,0,1048576,0
902,0,0,0,0,0,0,0,0,1048576,0
903,0,0,0,0,0,0,0,0,1048576,0
904,0,0,0,0,0,0,0,0,1048576,0
905,0,0,0,0,0,0,0,0,1048576,0
906,0,0,0,0,0,0,0,0,1048576,0
907,0,0,0,0,0,0,0,0,1048576,0
924,0,0,0,0,0,0,0,0,1048576,0
925,0,0,0,0,0,0,0,0,1048576,0
926,0,0,0,0,0,0,0,0,1048576,0
927,0,0,0,0,0,0,0,0,1048576,0
928,0,0,0,0,0,0,0,0,0,0
929,0,0,0,0,0,0,0,0,1048576,0
946,0,0,0,0,0,0,0,0,1048576,0
947,0,0,0,0,0,0,0,0,0,0
948,0,0,0,0,0,0,0,0,1048576,0
949,0,0,0,0,0,0,0,0,1048576,0
950,0,0,0,0,0,0,0,0,1048576,0
951,0,0,0,0,0,0,0,0,0,0
952,0,0,0,0,0,0,0,0,0,0
964,0,0,0,0,0,0,0,0,1048576,0
965,0,0,0,0,0,0,0,0,1048576,0
984,0,0,0,0,0,0,0,0,1048576,0
985,0,0,0,0,0,0,0,0,1048576,0
986,0,0,0,0,0,0,0,0,1048576,0
987,0,0,0,0,0,0,0,0,1048576,0
988,0,0,0,0,0,0,0,0,1048576,0
989,0,0,0,0,0,0,0,0,1048576,0
990,0,0,0,0,0,0,0,0,1048576,0
991,0,0,0,0,0,0,0,0,1048576,0
992,0,0,0,0,0,0,0,0,1048576,0
1004,0,0,0,0,0,0,0,0,1048576,0
1005,0,0,0,0,0,0,0,0,1048576,0
1006,0,0,0,0,0,0,0,0,0,0
1007,0,0,0,0,0,0,0,0,1048576,0
1024,0,0,0,0,0,0,0,0,1048576,0
1025,0,0,0,0,0,0,0,0,0,0
1026,0,0,0,0,0,0,0,0,1048576,0
1027,0,0,0,0,0,0,0,0,1048576,0
1028,0,0,0,0,0,0,0,0,0,0
1044,0,0,0,0,0,0,0,0,0,0
1064,0,0,0,0,0,0,0,0,1048576,0
1065,0,0,0,0,0,0,0,0,1048576,0
1066,0,0,0,0,0,0,0,0,1048576,0
1067,0,0,0,0,0,0,0,0,1048576,0
1068,0,0,0,0,0,0,0,0,0,0
1069,0,0,0,0,0,0,0,0,1048576,0
1070,0,0,0,0,0,0,0,0,1048576,0
1084,0,0,0,0,0,0,0,0,1048576,0
1104,0,0,0,0,0,0,0,0,1048576,0
1124,0,0,0,0,0,0,0,0,0,0
1125,0,0,0,0,0,0,0,0,1048576,0
1144,0,0,0,0,0,0,0,0,1048576,0
1164,0,0,0,0,0,0,0,0,1048576,0
1165,0,0,0,0,0,0,0,0,0,0
1166,0,0,0,0,0,0,0,0,1048576,0
1167,0,0,0,0,0,0,0,0,1048576,0
1168,0,0,0,0,0,0,0,0,1048576,0
1184,0,0,0,0,0,0,0,0,1048576,0
1185,0,0,0,0,0,0,0,0,1048576,0
1186,0,0,0,0,0,0,0,0,1048576,0
1187,0,0,0,0,0,0,0,0,0,0
1204,0,0,0,0,0,0,0,0,1048576,0
1205,0,0,0,0,0,0,0,0,1048576,0
1206,0,0,0,0,0,0,0,0,1048576,0
1224,0,0,0,0,0,0,0,0,1048576,0
1225,0,0,0,0,0,0,0,0,1048576,0
1226,0,0,0,0,0,0,0,0,0,0
1244,0,0,0,0,0,0,0,0,1048576,0
1264,0,0,0,0,0,0,0,0,0,0
1284,0,0,0,0,0,0,0,0,0,0
1285,0,0,0,0,0,0,0,0,0,0
1286,0,0,0,0,0,0,0,0,1048576,0
1304,0,0,0,0,0,0,0,0,0,0
1305,0,0,0,0,0,0,0,0,1048576,0
1324,0,0,0,0,0,0,0,0,1048576,0
1344,0,0,0,0,0,0,0,0,0,0
1364,0,0,0,0,0,0,0,0,1048576,0
1365,0,0,0,0,0,0,0,0,1048576,0
1366,0,0,0,0,0,0,0,0,1048576,0
1367,0,0,0,0,0,0,0,0,0,0
1368,0,0,0,0,0,0,0,0,1048576,0
1369,0,0,0,0,0,0,0,0,0,0
1384,0,0,0,0,0,0,0,0,1048576,0
1404,0,0,0,0,0,0,0,0,0,0
1424,0,0,0,0,0,0,0,0,1048576,0
1444,0,0,0,0,0,0,0,0,1048576,0
1464,0,0,0,0,0,0,0,0,0,0
1484,0,0,0,0,0,0,0,0,1048576,0
1485,0,0,0,0,0,0,0,0,1048576,0
1486,0,0,0,0,0,0,0,0,1048576,0
1504,0,0,0,0,0,0,0,0,1048576,0
1524,0,0,0,0,0,0,0,0,0,0
1544,0,0,0,0,0,0,0,0,1048576,0
1545,0,0,0,0,0,0,0,0,1048576,0
1546,0,0,0,0,0,0,0,0,1048576,0
1547,0,0,0,0,0,0,0,0,0,0
1548,0,0,0,0,0,0,0,0,1048576,0
1549,0,0,0,0,0,0,0,0,0,0
1564,0,0,0,0,0,0,0,0,1048576,0
1584,0,0,0,0,0,0,0,0,1048576,0
1585,0,0,0,0,0,0,0,0,1048576,0
1586,0,0,0,0,0,0,0,0,1048576,0
1604,0,0,0,0,0,0,0,0,0,0
1605,0,0,0,0,0,0,0,0,0,0
1606,0,0,0,0,0,0,0,0,0,0
1607,0,0,0,0,0,0,0,0,0,0
1608,0,0,0,0,0,0,0,0,0,0
1609,0,0,0,0,0,0,0,0,0,0
1610,0,0,0,0,0,0,0,0,0,0
1611,0,0,0,0,0,0,0,0,0,0
1624,0,0,0,0,0,0,0,0,1048576,0
1644,0,0,0,0,0,0,0,0,1048576,0
1664,0,0,0,0,0,0,0,0,0,0
1665,0,0,0,0,0,0,0,0,0,0
1666,0,0,0,0,0,0,0,0,1048576,0
1684,0,0,0,0,0,0,0,0,1048576,0
1704,0,0,0,0,0,0,0,0,0,0
1724,0,0,0,0,0,0,0,0,1048576,0
1744,0,0,0,0,0,0,0,0,0,0
1764,0,0,0,0,0,0,0,0,1048576,0
1784,0,0,0,0,0,0,0,0,1048576,0
1785,0,0,0,0,0,0,0,0,1048576,0
1804,0,0,0,0,0,0,0,0,1048576,0
1805,0,0,0,0,0,0,0,0,1048576,0
1806,0,0,0,0,0,0,0,0,1048576,0
1807,0,0,0,0,0,0,0,0,1048576,0
1824,0,0,0,0,0,0,0,0,1048576,0
1825,0,0,0,0,0,0,0,0,1048576,0
1844,0,0,0,0,0,0,0,0,1048576,0
1864,0,0,0,0,0,0,0,0,1048576,0
1865,0,0,0,0,0,0,0,0,1048576,0
1866,0,0,0,0,0,0,0,0,0,0
1884,0,0,0,0,0,0,0,0,1048576,0
1904,0,0,0,0,0,0,0,0,1048576,0
1905,0,0,0,0,0,0,0,0,1048576,0
1924,0,0,0,0,0,0,0,0,0,0
1944,0,0,0,0,0,0,0,0,0,0
1945,0,0,0,0,0,0,0,0,0,0
1946,0,0,0,0,0,0,0,0,0,0
1947,0,0,0,0,0,0,0,0,0,0
1964,0,0,0,0,0,0,0,0,0,0
1984,0,0,0,0,0,0,0,0,1048576,0
1985,0,0,0,0,0,0,0,0,1048576,0
2004,0,0,0,0,0,0,0,0,1048576,0
2024,0,0,0,0,0,0,0,0,1048576,0
2025,0,0,0,0,0,0,0,0,1048576,0
2044,0,0,0,0,0,0,0,0,1048576,0
2045,0,0,0,0,0,0,0,0,0,0
2064,0,0,0,0,0,0,0,0,0,0
2065,0,0,0,0,0,0,0,0,1048576,0
2084,0,0,0,0,0,0,0,0,1048576,0
2085,0,0,0,0,0,0,0,0,1048576,0
2086,0,0,0,0,0,0,0,0,1048576,0
2087,0,0,0,0,0,0,0,0,1048576,0
2088,0,0,0,0,0,0,0,0,1048576,0
2089,0,0,0,0,0,0,0,0,1048576,0
2090,0,0,0,0,0,0,0,0,0,0
2109,0,0,0,0,0,0,0,0,1048576,0
2110,0,0,0,0,0,0,0,0,1048576,0
2111,0,0,0,0,0,0,0,0,1048576,0
2112,0,0,0,0,0,0,0,0,0,0
2113,0,0,0,0,0,0,0,0,0,0
2129,0,0,0,0,0,0,0,0,1048576,0
2149,0,0,0,0,0,0,0,0,0,0
2150,0,0,0,0,0,0,0,0,1048576,0
2151,0,0,0,0,0,0,0,0,1048576,0
2152,0,0,0,0,0,0,0,0,1048576,0
2153,0,0,0,0,0,0,0,0,1048576,0
2169,0,0,0,0,0,0,0,0,1048576,0
2189,0,0,0,0,0,0,0,0,0,0
2209,0,0,0,0,0,0,0,0,0,0
2210,0,0,0,0,0,0,0,0,1048576,0
2211,0,0,0,0,0,0,0,0,1048576,0
2212,0,0,0,0,0,0,0,0,1048576,0
2229,0,0,0,0,0,0,0,0,0,0
2249,0,0,0,0,0,0,0,0,0,0
2269,0,0,0,0,0,0,0,0,0,0
2270,0,0,0,0,0,0,0,0,0,0
2271,0,0,0,0,0,0,0,0,0,0
2289,0,0,0,0,0,0,0,0,1048576,0
2290,0,0,0,0,0,0,0,0,1048576,0
2309,0,0,0,0,0,0,0,0,1048576,0
2329,0,0,0,0,0,0,0,0,1048576,0
2349,0,0,0,0,0,0,0,0,1048576,0
2350,0,0,0,0,0,0,0,0,1048576,0
2351,0,0,0,0,0,0,0,0,0,0
2352,0,0,0,0,0,0,0,0,1048576,0
2369,0,0,0,0,0,0,0,0,0,0
2370,0,0,0,0,0,0,0,0,0,0
2371,0,0,0,0,0,0,0,0,0,0
2372,0,0,0,0,0,0,0,0,0,0
2373,0,0,0,0,0,0,0,0,1048576,0
2389,0,0,0,0,0,0,0,0,0,0
2390,0,0,0,0,0,0,0,0,1048576,0
2409,0,0,0,0,0,0,0,0,0,0
2429,0,0,0,0,0,0,0,0,0,0
2449,0,0,0,0,0,0,0,0,1048576,0
2469,0,0,0,0,0,0,0,0,1048576,0
2470,0,0,0,0,0,0,0,0,1048576,0
2471,0,0,0,0,0,0,0,0,1048576,0
2489,0,0,0,0,0,0,0,0,1048576,0
2490,0,0,0,0,0,0,0,0,1048576,0
2491,0,0,0,0,0,0,0,0,1048576,0
2492,0,0,0,0,0,0,0,0,1048576,0
2509,0,0,0,0,0,0,0,0,1048576,0
2529,0,0,0,0,0,0,0,0,1048576,0
2530,0,0,0,0,0,0,0,0,1048576,0
2549,0,0,0,0,0,0,0,0,0,0
2569,0,0,0,0,0,0,0,0,0,0
2589,0,0,0,0,0,0,0,0,0,0
2590,0,0,0,0,0,0,0,0,0,0
2609,0,0,0,0,0,0,0,0,1048576,0
2610,0,0,0,0,0,0,0,0,1048576,0
2611,0,0,0,0,0,0,0,0,0,0
2612,0,0,0,0,0,0,0,0,1048576,0
2613,0,0,0,0,0,0,0,0,1048576,0
2614,0,0,0,0,0,0,0,0,1048576,0
2615,0,0,0,0,0,0,0,0,1048576,0
2616,0,0,0,0,0,0,0,0,1048576,0
2629,0,0,0,0,0,0,0,0,0,0
2649,0,0,0,0,0,0,0,0,1048576,0
2650,0,0,0,0,0,0,0,0,1048576,0
2651,0,0,0,0,0,0,0,0,1048576,0
2669,0,0,0,0,0,0,0,0,1048576,0
2670,0,0,0,0,0,0,0,0,1048576,0
2689,0,0,0,0,0,0,0,0,1048576,0
2709,0,0,0,0,0,0,0,0,1048576,0
2729,0,0,0,0,0,0,0,0,1048576,0
2730,0,0,0,0,0,0,0,0,1048576,0
2749,0,0,0,0,0,0,0,0,1048576,0
2750,0,0,0,0,0,0,0,0,1048576,0
2769,0,0,0,0,0,0,0,0,1048576,0
2789,0,0,0,0,0,0,0,0,1048576,0
2790,0,0,0,0,0,0,0,0,1048576,0
2809,0,0,0,0,0,0,0,0,1048576,0
2810,0,0,0,0,0,0,0,0,1048576,0
2811,0,0,0,0,0,0,0,0,1048576,0
2812,0,0,0,0,0,0,0,0,1048576,0
2829,0,0,0,0,0,0,0,0,1048576,0
2830,0,0,0,0,0,0,0,0,1048576,0
2849,0,0,0,0,0,0,0,0,1048576,0
2850,0,0,0,0,0,0,0,0,1048576,0
2869,0,0,0,0,0,0,0,0,1048576,0
2889,0,0,0,0,0,0,0,0,1048576,0
2890,0,0,0,0,0,0,0,0,1048576,0
2891,0,0,0,0,0,0,0,0,1048576,0
2892,0,0,0,0,0,0,0,0,1048576,0
2893,0,0,0,0,0,0,0,0,1048576,0
2894,0,0,0,0,0,0,0,0,1048576,0
2895,0,0,0,0,0,0,0,0,1048576,0
2896,0,0,0,0,0,0,0,0,1048576,0
2909,0,0,0,0,0,0,0,0,0,0
2910,0,0,0,0,0,0,0,0,1048576,0
2929,0,0,0,0,0,0,0,0,1048576,0
2930,0,0,0,0,0,0,0,0,1048576,0
2931,0,0,0,0,0,0,0,0,1048576,0
2932,0,0,0,0,0,0,0,0,1048576,0
2949,0,0,0,0,0,0,0,0,1048576,0
2950,0,0,0,0,0,0,0,0,1048576,0
2969,0,0,0,0,0,0,0,0,0,0
2970,0,0,0,0,0,0,0,0,256,0
2971,0,0,0,0,0,0,0,0,0,0
2972,0,0,0,0,0,0,0,0,0,0
2973,0,0,0,0,0,0,0,0,0,0
2974,0,0,0,0,0,0,0,0,0,0
2975,0,0,0,0,0,0,0,0,0,0
2976,0,0,0,0,0,0,0,0,0,0
2977,0,0,0,0,0,0,0,0,0,0
2989,0,0,0,0,0,0,0,0,1048576,0
2990,0,0,0,0,0,0,0,0,1048576,0
2991,0,0,0,0,0,0,0,0,0,0
2992,0,0,0,0,0,0,0,0,1048576,0
3009,0,0,0,0,0,0,0,0,1048576,0
3010,0,0,0,0,0,0,0,0,1048576,0
3029,0,0,0,0,0,0,0,0,1048576,0
3030,0,0,0,0,0,0,0,0,1048576,0
3031,0,0,0,0,0,0,0,0,1048576,0
3032,0,0,0,0,0,0,0,0,0,0
3033,0,0,0,0,0,0,0,0,0,0
3034,0,0,0,0,0,0,0,0,1048576,0
3035,0,0,0,0,0,0,0,0,1048576,0
3036,0,0,0,0,0,0,0,0,1048576,0
3049,0,0,0,0,0,0,0,0,1048576,0
3050,0,0,0,0,0,0,0,0,0,0
3051,0,0,0,0,0,0,0,0,1048576,0
3052,0,0,0,0,0,0,0,0,1048576,0
3053,0,0,0,0,0,0,0,0,1048576,0
3054,0,0,0,0,0,0,0,0,1048576,0
3055,0,0,0,0,0,0,0,0,1048576,0
3056,0,0,0,0,0,0,0,0,1048576,0
3069,0,0,0,0,0,0,0,0,1048576,0
3070,0,0,0,0,0,0,0,0,1048576,0
3071,0,0,0,0,0,0,0,0,1048576,0
3072,0,0,0,0,0,0,0,0,1048576,0
3089,0,0,0,0,0,0,0,0,1048576,0
3109,0,0,0,0,0,0,0,0,1048576,0
3110,0,0,0,0,0,0,0,0,1048576,0
3129,0,0,0,0,0,0,0,0,1048576,0
3149,0,0,0,0,0,0,0,0,1048576,0
3150,0,0,0,0,0,0,0,0,0,0
3151,0,0,0,0,0,0,0,0,0,0
3152,0,0,0,0,0,0,0,0,1048576,0
3153,0,0,0,0,0,0,0,0,1048576,0
3154,0,0,0,0,0,0,0,0,1048576,0
3169,0,0,0,0,0,0,0,0,1048576,0
3170,0,0,0,0,0,0,0,0,1048576,0
3189,0,0,0,0,0,0,0,0,1048576,0
3209,0,0,0,0,0,0,0,0,0,0
3210,0,0,0,0,0,0,0,0,1048576,0
3229,0,0,0,0,0,0,0,0,0,0
3249,0,0,0,0,0,0,0,0,1048576,0
3250,0,0,0,0,0,0,0,0,1048576,0
3269,0,0,0,0,0,0,0,0,0,0
3270,0,0,0,0,0,0,0,0,0,0
3271,0,0,0,0,0,0,0,0,1048576,0
3272,0,0,0,0,0,0,0,0,1048576,0
3289,0,0,0,0,0,0,0,0,0,0
3290,0,0,0,0,0,0,0,0,1048576,0
3291,0,0,0,0,0,0,0,0,1048576,0
3292,0,0,0,0,0,0,0,0,1048576,0
3293,0,0,0,0,0,0,0,0,3145728,0
3294,0,0,0,0,0,0,0,0,0,0
3295,0,0,0,0,0,0,0,0,1048576,0
3309,0,0,0,0,0,0,0,0,1048576,0
3329,0,0,0,0,0,0,0,0,1048576,0
3330,0,0,0,0,0,0,0,0,1048576,0
3331,0,0,0,0,0,0,0,0,0,0
3332,0,0,0,0,0,0,0,0,1048576,0
3349,0,0,0,0,0,0,0,0,1048576,0
3350,0,0,0,0,0,0,0,0,0,0
3351,0,0,0,0,0,0,0,0,1048576,0
3369,0,0,0,0,0,0,0,0,0,0
3370,0,0,0,0,0,0,0,0,1048576,0
3371,0,0,0,0,0,0,0,0,1048576,0
3372,0,0,0,0,0,0,0,0,1048576,0
3373,0,0,0,0,0,0,0,0,1048576,0
3374,0,0,0,0,0,0,0,0,1048576,0
3375,0,0,0,0,0,0,0,0,1048576,0
3376,0,0,0,0,0,0,0,0,0,0
3377,0,0,0,0,0,0,0,0,1048576,0
3378,0,0,0,0,0,0,0,0,0,0
3379,0,0,0,0,0,0,0,0,1048576,0
3380,0,0,0,0,0,0,0,0,1048576,0
3381,0,0,0,0,0,0,0,0,1048576,0
3382,0,0,0,0,0,0,0,0,1048576,0
3383,0,0,0,0,0,0,0,0,1048576,0
3384,0,0,0,0,0,0,0,0,1048576,0
3385,0,0,0,0,0,0,0,0,1048576,0
3389,0,0,0,0,0,0,0,0,1048576,0
3390,0,0,0,0,0,0,0,0,0,0
3391,0,0,0,0,0,0,0,0,0,0
3392,0,0,0,0,0,0,0,0,0,0
3393,0,0,0,0,0,0,0,0,0,0
3394,0,0,0,0,0,0,0,0,1048576,0
3395,0,0,0,0,0,0,0,0,1048576,0
3409,0,0,0,0,0,0,0,0,1048576,0
3410,0,0,0,0,0,0,0,0,0,0
3411,0,0,0,0,0,0,0,0,1048576,0
3412,0,0,0,0,0,0,0,0,0,0
3413,0,0,0,0,0,0,0,0,1048576,0
3414,0,0,0,0,0,0,0,0,1048576,0
3415,0,0,0,0,0,0,0,0,1048576,0
3429,0,0,0,0,0,0,0,0,1048576,0
3430,0,0,0,0,0,0,0,0,0,0
3431,0,0,0,0,0,0,0,0,3145728,0
3432,0,0,0,0,0,0,0,0,3145728,0
3433,0,0,0,0,0,0,0,0,1048576,0
3434,0,0,0,0,0,0,0,0,1048576,0
3435,0,0,0,0,0,0,0,0,1048576,0
3436,0,0,0,0,0,0,0,0,0,0
3437,0,0,0,0,0,0,0,0,0,0
3449,0,0,0,0,0,0,0,0,1048576,0
3450,0,0,0,0,0,0,0,0,0,0
3469,0,0,0,0,0,0,0,0,0,0
3470,0,0,0,0,0,0,0,0,1048576,0
3471,0,0,0,0,0,0,0,0,1048576,0
3472,0,0,0,0,0,0,0,0,1048576,0
3489,0,0,0,0,0,0,0,0,1048576,0
3490,0,0,0,0,0,0,0,0,1048576,0
3509,0,0,0,0,0,0,0,0,0,0
3529,0,0,0,0,0,0,0,0,0,0
3530,0,0,0,0,0,0,0,0,1048576,0
3531,0,0,0,0,0,0,0,0,1048576,0
3549,0,0,0,0,0,0,0,0,1048576,0
3569,0,0,0,0,0,0,0,0,0,0
3589,0,0,0,0,0,0,0,0,1048576,0
3590,0,0,0,0,0,0,0,0,1048576,0
3591,0,0,0,0,0,0,0,0,1048576,0
3592,0,0,0,0,0,0,0,0,1048576,0
3593,0,0,0,0,0,0,0,0,1048576,0
3594,0,0,0,0,0,0,0,0,1048576,0
3595,0,0,0,0,0,0,0,0,1048576,0
3609,0,0,0,0,0,0,0,0,1048576,0
3610,0,0,0,0,0,0,0,0,1048576,0
3611,0,0,0,0,0,0,0,0,0,0
3612,0,0,0,0,0,0,0,0,1048576,0
3629,0,0,0,0,0,0,0,0,1048576,0
3649,0,0,0,0,0,0,0,0,1048576,0
3650,0,0,0,0,0,0,0,0,1048576,0
3669,0,0,0,0,0,0,0,0,1048576,0
3670,0,0,0,0,0,0,0,0,1048576,0
3671,0,0,0,0,0,0,0,0,0,0
3672,0,0,0,0,0,0,0,0,1048576,0
3673,0,0,0,0,0,0,0,0,1048576,0
3689,0,0,0,0,0,0,0,0,1048576,0
3709,0,0,0,0,0,0,0,0,1048576,0
3729,0,0,0,0,0,0,0,0,1048576,0
3749,0,0,0,0,0,0,0,0,1048576,0
3750,0,0,0,0,0,0,0,0,1048576,0
3751,0,0,0,0,0,0,0,0,1048576,0
3752,0,0,0,0,0,0,0,0,1048576,0
3753,0,0,0,0,0,0,0,0,0,0
3769,0,0,0,0,0,0,0,0,1048576,0
3770,0,0,0,0,0,0,0,0,1048576,0
3771,0,0,0,0,0,0,0,0,1048576,0
3772,0,0,0,0,0,0,0,0,1048576,0
3773,0,0,0,0,0,0,0,0,1048576,0
3774,0,0,0,0,0,0,0,0,1048576,0
3775,0,0,0,0,0,0,0,0,1048576,0
3776,0,0,0,0,0,0,0,0,0,0
3777,0,0,0,0,0,0,0,0,1048576,0
3789,0,0,0,0,0,0,0,0,0,0
3790,0,0,0,0,0,0,0,0,0,0
3809,0,0,0,0,0,0,0,0,1048576,0
3829,0,0,0,0,0,0,0,0,1048576,0
3849,0,0,0,0,0,0,0,0,1048576,0
3850,0,0,0,0,0,0,0,0,1048576,0
3851,0,0,0,0,0,0,0,0,1048576,0
3852,0,0,0,0,0,0,0,0,1048576,0
3853,0,0,0,0,0,0,0,0,1048576,0
3854,0,0,0,0,0,0,0,0,1048576,0
3869,0,0,0,0,0,0,0,0,1048576,0
3870,0,0,0,0,0,0,0,0,1048576,0
3871,0,0,0,0,0,0,0,0,0,0
3872,0,0,0,0,0,0,0,0,1048576,0
3873,0,0,0,0,0,0,0,0,1048576,0
3889,0,0,0,0,0,0,0,0,1048576,0
3890,0,0,0,0,0,0,0,0,1048576,0
3891,0,0,0,0,0,0,0,0,0,0
3909,0,0,0,0,0,0,0,0,1048576,0
3910,0,0,0,0,0,0,0,0,1048576,0
3929,0,0,0,0,0,0,0,0,1048576,0
3930,0,0,0,0,0,0,0,0,1048576,0
3949,0,0,0,0,0,0,0,0,1048576,0
3969,0,0,0,0,0,0,0,0,1048576,0
3989,0,0,0,0,0,0,0,0,0,0
4009,0,0,0,0,0,0,0,0,0,0
4010,0,0,0,0,0,0,0,0,1048576,0
4011,0,0,0,0,0,0,0,0,1048576,0
4012,0,0,0,0,0,0,0,0,1048576,0
4013,0,0,0,0,0,0,0,0,1048576,0
4029,0,0,0,0,0,0,0,0,1048576,0
4030,0,0,0,0,0,0,0,0,1048576,0
4031,0,0,0,0,0,0,0,0,1048576,0
4049,0,0,0,0,0,0,0,0,1048576,0
4050,0,0,0,0,0,0,0,0,1048576,0
4051,0,0,0,0,0,0,0,0,0,0
4069,0,0,0,0,0,0,0,0,0,0
4070,0,0,0,0,0,0,0,0,0,0
4089,0,0,0,0,0,0,0,0,1048576,0
4090,0,0,0,0,0,0,0,0,0,0
4091,0,0,0,0,0,0,0,0,0,0
4109,0,0,0,0,0,0,0,0,0,0
4129,0,0,0,0,0,0,0,0,1048576,0
4130,0,0,0,0,0,0,0,0,0,0
4131,0,0,0,0,0,0,0,0,0,0
4132,0,0,0,0,0,0,0,0,0,0
4149,0,0,0,0,0,0,0,0,1048576,0
4169,0,0,0,0,0,0,0,0,1048576,0
4189,0,0,0,0,0,0,0,0,1048576,0
4190,0,0,0,0,0,0,0,0,1048576,0
4191,0,0,0,0,0,0,0,0,1048576,0
4192,0,0,0,0,0,0,0,0,1048576,0
4193,0,0,0,0,0,0,0,0,0,0
4194,0,0,0,0,0,0,0,0,1048576,0
4209,0,0,0,0,0,0,0,0,0,0
4210,0,0,0,0,0,0,0,0,1048576,0
4211,0,0,0,0,0,0,0,0,0,0
4212,0,0,0,0,0,0,0,0,1048576,0
4213,0,0,0,0,0,0,0,0,1048576,0
4229,0,0,0,0,0,0,0,0,0,0
4249,0,0,0,0,0,0,0,0,1048576,0
4269,0,0,0,0,0,0,0,0,1048576,0
4289,0,0,0,0,0,0,0,0,0,0
4290,0,0,0,0,0,0,0,0,0,0
4309,0,0,0,0,0,0,0,0,1048576,0
4310,0,0,0,0,0,0,0,0,0,0
4311,0,0,0,0,0,0,0,0,0,0
4329,0,0,0,0,0,0,0,0,1048576,0
4349,0,0,0,0,0,0,0,0,0,0
4369,0,0,0,0,0,0,0,0,1048576,0
4389,0,0,0,0,0,0,0,0,1048576,0
4390,0,0,0,0,0,0,0,0,1048576,0
4409,0,0,0,0,0,0,0,0,0,0
4429,0,0,0,0,0,0,0,0,1048576,0
4449,0,0,0,0,0,0,0,0,1048576,0
4450,0,0,0,0,0,0,0,0,1048576,0
4451,0,0,0,0,0,0,0,0,1048576,0
4469,0,0,0,0,0,0,0,0,1048576,0
4489,0,0,0,0,0,0,0,0,1048576,0
4490,0,0,0,0,0,0,0,0,1048576,0
4491,0,0,0,0,0,0,0,0,0,0
4492,0,0,0,0,0,0,0,0,0,0
4509,0,0,0,0,0,0,0,0,0,0
4529,0,0,0,0,0,0,0,0,0,0
4549,0,0,0,0,0,0,0,0,0,0
4550,0,0,0,0,0,0,0,0,1048576,0
4551,0,0,0,0,0,0,0,0,1048576,0
4569,0,0,0,0,0,0,0,0,1048576,0
4570,0,0,0,0,0,0,0,0,1048576,0
4589,0,0,0,0,0,0,0,0,1048576,0
4609,0,0,0,0,0,0,0,0,0,0
4629,0,0,0,0,0,0,0,0,0,0
4649,0,0,0,0,0,0,0,0,1048576,0
4669,0,0,0,0,0,0,0,0,1048576,0
4689,0,0,0,0,0,0,0,0,1048576,0
4690,0,0,0,0,0,0,0,0,1048576,0
4709,0,0,0,0,0,0,0,0,1048576,0
4729,0,0,0,0,0,0,0,0,1048576,0
4749,0,0,0,0,0,0,0,0,0,0
4750,0,0,0,0,0,0,0,0,0,0
4751,0,0,0,0,0,0,0,0,0,0
4769,0,0,0,0,0,0,0,0,1048576,0
4770,0,0,0,0,0,0,0,0,1048576,0
4789,0,0,0,0,0,0,0,0,1048576,0
4809,0,0,0,0,0,0,0,0,1048576,0
4810,0,0,0,0,0,0,0,0,1048576,0
4811,0,0,0,0,0,0,0,0,0,0
4829,0,0,0,0,0,0,0,0,0,0
4830,0,0,0,0,0,0,0,0,1048576,0
4831,0,0,0,0,0,0,0,0,0,0
4832,0,0,0,0,0,0,0,0,1048576,0
4849,0,0,0,0,0,0,0,0,1048576,0
4850,0,0,0,0,0,0,0,0,0,0
4869,0,0,0,0,0,0,0,0,0,0
4870,0,0,0,0,0,0,0,0,0,0
4889,0,0,0,0,0,0,0,0,1048576,0
4890,0,0,0,0,0,0,0,0,1048576,0
4891,0,0,0,0,0,0,0,0,1048576,0
4909,0,0,0,0,0,0,0,0,1048576,0
4910,0,0,0,0,0,0,0,0,1048576,0
4911,0,0,0,0,0,0,0,0,1048576,0
4929,0,0,0,0,0,0,0,0,0,0
4930,0,0,0,0,0,0,0,0,1048576,0
4931,0,0,0,0,0,0,0,0,1048576,0
4949,0,0,0,0,0,0,0,0,1048576,0
4969,0,0,0,0,0,0,0,0,1048576,0
4989,0,0,0,0,0,0,0,0,1048576,0
4990,0,0,0,0,0,0,0,0,1048576,0
4991,0,0,0,0,0,0,0,0,1048576,0
5009,0,0,0,0,0,0,0,0,1048576,0
5010,0,0,0,0,0,0,0,0,1048576,0
5011,0,0,0,0,0,0,0,0,0,0
5029,0,0,0,0,0,0,0,0,1048576,0
5030,0,0,0,0,0,0,0,0,1048576,0
5031,0,0,0,0,0,0,0,0,1048576,0
5032,0,0,0,0,0,0,0,0,1048576,0
5033,0,0,0,0,0,0,0,0,1048576,0
5034,0,0,0,0,0,0,0,0,1048576,0
5035,0,0,0,0,0,0,0,0,1048576,0
5036,0,0,0,0,0,0,0,0,1048576,0
5037,0,0,0,0,0,0,0,0,1048576,0
5049,0,0,0,0,0,0,0,0,1048576,0
5069,0,0,0,0,0,0,0,0,1048576,0
5089,0,0,0,0,0,0,0,0,1048576,0
5090,0,0,0,0,0,0,0,0,0,0
5091,0,0,0,0,0,0,0,0,0,0
5092,0,0,0,0,0,0,0,0,1048576,0
5093,0,0,0,0,0,0,0,0,0,0
5094,0,0,0,0,0,0,0,0,0,0
5109,0,0,0,0,0,0,0,0,0,0
5110,0,0,0,0,0,0,0,0,1048576,0
5111,0,0,0,0,0,0,0,0,1048576,0
5129,0,0,0,0,0,0,0,0,0,0
5130,0,0,0,0,0,0,0,0,0,0
5131,0,0,0,0,0,0,0,0,0,0
5132,0,0,0,0,0,0,0,0,1048576,0
5133,0,0,0,0,0,0,0,0,1048576,0
5134,0,0,0,0,0,0,0,0,1048576,0
5135,0,0,0,0,0,0,0,0,1048576,0
5149,0,0,0,0,0,0,0,0,0,0
5150,0,0,0,0,0,0,0,0,0,0
5151,0,0,0,0,0,0,0,0,1048576,0
5152,0,0,0,0,0,0,0,0,0,0
5153,0,0,0,0,0,0,0,0,1048576,0
5169,0,0,0,0,0,0,0,0,0,0
5189,0,0,0,0,0,0,0,0,1048576,0
5209,0,0,0,0,0,0,0,0,1048576,0
5229,0,0,0,0,0,0,0,0,1048576,0
5249,0,0,0,0,0,0,0,0,1048576,0
5269,0,0,0,0,0,0,0,0,1048576,0
5289,0,0,0,0,0,0,0,0,1048576,0
5290,0,0,0,0,0,0,0,0,0,0
5309,0,0,0,0,0,0,0,0,0,0
5310,0,0,0,0,0,0,0,0,0,0
5329,0,0,0,0,0,0,0,0,1048576,0
5330,0,0,0,0,0,0,0,0,1048576,0
5331,0,0,0,0,0,0,0,0,1048576,0
5332,0,0,0,0,0,0,0,0,1048576,0
5349,0,0,0,0,0,0,0,0,0,0
5350,0,0,0,0,0,0,0,0,1048576,0
5369,0,0,0,0,0,0,0,0,1048576,0
5370,0,0,0,0,0,0,0,0,0,0
5371,0,0,0,0,0,0,0,0,1048576,0
5372,0,0,0,0,0,0,0,0,1048576,0
5389,0,0,0,0,0,0,0,0,1048576,0
5390,0,0,0,0,0,0,0,0,1048576,0
5391,0,0,0,0,0,0,0,0,1048576,0
5409,0,0,0,0,0,0,0,0,1048576,0
5429,0,0,0,0,0,0,0,0,1048576,0
5449,0,0,0,0,0,0,0,0,1048576,0
5450,0,0,0,0,0,0,0,0,1048576,0
5469,0,0,0,0,0,0,0,0,1048576,0
5470,0,0,0,0,0,0,0,0,0,0
5489,0,0,0,0,0,0,0,0,1048576,0
5509,0,0,0,0,0,0,0,0,1048576,0
5510,0,0,0,0,0,0,0,0,0,0
5529,0,0,0,0,0,0,0,0,0,0
5549,0,0,0,0,0,0,0,0,1048576,0
5569,0,0,0,0,0,0,0,0,0,0
5589,0,0,0,0,0,0,0,0,1048576,0
5590,0,0,0,0,0,0,0,0,0,0
5591,0,0,0,0,0,0,0,0,0,0
5609,0,0,0,0,0,0,0,0,0,0
5629,0,0,0,0,0,0,0,0,1048576,0
5649,0,0,0,0,0,0,0,0,1048576,0
5650,0,0,0,0,0,0,0,0,0,0
5669,0,0,0,0,0,0,0,0,0,0
5670,0,0,0,0,0,0,0,0,1048576,0
5689,0,0,0,0,0,0,0,0,1048576,0
5709,0,0,0,0,0,0,0,0,1048576,0
5729,0,0,0,0,0,0,0,0,1048576,0
5749,0,0,0,0,0,0,0,0,1048576,0
5769,0,0,0,0,0,0,0,0,1048576,0
5770,0,0,0,0,0,0,0,0,1048576,0
5771,0,0,0,0,0,0,0,0,1048576,0
5789,0,0,0,0,0,0,0,0,1048576,0
5809,0,0,0,0,0,0,0,0,1048576,0
5810,0,0,0,0,0,0,0,0,1048576,0
5829,0,0,0,0,0,0,0,0,0,0
5849,0,0,0,0,0,0,0,0,1048576,0
5850,0,0,0,0,0,0,0,0,1048576,0
5851,0,0,0,0,0,0,0,0,1048576,0
5852,0,0,0,0,0,0,0,0,1048576,0
5869,0,0,0,0,0,0,0,0,1048576,0
5870,0,0,0,0,0,0,0,0,1048576,0
5889,0,0,0,0,0,0,0,0,1048576,0
5890,0,0,0,0,0,0,0,0,0,0
5891,0,0,0,0,0,0,0,0,0,0
5892,0,0,0,0,0,0,0,0,1048576,0
5893,0,0,0,0,0,0,0,0,1048576,0
5894,0,0,0,0,0,0,0,0,1048576,0
5895,0,0,0,0,0,0,0,0,1048576,0
5896,0,0,0,0,0,0,0,0,1048576,0
5897,0,0,0,0,0,0,0,0,1048576,0
5898,0,0,0,0,0,0,0,0,1048576,0
5899,0,0,0,0,0,0,0,0,0,0
5909,0,0,0,0,0,0,0,0,1048576,0
5929,0,0,0,0,0,0,0,0,1048576,0
5930,0,0,0,0,0,0,0,0,1048576,0
5949,0,0,0,0,0,0,0,0,0,0
5950,0,0,0,0,0,0,0,0,1048576,0
5951,0,0,0,0,0,0,0,0,0,0
5969,0,0,0,0,0,0,0,0,1048576,0
5989,0,0,0,0,0,0,0,0,0,0
5990,0,0,0,0,0,0,0,0,1048576,0
6009,0,0,0,0,0,0,0,0,1048576,0
6029,0,0,0,0,0,0,0,0,1048576,0
6030,0,0,0,0,0,0,0,0,1048576,0
6031,0,0,0,0,0,0,0,0,1048576,0
6049,0,0,0,0,0,0,0,0,0,0
6050,0,0,0,0,0,0,0,0,1048576,0
6069,0,0,0,0,0,0,0,0,1048576,0
6070,0,0,0,0,0,0,0,0,1048576,0
6071,0,0,0,0,0,0,0,0,1048576,0
6072,0,0,0,0,0,0,0,0,1048576,0
6073,0,0,0,0,0,0,0,0,0,0
6074,0,0,0,0,0,0,0,0,0,0
6089,0,0,0,0,0,0,0,0,1048576,0
6090,0,0,0,0,0,0,0,0,1048576,0
6091,0,0,0,0,0,0,0,0,0,0
6092,0,0,0,0,0,0,0,0,1048576,0
6093,0,0,0,0,0,0,0,0,1048576,0
6094,0,0,0,0,0,0,0,0,1048576,0
6095,0,0,0,0,0,0,0,0,1048576,0
6096,0,0,0,0,0,0,0,0,0,0
6097,0,0,0,0,0,0,0,0,1048576,0
6098,0,0,0,0,0,0,0,0,1048576,0
6099,0,0,0,0,0,0,0,0,0,0
6100,0,0,0,0,0,0,0,0,1048576,0
6109,0,0,0,0,0,0,0,0,0,0
6129,0,0,0,0,0,0,0,0,1048576,0
6130,0,0,0,0,0,0,0,0,1048576,0
6131,0,0,0,0,0,0,0,0,1048576,0
6132,0,0,0,0,0,0,0,0,0,0
6133,0,0,0,0,0,0,0,0,0,0
6134,0,0,0,0,0,0,0,0,1048576,0
6135,0,0,0,0,0,0,0,0,1048576,0
6136,0,0,0,0,0,0,0,0,1048576,0
6149,0,0,0,0,0,0,0,0,1048576,0
6150,0,0,0,0,0,0,0,0,1048576,0
6151,0,0,0,0,0,0,0,0,1048576,0
6169,0,0,0,0,0,0,0,0,0,0
6170,0,0,0,0,0,0,0,0,1048576,0
6189,0,0,0,0,0,0,0,0,1048576,0
6190,0,0,0,0,0,0,0,0,1048576,0
6209,0,0,0,0,0,0,0,0,1048576,0
6229,0,0,0,0,0,0,0,0,1048576,0
6249,0,0,0,0,0,0,0,0,0,0
6250,0,0,0,0,0,0,0,0,1048576,0
6269,0,0,0,0,0,0,0,0,0,0
6270,0,0,0,0,0,0,0,0,0,0
6271,0,0,0,0,0,0,0,0,1048576,0
6289,0,0,0,0,0,0,0,0,1048576,0
6309,0,0,0,0,0,0,0,0,1048576,0
6310,0,0,0,0,0,0,0,0,1048576,0
6311,0,0,0,0,0,0,0,0,0,0
6329,0,0,0,0,0,0,0,0,1048576,0
6330,0,0,0,0,0,0,0,0,1048576,0
6331,0,0,0,0,0,0,0,0,1048576,0
6332,0,0,0,0,0,0,0,0,0,0
6333,0,0,0,0,0,0,0,0,1048576,0
6334,0,0,0,0,0,0,0,0,0,0
6349,0,0,0,0,0,0,0,0,0,0
6350,0,0,0,0,0,0,0,0,1048576,0
6351,0,0,0,0,0,0,0,0,1048576,0
6352,0,0,0,0,0,0,0,0,0,0
6353,0,0,0,0,0,0,0,0,0,0
6354,0,0,0,0,0,0,0,0,0,0
6355,0,0,0,0,0,0,0,0,1048576,0
6356,0,0,0,0,0,0,0,0,1048576,0
6357,0,0,0,0,0,0,0,0,1048576,0
6358,0,0,0,0,0,0,0,0,1048576,0
6359,0,0,0,0,0,0,0,0,1048576,0
6369,0,0,0,0,0,0,0,0,1048576,0
6370,0,0,0,0,0,0,0,0,0,0
6371,0,0,0,0,0,0,0,0,1048576,0
6372,0,0,0,0,0,0,0,0,1048576,0
6373,0,0,0,0,0,0,0,0,1048576,0
6374,0,0,0,0,0,0,0,0,0,0
6375,0,0,0,0,0,0,0,0,1048576,0
6376,0,0,0,0,0,0,0,0,1048576,0
6377,0,0,0,0,0,0,0,0,1048576,0
6378,0,0,0,0,0,0,0,0,1048576,0
6379,0,0,0,0,0,0,0,0,1048576,0
6380,0,0,0,0,0,0,0,0,0,0
6381,0,0,0,0,0,0,0,0,1048576,0
6382,0,0,0,0,0,0,0,0,0,0
6383,0,0,0,0,0,0,0,0,1048576,0
6384,0,0,0,0,0,0,0,0,0,0
6385,0,0,0,0,0,0,0,0,1048576,0
6386,0,0,0,0,0,0,0,0,1048576,0
6387,0,0,0,0,0,0,0,0,1048576,0
6388,0,0,0,0,0,0,0,0,0,0
6389,0,0,0,0,0,0,0,0,0,0
6390,0,0,0,0,0,0,0,0,0,0
6391,0,0,0,0,0,0,0,0,0,0
6392,0,0,0,0,0,0,0,0,1048576,0
6393,0,0,0,0,0,0,0,0,0,0
6394,0,0,0,0,0,0,0,0,1048576,0
6395,0,0,0,0,0,0,0,0,1048576,0
6396,0,0,0,0,0,0,0,0,1048576,0
6397,0,0,0,0,0,0,0,0,1048576,0
6398,0,0,0,0,0,0,0,0,1048576,0
6399,0,0,0,0,0,0,0,0,1048576,0
6400,0,0,0,0,0,0,0,0,1048576,0
6401,0,0,0,0,0,0,0,0,1048576,0
6402,0,0,0,0,0,0,0,0,0,0
6403,0,0,0,0,0,0,0,0,0,0
6404,0,0,0,0,0,0,0,0,1048576,0
6405,0,0,0,0,0,0,0,0,0,0
6406,0,0,0,0,0,0,0,0,1048576,0
6407,0,0,0,0,0,0,0,0,1048576,0
6408,0,0,0,0,0,0,0,0,1048576,0
6409,0,0,0,0,0,0,0,0,1048576,0
6410,0,0,0,0,0,0,0,0,1048576,0
6411,0,0,0,0,0,0,0,0,1048576,0
6412,0,0,0,0,0,0,0,0,1048576,0
6413,0,0,0,0,0,0,0,0,0,0
6414,0,0,0,0,0,0,0,0,0,0
6415,0,0,0,0,0,0,0,0,1048576,0
6416,0,0,0,0,0,0,0,0,1048576,0
6417,0,0,0,0,0,0,0,0,1048576,0
6418,0,0,0,0,0,0,0,0,1048576,0
6419,0,0,0,0,0,0,0,0,1048576,0
6421,0,0,0,0,0,0,0,0,1048576,0
6422,0,0,0,0,0,0,0,0,0,0
6423,0,0,0,0,0,0,0,0,1048576,0
6424,0,0,0,0,0,0,0,0,1048576,0
6425,0,0,0,0,0,0,0,0,1048576,0
6426,0,0,0,0,0,0,0,0,1048576,0
6427,0,0,0,0,0,0,0,0,1048576,0
6428,0,0,0,0,0,0,0,0,1048576,0
6429,0,0,0,0,0,0,0,0,1048576,0
6430,0,0,0,0,0,0,0,0,1048576,0
6431,0,0,0,0,0,0,0,0,1048576,0
6432,0,0,0,0,0,0,0,0,0,0
6433,0,0,0,0,0,0,0,0,1048576,0
6434,0,0,0,0,0,0,0,0,1048576,0
6436,0,0,0,0,0,0,0,0,0,0
6437,0,0,0,0,0,0,0,0,1048576,0
6438,0,0,0,0,0,0,0,0,0,0
6439,0,0,0,0,0,0,0,0,1048576,0
6440,0,0,0,0,0,0,0,0,0,0
6441,0,0,0,0,0,0,0,0,1048576,0
6442,0,0,0,0,0,0,0,0,1048576,0
6443,0,0,0,0,0,0,0,0,1048576,0
6444,0,0,0,0,0,0,0,0,0,0
6445,0,0,0,0,0,0,0,0,1048576,0
6446,0,0,0,0,0,0,0,0,1048576,0
6447,0,0,0,0,0,0,0,0,0,0
6448,0,0,0,0,0,0,0,0,1048576,0
6449,0,0,0,0,0,0,0,0,0,0
6450,0,0,0,0,0,0,0,0,1048576,0
6451,0,0,0,0,0,0,0,0,1048576,0
6452,0,0,0,0,0,0,0,0,1048576,0
6453,0,0,0,0,0,0,0,0,1048576,0
6454,0,0,0,0,0,0,0,0,1048576,0
6455,0,0,0,0,0,0,0,0,1048576,0
6456,0,0,0,0,0,0,0,0,1048576,0
6457,0,0,0,0,0,0,0,0,0,0
6458,0,0,0,0,0,0,0,0,0,0
6459,0,0,0,0,0,0,0,0,1048576,0
6460,0,0,0,0,0,0,0,0,0,0
6461,0,0,0,0,0,0,0,0,1048576,0
6462,0,0,0,0,0,0,0,0,0,0
6463,0,0,0,0,0,0,0,0,1048576,0
6464,0,0,0,0,0,0,0,0,1048576,0
6465,0,0,0,0,0,0,0,0,1048576,0
6466,0,0,0,0,0,0,0,0,1048576,0
6467,0,0,0,0,0,0,0,0,1048576,0
6468,0,0,0,0,0,0,0,0,1048576,0
6469,0,0,0,0,0,0,0,0,1048576,0
6470,0,0,0,0,0,0,0,0,1048576,0
6471,0,0,0,0,0,0,0,0,1048576,0
6472,0,0,0,0,0,0,0,0,1048576,0
6473,0,0,0,0,0,0,0,0,0,0
6474,0,0,0,0,0,0,0,0,0,0
6475,0,0,0,0,0,0,0,0,0,0
6476,0,0,0,0,0,0,0,0,1048576,0
6477,0,0,0,0,0,0,0,0,1048576,0
6478,0,0,0,0,0,0,0,0,0,0
6479,0,0,0,0,0,0,0,0,0,0
6480,0,0,0,0,0,0,0,0,1048576,0
6481,0,0,0,0,0,0,0,0,0,0
6482,0,0,0,0,0,0,0,0,1048576,0
6483,0,0,0,0,0,0,0,0,1048576,0
6484,0,0,0,0,0,0,0,0,1048576,0
6485,0,0,0,0,0,0,0,0,1048576,0
6486,0,0,0,0,0,0,0,0,1048576,0
6487,0,0,0,0,0,0,0,0,1048576,0
6488,0,0,0,0,0,0,0,0,0,0
6489,0,0,0,0,0,0,0,0,1048576,0
6490,0,0,0,0,0,0,0,0,1048576,0
6491,0,0,0,0,0,0,0,0,1048576,0
6492,0,0,0,0,0,0,0,0,1048576,0
6493,0,0,0,0,0,0,0,0,1048576,0
6494,0,0,0,0,0,0,0,0,0,0
6495,0,0,0,0,0,0,0,0,1048576,0
6496,0,0,0,0,0,0,0,0,1048576,0
6497,0,0,0,0,0,0,0,0,0,0
6498,0,0,0,0,0,0,0,0,1048576,0
6499,0,0,0,0,0,0,0,0,1048576,0
6500,0,0,0,0,0,0,0,0,1048576,0
6501,0,0,0,0,0,0,0,0,1048576,0
6502,0,0,0,0,0,0,0,0,1048576,0
6503,0,0,0,0,0,0,0,0,1048576,0
6504,0,0,0,0,0,0,0,0,1048576,0
6505,0,0,0,0,0,0,0,0,1048576,0
6506,0,0,0,0,0,0,0,0,0,0
6507,0,0,0,0,0,0,0,0,1048576,0
6508,0,0,0,0,0,0,0,0,1048576,0
6509,0,0,0,0,0,0,0,0,1048576,0
6510,0,0,0,0,0,0,0,0,1048576,0
6511,0,0,0,0,0,0,0,0,0,0
6512,0,0,0,0,0,0,0,0,1048576,0
6513,0,0,0,0,0,0,0,0,3145728,0
6514,0,0,0,0,0,0,0,0,1048576,0
6515,0,0,0,0,0,0,0,0,1048576,0
6516,0,0,0,0,0,0,0,0,0,0
6517,0,0,0,0,0,0,0,0,1048576,0
6518,0,0,0,0,0,0,0,0,1048576,0
6519,0,0,0,0,0,0,0,0,1048576,0
6520,0,0,0,0,0,0,0,0,1048576,0
6521,0,0,0,0,0,0,0,0,0,0
6522,0,0,0,0,0,0,0,0,0,0
6523,0,0,0,0,0,0,0,0,0,0
6524,0,0,0,0,0,0,0,0,0,0
6525,0,0,0,0,0,0,0,0,0,0
6526,0,0,0,0,0,0,0,0,0,0
6527,0,0,0,0,0,0,0,0,0,0
6528,0,0,0,0,0,0,0,0,0,0
6529,0,0,0,0,0,0,0,0,0,0
6530,0,0,0,0,0,0,0,0,0,0
6531,0,0,0,0,0,0,0,0,0,0
6532,0,0,0,0,0,0,0,0,1048576,0
6533,0,0,0,0,0,0,0,0,1048576,0
6534,0,0,0,0,0,0,0,0,1048576,0
6536,0,0,0,0,0,0,0,0,1048576,0
6537,0,0,0,0,0,0,0,0,1048576,0
6538,0,0,0,0,0,0,0,0,1048576,0
6539,0,0,0,0,0,0,0,0,0,0
6540,0,0,0,0,0,0,0,0,0,0
6541,0,0,0,0,0,0,0,0,1048576,0
6542,0,0,0,0,0,0,0,0,0,0
6543,0,0,0,0,0,0,0,0,1048576,0
6544,0,0,0,0,0,0,0,0,1048576,0
6545,0,0,0,0,0,0,0,0,1048576,0
6546,0,0,0,0,0,0,0,0,0,0
6547,0,0,0,0,0,0,0,0,0,0
6548,0,0,0,0,0,0,0,0,1048576,0
6549,0,0,0,0,0,0,0,0,1048576,0
6550,0,0,0,0,0,0,0,0,1048576,0
6551,0,0,0,0,0,0,0,0,0,0
6552,0,0,0,0,0,0,0,0,1048576,0
6553,0,0,0,0,0,0,0,0,1048576,0
6554,0,0,0,0,0,0,0,0,1048576,0
6555,0,0,0,0,0,0,0,0,1048576,0
6556,0,0,0,0,0,0,0,0,1048576,0
6557,0,0,0,0,0,0,0,0,0,0
6558,0,0,0,0,0,0,0,0,0,0
6559,0,0,0,0,0,0,0,0,0,0
6560,0,0,0,0,0,0,0,0,1048576,0
6561,0,0,0,0,0,0,0,0,1048576,0
6562,0,0,0,0,0,0,0,0,1048576,0
6563,0,0,0,0,0,0,0,0,1048576,0
6564,0,0,0,0,0,0,0,0,1048576,0
6565,0,0,0,0,0,0,0,0,1048576,0
6566,0,0,0,0,0,0,0,0,1048576,0
6567,0,0,0,0,0,0,0,0,1048576,0
6568,0,0,0,0,0,0,0,0,1048576,0
6569,0,0,0,0,0,0,0,0,1048576,0
6570,0,0,0,0,0,0,0,0,0,0
6571,0,0,0,0,0,0,0,0,1048576,0
6572,0,0,0,0,0,0,0,0,0,0
6573,0,0,0,0,0,0,0,0,1048576,0
6574,0,0,0,0,0,0,0,0,1048576,0
6575,0,0,0,0,0,0,0,0,1048576,0
6576,0,0,0,0,0,0,0,0,1048576,0
6577,0,0,0,0,0,0,0,0,1048576,0
6578,0,0,0,0,0,0,0,0,1048576,0
6579,0,0,0,0,0,0,0,0,1048576,0
6580,0,0,0,0,0,0,0,0,1048576,0
6581,0,0,0,0,0,0,0,0,1048576,0
6582,0,0,0,0,0,0,0,0,1048576,0
6583,0,0,0,0,0,0,0,0,1048576,0
6584,0,0,0,0,0,0,0,0,1048576,0
6585,0,0,0,0,0,0,0,0,1048576,0
6586,0,0,0,0,0,0,0,0,1048576,0
6587,0,0,0,0,0,0,0,0,0,0
6590,0,0,0,0,0,0,0,0,1048576,0
6591,0,0,0,0,0,0,0,0,0,0
6592,0,0,0,0,0,0,0,0,1048576,0
6593,0,0,0,0,0,0,0,0,1048576,0
6596,0,0,0,0,0,0,0,0,1048576,0
6597,0,0,0,0,0,0,0,0,1048576,0
6599,0,0,0,0,0,0,0,0,1048576,0
6600,0,0,0,0,0,0,0,0,0,0
6602,0,0,0,0,0,0,0,0,1048576,0
6603,0,0,0,0,0,0,0,0,0,0
6604,0,0,0,0,0,0,0,0,1048576,0
6605,0,0,0,0,0,0,0,0,1048576,0
6606,0,0,0,0,0,0,0,0,1048576,0
6609,0,0,0,0,0,0,0,0,1048640,0
6610,0,0,0,0,0,0,0,0,1048576,0
6611,0,0,0,0,0,0,0,0,1048576,0
6612,0,0,0,0,0,0,0,0,1048576,0
6616,0,0,0,0,0,0,0,0,0,0
6617,0,0,0,0,0,0,0,0,1048576,0
6618,0,0,0,0,0,0,0,0,1048576,0
6619,0,0,0,0,0,0,0,0,1048576,0
6620,0,0,0,0,0,0,0,0,1048576,0
6621,0,0,0,0,0,0,0,0,1048576,0
6622,0,0,0,0,0,0,0,0,1048576,0
6623,0,0,0,0,0,0,0,0,1048576,0
6624,0,0,0,0,0,0,0,0,1048576,0
6631,0,0,0,0,0,0,0,0,1048576,0
6632,0,0,0,0,0,0,0,0,1048576,0
6633,0,0,0,0,0,0,0,0,1048576,0
6636,0,0,0,0,0,0,0,0,1048576,0
6637,0,0,0,0,0,0,0,0,1048576,0
6638,0,0,0,0,0,0,0,0,1048640,0
6639,0,0,0,0,0,0,0,0,1048640,0
6643,0,0,0,0,0,0,0,0,0,0
6644,0,0,0,0,0,0,0,0,1048576,0
6650,0,0,0,0,0,0,0,0,1048576,0
6652,0,0,0,0,0,0,0,0,1048576,0
6654,0,0,0,0,0,0,0,0,1048576,0
6666,0,0,0,0,0,0,0,0,1048576,0
6682,0,0,0,0,0,0,0,0,1048576,0
6698,0,0,0,0,0,0,0,0,0,0
6708,0,0,0,0,0,0,0,0,1048576,0
6709,0,0,0,0,0,0,0,0,1048576,0
6717,0,0,0,0,0,0,0,0,1048576,0
6718,0,0,0,0,0,0,0,0,1048576,0
6723,0,0,0,0,0,0,0,0,1048576,0
6724,0,0,0,0,0,0,0,0,1048576,0
6728,0,0,0,0,0,0,0,0,1048576,0
6731,0,0,0,0,0,0,0,0,0,0
6745,0,0,0,0,0,0,0,0,1048576,0
6753,0,0,0,0,0,0,0,0,1048576,0
6756,0,0,0,0,0,0,0,0,1048576,0
6757,0,0,0,0,0,0,0,0,1048576,0
6769,0,0,0,0,0,0,0,0,1048576,0
6770,0,0,0,0,0,0,0,0,1048576,0
6775,0,0,0,0,0,0,0,0,1048576,0
6777,0,0,0,0,0,0,0,0,1048576,0
6778,0,0,0,0,0,0,0,0,1048576,0
6785,0,0,0,0,0,0,0,0,1048576,0
6804,0,0,0,0,0,0,0,0,1048576,0
6809,0,0,0,0,0,0,0,0,1048576,0
6810,0,0,0,0,0,0,0,0,1048576,0
6816,0,0,0,0,0,0,0,0,1048576,0
6817,0,0,0,0,0,0,0,0,1048576,0
6818,0,0,0,0,0,0,0,0,1048576,0
6823,0,0,0,0,0,0,0,0,1048576,0
6835,0,0,0,0,0,0,0,0,1048576,0
6837,0,0,0,0,0,0,0,0,1048576,0
6839,0,0,0,0,0,0,0,0,1048576,0
6840,0,0,0,0,0,0,0,0,1048576,0
6880,0,0,0,0,0,0,0,0,1048576,0
6898,0,0,0,0,0,0,0,0,1048576,0
6899,0,0,0,0,0,0,0,0,1048576,0
6915,0,0,0,0,0,0,0,0,1048576,0
6947,0,0,0,0,0,0,0,0,1048576,0
6949,0,0,0,0,0,0,0,0,0,0
6959,0,0,0,0,0,0,0,0,1048576,0
6963,0,0,0,0,0,0,0,0,1048576,0
6964,0,0,0,0,0,0,0,0,1048576,0
6965,0,0,0,0,0,0,0,0,1048576,0
6966,0,0,0,0,0,0,0,0,1048576,0
6967,0,0,0,0,0,0,0,0,1048576,0
6968,0,0,0,0,0,0,0,0,1048576,0
6973,0,0,0,0,0,0,0,0,1048576,0
7004,0,0,0,0,0,0,0,0,1048576,0
7050,0,0,0,0,0,0,0,0,0,0
7085,0,0,0,0,0,0,0,0,1048576,0
7086,0,0,0,0,0,0,0,0,1048576,0
7108,0,0,0,0,0,0,0,0,1048576,0
7120,0,0,0,0,0,0,0,0,1048576,0
7135,0,0,0,0,0,0,0,0,1048576,0
7146,0,0,0,0,0,0,0,0,1048576,0
7295,0,0,0,0,0,0,0,0,1048576,0
7360,0,0,0,0,0,0,0,0,0,0
7401,0,0,0,0,0,0,0,0,1048576,0
7449,0,0,0,0,0,0,0,0,1048576,0
7479,0,0,0,0,0,0,0,0,0,0
7637,0,0,0,0,0,0,0,0,0,0
7700,0,0,0,0,0,0,0,0,0,0
7726,0,0,0,0,0,0,0,0,1048576,0
7727,0,0,0,0,0,0,0,0,1048576,0
7815,0,0,0,0,0,0,0,0,1048576,0
8078,0,0,0,0,0,0,0,0,1048576,0
8141,0,0,0,0,0,0,0,0,0,0
8142,0,0,0,0,0,0,0,0,0,0
8224,0,0,0,0,0,0,0,0,1048576,0
8225,0,0,0,0,0,0,0,0,1048576,0
8643,0,0,0,0,0,0,0,0,1048576,0
8712,0,0,0,0,0,0,0,0,1048576,0
9179,0,0,0,0,0,0,0,0,1048576,0
9208,0,0,0,0,0,0,0,0,1048576,0
9389,0,0,0,0,0,0,0,0,1048576,0
9543,0,0,0,0,0,0,0,0,1048576,0
9840,0,0,0,0,0,0,0,0,0,0
9841,0,0,0,0,0,0,0,0,0,0
9842,0,0,0,0,0,0,0,0,0,0
9844,0,0,0,0,0,0,0,0,0,0
9846,0,0,0,0,0,0,0,0,0,0
9849,0,0,0,0,0,0,0,0,0,0
9854,0,0,0,0,0,0,0,0,0,0
9855,0,0,0,0,0,0,0,0,0,0
9856,0,0,0,0,0,0,0,0,0,0
9884,0,0,0,0,0,0,0,0,0,0
9885,0,0,0,0,0,0,0,0,0,0
10123,0,0,0,0,0,0,0,0,0,0
10129,0,0,0,0,0,0,0,0,0,0
10149,0,0,0,0,0,0,0,0,1024,0
10285,0,0,0,0,0,0,0,0,0,0
10289,0,0,0,0,0,0,0,0,0,0
10386,0,0,0,0,0,0,0,0,0,0
10399,0,0,0,0,0,0,0,0,0,0
10405,0,0,0,0,0,0,0,0,0,0
10415,0,0,0,0,0,0,0,0,0,0
10453,0,0,0,0,0,0,0,0,0,0
10459,0,0,0,0,0,0,0,0,0,0
10582,0,0,0,0,0,0,0,0,0,0
10583,0,0,0,0,0,0,0,0,0,0
10649,0,0,0,0,0,0,0,0,0,0
10688,0,0,0,0,0,0,0,0,0,0
10689,0,0,0,0,0,0,0,0,0,0
10690,0,0,0,0,0,0,0,0,0,0
10691,0,0,0,0,0,0,0,0,0,0
10693,0,0,0,0,0,0,0,0,0,0
10694,0,0,0,0,0,0,0,0,0,0
10695,0,0,0,0,0,0,0,0,0,0
10696,0,0,0,0,0,0,0,0,0,0
10726,0,0,0,0,0,0,0,0,0,0
10727,0,0,0,0,0,0,0,0,0,0
10779,0,0,0,0,0,0,0,0,0,0
10782,0,0,0,0,0,0,0,0,0,0
10787,0,0,0,0,0,0,0,0,0,0
10788,0,0,0,0,0,0,0,0,0,0
10801,0,0,0,0,0,0,0,0,0,0
10802,0,0,0,0,0,0,0,0,0,0
10828,0,0,0,0,0,0,0,0,0,0
10866,0,0,0,0,0,0,0,0,0,0
10868,0,0,0,0,0,0,0,0,0,0
10869,0,0,0,0,0,0,0,0,0,0
10877,0,0,0,0,0,0,0,0,0,0
10924,0,0,0,0,0,0,0,0,0,0
10927,0,0,0,0,0,0,0,0,0,0
10971,0,0,0,0,0,0,0,0,0,0
10975,0,0,0,0,0,0,0,0,0,0
10991,0,0,0,0,0,0,0,0,0,0
10992,0,0,0,0,0,0,0,0,0,0
10994,0,0,0,0,0,0,0,0,0,0
11005,0,0,0,0,0,0,0,0,0,0
11014,0,0,0,0,0,0,0,0,0,0
11015,0,0,0,0,0,0,0,0,0,0
11038,0,0,0,0,0,0,0,0,0,0
11039,0,0,0,0,0,0,0,0,0,0
11040,0,0,0,0,0,0,0,0,0,0
11041,0,0,0,0,0,0,0,0,0,0
11088,0,0,0,0,0,0,0,0,0,0
11089,0,0,0,0,0,0,0,0,0,0
11091,0,0,0,0,0,0,0,0,0,0
11100,0,0,0,0,0,0,0,0,0,0
11115,0,0,0,0,0,0,0,0,0,0
11186,0,0,0,0,0,0,0,0,0,0
11191,0,0,0,0,0,0,0,0,0,0
11192,0,0,0,0,0,0,0,0,0,0
11193,0,0,0,0,0,0,0,0,0,0
11194,0,0,0,0,0,0,0,0,0,0
11228,0,0,0,0,0,0,0,0,0,0
11342,0,0,0,0,0,0,0,0,0,0
11343,0,0,0,0,0,0,0,0,3,0
11383,0,0,0,0,0,0,0,0,0,0
11384,0,0,0,0,0,0,0,0,0,0
11405,0,0,0,0,0,0,0,0,0,0
11408,0,0,0,0,0,0,0,0,0,0
11409,0,0,0,0,0,0,0,0,0,0
11421,0,0,0,0,0,0,0,0,0,0
11506,0,0,0,0,0,0,0,0,0,0
11528,0,0,0,0,0,0,0,0,0,0
11690,0,0,0,0,0,0,0,0,0,0
11736,0,0,0,0,0,0,0,0,0,0
11737,0,0,0,0,0,0,0,0,0,0
11799,0,0,0,0,0,0,0,0,0,0
11844,0,0,0,0,0,0,0,0,0,0
11867,0,0,0,0,0,0,0,0,0,0
11872,0,0,0,0,0,0,0,0,0,0
11873,0,0,0,0,0,0,0,0,0,0
11876,0,0,0,0,0,0,0,0,0,0
12071,0,0,0,0,0,0,0,0,32,0
12081,0,0,0,0,0,0,0,0,2097152,0
12082,0,0,0,0,0,0,0,0,0,0
12185,0,0,0,0,0,0,0,0,0,0
12261,0,0,0,0,0,0,0,0,0,0
12286,0,0,0,0,0,0,0,0,0,0
12327,0,0,0,0,0,0,0,0,0,0
12846,0,0,0,0,0,0,0,0,0,0
13756,0,0,0,0,0,0,0,0,0,0
14471,0,0,0,0,0,0,0,0,0,0
19455,0,0,0,0,0,0,0,0,0,0
19456,0,0,0,0,0,0,0,0,0,0
19457,0,0,0,0,0,0,0,0,0,0
19458,0,0,0,0,0,0,0,0,0,0
19459,0,0,0,0,0,0,0,0,0,0
20515,0,0,0,0,0,0,0,0,0,0
20541,0,0,0,0,0,0,0,0,0,0
20714,0,0,0,0,0,0,0,0,0,0
40263,0,0,0,0,0,0,0,0,0,0
49044,0,0,0,0,0,0,0,0,0,0
49045,0,0,0,0,0,0,0,0,0,0
49046,0,0,0,0,0,0,0,0,0,0
55751,0,0,0,0,0,0,0,0,1048576,0
58821,0,0,0,0,0,0,0,0,0,0
58822,0,0,0,0,0,0,0,0,0,0
58823,0,0,0,0,0,0,0,0,0,0
58824,0,0,0,0,0,0,0,0,0,0
58825,0,0,0,0,0,0,0,0,0,0
58826,0,0,0,0,0,0,0,0,0,0
58827,0,0,0,0,0,0,0,0,0,0
58828,0,0,0,0,0,0,0,0,0,0
58829,0,0,0,0,0,0,0,0,0,0
58830,0,0,0,0,0,0,0,0,0,0
58831,0,0,0,0,0,0,0,0,0,0
58832,0,0,0,0,0,0,0,0,0,0
61385,0,0,0,0,0,0,0,0,0,0
61386,0,0,0,0,0,0,0,0,0,0
61387,0,0,0,0,0,0,0,0,0,0
61388,0,0,0,0,0,0,0,0,0,0
61389,0,0,0,0,0,0,0,0,0,0
61390,0,0,0,0,0,0,0,0,0,0
61391,0,0,0,0,0,0,0,0,0,0
61392,0,0,0,0,0,0,0,0,0,0
61393,0,0,0,0,0,0,0,0,0,0
61418,0,0,0,0,0,0,0,0,0,0
61419,0,0,0,0,0,0,0,0,0,0
61420,0,0,0,0,0,0,0,0,0,0
61421,0,0,0,0,0,0,0,0,0,0
61422,0,0,0,0,0,0,0,0,0,0
61423,0,0,0,0,0,0,0,0,0,0
61424,0,0,0,0,0,0,0,0,0,0
61425,0,0,0,0,0,0,0,0,0,0
61426,0,0,0,0,0,0,0,0,0,0
61427,0,0,0,0,0,0,0,0,0,0
61428,0,0,0,0,0,0,0,0,0,0
61430,0,0,0,0,0,0,0,0,0,0
61431,0,0,0,0,0,0,0,0,0,0
61432,0,0,0,0,0,0,0,0,0,0
61433,0,0,0,0,0,0,0,0,0,0
61434,0,0,0,0,0,0,0,0,0,0
61435,0,0,0,0,0,0,0,0,0,0
61436,0,0,0,0,0,0,0,0,0,0
61437,0,0,0,0,0,0,0,0,0,0
61438,0,0,0,0,0,0,0,0,0,0
61439,0,0,0,0,0,0,0,0,0,0
61440,0,0,0,0,0,0,0,0,0,0
61441,0,0,0,0,0,0,0,0,0,0
61442,0,0,0,0,0,0,0,0,0,0
61443,0,0,0,0,0,0,0,0,0,0
61444,0,0,0,0,0,0,0,0,0,0
61448,0,0,0,0,0,0,0,0,0,0
61449,0,0,0,0,0,0,0,0,0,0
61450,0,0,0,0,0,0,0,0,0,0
61451,0,0,0,0,0,0,0,0,0,0
61452,0,0,0,0,0,0,0,0,0,0
61453,0,0,0,0,0,0,0,0,0,0
61454,0,0,0,0,0,0,0,0,0,0
61455,0,0,0,0,0,0,0,0,0,0
61456,0,0,0,0,0,0,0,0,0,0
61457,0,0,0,0,0,0,0,0,0,0
61458,0,0,0,0,0,0,0,0,0,0
61459,0,0,0,0,0,0,0,0,0,0
61460,0,0,0,0,0,0,0,0,0,0
61461,0,0,0,0,0,0,0,0,0,0
61462,0,0,0,0,0,0,0,0,0,0
69224,0,0,0,0,0,0,0,0,0,0
69225,0,0,0,0,0,0,0,0,0,0
69226,0,0,0,0,0,0,0,0,0,0
71222,0,0,0,0,0,0,0,0,0,0
71367,0,0,0,0,0,0,0,0,0,0
71921,0,0,0,0,0,0,0,0,0,0
71931,0,0,0,0,0,0,0,0,0,0
71932,0,0,0,0,0,0,0,0,0,0
71933,0,0,0,0,0,0,0,0,0,0
71934,0,0,0,0,0,0,0,0,0,0
71935,0,0,0,0,0,0,0,0,0,0
71936,0,0,0,0,0,0,0,0,0,0
71937,0,0,0,0,0,0,0,0,0,0
71938,0,0,0,0,0,0,0,0,0,0
71939,0,0,0,0,0,0,0,0,0,0
71941,0,0,0,0,0,0,0,0,0,0
71942,0,0,0,0,0,0,0,0,0,0
71943,0,0,0,0,0,0,0,0,0,0
71944,0,0,0,0,0,0,0,0,0,0
71945,0,0,0,0,0,0,0,0,0,0
71946,0,0,0,0,0,0,0,0,0,0
71947,0,0,0,0,0,0,0,0,0,0
71949,0,0,0,0,0,0,0,0,0,0
71950,0,0,0,0,0,0,0,0,0,0
71951,0,0,0,0,0,0,0,0,0,0
72053,0,0,0,0,0,0,0,0,0,0
72054,0,0,0,0,0,0,0,0,0,0
72055,0,0,0,0,0,0,0,0,0,0
72056,0,0,0,0,0,0,0,0,0,0
72059,0,0,0,0,0,0,0,0,0,0
72060,0,0,0,0,0,0,0,0,0,0
72061,0,0,0,0,0,0,0,0,0,0
72062,0,0,0,0,0,0,0,0,0,0
72063,0,0,0,0,0,0,0,0,0,0
72070,0,0,0,0,0,0,0,0,0,0
72071,0,0,0,0,0,0,0,0,0,0
72072,0,0,0,0,0,0,0,0,0,0
72115,0,0,0,0,0,0,0,0,0,0
72116,0,0,0,0,0,0,0,0,0,0
72117,0,0,0,0,0,0,0,0,0,0
72118,0,0,0,0,0,0,0,0,0,0
72120,0,0,0,0,0,0,0,0,0,0
72121,0,0,0,0,0,0,0,0,0,0
72122,0,0,0,0,0,0,0,0,0,0
72123,0,0,0,0,0,0,0,0,0,0
72124,0,0,0,0,0,0,0,0,0,0
72125,0,0,0,0,0,0,0,0,0,0
72126,0,0,0,0,0,0,0,0,0,0
72127,0,0,0,0,0,0,0,0,0,0
72128,0,0,0,0,0,0,0,0,0,0
72129,0,0,0,0,0,0,0,0,0,0
72130,0,0,0,0,0,0,0,0,0,0
72131,0,0,0,0,0,0,0,0,0,0
72132,0,0,0,0,0,0,0,0,0,0
72133,0,0,0,0,0,0,0,0,0,0
72135,0,0,0,0,0,0,0,0,0,0
72136,0,0,0,0,0,0,0,0,0,0
72137,0,0,0,0,0,0,0,0,0,0
72138,0,0,0,0,0,0,0,0,0,0
72139,0,0,0,0,0,0,0,0,0,0
72140,0,0,0,0,0,0,0,0,0,0
91821,0,0,0,0,0,0,0,0,0,0
94440,0,0,0,0,0,0,0,0,0,0
94459,0,0,0,0,0,0,0,0,0,0
95601,0,0,0,0,0,0,0,0,0,0
106886,0,0,0,0,0,0,0,0,1064960,0
108822,0,0,0,0,0,0,0,0,0,0
109402,0,0,0,0,0,0,0,0,0,0
134500,0,0,0,0,0,0,0,0,0,0
135448,0,0,0,0,0,0,0,0,1048576,0
135449,0,0,0,0,0,0,0,0,1048576,0
140228,0,0,0,0,0,0,0,0,0,0
142171,0,0,0,0,0,0,0,0,1048576,0
142172,0,0,0,0,0,0,0,0,1048576,0
142344,0,0,0,0,0,0,0,0,1048576,0
142345,0,0,0,0,0,0,0,0,1048576,0
142538,0,0,0,0,0,0,0,0,1048576,0
142539,0,0,0,0,0,0,0,0,1048576,0
142540,0,0,0,0,0,0,0,0,1048576,0
142545,0,0,0,0,0,0,0,0,1048576,0
142747,0,0,0,0,0,0,0,0,1048576,0
143594,0,0,0,0,0,0,0,0,1048576,0
143655,0,0,0,0,0,0,0,0,1048576,0
143656,0,0,0,0,0,0,0,0,1048576,0
145080,0,0,0,0,0,0,0,0,1048576,0
152371,0,0,0,0,0,0,0,0,0,0
152372,0,0,0,0,0,0,0,0,0,0
152373,0,0,0,0,0,0,0,0,0,0
152374,0,0,0,0,0,0,0,0,0,0
152375,0,0,0,0,0,0,0,0,0,0
152376,0,0,0,0,0,0,0,0,0,0
152377,0,0,0,0,0,0,0,0,0,0
152378,0,0,0,0,0,0,0,0,0,0
152379,0,0,0,0,0,0,0,0,0,0
152380,0,0,0,0,0,0,0,0,0,0
152381,0,0,0,0,0,0,0,0,0,0
152382,0,0,0,0,0,0,0,0,0,0
152383,0,0,0,0,0,0,0,0,0,0
152384,0,0,0,0,0,0,0,0,0,0
152385,0,0,0,0,0,0,0,0,0,0
152386,0,0,0,0,0,0,0,0,0,0
152387,0,0,0,0,0,0,0,0,0,0
152388,0,0,0,0,0,0,0,0,0,0
152389,0,0,0,0,0,0,0,0,0,0
152390,0,0,0,0,0,0,0,0,0,0
152391,0,0,0,0,0,0,0,0,0,0
152392,0,0,0,0,0,0,0,0,0,0
152393,0,0,0,0,0,0,0,0,0,0
152394,0,0,0,0,0,0,0,0,0,0
152395,0,0,0,0,0,0,0,0,0,0
152396,0,0,0,0,0,0,0,0,0,0
152397,0,0,0,0,0,0,0,0,0,0
152398,0,0,0,0,0,0,0,0,0,0
152399,0,0,0,0,0,0,0,0,0,0
152400,0,0,0,0,0,0,0,0,0,0
152401,0,0,0,0,0,0,0,0,0,0
152402,0,0,0,0,0,0,0,0,0,0
152403,0,0,0,0,0,0,0,0,0,0
152404,0,0,0,0,0,0,0,0,0,0
152405,0,0,0,0,0,0,0,0,0,0
152406,0,0,0,0,0,0,0,0,0,0
152407,0,0,0,0,0,0,0,0,0,0
152408,0,0,0,0,0,0,0,0,0,0
152409,0,0,0,0,0,0,0,0,0,0
152410,0,0,0,0,0,0,0,0,0,0
152411,0,0,0,0,0,0,0,0,0,0
152412,0,0,0,0,0,0,0,0,0,0
152413,0,0,0,0,0,0,0,0,0,0
152414,0,0,0,0,0,0,0,0,0,0
152415,0,0,0,0,0,0,0,0,0,0
152416,0,0,0,0,0,0,0,0,0,0
152417,0,0,0,0,0,0,0,0,1048576,0
152418,0,0,0,0,0,0,0,0,0,0
152419,0,0,0,0,0,0,0,0,0,0
152420,0,0,0,0,0,0,0,0,0,0
152421,0,0,0,0,0,0,0,0,0,0
152422,0,0,0,0,0,0,0,0,0,0
152423,0,0,0,0,0,0,0,0,0,0
152424,0,0,0,0,0,0,0,0,0,0
152425,0,0,0,0,0,0,0,0,0,0
152426,0,0,0,0,0,0,0,0,0,0
152427,0,0,0,0,0,0,0,0,0,0
152428,0,0,0,0,0,0,0,0,0,0
152429,0,0,0,0,0,0,0,0,0,0
152430,0,0,0,0,0,0,0,0,0,0
152431,0,0,0,0,0,0,0,0,0,0
152432,0,0,0,0,0,0,0,0,0,0
152433,0,0,0,0,0,0,0,0,0,0
152434,0,0,0,0,0,0,0,0,0,0
152435,0,0,0,0,0,0,0,0,0,0
152436,0,0,0,0,0,0,0,0,0,0
152437,0,0,0,0,0,0,0,0,0,0
152438,0,0,0,0,0,0,0,0,0,0
152439,0,0,0,0,0,0,0,0,1048576,0
152440,0,0,0,0,0,0,0,0,0,0
152441,0,0,0,0,0,0,0,0,0,0
152442,0,0,0,0,0,0,0,0,0,0
152443,0,0,0,0,0,0,0,0,0,0
152444,0,0,0,0,0,0,0,0,0,0
152445,0,0,0,0,0,0,0,0,0,0
152446,0,0,0,0,0,0,0,0,0,0
152447,0,0,0,0,0,0,0,0,0,0
152448,0,0,0,0,0,0,0,0,0,0
152449,0,0,0,0,0,0,0,0,0,0
152450,0,0,0,0,0,0,0,0,0,0
152451,0,0,0,0,0,0,0,0,0,0
152452,0,0,0,0,0,0,0,0,0,0
152453,0,0,0,0,0,0,0,0,0,0
152454,0,0,0,0,0,0,0,0,0,0
152455,0,0,0,0,0,0,0,0,0,0
152456,0,0,0,0,0,0,0,0,0,0
152457,0,0,0,0,0,0,0,0,0,0
152458,0,0,0,0,0,0,0,0,0,0
152459,0,0,0,0,0,0,0,0,0,0
152460,0,0,0,0,0,0,0,0,0,0
152461,0,0,0,0,0,0,0,0,0,0
152462,0,0,0,0,0,0,0,0,0,0
152463,0,0,0,0,0,0,0,0,0,0
152464,0,0,0,0,0,0,0,0,0,0
152465,0,0,0,0,0,0,0,0,0,0
152466,0,0,0,0,0,0,0,0,0,0
152467,0,0,0,0,0,0,0,0,0,0
152468,0,0,0,0,0,0,0,0,0,0
152469,0,0,0,0,0,0,0,0,0,0
152470,0,0,0,0,0,0,0,0,0,0
152471,0,0,0,0,0,0,0,0,0,0
152472,0,0,0,0,0,0,0,0,0,0
152473,0,0,0,0,0,0,0,0,0,0
152474,0,0,0,0,0,0,0,0,0,0
152475,0,0,0,0,0,0,0,0,0,0
152476,0,0,0,0,0,0,0,0,0,0
152477,0,0,0,0,0,0,0,0,0,0
152478,0,0,0,0,0,0,0,0,0,0
152479,0,0,0,0,0,0,0,0,0,0
152480,0,0,0,0,0,0,0,0,0,0
152481,0,0,0,0,0,0,0,0,0,0
152482,0,0,0,0,0,0,0,0,0,0
152483,0,0,0,0,0,0,0,0,0,0
152484,0,0,0,0,0,0,0,0,0,0
152964,0,0,0,0,0,0,0,0,1048576,0
152969,0,0,0,0,0,0,0,0,0,0
153051,0,0,0,0,0,0,0,0,1048576,0
153053,0,0,0,0,0,0,0,0,1048576,0
153066,0,0,0,0,0,0,0,0,1048576,0
153088,0,0,0,0,0,0,0,0,1048576,0
153098,0,0,0,0,0,0,0,0,1048576,0
153100,0,0,0,0,0,0,0,0,0,0
153101,0,0,0,0,0,0,0,0,0,0
153102,0,0,0,0,0,0,0,0,0,0
153145,0,0,0,0,0,0,0,0,0,0
153230,0,0,0,0,0,0,0,0,1048576,0
153231,0,0,0,0,0,0,0,0,1048576,0
153232,0,0,0,0,0,0,0,0,1048576,0
153233,0,0,0,0,0,0,0,0,1048576,0
153234,0,0,0,0,0,0,0,0,1048576,0
153339,0,0,0,0,0,0,0,0,0,0
153352,0,0,0,0,0,0,0,0,0,0
153359,0,0,0,0,0,0,0,0,2097152,0
153360,0,0,0,0,0,0,0,0,1048576,0
153380,0,0,0,0,0,0,0,0,0,0
153383,0,0,0,0,0,0,0,0,0,0
153396,0,0,0,0,0,0,0,0,0,0
153398,0,0,0,0,0,0,0,0,0,0
153399,0,0,0,0,0,0,0,0,0,0
153401,0,0,0,0,0,0,0,0,0,0
153424,0,0,0,0,0,0,0,0,0,0
153425,0,0,0,0,0,0,0,0,0,0
153565,0,0,0,0,0,0,0,0,0,0
153566,0,0,0,0,0,0,0,0,0,0
154583,0,0,0,0,0,0,0,0,1048576,0
154588,0,0,0,0,0,0,0,0,1048576,0
154592,0,0,0,0,0,0,0,0,1048576,0
154593,0,0,0,0,0,0,0,0,1048576,0
154594,0,0,0,0,0,0,0,0,1048576,0
154686,0,0,0,0,0,0,0,0,0,0
154725,0,0,0,0,0,0,0,0,0,0
154726,0,0,0,0,0,0,0,0,0,0
154727,0,0,0,0,0,0,0,0,0,0
154728,0,0,0,0,0,0,0,0,0,0
154742,0,0,0,0,0,0,0,0,1048576,0
154779,0,0,0,0,0,0,0,0,0,0
154781,0,0,0,0,0,0,0,0,0,0
154922,0,0,0,0,0,0,0,0,1048576,0
154923,0,0,0,0,0,0,0,0,1048576,0
155012,0,0,0,0,0,0,0,0,1048576,0
155056,0,0,0,0,0,0,0,0,1048576,0
155075,0,0,0,0,0,0,0,0,1048576,0
155113,0,0,0,0,0,0,0,0,0,0
155115,0,0,0,0,0,0,0,0,131072,0
155116,0,0,0,0,0,0,0,0,0,0
155120,0,0,0,0,0,0,0,0,0,0
155125,0,0,0,0,0,0,0,0,0,0
155126,0,0,0,0,0,0,0,0,0,0
155128,0,0,0,0,0,0,0,0,0,0
155133,0,0,0,0,0,0,0,0,0,0
155134,0,0,0,0,0,0,0,0,0,0
155135,0,0,0,0,0,0,0,0,0,0
155136,0,0,0,0,0,0,0,0,0,0
155140,0,0,0,0,0,0,0,0,0,0
155151,0,0,0,0,0,0,0,0,0,0
155152,0,0,0,0,0,0,0,0,0,0
155157,0,0,0,0,0,0,0,0,0,0
155160,0,0,0,0,0,0,0,0,0,0
155180,0,0,0,0,0,0,0,0,0,0
155195,0,0,0,0,0,0,0,0,0,0
155196,0,0,0,0,0,0,0,0,0,0
155203,0,0,0,0,0,0,0,0,0,0
155206,0,0,0,0,0,0,0,0,0,0
155209,0,0,0,0,0,0,0,0,0,0
155210,0,0,0,0,0,0,0,0,0,0
155212,0,0,0,0,0,0,0,0,0,0
155214,0,0,0,0,0,0,0,0,0,0
155215,0,0,0,0,0,0,0,0,0,0
155216,0,0,0,0,0,0,0,0,0,0
155219,0,0,0,0,0,0,0,0,1048576,0
155237,0,0,0,0,0,0,0,0,1048576,0
155243,0,0,0,0,0,0,0,0,0,0
155304,0,0,0,0,0,0,0,0,1048576,0
155311,0,0,0,0,0,0,0,0,0,0
155313,0,0,0,0,0,0,0,0,0,0
155315,0,0,0,0,0,0,0,0,0,0
155316,0,0,0,0,0,0,0,0,0,0
155317,0,0,0,0,0,0,0,0,0,0
155324,0,0,0,0,0,0,0,0,1048576,0
155325,0,0,0,0,0,0,0,0,1048576,0
155360,0,0,0,0,0,0,0,0,0,0
155361,0,0,0,0,0,0,0,0,0,0
155362,0,0,0,0,0,0,0,0,0,0
155364,0,0,0,0,0,0,0,0,1048576,0
155366,0,0,0,0,0,0,0,0,0,0
155367,0,0,0,0,0,0,0,0,0,0
155368,0,0,0,0,0,0,0,0,0,0
155372,0,0,0,0,0,0,0,0,0,0
155373,0,0,0,0,0,0,0,0,0,0
155375,0,0,0,0,0,0,0,0,0,0
155376,0,0,0,0,0,0,0,0,0,0
155379,0,0,0,0,0,0,0,0,0,0
155380,0,0,0,0,0,0,0,0,0,0
155381,0,0,0,0,0,0,0,0,0,0
155407,0,0,0,0,0,0,0,0,0,0
155422,0,0,0,0,0,0,0,0,0,0
155429,0,0,0,0,0,0,0,0,0,0
155430,0,0,0,0,0,0,0,0,0,0
155431,0,0,0,0,0,0,0,0,0,0
155454,0,0,0,0,0,0,0,0,0,0
155484,0,0,0,0,0,0,0,0,32,0
155493,0,0,0,0,0,0,0,0,0,0
155494,0,0,0,0,0,0,0,0,0,0
155543,0,0,0,0,0,0,0,0,0,0
155544,0,0,0,0,0,0,0,0,0,0
155545,0,0,0,0,0,0,0,0,1048576,0
155547,0,0,0,0,0,0,0,0,0,0
155579,0,0,0,0,0,0,0,0,0,0
155596,0,0,0,0,0,0,0,0,0,0
155597,0,0,0,0,0,0,0,0,0,0
155606,0,0,0,0,0,0,0,0,0,0
155607,0,0,0,0,0,0,0,0,0,0
155608,0,0,0,0,0,0,0,0,0,0
155610,0,0,0,0,0,0,0,0,0,0
155611,0,0,0,0,0,0,0,0,0,0
155613,0,0,0,0,0,0,0,0,0,0
155614,0,0,0,0,0,0,0,0,0,0
155615,0,0,0,0,0,0,0,0,0,0
155616,0,0,0,0,0,0,0,0,0,0
155763,0,0,0,0,0,0,0,0,0,0
155766,0,0,0,0,0,0,0,0,0,0
156249,0,0,0,0,0,0,0,0,0,0
156250,0,0,0,0,0,0,0,0,0,0
156692,0,0,0,0,0,0,0,0,2048,0
156693,0,0,0,0,0,0,0,0,1048576,0
156713,0,0,0,0,0,0,0,0,0,0
156722,0,0,0,0,0,0,0,0,1048576,0
156724,0,0,0,0,0,0,0,0,1048576,0
156730,0,0,0,0,0,0,0,0,1048576,0
156734,0,0,0,0,0,0,0,0,1048576,0
156737,0,0,0,0,0,0,0,0,0,0
156742,0,0,0,0,0,0,0,0,0,0
156743,0,0,0,0,0,0,0,0,0,0
156760,0,0,0,0,0,0,0,0,0,0
156761,0,0,0,0,0,0,0,0,0,0
156767,0,0,0,0,0,0,0,0,0,0
156822,0,0,0,0,0,0,0,0,0,0
156823,0,0,0,0,0,0,0,0,0,0
156824,0,0,0,0,0,0,0,0,0,0
156825,0,0,0,0,0,0,0,0,0,0
156868,0,0,0,0,0,0,0,0,1048576,0
156883,0,0,0,0,0,0,0,0,0,0
156915,0,0,0,0,0,0,0,0,0,0
156916,0,0,0,0,0,0,0,0,0,0
156918,0,0,0,0,0,0,0,0,0,0
156977,0,0,0,0,0,0,0,0,0,0
157002,0,0,0,0,0,0,0,0,0,0
157068,0,0,0,0,0,0,0,0,1048576,0
157069,0,0,0,0,0,0,0,0,1048576,0
157076,0,0,0,0,0,0,0,0,0,0
157112,0,0,0,0,0,0,0,0,0,0
157128,0,0,0,0,0,0,0,0,0,0
157137,0,0,0,0,0,0,0,0,0,0
157189,0,0,0,0,0,0,0,0,1048576,0
157483,0,0,0,0,0,0,0,0,1048576,0
157484,0,0,0,0,0,0,0,0,1048576,0
157530,0,0,0,0,0,0,0,0,0,0
157534,0,0,0,0,0,0,0,0,0,0
174247,0,0,0,0,0,0,0,0,0,0
175329,0,0,0,0,0,0,0,0,0,0
175706,0,0,0,0,0,0,0,0,1048576,0
175708,0,0,0,0,0,0,0,0,1048588,0
175709,0,0,0,0,0,0,0,0,1048576,0
175732,0,0,0,0,0,0,0,0,1048576,0
176320,0,0,0,0,0,0,0,0,0,0
176389,0,0,0,0,0,0,0,0,0,0
176411,0,0,0,0,0,0,0,0,0,0
176541,0,0,0,0,0,0,0,0,1048576,0
176684,0,0,0,0,0,0,0,0,1048576,0
176699,0,0,0,0,0,0,0,0,1048576,0
176700,0,0,0,0,0,0,0,0,1048576,0
176714,0,0,0,0,0,0,0,0,1048576,0
176734,0,0,0,0,0,0,0,0,1048576,0
176735,0,0,0,0,0,0,0,0,1048576,0
176742,0,0,0,0,0,0,0,0,1048576,0
176743,0,0,0,0,0,0,0,0,1048576,0
176760,0,0,0,0,0,0,0,0,1048576,0
177414,0,0,0,0,0,0,0,0,0,0
177418,0,0,0,0,0,0,0,0,1048576,0
177480,0,0,0,0,0,0,0,0,1048576,0
177529,0,0,0,0,0,0,0,0,0,0
177542,0,0,0,0,0,0,0,0,1048576,0
177555,0,0,0,0,0,0,0,0,0,0
177557,0,0,0,0,0,0,0,0,1048576,0
177558,0,0,0,0,0,0,0,0,0,0
177748,0,0,0,0,0,0,0,0,0,0
177749,0,0,0,0,0,0,0,0,0,0
177752,0,0,0,0,0,0,0,0,1048576,0
177753,0,0,0,0,0,0,0,0,0,0
177754,0,0,0,0,0,0,0,0,1048576,0
177873,0,0,0,0,0,0,0,0,0,0
177897,0,0,0,0,0,0,0,0,1048576,0
177899,0,0,0,0,0,0,0,0,0,0
178954,0,0,0,0,0,0,0,0,0,0
180115,0,0,0,0,0,0,0,0,1048576,0
180386,0,0,0,0,0,0,0,0,1048576,0
180433,0,0,0,0,0,0,0,0,1048576,0
180434,0,0,0,0,0,0,0,0,1048576,0
180491,0,0,0,0,0,0,0,0,0,0
180503,0,0,0,0,0,0,0,0,0,0
180687,0,0,0,0,0,0,0,0,0,0
180707,0,0,0,0,0,0,0,0,1048576,0
180713,0,0,0,0,0,0,0,0,0,0
180729,0,0,0,0,0,0,0,0,0,0
181022,0,0,0,0,0,0,0,0,0,0
181288,0,0,0,0,0,0,0,0,1048576,0
181729,0,0,0,0,0,0,0,0,1048576,0
181831,0,0,0,0,0,0,0,0,1048576,0
182483,0,0,0,0,0,0,0,0,1048576,0
182509,0,0,0,0,0,0,0,0,0,0
182582,0,0,0,0,0,0,0,0,1048576,0
182589,0,0,0,0,0,0,0,0,0,0
182594,0,0,0,0,0,0,0,0,0,0
183798,0,0,0,0,0,0,0,0,1048576,0
183802,0,0,0,0,0,0,0,0,1048576,0
183803,0,0,0,0,0,0,0,0,1048576,0
185630,0,0,0,0,0,0,0,0,0,0
185751,0,0,0,0,0,0,0,0,0,0
185854,0,0,0,0,0,0,0,0,1048576,0
185861,0,0,0,0,0,0,0,0,1572864,0
185895,0,0,0,0,0,0,0,0,1048576,0
185896,0,0,0,0,0,0,0,0,1048576,0
185936,0,0,0,0,0,0,0,0,1048576,0
185941,0,0,0,0,0,0,0,0,0,0
186787,0,0,0,0,0,0,0,0,1048576,0
186973,0,0,0,0,0,0,0,0,1048576,0
187249,0,0,0,0,0,0,0,0,1048576,0
187824,0,0,0,0,0,0,0,0,1572864,0
188246,0,0,0,0,0,0,0,0,1048576,0
188247,0,0,0,0,0,0,0,0,1048576,0
188248,0,0,0,0,0,0,0,0,1048576,0
188249,0,0,0,0,0,0,0,0,1048576,0
188250,0,0,0,0,0,0,0,0,1048576,0
188392,0,0,0,0,0,0,0,0,1048576,0
188489,0,0,0,0,0,0,0,0,1572864,0
188708,0,0,0,0,0,0,0,0,1048576,0
188709,0,0,0,0,0,0,0,0,0,0
188710,0,0,0,0,0,0,0,0,1048576,0
188712,0,0,0,0,0,0,0,0,1572864,0
188776,0,0,0,0,0,0,0,0,0,0
188796,0,0,0,0,0,0,0,0,1048576,0
188885,0,0,0,0,0,0,0,0,0,0
188926,0,0,0,0,0,0,0,0,1048576,0
189239,0,0,0,0,0,0,0,0,1048576,0
189973,0,0,0,0,0,0,0,0,1048704,0
190016,0,0,0,0,0,0,0,0,1048576,0
190019,0,0,0,0,0,0,0,0,0,0
190020,0,0,0,0,0,0,0,0,1048576,0
190363,0,0,0,0,0,0,0,0,0,0
190393,0,0,0,0,0,0,0,0,1048576,0
190394,0,0,0,0,0,0,0,0,1048576,0
190418,0,0,0,0,0,0,0,0,3145728,0
190463,0,0,0,0,0,0,0,0,1048576,0
190528,0,0,0,0,0,0,0,0,1048640,0
190615,0,0,0,0,0,0,0,0,1048576,0
190635,0,0,0,0,0,0,0,0,0,0
190837,0,0,0,0,0,0,0,0,0,0
190855,0,0,0,0,0,0,0,0,1048576,0
190859,0,0,0,0,0,0,0,0,1074790912,0
190918,0,0,0,0,0,0,0,0,1074790400,0
190920,0,0,0,0,0,0,0,0,0,0
190922,0,0,0,0,0,0,0,0,1048576,0
190924,0,0,0,0,0,0,0,0,1048576,0
190930,0,0,0,0,0,0,0,0,1074790912,0
190957,0,0,0,0,0,0,0,0,0,0
191156,0,0,0,0,0,0,0,0,1048576,0
191397,0,0,0,0,0,0,0,0,1048576,0
191400,0,0,0,0,0,0,0,0,0,0
191484,0,0,0,0,0,0,0,0,1048576,0
191558,0,0,0,0,0,0,0,0,0,0
191607,0,0,0,0,0,0,0,0,1048576,0
191676,0,0,0,0,0,0,0,0,0,0
191773,0,0,0,0,0,0,0,0,0,0
191784,0,0,0,0,0,0,0,0,3145728,0
191788,0,0,0,0,0,0,0,0,1048576,0
191897,0,0,0,0,0,0,0,0,1048576,0
192218,0,0,0,0,0,0,0,0,0,0
192219,0,0,0,0,0,0,0,0,0,0
192420,0,0,0,0,0,0,0,0,0,0
192581,0,0,0,0,0,0,0,0,0,0
192874,0,0,0,0,0,0,0,0,1048576,0
193084,0,0,0,0,0,0,0,0,131072,0
193086,0,0,0,0,0,0,0,0,0,0
193090,0,0,0,0,0,0,0,0,0,0
193091,0,0,0,0,0,0,0,0,0,0
193094,0,0,0,0,0,0,0,0,0,0
193098,0,0,0,0,0,0,0,0,0,0
193100,0,0,0,0,0,0,0,0,1048576,0
193116,0,0,0,0,0,0,0,0,0,0
193118,0,0,0,0,0,0,0,0,0,0
193129,0,0,0,0,0,0,0,0,131072,0
193130,0,0,0,0,0,0,0,0,0,0
193133,0,0,0,0,0,0,0,0,0,0
193134,0,0,0,0,0,0,0,0,0,0
193135,0,0,0,0,0,0,0,0,0,0
193212,0,0,0,0,0,0,0,0,0,0
193213,0,0,0,0,0,0,0,0,0,0
193227,0,0,0,0,0,0,0,0,0,0
193228,0,0,0,0,0,0,0,0,0,0
193256,0,0,0,0,0,0,0,0,1048576,0
193320,0,0,0,0,0,0,0,0,1048576,0
193322,0,0,0,0,0,0,0,0,1048576,0
193333,0,0,0,0,0,0,0,0,0,0
193343,0,0,0,0,0,0,0,0,0,0
193355,0,0,0,0,0,0,0,0,0,0
193570,0,0,0,0,0,0,0,0,0,0
193571,0,0,0,0,0,0,0,0,0,0
193689,0,0,0,0,0,0,0,0,0,0
193706,0,0,0,0,0,0,0,0,0,0
193710,0,0,0,0,0,0,0,0,0,0
193714,0,0,0,0,0,0,0,0,0,0
193716,0,0,0,0,0,0,0,0,0,0
193722,0,0,0,0,0,0,0,0,0,0
193724,0,0,0,0,0,0,0,0,0,0
193731,0,0,0,0,0,0,0,0,0,0
193925,0,0,0,0,0,0,0,0,0,0
193930,0,0,0,0,0,0,0,0,0,0
193932,0,0,0,0,0,0,0,0,0,0
193933,0,0,0,0,0,0,0,0,0,0
194064,0,0,0,0,0,0,0,0,0,0
194096,0,0,0,0,0,0,0,0,0,0
194101,0,0,0,0,0,0,0,0,1048576,0
194144,0,0,0,0,0,0,0,0,0,0
194234,0,0,0,0,0,0,0,0,1048576,0
194296,0,0,0,0,0,0,0,0,0,0
194299,0,0,0,0,0,0,0,0,0,0
194302,0,0,0,0,0,0,0,0,0,0
194308,0,0,0,0,0,0,0,0,0,0
194375,0,0,0,0,0,0,0,0,0,0
194410,0,0,0,0,0,0,0,0,0,0
194435,0,0,0,0,0,0,0,0,1048576,0
194441,0,0,0,0,0,0,0,0,1048576,0
194442,0,0,0,0,0,0,0,0,1048576,0
194444,0,0,0,0,0,0,0,0,1048640,0
194449,0,0,0,0,0,0,0,0,1048576,0
194455,0,0,0,0,0,0,0,0,0,0
194456,0,0,0,0,0,0,0,0,1048576,0
194457,0,0,0,0,0,0,0,0,1048576,0
194461,0,0,0,0,0,0,0,0,0,0
194462,0,0,0,0,0,0,0,0,0,0
194463,0,0,0,0,0,0,0,0,1048576,0
194464,0,0,0,0,0,0,0,0,1048576,0
194465,0,0,0,0,0,0,0,0,1048576,0
194466,0,0,0,0,0,0,0,0,0,0
194469,0,0,0,0,0,0,0,0,1048576,0
194470,0,0,0,0,0,0,0,0,0,0
194471,0,0,0,0,0,0,0,0,1048576,0
194472,0,0,0,0,0,0,0,0,0,0
194473,0,0,0,0,0,0,0,0,1048576,0
194474,0,0,0,0,0,0,0,0,1048576,0
194475,0,0,0,0,0,0,0,0,1048576,0
194476,0,0,0,0,0,0,0,0,1048576,0
194526,0,0,0,0,0,0,0,0,1048576,0
194549,0,0,0,0,0,0,0,0,0,0
194556,0,0,0,0,0,0,0,0,1048576,0
194566,0,0,0,0,0,0,0,0,0,0
194567,0,0,0,0,0,0,0,0,0,0
194568,0,0,0,0,0,0,0,0,0,0
194569,0,0,0,0,0,0,0,0,0,0
194610,0,0,0,0,0,0,0,0,0,0
194613,0,0,0,0,0,0,0,0,0,0
194615,0,0,0,0,0,0,0,0,1048576,0
194710,0,0,0,0,0,0,0,0,1048576,0
194711,0,0,0,0,0,0,0,0,1074790912,0
194712,0,0,0,0,0,0,0,0,0,0
194713,0,0,0,0,0,0,0,0,1048576,0
194714,0,0,0,0,0,0,0,0,1048576,0
194716,0,0,0,0,0,0,0,0,0,0
194717,0,0,0,0,0,0,0,0,0,0
194718,0,0,0,0,0,0,0,0,0,0
194719,0,0,0,0,0,0,0,0,0,0
194771,0,0,0,0,0,0,0,0,0,0
194772,0,0,0,0,0,0,0,0,0,0
194803,0,0,0,0,0,0,0,0,0,0
194825,0,0,0,0,0,0,0,0,1048576,0
194826,0,0,0,0,0,0,0,0,1048576,0
194827,0,0,0,0,0,0,0,0,1048576,0
194828,0,0,0,0,0,0,0,0,1048576,0
194829,0,0,0,0,0,0,0,0,1048576,0
194830,0,0,0,0,0,0,0,0,1048576,0
194831,0,0,0,0,0,0,0,0,1048576,0
194867,0,0,0,0,0,0,0,0,1048576,0
194914,0,0,0,0,0,0,0,0,0,0
194915,0,0,0,0,0,0,0,0,0,0
194923,0,0,0,0,0,0,0,0,0,0
194927,0,0,0,0,0,0,0,0,0,0
194928,0,0,0,0,0,0,0,0,0,0
194933,0,0,0,0,0,0,0,0,0,0
194934,0,0,0,0,0,0,0,0,0,0
194935,0,0,0,0,0,0,0,0,0,0
194943,0,0,0,0,0,0,0,0,0,0
194944,0,0,0,0,0,0,0,0,0,0
194953,0,0,0,0,0,0,0,0,0,0
194954,0,0,0,0,0,0,0,0,0,0
194957,0,0,0,0,0,0,0,0,0,0
194961,0,0,0,0,0,0,0,0,0,0
194969,0,0,0,0,0,0,0,0,0,0
194971,0,0,0,0,0,0,0,0,0,0
194986,0,0,0,0,0,0,0,0,0,0
194988,0,0,0,0,0,0,0,0,1048576,0
194989,0,0,0,0,0,0,0,0,0,0
194990,0,0,0,0,0,0,0,0,0,0
194992,0,0,0,0,0,0,0,0,0,0
194994,0,0,0,0,0,0,0,0,0,0
194996,0,0,0,0,0,0,0,0,0,0
194998,0,0,0,0,0,0,0,0,0,0
195001,0,0,0,0,0,0,0,0,0,0
195002,0,0,0,0,0,0,0,0,0,0
195003,0,0,0,0,0,0,0,0,0,0
195006,0,0,0,0,0,0,0,0,0,0
195012,0,0,0,0,0,0,0,0,0,0
195013,0,0,0,0,0,0,0,0,0,0
195014,0,0,0,0,0,0,0,0,0,0
195018,0,0,0,0,0,0,0,0,0,0
195021,0,0,0,0,0,0,0,0,0,0
195029,0,0,0,0,0,0,0,0,0,0
195035,0,0,0,0,0,0,0,0,1048576,0
195039,0,0,0,0,0,0,0,0,0,0
195046,0,0,0,0,0,0,0,0,0,0
195054,0,0,0,0,0,0,0,0,0,0
195063,0,0,0,0,0,0,0,0,0,0
195100,0,0,0,0,0,0,0,0,0,0
195101,0,0,0,0,0,0,0,0,135168,0
195115,0,0,0,0,0,0,0,0,0,0
195130,0,0,0,0,0,0,0,0,0,0
195131,0,0,0,0,0,0,0,0,1048576,0
195132,0,0,0,0,0,0,0,0,1048576,0
195133,0,0,0,0,0,0,0,0,0,0
195153,0,0,0,0,0,0,0,0,0,0
195154,0,0,0,0,0,0,0,0,0,0
195155,0,0,0,0,0,0,0,0,131072,0
195161,0,0,0,0,0,0,0,0,0,0
195162,0,0,0,0,0,0,0,0,0,0
195164,0,0,0,0,0,0,0,0,0,0
195166,0,0,0,0,0,0,0,0,0,0
195168,0,0,0,0,0,0,0,0,0,0
195170,0,0,0,0,0,0,0,0,0,0
195172,0,0,0,0,0,0,0,0,0,0
195173,0,0,0,0,0,0,0,0,0,0
195174,0,0,0,0,0,0,0,0,0,0
195178,0,0,0,0,0,0,0,0,0,0
195179,0,0,0,0,0,0,0,0,0,0
195180,0,0,0,0,0,0,0,0,0,0
195181,0,0,0,0,0,0,0,0,0,0
195183,0,0,0,0,0,0,0,0,0,0
195184,0,0,0,0,0,0,0,0,0,0
195188,0,0,0,0,0,0,0,0,0,0
195193,0,0,0,0,0,0,0,0,0,0
195194,0,0,0,0,0,0,0,0,0,0
195197,0,0,0,0,0,0,0,0,0,0
195199,0,0,0,0,0,0,0,0,0,0
195201,0,0,0,0,0,0,0,0,0,0
195202,0,0,0,0,0,0,0,0,0,0
195205,0,0,0,0,0,0,0,0,0,0
195206,0,0,0,0,0,0,0,0,0,0
195207,0,0,0,0,0,0,0,0,0,0
195210,0,0,0,0,0,0,0,0,0,0
195212,0,0,0,0,0,0,0,0,0,0
195217,0,0,0,0,0,0,0,0,0,0
195219,0,0,0,0,0,0,0,0,0,0
195220,0,0,0,0,0,0,0,0,0,0
195221,0,0,0,0,0,0,0,0,0,0
195227,0,0,0,0,0,0,0,0,0,0
195245,0,0,0,0,0,0,0,0,0,0
195256,0,0,0,0,0,0,0,0,0,0
195273,0,0,0,0,0,0,0,0,0,0
195279,0,0,0,0,0,0,0,0,0,0
195295,0,0,0,0,0,0,0,0,0,0
195297,0,0,0,0,0,0,0,0,0,0
195331,0,0,0,0,0,0,0,0,0,0
195333,0,0,0,0,0,0,0,0,0,0
195339,0,0,0,0,0,0,0,0,0,0
195344,0,0,0,0,0,0,0,0,0,0
195428,0,0,0,0,0,0,0,0,0,0
195435,0,0,0,0,0,0,0,0,0,0
195451,0,0,0,0,0,0,0,0,1048608,0
195453,0,0,0,0,0,0,0,0,0,0
195456,0,0,0,0,0,0,0,0,0,0
195486,0,0,0,0,0,0,0,0,0,0
195487,0,0,0,0,0,0,0,0,1048576,0
195488,0,0,0,0,0,0,0,0,1048576,0
195492,0,0,0,0,0,0,0,0,1048576,0
195493,0,0,0,0,0,0,0,0,1073741824,0
195533,0,0,0,0,0,0,0,0,1048576,0
195535,0,0,0,0,0,0,0,0,1048576,0
195543,0,0,0,0,0,0,0,0,1048576,0
195548,0,0,0,0,0,0,0,0,1048576,0
195549,0,0,0,0,0,0,0,0,1048576,0
195557,0,0,0,0,0,0,0,0,0,0
195558,0,0,0,0,0,0,0,0,1048576,0
195559,0,0,0,0,0,0,0,0,1048576,0
195561,0,0,0,0,0,0,0,0,1048576,0
195562,0,0,0,0,0,0,0,0,1048576,0
195563,0,0,0,0,0,0,0,0,1048576,0
195564,0,0,0,0,0,0,0,0,1048576,0
195565,0,0,0,0,0,0,0,0,1048576,0
195566,0,0,0,0,0,0,0,0,1048576,0
195567,0,0,0,0,0,0,0,0,1048576,0
195568,0,0,0,0,0,0,0,0,1048576,0
195569,0,0,0,0,0,0,0,0,1048576,0
195572,0,0,0,0,0,0,0,0,1048576,0
195573,0,0,0,0,0,0,0,0,1048576,0
195580,0,0,0,0,0,0,0,0,0,0
195628,0,0,0,0,0,0,0,0,0,0
195645,0,0,0,0,0,0,0,0,1048576,0
195646,0,0,0,0,0,0,0,0,0,0
195663,0,0,0,0,0,0,0,0,1074790912,0
195665,0,0,0,0,0,0,0,0,1074790912,0
195746,0,0,0,0,0,0,0,0,1073741824,0
195747,0,0,0,0,0,0,0,0,0,0
195748,0,0,0,0,0,0,0,0,0,0
195749,0,0,0,0,0,0,0,0,1048576,0
195750,0,0,0,0,0,0,0,0,0,0
195751,0,0,0,0,0,0,0,0,0,0
195752,0,0,0,0,0,0,0,0,0,0
195755,0,0,0,0,0,0,0,0,0,0
195756,0,0,0,0,0,0,0,0,0,0
195757,0,0,0,0,0,0,0,0,0,0
195766,0,0,0,0,0,0,0,0,1073741824,0
195771,0,0,0,0,0,0,0,0,1073741824,0
195891,0,0,0,0,0,0,0,0,0,0
195892,0,0,0,0,0,0,0,0,1048576,0
195893,0,0,0,0,0,0,0,0,0,0
195894,0,0,0,0,0,0,0,0,1048576,0
195895,0,0,0,0,0,0,0,0,0,0
195896,0,0,0,0,0,0,0,0,0,0
195898,0,0,0,0,0,0,0,0,1074790912,0
195899,0,0,0,0,0,0,0,0,0,0
195983,0,0,0,0,0,0,0,0,1048576,0
195984,0,0,0,0,0,0,0,0,0,0
195985,0,0,0,0,0,0,0,0,0,0
195986,0,0,0,0,0,0,0,0,0,0
195987,0,0,0,0,0,0,0,0,0,0
196109,0,0,0,0,0,0,0,0,0,0
196115,0,0,0,0,0,0,0,0,0,0
196119,0,0,0,0,0,0,0,0,0,0
196120,0,0,0,0,0,0,0,0,0,0
196133,0,0,0,0,0,0,0,0,0,0
196306,0,0,0,0,0,0,0,0,1048576,0
196312,0,0,0,0,0,0,0,0,0,0
196313,0,0,0,0,0,0,0,0,1048576,0
196328,0,0,0,0,0,0,0,0,0,0
196339,0,0,0,0,0,0,0,0,0,0
196346,0,0,0,0,0,0,0,0,0,0
196353,0,0,0,0,0,0,0,0,1048576,0
196354,0,0,0,0,0,0,0,0,0,0
196356,0,0,0,0,0,0,0,0,1048576,0
196450,0,0,0,0,0,0,0,0,1048576,0
196477,0,0,0,0,0,0,0,0,1048576,0
196478,0,0,0,0,0,0,0,0,1048576,0
196481,0,0,0,0,0,0,0,0,1048576,0
196482,0,0,0,0,0,0,0,0,1048576,0
196483,0,0,0,0,0,0,0,0,1048576,0
196484,0,0,0,0,0,0,0,0,1048576,0
196579,0,0,0,0,0,0,0,0,1048576,0
196580,0,0,0,0,0,0,0,0,0,0
196641,0,0,0,0,0,0,0,0,1048576,0
196644,0,0,0,0,0,0,0,0,0,0
196700,0,0,0,0,0,0,0,0,0,0
196763,0,0,0,0,0,0,0,0,0,0
196764,0,0,0,0,0,0,0,0,1048576,0
196769,0,0,0,0,0,0,0,0,1048576,0
196770,0,0,0,0,0,0,0,0,1048576,0
196771,0,0,0,0,0,0,0,0,0,0
196772,0,0,0,0,0,0,0,0,0,0
196773,0,0,0,0,0,0,0,0,0,0
196774,0,0,0,0,0,0,0,0,0,0
196776,0,0,0,0,0,0,0,0,0,0
196777,0,0,0,0,0,0,0,0,0,0
196778,0,0,0,0,0,0,0,0,0,0
196779,0,0,0,0,0,0,0,0,1048576,0
196780,0,0,0,0,0,0,0,0,1048576,0
196853,0,0,0,0,0,0,0,0,0,0
196956,0,0,0,0,0,0,0,0,0,0
196957,0,0,0,0,0,0,0,0,0,0
197058,0,0,0,0,0,0,0,0,0,0
197066,0,0,0,0,0,0,0,0,1048576,0
197071,0,0,0,0,0,0,0,0,12,0
197072,0,0,0,0,0,0,0,0,0,0
197103,0,0,0,0,0,0,0,0,0,0
197194,0,0,0,0,0,0,0,0,1048576,0
197271,0,0,0,0,0,0,0,0,0,0
197919,0,0,0,0,0,0,0,0,0,0
197924,0,0,0,0,0,0,0,0,0,0
198159,0,0,0,0,0,0,0,0,0,0
198162,0,0,0,0,0,0,0,0,0,0
198201,0,0,0,0,0,0,0,0,1048576,0
198204,0,0,0,0,0,0,0,0,1048576,0
198206,0,0,0,0,0,0,0,0,0,0
198240,0,0,0,0,0,0,0,0,1048576,0
198247,0,0,0,0,0,0,0,0,0,0
198377,0,0,0,0,0,0,0,0,0,0
198378,0,0,0,0,0,0,0,0,0,0
198381,0,0,0,0,0,0,0,0,12,0
198392,0,0,0,0,0,0,0,0,0,0
198434,0,0,0,0,0,0,0,0,0,0
198435,0,0,0,0,0,0,0,0,0,0
198436,0,0,0,0,0,0,0,0,0,0
198438,0,0,0,0,0,0,0,0,0,0
198441,0,0,0,0,0,0,0,0,0,0
198442,0,0,0,0,0,0,0,0,0,0
198444,0,0,0,0,0,0,0,0,0,0
198449,0,0,0,0,0,0,0,0,0,0
198451,0,0,0,0,0,0,0,0,0,0
198452,0,0,0,0,0,0,0,0,0,0
198453,0,0,0,0,0,0,0,0,0,0
198454,0,0,0,0,0,0,0,0,0,0
198455,0,0,0,0,0,0,0,0,0,0
198472,0,0,0,0,0,0,0,0,0,0
198478,0,0,0,0,0,0,0,0,0,0
198479,0,0,0,0,0,0,0,0,0,0
198480,0,0,0,0,0,0,0,0,0,0
198482,0,0,0,0,0,0,0,0,0,0
198501,0,0,0,0,0,0,0,0,1048576,0
198511,0,0,0,0,0,0,0,0,0,0
198513,0,0,0,0,0,0,0,0,0,0
198514,0,0,0,0,0,0,0,0,0,0
198528,0,0,0,0,0,0,0,0,0,0
198529,0,0,0,0,0,0,0,0,1048576,0
198543,0,0,0,0,0,0,0,0,0,0
198551,0,0,0,0,0,0,0,0,0,0
198589,0,0,0,0,0,0,0,0,0,0
198772,0,0,0,0,0,0,0,0,0,0
198773,0,0,0,0,0,0,0,0,0,0
198777,0,0,0,0,0,0,0,0,0,0
198809,0,0,0,0,0,0,0,0,0,0
198858,0,0,0,0,0,0,0,0,0,0
198859,0,0,0,0,0,0,0,0,0,0
198869,0,0,0,0,0,0,0,0,0,0
198878,0,0,0,0,0,0,0,0,0,0
198947,0,0,0,0,0,0,0,0,0,0
198988,0,0,0,0,0,0,0,0,0,0
198990,0,0,0,0,0,0,0,0,0,0
199072,0,0,0,0,0,0,0,0,0,0
199108,0,0,0,0,0,0,0,0,67109376,0
199128,0,0,0,0,0,0,0,0,0,0
199130,0,0,0,0,0,0,0,0,0,0
199138,0,0,0,0,0,0,0,0,0,0
199141,0,0,0,0,0,0,0,0,0,0
199171,0,0,0,0,0,0,0,0,0,0
199173,0,0,0,0,0,0,0,0,0,0
199174,0,0,0,0,0,0,0,0,0,0
199176,0,0,0,0,0,0,0,0,0,0
199178,0,0,0,0,0,0,0,0,0,0
199219,0,0,0,0,0,0,0,0,0,0
199220,0,0,0,0,0,0,0,0,1048576,0
199339,0,0,0,0,0,0,0,0,0,0
199360,0,0,0,0,0,0,0,0,0,0
199362,0,0,0,0,0,0,0,0,0,0
199417,0,0,0,0,0,0,0,0,1048576,0
199418,0,0,0,0,0,0,0,0,256,0
199419,0,0,0,0,0,0,0,0,256,0
199508,0,0,0,0,0,0,0,0,1048576,0
199520,0,0,0,0,0,0,0,0,0,0
199600,0,0,0,0,0,0,0,0,0,0
199627,0,0,0,0,0,0,0,0,0,0
199639,0,0,0,0,0,0,0,0,0,0
199647,0,0,0,0,0,0,0,0,1048576,0
199650,0,0,0,0,0,0,0,0,1048576,0
199651,0,0,0,0,0,0,0,0,1048576,0
199675,0,0,0,0,0,0,0,0,0,0
199677,0,0,0,0,0,0,0,0,1048576,0
199678,0,0,0,0,0,0,0,0,0,0
199698,0,0,0,0,0,0,0,0,0,0
199717,0,0,0,0,0,0,0,0,1048576,0
199730,0,0,0,0,0,0,0,0,1048576,0
199746,0,0,0,0,0,0,0,0,1048576,0
199747,0,0,0,0,0,0,0,0,1048576,0
199763,0,0,0,0,0,0,0,0,0,0
199768,0,0,0,0,0,0,0,0,0,0
199784,0,0,0,0,0,0,0,0,0,0
199796,0,0,0,0,0,0,0,0,1048576,0
199875,0,0,0,0,0,0,0,0,0,0
199876,0,0,0,0,0,0,0,0,1048576,0
199877,0,0,0,0,0,0,0,0,0,0
199878,0,0,0,0,0,0,0,0,0,0
199879,0,0,0,0,0,0,0,0,1048576,0
199880,0,0,0,0,0,0,0,0,1048576,0
199881,0,0,0,0,0,0,0,0,1048576,0
199882,0,0,0,0,0,0,0,0,1048576,0
199883,0,0,0,0,0,0,0,0,0,0
199884,0,0,0,0,0,0,0,0,0,0
199886,0,0,0,0,0,0,0,0,1048576,0
199887,0,0,0,0,0,0,0,0,1048576,0
199905,0,0,0,0,0,0,0,0,1048576,0
199952,0,0,0,0,0,0,0,0,1048576,0
199958,0,0,0,0,0,0,0,0,1048576,0
199959,0,0,0,0,0,0,0,0,1048576,0
199960,0,0,0,0,0,0,0,0,1048576,0
199961,0,0,0,0,0,0,0,0,1048576,0
199962,0,0,0,0,0,0,0,0,1048576,0
199963,0,0,0,0,0,0,0,0,1048576,0
199964,0,0,0,0,0,0,0,0,1048576,0
199966,0,0,0,0,0,0,0,0,0,0
199967,0,0,0,0,0,0,0,0,1048576,0
199972,0,0,0,0,0,0,0,0,0,0
199986,0,0,0,0,0,0,0,0,1048576,0
200039,0,0,0,0,0,0,0,0,0,0
200115,0,0,0,0,0,0,0,0,0,0
200116,0,0,0,0,0,0,0,0,0,0
200117,0,0,0,0,0,0,0,0,0,0
200118,0,0,0,0,0,0,0,0,0,0
200119,0,0,0,0,0,0,0,0,0,0
200183,0,0,0,0,0,0,0,0,1048576,0
200187,0,0,0,0,0,0,0,0,0,0
200193,0,0,0,0,0,0,0,0,1048576,0
200196,0,0,0,0,0,0,0,0,1048576,0
200221,0,0,0,0,0,0,0,0,0,0
200228,0,0,0,0,0,0,0,0,0,0
200231,0,0,0,0,0,0,0,0,0,0
200295,0,0,0,0,0,0,0,0,1048576,0
200306,0,0,0,0,0,0,0,0,0,0
200352,0,0,0,0,0,0,0,0,0,0
200384,0,0,0,0,0,0,0,0,0,0
200389,0,0,0,0,0,0,0,0,0,0
200390,0,0,0,0,0,0,0,0,0,0
200391,0,0,0,0,0,0,0,0,1048576,0
200392,0,0,0,0,0,0,0,0,1048576,0
200399,0,0,0,0,0,0,0,0,1048576,0
200400,0,0,0,0,0,0,0,0,0,0
200406,0,0,0,0,0,0,0,0,1048576,0
200408,0,0,0,0,0,0,0,0,0,0
200417,0,0,0,0,0,0,0,0,1048576,0
200435,0,0,0,0,0,0,0,0,1048576,0
200448,0,0,0,0,0,0,0,0,1048576,0
200467,0,0,0,0,0,0,0,0,1048576,0
200468,0,0,0,0,0,0,0,0,1048576,0
200470,0,0,0,0,0,0,0,0,1048576,0
200478,0,0,0,0,0,0,0,0,1075053568,0
200508,0,0,0,0,0,0,0,0,1048576,0
200511,0,0,0,0,0,0,0,0,0,0
200526,0,0,0,0,0,0,0,0,0,0
200527,0,0,0,0,0,0,0,0,0,0
200529,0,0,0,0,0,0,0,0,1048576,0
200531,0,0,0,0,0,0,0,0,1048576,0
200533,0,0,0,0,0,0,0,0,131072,0
200534,0,0,0,0,0,0,0,0,0,0
200535,0,0,0,0,0,0,0,0,1048576,0
200536,0,0,0,0,0,0,0,0,0,0
200549,0,0,0,0,0,0,0,0,1048576,0
200551,0,0,0,0,0,0,0,0,0,0
200570,0,0,0,0,0,0,0,0,0,0
200572,0,0,0,0,0,0,0,0,0,0
200606,0,0,0,0,0,0,0,0,1048576,0
200607,0,0,0,0,0,0,0,0,1048576,0
200609,0,0,0,0,0,0,0,0,1048576,0
200616,0,0,0,0,0,0,0,0,1048576,0
200648,0,0,0,0,0,0,0,0,1048576,0
200656,0,0,0,0,0,0,0,0,1048576,0
200661,0,0,0,0,0,0,0,0,1048576,0
200662,0,0,0,0,0,0,0,0,1048576,0
200663,0,0,0,0,0,0,0,0,1048576,0
200666,0,0,0,0,0,0,0,0,0,0
200669,0,0,0,0,0,0,0,0,0,0
200676,0,0,0,0,0,0,0,0,0,0
200677,0,0,0,0,0,0,0,0,0,0
200678,0,0,0,0,0,0,0,0,1048576,0
200697,0,0,0,0,0,0,0,0,0,0
200720,0,0,0,0,0,0,0,0,0,0
200745,0,0,0,0,0,0,0,0,0,0
200786,0,0,0,0,0,0,0,0,0,0
200926,0,0,0,0,0,0,0,0,1048576,0
200936,0,0,0,0,0,0,0,0,1048576,0
200965,0,0,0,0,0,0,0,0,1048576,0
201031,0,0,0,0,0,0,0,0,0,0
201112,0,0,0,0,0,0,0,0,1048576,0
201117,0,0,0,0,0,0,0,0,0,0
201272,0,0,0,0,0,0,0,0,1048576,0
201303,0,0,0,0,0,0,0,0,1048576,0
201304,0,0,0,0,0,0,0,0,1048576,0
201331,0,0,0,0,0,0,0,0,0,0
201364,0,0,0,0,0,0,0,0,0,0
201365,0,0,0,0,0,0,0,0,0,0
201408,0,0,0,0,0,0,0,0,0,0
201412,0,0,0,0,0,0,0,0,0,0
201422,0,0,0,0,0,0,0,0,0,0
201439,0,0,0,0,0,0,0,0,0,0
201724,0,0,0,0,0,0,0,0,0,0
201873,0,0,0,0,0,0,0,0,0,0
201926,0,0,0,0,0,0,0,0,0,0
201928,0,0,0,0,0,0,0,0,1048576,0
202037,0,0,0,0,0,0,0,0,0,0
202041,0,0,0,0,0,0,0,0,0,0
202312,0,0,0,0,0,0,0,0,1048576,0
202415,0,0,0,0,0,0,0,0,0,0
203053,0,0,0,0,0,0,0,0,0,0
203054,0,0,0,0,0,0,0,0,0,0
203654,0,0,0,0,0,0,0,0,262144,0
203780,0,0,0,0,0,0,0,0,0,0
205257,0,0,0,0,0,0,0,0,1048576,0
205478,0,0,0,0,0,0,0,0,0,0
205479,0,0,0,0,0,0,0,0,0,0
205482,0,0,0,0,0,0,0,0,0,0
205697,0,0,0,0,0,0,0,0,2097408,0
205743,0,0,0,0,0,0,0,0,0,0
205744,0,0,0,0,0,0,0,0,0,0
205745,0,0,0,0,0,0,0,0,0,0
205753,0,0,0,0,0,0,0,0,0,0
205754,0,0,0,0,0,0,0,0,0,0
206543,0,0,0,0,0,0,0,0,0,0
206544,0,0,0,0,0,0,0,0,0,0
206570,0,0,0,0,0,0,0,0,0,0
206571,0,0,0,0,0,0,0,0,2097152,0
207052,0,0,0,0,0,0,0,0,0,0
207053,0,0,0,0,0,0,0,0,0,0
207057,0,0,0,0,0,0,0,0,0,0
207058,0,0,0,0,0,0,0,0,0,0
207059,0,0,0,0,0,0,0,0,0,0
207060,0,0,0,0,0,0,0,0,0,0
207061,0,0,0,0,0,0,0,0,1048576,0
207147,0,0,0,0,0,0,0,0,1048576,0
207327,0,0,0,0,0,0,0,0,0,0
207330,0,0,0,0,0,0,0,0,0,0
207434,0,0,0,0,0,0,0,0,1048576,0
207469,0,0,0,0,0,0,0,0,0,0
207478,0,0,0,0,0,0,0,0,0,0
207583,0,0,0,0,0,0,0,0,1048576,0
207657,0,0,0,0,0,0,0,0,0,0
207693,0,0,0,0,0,0,0,0,0,0
207694,0,0,0,0,0,0,0,0,1048576,0
207695,0,0,0,0,0,0,0,0,1048576,0
207696,0,0,0,0,0,0,0,0,1048576,0
207697,0,0,0,0,0,0,0,0,0,0
207757,0,0,0,0,0,0,0,0,1048576,0
207758,0,0,0,0,0,0,0,0,1048576,0
207760,0,0,0,0,0,0,0,0,1048576,0
207761,0,0,0,0,0,0,0,0,1048576,0
207849,0,0,0,0,0,0,0,0,0,0
208110,0,0,0,0,0,0,0,0,0,0
208111,0,0,0,0,0,0,0,0,0,0
208112,0,0,0,0,0,0,0,0,0,0
208169,0,0,0,0,0,0,0,0,0,0
208171,0,0,0,0,0,0,0,0,0,0
208172,0,0,0,0,0,0,0,0,0,0
208235,0,0,0,0,0,0,0,0,0,0
208252,0,0,0,0,0,0,0,0,0,0
208312,0,0,0,0,0,0,0,0,1048576,0
208335,0,0,0,0,0,0,0,0,0,0
208336,0,0,0,0,0,0,0,0,0,0
208337,0,0,0,0,0,0,0,0,0,0
208338,0,0,0,0,0,0,0,0,0,0
208387,0,0,0,0,0,0,0,0,0,0
208397,0,0,0,0,0,0,0,0,0,0
208398,0,0,0,0,0,0,0,0,1048576,0
208399,0,0,0,0,0,0,0,0,0,0
208400,0,0,0,0,0,0,0,0,0,0
208401,0,0,0,0,0,0,0,0,0,0
208402,0,0,0,0,0,0,0,0,1048576,0
208403,0,0,0,0,0,0,0,0,0,0
208404,0,0,0,0,0,0,0,0,0,0
208405,0,0,0,0,0,0,0,0,1048576,0
208406,0,0,0,0,0,0,0,0,1048576,0
208407,0,0,0,0,0,0,0,0,1048576,0
208434,0,0,0,0,0,0,0,0,0,0
208441,0,0,0,0,0,0,0,0,0,0
208452,0,0,0,0,0,0,0,0,0,0
208453,0,0,0,0,0,0,0,0,0,0
208461,0,0,0,0,0,0,0,0,0,0
208492,0,0,0,0,0,0,0,0,0,0
208514,0,0,0,0,0,0,0,0,1048576,0
208516,0,0,0,0,0,0,0,0,0,0
208536,0,0,0,0,0,0,0,0,0,0
208545,0,0,0,0,0,0,0,0,0,0
208546,0,0,0,0,0,0,0,0,0,0
208547,0,0,0,0,0,0,0,0,0,0
208548,0,0,0,0,0,0,0,0,0,0
208549,0,0,0,0,0,0,0,0,0,0
208558,0,0,0,0,0,0,0,0,0,0
208576,0,0,0,0,0,0,0,0,1048576,0
208578,0,0,0,0,0,0,0,0,1048576,0
208579,0,0,0,0,0,0,0,0,1048576,0
208638,0,0,0,0,0,0,0,0,1572864,0
208643,0,0,0,0,0,0,0,0,1048576,0
208740,0,0,0,0,0,0,0,0,0,0
208753,0,0,0,0,0,0,0,0,1048576,0
208772,0,0,0,0,0,0,0,0,1048576,0
208774,0,0,0,0,0,0,0,0,1048576,0
208783,0,0,0,0,0,0,0,0,0,0
208785,0,0,0,0,0,0,0,0,0,0
208790,0,0,0,0,0,0,0,0,0,0
208791,0,0,0,0,0,0,0,0,1048576,0
208812,0,0,0,0,0,0,0,0,0,0
208813,0,0,0,0,0,0,0,0,0,0
208892,0,0,0,0,0,0,0,0,0,0
208939,0,0,0,0,0,0,0,0,0,0
208940,0,0,0,0,0,0,0,0,1048576,0
208961,0,0,0,0,0,0,0,0,0,0
209028,0,0,0,0,0,0,0,0,1048576,0
209125,0,0,0,0,0,0,0,0,1048576,0
209154,0,0,0,0,0,0,0,0,0,0
209183,0,0,0,0,0,0,0,0,0,0
209194,0,0,0,0,0,0,0,0,1048576,0
209219,0,0,0,0,0,0,0,0,0,0
209221,0,0,0,0,0,0,0,0,0,0
209236,0,0,0,0,0,0,0,0,1048576,0
209237,0,0,0,0,0,0,0,0,0,0
209238,0,0,0,0,0,0,0,0,1048576,0
209239,0,0,0,0,0,0,0,0,1572864,0
209268,0,0,0,0,0,0,0,0,1572864,0
209305,0,0,0,0,0,0,0,0,1048576,0
209306,0,0,0,0,0,0,0,0,1048576,0
209317,0,0,0,0,0,0,0,0,0,0
209318,0,0,0,0,0,0,0,0,0,0
209319,0,0,0,0,0,0,0,0,0,0
209325,0,0,0,0,0,0,0,0,1048576,0
209330,0,0,0,0,0,0,0,0,0,0
209331,0,0,0,0,0,0,0,0,0,0
209332,0,0,0,0,0,0,0,0,0,0
209333,0,0,0,0,0,0,0,0,0,0
209334,0,0,0,0,0,0,0,0,0,0
209337,0,0,0,0,0,0,0,0,0,0
209338,0,0,0,0,0,0,0,0,0,0
209339,0,0,0,0,0,0,0,0,1048576,0
209342,0,0,0,0,0,0,0,0,1048576,0
209343,0,0,0,0,0,0,0,0,0,0
209344,0,0,0,0,0,0,0,0,1048576,0
209345,0,0,0,0,0,0,0,0,1048576,0
209346,0,0,0,0,0,0,0,0,0,0
209389,0,0,0,0,0,0,0,0,1048576,0
209428,0,0,0,0,0,0,0,0,0,0
209462,0,0,0,0,0,0,0,0,0,0
209464,0,0,0,0,0,0,0,0,0,0
209475,0,0,0,0,0,0,0,0,0,0
209476,0,0,0,0,0,0,0,0,0,0
209477,0,0,0,0,0,0,0,0,1048576,0
209496,0,0,0,0,0,0,0,0,1048576,0
209497,0,0,0,0,0,0,0,0,1048576,0
209524,0,0,0,0,0,0,0,0,1048576,0
209525,0,0,0,0,0,0,0,0,0,0
209531,0,0,0,0,0,0,0,0,0,0
209533,0,0,0,0,0,0,0,0,0,0
209534,0,0,0,0,0,0,0,0,0,0
209535,0,0,0,0,0,0,0,0,0,0
209536,0,0,0,0,0,0,0,0,0,0
209541,0,0,0,0,0,0,0,0,0,0
209547,0,0,0,0,0,0,0,0,0,0
209550,0,0,0,0,0,0,0,0,0,0
209558,0,0,0,0,0,0,0,0,1048576,0
209561,0,0,0,0,0,0,0,0,0,0
209572,0,0,0,0,0,0,0,0,0,0
209573,0,0,0,0,0,0,0,0,0,0
209579,0,0,0,0,0,0,0,0,0,0
209585,0,0,0,0,0,0,0,0,0,0
209591,0,0,0,0,0,0,0,0,0,0
209603,0,0,0,0,0,0,0,0,0,0
209612,0,0,0,0,0,0,0,0,0,0
209615,0,0,0,0,0,0,0,0,0,0
209616,0,0,0,0,0,0,0,0,0,0
209617,0,0,0,0,0,0,0,0,0,0
209625,0,0,0,0,0,0,0,0,1048576,0
209632,0,0,0,0,0,0,0,0,512,0
209752,0,0,0,0,0,0,0,0,1048576,0
209755,0,0,0,0,0,0,0,0,0,0
209855,0,0,0,0,0,0,0,0,0,0
209875,0,0,0,0,0,0,0,0,0,0
209876,0,0,0,0,0,0,0,0,1048576,0
209893,0,0,0,0,0,0,0,0,0,0
209961,0,0,0,0,0,0,0,0,1048576,0
209999,0,0,0,0,0,0,0,0,0,0
210009,0,0,0,0,0,0,0,0,0,0
210025,0,0,0,0,0,0,0,0,0,0
210026,0,0,0,0,0,0,0,0,0,0
210030,0,0,0,0,0,0,0,0,0,0
210031,0,0,0,0,0,0,0,0,1048576,0
210032,0,0,0,0,0,0,0,0,1048576,0
210033,0,0,0,0,0,0,0,0,1048576,0
210038,0,0,0,0,0,0,0,0,0,0
210039,0,0,0,0,0,0,0,0,1048576,0
210046,0,0,0,0,0,0,0,0,0,0
210052,0,0,0,0,0,0,0,0,1048576,0
210053,0,0,0,0,0,0,0,0,1048576,0
210092,0,0,0,0,0,0,0,0,0,0
210094,0,0,0,0,0,0,0,0,0,0
210095,0,0,0,0,0,0,0,0,0,0
210107,0,0,0,0,0,0,0,0,1048576,0
210174,0,0,0,0,0,0,0,0,0,0
210365,0,0,0,0,0,0,0,0,0,0
210377,0,0,0,0,0,0,0,0,12,0
210403,0,0,0,0,0,0,0,0,1048576,0
210405,0,0,0,0,0,0,0,0,1048576,0
210406,0,0,0,0,0,0,0,0,0,0
210407,0,0,0,0,0,0,0,0,1048576,0
210411,0,0,0,0,0,0,0,0,0,0
210416,0,0,0,0,0,0,0,0,0,0
210417,0,0,0,0,0,0,0,0,0,0
210418,0,0,0,0,0,0,0,0,0,0
210422,0,0,0,0,0,0,0,0,1048576,0
210423,0,0,0,0,0,0,0,0,1048576,0
210425,0,0,0,0,0,0,0,0,1048576,0
210426,0,0,0,0,0,0,0,0,1048576,0
210427,0,0,0,0,0,0,0,0,1048576,0
210428,0,0,0,0,0,0,0,0,1048576,0
210437,0,0,0,0,0,0,0,0,0,0
210444,0,0,0,0,0,0,0,0,1048576,0
210449,0,0,0,0,0,0,0,0,1048576,0
210451,0,0,0,0,0,0,0,0,1048576,0
210457,0,0,0,0,0,0,0,0,0,0
210503,0,0,0,0,0,0,0,0,0,0
210530,0,0,0,0,0,0,0,0,1048576,0
210582,0,0,0,0,0,0,0,0,1048576,0
210621,0,0,0,0,0,0,0,0,1048576,0
210666,0,0,0,0,0,0,0,0,0,0
210667,0,0,0,0,0,0,0,0,0,0
210681,0,0,0,0,0,0,0,0,1048576,0
210697,0,0,0,0,0,0,0,0,0,0
210707,0,0,0,0,0,0,0,0,0,0
210708,0,0,0,0,0,0,0,0,1048576,0
210741,0,0,0,0,0,0,0,0,1048576,0
210995,0,0,0,0,0,0,0,0,1048576,0
211003,0,0,0,0,0,0,0,0,1048576,0
211017,0,0,0,0,0,0,0,0,0,0
211022,0,0,0,0,0,0,0,0,1048576,0
211121,0,0,0,0,0,0,0,0,0,0
211541,0,0,0,0,0,0,0,0,0,0
211602,0,0,0,0,0,0,0,0,0,0
211711,0,0,0,0,0,0,0,0,1048576,0
211778,0,0,0,0,0,0,0,0,0,0
211779,0,0,0,0,0,0,0,0,1572864,0
211990,0,0,0,0,0,0,0,0,0,0
211991,0,0,0,0,0,0,0,0,1048576,0
211992,0,0,0,0,0,0,0,0,1048576,0
211993,0,0,0,0,0,0,0,0,1048576,0
211994,0,0,0,0,0,0,0,0,1048576,0
212005,0,0,0,0,0,0,0,0,1048576,0
212156,0,0,0,0,0,0,0,0,1048576,0
212249,0,0,0,0,0,0,0,0,1048576,0
212346,0,0,0,0,0,0,0,0,1048576,0
212356,0,0,0,0,0,0,0,0,0,0
212415,0,0,0,0,0,0,0,0,0,0
212440,0,0,0,0,0,0,0,0,1048576,0
212478,0,0,0,0,0,0,0,0,0,0
212498,0,0,0,0,0,0,0,0,1048576,0
212500,0,0,0,0,0,0,0,0,0,0
212548,0,0,0,0,0,0,0,0,0,0
212557,0,0,0,0,0,0,0,0,0,0
212598,0,0,0,0,0,0,0,0,0,0
212624,0,0,0,0,0,0,0,0,1048576,0
212637,0,0,0,0,0,0,0,0,0,0
212657,0,0,0,0,0,0,0,0,1048576,0
212676,0,0,0,0,0,0,0,0,0,0
212683,0,0,0,0,0,0,0,0,0,0
212724,0,0,0,0,0,0,0,0,0,0
212725,0,0,0,0,0,0,0,0,0,0
212733,0,0,0,0,0,0,0,0,0,0
212746,0,0,0,0,0,0,0,0,1048576,0
212803,0,0,0,0,0,0,0,0,1048576,0
212804,0,0,0,0,0,0,0,0,0,0
212817,0,0,0,0,0,0,0,0,0,0
212818,0,0,0,0,0,0,0,0,1048576,0
212819,0,0,0,0,0,0,0,0,0,0
212823,0,0,0,0,0,0,0,0,1048576,0
212837,0,0,0,0,0,0,0,0,0,0
212840,0,0,0,0,0,0,0,0,0,0
212854,0,0,0,0,0,0,0,0,0,0
212860,0,0,0,0,0,0,0,0,0,0
212864,0,0,0,0,0,0,0,0,0,0
212867,0,0,0,0,0,0,0,0,1048576,0
212868,0,0,0,0,0,0,0,0,1048576,0
212869,0,0,0,0,0,0,0,0,1048576,0
212933,0,0,0,0,0,0,0,0,0,0
212952,0,0,0,0,0,0,0,0,1048576,0
212979,0,0,0,0,0,0,0,0,0,0
213083,0,0,0,0,0,0,0,0,0,0
213087,0,0,0,0,0,0,0,0,0,0
213089,0,0,0,0,0,0,0,0,0,0
213090,0,0,0,0,0,0,0,0,0,0
213091,0,0,0,0,0,0,0,0,0,0
213102,0,0,0,0,0,0,0,0,0,0
213131,0,0,0,0,0,0,0,0,0,0
213138,0,0,0,0,0,0,0,0,1048576,0
213140,0,0,0,0,0,0,0,0,1048576,0
213141,0,0,0,0,0,0,0,0,1048576,0
213300,0,0,0,0,0,0,0,0,1048576,0
213519,0,0,0,0,0,0,0,0,0,0
213528,0,0,0,0,0,0,0,0,1048576,0
213550,0,0,0,0,0,0,0,0,1048576,0
213557,0,0,0,0,0,0,0,0,1048576,0
213571,0,0,0,0,0,0,0,0,1048576,0
213639,0,0,0,0,0,0,0,0,1048576,0
213640,0,0,0,0,0,0,0,0,0,0
213641,0,0,0,0,0,0,0,0,1048576,0
213642,0,0,0,0,0,0,0,0,1048576,0
213643,0,0,0,0,0,0,0,0,1048576,0
213644,0,0,0,0,0,0,0,0,0,0
213839,0,0,0,0,0,0,0,0,0,0
213842,0,0,0,0,0,0,0,0,0,0
213851,0,0,0,0,0,0,0,0,1048576,0
213856,0,0,0,0,0,0,0,0,0,0
213859,0,0,0,0,0,0,0,0,0,0
213864,0,0,0,0,0,0,0,0,0,0
213875,0,0,0,0,0,0,0,0,0,0
213876,0,0,0,0,0,0,0,0,1048576,0
214012,0,0,0,0,0,0,0,0,0,0
214083,0,0,0,0,0,0,0,0,0,0
214138,0,0,0,0,0,0,0,0,131072,0
214212,0,0,0,0,0,0,0,0,0,0
214270,0,0,0,0,0,0,0,0,1048576,0
214273,0,0,0,0,0,0,0,0,1048576,0
214274,0,0,0,0,0,0,0,0,1048576,0
214275,0,0,0,0,0,0,0,0,1048576,0
214276,0,0,0,0,0,0,0,0,1048576,0
214277,0,0,0,0,0,0,0,0,1048576,0
214278,0,0,0,0,0,0,0,0,0,0
214394,0,0,0,0,0,0,0,0,0,0
214396,0,0,0,0,0,0,0,0,0,0
214477,0,0,0,0,0,0,0,0,1048576,0
214742,0,0,0,0,0,0,0,0,0,0
214753,0,0,0,0,0,0,0,0,0,0
214754,0,0,0,0,0,0,0,0,0,0
214755,0,0,0,0,0,0,0,0,0,0
214806,0,0,0,0,0,0,0,0,0,0
214807,0,0,0,0,0,0,0,0,0,0
214818,0,0,0,0,0,0,0,0,0,0
214843,0,0,0,0,0,0,0,0,1048576,0
214872,0,0,0,0,0,0,0,0,0,0
214877,0,0,0,0,0,0,0,0,0,0
214878,0,0,0,0,0,0,0,0,0,0
214903,0,0,0,0,0,0,0,0,67109376,0
214952,0,0,0,0,0,0,0,0,0,0
215024,0,0,0,0,0,0,0,0,0,0
215059,0,0,0,0,0,0,0,0,1048576,0
215081,0,0,0,0,0,0,0,0,0,0
215185,0,0,0,0,0,0,0,0,0,0
215194,0,0,0,0,0,0,0,0,0,0
215247,0,0,0,0,0,0,0,0,1048576,0
215312,0,0,0,0,0,0,0,0,0,0
215362,0,0,0,0,0,0,0,0,0,0
215383,0,0,0,0,0,0,0,0,1048576,0
215386,0,0,0,0,0,0,0,0,1048576,0
215387,0,0,0,0,0,0,0,0,1048576,0
215432,0,0,0,0,0,0,0,0,0,0
215434,0,0,0,0,0,0,0,0,1048576,0
215435,0,0,0,0,0,0,0,0,1048576,0
215436,0,0,0,0,0,0,0,0,1048576,0
215452,0,0,0,0,0,0,0,0,0,0
215461,0,0,0,0,0,0,0,0,0,0
215462,0,0,0,0,0,0,0,0,1048576,0
215463,0,0,0,0,0,0,0,0,0,0
215464,0,0,0,0,0,0,0,0,1048576,0
215470,0,0,0,0,0,0,0,0,0,0
215505,0,0,0,0,0,0,0,0,67109376,0
215506,0,0,0,0,0,0,0,0,67109376,0
215507,0,0,0,0,0,0,0,0,67109376,0
215508,0,0,0,0,0,0,0,0,67109376,0
215509,0,0,0,0,0,0,0,0,67109376,0
215510,0,0,0,0,0,0,0,0,67109376,0
215512,0,0,0,0,0,0,0,0,67109376,0
215513,0,0,0,0,0,0,0,0,67109376,0
215514,0,0,0,0,0,0,0,0,67109376,0
215515,0,0,0,0,0,0,0,0,67109376,0
215516,0,0,0,0,0,0,0,0,67109376,0
215517,0,0,0,0,0,0,0,0,67109376,0
215518,0,0,0,0,0,0,0,0,0,0
215523,0,0,0,0,0,0,0,0,67109376,0
215526,0,0,0,0,0,0,0,0,67109376,0
215530,0,0,0,0,0,0,0,0,67109376,0
215545,0,0,0,0,0,0,0,0,1048576,0
215546,0,0,0,0,0,0,0,0,1048576,0
215547,0,0,0,0,0,0,0,0,0,0
215548,0,0,0,0,0,0,0,0,0,0
215550,0,0,0,0,0,0,0,0,0,0
215553,0,0,0,0,0,0,0,0,0,0
215558,0,0,0,0,0,0,0,0,0,0
215560,0,0,0,0,0,0,0,0,0,0
215561,0,0,0,0,0,0,0,0,0,0
215562,0,0,0,0,0,0,0,0,0,0
215568,0,0,0,0,0,0,0,0,1048576,0
215569,0,0,0,0,0,0,0,0,1048576,0
215570,0,0,0,0,0,0,0,0,1048576,0
215581,0,0,0,0,0,0,0,0,0,0
215646,0,0,0,0,0,0,0,0,1048576,0
215649,0,0,0,0,0,0,0,0,1048576,0
215650,0,0,0,0,0,0,0,0,1048576,0
215651,0,0,0,0,0,0,0,0,1048576,0
215654,0,0,0,0,0,0,0,0,1048576,0
215659,0,0,0,0,0,0,0,0,1048576,0
215683,0,0,0,0,0,0,0,0,0,0
215684,0,0,0,0,0,0,0,0,0,0
215685,0,0,0,0,0,0,0,0,0,0
215686,0,0,0,0,0,0,0,0,0,0
215707,0,0,0,0,0,0,0,0,68157440,0
215727,0,0,0,0,0,0,0,0,0,0
215737,0,0,0,0,0,0,0,0,0,0
215739,0,0,0,0,0,0,0,0,0,0
215740,0,0,0,0,0,0,0,0,1048576,0
215741,0,0,0,0,0,0,0,0,0,0
215757,0,0,0,0,0,0,0,0,1048576,0
215761,0,0,0,0,0,0,0,0,512,0
215770,0,0,0,0,0,0,0,0,0,0
215774,0,0,0,0,0,0,0,0,0,0
215781,0,0,0,0,0,0,0,0,0,0
215888,0,0,0,0,0,0,0,0,1048576,0
215898,0,0,0,0,0,0,0,0,1048576,0
215899,0,0,0,0,0,0,0,0,1048576,0
215905,0,0,0,0,0,0,0,0,0,0
215911,0,0,0,0,0,0,0,0,0,0
215989,0,0,0,0,0,0,0,0,0,0
216055,0,0,0,0,0,0,0,0,1048576,0
216056,0,0,0,0,0,0,0,0,0,0
216057,0,0,0,0,0,0,0,0,0,0
216062,0,0,0,0,0,0,0,0,1048576,0
216063,0,0,0,0,0,0,0,0,1048576,0
216116,0,0,0,0,0,0,0,0,0,0
216125,0,0,0,0,0,0,0,0,1048576,0
216128,0,0,0,0,0,0,0,0,1048576,0
216129,0,0,0,0,0,0,0,0,0,0
216145,0,0,0,0,0,0,0,0,1048576,0
216152,0,0,0,0,0,0,0,0,0,0
216153,0,0,0,0,0,0,0,0,1048588,0
216154,0,0,0,0,0,0,0,0,1048576,0
216155,0,0,0,0,0,0,0,0,1048576,0
216233,0,0,0,0,0,0,0,0,1048576,0
216234,0,0,0,0,0,0,0,0,1048576,0
216235,0,0,0,0,0,0,0,0,1048576,0
216238,0,0,0,0,0,0,0,0,1048576,0
216239,0,0,0,0,0,0,0,0,0,0
216240,0,0,0,0,0,0,0,0,1048576,0
216244,0,0,0,0,0,0,0,0,1048576,0
216245,0,0,0,0,0,0,0,0,1048576,0
216250,0,0,0,0,0,0,0,0,1048576,0
216251,0,0,0,0,0,0,0,0,1048576,0
216252,0,0,0,0,0,0,0,0,1048576,0
216288,0,0,0,0,0,0,0,0,1048576,0
216295,0,0,0,0,0,0,0,0,0,0
216296,0,0,0,0,0,0,0,0,0,0
216298,0,0,0,0,0,0,0,0,0,0
216299,0,0,0,0,0,0,0,0,0,0
216300,0,0,0,0,0,0,0,0,0,0
216303,0,0,0,0,0,0,0,0,0,0
216308,0,0,0,0,0,0,0,0,0,0
216329,0,0,0,0,0,0,0,0,0,0
216448,0,0,0,0,0,0,0,0,1048576,0
216466,0,0,0,0,0,0,0,0,0,0
216467,0,0,0,0,0,0,0,0,0,0
216468,0,0,0,0,0,0,0,0,0,0
216469,0,0,0,0,0,0,0,0,0,0
216473,0,0,0,0,0,0,0,0,1048576,0
216475,0,0,0,0,0,0,0,0,1048576,0
216476,0,0,0,0,0,0,0,0,1048576,0
216486,0,0,0,0,0,0,0,0,0,0
216489,0,0,0,0,0,0,0,0,0,0
216491,0,0,0,0,0,0,0,0,1048576,0
216492,0,0,0,0,0,0,0,0,0,0
216565,0,0,0,0,0,0,0,0,0,0
216566,0,0,0,0,0,0,0,0,0,0
216573,0,0,0,0,0,0,0,0,1048576,0
216574,0,0,0,0,0,0,0,0,1048576,0
216621,0,0,0,0,0,0,0,0,0,0
216640,0,0,0,0,0,0,0,0,0,0
216641,0,0,0,0,0,0,0,0,0,0
216644,0,0,0,0,0,0,0,0,1048576,0
216650,0,0,0,0,0,0,0,0,0,0
216651,0,0,0,0,0,0,0,0,1048576,0
216653,0,0,0,0,0,0,0,0,1048576,0
216654,0,0,0,0,0,0,0,0,1048576,0
216656,0,0,0,0,0,0,0,0,1048576,0
216661,0,0,0,0,0,0,0,0,0,0
216662,0,0,0,0,0,0,0,0,1048576,0
216663,0,0,0,0,0,0,0,0,0,0
216664,0,0,0,0,0,0,0,0,1048576,0
216665,0,0,0,0,0,0,0,0,1048576,0
216666,0,0,0,0,0,0,0,0,1048576,0
216667,0,0,0,0,0,0,0,0,1048576,0
216668,0,0,0,0,0,0,0,0,1048576,0
216672,0,0,0,0,0,0,0,0,1048576,0
216675,0,0,0,0,0,0,0,0,1048576,0
216676,0,0,0,0,0,0,0,0,1048576,0
216734,0,0,0,0,0,0,0,0,0,0
216735,0,0,0,0,0,0,0,0,0,0
216736,0,0,0,0,0,0,0,0,0,0
216743,0,0,0,0,0,0,0,0,0,0
216747,0,0,0,0,0,0,0,0,0,0
216749,0,0,0,0,0,0,0,0,1048576,0
216786,0,0,0,0,0,0,0,0,0,0
216827,0,0,0,0,0,0,0,0,0,0
216829,0,0,0,0,0,0,0,0,0,0
216830,0,0,0,0,0,0,0,0,0,0
216845,0,0,0,0,0,0,0,0,0,0
216909,0,0,0,0,0,0,0,0,1048576,0
216917,0,0,0,0,0,0,0,0,1048576,0
216919,0,0,0,0,0,0,0,0,1048576,0
216920,0,0,0,0,0,0,0,0,0,0
217215,0,0,0,0,0,0,0,0,1048576,0
217344,0,0,0,0,0,0,0,0,0,0
217468,0,0,0,0,0,0,0,0,0,0
217469,0,0,0,0,0,0,0,0,524288,0
217470,0,0,0,0,0,0,0,0,0,0
217471,0,0,0,0,0,0,0,0,524288,0
217472,0,0,0,0,0,0,0,0,524288,0
217473,0,0,0,0,0,0,0,0,524288,0
218038,0,0,0,0,0,0,0,0,0,0
218039,0,0,0,0,0,0,0,0,0,0
218089,0,0,0,0,0,0,0,0,0,0
218092,0,0,0,0,0,0,0,0,0,0
218107,0,0,0,0,0,0,0,0,0,0
218987,0,0,0,0,0,0,0,0,0,0
219042,0,0,0,0,0,0,0,0,0,0
219096,0,0,0,0,0,0,0,0,0,0
219251,0,0,0,0,0,0,0,0,1048576,0
219252,0,0,0,0,0,0,0,0,1048576,0
219358,0,0,0,0,0,0,0,0,1048576,0
219359,0,0,0,0,0,0,0,0,1048576,0
219360,0,0,0,0,0,0,0,0,1048576,0
219375,0,0,0,0,0,0,0,0,524288,0
219379,0,0,0,0,0,0,0,0,524288,0
219383,0,0,0,0,0,0,0,0,524288,0
219385,0,0,0,0,0,0,0,0,524288,0
219386,0,0,0,0,0,0,0,0,524288,0
219500,0,0,0,0,0,0,0,0,1048576,0
219608,0,0,0,0,0,0,0,0,1048576,0
219610,0,0,0,0,0,0,0,0,1048576,0
219623,0,0,0,0,0,0,0,0,0,0
219624,0,0,0,0,0,0,0,0,0,0
219636,0,0,0,0,0,0,0,0,0,0
219637,0,0,0,0,0,0,0,0,0,0
219810,0,0,0,0,0,0,0,0,1048576,0
219811,0,0,0,0,0,0,0,0,1048576,0
219828,0,0,0,0,0,0,0,0,1048576,0
219829,0,0,0,0,0,0,0,0,1048576,0
219969,0,0,0,0,0,0,0,0,0,0
220103,0,0,0,0,0,0,0,0,0,0
220104,0,0,0,0,0,0,0,0,1048576,0
220105,0,0,0,0,0,0,0,0,1048576,0
220113,0,0,0,0,0,0,0,0,1048576,0
220114,0,0,0,0,0,0,0,0,1048576,0
220115,0,0,0,0,0,0,0,0,1048576,0
220128,0,0,0,0,0,0,0,0,1048576,0
220228,0,0,0,0,0,0,0,0,0,0
220239,0,0,0,0,0,0,0,0,0,0
220274,0,0,0,0,0,0,0,0,0,0
220591,0,0,0,0,0,0,0,0,1048576,0
220604,0,0,0,0,0,0,0,0,0,0
220610,0,0,0,0,0,0,0,0,1048576,0
220616,0,0,0,0,0,0,0,0,1048576,0
220666,0,0,0,0,0,0,0,0,1048576,0
220790,0,0,0,0,0,0,0,0,1048576,0
220791,0,0,0,0,0,0,0,0,0,0
220996,0,0,0,0,0,0,0,0,0,0
220997,0,0,0,0,0,0,0,0,0,0
220998,0,0,0,0,0,0,0,0,0,0
221016,0,0,0,0,0,0,0,0,0,0
221026,0,0,0,0,0,0,0,0,0,0
221028,0,0,0,0,0,0,0,0,0,0
221030,0,0,0,0,0,0,0,0,0,0
221032,0,0,0,0,0,0,0,0,0,0
221074,0,0,0,0,0,0,0,0,0,0
221076,0,0,0,0,0,0,0,0,0,0
221077,0,0,0,0,0,0,0,0,0,0
221084,0,0,0,0,0,0,0,0,1048576,0
221125,0,0,0,0,0,0,0,0,0,0
221126,0,0,0,0,0,0,0,0,0,0
221130,0,0,0,0,0,0,0,0,0,0
221131,0,0,0,0,0,0,0,0,1048640,0
221141,0,0,0,0,0,0,0,0,0,0
221152,0,0,0,0,0,0,0,0,0,0
221287,0,0,0,0,0,0,0,0,0,0
221429,0,0,0,0,0,0,0,0,1048576,0
221471,0,0,0,0,0,0,0,0,0,0
221479,0,0,0,0,0,0,0,0,0,0
221534,0,0,0,0,0,0,0,0,0,0
221554,0,0,0,0,0,0,0,0,0,0
221578,0,0,0,0,0,0,0,0,0,0
221624,0,0,0,0,0,0,0,0,0,0
221626,0,0,0,0,0,0,0,0,0,0
221627,0,0,0,0,0,0,0,0,0,0
221631,0,0,0,0,0,0,0,0,0,0
221657,0,0,0,0,0,0,0,0,0,0
221658,0,0,0,0,0,0,0,0,0,0
221659,0,0,0,0,0,0,0,0,1048576,0
221660,0,0,0,0,0,0,0,0,1048576,0
221662,0,0,0,0,0,0,0,0,0,0
221663,0,0,0,0,0,0,0,0,0,0
221664,0,0,0,0,0,0,0,0,0,0
221665,0,0,0,0,0,0,0,0,0,0
221666,0,0,0,0,0,0,0,0,0,0
221667,0,0,0,0,0,0,0,0,0,0
221668,0,0,0,0,0,0,0,0,0,0
221669,0,0,0,0,0,0,0,0,0,0
221670,0,0,0,0,0,0,0,0,0,0
221671,0,0,0,0,0,0,0,0,0,0
221672,0,0,0,0,0,0,0,0,0,0
221673,0,0,0,0,0,0,0,0,0,0
221674,0,0,0,0,0,0,0,0,0,0
221675,0,0,0,0,0,0,0,0,0,0
221676,0,0,0,0,0,0,0,0,0,0
221677,0,0,0,0,0,0,0,0,0,0
221678,0,0,0,0,0,0,0,0,0,0
221679,0,0,0,0,0,0,0,0,0,0
221680,0,0,0,0,0,0,0,0,0,0
221681,0,0,0,0,0,0,0,0,0,0
221682,0,0,0,0,0,0,0,0,0,0
221690,0,0,0,0,0,0,0,0,0,0
221692,0,0,0,0,0,0,0,0,0,0
221693,0,0,0,0,0,0,0,0,0,0
221694,0,0,0,0,0,0,0,0,0,0
221695,0,0,0,0,0,0,0,0,0,0
221698,0,0,0,0,0,0,0,0,0,0
221711,0,0,0,0,0,0,0,0,0,0
221712,0,0,0,0,0,0,0,0,0,0
221920,0,0,0,0,0,0,0,0,0,0
221942,0,0,0,0,0,0,0,0,0,0
221969,0,0,0,0,0,0,0,0,0,0
221971,0,0,0,0,0,0,0,0,0,0
222018,0,0,0,0,0,0,0,0,0,0
222019,0,0,0,0,0,0,0,0,0,0
222024,0,0,0,0,0,0,0,0,0,0
222156,0,0,0,0,0,0,0,0,0,0
222177,0,0,0,0,0,0,0,0,2097152,0
222256,0,0,0,0,0,0,0,0,0,0
222267,0,0,0,0,0,0,0,0,0,0
222379,0,0,0,0,0,0,0,0,0,0
222626,0,0,0,0,0,0,0,0,1048576,0
222630,0,0,0,0,0,0,0,0,0,0
222649,0,0,0,0,0,0,0,0,0,0
222660,0,0,0,0,0,0,0,0,0,0
222666,0,0,0,0,0,0,0,0,0,0
222667,0,0,0,0,0,0,0,0,0,0
222675,0,0,0,0,0,0,0,0,1048576,0
222754,0,0,0,0,0,0,0,0,0,0
222889,0,0,0,0,0,0,0,0,1048576,0
222891,0,0,0,0,0,0,0,0,1048576,0
222892,0,0,0,0,0,0,0,0,1048576,0
222947,0,0,0,0,0,0,0,0,0,0
223017,0,0,0,0,0,0,0,0,512,0
223025,0,0,0,0,0,0,0,0,2048,0
223066,0,0,0,0,0,0,0,0,4,0
223149,0,0,0,0,0,0,0,0,1048576,0
223196,0,0,0,0,0,0,0,0,0,0
223198,0,0,0,0,0,0,0,0,0,0
223215,0,0,0,0,0,0,0,0,1048576,0
223237,0,0,0,0,0,0,0,0,0,0
223366,0,0,0,0,0,0,0,0,0,0
223372,0,0,0,0,0,0,0,0,0,0
223388,0,0,0,0,0,0,0,0,0,0
223398,0,0,0,0,0,0,0,0,0,0
223426,0,0,0,0,0,0,0,0,0,0
223439,0,0,0,0,0,0,0,0,0,0
223442,0,0,0,0,0,0,0,0,0,0
223446,0,0,0,0,0,0,0,0,0,0
223447,0,0,0,0,0,0,0,0,12288,0
223449,0,0,0,0,0,0,0,0,0,0
223450,0,0,0,0,0,0,0,0,0,0
223455,0,0,0,0,0,0,0,0,2048,0
223464,0,0,0,0,0,0,0,0,0,0
223465,0,0,0,0,0,0,0,0,0,0
223466,0,0,0,0,0,0,0,0,0,0
223468,0,0,0,0,0,0,0,0,0,0
223483,0,0,0,0,0,0,0,0,0,0
223494,0,0,0,0,0,0,0,0,0,0
223495,0,0,0,0,0,0,0,0,0,0
223503,0,0,0,0,0,0,0,0,1048576,0
223504,0,0,0,0,0,0,0,0,1048576,0
223505,0,0,0,0,0,0,0,0,0,0
223506,0,0,0,0,0,0,0,0,0,0
223555,0,0,0,0,0,0,0,0,0,0
223601,0,0,0,0,0,0,0,0,0,0
223602,0,0,0,0,0,0,0,0,1048576,0
223603,0,0,0,0,0,0,0,0,1048576,0
223612,0,0,0,0,0,0,0,0,0,0
223629,0,0,0,0,0,0,0,0,0,0
223630,0,0,0,0,0,0,0,0,0,0
223631,0,0,0,0,0,0,0,0,0,0
223632,0,0,0,0,0,0,0,0,0,0
223789,0,0,0,0,0,0,0,0,0,0
223826,0,0,0,0,0,0,0,0,0,0
223876,0,0,0,0,0,0,0,0,0,0
223877,0,0,0,0,0,0,0,0,0,0
223929,0,0,0,0,0,0,0,0,0,0
223943,0,0,0,0,0,0,0,0,1048576,0
223944,0,0,0,0,0,0,0,0,1048576,0
223945,0,0,0,0,0,0,0,0,0,0
223946,0,0,0,0,0,0,0,0,0,0
223947,0,0,0,0,0,0,0,0,0,0
223948,0,0,0,0,0,0,0,0,0,0
223949,0,0,0,0,0,0,0,0,0,0
223950,0,0,0,0,0,0,0,0,1048576,0
223951,0,0,0,0,0,0,0,0,1048576,0
223952,0,0,0,0,0,0,0,0,0,0
223953,0,0,0,0,0,0,0,0,0,0
223954,0,0,0,0,0,0,0,0,1048576,0
223955,0,0,0,0,0,0,0,0,0,0
223956,0,0,0,0,0,0,0,0,0,0
223957,0,0,0,0,0,0,0,0,1048576,0
223958,0,0,0,0,0,0,0,0,0,0
223959,0,0,0,0,0,0,0,0,0,0
223961,0,0,0,0,0,0,0,0,0,0
224007,0,0,0,0,0,0,0,0,0,0
224022,0,0,0,0,0,0,0,0,1048576,0
224029,0,0,0,0,0,0,0,0,0,0
224032,0,0,0,0,0,0,0,0,0,0
224034,0,0,0,0,0,0,0,0,0,0
224037,0,0,0,0,0,0,0,0,0,0
224040,0,0,0,0,0,0,0,0,0,0
224041,0,0,0,0,0,0,0,0,0,0
224043,0,0,0,0,0,0,0,0,1048576,0
224082,0,0,0,0,0,0,0,0,0,0
224130,0,0,0,0,0,0,0,0,0,0
224133,0,0,0,0,0,0,0,0,0,0
224135,0,0,0,0,0,0,0,0,0,0
224136,0,0,0,0,0,0,0,0,0,0
224143,0,0,0,0,0,0,0,0,0,0
224144,0,0,0,0,0,0,0,0,0,0
224145,0,0,0,0,0,0,0,0,0,0
224146,0,0,0,0,0,0,0,0,0,0
224147,0,0,0,0,0,0,0,0,0,0
224148,0,0,0,0,0,0,0,0,0,0
224149,0,0,0,0,0,0,0,0,0,0
224150,0,0,0,0,0,0,0,0,0,0
224151,0,0,0,0,0,0,0,0,1048576,0
224152,0,0,0,0,0,0,0,0,1048576,0
224153,0,0,0,0,0,0,0,0,0,0
224216,0,0,0,0,0,0,0,0,0,0
224234,0,0,0,0,0,0,0,0,0,0
224244,0,0,0,0,0,0,0,0,0,0
224252,0,0,0,0,0,0,0,0,1048576,0
224253,0,0,0,0,0,0,0,0,0,0
224286,0,0,0,0,0,0,0,0,0,0
224323,0,0,0,0,0,0,0,0,0,0
224393,0,0,0,0,0,0,0,0,0,0
224398,0,0,0,0,0,0,0,0,1572864,0
224399,0,0,0,0,0,0,0,0,0,0
224400,0,0,0,0,0,0,0,0,0,0
224401,0,0,0,0,0,0,0,0,0,0
224402,0,0,0,0,0,0,0,0,0,0
224404,0,0,0,0,0,0,0,0,0,0
224405,0,0,0,0,0,0,0,0,0,0
224406,0,0,0,0,0,0,0,0,0,0
224408,0,0,0,0,0,0,0,0,0,0
224409,0,0,0,0,0,0,0,0,0,0
224443,0,0,0,0,0,0,0,0,0,0
224444,0,0,0,0,0,0,0,0,0,0
224451,0,0,0,0,0,0,0,0,0,0
224453,0,0,0,0,0,0,0,0,0,0
224454,0,0,0,0,0,0,0,0,0,0
224458,0,0,0,0,0,0,0,0,0,0
224463,0,0,0,0,0,0,0,0,0,0
224467,0,0,0,0,0,0,0,0,0,0
224472,0,0,0,0,0,0,0,0,0,0
224473,0,0,0,0,0,0,0,0,0,0
224474,0,0,0,0,0,0,0,0,1048576,0
224478,0,0,0,0,0,0,0,0,0,0
224480,0,0,0,0,0,0,0,0,0,0
224481,0,0,0,0,0,0,0,0,1048576,0
224513,0,0,0,0,0,0,0,0,1048576,0
224514,0,0,0,0,0,0,0,0,1048576,0
224515,0,0,0,0,0,0,0,0,1048576,0
224581,0,0,0,0,0,0,0,0,1048576,0
224582,0,0,0,0,0,0,0,0,1048576,0
224583,0,0,0,0,0,0,0,0,0,0
224584,0,0,0,0,0,0,0,0,0,0
224585,0,0,0,0,0,0,0,0,0,0
224586,0,0,0,0,0,0,0,0,0,0
224587,0,0,0,0,0,0,0,0,0,0
224588,0,0,0,0,0,0,0,0,0,0
224589,0,0,0,0,0,0,0,0,0,0
224590,0,0,0,0,0,0,0,0,0,0
224591,0,0,0,0,0,0,0,0,0,0
224592,0,0,0,0,0,0,0,0,0,0
224593,0,0,0,0,0,0,0,0,0,0
224594,0,0,0,0,0,0,0,0,0,0
224595,0,0,0,0,0,0,0,0,0,0
224596,0,0,0,0,0,0,0,0,0,0
224597,0,0,0,0,0,0,0,0,0,0
224598,0,0,0,0,0,0,0,0,0,0
224686,0,0,0,0,0,0,0,0,0,0
224707,0,0,0,0,0,0,0,0,0,0
224708,0,0,0,0,0,0,0,0,0,0
224711,0,0,0,0,0,0,0,0,0,0
224712,0,0,0,0,0,0,0,0,0,0
224717,0,0,0,0,0,0,0,0,0,0
224718,0,0,0,0,0,0,0,0,0,0
224719,0,0,0,0,0,0,0,0,0,0
224720,0,0,0,0,0,0,0,0,2097152,0
224721,0,0,0,0,0,0,0,0,0,0
224722,0,0,0,0,0,0,0,0,0,0
224796,0,0,0,0,0,0,0,0,0,0
224831,0,0,0,0,0,0,0,0,0,0
224912,0,0,0,0,0,0,0,0,1048576,0
224913,0,0,0,0,0,0,0,0,1048576,0
224989,0,0,0,0,0,0,0,0,0,0
224991,0,0,0,0,0,0,0,0,0,0
225072,0,0,0,0,0,0,0,0,0,0
225073,0,0,0,0,0,0,0,0,0,0
225075,0,0,0,0,0,0,0,0,0,0
225131,0,0,0,0,0,0,0,0,0,0
225153,0,0,0,0,0,0,0,0,0,0
225154,0,0,0,0,0,0,0,0,0,0
225187,0,0,0,0,0,0,0,0,0,0
225294,0,0,0,0,0,0,0,0,0,0
225302,0,0,0,0,0,0,0,0,1048576,0
225304,0,0,0,0,0,0,0,0,1048576,0
225325,0,0,0,0,0,0,0,0,0,0
225370,0,0,0,0,0,0,0,0,0,0
225371,0,0,0,0,0,0,0,0,0,0
225462,0,0,0,0,0,0,0,0,1048576,0
225463,0,0,0,0,0,0,0,0,1048576,0
225464,0,0,0,0,0,0,0,0,0,0
225465,0,0,0,0,0,0,0,0,0,0
225472,0,0,0,0,0,0,0,0,0,0
225473,0,0,0,0,0,0,0,0,0,0
225474,0,0,0,0,0,0,0,0,0,0
225475,0,0,0,0,0,0,0,0,0,0
225483,0,0,0,0,0,0,0,0,1048576,0
225491,0,0,0,0,0,0,0,0,0,0
225492,0,0,0,0,0,0,0,0,0,0
225494,0,0,0,0,0,0,0,0,0,0
225507,0,0,0,0,0,0,0,0,1048576,0
225518,0,0,0,0,0,0,0,0,0,0
225531,0,0,0,0,0,0,0,0,1048576,0
225532,0,0,0,0,0,0,0,0,0,0
225533,0,0,0,0,0,0,0,0,1048576,0
225536,0,0,0,0,0,0,0,0,1048576,0
225537,0,0,0,0,0,0,0,0,1048576,0
225538,0,0,0,0,0,0,0,0,1048576,0
225539,0,0,0,0,0,0,0,0,1048576,0
225544,0,0,0,0,0,0,0,0,1048576,0
225545,0,0,0,0,0,0,0,0,1048576,0
225547,0,0,0,0,0,0,0,0,1048576,0
225548,0,0,0,0,0,0,0,0,1048576,0
225561,0,0,0,0,0,0,0,0,0,0
225562,0,0,0,0,0,0,0,0,0,0
225598,0,0,0,0,0,0,0,0,0,0
225599,0,0,0,0,0,0,0,0,1048576,0
225601,0,0,0,0,0,0,0,0,0,0
225669,0,0,0,0,0,0,0,0,0,0
225671,0,0,0,0,0,0,0,0,0,0
225672,0,0,0,0,0,0,0,0,0,0
225673,0,0,0,0,0,0,0,0,1048576,0
225683,0,0,0,0,0,0,0,0,0,0
225688,0,0,0,0,0,0,0,0,0,0
225691,0,0,0,0,0,0,0,0,0,0
225698,0,0,0,0,0,0,0,0,1048576,0
225700,0,0,0,0,0,0,0,0,0,0
225706,0,0,0,0,0,0,0,0,0,0
225731,0,0,0,0,0,0,0,0,0,0
225735,0,0,0,0,0,0,0,0,1048576,0
225759,0,0,0,0,0,0,0,0,64,0
225760,0,0,0,0,0,0,0,0,1048576,0
225767,0,0,0,0,0,0,0,0,1572864,0
225771,0,0,0,0,0,0,0,0,0,0
225776,0,0,0,0,0,0,0,0,0,0
225778,0,0,0,0,0,0,0,0,0,0
225779,0,0,0,0,0,0,0,0,1048576,0
225780,0,0,0,0,0,0,0,0,0,0
225781,0,0,0,0,0,0,0,0,0,0
225804,0,0,0,0,0,0,0,0,1048576,0
225805,0,0,0,0,0,0,0,0,1048576,0
225806,0,0,0,0,0,0,0,0,0,0
225816,0,0,0,0,0,0,0,0,0,0
225817,0,0,0,0,0,0,0,0,0,0
225847,0,0,0,0,0,0,0,0,0,0
225851,0,0,0,0,0,0,0,0,0,0
225905,0,0,0,0,0,0,0,0,0,0
225930,0,0,0,0,0,0,0,0,0,0
225969,0,0,0,0,0,0,0,0,0,0
225970,0,0,0,0,0,0,0,0,0,0
225974,0,0,0,0,0,0,0,0,1048576,0
225975,0,0,0,0,0,0,0,0,1048576,0
225979,0,0,0,0,0,0,0,0,1048576,0
225983,0,0,0,0,0,0,0,0,1048576,0
225984,0,0,0,0,0,0,0,0,1048576,0
226093,0,0,0,0,0,0,0,0,0,0
226097,0,0,0,0,0,0,0,0,1048576,0
226099,0,0,0,0,0,0,0,0,0,0
226124,0,0,0,0,0,0,0,0,0,0
226128,0,0,0,0,0,0,0,0,0,0
226130,0,0,0,0,0,0,0,0,0,0
226140,0,0,0,0,0,0,0,0,0,0
226158,0,0,0,0,0,0,0,0,1048576,0
226173,0,0,0,0,0,0,0,0,2097152,0
226175,0,0,0,0,0,0,0,0,0,0
226176,0,0,0,0,0,0,0,0,0,0
226177,0,0,0,0,0,0,0,0,0,0
226181,0,0,0,0,0,0,0,0,0,0
226182,0,0,0,0,0,0,0,0,2097152,0
226183,0,0,0,0,0,0,0,0,2097152,0
226185,0,0,0,0,0,0,0,0,2097152,0
226196,0,0,0,0,0,0,0,0,0,0
226197,0,0,0,0,0,0,0,0,0,0
226199,0,0,0,0,0,0,0,0,0,0
226201,0,0,0,0,0,0,0,0,0,0
226202,0,0,0,0,0,0,0,0,1048576,0
226206,0,0,0,0,0,0,0,0,0,0
226209,0,0,0,0,0,0,0,0,0,0
226214,0,0,0,0,0,0,0,0,0,0
226215,0,0,0,0,0,0,0,0,0,0
226241,0,0,0,0,0,0,0,0,0,0
226257,0,0,0,0,0,0,0,0,0,0
226269,0,0,0,0,0,0,0,0,0,0
226292,0,0,0,0,0,0,0,0,0,0
226293,0,0,0,0,0,0,0,0,0,0
226336,0,0,0,0,0,0,0,0,0,0
226337,0,0,0,0,0,0,0,0,0,0
226339,0,0,0,0,0,0,0,0,0,0
226340,0,0,0,0,0,0,0,0,1048576,0
226341,0,0,0,0,0,0,0,0,0,0
226348,0,0,0,0,0,0,0,0,0,0
226355,0,0,0,0,0,0,0,0,0,0
226358,0,0,0,0,0,0,0,0,0,0
226392,0,0,0,0,0,0,0,0,1048576,0
226393,0,0,0,0,0,0,0,0,0,0
226400,0,0,0,0,0,0,0,0,0,0
226405,0,0,0,0,0,0,0,0,0,0
226410,0,0,0,0,0,0,0,0,0,0
226411,0,0,0,0,0,0,0,0,0,0
226466,0,0,0,0,0,0,0,0,1048576,0
226467,0,0,0,0,0,0,0,0,1048576,0
226468,0,0,0,0,0,0,0,0,0,0
226474,0,0,0,0,0,0,0,0,1048576,0
226481,0,0,0,0,0,0,0,0,0,0
226482,0,0,0,0,0,0,0,0,0,0
226483,0,0,0,0,0,0,0,0,1048576,0
226493,0,0,0,0,0,0,0,0,1048576,0
226495,0,0,0,0,0,0,0,0,0,0
226496,0,0,0,0,0,0,0,0,0,0
226500,0,0,0,0,0,0,0,0,0,0
226522,0,0,0,0,0,0,0,0,0,0
226578,0,0,0,0,0,0,0,0,1048576,0
226579,0,0,0,0,0,0,0,0,0,0
226754,0,0,0,0,0,0,0,0,0,0
226774,0,0,0,0,0,0,0,0,1073741824,0
227076,0,0,0,0,0,0,0,0,0,0
227079,0,0,0,0,0,0,0,0,0,0
227081,0,0,0,0,0,0,0,0,0,0
227108,0,0,0,0,0,0,0,0,0,0
227118,0,0,0,0,0,0,0,0,0,0
227119,0,0,0,0,0,0,0,0,1048576,0
227261,0,0,0,0,0,0,0,0,0,0
227272,0,0,0,0,0,0,0,0,0,0
227290,0,0,0,0,0,0,0,0,0,0
227320,0,0,0,0,0,0,0,0,0,0
227487,0,0,0,0,0,0,0,0,64,0
227488,0,0,0,0,0,0,0,0,64,0
227489,0,0,0,0,0,0,0,0,64,0
227499,0,0,0,0,0,0,0,0,0,0
227509,0,0,0,0,0,0,0,0,0,0
227516,0,0,0,0,0,0,0,0,0,0
227528,0,0,0,0,0,0,0,0,1048576,0
227530,0,0,0,0,0,0,0,0,0,0
227592,0,0,0,0,0,0,0,0,0,0
227733,0,0,0,0,0,0,0,0,0,0
227767,0,0,0,0,0,0,0,0,0,0
227851,0,0,0,0,0,0,0,0,0,0
227955,0,0,0,0,0,0,0,0,0,0
227990,0,0,0,0,0,0,0,0,0,0
228015,0,0,0,0,0,0,0,0,0,0
228017,0,0,0,0,0,0,0,0,0,0
228023,0,0,0,0,0,0,0,0,0,0
228040,0,0,0,0,0,0,0,0,0,0
228042,0,0,0,0,0,0,0,0,0,0
228047,0,0,0,0,0,0,0,0,1048576,0
228097,0,0,0,0,0,0,0,0,0,0
228121,0,0,0,0,0,0,0,0,0,0
228122,0,0,0,0,0,0,0,0,0,0
228166,0,0,0,0,0,0,0,0,0,0
228239,0,0,0,0,0,0,0,0,0,0
228246,0,0,0,0,0,0,0,0,0,0
228253,0,0,0,0,0,0,0,0,0,0
228304,0,0,0,0,0,0,0,0,0,0
228312,0,0,0,0,0,0,0,0,1048576,0
228342,0,0,0,0,0,0,0,0,0,0
228362,0,0,0,0,0,0,0,0,0,0
228392,0,0,0,0,0,0,0,0,0,0
228394,0,0,0,0,0,0,0,0,0,0
228427,0,0,0,0,0,0,0,0,0,0
228428,0,0,0,0,0,0,0,0,0,0
228429,0,0,0,0,0,0,0,0,0,0
228430,0,0,0,0,0,0,0,0,0,0
228432,0,0,0,0,0,0,0,0,0,0
228433,0,0,0,0,0,0,0,0,0,0
228468,0,0,0,0,0,0,0,0,0,0
228502,0,0,0,0,0,0,0,0,1049088,0
228591,0,0,0,0,0,0,0,0,0,0
228676,0,0,0,0,0,0,0,0,0,0
228677,0,0,0,0,0,0,0,0,0,0
228678,0,0,0,0,0,0,0,0,0,0
228679,0,0,0,0,0,0,0,0,0,0
228681,0,0,0,0,0,0,0,0,1048576,0
228683,0,0,0,0,0,0,0,0,1048576,0
228703,0,0,0,0,0,0,0,0,0,0
228705,0,0,0,0,0,0,0,0,1048576,0
228706,0,0,0,0,0,0,0,0,0,0
228710,0,0,0,0,0,0,0,0,0,0
228715,0,0,0,0,0,0,0,0,1048576,0
228739,0,0,0,0,0,0,0,0,0,0
228743,0,0,0,0,0,0,0,0,0,0
228769,0,0,0,0,0,0,0,0,0,0
228786,0,0,0,0,0,0,0,0,0,0
228818,0,0,0,0,0,0,0,0,0,0
228819,0,0,0,0,0,0,0,0,0,0
228821,0,0,0,0,0,0,0,0,0,0
228828,0,0,0,0,0,0,0,0,0,0
228829,0,0,0,0,0,0,0,0,0,0
228844,0,0,0,0,0,0,0,0,0,0
228845,0,0,0,0,0,0,0,0,0,0
228892,0,0,0,0,0,0,0,0,1048576,0
228893,0,0,0,0,0,0,0,0,1048576,0
228913,0,0,0,0,0,0,0,0,0,0
228931,0,0,0,0,0,0,0,0,0,0
228941,0,0,0,0,0,0,0,0,256,0
228959,0,0,0,0,0,0,0,0,0,0
228964,0,0,0,0,0,0,0,0,0,0
228965,0,0,0,0,0,0,0,0,0,0
228974,0,0,0,0,0,0,0,0,0,0
228979,0,0,0,0,0,0,0,0,0,0
228980,0,0,0,0,0,0,0,0,0,0
228981,0,0,0,0,0,0,0,0,0,0
228982,0,0,0,0,0,0,0,0,0,0
228995,0,0,0,0,0,0,0,0,0,0
228996,0,0,0,0,0,0,0,0,0,0
228997,0,0,0,0,0,0,0,0,0,0
229006,0,0,0,0,0,0,0,0,0,0
229018,0,0,0,0,0,0,0,0,0,0
229021,0,0,0,0,0,0,0,0,0,0
229024,0,0,0,0,0,0,0,0,0,0
229037,0,0,0,0,0,0,0,0,0,0
229039,0,0,0,0,0,0,0,0,0,0
229041,0,0,0,0,0,0,0,0,0,0
229043,0,0,0,0,0,0,0,0,0,0
229045,0,0,0,0,0,0,0,0,0,0
229046,0,0,0,0,0,0,0,0,0,0
229047,0,0,0,0,0,0,0,0,0,0
229077,0,0,0,0,0,0,0,0,0,0
229079,0,0,0,0,0,0,0,0,0,0
229080,0,0,0,0,0,0,0,0,0,0
229086,0,0,0,0,0,0,0,0,0,0
229087,0,0,0,0,0,0,0,0,0,0
229088,0,0,0,0,0,0,0,0,0,0
229089,0,0,0,0,0,0,0,0,0,0
229108,0,0,0,0,0,0,0,0,0,0
229118,0,0,0,0,0,0,0,0,0,0
229122,0,0,0,0,0,0,0,0,0,0
229123,0,0,0,0,0,0,0,0,0,0
229124,0,0,0,0,0,0,0,0,0,0
229125,0,0,0,0,0,0,0,0,0,0
229131,0,0,0,0,0,0,0,0,1048576,0
229136,0,0,0,0,0,0,0,0,0,0
229144,0,0,0,0,0,0,0,0,0,0
229150,0,0,0,0,0,0,0,0,0,0
229151,0,0,0,0,0,0,0,0,0,0
229152,0,0,0,0,0,0,0,0,1048576,0
229172,0,0,0,0,0,0,0,0,0,0
229175,0,0,0,0,0,0,0,0,0,0
229176,0,0,0,0,0,0,0,0,0,0
229187,0,0,0,0,0,0,0,0,0,0
229205,0,0,0,0,0,0,0,0,0,0
229207,0,0,0,0,0,0,0,0,0,0
229242,0,0,0,0,0,0,0,0,0,0
229244,0,0,0,0,0,0,0,0,0,0
229246,0,0,0,0,0,0,0,0,0,0
229247,0,0,0,0,0,0,0,0,1048576,0
229248,0,0,0,0,0,0,0,0,0,0
229287,0,0,0,0,0,0,0,0,0,0
229288,0,0,0,0,0,0,0,0,0,0
229289,0,0,0,0,0,0,0,0,0,0
229302,0,0,0,0,0,0,0,0,0,0
229337,0,0,0,0,0,0,0,0,0,0
229344,0,0,0,0,0,0,0,0,0,0
229347,0,0,0,0,0,0,0,0,0,0
229348,0,0,0,0,0,0,0,0,0,0
229351,0,0,0,0,0,0,0,0,0,0
229352,0,0,0,0,0,0,0,0,0,0
229358,0,0,0,0,0,0,0,0,0,0
229361,0,0,0,0,0,0,0,0,0,0
229362,0,0,0,0,0,0,0,0,0,0
229363,0,0,0,0,0,0,0,0,0,0
229364,0,0,0,0,0,0,0,0,0,0
229373,0,0,0,0,0,0,0,0,0,0
229385,0,0,0,0,0,0,0,0,1048576,0
229386,0,0,0,0,0,0,0,0,1048576,0
229402,0,0,0,0,0,0,0,0,0,0
229403,0,0,0,0,0,0,0,0,0,0
229404,0,0,0,0,0,0,0,0,0,0
229405,0,0,0,0,0,0,0,0,0,0
229407,0,0,0,0,0,0,0,0,0,0
229408,0,0,0,0,0,0,0,0,0,0
229409,0,0,0,0,0,0,0,0,0,0
229425,0,0,0,0,0,0,0,0,0,0
229426,0,0,0,0,0,0,0,0,0,0
229427,0,0,0,0,0,0,0,0,0,0
229428,0,0,0,0,0,0,0,0,0,0
229430,0,0,0,0,0,0,0,0,0,0
229460,0,0,0,0,0,0,0,0,0,0
229463,0,0,0,0,0,0,0,0,0,0
229465,0,0,0,0,0,0,0,0,0,0
229466,0,0,0,0,0,0,0,0,0,0
229467,0,0,0,0,0,0,0,0,0,0
229468,0,0,0,0,0,0,0,0,0,0
229469,0,0,0,0,0,0,0,0,0,0
229473,0,0,0,0,0,0,0,0,0,0
229474,0,0,0,0,0,0,0,0,0,0
229480,0,0,0,0,0,0,0,0,0,0
229492,0,0,0,0,0,0,0,0,0,0
229502,0,0,0,0,0,0,0,0,256,0
229509,0,0,0,0,0,0,0,0,0,0
229530,0,0,0,0,0,0,0,0,0,0
229531,0,0,0,0,0,0,0,0,0,0
229533,0,0,0,0,0,0,0,0,0,0
229538,0,0,0,0,0,0,0,0,0,0
229539,0,0,0,0,0,0,0,0,0,0
229542,0,0,0,0,0,0,0,0,0,0
229544,0,0,0,0,0,0,0,0,0,0
229545,0,0,0,0,0,0,0,0,0,0
229550,0,0,0,0,0,0,0,0,0,0
229554,0,0,0,0,0,0,0,0,0,0
229555,0,0,0,0,0,0,0,0,0,0
229556,0,0,0,0,0,0,0,0,1048576,0
229566,0,0,0,0,0,0,0,0,0,0
229567,0,0,0,0,0,0,0,0,1048576,0
229568,0,0,0,0,0,0,0,0,0,0
229569,0,0,0,0,0,0,0,0,1048576,0
229570,0,0,0,0,0,0,0,0,0,0
229571,0,0,0,0,0,0,0,0,0,0
229572,0,0,0,0,0,0,0,0,1048576,0
229573,0,0,0,0,0,0,0,0,0,0
229574,0,0,0,0,0,0,0,0,0,0
229575,0,0,0,0,0,0,0,0,1048576,0
229576,0,0,0,0,0,0,0,0,0,0
229578,0,0,0,0,0,0,0,0,0,0
229581,0,0,0,0,0,0,0,0,0,0
229584,0,0,0,0,0,0,0,0,0,0
229585,0,0,0,0,0,0,0,0,0,0
229586,0,0,0,0,0,0,0,0,0,0
229587,0,0,0,0,0,0,0,0,1048576,0
229588,0,0,0,0,0,0,0,0,0,0
229592,0,0,0,0,0,0,0,0,0,0
229600,0,0,0,0,0,0,0,0,0,0
229607,0,0,0,0,0,0,0,0,0,0
229608,0,0,0,0,0,0,0,0,1048576,0
229609,0,0,0,0,0,0,0,0,1048576,0
229610,0,0,0,0,0,0,0,0,1048576,0
229612,0,0,0,0,0,0,0,0,1048576,0
229621,0,0,0,0,0,0,0,0,0,0
229622,0,0,0,0,0,0,0,0,0,0
229624,0,0,0,0,0,0,0,0,0,0
229625,0,0,0,0,0,0,0,0,0,0
229626,0,0,0,0,0,0,0,0,1048576,0
229627,0,0,0,0,0,0,0,0,0,0
229628,0,0,0,0,0,0,0,0,0,0
229633,0,0,0,0,0,0,0,0,0,0
229635,0,0,0,0,0,0,0,0,0,0
229639,0,0,0,0,0,0,0,0,1048576,0
229641,0,0,0,0,0,0,0,0,0,0
229646,0,0,0,0,0,0,0,0,1048576,0
229653,0,0,0,0,0,0,0,0,0,0
229654,0,0,0,0,0,0,0,0,0,0
229669,0,0,0,0,0,0,0,0,0,0
229670,0,0,0,0,0,0,0,0,0,0
229671,0,0,0,0,0,0,0,0,0,0
229672,0,0,0,0,0,0,0,0,0,0
229673,0,0,0,0,0,0,0,0,0,0
229674,0,0,0,0,0,0,0,0,0,0
229683,0,0,0,0,0,0,0,0,0,0
229684,0,0,0,0,0,0,0,0,1048576,0
229699,0,0,0,0,0,0,0,0,0,0
229700,0,0,0,0,0,0,0,0,0,0
229704,0,0,0,0,0,0,0,0,1048576,0
229708,0,0,0,0,0,0,0,0,1048576,0
229717,0,0,0,0,0,0,0,0,0,0
229718,0,0,0,0,0,0,0,0,0,0
229724,0,0,0,0,0,0,0,0,0,0
229727,0,0,0,0,0,0,0,0,0,0
229731,0,0,0,0,0,0,0,0,0,0
229733,0,0,0,0,0,0,0,0,0,0
229738,0,0,0,0,0,0,0,0,0,0
229739,0,0,0,0,0,0,0,0,0,0
229754,0,0,0,0,0,0,0,0,0,0
229756,0,0,0,0,0,0,0,0,0,0
229757,0,0,0,0,0,0,0,0,0,0
229761,0,0,0,0,0,0,0,0,0,0
229764,0,0,0,0,0,0,0,0,1048576,0
229769,0,0,0,0,0,0,0,0,0,0
229770,0,0,0,0,0,0,0,0,0,0
229780,0,0,0,0,0,0,0,0,0,0
229785,0,0,0,0,0,0,0,0,0,0
229790,0,0,0,0,0,0,0,0,0,0
229791,0,0,0,0,0,0,0,0,0,0
229792,0,0,0,0,0,0,0,0,0,0
229793,0,0,0,0,0,0,0,0,1048576,0
229794,0,0,0,0,0,0,0,0,1048576,0
229795,0,0,0,0,0,0,0,0,0,0
229796,0,0,0,0,0,0,0,0,0,0
229798,0,0,0,0,0,0,0,0,0,0
229802,0,0,0,0,0,0,0,0,0,0
229803,0,0,0,0,0,0,0,0,0,0
229804,0,0,0,0,0,0,0,0,0,0
229805,0,0,0,0,0,0,0,0,0,0
229806,0,0,0,0,0,0,0,0,1048576,0
229812,0,0,0,0,0,0,0,0,0,0
229813,0,0,0,0,0,0,0,0,0,0
229815,0,0,0,0,0,0,0,0,0,0
229816,0,0,0,0,0,0,0,0,0,0
229817,0,0,0,0,0,0,0,0,0,0
229818,0,0,0,0,0,0,0,0,0,0
229821,0,0,0,0,0,0,0,0,0,0
229822,0,0,0,0,0,0,0,0,0,0
229823,0,0,0,0,0,0,0,0,0,0
229826,0,0,0,0,0,0,0,0,0,0
229828,0,0,0,0,0,0,0,0,0,0
229829,0,0,0,0,0,0,0,0,0,0
229830,0,0,0,0,0,0,0,0,0,0
229832,0,0,0,0,0,0,0,0,0,0
229833,0,0,0,0,0,0,0,0,0,0
229839,0,0,0,0,0,0,0,0,0,0
229842,0,0,0,0,0,0,0,0,0,0
229851,0,0,0,0,0,0,0,0,0,0
229852,0,0,0,0,0,0,0,0,0,0
229853,0,0,0,0,0,0,0,0,0,0
229874,0,0,0,0,0,0,0,0,0,0
229875,0,0,0,0,0,0,0,0,0,0
229894,0,0,0,0,0,0,0,0,2097408,0
229896,0,0,0,0,0,0,0,0,2097408,0
229913,0,0,0,0,0,0,0,0,0,0
229915,0,0,0,0,0,0,0,0,0,0
229916,0,0,0,0,0,0,0,0,0,0
229917,0,0,0,0,0,0,0,0,262144,0
229918,0,0,0,0,0,0,0,0,0,0
229919,0,0,0,0,0,0,0,0,0,0
229924,0,0,0,0,0,0,0,0,0,0
229927,0,0,0,0,0,0,0,0,0,0
229960,0,0,0,0,0,0,0,0,0,0
229961,0,0,0,0,0,0,0,0,1048576,0
229990,0,0,0,0,0,0,0,0,0,0
229991,0,0,0,0,0,0,0,0,4,0
229992,0,0,0,0,0,0,0,0,0,0
229997,0,0,0,0,0,0,0,0,1048576,0
230005,0,0,0,0,0,0,0,0,1048576,0
230018,0,0,0,0,0,0,0,0,0,0
230020,0,0,0,0,0,0,0,0,0,0
230021,0,0,0,0,0,0,0,0,0,0
230030,0,0,0,0,0,0,0,0,0,0
230036,0,0,0,0,0,0,0,0,0,0
230037,0,0,0,0,0,0,0,0,0,0
230040,0,0,0,0,0,0,0,0,0,0
230043,0,0,0,0,0,0,0,0,0,0
230051,0,0,0,0,0,0,0,0,64,0
230053,0,0,0,0,0,0,0,0,0,0
230056,0,0,0,0,0,0,0,0,0,0
230057,0,0,0,0,0,0,0,0,0,0
230064,0,0,0,0,0,0,0,0,0,0
230073,0,0,0,0,0,0,0,0,0,0
230075,0,0,0,0,0,0,0,0,0,0
230076,0,0,0,0,0,0,0,0,0,0
230077,0,0,0,0,0,0,0,0,0,0
230078,0,0,0,0,0,0,0,0,0,0
230079,0,0,0,0,0,0,0,0,0,0
230080,0,0,0,0,0,0,0,0,0,0
230083,0,0,0,0,0,0,0,0,0,0
230084,0,0,0,0,0,0,0,0,0,0
230087,0,0,0,0,0,0,0,0,0,0
230088,0,0,0,0,0,0,0,0,0,0
230089,0,0,0,0,0,0,0,0,0,0
230092,0,0,0,0,0,0,0,0,1048576,0
230094,0,0,0,0,0,0,0,0,0,0
230095,0,0,0,0,0,0,0,0,0,0
230096,0,0,0,0,0,0,0,0,0,0
230100,0,0,0,0,0,0,0,0,0,0
230101,0,0,0,0,0,0,0,0,0,0
230108,0,0,0,0,0,0,0,0,0,0
230110,0,0,0,0,0,0,0,0,0,0
230111,0,0,0,0,0,0,0,0,0,0
230112,0,0,0,0,0,0,0,0,0,0
230135,0,0,0,0,0,0,0,0,0,0
230139,0,0,0,0,0,0,0,0,0,0
230141,0,0,0,0,0,0,0,0,0,0
230142,0,0,0,0,0,0,0,0,0,0
230143,0,0,0,0,0,0,0,0,0,0
230144,0,0,0,0,0,0,0,0,0,0
230145,0,0,0,0,0,0,0,0,0,0
230146,0,0,0,0,0,0,0,0,0,0
230147,0,0,0,0,0,0,0,0,0,0
230228,0,0,0,0,0,0,0,0,0,0
230229,0,0,0,0,0,0,0,0,0,0
230284,0,0,0,0,0,0,0,0,0,0
230296,0,0,0,0,0,0,0,0,0,0
230316,0,0,0,0,0,0,0,0,1048576,0
230317,0,0,0,0,0,0,0,0,1048576,0
230323,0,0,0,0,0,0,0,0,1048576,0
230327,0,0,0,0,0,0,0,0,0,0
230329,0,0,0,0,0,0,0,0,1048576,0
230331,0,0,0,0,0,0,0,0,0,0
230333,0,0,0,0,0,0,0,0,0,0
230340,0,0,0,0,0,0,0,0,0,0
230344,0,0,0,0,0,0,0,0,2097408,0
230347,0,0,0,0,0,0,0,0,0,0
230348,0,0,0,0,0,0,0,0,0,0
230350,0,0,0,0,0,0,0,0,0,0
230354,0,0,0,0,0,0,0,0,1048576,0
230355,0,0,0,0,0,0,0,0,1048576,0
230383,0,0,0,0,0,0,0,0,0,0
230384,0,0,0,0,0,0,0,0,1048576,0
230387,0,0,0,0,0,0,0,0,0,0
230388,0,0,0,0,0,0,0,0,0,0
230395,0,0,0,0,0,0,0,0,1048576,0
230396,0,0,0,0,0,0,0,0,1048576,0
230397,0,0,0,0,0,0,0,0,1048576,0
230399,0,0,0,0,0,0,0,0,1048576,0
230400,0,0,0,0,0,0,0,0,1048576,0
230401,0,0,0,0,0,0,0,0,1048576,0
230403,0,0,0,0,0,0,0,0,1048576,0
230404,0,0,0,0,0,0,0,0,1048576,0
230406,0,0,0,0,0,0,0,0,1048608,0
230417,0,0,0,0,0,0,0,0,0,0
230420,0,0,0,0,0,0,0,0,1048576,0
230421,0,0,0,0,0,0,0,0,0,0
230426,0,0,0,0,0,0,0,0,0,0
230427,0,0,0,0,0,0,0,0,0,0
230428,0,0,0,0,0,0,0,0,0,0
230433,0,0,0,0,0,0,0,0,0,0
230434,0,0,0,0,0,0,0,0,0,0
230436,0,0,0,0,0,0,0,0,1048576,0
230437,0,0,0,0,0,0,0,0,1048576,0
230438,0,0,0,0,0,0,0,0,1048576,0
230439,0,0,0,0,0,0,0,0,0,0
230443,0,0,0,0,0,0,0,0,0,0
230445,0,0,0,0,0,0,0,0,1048576,0
230446,0,0,0,0,0,0,0,0,1048576,0
230447,0,0,0,0,0,0,0,0,1048576,0
230457,0,0,0,0,0,0,0,0,0,0
230460,0,0,0,0,0,0,0,0,1048576,0
230461,0,0,0,0,0,0,0,0,1048576,0
230478,0,0,0,0,0,0,0,0,0,0
230484,0,0,0,0,0,0,0,0,0,0
230491,0,0,0,0,0,0,0,0,0,0
230492,0,0,0,0,0,0,0,0,0,0
230493,0,0,0,0,0,0,0,0,0,0
230494,0,0,0,0,0,0,0,0,0,0
230495,0,0,0,0,0,0,0,0,0,0
230507,0,0,0,0,0,0,0,0,0,0
230516,0,0,0,0,0,0,0,0,0,0
230522,0,0,0,0,0,0,0,0,0,0
230544,0,0,0,0,0,0,0,0,1048576,0
230570,0,0,0,0,0,0,0,0,0,0
230571,0,0,0,0,0,0,0,0,0,0
230572,0,0,0,0,0,0,0,0,0,0
230577,0,0,0,0,0,0,0,0,0,0
230592,0,0,0,0,0,0,0,0,1048576,0
230593,0,0,0,0,0,0,0,0,0,0
230594,0,0,0,0,0,0,0,0,0,0
230595,0,0,0,0,0,0,0,0,0,0
230596,0,0,0,0,0,0,0,0,0,0
230597,0,0,0,0,0,0,0,0,0,0
230598,0,0,0,0,0,0,0,0,0,0
230601,0,0,0,0,0,0,0,0,0,0
230602,0,0,0,0,0,0,0,0,0,0
230604,0,0,0,0,0,0,0,0,0,0
230605,0,0,0,0,0,0,0,0,0,0
230606,0,0,0,0,0,0,0,0,0,0
230608,0,0,0,0,0,0,0,0,0,0
230609,0,0,0,0,0,0,0,0,0,0
230633,0,0,0,0,0,0,0,0,0,0
230657,0,0,0,0,0,0,0,0,0,0
230665,0,0,0,0,0,0,0,0,1048576,0
230666,0,0,0,0,0,0,0,0,0,0
230668,0,0,0,0,0,0,0,0,0,0
230685,0,0,0,0,0,0,0,0,0,0
230703,0,0,0,0,0,0,0,0,0,0
230722,0,0,0,0,0,0,0,0,1048576,0
230735,0,0,0,0,0,0,0,0,1048576,0
230736,0,0,0,0,0,0,0,0,1048576,0
230737,0,0,0,0,0,0,0,0,0,0
230739,0,0,0,0,0,0,0,0,1048576,0
230742,0,0,0,0,0,0,0,0,0,0
230745,0,0,0,0,0,0,0,0,1048576,0
230746,0,0,0,0,0,0,0,0,0,0
230747,0,0,0,0,0,0,0,0,0,0
230749,0,0,0,0,0,0,0,0,0,0
230750,0,0,0,0,0,0,0,0,0,0
230773,0,0,0,0,0,0,0,0,0,0
230784,0,0,0,0,0,0,0,0,0,0
230786,0,0,0,0,0,0,0,0,0,0
230787,0,0,0,0,0,0,0,0,0,0
230792,0,0,0,0,0,0,0,0,0,0
230794,0,0,0,0,0,0,0,0,0,0
230795,0,0,0,0,0,0,0,0,0,0
230796,0,0,0,0,0,0,0,0,0,0
230797,0,0,0,0,0,0,0,0,0,0
230802,0,0,0,0,0,0,0,0,0,0
230805,0,0,0,0,0,0,0,0,0,0
230807,0,0,0,0,0,0,0,0,0,0
230808,0,0,0,0,0,0,0,0,0,0
230810,0,0,0,0,0,0,0,0,0,0
230817,0,0,0,0,0,0,0,0,0,0
230822,0,0,0,0,0,0,0,0,0,0
230823,0,0,0,0,0,0,0,0,1048576,0
230847,0,0,0,0,0,0,0,0,0,0
230848,0,0,0,0,0,0,0,0,0,0
230853,0,0,0,0,0,0,0,0,0,0
230856,0,0,0,0,0,0,0,0,0,0
230857,0,0,0,0,0,0,0,0,0,0
230860,0,0,0,0,0,0,0,0,0,0
230872,0,0,0,0,0,0,0,0,0,0
230874,0,0,0,0,0,0,0,0,0,0
230876,0,0,0,0,0,0,0,0,0,0
230877,0,0,0,0,0,0,0,0,0,0
230880,0,0,0,0,0,0,0,0,0,0
230889,0,0,0,0,0,0,0,0,0,0
230892,0,0,0,0,0,0,0,0,0,0
230905,0,0,0,0,0,0,0,0,0,0
230906,0,0,0,0,0,0,0,0,0,0
230909,0,0,0,0,0,0,0,0,0,0
230910,0,0,0,0,0,0,0,0,0,0
230911,0,0,0,0,0,0,0,0,0,0
230917,0,0,0,0,0,0,0,0,1048576,0
230918,0,0,0,0,0,0,0,0,1048576,0
230919,0,0,0,0,0,0,0,0,1048576,0
230920,0,0,0,0,0,0,0,0,1048576,0
230921,0,0,0,0,0,0,0,0,1048576,0
230960,0,0,0,0,0,0,0,0,0,0
230961,0,0,0,0,0,0,0,0,0,0
230964,0,0,0,0,0,0,0,0,0,0
230968,0,0,0,0,0,0,0,0,0,0
230996,0,0,0,0,0,0,0,0,1048576,0
231012,0,0,0,0,0,0,0,0,1048576,0
231013,0,0,0,0,0,0,0,0,1048576,0
231014,0,0,0,0,0,0,0,0,1048576,0
231015,0,0,0,0,0,0,0,0,0,0
231032,0,0,0,0,0,0,0,0,1048576,0
231047,0,0,0,0,0,0,0,0,0,0
231052,0,0,0,0,0,0,0,0,0,0
231056,0,0,0,0,0,0,0,0,0,0
231057,0,0,0,0,0,0,0,0,1048576,0
231061,0,0,0,0,0,0,0,0,0,0
231069,0,0,0,0,0,0,0,0,0,0
231070,0,0,0,0,0,0,0,0,0,0
231071,0,0,0,0,0,0,0,0,0,0
231072,0,0,0,0,0,0,0,0,1048576,0
231073,0,0,0,0,0,0,0,0,0,0
231074,0,0,0,0,0,0,0,0,0,0
231075,0,0,0,0,0,0,0,0,131072,0
231076,0,0,0,0,0,0,0,0,0,0
231078,0,0,0,0,0,0,0,0,0,0
231079,0,0,0,0,0,0,0,0,0,0
231080,0,0,0,0,0,0,0,0,1048576,0
231081,0,0,0,0,0,0,0,0,4,0
231082,0,0,0,0,0,0,0,0,0,0
231083,0,0,0,0,0,0,0,0,0,0
231084,0,0,0,0,0,0,0,0,1048576,0
231085,0,0,0,0,0,0,0,0,1048576,0
231086,0,0,0,0,0,0,0,0,1048576,0
231087,0,0,0,0,0,0,0,0,1048576,0
231088,0,0,0,0,0,0,0,0,0,0
231091,0,0,0,0,0,0,0,0,0,0
231092,0,0,0,0,0,0,0,0,0,0
231093,0,0,0,0,0,0,0,0,0,0
231094,0,0,0,0,0,0,0,0,0,0
231095,0,0,0,0,0,0,0,0,0,0
231096,0,0,0,0,0,0,0,0,131072,0
231097,0,0,0,0,0,0,0,0,0,0
231098,0,0,0,0,0,0,0,0,0,0
231099,0,0,0,0,0,0,0,0,0,0
231100,0,0,0,0,0,0,0,0,0,0
231113,0,0,0,0,0,0,0,0,0,0
231123,0,0,0,0,0,0,0,0,0,0
231134,0,0,0,0,0,0,0,0,0,0
231135,0,0,0,0,0,0,0,0,1048576,0
231136,0,0,0,0,0,0,0,0,1048576,0
231137,0,0,0,0,0,0,0,0,0,0
231140,0,0,0,0,0,0,0,0,0,0
231142,0,0,0,0,0,0,0,0,0,0
231143,0,0,0,0,0,0,0,0,0,0
231148,0,0,0,0,0,0,0,0,0,0
231164,0,0,0,0,0,0,0,0,0,0
231184,0,0,0,0,0,0,0,0,0,0
231231,0,0,0,0,0,0,0,0,0,0
231232,0,0,0,0,0,0,0,0,0,0
231234,0,0,0,0,0,0,0,0,0,0
231236,0,0,0,0,0,0,0,0,0,0
231238,0,0,0,0,0,0,0,0,0,0
231240,0,0,0,0,0,0,0,0,0,0
231243,0,0,0,0,0,0,0,0,0,0
231244,0,0,0,0,0,0,0,0,0,0
231297,0,0,0,0,0,0,0,0,0,0
231298,0,0,0,0,0,0,0,0,0,0
231327,0,0,0,0,0,0,0,0,0,0
231328,0,0,0,0,0,0,0,0,0,0
231338,0,0,0,0,0,0,0,0,0,0
231354,0,0,0,0,0,0,0,0,1048576,0
231357,0,0,0,0,0,0,0,0,0,0
231367,0,0,0,0,0,0,0,0,0,0
231369,0,0,0,0,0,0,0,0,0,0
231372,0,0,0,0,0,0,0,0,0,0
231373,0,0,0,0,0,0,0,0,1048576,0
231375,0,0,0,0,0,0,0,0,0,0
231376,0,0,0,0,0,0,0,0,1048576,0
231377,0,0,0,0,0,0,0,0,1048576,0
231380,0,0,0,0,0,0,0,0,0,0
231381,0,0,0,0,0,0,0,0,0,0
231418,0,0,0,0,0,0,0,0,1048576,0
231422,0,0,0,0,0,0,0,0,1048576,0
231423,0,0,0,0,0,0,0,0,1048576,0
231424,0,0,0,0,0,0,0,0,1048576,0
231425,0,0,0,0,0,0,0,0,1048576,0
231426,0,0,0,0,0,0,0,0,1179648,0
231428,0,0,0,0,0,0,0,0,1048576,0
231429,0,0,0,0,0,0,0,0,1048576,0
231433,0,0,0,0,0,0,0,0,1048576,0
231435,0,0,0,0,0,0,0,0,1048576,0
231436,0,0,0,0,0,0,0,0,1048576,0
231437,0,0,0,0,0,0,0,0,1048576,0
231440,0,0,0,0,0,0,0,0,1048576,0
231441,0,0,0,0,0,0,0,0,1048576,0
231448,0,0,0,0,0,0,0,0,0,0
231449,0,0,0,0,0,0,0,0,1048576,0
231450,0,0,0,0,0,0,0,0,1048576,0
231452,0,0,0,0,0,0,0,0,0,0
231462,0,0,0,0,0,0,0,0,1048608,0
231466,0,0,0,0,0,0,0,0,0,0
231471,0,0,0,0,0,0,0,0,0,0
231474,0,0,0,0,0,0,0,0,0,0
231475,0,0,0,0,0,0,0,0,0,0
231478,0,0,0,0,0,0,0,0,0,0
231480,0,0,0,0,0,0,0,0,0,0
231483,0,0,0,0,0,0,0,0,0,0
231484,0,0,0,0,0,0,0,0,0,0
231485,0,0,0,0,0,0,0,0,0,0
231500,0,0,0,0,0,0,0,0,0,0
231504,0,0,0,0,0,0,0,0,0,0
231508,0,0,0,0,0,0,0,0,0,0
231509,0,0,0,0,0,0,0,0,0,0
231512,0,0,0,0,0,0,0,0,0,0
231513,0,0,0,0,0,0,0,0,0,0
231514,0,0,0,0,0,0,0,0,0,0
231522,0,0,0,0,0,0,0,0,1048576,0
231523,0,0,0,0,0,0,0,0,0,0
231524,0,0,0,0,0,0,0,0,1048576,0
231525,0,0,0,0,0,0,0,0,1048576,0
231543,0,0,0,0,0,0,0,0,1048576,0
231593,0,0,0,0,0,0,0,0,1048576,0
231598,0,0,0,0,0,0,0,0,1048576,0
231599,0,0,0,0,0,0,0,0,1048576,0
231602,0,0,0,0,0,0,0,0,1048576,0
231607,0,0,0,0,0,0,0,0,1048576,0
231610,0,0,0,0,0,0,0,0,1048576,0
231611,0,0,0,0,0,0,0,0,1048576,0
231612,0,0,0,0,0,0,0,0,1048576,0
231615,0,0,0,0,0,0,0,0,1048576,0
231620,0,0,0,0,0,0,0,0,1048576,0
231621,0,0,0,0,0,0,0,0,1048576,0
231622,0,0,0,0,0,0,0,0,1048576,0
231627,0,0,0,0,0,0,0,0,0,0
231628,0,0,0,0,0,0,0,0,1048576,0
231630,0,0,0,0,0,0,0,0,0,0
231631,0,0,0,0,0,0,0,0,0,0
231633,0,0,0,0,0,0,0,0,0,0
231634,0,0,0,0,0,0,0,0,0,0
231635,0,0,0,0,0,0,0,0,0,0
231640,0,0,0,0,0,0,0,0,0,0
231650,0,0,0,0,0,0,0,0,1048576,0
231662,0,0,0,0,0,0,0,0,1572864,0
231663,0,0,0,0,0,0,0,0,1572864,0
231665,0,0,0,0,0,0,0,0,1572864,0
231668,0,0,0,0,0,0,0,0,1572864,0
231686,0,0,0,0,0,0,0,0,1048576,0
231687,0,0,0,0,0,0,0,0,1048576,0
231688,0,0,0,0,0,0,0,0,0,0
231689,0,0,0,0,0,0,0,0,0,0
231699,0,0,0,0,0,0,0,0,0,0
231702,0,0,0,0,0,0,0,0,0,0
231703,0,0,0,0,0,0,0,0,0,0
231705,0,0,0,0,0,0,0,0,0,0
231706,0,0,0,0,0,0,0,0,1048576,0
231708,0,0,0,0,0,0,0,0,0,0
231709,0,0,0,0,0,0,0,0,1048576,0
231710,0,0,0,0,0,0,0,0,0,0
231711,0,0,0,0,0,0,0,0,0,0
231712,0,0,0,0,0,0,0,0,1048576,0
231713,0,0,0,0,0,0,0,0,0,0
231714,0,0,0,0,0,0,0,0,0,0
231715,0,0,0,0,0,0,0,0,1048576,0
231716,0,0,0,0,0,0,0,0,0,0
231717,0,0,0,0,0,0,0,0,0,0
231718,0,0,0,0,0,0,0,0,0,0
231719,0,0,0,0,0,0,0,0,0,0
231720,0,0,0,0,0,0,0,0,1048576,0
231721,0,0,0,0,0,0,0,0,1048576,0
231722,0,0,0,0,0,0,0,0,0,0
231723,0,0,0,0,0,0,0,0,0,0
231728,0,0,0,0,0,0,0,0,0,0
231729,0,0,0,0,0,0,0,0,0,0
231770,0,0,0,0,0,0,0,0,0,0
231775,0,0,0,0,0,0,0,0,0,0
231777,0,0,0,0,0,0,0,0,1048576,0
231781,0,0,0,0,0,0,0,0,0,0
231782,0,0,0,0,0,0,0,0,0,0
231783,0,0,0,0,0,0,0,0,0,0
231784,0,0,0,0,0,0,0,0,0,0
231785,0,0,0,0,0,0,0,0,0,0
231793,0,0,0,0,0,0,0,0,0,0
231796,0,0,0,0,0,0,0,0,1048576,0
231797,0,0,0,0,0,0,0,0,1048576,0
231798,0,0,0,0,0,0,0,0,1048576,0
231800,0,0,0,0,0,0,0,0,1048576,0
231801,0,0,0,0,0,0,0,0,1048576,0
231802,0,0,0,0,0,0,0,0,1048576,0
231803,0,0,0,0,0,0,0,0,1048576,0
231804,0,0,0,0,0,0,0,0,1048576,0
231805,0,0,0,0,0,0,0,0,1048576,0
231807,0,0,0,0,0,0,0,0,1048576,0
231808,0,0,0,0,0,0,0,0,1048576,0
231809,0,0,0,0,0,0,0,0,1048576,0
231810,0,0,0,0,0,0,0,0,1048576,0
231811,0,0,0,0,0,0,0,0,1048576,0
231812,0,0,0,0,0,0,0,0,1048576,0
231813,0,0,0,0,0,0,0,0,1048576,0
231819,0,0,0,0,0,0,0,0,1572864,0
231820,0,0,0,0,0,0,0,0,1572864,0
231821,0,0,0,0,0,0,0,0,1572864,0
231822,0,0,0,0,0,0,0,0,1572864,0
231824,0,0,0,0,0,0,0,0,1572864,0
231825,0,0,0,0,0,0,0,0,1572864,0
231826,0,0,0,0,0,0,0,0,1572864,0
231827,0,0,0,0,0,0,0,0,1572864,0
231828,0,0,0,0,0,0,0,0,1572864,0
231829,0,0,0,0,0,0,0,0,1572864,0
231830,0,0,0,0,0,0,0,0,1572864,0
231831,0,0,0,0,0,0,0,0,1572864,0
231832,0,0,0,0,0,0,0,0,0,0
231887,0,0,0,0,0,0,0,0,1048576,0
231888,0,0,0,0,0,0,0,0,0,0
231890,0,0,0,0,0,0,0,0,0,0
231906,0,0,0,0,0,0,0,0,0,0
231908,0,0,0,0,0,0,0,0,0,0
231928,0,0,0,0,0,0,0,0,0,0
231940,0,0,0,0,0,0,0,0,0,0
231941,0,0,0,0,0,0,0,0,1048576,0
231964,0,0,0,0,0,0,0,0,1048576,0
231979,0,0,0,0,0,0,0,0,0,0
231981,0,0,0,0,0,0,0,0,0,0
231995,0,0,0,0,0,0,0,0,0,0
232004,0,0,0,0,0,0,0,0,0,0
232006,0,0,0,0,0,0,0,0,0,0
232013,0,0,0,0,0,0,0,0,0,0
232014,0,0,0,0,0,0,0,0,0,0
232016,0,0,0,0,0,0,0,0,0,0
232017,0,0,0,0,0,0,0,0,0,0
232018,0,0,0,0,0,0,0,0,0,0
232163,0,0,0,0,0,0,0,0,1048576,0
232164,0,0,0,0,0,0,0,0,2097408,0
232180,0,0,0,0,0,0,0,0,0,0
232184,0,0,0,0,0,0,0,0,0,0
232224,0,0,0,0,0,0,0,0,0,0
232295,0,0,0,0,0,0,0,0,0,0
232333,0,0,0,0,0,0,0,0,0,0
232335,0,0,0,0,0,0,0,0,0,0
232359,0,0,0,0,0,0,0,0,0,0
232382,0,0,0,0,0,0,0,0,0,0
232383,0,0,0,0,0,0,0,0,0,0
232399,0,0,0,0,0,0,0,0,0,0
232415,0,0,0,0,0,0,0,0,1048576,0
232416,0,0,0,0,0,0,0,0,0,0
232421,0,0,0,0,0,0,0,0,0,0
232422,0,0,0,0,0,0,0,0,0,0
232424,0,0,0,0,0,0,0,0,0,0
232472,0,0,0,0,0,0,0,0,0,0
232473,0,0,0,0,0,0,0,0,0,0
232474,0,0,0,0,0,0,0,0,0,0
232475,0,0,0,0,0,0,0,0,1048576,0
232476,0,0,0,0,0,0,0,0,1048576,0
232477,0,0,0,0,0,0,0,0,1048576,0
232478,0,0,0,0,0,0,0,0,0,0
232479,0,0,0,0,0,0,0,0,0,0
232488,0,0,0,0,0,0,0,0,0,0
232579,0,0,0,0,0,0,0,0,0,0
232606,0,0,0,0,0,0,0,0,0,0
232609,0,0,0,0,0,0,0,0,0,0
232617,0,0,0,0,0,0,0,0,0,0
232628,0,0,0,0,0,0,0,0,0,0
232629,0,0,0,0,0,0,0,0,0,0
232682,0,0,0,0,0,0,0,0,0,0
232688,0,0,0,0,0,0,0,0,0,0
232724,0,0,0,0,0,0,0,0,0,0
232729,0,0,0,0,0,0,0,0,0,0
232731,0,0,0,0,0,0,0,0,1048576,0
232740,0,0,0,0,0,0,0,0,0,0
232770,0,0,0,0,0,0,0,0,0,0
232861,0,0,0,0,0,0,0,0,0,0
232863,0,0,0,0,0,0,0,0,0,0
232870,0,0,0,0,0,0,0,0,0,0
232871,0,0,0,0,0,0,0,0,0,0
232893,0,0,0,0,0,0,0,0,0,0
232897,0,0,0,0,0,0,0,0,0,0
232921,0,0,0,0,0,0,0,0,0,0
233007,0,0,0,0,0,0,0,0,0,0
233029,0,0,0,0,0,0,0,0,0,0
233042,0,0,0,0,0,0,0,0,0,0
233137,0,0,0,0,0,0,0,0,0,0
233285,0,0,0,0,0,0,0,0,0,0
233287,0,0,0,0,0,0,0,0,0,0
233297,0,0,0,0,0,0,0,0,1048576,0
233468,0,0,0,0,0,0,0,0,1048576,0
233469,0,0,0,0,0,0,0,0,1048576,0
233473,0,0,0,0,0,0,0,0,1048576,0
233744,0,0,0,0,0,0,0,0,0,0
233746,0,0,0,0,0,0,0,0,1048576,0
233747,0,0,0,0,0,0,0,0,1048576,0
233810,0,0,0,0,0,0,0,0,0,0
233811,0,0,0,0,0,0,0,0,1048576,0
233812,0,0,0,0,0,0,0,0,1048576,0
233821,0,0,0,0,0,0,0,0,0,0
233844,0,0,0,0,0,0,0,0,0,0
233852,0,0,0,0,0,0,0,0,12,0
233854,0,0,0,0,0,0,0,0,0,0
233855,0,0,0,0,0,0,0,0,0,0
233900,0,0,0,0,0,0,0,0,0,0
234115,0,0,0,0,0,0,0,0,0,0
234127,0,0,0,0,0,0,0,0,1048576,0
234423,0,0,0,0,0,0,0,0,0,0
234468,0,0,0,0,0,0,0,0,0,0
234471,0,0,0,0,0,0,0,0,0,0
234473,0,0,0,0,0,0,0,0,0,0
234476,0,0,0,0,0,0,0,0,0,0
234694,0,0,0,0,0,0,0,0,0,0
234695,0,0,0,0,0,0,0,0,1048576,0
234696,0,0,0,0,0,0,0,0,0,0
234697,0,0,0,0,0,0,0,0,0,0
234715,0,0,0,0,0,0,0,0,0,0
234724,0,0,0,0,0,0,0,0,0,0
234737,0,0,0,0,0,0,0,0,0,0
234738,0,0,0,0,0,0,0,0,0,0
234741,0,0,0,0,0,0,0,0,0,0
234742,0,0,0,0,0,0,0,0,0,0
234747,0,0,0,0,0,0,0,0,1048576,0
234748,0,0,0,0,0,0,0,0,1048576,0
234749,0,0,0,0,0,0,0,0,0,0
234750,0,0,0,0,0,0,0,0,0,0
234751,0,0,0,0,0,0,0,0,0,0
234752,0,0,0,0,0,0,0,0,0,0
234758,0,0,0,0,0,0,0,0,1048576,0
234759,0,0,0,0,0,0,0,0,1048576,0
234760,0,0,0,0,0,0,0,0,0,0
234766,0,0,0,0,0,0,0,0,1048576,0
234767,0,0,0,0,0,0,0,0,1048576,0
234769,0,0,0,0,0,0,0,0,0,0
234770,0,0,0,0,0,0,0,0,0,0
234772,0,0,0,0,0,0,0,0,0,0
234774,0,0,0,0,0,0,0,0,0,0
234777,0,0,0,0,0,0,0,0,0,0
234791,0,0,0,0,0,0,0,0,0,0
234793,0,0,0,0,0,0,0,0,0,0
234795,0,0,0,0,0,0,0,0,0,0
234796,0,0,0,0,0,0,0,0,0,0
234797,0,0,0,0,0,0,0,0,0,0
234798,0,0,0,0,0,0,0,0,1048576,0
234802,0,0,0,0,0,0,0,0,0,0
234803,0,0,0,0,0,0,0,0,0,0
234804,0,0,0,0,0,0,0,0,1048576,0
234805,0,0,0,0,0,0,0,0,0,0
234807,0,0,0,0,0,0,0,0,1048576,0
234817,0,0,0,0,0,0,0,0,0,0
234819,0,0,0,0,0,0,0,0,0,0
234827,0,0,0,0,0,0,0,0,0,0
234828,0,0,0,0,0,0,0,0,0,0
234830,0,0,0,0,0,0,0,0,0,0
234838,0,0,0,0,0,0,0,0,0,0
234839,0,0,0,0,0,0,0,0,0,0
234857,0,0,0,0,0,0,0,0,0,0
234864,0,0,0,0,0,0,0,0,0,0
234867,0,0,0,0,0,0,0,0,0,0
234869,0,0,0,0,0,0,0,0,0,0
234871,0,0,0,0,0,0,0,0,0,0
234874,0,0,0,0,0,0,0,0,0,0
234878,0,0,0,0,0,0,0,0,0,0
234879,0,0,0,0,0,0,0,0,0,0
234880,0,0,0,0,0,0,0,0,0,0
234881,0,0,0,0,0,0,0,0,0,0
234883,0,0,0,0,0,0,0,0,0,0
234887,0,0,0,0,0,0,0,0,0,0
234888,0,0,0,0,0,0,0,0,0,0
234889,0,0,0,0,0,0,0,0,0,0
234891,0,0,0,0,0,0,0,0,0,0
234900,0,0,0,0,0,0,0,0,0,0
234903,0,0,0,0,0,0,0,0,0,0
234907,0,0,0,0,0,0,0,0,0,0
234933,0,0,0,0,0,0,0,0,0,0
234934,0,0,0,0,0,0,0,0,0,0
234935,0,0,0,0,0,0,0,0,0,0
234936,0,0,0,0,0,0,0,0,0,0
234937,0,0,0,0,0,0,0,0,0,0
234938,0,0,0,0,0,0,0,0,0,0
234939,0,0,0,0,0,0,0,0,0,0
234940,0,0,0,0,0,0,0,0,0,0
234941,0,0,0,0,0,0,0,0,0,0
234942,0,0,0,0,0,0,0,0,0,0
234944,0,0,0,0,0,0,0,0,0,0
234945,0,0,0,0,0,0,0,0,0,0
234948,0,0,0,0,0,0,0,0,0,0
234951,0,0,0,0,0,0,0,0,0,0
234952,0,0,0,0,0,0,0,0,0,0
234953,0,0,0,0,0,0,0,0,0,0
234960,0,0,0,0,0,0,0,0,0,0
235150,0,0,0,0,0,0,0,0,0,0
235152,0,0,0,0,0,0,0,0,0,0
235155,0,0,0,0,0,0,0,0,1048576,0
235156,0,0,0,0,0,0,0,0,0,0
235157,0,0,0,0,0,0,0,0,0,0
235158,0,0,0,0,0,0,0,0,0,0
235159,0,0,0,0,0,0,0,0,0,0
235167,0,0,0,0,0,0,0,0,0,0
235168,0,0,0,0,0,0,0,0,0,0
235169,0,0,0,0,0,0,0,0,0,0
235171,0,0,0,0,0,0,0,0,1073741824,0
235191,0,0,0,0,0,0,0,0,0,0
235192,0,0,0,0,0,0,0,0,0,0
235193,0,0,0,0,0,0,0,0,0,0
235194,0,0,0,0,0,0,0,0,0,0
235195,0,0,0,0,0,0,0,0,0,0
235197,0,0,0,0,0,0,0,0,0,0
235198,0,0,0,0,0,0,0,0,0,0
235199,0,0,0,0,0,0,0,0,0,0
235204,0,0,0,0,0,0,0,0,0,0
235205,0,0,0,0,0,0,0,0,0,0
235206,0,0,0,0,0,0,0,0,131072,0
235207,0,0,0,0,0,0,0,0,0,0
235208,0,0,0,0,0,0,0,0,0,0
235212,0,0,0,0,0,0,0,0,0,0
235259,0,0,0,0,0,0,0,0,0,0
235260,0,0,0,0,0,0,0,0,0,0
235277,0,0,0,0,0,0,0,0,0,0
235280,0,0,0,0,0,0,0,0,0,0
235300,0,0,0,0,0,0,0,0,0,0
235301,0,0,0,0,0,0,0,0,0,0
235302,0,0,0,0,0,0,0,0,0,0
235307,0,0,0,0,0,0,0,0,1048576,0
235308,0,0,0,0,0,0,0,0,1048576,0
235311,0,0,0,0,0,0,0,0,0,0
235312,0,0,0,0,0,0,0,0,1048576,0
235313,0,0,0,0,0,0,0,0,0,0
235427,0,0,0,0,0,0,0,0,0,0
235501,0,0,0,0,0,0,0,0,0,0
235582,0,0,0,0,0,0,0,0,0,0
235583,0,0,0,0,0,0,0,0,0,0
235683,0,0,0,0,0,0,0,0,0,0
235700,0,0,0,0,0,0,0,0,0,0
235886,0,0,0,0,0,0,0,0,0,0
236046,0,0,0,0,0,0,0,0,0,0
236047,0,0,0,0,0,0,0,0,0,0
236048,0,0,0,0,0,0,0,0,0,0
236051,0,0,0,0,0,0,0,0,0,0
236096,0,0,0,0,0,0,0,0,0,0
236097,0,0,0,0,0,0,0,0,0,0
236099,0,0,0,0,0,0,0,0,0,0
236109,0,0,0,0,0,0,0,0,0,0
236110,0,0,0,0,0,0,0,0,0,0
236111,0,0,0,0,0,0,0,0,0,0
236113,0,0,0,0,0,0,0,0,0,0
236117,0,0,0,0,0,0,0,0,0,0
236120,0,0,0,0,0,0,0,0,0,0
236121,0,0,0,0,0,0,0,0,0,0
236127,0,0,0,0,0,0,0,0,0,0
236185,0,0,0,0,0,0,0,0,0,0
236186,0,0,0,0,0,0,0,0,0,0
236188,0,0,0,0,0,0,0,0,0,0
236200,0,0,0,0,0,0,0,0,0,0
236201,0,0,0,0,0,0,0,0,0,0
236202,0,0,0,0,0,0,0,0,0,0
236208,0,0,0,0,0,0,0,0,0,0
236211,0,0,0,0,0,0,0,0,0,0
236213,0,0,0,0,0,0,0,0,0,0
236229,0,0,0,0,0,0,0,0,0,0
236230,0,0,0,0,0,0,0,0,0,0
236231,0,0,0,0,0,0,0,0,0,0
236236,0,0,0,0,0,0,0,0,0,0
236245,0,0,0,0,0,0,0,0,0,0
236270,0,0,0,0,0,0,0,0,0,0
236271,0,0,0,0,0,0,0,0,0,0
236272,0,0,0,0,0,0,0,0,0,0
236273,0,0,0,0,0,0,0,0,0,0
236274,0,0,0,0,0,0,0,0,0,0
236286,0,0,0,0,0,0,0,0,0,0
236287,0,0,0,0,0,0,0,0,0,0
236288,0,0,0,0,0,0,0,0,0,0
236290,0,0,0,0,0,0,0,0,0,0
236309,0,0,0,0,0,0,0,0,0,0
236357,0,0,0,0,0,0,0,0,0,0
236440,0,0,0,0,0,0,0,0,0,0
236465,0,0,0,0,0,0,0,0,0,0
236477,0,0,0,0,0,0,0,0,0,0
236564,0,0,0,0,0,0,0,0,0,0
236566,0,0,0,0,0,0,0,0,0,0
236568,0,0,0,0,0,0,0,0,0,0
236571,0,0,0,0,0,0,0,0,0,0
236734,0,0,0,0,0,0,0,0,0,0
236738,0,0,0,0,0,0,0,0,0,0
236935,0,0,0,0,0,0,0,0,0,0
236955,0,0,0,0,0,0,0,0,0,0
236958,0,0,0,0,0,0,0,0,0,0
236992,0,0,0,0,0,0,0,0,0,0
236995,0,0,0,0,0,0,0,0,0,0
237034,0,0,0,0,0,0,0,0,0,0
237035,0,0,0,0,0,0,0,0,0,0
237039,0,0,0,0,0,0,0,0,0,0
237040,0,0,0,0,0,0,0,0,0,0
237041,0,0,0,0,0,0,0,0,0,0
237042,0,0,0,0,0,0,0,0,0,0
237043,0,0,0,0,0,0,0,0,0,0
237045,0,0,0,0,0,0,0,0,0,0
237048,0,0,0,0,0,0,0,0,0,0
237049,0,0,0,0,0,0,0,0,0,0
237062,0,0,0,0,0,0,0,0,0,0
237064,0,0,0,0,0,0,0,0,0,0
237065,0,0,0,0,0,0,0,0,0,0
237066,0,0,0,0,0,0,0,0,0,0
237067,0,0,0,0,0,0,0,0,0,0
237070,0,0,0,0,0,0,0,0,0,0
237071,0,0,0,0,0,0,0,0,0,0
237073,0,0,0,0,0,0,0,0,0,0
237079,0,0,0,0,0,0,0,0,0,0
237082,0,0,0,0,0,0,0,0,0,0
237085,0,0,0,0,0,0,0,0,1048576,0
237086,0,0,0,0,0,0,0,0,0,0
237089,0,0,0,0,0,0,0,0,0,0
237090,0,0,0,0,0,0,0,0,0,0
237093,0,0,0,0,0,0,0,0,1048576,0
237094,0,0,0,0,0,0,0,0,1048576,0
237134,0,0,0,0,0,0,0,0,0,0
237144,0,0,0,0,0,0,0,0,0,0
237147,0,0,0,0,0,0,0,0,0,0
237152,0,0,0,0,0,0,0,0,0,0
237153,0,0,0,0,0,0,0,0,0,0
237164,0,0,0,0,0,0,0,0,0,0
237171,0,0,0,0,0,0,0,0,0,0
237177,0,0,0,0,0,0,0,0,0,0
237183,0,0,0,0,0,0,0,0,0,0
237187,0,0,0,0,0,0,0,0,0,0
237256,0,0,0,0,0,0,0,0,0,0
237268,0,0,0,0,0,0,0,0,0,0
237272,0,0,0,0,0,0,0,0,0,0
237274,0,0,0,0,0,0,0,0,0,0
237275,0,0,0,0,0,0,0,0,1048576,0
237276,0,0,0,0,0,0,0,0,0,0
237298,0,0,0,0,0,0,0,0,0,0
237305,0,0,0,0,0,0,0,0,0,0
237307,0,0,0,0,0,0,0,0,0,0
237319,0,0,0,0,0,0,0,0,0,0
237332,0,0,0,0,0,0,0,0,0,0
237333,0,0,0,0,0,0,0,0,0,0
237334,0,0,0,0,0,0,0,0,0,0
237352,0,0,0,0,0,0,0,0,0,0
237353,0,0,0,0,0,0,0,0,0,0
237359,0,0,0,0,0,0,0,0,0,0
237360,0,0,0,0,0,0,0,0,0,0
237362,0,0,0,0,0,0,0,0,0,0
237364,0,0,0,0,0,0,0,0,0,0
237365,0,0,0,0,0,0,0,0,0,0
237381,0,0,0,0,0,0,0,0,0,0
237382,0,0,0,0,0,0,0,0,0,0
237383,0,0,0,0,0,0,0,0,0,0
237384,0,0,0,0,0,0,0,0,0,0
237385,0,0,0,0,0,0,0,0,0,0
237386,0,0,0,0,0,0,0,0,0,0
237390,0,0,0,0,0,0,0,0,0,0
237391,0,0,0,0,0,0,0,0,0,0
237392,0,0,0,0,0,0,0,0,1048576,0
237393,0,0,0,0,0,0,0,0,0,0
237399,0,0,0,0,0,0,0,0,0,0
237400,0,0,0,0,0,0,0,0,0,0
237405,0,0,0,0,0,0,0,0,0,0
237407,0,0,0,0,0,0,0,0,0,0
237409,0,0,0,0,0,0,0,0,0,0
237410,0,0,0,0,0,0,0,0,0,0
237411,0,0,0,0,0,0,0,0,0,0
237413,0,0,0,0,0,0,0,0,0,0
237414,0,0,0,0,0,0,0,0,0,0
237417,0,0,0,0,0,0,0,0,0,0
237418,0,0,0,0,0,0,0,0,0,0
237422,0,0,0,0,0,0,0,0,0,0
237434,0,0,0,0,0,0,0,0,0,0
237435,0,0,0,0,0,0,0,0,0,0
237440,0,0,0,0,0,0,0,0,0,0
237523,0,0,0,0,0,0,0,0,0,0
237525,0,0,0,0,0,0,0,0,0,0
237530,0,0,0,0,0,0,0,0,0,0
237531,0,0,0,0,0,0,0,0,0,0
237532,0,0,0,0,0,0,0,0,0,0
237533,0,0,0,0,0,0,0,0,0,0
237534,0,0,0,0,0,0,0,0,0,0
237535,0,0,0,0,0,0,0,0,0,0
237542,0,0,0,0,0,0,0,0,0,0
237544,0,0,0,0,0,0,0,0,0,0
237580,0,0,0,0,0,0,0,0,0,0
237582,0,0,0,0,0,0,0,0,0,0
237594,0,0,0,0,0,0,0,0,0,0
237597,0,0,0,0,0,0,0,0,0,0
237632,0,0,0,0,0,0,0,0,0,0
237637,0,0,0,0,0,0,0,0,0,0
237638,0,0,0,0,0,0,0,0,0,0
237649,0,0,0,0,0,0,0,0,0,0
237654,0,0,0,0,0,0,0,0,0,0
237655,0,0,0,0,0,0,0,0,0,0
237657,0,0,0,0,0,0,0,0,0,0
237658,0,0,0,0,0,0,0,0,0,0
237661,0,0,0,0,0,0,0,0,0,0
237663,0,0,0,0,0,0,0,0,0,0
237664,0,0,0,0,0,0,0,0,0,0
237665,0,0,0,0,0,0,0,0,0,0
237666,0,0,0,0,0,0,0,0,0,0
237667,0,0,0,0,0,0,0,0,0,0
237716,0,0,0,0,0,0,0,0,0,0
237718,0,0,0,0,0,0,0,0,0,0
237906,0,0,0,0,0,0,0,0,0,0
237907,0,0,0,0,0,0,0,0,0,0
237908,0,0,0,0,0,0,0,0,0,0
237927,0,0,0,0,0,0,0,0,0,0
237930,0,0,0,0,0,0,0,0,0,0
237932,0,0,0,0,0,0,0,0,0,0
237939,0,0,0,0,0,0,0,0,0,0
237950,0,0,0,0,0,0,0,0,0,0
237989,0,0,0,0,0,0,0,0,0,0
237991,0,0,0,0,0,0,0,0,0,0
237993,0,0,0,0,0,0,0,0,0,0
238164,0,0,0,0,0,0,0,0,0,0
238165,0,0,0,0,0,0,0,0,0,0
238166,0,0,0,0,0,0,0,0,0,0
238168,0,0,0,0,0,0,0,0,0,0
238169,0,0,0,0,0,0,0,0,0,0
238170,0,0,0,0,0,0,0,0,0,0
238192,0,0,0,0,0,0,0,0,0,0
238217,0,0,0,0,0,0,0,0,0,0
238218,0,0,0,0,0,0,0,0,0,0
238219,0,0,0,0,0,0,0,0,0,0
238222,0,0,0,0,0,0,0,0,0,0
238223,0,0,0,0,0,0,0,0,0,0
238224,0,0,0,0,0,0,0,0,0,0
238226,0,0,0,0,0,0,0,0,0,0
238231,0,0,0,0,0,0,0,0,0,0
238236,0,0,0,0,0,0,0,0,0,0
238287,0,0,0,0,0,0,0,0,1048576,0
238292,0,0,0,0,0,0,0,0,0,0
238609,0,0,0,0,0,0,0,0,0,0
238610,0,0,0,0,0,0,0,0,0,0
238611,0,0,0,0,0,0,0,0,0,0
238613,0,0,0,0,0,0,0,0,0,0
238618,0,0,0,0,0,0,0,0,0,0
238620,0,0,0,0,0,0,0,0,0,0
238623,0,0,0,0,0,0,0,0,0,0
238638,0,0,0,0,0,0,0,0,0,0
238649,0,0,0,0,0,0,0,0,0,0
238651,0,0,0,0,0,0,0,0,0,0
238655,0,0,0,0,0,0,0,0,0,0
238658,0,0,0,0,0,0,0,0,0,0
238660,0,0,0,0,0,0,0,0,0,0
238661,0,0,0,0,0,0,0,0,0,0
238665,0,0,0,0,0,0,0,0,1048576,0
238704,0,0,0,0,0,0,0,0,0,0
238746,0,0,0,0,0,0,0,0,0,0
238755,0,0,0,0,0,0,0,0,0,0
238756,0,0,0,0,0,0,0,0,0,0
238761,0,0,0,0,0,0,0,0,0,0
238762,0,0,0,0,0,0,0,0,0,0
238769,0,0,0,0,0,0,0,0,0,0
239092,0,0,0,0,0,0,0,0,1048576,0
239120,0,0,0,0,0,0,0,0,12,0
239198,0,0,0,0,0,0,0,0,0,0
239199,0,0,0,0,0,0,0,0,0,0
239218,0,0,0,0,0,0,0,0,0,0
239219,0,0,0,0,0,0,0,0,0,0
239220,0,0,0,0,0,0,0,0,0,0
239221,0,0,0,0,0,0,0,0,0,0
239222,0,0,0,0,0,0,0,0,0,0
239223,0,0,0,0,0,0,0,0,0,0
239244,0,0,0,0,0,0,0,0,0,0
239281,0,0,0,0,0,0,0,0,0,0
239516,0,0,0,0,0,0,0,0,0,0
239517,0,0,0,0,0,0,0,0,0,0
239518,0,0,0,0,0,0,0,0,0,0
239625,0,0,0,0,0,0,0,0,0,0
239637,4,0,0,0,0,0,0,0,1048640,0
239638,0,0,0,0,0,0,0,0,1048576,0
239646,0,0,0,0,0,0,0,0,1048576,0
239662,0,0,0,0,0,0,0,0,1048576,0
240085,0,0,0,0,0,0,0,0,1048576,0
240086,0,0,0,0,0,0,0,0,1048576,0
240167,0,0,0,0,0,0,0,0,0,0
240412,0,0,0,0,0,0,0,0,0,0
240419,0,0,0,0,0,0,0,0,0,0
240423,0,0,0,0,0,0,0,0,0,0
240424,0,0,0,0,0,0,0,0,0,0
240430,0,0,0,0,0,0,0,0,0,0
240432,0,0,0,0,0,0,0,0,0,0
240433,0,0,0,0,0,0,0,0,0,0
240438,0,0,0,0,0,0,0,0,0,0
240441,0,0,0,0,0,0,0,0,0,0
240442,0,0,0,0,0,0,0,0,0,0
240445,0,0,0,0,0,0,0,0,0,0
240446,0,0,0,0,0,0,0,0,0,0
240451,0,0,0,0,0,0,0,0,0,0
240453,0,0,0,0,0,0,0,0,0,0
240475,0,0,0,0,0,0,0,0,0,0
240476,0,0,0,0,0,0,0,0,1048576,0
240477,0,0,0,0,0,0,0,0,1048576,0
240488,0,0,0,0,0,0,0,0,0,0
240489,0,0,0,0,0,0,0,0,0,0
240504,0,0,0,0,0,0,0,0,0,0
240505,0,0,0,0,0,0,0,0,0,0
240507,0,0,0,0,0,0,0,0,0,0
240558,0,0,0,0,0,0,0,0,1048576,0
240671,0,0,0,0,0,0,0,0,0,0
240676,0,0,0,0,0,0,0,0,1048576,0
240677,0,0,0,0,0,0,0,0,1048576,0
240678,0,0,0,0,0,0,0,0,1048576,0
240679,0,0,0,0,0,0,0,0,1048576,0
240683,0,0,0,0,0,0,0,0,0,0
240689,0,0,0,0,0,0,0,0,0,0
240690,0,0,0,0,0,0,0,0,1048576,0
240691,0,0,0,0,0,0,0,0,1048576,0
240706,0,0,0,0,0,0,0,0,1048576,0
240707,0,0,0,0,0,0,0,0,1048576,0
240709,0,0,0,0,0,0,0,0,1048576,0
240710,0,0,0,0,0,0,0,0,1048576,0
240711,0,0,0,0,0,0,0,0,0,0
240712,0,0,0,0,0,0,0,0,0,0
240715,0,0,0,0,0,0,0,0,0,0
240716,0,0,0,0,0,0,0,0,1048576,0
240717,0,0,0,0,0,0,0,0,1048576,0
240721,0,0,0,0,0,0,0,0,1048576,0
240722,0,0,0,0,0,0,0,0,1048576,0
240734,0,0,0,0,0,0,0,0,1048576,0
240736,0,0,0,0,0,0,0,0,0,0
240743,0,0,0,0,0,0,0,0,0,0
240744,0,0,0,0,0,0,0,0,0,0
240795,0,0,0,0,0,0,0,0,0,0
240976,0,0,0,0,0,0,0,0,0,0
240977,0,0,0,0,0,0,0,0,0,0
240978,0,0,0,0,0,0,0,0,0,0
241069,0,0,0,0,0,0,0,0,0,0
241072,0,0,0,0,0,0,0,0,0,0
241184,0,0,0,0,0,0,0,0,0,0
241198,0,0,0,0,0,0,0,0,0,0
241439,0,0,0,0,0,0,0,0,0,0
241464,0,0,0,0,0,0,0,0,0,0
241506,0,0,0,0,0,0,0,0,0,0
241516,0,0,0,0,0,0,0,0,0,0
241517,0,0,0,0,0,0,0,0,0,0
241521,0,0,0,0,0,0,0,0,0,0
241523,0,0,0,0,0,0,0,0,0,0
241524,0,0,0,0,0,0,0,0,0,0
241660,0,0,0,0,0,0,0,0,0,0
241664,0,0,0,0,0,0,0,0,0,0
241686,0,0,0,0,0,0,0,0,0,0
241689,0,0,0,0,0,0,0,0,0,0
241690,0,0,0,0,0,0,0,0,0,0
241691,0,0,0,0,0,0,0,0,0,0
241694,0,0,0,0,0,0,0,0,0,0
241695,0,0,0,0,0,0,0,0,0,0
241696,0,0,0,0,0,0,0,0,0,0
241697,0,0,0,0,0,0,0,0,0,0
241698,0,0,0,0,0,0,0,0,0,0
241704,0,0,0,0,0,0,0,0,0,0
241705,0,0,0,0,0,0,0,0,0,0
241706,0,0,0,0,0,0,0,0,1048576,0
241707,0,0,0,0,0,0,0,0,1048576,0
241710,0,0,0,0,0,0,0,0,0,0
241711,0,0,0,0,0,0,0,0,1048576,0
241716,0,0,0,0,0,0,0,0,0,0
241736,0,0,0,0,0,0,0,0,0,0
241745,0,0,0,0,0,0,0,0,0,0
241746,0,0,0,0,0,0,0,0,1048576,0
241747,0,0,0,0,0,0,0,0,0,0
241790,0,0,0,0,0,0,0,0,0,0
241791,0,0,0,0,0,0,0,0,0,0
241794,0,0,0,0,0,0,0,0,0,0
241822,0,0,0,0,0,0,0,0,0,0
241823,0,0,0,0,0,0,0,0,0,0
241838,0,0,0,0,0,0,0,0,0,0
241840,0,0,0,0,0,0,0,0,0,0
241871,0,0,0,0,0,0,0,0,1048576,0
241874,0,0,0,0,0,0,0,0,0,0
241876,0,0,0,0,0,0,0,0,0,0
241877,0,0,0,0,0,0,0,0,0,0
241885,0,0,0,0,0,0,0,0,0,0
241892,0,0,0,0,0,0,0,0,0,0
241893,0,0,0,0,0,0,0,0,1048576,0
241902,0,0,0,0,0,0,0,0,0,0
241916,0,0,0,0,0,0,0,0,0,0
241918,0,0,0,0,0,0,0,0,1048576,0
241973,0,0,0,0,0,0,0,0,0,0
241981,0,0,0,0,0,0,0,0,0,0
241982,0,0,0,0,0,0,0,0,1048576,0
241994,0,0,0,0,0,0,0,0,0,0
241996,0,0,0,0,0,0,0,0,0,0
242007,0,0,0,0,0,0,0,0,1048576,0
242009,0,0,0,0,0,0,0,0,0,0
242039,0,0,0,0,0,0,0,0,0,0
242041,0,0,0,0,0,0,0,0,0,0
242077,0,0,0,0,0,0,0,0,0,0
242078,0,0,0,0,0,0,0,0,0,0
242079,0,0,0,0,0,0,0,0,0,0
242080,0,0,0,0,0,0,0,0,0,0
242085,0,0,0,0,0,0,0,0,0,0
242086,0,0,0,0,0,0,0,0,0,0
242088,0,0,0,0,0,0,0,0,0,0
242090,0,0,0,0,0,0,0,0,0,0
242105,0,0,0,0,0,0,0,0,0,0
242107,0,0,0,0,0,0,0,0,0,0
242117,0,0,0,0,0,0,0,0,0,0
242124,0,0,0,0,0,0,0,0,0,0
242164,0,0,0,0,0,0,0,0,1048576,0
242165,0,0,0,0,0,0,0,0,0,0
242183,0,0,0,0,0,0,0,0,1048576,0
242185,0,0,0,0,0,0,0,0,1048576,0
242187,0,0,0,0,0,0,0,0,1048576,0
242191,0,0,0,0,0,0,0,0,0,0
242211,0,0,0,0,0,0,0,0,0,0
242215,0,0,0,0,0,0,0,0,0,0
242219,0,0,0,0,0,0,0,0,0,0
242231,0,0,0,0,0,0,0,0,1048576,0
242239,0,0,0,0,0,0,0,0,1048576,0
242241,0,0,0,0,0,0,0,0,0,0
242251,0,0,0,0,0,0,0,0,0,0
242252,0,0,0,0,0,0,0,0,0,0
242255,0,0,0,0,0,0,0,0,0,0
242257,0,0,0,0,0,0,0,0,0,0
242258,0,0,0,0,0,0,0,0,1048576,0
242259,0,0,0,0,0,0,0,0,0,0
242268,0,0,0,0,0,0,0,0,0,0
242269,0,0,0,0,0,0,0,0,0,0
242271,0,0,0,0,0,0,0,0,0,0
242276,0,0,0,0,0,0,0,0,0,0
242279,0,0,0,0,0,0,0,0,0,0
242280,0,0,0,0,0,0,0,0,0,0
242282,0,0,0,0,0,0,0,0,0,0
242286,0,0,0,0,0,0,0,0,0,0
242306,0,0,0,0,0,0,0,0,0,0
242317,0,0,0,0,0,0,0,0,0,0
242320,0,0,0,0,0,0,0,0,0,0
242321,0,0,0,0,0,0,0,0,0,0
242324,0,0,0,0,0,0,0,0,0,0
242325,0,0,0,0,0,0,0,0,1048576,0
242327,0,0,0,0,0,0,0,0,0,0
242333,0,0,0,0,0,0,0,0,1048576,0
242386,0,0,0,0,0,0,0,0,1048576,0
242387,0,0,0,0,0,0,0,0,0,0
242388,0,0,0,0,0,0,0,0,0,0
242457,0,0,0,0,0,0,0,0,0,0
242518,0,0,0,0,0,0,0,0,0,0
242561,0,0,0,0,0,0,0,0,0,0
242564,0,0,0,0,0,0,0,0,0,0
242565,0,0,0,0,0,0,0,0,0,0
242568,0,0,0,0,0,0,0,0,0,0
242585,0,0,0,0,0,0,0,0,0,0
242613,0,0,0,0,0,0,0,0,0,0
242655,0,0,0,0,0,0,0,0,0,0
242666,0,0,0,0,0,0,0,0,1048576,0
242678,0,0,0,0,0,0,0,0,0,0
242708,0,0,0,0,0,0,0,0,0,0
242709,0,0,0,0,0,0,0,0,0,0
242713,0,0,0,0,0,0,0,0,0,0
242714,0,0,0,0,0,0,0,0,0,0
242722,0,0,0,0,0,0,0,0,0,0
242790,0,0,0,0,0,0,0,0,0,0
242812,0,0,0,0,0,0,0,0,0,0
242815,0,0,0,0,0,0,0,0,0,0
242817,0,0,0,0,0,0,0,0,0,0
242818,0,0,0,0,0,0,0,0,0,0
242820,0,0,0,0,0,0,0,0,0,0
242821,0,0,0,0,0,0,0,0,0,0
242826,0,0,0,0,0,0,0,0,0,0
242856,0,0,0,0,0,0,0,0,0,0
242861,0,0,0,0,0,0,0,0,0,0
242862,0,0,0,0,0,0,0,0,0,0
242921,0,0,0,0,0,0,0,0,0,0
242927,0,0,0,0,0,0,0,0,0,0
242928,0,0,0,0,0,0,0,0,0,0
242932,0,0,0,0,0,0,0,0,0,0
242934,0,0,0,0,0,0,0,0,0,0
242937,0,0,0,0,0,0,0,0,0,0
242938,0,0,0,0,0,0,0,0,0,0
242939,0,0,0,0,0,0,0,0,0,0
242941,0,0,0,0,0,0,0,0,0,0
242997,0,0,0,0,0,0,0,0,1048576,0
243002,0,0,0,0,0,0,0,0,0,0
243003,0,0,0,0,0,0,0,0,0,0
243004,0,0,0,0,0,0,0,0,0,0
243006,0,0,0,0,0,0,0,0,0,0
243007,0,0,0,0,0,0,0,0,0,0
243008,0,0,0,0,0,0,0,0,0,0
243022,0,0,0,0,0,0,0,0,0,0
243024,0,0,0,0,0,0,0,0,1048576,0
243026,0,0,0,0,0,0,0,0,1048576,0
243028,0,0,0,0,0,0,0,0,1048576,0
243047,0,0,0,0,0,0,0,0,0,0
243049,0,0,0,0,0,0,0,0,0,0
243050,0,0,0,0,0,0,0,0,0,0
243060,0,0,0,0,0,0,0,0,0,0
243068,0,0,0,0,0,0,0,0,1048576,0
243069,0,0,0,0,0,0,0,0,0,0
243076,0,0,0,0,0,0,0,0,0,0
243085,0,0,0,0,0,0,0,0,0,0
243088,0,0,0,0,0,0,0,0,0,0
243150,0,0,0,0,0,0,0,0,1048576,0
243151,0,0,0,0,0,0,0,0,0,0
243152,0,0,0,0,0,0,0,0,0,0
243156,0,0,0,0,0,0,0,0,0,0
243182,0,0,0,0,0,0,0,0,0,0
243202,0,0,0,0,0,0,0,0,0,0
243204,0,0,0,0,0,0,0,0,0,0
243210,0,0,0,0,0,0,0,0,0,0
243240,0,0,0,0,0,0,0,0,0,0
243241,0,0,0,0,0,0,0,0,0,0
243242,0,0,0,0,0,0,0,0,0,0
243245,0,0,0,0,0,0,0,0,0,0
243247,0,0,0,0,0,0,0,0,1048576,0
243248,0,0,0,0,0,0,0,0,1048576,0
243251,0,0,0,0,0,0,0,0,0,0
243312,0,0,0,0,0,0,0,0,0,0
243339,0,0,0,0,0,0,0,0,1048576,0
243795,0,0,0,0,0,0,0,0,1048640,0
243796,0,0,0,0,0,0,0,0,0,0
243797,0,0,0,0,0,0,0,0,1048640,0
243798,0,0,0,0,0,0,0,0,0,0
243934,0,0,0,0,0,0,0,0,1048576,0
244017,0,0,0,0,0,0,0,0,0,0
244021,0,0,0,0,0,0,0,0,0,0
244135,0,0,0,0,0,0,0,0,1048576,0
244137,0,0,0,0,0,0,0,0,0,0
244406,0,0,0,0,0,0,0,0,0,0
244615,0,0,0,0,0,0,0,0,0,0
244794,0,0,0,0,0,0,0,0,1048576,0
244904,0,0,0,0,0,0,0,0,0,0
244941,0,0,0,0,0,0,0,0,0,0
244942,0,0,0,0,0,0,0,0,0,0
245022,0,0,0,0,0,0,0,0,0,0
245066,0,0,0,0,0,0,0,0,0,0
245067,0,0,0,0,0,0,0,0,0,0
245084,0,0,0,0,0,0,0,0,0,0
245085,0,0,0,0,0,0,0,0,0,0
245128,0,0,0,0,0,0,0,0,1048576,0
245135,0,0,0,0,0,0,0,0,0,0
245139,0,0,0,0,0,0,0,0,0,0
245203,0,0,0,0,0,0,0,0,0,0
245254,0,0,0,0,0,0,0,0,0,0
245321,0,0,0,0,0,0,0,0,0,0
245400,0,0,0,0,0,0,0,0,0,0
245402,0,0,0,0,0,0,0,0,0,0
245404,0,0,0,0,0,0,0,0,0,0
245405,0,0,0,0,0,0,0,0,0,0
245423,0,0,0,0,0,0,0,0,0,0
245428,0,0,0,0,0,0,0,0,0,0
245429,0,0,0,0,0,0,0,0,0,0
245448,0,0,0,0,0,0,0,0,0,0
245449,0,0,0,0,0,0,0,0,0,0
245450,0,0,0,0,0,0,0,0,0,0
245528,0,0,0,0,0,0,0,0,0,0
245532,0,0,0,0,0,0,0,0,0,0
245535,0,0,0,0,0,0,0,0,0,0
245539,0,0,0,0,0,0,0,0,0,0
245597,0,0,0,0,0,0,0,0,0,0
245599,0,0,0,0,0,0,0,0,0,0
245615,0,0,0,0,0,0,0,0,0,0
245617,0,0,0,0,0,0,0,0,0,0
245760,0,0,0,0,0,0,0,0,0,0
245761,0,0,0,0,0,0,0,0,0,0
245762,0,0,0,0,0,0,0,0,0,0
245809,0,0,0,0,0,0,0,0,1048576,0
245810,0,0,0,0,0,0,0,0,0,0
245894,0,0,0,0,0,0,0,0,0,0
245950,0,0,0,0,0,0,0,0,0,0
245951,0,0,0,0,0,0,0,0,1048576,0
245982,0,0,0,0,0,0,0,0,0,0
245983,0,0,0,0,0,0,0,0,0,0
246185,0,0,0,0,0,0,0,0,0,0
246260,0,0,0,0,0,0,0,0,0,0
246261,0,0,0,0,0,0,0,0,0,0
246263,0,0,0,0,0,0,0,0,0,0
246276,0,0,0,0,0,0,0,0,0,0
246312,0,0,0,0,0,0,0,0,0,0
246314,0,0,0,0,0,0,0,0,0,0
246327,0,0,0,0,0,0,0,0,0,0
246340,0,0,0,0,0,0,0,0,0,0
246348,0,0,0,0,0,0,0,0,0,0
246349,0,0,0,0,0,0,0,0,0,0
246351,0,0,0,0,0,0,0,0,0,0
246352,0,0,0,0,0,0,0,0,0,0
246353,0,0,0,0,0,0,0,0,0,0
246376,0,0,0,0,0,0,0,0,0,0
246442,0,0,0,0,0,0,0,0,0,0
246565,0,0,0,0,0,0,0,0,0,0
246575,0,0,0,0,0,0,0,0,0,0
246605,0,0,0,0,0,0,0,0,0,0
247104,0,0,0,0,0,0,0,0,0,0
247210,0,0,0,0,0,0,0,0,0,0
247261,0,0,0,0,0,0,0,0,0,0
247393,0,0,0,0,0,0,0,0,0,0
247398,0,0,0,0,0,0,0,0,0,0
247402,0,0,0,0,0,0,0,0,0,0
247439,0,0,0,0,0,0,0,0,0,0
247614,0,0,0,0,0,0,0,0,0,0
247819,0,0,0,0,0,0,0,0,0,0
247835,0,0,0,0,0,0,0,0,0,0
247871,0,0,0,0,0,0,0,0,0,0
247872,0,0,0,0,0,0,0,0,0,0
247892,0,0,0,0,0,0,0,0,0,0
247894,0,0,0,0,0,0,0,0,0,0
247895,0,0,0,0,0,0,0,0,0,0
247899,0,0,0,0,0,0,0,0,0,0
247910,0,0,0,0,0,0,0,0,1048576,0
247999,0,0,0,0,0,0,0,0,0,0
248000,0,0,0,0,0,0,0,0,0,0
248004,0,0,0,0,0,0,0,0,0,0
248018,0,0,0,0,0,0,0,0,0,0
248020,0,0,0,0,0,0,0,0,0,0
248022,0,0,0,0,0,0,0,0,0,0
248026,0,0,0,0,0,0,0,0,0,0
248027,0,0,0,0,0,0,0,0,0,0
248039,0,0,0,0,0,0,0,0,0,0
248041,0,0,0,0,0,0,0,0,0,0
248051,0,0,0,0,0,0,0,0,0,0
248195,0,0,0,0,0,0,0,0,1048576,0
248266,0,0,0,0,0,0,0,0,0,0
248269,0,0,0,0,0,0,0,0,0,0
248272,0,0,0,0,0,0,0,0,0,0
248276,0,0,0,0,0,0,0,0,0,0
248277,0,0,0,0,0,0,0,0,0,0
248290,0,0,0,0,0,0,0,0,0,0
248291,0,0,0,0,0,0,0,0,0,0
248372,0,0,0,0,0,0,0,0,0,0
248434,0,0,0,0,0,0,0,0,1048576,0
248440,0,0,0,0,0,0,0,0,1048576,0
248544,0,0,0,0,0,0,0,0,0,0
248622,0,0,0,0,0,0,0,0,0,0
248623,0,0,0,0,0,0,0,0,0,0
248773,0,0,0,0,0,0,0,0,0,0
248774,0,0,0,0,0,0,0,0,0,0
248775,0,0,0,0,0,0,0,0,0,0
248813,0,0,0,0,0,0,0,0,0,0
248815,0,0,0,0,0,0,0,0,0,0
248817,0,0,0,0,0,0,0,0,0,0
248827,0,0,0,0,0,0,0,0,0,0
248834,0,0,0,0,0,0,0,0,0,0
248835,0,0,0,0,0,0,0,0,0,0
248956,0,0,0,0,0,0,0,0,0,0
248957,0,0,0,0,0,0,0,0,0,0
249034,0,0,0,0,0,0,0,0,0,0
249035,0,0,0,0,0,0,0,0,0,0
249041,0,0,0,0,0,0,0,0,0,0
249198,0,0,0,0,0,0,0,0,0,0
249201,0,0,0,0,0,0,0,0,0,0
249232,0,0,0,0,0,0,0,0,1048576,0
249282,0,0,0,0,0,0,0,0,0,0
249285,0,0,0,0,0,0,0,0,0,0
249286,0,0,0,0,0,0,0,0,0,0
249297,0,0,0,0,0,0,0,0,0,0
249308,0,0,0,0,0,0,0,0,0,0
249311,0,0,0,0,0,0,0,0,0,0
249333,0,0,0,0,0,0,0,0,0,0
249394,0,0,0,0,0,0,0,0,0,0
249403,0,0,0,0,0,0,0,0,0,0
249404,0,0,0,0,0,0,0,0,0,0
249407,0,0,0,0,0,0,0,0,0,0
249408,0,0,0,0,0,0,0,0,0,0
249490,0,0,0,0,0,0,0,0,0,0
249491,0,0,0,0,0,0,0,0,0,0
249498,0,0,0,0,0,0,0,0,0,0
249554,0,0,0,0,0,0,0,0,1048576,0
249607,0,0,0,0,0,0,0,0,0,0
249613,0,0,0,0,0,0,0,0,0,0
249651,0,0,0,0,0,0,0,0,0,0
249652,0,0,0,0,0,0,0,0,0,0
249686,0,0,0,0,0,0,0,0,0,0
249742,0,0,0,0,0,0,0,0,1048576,0
249744,0,0,0,0,0,0,0,0,0,0
249752,0,0,0,0,0,0,0,0,0,0
249773,0,0,0,0,0,0,0,0,0,0
249970,0,0,0,0,0,0,0,0,0,0
249971,0,0,0,0,0,0,0,0,0,0
249987,0,0,0,0,0,0,0,0,0,0
249988,0,0,0,0,0,0,0,0,1048576,0
249989,0,0,0,0,0,0,0,0,0,0
249992,0,0,0,0,0,0,0,0,0,0
249993,0,0,0,0,0,0,0,0,0,0
250008,0,0,0,0,0,0,0,0,0,0
250009,0,0,0,0,0,0,0,0,0,0
250015,0,0,0,0,0,0,0,0,1048576,0
250016,0,0,0,0,0,0,0,0,0,0
250018,0,0,0,0,0,0,0,0,0,0
250026,0,0,0,0,0,0,0,0,0,0
250116,0,0,0,0,0,0,0,0,1048576,0
250160,0,0,0,0,0,0,0,0,0,0
250166,0,0,0,0,0,0,0,0,0,0
250168,0,0,0,0,0,0,0,0,0,0
250199,0,0,0,0,0,0,0,0,0,0
250254,0,0,0,0,0,0,0,0,0,0
250274,0,0,0,0,0,0,0,0,0,0
250275,0,0,0,0,0,0,0,0,0,0
250375,0,0,0,0,0,0,0,0,0,0
250379,0,0,0,0,0,0,0,0,0,0
250440,0,0,0,0,0,0,0,0,0,0
250464,0,0,0,0,0,0,0,0,0,0
250476,0,0,0,0,0,0,0,0,0,0
250533,0,0,0,0,0,0,0,0,0,0
250622,0,0,0,0,0,0,0,0,0,0
250634,0,0,0,0,0,0,0,0,0,0
250711,0,0,0,0,0,0,0,0,0,0
250725,0,0,0,0,0,0,0,0,0,0
250772,0,0,0,0,0,0,0,0,1048576,0
250773,0,0,0,0,0,0,0,0,1048576,0
250774,0,0,0,0,0,0,0,0,1048576,0
250815,0,0,0,0,0,0,0,0,0,0
250824,0,0,0,0,0,0,0,0,0,0
250827,0,0,0,0,0,0,0,0,0,0
250828,0,0,0,0,0,0,0,0,0,0
250829,0,0,0,0,0,0,0,0,0,0
250835,0,0,0,0,0,0,0,0,0,0
250836,0,0,0,0,0,0,0,0,0,0
250837,0,0,0,0,0,0,0,0,0,0
250839,0,0,0,0,0,0,0,0,0,0
250840,0,0,0,0,0,0,0,0,0,0
250841,0,0,0,0,0,0,0,0,0,0
250842,0,0,0,0,0,0,0,0,0,0
250843,0,0,0,0,0,0,0,0,0,0
250844,0,0,0,0,0,0,0,0,0,0
250859,0,0,0,0,0,0,0,0,1048576,0
250865,0,0,0,0,0,0,0,0,0,0
250904,0,0,0,0,0,0,0,0,0,0
250906,0,0,0,0,0,0,0,0,0,0
250907,0,0,0,0,0,0,0,0,0,0
250918,0,0,0,0,0,0,0,0,0,0
250924,0,0,0,0,0,0,0,0,0,0
250925,0,0,0,0,0,0,0,0,0,0
250926,0,0,0,0,0,0,0,0,0,0
250957,0,0,0,0,0,0,0,0,0,0
251015,0,0,0,0,0,0,0,0,1048576,0
251021,0,0,0,0,0,0,0,0,1048576,0
251023,0,0,0,0,0,0,0,0,0,0
251055,0,0,0,0,0,0,0,0,1048576,0
251057,0,0,0,0,0,0,0,0,0,0
251059,0,0,0,0,0,0,0,0,0,0
251065,0,0,0,0,0,0,0,0,0,0
251066,0,0,0,0,0,0,0,0,0,0
251119,0,0,0,0,0,0,0,0,1048576,0
251122,0,0,0,0,0,0,0,0,1048576,0
251123,0,0,0,0,0,0,0,0,1048576,0
251217,0,0,0,0,0,0,0,0,0,0
251218,0,0,0,0,0,0,0,0,0,0
251227,0,0,0,0,0,0,0,0,0,0
251260,0,0,0,0,0,0,0,0,0,0
251343,0,0,0,0,0,0,0,0,0,0
251344,0,0,0,0,0,0,0,0,0,0
251345,0,0,0,0,0,0,0,0,0,0
251346,0,0,0,0,0,0,0,0,2097152,0
251347,0,0,0,0,0,0,0,0,0,0
251348,0,0,0,0,0,0,0,0,0,0
251349,0,0,0,0,0,0,0,0,0,0
251350,0,0,0,0,0,0,0,0,0,0
251351,0,0,0,0,0,0,0,0,0,0
251404,0,0,0,0,0,0,0,0,1572864,0
251419,0,0,0,0,0,0,0,0,0,0
251443,0,0,0,0,0,0,0,0,0,0
251444,0,0,0,0,0,0,0,0,0,0
251451,0,0,0,0,0,0,0,0,0,0
251452,0,0,0,0,0,0,0,0,0,0
251453,0,0,0,0,0,0,0,0,0,0
251454,0,0,0,0,0,0,0,0,0,0
251513,0,0,0,0,0,0,0,0,1048576,0
251544,0,0,0,0,0,0,0,0,0,0
251548,0,0,0,0,0,0,0,0,0,0
251550,0,0,0,0,0,0,0,0,0,0
251555,0,0,0,0,0,0,0,0,0,0
251562,0,0,0,0,0,0,0,0,0,0
251615,0,0,0,0,0,0,0,0,0,0
251778,0,0,0,0,0,0,0,0,1048576,0
251788,0,0,0,0,0,0,0,0,1048576,0
251793,0,0,0,0,0,0,0,0,0,0
251794,0,0,0,0,0,0,0,0,0,0
251820,0,0,0,0,0,0,0,0,263168,0
251826,0,0,0,0,0,0,0,0,0,0
251827,0,0,0,0,0,0,0,0,0,0
251894,0,0,0,0,0,0,0,0,0,0
251895,0,0,0,0,0,0,0,0,0,0
251896,0,0,0,0,0,0,0,0,0,0
251897,0,0,0,0,0,0,0,0,0,0
251918,0,0,0,0,0,0,0,0,0,0
251919,0,0,0,0,0,0,0,0,0,0
251921,0,0,0,0,0,0,0,0,0,0
251925,0,0,0,0,0,0,0,0,0,0
252020,0,0,0,0,0,0,0,0,0,0
252023,0,0,0,0,0,0,0,0,0,0
252024,0,0,0,0,0,0,0,0,0,0
252025,0,0,0,0,0,0,0,0,0,0
252060,0,0,0,0,0,0,0,0,0,0
252062,0,0,0,0,0,0,0,0,0,0
252073,0,0,0,0,0,0,0,0,0,0
252108,0,0,0,0,0,0,0,0,0,0
252117,0,0,0,0,0,0,0,0,0,0
252118,0,0,0,0,0,0,0,0,0,0
252119,0,0,0,0,0,0,0,0,0,0
252121,0,0,0,0,0,0,0,0,0,0
252122,0,0,0,0,0,0,0,0,0,0
252123,0,0,0,0,0,0,0,0,0,0
252124,0,0,0,0,0,0,0,0,0,0
252133,0,0,0,0,0,0,0,0,0,0
252136,0,0,0,0,0,0,0,0,0,0
252228,0,0,0,0,0,0,0,0,0,0
252248,0,0,0,0,0,0,0,0,1048576,0
252282,0,0,0,0,0,0,0,0,0,0
252411,0,0,0,0,0,0,0,0,0,0
252415,0,0,0,0,0,0,0,0,0,0
252416,0,0,0,0,0,0,0,0,0,0
252443,0,0,0,0,0,0,0,0,0,0
252480,0,0,0,0,0,0,0,0,0,0
252481,0,0,0,0,0,0,0,0,0,0
252483,0,0,0,0,0,0,0,0,0,0
252484,0,0,0,0,0,0,0,0,0,0
252485,0,0,0,0,0,0,0,0,0,0
252486,0,0,0,0,0,0,0,0,0,0
252502,0,0,0,0,0,0,0,0,0,0
252553,0,0,0,0,0,0,0,0,0,0
252572,0,0,0,0,0,0,0,0,0,0
252574,0,0,0,0,0,0,0,0,0,0
252610,0,0,0,0,0,0,0,0,0,0
252739,0,0,0,0,0,0,0,0,1048576,0
252843,0,0,0,0,0,0,0,0,0,0
252917,0,0,0,0,0,0,0,0,0,0
252958,0,0,0,0,0,0,0,0,1048576,0
252966,0,0,0,0,0,0,0,0,1048576,0
253010,0,0,0,0,0,0,0,0,0,0
253112,0,0,0,0,0,0,0,0,0,0
253113,0,0,0,0,0,0,0,0,0,0
253123,0,0,0,0,0,0,0,0,0,0
253124,0,0,0,0,0,0,0,0,0,0
253440,0,0,0,0,0,0,0,0,1048576,0
253665,0,0,0,0,0,0,0,0,0,0
253671,0,0,0,0,0,0,0,0,0,0
253722,0,0,0,0,0,0,0,0,0,0
253723,0,0,0,0,0,0,0,0,0,0
253728,0,0,0,0,0,0,0,0,0,0
253742,0,0,0,0,0,0,0,0,0,0
253788,0,0,0,0,0,0,0,0,0,0
253864,0,0,0,0,0,0,0,0,0,0
253866,0,0,0,0,0,0,0,0,16777216,0
253942,0,0,0,0,0,0,0,0,0,0
253950,0,0,0,0,0,0,0,0,0,0
253951,0,0,0,0,0,0,0,0,0,0
254040,0,0,0,0,0,0,0,0,1048576,0
254042,0,0,0,0,0,0,0,0,0,0
254133,0,0,0,0,0,0,0,0,0,0
254463,0,0,0,0,0,0,0,0,0,0
254466,0,0,0,0,0,0,0,0,1048576,0
254474,0,0,0,0,0,0,0,0,0,0
254541,0,0,0,0,0,0,0,0,0,0
254849,0,0,0,0,0,0,0,0,0,0
254850,0,0,0,0,0,0,0,0,0,0
254908,0,0,0,0,0,0,0,0,0,0
254910,0,0,0,0,0,0,0,0,0,0
254911,0,0,0,0,0,0,0,0,0,0
254912,0,0,0,0,0,0,0,0,0,0
254953,0,0,0,0,0,0,0,0,0,0
255045,0,0,0,0,0,0,0,0,0,0
255047,0,0,0,0,0,0,0,0,0,0
255048,0,0,0,0,0,0,0,0,0,0
255071,0,0,0,0,0,0,0,0,0,0
255072,0,0,0,0,0,0,0,0,0,0
255086,0,0,0,0,0,0,0,0,0,0
255102,0,0,0,0,0,0,0,0,0,0
255103,0,0,0,0,0,0,0,0,256,0
255105,0,0,0,0,0,0,0,0,0,0
255141,0,0,0,0,0,0,0,0,0,0
255151,0,0,0,0,0,0,0,0,0,0
255152,0,0,0,0,0,0,0,0,0,0
255153,0,0,0,0,0,0,0,0,0,0
255154,0,0,0,0,0,0,0,0,0,0
255155,0,0,0,0,0,0,0,0,0,0
255156,0,0,0,0,0,0,0,0,0,0
255157,0,0,0,0,0,0,0,0,0,0
255158,0,0,0,0,0,0,0,0,0,0
255160,0,0,0,0,0,0,0,0,0,0
255185,0,0,0,0,0,0,0,0,0,0
255186,0,0,0,0,0,0,0,0,0,0
255187,0,0,0,0,0,0,0,0,0,0
255191,0,0,0,0,0,0,0,0,0,0
255192,0,0,0,0,0,0,0,0,0,0
255201,0,0,0,0,0,0,0,0,0,0
255203,0,0,0,0,0,0,0,0,0,0
255218,0,0,0,0,0,0,0,0,0,0
255226,0,0,0,0,0,0,0,0,0,0
255237,0,0,0,0,0,0,0,0,0,0
255238,0,0,0,0,0,0,0,0,0,0
255269,0,0,0,0,0,0,0,0,0,0
255270,0,0,0,0,0,0,0,0,0,0
255271,0,0,0,0,0,0,0,0,0,0
255273,0,0,0,0,0,0,0,0,0,0
255453,0,0,0,0,0,0,0,0,0,0
255593,0,0,0,0,0,0,0,0,0,0
255594,0,0,0,0,0,0,0,0,0,0
255595,0,0,0,0,0,0,0,0,0,0
255678,0,0,0,0,0,0,0,0,0,0
255685,0,0,0,0,0,0,0,0,0,0
255686,0,0,0,0,0,0,0,0,0,0
255687,0,0,0,0,0,0,0,0,0,0
255756,0,0,0,0,0,0,0,0,0,0
255757,0,0,0,0,0,0,0,0,1048576,0
255916,0,0,0,0,0,0,0,0,0,0
255920,0,0,0,0,0,0,0,0,0,0
256018,0,0,0,0,0,0,0,0,0,0
256019,0,0,0,0,0,0,0,0,0,0
256027,0,0,0,0,0,0,0,0,0,0
256028,0,0,0,0,0,0,0,0,0,0
256030,0,0,0,0,0,0,0,0,0,0
256031,0,0,0,0,0,0,0,0,0,0
256146,0,0,0,0,0,0,0,0,0,0
256147,0,0,0,0,0,0,0,0,0,0
256158,0,0,0,0,0,0,0,0,0,0
256166,0,0,0,0,0,0,0,0,0,0
256209,0,0,0,0,0,0,0,0,0,0
256309,0,0,0,0,0,0,0,0,131072,0
256412,0,0,0,0,0,0,0,0,0,0
256413,0,0,0,0,0,0,0,0,0,0
256416,0,0,0,0,0,0,0,0,0,0
256419,0,0,0,0,0,0,0,0,0,0
256492,0,0,0,0,0,0,0,0,0,0
256519,0,0,0,0,0,0,0,0,0,0
256534,0,0,0,0,0,0,0,0,0,0
256599,0,0,0,0,0,0,0,0,0,0
256600,0,0,0,0,0,0,0,0,0,0
256601,0,0,0,0,0,0,0,0,0,0
256616,0,0,0,0,0,0,0,0,0,0
256617,0,0,0,0,0,0,0,0,0,0
256812,0,0,0,0,0,0,0,0,1048576,0
256813,0,0,0,0,0,0,0,0,1048576,0
256956,0,0,0,0,0,0,0,0,0,0
256966,0,0,0,0,0,0,0,0,0,0
256971,0,0,0,0,0,0,0,0,0,0
256972,0,0,0,0,0,0,0,0,0,0
256974,0,0,0,0,0,0,0,0,0,0
256982,0,0,0,0,0,0,0,0,0,0
256983,0,0,0,0,0,0,0,0,0,0
257004,0,0,0,0,0,0,0,0,0,0
257012,0,0,0,0,0,0,0,0,0,0
257049,0,0,0,0,0,0,0,0,0,0
257080,0,0,0,0,0,0,0,0,0,0
257164,0,0,0,0,0,0,0,0,1048576,0
257166,0,0,0,0,0,0,0,0,0,0
257169,0,0,0,0,0,0,0,0,0,0
257213,0,0,0,0,0,0,0,0,0,0
257223,0,0,0,0,0,0,0,0,0,0
257227,0,0,0,0,0,0,0,0,0,0
257231,0,0,0,0,0,0,0,0,0,0
257262,0,0,0,0,0,0,0,0,0,0
257364,0,0,0,0,0,0,0,0,1048576,0
257365,0,0,0,0,0,0,0,0,1048576,0
257366,0,0,0,0,0,0,0,0,1048576,0
257368,0,0,0,0,0,0,0,0,0,0
257376,0,0,0,0,0,0,0,0,0,0
257377,0,0,0,0,0,0,0,0,0,0
257383,0,0,0,0,0,0,0,0,0,0
257387,0,0,0,0,0,0,0,0,0,0
257388,0,0,0,0,0,0,0,0,0,0
257389,0,0,0,0,0,0,0,0,0,0
257413,0,0,0,0,0,0,0,0,0,0
257414,0,0,0,0,0,0,0,0,0,0
257417,0,0,0,0,0,0,0,0,1048576,0
257418,0,0,0,0,0,0,0,0,0,0
257419,0,0,0,0,0,0,0,0,0,0
257420,0,0,0,0,0,0,0,0,0,0
257424,0,0,0,0,0,0,0,0,0,0
257425,0,0,0,0,0,0,0,0,0,0
257492,0,0,0,0,0,0,0,0,0,0
257495,0,0,0,0,0,0,0,0,0,0
257812,0,0,0,0,0,0,0,0,8192,0
257863,0,0,0,0,0,0,0,0,0,0
258007,0,0,0,0,0,0,0,0,1048576,0
258154,0,0,0,0,0,0,0,0,0,0
258156,0,0,0,0,0,0,0,0,0,0
258158,0,0,0,0,0,0,0,0,0,0
258159,0,0,0,0,0,0,0,0,0,0
258201,0,0,0,0,0,0,0,0,0,0
258247,0,0,0,0,0,0,0,0,0,0
258273,0,0,0,0,0,0,0,0,0,0
258274,0,0,0,0,0,0,0,0,0,0
258310,0,0,0,0,0,0,0,0,65536,0
258312,0,0,0,0,0,0,0,0,65536,0
258317,0,0,0,0,0,0,0,0,65536,0
258321,0,0,0,0,0,0,0,0,65536,0
258322,0,0,0,0,0,0,0,0,65536,0
258440,0,0,0,0,0,0,0,0,0,0
258465,0,0,0,0,0,0,0,0,0,0
258469,0,0,0,0,0,0,0,0,0,0
258713,0,0,0,0,0,0,0,0,0,0
258826,0,0,0,0,0,0,0,0,0,0
258840,0,0,0,0,0,0,0,0,0,0
258866,0,0,0,0,0,0,0,0,0,0
258912,0,0,0,0,0,0,0,0,1048576,0
258913,0,0,0,0,0,0,0,0,0,0
258914,0,0,0,0,0,0,0,0,3145728,0
258929,0,0,0,0,0,0,0,0,0,0
259018,0,0,0,0,0,0,0,0,0,0
259055,0,0,0,0,0,0,0,0,1048576,0
259057,0,0,0,0,0,0,0,0,0,0
259178,0,0,0,0,0,0,0,0,0,0
259196,0,0,0,0,0,0,0,0,0,0
259199,0,0,0,0,0,0,0,0,0,0
259240,0,0,0,0,0,0,0,0,0,0
259241,0,0,0,0,0,0,0,0,0,0
259242,0,0,0,0,0,0,0,0,0,0
259320,0,0,0,0,0,0,0,0,0,0
259399,0,0,0,0,0,0,0,0,0,0
259400,0,0,0,0,0,0,0,0,0,0
259402,0,0,0,0,0,0,0,0,0,0
259479,0,0,0,0,0,0,0,0,0,0
259481,0,0,0,0,0,0,0,0,0,0
259483,0,0,0,0,0,0,0,0,0,0
259547,0,0,0,0,0,0,0,0,0,0
259548,0,0,0,0,0,0,0,0,0,0
259813,0,0,0,0,0,0,0,0,0,0
259824,0,0,0,0,0,0,0,0,0,0
259906,0,0,0,0,0,0,0,0,512,0
259932,0,0,0,0,0,0,0,0,0,0
259948,0,0,0,0,0,0,0,0,0,0
260023,0,0,0,0,0,0,0,0,0,0
260075,0,0,0,0,0,0,0,0,0,0
260249,0,0,0,0,0,0,0,0,0,0
260266,0,0,0,0,0,0,0,0,1048576,0
260343,0,0,0,0,0,0,0,0,1048576,0
260344,0,0,0,0,0,0,0,0,1048576,0
260345,0,0,0,0,0,0,0,0,1048576,0
260346,0,0,0,0,0,0,0,0,0,0
260377,0,0,0,0,0,0,0,0,1048576,0
260432,0,0,0,0,0,0,0,0,0,0
260433,0,0,0,0,0,0,0,0,0,0
260435,0,0,0,0,0,0,0,0,0,0
260437,0,0,0,0,0,0,0,0,0,0
260440,0,0,0,0,0,0,0,0,0,0
260442,0,0,0,0,0,0,0,0,0,0
260446,0,0,0,0,0,0,0,0,0,0
260531,0,0,0,0,0,0,0,0,0,0
260533,0,0,0,0,0,0,0,0,0,0
260534,0,0,0,0,0,0,0,0,0,0
260538,0,0,0,0,0,0,0,0,0,0
260616,0,0,0,0,0,0,0,0,0,0
260623,0,0,0,0,0,0,0,0,0,0
260634,0,0,0,0,0,0,0,0,0,0
260707,0,0,0,0,0,0,0,0,0,0
260709,0,0,0,0,0,0,0,0,0,0
260723,0,0,0,0,0,0,0,0,1048576,0
260724,0,0,0,0,0,0,0,0,1048576,0
260725,0,0,0,0,0,0,0,0,1048576,0
260726,0,0,0,0,0,0,0,0,0,0
260728,0,0,0,0,0,0,0,0,0,0
260729,0,0,0,0,0,0,0,0,0,0
260739,0,0,0,0,0,0,0,0,0,0
260742,0,0,0,0,0,0,0,0,0,0
260743,0,0,0,0,0,0,0,0,0,0
260744,0,0,0,0,0,0,0,0,0,0
260746,0,0,0,0,0,0,0,0,0,0
260748,0,0,0,0,0,0,0,0,0,0
260749,0,0,0,0,0,0,0,0,0,0
260751,0,0,0,0,0,0,0,0,0,0
260806,0,0,0,0,0,0,0,0,0,0
260844,0,0,0,0,0,0,0,0,0,0
260845,0,0,0,0,0,0,0,0,0,0
260846,0,0,0,0,0,0,0,0,0,0
260847,0,0,0,0,0,0,0,0,0,0
260866,0,0,0,0,0,0,0,0,65536,0
260867,0,0,0,0,0,0,0,0,0,0
260868,0,0,0,0,0,0,0,0,0,0
260871,0,0,0,0,0,0,0,0,1048576,0
260872,0,0,0,0,0,0,0,0,1048576,0
260873,0,0,0,0,0,0,0,0,1048576,0
260874,0,0,0,0,0,0,0,0,1048576,0
260875,0,0,0,0,0,0,0,0,0,0
260877,0,0,0,0,0,0,0,0,0,0
260879,0,0,0,0,0,0,0,0,0,0
260892,0,0,0,0,0,0,0,0,0,0
260893,0,0,0,0,0,0,0,0,0,0
260895,0,0,0,0,0,0,0,0,0,0
260896,0,0,0,0,0,0,0,0,0,0
260906,0,0,0,0,0,0,0,0,0,0
260907,0,0,0,0,0,0,0,0,0,0
260908,0,0,0,0,0,0,0,0,0,0
260915,0,0,0,0,0,0,0,0,0,0
260916,0,0,0,0,0,0,0,0,0,0
260932,0,0,0,0,0,0,0,0,0,0
260934,0,0,0,0,0,0,0,0,0,0
260945,0,0,0,0,0,0,0,0,0,0
260949,0,0,0,0,0,0,0,0,12,0
261013,0,0,0,0,0,0,0,0,0,0
261014,0,0,0,0,0,0,0,0,0,0
261026,0,0,0,0,0,0,0,0,1048576,0
261029,0,0,0,0,0,0,0,0,0,0
261036,0,0,0,0,0,0,0,0,0,0
261038,0,0,0,0,0,0,0,0,0,0
261039,0,0,0,0,0,0,0,0,0,0
261040,0,0,0,0,0,0,0,0,0,0
261104,0,0,0,0,0,0,0,0,1048576,0
261105,0,0,0,0,0,0,0,0,0,0
261114,0,0,0,0,0,0,0,0,0,0
261115,0,0,0,0,0,0,0,0,0,0
261122,0,0,0,0,0,0,0,0,1048576,0
261123,0,0,0,0,0,0,0,0,1048576,0
261124,0,0,0,0,0,0,0,0,0,0
261129,0,0,0,0,0,0,0,0,0,0
261146,0,0,0,0,0,0,0,0,0,0
261155,0,0,0,0,0,0,0,0,0,0
261156,0,0,0,0,0,0,0,0,0,0
261157,0,0,0,0,0,0,0,0,0,0
261173,0,0,0,0,0,0,0,0,0,0
261233,0,0,0,0,0,0,0,0,0,0
261236,0,0,0,0,0,0,0,0,1048576,0
261238,0,0,0,0,0,0,0,0,1048576,0
261240,0,0,0,0,0,0,0,0,0,0
261241,0,0,0,0,0,0,0,0,0,0
261257,0,0,0,0,0,0,0,0,0,0
261258,0,0,0,0,0,0,0,0,0,0
261261,0,0,0,0,0,0,0,0,0,0
261264,0,0,0,0,0,0,0,0,0,0
261266,0,0,0,0,0,0,0,0,0,0
261269,0,0,0,0,0,0,0,0,1048576,0
261270,0,0,0,0,0,0,0,0,1048576,0
261295,0,0,0,0,0,0,0,0,0,0
261326,0,0,0,0,0,0,0,0,0,0
261327,0,0,0,0,0,0,0,0,0,0
261336,0,0,0,0,0,0,0,0,0,0
261337,0,0,0,0,0,0,0,0,0,0
261338,0,0,0,0,0,0,0,0,0,0
261339,0,0,0,0,0,0,0,0,0,0
261348,0,0,0,0,0,0,0,0,0,0
261349,0,0,0,0,0,0,0,0,0,0
261350,0,0,0,0,0,0,0,0,0,0
261364,0,0,0,0,0,0,0,0,1048576,0
261374,0,0,0,0,0,0,0,0,0,0
261375,0,0,0,0,0,0,0,0,1048576,0
261376,0,0,0,0,0,0,0,0,0,0
261378,0,0,0,0,0,0,0,0,1048576,0
261379,0,0,0,0,0,0,0,0,0,0
261381,0,0,0,0,0,0,0,0,0,0
261382,0,0,0,0,0,0,0,0,0,0
261383,0,0,0,0,0,0,0,0,1048576,0
261391,0,0,0,0,0,0,0,0,1048576,0
261392,0,0,0,0,0,0,0,0,0,0
261399,0,0,0,0,0,0,0,0,1048576,0
261401,0,0,0,0,0,0,0,0,1048576,0
261402,0,0,0,0,0,0,0,0,1048576,0
261404,0,0,0,0,0,0,0,0,0,0
261405,0,0,0,0,0,0,0,0,1048576,0
261406,0,0,0,0,0,0,0,0,1048576,0
261407,0,0,0,0,0,0,0,0,1048576,0
261417,0,0,0,0,0,0,0,0,1048576,0
261422,0,0,0,0,0,0,0,0,0,0
261425,0,0,0,0,0,0,0,0,0,0
261426,0,0,0,0,0,0,0,0,0,0
261427,0,0,0,0,0,0,0,0,0,0
261428,0,0,0,0,0,0,0,0,1048576,0
261429,0,0,0,0,0,0,0,0,0,0
261430,0,0,0,0,0,0,0,0,0,0
261433,0,0,0,0,0,0,0,0,1048576,0
261435,0,0,0,0,0,0,0,0,1048576,0
261436,0,0,0,0,0,0,0,0,1048576,0
261437,0,0,0,0,0,0,0,0,0,0
261445,0,0,0,0,0,0,0,0,0,0
261447,0,0,0,0,0,0,0,0,0,0
261449,0,0,0,0,0,0,0,0,0,0
261451,0,0,0,0,0,0,0,0,1048576,0
261452,0,0,0,0,0,0,0,0,0,0
261454,0,0,0,0,0,0,0,0,0,0
261463,0,0,0,0,0,0,0,0,0,0
261467,0,0,0,0,0,0,0,0,0,0
261468,0,0,0,0,0,0,0,0,0,0
261473,0,0,0,0,0,0,0,0,1048576,0
261475,0,0,0,0,0,0,0,0,1048576,0
261476,0,0,0,0,0,0,0,0,0,0
261478,0,0,0,0,0,0,0,0,1048576,0
261479,0,0,0,0,0,0,0,0,0,0
261480,0,0,0,0,0,0,0,0,1048576,0
261481,0,0,0,0,0,0,0,0,0,0
261482,0,0,0,0,0,0,0,0,1048576,0
261483,0,0,0,0,0,0,0,0,0,0
261484,0,0,0,0,0,0,0,0,0,0
261487,0,0,0,0,0,0,0,0,1048576,0
261488,0,0,0,0,0,0,0,0,1048576,0
261491,0,0,0,0,0,0,0,0,1048576,0
261493,0,0,0,0,0,0,0,0,1048576,0
261495,0,0,0,0,0,0,0,0,1048576,0
261498,0,0,0,0,0,0,0,0,1048576,0
261499,0,0,0,0,0,0,0,0,0,0
261500,0,0,0,0,0,0,0,0,1048576,0
261506,0,0,0,0,0,0,0,0,1048576,0
261511,0,0,0,0,0,0,0,0,1048576,0
261528,0,0,0,0,0,0,0,0,1048576,0
261529,0,0,0,0,0,0,0,0,0,0
261531,0,0,0,0,0,0,0,0,0,0
261532,0,0,0,0,0,0,0,0,0,0
261533,0,0,0,0,0,0,0,0,0,0
261534,0,0,0,0,0,0,0,0,0,0
261538,0,0,0,0,0,0,0,0,0,0
261539,0,0,0,0,0,0,0,0,0,0
261542,0,0,0,0,0,0,0,0,0,0
261543,0,0,0,0,0,0,0,0,0,0
261544,0,0,0,0,0,0,0,0,1048576,0
261545,0,0,0,0,0,0,0,0,0,0
261546,0,0,0,0,0,0,0,0,0,0
261547,0,0,0,0,0,0,0,0,0,0
261548,0,0,0,0,0,0,0,0,0,0
261549,0,0,0,0,0,0,0,0,0,0
261551,0,0,0,0,0,0,0,0,0,0
261552,0,0,0,0,0,0,0,0,0,0
261555,0,0,0,0,0,0,0,0,0,0
261559,0,0,0,0,0,0,0,0,0,0
261564,0,0,0,0,0,0,0,0,1048576,0
261565,0,0,0,0,0,0,0,0,0,0
261569,0,0,0,0,0,0,0,0,0,0
261570,0,0,0,0,0,0,0,0,3145728,0
261571,0,0,0,0,0,0,0,0,1048576,0
261574,0,0,0,0,0,0,0,0,1048576,0
261576,0,0,0,0,0,0,0,0,0,0
261577,0,0,0,0,0,0,0,0,1048576,0
261579,0,0,0,0,0,0,0,0,0,0
261580,0,0,0,0,0,0,0,0,0,0
261581,0,0,0,0,0,0,0,0,1048576,0
261582,0,0,0,0,0,0,0,0,0,0
261583,0,0,0,0,0,0,0,0,0,0
261587,0,0,0,0,0,0,0,0,1048576,0
261595,0,0,0,0,0,0,0,0,0,0
261597,0,0,0,0,0,0,0,0,0,0
261603,0,0,0,0,0,0,0,0,0,0
261605,0,0,0,0,0,0,0,0,0,0
261606,0,0,0,0,0,0,0,0,0,0
261607,0,0,0,0,0,0,0,0,0,0
261610,0,0,0,0,0,0,0,0,0,0
261611,0,0,0,0,0,0,0,0,0,0
261613,0,0,0,0,0,0,0,0,0,0
261621,0,0,0,0,0,0,0,0,1048576,0
261633,0,0,0,0,0,0,0,0,0,0
261646,0,0,0,0,0,0,0,0,0,0
261648,0,0,0,0,0,0,0,0,0,0
261652,0,0,0,0,0,0,0,0,0,0
261653,0,0,0,0,0,0,0,0,0,0
261655,0,0,0,0,0,0,0,0,0,0
261656,0,0,0,0,0,0,0,0,0,0
261659,0,0,0,0,0,0,0,0,0,0
261661,0,0,0,0,0,0,0,0,0,0
261666,0,0,0,0,0,0,0,0,0,0
261716,0,0,0,0,0,0,0,0,0,0
261718,0,0,0,0,0,0,0,0,1048576,0
261719,0,0,0,0,0,0,0,0,0,0
261721,0,0,0,0,0,0,0,0,0,0
261723,0,0,0,0,0,0,0,0,0,0
261724,0,0,0,0,0,0,0,0,1048576,0
261725,0,0,0,0,0,0,0,0,0,0
261727,0,0,0,0,0,0,0,0,0,0
261734,0,0,0,0,0,0,0,0,1048576,0
261735,0,0,0,0,0,0,0,0,0,0
261736,0,0,0,0,0,0,0,0,1048576,0
261745,0,0,0,0,0,0,0,0,0,0
261767,0,0,0,0,0,0,0,0,1048576,0
261768,0,0,0,0,0,0,0,0,1048576,0
261770,0,0,0,0,0,0,0,0,0,0
261771,0,0,0,0,0,0,0,0,1048576,0
261772,0,0,0,0,0,0,0,0,1048576,0
261773,0,0,0,0,0,0,0,0,1048576,0
261774,0,0,0,0,0,0,0,0,1048576,0
261777,0,0,0,0,0,0,0,0,1048576,0
261779,0,0,0,0,0,0,0,0,0,0
261782,0,0,0,0,0,0,0,0,1048576,0
261800,0,0,0,0,0,0,0,0,1048576,0
261802,0,0,0,0,0,0,0,0,0,0
261803,0,0,0,0,0,0,0,0,0,0
261804,0,0,0,0,0,0,0,0,1048576,0
261805,0,0,0,0,0,0,0,0,0,0
261806,0,0,0,0,0,0,0,0,0,0
261807,0,0,0,0,0,0,0,0,1048576,0
261808,0,0,0,0,0,0,0,0,3145728,0
261809,0,0,0,0,0,0,0,0,1048576,0
261810,0,0,0,0,0,0,0,0,1048576,0
261812,0,0,0,0,0,0,0,0,1048576,0
261813,0,0,0,0,0,0,0,0,0,0
261820,0,0,0,0,0,0,0,0,0,0
261821,0,0,0,0,0,0,0,0,0,0
261824,0,0,0,0,0,0,0,0,1048576,0
261825,0,0,0,0,0,0,0,0,1048576,0
261826,0,0,0,0,0,0,0,0,1048576,0
261827,0,0,0,0,0,0,0,0,1048576,0
261830,0,0,0,0,0,0,0,0,0,0
261831,0,0,0,0,0,0,0,0,1048576,0
261832,0,0,0,0,0,0,0,0,1048576,0
261833,0,0,0,0,0,0,0,0,1048576,0
261835,0,0,0,0,0,0,0,0,1048576,0
261841,0,0,0,0,0,0,0,0,0,0
261843,0,0,0,0,0,0,0,0,0,0
261844,0,0,0,0,0,0,0,0,0,0
261852,0,0,0,0,0,0,0,0,0,0
261853,0,0,0,0,0,0,0,0,0,0
261860,0,0,0,0,0,0,0,0,0,0
261861,0,0,0,0,0,0,0,0,0,0
261862,0,0,0,0,0,0,0,0,0,0
261864,0,0,0,0,0,0,0,0,0,0
261865,0,0,0,0,0,0,0,0,0,0
261866,0,0,0,0,0,0,0,0,0,0
261867,0,0,0,0,0,0,0,0,1048576,0
261868,0,0,0,0,0,0,0,0,1048576,0
261869,0,0,0,0,0,0,0,0,1048576,0
261870,0,0,0,0,0,0,0,0,1048576,0
261871,0,0,0,0,0,0,0,0,1048576,0
261872,0,0,0,0,0,0,0,0,1048576,0
261874,0,0,0,0,0,0,0,0,1048576,0
261875,0,0,0,0,0,0,0,0,0,0
261876,0,0,0,0,0,0,0,0,1048576,0
261879,0,0,0,0,0,0,0,0,0,0
261880,0,0,0,0,0,0,0,0,0,0
261881,0,0,0,0,0,0,0,0,1048576,0
261882,0,0,0,0,0,0,0,0,0,0
261883,0,0,0,0,0,0,0,0,0,0
261885,0,0,0,0,0,0,0,0,0,0
261886,0,0,0,0,0,0,0,0,0,0
261893,0,0,0,0,0,0,0,0,0,0
261896,0,0,0,0,0,0,0,0,1048576,0
261897,0,0,0,0,0,0,0,0,0,0
261898,0,0,0,0,0,0,0,0,0,0
261899,0,0,0,0,0,0,0,0,1048576,0
261901,0,0,0,0,0,0,0,0,0,0
261902,0,0,0,0,0,0,0,0,0,0
261904,0,0,0,0,0,0,0,0,0,0
261907,0,0,0,0,0,0,0,0,1048576,0
261949,0,0,0,0,0,0,0,0,0,0
261950,0,0,0,0,0,0,0,0,0,0
261992,0,0,0,0,0,0,0,0,1048576,0
261997,0,0,0,0,0,0,0,0,1048576,0
261998,0,0,0,0,0,0,0,0,1048576,0
262001,0,0,0,0,0,0,0,0,1048576,0
262004,0,0,0,0,0,0,0,0,0,0
262008,0,0,0,0,0,0,0,0,0,0
262009,0,0,0,0,0,0,0,0,0,0
262016,0,0,0,0,0,0,0,0,0,0
262018,0,0,0,0,0,0,0,0,1048576,0
262021,0,0,0,0,0,0,0,0,1048576,0
262024,0,0,0,0,0,0,0,0,0,0
262031,0,0,0,0,0,0,0,0,1048576,0
262032,0,0,0,0,0,0,0,0,1048576,0
262033,0,0,0,0,0,0,0,0,0,0
262039,0,0,0,0,0,0,0,0,0,0
262045,0,0,0,0,0,0,0,0,0,0
262046,0,0,0,0,0,0,0,0,1048576,0
262050,0,0,0,0,0,0,0,0,0,0
262051,0,0,0,0,0,0,0,0,1048576,0
262052,0,0,0,0,0,0,0,0,0,0
262053,0,0,0,0,0,0,0,0,1048576,0
262054,0,0,0,0,0,0,0,0,0,0
262056,0,0,0,0,0,0,0,0,0,0
262058,0,0,0,0,0,0,0,0,0,0
262061,0,0,0,0,0,0,0,0,1048576,0
262062,0,0,0,0,0,0,0,0,1048576,0
262069,0,0,0,0,0,0,0,0,0,0
262070,0,0,0,0,0,0,0,0,1048576,0
262081,0,0,0,0,0,0,0,0,0,0
262083,0,0,0,0,0,0,0,0,1048576,0
262085,0,0,0,0,0,0,0,0,0,0
262086,0,0,0,0,0,0,0,0,1048576,0
262088,0,0,0,0,0,0,0,0,0,0
262120,0,0,0,0,0,0,0,0,0,0
262121,0,0,0,0,0,0,0,0,0,0
262122,0,0,0,0,0,0,0,0,0,0
262123,0,0,0,0,0,0,0,0,1048576,0
262124,0,0,0,0,0,0,0,0,0,0
262125,0,0,0,0,0,0,0,0,1048576,0
262126,0,0,0,0,0,0,0,0,1048576,0
262127,0,0,0,0,0,0,0,0,0,0
262128,0,0,0,0,0,0,0,0,0,0
262129,0,0,0,0,0,0,0,0,0,0
262130,0,0,0,0,0,0,0,0,1048576,0
262131,0,0,0,0,0,0,0,0,0,0
262133,0,0,0,0,0,0,0,0,0,0
262134,0,0,0,0,0,0,0,0,1048576,0
262135,0,0,0,0,0,0,0,0,0,0
262136,0,0,0,0,0,0,0,0,0,0
262137,0,0,0,0,0,0,0,0,0,0
262138,0,0,0,0,0,0,0,0,0,0
262140,0,0,0,0,0,0,0,0,1048576,0
262141,0,0,0,0,0,0,0,0,0,0
262142,0,0,0,0,0,0,0,0,1048576,0
262143,0,0,0,0,0,0,0,0,0,0
262144,0,0,0,0,0,0,0,0,0,0
262150,0,0,0,0,0,0,0,0,0,0
262151,0,0,0,0,0,0,0,0,0,0
262152,0,0,0,0,0,0,0,0,1048576,0
262153,0,0,0,0,0,0,0,0,1048576,0
262155,0,0,0,0,0,0,0,0,0,0
262157,0,0,0,0,0,0,0,0,0,0
262158,0,0,0,0,0,0,0,0,1048576,0
262161,0,0,0,0,0,0,0,0,0,0
262163,0,0,0,0,0,0,0,0,0,0
262165,0,0,0,0,0,0,0,0,1048576,0
262166,0,0,0,0,0,0,0,0,1048576,0
262175,0,0,0,0,0,0,0,0,1048576,0
262179,0,0,0,0,0,0,0,0,1048576,0
262186,0,0,0,0,0,0,0,0,1048576,0
262187,0,0,0,0,0,0,0,0,1048576,0
262218,0,0,0,0,0,0,0,0,0,0
262221,0,0,0,0,0,0,0,0,0,0
262222,0,0,0,0,0,0,0,0,0,0
262224,0,0,0,0,0,0,0,0,0,0
262226,0,0,0,0,0,0,0,0,0,0
262227,0,0,0,0,0,0,0,0,0,0
262228,0,0,0,0,0,0,0,0,0,0
262233,0,0,0,0,0,0,0,0,0,0
262235,0,0,0,0,0,0,0,0,0,0
262236,0,0,0,0,0,0,0,0,0,0
262237,0,0,0,0,0,0,0,0,0,0
262238,0,0,0,0,0,0,0,0,0,0
262239,0,0,0,0,0,0,0,0,0,0
262240,0,0,0,0,0,0,0,0,0,0
262241,0,0,0,0,0,0,0,0,0,0
262242,0,0,0,0,0,0,0,0,0,0
262243,0,0,0,0,0,0,0,0,0,0
262244,0,0,0,0,0,0,0,0,0,0
262372,0,0,0,0,0,0,0,0,1048576,0
262374,0,0,0,0,0,0,0,0,1048576,0
262377,0,0,0,0,0,0,0,0,0,0
262378,0,0,0,0,0,0,0,0,1048576,0
262381,0,0,0,0,0,0,0,0,1048576,0
262382,0,0,0,0,0,0,0,0,1048576,0
262385,0,0,0,0,0,0,0,0,1048576,0
262481,0,0,0,0,0,0,0,0,256,0
262482,0,0,0,0,0,0,0,0,0,0
262488,0,0,0,0,0,0,0,0,1048576,0
262489,0,0,0,0,0,0,0,0,1048576,0
262490,0,0,0,0,0,0,0,0,1048576,0
262495,0,0,0,0,0,0,0,0,0,0
262496,0,0,0,0,0,0,0,0,1048576,0
262497,0,0,0,0,0,0,0,0,1048576,0
262498,0,0,0,0,0,0,0,0,0,0
262522,0,0,0,0,0,0,0,0,0,0
262523,0,0,0,0,0,0,0,0,0,0
262525,0,0,0,0,0,0,0,0,0,0
262526,0,0,0,0,0,0,0,0,0,0
262527,0,0,0,0,0,0,0,0,0,0
262528,0,0,0,0,0,0,0,0,0,0
262529,0,0,0,0,0,0,0,0,0,0
262530,0,0,0,0,0,0,0,0,0,0
262531,0,0,0,0,0,0,0,0,0,0
262532,0,0,0,0,0,0,0,0,0,0
262533,0,0,0,0,0,0,0,0,0,0
262536,0,0,0,0,0,0,0,0,0,0
262567,0,0,0,0,0,0,0,0,1048576,0
262570,0,0,0,0,0,0,0,0,0,0
262571,0,0,0,0,0,0,0,0,0,0
262572,0,0,0,0,0,0,0,0,0,0
262606,0,0,0,0,0,0,0,0,1114624,0
262609,0,0,0,0,0,0,0,0,0,0
262621,0,0,0,0,0,0,0,0,0,0
262622,0,0,0,0,0,0,0,0,0,0
262624,0,0,0,0,0,0,0,0,0,0
262625,0,0,0,0,0,0,0,0,1048576,0
262626,0,0,0,0,0,0,0,0,1048576,0
262630,0,0,0,0,0,0,0,0,0,0
262631,0,0,0,0,0,0,0,0,1048576,0
262633,0,0,0,0,0,0,0,0,0,0
262640,0,0,0,0,0,0,0,0,0,0
262641,0,0,0,0,0,0,0,0,1048576,0
262642,0,0,0,0,0,0,0,0,0,0
262647,0,0,0,0,0,0,0,0,1048576,0
262648,0,0,0,0,0,0,0,0,0,0
262662,0,0,0,0,0,0,0,0,1048576,0
262664,0,0,0,0,0,0,0,0,1048576,0
262685,0,0,0,0,0,0,0,0,0,0
262703,0,0,0,0,0,0,0,0,0,0
262707,0,0,0,0,0,0,0,0,1048576,0
262708,0,0,0,0,0,0,0,0,1048576,0
262709,0,0,0,0,0,0,0,0,1048576,0
262710,0,0,0,0,0,0,0,0,1048576,0
262713,0,0,0,0,0,0,0,0,0,0
262715,0,0,0,0,0,0,0,0,1048576,0
262716,0,0,0,0,0,0,0,0,0,0
262718,0,0,0,0,0,0,0,0,1048576,0
262719,0,0,0,0,0,0,0,0,1048576,0
262720,0,0,0,0,0,0,0,0,1048576,0
262721,0,0,0,0,0,0,0,0,1048576,0
262723,0,0,0,0,0,0,0,0,1048576,0
262724,0,0,0,0,0,0,0,0,1048576,0
262725,0,0,0,0,0,0,0,0,0,0
262726,0,0,0,0,0,0,0,0,1048576,0
262728,0,0,0,0,0,0,0,0,1048576,0
262729,0,0,0,0,0,0,0,0,1048576,0
262738,0,0,0,0,0,0,0,0,1048576,0
262739,0,0,0,0,0,0,0,0,0,0
262741,0,0,0,0,0,0,0,0,0,0
262743,0,0,0,0,0,0,0,0,0,0
262744,0,0,0,0,0,0,0,0,0,0
262745,0,0,0,0,0,0,0,0,1048576,0
262822,0,0,0,0,0,0,0,0,0,0
262823,0,0,0,0,0,0,0,0,0,0
262828,0,0,0,0,0,0,0,0,0,0
262829,0,0,0,0,0,0,0,0,1048576,0
262830,0,0,0,0,0,0,0,0,0,0
262834,0,0,0,0,0,0,0,0,0,0
262854,0,0,0,0,0,0,0,0,0,0
262857,0,0,0,0,0,0,0,0,0,0
262860,0,0,0,0,0,0,0,0,0,0
262873,0,0,0,0,0,0,0,0,1048576,0
262874,0,0,0,0,0,0,0,0,0,0
262908,0,0,0,0,0,0,0,0,0,0
262924,0,0,0,0,0,0,0,0,1090519040,0
262931,0,0,0,0,0,0,0,0,0,0
262932,0,0,0,0,0,0,0,0,0,0
262934,0,0,0,0,0,0,0,0,0,0
262936,0,0,0,0,0,0,0,0,1048576,0
262937,0,0,0,0,0,0,0,0,0,0
262964,0,0,0,0,0,0,0,0,0,0
262970,0,0,0,0,0,0,0,0,0,0
262971,0,0,0,0,0,0,0,0,0,0
262975,0,0,0,0,0,0,0,0,0,0
262976,0,0,0,0,0,0,0,0,0,0
262990,0,0,0,0,0,0,0,0,1048576,0
262991,0,0,0,0,0,0,0,0,1048576,0
262992,0,0,0,0,0,0,0,0,0,0
262993,0,0,0,0,0,0,0,0,0,0
262994,0,0,0,0,0,0,0,0,0,0
262996,0,0,0,0,0,0,0,0,1048576,0
262997,0,0,0,0,0,0,0,0,0,0
263026,0,0,0,0,0,0,0,0,1048576,0
263028,0,0,0,0,0,0,0,0,0,0
263039,0,0,0,0,0,0,0,0,0,0
263040,0,0,0,0,0,0,0,0,0,0
263047,0,0,0,0,0,0,0,0,1048576,0
263049,0,0,0,0,0,0,0,0,1048576,0
263050,0,0,0,0,0,0,0,0,0,0
263051,0,0,0,0,0,0,0,0,0,0
263052,0,0,0,0,0,0,0,0,1048576,0
263053,0,0,0,0,0,0,0,0,0,0
263056,0,0,0,0,0,0,0,0,1048576,0
263057,0,0,0,0,0,0,0,0,1048576,0
263061,0,0,0,0,0,0,0,0,1048576,0
263062,0,0,0,0,0,0,0,0,0,0
263063,0,0,0,0,0,0,0,0,0,0
263068,0,0,0,0,0,0,0,0,1048576,0
263069,0,0,0,0,0,0,0,0,0,0
263070,0,0,0,0,0,0,0,0,1048576,0
263071,0,0,0,0,0,0,0,0,0,0
263072,0,0,0,0,0,0,0,0,0,0
263076,0,0,0,0,0,0,0,0,0,0
263077,0,0,0,0,0,0,0,0,0,0
263078,0,0,0,0,0,0,0,0,1048640,0
263097,0,0,0,0,0,0,0,0,1048576,0
263104,0,0,0,0,0,0,0,0,0,0
263107,0,0,0,0,0,0,0,0,0,0
263125,0,0,0,0,0,0,0,0,0,0
263126,0,0,0,0,0,0,0,0,0,0
263156,0,0,0,0,0,0,0,0,0,0
263184,0,0,0,0,0,0,0,0,0,0
263185,0,0,0,0,0,0,0,0,0,0
263191,0,0,0,0,0,0,0,0,0,0
263192,0,0,0,0,0,0,0,0,0,0
263195,0,0,0,0,0,0,0,0,0,0
263197,0,0,0,0,0,0,0,0,1048576,0
263198,0,0,0,0,0,0,0,0,0,0
263199,0,0,0,0,0,0,0,0,1048576,0
263201,0,0,0,0,0,0,0,0,1048576,0
263202,0,0,0,0,0,0,0,0,1048576,0
263211,0,0,0,0,0,0,0,0,1048576,0
263239,0,0,0,0,0,0,0,0,0,0
263240,0,0,0,0,0,0,0,0,1048576,0
263243,0,0,0,0,0,0,0,0,0,0
263247,0,0,0,0,0,0,0,0,1048576,0
263248,0,0,0,0,0,0,0,0,1048576,0
263249,0,0,0,0,0,0,0,0,0,0
263271,0,0,0,0,0,0,0,0,0,0
263276,0,0,0,0,0,0,0,0,1048576,0
263287,0,0,0,0,0,0,0,0,0,0
263289,0,0,0,0,0,0,0,0,0,0
263295,0,0,0,0,0,0,0,0,0,0
263296,0,0,0,0,0,0,0,0,0,0
263297,0,0,0,0,0,0,0,0,0,0
263329,0,0,0,0,0,0,0,0,0,0
263333,0,0,0,0,0,0,0,0,0,0
263344,0,0,0,0,0,0,0,0,0,0
263365,0,0,0,0,0,0,0,0,0,0
263366,0,0,0,0,0,0,0,0,0,0
263367,0,0,0,0,0,0,0,0,0,0
263369,0,0,0,0,0,0,0,0,0,0
263371,0,0,0,0,0,0,0,0,0,0
263372,0,0,0,0,0,0,0,0,0,0
263373,0,0,0,0,0,0,0,0,0,0
263376,0,0,0,0,0,0,0,0,0,0
263377,0,0,0,0,0,0,0,0,0,0
263378,0,0,0,0,0,0,0,0,0,0
263390,0,0,0,0,0,0,0,0,1048576,0
263391,0,0,0,0,0,0,0,0,0,0
263393,0,0,0,0,0,0,0,0,1048576,0
263415,0,0,0,0,0,0,0,0,0,0
263416,0,0,0,0,0,0,0,0,0,0
263417,0,0,0,0,0,0,0,0,0,0
263418,0,0,0,0,0,0,0,0,1048576,0
263422,0,0,0,0,0,0,0,0,0,0
263423,0,0,0,0,0,0,0,0,0,0
263426,0,0,0,0,0,0,0,0,0,0
263433,0,0,0,0,0,0,0,0,0,0
263443,0,0,0,0,0,0,0,0,1048576,0
263445,0,0,0,0,0,0,0,0,0,0
263449,0,0,0,0,0,0,0,0,0,0
263494,0,0,0,0,0,0,0,0,0,0
263506,0,0,0,0,0,0,0,0,0,0
263519,0,0,0,0,0,0,0,0,0,0
263521,0,0,0,0,0,0,0,0,1048576,0
263523,0,0,0,0,0,0,0,0,0,0
263524,0,0,0,0,0,0,0,0,0,0
263525,0,0,0,0,0,0,0,0,0,0
263530,0,0,0,0,0,0,0,0,0,0
263531,0,0,0,0,0,0,0,0,0,0
263532,0,0,0,0,0,0,0,0,0,0
263565,0,0,0,0,0,0,0,0,0,0
263568,0,0,0,0,0,0,0,0,0,0
263569,0,0,0,0,0,0,0,0,0,0
263570,0,0,0,0,0,0,0,0,0,0
263572,0,0,0,0,0,0,0,0,1048576,0
263573,0,0,0,0,0,0,0,0,0,0
263588,0,0,0,0,0,0,0,0,0,0
263617,0,0,0,0,0,0,0,0,0,0
263624,0,0,0,0,0,0,0,0,0,0
263638,0,0,0,0,0,0,0,0,0,0
263654,0,0,0,0,0,0,0,0,0,0
263656,0,0,0,0,0,0,0,0,1048576,0
263657,0,0,0,0,0,0,0,0,1048576,0
263658,0,0,0,0,0,0,0,0,1048576,0
263674,0,0,0,0,0,0,0,0,0,0
263676,0,0,0,0,0,0,0,0,0,0
263677,0,0,0,0,0,0,0,0,0,0
263679,0,0,0,0,0,0,0,0,0,0
263708,0,0,0,0,0,0,0,0,1048576,0
263719,0,0,0,0,0,0,0,0,0,0
263722,0,0,0,0,0,0,0,0,0,0
263750,0,0,0,0,0,0,0,0,0,0
263753,0,0,0,0,0,0,0,0,1048576,0
263754,0,0,0,0,0,0,0,0,1048576,0
263767,0,0,0,0,0,0,0,0,0,0
263772,0,0,0,0,0,0,0,0,0,0
263776,0,0,0,0,0,0,0,0,0,0
263777,0,0,0,0,0,0,0,0,0,0
263784,0,0,0,0,0,0,0,0,1048576,0
263786,0,0,0,0,0,0,0,0,0,0
263788,0,0,0,0,0,0,0,0,1048576,0
263805,0,0,0,0,0,0,0,0,0,0
263812,0,0,0,0,0,0,0,0,1048576,0
263822,0,0,0,0,0,0,0,0,0,0
263823,0,0,0,0,0,0,0,0,0,0
263824,0,0,0,0,0,0,0,0,0,0
263826,0,0,0,0,0,0,0,0,143360,0
263864,0,0,0,0,0,0,0,0,1048576,0
263866,0,0,0,0,0,0,0,0,0,0
263867,0,0,0,0,0,0,0,0,0,0
263872,0,0,0,0,0,0,0,0,0,0
263873,0,0,0,0,0,0,0,0,0,0
263874,0,0,0,0,0,0,0,0,0,0
263876,0,0,0,0,0,0,0,0,0,0
263917,0,0,0,0,0,0,0,0,0,0
263972,0,0,0,0,0,0,0,0,0,0
263973,0,0,0,0,0,0,0,0,0,0
263974,0,0,0,0,0,0,0,0,0,0
263976,0,0,0,0,0,0,0,0,0,0
263977,0,0,0,0,0,0,0,0,0,0
263978,0,0,0,0,0,0,0,0,0,0
263979,0,0,0,0,0,0,0,0,0,0
264000,0,0,0,0,0,0,0,0,0,0
264009,0,0,0,0,0,0,0,0,0,0
264010,0,0,0,0,0,0,0,0,0,0
264012,0,0,0,0,0,0,0,0,0,0
264026,0,0,0,0,0,0,0,0,0,0
264034,0,0,0,0,0,0,0,0,0,0
264035,0,0,0,0,0,0,0,0,0,0
264037,0,0,0,0,0,0,0,0,0,0
264038,0,0,0,0,0,0,0,0,0,0
264039,0,0,0,0,0,0,0,0,0,0
264045,0,0,0,0,0,0,0,0,1048576,0
264057,0,0,0,0,0,0,0,0,0,0
264058,0,0,0,0,0,0,0,0,0,0
264073,0,0,0,0,0,0,0,0,0,0
264081,0,0,0,0,0,0,0,0,0,0
264082,0,0,0,0,0,0,0,0,0,0
264135,0,0,0,0,0,0,0,0,1048576,0
264146,0,0,0,0,0,0,0,0,1048576,0
264147,0,0,0,0,0,0,0,0,0,0
264157,0,0,0,0,0,0,0,0,0,0
264158,0,0,0,0,0,0,0,0,0,0
264166,0,0,0,0,0,0,0,0,0,0
264167,0,0,0,0,0,0,0,0,0,0
264168,0,0,0,0,0,0,0,0,0,0
264176,0,0,0,0,0,0,0,0,1048576,0
264178,0,0,0,0,0,0,0,0,0,0
264181,0,0,0,0,0,0,0,0,0,0
264187,0,0,0,0,0,0,0,0,0,0
264189,0,0,0,0,0,0,0,0,0,0
264190,0,0,0,0,0,0,0,0,0,0
264192,0,0,0,0,0,0,0,0,0,0
264194,0,0,0,0,0,0,0,0,0,0
264199,0,0,0,0,0,0,0,0,1048576,0
264200,0,0,0,0,0,0,0,0,1048576,0
264202,0,0,0,0,0,0,0,0,0,0
264209,0,0,0,0,0,0,0,0,1048576,0
264215,0,0,0,0,0,0,0,0,1048576,0
264224,0,0,0,0,0,0,0,0,0,0
264291,0,0,0,0,0,0,0,0,0,0
264295,0,0,0,0,0,0,0,0,0,0
264296,0,0,0,0,0,0,0,0,0,0
264297,0,0,0,0,0,0,0,0,0,0
264317,0,0,0,0,0,0,0,0,0,0
264318,0,0,0,0,0,0,0,0,0,0
264320,0,0,0,0,0,0,0,0,0,0
264327,0,0,0,0,0,0,0,0,0,0
264359,0,0,0,0,0,0,0,0,0,0
264365,0,0,0,0,0,0,0,0,1048576,0
264366,0,0,0,0,0,0,0,0,1048576,0
264372,0,0,0,0,0,0,0,0,0,0
264379,0,0,0,0,0,0,0,0,1073741824,0
264387,0,0,0,0,0,0,0,0,1073741824,0
264390,0,0,0,0,0,0,0,0,1073741824,0
264399,0,0,0,0,0,0,0,0,1048576,0
264421,0,0,0,0,0,0,0,0,1048576,0
264504,0,0,0,0,0,0,0,0,0,0
264506,0,0,0,0,0,0,0,0,0,0
264509,0,0,0,0,0,0,0,0,0,0
264510,0,0,0,0,0,0,0,0,0,0
264511,0,0,0,0,0,0,0,0,0,0
264512,0,0,0,0,0,0,0,0,0,0
264540,0,0,0,0,0,0,0,0,0,0
264546,0,0,0,0,0,0,0,0,1048576,0
264548,0,0,0,0,0,0,0,0,0,0
264550,0,0,0,0,0,0,0,0,1048576,0
264551,0,0,0,0,0,0,0,0,0,0
264552,0,0,0,0,0,0,0,0,1048576,0
264553,0,0,0,0,0,0,0,0,0,0
264581,0,0,0,0,0,0,0,0,0,0
264588,0,0,0,0,0,0,0,0,0,0
264589,0,0,0,0,0,0,0,0,0,0
264590,0,0,0,0,0,0,0,0,0,0
264591,0,0,0,0,0,0,0,0,0,0
264592,0,0,0,0,0,0,0,0,0,0
264593,0,0,0,0,0,0,0,0,0,0
264594,0,0,0,0,0,0,0,0,0,0
264595,0,0,0,0,0,0,0,0,0,0
264605,0,0,0,0,0,0,0,0,1048576,0
264631,0,0,0,0,0,0,0,0,0,0
264632,0,0,0,0,0,0,0,0,0,0
264653,0,0,0,0,0,0,0,0,0,0
264656,0,0,0,0,0,0,0,0,1048576,0
264658,0,0,0,0,0,0,0,0,1048576,0
264660,0,0,0,0,0,0,0,0,0,0
264667,0,0,0,0,0,0,0,0,1091043328,0
264697,0,0,0,0,0,0,0,0,0,0
264698,0,0,0,0,0,0,0,0,1048576,0
264704,0,0,0,0,0,0,0,0,1073741824,0
264705,0,0,0,0,0,0,0,0,0,0
264706,0,0,0,0,0,0,0,0,1048576,0
264744,0,0,0,0,0,0,0,0,1048576,0
264745,0,0,0,0,0,0,0,0,1048576,0
264748,0,0,0,0,0,0,0,0,0,0
264752,0,0,0,0,0,0,0,0,0,0
264769,0,0,0,0,0,0,0,0,0,0
264774,0,0,0,0,0,0,0,0,0,0
264777,0,0,0,0,0,0,0,0,256,0
264781,0,0,0,0,0,0,0,0,0,0
264783,0,0,0,0,0,0,0,0,0,0
264784,0,0,0,0,0,0,0,0,0,0
264835,0,0,0,0,0,0,0,0,0,0
264836,0,0,0,0,0,0,0,0,0,0
264837,0,0,0,0,0,0,0,0,1048576,0
264865,0,0,0,0,0,0,0,0,0,0
264866,0,0,0,0,0,0,0,0,0,0
264868,0,0,0,0,0,0,0,0,0,0
264869,0,0,0,0,0,0,0,0,0,0
264890,0,0,0,0,0,0,0,0,0,0
264929,0,0,0,0,0,0,0,0,0,0
264930,0,0,0,0,0,0,0,0,0,0
264931,0,0,0,0,0,0,0,0,1048576,0
264932,0,0,0,0,0,0,0,0,1048576,0
264933,0,0,0,0,0,0,0,0,0,0
264938,0,0,0,0,0,0,0,0,0,0
264944,0,0,0,0,0,0,0,0,0,0
264945,0,0,0,0,0,0,0,0,0,0
264959,0,0,0,0,0,0,0,0,0,0
264987,0,0,0,0,0,0,0,0,0,0
265005,0,0,0,0,0,0,0,0,1048576,0
265006,0,0,0,0,0,0,0,0,1048576,0
265008,0,0,0,0,0,0,0,0,0,0
265009,0,0,0,0,0,0,0,0,0,0
265012,0,0,0,0,0,0,0,0,1048576,0
265013,0,0,0,0,0,0,0,0,0,0
265016,0,0,0,0,0,0,0,0,0,0
265019,0,0,0,0,0,0,0,0,1114624,0
265020,0,0,0,0,0,0,0,0,0,0
265021,0,0,0,0,0,0,0,0,0,0
265030,0,0,0,0,0,0,0,0,0,0
265032,0,0,0,0,0,0,0,0,0,0
265033,0,0,0,0,0,0,0,0,0,0
265035,0,0,0,0,0,0,0,0,0,0
265037,0,0,0,0,0,0,0,0,0,0
265038,0,0,0,0,0,0,0,0,1048576,0
265041,0,0,0,0,0,0,0,0,0,0
265042,0,0,0,0,0,0,0,0,0,0
265047,0,0,0,0,0,0,0,0,0,0
265048,0,0,0,0,0,0,0,0,0,0
265053,0,0,0,0,0,0,0,0,0,0
265054,0,0,0,0,0,0,0,0,0,0
265067,0,0,0,0,0,0,0,0,0,0
265068,0,0,0,0,0,0,0,0,0,0
265069,0,0,0,0,0,0,0,0,0,0
265071,0,0,0,0,0,0,0,0,0,0
265072,0,0,0,0,0,0,0,0,0,0
265073,0,0,0,0,0,0,0,0,0,0
265074,0,0,0,0,0,0,0,0,0,0
265075,0,0,0,0,0,0,0,0,0,0
265088,0,0,0,0,0,0,0,0,0,0
265099,0,0,0,0,0,0,0,0,0,0
265100,0,0,0,0,0,0,0,0,0,0
265101,0,0,0,0,0,0,0,0,0,0
265102,0,0,0,0,0,0,0,0,1048576,0
265103,0,0,0,0,0,0,0,0,1048576,0
265104,0,0,0,0,0,0,0,0,0,0
265105,0,0,0,0,0,0,0,0,0,0
265117,0,0,0,0,0,0,0,0,0,0
265120,0,0,0,0,0,0,0,0,0,0
265126,0,0,0,0,0,0,0,0,0,0
265130,0,0,0,0,0,0,0,0,0,0
265132,0,0,0,0,0,0,0,0,0,0
265134,0,0,0,0,0,0,0,0,0,0
265136,0,0,0,0,0,0,0,0,0,0
265151,0,0,0,0,0,0,0,0,0,0
265153,0,0,0,0,0,0,0,0,0,0
265165,0,0,0,0,0,0,0,0,1048576,0
265166,0,0,0,0,0,0,0,0,0,0
265167,0,0,0,0,0,0,0,0,1048576,0
265173,0,0,0,0,0,0,0,0,1048576,0
265174,0,0,0,0,0,0,0,0,1048576,0
265176,0,0,0,0,0,0,0,0,0,0
265181,0,0,0,0,0,0,0,0,0,0
265184,0,0,0,0,0,0,0,0,0,0
265186,0,0,0,0,0,0,0,0,0,0
265204,0,0,0,0,0,0,0,0,0,0
265205,0,0,0,0,0,0,0,0,0,0
265206,0,0,0,0,0,0,0,0,0,0
265207,0,0,0,0,0,0,0,0,0,0
265210,0,0,0,0,0,0,0,0,1048576,0
265211,0,0,0,0,0,0,0,0,1048576,0
265214,0,0,0,0,0,0,0,0,0,0
265215,0,0,0,0,0,0,0,0,0,0
265218,0,0,0,0,0,0,0,0,0,0
265230,0,0,0,0,0,0,0,0,0,0
265240,0,0,0,0,0,0,0,0,0,0
265245,0,0,0,0,0,0,0,0,1048576,0
265249,0,0,0,0,0,0,0,0,1048576,0
265276,0,0,0,0,0,0,0,0,0,0
265304,0,0,0,0,0,0,0,0,1114624,0
265305,0,0,0,0,0,0,0,0,0,0
265306,0,0,0,0,0,0,0,0,0,0
265307,0,0,0,0,0,0,0,0,0,0
265308,0,0,0,0,0,0,0,0,0,0
265311,0,0,0,0,0,0,0,0,0,0
265313,0,0,0,0,0,0,0,0,1048576,0
265314,0,0,0,0,0,0,0,0,1114624,0
265315,0,0,0,0,0,0,0,0,0,0
265316,0,0,0,0,0,0,0,0,0,0
265326,0,0,0,0,0,0,0,0,1048576,0
265327,0,0,0,0,0,0,0,0,0,0
265329,0,0,0,0,0,0,0,0,0,0
265330,0,0,0,0,0,0,0,0,0,0
265331,0,0,0,0,0,0,0,0,1048576,0
265332,0,0,0,0,0,0,0,0,0,0
265333,0,0,0,0,0,0,0,0,0,0
265334,0,0,0,0,0,0,0,0,0,0
265335,0,0,0,0,0,0,0,0,0,0
265342,0,0,0,0,0,0,0,0,0,0
265345,0,0,0,0,0,0,0,0,0,0
265358,0,0,0,0,0,0,0,0,0,0
265360,0,0,0,0,0,0,0,0,0,0
265378,0,0,0,0,0,0,0,0,0,0
265436,0,0,0,0,0,0,0,0,1048576,0
265441,0,0,0,0,0,0,0,0,0,0
265473,0,0,0,0,0,0,0,0,0,0
265475,0,0,0,0,0,0,0,0,0,0
265514,0,0,0,0,0,0,0,0,0,0
265534,0,0,0,0,0,0,0,0,0,0
265543,0,0,0,0,0,0,0,0,1048576,0
265545,0,0,0,0,0,0,0,0,1048576,0
265546,0,0,0,0,0,0,0,0,1048576,0
265547,0,0,0,0,0,0,0,0,1048576,0
265548,0,0,0,0,0,0,0,0,0,0
265549,0,0,0,0,0,0,0,0,1048576,0
265552,0,0,0,0,0,0,0,0,1048576,0
265554,0,0,0,0,0,0,0,0,1048576,0
265555,0,0,0,0,0,0,0,0,0,0
265556,0,0,0,0,0,0,0,0,0,0
265559,0,0,0,0,0,0,0,0,0,0
265560,0,0,0,0,0,0,0,0,1048576,0
265564,0,0,0,0,0,0,0,0,0,0
265565,0,0,0,0,0,0,0,0,0,0
265581,0,0,0,0,0,0,0,0,0,0
265611,0,0,0,0,0,0,0,0,0,0
265612,0,0,0,0,0,0,0,0,0,0
265630,0,0,0,0,0,0,0,0,0,0
265631,0,0,0,0,0,0,0,0,0,0
265737,0,0,0,0,0,0,0,0,1048576,0
265809,0,0,0,0,0,0,0,0,0,0
265829,0,0,0,0,0,0,0,0,1048576,0
265837,0,0,0,0,0,0,0,0,0,0
265838,0,0,0,0,0,0,0,0,0,0
265839,0,0,0,0,0,0,0,0,0,0
265841,0,0,0,0,0,0,0,0,0,0
265874,0,0,0,0,0,0,0,0,0,0
265879,0,0,0,0,0,0,0,0,0,0
265880,0,0,0,0,0,0,0,0,0,0
265919,0,0,0,0,0,0,0,0,0,0
265924,0,0,0,0,0,0,0,0,1048576,0
265926,0,0,0,0,0,0,0,0,0,0
265927,0,0,0,0,0,0,0,0,1048576,0
265935,0,0,0,0,0,0,0,0,0,0
265945,0,0,0,0,0,0,0,0,0,0
265946,0,0,0,0,0,0,0,0,0,0
265963,0,0,0,0,0,0,0,0,0,0
265966,0,0,0,0,0,0,0,0,0,0
265978,0,0,0,0,0,0,0,0,0,0
265981,0,0,0,0,0,0,0,0,0,0
265993,0,0,0,0,0,0,0,0,0,0
265997,0,0,0,0,0,0,0,0,0,0
266004,0,0,0,0,0,0,0,0,0,0
266022,0,0,0,0,0,0,0,0,0,0
266040,0,0,0,0,0,0,0,0,0,0
266041,0,0,0,0,0,0,0,0,0,0
266044,0,0,0,0,0,0,0,0,0,0
266060,0,0,0,0,0,0,0,0,0,0
266065,0,0,0,0,0,0,0,0,0,0
266066,0,0,0,0,0,0,0,0,0,0
266086,0,0,0,0,0,0,0,0,0,0
266087,0,0,0,0,0,0,0,0,0,0
266088,0,0,0,0,0,0,0,0,0,0
266092,0,0,0,0,0,0,0,0,0,0
266094,0,0,0,0,0,0,0,0,0,0
266095,0,0,0,0,0,0,0,0,0,0
266102,0,0,0,0,0,0,0,0,0,0
266103,0,0,0,0,0,0,0,0,0,0
266104,0,0,0,0,0,0,0,0,0,0
266149,0,0,0,0,0,0,0,0,1048576,0
266150,0,0,0,0,0,0,0,0,1048576,0
266164,0,0,0,0,0,0,0,0,0,0
266172,0,0,0,0,0,0,0,0,1048576,0
266173,0,0,0,0,0,0,0,0,0,0
266182,0,0,0,0,0,0,0,0,12288,0
266183,0,0,0,0,0,0,0,0,1048576,0
266202,0,0,0,0,0,0,0,0,1048576,0
266209,0,0,0,0,0,0,0,0,0,0
266211,0,0,0,0,0,0,0,0,0,0
266212,0,0,0,0,0,0,0,0,0,0
266215,0,0,0,0,0,0,0,0,0,0
266219,0,0,0,0,0,0,0,0,1048576,0
266225,0,0,0,0,0,0,0,0,0,0
266226,0,0,0,0,0,0,0,0,0,0
266258,0,0,0,0,0,0,0,0,0,0
266259,0,0,0,0,0,0,0,0,0,0
266261,0,0,0,0,0,0,0,0,0,0
266297,0,0,0,0,0,0,0,0,1048576,0
266301,0,0,0,0,0,0,0,0,0,0
266302,0,0,0,0,0,0,0,0,0,0
266322,0,0,0,0,0,0,0,0,0,0
266323,0,0,0,0,0,0,0,0,0,0
266363,0,0,0,0,0,0,0,0,1048576,0
266369,0,0,0,0,0,0,0,0,0,0
266418,0,0,0,0,0,0,0,0,0,0
266438,0,0,0,0,0,0,0,0,0,0
266533,0,0,0,0,0,0,0,0,0,0
266619,0,0,0,0,0,0,0,0,1048576,0
266620,0,0,0,0,0,0,0,0,1048576,0
266621,0,0,0,0,0,0,0,0,0,0
266627,0,0,0,0,0,0,0,0,1048576,0
266628,0,0,0,0,0,0,0,0,3145728,0
266630,0,0,0,0,0,0,0,0,1048576,0
266635,0,0,0,0,0,0,0,0,1048576,0
266636,0,0,0,0,0,0,0,0,3145728,0
266640,0,0,0,0,0,0,0,0,0,0
266642,0,0,0,0,0,0,0,0,1048576,0
266656,0,0,0,0,0,0,0,0,0,0
266731,0,0,0,0,0,0,0,0,1048576,0
266732,0,0,0,0,0,0,0,0,0,0
266741,0,0,0,0,0,0,0,0,0,0
266756,0,0,0,0,0,0,0,0,1048576,0
266764,0,0,0,0,0,0,0,0,0,0
266766,0,0,0,0,0,0,0,0,0,0
266778,0,0,0,0,0,0,0,0,0,0
266803,0,0,0,0,0,0,0,0,1048576,0
266806,0,0,0,0,0,0,0,0,1048576,0
266807,0,0,0,0,0,0,0,0,3145728,0
266809,0,0,0,0,0,0,0,0,1048576,0
266810,0,0,0,0,0,0,0,0,1048576,0
266811,0,0,0,0,0,0,0,0,1048576,0
266812,0,0,0,0,0,0,0,0,1048576,0
266816,0,0,0,0,0,0,0,0,0,0
266817,0,0,0,0,0,0,0,0,0,0
266818,0,0,0,0,0,0,0,0,0,0
266819,0,0,0,0,0,0,0,0,1048576,0
266820,0,0,0,0,0,0,0,0,0,0
266821,0,0,0,0,0,0,0,0,0,0
266828,0,0,0,0,0,0,0,0,0,0
266829,0,0,0,0,0,0,0,0,0,0
266830,0,0,0,0,0,0,0,0,0,0
266836,0,0,0,0,0,0,0,0,1048640,0
266855,0,0,0,0,0,0,0,0,0,0
266857,0,0,0,0,0,0,0,0,0,0
266902,0,0,0,0,0,0,0,0,1048576,0
266922,0,0,0,0,0,0,0,0,1048576,0
266923,0,0,0,0,0,0,0,0,1048576,0
266929,0,0,0,0,0,0,0,0,1048576,0
266930,0,0,0,0,0,0,0,0,0,0
266931,0,0,0,0,0,0,0,0,0,0
266932,0,0,0,0,0,0,0,0,1048576,0
266933,0,0,0,0,0,0,0,0,1048576,0
266938,0,0,0,0,0,0,0,0,0,0
266939,0,0,0,0,0,0,0,0,0,0
266940,0,0,0,0,0,0,0,0,0,0
266954,0,0,0,0,0,0,0,0,1048576,0
266958,0,0,0,0,0,0,0,0,0,0
266959,0,0,0,0,0,0,0,0,1048576,0
266969,0,0,0,0,0,0,0,0,0,0
266987,0,0,0,0,0,0,0,0,1048576,0
266988,0,0,0,0,0,0,0,0,1048576,0
266993,0,0,0,0,0,0,0,0,0,0
266997,0,0,0,0,0,0,0,0,0,0
266999,0,0,0,0,0,0,0,0,0,0
267016,0,0,0,0,0,0,0,0,0,0
267017,0,0,0,0,0,0,0,0,0,0
267018,0,0,0,0,0,0,0,0,0,0
267033,0,0,0,0,0,0,0,0,1048576,0
267182,0,0,0,0,0,0,0,0,0,0
267183,0,0,0,0,0,0,0,0,1048576,0
267185,0,0,0,0,0,0,0,0,0,0
267186,0,0,0,0,0,0,0,0,1048576,0
267187,0,0,0,0,0,0,0,0,1048576,0
267189,0,0,0,0,0,0,0,0,1048576,0
267295,0,0,0,0,0,0,0,0,0,0
267407,0,0,0,0,0,0,0,0,131072,0
267420,0,0,0,0,0,0,0,0,131072,0
267440,0,0,0,0,0,0,0,0,1048576,0
267449,0,0,0,0,0,0,0,0,1048576,0
267452,0,0,0,0,0,0,0,0,1048576,0
267504,0,0,0,0,0,0,0,0,0,0
267519,0,0,0,0,0,0,0,0,1048576,0
267564,0,0,0,0,0,0,0,0,0,0
267586,0,0,0,0,0,0,0,0,1048576,0
267587,0,0,0,0,0,0,0,0,1048576,0
267590,0,0,0,0,0,0,0,0,0,0
267592,0,0,0,0,0,0,0,0,0,0
267615,0,0,0,0,0,0,0,0,0,0
267622,0,0,0,0,0,0,0,0,1048576,0
267633,0,0,0,0,0,0,0,0,0,0
267634,0,0,0,0,0,0,0,0,0,0
267639,0,0,0,0,0,0,0,0,0,0
267644,0,0,0,0,0,0,0,0,0,0
267653,0,0,0,0,0,0,0,0,128,0
267666,0,0,0,0,0,0,0,0,0,0
267720,0,0,0,0,0,0,0,0,0,0
267780,0,0,0,0,0,0,0,0,0,0
267797,0,0,0,0,0,0,0,0,0,0
267825,0,0,0,0,0,0,0,0,0,0
267829,0,0,0,0,0,0,0,0,1048576,0
267831,0,0,0,0,0,0,0,0,0,0
267833,0,0,0,0,0,0,0,0,1048576,0
267835,0,0,0,0,0,0,0,0,0,0
267838,0,0,0,0,0,0,0,0,0,0
267839,0,0,0,0,0,0,0,0,0,0
267862,0,0,0,0,0,0,0,0,1048576,0
267866,0,0,0,0,0,0,0,0,1048576,0
267867,0,0,0,0,0,0,0,0,0,0
267896,0,0,0,0,0,0,0,0,0,0
267924,0,0,0,0,0,0,0,0,0,0
267925,0,0,0,0,0,0,0,0,0,0
267927,0,0,0,0,0,0,0,0,0,0
267930,0,0,0,0,0,0,0,0,1048576,0
267931,0,0,0,0,0,0,0,0,1048576,0
267933,0,0,0,0,0,0,0,0,0,0
267935,0,0,0,0,0,0,0,0,4096,0
267937,0,0,0,0,0,0,0,0,0,0
267940,0,0,0,0,0,0,0,0,1048576,0
267941,0,0,0,0,0,0,0,0,0,0
267945,0,0,0,0,0,0,0,0,0,0
267952,0,0,0,0,0,0,0,0,0,0
267954,0,0,0,0,0,0,0,0,0,0
267972,0,0,0,0,0,0,0,0,0,0
267982,0,0,0,0,0,0,0,0,0,0
268019,0,0,0,0,0,0,0,0,0,0
268031,0,0,0,0,0,0,0,0,0,0
268033,0,0,0,0,0,0,0,0,0,0
268043,0,0,0,0,0,0,0,0,0,0
268051,0,0,0,0,0,0,0,0,1048576,0
268072,0,0,0,0,0,0,0,0,1048576,0
268073,0,0,0,0,0,0,0,0,1048576,0
268074,0,0,0,0,0,0,0,0,0,0
268076,0,0,0,0,0,0,0,0,0,0
268078,0,0,0,0,0,0,0,0,2048,0
268087,0,0,0,0,0,0,0,0,131072,0
268092,0,0,0,0,0,0,0,0,1048576,0
268134,0,0,0,0,0,0,0,0,0,0
268137,0,0,0,0,0,0,0,0,0,0
268138,0,0,0,0,0,0,0,0,0,0
268186,0,0,0,0,0,0,0,0,0,0
268188,0,0,0,0,0,0,0,0,1048576,0
268191,0,0,0,0,0,0,0,0,1048576,0
268198,0,0,0,0,0,0,0,0,0,0
268202,0,0,0,0,0,0,0,0,0,0
268206,0,0,0,0,0,0,0,0,0,0
268210,0,0,0,0,0,0,0,0,0,0
268230,0,0,0,0,0,0,0,0,0,0
268232,0,0,0,0,0,0,0,0,0,0
268254,0,0,0,0,0,0,0,0,0,0
268257,0,0,0,0,0,0,0,0,1048576,0
268261,0,0,0,0,0,0,0,0,0,0
268304,0,0,0,0,0,0,0,0,0,0
268306,0,0,0,0,0,0,0,0,1048576,0
268309,0,0,0,0,0,0,0,0,0,0
268312,0,0,0,0,0,0,0,0,1048576,0
268323,0,0,0,0,0,0,0,0,0,0
268324,0,0,0,0,0,0,0,0,0,0
268329,0,0,0,0,0,0,0,0,0,0
268332,0,0,0,0,0,0,0,0,0,0
268333,0,0,0,0,0,0,0,0,0,0
268336,0,0,0,0,0,0,0,0,1048576,0
268338,0,0,0,0,0,0,0,0,0,0
268339,0,0,0,0,0,0,0,0,0,0
268340,0,0,0,0,0,0,0,0,1048576,0
268343,0,0,0,0,0,0,0,0,0,0
268344,0,0,0,0,0,0,0,0,1048576,0
268345,0,0,0,0,0,0,0,0,1048576,0
268356,0,0,0,0,0,0,0,0,1048576,0
268366,0,0,0,0,0,0,0,0,256,0
268376,0,0,0,0,0,0,0,0,0,0
268377,0,0,0,0,0,0,0,0,1572864,0
268416,0,0,0,0,0,0,0,0,1048576,0
268431,0,0,0,0,0,0,0,0,1048576,0
268433,0,0,0,0,0,0,0,0,1048576,0
268454,0,0,0,0,0,0,0,0,0,0
268455,0,0,0,0,0,0,0,0,0,0
268470,0,0,0,0,0,0,0,0,0,0
268479,0,0,0,0,0,0,0,0,1048576,0
268511,0,0,0,0,0,0,0,0,0,0
268516,0,0,0,0,0,0,0,0,1048576,0
268518,0,0,0,0,0,0,0,0,0,0
268519,0,0,0,0,0,0,0,0,1572864,0
268524,0,0,0,0,0,0,0,0,1048576,0
268529,0,0,0,0,0,0,0,0,0,0
268540,0,0,0,0,0,0,0,0,0,0
268564,0,0,0,0,0,0,0,0,0,0
268577,0,0,0,0,0,0,0,0,0,0
268578,0,0,0,0,0,0,0,0,0,0
268594,0,0,0,0,0,0,0,0,0,0
268624,0,0,0,0,0,0,0,0,0,0
268642,0,0,0,0,0,0,0,0,1048576,0
268643,0,0,0,0,0,0,0,0,1048576,0
268663,0,0,0,0,0,0,0,0,0,0
268694,0,0,0,0,0,0,0,0,0,0
268726,0,0,0,0,0,0,0,0,0,0
268727,0,0,0,0,0,0,0,0,0,0
268728,0,0,0,0,0,0,0,0,1048576,0
268786,0,0,0,0,0,0,0,0,0,0
268791,0,0,0,0,0,0,0,0,1048576,0
268804,0,0,0,0,0,0,0,0,1048640,0
268815,0,0,0,0,0,0,0,0,0,0
268827,0,0,0,0,0,0,0,0,0,0
268832,0,0,0,0,0,0,0,0,1048576,0
268833,0,0,0,0,0,0,0,0,0,0
268947,0,0,0,0,0,0,0,0,0,0
268950,0,0,0,0,0,0,0,0,0,0
268990,0,0,0,0,0,0,0,0,0,0
268997,0,0,0,0,0,0,0,0,1048576,0
268999,0,0,0,0,0,0,0,0,0,0
269001,0,0,0,0,0,0,0,0,0,0
269002,0,0,0,0,0,0,0,0,0,0
269011,0,0,0,0,0,0,0,0,1048576,0
269052,0,0,0,0,0,0,0,0,1048576,0
269064,0,0,0,0,0,0,0,0,1048576,0
269065,0,0,0,0,0,0,0,0,1048576,0
269092,0,0,0,0,0,0,0,0,0,0
269093,0,0,0,0,0,0,0,0,0,0
269118,0,0,0,0,0,0,0,0,0,0
269119,0,0,0,0,0,0,0,0,0,0
269126,0,0,0,0,0,0,0,0,0,0
269132,0,0,0,0,0,0,0,0,0,0
269249,0,0,0,0,0,0,0,0,0,0
269254,0,0,0,0,0,0,0,0,0,0
269257,0,0,0,0,0,0,0,0,0,0
269264,0,0,0,0,0,0,0,0,0,0
269296,0,0,0,0,0,0,0,0,0,0
269297,0,0,0,0,0,0,0,0,0,0
269301,0,0,0,0,0,0,0,0,0,0
269310,0,0,0,0,0,0,0,0,0,0
269311,0,0,0,0,0,0,0,0,0,0
269315,0,0,0,0,0,0,0,0,0,0
269334,0,0,0,0,0,0,0,0,0,0
269335,0,0,0,0,0,0,0,0,0,0
269388,0,0,0,0,0,0,0,0,0,0
269398,0,0,0,0,0,0,0,0,0,0
269400,0,0,0,0,0,0,0,0,0,0
269401,0,0,0,0,0,0,0,0,0,0
269402,0,0,0,0,0,0,0,0,0,0
269403,0,0,0,0,0,0,0,0,1048576,0
269405,0,0,0,0,0,0,0,0,0,0
269407,0,0,0,0,0,0,0,0,0,0
269432,0,0,0,0,0,0,0,0,0,0
269433,0,0,0,0,0,0,0,0,1048576,0
269442,0,0,0,0,0,0,0,0,0,0
269444,0,0,0,0,0,0,0,0,0,0
269446,0,0,0,0,0,0,0,0,0,0
269447,0,0,0,0,0,0,0,0,1048576,0
269450,0,0,0,0,0,0,0,0,1048576,0
269451,0,0,0,0,0,0,0,0,0,0
269457,0,0,0,0,0,0,0,0,0,0
269460,0,0,0,0,0,0,0,0,0,0
269461,0,0,0,0,0,0,0,0,0,0
269463,0,0,0,0,0,0,0,0,0,0
269464,0,0,0,0,0,0,0,0,0,0
269470,0,0,0,0,0,0,0,0,0,0
269479,0,0,0,0,0,0,0,0,1048576,0
269481,0,0,0,0,0,0,0,0,1048576,0
269495,0,0,0,0,0,0,0,0,0,0
269496,0,0,0,0,0,0,0,0,0,0
269498,0,0,0,0,0,0,0,0,0,0
269502,0,0,0,0,0,0,0,0,0,0
269506,0,0,0,0,0,0,0,0,0,0
269540,0,0,0,0,0,0,0,0,0,0
269597,0,0,0,0,0,0,0,0,0,0
269599,0,0,0,0,0,0,0,0,0,0
269616,0,0,0,0,0,0,0,0,0,0
269640,0,0,0,0,0,0,0,0,0,0
269653,0,0,0,0,0,0,0,0,0,0
269656,0,0,0,0,0,0,0,0,1048704,0
269657,0,0,0,0,0,0,0,0,1048576,0
269660,0,0,0,0,0,0,0,0,0,0
269661,0,0,0,0,0,0,0,0,0,0
269663,0,0,0,0,0,0,0,0,1048576,0
269664,0,0,0,0,0,0,0,0,0,0
269665,0,0,0,0,0,0,0,0,0,0
269667,0,0,0,0,0,0,0,0,0,0
269668,0,0,0,0,0,0,0,0,0,0
269673,0,0,0,0,0,0,0,0,1048576,0
269674,0,0,0,0,0,0,0,0,1048576,0
269675,0,0,0,0,0,0,0,0,0,0
269678,0,0,0,0,0,0,0,0,0,0
269679,0,0,0,0,0,0,0,0,0,0
269681,0,0,0,0,0,0,0,0,0,0
269682,0,0,0,0,0,0,0,0,0,0
269683,0,0,0,0,0,0,0,0,0,0
269684,0,0,0,0,0,0,0,0,0,0
269702,0,0,0,0,0,0,0,0,0,0
269703,0,0,0,0,0,0,0,0,0,0
269704,0,0,0,0,0,0,0,0,0,0
269705,0,0,0,0,0,0,0,0,0,0
269706,0,0,0,0,0,0,0,0,0,0
269711,0,0,0,0,0,0,0,0,0,0
269712,0,0,0,0,0,0,0,0,0,0
269718,0,0,0,0,0,0,0,0,1048576,0
269727,0,0,0,0,0,0,0,0,0,0
269728,0,0,0,0,0,0,0,0,0,0
269792,0,0,0,0,0,0,0,0,0,0
269793,0,0,0,0,0,0,0,0,0,0
269814,0,0,0,0,0,0,0,0,0,0
269827,0,0,0,0,0,0,0,0,0,0
269830,0,0,0,0,0,0,0,0,0,0
269872,0,0,0,0,0,0,0,0,0,0
269873,0,0,0,0,0,0,0,0,2097152,0
269875,0,0,0,0,0,0,0,0,0,0
269879,0,0,0,0,0,0,0,0,0,0
269886,0,0,0,0,0,0,0,0,0,0
269887,0,0,0,0,0,0,0,0,1048576,0
269891,0,0,0,0,0,0,0,0,0,0
269892,0,0,0,0,0,0,0,0,64,0
269893,0,0,0,0,0,0,0,0,0,0
269894,0,0,0,0,0,0,0,0,0,0
269912,0,0,0,0,0,0,0,0,0,0
269913,0,0,0,0,0,0,0,0,0,0
269921,0,0,0,0,0,0,0,0,0,0
269954,0,0,0,0,0,0,0,0,0,0
269995,0,0,0,0,0,0,0,0,1048576,0
269996,0,0,0,0,0,0,0,0,0,0
269997,0,0,0,0,0,0,0,0,0,0
270001,0,0,0,0,0,0,0,0,1048576,0
270002,0,0,0,0,0,0,0,0,1048576,0
270004,0,0,0,0,0,0,0,0,0,0
270012,0,0,0,0,0,0,0,0,1048576,0
270013,0,0,0,0,0,0,0,0,0,0
270014,0,0,0,0,0,0,0,0,1048576,0
270015,0,0,0,0,0,0,0,0,0,0
270016,0,0,0,0,0,0,0,0,1048576,0
270019,0,0,0,0,0,0,0,0,0,0
270020,0,0,0,0,0,0,0,0,1048576,0
270021,0,0,0,0,0,0,0,0,1048576,0
270022,0,0,0,0,0,0,0,0,1048576,0
270024,0,0,0,0,0,0,0,0,0,0
270025,0,0,0,0,0,0,0,0,0,0
270026,0,0,0,0,0,0,0,0,0,0
270090,0,0,0,0,0,0,0,0,1048576,0
270102,0,0,0,0,0,0,0,0,1048576,0
270111,0,0,0,0,0,0,0,0,0,0
270127,0,0,0,0,0,0,0,0,0,0
270128,0,0,0,0,0,0,0,0,0,0
270150,0,0,0,0,0,0,0,0,1048576,0
270162,0,0,0,0,0,0,0,0,0,0
270164,0,0,0,0,0,0,0,0,1048576,0
270165,0,0,0,0,0,0,0,0,1048576,0
270197,0,0,0,0,0,0,0,0,0,0
270201,0,0,0,0,0,0,0,0,0,0
270202,0,0,0,0,0,0,0,0,0,0
270203,0,0,0,0,0,0,0,0,0,0
270226,0,0,0,0,0,0,0,0,0,0
270230,0,0,0,0,0,0,0,0,0,0
270236,0,0,0,0,0,0,0,0,0,0
270240,0,0,0,0,0,0,0,0,1048576,0
270242,0,0,0,0,0,0,0,0,1048576,0
270243,0,0,0,0,0,0,0,0,1048576,0
270244,0,0,0,0,0,0,0,0,1048576,0
270245,0,0,0,0,0,0,0,0,1048576,0
270246,0,0,0,0,0,0,0,0,1048576,0
270273,0,0,0,0,0,0,0,0,0,0
270281,0,0,0,0,0,0,0,0,0,0
270348,0,0,0,0,0,0,0,0,1048576,0
270353,0,0,0,0,0,0,0,0,1048576,0
270355,0,0,0,0,0,0,0,0,0,0
270370,0,0,0,0,0,0,0,0,1048576,0
270406,0,0,0,0,0,0,0,0,1048576,0
270414,0,0,0,0,0,0,0,0,1048576,0
270536,0,0,0,0,0,0,0,0,1048576,0
270543,0,0,0,0,0,0,0,0,1048576,0
270676,0,0,0,0,0,0,0,0,1048576,0
270682,0,0,0,0,0,0,0,0,1048576,0
270706,0,0,0,0,0,0,0,0,131072,0
270731,0,0,0,0,0,0,0,0,1048576,0
270732,0,0,0,0,0,0,0,0,1048576,0
270748,0,0,0,0,0,0,0,0,0,0
270750,0,0,0,0,0,0,0,0,1048640,0
270752,0,0,0,0,0,0,0,0,131072,0
270754,0,0,0,0,0,0,0,0,131072,0
270762,0,0,0,0,0,0,0,0,0,0
270763,0,0,0,0,0,0,0,0,1048576,0
270767,0,0,0,0,0,0,0,0,0,0
270779,0,0,0,0,0,0,0,0,0,0
270803,0,0,0,0,0,0,0,0,1048576,0
270808,0,0,0,0,0,0,0,0,0,0
270874,0,0,0,0,0,0,0,0,1048576,0
270894,0,0,0,0,0,0,0,0,0,0
270895,0,0,0,0,0,0,0,0,1048576,0
270904,0,0,0,0,0,0,0,0,1048576,0
270921,0,0,0,0,0,0,0,0,1048576,0
270924,0,0,0,0,0,0,0,0,0,0
270958,0,0,0,0,0,0,0,0,0,0
270969,0,0,0,0,0,0,0,0,1048576,0
270970,0,0,0,0,0,0,0,0,1048576,0
270971,0,0,0,0,0,0,0,0,1048576,0
270974,0,0,0,0,0,0,0,0,0,0
270975,0,0,0,0,0,0,0,0,0,0
270976,0,0,0,0,0,0,0,0,0,0
270977,0,0,0,0,0,0,0,0,1048576,0
270978,0,0,0,0,0,0,0,0,1048576,0
270980,0,0,0,0,0,0,0,0,1048576,0
270982,0,0,0,0,0,0,0,0,0,0
270983,0,0,0,0,0,0,0,0,1048576,0
270988,0,0,0,0,0,0,0,0,1048576,0
270992,0,0,0,0,0,0,0,0,1048576,0
270994,0,0,0,0,0,0,0,0,3145728,0
270996,0,0,0,0,0,0,0,0,0,0
270997,0,0,0,0,0,0,0,0,0,0
271034,0,0,0,0,0,0,0,0,0,0
271050,0,0,0,0,0,0,0,0,3145728,0
271064,0,0,0,0,0,0,0,0,0,0
271065,0,0,0,0,0,0,0,0,1048576,0
271066,0,0,0,0,0,0,0,0,1048576,0
271067,0,0,0,0,0,0,0,0,1048576,0
271068,0,0,0,0,0,0,0,0,1048576,0
271071,0,0,0,0,0,0,0,0,0,0
271074,0,0,0,0,0,0,0,0,0,0
271075,0,0,0,0,0,0,0,0,0,0
271078,0,0,0,0,0,0,0,0,0,0
271084,0,0,0,0,0,0,0,0,1048576,0
271085,0,0,0,0,0,0,0,0,1048576,0
271087,0,0,0,0,0,0,0,0,1048576,0
271100,0,0,0,0,0,0,0,0,0,0
271128,0,0,0,0,0,0,0,0,1048576,0
271138,0,0,0,0,0,0,0,0,1048576,0
271142,0,0,0,0,0,0,0,0,1048576,0
271157,0,0,0,0,0,0,0,0,0,0
271160,0,0,0,0,0,0,0,0,0,0
271169,0,0,0,0,0,0,0,0,0,0
271187,0,0,0,0,0,0,0,0,0,0
271242,0,0,0,0,0,0,0,0,0,0
271243,0,0,0,0,0,0,0,0,0,0
271244,0,0,0,0,0,0,0,0,0,0
271248,0,0,0,0,0,0,0,0,1048576,0
271258,0,0,0,0,0,0,0,0,0,0
271296,0,0,0,0,0,0,0,0,1048576,0
271334,0,0,0,0,0,0,0,0,0,0
271358,0,0,0,0,0,0,0,0,1048576,0
271402,0,0,0,0,0,0,0,0,0,0
271408,0,0,0,0,0,0,0,0,1048576,0
271423,0,0,0,0,0,0,0,0,0,0
271424,0,0,0,0,0,0,0,0,1048576,0
271427,0,0,0,0,0,0,0,0,0,0
271428,0,0,0,0,0,0,0,0,0,0
271429,0,0,0,0,0,0,0,0,1048576,0
271438,0,0,0,0,0,0,0,0,0,0
271443,0,0,0,0,0,0,0,0,0,0
271444,0,0,0,0,0,0,0,0,0,0
271446,0,0,0,0,0,0,0,0,0,0
271470,0,0,0,0,0,0,0,0,0,0
271483,0,0,0,0,0,0,0,0,0,0
271484,0,0,0,0,0,0,0,0,0,0
271487,0,0,0,0,0,0,0,0,0,0
271498,0,0,0,0,0,0,0,0,0,0
271499,0,0,0,0,0,0,0,0,0,0
271534,0,0,0,0,0,0,0,0,0,0
271574,0,0,0,0,0,0,0,0,0,0
271587,0,0,0,0,0,0,0,0,0,0
271661,0,0,0,0,0,0,0,0,1048576,0
271662,0,0,0,0,0,0,0,0,1048576,0
271664,0,0,0,0,0,0,0,0,0,0
271668,0,0,0,0,0,0,0,0,0,0
271681,0,0,0,0,0,0,0,0,0,0
271687,0,0,0,0,0,0,0,0,1048576,0
271689,0,0,0,0,0,0,0,0,1048576,0
271698,0,0,0,0,0,0,0,0,0,0
271699,0,0,0,0,0,0,0,0,0,0
271711,0,0,0,0,0,0,0,0,0,0
271728,0,0,0,0,0,0,0,0,0,0
271729,0,0,0,0,0,0,0,0,0,0
271763,0,0,0,0,0,0,0,0,0,0
271804,0,0,0,0,0,0,0,0,1048576,0
271860,0,0,0,0,0,0,0,0,1048576,0
271879,0,0,0,0,0,0,0,0,0,0
271888,0,0,0,0,0,0,0,0,1048576,0
271897,0,0,0,0,0,0,0,0,0,0
271906,0,0,0,0,0,0,0,0,0,0
272012,0,0,0,0,0,0,0,0,64,0
272035,0,0,0,0,0,0,0,0,0,0
272230,0,0,0,0,0,0,0,0,0,0
272231,0,0,0,0,0,0,0,0,0,0
272233,0,0,0,0,0,0,0,0,0,0
272234,0,0,0,0,0,0,0,0,0,0
272282,0,0,0,0,0,0,0,0,1048576,0
272399,0,0,0,0,0,0,0,0,0,0
272403,0,0,0,0,0,0,0,0,0,0
272405,0,0,0,0,0,0,0,0,0,0
272422,0,0,0,0,0,0,0,0,0,0
272460,0,0,0,0,0,0,0,0,1048576,0
272698,0,0,0,0,0,0,0,0,0,0
272735,0,0,0,0,0,0,0,0,0,0
272736,0,0,0,0,0,0,0,0,0,0
272737,0,0,0,0,0,0,0,0,0,0
272738,0,0,0,0,0,0,0,0,1048576,0
272739,0,0,0,0,0,0,0,0,1048576,0
272740,0,0,0,0,0,0,0,0,0,0
272859,0,0,0,0,0,0,0,0,0,0
272860,0,0,0,0,0,0,0,0,1048576,0
272861,0,0,0,0,0,0,0,0,0,0
272882,0,0,0,0,0,0,0,0,0,0
272889,0,0,0,0,0,0,0,0,0,0
272893,0,0,0,0,0,0,0,0,0,0
272894,0,0,0,0,0,0,0,0,0,0
272897,0,0,0,0,0,0,0,0,0,0
272900,0,0,0,0,0,0,0,0,0,0
272951,0,0,0,0,0,0,0,0,0,0
272974,0,0,0,0,0,0,0,0,0,0
272979,0,0,0,0,0,0,0,0,0,0
273019,0,0,0,0,0,0,0,0,0,0
273081,0,0,0,0,0,0,0,0,0,0
273091,0,0,0,0,0,0,0,0,1048576,0
273103,0,0,0,0,0,0,0,0,0,0
273104,0,0,0,0,0,0,0,0,0,0
273114,0,0,0,0,0,0,0,0,1048576,0
273115,0,0,0,0,0,0,0,0,1048576,0
273202,0,0,0,0,0,0,0,0,0,0
273203,0,0,0,0,0,0,0,0,0,0
273278,0,0,0,0,0,0,0,0,0,0
273296,0,0,0,0,0,0,0,0,0,0
273397,0,0,0,0,0,0,0,0,0,0
273459,0,0,0,0,0,0,0,0,1048576,0
273500,0,0,0,0,0,0,0,0,1048576,0
273601,0,0,0,0,0,0,0,0,0,0
273602,0,0,0,0,0,0,0,0,0,0
273605,0,0,0,0,0,0,0,0,0,0
273610,0,0,0,0,0,0,0,0,0,0
273636,0,0,0,0,0,0,0,0,0,0
273637,0,0,0,0,0,0,0,0,0,0
273691,0,0,0,0,0,0,0,0,0,0
273693,0,0,0,0,0,0,0,0,0,0
273708,0,0,0,0,0,0,0,0,1048576,0
273709,0,0,0,0,0,0,0,0,1048576,0
273710,0,0,0,0,0,0,0,0,1179648,0
273712,0,0,0,0,0,0,0,0,0,0
273751,0,0,0,0,0,0,0,0,1048576,0
273752,0,0,0,0,0,0,0,0,1048576,0
273768,0,0,0,0,0,0,0,0,0,0
273769,0,0,0,0,0,0,0,0,0,0
273771,0,0,0,0,0,0,0,0,0,0
273772,0,0,0,0,0,0,0,0,0,0
273829,0,0,0,0,0,0,0,0,0,0
273850,0,0,0,0,0,0,0,0,0,0
273866,0,0,0,0,0,0,0,0,0,0
273868,0,0,0,0,0,0,0,0,0,0
273872,0,0,0,0,0,0,0,0,0,0
273873,0,0,0,0,0,0,0,0,16777216,0
273878,0,0,0,0,0,0,0,0,1048576,0
273879,0,0,0,0,0,0,0,0,1048576,0
273907,0,0,0,0,0,0,0,0,0,0
273908,0,0,0,0,0,0,0,0,1048576,0
273911,0,0,0,0,0,0,0,0,0,0
273912,0,0,0,0,0,0,0,0,0,0
273947,0,0,0,0,0,0,0,0,0,0
274010,0,0,0,0,0,0,0,0,0,0
274013,0,0,0,0,0,0,0,0,0,0
274027,0,0,0,0,0,0,0,0,0,0
274038,0,0,0,0,0,0,0,0,1048576,0
274042,0,0,0,0,0,0,0,0,0,0
274043,0,0,0,0,0,0,0,0,0,0
274045,0,0,0,0,0,0,0,0,1048576,0
274098,0,0,0,0,0,0,0,0,0,0
274161,0,0,0,0,0,0,0,0,0,0
274162,0,0,0,0,0,0,0,0,0,0
274178,0,0,0,0,0,0,0,0,1048576,0
274183,0,0,0,0,0,0,0,0,0,0
274197,0,0,0,0,0,0,0,0,0,0
274198,0,0,0,0,0,0,0,0,0,0
274262,0,0,0,0,0,0,0,0,0,0
274265,0,0,0,0,0,0,0,0,0,0
274310,0,0,0,0,0,0,0,0,0,0
274369,0,0,0,0,0,0,0,0,0,0
274373,0,0,0,0,0,0,0,0,0,0
274397,0,0,0,0,0,0,0,0,0,0
274404,0,0,0,0,0,0,0,0,0,0
274450,0,0,0,0,0,0,0,0,0,0
274451,0,0,0,0,0,0,0,0,0,0
274452,0,0,0,0,0,0,0,0,0,0
274453,0,0,0,0,0,0,0,0,0,0
274502,0,0,0,0,0,0,0,0,0,0
274503,0,0,0,0,0,0,0,0,0,0
274504,0,0,0,0,0,0,0,0,0,0
274505,0,0,0,0,0,0,0,0,0,0
274519,0,0,0,0,0,0,0,0,0,0
274521,0,0,0,0,0,0,0,0,0,0
274570,0,0,0,0,0,0,0,0,0,0
274572,0,0,0,0,0,0,0,0,0,0
274573,0,0,0,0,0,0,0,0,0,0
274574,0,0,0,0,0,0,0,0,0,0
274589,0,0,0,0,0,0,0,0,0,0
274590,0,0,0,0,0,0,0,0,0,0
274592,0,0,0,0,0,0,0,0,0,0
274593,0,0,0,0,0,0,0,0,0,0
274607,0,0,0,0,0,0,0,0,0,0
274608,0,0,0,0,0,0,0,0,0,0
274609,0,0,0,0,0,0,0,0,0,0
274615,0,0,0,0,0,0,0,0,0,0
274624,0,0,0,0,0,0,0,0,0,0
274625,0,0,0,0,0,0,0,0,0,0
274628,0,0,0,0,0,0,0,0,0,0
274629,0,0,0,0,0,0,0,0,0,0
274642,0,0,0,0,0,0,0,0,0,0
274643,0,0,0,0,0,0,0,0,0,0
274655,0,0,0,0,0,0,0,0,1048576,0
274678,0,0,0,0,0,0,0,0,0,0
274679,0,0,0,0,0,0,0,0,0,0
274680,0,0,0,0,0,0,0,0,0,0
274695,0,0,0,0,0,0,0,0,0,0
274696,0,0,0,0,0,0,0,0,0,0
274698,0,0,0,0,0,0,0,0,0,0
274709,0,0,0,0,0,0,0,0,1048576,0
274710,0,0,0,0,0,0,0,0,1048576,0
274711,0,0,0,0,0,0,0,0,0,0
274744,0,0,0,0,0,0,0,0,0,0
274770,0,0,0,0,0,0,0,0,0,0
274788,0,0,0,0,0,0,0,0,1048576,0
274789,0,0,0,0,0,0,0,0,1179648,0
274790,0,0,0,0,0,0,0,0,131072,0
274814,0,0,0,0,0,0,0,0,1048576,0
274817,0,0,0,0,0,0,0,0,0,0
274818,0,0,0,0,0,0,0,0,0,0
274847,0,0,0,0,0,0,0,0,0,0
274860,0,0,0,0,0,0,0,0,0,0
274872,0,0,0,0,0,0,0,0,0,0
274897,0,0,0,0,0,0,0,0,0,0
274899,0,0,0,0,0,0,0,0,0,0
274903,0,0,0,0,0,0,0,0,0,0
274934,0,0,0,0,0,0,0,0,0,0
274964,0,0,0,0,0,0,0,0,0,0
274982,0,0,0,0,0,0,0,0,0,0
274983,0,0,0,0,0,0,0,0,0,0
274993,0,0,0,0,0,0,0,0,0,0
275011,0,0,0,0,0,0,0,0,0,0
275014,0,0,0,0,0,0,0,0,0,0
275028,0,0,0,0,0,0,0,0,0,0
275086,0,0,0,0,0,0,0,0,0,0
275099,0,0,0,0,0,0,0,0,1048576,0
275101,0,0,0,0,0,0,0,0,1048576,0
275109,0,0,0,0,0,0,0,0,0,0
275123,0,0,0,0,0,0,0,0,0,0
275143,0,0,0,0,0,0,0,0,0,0
275147,0,0,0,0,0,0,0,0,0,0
275148,0,0,0,0,0,0,0,0,0,0
275149,0,0,0,0,0,0,0,0,0,0
275151,0,0,0,0,0,0,0,0,0,0
275170,0,0,0,0,0,0,0,0,0,0
275184,0,0,0,0,0,0,0,0,0,0
275188,0,0,0,0,0,0,0,0,0,0
275189,0,0,0,0,0,0,0,0,0,0
275216,0,0,0,0,0,0,0,0,0,0
275227,0,0,0,0,0,0,0,0,1048576,0
275253,0,0,0,0,0,0,0,0,0,0
275254,0,0,0,0,0,0,0,0,0,0
275258,0,0,0,0,0,0,0,0,1048640,0
275260,0,0,0,0,0,0,0,0,0,0
275263,0,0,0,0,0,0,0,0,0,0
275264,0,0,0,0,0,0,0,0,0,0
275275,0,0,0,0,0,0,0,0,0,0
275310,0,0,0,0,0,0,0,0,0,0
275311,0,0,0,0,0,0,0,0,0,0
275312,0,0,0,0,0,0,0,0,0,0
275320,0,0,0,0,0,0,0,0,0,0
275322,0,0,0,0,0,0,0,0,0,0
275324,0,0,0,0,0,0,0,0,0,0
275344,0,0,0,0,0,0,0,0,0,0
275345,0,0,0,0,0,0,0,0,0,0
275346,0,0,0,0,0,0,0,0,16384,0
275350,0,0,0,0,0,0,0,0,0,0
275356,0,0,0,0,0,0,0,0,0,0
275367,0,0,0,0,0,0,0,0,0,0
275369,0,0,0,0,0,0,0,0,0,0
275370,0,0,0,0,0,0,0,0,16384,0
275380,0,0,0,0,0,0,0,0,1048576,0
275410,0,0,0,0,0,0,0,0,0,0
275411,0,0,0,0,0,0,0,0,0,0
275416,0,0,0,0,0,0,0,0,0,0
275417,0,0,0,0,0,0,0,0,0,0
275424,0,0,0,0,0,0,0,0,0,0
275434,0,0,0,0,0,0,0,0,0,0
275435,0,0,0,0,0,0,0,0,0,0
275436,0,0,0,0,0,0,0,0,16384,0
275462,0,0,0,0,0,0,0,0,0,0
275463,0,0,0,0,0,0,0,0,0,0
275464,0,0,0,0,0,0,0,0,16384,0
275468,0,0,0,0,0,0,0,0,0,0
275469,0,0,0,0,0,0,0,0,0,0
275489,0,0,0,0,0,0,0,0,0,0
275490,0,0,0,0,0,0,0,0,0,0
275491,0,0,0,0,0,0,0,0,0,0
275492,0,0,0,0,0,0,0,0,16384,0
275511,0,0,0,0,0,0,0,0,0,0
275545,0,0,0,0,0,0,0,0,0,0
275553,0,0,0,0,0,0,0,0,0,0
275558,0,0,0,0,0,0,0,0,0,0
275568,0,0,0,0,0,0,0,0,0,0
275569,0,0,0,0,0,0,0,0,0,0
275571,0,0,0,0,0,0,0,0,0,0
275605,0,0,0,0,0,0,0,0,0,0
275613,0,0,0,0,0,0,0,0,1048576,0
275614,0,0,0,0,0,0,0,0,0,0
275620,0,0,0,0,0,0,0,0,0,0
275621,0,0,0,0,0,0,0,0,0,0
275627,0,0,0,0,0,0,0,0,0,0
275633,0,0,0,0,0,0,0,0,0,0
275635,0,0,0,0,0,0,0,0,0,0
275734,0,0,0,0,0,0,0,0,0,0
275906,0,0,0,0,0,0,0,0,1048576,0
275908,0,0,0,0,0,0,0,0,0,0
275914,0,0,0,0,0,0,0,0,1048576,0
275936,0,0,0,0,0,0,0,0,0,0
275944,0,0,0,0,0,0,0,0,0,0
275948,0,0,0,0,0,0,0,0,0,0
275952,0,0,0,0,0,0,0,0,0,0
275974,0,0,0,0,0,0,0,0,1048576,0
275975,0,0,0,0,0,0,0,0,0,0
275976,0,0,0,0,0,0,0,0,0,0
275977,0,0,0,0,0,0,0,0,0,0
275978,0,0,0,0,0,0,0,0,0,0
275980,0,0,0,0,0,0,0,0,0,0
275981,0,0,0,0,0,0,0,0,0,0
276036,0,0,0,0,0,0,0,0,0,0
276083,0,0,0,0,0,0,0,0,0,0
276084,0,0,0,0,0,0,0,0,0,0
276085,0,0,0,0,0,0,0,0,0,0
276111,0,0,0,0,0,0,0,0,0,0
276112,0,0,0,0,0,0,0,0,0,0
276113,0,0,0,0,0,0,0,0,0,0
276114,0,0,0,0,0,0,0,0,1048576,0
276117,0,0,0,0,0,0,0,0,0,0
276129,0,0,0,0,0,0,0,0,1048576,0
276141,0,0,0,0,0,0,0,0,0,0
276142,0,0,0,0,0,0,0,0,0,0
276143,0,0,0,0,0,0,0,0,0,0
276151,0,0,0,0,0,0,0,0,0,0
276153,0,0,0,0,0,0,0,0,0,0
276165,0,0,0,0,0,0,0,0,0,0
276172,0,0,0,0,0,0,0,0,0,0
276232,0,0,0,0,0,0,0,0,1572864,0
276236,0,0,0,0,0,0,0,0,0,0
276238,0,0,0,0,0,0,0,0,0,0
276239,0,0,0,0,0,0,0,0,0,0
276240,0,0,0,0,0,0,0,0,0,0
276241,0,0,0,0,0,0,0,0,0,0
276242,0,0,0,0,0,0,0,0,0,0
276244,0,0,0,0,0,0,0,0,0,0
276319,0,0,0,0,0,0,0,0,0,0
276350,0,0,0,0,0,0,0,0,1048576,0
276367,0,0,0,0,0,0,0,0,0,0
276368,0,0,0,0,0,0,0,0,0,0
276369,0,0,0,0,0,0,0,0,0,0
276370,0,0,0,0,0,0,0,0,0,0
276420,0,0,0,0,0,0,0,0,0,0
276421,0,0,0,0,0,0,0,0,0,0
276438,0,0,0,0,0,0,0,0,0,0
276444,0,0,0,0,0,0,0,0,0,0
276453,0,0,0,0,0,0,0,0,0,0
276465,0,0,0,0,0,0,0,0,0,0
276466,0,0,0,0,0,0,0,0,0,0
276489,0,0,0,0,0,0,0,0,0,0
276491,0,0,0,0,0,0,0,0,0,0
276492,0,0,0,0,0,0,0,0,0,0
276493,0,0,0,0,0,0,0,0,0,0
276494,0,0,0,0,0,0,0,0,0,0
276495,0,0,0,0,0,0,0,0,0,0
276496,0,0,0,0,0,0,0,0,0,0
276497,0,0,0,0,0,0,0,0,0,0
276498,0,0,0,0,0,0,0,0,0,0
276533,0,0,0,0,0,0,0,0,0,0
276534,0,0,0,0,0,0,0,0,0,0
276621,0,0,0,0,0,0,0,0,1048576,0
276629,0,0,0,0,0,0,0,0,0,0
276632,0,0,0,0,0,0,0,0,0,0
276696,0,0,0,0,0,0,0,0,0,0
276697,0,0,0,0,0,0,0,0,0,0
276698,0,0,0,0,0,0,0,0,0,0
276703,0,0,0,0,0,0,0,0,0,0
276705,0,0,0,0,0,0,0,0,0,0
276706,0,0,0,0,0,0,0,0,0,0
276718,0,0,0,0,0,0,0,0,1048576,0
276722,0,0,0,0,0,0,0,0,0,0
276742,0,0,0,0,0,0,0,0,0,0
276743,0,0,0,0,0,0,0,0,0,0
276744,0,0,0,0,0,0,0,0,0,0
276767,0,0,0,0,0,0,0,0,0,0
276768,0,0,0,0,0,0,0,0,0,0
276769,0,0,0,0,0,0,0,0,0,0
276770,0,0,0,0,0,0,0,0,0,0
276798,0,0,0,0,0,0,0,0,0,0
276802,0,0,0,0,0,0,0,0,0,0
276803,0,0,0,0,0,0,0,0,0,0
276804,0,0,0,0,0,0,0,0,0,0
276805,0,0,0,0,0,0,0,0,0,0
276806,0,0,0,0,0,0,0,0,0,0
276821,0,0,0,0,0,0,0,0,1048576,0
276822,0,0,0,0,0,0,0,0,1048576,0
276825,0,0,0,0,0,0,0,0,1048576,0
276827,0,0,0,0,0,0,0,0,0,0
276868,0,0,0,0,0,0,0,0,0,0
276870,0,0,0,0,0,0,0,0,1048576,0
276872,0,0,0,0,0,0,0,0,1048576,0
276886,0,0,0,0,0,0,0,0,0,0
276887,0,0,0,0,0,0,0,0,0,0
276902,0,0,0,0,0,0,0,0,0,0
276984,0,0,0,0,0,0,0,0,1048576,0
276992,0,0,0,0,0,0,0,0,0,0
276999,0,0,0,0,0,0,0,0,0,0
277009,0,0,0,0,0,0,0,0,1048576,0
277052,0,0,0,0,0,0,0,0,1048576,0
277059,0,0,0,0,0,0,0,0,1048576,0
277065,0,0,0,0,0,0,0,0,1048576,0
277066,0,0,0,0,0,0,0,0,0,0
277067,0,0,0,0,0,0,0,0,0,0
277068,0,0,0,0,0,0,0,0,0,0
277131,0,0,0,0,0,0,0,0,0,0
277209,0,0,0,0,0,0,0,0,0,0
277212,0,0,0,0,0,0,0,0,0,0
277213,0,0,0,0,0,0,0,0,0,0
277225,0,0,0,0,0,0,0,0,0,0
277243,0,0,0,0,0,0,0,0,1048576,0
277320,0,0,0,0,0,0,0,0,0,0
277401,0,0,0,0,0,0,0,0,0,0
277402,0,0,0,0,0,0,0,0,0,0
277404,0,0,0,0,0,0,0,0,0,0
277459,0,0,0,0,0,0,0,0,0,0
277460,0,0,0,0,0,0,0,0,0,0
277461,0,0,0,0,0,0,0,0,0,0
277554,0,0,0,0,0,0,0,0,0,0
277642,0,0,0,0,0,0,0,0,1048576,0
277643,0,0,0,0,0,0,0,0,1048576,0
277651,0,0,0,0,0,0,0,0,0,0
277654,0,0,0,0,0,0,0,0,0,0
277656,0,0,0,0,0,0,0,0,0,0
277661,0,0,0,0,0,0,0,0,0,0
277665,0,0,0,0,0,0,0,0,0,0
277674,0,0,0,0,0,0,0,0,1048576,0
277675,0,0,0,0,0,0,0,0,0,0
277676,0,0,0,0,0,0,0,0,0,0
277708,0,0,0,0,0,0,0,0,0,0
277751,0,0,0,0,0,0,0,0,0,0
277752,0,0,0,0,0,0,0,0,0,0
277758,0,0,0,0,0,0,0,0,0,0
277759,0,0,0,0,0,0,0,0,0,0
277799,0,0,0,0,0,0,0,0,0,0
277811,0,0,0,0,0,0,0,0,0,0
277839,0,0,0,0,0,0,0,0,1048576,0
277851,0,0,0,0,0,0,0,0,0,0
277852,0,0,0,0,0,0,0,0,0,0
277853,0,0,0,0,0,0,0,0,0,0
277854,0,0,0,0,0,0,0,0,0,0
277855,0,0,0,0,0,0,0,0,0,0
277885,0,0,0,0,0,0,0,0,0,0
277886,0,0,0,0,0,0,0,0,0,0
277887,0,0,0,0,0,0,0,0,0,0
277888,0,0,0,0,0,0,0,0,0,0
277889,0,0,0,0,0,0,0,0,0,0
277890,0,0,0,0,0,0,0,0,0,0
277891,0,0,0,0,0,0,0,0,0,0
277892,0,0,0,0,0,0,0,0,1048576,0
277894,0,0,0,0,0,0,0,0,0,0
277896,0,0,0,0,0,0,0,0,0,0
277897,0,0,0,0,0,0,0,0,1048576,0
277898,0,0,0,0,0,0,0,0,0,0
277899,0,0,0,0,0,0,0,0,0,0
277900,0,0,0,0,0,0,0,0,1048576,0
277946,0,0,0,0,0,0,0,0,0,0
277959,0,0,0,0,0,0,0,0,0,0
277963,0,0,0,0,0,0,0,0,0,0
277964,0,0,0,0,0,0,0,0,0,0
277973,0,0,0,0,0,0,0,0,1116160,0
277977,0,0,0,0,0,0,0,0,1116160,0
277987,0,0,0,0,0,0,0,0,0,0
277988,0,0,0,0,0,0,0,0,0,0
277989,0,0,0,0,0,0,0,0,0,0
277990,0,0,0,0,0,0,0,0,0,0
277991,0,0,0,0,0,0,0,0,0,0
277992,0,0,0,0,0,0,0,0,0,0
277993,0,0,0,0,0,0,0,0,0,0
277994,0,0,0,0,0,0,0,0,0,0
277995,0,0,0,0,0,0,0,0,0,0
278000,0,0,0,0,0,0,0,0,1048576,0
278012,0,0,0,0,0,0,0,0,0,0
278041,0,0,0,0,0,0,0,0,0,0
278053,0,0,0,0,0,0,0,0,0,0
278056,0,0,0,0,0,0,0,0,0,0
278059,0,0,0,0,0,0,0,0,64,0
278072,0,0,0,0,0,0,0,0,0,0
278077,0,0,0,0,0,0,0,0,0,0
278085,0,0,0,0,0,0,0,0,0,0
278086,0,0,0,0,0,0,0,0,0,0
278125,0,0,0,0,0,0,0,0,0,0
278136,0,0,0,0,0,0,0,0,0,0
278138,0,0,0,0,0,0,0,0,0,0
278139,0,0,0,0,0,0,0,0,0,0
278256,0,0,0,0,0,0,0,0,0,0
278421,0,0,0,0,0,0,0,0,1048576,0
278423,0,0,0,0,0,0,0,0,0,0
278444,0,0,0,0,0,0,0,0,0,0
278451,0,0,0,0,0,0,0,0,1048576,0
278453,0,0,0,0,0,0,0,0,1048576,0
278519,0,0,0,0,0,0,0,0,0,0
278536,0,0,0,0,0,0,0,0,0,0
278547,0,0,0,0,0,0,0,0,0,0
278573,0,0,0,0,0,0,0,0,0,0
278574,0,0,0,0,0,0,0,0,0,0
278584,0,0,0,0,0,0,0,0,0,0
278585,0,0,0,0,0,0,0,0,1048576,0
278590,0,0,0,0,0,0,0,0,0,0
278591,0,0,0,0,0,0,0,0,0,0
278603,0,0,0,0,0,0,0,0,0,0
278607,0,0,0,0,0,0,0,0,0,0
278608,0,0,0,0,0,0,0,0,0,0
278610,0,0,0,0,0,0,0,0,0,0
278620,0,0,0,0,0,0,0,0,0,0
278621,0,0,0,0,0,0,0,0,0,0
278622,0,0,0,0,0,0,0,0,0,0
278648,0,0,0,0,0,0,0,0,0,0
278690,0,0,0,0,0,0,0,0,0,0
278701,0,0,0,0,0,0,0,0,0,0
278702,0,0,0,0,0,0,0,0,0,0
278703,0,0,0,0,0,0,0,0,0,0
278704,0,0,0,0,0,0,0,0,0,0
278722,0,0,0,0,0,0,0,0,0,0
278724,0,0,0,0,0,0,0,0,0,0
278727,0,0,0,0,0,0,0,0,0,0
278731,0,0,0,0,0,0,0,0,0,0
278749,0,0,0,0,0,0,0,0,0,0
278805,0,0,0,0,0,0,0,0,0,0
278807,0,0,0,0,0,0,0,0,0,0
278812,0,0,0,0,0,0,0,0,0,0
278825,0,0,0,0,0,0,0,0,0,0
278827,0,0,0,0,0,0,0,0,0,0
278828,0,0,0,0,0,0,0,0,0,0
278829,0,0,0,0,0,0,0,0,0,0
278830,0,0,0,0,0,0,0,0,0,0
278831,0,0,0,0,0,0,0,0,0,0
278833,0,0,0,0,0,0,0,0,0,0
278889,0,0,0,0,0,0,0,0,1048576,0
278899,0,0,0,0,0,0,0,0,0,0
278903,0,0,0,0,0,0,0,0,0,0
278954,0,0,0,0,0,0,0,0,0,0
279003,0,0,0,0,0,0,0,0,0,0
279216,0,0,0,0,0,0,0,0,0,0
279241,0,0,0,0,0,0,0,0,0,0
279242,0,0,0,0,0,0,0,0,0,0
279243,0,0,0,0,0,0,0,0,0,0
279251,0,0,0,0,0,0,0,0,0,0
279255,0,0,0,0,0,0,0,0,0,0
279256,0,0,0,0,0,0,0,0,0,0
279270,0,0,0,0,0,0,0,0,0,0
279273,0,0,0,0,0,0,0,0,0,0
279277,0,0,0,0,0,0,0,0,0,0
279278,0,0,0,0,0,0,0,0,0,0
279279,0,0,0,0,0,0,0,0,0,0
279280,0,0,0,0,0,0,0,0,0,0
279283,0,0,0,0,0,0,0,0,16777216,0
279286,0,0,0,0,0,0,0,0,16777216,0
279307,0,0,0,0,0,0,0,0,0,0
279311,0,0,0,0,0,0,0,0,0,0
279327,0,0,0,0,0,0,0,0,0,0
279361,0,0,0,0,0,0,0,0,0,0
279368,0,0,0,0,0,0,0,0,0,0
279369,0,0,0,0,0,0,0,0,0,0
279378,0,0,0,0,0,0,0,0,0,0
279381,0,0,0,0,0,0,0,0,0,0
279391,0,0,0,0,0,0,0,0,0,0
279393,0,0,0,0,0,0,0,0,0,0
279416,0,0,0,0,0,0,0,0,0,0
279417,0,0,0,0,0,0,0,0,0,0
279419,0,0,0,0,0,0,0,0,0,0
279451,0,0,0,0,0,0,0,0,0,0
279453,0,0,0,0,0,0,0,0,0,0
279513,0,0,0,0,0,0,0,0,1048576,0
279514,0,0,0,0,0,0,0,0,1048576,0
279602,0,0,0,0,0,0,0,0,0,0
279605,0,0,0,0,0,0,0,0,0,0
279681,0,0,0,0,0,0,0,0,0,0
279728,0,0,0,0,0,0,0,0,0,0
279744,0,0,0,0,0,0,0,0,1048576,0
279752,0,0,0,0,0,0,0,0,1048576,0
279846,0,0,0,0,0,0,0,0,0,0
279848,0,0,0,0,0,0,0,0,0,0
279849,0,0,0,0,0,0,0,0,1048576,0
279850,0,0,0,0,0,0,0,0,1048576,0
279864,0,0,0,0,0,0,0,0,0,0
279917,0,0,0,0,0,0,0,0,0,0
279967,0,0,0,0,0,0,0,0,0,0
279986,0,0,0,0,0,0,0,0,1048576,0
279995,0,0,0,0,0,0,0,0,0,0
279996,0,0,0,0,0,0,0,0,0,0
279998,0,0,0,0,0,0,0,0,0,0
280021,0,0,0,0,0,0,0,0,1048576,0
280022,0,0,0,0,0,0,0,0,1048576,0
280023,0,0,0,0,0,0,0,0,1048576,0
280024,0,0,0,0,0,0,0,0,1048576,0
280025,0,0,0,0,0,0,0,0,0,0
280159,0,0,0,0,0,0,0,0,0,0
280161,0,0,0,0,0,0,0,0,0,0
280171,0,0,0,0,0,0,0,0,0,0
280249,0,0,0,0,0,0,0,0,0,0
280251,0,0,0,0,0,0,0,0,0,0
280252,0,0,0,0,0,0,0,0,0,0
280263,0,0,0,0,0,0,0,0,0,0
280264,0,0,0,0,0,0,0,0,0,0
280346,0,0,0,0,0,0,0,0,0,0
280347,0,0,0,0,0,0,0,0,512,0
280348,0,0,0,0,0,0,0,0,0,0
280354,0,0,0,0,0,0,0,0,1048576,0
280385,0,0,0,0,0,0,0,0,0,0
280387,0,0,0,0,0,0,0,0,0,0
280388,0,0,0,0,0,0,0,0,0,0
280390,0,0,0,0,0,0,0,0,1048576,0
280391,0,0,0,0,0,0,0,0,512,0
280454,0,0,0,0,0,0,0,0,0,0
280500,0,0,0,0,0,0,0,0,1048576,0
280517,0,0,0,0,0,0,0,0,1048576,0
280520,0,0,0,0,0,0,0,0,1048576,0
280521,0,0,0,0,0,0,0,0,1048576,0
280529,0,0,0,0,0,0,0,0,0,0
280546,0,0,0,0,0,0,0,0,1048576,0
280549,0,0,0,0,0,0,0,0,0,0
280575,0,0,0,0,0,0,0,0,0,0
280581,0,0,0,0,0,0,0,0,1048576,0
280582,0,0,0,0,0,0,0,0,1048576,0
280599,0,0,0,0,0,0,0,0,1048576,0
280616,0,0,0,0,0,0,0,0,1048576,0
280686,0,0,0,0,0,0,0,0,0,0
280692,0,0,0,0,0,0,0,0,1048576,0
280726,0,0,0,0,0,0,0,0,0,0
280747,0,0,0,0,0,0,0,0,0,0
280774,0,0,0,0,0,0,0,0,0,0
280800,0,0,0,0,0,0,0,0,0,0
280807,0,0,0,0,0,0,0,0,0,0
280809,0,0,0,0,0,0,0,0,0,0
280810,0,0,0,0,0,0,0,0,0,0
280814,0,0,0,0,0,0,0,0,1048576,0
280843,0,0,0,0,0,0,0,0,0,0
280844,0,0,0,0,0,0,0,0,1048576,0
280845,0,0,0,0,0,0,0,0,0,0
280847,0,0,0,0,0,0,0,0,0,0
280848,0,0,0,0,0,0,0,0,0,0
280857,0,0,0,0,0,0,0,0,0,0
280875,0,0,0,0,0,0,0,0,0,0
280877,0,0,0,0,0,0,0,0,0,0
280880,0,0,0,0,0,0,0,0,0,0
280881,0,0,0,0,0,0,0,0,0,0
280882,0,0,0,0,0,0,0,0,0,0
280902,0,0,0,0,0,0,0,0,0,0
280925,0,0,0,0,0,0,0,0,0,0
281071,0,0,0,0,0,0,0,0,0,0
281314,0,0,0,0,0,0,0,0,0,0
281315,0,0,0,0,0,0,0,0,0,0
281316,0,0,0,0,0,0,0,0,0,0
281317,0,0,0,0,0,0,0,0,0,0
281390,0,0,0,0,0,0,0,0,0,0
281459,0,0,0,0,0,0,0,0,0,0
281548,0,0,0,0,0,0,0,0,0,0
281551,0,0,0,0,0,0,0,0,0,0
281557,0,0,0,0,0,0,0,0,0,0
281559,0,0,0,0,0,0,0,0,0,0
281568,0,0,0,0,0,0,0,0,1048576,0
281580,0,0,0,0,0,0,0,0,1048576,0
281582,0,0,0,0,0,0,0,0,3145728,0
281583,0,0,0,0,0,0,0,0,1048576,0
281590,0,0,0,0,0,0,0,0,1048576,0
281591,0,0,0,0,0,0,0,0,0,0
281629,0,0,0,0,0,0,0,0,0,0
281630,0,0,0,0,0,0,0,0,0,0
281631,0,0,0,0,0,0,0,0,0,0
281632,0,0,0,0,0,0,0,0,0,0
281633,0,0,0,0,0,0,0,0,0,0
281656,0,0,0,0,0,0,0,0,0,0
281726,0,0,0,0,0,0,0,0,0,0
281760,0,0,0,0,0,0,0,0,0,0
281761,0,0,0,0,0,0,0,0,0,0
281764,0,0,0,0,0,0,0,0,0,0
281789,0,0,0,0,0,0,0,0,0,0
281790,0,0,0,0,0,0,0,0,0,0
281791,0,0,0,0,0,0,0,0,1048576,0
281792,0,0,0,0,0,0,0,0,0,0
281794,0,0,0,0,0,0,0,0,0,0
281795,0,0,0,0,0,0,0,0,0,0
281796,0,0,0,0,0,0,0,0,0,0
281797,0,0,0,0,0,0,0,0,0,0
281798,0,0,0,0,0,0,0,0,0,0
281816,0,0,0,0,0,0,0,0,0,0
281824,0,0,0,0,0,0,0,0,0,0
281871,0,0,0,0,0,0,0,0,0,0
281880,0,0,0,0,0,0,0,0,0,0
281881,0,0,0,0,0,0,0,0,0,0
281885,0,0,0,0,0,0,0,0,0,0
281891,0,0,0,0,0,0,0,0,3145728,0
281892,0,0,0,0,0,0,0,0,0,0
281900,0,0,0,0,0,0,0,0,0,0
282015,0,0,0,0,0,0,0,0,0,0
282069,0,0,0,0,0,0,0,0,0,0
282072,0,0,0,0,0,0,0,0,1048576,0
282129,0,0,0,0,0,0,0,0,1048576,0
282132,0,0,0,0,0,0,0,0,0,0
282185,0,0,0,0,0,0,0,0,0,0
282203,0,0,0,0,0,0,0,0,0,0
282205,0,0,0,0,0,0,0,0,0,0
282242,0,0,0,0,0,0,0,0,0,0
282304,0,0,0,0,0,0,0,0,0,0
282411,0,0,0,0,0,0,0,0,0,0
282423,0,0,0,0,0,0,0,0,0,0
282597,0,0,0,0,0,0,0,0,0,0
282755,0,0,0,0,0,0,0,0,1048576,0
282764,0,0,0,0,0,0,0,0,1048576,0
282769,0,0,0,0,0,0,0,0,0,0
282824,0,0,0,0,0,0,0,0,0,0
282884,0,0,0,0,0,0,0,0,1048576,0
282912,0,0,0,0,0,0,0,0,0,0
283013,0,0,0,0,0,0,0,0,0,0
283296,0,0,0,0,0,0,0,0,0,0
283375,0,0,0,0,0,0,0,0,1048576,0
283455,0,0,0,0,0,0,0,0,1048576,0
283464,0,0,0,0,0,0,0,0,3145728,0
283514,0,0,0,0,0,0,0,0,1048576,0
283515,0,0,0,0,0,0,0,0,0,0
