ID,DifficultyID,InterruptFlags,AuraInterruptFlags[0],AuraInterruptFlags[1],ChannelInterruptFlags[0],ChannelInterruptFlags[1],SpellID
8010,0,1,0,0,15420,0,42598
8011,0,31,0,0,0,0,42609
8257,0,0,8916992,0,0,0,43680
8258,0,0,8916992,0,0,0,43681
8526,0,15,0,0,0,0,44950
8527,0,15,0,0,0,0,44953
8529,0,15,0,0,0,0,44958
23310,0,31,0,0,0,0,104047
23312,0,31,0,0,0,0,104049
63181,0,0,8916992,0,0,0,219003
63182,0,0,8916992,0,0,0,219004
123482,0,15,0,0,0,0,540
123483,0,15,0,0,0,0,541
123485,0,8,0,0,0,0,543
123486,0,15,0,0,0,0,134
123487,0,15,0,0,0,0,10015
123489,0,15,0,0,0,0,490
123495,0,31,128,0,0,0,459
123499,0,13,0,0,0,0,428
123500,0,15,0,0,0,0,172
123502,0,15,0,0,0,0,184
123503,0,15,0,0,0,0,403
123504,0,15,0,0,0,0,597
123505,0,15,0,0,0,0,598
123506,0,15,0,0,0,0,575
123509,0,15,0,0,0,0,481
123512,0,8,0,0,0,0,139
123513,0,13,0,0,0,0,446
123514,0,13,0,0,0,0,447
123515,0,5,0,0,0,0,450
123516,0,15,0,0,0,0,556
123520,0,15,0,0,0,0,560
123521,0,15,0,0,0,0,561
123522,0,9,0,0,31756,0,136
123523,0,15,0,0,0,0,512
123524,0,15,0,0,0,0,513
123525,0,15,0,0,0,0,519
123529,0,15,0,0,15420,0,126
123530,0,8,0,0,0,0,130
123531,0,8,0,0,0,0,132
123532,0,15,0,0,0,0,520
123538,0,15,0,0,0,0,228
123539,0,8,0,0,0,0,246
123540,0,31,128,0,0,0,581
123541,0,15,0,0,0,0,585
123542,0,8,0,0,0,0,586
123543,0,15,0,0,0,0,587
123544,0,15,0,0,0,0,113
123545,0,15,0,0,0,0,688
123546,0,15,0,0,31756,0,10
123547,0,8,0,0,0,0,467
123548,0,31,128,0,0,0,468
123550,0,15,0,0,0,0,116
123551,0,13,0,0,0,0,34
123552,0,13,0,0,0,0,35
123553,0,15,0,0,0,0,50
123555,0,15,0,0,0,0,537
123557,0,13,0,0,0,0,555
123558,0,15,0,0,0,0,133
123559,0,15,0,0,0,0,143
123560,0,15,0,0,0,0,145
123561,0,1,262272,0,0,0,433
123563,0,0,163842,0,0,0,546
123564,0,15,0,0,0,0,547
123565,0,15,0,0,0,0,548
123568,0,15,0,0,0,0,491
123570,0,31,128,0,0,0,578
123571,0,31,128,0,0,0,579
123572,0,31,128,0,0,0,580
123574,0,15,0,0,0,0,612
123575,0,15,0,0,0,0,635
123576,0,15,0,0,0,0,493
123579,0,8,0,0,0,0,89
123580,0,15,0,0,0,0,624
123581,0,15,0,0,0,0,625
123582,0,15,0,0,0,0,626
123583,0,8,0,0,0,0,589
123584,0,15,0,0,0,0,613
123585,0,15,0,0,0,0,614
123586,0,15,0,0,0,0,615
123587,0,15,0,0,0,0,616
123589,0,15,0,0,0,0,627
123590,0,8,0,0,0,0,603
123592,0,15,0,0,0,0,618
123595,0,15,0,0,31756,0,689
123597,0,15,0,0,0,0,591
123598,0,13,0,0,0,0,443
123599,0,13,0,0,0,0,444
123600,0,13,0,0,0,0,445
123601,0,15,0,0,0,0,339
123603,0,15,0,0,0,0,721
123606,0,15,0,0,0,0,724
123607,0,15,0,0,0,0,596
123608,0,8,0,0,0,0,552
123609,0,8,0,0,0,0,594
123610,0,31,128,0,0,0,458
123611,0,13,2,0,0,0,16
123612,0,1,0,0,0,0,75
123613,0,1,0,0,0,0,77
123614,0,15,0,0,0,0,421
123615,0,15,0,0,0,0,639
123618,0,13,0,0,0,0,33
123619,0,8,0,0,0,0,453
123620,0,0,64,0,0,0,454
123621,0,15,0,0,0,0,455
123622,0,8,0,0,0,0,122
123624,0,15,0,0,0,0,506
123626,0,8,0,0,0,0,439
123627,0,8,0,0,0,0,440
123628,0,8,0,0,0,0,441
123629,0,13,0,0,0,0,442
123630,0,13,0,0,0,0,31
123631,0,15,0,0,0,0,538
123632,0,8,0,0,0,0,602
123633,0,15,0,0,0,0,606
123638,0,15,0,0,0,0,931
123641,0,15,0,0,0,0,913
123644,0,15,0,0,0,0,982
123646,0,15,0,0,0,0,984
123648,0,31,128,0,0,0,470
123649,0,31,128,0,0,0,471
123650,0,31,128,0,0,0,472
123651,0,8,0,0,0,0,527
123652,0,8,0,0,0,0,528
123654,0,15,0,0,0,0,693
123657,0,8,0,0,0,0,696
123659,0,7,0,0,0,0,59
123660,0,7,0,0,0,0,60
123661,0,7,0,0,0,0,61
123662,0,15,80899,0,0,0,66
123664,0,15,0,0,0,0,1096
123670,0,15,0,0,0,0,697
123671,0,15,0,0,15374,0,698
123672,0,15,0,0,0,0,711
123673,0,15,0,0,0,0,650
123674,0,15,0,0,0,0,874
123676,0,15,0,0,0,0,924
123677,0,15,0,0,0,0,926
123680,0,15,0,0,0,0,1026
123681,0,15,0,0,0,0,1027
123682,0,15,0,0,0,0,1029
123683,0,15,0,0,0,0,695
123686,0,15,128,0,0,0,818
123687,0,15,0,0,0,0,930
123689,0,15,0,0,0,0,686
123690,0,15,0,0,0,0,707
123691,0,15,0,0,31756,0,709
123692,0,15,0,0,0,0,647
123694,0,15,0,0,0,0,877
123697,0,1,262272,0,0,0,833
123698,0,0,128,1048576,0,0,783
123699,0,8,0,0,0,0,687
123700,0,15,0,0,0,0,789
123701,0,15,2,0,0,0,700
123702,0,15,0,0,0,0,701
123703,0,15,0,0,0,0,659
123708,0,15,0,0,0,0,915
123710,0,15,0,0,0,0,932
123713,0,15,0,0,0,0,784
123714,0,11,0,0,0,0,785
123716,0,15,0,0,0,0,1037
123717,0,15,0,0,0,0,1094
123718,0,15,0,0,0,0,661
123719,0,15,0,0,0,0,663
123720,0,15,0,0,0,0,664
123721,0,15,0,0,0,0,657
123723,0,15,0,0,0,0,1042
123727,0,15,0,0,0,0,1023
123728,0,0,2,0,15374,0,746
123730,0,15,0,0,0,0,936
123731,0,1,262272,0,0,0,430
123732,0,1,262272,0,0,0,431
123733,0,1,262272,0,0,0,432
123734,0,1,262272,0,0,0,435
123735,0,15,0,0,0,0,529
123736,0,15,0,0,0,0,531
123738,0,15,0,0,0,0,533
123739,0,15,0,0,0,0,534
123742,0,8,0,0,0,0,782
123743,0,15,0,0,0,0,943
123746,0,15,524288,0,27692,0,1002
123747,0,15,0,0,0,0,1003
123748,0,15,0,0,0,0,1004
123750,0,8,0,0,0,0,604
123751,0,15,0,0,27692,0,605
123752,0,15,0,0,0,0,574
123760,0,15,0,0,0,0,837
123765,0,15,0,0,0,0,952
123770,0,1,0,0,0,0,424
123771,0,13,0,0,0,0,427
123772,0,8,0,0,0,0,1714
123773,0,15,0,0,0,0,842
123775,0,15,0,0,0,0,857
123779,0,15,0,0,0,0,690
123780,0,15,0,0,0,0,691
123781,0,5,0,0,0,0,692
123783,0,8,0,0,0,0,588
123784,0,8,0,0,0,0,1008
123785,0,13,0,0,0,0,1009
123786,0,8,0,0,0,0,1010
123789,0,15,0,0,0,0,348
123791,0,15,0,0,0,0,567
123792,0,15,0,0,0,0,712
123793,0,15,0,0,0,0,759
123799,0,15,0,0,31756,0,755
123806,0,15,0,0,0,0,864
123807,0,8,0,0,0,0,865
123810,0,15,0,0,0,0,27891
123812,0,8,0,0,0,0,1430
123815,0,15,0,0,0,0,766
123819,0,15,0,0,0,0,939
123821,0,8,0,0,0,0,475
123822,0,15,0,0,0,0,476
123826,0,15,0,0,0,0,967
123827,0,15,0,0,0,0,713
123832,0,15,0,0,0,0,331
123833,0,15,0,0,0,0,332
123836,0,15,0,0,0,0,1107
123841,0,15,0,0,0,0,910
123845,0,15,0,0,0,0,205
123846,0,15,0,0,0,0,271
123847,0,8,0,0,0,0,1108
123848,0,15,0,0,0,0,1109
123851,0,15,0,0,0,0,1112
123857,0,8,0,0,0,0,1075
123862,0,15,0,0,0,0,1122
123868,0,15,0,0,0,0,2060
123869,0,15,0,0,0,0,2061
123870,0,8,0,0,0,0,1454
123871,0,31,0,0,0,0,27537
123875,0,15,0,0,0,0,2544
123877,0,15,0,0,0,0,1842
123880,0,8,0,0,0,0,1456
123881,0,31,0,0,0,0,27560
123882,0,0,2,0,0,0,1776
123883,0,8,0,0,0,0,1244
123887,0,9,0,0,0,0,1516
123889,0,8,0,0,0,0,774
123890,0,15,0,0,0,0,890
123893,0,13,0,0,0,0,895
123895,0,15,0,0,0,0,1084
123898,0,15,0,0,0,0,959
123901,0,15,0,0,0,0,2795
123904,0,8,0,0,0,0,2791
123905,0,15,0,0,0,0,1088
123906,0,15,0,0,0,0,1089
123907,0,13,0,0,0,0,1698
123909,0,13,0,0,0,0,1050
123912,0,15,0,0,0,0,653
123913,0,8,0,0,0,0,1459
123914,0,8,0,0,0,0,1460
123915,0,15,2,0,0,0,1090
123920,0,15,0,0,0,0,655
123926,0,0,524288,0,0,0,2584
123927,0,15,0,0,0,0,2541
123928,0,15,0,0,0,0,2542
123929,0,15,0,0,0,0,2543
123931,0,8,0,0,0,0,770
123934,0,15,0,0,0,0,849
123936,0,15,0,0,0,0,2832
123937,0,15,0,0,0,0,2601
123938,0,15,80899,0,0,0,885
123940,0,8,0,0,0,0,1014
123941,0,15,0,0,0,0,2833
123942,0,15,0,0,0,0,1062
123944,0,15,0,0,0,0,1064
123951,0,15,0,0,0,0,2399
123955,0,15,0,0,0,0,2539
123958,0,15,0,0,0,0,3069
123961,0,8,0,0,0,0,2024
123962,0,8,0,0,0,0,1449
123963,0,13,0,0,0,0,1936
123964,0,8,0,0,0,0,1455
123965,0,0,3,0,0,0,1725
123970,0,0,2,0,15374,0,1159
123971,0,8,0,0,0,0,988
123973,0,15,0,0,0,0,990
123975,0,0,15367,0,0,0,1786
123976,0,15,0,0,0,0,1366
123977,0,0,146439,0,0,0,1787
123980,0,15,0,0,0,0,736
123981,0,15,0,0,31756,0,699
123982,0,15,0,0,31756,0,740
123984,0,0,15367,0,0,0,1784
123986,0,15,0,0,0,0,7389
123987,0,0,256,1048576,0,0,1066
123991,0,15,0,0,0,0,973
123993,0,15,0,0,0,0,1070
123996,0,0,15367,0,0,0,1785
123997,0,8,131074,0,0,0,1706
123998,0,8,0,0,0,0,976
124000,0,8,0,0,0,0,1243
124003,0,15,0,0,0,0,977
124004,0,1,0,0,0,0,1499
124009,0,15,0,0,0,0,1536
124010,0,15,0,0,0,0,1538
124011,0,0,15363,0,0,0,1539
124015,0,8,0,0,0,0,778
124016,0,0,2,0,0,0,2094
124017,0,1,262272,0,0,0,1131
124018,0,1,262272,0,0,0,1133
124019,0,15,0,0,0,0,950
124021,0,15,0,0,0,0,1179
124022,0,8,0,0,0,0,1245
124023,0,8,0,0,0,0,1086
124026,0,15,0,0,0,0,1101
124027,0,15,0,0,0,0,1056
124028,0,8,0,0,0,0,1463
124029,0,15,0,0,0,0,3068
124030,0,15,0,0,0,0,1106
124031,0,8,0,0,0,0,1461
124032,0,1,262272,0,0,0,1127
124035,0,15,0,0,0,0,900
124037,0,8,0,0,0,0,1058
124039,0,15,0,0,0,0,1464
124041,0,15,0,0,0,0,2540
124043,0,0,2,0,0,0,1777
124045,0,15,0,0,0,0,902
124046,0,15,0,0,0,0,1450
124047,0,15,0,0,0,0,1451
124048,0,15,0,0,0,0,1452
124049,0,15,0,0,0,0,1453
124050,0,15,0,0,0,0,2602
124051,0,15,0,0,0,0,2006
124053,0,1,262272,0,0,0,1135
124054,0,15,0,0,0,0,1105
124056,0,15,0,0,0,0,999
124057,0,15,0,0,0,0,1513
124059,0,15,0,0,0,0,1098
124060,0,13,0,0,0,0,968
124062,0,31,0,0,0,0,1804
124064,0,13,15372,0,0,0,994
124066,0,15,0,0,0,0,996
124070,0,31,0,0,0,0,2575
124071,0,31,0,0,0,0,2576
124072,0,8,0,0,0,0,970
124074,0,1,262272,0,0,0,1129
124076,0,15,0,0,97288,0,1120
124077,0,15,0,0,0,0,2908
124078,0,15,0,0,0,0,2912
124079,0,15,0,0,0,0,3594
124080,0,15,0,0,0,0,3595
124082,0,8,0,0,0,0,9592
124083,0,15,0,0,0,0,3011
124084,0,15,0,0,0,0,2333
124085,0,15,0,0,0,0,2334
124086,0,15,0,0,0,0,2335
124089,0,15,0,0,0,0,8880
124092,0,15,0,0,0,0,2663
124093,0,15,0,0,0,0,2664
124095,0,15,0,0,0,0,3146
124096,0,15,0,0,0,0,3007
124097,0,15,0,0,0,0,2878
124098,0,15,0,0,0,0,2665
124099,0,13,0,0,0,0,3018
124100,0,15,0,0,0,0,2162
124101,0,15,0,0,0,0,2163
124102,0,15,0,0,0,0,3583
124103,0,15,0,0,0,0,1849
124104,0,15,0,0,0,0,2941
124105,0,8,0,0,0,0,2944
124106,0,15,0,0,0,0,8423
124108,0,15,0,0,0,0,2158
124109,0,15,0,0,0,0,2159
124110,0,15,0,0,0,0,2666
124113,0,15,0,0,0,0,2837
124114,0,15,0,0,0,0,9591
124115,0,15,0,0,0,0,2120
124116,0,15,0,0,0,0,3297
124119,0,15,0,0,0,0,3515
124121,0,15,0,0,0,0,3816
124122,0,15,0,0,0,0,3817
124123,0,15,0,0,0,0,3818
124124,0,0,2,0,15374,0,3267
124125,0,8,0,0,0,0,2138
124126,0,15,0,0,0,0,3733
124127,0,15,0,0,0,0,3295
124128,0,15,0,0,0,0,3296
124129,0,15,0,0,0,0,3495
124130,0,15,0,0,0,0,2164
124131,0,15,0,0,0,0,3973
124132,0,31,0,0,0,0,3815
124140,0,15,0,0,0,0,3496
124141,0,15,0,0,0,0,3955
124142,0,15,0,0,0,0,3956
124143,0,15,0,0,0,0,3957
124144,0,15,0,0,0,0,3958
124145,0,15,0,0,0,0,3502
124146,0,15,0,0,0,0,3108
124147,0,15,3,0,0,0,3109
124148,0,15,0,0,0,0,2363
124149,0,15,0,0,0,0,3359
124150,0,15,0,0,0,0,3361
124151,0,15,0,0,0,0,3494
124152,0,15,0,0,0,0,3503
124153,0,15,0,0,0,0,3959
124154,0,15,0,0,0,0,3960
124155,0,15,0,0,0,0,3961
124156,0,15,0,0,0,0,2165
124158,0,8,0,0,0,0,2139
124159,0,0,0,0,15420,0,3362
124160,0,15,0,0,0,0,3504
124161,0,15,0,0,0,0,3505
124162,0,8,0,0,0,0,3747
124164,0,15,0,0,0,0,1124
124168,0,15,0,0,0,0,3333
124170,0,8,0,0,0,0,1126
124171,0,9,0,0,31756,0,1510
124172,0,15,0,0,0,0,3938
124174,0,15,0,0,0,0,2385
124175,0,8,0,0,0,0,2652
124176,0,15,0,0,0,0,3143
124177,0,15,0,0,0,0,3491
124178,0,15,0,0,0,0,3492
124179,0,15,0,0,0,0,3493
124180,0,15,0,0,0,0,2403
124181,0,15,0,0,0,0,2406
124182,0,15,0,0,0,0,3129
124185,0,15,0,0,0,0,2389
124186,0,15,0,0,0,0,2392
124187,0,15,0,0,0,0,2838
124188,0,15,0,0,0,0,2840
124189,0,0,2,0,0,0,3355
124190,0,15,0,0,0,0,3356
124194,0,15,0,0,0,0,3932
124196,0,15,0,0,0,0,3335
124197,0,15,0,0,0,0,3336
124198,0,15,0,0,0,0,3337
124199,0,0,4096,0,0,0,2479
124203,0,15,0,0,0,0,2841
124204,0,7,0,0,0,0,3237
124205,0,15,0,0,0,0,3454
124206,0,15,0,0,0,0,2393
124207,0,15,0,0,0,0,2331
124208,0,15,0,0,0,0,3974
124209,0,1,262272,0,0,0,2639
124211,0,15,0,0,0,0,2332
124213,0,9,0,0,0,0,2643
124214,0,15,0,0,0,0,2402
124215,0,15,0,0,0,0,2365
124218,0,31,0,0,0,0,2366
124220,0,15,0,0,0,0,2160
124221,0,15,0,0,0,0,2161
124222,0,13,0,0,0,0,2626
124225,0,15,0,0,0,0,2835
124226,0,15,0,0,0,0,2480
124227,0,15,0,0,0,0,3933
124228,0,15,0,0,0,0,3934
124229,0,15,0,0,0,0,3936
124230,0,15,0,0,0,0,3294
124231,0,15,0,0,0,0,2121
124233,0,31,0,0,0,0,3365
124234,0,31,0,0,0,0,3366
124235,0,15,0,0,0,0,12044
124236,0,8,0,0,0,0,2767
124237,0,15,0,0,0,0,2673
124238,0,15,0,0,0,0,2674
124239,0,15,0,0,0,0,2675
124240,0,15,0,0,0,0,2156
124241,0,15,0,0,0,0,2157
124242,0,8,0,0,0,0,2970
124247,0,15,0,0,0,0,2169
124248,0,15,0,0,0,0,2823
124251,0,15,0,0,0,0,2662
124253,0,8,0,0,0,0,2782
124257,0,15,0,0,0,0,2826
124258,0,15,0,0,0,0,2963
124259,0,15,0,0,0,0,2964
124262,0,15,0,0,0,0,2951
124264,0,15,0,0,0,0,2008
124265,0,15,0,1048576,0,0,2645
124267,0,15,0,0,0,0,3087
124268,0,15,0,0,31756,0,1949
124270,0,15,0,0,0,0,2401
124271,0,15,0,0,0,0,2545
124272,0,15,0,0,0,0,2546
124273,0,15,0,0,0,0,2547
124274,0,15,0,0,0,0,2548
124275,0,15,0,0,0,0,2362
124276,0,15,0,0,0,0,3086
124278,0,15,0,0,0,0,2054
124279,0,15,0,0,0,0,2055
124282,0,15,0,0,0,0,2549
124284,0,15,0,0,0,0,2386
124285,0,15,0,0,0,0,2387
124289,0,13,0,0,0,0,2647
124290,0,15,0,0,0,0,2657
124291,0,15,0,0,0,0,2658
124292,0,15,0,0,0,0,2659
124293,0,15,0,0,0,0,2827
124294,0,15,0,0,0,0,2828
124295,0,15,0,0,0,0,2829
124296,0,15,0,0,0,0,2830
124297,0,15,0,0,0,0,3774
124298,0,15,0,0,0,0,3776
124299,0,15,0,0,0,0,2579
124300,0,15,0,0,0,0,2750
124301,0,15,0,0,0,0,2660
124302,0,15,0,0,0,0,2831
124303,0,15,0,0,0,0,2010
124305,0,15,0,0,0,0,3777
124306,0,15,0,0,0,0,3778
124307,0,15,0,0,0,0,3779
124308,0,15,0,0,0,0,2578
124309,0,9,0,0,48140,0,1515
124311,0,15,0,0,0,0,2668
124312,0,15,0,0,0,0,2670
124314,0,0,15367,0,0,0,1856
124315,0,15,0,0,0,0,2824
124316,0,8,0,0,0,0,2090
124317,0,15,0,0,0,0,2881
124318,0,8,0,0,0,0,2137
124320,0,8,0,0,0,0,2893
124323,0,15,2,0,0,0,2637
124324,0,15,0,0,0,0,2149
124325,0,15,0,0,0,0,2152
124327,0,15,0,0,0,0,2394
124328,0,15,0,0,0,0,2395
124329,0,15,0,0,0,0,2396
124330,0,15,0,0,0,0,2397
124333,0,9,0,0,31772,0,2096
124334,0,15,0,0,0,0,1980
124335,0,15,0,0,0,0,2153
124337,0,15,0,0,0,0,2671
124338,0,8,0,0,0,0,2947
124339,0,15,0,0,0,0,2948
124340,0,15,0,0,0,0,2672
124343,0,15,0,0,0,0,2050
124344,0,15,0,0,0,0,2052
124345,0,15,0,0,0,0,3105
124347,0,0,2,0,0,0,2070
124349,0,8,0,0,0,0,2091
124350,0,8,0,0,0,0,2651
124351,0,15,0,0,0,0,2166
124352,0,15,0,0,0,0,2053
124353,0,15,0,0,0,0,2577
124354,0,15,0,0,0,0,2860
124355,0,0,0,0,15420,0,2969
124356,0,15,0,0,0,0,3368
124358,0,15,0,0,0,0,2641
124359,0,15,0,0,0,0,2764
124360,0,8,0,0,0,0,2136
124361,0,15,0,0,0,0,2167
124362,0,15,0,0,0,0,2168
124363,0,15,0,0,0,0,8422
124364,0,15,0,0,0,0,2661
124365,0,15,0,0,0,0,2812
124368,0,15,0,0,0,0,2667
124369,0,8,0,0,0,0,1953
124372,0,0,15367,0,0,0,1857
124373,0,15,0,0,0,0,2329
124375,0,15,0,0,0,0,3396
124376,0,15,0,0,0,0,3397
124378,0,15,0,0,0,0,3856
124379,0,15,0,0,0,0,3922
124380,0,15,0,0,0,0,3923
124381,0,15,0,0,0,0,3924
124382,0,15,0,0,0,0,3925
124383,0,15,0,0,0,0,3926
124385,0,15,0,0,0,0,3398
124386,0,13,0,0,0,0,3655
124387,0,15,0,0,0,0,3713
124388,0,15,0,0,0,0,3256
124389,0,15,0,0,0,0,3177
124391,0,15,0,0,0,0,3841
124392,0,15,0,0,0,0,3842
124396,0,15,0,0,0,0,4165
124398,0,15,0,0,0,0,3930
124399,0,15,0,0,31756,0,3700
124404,0,0,4096,0,0,0,4511
124405,0,15,0,0,0,0,3870
124407,0,15,0,0,0,0,3903
124409,0,13,0,0,0,0,3602
124410,0,15,0,0,0,0,3962
124411,0,15,0,0,0,0,3321
124412,0,15,0,0,0,0,3868
124413,0,15,0,0,0,0,3869
124414,0,15,0,0,0,0,3843
124415,0,15,0,0,0,0,3844
124416,0,15,0,0,0,0,3635
124417,0,15,2,0,0,0,3636
124418,0,15,0,0,0,0,3229
124419,0,0,15364,0,0,0,3385
124422,0,15,0,0,0,0,3400
124424,0,13,0,0,0,0,4221
124428,0,15,0,0,0,0,3477
124430,0,15,0,0,0,0,14539
124431,0,8,0,0,0,0,3627
124432,0,15,0,0,0,0,3839
124433,0,15,0,0,0,0,3693
124436,0,15,0,0,31756,0,3698
124437,0,15,0,0,0,0,25973
124440,0,15,0,0,0,0,3840
124442,0,15,0,0,0,0,3845
124444,0,31,0,0,0,0,9268
124445,0,15,0,0,0,0,9269
124447,0,15,0,0,0,0,9271
124448,0,15,0,0,0,0,3847
124449,0,15,0,0,0,0,3848
124450,0,15,0,0,0,0,3849
124451,0,15,0,0,0,0,3850
124452,0,15,0,0,0,0,3979
124454,0,15,0,0,0,0,3088
124458,0,15,0,0,0,0,3561
124460,0,15,0,0,0,0,3921
124461,0,15,0,0,0,0,3188
124462,0,15,0,0,0,0,3773
124463,0,15,0,0,0,0,3453
124466,0,15,0,0,0,0,14533
124467,0,15,0,0,0,0,3871
124468,0,15,0,0,0,0,3485
124471,0,15,0,0,0,0,3173
124474,0,15,0,0,0,0,3448
124477,0,15,0,0,0,0,3174
124478,0,9,0,0,31756,0,3662
124480,0,15,0,0,0,0,3651
124481,0,15,0,0,0,0,3472
124482,0,13,0,0,0,0,4209
124484,0,15,0,0,0,0,3866
124485,0,9,0,0,0,0,3611
124486,0,31,0,0,0,0,3670
124487,0,15,0,0,0,0,3914
124488,0,15,0,0,0,0,3915
124490,0,15,0,0,0,0,3214
124494,0,15,0,0,0,0,3218
124495,0,15,0,0,0,0,3275
124496,0,15,0,0,0,0,3276
124497,0,15,0,0,0,0,3277
124498,0,15,0,0,0,0,3278
124499,0,31,0,0,0,0,4239
124501,0,15,0,0,0,0,3449
124502,0,15,0,0,0,0,3450
124503,0,13,0,0,0,0,3657
124504,0,13,0,0,0,0,3658
124505,0,13,0,0,0,0,3204
124506,0,15,0,0,0,0,3205
124507,0,15,0,0,0,0,3206
124508,0,15,0,0,0,0,3207
124510,0,15,0,0,0,0,4164
124511,0,15,0,0,0,0,3175
124512,0,15,0,0,0,0,3176
124513,0,15,0,0,0,0,3443
124514,0,15,0,0,0,0,3928
124515,0,15,0,0,0,0,3929
124516,0,13,0,0,0,0,3605
124517,0,0,15367,0,0,0,3648
124520,0,15,0,0,0,0,3429
124524,0,13,0,0,0,0,3652
124526,0,15,0,0,0,0,3451
124527,0,15,0,0,0,0,3452
124528,0,15,0,0,0,0,3172
124529,0,15,0,0,0,0,3399
124531,0,15,0,0,0,0,2744
124534,0,15,0,0,0,0,3183
124535,0,15,0,0,0,0,2737
124536,0,15,0,0,0,0,2738
124537,0,15,0,0,0,0,2739
124538,0,15,0,0,0,0,2740
124542,0,15,0,0,0,0,3506
124543,0,15,0,0,0,0,3292
124545,0,15,0,0,0,0,3562
124546,0,15,0,0,0,0,3563
124547,0,15,0,0,0,0,3511
124548,0,15,0,0,0,0,3972
124549,0,15,0,0,0,0,3756
124550,0,15,0,0,0,0,3813
124553,0,15,0,0,0,0,3293
124556,0,15,0,0,0,0,3857
124557,0,15,0,0,0,0,3858
124558,0,15,0,0,0,0,3334
124559,0,15,0,0,0,0,3308
124565,0,15,0,0,0,0,3527
124568,0,15,0,0,0,0,3864
124569,0,15,0,0,0,0,3865
124574,0,15,0,0,0,0,3965
124575,0,15,0,0,0,0,3966
124576,0,15,0,0,0,0,3859
124577,0,15,0,0,0,0,3860
124578,0,15,0,0,0,0,3861
124581,0,15,0,0,0,0,3947
124582,0,15,0,0,0,0,3949
124584,0,15,0,0,0,0,3937
124586,0,15,0,0,0,0,3952
124587,0,15,0,0,0,0,3953
124588,0,15,0,0,0,0,3954
124592,0,15,0,0,0,0,3110
124593,0,9,0,0,31756,0,3111
124594,0,15,0,0,0,0,3964
124595,0,15,0,0,0,0,3300
124598,0,15,0,0,0,0,2741
124599,0,15,0,0,0,0,3950
124600,0,15,0,0,0,0,3323
124605,0,15,0,0,0,0,3112
124606,0,15,0,0,0,0,3170
124607,0,15,0,0,0,0,3171
124608,0,1,0,0,0,0,3674
124611,0,15,0,0,0,0,3971
124612,0,15,0,0,0,0,3330
124613,0,15,0,0,0,0,3331
124615,0,15,0,0,0,0,3304
124617,0,15,0,0,0,0,3967
124618,0,15,0,0,0,0,3968
124619,0,15,0,0,0,0,3969
124620,0,15,0,0,0,0,3113
124621,0,15,0,0,0,0,3114
124622,0,15,0,0,0,0,3370
124623,0,15,0,0,0,0,3332
124624,0,15,0,0,0,0,3862
124625,0,15,0,0,0,0,3863
124626,0,15,0,0,0,0,3307
124627,0,15,0,0,0,0,3013
124628,0,15,0,0,0,0,3015
124629,0,15,0,0,0,0,3507
124630,0,15,0,0,0,0,3508
124631,0,15,0,0,0,0,3420
124632,0,15,0,0,0,0,3421
124633,0,15,0,0,0,0,3855
124634,0,15,0,0,0,0,3569
124635,0,15,0,0,0,0,3547
124639,0,15,0,0,0,0,3093
124640,0,31,0,0,0,0,3570
124641,0,15,0,0,0,0,3260
124643,0,15,0,0,0,0,3872
124644,0,15,0,0,0,0,3873
124645,0,15,0,0,0,0,3963
124646,0,31,0,0,0,0,3678
124648,0,15,0,0,0,0,3264
124649,0,15,0,0,0,0,3764
124650,0,15,0,0,0,0,3513
124651,0,15,0,0,0,0,3772
124652,0,13,80899,0,0,0,3680
124654,0,15,0,0,0,0,3931
124656,0,15,0,0,0,0,3559
124657,0,31,0,0,0,0,3564
124658,0,15,0,0,0,0,3565
124659,0,15,0,0,0,0,3780
124660,0,15,0,0,0,0,3497
124661,0,15,0,0,0,0,3552
124663,0,15,0,0,0,0,3566
124664,0,15,0,0,0,0,3567
124668,0,15,0,0,0,0,3436
124670,0,15,0,0,0,0,3094
124672,0,15,0,0,0,0,3498
124673,0,15,0,0,0,0,3499
124674,0,15,0,0,0,0,3500
124675,0,9,0,0,0,0,3136
124676,0,15,0,0,0,0,3765
124677,0,15,0,0,0,0,3766
124678,0,15,0,0,0,0,3767
124679,0,15,0,0,0,0,3768
124680,0,15,0,0,0,0,3944
124681,0,15,0,0,0,0,3945
124682,0,15,0,0,0,0,3946
124683,0,15,0,0,0,0,3319
124686,0,31,0,0,0,0,3584
124688,0,15,0,0,0,0,3320
124691,0,15,0,0,0,0,3456
124693,0,15,0,0,0,0,3759
124694,0,15,0,0,0,0,3760
124698,0,15,0,0,0,0,3750
124701,0,9,0,0,31756,0,3661
124702,0,15,0,0,0,0,3324
124703,0,4,0,0,0,0,3132
124704,0,15,0,0,0,0,3133
124705,0,15,0,0,0,0,3939
124706,0,15,0,0,0,0,3940
124707,0,15,0,0,0,0,3761
124708,0,15,0,0,0,0,3230
124709,0,15,0,0,0,0,3233
124710,0,15,0,0,0,0,3371
124711,0,15,0,0,0,0,3372
124712,0,15,0,0,0,0,3373
124713,0,15,0,0,0,0,3377
124714,0,15,0,0,0,0,3348
124719,0,15,0,0,0,0,3753
124720,0,15,0,0,0,0,3755
124721,0,15,0,0,0,0,3537
124722,0,15,0,0,0,0,3140
124723,0,15,0,0,0,0,3762
124724,0,15,0,0,0,0,3763
124725,0,15,0,0,0,0,3115
124728,0,15,0,0,0,0,3854
124730,0,15,0,0,0,0,3769
124731,0,15,0,0,0,0,3770
124732,0,15,0,0,0,0,3771
124733,0,15,0,0,0,0,3116
124734,0,15,0,0,0,0,3117
124735,0,15,0,0,0,0,3488
124738,0,15,0,0,0,0,2742
124744,0,15,0,0,0,0,3120
124745,0,15,0,0,0,0,3121
124748,0,0,2,0,15374,0,3268
124749,0,15,0,0,0,0,3084
124750,0,15,0,0,0,0,3941
124751,0,15,0,0,0,0,3942
124758,0,15,0,0,0,0,3325
124759,0,15,0,0,0,0,3326
124760,0,15,0,0,0,0,3328
124761,0,31,0,0,0,0,3586
124762,0,15,0,0,0,0,2743
124763,0,15,0,0,0,0,4096
124764,0,15,0,0,0,0,4097
124767,0,15,0,0,0,0,5186
124768,0,9,0,0,0,0,5401
124769,0,15,15373,0,0,0,4141
124771,0,31,0,0,0,0,5514
124773,0,13,0,0,0,0,5137
124774,0,5,0,0,0,0,4066
124775,0,15,0,0,0,0,3851
124776,0,31,0,0,0,0,3407
124777,0,15,0,0,0,0,3408
124778,0,15,0,0,0,0,3501
124780,0,15,0,0,0,0,5287
124781,0,0,0,0,15404,0,9712
124783,0,15,0,0,0,0,3975
124784,0,15,0,0,0,0,3976
124785,0,15,0,0,0,0,3977
124786,0,15,0,0,0,0,3978
124788,0,15,0,0,0,0,5504
124789,0,15,0,0,0,0,5505
124790,0,15,0,0,0,0,5506
124791,0,15,0,0,0,0,5286
124792,0,15,0,0,31756,0,5138
124794,0,31,2,0,0,0,5106
124795,0,31,0,0,0,0,5107
124796,0,15,0,0,0,0,5108
124798,0,13,0,0,0,0,5110
124799,0,15,0,0,0,0,4508
124801,0,15,0,0,0,0,5187
124802,0,15,0,0,0,0,5188
124806,0,15,0,0,0,0,4000
124815,0,15,0,0,0,0,5185
124817,0,15,0,0,0,0,3243
124819,0,5,0,0,0,0,4069
124824,0,15,0,0,0,0,3918
124825,0,15,0,0,0,0,3919
124827,0,15,0,0,0,0,4075
124828,0,13,80898,0,0,0,4079
124829,0,15,0,0,0,0,4526
124830,0,15,0,0,0,0,3920
124831,0,15,0,0,0,0,3900
124834,0,13,0,0,0,0,6257
124839,0,31,0,0,0,0,4320
124842,0,31,0,0,0,0,5099
124844,0,8,0,0,0,0,4042
124845,0,15,0,0,0,0,3852
124846,0,0,2,0,0,0,5101
124849,0,15,0,0,31756,0,3699
124850,0,13,0,0,0,0,4520
124852,0,5,0,0,0,0,4067
124853,0,15,0,0,0,0,3994
124854,0,15,0,0,0,0,3995
124855,0,8,0,0,15420,0,4246
124859,0,15,0,0,0,0,4011
124870,0,5,0,0,0,0,4064
124872,0,5,0,0,0,0,4065
124874,0,15,0,0,0,0,4056
124878,0,0,2,0,0,0,5916
124879,0,13,0,0,0,0,4950
124880,0,15,0,0,0,0,5244
124881,0,13,0,0,0,0,4971
124882,0,8,0,0,0,0,5909
124883,0,15,0,0,0,0,5252
124884,0,15,0,0,0,0,5699
124885,0,8,0,0,0,0,6076
124886,0,15,15420,0,0,0,5384
124888,0,0,0,0,130815,0,8855
124889,0,8,0,0,0,0,6074
124890,0,8,0,0,0,0,6075
124891,0,8,0,0,0,0,5697
124893,0,0,15367,0,0,0,5266
124894,0,0,15367,0,0,0,5267
124895,0,15,0,0,0,0,5189
124896,0,15,0,0,0,0,6060
124897,0,15,0,0,0,0,5159
124899,0,15,0,0,0,0,4945
124900,0,0,15367,0,0,0,5268
124901,0,15,0,0,0,0,5213
124904,0,1,262272,0,0,0,5004
124905,0,15,0,0,0,0,6064
124906,0,15,0,0,0,0,5196
124910,0,13,0,0,0,0,4974
124911,0,9,0,0,0,0,6255
124912,0,8,0,0,0,0,6117
124914,0,15,8,0,0,0,4975
124915,0,15,0,0,0,0,4976
124916,0,31,8,0,0,0,5140
124918,0,15,0,0,0,0,6278
124919,0,15,0,0,0,0,4094
124922,0,1,262272,0,0,0,5005
124923,0,0,8,0,0,0,6270
124924,0,15,0,0,0,0,5195
124925,0,0,0,0,15420,0,4932
124926,0,15,0,0,0,0,5884
124927,0,31,8,0,0,0,5166
124928,0,0,15367,0,0,0,5169
124930,0,15,0,0,0,0,5484
124931,0,13,0,0,0,0,5605
124932,0,15,0,0,0,0,6252
124933,0,15,0,0,0,0,6254
124934,0,8,0,0,0,0,6077
124935,0,0,15367,0,0,0,8874
124936,0,31,0,0,0,0,8858
124937,0,31,0,0,0,0,5316
124938,0,15,0,0,0,0,8873
124941,0,13,2,0,0,0,5403
124942,0,31,0,0,0,0,4982
124943,0,15,0,0,0,0,14293
124944,0,15,0,0,0,0,9889
124945,0,15,0,0,0,0,25976
124946,0,15,0,0,0,0,4980
124947,0,15,15373,0,0,0,4981
124948,0,13,0,0,0,0,6274
124951,0,15,0,0,31756,0,5143
124952,0,15,0,0,31756,0,5144
124953,0,0,131072,0,0,0,5118
124954,0,15,128,0,0,0,5784
124955,0,15,0,0,0,0,6063
124956,0,15,0,0,0,0,4942
124957,0,15,0,0,0,0,4629
124958,0,15,0,0,0,0,5395
124959,0,9,0,0,0,0,5324
124960,0,9,0,0,0,0,5325
124961,0,9,0,0,0,0,8853
124962,0,15,0,0,0,0,9488
124964,0,1,262272,0,0,0,5007
124965,0,0,15372,0,15420,0,5010
124966,0,15,0,0,0,0,9888
124968,0,31,0,0,0,0,5512
124969,0,31,0,0,0,0,5206
124970,0,15,0,0,0,0,5180
124971,0,15,0,0,175116,0,5019
124972,0,0,15367,0,0,0,5215
124973,0,1,262272,0,0,0,5006
124974,0,0,0,0,8,0,4970
124976,0,15,0,0,0,0,9487
124978,0,0,0,0,15420,0,5424
124979,0,9,0,0,0,0,5321
124980,0,9,0,0,0,0,5322
124981,0,9,0,0,0,0,5323
124982,0,0,15367,0,0,0,9740
124983,0,8,0,0,0,0,5020
124984,0,8,0,0,0,0,5232
124985,0,15,0,0,0,0,5208
124986,0,15,0,0,0,0,9739
124987,0,15,0,0,0,0,5219
124988,0,15,0,0,0,0,5176
124989,0,15,0,0,0,0,5177
124990,0,15,0,0,0,0,5178
124991,0,15,0,0,0,0,5179
124992,0,15,8,0,0,0,4977
124993,0,15,8,0,0,0,4978
124994,0,15,0,0,0,0,4979
124995,0,13,0,0,0,0,6490
124996,0,15,2,0,0,0,5567
124997,0,15,0,0,0,0,6306
124998,0,1,262272,0,0,0,26030
124999,0,31,128,0,0,0,6653
125000,0,15,0,0,0,0,6222
125002,0,31,128,0,0,0,6654
125003,0,15,0,0,0,0,6500
125004,0,15,0,0,0,0,6501
125005,0,5,3,0,0,0,5260
125006,0,15,0,0,0,0,6127
125008,0,15,0,0,0,0,7149
125010,0,31,0,0,0,0,7023
125011,0,15,0,0,0,0,6499
125013,0,13,0,0,0,0,6957
125014,0,15,0,0,0,0,7255
125015,0,15,0,0,0,0,7256
125016,0,15,0,0,0,0,7257
125017,0,15,0,0,0,0,7258
125018,0,5,0,0,0,0,5259
125020,0,15,0,0,0,0,6949
125021,0,15,15372,0,31756,0,6219
125022,0,15,0,0,0,0,5627
125026,0,31,0,0,0,0,6477
125027,0,31,0,0,0,0,6478
125028,0,15,0,0,0,0,6458
125030,0,15,0,0,0,0,6656
125032,0,31,0,0,0,0,6461
125033,0,15,0,0,0,0,6129
125034,0,31,0,0,0,0,6658
125036,0,15,0,0,0,0,6695
125038,0,9,0,0,0,0,6726
125039,0,15,0,0,0,0,5761
125040,0,15,0,0,0,0,6686
125042,0,31,0,0,0,0,6974
125043,0,15,2,0,0,0,6728
125044,0,15,0,0,0,0,6471
125045,0,0,2,0,0,0,7001
125049,0,15,0,0,31756,0,8417
125050,0,15,0,0,31756,0,8416
125051,0,15,0,0,0,0,6305
125056,0,8,0,0,0,0,5234
125057,0,15,0,0,0,0,5276
125059,0,15,0,0,0,0,6250
125061,0,15,0,0,0,0,5782
125063,0,15,0,0,0,0,5781
125065,0,0,0,0,15420,0,6115
125066,0,8,0,0,0,0,6131
125067,0,8,0,0,0,0,9749
125068,0,15,0,0,0,0,9750
125069,0,0,3,0,0,0,6408
125070,0,15,0,0,0,0,7132
125072,0,15,0,0,31756,0,5145
125073,0,0,15367,0,0,0,5264
125074,0,0,15367,0,0,0,5265
125075,0,8,0,0,0,0,6078
125077,0,13,0,0,0,0,5174
125078,0,9,0,0,0,0,28469
125079,0,15,0,0,0,0,5763
125080,0,13,0,0,0,0,4961
125081,0,15,0,0,0,0,6041
125083,0,15,0,0,0,0,6246
125084,0,31,0,0,0,0,6247
125085,0,31,0,0,0,0,6249
125086,0,15,0,0,31756,0,6141
125087,0,15,0,0,0,0,6201
125088,0,0,0,0,15420,0,5256
125089,0,0,0,0,31804,0,6197
125091,0,8,0,0,0,0,6065
125092,0,15,15372,0,31756,0,5740
125093,0,15,0,0,0,0,6688
125095,0,15,0,0,0,0,6202
125096,0,13,0,0,0,0,5280
125097,0,15,0,0,0,0,6517
125098,0,31,128,0,0,0,6899
125100,0,15,0,0,0,0,7295
125101,0,15,0,0,0,0,5676
125102,0,9,0,0,0,0,7136
125103,0,15,0,0,0,0,9734
125105,0,15,0,0,0,0,6620
125106,0,15,0,0,0,0,6630
125107,0,15,0,0,0,0,7106
125108,0,0,2,0,0,0,6770
125109,0,15,0,0,0,0,6642
125111,0,15,0,0,0,0,6296
125112,0,8,0,0,0,0,6346
125113,0,31,0,0,0,0,6802
125114,0,31,0,0,0,0,6982
125115,0,0,15367,0,0,0,6783
125116,0,15,0,0,0,0,7107
125117,0,15,0,0,0,0,7077
125118,0,8,0,0,0,0,6146
125119,0,31,0,0,0,0,6529
125120,0,31,128,0,0,0,6897
125121,0,15,0,0,0,0,7124
125122,0,15,0,0,0,0,7151
125123,0,31,0,0,0,0,8016
125124,0,15,0,0,0,0,6518
125126,0,15,0,0,0,0,7153
125127,0,15,0,0,0,0,6466
125130,0,31,128,0,0,0,6898
125131,0,0,8,0,0,0,5858
125132,0,15,0,0,0,0,9583
125133,0,15,0,0,0,0,7818
125134,0,31,0,0,0,0,6535
125136,0,15,0,0,0,0,6626
125137,0,15,0,0,0,0,6627
125138,0,15,0,0,0,0,7179
125139,0,15,0,0,0,0,7121
125140,0,15,0,0,0,0,6651
125141,0,15,0,0,0,0,6530
125142,0,15,0,0,0,0,7451
125144,0,15,0,0,0,0,6661
125145,0,15,0,0,0,0,6213
125146,0,15,0,0,0,0,6610
125147,0,15,0,0,0,0,6611
125149,0,0,277519,0,0,0,7291
125152,0,15,0,0,0,0,6979
125153,0,15,0,0,0,0,6980
125155,0,15,0,0,0,0,5666
125156,0,13,0,0,0,0,7729
125157,0,15,0,0,15420,0,7033
125158,0,8,0,0,0,0,7128
125159,0,8,0,0,0,0,7268
125160,0,8,0,0,0,0,7269
125162,0,15,0,0,0,0,6521
125163,0,15,0,0,0,0,7183
125164,0,15,0,0,0,0,24815
125165,0,15,0,0,0,0,7216
125166,0,8,0,0,0,0,8439
125167,0,15,0,0,0,0,12039
125168,0,8,0,0,0,0,7270
125169,0,15,0,0,0,0,7057
125172,0,8,0,0,0,0,6756
125173,0,15,0,0,0,0,6757
125174,0,31,0,0,0,0,6527
125175,0,31,0,0,0,0,7068
125177,0,8,0,0,0,0,6789
125178,0,8,0,0,0,0,7301
125180,0,13,0,0,0,0,6660
125181,0,15,0,0,0,0,6900
125182,0,31,0,0,0,0,6234
125183,0,0,15367,0,0,0,5668
125184,0,15,0,0,0,0,6487
125187,0,15,0,0,0,0,6703
125188,0,15,0,0,0,0,6704
125189,0,15,0,0,0,0,6705
125191,0,8,0,0,0,0,6205
125192,0,15,0,0,0,0,6441
125195,0,15,0,0,0,0,6905
125196,0,31,0,0,0,0,6907
125197,0,15,15367,0,0,0,6298
125198,0,15,2,0,31804,0,6358
125199,0,31,0,0,0,0,6951
125202,0,15,0,0,31756,0,6226
125204,0,15,0,0,31756,0,6965
125205,0,15,0,0,0,0,6223
125206,0,0,15366,0,0,0,6538
125207,0,15,0,0,0,0,6233
125208,0,15,128,0,0,0,5809
125209,0,8,0,0,0,0,6143
125210,0,0,15367,0,0,0,7974
125211,0,8,0,0,0,0,8495
125212,0,15,0,0,0,0,11921
125214,0,0,3,0,0,0,6405
125215,0,1,0,0,15420,0,9733
125216,0,15,0,0,0,0,6671
125217,0,15,0,0,0,0,7259
125218,0,15,0,0,0,0,6717
125219,0,0,6147,0,0,0,7939
125222,0,31,128,0,0,0,6777
125223,0,15,0,0,0,0,6778
125224,0,15,0,0,0,0,6780
125225,0,31,128,0,0,0,6648
125226,0,15,0,0,0,0,11939
125229,0,8,0,0,0,0,5021
125230,0,31,0,0,0,0,6909
125232,0,0,3,0,0,0,6711
125233,0,15,0,0,0,0,6650
125234,0,15,0,0,0,0,6470
125235,0,15,0,0,0,0,8552
125236,0,15,0,0,0,0,6803
125237,0,31,0,0,0,0,6805
125238,0,15,0,0,0,0,6950
125242,0,8,0,0,0,0,6217
125245,0,15,0,0,0,0,6510
125246,0,15,0,0,0,0,7223
125247,0,8,0,0,0,0,6229
125248,0,8,0,0,0,0,6512
125250,0,15,0,0,0,0,7224
125251,0,8,0,0,0,0,6513
125252,0,31,0,0,0,0,7125
125253,0,15,0,0,0,0,7126
125254,0,0,15367,0,0,0,5669
125256,0,15,0,0,0,0,6984
125257,0,15,2,0,0,0,6894
125258,0,15,0,0,0,0,7147
125260,0,31,128,0,0,0,6896
125261,0,15,0,0,0,0,6353
125262,0,15,0,0,0,0,6725
125263,0,15,0,0,0,0,6215
125264,0,15,0,0,0,0,6690
125265,0,15,0,0,0,0,6692
125266,0,15,0,0,0,0,6693
125267,0,15,0,0,0,0,6366
125272,0,15,0,0,0,0,7101
125273,0,9,0,0,0,0,5862
125275,0,8,0,0,0,0,7300
125276,0,15,0,0,0,0,7098
125277,0,15,0,0,0,0,6814
125278,0,15,0,0,0,0,7133
125280,0,15,0,0,0,0,7135
125281,0,15,0,0,0,0,6702
125282,0,9,0,0,0,0,6960
125283,0,15,0,0,0,0,7487
125284,0,15,0,0,0,0,7978
125285,0,15,0,0,15372,0,7914
125286,0,8,0,0,0,0,1006
125289,0,15,0,0,0,0,7430
125290,0,15,0,0,0,0,7624
125291,0,15,0,0,0,0,7629
125292,0,15,0,0,0,0,7488
125293,0,15,0,0,0,0,7489
125294,0,15,0,0,0,0,7793
125296,0,15,0,0,0,0,7421
125298,0,15,0,0,0,0,7962
125299,0,15,0,0,0,0,7776
125300,0,15,0,0,0,0,7648
125301,0,15,0,0,0,0,7328
125302,0,15,0,0,0,0,7745
125305,0,9,0,0,0,0,7933
125306,0,15,0,0,0,0,7934
125307,0,15,0,0,0,0,7935
125308,0,15,0,0,0,0,7992
125309,0,0,15372,0,0,0,8359
125311,0,15,0,0,0,0,7641
125313,0,15,0,0,0,0,3387
125314,0,15,128,0,0,0,7364
125315,0,15,0,0,0,0,7643
125317,0,0,80899,0,0,0,7870
125318,0,15,2,0,0,0,7967
125319,0,15,0,0,0,0,7786
125320,0,15,0,0,0,0,7952
125321,0,15,0,0,0,0,7953
125323,0,8,0,0,0,0,8418
125324,0,0,15367,0,0,0,9736
125325,0,8,0,0,0,0,992
125326,0,15,0,0,0,0,7788
125327,0,15,0,0,0,0,7395
125329,0,15,0,0,0,0,7633
125330,0,9,0,0,0,0,7966
125332,0,15,0,0,0,0,3775
125334,0,15,0,0,0,0,8949
125335,0,15,0,0,0,0,6925
125336,0,15,0,0,0,0,7761
125337,0,8,0,0,0,0,8413
125340,0,15,0,0,0,0,8776
125341,0,15,0,0,0,0,7588
125342,0,15,0,0,0,0,8681
125343,0,15,0,0,0,0,8078
125344,0,9,0,0,0,0,26102
125345,0,15,0,0,0,0,7799
125346,0,15,0,0,0,0,7800
125347,0,15,0,0,0,0,7801
125348,0,15,0,0,0,0,7802
125349,0,13,0,0,0,0,8682
125350,0,15,0,0,0,0,8444
125351,0,9,0,0,0,0,8270
125352,0,9,0,0,0,0,8271
125354,0,15,0,0,0,0,8362
125356,0,15,0,0,0,0,7791
125357,0,15,0,0,0,0,26001
125358,0,15,0,0,0,0,7407
125359,0,13,0,0,0,0,7764
125360,0,15,0,0,0,0,7951
125361,0,31,128,0,0,0,8395
125362,0,9,0,0,0,0,8435
125363,0,13,0,0,0,0,7645
125364,0,8,0,0,0,0,8450
125365,0,15,0,0,0,0,8951
125367,0,15,0,0,0,0,8000
125368,0,31,0,0,0,0,8001
125369,0,0,3,0,0,0,7331
125370,0,15,0,0,0,0,7408
125372,0,15,0,0,0,0,7327
125374,0,15,0,0,0,0,7845
125376,0,15,0,0,0,0,6415
125377,0,15,0,0,0,0,7355
125378,0,15,0,0,0,0,7481
125379,0,15,0,0,0,0,7639
125380,0,9,0,0,0,0,11922
125381,0,15,0,0,0,0,7928
125382,0,8,0,0,0,0,7302
125383,0,15,0,0,0,0,6618
125384,0,15,0,0,0,0,7859
125385,0,15,0,0,0,0,7623
125386,0,15,0,0,0,0,7795
125387,0,15,0,0,0,0,7954
125388,0,15,0,0,0,0,7955
125391,0,15,0,0,0,0,8004
125392,0,15,0,0,0,0,8005
125393,0,15,0,0,0,0,7817
125394,0,8,0,0,0,0,7320
125395,0,15,0,0,0,0,12279
125397,0,15,0,0,0,0,7896
125398,0,15,0,0,0,0,7277
125399,0,15,0,0,0,0,7448
125403,0,15,0,0,0,0,7636
125404,0,13,0,0,0,0,7638
125405,0,15,0,0,0,0,3376
125406,0,8,0,0,0,0,168
125407,0,0,2,0,15374,0,7926
125408,0,0,2,0,15374,0,7927
125409,0,15,0,0,0,0,8010
125411,0,15,0,0,0,0,8955
125412,0,15,0,0,0,0,7841
125413,0,15,0,0,15532,0,7732
125415,0,15,0,0,0,0,7483
125416,0,15,0,0,0,0,7484
125417,0,15,0,0,0,0,7863
125420,0,15,0,0,0,0,3263
125422,0,15,0,0,0,0,6624
125423,0,15,0,0,0,0,7748
125425,0,15,0,0,0,0,7144
125426,0,0,15367,0,0,0,7104
125427,0,13,0,0,0,0,7105
125428,0,15,0,0,0,0,6985
125429,0,15,0,0,0,0,7712
125430,0,15,0,0,0,0,7220
125431,0,15,0,0,0,0,7420
125432,0,15,128,0,15532,0,7620
125433,0,15,0,0,0,0,7867
125434,0,15,0,0,0,0,851
125435,0,8,0,0,0,0,6066
125436,0,0,15375,0,0,0,6920
125437,0,15,0,0,0,0,7221
125438,0,15,0,0,0,0,6609
125440,0,15,0,0,0,0,8762
125441,0,15,0,0,31756,0,7651
125442,0,15,0,0,0,0,7715
125444,0,15,0,0,15420,0,7290
125445,0,1,262272,0,0,0,7737
125446,0,15,0,0,0,0,6413
125447,0,15,0,0,0,0,6414
125450,0,15,0,0,0,0,7865
125453,0,15,0,0,0,0,7383
125454,0,15,0,0,0,0,6418
125455,0,15,0,0,0,0,6419
125458,0,15,0,0,0,0,7714
125459,0,15,0,0,15532,0,7731
125460,0,15,0,0,0,0,7222
125461,0,15,0,0,0,0,7102
125463,0,15,0,0,0,0,7960
125464,0,15,0,0,0,0,7821
125466,0,15,0,0,0,0,7428
125468,0,15,0,0,0,0,7771
125469,0,15,0,0,0,0,8363
125470,0,15,0,0,0,0,7861
125472,0,15,0,0,0,0,7218
125474,0,0,262154,0,0,0,6606
125475,0,15,0,0,0,0,7892
125476,0,15,0,0,0,0,7893
125481,0,15,0,0,0,0,7855
125483,0,15,0,0,0,0,7857
125486,0,15,0,0,0,0,7630
125489,0,15,0,0,0,0,7156
125490,0,8,0,0,0,0,7273
125491,0,15,0,0,0,0,7213
125492,0,15,0,0,0,0,6417
125494,0,15,0,0,0,0,9053
125495,0,15,0,0,0,0,8607
125496,0,31,0,0,0,0,6463
125497,0,15,0,0,0,0,8256
125498,0,31,0,0,0,0,7901
125499,0,15,0,0,0,0,9081
125500,0,0,15367,0,0,0,9093
125503,0,15,0,0,0,0,8097
125504,0,15,0,0,0,0,8532
125505,0,15,0,0,0,0,8806
125506,0,15,0,0,0,0,8809
125507,0,8,0,0,0,0,8492
125508,0,15,0,0,0,0,8616
125509,0,15,0,0,0,0,8838
125510,0,15,0,0,0,0,8104
125511,0,15,0,0,0,0,8795
125512,0,15,0,0,0,0,8804
125514,0,8,0,0,0,0,8455
125515,0,8,0,0,0,0,8458
125516,0,15,0,0,0,0,8483
125518,0,15,0,0,0,0,8797
125519,0,8,0,0,0,0,706
125520,0,8,0,0,0,0,8461
125521,0,15,0,0,0,0,8788
125522,0,15,0,0,0,0,8789
125524,0,8,0,0,0,0,8438
125525,0,15,80899,0,0,0,10228
125526,0,15,0,0,0,0,9199
125527,0,15,0,0,0,0,9200
125528,0,31,0,0,0,0,9172
125529,0,15,0,0,0,0,8129
125530,0,15,0,0,0,0,8282
125531,0,0,2,0,0,0,8629
125532,0,8,0,0,0,0,8242
125533,0,15,0,0,0,0,8243
125535,0,15,0,0,0,0,8245
125536,0,15,0,0,0,0,8105
125537,0,15,0,0,0,0,8596
125538,0,15,0,0,0,0,8598
125539,0,8,0,0,0,0,8462
125540,0,15,0,0,0,0,7739
125541,0,15,0,0,0,0,7949
125542,0,15,0,0,0,0,8106
125543,0,15,0,0,0,0,3757
125544,0,15,0,0,0,0,8605
125546,0,8,0,0,0,0,980
125547,0,9,0,0,0,0,7278
125548,0,15,0,0,0,0,8099
125549,0,15,0,0,0,0,9062
125550,0,15,0,0,0,0,9064
125552,0,9,0,0,0,0,8292
125553,0,1,262272,0,0,0,434
125554,0,8,0,0,0,0,8437
125555,0,0,3,0,0,0,6634
125558,0,13,0,0,0,0,8674
125559,0,15,0,0,0,0,8296
125560,0,31,0,0,0,0,8286
125561,0,15,0,0,0,0,9552
125562,0,15,0,0,0,0,7454
125563,0,15,0,0,0,0,7457
125565,0,15,0,0,0,0,10054
125566,0,0,4718592,0,0,0,29659
125567,0,15,0,0,0,0,3694
125568,0,15,0,0,0,0,7828
125569,0,9,0,0,0,0,7586
125570,0,15,0,0,0,0,7279
125571,0,8,0,0,0,0,8419
125572,0,31,0,0,0,0,8138
125573,0,15,0,0,0,0,8140
125574,0,9,0,0,0,0,8142
125575,0,15,0,0,0,0,8895
125576,0,31,0,0,0,0,8293
125578,0,15,0,0,0,0,8339
125579,0,15,0,0,0,0,7289
125580,0,8,0,0,0,0,600
125581,0,31,0,0,0,0,7285
125583,0,15,0,0,0,0,10053
125584,0,15,0,0,0,0,8691
125585,0,1,262272,0,0,0,1137
125586,0,13,0,0,0,0,7728
125588,0,15,0,0,0,0,7853
125589,0,15,0,0,0,0,6416
125591,0,8,0,0,0,0,7658
125592,0,9,0,0,0,0,7587
125593,0,15,0,0,0,0,7288
125594,0,15,0,0,0,0,8768
125595,0,15,0,0,0,0,8118
125596,0,15,0,0,0,0,8119
125597,0,15,0,0,0,0,7753
125598,0,15,0,0,0,0,7754
125599,0,15,0,0,0,0,7755
125600,0,15,0,0,0,0,8342
125602,0,15,0,0,0,0,7719
125603,0,15,0,0,0,0,8120
125604,0,15,0,0,0,0,8121
125605,0,0,2,0,0,0,8672
125607,0,31,0,0,0,0,8517
125609,0,15,0,0,0,0,8096
125611,0,15,0,0,0,0,9065
125612,0,13,0,0,0,0,8376
125613,0,15,0,0,0,0,8694
125614,0,15,0,0,0,0,26006
125615,0,31,2,0,0,0,8901
125616,0,15,0,0,0,0,8116
125618,0,15,0,0,0,0,8770
125619,0,15,0,0,0,0,7054
125620,0,15,0,0,0,0,7716
125621,0,15,0,0,0,0,8881
125622,0,15,0,0,0,0,7752
125623,0,15,0,0,0,0,8791
125624,0,15,0,0,0,0,8793
125626,0,15,0,0,0,0,7779
125627,0,15,0,0,0,0,7439
125628,0,31,0,0,0,0,8386
125632,0,8,0,0,0,0,8914
125633,0,15,0,0,0,0,7766
125634,0,15,0,0,0,0,8489
125635,0,8,0,0,0,0,7659
125636,0,15,0,0,0,0,8262
125637,0,31,0,0,0,0,8690
125638,0,15,0,0,0,0,7769
125639,0,15,0,0,0,0,8446
125641,0,15,0,0,0,0,8465
125642,0,15,0,0,0,0,8238
125644,0,15,0,0,0,0,8240
125645,0,15,0,0,0,0,8758
125646,0,15,0,0,31804,0,6196
125648,0,15,0,0,0,0,7426
125651,0,15,0,0,31756,0,8427
125652,0,15,0,0,0,0,7418
125653,0,1,262272,0,0,0,6410
125654,0,15,0,0,0,0,7918
125657,0,15,0,0,0,0,6412
125658,0,15,0,0,0,0,8008
125659,0,15,0,0,0,0,8467
125660,0,15,0,0,0,0,8760
125661,0,15,0,0,15420,0,8364
125662,0,15,0,0,0,0,7751
125664,0,15,0,0,0,0,8087
125665,0,15,128,0,0,0,7359
125666,0,31,128,0,0,0,8980
125667,0,15,0,0,0,0,8199
125668,0,15,0,0,0,0,8200
125669,0,8,0,0,0,0,8192
125670,0,15,0,0,0,0,8688
125672,0,15,0,0,0,0,8098
125673,0,15,0,0,0,0,8201
125674,0,15,0,0,0,0,8772
125675,0,15,0,0,0,0,8774
125676,0,15,0,0,0,0,8211
125678,0,15,0,0,0,0,7655
125679,0,15,0,0,0,0,8679
125681,0,15,0,0,0,0,8784
125683,0,15,0,0,0,0,8786
125685,0,15,0,0,0,0,8604
125686,0,15,0,0,0,0,8782
125687,0,8,0,0,0,0,8451
125688,0,15,0,0,0,0,7994
125689,0,15,0,0,0,0,3758
125690,0,15,0,0,0,0,8117
125691,0,15,0,0,0,0,8131
125692,0,15,0,0,0,0,7782
125694,0,31,0,0,0,0,8917
125695,0,15,0,0,31756,0,8918
125696,0,15,0,0,0,0,8277
125697,0,15,0,0,0,0,7827
125698,0,15,0,0,0,0,8264
125699,0,0,15367,0,0,0,8218
125700,0,15,0,0,0,0,7437
125701,0,15,0,0,0,0,8686
125704,0,15,0,0,0,0,7717
125705,0,15,0,0,0,0,7718
125711,0,8,0,0,0,0,8122
125712,0,15,0,0,0,0,8693
125714,0,15,15420,0,0,0,8226
125715,0,15,0,0,0,0,7322
125716,0,8,0,0,0,0,8412
125717,0,8,0,0,0,0,704
125718,0,15,0,0,0,0,8407
125719,0,15,0,0,0,0,8408
125720,0,15,0,0,0,0,7836
125721,0,15,0,0,0,0,7837
125722,0,15,0,0,0,0,8766
125723,0,31,0,0,0,0,8988
125724,0,15,0,0,0,0,3695
125725,0,15,0,0,0,0,8322
125726,0,9,0,0,0,0,8594
125727,0,13,0,0,0,0,8595
125728,0,15,0,0,0,0,8687
125729,0,31,0,0,0,0,8272
125730,0,15,15373,0,0,0,8606
125731,0,15,0,0,0,0,6917
125734,0,0,128,0,0,0,7363
125735,0,15,0,0,0,0,8334
125736,0,0,0,0,27692,0,8345
125737,0,0,15364,0,0,0,8611
125738,0,31,0,0,0,0,8613
125739,0,9,0,0,0,0,8985
125740,0,15,0,0,0,0,8986
125741,0,15,0,0,0,0,8764
125742,0,31,0,0,0,0,8617
125743,0,31,0,0,0,0,8618
125745,0,15,0,0,0,0,9482
125746,0,15,0,0,0,0,9483
125747,0,15,0,0,0,0,9856
125748,0,0,15367,0,0,0,9913
125749,0,9,0,0,0,0,11085
125750,0,15,0,0,31756,0,10186
125751,0,0,262272,0,0,0,9177
125752,0,15,0,0,0,0,9196
125753,0,15,0,0,0,0,9857
125756,0,31,0,0,0,0,30139
125757,0,31,0,0,0,0,30152
125758,0,31,0,0,0,0,30156
125760,0,15,0,0,0,0,9197
125761,0,15,0,0,0,0,9926
125762,0,15,0,0,0,0,9928
125763,0,15,0,0,0,0,8936
125764,0,9,0,0,0,0,9575
125765,0,15,0,0,0,0,9942
125766,0,15,0,0,0,0,9931
125767,0,15,0,0,0,0,9201
125768,0,15,0,0,0,0,9202
125769,0,15,0,0,15420,0,9373
125770,0,31,0,0,0,0,8600
125774,0,15,0,0,0,0,9256
125775,0,31,0,0,0,0,8365
125776,0,15,0,0,0,0,8366
125779,0,15,0,0,0,0,9811
125780,0,15,0,0,0,0,8812
125781,0,15,0,0,0,0,27725
125782,0,15,0,0,31756,0,10185
125783,0,15,0,0,0,0,9959
125784,0,15,0,0,0,0,9997
125785,0,15,0,0,31756,0,10187
125787,0,15,0,0,0,0,9956
125788,0,15,0,0,0,0,9957
125789,0,15,0,0,0,0,8088
125790,0,15,0,0,0,0,9206
125791,0,15,0,0,0,0,9781
125792,0,15,2,0,0,0,9484
125793,0,31,0,0,0,0,9657
125794,0,9,0,0,0,0,25748
125795,0,31,0,0,0,0,27566
125796,0,15,0,0,0,0,7919
125797,0,15,0,0,0,0,7920
125799,0,15,0,0,0,0,9574
125800,0,31,0,0,0,0,9577
125801,0,8,0,0,0,0,9578
125802,0,13,0,0,0,0,9221
125803,0,8,0,0,0,0,9756
125805,0,15,0,0,0,0,9813
125806,0,15,0,0,0,0,9814
125811,0,15,0,0,0,0,8780
125812,0,0,4127,0,4123,0,8734
125813,0,15,0,0,0,0,10151
125814,0,15,0,0,0,0,9806
125815,0,15,0,0,0,0,9654
125816,0,9,0,0,0,0,9653
125817,0,15,0,0,0,0,14914
125818,0,15,0,0,0,0,9194
125819,0,15,0,0,0,0,9979
125820,0,8,0,0,0,0,7646
125821,0,15,0,0,0,0,7948
125823,0,15,0,0,0,0,9980
125824,0,15,0,0,0,0,9939
125825,0,8,0,0,0,0,9835
125826,0,15,2,0,0,0,8040
125827,0,15,0,0,0,0,8778
125829,0,15,0,0,0,0,8246
125830,0,15,2,0,0,0,9485
125832,0,15,0,0,31756,0,10211
125833,0,15,0,0,31756,0,10212
125834,0,8,0,0,0,0,10159
125836,0,15,0,0,0,0,7929
125837,0,15,0,0,0,0,9456
125838,0,0,8,0,0,0,9572
125839,0,0,1024,0,0,0,9220
125840,0,31,0,0,0,0,8919
125841,0,15,0,0,0,0,9532
125842,0,15,0,0,0,0,10180
125843,0,15,0,0,0,0,10181
125844,0,9,0,0,0,0,7932
125846,0,15,0,0,0,0,9950
125847,0,8,0,0,0,0,10173
125848,0,15,0,0,0,0,10000
125849,0,0,2,0,0,0,8064
125852,0,15,0,0,0,0,8905
125853,0,15,0,0,0,0,28995
125854,0,8,0,0,0,0,9833
125855,0,8,0,0,0,0,10951
125856,0,15,0,0,0,0,9853
125857,0,15,0,0,0,0,9758
125858,0,15,0,0,0,0,9145
125859,0,15,0,0,0,0,8736
125861,0,8,0,0,0,0,8921
125862,0,8,0,0,0,0,10174
125863,0,8,0,0,0,0,10177
125864,0,8,0,0,0,0,8924
125865,0,15,0,0,0,0,8938
125866,0,15,0,0,0,0,10216
125867,0,15,0,0,0,0,710
125869,0,15,0,0,0,0,9964
125871,0,9,0,0,0,0,9435
125872,0,1,0,0,8,0,9437
125873,0,15,0,0,0,0,9234
125875,0,15,0,0,0,0,9584
125876,0,15,0,0,0,0,8367
125877,0,15,0,0,0,0,9658
125878,0,8,0,0,0,0,10225
125879,0,15,0,0,0,0,8939
125880,0,15,0,0,0,0,8103
125881,0,8,0,0,0,0,9907
125882,0,15,0,0,0,0,8994
125887,0,31,0,0,0,0,9636
125888,0,8,0,0,0,0,8929
125889,0,15,0,0,0,0,9818
125891,0,15,0,0,0,0,9820
125892,0,31,0,0,0,0,9594
125893,0,15,0,0,0,0,9586
125894,0,15,80899,0,0,0,9587
125895,0,15,0,0,0,0,8400
125898,0,9,0,0,0,0,8372
125899,0,31,128,0,0,0,8394
125902,0,15,0,0,0,0,10096
125903,0,15,0,0,0,0,8820
125904,0,15,0,0,0,0,9058
125905,0,15,0,0,0,0,9059
125906,0,15,0,0,0,0,9060
125907,0,15,0,0,0,0,9672
125908,0,8,0,0,0,0,8457
125909,0,15,0,0,0,0,7443
125910,0,15,0,0,0,0,8398
125911,0,15,2,0,0,0,8399
125912,0,9,0,0,0,0,8259
125913,0,8,0,0,0,0,8926
125914,0,15,0,0,97288,0,8289
125915,0,15,0,0,0,0,8406
125917,0,15,0,0,0,0,9092
125918,0,15,0,0,0,0,9903
125919,0,8,0,0,0,0,8927
125920,0,31,0,0,0,0,8209
125921,0,8,0,0,0,0,8946
125922,0,15,0,0,0,0,9935
125924,0,15,0,0,0,0,9937
125925,0,15,0,0,0,0,9983
125927,0,31,0,0,0,0,8137
125928,0,0,15366,0,0,0,10032
125929,0,13,15372,0,0,0,595
125930,0,13,0,0,0,0,8997
125931,0,9,0,0,0,0,8274
125932,0,15,0,0,0,0,8275
125933,0,9,0,0,0,0,8276
125934,0,15,0,0,0,0,25979
125935,0,0,1024,0,0,0,9192
125936,0,15,0,0,0,0,9198
125937,0,15,0,0,0,0,8112
125938,0,15,0,0,0,0,8113
125939,0,15,0,0,0,0,8114
125940,0,15,0,0,0,0,8115
125942,0,8,0,0,0,0,10160
125943,0,0,2,0,0,0,8902
125944,0,15,0,0,0,0,8903
125946,0,31,0,0,0,0,9143
125947,0,9,0,0,0,0,8148
125948,0,8,0,0,0,0,8928
125949,0,15,0,0,0,0,9068
125950,0,13,0,0,0,0,8995
125951,0,13,0,0,0,0,8996
125952,0,8,0,0,0,0,8124
125953,0,15,0,0,0,0,9995
125954,0,31,0,0,0,0,16378
125955,0,15,128,0,0,0,9489
125956,0,15,0,0,0,0,9146
125958,0,15,0,0,0,0,8401
125959,0,15,0,0,0,0,9966
125960,0,15,0,0,0,0,9968
125961,0,15,0,0,0,0,9970
125962,0,15,0,0,0,0,10145
125963,0,15,0,0,0,0,10179
125964,0,15,0,0,31756,0,9862
125965,0,15,0,0,0,0,8147
125966,0,15,0,0,0,0,8593
125967,0,15,0,0,0,0,9972
125969,0,31,0,0,0,0,9232
125971,0,8,0,0,0,0,8317
125973,0,8,0,0,0,0,17
125974,0,31,0,0,0,0,9095
125975,0,15,0,0,0,0,8800
125976,0,15,0,0,0,0,8802
125977,0,8,0,0,0,0,10220
125978,0,15,0,0,0,0,9783
125979,0,8,0,0,0,0,9839
125980,0,8,0,0,0,0,9841
125981,0,15,0,0,0,0,9573
125982,0,9,0,0,0,0,8352
125983,0,8,0,0,0,0,8925
125984,0,0,3,0,0,0,8152
125985,0,15,0,0,0,0,9616
125986,0,31,128,0,0,0,8153
125987,0,8,0,0,0,0,10219
125988,0,0,15367,0,0,0,16380
125989,0,15,0,0,0,0,9193
125990,0,15,0,0,97288,0,8288
125991,0,15,0,0,0,0,9771
125992,0,15,0,0,0,0,9613
125993,0,15,0,0,0,0,9974
125994,0,15,0,0,0,0,8089
125995,0,15,0,0,0,0,9993
125996,0,15,0,0,0,0,10215
125997,0,15,0,0,0,0,9852
125998,0,0,0,0,4,0,9632
126000,0,15,0,0,0,0,9954
126001,0,15,0,0,0,0,9933
126002,0,0,15366,0,0,0,8822
126004,0,15,0,0,0,0,8799
126005,0,15,0,0,0,0,7434
126007,0,8,0,0,0,0,8316
126009,0,8,0,0,0,0,9910
126010,0,15,0,0,0,0,9912
126011,0,15,0,0,0,0,8094
126012,0,15,0,0,0,0,8095
126013,0,15,2,0,0,0,9159
126014,0,31,0,0,0,0,9595
126015,0,31,0,0,0,0,9614
126016,0,8,0,0,0,0,8494
126017,0,15,0,0,0,0,8814
126018,0,15,0,0,0,0,8090
126019,0,15,0,0,0,0,8091
126020,0,15,0,0,0,0,8092
126021,0,15,0,0,0,0,9961
126022,0,31,128,0,0,0,10789
126023,0,15,0,0,0,0,10396
126024,0,0,0,0,4,0,10794
126025,0,15,0,0,0,0,10550
126026,0,8,0,0,0,0,10892
126027,0,8,0,0,0,0,10199
126028,0,31,128,0,0,0,10792
126029,0,8,0,0,0,0,10192
126031,0,15,0,0,0,0,10007
126033,0,15,0,0,0,0,10009
126035,0,15,0,0,0,0,10011
126036,0,15,0,0,0,0,10499
126037,0,15,0,0,0,0,9900
126038,0,15,0,0,0,0,9901
126039,0,15,0,0,31756,0,10797
126040,0,31,128,0,0,0,10799
126041,0,15,0,0,0,0,9207
126042,0,15,0,0,0,0,9208
126043,0,8,0,0,0,0,10898
126044,0,15,0,0,0,0,10324
126045,0,1,0,0,0,0,29051
126046,0,8,0,0,0,0,10900
126047,0,15,0,0,0,0,10621
126048,0,8,0,0,0,0,10191
126049,0,15,0,0,0,0,9875
126050,0,8,0,0,0,0,10957
126051,0,0,4121,0,0,0,10255
126052,0,8,0,0,0,0,10193
126053,0,0,15367,0,0,0,9976
126055,0,15,0,0,0,0,9195
126056,0,15,0,0,0,0,11147
126057,0,0,131,0,0,0,10800
126058,0,1,262272,0,0,0,10257
126059,0,13,0,0,0,0,9223
126060,0,13,0,0,0,0,9224
126061,0,31,0,0,0,0,10675
126062,0,31,0,0,0,0,10676
126063,0,31,0,0,0,0,10677
126064,0,31,0,0,0,0,10678
126065,0,31,0,0,0,0,10679
126066,0,0,0,0,15420,0,8989
126067,0,31,0,0,0,0,9055
126068,0,15,0,0,15404,0,10260
126069,0,15,0,0,0,0,10560
126071,0,31,128,0,0,0,10790
126072,0,15,0,0,0,0,10322
126073,0,15,0,0,0,0,8950
126074,0,15,0,0,0,0,7808
126075,0,15,0,0,0,0,662
126076,0,31,0,0,0,0,10710
126077,0,15,0,0,0,0,10841
126078,0,15,0,0,0,0,10516
126080,0,8,0,0,0,0,10201
126081,0,15,0,0,0,0,11132
126082,0,15,0,0,27692,0,10911
126083,0,8,0,0,0,0,10223
126085,0,9,0,0,0,0,26181
126086,0,9,0,0,0,0,9879
126087,0,15,0,0,0,0,9582
126088,0,15,0,0,0,0,10318
126089,0,8,0,0,0,0,10202
126090,0,8,0,0,0,0,10197
126091,0,15,0,0,0,0,9147
126092,0,15,0,0,0,0,10571
126093,0,15,0,0,0,0,10572
126095,0,15,0,0,0,0,10017
126096,0,15,0,0,0,0,10018
126097,0,8,0,0,0,0,8907
126098,0,31,0,0,0,0,10768
126099,0,15,0,0,0,0,10840
126100,0,31,128,0,0,0,10788
126101,0,15,0,0,15406,0,10345
126102,0,15,0,0,0,0,8368
126104,0,15,0,0,0,0,11131
126105,0,31,0,0,0,0,10720
126106,0,15,0,0,0,0,10149
126107,0,1,262272,0,0,0,10256
126108,0,4,0,0,0,0,10578
126110,0,15,0,0,31756,0,9863
126111,0,15,0,0,0,0,8100
126113,0,15,0,0,0,0,10150
126114,0,8,0,0,0,0,10958
126115,0,31,0,0,0,0,10869
126117,0,15,0,0,0,0,8101
126118,0,9,0,0,0,0,10348
126121,0,15,0,0,0,0,10013
126122,0,8,0,0,0,0,8910
126123,0,15,0,0,0,0,8940
126124,0,15,0,0,0,0,8941
126125,0,15,0,0,0,0,10487
126126,0,8,0,0,0,0,10156
126127,0,15,0,0,0,0,10518
126129,0,15,0,0,0,0,10574
126130,0,8,0,0,0,0,10899
126131,0,15,0,0,0,0,11647
126132,0,15,0,0,15420,0,11433
126133,0,15,0,0,0,0,12584
126134,0,15,0,0,0,0,10148
126135,0,15,0,0,0,0,10507
126137,0,15,0,0,0,0,10570
126138,0,8,0,0,0,0,120
126139,0,15,0,0,0,0,8402
126140,0,8,0,0,0,0,9840
126141,0,13,0,0,0,0,9008
126142,0,31,0,0,0,0,9010
126143,0,15,0,0,0,0,10963
126144,0,15,0,0,0,0,10964
126145,0,31,0,0,0,0,9461
126146,0,15,0,0,0,0,10165
126147,0,1,262272,0,0,0,10250
126152,0,8,0,0,0,0,10170
126153,0,31,0,0,0,0,10248
126155,0,15,0,0,0,0,10139
126157,0,0,262154,0,0,0,14915
126159,0,15,0,0,0,0,9918
126160,0,15,0,0,0,0,9921
126161,0,15,0,0,0,0,10253
126162,0,15,0,0,0,0,10267
126163,0,15,0,0,0,0,9273
126164,0,15,0,0,0,0,9916
126165,0,0,0,0,15404,0,10732
126166,0,8,0,0,0,0,9884
126167,0,15,0,0,0,0,10140
126168,0,15,0,0,0,0,10965
126169,0,8,0,0,0,0,9035
126170,0,31,0,0,0,0,9052
126171,0,5,0,0,0,0,12543
126172,0,9,0,0,0,0,9874
126173,0,15,0,0,0,0,10344
126178,0,15,0,0,0,0,9952
126179,0,15,0,0,0,0,9472
126180,0,15,0,0,0,0,9473
126181,0,15,0,0,0,0,9474
126183,0,15,0,0,0,0,12544
126184,0,8,0,0,0,0,11007
126185,0,31,0,0,0,0,10709
126186,0,15,0,0,0,0,10622
126187,0,8,0,0,0,0,9834
126188,0,9,0,0,0,0,8722
126191,0,15,0,0,0,0,10733
126192,0,15,0,0,0,0,10368
126193,0,9,0,0,0,0,10854
126194,0,15,0,0,0,0,10138
126195,0,15,0,0,0,0,10206
126196,0,15,0,0,0,0,10328
126197,0,15,0,0,0,0,10961
126198,0,31,0,0,0,0,10680
126199,0,15,0,0,0,0,11359
126200,0,8,0,0,0,0,10169
126204,0,15,0,0,0,0,10391
126205,0,15,0,0,0,0,10392
126206,0,15,0,0,0,0,10207
126207,0,15,0,0,0,0,9876
126208,0,31,0,0,0,0,10708
126209,0,15,0,0,0,0,9920
126210,0,31,0,0,0,0,10687
126211,0,31,0,0,0,0,10688
126212,0,8,0,0,0,0,9579
126213,0,8,0,0,0,0,10901
126214,0,15,0,0,0,0,9513
126215,0,31,0,0,0,0,10059
126216,0,15,0,0,0,0,12585
126217,0,15,0,0,0,0,9985
126218,0,15,0,0,0,0,9986
126219,0,15,0,0,0,0,9987
126220,0,15,0,0,0,0,9148
126221,0,15,0,0,0,0,9149
126222,0,15,0,0,0,0,9858
126225,0,15,0,0,0,0,705
126226,0,13,0,0,0,0,9222
126227,0,8,0,0,0,0,10952
126228,0,0,128,0,0,0,10770
126230,0,15,0,0,0,0,9072
126232,0,15,0,0,0,0,9074
126233,0,15,0,0,0,0,10098
126235,0,15,0,0,0,0,10509
126236,0,31,128,0,0,0,10787
126237,0,13,0,0,0,0,8712
126238,0,0,15367,0,0,0,11013
126239,0,31,0,0,0,0,10695
126240,0,15,8,0,0,0,10459
126241,0,31,0,0,0,0,10698
126242,0,31,0,0,0,0,10700
126243,0,15,0,0,0,0,9945
126244,0,31,0,0,0,0,10712
126245,0,8,0,0,0,0,10157
126246,0,8,0,0,0,0,9885
126247,0,15,0,0,0,0,9481
126250,0,31,0,0,0,0,10721
126251,0,15,0,0,0,0,10395
126252,0,15,0,0,0,0,10166
126253,0,15,0,0,0,0,10144
126254,0,15,0,0,0,0,9915
126255,0,1,0,0,0,0,9478
126258,0,15,0,0,0,0,10329
126259,0,13,0,0,0,0,10346
126260,0,8,0,0,0,0,10230
126261,0,31,0,0,0,0,10711
126263,0,15,0,0,0,0,11356
126264,0,31,0,0,0,0,12504
126265,0,15,0,0,0,0,10619
126266,0,8,0,0,0,0,11008
126267,0,15,0,0,0,0,11895
126268,0,9,0,0,0,0,11820
126269,0,15,8,0,0,0,11886
126270,0,15,0,0,0,0,10544
126271,0,15,0,0,0,0,11730
126272,0,9,0,0,0,0,11410
126274,0,15,0,0,0,0,11962
126275,0,0,128,0,0,0,10859
126276,0,15,0,0,0,0,11604
126277,0,15,0,0,0,0,11443
126278,0,15,8,0,0,0,11887
126279,0,15,8,0,0,0,11888
126280,0,15,8,0,0,0,11889
126281,0,14,0,0,0,0,11426
126282,0,15,0,0,0,0,12523
126283,0,15,0,0,0,0,11431
126284,0,8,0,0,0,0,11430
126285,0,15,0,0,0,0,11366
126286,0,31,0,0,0,0,11438
126287,0,15,0,0,0,0,10482
126288,0,8,0,0,0,0,10953
126289,0,31,128,0,0,0,10969
126290,0,15,0,0,0,0,10533
126291,0,15,0,0,0,0,10654
126292,0,15,0,0,0,0,11980
126293,0,15,0,0,0,0,11448
126294,0,15,0,0,0,0,11449
126295,0,15,0,0,0,0,12621
126296,0,15,0,0,0,0,10452
126297,0,15,0,0,0,0,11762
126298,0,15,0,0,0,0,11763
126299,0,15,0,0,0,0,11640
126300,0,15,0,0,0,0,12599
126301,0,15,0,0,0,0,10529
126302,0,15,0,0,0,0,12596
126303,0,15,0,0,0,0,12597
126304,0,15,0,0,0,0,11975
126305,0,15,0,0,0,0,11605
126306,0,0,0,0,27708,0,11446
126307,0,15,0,0,0,0,11447
126308,0,15,0,0,0,0,10946
126310,0,31,0,0,0,0,9082
126311,0,15,0,0,0,0,11209
126313,0,8,0,0,0,0,11009
126314,0,0,8,0,0,0,11878
126315,0,15,0,0,0,0,12619
126316,0,15,0,0,0,0,11350
126317,0,8,0,0,0,0,10941
126318,0,15,0,0,0,0,11342
126319,0,15,0,0,0,0,11341
126320,0,15,0,0,31788,0,11990
126321,0,13,0,0,0,0,11899
126322,0,15,0,0,0,0,9070
126325,0,15,0,0,31756,0,11684
126326,0,15,0,0,0,0,11758
126327,0,15,0,0,0,0,11759
126328,0,8,0,0,0,0,10938
126329,0,15,0,0,0,0,10205
126331,0,31,0,0,0,0,10706
126332,0,31,0,0,0,0,11545
126333,0,8,0,0,0,0,10942
126336,0,15,0,0,0,0,12048
126337,0,15,0,0,0,0,12551
126339,0,15,0,0,0,0,10564
126340,0,15,0,0,0,0,11459
126342,0,15,0,0,0,0,11399
126343,0,15,0,0,0,0,11203
126344,0,15,0,0,0,0,11371
126345,0,31,0,0,0,0,11512
126346,0,15,0,0,10242,0,11513
126347,0,9,0,0,0,0,11515
126348,0,15,0,0,0,0,11452
126350,0,15,0,0,0,0,11892
126353,0,15,2,0,0,0,11444
126354,0,15,0,0,0,0,11760
126355,0,15,0,0,0,0,11985
126356,0,15,0,0,0,0,11757
126357,0,8,0,0,0,0,11129
126358,0,15,0,0,0,0,11761
126359,0,15,0,0,0,0,12354
126360,0,15,8,0,0,0,11885
126361,0,15,0,0,0,0,10632
126362,0,15,8,0,0,0,10617
126363,0,15,0,0,0,0,10605
126364,0,31,128,0,0,0,10796
126366,0,15,0,0,0,0,10630
126368,0,15,0,0,0,0,11017
126370,0,31,0,0,0,0,10715
126371,0,8,0,0,0,0,10273
126372,0,8,0,0,0,0,10927
126373,0,15,0,0,0,0,10490
126375,0,8,0,0,0,0,10274
126376,0,0,2,0,15374,0,10839
126377,0,15,0,0,0,0,10525
126378,0,31,0,0,0,0,11434
126379,0,8,0,0,0,0,10928
126381,0,15,0,0,0,0,10650
126382,0,8,0,0,0,0,10894
126383,0,15,0,0,0,0,11641
126384,0,15,0,0,0,0,11643
126385,0,31,128,0,0,0,10795
126386,0,15,0,0,0,0,12542
126388,0,15,0,0,0,0,10874
126389,0,31,128,0,0,0,10873
126390,0,15,0,0,0,0,10875
126391,0,31,0,0,0,0,10682
126392,0,31,0,0,0,0,10686
126393,0,15,0,0,0,0,11343
126394,0,15,0,0,0,0,11466
126395,0,31,0,0,0,0,10683
126396,0,15,0,0,0,0,10511
126397,0,31,0,0,0,0,10713
126398,0,31,0,0,0,0,10714
126400,0,8,0,0,0,0,11739
126401,0,31,0,0,0,0,11365
126402,0,31,0,0,0,0,10674
126403,0,15,0,0,0,0,12622
126404,0,15,0,0,27692,0,10912
126406,0,9,0,0,31772,0,10909
126410,0,8,0,0,0,0,11733
126411,0,31,0,0,0,0,10701
126412,0,15,0,0,0,0,10881
126413,0,15,0,0,0,0,10467
126414,0,15,2,0,0,0,10955
126416,0,31,0,0,0,0,10702
126417,0,31,0,0,0,0,10703
126418,0,31,0,0,0,0,10704
126419,0,31,0,0,0,0,10681
126420,0,15,0,0,0,0,10468
126421,0,15,0,0,0,0,10556
126422,0,31,0,0,0,0,10684
126423,0,31,0,0,0,0,10685
126424,0,8,0,0,0,0,10888
126425,0,31,0,0,0,0,11802
126426,0,15,0,0,0,0,10947
126427,0,15,0,0,0,0,11202
126428,0,15,0,0,0,0,10558
126429,0,15,0,0,0,0,11436
126430,0,31,0,0,0,0,11437
126431,0,31,0,0,0,0,11417
126432,0,15,0,0,0,0,10326
126433,0,15,0,0,10242,0,11637
126434,0,15,0,0,0,0,11639
126435,0,31,0,0,0,0,10718
126436,0,31,0,0,0,0,10719
126437,0,31,0,0,0,0,12243
126438,0,31,0,0,0,0,10673
126439,0,15,0,0,0,0,11981
126440,0,15,0,0,0,0,11391
126441,0,31,0,0,0,0,11402
126442,0,15,0,0,0,0,10623
126443,0,15,0,0,0,0,11014
126444,0,31,0,0,0,0,11016
126445,0,15,0,0,0,0,10466
126446,0,8,0,0,0,0,702
126447,0,8,0,0,0,0,11743
126448,0,15,0,0,0,0,10561
126449,0,15,0,0,0,0,10562
126450,0,15,0,0,0,0,10531
126451,0,31,0,0,0,0,10837
126452,0,0,2,0,15374,0,10838
126453,0,8,0,0,0,0,10929
126454,0,15,0,0,0,0,10915
126455,0,15,0,0,0,0,10916
126456,0,31,0,0,0,0,11418
126457,0,31,0,0,0,0,11419
126458,0,15,0,0,0,0,11204
126459,0,31,128,0,0,0,10798
126460,0,15,0,0,0,0,10933
126461,0,15,0,0,0,0,10651
126462,0,15,0,0,0,0,10546
126463,0,15,0,0,0,0,10554
126464,0,15,0,0,0,0,10277
126465,0,15,0,0,0,0,10917
126467,0,15,0,0,0,0,10568
126468,0,13,80899,0,0,0,11392
126469,0,15,0,0,0,0,10542
126471,0,15,0,0,0,0,10005
126472,0,15,0,0,0,0,10880
126473,0,0,15367,0,0,0,10849
126474,0,31,0,0,0,0,10850
126475,0,15,0,0,0,0,11021
126476,0,12,0,0,0,0,12472
126477,0,15,0,0,0,0,10876
126478,0,31,0,0,0,0,10716
126479,0,31,0,0,0,0,10717
126480,0,15,0,0,0,0,10934
126482,0,15,0,0,0,0,10844
126483,0,15,0,0,0,0,12620
126485,0,15,0,0,0,0,10548
126486,0,15,0,0,0,0,10520
126487,0,8,0,0,0,0,10890
126488,0,31,0,0,0,0,10738
126490,0,8,0,0,0,0,10893
126491,0,31,128,0,0,0,10793
126492,0,15,0,0,0,0,10960
126493,0,15,0,0,0,0,10653
126494,0,15,0,0,0,0,10552
126495,0,31,0,0,0,0,12253
126496,0,8,0,0,0,0,11712
126497,0,15,0,0,0,0,12056
126498,0,31,0,0,0,0,12699
126499,0,15,0,0,0,0,15664
126500,0,15,0,0,0,0,12746
126502,0,31,0,0,0,0,11525
126503,0,15,0,0,0,0,12903
126504,0,15,0,0,10242,0,15698
126505,0,15,0,0,0,0,12085
126506,0,15,0,0,0,0,12087
126507,0,15,0,0,0,0,12089
126508,0,15,0,0,0,0,12090
126509,0,31,0,0,0,0,12710
126510,0,31,0,0,0,0,15647
126511,0,15,0,0,0,0,12720
126512,0,8,0,0,0,0,11711
126513,0,15,0,0,0,0,12068
126514,0,15,0,0,0,0,12069
126515,0,0,2,0,0,0,12540
126517,0,15,0,0,0,0,29467
126518,0,15,0,0,0,0,12806
126520,0,15,0,0,0,0,12064
126521,0,15,0,0,0,0,12065
126522,0,15,0,0,0,0,12259
126523,0,15,0,0,0,0,12091
126524,0,15,0,0,0,0,12586
126525,0,15,0,0,0,0,12675
126526,0,15,0,0,0,0,12591
126527,0,15,128,0,0,0,12684
126528,0,15,0,0,0,0,12081
126529,0,15,0,0,0,0,12088
126530,0,31,0,0,0,0,12304
126531,0,15,0,0,0,0,12070
126532,0,15,0,0,31756,0,11703
126533,0,15,0,0,0,0,11458
126534,0,15,0,0,0,0,11642
126535,0,0,131,0,0,0,10801
126536,0,8,0,0,0,0,10937
126537,0,15,0,0,0,0,12248
126538,0,15,0,0,0,0,12529
126539,0,8,0,0,0,0,11387
126540,0,9,0,0,0,0,12420
126541,0,15,0,0,0,0,11725
126542,0,31,0,0,0,0,10696
126543,0,15,0,0,0,0,15646
126544,0,31,0,0,0,0,12735
126545,0,15,0,0,0,0,12737
126546,0,15,0,0,0,0,12739
126547,0,15,0,0,0,0,11729
126548,0,31,0,0,0,0,10697
126549,0,31,0,0,0,0,10699
126550,0,0,128,0,0,0,10772
126554,0,15,0,0,0,0,11988
126555,0,15,0,0,0,0,11450
126556,0,15,0,0,0,0,11451
126557,0,15,0,0,0,0,10001
126559,0,15,0,0,0,0,10003
126560,0,15,0,0,0,0,10945
126561,0,15,0,0,0,0,11453
126562,0,15,0,0,0,0,11454
126563,0,15,0,0,0,0,11456
126567,0,15,0,0,0,0,12674
126568,0,15,0,0,0,0,11671
126569,0,15,0,0,0,0,12758
126570,0,31,0,0,0,0,11479
126571,0,15,0,0,0,0,12055
126572,0,15,15372,0,31756,0,11678
126573,0,15,0,0,0,0,17181
126574,0,15,0,0,0,0,12066
126575,0,15,0,0,0,0,12082
126577,0,15,0,0,0,0,12167
126578,0,31,0,0,0,0,11993
126579,0,15,2,0,0,0,12098
126580,0,15,0,0,0,0,20791
126581,0,0,0,0,15404,0,13278
126582,0,15,0,0,0,0,12900
126584,0,15,0,0,31756,0,11683
126585,0,8,0,0,0,0,11713
126586,0,15,0,0,0,0,12805
126587,0,15,0,0,0,0,11595
126588,0,15,0,0,0,0,12760
126590,0,15,0,0,0,0,12176
126591,0,15,0,0,0,0,12083
126592,0,15,0,0,0,0,12084
126595,0,8,0,0,0,0,11629
126596,0,15,0,0,0,0,12468
126597,0,15,0,0,0,0,11445
126598,0,15,0,0,0,0,12603
126601,0,9,0,0,0,0,12642
126604,0,15,0,0,0,0,12524
126605,0,15,0,0,0,0,12718
126606,0,8,0,0,0,0,11708
126608,0,15,0,0,15420,0,11403
126609,0,15,0,0,0,0,11986
126610,0,8,0,0,0,0,11740
126611,0,8,0,0,0,0,11734
126612,0,8,0,0,0,0,11735
126613,0,15,0,0,0,0,11665
126614,0,15,0,0,0,0,11836
126618,0,15,0,0,0,0,12062
126619,0,15,0,0,0,0,11397
126620,0,15,0,0,0,0,12522
126621,0,15,0,0,0,0,11472
126622,0,15,0,0,0,0,10647
126623,0,15,0,0,0,0,12471
126624,0,8,0,0,0,0,11770
126625,0,31,0,0,0,0,11537
126626,0,15,0,0,0,0,12050
126627,0,15,0,0,0,0,12179
126628,0,15,0,0,0,0,11660
126629,0,15,0,0,0,0,11465
126630,0,1,0,0,31756,0,12051
126631,0,15,0,0,0,0,11473
126632,0,31,0,0,0,0,11840
126633,0,15,0,0,0,0,12086
126634,0,15,0,0,0,0,11661
126635,0,15,0,0,0,0,11667
126636,0,15,0,0,0,0,11668
126637,0,15,0,0,0,0,12096
126638,0,15,0,0,0,0,12589
126639,0,15,0,0,0,0,12590
126640,0,15,0,0,0,0,12614
126641,0,8,0,0,0,0,12667
126642,0,31,0,0,0,0,11416
126643,0,15,0,0,0,0,10566
126644,0,15,0,0,0,0,11659
126645,0,15,0,0,0,0,12587
126646,0,15,0,0,0,0,11672
126647,0,15,0,0,0,0,11358
126648,0,9,0,0,0,0,11082
126649,0,15,0,0,0,0,11460
126650,0,15,0,0,0,0,11461
126651,0,15,0,0,31756,0,11694
126652,0,15,0,0,31756,0,11695
126653,0,15,15372,0,31756,0,11677
126654,0,15,0,0,0,0,11538
126655,0,15,0,0,0,0,11726
126656,0,15,0,0,0,0,11478
126659,0,15,0,0,0,0,11464
126660,0,15,0,0,31756,0,11693
126661,0,15,0,0,0,0,12174
126662,0,15,0,0,0,0,12177
126663,0,15,0,0,0,0,12505
126664,0,8,0,0,0,0,11688
126665,0,15,0,0,0,0,11340
126666,0,8,0,0,0,0,11689
126667,0,8,0,0,0,0,11771
126668,0,0,131072,0,0,0,13159
126669,0,15,8,0,0,0,11610
126670,0,15,0,0,0,0,12491
126671,0,15,0,0,0,0,12492
126672,0,1,0,0,0,0,13142
126674,0,0,15367,0,0,0,11327
126675,0,15,15373,0,0,0,11548
126676,0,31,0,0,0,0,10707
126677,0,15,0,0,31756,0,11704
126678,0,15,0,0,0,0,11205
126679,0,15,4126,0,15406,0,11206
126680,0,15,0,0,0,0,11355
126681,0,15,0,0,0,0,11357
126682,0,15,0,0,0,0,12525
126683,0,15,0,0,0,0,12526
126684,0,31,0,0,0,0,11547
126685,0,9,0,0,0,0,12671
126686,0,8,0,0,0,0,11687
126688,0,31,0,0,0,0,11535
126689,0,15,0,0,0,0,12063
126691,0,15,0,0,0,0,12460
126692,0,15,0,0,0,0,12466
126693,0,5,0,0,0,0,11826
126694,0,15,0,0,0,0,11829
126695,0,15,0,0,0,0,11831
126696,0,15,0,0,0,0,11835
126697,0,15,0,0,0,0,11923
126698,0,15,0,0,0,0,20793
126699,0,15,0,0,0,0,12175
126700,0,15,0,0,97288,0,11675
126702,0,15,0,0,0,0,11963
126703,0,31,0,0,0,0,10705
126704,0,8,0,0,0,0,11717
126705,0,15,15373,0,0,0,12189
126706,0,31,0,0,0,0,11480
126707,0,31,4127,0,4127,0,13236
126708,0,12,0,0,0,0,12043
126709,0,15,0,0,0,0,12045
126710,0,15,0,0,0,0,12046
126711,0,15,0,0,0,0,12047
126712,0,15,0,0,0,0,12049
126713,0,15,0,0,0,0,12052
126717,0,15,0,0,0,0,12255
126720,0,15,0,0,0,0,11654
126721,0,15,0,0,0,0,11839
126722,0,0,4127,0,4127,0,12508
126724,0,8,0,0,0,0,11707
126725,0,15,0,0,0,0,12178
126726,0,15,0,0,0,0,12902
126727,0,15,0,0,0,0,12748
126728,0,15,0,0,0,0,12802
126729,0,15,0,0,0,0,15628
126730,0,15,0,0,0,0,12890
126731,0,15,0,0,0,0,12905
126732,0,15,0,0,0,0,12808
126733,0,15,0,0,0,0,13361
126734,0,0,2,0,0,0,13579
126735,0,15,0,0,0,0,12615
126736,0,15,0,0,0,0,13631
126738,0,1,0,0,0,0,12946
126742,0,15,0,0,0,0,13695
126743,0,15,0,0,0,0,13522
126745,0,14,0,0,0,0,13032
126746,0,14,0,0,0,0,13033
126752,0,15,0,0,0,0,12092
126754,0,31,0,0,0,0,12151
126756,0,15,0,0,0,0,12899
126757,0,0,36996,0,0,0,12565
126758,0,15,0,0,0,0,13225
126759,0,15,0,0,0,0,12075
126763,0,15,0,0,0,0,13529
126764,0,31,0,0,0,0,13583
126765,0,15,0,0,0,0,13935
126767,0,15,0,0,0,0,13887
126768,0,13,0,0,0,0,12198
126769,0,0,4718592,0,0,0,12939
126770,0,15,0,0,0,0,13646
126771,0,0,36996,0,0,0,12566
126772,0,31,0,0,0,0,12998
126773,0,31,0,0,0,0,13262
126774,0,15,0,0,0,0,13620
126775,0,15,0,0,0,0,13628
126778,0,15,0,0,0,0,13226
126780,0,15,0,0,0,0,13622
126782,0,0,0,0,31788,0,13493
126783,0,15,0,0,0,0,13648
126785,0,15,0,0,0,0,13322
126786,0,8,0,0,0,0,11719
126787,0,0,15367,0,0,0,11329
126788,0,31,0,0,0,0,11420
126789,0,5,0,0,0,0,12562
126790,0,0,36996,0,0,0,12568
126791,0,15,0,0,0,0,19072
126792,0,13,0,0,0,0,14515
126798,0,15,0,0,0,0,11467
126799,0,15,0,0,0,0,11468
126800,0,15,0,0,0,0,12061
126801,0,0,0,0,15372,0,13183
126802,0,8,0,0,0,0,13896
126803,0,15,0,0,0,0,13890
126804,0,15,0,0,0,0,13905
126805,0,15,0,0,0,0,12742
126806,0,15,2,0,0,0,13323
126809,0,5,0,0,0,0,12421
126810,0,8,0,0,0,0,12458
126811,0,0,36996,0,0,0,12567
126815,0,15,0,0,0,0,12754
126816,0,15,0,0,0,0,13498
126818,0,15,0,0,0,0,13501
126820,0,15,0,0,0,0,12459
126821,0,1,0,0,0,0,12885
126822,0,8,0,0,0,0,13326
126824,0,15,0,0,0,0,12907
126826,0,15,0,0,0,0,13380
126827,0,15,0,0,0,0,12001
126828,0,15,0,0,0,0,13503
126830,0,15,0,0,0,0,12906
126831,0,31,0,0,0,0,14292
126833,0,15,0,0,0,0,12077
126834,0,15,0,0,0,0,12078
126835,0,31,0,0,0,0,13564
126836,0,31,0,0,0,0,13565
126837,0,8,0,0,0,0,10161
126838,0,15,0,0,0,0,12080
126839,0,15,0,0,0,0,12072
126840,0,15,0,0,0,0,12073
126841,0,15,0,0,0,0,13938
126842,0,15,0,0,0,0,13939
126845,0,15,0,0,0,0,12079
126846,0,15,0,0,0,0,12067
126847,0,31,0,0,0,0,12655
126848,0,15,15373,0,0,0,12199
126849,0,15,0,0,0,0,10097
126850,0,15,0,0,0,0,12908
126853,0,15,0,0,0,0,12897
126854,0,15,0,0,0,0,13378
126855,0,15,524290,0,0,0,12826
126856,0,15,0,0,0,0,12143
126857,0,15,0,0,0,0,12609
126858,0,15,0,0,0,0,13321
126861,0,1,703501,0,8,0,12883
126862,0,15,0,0,0,0,13229
126863,0,9,0,0,0,0,13237
126864,0,13,0,0,0,0,12258
126865,0,15,0,0,0,0,11477
126866,0,15,524290,0,0,0,12824
126867,0,15,0,0,0,0,20794
126868,0,8,0,0,0,0,20795
126870,0,1,0,0,0,0,12740
126871,0,15,0,0,0,0,12058
126872,0,0,2,0,0,0,11286
126873,0,15,0,0,0,0,12624
126874,0,0,2,0,0,0,11285
126881,0,15,0,0,0,0,12093
126883,0,15,0,0,0,0,12260
126884,0,9,0,0,0,0,12549
126885,0,15,0,0,31756,0,11699
126886,0,15,0,0,0,0,12685
126887,0,15,0,0,0,0,12594
126888,0,0,2,0,0,0,11297
126889,0,15,0,0,0,0,12280
126891,0,15,0,0,0,0,12595
126892,0,15,0,0,0,0,13227
126893,0,15,0,0,0,0,13140
126894,0,0,8,0,8,0,12380
126895,0,15,0,0,0,0,13028
126898,0,15,0,0,0,0,13582
126899,0,31,0,0,0,0,12528
126900,0,15,0,0,0,0,14379
126901,0,15,0,0,0,0,14380
126905,0,15,0,0,10242,0,12709
126907,0,15,0,0,0,0,12074
126908,0,15,0,0,0,0,12076
126909,0,15,0,0,10242,0,15699
126910,0,9,0,0,0,0,12670
126911,0,15,0,0,0,0,14210
126912,0,15,0,0,0,0,11338
126913,0,15,0,0,0,0,13612
126914,0,31,0,0,0,0,15648
126915,0,15,0,0,0,0,15649
126916,0,15,80899,0,0,0,12845
126919,0,15,0,0,0,0,15633
126922,0,15,0,0,0,0,13635
126924,0,15,0,0,0,0,12607
126926,0,15,0,0,0,0,11400
126927,0,15,0,0,0,0,12160
126928,0,15,0,0,31756,0,11700
126929,0,15,0,0,0,0,12071
126931,0,31,0,0,0,0,12346
126932,0,15,0,0,15406,0,13951
126933,0,8,0,0,0,0,13342
126934,0,31,0,0,0,0,11792
126935,0,31,0,0,0,0,11528
126936,0,8,0,0,0,0,13424
126937,0,15,0,0,0,0,15654
126939,0,15,0,0,0,0,12738
126940,0,15,0,0,0,0,20797
126941,0,15,0,0,0,0,12617
126942,0,15,0,0,0,0,12618
126943,0,1,0,0,0,0,13044
126944,0,15,0,0,0,0,11476
126945,0,15,0,0,0,0,13228
126946,0,8,0,0,0,0,28608
126947,0,14,0,0,0,0,13031
126948,0,0,15367,0,0,0,12332
126949,0,15,0,0,0,0,12493
126950,0,15,0,0,0,0,11339
126951,0,15,0,0,0,0,12616
126952,0,15,0,0,0,0,15653
126953,0,15,0,0,0,0,13230
126954,0,8,0,0,0,0,28609
126955,0,15,0,0,0,0,13362
126956,0,15,0,0,0,0,15668
126959,0,0,2,0,0,0,13327
126960,0,8,0,0,0,0,13339
126961,0,8,0,0,0,0,13340
126962,0,0,4127,0,4127,0,13540
126963,0,15,0,0,0,0,13399
126964,0,8,0,0,0,0,13787
126965,0,15,0,0,0,0,13841
126966,0,15,0,0,0,0,13815
126967,0,9,0,0,31756,0,13543
126968,0,15,0,0,0,0,13607
126969,0,15,0,0,0,0,13941
126970,0,15,0,0,0,0,13419
126972,0,15,0,0,0,0,13626
126973,0,1,0,0,0,0,13809
126974,0,15,0,0,0,0,13817
126975,0,15,0,0,0,0,13485
126976,0,9,0,0,0,0,13608
126978,0,1,0,0,0,0,13461
126979,0,15,0,0,0,0,13464
126980,0,15,0,0,0,0,13421
126981,0,15,0,0,0,0,13947
126983,0,15,0,0,0,0,13661
126984,0,15,128,0,0,0,13819
126985,0,31,0,0,0,0,13548
126986,0,15,0,0,0,0,12053
126988,0,15,0,0,0,0,15261
126989,0,15,0,0,0,0,12895
126990,0,15,0,0,0,0,12059
126991,0,15,0,0,0,0,12060
126993,0,15,0,0,0,0,13632
126994,0,15,0,0,0,0,15264
126995,0,8,0,0,0,0,14875
126996,0,1,0,0,0,0,14316
126997,0,15,0,0,0,0,13822
126998,0,15,0,0,0,0,13497
127001,0,0,128,0,0,0,13965
127002,0,15,0,0,0,0,15207
127003,0,15,0,0,10242,0,13982
127004,0,15,0,0,0,0,14326
127005,0,15,0,0,0,0,15263
127006,0,15,0,0,0,0,13898
127007,0,15,0,0,0,0,13899
127008,0,15,0,0,0,0,14327
127009,0,15,0,0,0,0,13794
127010,0,15,128,0,0,0,14008
127011,0,15,0,0,0,0,15659
127012,0,15,0,0,0,0,13663
127013,0,15,0,0,0,0,13836
127014,0,8,0,0,0,0,14868
127015,0,15,0,0,0,0,13933
127017,0,15,0,0,0,0,13745
127018,0,15,0,0,0,0,13900
127019,0,8,0,0,0,0,13752
127020,0,15,0,0,0,0,13952
127021,0,15,0,0,0,0,13700
127022,0,9,0,0,31756,0,13544
127023,0,1,0,0,0,0,13813
127024,0,15,0,0,0,0,14887
127025,0,15,0,0,0,0,13687
127026,0,9,0,0,15420,0,13736
127027,0,15,0,0,0,0,13375
127029,0,15,0,0,0,0,13740
127030,0,1,0,0,0,0,13795
127031,0,1,0,0,0,0,13954
127032,0,15,0,0,0,0,13536
127034,0,15,0,0,0,0,13917
127035,0,1,0,0,0,0,14310
127036,0,15,0,0,0,0,12980
127037,0,15,0,0,0,0,12745
127039,0,15,0,0,0,0,12904
127042,0,15,0,0,0,0,13943
127044,0,15,0,0,0,0,12722
127047,0,15,0,0,0,0,13538
127048,0,15,0,0,0,0,13539
127049,0,31,0,0,0,0,13487
127050,0,8,0,0,0,0,592
127051,0,15,0,0,0,0,13931
127053,0,15,0,0,0,0,13945
127057,0,8,0,0,0,0,13908
127058,0,15,0,0,0,0,13637
127059,0,15,0,0,0,0,13901
127060,0,31,0,0,0,0,13478
127062,0,1,0,0,0,0,14303
127063,0,15,0,0,0,0,13878
127065,0,15,0,0,0,0,13630
127066,0,9,0,0,0,0,15094
127067,0,0,2,0,0,0,14309
127068,0,9,0,0,31756,0,14294
127069,0,15,0,0,0,0,6084
127070,0,31,0,0,0,0,8139
127072,0,0,2,0,0,0,14308
127073,0,15,0,0,0,0,13219
127076,0,1,0,0,0,0,14311
127078,0,15,0,0,0,0,13465
127079,0,8,0,0,0,0,13374
127080,0,15,0,0,0,0,13640
127081,0,15,524290,0,0,0,118
127084,0,1,0,0,0,0,14304
127085,0,9,0,0,0,0,14030
127088,0,15,0,0,0,0,12716
127089,0,15,0,0,0,0,12755
127090,0,15,0,0,0,0,12759
127091,0,15,0,0,0,0,12768
127092,0,15,0,0,0,0,13398
127095,0,15,0,0,0,0,13693
127097,0,15,0,0,0,0,13701
127098,0,15,0,0,0,0,13220
127100,0,15,0,0,0,0,13689
127102,0,15,524290,0,0,0,12825
127103,0,15,0,0,0,0,13642
127105,0,9,0,0,0,0,12747
127106,0,15,0,0,0,0,13240
127107,0,8,0,0,0,0,14145
127108,0,15,0,0,0,0,13915
127109,0,15,0,0,0,0,14146
127110,0,8,0,0,0,0,13341
127111,0,15,0,0,0,0,13692
127112,0,8,0,0,0,0,15655
127113,0,15,0,0,0,0,13895
127114,0,9,0,0,31756,0,13542
127118,0,15,0,0,0,0,12715
127120,0,31,0,0,0,0,13978
127121,0,1,0,0,0,0,14305
127122,0,15,0,0,0,0,14209
127123,0,15,0,0,0,0,12717
127124,0,15,0,0,0,0,13846
127125,0,1,0,0,0,0,14302
127126,0,0,4127,0,4127,0,12623
127127,0,15,0,0,0,0,14227
127128,0,15,0,0,0,0,12719
127129,0,15,0,0,0,0,13617
127131,0,15,0,0,0,0,12741
127132,0,15,0,0,0,0,13937
127134,0,15,0,0,0,0,13644
127136,0,31,0,0,0,0,16600
127137,0,8,0,0,0,0,15570
127138,0,31,0,0,0,0,15049
127139,0,15,0,0,0,0,14033
127140,0,8,0,0,0,0,15229
127141,0,15,0,0,0,0,14034
127142,0,31,0,0,0,0,15187
127143,0,15,0,0,0,0,15117
127144,0,15,0,0,0,0,15118
127145,0,15,0,0,0,0,15119
127147,0,15,0,0,0,0,15402
127148,0,15,0,0,0,0,18809
127149,0,15,2,0,0,0,14621
127150,0,8,0,0,0,0,14514
127152,0,1,0,0,0,0,28614
127153,0,1,0,0,0,0,28615
127154,0,31,0,0,0,0,15048
127155,0,0,2,0,0,0,15398
127156,0,0,4121,0,0,0,14775
127157,0,15,0,0,0,0,15397
127158,0,15,0,0,0,0,15549
127159,0,31,0,0,0,0,16599
127160,0,15,0,0,0,0,15208
127161,0,15,0,0,0,0,15114
127162,0,0,0,0,31788,0,16603
127163,0,15,0,0,0,0,14907
127165,0,15,0,0,0,0,28612
127166,0,15,0,0,0,0,15588
127167,0,15,0,0,0,0,14797
127169,0,0,3,0,0,0,15055
127170,0,0,48159,0,0,0,15056
127171,0,15,0,0,0,0,15253
127172,0,15,0,0,0,0,15255
127173,0,31,0,0,0,0,16598
127174,0,0,3,0,0,0,14888
127175,0,15,0,0,0,0,14894
127176,0,15,0,0,0,0,14930
127177,0,15,0,0,0,0,14932
127178,0,8,0,0,0,0,15237
127179,0,15,0,0,0,0,15238
127180,0,15,0,0,0,0,15128
127181,0,0,3,0,0,0,15054
127182,0,15,0,0,0,0,15575
127183,0,15,0,0,0,0,25263
127185,0,15,0,0,0,0,13882
127187,0,15,0,0,0,0,15400
127188,0,8,0,0,0,0,15574
127189,0,15,0,0,0,0,15254
127190,0,8,0,0,0,0,13864
127191,0,31,0,0,0,0,15211
127192,0,15,0,0,0,0,13702
127193,0,8,0,0,0,0,13704
127194,0,15,0,0,0,0,13739
127196,0,15,0,0,0,0,14032
127197,0,15,0,0,0,0,14900
127198,0,15,0,0,0,0,14810
127199,0,15,0,0,0,0,13746
127200,0,15,0,0,0,0,13747
127204,0,15,0,0,0,0,13860
127205,0,31,0,0,0,0,13714
127206,0,15,0,0,0,0,14871
127207,0,15,0,0,0,0,13653
127209,0,15,0,0,0,0,13655
127211,0,15,0,0,0,0,14807
127213,0,15,0,0,0,0,15265
127214,0,31,0,0,0,0,15065
127215,0,15,128,0,0,0,15066
127216,0,31,0,0,0,0,15067
127217,0,15,0,0,0,0,14809
127218,0,15,0,0,0,0,13748
127220,0,8,0,0,0,0,14253
127222,0,8,0,0,0,0,28610
127223,0,15,0,0,0,0,13858
127226,0,31,0,0,0,0,14199
127227,0,15,0,0,0,0,15043
127228,0,8,0,0,0,0,15044
127229,0,31,0,0,0,0,30225
127230,0,15,0,0,0,0,14250
127231,0,15,0,0,0,0,15394
127232,0,15,0,0,0,0,15245
127233,0,15,8,0,0,0,14804
127235,0,31,0,0,0,0,15033
127236,0,15,0,0,0,0,15063
127237,0,15,0,0,0,0,14891
127238,0,15,0,0,0,0,15497
127239,0,15,0,0,0,0,15801
127240,0,15,0,0,0,0,15451
127241,0,31,0,0,0,0,14125
127242,0,15,0,0,0,0,16419
127243,0,15,0,0,0,0,15784
127244,0,15,0,0,31788,0,16005
127246,0,8,0,0,0,0,15700
127247,0,15,0,0,0,0,15973
127248,0,15,0,0,0,0,15974
127249,0,15,0,0,0,0,15975
127250,0,8,0,0,0,0,15791
127251,0,15,0,0,0,0,13948
127252,0,1,0,0,0,0,14317
127253,0,15,0,0,0,0,17273
127254,0,0,128,0,0,0,16474
127255,0,8,0,0,0,0,15279
127256,0,15,0,0,0,0,15283
127257,0,31,0,0,0,0,15734
127259,0,15,0,0,0,0,15234
127260,0,0,3,0,0,0,16122
127261,0,15,0,0,0,0,15531
127262,0,15,0,0,0,0,15532
127263,0,0,4121,0,0,0,15533
127264,0,15,0,0,0,0,15242
127265,0,15,2,0,0,0,15970
127266,0,15,0,0,0,0,16613
127267,0,15,0,0,0,0,16614
127268,0,15,2,0,0,0,15534
127269,0,15,0,0,0,0,15906
127270,0,15,0,0,0,0,15340
127271,0,15,0,0,0,0,7807
127273,0,8,0,0,0,0,16537
127274,0,9,0,0,0,0,15057
127275,0,15,0,0,0,0,13868
127276,0,15,0,0,0,0,13657
127279,0,15,0,0,0,0,13659
127280,0,1,0,0,0,0,14296
127281,0,0,277535,0,0,0,16093
127283,0,15,4126,0,15406,0,16532
127284,0,8,4194304,0,0,0,15366
127285,0,15,0,0,0,0,16006
127287,0,15,0,0,0,0,13698
127288,0,15,0,0,0,0,13699
127289,0,8,0,0,0,0,15122
127290,0,8,0,0,0,0,15798
127291,0,15,0,0,0,0,15800
127292,0,15,0,0,0,0,13633
127294,0,15,0,0,0,0,16033
127295,0,15,0,0,0,0,16097
127296,0,31,0,0,0,0,16247
127297,0,15,0,0,0,0,16249
127298,0,15,0,0,0,0,15266
127299,0,15,0,0,0,0,15267
127301,0,15,0,0,0,0,15124
127302,0,31,0,0,0,0,16007
127303,0,15,0,0,0,0,15095
127304,0,15,15373,0,0,0,16031
127306,0,15,0,0,0,0,16001
127307,0,0,256,0,0,0,16455
127308,0,15,0,0,0,0,15728
127309,0,15,0,0,0,0,15730
127310,0,15,0,0,0,0,14200
127311,0,9,0,0,0,0,14443
127312,0,8,0,0,0,0,15729
127313,0,7,0,0,0,0,16629
127314,0,15,0,0,0,0,13857
127315,0,9,0,0,31756,0,14295
127316,0,15,0,0,0,0,15548
127317,0,15,0,0,31788,0,16568
127318,0,8,0,0,0,0,16070
127319,0,15,0,0,0,0,15586
127320,0,15,0,0,0,0,15587
127321,0,9,0,0,0,0,15125
127322,0,15,0,0,0,0,15537
127323,0,8,0,0,0,0,15288
127324,0,15,0,0,0,0,15391
127325,0,15,130,0,0,0,15822
127326,0,31,128,0,0,0,15780
127327,0,8,0,0,0,0,15090
127328,0,15,0,0,0,0,15293
127331,0,15,0,0,0,0,15743
127332,0,15,0,0,0,0,15536
127334,0,31,0,0,0,0,16596
127335,0,15,0,0,0,0,16619
127336,0,9,0,0,0,0,15611
127337,0,9,0,0,0,0,15612
127338,0,15,0,0,0,0,15231
127339,0,15,0,0,0,0,15232
127340,0,15,0,0,0,0,1540
127341,0,15,0,0,0,0,15299
127342,0,15,0,0,0,0,7162
127343,0,15,0,0,0,0,16564
127344,0,8,0,0,0,0,15431
127345,0,15,0,0,0,0,15230
127346,0,15,0,0,0,0,15294
127347,0,15,0,0,0,0,14534
127348,0,15,0,0,0,0,15585
127349,0,31,0,0,0,0,17432
127350,0,15,0,0,0,0,15042
127351,0,15,0,0,0,0,15404
127352,0,15,0,0,0,0,15295
127353,0,15,0,0,0,0,15296
127354,0,15,0,0,0,0,15493
127355,0,15,0,0,0,0,15627
127358,0,15,2,0,0,0,15535
127359,0,9,0,0,0,0,15797
127360,0,7,0,0,0,0,1
127361,0,15,0,0,15420,0,15783
127362,0,15,0,0,0,0,15498
127364,0,15,0,0,0,0,15472
127365,0,13,0,0,0,0,15249
127366,0,15,0,0,0,0,15619
127367,0,13,0,0,0,0,15620
127368,0,15,0,0,0,0,14532
127369,0,15,0,0,0,0,15091
127370,0,8,0,0,0,0,15092
127371,0,15,0,0,0,0,2369
127372,0,0,0,0,15372,0,17447
127373,0,15,0,0,0,0,15596
127374,0,15,0,0,0,0,15530
127375,0,0,0,0,4111,0,16068
127376,0,8,0,0,0,0,15505
127377,0,15,0,0,0,0,2371
127378,0,15,0,0,0,0,16623
127379,0,15,0,0,15372,0,16628
127380,0,15,0,0,0,0,15406
127381,0,15,0,0,0,0,15495
127383,0,31,0,0,0,0,15794
127384,0,15,0,0,0,0,15795
127385,0,15,0,0,0,0,16630
127386,0,15,0,0,0,0,16631
127387,0,15,0,0,0,0,15979
127388,0,15,0,0,31788,0,16569
127389,0,0,0,0,15372,0,15529
127390,0,15,0,0,0,0,15262
127391,0,31,0,0,0,0,15712
127392,0,15,0,0,0,0,7806
127393,0,15,0,0,31756,0,17311
127394,0,31,0,0,0,0,16597
127395,0,15,0,0,0,0,14847
127396,0,15,0,0,0,0,15799
127397,0,9,0,0,0,0,15093
127398,0,31,0,0,0,0,2368
127399,0,9,0,0,0,0,15609
127401,0,31,0,0,0,0,15276
127402,0,13,0,0,0,0,15547
127403,0,31,0,0,0,0,16028
127404,0,31,0,0,0,0,16029
127405,0,15,0,0,0,0,15228
127410,0,15,0,0,0,0,15389
127411,0,8,0,0,0,0,15041
127412,0,15,0,0,0,0,14538
127413,0,31,0,0,0,0,16366
127414,0,15,0,0,0,0,16367
127415,0,15,0,0,0,0,15915
127416,0,15,0,0,0,0,14535
127417,0,13,0,0,0,0,16723
127419,0,15,0,0,0,0,16654
127420,0,15,0,0,0,0,16655
127422,0,15,0,0,0,0,16786
127423,0,15,0,0,0,0,16997
127425,0,13,0,0,0,0,16779
127426,0,15,0,0,0,0,17146
127427,0,9,0,0,0,0,17204
127428,0,15,0,0,0,0,8102
127429,0,15,0,0,0,0,8445
127430,0,15,0,0,0,0,17138
127431,0,9,0,0,15420,0,17207
127432,0,15,0,0,15406,0,16637
127433,0,15,0,0,0,0,16639
127434,0,8,0,0,0,0,17201
127435,0,15,0,0,0,0,16726
127436,0,15,0,0,0,0,16728
127437,0,15,0,0,0,0,15933
127438,0,15,0,0,0,0,15935
127440,0,13,0,0,0,0,15859
127441,0,8,0,0,0,0,16689
127443,0,15,0,0,0,0,17290
127444,0,15,0,0,0,0,17351
127445,0,13,0,0,0,0,16777
127446,0,15,0,0,0,0,16168
127447,0,31,0,0,0,0,16450
127448,0,15,0,0,0,0,6617
127449,0,15,0,0,31756,0,15790
127450,0,15,0,0,0,0,15863
127451,0,0,2,0,10,0,16045
127452,0,14,0,0,15366,0,29705
127453,0,15,0,0,0,0,21007
127455,0,15,0,0,0,0,16565
127456,0,15,0,0,0,0,17137
127457,0,0,0,0,31772,0,17850
127458,0,0,0,0,4111,0,15281
127461,0,15,0,0,0,0,15936
127463,0,31,128,0,0,0,17462
127464,0,15,0,0,0,0,15785
127465,0,15,0,0,0,0,15865
127467,0,9,0,0,0,0,15998
127468,0,31,0,0,0,0,15999
127469,0,31,0,0,0,0,15304
127474,0,13,0,0,0,0,16772
127477,0,15,0,0,0,0,17435
127478,0,31,0,0,0,0,16601
127484,0,15,0,0,0,0,7794
127485,0,15,0,0,0,0,15802
127486,0,15,0,0,0,0,15855
127487,0,15,0,0,0,0,15856
127488,0,15,0,0,0,0,15040
127489,0,15,0,0,0,0,16664
127491,0,15,0,0,0,0,15241
127492,0,15,0,0,0,0,17728
127493,0,31,0,0,0,0,16502
127494,0,15,0,0,31756,0,15735
127495,0,15,0,0,0,0,16153
127496,0,31,0,0,0,0,15792
127497,0,13,0,0,0,0,16100
127498,0,15,0,0,0,0,16101
127499,0,0,2,0,0,0,16104
127500,0,15,0,0,0,0,15833
127501,0,31,0,0,0,0,15591
127502,0,31,0,0,0,0,15748
127503,0,14,0,0,0,0,16323
127504,0,4,0,0,0,0,16188
127505,0,1,0,0,0,0,16594
127506,0,8,0,0,0,0,16329
127507,0,15,0,0,0,0,16381
127508,0,31,128,0,0,0,16083
127509,0,31,0,0,0,0,15303
127510,0,15,0,0,0,0,15305
127511,0,15,0,0,10242,0,15702
127512,0,15,0,0,0,0,15453
127513,0,15,0,0,0,0,16429
127514,0,15,0,0,0,0,16154
127515,0,15,0,0,0,0,15982
127516,0,15,0,0,15372,0,16627
127517,0,15,0,0,0,0,16570
127519,0,13,0,0,0,0,16572
127520,0,15,0,0,0,0,15665
127521,0,31,128,0,0,0,15779
127522,0,31,128,0,0,0,15781
127524,0,8,0,2048,0,0,17150
127525,0,8,0,0,0,0,17151
127526,0,15,0,0,0,0,15972
127527,0,15,0,0,0,0,16138
127528,0,31,128,0,0,0,16060
127529,0,15,0,0,0,0,2538
127530,0,15,0,0,0,0,15744
127531,0,15,0,0,0,0,16046
127532,0,15,0,0,0,0,15980
127533,0,8,0,0,0,0,15736
127534,0,0,0,0,4,0,16139
127536,0,31,0,0,0,0,15745
127537,0,15,0,0,0,0,16098
127538,0,15,0,0,31756,0,15407
127540,0,8,0,0,0,0,16231
127541,0,8,0,0,0,0,16327
127542,0,15,0,0,0,0,16590
127543,0,8,0,0,0,0,16144
127544,0,13,0,0,0,0,15869
127545,0,15,0,0,0,0,16050
127546,0,15,0,0,27692,0,16053
127547,0,15,0,0,0,0,16102
127548,0,8,0,0,0,0,16873
127549,0,15,0,0,0,0,16640
127550,0,15,0,0,0,0,16641
127551,0,15,2,0,0,0,16798
127552,0,15,0,0,0,0,16000
127553,0,31,128,0,0,0,16059
127554,0,8,0,0,0,0,15430
127555,0,31,128,0,0,0,16080
127556,0,31,128,0,0,0,16081
127557,0,15,0,0,0,0,16642
127558,0,15,0,0,0,0,16643
127559,0,31,128,0,0,0,16082
127560,0,8,0,0,0,0,16813
127561,0,15,0,0,0,0,15607
127562,0,15,0,0,0,0,16552
127563,0,15,0,0,0,0,16652
127564,0,15,0,0,0,0,17161
127565,0,15,0,0,0,0,17162
127566,0,15,0,0,0,0,16967
127567,0,15,0,0,31788,0,17008
127572,0,31,0,0,0,0,17187
127573,0,9,0,0,0,0,16531
127574,0,15,0,0,0,0,16745
127575,0,15,0,0,0,0,16746
127576,0,8,0,0,0,0,16812
127577,0,1,262272,0,0,0,18229
127578,0,13,0,0,0,0,17353
127580,0,8,0,0,0,0,16878
127581,0,15,0,0,0,0,16969
127582,0,15,0,0,0,0,16742
127585,0,31,0,0,0,0,17559
127587,0,15,0,0,0,0,16730
127588,0,15,0,0,0,0,17738
127589,0,15,0,0,0,0,17274
127590,0,15,0,0,0,0,16994
127591,0,15,0,0,0,0,16995
127592,0,15,0,0,0,0,16554
127593,0,31,0,0,0,0,17560
127594,0,31,0,0,0,0,17561
127595,0,8,0,0,0,0,16908
127596,0,15,0,0,8,0,17189
127597,0,9,0,0,0,0,17475
127598,0,9,0,0,0,0,17476
127599,0,9,0,0,0,0,17157
127600,0,15,0,0,0,0,17277
127601,0,0,0,0,31772,0,17767
127602,0,15,0,0,0,0,16724
127603,0,15,0,0,0,0,16731
127604,0,15,0,0,0,0,16732
127606,0,8,0,0,0,0,18869
127607,0,15,0,0,0,0,16071
127608,0,15,0,0,0,0,15910
127609,0,15,0,0,0,0,17140
127610,0,8,0,0,0,0,18266
127612,0,13,0,0,0,0,16756
127613,0,8,0,0,0,0,18870
127615,0,15,0,0,0,0,16665
127616,0,31,0,0,0,0,16497
127617,0,15,0,0,0,0,16498
127618,0,15,0,0,0,0,18242
127619,0,15,0,0,0,0,16661
127620,0,9,0,0,0,0,17169
127621,0,1,262272,0,0,0,28616
127622,0,15,0,0,0,0,16988
127623,0,15,0,0,0,0,16622
127624,0,8,0,0,0,0,15475
127625,0,15,0,0,0,0,16662
127626,0,15,0,0,0,0,16663
127627,0,15,0,0,31788,0,17173
127629,0,1,0,0,0,0,16418
127631,0,31,0,0,0,0,17562
127632,0,31,0,0,0,0,17563
127633,0,15,0,0,0,0,17164
127634,0,13,0,0,0,0,16496
127635,0,15,0,0,0,0,17745
127636,0,15,0,0,0,0,18243
127638,0,15,0,0,0,0,16991
127639,0,15,0,0,0,0,16650
127640,0,15,0,0,0,0,16973
127641,0,15,0,0,0,0,17142
127643,0,15,0,0,0,0,16992
127644,0,15,0,0,0,0,16993
127645,0,15,0,0,0,0,16646
127651,0,15,0,0,0,0,15981
127652,0,15,0,0,0,0,18246
127654,0,15,0,0,0,0,16869
127655,0,15,0,0,0,0,16633
127658,0,0,0,0,31772,0,17853
127659,0,13,0,0,0,0,16767
127660,0,15,0,0,0,0,16865
127661,0,15,0,0,0,0,16651
127663,0,15,0,0,0,0,16660
127664,0,15,0,0,0,0,16741
127665,0,15,0,0,0,0,16390
127666,0,0,256,0,0,0,16456
127667,0,8,0,0,0,0,16472
127668,0,1,0,0,0,0,18115
127669,0,15,0,0,0,0,17141
127670,0,15,0,0,0,0,17180
127671,0,15,0,0,0,0,15292
127672,0,31,128,0,0,0,16084
127673,0,15,0,0,0,0,16396
127676,0,15,0,0,0,0,17393
127677,0,15,0,0,0,0,16645
127678,0,15,0,0,0,0,16658
127679,0,1,128,0,0,0,15852
127680,0,15,0,0,0,0,15853
127681,0,15,0,0,0,0,16978
127682,0,8,0,0,0,0,17276
127684,0,15,0,0,0,0,16077
127687,0,15,0,0,0,0,16656
127688,0,15,0,0,0,0,16657
127689,0,15,0,0,0,0,16990
127690,0,15,0,0,0,0,16960
127691,0,15,0,0,0,0,16965
127692,0,15,0,0,0,0,16971
127693,0,31,0,0,0,0,18149
127694,0,31,0,0,0,0,17133
127695,0,15,0,0,0,0,17158
127696,0,15,0,0,0,0,15860
127697,0,15,0,0,0,0,15861
127698,0,15,0,0,0,0,16588
127699,0,13,0,0,0,0,16768
127700,0,15,0,0,0,0,17145
127701,0,15,0,0,0,0,17203
127702,0,15,0,0,0,0,16073
127703,0,9,0,0,0,0,16075
127704,0,9,0,0,0,0,16243
127705,0,15,0,0,0,0,16250
127706,0,15,0,0,0,0,16648
127707,0,15,0,0,0,0,16649
127708,0,13,0,0,0,0,16776
127709,0,31,128,0,0,0,16055
127710,0,1,262272,0,0,0,18230
127711,0,0,128,0,0,0,17769
127712,0,0,128,0,0,0,17770
127713,0,31,128,0,0,0,16056
127714,0,0,0,0,15,0,16557
127715,0,8,0,0,0,0,16874
127716,0,8,0,0,0,0,16876
127718,0,15,0,0,0,0,17287
127719,0,8,0,0,0,0,16589
127725,0,0,0,0,4106,0,17224
127726,0,0,0,0,4106,0,17225
127728,0,15,0,0,0,0,16431
127730,0,0,0,0,31772,0,17854
127731,0,0,0,0,31788,0,17716
127732,0,15,0,0,0,0,16980
127733,0,31,0,0,0,0,17009
127735,0,31,0,0,0,0,16996
127736,0,15,0,0,0,0,16659
127738,0,15,0,0,0,0,16644
127740,0,15,0,0,0,0,16667
127742,0,31,0,0,0,0,17155
127746,0,15,0,0,0,0,16647
127749,0,15,0,0,0,0,16729
127752,0,15,0,0,0,0,18146
127753,0,13,0,0,0,0,16775
127754,0,15,0,0,0,0,16867
127755,0,15,0,0,0,0,16868
127756,0,15,0,0,0,0,16744
127757,0,15,0,0,31756,0,17314
127758,0,15,0,0,31788,0,17165
127759,0,13,0,0,0,0,16778
127760,0,31,128,0,0,0,16058
127761,0,1,0,0,31756,0,16914
127762,0,15,0,0,0,0,16587
127763,0,15,0,0,0,0,16970
127764,0,15,0,0,0,0,16986
127765,0,15,0,0,0,0,16987
127766,0,13,0,0,0,0,16780
127767,0,15,0,0,0,0,16561
127768,0,15,0,0,0,0,17951
127769,0,31,0,0,0,0,18500
127770,0,9,0,0,0,0,17086
127771,0,15,0,0,0,0,17557
127773,0,0,2048,0,0,0,17961
127774,0,31,128,0,0,0,17454
127775,0,1,262272,0,0,0,18234
127778,0,15,0,0,0,0,17503
127779,0,15,0,0,0,0,17576
127780,0,15,0,0,0,0,18159
127781,0,31,128,0,0,0,17456
127782,0,0,0,0,31772,0,17852
127783,0,15,0,0,0,0,23653
127784,0,15,0,0,0,0,17577
127785,0,15,0,0,0,0,17579
127786,0,15,0,0,0,0,17580
127787,0,8,0,0,0,0,17492
127788,0,15,0,0,0,0,17843
127789,0,1,0,0,31756,0,17402
127790,0,0,15364,0,0,0,17651
127791,0,31,128,0,0,0,17464
127792,0,1,0,0,31756,0,17401
127794,0,15,0,0,0,0,17199
127795,0,0,0,0,31772,0,17851
127796,0,15,0,0,0,0,17555
127798,0,15,0,0,4104,0,17368
127799,0,31,128,0,0,0,17465
127800,0,15,0,0,0,0,17468
127801,0,15,0,0,0,0,17921
127802,0,15,0,0,0,0,17922
127803,0,15,0,0,0,0,17923
127805,0,31,128,0,0,0,17463
127806,0,15,128,0,0,0,16072
127807,0,1,262272,0,0,0,18124
127808,0,8,0,0,0,0,18125
127809,0,15,0,0,0,0,17467
127810,0,15,0,0,0,0,16989
127811,0,15,0,0,15420,0,16430
127812,0,15,0,0,0,0,17553
127813,0,8,0,0,0,0,18137
127816,0,31,0,0,0,0,17565
127817,0,15,0,0,0,0,17293
127818,0,15,0,0,0,0,17016
127820,0,15,0,0,0,0,18420
127821,0,15,0,0,0,0,18421
127822,0,15,0,0,0,0,18422
127823,0,8,0,0,0,0,19276
127824,0,15,0,0,0,0,17294
127825,0,15,0,0,0,0,18099
127826,0,15,128,0,0,0,17469
127827,0,8,0,0,0,0,18867
127828,0,8,0,0,0,0,18868
127829,0,15,0,0,0,0,16983
127830,0,15,0,0,0,0,16984
127835,0,31,0,0,0,0,16447
127836,0,31,0,0,0,0,16351
127837,0,15,0,0,0,0,16653
127838,0,15,0,0,0,0,16985
127839,0,15,0,0,0,0,16725
127840,0,8,0,0,0,0,19199
127844,0,15,0,0,0,0,17554
127847,0,13,0,0,0,0,17734
127848,0,15,0,0,0,0,17632
127849,0,31,128,0,0,0,17453
127850,0,0,15364,0,0,0,17652
127851,0,15,0,0,0,0,18446
127852,0,15,0,0,0,0,17953
127853,0,15,0,0,0,0,18100
127854,0,31,128,0,0,0,17458
127856,0,15,0,0,0,0,17634
127858,0,15,0,0,0,0,17501
127859,0,31,128,0,0,0,17455
127860,0,8,0,0,0,0,17877
127861,0,31,0,0,0,0,17176
127862,0,0,0,0,31788,0,17715
127863,0,8,0,0,0,0,16877
127864,0,1,0,0,0,0,16795
127865,0,1,262272,0,0,0,18232
127866,0,15,0,0,0,0,16799
127867,0,31,0,0,0,0,18327
127868,0,8,0,0,0,0,17771
127869,0,0,0,0,4106,0,17226
127870,0,15,0,0,0,0,18711
127871,0,15,0,0,31788,0,17243
127872,0,15,0,0,0,0,17227
127876,0,31,0,0,0,0,18153
127877,0,9,0,0,0,0,17235
127878,0,15,0,0,31788,0,17238
127879,0,15,0,0,0,0,18245
127880,0,15,0,0,0,0,17015
127881,0,1,262272,0,0,0,18233
127882,0,8,0,0,0,0,18223
127883,0,31,8,0,0,0,17474
127884,0,1,262272,0,0,0,18140
127885,0,8,0,0,0,0,18141
127887,0,15,0,0,0,0,16807
127888,0,13,0,0,0,0,17405
127889,0,31,0,0,0,0,17536
127890,0,15,0,0,0,0,17883
127891,0,31,0,0,0,0,17820
127892,0,15,0,0,0,0,16866
127893,0,15,0,0,0,0,17551
127894,0,15,0,0,0,0,17552
127895,0,15,0,0,0,0,18241
127896,0,15,0,0,0,0,18247
127897,0,15,0,0,0,0,17727
127898,0,15,0,0,31756,0,17313
127899,0,4,0,0,0,0,17116
127902,0,8,0,0,0,0,16882
127904,0,15,0,0,31756,0,17312
127905,0,15,0,0,0,0,18244
127906,0,8,0,0,0,0,17329
127907,0,15,0,0,0,0,17105
127908,0,15,0,0,0,0,16336
127910,0,15,0,0,0,0,17194
127911,0,15,0,0,0,0,17195
127913,0,31,128,0,0,0,17229
127916,0,15,0,0,0,0,17231
127917,0,8,0,0,0,0,17925
127918,0,15,0,0,6156,0,17179
127919,0,1,262272,0,0,0,18071
127920,0,15,0,0,0,0,17919
127921,0,15,0,0,0,0,17920
127922,0,9,0,0,0,0,17473
127924,0,8,0,0,0,0,16811
127925,0,15,0,0,0,0,16809
127928,0,8,0,0,0,0,16810
127929,0,15,0,0,0,0,18629
127930,0,9,0,0,0,0,17477
127931,0,9,0,0,0,0,17478
127932,0,9,0,0,0,0,17479
127933,0,15,0,0,0,0,18630
127934,0,15,0,0,0,0,18392
127935,0,15,0,0,0,0,20656
127936,0,8,0,0,0,0,19236
127937,0,8,0,0,0,0,19238
127938,0,8,0,0,0,0,19240
127939,0,31,0,0,0,0,17707
127940,0,15,0,0,0,0,19204
127941,0,15,0,0,0,0,18416
127943,0,15,0,0,0,0,18974
127944,0,15,0,0,0,0,18413
127945,0,9,0,0,0,0,17480
127948,0,15,0,0,31756,0,19304
127949,0,15,0,0,31756,0,19305
127950,0,9,0,0,0,0,18651
127952,0,31,0,0,0,0,17646
127953,0,15,0,0,0,0,19720
127954,0,15,0,0,0,0,18452
127955,0,15,0,0,0,0,18453
127956,0,15,0,0,0,0,18454
127957,0,15,0,0,0,0,18455
127958,0,15,0,0,31788,0,20687
127959,0,8,0,0,0,0,18788
127961,0,8,0,0,0,0,19275
127963,0,15,0,0,0,0,19719
127964,0,15,0,0,0,0,18949
127965,0,0,0,0,15420,0,18953
127966,0,31,128,0,0,0,17460
127967,0,31,128,0,0,0,17461
127970,0,15,0,0,0,0,18267
127971,0,7,0,0,0,0,17650
127974,0,15,0,0,0,0,19062
127975,0,15,0,0,0,0,19058
127978,0,15,0,0,0,0,18239
127980,0,15,0,0,0,0,18434
127981,0,15,0,0,0,0,18435
127982,0,15,0,0,0,0,18376
127983,0,15,0,0,15532,0,18248
127984,0,15,0,0,0,0,19796
127985,0,15,0,0,0,0,19068
127986,0,15,128,0,0,0,19069
127987,0,15,0,0,0,0,19070
127988,0,15,0,0,0,0,19071
127989,0,1,262272,0,0,0,18231
127994,0,31,0,0,0,0,17708
127996,0,15,0,0,0,0,18948
127997,0,9,0,0,0,0,18351
127999,0,0,128,0,0,0,17647
128000,0,15,0,0,0,0,18560
128001,0,15,0,0,0,0,18448
128002,0,15,0,0,0,0,18449
128004,0,9,0,0,0,0,18596
128006,0,15,2,0,0,0,20669
128009,0,15,0,0,0,0,17962
128010,0,15,0,0,0,0,18410
128011,0,15,0,0,0,0,18411
128012,0,15,0,0,0,0,18412
128013,0,15,0,0,0,0,19073
128014,0,15,0,0,0,0,18240
128017,0,31,0,0,0,0,17566
128018,0,15,0,0,0,0,18397
128021,0,15,0,0,0,0,19799
128023,0,31,0,0,0,0,17564
128024,0,8,0,0,0,0,19273
128025,0,8,0,0,0,0,19241
128026,0,8,0,0,0,0,18265
128027,0,31,0,0,0,0,21979
128028,0,15,0,0,0,0,18414
128032,0,15,0,0,0,0,17637
128033,0,15,0,0,0,0,17047
128036,0,15,0,0,0,0,18439
128037,0,15,0,0,0,0,18441
128038,0,15,0,0,0,0,18445
128040,0,15,0,0,0,0,17573
128041,0,15,0,0,0,0,17574
128042,0,15,0,0,31788,0,17620
128043,0,15,0,0,0,0,21143
128047,0,31,0,0,0,0,17709
128048,0,15,0,0,0,0,17575
128049,0,15,0,0,0,0,18415
128054,0,15,0,0,0,0,23633
128055,0,8,0,0,0,0,19242
128056,0,8,0,0,0,0,18879
128058,0,15,0,0,0,0,18437
128059,0,15,0,0,0,0,18166
128060,0,15,0,0,0,0,18438
128061,0,15,0,0,0,0,18440
128062,0,15,0,0,0,0,18442
128063,0,15,0,0,0,0,18444
128064,0,8,0,0,0,0,19265
128065,0,31,0,0,48142,0,18540
128067,0,8,0,0,0,0,20788
128068,0,15,0,0,0,0,18418
128069,0,15,0,0,0,0,17695
128070,0,8,0,0,0,0,18832
128071,0,8,0,0,0,0,19266
128074,0,15,0,0,0,0,20742
128076,0,31,0,0,0,0,17567
128077,0,8,0,0,0,0,17534
128078,0,31,0,0,0,0,17950
128079,0,15,0,0,0,0,18423
128080,0,15,0,0,0,0,18424
128081,0,8,0,0,0,0,19243
128082,0,9,0,0,0,0,18576
128084,0,31,128,0,0,0,17450
128085,0,15,0,0,0,0,18419
128086,0,15,0,0,0,0,17952
128087,0,15,0,0,0,0,19029
128089,0,15,0,0,0,0,18417
128090,0,31,128,0,0,0,17459
128091,0,15,0,0,0,0,17572
128092,0,15,0,0,0,0,18503
128098,0,8,0,0,0,0,19262
128100,0,8,0,0,0,0,19277
128101,0,8,0,0,0,0,19278
128102,0,15,2,0,0,0,18657
128104,0,15,0,0,0,0,19169
128105,0,15,0,0,0,0,19814
128106,0,15,2,0,0,0,18658
128110,0,15,0,0,0,0,17571
128111,0,9,0,0,0,0,17618
128113,0,15,0,0,0,0,17928
128115,0,15,0,0,0,0,23078
128118,0,15,0,0,31788,0,17682
128119,0,15,0,0,0,0,17635
128120,0,15,0,0,0,0,17636
128123,0,15,0,0,0,0,17434
128126,0,15,0,0,0,0,20665
128129,0,8,0,0,0,0,18671
128131,0,15,0,0,0,0,17578
128136,0,15,0,0,0,0,17586
128138,0,15,0,0,0,0,17570
128139,0,15,0,0,0,0,19669
128142,0,15,0,0,0,0,18967
128145,0,5,0,0,0,0,19821
128146,0,15,0,0,0,0,22808
128147,0,9,0,0,0,0,18617
128148,0,8,0,0,0,0,18880
128149,0,15,0,0,0,0,19941
128150,0,15,0,0,0,0,19942
128151,0,15,0,0,0,0,19943
128152,0,15,0,0,0,0,20016
128153,0,15,0,0,0,0,19793
128154,0,15,0,0,0,0,19794
128156,0,31,0,0,0,0,18762
128157,0,8,0,0,0,0,19244
128158,0,31,0,0,0,0,18367
128159,0,15,0,0,0,0,18831
128160,0,15,0,0,0,0,18763
128161,0,31,128,0,0,0,18992
128163,0,8,0,0,0,0,19279
128164,0,15,0,0,0,0,19098
128165,0,8,0,0,0,0,19280
128166,0,15,0,0,0,0,18959
128167,0,31,0,0,0,0,18987
128168,0,1,0,0,0,0,18994
128170,0,8,0,0,0,0,18871
128171,0,15,0,0,0,0,19065
128172,0,15,0,0,0,0,19066
128174,0,15,0,0,0,0,21144
128175,0,15,0,0,0,0,18238
128179,0,15,0,0,0,0,19728
128182,0,0,4718592,0,0,0,26476
128183,0,9,0,0,48140,0,19700
128187,0,0,0,0,15420,0,19231
128188,0,15,0,0,0,0,19081
128189,0,15,0,0,0,0,19082
128190,0,15,0,0,0,0,19091
128191,0,15,0,0,0,0,19095
128195,0,15,0,0,0,0,17924
128196,0,8,0,0,0,0,17926
128197,0,8,0,0,0,0,19285
128198,0,15,0,0,0,0,20010
128199,0,15,0,0,0,0,19083
128200,0,15,0,0,0,0,19078
128201,0,15,0,0,0,0,19079
128202,0,15,0,0,0,0,19080
128204,0,15,0,0,0,0,19886
128205,0,15,0,0,0,0,19887
128207,0,15,0,0,0,0,20015
128208,0,15,0,0,0,0,20589
128209,0,15,0,0,0,0,21107
128211,0,15,0,0,0,0,18702
128214,0,15,0,0,0,0,19512
128215,0,31,0,0,0,0,19470
128216,0,0,0,0,15420,0,18874
128218,0,15,0,0,0,0,19051
128222,0,15,0,0,0,0,19075
128223,0,15,0,0,0,0,19077
128227,0,15,0,0,0,0,19052
128228,0,15,0,0,0,0,19053
128235,0,15,0,0,0,0,19712
128236,0,8,0,0,0,0,19715
128239,0,15,0,0,0,0,19213
128242,0,9,0,0,48140,0,19687
128244,0,15,0,0,0,0,17638
128245,0,15,0,0,0,0,17613
128246,0,15,0,0,0,0,19093
128247,0,15,0,0,0,0,19094
128248,0,15,0,0,0,0,19097
128249,0,8,0,0,0,0,19271
128250,0,31,0,0,0,0,18818
128251,0,31,0,0,0,0,18988
128252,0,31,128,0,0,0,17481
128253,0,15,0,0,0,0,18447
128255,0,15,0,0,0,0,19750
128256,0,9,0,0,0,0,18609
128258,0,15,0,0,0,0,18457
128259,0,15,0,0,0,0,18458
128260,0,15,0,0,0,0,19815
128261,0,31,128,0,0,0,18989
128262,0,13,0,0,0,0,18561
128263,0,7,0,0,0,0,19434
128264,0,15,0,0,0,0,19825
128265,0,31,0,0,0,0,19566
128266,0,15,0,0,0,0,19567
128268,0,15,0,0,0,0,19059
128269,0,15,0,0,0,0,18436
128270,0,15,0,0,0,0,18802
128271,0,15,0,0,0,0,19391
128272,0,15,0,0,0,0,18647
128273,0,15,0,0,0,0,19393
128274,0,13,0,0,0,0,19767
128275,0,15,0,0,0,0,19564
128276,0,0,2,0,15374,0,18608
128278,0,31,0,0,0,0,18887
128279,0,15,0,0,0,0,19973
128280,0,15,0,0,0,0,19795
128281,0,15,0,0,0,0,19060
128282,0,15,0,0,0,0,19974
128283,0,9,0,0,0,0,18584
128284,0,31,128,0,0,0,18991
128285,0,15,0,0,31756,0,19299
128286,0,15,0,0,0,0,19061
128287,0,15,0,0,0,0,19063
128289,0,15,0,0,0,0,19565
128290,0,15,0,0,0,0,18405
128292,0,31,128,0,0,0,18363
128298,0,15,0,0,0,0,18931
128299,0,8,0,0,0,0,18881
128300,0,15,0,0,31788,0,18557
128301,0,31,0,0,0,0,18559
128302,0,15,0,0,0,0,19054
128305,0,15,0,0,0,0,19084
128306,0,15,0,0,0,0,19085
128307,0,15,0,0,0,0,19086
128308,0,15,0,0,0,0,19790
128309,0,15,0,0,0,0,19791
128310,0,15,0,0,0,0,19074
128311,0,15,0,0,0,0,18399
128312,0,0,48270,0,0,0,18400
128313,0,15,0,0,0,0,18401
128318,0,15,0,0,0,0,18932
128319,0,15,0,0,0,0,19102
128321,0,15,0,0,0,0,18930
128322,0,15,0,0,0,0,19064
128323,0,15,0,0,0,0,19067
128325,0,15,0,0,0,0,20017
128326,0,15,0,0,0,0,19788
128327,0,15,0,0,0,0,19792
128328,0,15,0,0,0,0,18451
128329,0,15,0,0,0,0,19089
128330,0,15,0,0,0,0,19090
128331,0,15,0,0,0,0,19092
128332,0,8,0,0,0,0,19274
128333,0,8,0,0,0,0,19308
128334,0,15,0,0,31756,0,19303
128335,0,15,0,0,0,0,18406
128336,0,15,0,0,0,0,18407
128337,0,15,0,0,0,0,18408
128338,0,15,0,0,0,0,18409
128340,0,15,0,0,0,0,19087
128341,0,8,0,0,0,0,19264
128344,0,15,0,0,0,0,18456
128345,0,15,0,0,0,0,19088
128346,0,15,0,0,0,0,18960
128347,0,15,0,0,0,0,19103
128348,0,15,0,0,0,0,19106
128351,0,0,2,0,0,0,19503
128352,0,0,2,0,0,0,24664
128353,0,8,0,0,0,0,19261
128354,0,31,128,0,0,0,18990
128355,0,8,0,0,0,0,19282
128359,0,15,0,0,0,0,18450
128360,0,15,0,0,31756,0,18807
128361,0,15,0,0,0,0,19076
128362,0,9,0,0,0,0,18564
128363,0,15,0,0,31756,0,19302
128364,0,15,0,0,0,0,20315
128366,0,15,0,0,31788,0,19952
128367,0,15,0,0,0,0,19775
128368,0,15,0,0,0,0,20378
128369,0,15,0,0,0,0,20379
128370,0,15,0,0,0,0,19463
128371,0,15,0,0,0,0,20026
128372,0,15,0,0,0,0,20028
128374,0,31,0,0,0,0,20513
128375,0,15,0,0,0,0,20752
128378,0,8,0,0,0,0,20623
128379,0,15,0,0,0,0,20380
128380,0,13,0,0,0,0,20604
128381,0,15,0,0,0,0,20035
128382,0,15,0,0,0,0,20040
128383,0,15,0,0,0,0,20013
128384,0,15,0,0,0,0,20039
128385,0,9,0,0,48140,0,19548
128386,0,15,0,0,0,0,19939
128387,0,15,0,0,0,0,19940
128388,0,15,0,0,0,0,20036
128389,0,31,0,0,0,0,19772
128390,0,15,0,0,0,0,19800
128391,0,15,0,0,0,0,20770
128392,0,15,0,0,0,0,20772
128393,0,8,0,0,0,0,19505
128394,0,15,0,0,0,0,20420
128395,0,0,2,0,15374,0,18610
128396,0,15,0,0,0,0,18402
128397,0,15,0,0,0,0,18403
128398,0,15,0,0,0,0,20326
128399,0,15,0,0,0,0,19927
128400,0,8,0,0,0,0,19734
128401,0,15,0,0,0,0,18404
128402,0,15,0,0,0,0,19971
128403,0,15,0,0,0,0,20382
128404,0,15,0,0,0,0,20029
128406,0,8,0,0,0,0,19281
128407,0,15,0,0,0,0,21071
128408,0,8,2,0,0,0,20066
128409,0,15,0,0,0,0,19657
128410,0,15,0,0,0,0,21072
128412,0,31,0,0,0,0,27570
128414,0,9,0,0,48140,0,19689
128415,0,15,0,0,0,0,19970
128417,0,15,0,0,0,0,20609
128418,0,15,0,0,0,0,19932
128421,0,15,0,0,0,0,19902
128422,0,15,0,0,0,0,19651
128423,0,15,0,0,0,0,19890
128424,0,15,0,0,0,0,20695
128426,0,8,0,0,0,0,19476
128427,0,31,0,0,0,0,19873
128429,0,0,2,0,0,0,20511
128430,0,15,0,0,0,0,20025
128434,0,15,0,0,0,0,20051
128435,0,15,0,0,0,0,19725
128436,0,15,0,0,0,0,19729
128437,0,15,0,0,0,0,24846
128438,0,9,0,0,48140,0,19688
128439,0,15,0,0,0,0,19100
128440,0,0,2048,0,0,0,19937
128441,0,15,0,0,0,0,19452
128442,0,15,0,0,0,0,20008
128443,0,15,0,0,0,0,20009
128444,0,15,0,0,0,0,20327
128445,0,15,0,0,0,0,19101
128447,0,15,0,0,0,0,20012
128449,0,15,0,0,0,0,19104
128450,0,15,0,0,0,0,19107
128453,0,15,0,0,0,0,20023
128454,0,8,0,0,0,0,19736
128455,0,15,0,0,0,0,20270
128456,0,31,0,0,0,0,20274
128458,0,15,0,0,0,0,19666
128460,0,15,0,0,0,0,20014
128462,0,8,0,0,0,0,19647
128463,0,15,0,0,0,0,19649
128466,0,8,0,0,0,0,19506
128467,0,15,0,0,0,0,19645
128468,0,15,0,0,0,0,19903
128469,0,0,2048,0,0,0,19690
128471,0,15,0,0,0,0,19816
128472,0,15,0,0,0,0,19819
128473,0,8,0,0,0,0,19731
128474,0,8,0,0,0,0,19312
128475,0,8,0,0,0,0,19309
128476,0,0,0,0,15374,0,20578
128477,0,15,15375,0,0,0,20580
128479,0,9,0,0,48140,0,19692
128480,0,15,0,0,0,0,20657
128481,0,8,0,0,0,0,19283
128482,0,8,0,0,0,0,19284
128483,0,31,0,0,0,0,20364
128484,0,15,0,0,0,0,19701
128485,0,15,0,0,0,0,20428
128486,0,15,0,0,0,0,19830
128489,0,15,0,0,0,0,20024
128492,0,15,0,0,0,0,20006
128493,0,8,0,0,0,0,19311
128494,0,8,0,0,0,0,19310
128495,0,15,15372,0,31756,0,19474
128496,0,15,0,0,0,0,19975
128497,0,15,0,0,31756,0,19296
128501,0,9,0,0,48140,0,19699
128502,0,15,0,0,0,0,19055
128504,0,15,0,0,0,0,19435
128505,0,15,0,0,0,0,19047
128506,0,15,0,0,0,0,19048
128507,0,15,0,0,0,0,19057
128508,0,15,0,0,0,0,20020
128509,0,15,0,0,0,0,20011
128511,0,15,0,0,0,0,19049
128512,0,15,0,0,0,0,19050
128513,0,15,0,0,0,0,19138
128514,0,15,0,0,0,0,19137
128515,0,15,0,0,0,0,20386
128516,0,8,0,0,0,0,21562
128517,0,0,4102,0,14,0,20786
128518,0,15,0,0,0,0,20801
128519,0,15,0,0,0,0,20817
128521,0,8,0,0,0,0,20690
128522,0,9,0,0,48140,0,19697
128523,0,8,0,0,0,0,20906
128524,0,9,0,0,0,0,20543
128525,0,15,0,0,0,0,20565
128526,0,15,0,0,0,0,20295
128527,0,9,0,0,0,0,21565
128528,0,15,0,0,0,0,21153
128529,0,15,0,0,0,0,20776
128530,0,15,0,0,0,0,20387
128531,0,0,2,0,0,0,21060
128532,0,15,0,0,0,0,20831
128533,0,15,0,0,0,0,20777
128534,0,15,0,0,0,0,20626
128535,0,15,0,0,0,0,21027
128536,0,15,0,0,0,0,20398
128537,0,8,0,0,0,0,20832
128538,0,15,0,0,0,0,20296
128539,0,7,0,0,0,0,20900
128540,0,7,0,0,0,0,20902
128541,0,7,0,0,0,0,20904
128543,0,15,0,0,0,0,22105
128544,0,31,0,0,0,0,21935
128545,0,7,0,0,0,0,20294
128546,0,15,0,0,0,0,20720
128547,0,31,0,0,0,0,20269
128548,0,15,0,0,0,0,21154
128549,0,15,0,0,0,0,19785
128550,0,5,0,0,0,0,19784
128553,0,15,0,0,0,0,20391
128554,0,15,0,0,0,0,20316
128555,0,15,0,0,0,0,20377
128556,0,15,0,0,0,0,20698
128557,0,9,0,0,0,0,20627
128558,0,15,0,0,0,0,20407
128559,0,15,0,0,0,0,20297
128560,0,15,0,0,0,0,21171
128562,0,9,0,0,48140,0,19674
128563,0,15,0,0,31788,0,20743
128564,0,15,0,0,0,0,21068
128565,0,15,0,0,0,0,20400
128566,0,15,0,0,0,0,20401
128567,0,15,0,0,0,0,20402
128568,0,15,0,0,0,0,20405
128569,0,15,0,0,0,0,20787
128570,0,15,0,0,0,0,20790
128572,0,15,0,0,0,0,19668
128574,0,15,0,0,0,0,19831
128575,0,0,0,0,31796,0,19832
128576,0,15,0,0,0,0,19833
128578,0,15,0,0,0,0,20388
128579,0,15,0,0,0,0,20650
128580,0,9,0,0,48140,0,19694
128581,0,9,0,0,48140,0,19696
128582,0,15,0,0,0,0,20033
128584,0,8,0,0,0,0,20508
128585,0,9,0,0,0,0,20536
128586,0,8,0,0,0,0,20537
128587,0,15,0,0,0,0,20322
128588,0,15,0,0,0,0,20434
128589,0,15,0,0,0,0,20030
128590,0,15,0,0,0,0,20610
128591,0,15,0,0,0,0,20408
128592,0,0,4127,0,4127,0,21157
128594,0,15,0,0,0,0,20395
128595,0,15,0,0,0,0,20323
128596,0,15,0,0,0,0,20324
128597,0,15,0,0,0,0,20329
128599,0,9,0,0,48140,0,19693
128600,0,15,0,0,0,0,20692
128602,0,14,0,0,0,0,21050
128603,0,15,0,0,0,0,20404
128604,0,15,0,0,0,0,20406
128605,0,15,0,0,0,0,20031
128606,0,15,0,0,0,0,20648
128607,0,0,4099,0,0,0,25678
128608,0,15,0,0,175116,0,19881
128610,0,15,0,0,0,0,21059
128611,0,15,0,0,0,0,20568
128612,0,15,0,0,0,0,20649
128613,0,15,0,0,0,0,20312
128614,0,15,0,0,0,0,21067
128615,0,15,0,0,0,0,19646
128616,0,15,0,0,0,0,19781
128617,0,15,0,0,0,0,20848
128618,0,1,262272,0,0,0,25701
128619,0,15,0,0,0,0,20678
128620,0,8,0,0,0,0,20679
128621,0,15,0,0,0,0,20696
128622,0,9,0,0,0,0,20733
128623,0,15,0,0,0,0,20317
128624,0,15,0,0,0,0,19972
128625,0,8,0,0,0,0,20798
128626,0,15,0,0,0,0,20383
128627,0,15,0,0,0,0,20384
128628,0,15,0,0,0,0,20385
128629,0,15,0,0,0,0,20773
128630,0,15,0,0,0,0,20403
128634,0,8,0,0,0,0,21564
128635,0,15,0,0,0,0,20897
128636,0,0,2,0,0,0,19872
128637,0,15,0,0,0,0,20032
128638,0,15,0,0,0,0,20393
128639,0,15,0,0,0,0,20394
128640,0,15,0,0,0,0,20680
128641,0,15,0,0,0,0,20318
128642,0,15,0,0,0,0,20319
128643,0,15,0,0,0,0,20320
128644,0,15,0,0,0,0,20321
128645,0,15,0,0,0,0,21073
128651,0,9,0,0,0,0,20685
128652,0,15,0,0,0,0,20399
128653,0,31,0,0,0,0,21066
128654,0,9,0,0,0,0,20299
128655,0,15,0,0,0,0,20890
128656,0,15,0,0,0,0,20484
128657,0,9,0,0,0,0,20535
128658,0,9,0,0,0,0,22415
128659,0,8,0,0,0,0,21850
128660,0,31,0,0,0,0,22810
128661,0,15,0,0,0,0,20815
128663,0,31,8,0,0,0,21885
128664,0,0,4127,0,4127,0,21227
128665,0,15,0,0,0,0,21971
128666,0,0,3,0,0,0,21980
128667,0,15,0,0,0,0,23629
128668,0,15,0,0,0,0,19889
128669,0,15,0,0,0,0,22101
128670,0,15,0,0,0,0,20034
128671,0,15,0,0,0,0,20762
128672,0,15,0,0,0,0,20763
128673,0,15,0,0,0,0,20807
128674,0,1,262272,0,0,0,21149
128675,0,15,0,0,0,0,20825
128676,0,0,0,0,15372,0,21833
128677,0,15,0,0,0,0,22844
128680,0,15,0,0,0,0,20816
128682,0,15,0,0,0,0,20820
128683,0,15,0,0,0,0,22100
128684,0,9,0,0,0,0,22127
128685,0,15,0,0,0,0,19667
128687,0,31,128,0,0,0,22723
128690,0,8,0,0,0,0,20905
128691,0,15,0,0,0,0,22480
128694,0,15,0,0,0,0,20629
128695,0,15,0,0,0,0,22563
128696,0,9,0,0,0,0,20630
128698,0,9,0,0,0,0,20735
128699,0,15,0,0,0,0,22779
128700,0,15,0,0,0,0,21728
128701,0,15,0,0,0,0,20426
128702,0,8,0,0,0,0,21394
128703,0,15,0,0,0,0,20739
128704,0,8,0,0,0,0,22009
128705,0,15,0,0,0,0,20397
128706,0,15,0,0,0,0,21355
128707,0,31,0,0,0,0,21357
128708,0,13,0,0,0,0,20463
128709,0,9,0,0,0,0,20464
128710,0,31,0,0,0,0,21358
128711,0,0,4096,0,0,0,23126
128712,0,15,0,0,0,0,20819
128713,0,15,0,0,0,0,21425
128716,0,15,0,0,0,0,20478
128717,0,15,0,0,0,0,20756
128718,0,15,0,0,0,0,21160
128719,0,15,0,0,0,0,22052
128720,0,15,0,0,0,0,22089
128721,0,15,0,0,0,0,22460
128722,0,15,0,0,0,0,20389
128723,0,15,0,0,0,0,20390
128724,0,15,0,0,0,0,20392
128725,0,15,0,0,0,0,20396
128727,0,0,2,0,0,0,20663
128728,0,0,6147,0,0,0,20540
128729,0,15,0,0,0,0,20549
128730,0,15,0,0,0,0,20822
128731,0,31,128,0,0,0,23229
128732,0,1,0,0,0,0,20506
128733,0,15,0,0,0,0,20201
128735,0,15,0,0,0,0,22104
128736,0,15,0,0,0,0,22106
128737,0,15,0,0,0,0,22421
128739,0,0,0,0,15420,0,20861
128741,0,15,0,0,0,0,20800
128742,0,15,0,0,0,0,20435
128744,0,15,0,0,0,0,20853
128745,0,15,0,0,0,0,20854
128746,0,15,0,0,0,0,20802
128747,0,15,0,0,0,0,20804
128748,0,15,0,0,0,0,20805
128749,0,31,0,0,0,0,21248
128751,0,9,0,0,0,0,22268
128752,0,15,0,0,31788,0,20754
128753,0,15,0,0,0,0,20849
128754,0,31,0,0,0,0,21288
128755,0,15,0,0,0,0,20821
128756,0,9,0,0,0,0,22458
128757,0,31,0,0,0,0,21884
128758,0,15,0,0,0,0,21538
128759,0,0,0,0,15420,0,21916
128760,0,31,0,0,0,0,22227
128761,0,15,0,0,0,0,21549
128762,0,15,0,0,0,0,20707
128763,0,15,0,0,0,0,20709
128764,0,15,0,0,0,0,20824
128765,0,15,0,0,0,0,20826
128766,0,15,0,0,0,0,20792
128768,0,0,2,0,15374,0,23568
128769,0,15,0,0,0,0,22167
128770,0,15,0,0,0,0,20872
128771,0,15,0,0,0,0,21371
128772,0,15,0,0,0,0,20829
128773,0,9,0,0,0,0,21131
128774,0,15,0,0,0,0,20806
128775,0,15,0,0,0,0,20808
128776,0,8,0,0,0,0,20527
128777,0,15,0,0,0,0,20823
128778,0,15,0,0,0,0,20427
128779,0,0,2048,0,0,0,21134
128780,0,15,0,0,0,0,20429
128781,0,15,0,0,0,0,20381
128782,0,15,0,0,0,0,22846
128783,0,15,0,0,0,0,20812
128784,0,15,0,0,0,0,20916
128785,0,15,0,0,0,0,21940
128787,0,15,0,0,0,0,21943
128789,0,8,0,0,0,0,21393
128790,0,15,0,0,0,0,22095
128791,0,15,0,0,0,0,20830
128792,0,15,0,0,0,0,21047
128793,0,15,0,0,0,0,21048
128795,0,15,0,0,0,0,20430
128796,0,15,0,0,0,0,20431
128797,0,31,0,0,0,0,21398
128798,0,15,0,0,0,0,20755
128799,0,31,128,0,0,0,23509
128800,0,15,0,0,0,0,20757
128801,0,15,0,0,0,0,22054
128802,0,15,0,0,0,0,20747
128803,0,15,0,0,0,0,21180
128804,0,15,0,0,0,0,21181
128805,0,0,4127,0,4127,0,21389
128806,0,9,0,0,0,0,21390
128807,0,8,0,0,0,0,21335
128809,0,15,0,0,0,0,22102
128810,0,15,0,0,31788,0,22205
128811,0,15,0,0,0,0,21402
128812,0,15,0,0,0,0,21537
128814,0,0,2,0,0,0,20989
128815,0,15,0,0,0,0,22793
128816,0,15,0,0,0,0,20432
128817,0,15,0,0,0,0,20433
128818,0,15,0,0,0,0,20714
128819,0,15,0,0,0,0,20664
128820,0,15,0,0,0,0,20813
128821,0,31,0,0,0,0,23180
128823,0,15,0,0,0,0,21730
128824,0,8,0,0,0,0,22696
128825,0,15,10,0,10,0,22203
128826,0,0,0,0,4108,0,21808
128827,0,15,0,0,0,0,23705
128828,0,0,0,0,8,0,22011
128830,0,15,0,0,0,0,20827
128831,0,15,0,0,0,0,21077
128832,0,15,0,0,0,0,22597
128833,0,15,0,0,0,0,22598
128834,0,15,0,0,0,0,22868
128835,0,15,0,0,0,0,23102
128836,0,15,0,0,0,0,20298
128837,0,15,0,0,0,0,20313
128838,0,15,0,0,0,0,20314
128839,0,15,0,0,0,0,22562
128840,0,31,0,0,0,0,22565
128841,0,15,0,0,0,0,22566
128842,0,15,0,0,0,0,23491
128844,0,31,0,0,0,0,21939
128845,0,15,0,0,15420,0,21096
128846,0,15,0,0,0,0,21097
128847,0,9,0,0,0,0,22945
128848,0,15,0,0,0,0,22695
128850,0,1,3,0,0,0,21848
128852,0,15,0,0,0,0,23632
128853,0,15,0,0,0,0,22999
128854,0,15,0,0,31788,0,22919
128855,0,15,0,0,0,0,22921
128857,0,15,0,0,0,0,22732
128858,0,15,0,0,0,0,23206
128859,0,0,0,0,4104,0,21708
128860,0,15,0,0,0,0,21787
128861,0,31,0,0,0,0,23013
128862,0,15,0,0,0,0,23666
128863,0,9,0,0,0,0,23207
128864,0,15,0,0,0,0,23208
128865,0,15,0,0,0,0,23209
128866,0,15,0,0,0,0,22424
128867,0,15,0,0,0,0,20748
128868,0,15,0,0,0,0,23113
128869,0,9,0,0,0,0,23359
128870,0,15,0,0,0,0,22051
128871,0,14,0,0,0,0,22682
128872,0,15,0,0,0,0,21668
128873,0,15,0,0,0,0,22750
128874,0,15,0,0,0,0,20764
128875,0,15,0,0,0,0,20765
128876,0,31,0,0,0,0,21651
128877,0,15,0,0,0,0,21652
128878,0,0,2,0,15374,0,21955
128879,0,31,0,0,0,0,21654
128880,0,8,0,0,0,0,21655
128881,0,31,0,0,0,0,23062
128882,0,31,0,0,0,0,23012
128884,0,31,0,0,0,0,22334
128885,0,31,0,0,31788,0,21791
128889,0,15,0,0,0,0,22053
128890,0,15,0,0,0,0,22704
128891,0,8,0,0,0,0,21669
128892,0,15,0,0,0,0,20811
128893,0,0,131078,0,0,0,23452
128894,0,8,0,0,0,0,22128
128895,0,15,0,0,0,0,22433
128896,0,8,0,0,0,0,22781
128897,0,9,0,0,0,0,23024
128898,0,15,0,0,0,0,22356
128899,0,15,0,0,0,0,22564
128900,0,31,8,0,0,0,21950
128901,0,15,0,0,0,0,22027
128902,0,9,0,0,0,0,31363
128903,0,13,0,0,0,0,22411
128904,0,15,0,0,0,0,22599
128905,0,15,0,0,0,0,20855
128906,0,31,128,0,0,0,22722
128907,0,15,0,0,0,0,22593
128908,0,9,0,0,0,0,22665
128909,0,15,0,0,0,0,23704
128910,0,15,0,0,0,0,22709
128911,0,8,0,0,0,0,21337
128912,0,8,0,0,0,0,22782
128913,0,0,2,0,0,0,22641
128914,0,15,0,0,0,0,23054
128915,0,31,0,0,0,0,23453
128916,0,15,0,0,0,0,22596
128917,0,31,128,0,0,0,22717
128918,0,15,0,0,0,0,23706
128919,0,13,0,0,0,0,23073
128921,0,15,0,0,0,0,22677
128922,0,15,0,0,0,0,21729
128923,0,9,0,0,0,0,23004
128924,0,15,0,0,0,0,22840
128925,0,9,0,0,0,0,22924
128926,0,15,0,0,0,0,21367
128927,0,31,0,0,0,0,21912
128928,0,0,3801088,0,0,0,23333
128929,0,31,0,0,0,0,22710
128930,0,31,128,0,0,0,22719
128931,0,31,128,0,0,0,22720
128932,0,31,128,0,0,0,22721
128933,0,0,3801088,0,0,0,23335
128934,0,8,0,0,0,0,23380
128935,0,15,0,0,0,0,22678
128937,0,15,0,0,0,0,21161
128938,0,13,0,0,0,0,22121
128939,0,8,0,0,0,0,21849
128940,0,15,0,0,0,0,22274
128941,0,9,0,0,0,0,22744
128943,0,15,0,0,0,0,21923
128945,0,15,0,0,0,0,22711
128946,0,7,0,0,0,0,20901
128949,0,15,0,0,0,0,22091
128950,0,15,0,0,0,0,22092
128951,0,15,0,0,0,0,22336
128952,0,7,0,0,0,0,20903
128953,0,15,0,0,0,0,21667
128954,0,9,0,0,0,0,22425
128955,0,9,0,0,0,0,22743
128956,0,31,0,0,0,0,21957
128957,0,15,0,0,0,0,21175
128958,0,15,0,0,0,0,22749
128959,0,15,0,0,0,0,21945
128960,0,0,0,0,4110,0,23014
128961,0,15,0,0,0,0,23016
128962,0,0,4127,0,4127,0,23017
128963,0,15,0,0,0,0,20876
128964,0,31,0,0,0,0,21188
128965,0,0,6147,0,0,0,22766
128966,0,0,4127,0,4127,0,23018
128967,0,15,0,0,0,0,21931
128968,0,0,131072,0,0,0,23451
128969,0,15,0,0,0,0,22168
128972,0,9,0,0,4104,0,21866
128973,0,15,0,0,0,0,22090
128974,0,0,0,0,15372,0,22739
128975,0,9,0,0,4104,0,21794
128976,0,15,0,0,0,0,21807
128977,0,15,0,0,0,0,22645
128978,0,0,2,0,0,0,22646
128979,0,15,0,0,0,0,22651
128981,0,31,0,0,31788,0,21793
128982,0,15,0,0,0,0,22813
128983,0,31,0,0,0,0,23152
128984,0,15,0,0,0,0,21832
128986,0,15,0,0,0,0,20873
128987,0,15,0,0,0,0,20874
128989,0,31,0,0,0,0,21960
128990,0,31,128,0,0,0,22718
128991,0,8,0,0,0,0,22273
128993,0,31,0,0,0,0,23136
128994,0,9,0,0,0,0,21544
128995,0,8,0,0,0,0,22783
128996,0,15,0,0,0,0,21913
128997,0,9,0,0,0,0,22664
128998,0,8,0,0,0,0,22206
128999,0,15,0,0,0,0,22594
129000,0,15,0,0,0,0,22414
129001,0,15,0,0,0,0,22926
129002,0,31,0,0,0,0,22430
129003,0,15,0,0,0,0,23862
129004,0,15,0,0,0,0,23396
129005,0,13,0,0,0,0,22907
129006,0,15,0,0,0,0,22275
129007,0,0,2,0,15374,0,23569
129009,0,31,128,0,0,0,23238
129010,0,0,163840,0,0,0,23457
129011,0,0,28,0,0,0,23676
129012,0,13,0,0,0,0,24178
129013,0,31,128,0,0,0,23223
129014,0,31,0,0,0,0,23061
129015,0,15,0,0,8,0,23015
129016,0,15,0,0,0,0,23628
129017,0,15,0,0,0,0,23799
129018,0,15,0,0,0,0,23800
129019,0,0,524288,0,0,0,23175
129020,0,15,0,0,0,0,24165
129022,0,15,0,0,0,0,24136
129023,0,31,128,0,0,0,23338
129024,0,31,0,0,0,0,23339
129026,0,8,0,0,0,0,23697
129027,0,15,0,0,0,0,23381
129028,0,31,0,0,0,0,23140
129030,0,15,0,0,0,0,23489
129031,0,15,0,0,0,0,23142
129032,0,15,0,0,0,0,23652
129035,0,15,0,0,0,0,23708
129037,0,0,163840,0,0,0,23444
129038,0,15,0,0,0,0,22098
129039,0,31,0,0,0,0,26103
129040,0,15,0,0,0,0,23079
129041,0,15,0,0,0,0,23709
129042,0,0,2,0,15374,0,23696
129043,0,15,2,0,0,0,23103
129044,0,15,0,0,0,0,22099
129046,0,15,0,0,0,0,23801
129048,0,9,0,0,0,0,21331
129049,0,31,0,0,0,0,21332
129050,0,0,4127,0,4127,0,21392
129051,0,15,0,0,0,0,23703
129052,0,15,0,0,0,0,23143
129053,0,31,128,0,0,0,23228
129054,0,15,0,0,0,0,22993
129055,0,15,0,0,0,0,23331
129056,0,15,0,0,0,0,22088
129057,0,15,0,0,0,0,23041
129058,0,0,524288,0,0,0,23177
129062,0,15,0,0,0,0,23141
129063,0,15,0,0,0,0,24239
129064,0,31,0,0,0,0,23442
129065,0,15,128,0,0,0,23161
129066,0,1,262272,0,0,0,23698
129067,0,15,0,0,0,0,23486
129069,0,15,0,0,0,0,23144
129070,0,13,0,0,0,0,23337
129071,0,15,0,0,0,0,23636
129072,0,15,0,0,0,0,23637
129075,0,15,0,0,0,0,22902
129076,0,9,0,0,0,0,22681
129077,0,15,0,0,0,0,22643
129079,0,31,128,0,0,0,23240
129080,0,31,128,0,0,0,23248
129081,0,0,163840,0,0,0,23456
129082,0,31,0,0,0,0,24109
129083,0,31,0,0,0,0,23058
129084,0,0,3801088,0,0,0,21546
129085,0,15,0,0,0,0,21369
129086,0,1,262272,0,0,0,24005
129087,0,15,0,0,0,0,24006
129088,0,15,0,0,0,0,22865
129089,0,15,0,0,31788,0,22823
129090,0,15,0,0,31756,0,22272
129091,0,15,0,0,0,0,21370
129092,0,15,0,0,0,0,23490
129093,0,15,0,0,0,0,23804
129094,0,15,0,0,0,0,23042
129095,0,0,1703936,0,0,0,23764
129096,0,31,0,0,0,0,23811
129097,0,15,0,0,0,0,22967
129099,0,15,0,0,0,0,22094
129101,0,15,0,0,0,0,22883
129102,0,15,0,0,0,0,22869
129104,0,15,0,0,0,0,22928
129106,0,15,0,0,0,0,23667
129110,0,15,0,0,0,0,22725
129111,0,15,0,0,0,0,22727
129112,0,8,0,0,0,0,22539
129114,0,31,0,0,0,0,23432
129115,0,15,128,0,0,0,23214
129116,0,0,15495,0,0,0,23355
129117,0,0,0,0,48140,0,23356
129120,0,15,0,0,0,0,22103
129121,0,15,0,0,0,0,22519
129123,0,8,0,0,0,0,23028
129125,0,15,0,0,0,0,23803
129126,0,15,0,0,0,0,23071
129127,0,8,0,0,0,0,22884
129128,0,15,0,0,0,0,23507
129130,0,15,0,0,0,0,23707
129131,0,15,0,0,0,0,23193
129132,0,15,0,0,0,0,23069
129133,0,15,0,0,0,0,23070
129134,0,9,0,0,0,0,22666
129135,0,15,0,0,0,0,23190
129136,0,8,4194304,0,0,0,22817
129137,0,15,0,0,0,0,23710
129139,0,31,0,0,0,0,22876
129140,0,15,0,0,0,0,22357
129141,0,15,0,0,0,0,23080
129142,0,15,0,0,0,0,23081
129143,0,15,0,0,0,0,23082
129145,0,31,128,0,0,0,23219
129146,0,31,128,0,0,0,23227
129149,0,31,128,0,0,0,23243
129150,0,15,0,0,0,0,23192
129151,0,15,0,0,0,0,22313
129152,0,15,0,0,0,0,22756
129153,0,15,0,0,0,0,22757
129154,0,31,0,0,0,0,23428
129156,0,8,4194304,0,0,0,22818
129157,0,15,0,0,0,0,22887
129158,0,15,0,0,0,0,23077
129160,0,15,0,0,0,0,23638
129161,0,15,0,0,0,0,23639
129162,0,15,0,0,0,0,22373
129163,0,31,0,0,0,0,23429
129164,0,31,0,0,0,0,23430
129165,0,15,0,0,0,0,23151
129166,0,31,0,0,0,0,23224
129168,0,8,0,0,0,0,22812
129169,0,15,0,0,0,0,23068
129170,0,31,128,0,0,0,23225
129171,0,1,0,0,0,0,22910
129173,0,13,0,0,0,0,24309
129174,0,15,0,0,0,0,23268
129175,0,1,262272,0,0,0,22734
129176,0,15,0,0,0,0,23662
129177,0,15,0,0,0,0,23663
129178,0,15,0,0,0,0,23664
129180,0,15,0,0,0,0,22795
129181,0,15,0,0,0,0,22864
129182,0,31,0,0,0,0,22686
129183,0,15,0,0,0,0,23106
129186,0,15,0,0,0,0,22923
129187,0,15,0,0,0,0,22797
129188,0,15,0,0,0,0,23039
129189,0,1,0,0,0,0,22908
129193,0,15,0,0,0,0,23096
129194,0,0,1703936,0,0,0,23763
129195,0,15,0,0,0,0,22761
129196,0,15,0,0,0,0,23665
129197,0,15,0,0,0,0,23194
129198,0,0,4097,0,0,0,23493
129199,0,15,0,0,0,0,22815
129200,0,15,0,0,31788,0,22822
129201,0,15,0,0,0,0,22331
129202,0,31,128,0,0,0,22724
129204,0,15,0,0,0,0,22759
129209,0,15,0,0,0,0,23008
129210,0,1,262272,0,0,0,24411
129211,0,15,0,0,0,0,24912
129212,0,15,0,0,0,0,24288
129215,0,8,0,0,0,0,23947
129216,0,31,0,0,0,0,23975
129217,0,8,0,0,0,0,23948
129218,0,0,144391,0,0,0,24450
129219,0,0,256,0,0,0,24346
129220,0,15,0,0,0,0,24302
129222,0,0,4097,0,0,0,24379
129223,0,15,0,0,0,0,24011
129224,0,15,0,0,0,0,24399
129226,0,15,0,0,0,0,24420
129227,0,15,0,0,0,0,23931
129228,0,0,0,0,31788,0,24826
129229,0,23,0,0,15375,0,24828
129230,0,0,144391,0,0,0,24453
129232,0,1,262272,0,0,0,24355
129234,0,31,0,0,0,0,24863
129235,0,0,131072,0,0,0,23978
129236,0,15,0,0,0,0,24137
129239,0,15,0,0,0,0,24901
129240,0,15,0,0,0,0,24161
129241,0,15,0,0,0,0,24847
129243,0,9,0,0,0,0,22372
129245,0,31,128,0,0,0,23249
129246,0,15,0,0,0,0,24141
129247,0,15,0,0,0,0,24194
129248,0,31,0,0,0,0,24898
129250,0,15,0,0,0,0,24422
129252,0,15,0,0,0,0,24195
129253,0,15,0,0,0,0,24289
129254,0,15,0,0,0,0,24290
129255,0,15,0,0,0,0,22927
129256,0,15,0,0,0,0,22713
129258,0,15,0,0,0,0,23650
129259,0,0,0,0,15406,0,23598
129260,0,0,2,0,0,0,23601
129262,0,15,0,0,0,0,24049
129265,0,15,0,0,0,0,23802
129266,0,15,0,0,0,0,22922
129267,0,9,0,0,0,0,24189
129268,0,15,0,0,0,0,24212
129269,0,31,0,0,0,0,24173
129270,0,0,1048576,0,0,0,24314
129271,0,15,0,0,0,0,22661
129272,0,15,0,0,0,0,23895
129273,0,31,0,0,0,0,24874
129275,0,15,0,0,0,0,23129
129277,0,31,0,0,0,0,22946
129278,0,15,0,0,0,0,24138
129281,0,0,0,0,8,0,24323
129282,0,15,0,0,0,0,22947
129283,0,15,0,0,0,0,23066
129284,0,15,0,0,0,0,23067
129285,0,1,262272,0,0,0,22731
129286,0,15,0,0,0,0,24139
129287,0,15,0,0,0,0,24140
129288,0,0,2,0,0,0,23603
129289,0,31,128,0,0,0,23220
129290,0,1,262272,0,0,0,23541
129291,0,31,0,0,0,0,23431
129292,0,1,0,0,0,0,23680
129293,0,15,0,0,0,0,22937
129295,0,0,0,0,8,0,24322
129296,0,0,4107,0,0,0,24390
129297,0,0,4107,0,0,0,24391
129298,0,15,0,0,0,0,24421
129299,0,0,2,0,0,0,24004
129301,0,1,262272,0,0,0,24869
129302,0,0,2,0,15374,0,24412
129303,0,0,2,0,15374,0,24413
129304,0,1,262272,0,0,0,24384
129305,0,31,0,0,0,0,24245
129306,0,15,10,0,10,0,23642
129307,0,1,0,0,0,0,23678
129308,0,1,0,0,0,0,23679
129309,0,0,2,0,15374,0,23567
129311,0,15,0,0,0,0,22938
129312,0,15,0,0,0,0,24365
129313,0,15,0,0,0,0,23979
129316,0,15,130,0,0,0,24360
129322,0,31,0,0,0,0,23531
129323,0,15,0,0,0,0,24356
129326,0,31,128,0,0,0,24242
129327,0,15,0,0,0,0,24162
129328,0,15,0,0,0,0,24163
129329,0,31,0,0,0,0,24885
129330,0,31,128,0,0,0,23246
129331,0,1,0,0,0,0,23677
129333,0,15,0,0,0,0,24164
129335,0,15,0,0,31788,0,24435
129336,0,0,2,0,0,0,24335
129337,0,15,0,0,0,0,23392
129338,0,15,0,0,0,0,23399
129339,0,31,128,0,0,0,23242
129340,0,1,0,0,0,0,23675
129341,0,15,0,0,0,0,23391
129342,0,31,128,0,0,0,23252
129343,0,15,0,0,0,0,24902
129344,0,15,0,0,0,0,24903
129345,0,15,0,0,0,0,24612
129346,0,15,0,0,0,0,24121
129347,0,15,0,0,0,0,24122
129348,0,15,0,0,0,0,24125
129349,0,15,0,0,0,0,22866
129350,0,9,0,0,15420,0,24236
129351,0,31,0,0,0,0,24887
129352,0,15,0,0,0,0,24208
129353,0,15,0,0,0,0,24209
129354,0,15,0,0,0,0,22867
129355,0,15,0,0,0,0,22870
129357,0,15,0,0,0,0,23461
129358,0,0,0,0,31788,0,24614
129359,0,0,0,0,31788,0,24615
129360,0,31,0,0,0,0,23530
129361,0,31,128,0,0,0,23250
129362,0,31,128,0,0,0,23251
129363,0,0,2,0,15374,0,24414
129364,0,15,0,0,0,0,23860
129365,0,15,0,0,0,0,24377
129366,0,31,128,0,0,0,23239
129367,0,31,128,0,0,0,23241
129368,0,1,262272,0,0,0,23692
129369,0,15,0,0,0,0,23253
129370,0,1,262272,0,0,0,23540
129372,0,0,37124,0,0,0,24347
129373,0,15,0,0,0,0,24226
129374,0,15,0,0,0,0,24160
129375,0,31,128,0,0,0,23247
129376,0,15,0,0,0,0,24418
129378,0,8,0,0,0,0,23859
129379,0,31,128,0,0,0,23221
129380,0,31,128,0,0,0,23222
129381,0,31,128,0,0,0,24252
129382,0,0,0,0,4124,0,24617
129383,0,15,0,0,31788,0,24618
129384,0,15,0,0,0,0,23254
129385,0,1,262272,0,0,0,24409
129386,0,1,262272,0,0,0,24410
129389,0,15,0,0,0,0,22949
129391,0,1,262272,0,0,0,24800
129392,0,15,0,0,0,0,24680
129393,0,15,0,0,0,0,23952
129394,0,31,0,0,0,0,27722
129395,0,15,0,0,0,0,24099
129397,0,15,0,0,31788,0,24669
129398,0,15,0,0,31756,0,25345
129399,0,15,0,0,0,0,25424
129400,0,15,0,0,0,0,25123
129401,0,15,0,0,0,0,24940
129403,0,15,0,0,0,0,24942
129404,0,15,0,0,0,0,24668
129405,0,31,0,0,0,0,27723
129406,0,15,0,0,0,0,24973
129407,0,15,0,0,0,0,24654
129409,0,31,0,0,0,0,24891
129410,0,31,0,0,0,0,25162
129411,0,15,0,0,0,0,27659
129412,0,15,0,0,0,0,24726
129413,0,15,0,0,0,0,25306
129414,0,15,0,0,0,0,25307
129415,0,15,0,0,0,0,25309
129416,0,15,0,0,0,0,25314
129417,0,15,0,0,0,0,25357
129418,0,15,0,0,0,0,24357
129420,0,15,0,0,0,0,25297
129423,0,15,0,0,0,0,25127
129424,0,15,0,0,0,0,25128
129426,0,15,0,0,0,0,27632
129428,0,15,0,0,0,0,24611
129430,0,15,0,0,0,0,25497
129431,0,15,0,0,0,0,23954
129432,0,1,262272,0,0,0,23542
129433,0,9,0,0,0,0,23786
129434,0,15,0,0,0,0,23787
129435,0,15,0,0,31788,0,23953
129436,0,5,128,0,0,0,24706
129437,0,8,0,0,0,0,27681
129439,0,15,0,0,0,0,25021
129440,0,15,0,0,15420,0,24619
129441,0,9,0,0,0,0,25034
129442,0,31,128,0,0,0,23510
129444,0,1,0,0,0,0,24427
129445,0,0,2,0,0,0,24698
129447,0,15,0,0,0,0,24670
129448,0,15,0,0,0,0,25347
129450,0,1,262272,0,0,0,24707
129451,0,31,0,0,0,0,24263
129452,0,0,128,0,0,0,24265
129453,0,15,0,0,0,0,24266
129454,0,0,0,0,15420,0,26038
129455,0,0,0,0,8,0,24018
129456,0,31,0,0,0,0,24892
129457,0,0,4096,0,0,0,24699
129458,0,31,0,0,0,0,24897
129459,0,15,0,0,0,0,24167
129460,0,15,0,0,0,0,24168
129461,0,31,0,0,0,0,24888
129462,0,15,0,0,0,0,24275
129463,0,8,0,0,0,0,25315
129464,0,15,0,0,0,0,24124
129465,0,31,128,0,0,0,24576
129466,0,15,0,0,0,0,24367
129467,0,15,0,0,0,0,24281
129468,0,31,0,0,0,0,24896
129469,0,15,0,0,0,0,25316
129470,0,13,0,0,0,0,25186
129471,0,5,0,0,2,0,24844
129472,0,15,0,0,0,0,24123
129474,0,0,2,0,0,0,25189
129475,0,15,0,0,0,0,24850
129476,0,31,0,0,0,0,24696
129477,0,15,0,0,0,0,24655
129478,0,15,0,0,0,0,24366
129479,0,15,0,0,0,0,25351
129480,0,15,0,0,0,0,24703
129482,0,15,0,0,0,0,24374
129483,0,0,524288,0,0,0,24935
129485,0,15,0,0,0,0,24284
129486,0,8,0,0,0,0,24530
129487,0,15,0,0,0,0,25117
129488,0,15,0,0,0,0,25118
129489,0,15,0,0,0,0,25119
129490,0,31,0,0,0,0,27720
129491,0,31,0,0,0,0,27721
129494,0,9,0,0,0,0,24024
129495,0,15,0,0,0,0,25120
129496,0,15,0,0,0,0,24280
129497,0,8,0,0,0,0,25299
129498,0,15,0,0,4108,0,24300
129499,0,15,0,0,0,0,25304
129500,0,15,0,0,0,0,24285
129502,0,15,0,0,0,0,24092
129503,0,15,0,0,0,0,24093
129504,0,15,0,0,0,0,25129
129505,0,15,0,0,0,0,25130
129507,0,15,0,0,0,0,24149
129508,0,15,0,0,0,0,24274
129509,0,0,143367,0,0,0,24452
129510,0,15,0,0,0,0,24282
129511,0,15,0,0,0,0,24091
129512,0,1,262272,0,0,0,25990
129513,0,15,0,0,0,0,24801
129514,0,15,0,0,0,0,25992
129515,0,15,0,0,0,0,25083
129516,0,1,262272,0,0,0,25690
129517,0,15,0,0,0,0,24947
129518,0,31,131,0,0,0,25953
129519,0,15,0,0,0,0,25954
129521,0,13,0,0,0,0,26198
129523,0,9,0,0,0,0,25003
129525,0,31,0,0,0,0,26010
129530,0,15,0,0,0,0,24851
129531,0,15,0,0,0,0,24848
129532,0,1,262272,0,0,0,25697
129533,0,15,0,0,0,0,26091
129534,0,13,0,0,0,0,25806
129536,0,0,4194304,0,0,0,26014
129537,0,15,0,0,0,0,25972
129539,0,9,0,0,0,0,25024
129540,0,13,0,0,0,0,26195
129541,0,5,0,0,2,0,25011
129542,0,1,262272,0,0,0,25695
129543,0,15,0,0,0,0,26011
129544,0,9,0,0,0,0,25030
129545,0,5,0,0,2,0,25008
129546,0,5,0,0,2,0,25010
129547,0,31,0,0,0,0,24264
129548,0,15,0,0,0,0,24368
129551,0,8,0,0,0,0,24957
129552,0,31,0,0,0,0,24895
129553,0,15,0,0,0,0,24849
129555,0,15,0,0,0,0,25023
129556,0,0,0,0,15420,0,25165
129557,0,15,0,0,0,0,24054
129558,0,1,262272,0,0,0,29029
129559,0,15,0,0,0,0,25052
129560,0,15,0,0,0,0,26069
129561,0,15,0,0,0,0,24279
129562,0,31,0,0,0,0,27291
129564,0,1,572429,0,8,0,25247
129565,0,15,0,0,0,0,25086
129568,0,31,0,0,0,0,25146
129570,0,15,0,0,0,0,26097
129571,0,15,0,0,0,0,26098
129572,0,0,131074,0,0,0,24927
129573,0,15,0,0,0,0,25081
129576,0,9,0,0,0,0,26071
129577,0,9,0,0,0,0,24939
129578,0,31,0,0,0,0,25018
129579,0,0,524288,0,0,0,25006
129580,0,15,0,0,0,0,26085
129581,0,15,0,0,0,0,26086
129582,0,15,0,0,0,0,25112
129583,0,15,0,0,0,0,25292
129584,0,15,0,0,15420,0,25019
129585,0,15,0,0,0,0,25298
129586,0,13,0,0,0,0,25200
129587,0,13,0,0,0,0,26197
129588,0,0,0,0,15420,0,26083
129589,0,15,0,0,0,0,25084
129590,0,31,0,0,0,0,26206
129591,0,31,0,0,0,0,26207
129592,0,15,0,0,0,0,25079
129593,0,15,0,0,0,0,25080
129594,0,15,0,0,0,0,25311
129598,0,15,0,0,0,0,25082
129599,0,15,0,0,0,0,26087
129602,0,15,0,0,0,0,25974
129605,0,8,0,0,0,0,25346
129606,0,15,0,0,0,0,24913
129607,0,15,0,0,0,0,25072
129608,0,15,0,0,0,0,25073
129609,0,15,0,0,0,0,25074
129614,0,15,0,0,0,0,25719
129615,0,31,0,0,256,0,25849
129616,0,31,0,0,0,0,25850
129617,0,31,0,0,0,0,26134
129621,0,15,0,0,0,0,25983
129622,0,31,128,0,0,0,25863
129623,0,9,0,0,0,0,24767
129624,0,15,0,0,0,0,26137
129625,0,1,262272,0,0,0,25696
129626,0,15,0,0,0,0,25058
129627,0,15,0,0,0,0,25262
129628,0,1,262272,0,0,0,25703
129629,0,15,128,0,0,0,25085
129630,0,15,0,0,0,0,26012
129631,0,31,131,0,0,0,26055
129632,0,31,131,0,0,0,26056
129633,0,9,0,0,0,0,26059
129634,0,15,0,0,0,0,26167
129635,0,15,0,0,0,0,26373
129636,0,8,0,0,0,0,25059
129637,0,31,131,0,0,0,26054
129638,0,5,0,0,2,0,25009
129639,0,15,0,0,0,0,24995
129640,0,15,0,0,0,0,25704
129642,0,15,0,0,0,0,25121
129643,0,9,0,0,0,0,25698
129644,0,9,0,0,0,0,25699
129645,0,1,262272,0,0,0,25702
129646,0,15,0,0,0,0,26070
129647,0,15,0,0,0,0,25122
129649,0,8,0,0,0,0,25260
129650,0,31,0,0,0,0,24890
129651,0,31,0,0,0,0,24889
129652,0,15,0,0,0,0,25078
129653,0,1,262272,0,0,0,25889
129654,0,0,0,0,15423,0,24937
129655,0,15,0,0,0,0,26192
129656,0,15,0,0,0,0,25124
129657,0,15,0,0,0,0,25125
129658,0,15,0,0,0,0,25126
129659,0,31,0,0,0,0,24967
129663,0,15,0,0,0,0,25666
129664,0,31,128,0,0,0,25675
129665,0,5,0,0,2,0,25012
129666,0,9,0,0,0,0,25031
129667,0,15,0,0,0,0,25054
129668,0,15,0,0,0,0,25055
129669,0,1,262272,0,0,0,25700
129670,0,15,0,0,0,0,26046
129671,0,9,0,0,0,0,26047
129672,0,15,0,0,0,0,26048
129673,0,8,0,0,0,0,24752
129674,0,31,0,0,0,0,27241
129675,0,15,0,0,0,0,24997
129676,0,15,0,0,31788,0,26143
129677,0,0,0,0,15420,0,24984
129678,0,15,0,0,0,0,26049
129679,0,8,0,0,0,0,26042
129681,0,15,0,0,0,0,27567
129682,0,1,262272,0,0,0,25691
129683,0,1,262272,0,0,0,25692
129684,0,1,262272,0,0,0,25693
129685,0,9,8,0,8,0,25027
129686,0,15,0,0,0,0,25720
129687,0,0,0,0,2,0,25076
129688,0,15,0,0,0,0,24914
129690,0,9,0,0,0,0,24649
129691,0,15,0,0,0,0,25651
129692,0,31,0,0,0,0,25688
129693,0,15,0,0,0,0,26548
129694,0,15,0,0,0,0,28393
129695,0,15,0,0,0,0,27637
129696,0,8,0,0,0,0,27683
129697,0,15,0,0,0,0,27727
129698,0,15,0,0,0,0,26424
129699,0,15,0,0,0,0,26425
129700,0,15,0,0,0,0,26406
129701,0,15,0,0,0,0,28396
129702,0,31,0,0,0,0,26534
129703,0,15,0,0,0,0,28397
129704,0,15,0,0,0,0,26423
129705,0,31,0,0,0,0,26469
129706,0,0,0,0,12,0,28369
129707,0,8,0,0,0,0,28391
129708,0,15,0,0,0,0,27586
129709,0,0,4194304,0,0,0,26489
129710,0,31,0,0,0,0,26375
129711,0,9,0,0,0,0,28299
129712,0,15,0,0,0,0,26418
129713,0,9,0,0,0,0,26419
129714,0,15,0,0,0,0,26420
129715,0,15,0,0,0,0,26421
129716,0,15,0,0,0,0,26426
129717,0,15,0,0,0,0,26456
129718,0,15,0,0,0,0,28394
129722,0,31,0,0,0,0,26528
129723,0,15,0,0,0,0,28023
129724,0,31,0,0,0,0,26532
129725,0,31,0,0,0,0,26533
129726,0,15,0,0,0,0,27589
129727,0,15,0,0,31788,0,26044
129728,0,31,0,0,0,0,26045
129729,0,8,0,0,0,0,28401
129730,0,9,4096,0,0,0,26381
129731,0,31,0,0,0,0,26529
129732,0,1,262272,0,0,0,26401
129733,0,15,0,0,0,0,27093
129734,0,8,0,0,0,0,24930
129735,0,15,0,0,0,0,26565
129737,0,9,0,0,15420,0,28334
129738,0,31,0,0,0,0,26537
129740,0,15,2,0,0,0,27760
129741,0,15,524290,0,0,0,28272
129742,0,31,0,0,0,0,26536
129743,0,1,262272,0,0,0,26402
129744,0,15,0,0,0,0,26403
129745,0,15,0,0,0,0,26408
129746,0,15,0,0,0,0,26409
129747,0,15,0,0,0,0,26410
129749,0,15,0,0,0,0,26412
129750,0,31,0,0,0,0,26530
129751,0,31,0,0,0,0,26531
129752,0,1,262272,0,0,0,26472
129754,0,8,0,0,0,0,26386
129755,0,31,0,0,0,0,26468
129756,0,0,0,0,31788,0,27636
129757,0,31,0,0,0,0,26541
129758,0,15,0,0,0,0,27608
129759,0,1,262272,0,0,0,26474
129760,0,1,262272,0,0,0,26475
129761,0,15,0,0,0,0,26407
129762,0,1,262272,0,0,0,26473
129764,0,15,0,0,0,0,28301
129765,0,15,0,0,0,0,26422
129766,0,15,0,0,0,0,26416
129767,0,15,0,0,0,0,26417
129768,0,15,0,0,0,0,28304
129769,0,15,0,0,0,0,28305
129770,0,15,10,0,10,0,28309
129771,0,15,0,0,31788,0,28310
129772,0,15,0,0,0,0,26414
129773,0,15,0,0,0,0,25813
129774,0,1,262272,0,0,0,25887
129776,0,8,0,0,0,0,27609
129777,0,15,0,0,0,0,26427
129778,0,15,0,0,0,0,26428
129779,0,15,0,0,0,0,27290
129780,0,15,0,0,0,0,25861
129781,0,9,0,0,0,0,25862
129782,0,31,0,0,0,0,25864
129783,0,15,0,0,31788,0,27618
129784,0,31,0,0,0,0,27287
129785,0,13,0,0,0,0,26282
129786,0,15,0,0,0,0,26265
129787,0,1,262272,0,0,0,25660
129791,0,15,0,0,0,0,25668
129792,0,15,0,0,0,0,27624
129793,0,8,0,0,0,0,25815
129795,0,8,0,0,0,0,25816
129796,0,15,0,0,15404,0,25817
129798,0,8,0,0,0,0,26666
129799,0,30,0,0,0,0,27360
129800,0,31,0,0,0,0,28148
129801,0,15,0,0,0,0,27191
129802,0,0,0,0,15372,0,27192
129803,0,0,0,0,15372,0,27193
129804,0,15,0,0,0,0,26277
129806,0,31,0,0,0,0,26299
129807,0,15,0,0,0,0,27585
129808,0,15,0,0,0,0,27587
129809,0,0,15367,0,0,0,27617
129814,0,0,0,0,31788,0,27530
129815,0,15,0,0,0,0,25659
129818,0,15,0,0,0,0,27057
129819,0,15,0,0,0,0,27058
129820,0,15,0,0,0,0,27059
129821,0,31,0,0,0,0,25843
129822,0,31,0,0,0,0,25845
129823,0,31,0,0,0,0,25847
129824,0,15,0,0,0,0,26448
129825,0,15,0,0,0,0,26455
129826,0,15,0,0,0,0,26450
129827,0,15,0,0,31788,0,27640
129828,0,15,0,0,0,0,27641
129830,0,15,0,0,0,0,25779
129831,0,1,0,0,0,0,25851
129832,0,13,0,0,0,0,28317
129834,0,15,0,0,0,0,26451
129835,0,15,0,0,0,0,26452
129836,0,15,0,0,0,0,25807
129837,0,15,0,0,0,0,27588
129838,0,15,0,0,0,0,27590
129839,0,15,0,0,0,0,26453
129840,0,15,0,0,0,0,26454
129841,0,31,0,0,0,0,26298
129845,0,15,0,0,0,0,26279
129847,0,1,0,0,0,0,27686
129848,0,15,0,0,0,0,26443
129850,0,31,0,0,0,0,25853
129851,0,31,0,0,0,0,25854
129852,0,31,0,0,0,0,25855
129853,0,31,0,0,0,0,25856
129854,0,31,128,0,0,0,25859
129857,0,15,0,0,0,0,25793
129858,0,1,262272,0,0,0,25888
129860,0,15,0,0,0,0,27517
129862,0,13,0,0,0,0,26258
129863,0,13,0,0,0,0,26259
129864,0,15,0,0,0,0,26442
129865,0,31,0,0,0,0,27542
129866,0,1,262272,0,0,0,26260
129867,0,0,524288,0,0,0,25773
129868,0,15,0,0,0,0,27527
129869,0,31,128,0,0,0,25858
129870,0,1,262272,0,0,0,26263
129871,0,1,262272,0,0,0,25886
129872,0,1,262272,0,0,0,26261
129873,0,9,0,0,0,0,26262
129874,0,15,0,0,0,0,25818
129876,0,15,0,0,0,0,25811
129877,0,15,0,0,0,0,28209
129878,0,31,0,0,0,0,28439
129879,0,31,0,0,0,0,28440
129880,0,9,0,0,0,0,28450
129881,0,15,4126,0,15406,0,27575
129882,0,9,0,0,0,0,28526
129883,0,15,0,0,0,0,27870
129886,0,15,0,0,0,0,27184
129887,0,15,0,0,0,0,27190
129889,0,31,0,0,0,0,28740
129890,0,15,0,0,0,0,27120
129891,0,15,0,0,0,0,28163
129892,0,0,2,0,0,0,27874
129893,0,31,0,0,0,0,28739
129894,0,15,0,0,0,0,27121
129895,0,0,524288,0,0,0,28200
129896,0,15,0,0,0,0,27122
129897,0,0,0,0,15372,0,27177
129899,0,15,0,0,0,0,28324
129900,0,15,0,0,0,0,28219
129901,0,15,0,0,0,0,28220
129902,0,0,0,0,15372,0,27178
129903,0,31,0,0,0,0,27563
129904,0,0,0,0,44,0,28111
129905,0,31,0,0,0,0,26868
129906,0,0,524288,0,0,0,28204
129907,0,15,0,0,0,0,28205
129908,0,31,0,0,0,0,27922
129909,0,31,0,0,0,0,27572
129910,0,0,4718600,0,0,0,27573
129912,0,31,0,0,0,0,28738
129913,0,31,0,0,0,0,27544
129915,0,15,0,0,0,0,28242
129916,0,15,0,0,0,0,28243
129917,0,0,0,0,15372,0,27194
129919,0,31,0,0,0,0,28487
129920,0,15,0,0,0,0,28221
129921,0,0,0,0,15372,0,27195
129924,0,15,0,0,0,0,27203
129925,0,4,0,0,0,0,28725
129926,0,15,0,0,0,0,28340
129927,0,0,0,0,44,0,28096
129930,0,15,0,0,0,0,28327
129931,0,0,0,0,15372,0,27183
129932,0,15,0,0,0,0,28161
129933,0,15,0,0,0,0,28207
129934,0,15,0,0,0,0,28208
129935,0,0,0,0,15372,0,27196
129936,0,0,0,0,15372,0,27197
129937,0,0,0,0,15372,0,27198
129938,0,0,0,0,15372,0,27199
129939,0,0,0,0,15372,0,27200
129940,0,0,2,0,0,0,28456
129941,0,15,0,0,0,0,28732
129942,0,15,0,0,0,0,27724
129943,0,1,0,0,0,0,28727
129944,0,8,0,0,0,0,28413
129945,0,8,0,0,0,0,28412
129947,0,31,0,0,0,0,28532
129948,0,15,0,0,0,0,28210
129951,0,31,0,0,0,0,28505
129952,0,1,0,0,31772,0,28447
129953,0,15,0,0,0,0,27202
129954,0,15,0,0,0,0,28448
129956,0,15,0,0,0,0,27871
129957,0,15,524290,0,0,0,28270
129958,0,15,0,0,0,0,27837
129960,0,0,2,0,0,0,27873
129961,0,15,0,0,0,0,27889
129962,0,15,0,0,0,0,27890
129963,0,15,0,0,0,0,28224
129964,0,9,0,0,15420,0,28333
129965,0,31,0,0,0,0,28146
129966,0,15,0,0,0,0,28165
129967,0,15,0,0,0,0,28222
129968,0,15,0,0,0,0,28223
129969,0,9,0,0,0,0,28524
129971,0,15,0,0,0,0,27104
129972,0,0,4097,0,0,0,26869
129973,0,0,0,0,15372,0,27603
129974,0,15,0,0,0,0,27642
129976,0,15,0,0,0,0,27658
129977,0,15,0,0,0,0,26743
129978,0,9,0,0,0,0,27831
129979,0,15,0,0,0,0,27832
129980,0,31,0,0,0,0,27752
129981,0,1,0,0,0,0,27753
129982,0,15,0,0,0,0,27116
129983,0,0,524288,0,0,0,27819
129985,0,15,0,0,0,0,27834
129987,0,15,0,0,15374,0,29134
129989,0,31,0,0,0,0,28871
129990,0,15,0,0,0,0,28293
129991,0,31,0,0,0,0,28099
129992,0,31,0,0,0,0,27849
129993,0,15,0,0,0,0,27117
129994,0,0,524288,0,0,0,27861
129995,0,15,0,0,0,0,27118
129996,0,15,0,0,0,0,27119
129997,0,31,0,0,0,0,27852
129998,0,15,0,0,0,0,27113
129999,0,15,0,0,0,0,27114
130000,0,15,0,0,0,0,27115
130001,0,15,0,0,0,0,26616
130003,0,31,128,0,0,0,26655
130006,0,15,0,0,0,0,30091
130007,0,15,0,0,0,0,27102
130008,0,15,0,0,0,0,27201
130009,0,31,128,0,0,0,26656
130010,0,8,0,0,0,0,27605
130012,0,31,0,0,0,0,26587
130015,0,8,0,0,0,0,27606
130016,0,8,0,0,0,0,27607
130017,0,31,0,0,0,0,26973
130018,0,9,0,0,0,0,26972
130019,0,31,0,0,0,0,26974
130020,0,31,0,0,0,0,26588
130021,0,15,0,0,0,0,27107
130022,0,15,0,0,0,0,27109
130023,0,8,0,0,0,0,26389
130024,0,15,0,0,0,0,27108
130025,0,15,0,0,0,0,26793
130026,0,15,0,0,0,0,27110
130027,0,15,0,0,0,0,27111
130028,0,15,0,0,0,0,27112
130029,0,0,4197376,0,0,0,27827
130030,0,8,0,0,0,0,27800
130031,0,8,0,0,0,0,27801
130032,0,15,0,0,0,0,26792
130033,0,15,0,0,0,0,27829
130034,0,15,0,0,0,0,27830
130035,0,31,0,0,0,0,27755
130036,0,31,0,0,0,0,27756
130037,0,8,0,0,0,0,27799
130038,0,15,0,0,0,0,26643
130039,0,15,0,0,0,0,27660
130040,0,8,0,0,0,0,27610
130041,0,31,0,0,0,0,27754
130042,0,1,262272,0,0,0,29007
130043,0,31,0,0,0,0,28086
130044,0,0,4718592,0,0,0,29660
130045,0,8,0,0,0,0,29443
130047,0,15,0,0,0,0,30187
130048,0,31,0,0,0,0,30189
130049,0,15,0,0,0,0,30190
130050,0,1,262272,0,0,0,29039
130051,0,15,0,0,0,0,29317
130052,0,15,0,0,0,0,28480
130053,0,1,262272,0,0,0,29055
130054,0,31,128,0,0,0,29059
130055,0,15,0,0,15374,0,29160
130056,0,15,0,0,31756,0,28863
130057,0,9,0,0,0,0,28089
130058,0,15,0,0,0,0,28474
130059,0,15,0,0,0,0,29258
130060,0,31,0,0,0,0,29156
130061,0,31,0,0,0,0,28800
130062,0,15,0,0,0,0,29515
130063,0,0,3801088,0,0,0,29519
130064,0,0,0,0,60,0,29423
130065,0,15,0,0,0,0,30094
130066,0,31,128,0,0,0,30174
130067,0,31,0,0,0,0,29181
130069,0,8,0,0,0,0,28772
130070,0,15,0,0,0,0,28891
130071,0,15,0,0,0,0,29182
130072,0,15,0,0,0,0,29163
130073,0,0,0,0,12,0,28370
130074,0,14,4118,0,15366,0,29531
130075,0,8,0,0,0,0,29041
130076,0,15,0,0,0,0,29168
130077,0,1,262272,0,0,0,29038
130078,0,31,0,0,0,0,31316
130079,0,15,0,0,0,0,28883
130080,0,15,0,0,0,0,28481
130081,0,1,262272,0,0,0,29008
130082,0,0,2,0,0,0,29544
130083,0,15,0,0,0,0,29480
130084,0,15,0,0,0,0,29483
130085,0,31,0,0,0,0,30192
130086,0,31,0,0,0,0,30182
130087,0,15,0,0,0,0,30183
130088,0,31,0,0,0,0,30185
130089,0,15,0,0,0,0,30229
130091,0,14,4118,0,15366,0,29172
130092,0,0,0,0,60,0,30122
130093,0,31,0,0,0,0,30193
130094,0,15,0,0,0,0,28482
130095,0,14,4118,0,15366,0,29710
130096,0,15,0,0,0,0,30096
130097,0,31,0,0,0,0,30186
130098,0,31,0,0,0,0,30188
130099,0,0,2,0,0,0,29124
130102,0,15,0,0,0,0,28478
130103,0,31,0,0,0,0,29333
130104,0,31,0,0,0,0,29334
130105,0,15,0,0,0,0,27990
130107,0,15,0,0,0,0,29217
130108,0,9,0,0,0,0,28785
130109,0,31,0,0,0,0,27562
130110,0,15,0,0,0,0,29153
130111,0,31,0,0,0,0,29154
130112,0,15,0,0,0,0,29239
130113,0,8,0,0,0,0,28810
130114,0,15,0,0,0,0,27987
130115,0,15,0,0,0,0,29262
130116,0,31,0,0,0,0,29116
130117,0,15,0,0,0,0,29247
130118,0,15,0,0,0,0,29248
130119,0,8,0,0,0,0,29211
130120,0,15,0,0,0,0,29212
130121,0,15,0,0,0,0,29213
130122,0,15,0,0,0,0,29226
130123,0,8,0,0,0,0,29207
130124,0,8,0,0,0,0,29208
130125,0,8,0,0,0,0,29209
130126,0,8,0,0,0,0,29210
130127,0,1,128,0,0,0,29220
130128,0,15,0,0,0,0,29224
130129,0,15,0,0,0,0,29223
130130,0,15,0,0,0,0,29225
130131,0,15,0,0,0,0,29267
130132,0,15,0,0,0,0,28796
130133,0,15,0,0,0,0,28472
130134,0,15,0,0,0,0,29169
130135,0,8,0,0,0,0,30281
130136,0,0,524288,0,0,0,30754
130137,0,15,0,0,0,0,29227
130138,0,15,0,0,0,0,28473
130139,0,15,0,0,0,0,30238
130141,0,1,0,0,0,0,28353
130142,0,15,0,0,0,0,28354
130143,0,15,524290,0,0,0,28271
130144,0,15,0,0,0,0,29249
130145,0,15,0,0,0,0,29255
130146,0,15,0,0,0,0,29256
130147,0,15,0,0,0,0,29257
130148,0,15,0,0,0,0,28462
130149,0,13,0,0,0,0,27919
130150,0,0,4718592,0,0,0,28059
130152,0,15,0,0,0,0,29268
130153,0,15,0,0,0,0,29269
130154,0,0,4718592,0,0,0,28084
130155,0,15,0,0,0,0,28898
130156,0,15,0,0,0,0,27992
130157,0,0,2,0,0,0,28127
130158,0,15,0,0,0,0,29237
130159,0,15,0,0,0,0,29240
130160,0,15,0,0,0,0,28461
130161,0,15,0,0,0,0,29238
130162,0,15,0,0,0,0,28463
130163,0,15,0,0,0,0,28244
130164,0,31,0,0,0,0,27552
130165,0,15,0,0,0,0,28251
130166,0,15,0,0,0,0,28252
130167,0,15,0,0,0,0,28253
130169,0,8,0,0,0,0,28133
130170,0,15,0,0,31788,0,27994
130171,0,31,0,0,0,0,27558
130172,0,15,0,0,0,0,28245
130174,0,31,128,0,0,0,31700
130175,0,0,128,0,0,0,29940
130176,0,0,128,0,0,0,29941
130177,0,15,2,0,0,0,29848
130178,0,31,0,0,0,0,29943
130179,0,0,524288,0,0,0,31951
130180,0,15,0,0,0,0,29310
130181,0,15,0,0,0,0,29849
130182,0,15,0,0,0,0,29325
130183,0,15,0,0,0,0,30001
130184,0,15,0,0,0,0,30002
130185,0,9,0,0,15420,0,29851
130186,0,14,0,0,15366,0,29726
130187,0,0,2,0,15374,0,30020
130188,0,15,0,0,0,0,30025
130189,0,0,524288,0,0,0,31954
130190,0,0,524288,0,0,0,31748
130191,0,1,262272,0,0,0,29073
130192,0,15,0,0,0,0,29188
130193,0,31,0,0,0,0,29190
130194,0,31,0,0,0,0,29344
130195,0,0,0,0,60,0,29350
130196,0,8,0,0,0,0,30018
130197,0,15,0,0,31788,0,29407
130198,0,31,0,0,0,0,29331
130199,0,31,0,0,0,0,29332
130200,0,15,0,0,0,0,30081
130201,0,15,0,0,0,0,30092
130202,0,15,0,0,15420,0,30093
130204,0,15,0,0,0,0,30048
130205,0,31,0,0,0,0,29335
130206,0,15,0,0,0,0,30021
130207,0,15,0,0,0,0,31365
130208,0,14,0,0,15366,0,29727
130209,0,14,4118,0,15366,0,29532
130210,0,0,524288,0,0,0,31309
130211,0,15,0,0,0,0,29475
130212,0,0,0,0,12,0,30074
130213,0,0,0,0,12,0,30075
130214,0,31,0,0,0,0,28960
140789,0,0,4194304,0,0,0,22799
140869,0,0,1703936,1024,0,0,301089
140870,0,0,1703936,1024,0,0,301091
147189,0,0,524288,0,0,0,81748
147190,0,0,524288,0,0,0,81744
156020,0,31,0,0,0,0,330659
158901,0,31,0,0,0,0,341722
166789,0,15,0,0,0,0,348789
167007,0,2047,0,0,0,0,349858
167008,0,2047,0,0,0,0,349863
167049,0,15,0,0,0,0,350025
167050,0,15,0,0,0,0,350026
170887,0,0,0,2048,0,0,355363
170888,0,0,4194304,0,0,0,22820
170889,0,0,0,2048,0,0,355366
170890,0,0,0,2048,0,0,355365
170891,0,0,4194304,0,0,0,23768
170892,0,0,4194304,0,0,0,23735
170893,0,0,4194304,0,0,0,23736
170894,0,0,4194304,0,0,0,23737
170895,0,0,4194304,0,0,0,23738
170896,0,0,4194304,0,0,0,23766
170897,0,0,4194304,0,0,0,23767
170898,0,0,4194304,0,0,0,23769
170899,0,0,4194304,0,0,0,22888
170900,0,0,4194304,0,0,0,16609
170901,0,0,0,2048,0,0,24425
170903,0,0,4718592,0,0,0,363731
170933,0,1,0,0,0,0,363880
170934,0,13,0,0,4108,0,363881
171002,0,9,0,0,0,0,364098
171037,0,8,0,0,0,0,364161
171038,0,8,0,0,0,0,364163
171129,0,0,4718592,0,0,0,364455
171226,0,9,0,0,0,0,364895
171231,0,15,0,0,0,0,364908
171308,0,0,-1604845568,512,-2142765056,512,365188
171313,186,0,-2142765056,512,0,0,19717
171314,0,0,0,0,0,0,19717
171680,0,0,524288,0,0,0,366541
171849,0,15,0,0,0,0,366831
171867,0,13,0,0,0,0,366881
171870,0,13,0,0,0,0,366894
171872,0,13,0,0,0,0,366902
171875,0,41,0,0,0,0,366907
171886,0,15,0,0,0,0,366966
171891,0,15,0,0,0,0,367006
171892,0,15,0,0,0,0,367007
171893,0,15,0,0,0,0,367009
171982,0,15,0,0,0,0,367369
172111,0,15,0,0,0,0,367729
172114,0,15,0,0,0,0,367735
172132,0,15,0,0,0,0,367795
172133,0,15,0,0,0,0,367796
172142,0,13,0,0,0,0,367870
172143,0,15,0,0,0,0,367871
172150,0,41,0,0,0,0,367886
172241,0,8,0,0,0,0,368188
172444,0,31,0,0,0,0,368941
172446,0,8,0,0,0,0,368942
172475,0,31,0,0,0,0,369080
172541,0,0,524288,0,0,0,369292
172585,0,319,805830664,32,0,0,369463
172803,0,0,-2146959360,0,0,0,370100
172821,0,31,0,0,0,0,370179
172822,0,0,524288,0,0,0,370066
179984,0,5,0,0,0,0,370347
179985,0,5,0,0,0,0,370301
179986,0,5,0,0,0,0,370343
180001,0,0,268435456,0,0,0,370436
180004,0,0,4718592,0,0,0,370444
180030,0,15,0,0,0,0,370515
180056,0,15,0,0,0,0,370575
180074,0,31,268959875,0,0,0,370637
180135,0,0,0,2048,0,0,15123
180136,0,0,0,2048,0,0,17175
180151,0,0,4718592,0,0,0,370835
180152,0,0,4718592,0,0,0,370836
180157,0,0,268435456,0,0,0,370863
180160,0,5,0,0,0,0,370877
180697,0,8,0,0,0,0,371656
186326,0,31,268435587,0,0,0,381598
186327,0,31,0,0,0,0,381599
187109,0,15,0,0,2011151,0,384255
191806,0,14,0,0,0,0,398196
191926,0,15,0,0,0,0,398538
191942,0,15,0,0,0,0,398608
191943,0,15,0,0,0,0,398609
192590,0,15,0,0,0,0,399699
192775,0,15,0,0,0,0,399986
192830,0,15,0,0,0,0,400080
192831,0,15,0,0,0,0,400081
192832,0,15,0,0,0,0,400082
192837,0,15,0,0,0,0,400093
192838,0,15,0,0,0,0,400094
192839,0,15,0,0,0,0,400095
192840,0,15,0,0,0,0,400096
192841,0,15,0,0,0,0,400099
192842,0,15,0,0,0,0,400101
192843,0,15,0,0,0,0,400102
192844,0,15,0,0,0,0,400104
192845,0,15,0,0,0,0,400105
193013,0,15,0,0,0,0,400574
193019,0,8,0,0,0,0,400610
193022,0,8,0,0,0,0,400613
193023,0,8,0,0,0,0,400616
193024,0,8,0,0,0,0,400618
193025,0,8,0,0,0,0,400619
193026,0,8,0,0,0,0,400620
193027,0,8,0,0,0,0,400621
193028,0,8,0,0,0,0,400622
193029,0,8,0,0,0,0,400623
193034,0,15,0,0,0,0,400640
193301,0,15,0,0,31756,0,401417
193313,0,15,0,0,31756,0,401460
193325,0,15,0,0,0,0,401488
193331,0,15,0,0,0,0,401502
193349,0,15,0,0,31756,0,401556
193365,0,15,0,0,0,0,401617
193381,0,15,0,0,0,0,401681
193382,0,15,0,0,0,0,401683
193383,0,15,0,0,0,0,401684
193390,0,15,0,0,0,0,401699
193398,0,15,0,0,0,0,401722
193402,0,15,0,0,0,0,401749
193403,0,15,0,0,0,0,401752
193404,0,15,0,0,0,0,401754
193406,0,15,0,0,0,0,401757
193408,0,15,0,0,0,0,401759
193409,0,15,0,0,0,0,401760
193410,0,15,0,0,0,0,401761
193411,0,15,0,0,0,0,401762
193412,0,15,0,0,0,0,401763
193413,0,15,0,0,0,0,401764
193414,0,15,0,0,0,0,401765
193415,0,15,0,0,0,0,401767
193416,0,15,0,0,0,0,401768
193451,0,0,524288,0,0,0,401877
193461,0,15,0,0,0,0,401937
193462,0,8,0,0,0,0,401946
193465,0,8,0,0,0,0,401955
193466,0,15,0,0,0,0,401956
193477,0,8,0,0,0,0,402004
193574,0,15,0,0,31756,0,402174
193597,0,15,0,0,31756,0,402261
193599,0,15,0,0,0,0,402265
193604,0,15,0,0,31756,0,402277
193610,0,15,0,0,0,0,402308
193611,0,15,0,0,0,0,402311
193612,0,15,0,0,0,0,402319
193712,0,15,0,0,0,0,402668
193733,0,15,0,0,0,0,402790
193734,0,8,0,0,0,0,402791
193735,0,8,0,0,0,0,402792
193737,0,8,0,0,0,0,402794
193741,0,15,0,0,0,0,402808
193742,0,15,0,0,0,0,402811
193743,0,15,0,0,0,0,402818
193747,0,15,0,0,0,0,402848
193748,0,15,0,0,0,0,402849
193749,0,15,0,0,0,0,402850
193751,0,15,0,0,0,0,402852
193752,0,15,0,0,0,0,402853
193753,0,15,0,0,0,0,402854
193754,0,15,0,0,0,0,402855
193756,0,15,0,0,0,0,402857
193757,0,15,0,0,0,0,402859
193758,0,15,0,0,0,0,402861
193759,0,15,0,0,0,0,402862
193761,0,15,0,0,0,0,402864
193892,0,15,0,0,0,0,403446
193900,0,15,0,0,0,0,403467
193902,0,15,0,0,0,0,403470
193905,0,15,0,0,0,0,403472
193907,0,15,0,0,0,0,403474
193908,0,15,0,0,0,0,403475
193909,0,15,0,0,0,0,403476
193911,0,15,0,0,0,0,403480
193916,0,15,0,0,0,0,403489
193918,0,15,0,0,0,0,403501
193951,0,8,0,0,0,0,403619
193952,0,15,0,0,0,0,403629
193964,0,15,0,0,0,0,403677
193968,0,7,0,0,0,0,403685
193969,0,7,0,0,0,0,403686
193970,0,7,0,0,0,0,403687
193971,0,7,0,0,0,0,403688
193972,0,7,0,0,0,0,403689
194028,0,15,0,0,0,0,403835
194031,0,15,0,0,0,0,403839
194032,0,15,0,0,0,0,403840
194033,0,15,0,0,0,0,403841
194034,0,15,0,0,0,0,403842
194035,0,15,0,0,0,0,403843
194036,0,15,0,0,0,0,403844
194038,0,15,0,0,0,0,403848
194040,0,15,0,0,0,0,403851
194041,0,15,0,0,0,0,403852
194055,0,15,0,0,0,0,403919
194056,0,15,0,0,0,0,403920
194059,0,15,0,0,0,0,403925
194066,0,15,0,0,0,0,403932
194068,0,15,0,0,0,0,403936
194069,0,15,0,0,0,0,403937
194070,0,15,0,0,0,0,403938
194139,0,5,0,0,0,0,403683
194167,0,15,0,0,0,0,404275
194180,0,15,0,0,0,0,404316
194447,0,8,0,0,0,0,405194
194475,0,8,0,0,0,0,405321
194640,0,15,0,0,31756,0,404373
194648,0,8,0,0,0,0,405998
194817,0,31,128,0,0,0,406634
194826,0,15,0,0,0,0,406680
195372,0,0,0,0,4096,0,407077
195476,0,15,0,0,0,0,407553
195480,0,15,0,0,0,0,407568
195504,0,15,0,0,0,0,407653
195507,0,15,0,0,0,0,407667
195509,0,5,0,0,0,0,407580
195519,0,15,0,0,0,0,407720
195523,0,15,0,0,0,0,407736
195525,0,15,0,0,0,0,407745
195539,0,12,0,0,0,0,407813
195543,0,13,0,0,0,0,407819
195631,0,8,0,0,0,0,408120
195634,0,8,0,0,0,0,408124
195680,0,15,0,0,0,0,408247
195749,0,7,0,0,0,0,408439
195750,0,7,0,0,0,0,408440
195751,0,7,0,0,0,0,408441
195752,0,7,0,0,0,0,408442
195753,0,7,0,0,0,0,408443
195757,0,7,0,0,0,0,408472
195758,0,7,0,0,0,0,408473
195759,0,7,0,0,0,0,408474
195760,0,7,0,0,0,0,408475
195761,0,7,0,0,0,0,408477
195763,0,7,0,0,0,0,408479
195764,0,7,0,0,0,0,408481
195765,0,7,0,0,0,0,408482
195767,0,7,0,0,0,0,408484
195769,0,15,0,0,0,0,408490
195770,0,7,0,0,0,0,408491
195812,0,15,0,0,0,0,408521
195890,0,15,0,0,0,0,408755
195906,0,15,0,0,0,0,408824
195925,0,15,0,0,0,0,408916
195990,0,1583,0,0,31758,0,409064
196005,0,15,0,0,0,0,409163
196076,0,0,67113992,0,0,0,409423
196191,0,0,0,0,15406,0,409856
196213,0,15,0,0,0,0,409920
196222,0,15,0,0,0,0,409999
196223,0,15,0,0,0,0,410001
196224,0,15,0,0,0,0,410002
196227,0,15,0,0,0,0,410005
196228,0,15,0,0,0,0,410008
196230,0,15,0,0,0,0,410010
196231,0,15,0,0,0,0,410011
196233,0,15,0,0,0,0,410013
196234,0,15,0,0,0,0,410014
196235,0,15,0,0,0,0,410015
196239,0,15,0,0,0,0,410021
196240,0,15,0,0,0,0,410023
196241,0,15,0,0,0,0,410025
196242,0,15,0,0,0,0,410027
196243,0,15,0,0,0,0,410028
196244,0,15,0,0,0,0,410029
196247,0,15,0,0,0,0,410033
196273,0,15,0,0,0,0,410059
196274,0,15,0,0,0,0,410060
196275,0,15,0,0,0,0,410061
196286,0,15,0,0,0,0,410093
196287,0,15,0,0,0,0,410094
196288,0,15,0,0,0,0,410095
196289,0,15,0,0,0,0,410096
196290,0,15,0,0,0,0,410097
196291,0,15,0,0,0,0,410098
196292,0,15,0,0,0,0,410099
196293,0,15,0,0,0,0,410100
196294,0,15,0,0,0,0,410101
196296,0,15,0,0,0,0,410103
196297,0,15,0,0,0,0,410104
196298,0,15,0,0,0,0,410105
196299,0,15,0,0,0,0,410107
196301,0,15,0,0,0,0,410109
196302,0,15,0,0,0,0,410110
196303,0,15,0,0,0,0,410111
196304,0,15,0,0,0,0,410113
196305,0,15,0,0,0,0,410114
196306,0,15,0,0,0,0,410115
196307,0,15,0,0,0,0,410116
196309,0,15,0,0,0,0,410118
196312,0,15,0,0,0,0,410121
196313,0,15,0,0,0,0,410122
196314,0,15,0,0,0,0,410123
196557,0,15,0,0,0,0,410958
196560,0,15,0,0,0,0,410971
196607,0,5,0,0,0,0,411186
196618,0,15,0,0,0,0,411220
196621,0,15,0,0,0,0,411210
196631,0,15,0,0,0,0,411239
196633,0,5,0,0,0,0,411249
196640,0,5,0,0,0,0,411263
196644,0,5,0,0,0,0,411272
196647,0,15,0,0,0,0,411253
196650,0,15,0,0,0,0,411280
196651,0,15,0,0,0,0,411282
196652,0,15,0,0,0,0,411284
196754,0,9,0,0,48140,0,411624
196761,0,9,0,0,48140,0,411631
196805,0,9,0,0,15420,0,411774
196861,0,8,0,0,0,0,411956
196863,0,15,0,0,0,0,411959
196864,0,5,0,0,0,0,411961
196870,0,15,0,0,0,0,411973
196872,0,15,0,0,0,0,411978
196877,0,13,0,0,0,0,411990
196878,0,15,0,0,0,0,411992
196879,0,15,0,0,0,0,411993
196912,0,8,0,0,0,0,412113
196914,0,8,0,0,0,0,412116
196916,0,8,0,0,0,0,412118
196917,0,8,0,0,0,0,412120
196918,0,8,0,0,0,0,412121
196919,0,8,0,0,0,0,412122
196920,0,8,0,0,0,0,412123
196936,0,8,0,0,0,0,412202
196937,0,8,0,0,0,0,412205
196938,0,8,0,0,0,0,412207
196939,0,8,0,0,0,0,412209
196940,0,8,0,0,0,0,412210
196942,0,8,0,0,0,0,412214
196944,0,8,0,0,0,0,412218
196951,0,8,0,0,0,0,412230
196952,0,8,0,0,0,0,412231
196953,0,8,0,0,0,0,412232
197006,0,15,0,0,0,0,412428
197008,0,15,0,0,0,0,412437
197028,0,15,0,0,31756,0,412510
197031,0,15,0,0,31788,0,412526
197034,0,15,0,0,0,0,412532
197103,0,1,0,0,0,0,412718
197116,0,15,0,0,0,0,412758
197172,0,13,0,0,0,0,413052
197231,0,15,0,0,31788,0,413259
197281,0,1,0,0,0,0,413446
197359,0,15,0,0,21516,0,413664
197561,0,1,0,0,0,0,407014
197585,0,47,0,0,0,0,414370
197636,0,8,0,0,0,0,414684
197640,0,15,0,0,0,0,414722
197641,0,5,0,0,0,0,414723
197666,0,15,0,0,0,0,414825
197684,0,0,-1604845568,512,-2142765056,512,414907
197685,0,1,0,0,0,0,414908
197693,0,5,0,0,0,0,414952
197694,0,31,0,0,0,0,414953
197715,0,15,0,0,0,0,415004
197716,0,15,0,0,0,0,415005
197720,0,5,0,0,0,0,415028
197740,0,4,0,0,0,0,415105
197776,0,15,0,0,0,0,415233
197890,0,15,0,0,0,0,415918
197895,0,15,0,0,0,0,415922
197897,0,15,0,0,0,0,415926
197902,0,15,0,0,0,0,415934
197903,0,15,0,0,0,0,415936
197905,0,15,0,0,0,0,415939
197907,0,15,0,0,0,0,415942
197911,0,15,0,0,0,0,415948
197920,0,15,0,0,0,0,415991
197924,0,15,0,0,0,0,415995
197925,0,15,0,0,0,0,415996
197926,0,15,0,0,0,0,415997
197931,0,15,0,0,0,0,416002
197932,0,15,0,0,0,0,416003
197933,0,15,0,0,0,0,416004
197934,0,15,0,0,0,0,416005
197937,0,15,0,0,0,0,416008
197938,0,15,0,0,0,0,416009
197943,0,15,0,0,0,0,416014
197944,0,15,0,0,0,0,416015
197945,0,15,0,0,0,0,416017
197947,0,15,0,0,0,0,416028
197950,0,15,0,0,0,0,416031
197953,0,15,0,0,0,0,416035
197955,0,15,0,0,0,0,416037
197960,0,15,0,0,0,0,416042
197962,0,15,0,0,0,0,416044
197964,0,15,0,0,0,0,416046
197967,0,15,0,0,0,0,416049
197968,0,15,0,0,0,0,416050
197969,0,15,0,0,0,0,416051
197971,0,15,0,0,0,0,416054
197972,0,15,0,0,0,0,416055
197973,0,15,0,0,0,0,416057
197975,0,15,0,0,0,0,416062
197979,0,15,0,0,0,0,416066
197985,0,15,0,0,0,0,416083
197986,0,15,0,0,0,0,416084
197987,0,15,0,0,0,0,416085
197988,0,15,0,0,0,0,416086
197989,0,15,0,0,0,0,416087
197990,0,15,0,0,0,0,416089
197991,0,15,0,0,0,0,416090
197992,0,15,0,0,0,0,416091
197994,0,15,0,0,0,0,416093
198044,0,15,0,0,0,0,416304
198186,0,5,0,0,0,0,416505
198233,0,5,0,0,0,0,416553
198339,0,5,0,0,0,0,416768
198340,0,5,0,0,0,0,416772
198364,0,5,0,0,0,0,416825
198482,0,5,0,0,0,0,417056
198483,0,8,0,0,0,0,417057
198484,0,8,0,0,0,0,417058
198485,0,8,0,0,0,0,417059
198486,0,8,0,0,0,0,417060
198487,0,8,0,0,0,0,417061
198488,0,8,0,0,0,0,417062
198489,0,8,0,0,0,0,417063
198490,0,8,0,0,0,0,417064
198491,0,8,0,0,0,0,417065
198492,0,8,0,0,0,0,417066
198493,0,8,0,0,0,0,417068
198555,0,12,0,0,0,0,417157
198561,0,15,0,0,0,0,417192
198564,0,5,0,0,0,0,417202
198593,0,5,0,0,0,0,417315
198624,0,15,0,0,0,0,417433
198724,0,5,0,0,0,0,417743
198747,0,27,0,0,0,0,417803
198751,0,15,0,0,0,0,417856
198812,0,5,0,0,0,0,418065
198908,0,15,0,0,0,0,418347
198932,0,5,0,0,0,0,418483
198934,0,5,0,0,0,0,418486
198937,0,5,0,0,0,0,418487
198939,0,5,0,0,0,0,418489
198944,0,31,0,0,0,0,418510
198977,0,15,0,0,0,0,418599
199010,0,5,0,0,0,0,418767
199179,0,31,0,0,0,0,419417
199447,0,15,0,0,0,0,420526
199449,0,0,2050,0,0,0,420536
199486,0,31,0,0,0,0,420664
199487,0,31,0,0,0,0,420666
199495,0,15,0,0,0,0,420684
199502,0,31,0,0,0,0,420709
199527,0,15,0,0,0,0,420794
199552,0,0,-1604845568,512,-2142765056,512,420861
199567,0,31,0,0,0,0,420899
199586,0,5,0,0,0,0,420964
199595,0,15,0,0,0,0,420990
199607,0,5,0,0,0,0,421058
199650,0,15,0,0,0,0,421239
199663,0,5,0,0,0,0,421295
199665,0,5,0,0,0,0,421299
199666,0,5,0,0,0,0,421303
199667,0,5,0,0,0,0,421304
199670,0,15,0,0,0,0,421322
199672,0,5,0,0,0,0,421338
199689,0,5,0,0,0,0,421406
199693,0,15,0,0,0,0,421424
199715,0,15,0,0,0,0,421508
199741,0,15,0,0,0,0,421596
199743,0,5,0,0,0,0,421599
199901,0,5,0,0,0,0,422171
199955,0,5,0,0,0,0,422387
199960,0,5,0,0,0,0,422397
199961,0,15,0,0,0,0,422410
199982,0,5,0,0,0,0,422478
199986,0,31,0,0,0,0,422488
200021,0,0,524288,0,0,0,422621
200136,0,31,0,0,0,0,423088
200151,0,15,0,0,0,0,423133
200185,0,31,0,0,0,0,423300
200256,0,31,0,0,0,0,423632
200464,0,15,0,0,0,0,42896
200466,0,5,0,0,0,0,423187
200541,0,15,0,0,0,0,424553
200543,0,5,0,0,0,0,424563
200569,0,15,0,0,0,0,424641
200570,0,15,0,0,0,0,424645
200587,0,15,0,0,0,0,424718
200604,0,15,0,0,0,0,424760
200605,0,15,0,0,0,0,424765
200612,0,1,0,0,0,0,424788
200664,0,15,0,0,0,0,424984
200666,0,15,0,0,0,0,424988
200667,0,15,0,0,0,0,424990
200668,0,15,0,0,0,0,424992
200700,0,15,0,0,0,0,425102
200701,0,15,0,0,0,0,425103
200732,0,15,0,0,0,0,425124
200751,0,5,0,0,0,0,425067
200753,0,15,0,0,0,0,425170
200754,0,15,0,0,0,0,425171
200760,0,15,0,0,0,0,425189
200769,0,8,0,0,0,0,425204
200770,0,15,0,0,0,0,425213
200771,0,15,0,0,0,0,425215
200772,0,15,0,0,0,0,425216
200773,0,8,0,0,0,0,425225
200774,0,0,524288,2048,0,0,420576
200775,0,15,0,0,0,0,425233
200777,0,1,0,0,0,0,425239
200787,0,1,0,0,0,0,425265
200788,0,8,0,0,0,0,425268
200789,0,8,0,0,0,0,425269
200790,0,8,0,0,0,0,425270
200791,0,8,0,0,0,0,425271
200792,0,8,0,0,0,0,425272
200794,0,8,0,0,0,0,425273
200795,0,8,0,0,0,0,425274
200796,0,8,0,0,0,0,425275
200797,0,8,0,0,0,0,425276
200798,0,8,0,0,0,0,425277
200801,0,0,4197376,0,0,0,425284
200803,0,15,0,0,0,0,425309
200804,0,15,0,0,0,0,425310
200806,0,15,0,0,0,0,425312
200807,0,15,0,0,0,0,425314
200813,0,15,0,0,0,0,425343
200814,0,15,0,0,0,0,425344
200843,0,15,0,0,0,0,425443
200845,0,15,0,0,0,0,425444
200846,0,15,0,0,0,0,425445
200847,0,15,0,0,0,0,425446
200848,0,15,0,0,0,0,425447
200856,0,15,0,0,0,0,425476
200857,0,15,0,0,0,0,425477
200862,0,5,0,0,0,0,425497
200890,0,15,0,0,0,0,425618
200891,0,15,0,0,0,0,425619
200892,0,15,0,0,0,0,425621
200910,0,15,0,0,0,0,425758
200911,0,15,0,0,0,0,425759
200912,0,15,0,0,0,0,425760
200913,0,15,0,0,0,0,425762
200949,0,15,0,0,0,0,425882
200950,0,15,0,0,0,0,425883
200953,0,15,0,0,0,0,425891
201026,0,13,0,0,0,0,426069
201027,0,15,0,0,0,0,426070
201059,0,15,0,0,0,0,426175
201060,0,15,0,0,0,0,426178
201061,0,15,0,0,0,0,426180
201062,0,31,0,0,0,0,426182
201084,0,15,0,0,0,0,426320
201085,0,15,0,0,0,0,426325
201100,0,15,0,0,0,0,426359
201131,0,15,0,0,0,0,426443
201132,0,15,0,0,0,0,426445
201136,0,15,0,0,0,0,426452
201145,0,15,0,0,0,0,426467
201146,0,15,0,0,0,0,426470
201157,0,15,0,0,0,0,426491
201159,0,0,0,256,0,0,426490
201188,0,1591,0,0,0,0,426571
201193,0,0,33554432,0,0,0,414920
201208,0,15,0,0,0,0,426607
201217,0,1573,0,0,0,0,426633
201223,0,9,0,0,0,0,426668
201244,0,15,0,0,0,0,426764
201263,0,15,0,0,0,0,426821
201313,0,0,524288,0,0,0,426972
201325,0,1,0,0,0,0,427020
201343,0,15,0,0,0,0,427061
201346,0,15,0,0,0,0,427076
201347,0,15,0,0,0,0,427078
201349,0,15,0,0,0,0,427080
201350,0,15,0,0,0,0,427081
201351,0,15,0,0,0,0,427082
201352,0,15,0,0,0,0,427084
201366,0,15,0,0,0,0,427143
201507,0,1577,5279745,2048,0,0,427592
201551,0,15,0,0,0,0,427717
201555,0,15,0,0,0,0,427733
201681,0,0,524288,0,0,0,974
201786,0,15,0,0,0,0,428424
201821,0,5,0,0,0,0,428567
201828,0,5,0,0,0,0,428604
201862,0,8,0,0,0,0,428713
201897,0,15,0,0,0,0,428739
201898,0,8,0,0,0,0,428741
202008,0,1,0,0,0,0,428837
202009,0,1,0,0,0,0,428838
202010,0,1,0,0,0,0,428840
202011,0,1,0,0,0,0,428842
202012,0,1,0,0,0,0,428843
202013,0,1,0,0,0,0,428844
202014,0,1,0,0,0,0,428845
202015,0,1,0,0,0,0,428846
202016,0,1,0,0,0,0,428847
202017,0,1,0,0,0,0,428848
202018,0,1,0,0,0,0,428849
202019,0,1,0,0,0,0,428850
202020,0,1,0,0,0,0,428851
202021,0,1,0,0,0,0,428853
202022,0,1,0,0,0,0,428855
202023,0,1,0,0,0,0,428856
202024,0,1,0,0,0,0,428857
202025,0,1,0,0,0,0,428858
202081,0,15,0,0,0,0,428878
202166,0,15,0,0,31756,0,428885
202358,0,15,0,0,0,0,428917
202419,0,8,0,0,0,0,429125
202427,0,15,0,0,0,0,429145
202428,0,15,0,0,0,0,429146
202454,0,15,0,0,0,0,429242
202455,0,15,0,0,0,0,429247
202456,0,15,0,0,0,0,429249
202457,0,15,0,0,0,0,429251
202458,0,15,0,0,0,0,429255
202460,0,15,0,0,0,0,429261
202472,0,15,0,0,0,0,429304
202473,0,15,0,0,0,0,429306
202474,0,15,0,0,0,0,429308
202475,0,15,0,0,0,0,429309
202476,0,15,0,0,0,0,429311
202486,0,15,0,0,0,0,429347
202487,0,15,0,0,0,0,429348
202488,0,15,0,0,0,0,429349
202489,0,15,0,0,0,0,429350
202490,0,15,0,0,0,0,429351
202492,0,15,0,0,0,0,429354
202507,0,13,0,0,0,0,429429
202508,0,15,0,0,0,0,429434
202579,0,13,0,0,0,0,429687
202580,0,13,0,0,0,0,429688
202619,0,15,0,0,31788,0,429820
202620,0,8,0,0,0,0,429823
202621,0,15,0,0,0,0,429825
202624,0,15,0,0,0,0,429838
202636,0,31,128,0,0,0,429856
202637,0,31,128,0,0,0,429857
202639,0,15,0,0,0,0,429869
202680,0,1,0,0,0,0,429972
202681,0,1,0,0,0,0,430021
202770,0,15,0,0,0,0,430231
202773,0,15,0,0,0,0,430236
202793,0,31,0,0,0,0,430318
202803,0,0,272629760,2048,0,0,430352
202810,0,1,0,0,0,0,430374
202811,0,1,0,0,0,0,430375
202812,0,1,0,0,0,0,430376
202813,0,1,0,0,0,0,430377
202814,0,1,0,0,0,0,430378
202815,0,1,0,0,0,0,430380
202818,0,1,0,0,0,0,430383
202820,0,1,0,0,0,0,430385
202821,0,1,0,0,0,0,430387
202822,0,1,0,0,0,0,430388
202823,0,1,0,0,0,0,430389
202824,0,15,0,0,0,0,430392
202825,0,1,0,0,0,0,430393
202826,0,1,0,0,0,0,430394
202827,0,1,0,0,0,0,430395
202828,0,1,0,0,0,0,430396
202829,0,15,0,0,0,0,430397
202831,0,1,0,0,0,0,430399
202833,0,1,0,0,0,0,430401
202834,0,1,0,0,0,0,430402
202835,0,1,0,0,0,0,430403
202836,0,1,0,0,0,0,430404
202837,0,1,0,0,0,0,430405
202839,0,15,0,0,0,0,430409
202845,0,15,0,0,0,0,430419
202884,0,5,0,0,0,0,430565
202914,0,15,0,0,0,0,430585
202992,0,1,0,0,0,0,430771
202993,0,1,0,0,0,0,430773
202995,0,1,0,0,0,0,430776
203016,0,15,0,0,0,0,415236
203045,0,0,0,2048,0,0,430947
203080,0,0,0,2048,0,0,431111
203135,0,15,0,0,0,0,431362
203156,0,15,0,0,0,0,431447
203157,0,15,0,0,0,0,431449
203158,0,15,0,0,0,0,431451
203160,0,15,0,0,0,0,431461
203163,0,15,0,0,0,0,431468
203213,0,15,0,0,0,0,431601
203214,0,15,0,0,0,0,431611
203219,0,23,0,0,0,0,426754
203224,0,15,0,0,0,0,431650
203225,0,15,0,0,0,0,431655
203227,0,15,0,0,0,0,431663
203229,0,15,0,0,0,0,431669
203231,0,15,0,0,0,0,431673
203236,0,15,0,0,0,0,431681
203243,0,15,0,0,0,0,431705
203253,0,15,0,0,0,0,431743
203255,0,15,0,0,0,0,431745
203256,0,15,0,0,0,0,431747
203263,0,15,0,0,0,0,431756
203264,0,15,0,0,0,0,431758
203348,0,15,0,0,0,0,432139
203367,0,1599,0,0,0,0,432190
203377,0,15,0,0,0,0,432234
203378,0,15,0,0,0,0,432236
203379,0,15,0,0,0,0,432238
203380,0,15,0,0,0,0,432241
203397,0,15,0,0,0,0,432291
203398,0,15,0,0,0,0,432293
203399,0,15,0,0,0,0,432295
203400,0,15,0,0,0,0,432297
203401,0,15,0,0,0,0,432299
203402,0,15,0,0,0,0,432301
203410,0,0,0,0,31758,0,432330
203654,0,41,0,0,0,0,433251
203655,0,47,0,0,0,0,433254
203665,0,15,0,0,67109896,1,433354
203672,0,41,0,0,0,0,433398
203713,0,5,0,0,0,0,433551
203717,0,15,0,0,67109896,1,433559
203728,0,45,0,0,0,0,433546
203773,0,15,0,0,0,0,433780
203780,0,0,0,0,4,0,433797
203781,0,0,0,0,4,0,433801
203800,0,15,0,0,0,0,433883
203801,0,15,0,0,0,0,433884
203849,0,0,-1604845568,512,-2142765056,512,434165
203850,0,1,0,0,0,0,434167
203856,0,31,0,0,0,0,434223
203909,0,15,0,0,0,0,434443
203923,0,15,0,0,0,0,434475
203927,0,15,0,0,0,0,434486
203930,0,31,128,0,0,0,434508
203937,0,15,0,0,0,0,434523
204003,0,15,0,0,0,0,434744
204006,0,31,0,0,0,0,434752
204007,0,31,0,0,0,0,434753
204008,0,31,524290,0,0,0,434754
204009,0,31,0,0,0,0,434755
204017,0,45,0,0,0,0,434358
204043,0,1599,0,0,0,0,434814
204056,0,31,0,0,31756,0,434851
204061,0,5,0,0,0,0,434869
204078,0,5,0,0,0,0,434957
204095,0,1591,0,0,0,0,435083
204104,0,1,0,0,0,0,435117
204106,0,15,0,0,0,0,435120
204133,0,0,0,0,15372,0,435167
204136,0,15,0,0,0,0,435185
204139,0,6,0,0,0,0,435205
204140,0,6,0,0,0,0,435206
204143,0,1591,0,0,0,0,435213
204153,0,39,0,0,0,0,435218
204154,0,0,2,0,0,0,435256
204168,0,31,0,0,0,0,435317
204229,0,15,0,0,0,0,435445
204230,0,1583,0,0,31758,0,435450
204235,0,15,0,0,0,0,435481
204248,0,15,0,0,0,0,435532
204254,0,5,0,0,0,0,435552
204256,0,31,0,0,0,0,435563
204257,0,15,0,0,0,0,435610
204279,0,15,0,0,0,0,435819
204285,0,15,0,0,0,0,435827
204303,0,15,0,0,0,0,435841
204307,0,15,0,0,0,0,435848
204308,0,15,0,0,0,0,435849
204333,0,15,0,0,0,0,435903
204334,0,15,0,0,0,0,435904
204336,0,15,0,0,0,0,435906
204338,0,15,0,0,0,0,435908
204340,0,15,0,0,0,0,435910
204342,0,1,0,0,0,0,435912
204343,0,1,0,0,0,0,435913
204344,0,1,0,0,0,0,435914
204345,0,1,0,0,0,0,435915
204346,0,1,0,0,0,0,435916
204347,0,1,0,0,0,0,435917
204348,0,1,0,0,0,0,435918
204349,0,1,0,0,0,0,435919
204350,0,1,0,0,0,0,435920
204351,0,1,0,0,0,0,435921
204352,0,1,0,0,0,0,435922
204353,0,1,0,0,0,0,435923
204354,0,1,0,0,0,0,435924
204355,0,1,0,0,0,0,435925
204356,0,1,0,0,0,0,435926
204357,0,1,0,0,0,0,435927
204358,0,1,0,0,0,0,435928
204359,0,1,0,0,0,0,435929
204360,0,1,0,0,0,0,435930
204361,0,1,0,0,0,0,435931
204362,0,1,0,0,0,0,435932
204363,0,1,0,0,0,0,435933
204364,0,1,0,0,0,0,435934
204365,0,1,0,0,0,0,435935
204366,0,1,0,0,0,0,435936
204367,0,1,0,0,0,0,435937
204368,0,1,0,0,0,0,435938
204369,0,1,0,0,0,0,435939
204370,0,1,0,0,0,0,435940
204371,0,1,0,0,0,0,435941
204372,0,1,0,0,0,0,435942
204373,0,1,0,0,0,0,435943
204374,0,1,0,0,0,0,435944
204375,0,1,0,0,0,0,435945
204376,0,1,0,0,0,0,435946
204377,0,1,0,0,0,0,435947
204378,0,1,0,0,0,0,435948
204379,0,15,0,0,0,0,435949
204381,0,15,0,0,0,0,435951
204383,0,15,0,0,0,0,435953
204385,0,15,0,0,0,0,435956
204387,0,15,0,0,0,0,435958
204389,0,15,0,0,0,0,435960
204391,0,5,0,0,0,0,435963
204392,0,15,0,0,0,0,435964
204394,0,15,0,0,0,0,435966
204396,0,5,0,0,0,0,435968
204397,0,15,0,0,0,0,435969
204399,0,15,0,0,0,0,435971
204402,0,9,0,0,0,0,435991
204409,0,1,8,0,8,0,436027
204411,0,0,4096,0,0,0,436041
204421,0,1536,4718592,0,0,0,436097
204433,0,1,8,0,0,0,436059
204451,0,31,128,0,0,0,436288
204452,0,31,128,0,0,0,436289
204454,0,31,0,0,0,0,436295
204461,0,31,0,0,0,0,436326
204462,0,31,128,0,0,0,436327
204463,0,31,128,0,0,0,436329
204471,0,15,0,0,0,0,436368
204473,0,0,272629760,2048,0,0,436387
204479,0,15,0,0,0,0,436429
204480,0,15,0,0,0,0,436430
204481,0,15,0,0,0,0,436445
204483,0,1,0,0,0,0,436474
204484,0,1,572429,0,8,0,436475
204485,0,15,0,0,0,0,436516
204486,0,8,0,0,0,0,436517
204489,0,1791,0,0,0,0,429961
204490,0,31,0,0,0,0,436536
204493,0,15,0,0,0,0,436545
204494,0,15,0,0,0,0,436563
204528,0,15,0,0,0,0,436609
204535,0,1536,4718592,0,0,0,436641
204562,0,31,0,0,0,0,436692
204572,0,1,0,0,0,0,436570
204573,0,1,0,0,0,0,436695
204595,0,1,0,0,0,0,436824
204604,0,15,0,0,0,0,436861
204605,0,15,0,0,0,0,436863
204619,0,15,0,0,0,0,436937
204620,0,15,0,0,0,0,436938
204621,0,15,0,0,0,0,436939
204622,0,15,0,0,0,0,436940
204623,0,15,0,0,0,0,436942
204624,0,15,0,0,0,0,436943
204625,0,15,0,0,0,0,436944
204626,0,15,0,0,0,0,436945
204627,0,15,0,0,0,0,436946
204631,0,15,0,0,0,0,436969
204632,0,15,0,0,0,0,436970
204634,0,15,0,0,0,0,436973
204640,0,15,0,0,0,0,437009
204672,0,15,0,0,0,0,437123
204677,0,15,0,0,0,0,437138
204682,0,15,0,0,15374,0,437169
204701,0,41,0,0,0,0,437301
204703,0,15,0,0,15374,0,437311
204708,0,41,0,0,0,0,437353
204712,0,41,0,0,0,0,437398
204713,0,41,0,0,4108,0,437410
204716,0,41,0,0,0,0,437424
204743,0,0,4718592,0,0,0,437480
204744,0,45,0,0,0,0,437472
204745,0,0,4718592,0,0,0,437479
204746,0,41,0,0,0,0,437503
204762,0,41,0,0,0,0,437597
204777,0,0,-2142765056,512,0,0,437627
204784,0,15,0,0,0,0,437707
204806,0,0,-2142765056,0,0,0,437801
204807,0,45,0,0,4120,0,437802
204808,0,41,0,0,0,0,437805
204811,0,8,0,0,0,0,437764
204812,0,41,0,0,0,0,437809
204814,0,41,0,0,0,0,437817
204825,0,41,0,0,0,0,437868
204828,0,41,0,0,0,0,437891
204833,0,41,0,0,0,0,437915
204836,0,41,0,0,0,0,437920
204837,0,41,0,0,4108,0,437921
204838,0,41,0,0,0,0,437927
204840,0,41,0,0,0,0,437928
204841,0,41,0,0,0,0,437930
204847,0,41,0,0,0,0,437951
204863,0,41,0,0,0,0,437995
204868,0,15,0,0,0,0,438019
204872,0,1583,0,0,31758,0,438032
204880,0,1583,0,0,31758,0,438078
204881,0,1583,0,0,31758,0,438079
204889,0,41,0,0,0,0,438101
204890,0,45,0,0,0,0,437621
204893,0,41,0,0,0,0,438142
204903,0,0,-2142765056,0,0,0,438185
204919,0,0,0,0,31758,0,438262
204933,0,1,0,0,0,0,438294
204945,0,9,0,0,0,0,438326
204950,0,13,0,0,0,0,438335
204952,0,15,0,0,0,0,438338
204953,0,15,0,0,0,0,438339
204954,0,15,0,0,0,0,438341
204957,0,15,0,0,0,0,438350
205004,0,0,0,2048,0,0,438536
205005,0,0,0,2048,0,0,438537
205007,0,31,0,0,0,0,438305
205012,0,1563,268435466,0,0,0,429960
205103,0,0,-1604845568,512,-2142765056,512,438714
205105,0,1,0,0,0,0,438713
205157,0,15,0,0,0,0,438938
205210,0,15,0,0,0,0,439084
205211,0,15,0,0,0,0,439085
205212,0,15,0,0,0,0,439086
205213,0,15,0,0,0,0,439088
205214,0,15,0,0,0,0,439090
205215,0,15,0,0,0,0,439091
205216,0,15,0,0,0,0,439092
205217,0,15,0,0,0,0,439093
205218,0,15,0,0,0,0,439094
205219,0,15,0,0,0,0,439096
205220,0,15,0,0,0,0,439097
205221,0,15,0,0,0,0,439098
205222,0,15,0,0,0,0,439100
205223,0,15,0,0,0,0,439102
205225,0,15,0,0,0,0,439105
205226,0,15,0,0,0,0,439106
205227,0,15,0,0,0,0,439108
205228,0,15,0,0,0,0,439109
205229,0,15,0,0,0,0,439110
205230,0,15,0,0,0,0,439111
205231,0,15,0,0,0,0,439112
205232,0,15,0,0,0,0,439113
205233,0,15,0,0,0,0,439114
205234,0,15,0,0,0,0,439116
205235,0,15,0,0,0,0,439118
205236,0,15,0,0,0,0,439119
205237,0,15,0,0,0,0,439120
205238,0,15,0,0,0,0,439121
205239,0,15,0,0,0,0,439122
205240,0,15,0,0,0,0,439123
205241,0,15,0,0,0,0,439124
205242,0,15,0,0,0,0,439125
205243,0,15,0,0,0,0,439126
205244,0,15,0,0,0,0,439127
205245,0,15,0,0,0,0,439128
205246,0,15,0,0,0,0,439129
205247,0,15,0,0,0,0,439130
205248,0,15,0,0,0,0,439131
205249,0,15,0,0,0,0,439132
205250,0,15,0,0,0,0,439133
205251,0,15,0,0,0,0,439134
205252,0,15,0,0,0,0,439135
205258,0,15,0,0,0,0,439156
205260,0,31,0,0,0,0,438723
205296,0,31,0,0,4104,0,438732
205310,0,15,0,0,0,0,439462
205311,0,15,0,0,0,0,439464
205312,0,15,0,0,0,0,439465
205322,0,15,0,0,0,0,439500
205323,0,15,0,0,0,0,439503
205324,0,15,0,0,0,0,439505
205361,0,1,0,0,0,0,432062
205405,0,8,163840,0,0,0,439748
205408,0,15,0,0,0,0,439765
205409,0,15,0,0,0,0,439767
205410,0,15,0,0,0,0,439770
205420,0,1583,0,0,31758,0,439822
205421,0,1583,0,0,31758,0,439823
205422,0,1583,0,0,31758,0,439824
205424,0,1583,0,0,31758,0,439826
205444,0,31,0,0,0,0,439956
205445,0,15,0,0,0,0,439960
205453,0,31,0,0,0,0,439995
205454,0,31,0,0,0,0,439996
205455,0,31,0,0,0,0,439998
205473,0,31,0,0,0,0,440106
205515,0,15,0,0,0,0,440212
205519,0,15,0,0,0,0,440236
205593,0,31,0,0,0,0,440471
205598,0,0,4718592,0,0,0,440488
205600,0,15,0,0,0,0,440492
205601,0,15,0,0,0,0,440494
205603,0,15,0,0,0,0,440496
205606,0,13,80899,0,0,0,440505
205620,0,15,0,0,0,0,440557
205621,0,15,0,0,0,0,440560
205622,0,15,0,0,0,0,440563
205623,0,0,4718592,0,0,0,440574
205625,0,8,0,0,0,0,440580
205634,0,15,0,0,0,0,440630
205635,0,15,0,0,0,0,440634
205636,0,1583,0,0,31758,0,440636
205637,0,1583,0,0,31758,0,440637
205638,0,1583,0,0,31758,0,440638
205639,0,1583,0,0,31758,0,440639
205640,0,1583,0,0,31758,0,440640
205641,0,1583,0,0,31758,0,440641
205642,0,1583,0,0,31758,0,440642
205643,0,1583,0,0,31758,0,440643
205659,0,0,4096,0,0,0,440720
205674,0,15,0,0,0,0,440788
205675,0,15,0,0,0,0,440790
205676,0,15,0,0,0,0,440792
205678,0,15,0,0,31756,0,440802
205688,0,8,0,0,0,0,440827
205692,0,15,0,0,0,0,440858
205699,0,8,0,0,0,0,440882
205714,0,15,0,0,0,0,440922
205715,0,15,0,0,0,0,440924
205716,0,15,0,0,0,0,440926
205811,0,0,524288,0,0,0,441260
205856,0,1,0,0,0,0,436836
205876,0,15,0,0,0,0,441449
205877,0,15,0,0,0,0,441450
205880,0,9,0,0,0,0,441453
205881,0,15,0,0,0,0,441454
206153,0,8,0,0,0,0,442299
206441,0,15,0,0,0,0,443265
206470,0,15,0,0,0,0,443369
206476,0,0,0,0,0,128,443395
206502,0,1583,0,0,31758,0,443540
206525,0,15,0,0,0,0,443635
206586,0,5,0,0,0,0,443813
206599,0,0,0,0,4108,0,443848
206606,0,0,0,0,4108,0,443892
206620,0,41,0,0,0,0,443940
206639,0,41,0,0,0,0,443990
206653,0,41,0,0,0,0,444039
206655,0,41,0,0,0,0,444046
206658,0,40,0,0,0,0,444050
206696,0,41,0,0,0,0,444132
206758,0,41,0,0,0,0,444253
206841,0,1554,2,0,0,0,444522
206920,0,31,0,0,0,0,444844
206961,0,0,8,0,8,0,444893
206969,0,31,0,0,0,0,444935
206971,0,31,0,0,0,0,444938
207011,0,0,4718592,0,0,0,445080
207012,0,0,4718592,0,0,0,445081
207073,0,0,0,0,268435456,0,445168
207074,0,0,0,0,268435456,0,445171
207077,0,0,0,0,0,128,445201
207078,0,0,0,0,0,128,445202
207088,0,15,0,0,0,0,445222
207107,0,1,0,0,0,0,445287
207108,0,1,0,0,0,0,445288
207240,0,41,0,0,0,0,445498
207242,0,41,0,0,0,0,445517
207253,0,41,0,0,0,0,445571
207270,0,0,268435456,0,0,0,445703
207275,0,15,0,0,2011151,0,63645
207276,0,15,0,0,0,0,63644
207282,0,15,0,0,0,0,445748
207322,0,15,0,0,0,0,445867
207326,0,15,0,0,15420,0,445870
207380,0,15,0,0,0,0,446074
207388,0,0,0,2048,0,0,446088
207390,0,0,0,2048,0,0,446097
207391,0,0,524288,0,0,0,446093
207392,0,31,0,0,48142,0,446101
207393,0,31,0,0,0,0,446105
207397,0,1,0,0,0,0,446132
207398,0,1,0,0,0,0,446133
207399,0,1,0,0,0,0,446134
207400,0,1,0,0,0,0,446135
207401,0,1,0,0,0,0,446140
207402,0,1,0,0,0,0,446141
207403,0,1,0,0,0,0,446142
207405,0,1,0,0,0,0,446147
207406,0,15,0,0,0,0,446150
207407,0,1,0,0,0,0,446153
207410,0,1,0,0,0,0,446156
207411,0,1,0,0,0,0,446158
207412,0,1,0,0,0,0,446159
207414,0,1,0,0,0,0,446162
207415,0,1,0,0,0,0,446163
207416,0,1,0,0,0,0,446164
207417,0,1,0,0,0,0,446165
207418,0,1,0,0,0,0,446166
207419,0,1,0,0,0,0,446167
207420,0,1,0,0,0,0,446168
207421,0,1,0,0,0,0,446171
207422,0,1,0,0,0,0,446172
207423,0,1,0,0,0,0,446173
207424,0,1,0,0,0,0,446174
207425,0,1,0,0,0,0,446176
207426,0,1,0,0,0,0,446177
207427,0,15,0,0,0,0,446179
207428,0,15,0,0,0,0,446183
207430,0,15,0,0,0,0,446185
207431,0,15,0,0,0,0,446186
207432,0,15,0,0,0,0,446188
207433,0,15,0,0,0,0,446189
207434,0,15,0,0,0,0,446190
207435,0,15,0,0,0,0,446191
207436,0,15,0,0,0,0,446192
207437,0,15,0,0,0,0,446193
207438,0,15,0,0,0,0,446194
207439,0,15,0,0,0,0,446195
207449,0,15,0,0,0,0,446214
207450,0,15,0,0,0,0,446215
207451,0,15,0,0,0,0,446217
207455,0,15,0,0,0,0,446226
207456,0,15,0,0,0,0,446229
207458,0,15,0,0,0,0,446236
207459,0,15,0,0,0,0,446237
207460,0,15,0,0,0,0,446238
207461,0,15,0,0,0,0,446239
207463,0,15,0,0,0,0,446243
207464,0,15,0,0,0,0,446244
207470,0,15,0,0,0,0,446258
207474,0,41,0,0,0,0,446265
207477,0,15,0,0,15420,0,446287
207479,0,15,0,0,15420,0,446292
207480,0,15,0,0,15420,0,446294
207481,0,15,0,0,15420,0,446295
207482,0,15,2,0,0,0,446296
207483,0,15,0,0,0,0,446298
207484,0,15,0,0,15420,0,446299
207486,0,527,0,0,15420,0,446301
207489,0,15,0,0,15420,0,446319
207498,0,15,0,0,0,0,446338
207504,0,8,0,0,0,0,446354
207505,0,15,0,0,0,0,446361
207506,0,15,0,0,0,0,446362
207510,0,1,0,0,0,0,446384
207511,0,1,0,0,0,0,446385
207512,0,1,0,0,0,0,446386
207513,0,1,0,0,0,0,446387
207514,0,15,0,0,15364,0,446397
207532,0,15,0,0,0,0,446451
207534,0,1577,5804033,2048,0,0,446456
207535,0,15,0,0,0,0,446459
207539,0,15,0,0,0,0,446472
207555,0,15,0,0,0,0,446504
207561,0,31,0,0,0,0,446515
207562,0,31,0,0,0,0,446516
207563,0,31,0,0,0,0,446517
207571,0,31,0,0,0,0,446552
207572,0,31,0,0,0,0,446553
207573,0,31,0,0,0,0,446555
207574,0,31,0,0,0,0,446556
207575,0,31,0,0,0,0,446558
207576,0,31,0,0,0,0,446559
207577,0,31,0,0,0,0,446562
207578,0,31,0,0,0,0,446563
207579,0,31,0,0,0,0,446564
207580,0,31,0,0,0,0,446565
207581,0,31,0,0,0,0,446566
207582,0,31,0,0,0,0,446567
207583,0,15,0,0,15420,0,446578
207588,0,0,0,0,4,0,446586
207593,0,9,0,0,0,0,446631
207597,0,15,0,0,0,0,446637
207598,0,13,0,0,0,0,446639
207605,0,31,0,0,0,0,446665
207606,0,31,0,0,0,0,446669
207607,0,15,0,0,0,0,446672
207608,0,15,0,0,0,0,446674
207611,0,31,128,0,0,0,446685
207613,0,0,0,2048,0,0,446695
207614,0,0,0,2048,0,0,446698
207616,0,15,0,0,0,0,446703
207617,0,31,0,0,0,0,446704
207618,0,0,524288,0,0,0,446710
207619,0,1,262272,0,0,0,446713
207620,0,1,262272,0,0,0,446714
207621,0,1,262272,0,0,0,446715
207623,0,41,0,0,0,0,446728
207660,0,15,0,0,0,0,446802
207661,0,15,0,0,0,0,446803
207662,0,15,0,0,0,0,446804
207668,0,31,0,0,0,0,446838
207671,0,15,0,0,0,0,446851
207677,0,0,67633152,0,0,0,446721
207684,0,31,0,0,0,0,446891
207687,0,31,0,0,0,0,446912
207780,0,5,0,0,0,0,447040
207785,0,15,0,0,0,0,447051
207792,0,15,0,0,0,0,447054
207801,0,13,0,0,0,0,446363
207850,0,15,0,0,0,0,447280
207852,0,15,0,0,0,0,447282
207853,0,15,0,0,0,0,447283
207854,0,0,0,0,4,0,447301
207929,0,15,0,0,0,0,447397
207945,0,23,0,0,0,0,447475
207963,0,15,0,0,0,0,447537
207966,0,15,0,0,0,0,447546
207967,0,15,0,0,0,0,447547
207968,0,15,0,0,5134,0,447548
207969,0,8,0,0,0,0,447549
207970,0,15,0,0,0,0,446573
207971,0,15,0,0,0,0,447556
207972,0,15,0,0,0,0,447557
207975,0,15,0,0,0,0,447579
207976,0,0,69632,0,0,0,446100
207977,0,0,69632,0,0,0,446806
207978,0,15,0,0,15420,0,447588
207979,0,15,0,0,0,0,447590
207981,0,15,0,0,0,0,447890
208012,0,1,0,0,0,0,446509
208039,0,15,0,0,0,0,448085
208047,0,15,0,0,0,0,448107
208056,0,9,0,0,0,0,448156
208059,0,9,0,0,0,0,448160
208082,0,41,0,0,0,0,448246
208100,0,9,0,0,0,0,448323
208111,0,15,0,0,0,0,448381
208120,0,0,4096,0,0,0,448415
208152,0,15,2,0,0,0,448572
208153,0,15,0,0,15420,0,448573
208154,0,15,0,0,15420,0,448574
208155,0,0,0,0,4096,0,448575
208162,0,0,69632,0,0,0,448614
208163,0,0,69632,0,0,0,448618
208168,0,15,0,0,0,0,448624
208171,0,15,0,0,0,0,448627
208176,0,15,0,0,15420,0,448642
208182,0,15,0,0,15420,0,448653
208205,0,15,0,0,15420,0,448809
208260,0,1583,0,0,268467214,0,448995
208262,0,15,0,0,0,0,449005
208264,0,15,0,0,0,0,449009
208379,0,31,0,0,48142,0,449414
208384,0,31,0,0,48142,0,449420
208387,0,1,0,0,0,0,446372
208388,0,15,0,0,31788,0,449431
208389,0,8,0,0,0,0,449432
208557,0,15,0,0,0,0,449907
208560,0,8,0,0,0,0,449920
208562,0,8,0,0,0,0,449923
208570,0,0,524288,0,0,0,417147
208583,0,9,0,0,0,0,450005
208592,0,8,0,0,0,0,450086
208597,0,41,0,0,0,0,450098
208599,0,8,0,0,0,0,450106
208600,0,8,0,0,0,0,450107
208649,0,15,0,0,0,0,450409
208699,0,15,0,0,0,0,450600
208700,0,15,0,0,0,0,450601
208701,0,15,0,0,0,0,450602
208702,0,15,0,0,0,0,450603
208704,0,15,0,0,0,0,450607
208712,0,31,0,0,0,0,450643
208713,0,15,0,0,0,0,450646
208714,0,15,0,0,0,0,450650
208718,0,15,0,0,0,0,450658
208719,0,15,0,0,0,0,450659
208721,0,15,2,0,0,0,450662
208722,0,15,0,0,0,0,450663
208723,0,1,15375,0,0,0,450667
208837,0,31,0,0,0,0,451092
209002,0,15,0,0,0,0,451706
209008,0,15,0,0,0,0,451714
209241,0,15,0,0,0,0,452433
209242,0,15,0,0,0,0,452434
209612,0,15,0,0,0,0,453635
209614,0,15,0,0,0,0,453688
209615,0,15,0,0,0,0,453689
209616,0,15,0,0,0,0,453690
209617,0,15,0,0,0,0,453691
209618,0,15,0,0,0,0,453692
209619,0,15,0,0,0,0,453694
209620,0,15,0,0,0,0,453695
209621,0,15,0,0,0,0,453696
209622,0,15,0,0,0,0,453697
209623,0,15,0,0,0,0,453698
209624,0,15,0,0,0,0,453700
209625,0,15,0,0,0,0,453702
209626,0,15,0,0,0,0,453703
209663,0,0,524288,0,0,0,428865
209713,0,15,0,0,0,0,454017
209855,0,15,0,0,0,0,454466
209857,0,15,0,0,0,0,454469
210259,0,5,0,0,0,0,455876
210454,0,15,0,0,31756,0,456485
210537,0,5,0,0,0,0,456677
210600,0,0,268959744,0,0,0,456881
210618,0,15,0,0,0,0,456937
210667,0,15,0,0,0,0,457010
210669,0,23,0,0,0,0,457021
210816,0,15,0,0,0,0,457569
210837,0,0,128,0,0,0,457648
210884,0,41,0,0,0,0,457844
211079,0,0,524288,0,0,0,458590
211115,0,41,0,0,0,0,458684
211166,0,9,0,0,0,0,458454
211170,0,15,0,0,0,0,458819
211171,0,15,0,0,0,0,458821
211172,0,15,0,0,0,0,458822
211183,0,15,0,0,0,0,458856
211189,0,0,8912896,4096,0,0,458872
211192,0,0,8912896,4096,0,0,458877
211193,0,0,8912896,4096,0,0,458878
211195,0,15,0,0,0,0,458884
211277,0,15,524288,0,0,0,459160
211278,0,31,4194304,2048,0,0,459170
211290,0,31,4194304,2048,0,0,459207
211293,0,5,0,0,0,0,459221
211295,0,31,4194304,2048,0,0,459232
211311,0,9,0,0,0,0,459261
211314,0,15,0,0,0,0,459293
211322,0,15,0,0,0,0,459313
211472,0,0,0,0,15420,0,459592
211473,0,0,0,2048,0,0,459610
211474,0,0,0,2048,0,0,459611
211475,0,0,524288,0,0,0,459616
211476,0,41,0,0,0,0,459619
211532,0,5,0,0,0,0,459837
211534,0,5,0,0,0,0,459845
211616,0,0,2,0,0,0,460086
211670,0,15,0,0,0,0,460201
211718,0,15,0,0,0,0,460399
211719,0,15,0,0,0,0,460401
211740,0,15,0,0,0,0,460460
211742,0,15,0,0,0,0,460462
211750,0,13,0,0,0,0,460509
211751,0,15,0,0,0,0,460510
211797,0,15,0,0,0,0,460671
211798,0,8,0,0,0,0,460673
211804,0,15,0,0,0,0,460690
211805,0,15,0,0,0,0,460692
211806,0,15,0,0,0,0,460698
211807,0,15,0,0,0,0,460699
211808,0,15,0,0,0,0,460700
211814,0,15,0,0,0,0,460727
211816,0,15,0,0,0,0,460749
211819,0,31,0,0,0,0,460755
211820,0,0,2,0,0,0,460756
211821,0,0,-1604845568,512,-2142765056,512,460759
211823,0,1,0,0,0,0,460769
211848,0,15,0,0,0,0,460923
211856,0,15,0,0,0,0,460928
211859,0,0,4194304,0,0,0,460939
211860,0,0,0,2048,0,0,460940
211862,0,15,0,0,0,0,460963
211879,0,15,0,0,0,0,461064
211880,0,15,0,0,0,0,461067
211897,0,15,0,0,0,0,461121
211898,0,31,0,0,0,0,461124
211900,0,15,0,0,0,0,461129
211902,0,15,0,0,0,0,461139
211903,0,15,0,0,0,0,461142
211917,0,15,0,0,0,0,461189
211918,0,1536,4718592,0,0,0,461196
211919,0,1536,4718592,0,0,0,461197
211924,0,15,0,0,0,0,461237
211925,0,13,0,0,0,0,461240
211926,0,13,0,0,0,0,461241
211929,0,0,268959744,0,0,0,461256
211930,0,27,0,0,0,0,461269
211931,0,1583,0,0,31758,0,461272
211932,0,13,0,0,0,0,461279
211933,0,15,0,0,0,0,461280
211938,0,0,524288,0,0,0,461314
211941,0,0,524288,0,0,0,460372
211942,0,0,524288,0,0,0,460355
211943,0,0,524288,0,0,0,459625
211944,0,0,524288,0,0,0,459623
211946,0,8,0,0,0,0,461329
211947,0,1583,0,0,31758,0,461333
211948,0,40,0,0,31754,0,460362
211950,0,15,0,0,0,0,461351
211969,0,41,0,0,0,0,461463
212019,0,7,128,0,0,0,461607
212026,0,8,0,0,0,0,461615
212036,0,1,262272,0,0,0,461632
212037,0,0,4096,0,0,0,461637
212038,0,15,0,0,0,0,461645
212040,0,15,0,0,0,0,461647
212042,0,15,0,0,0,0,461649
212044,0,15,0,0,0,0,461651
212046,0,15,0,0,0,0,461653
212048,0,15,0,0,0,0,461655
212050,0,15,0,0,0,0,461657
212052,0,15,0,0,0,0,461659
212054,0,15,0,0,0,0,461661
212056,0,15,0,0,0,0,461663
212058,0,15,0,0,0,0,461665
212060,0,15,0,0,0,0,461667
212062,0,15,0,0,0,0,461669
212064,0,15,0,0,0,0,461671
212066,0,15,0,0,0,0,461673
212068,0,15,0,0,0,0,461675
212070,0,15,0,0,0,0,461677
212072,0,31,0,0,0,0,461679
212073,0,15,0,0,0,0,461688
212074,0,15,0,0,0,0,461689
212075,0,15,0,0,0,0,461690
212077,0,15,0,0,0,0,461692
212080,0,15,0,0,0,0,461706
212082,0,15,0,0,0,0,461708
212084,0,15,0,0,0,0,461710
212086,0,15,0,0,0,0,461712
212088,0,15,0,0,0,0,461714
212090,0,15,0,0,0,0,461716
212092,0,15,0,0,0,0,461718
212094,0,15,0,0,0,0,461720
212096,0,15,0,0,0,0,461722
212098,0,15,0,0,0,0,461724
212100,0,15,0,0,0,0,461727
212102,0,15,0,0,0,0,461730
212104,0,15,0,0,0,0,461733
212106,0,15,0,0,0,0,461735
212108,0,15,0,0,0,0,461737
212110,0,15,0,0,0,0,461739
212113,0,15,0,0,0,0,461743
212115,0,15,0,0,0,0,461747
212118,0,15,0,0,0,0,461750
212120,0,15,0,0,0,0,461752
212122,0,15,0,0,0,0,461754
212126,0,15,0,0,0,0,461761
212128,0,9,0,0,0,0,461764
212129,0,9,0,0,0,0,461765
212130,0,9,0,0,0,0,461767
212131,0,9,0,0,0,0,461769
212132,0,9,0,0,0,0,461770
212133,0,9,0,0,0,0,461771
212134,0,9,0,0,0,0,461772
212135,0,15,0,0,0,0,461773
212153,0,31,0,0,0,0,461833
212158,0,15,0,0,0,0,461862
212181,0,15,0,0,0,0,461961
212182,0,15,0,0,0,0,461962
212227,0,15,0,0,0,0,462160
212228,0,15,0,0,0,0,462161
212238,0,15,0,0,0,0,462178
212246,0,15,0,0,0,0,462222
212247,0,15,0,0,0,0,462223
212248,0,15,0,0,0,0,462224
212249,0,15,0,0,0,0,462225
212250,0,15,0,0,0,0,462226
212251,0,15,0,0,0,0,462227
212252,0,0,524288,0,0,0,462228
212255,0,8,0,0,0,0,462250
212256,0,1,0,0,0,0,460408
212258,0,15,0,0,0,0,462282
212269,0,15,0,0,0,0,462361
212271,0,15,0,0,0,0,462387
212295,0,31,0,0,0,0,462498
212298,0,1583,0,0,31758,0,462504
212300,0,1583,0,0,31758,0,462509
212309,0,0,2,0,0,0,462577
212310,0,15,0,0,0,0,462580
212311,0,15,0,0,0,0,462585
212312,0,15,0,0,0,0,462590
212329,0,15,0,0,0,0,462623
212339,0,5,0,0,0,0,462664
212340,0,0,2,0,0,0,462666
212380,0,0,524288,0,0,0,462832
212390,0,0,0,0,15372,0,462858
212392,0,8,0,0,0,0,462868
212393,0,15,0,0,0,0,462871
212399,0,15,0,0,0,0,462893
212400,0,15,0,0,0,0,462895
212401,0,15,0,0,0,0,462896
212402,0,15,0,0,0,0,462897
212440,0,1544,0,0,0,0,462467
212441,0,31,128,0,0,0,463005
212442,0,31,128,0,0,0,463006
212443,0,31,128,0,0,0,463007
212444,0,15,0,0,0,0,463008
212527,0,15,0,0,0,0,463285
212534,0,31,0,0,0,0,463320
212557,0,15,0,0,0,0,463448
212586,0,15,0,0,0,0,463556
212587,0,15,0,0,0,0,463557
212600,0,15,0,0,0,0,463626
212658,0,15,0,0,0,0,463866
212660,0,15,0,0,0,0,463868
212661,0,15,0,0,0,0,463869
212663,0,15,0,0,0,0,463871
212690,0,15,0,0,0,0,463972
212823,0,15,0,0,0,0,464558
212832,0,15,0,0,0,0,464592
212951,0,15,0,0,0,0,464945
212952,0,15,0,0,0,0,464946
213073,0,15,0,0,0,0,465352
213087,0,15,0,0,0,0,465411
213089,0,15,0,0,0,0,465417
213090,0,15,0,0,0,0,465418
213097,0,15,524416,1024,0,0,465447
213147,0,15,128,0,0,0,465626
213159,0,15,0,0,0,0,465675
213170,0,13,0,0,0,0,465700
213243,0,15,128,0,0,0,465944
213244,0,15,128,0,0,0,465945
213245,0,15,128,0,0,0,465946
213298,0,0,0,0,4,0,466108
213303,0,15,0,0,0,0,466116
213304,0,15,0,0,0,0,466117
213305,0,15,0,0,0,0,466118
213307,0,0,0,0,4,0,466126
213321,0,0,524288,0,0,0,466169
213344,0,0,4718592,0,0,0,466195
213347,0,13,0,0,0,0,466211
213355,0,0,524288,0,0,0,466255
213356,0,0,524288,0,0,0,466256
213360,0,9,0,0,0,0,466272
213441,0,15,0,0,15420,0,466552
213451,0,15,0,0,15420,0,466583
213458,0,14,0,0,15412,0,466596
213470,0,15,0,0,15420,0,466662
213473,0,1536,4718592,0,0,0,466677
213500,0,31,0,0,0,0,466738
213501,0,15,0,0,0,0,466740
213503,0,15,0,0,15420,0,466746
213505,0,15,0,0,15420,0,466749
213571,0,8,0,0,0,0,466987
213643,0,13,0,0,0,0,467271
213671,0,15,0,0,15420,0,467347
213686,0,0,524288,0,0,0,458987
213687,0,0,524288,0,0,0,463365
213704,0,12,0,0,0,0,467543
213708,0,15,0,0,0,0,467561
213709,0,15,0,0,0,0,467562
213710,0,15,0,0,0,0,467563
213711,0,15,0,0,0,0,467566
213719,0,8,0,0,0,0,467588
213767,0,15,0,0,0,0,467763
213775,0,15,0,0,0,0,467782
213777,0,15,0,0,0,0,467790
213794,0,4,0,0,0,0,467880
213827,0,0,128,0,0,0,468066
213837,0,15,0,0,0,0,468125
213855,0,15,0,0,0,0,468167
213856,0,15,0,0,0,0,468169
213868,0,41,0,0,0,0,468195
213879,0,15,0,0,0,0,468211
213884,0,15,0,0,0,0,468225
213898,0,15,0,0,0,0,468252
213909,0,31,0,0,0,0,468297
213914,0,15,0,0,0,0,468314
213916,0,15,0,0,0,0,468318
213917,0,15,0,0,0,0,468321
213918,0,15,0,0,0,0,468323
213919,0,15,0,0,0,0,468325
213920,0,15,0,0,0,0,468328
213921,0,15,0,0,0,0,468330
213922,0,15,0,0,0,0,468332
213924,0,15,0,0,0,0,468339
213926,0,15,0,0,0,0,468342
213927,0,15,0,0,0,0,468344
213928,0,15,0,0,0,0,468347
213929,0,15,0,0,0,0,468349
213930,0,15,0,0,0,0,468351
213932,0,15,0,0,0,0,468354
213934,0,15,0,0,0,0,468359
213935,0,15,0,0,0,0,468362
213936,0,15,0,0,0,0,468365
213938,0,15,0,0,0,0,468368
213939,0,15,0,0,0,0,468373
213941,0,15,0,0,0,0,468376
213942,0,15,0,0,0,0,468380
213943,0,15,0,0,0,0,468383
213953,0,1,0,0,31756,0,468466
213970,0,4,0,0,0,0,468526
213972,0,15,0,0,0,0,468552
213974,0,15,0,0,0,0,468555
213975,0,15,0,0,0,0,468556
213976,0,15,0,0,0,0,468557
213977,0,15,0,0,0,0,468558
213978,0,15,0,0,0,0,468559
213979,0,15,0,0,0,0,468560
213981,0,15,0,0,0,0,468562
213982,0,15,0,0,0,0,468563
214002,0,15,0,0,0,0,468638
214024,0,15,0,0,0,0,468698
214027,0,1,0,0,31756,0,468710
214043,0,0,4718592,2048,0,0,468751
214046,0,15,0,0,0,0,468761
214047,0,15,0,0,0,0,468763
214048,0,15,0,0,0,0,468766
214049,0,1,262272,0,0,0,468767
214065,0,1,0,0,0,0,468823
214066,0,31,0,0,0,0,468830
214069,0,15,0,0,0,0,468836
214070,0,15,0,0,0,0,468837
214071,0,15,0,0,0,0,468838
214072,0,15,0,0,0,0,468839
214073,0,15,0,0,0,0,468840
214079,0,1,15375,0,0,0,468879
214087,0,1,0,0,0,0,468925
214104,0,31,0,0,0,0,465789
214113,0,5,0,0,0,0,469010
214115,0,15,0,0,0,0,469020
214123,0,14,0,0,31756,0,469055
214124,0,15,0,0,31756,0,469056
214125,0,15,0,0,31756,0,469057
214126,0,15,0,0,31756,0,469058
214127,0,15,0,0,0,0,469059
214132,0,1536,0,0,0,0,469075
214141,0,41,0,0,0,0,469105
214146,0,15,0,0,0,0,469143
214147,0,0,2,0,0,0,469146
214148,0,15,2,0,0,0,469155
214149,0,15,0,0,0,0,469161
214152,0,1577,5279745,2048,0,0,469166
214158,0,1577,5279745,2048,0,0,469182
214160,0,15,0,0,0,0,469199
214162,0,15,0,0,0,0,469201
214165,0,8,0,0,0,0,469221
214166,0,0,15364,0,0,0,469224
214167,0,8,0,0,0,0,469228
214174,0,9,0,0,48140,0,469277
214178,0,9,0,0,48140,0,469301
214179,0,9,0,0,48140,0,469306
214190,0,14,0,0,0,0,469370
214191,0,14,0,0,0,0,469371
214192,0,14,0,0,0,0,469372
214206,0,14,0,0,0,0,469433
214227,0,15,0,0,0,0,469521
214228,0,15,0,0,0,0,469548
214230,0,15,0,0,0,0,469566
214238,0,5,0,0,0,0,469320
214249,0,15,0,0,0,0,469647
214255,0,31,4194304,2048,0,0,469670
214259,0,31,4194304,2048,0,0,469706
214267,0,15,0,0,0,0,469753
214277,0,0,541589504,1024,0,0,469788
214299,0,0,524288,0,0,0,469884
214302,0,31,4194304,2048,0,0,469891
214325,0,37,0,0,0,0,469990
214349,0,15,10,0,10,0,470052
214383,0,0,541589504,1024,0,0,470199
214403,0,1,0,0,0,0,470280
214427,0,0,2,0,15374,0,470345
214428,0,15,0,0,0,0,470349
214435,0,15,0,0,0,0,470359
214436,0,1,262272,0,0,0,470362
214438,0,1,262272,0,0,0,470369
214439,0,15,0,0,0,0,470370
214475,0,5,0,0,0,0,470457
214476,0,15,524288,0,0,0,470459
214477,0,15,0,0,0,0,470460
214581,0,0,541589504,1024,0,0,470807
214665,0,0,541589504,3072,0,0,471051
214771,0,15,0,0,0,0,471400
214772,0,15,0,0,0,0,471401
214795,0,0,4198404,0,0,0,469262
214803,0,0,4718592,0,0,0,471514
214804,0,0,4718592,0,0,0,471513
215291,0,31,4194304,2048,0,0,473384
215324,0,0,2,0,0,0,473525
215333,0,0,15367,0,0,0,473544
215383,0,31,4194304,2048,0,0,473702
215413,0,31,128,0,0,0,473847
215414,0,31,128,0,0,0,473848
215415,0,31,128,0,0,0,473853
215417,0,31,128,0,0,0,473855
215418,0,31,128,0,0,0,473856
215419,0,31,128,0,0,0,473858
215420,0,31,128,0,0,0,473859
215421,0,31,128,0,0,0,473860
215423,0,31,128,0,0,0,473862
215424,0,31,128,0,0,0,473869
215425,0,31,128,0,0,0,473870
215426,0,31,128,0,0,0,473871
215427,0,31,128,0,0,0,473872
215428,0,31,128,0,0,0,473874
215429,0,31,128,0,0,0,473875
215430,0,31,128,0,0,0,473877
215432,0,31,128,0,0,0,473881
215433,0,31,128,0,0,0,473882
215435,0,31,128,0,0,0,473886
215436,0,31,128,0,0,0,473887
215438,0,31,131,0,0,0,473900
215535,0,15,0,0,31788,0,474204
215553,0,15,0,0,31788,0,474268
215593,0,15,0,0,0,0,474402
215740,0,8,0,0,0,0,1213144
215741,0,15,0,0,0,0,1213146
215762,0,15,0,0,0,0,1213248
215763,0,9,0,0,0,0,1213253
215770,0,15,0,0,0,0,1213269
215772,0,1,0,0,0,0,1213271
215773,0,13,0,0,0,0,1213272
215775,0,15,0,0,0,0,1213276
215778,0,14,0,0,0,0,1213278
215779,0,15,0,0,15420,0,1213279
215787,0,0,0,0,4,0,1213297
215788,0,15,0,0,0,0,1213298
215792,0,15,0,0,0,0,1213331
215794,0,15,0,0,0,0,1213336
215800,0,13,0,0,0,0,1213356
215829,0,15,0,0,0,0,1213450
215830,0,15,0,0,31788,0,1213451
215831,0,15,0,0,0,0,1213452
215833,0,8,0,0,0,0,1213462
215834,0,15,0,0,0,0,1213464
215838,0,15,0,0,0,0,1213477
215840,0,15,0,0,0,0,1213481
215842,0,15,0,0,0,0,1213484
215844,0,15,0,0,0,0,1213490
215846,0,15,0,0,0,0,1213492
215849,0,15,0,0,0,0,1213498
215851,0,15,0,0,0,0,1213500
215853,0,15,0,0,0,0,1213502
215855,0,15,0,0,0,0,1213504
215857,0,15,0,0,0,0,1213506
215861,0,15,0,0,0,0,1213513
215867,0,15,0,0,0,0,1213519
215869,0,15,0,0,0,0,1213521
215871,0,15,0,0,0,0,1213523
215873,0,15,0,0,0,0,1213525
215875,0,15,0,0,0,0,1213527
215877,0,15,0,0,0,0,1213530
215879,0,15,0,0,0,0,1213532
215881,0,15,0,0,0,0,1213534
215882,0,15,0,0,0,0,1213536
215884,0,15,0,0,0,0,1213538
215886,0,15,0,0,0,0,1213540
215889,0,15,0,0,0,0,1213544
215891,0,15,0,0,0,0,1213546
215893,0,15,0,0,0,0,1213548
215896,0,15,0,0,0,0,1213552
215899,0,15,0,0,0,0,1213559
215902,0,15,0,0,0,0,1213563
215904,0,15,0,0,0,0,1213565
215906,0,15,0,0,0,0,1213571
215908,0,15,0,0,0,0,1213573
215910,0,15,0,0,0,0,1213576
215912,0,15,0,0,0,0,1213578
215919,0,15,0,0,0,0,1213586
215921,0,15,0,0,0,0,1213588
215925,0,15,0,0,0,0,1213593
215927,0,15,0,0,0,0,1213595
215929,0,15,0,0,0,0,1213598
215931,0,15,0,0,0,0,1213600
215933,0,15,0,0,0,0,1213603
215936,0,15,0,0,0,0,1213607
215938,0,15,0,0,0,0,1213610
215943,0,15,0,0,0,0,1213616
215946,0,15,0,0,0,0,1213622
215948,0,15,0,0,0,0,1213626
215950,0,15,0,0,0,0,1213628
215952,0,15,0,0,0,0,1213633
215954,0,15,0,0,0,0,1213635
215956,0,15,0,0,0,0,1213638
215959,0,15,0,0,0,0,1213643
215961,0,15,0,0,0,0,1213646
215982,0,15,0,0,0,0,1213709
215984,0,15,0,0,0,0,1213711
215986,0,15,0,0,0,0,1213715
215988,0,15,0,0,0,0,1213717
215990,0,15,0,0,0,0,1213720
215992,0,15,0,0,0,0,1213723
215994,0,15,0,0,0,0,1213726
215996,0,15,0,0,0,0,1213728
215998,0,15,0,0,0,0,1213731
216000,0,15,0,0,0,0,1213734
216002,0,15,0,0,0,0,1213736
216004,0,15,0,0,0,0,1213738
216006,0,15,0,0,0,0,1213740
216008,0,15,0,0,0,0,1213742
216010,0,15,0,0,0,0,1213744
216012,0,15,0,0,0,0,1213746
216014,0,15,0,0,0,0,1213748
216016,0,15,0,0,0,0,1213751
216036,0,15,0,0,0,0,1213829
216038,0,15,0,0,0,0,1213833
216065,0,5,0,0,0,0,1213924
216084,0,15,0,0,0,0,1214004
216092,0,31,0,0,0,0,1214028
216113,0,15,0,0,0,0,1214137
216118,0,15,0,0,0,0,1214145
216126,0,0,524288,0,0,0,1214166
216127,0,15,0,0,0,0,1214168
216128,0,15,0,0,0,0,1214169
216129,0,15,0,0,0,0,1214171
216130,0,15,0,0,0,0,1214173
216153,0,15,0,0,0,0,1214214
216158,0,15,0,0,0,0,1214257
216161,0,15,0,0,0,0,1214270
216163,0,15,0,0,0,0,1214274
216165,0,31,128,0,0,0,1214283
216169,0,15,0,0,0,0,1214303
216172,0,15,0,0,0,0,1214306
216173,0,15,0,0,0,0,1214307
216175,0,15,0,0,0,0,1214309
216352,0,14,0,0,0,0,1214884
216471,0,31,128,0,0,0,1215378
216472,0,31,128,0,0,0,1215380
216501,0,15,0,0,0,0,1215507
216525,0,15,0,0,0,0,1215615
216536,0,15,0,0,31788,0,1215740
216596,0,63,0,0,0,0,1215969
216602,0,15,0,0,0,0,1216005
216604,0,15,0,0,0,0,1216007
216607,0,15,0,0,0,0,1216010
216611,0,15,0,0,0,0,1216014
216613,0,15,0,0,0,0,1216016
216615,0,15,0,0,0,0,1216018
216617,0,15,0,0,0,0,1216020
216619,0,15,0,0,0,0,1216022
216621,0,15,0,0,0,0,1216024
216623,0,15,0,0,0,0,1216026
216624,0,15,0,0,0,0,1216027
216695,0,1,0,0,0,0,1216287
216697,0,1,0,0,0,0,1216291
216698,0,1,0,0,0,0,1216294
216699,0,1,0,0,0,0,1216296
216706,0,14,0,0,0,0,1216319
216714,0,14,0,0,0,0,1216327
216727,0,14,0,0,0,0,1216340
216729,0,14,0,0,0,0,1216349
216730,0,14,0,0,0,0,1216350
216731,0,0,8,0,0,0,1216353
216732,0,14,0,0,0,0,1216354
216733,0,14,0,0,0,0,1216355
216734,0,14,0,0,0,0,1216356
216735,0,14,0,0,0,0,1216357
216736,0,14,0,0,0,0,1216360
216737,0,14,0,0,0,0,1216361
216738,0,14,0,0,0,0,1216362
216739,0,14,0,0,0,0,1216363
216740,0,14,0,0,0,0,1216364
216741,0,14,0,0,0,0,1216365
216742,0,14,0,0,0,0,1216366
216743,0,14,0,0,0,0,1216367
216744,0,14,0,0,0,0,1216368
216745,0,14,0,0,0,0,1216369
216746,0,14,0,0,0,0,1216370
216747,0,14,0,0,0,0,1216371
216748,0,14,0,0,0,0,1216372
216749,0,14,0,0,0,0,1216373
216750,0,14,0,0,0,0,1216374
216751,0,14,0,0,0,0,1216375
216752,0,14,0,0,0,0,1216376
216753,0,14,0,0,0,0,1216377
216754,0,14,0,0,0,0,1216378
216755,0,14,0,0,0,0,1216379
216756,0,14,0,0,0,0,1216380
216757,0,14,0,0,0,0,1216381
216758,0,14,0,0,0,0,1216382
216759,0,14,0,0,0,0,1216383
216760,0,14,0,0,0,0,1216384
216761,0,14,0,0,0,0,1216385
216762,0,14,0,0,0,0,1216386
216763,0,14,0,0,0,0,1216387
216764,0,14,0,0,0,0,1216388
216765,0,14,0,0,0,0,1216389
216766,0,14,0,0,0,0,1216390
216809,0,0,4100,0,0,0,1213335
216826,0,0,4718592,0,0,0,1216566
216923,0,15,0,0,0,0,1216844
217018,0,5,0,0,0,0,1217130
217026,0,31,128,0,0,0,1217141
217027,0,31,128,0,0,0,1217142
217028,0,31,128,0,0,0,1217143
217029,0,31,128,0,0,0,1217144
217030,0,31,128,0,0,0,1217145
217031,0,31,128,0,0,0,1217146
217032,0,31,128,0,0,0,1217147
217033,0,31,128,0,0,0,1217148
217034,0,31,128,0,0,0,1217149
217035,0,31,128,0,0,0,1217150
217036,0,31,128,0,0,0,1217151
217037,0,31,128,0,0,0,1217152
217038,0,31,128,0,0,0,1217153
217039,0,31,128,0,0,0,1217154
217040,0,31,128,0,0,0,1217155
217041,0,31,128,0,0,0,1217156
217043,0,31,0,0,0,0,1217160
217051,0,15,0,0,0,0,1217189
217055,0,15,0,0,0,0,1217203
217058,0,15,0,0,0,0,1217206
217059,0,15,0,0,0,0,1217207
217158,0,31,0,0,48142,0,1217520
217198,0,33,0,0,0,0,1217694
217243,0,15,4126,0,15374,0,1215425
217244,0,15,4126,0,15374,0,1215428
217245,0,15,4126,0,15374,0,1215430
217246,0,15,4126,0,15374,0,1215432
217247,0,15,4126,0,15374,0,1215435
217248,0,15,4126,0,15374,0,1215436
217249,0,15,4126,0,15374,0,1215438
217250,0,15,4126,0,15374,0,1215440
217251,0,15,4126,0,15374,0,1215442
217252,0,15,4126,0,15374,0,1215445
217253,0,15,4126,0,15374,0,1215447
217254,0,15,4126,0,15374,0,1215448
217255,0,15,4126,0,15374,0,1215450
217256,0,15,4126,0,15374,0,1215452
217257,0,15,4126,0,15374,0,1215455
217325,0,8,0,2048,0,0,1218071
217326,0,8,0,2048,0,0,1218072
217327,0,0,0,2048,0,0,1218073
217418,0,31,0,0,0,0,1218360
217496,0,31,0,0,0,0,1218624
217526,0,0,-2146959360,0,0,0,1219020
217537,0,0,1142427676,256,0,0,1219066
217546,0,31,0,0,0,0,1219099
217582,0,9,0,0,0,0,1219387
217583,0,15,0,0,0,0,1219389
217617,0,15,0,0,0,0,1219507
217620,0,15,0,0,0,0,1219510
217621,0,15,0,0,0,0,1219511
217622,0,15,0,0,0,0,1219512
217640,0,15,0,0,0,0,1219577
217641,0,15,0,0,0,0,1219578
217642,0,15,0,0,0,0,1219579
217643,0,15,0,0,0,0,1219580
217644,0,15,0,0,0,0,1219581
217648,0,15,0,0,0,0,1219587
217688,0,15,0,0,0,0,1219740
217689,0,15,0,0,0,0,1219742
217690,0,15,0,0,0,0,1219743
217691,0,15,0,0,0,0,1219745
217693,0,15,0,0,0,0,1219747
217694,0,15,0,0,0,0,1219748
217695,0,15,0,0,0,0,1219749
217696,0,15,0,0,0,0,1219751
217697,0,15,0,0,0,0,1219752
217698,0,15,0,0,0,0,1219753
217699,0,15,0,0,0,0,1219754
217700,0,15,0,0,0,0,1219755
217701,0,15,0,0,0,0,1219756
217702,0,15,0,0,0,0,1219757
217703,0,15,0,0,0,0,1219758
217704,0,15,0,0,0,0,1219760
217705,0,15,0,0,0,0,1219762
217706,0,15,0,0,0,0,1219763
217707,0,15,0,0,0,0,1219764
217708,0,15,0,0,0,0,1219766
217709,0,15,0,0,0,0,1219767
217710,0,15,0,0,0,0,1219768
217711,0,15,0,0,0,0,1219769
217712,0,15,0,0,0,0,1219770
217713,0,15,0,0,0,0,1219771
217714,0,15,0,0,0,0,1219772
217715,0,15,0,0,0,0,1219773
217716,0,15,0,0,0,0,1219774
217717,0,15,0,0,0,0,1219775
217718,0,15,0,0,0,0,1219776
217719,0,15,0,0,0,0,1219777
217720,0,15,0,0,0,0,1219778
217721,0,15,0,0,0,0,1219779
217722,0,15,0,0,0,0,1219780
217723,0,15,0,0,0,0,1219781
217724,0,15,0,0,0,0,1219782
217725,0,15,0,0,0,0,1219783
217726,0,15,0,0,0,0,1219784
217727,0,15,0,0,0,0,1219785
217728,0,15,0,0,0,0,1219786
217729,0,15,0,0,0,0,1219787
217730,0,15,0,0,0,0,1219788
217731,0,15,0,0,0,0,1219789
217732,0,15,0,0,0,0,1219790
217733,0,15,0,0,0,0,1219791
217734,0,15,0,0,0,0,1219792
217735,0,15,0,0,0,0,1219793
217736,0,15,0,0,0,0,1219794
217737,0,15,0,0,0,0,1219795
217738,0,15,0,0,0,0,1219796
217739,0,15,0,0,0,0,1219797
217740,0,15,0,0,0,0,1219798
217741,0,15,0,0,0,0,1219799
217742,0,15,0,0,0,0,1219800
217743,0,15,0,0,0,0,1219801
217744,0,15,0,0,0,0,1219802
217745,0,15,0,0,0,0,1219803
217746,0,15,0,0,0,0,1219804
217747,0,15,0,0,0,0,1219805
217748,0,15,0,0,0,0,1219806
217749,0,15,0,0,0,0,1219807
217750,0,15,0,0,0,0,1219808
217751,0,15,0,0,0,0,1219809
217752,0,15,0,0,0,0,1219810
217753,0,15,0,0,0,0,1219811
217754,0,15,0,0,0,0,1219812
217755,0,15,0,0,0,0,1219813
217756,0,15,0,0,0,0,1219815
217757,0,15,0,0,0,0,1219816
217759,0,15,0,0,0,0,1219818
217760,0,15,0,0,0,0,1219819
217761,0,15,0,0,0,0,1219820
217762,0,15,0,0,0,0,1219821
217763,0,15,0,0,0,0,1219822
217764,0,15,0,0,0,0,1219823
217765,0,15,0,0,0,0,1219824
217766,0,15,0,0,0,0,1219825
217767,0,15,0,0,0,0,1219826
217768,0,15,0,0,0,0,1219827
217769,0,15,0,0,0,0,1219828
217770,0,15,0,0,0,0,1219829
217771,0,15,0,0,0,0,1219830
217772,0,15,0,0,0,0,1219831
217773,0,15,0,0,0,0,1219832
217774,0,15,0,0,0,0,1219833
217775,0,15,0,0,0,0,1219834
217776,0,15,0,0,0,0,1219835
217777,0,15,0,0,0,0,1219836
217778,0,15,0,0,0,0,1219837
217779,0,15,0,0,0,0,1219838
217780,0,15,0,0,0,0,1219839
217781,0,15,0,0,0,0,1219840
217782,0,15,0,0,0,0,1219841
217783,0,15,0,0,0,0,1219842
217784,0,15,0,0,0,0,1219843
217785,0,15,0,0,0,0,1219844
217786,0,15,0,0,0,0,1219845
217787,0,15,0,0,0,0,1219846
217788,0,15,0,0,0,0,1219847
217789,0,15,0,0,0,0,1219848
217790,0,15,0,0,0,0,1219849
217791,0,15,0,0,0,0,1219850
217792,0,15,0,0,0,0,1219851
217793,0,15,0,0,0,0,1219852
217794,0,15,0,0,0,0,1219853
217795,0,15,0,0,0,0,1219854
217796,0,15,0,0,0,0,1219855
217797,0,15,0,0,0,0,1219856
217798,0,15,0,0,0,0,1219857
217799,0,15,0,0,0,0,1219858
217800,0,15,0,0,0,0,1219859
217801,0,15,0,0,0,0,1219860
217802,0,15,0,0,0,0,1219861
217803,0,15,0,0,0,0,1219862
217804,0,15,0,0,0,0,1219863
217805,0,15,0,0,0,0,1219864
217806,0,15,0,0,0,0,1219865
217807,0,15,0,0,0,0,1219866
217808,0,15,0,0,0,0,1219867
217809,0,15,0,0,0,0,1219868
217810,0,15,0,0,0,0,1219869
217811,0,15,0,0,0,0,1219870
217812,0,15,0,0,0,0,1219871
217813,0,15,0,0,0,0,1219872
217814,0,15,0,0,0,0,1219873
217815,0,15,0,0,0,0,1219874
217816,0,15,0,0,0,0,1219875
217817,0,15,0,0,0,0,1219876
217818,0,15,0,0,0,0,1219877
217819,0,15,0,0,0,0,1219878
217820,0,15,0,0,0,0,1219879
217821,0,15,0,0,0,0,1219880
217822,0,15,0,0,0,0,1219881
217823,0,15,0,0,0,0,1219882
217824,0,15,0,0,0,0,1219883
217825,0,15,0,0,0,0,1219884
217826,0,15,0,0,0,0,1219885
217827,0,15,0,0,0,0,1219886
217828,0,15,0,0,0,0,1219887
217829,0,15,0,0,0,0,1219888
217830,0,15,0,0,0,0,1219889
217831,0,15,0,0,0,0,1219890
217832,0,15,0,0,0,0,1219891
217833,0,15,0,0,0,0,1219892
217834,0,15,0,0,0,0,1219893
217835,0,15,0,0,0,0,1219894
217836,0,15,0,0,0,0,1219895
217837,0,15,0,0,0,0,1219896
217838,0,15,0,0,0,0,1219897
217839,0,15,0,0,0,0,1219898
217840,0,15,0,0,0,0,1219899
217841,0,15,0,0,0,0,1219900
217842,0,15,0,0,0,0,1219901
217843,0,15,0,0,0,0,1219902
217844,0,15,0,0,0,0,1219903
217845,0,15,0,0,0,0,1219904
217846,0,15,0,0,0,0,1219905
217847,0,15,0,0,0,0,1219906
217848,0,15,0,0,0,0,1219907
217849,0,15,0,0,0,0,1219908
217850,0,15,0,0,0,0,1219909
217851,0,15,0,0,0,0,1219910
217852,0,15,0,0,0,0,1219911
217853,0,15,0,0,0,0,1219912
217854,0,15,0,0,0,0,1219913
217855,0,15,0,0,0,0,1219914
217856,0,15,0,0,0,0,1219915
217857,0,15,0,0,0,0,1219916
217858,0,15,0,0,0,0,1219917
217859,0,15,0,0,0,0,1219918
217860,0,15,0,0,0,0,1219919
217861,0,15,0,0,0,0,1219920
217862,0,15,0,0,0,0,1219921
217863,0,15,0,0,0,0,1219922
217864,0,15,0,0,0,0,1219923
217865,0,15,0,0,0,0,1219924
217866,0,15,0,0,0,0,1219925
217867,0,15,0,0,0,0,1219926
217868,0,15,0,0,0,0,1219927
217869,0,15,0,0,0,0,1219928
217870,0,15,0,0,0,0,1219929
217871,0,15,0,0,0,0,1219930
217872,0,15,0,0,0,0,1219931
217873,0,15,0,0,0,0,1219932
217874,0,15,0,0,0,0,1219933
217875,0,15,0,0,0,0,1219934
217876,0,15,0,0,0,0,1219935
217877,0,15,0,0,0,0,1219936
217878,0,15,0,0,0,0,1219937
217879,0,15,0,0,0,0,1219938
217880,0,15,0,0,0,0,1219939
217881,0,15,0,0,0,0,1219940
217882,0,15,0,0,0,0,1219941
217883,0,15,0,0,0,0,1219942
217884,0,15,0,0,0,0,1219943
217885,0,15,0,0,0,0,1219944
217886,0,15,0,0,0,0,1219945
217887,0,15,0,0,0,0,1219946
217888,0,15,0,0,0,0,1219947
217889,0,15,0,0,0,0,1219948
217890,0,15,0,0,0,0,1219949
217891,0,15,0,0,0,0,1219950
217892,0,15,0,0,0,0,1219951
217893,0,15,0,0,0,0,1219952
217894,0,15,0,0,0,0,1219953
217895,0,15,0,0,0,0,1219954
217906,0,47,0,0,0,0,1220400
217908,0,47,0,0,0,0,1220401
217909,0,15,0,0,0,0,1220408
217912,0,9,0,0,0,0,1220431
217913,0,47,0,0,0,0,1220434
217914,0,47,0,0,0,0,1220435
217915,0,47,0,0,0,0,1220436
217916,0,47,0,0,0,0,1220437
217917,0,47,0,0,0,0,1220438
217918,0,47,0,0,0,0,1220439
217929,0,15,0,0,0,0,1220515
217930,0,15,0,0,0,0,1220517
217931,0,9,0,0,0,0,1220519
217938,0,1,0,0,0,0,1220529
217944,0,31,128,0,0,0,1220565
217945,0,31,128,0,0,0,1220566
217946,0,31,128,0,0,0,1220567
217947,0,31,128,0,0,0,1220568
217974,0,15,0,0,0,0,1220623
217975,0,15,0,0,0,0,1220624
217985,0,0,4100,0,0,0,1220675
217986,0,0,4100,0,0,0,1220678
218023,0,13,0,0,0,0,1220843
218024,0,15,0,0,0,0,1220844
218025,0,15,0,0,0,0,1220853
218026,0,15,0,0,0,0,1220854
218027,0,15,0,0,0,0,1220855
218034,0,1,0,0,0,0,1220882
218036,0,15,0,0,0,0,1220908
218037,0,1,0,0,0,0,1220920
218038,0,15,0,0,0,0,1220927
218057,0,15,0,0,0,0,1221012
218074,0,31,0,0,0,0,1221051
218079,0,0,0,0,4108,0,1221065
218080,0,9,8,0,8,0,1221069
218161,0,63,1430851591,3328,0,0,1221337
218162,0,0,877203463,77056,0,0,1221341
218171,0,47,0,0,0,0,1221363
218195,0,9,8,0,268435466,0,1221433
218229,0,15,0,0,0,0,1221571
218231,0,31,0,0,0,0,1221575
218232,0,13,0,0,0,0,1221579
218287,0,0,67633152,0,0,0,1221782
218288,0,1,0,0,0,0,1221732
218291,0,1,0,0,0,0,1221798
218404,0,5,0,0,0,0,1222206
218411,0,15,0,0,0,0,1222226
218455,0,15,0,0,0,0,1222395
218489,0,15,0,0,0,0,1222546
218502,0,15,0,0,0,0,1222563
218505,0,1,0,0,0,0,1222570
218507,0,15,0,0,0,0,1222574
218508,0,15,0,0,0,0,1222578
218509,0,13,0,0,0,0,1222581
218519,0,15,0,0,0,0,1222702
218520,0,15,0,0,0,0,1222704
218538,0,31,0,0,0,0,1222743
218549,0,13,0,0,0,0,1222775
218550,0,15,0,0,0,0,1222776
218595,0,0,2,0,0,0,1222934
218597,0,15,0,0,0,0,1222943
218621,0,0,524288,0,0,0,1223037
218622,0,0,0,2048,0,0,1223048
218623,0,15,0,0,0,0,1223049
218735,0,15,4106,0,4106,0,1223437
218738,0,31,0,0,0,0,1223456
218739,0,9,0,0,0,0,1223460
218740,0,9,8,0,8,0,1223462
218815,0,0,4194304,0,0,0,473399
218816,0,0,4194304,0,0,0,473387
218817,0,0,4194304,0,0,0,473403
218818,0,0,4194304,0,0,0,473441
218819,0,0,4194304,0,0,0,473450
218820,0,0,4194304,0,0,0,473469
218821,0,0,4194304,0,0,0,473476
218829,0,2047,0,0,0,0,1223679
218833,0,15,0,0,0,0,1223689
218856,0,15,0,0,0,0,1223760
218857,0,15,0,0,0,0,1223762
218858,0,15,0,0,0,0,1223764
218859,0,15,0,0,0,0,1223766
218860,0,15,0,0,0,0,1223768
218861,0,15,0,0,0,0,1223770
218862,0,15,0,0,0,0,1223772
218863,0,15,0,0,0,0,1223774
218864,0,15,0,0,0,0,1223776
218865,0,15,0,0,0,0,1223778
218866,0,15,0,0,0,0,1223780
218867,0,15,0,0,0,0,1223782
218868,0,15,0,0,0,0,1223784
218870,0,15,0,0,0,0,1223787
218871,0,15,0,0,0,0,1223788
218872,0,15,0,0,0,0,1223789
218873,0,15,0,0,0,0,1223790
218874,0,15,0,0,0,0,1223791
218875,0,15,0,0,0,0,1223792
218937,0,9,0,0,0,0,1224125
219133,0,15,0,0,0,0,1224410
219137,0,15,0,0,0,0,1224422
219182,0,15,0,0,0,0,1224607
219183,0,15,0,0,0,0,1224608
219184,0,15,0,0,0,0,1224609
219185,0,15,0,0,0,0,1224610
219186,0,15,0,0,0,0,1224611
219187,0,15,0,0,0,0,1224612
219188,0,15,0,0,0,0,1224613
219189,0,15,0,0,0,0,1224614
219190,0,15,0,0,0,0,1224615
219191,0,15,0,0,0,0,1224616
219192,0,15,0,0,0,0,1224617
219193,0,15,0,0,0,0,1224618
219194,0,15,0,0,0,0,1224619
219195,0,15,0,0,0,0,1224620
219196,0,15,0,0,0,0,1224621
219197,0,15,0,0,0,0,1224622
219198,0,15,0,0,0,0,1224623
219199,0,15,0,0,0,0,1224624
219200,0,15,0,0,0,0,1224625
219201,0,15,0,0,0,0,1224626
219202,0,15,0,0,0,0,1224627
219203,0,15,0,0,0,0,1224628
219204,0,15,0,0,0,0,1224629
219205,0,15,0,0,0,0,1224630
219206,0,15,0,0,0,0,1224631
219207,0,15,0,0,0,0,1224632
219208,0,15,0,0,0,0,1224633
219209,0,15,0,0,0,0,1224635
219210,0,15,0,0,0,0,1224636
219211,0,15,0,0,0,0,1224637
219212,0,15,0,0,0,0,1224638
219213,0,15,0,0,0,0,1224639
219474,0,23,0,0,0,0,1225291
219482,0,0,524288,0,0,0,1216928
219483,0,27,0,0,0,0,1222018
219484,0,0,524288,0,0,0,1217724
219485,0,47,16781312,256,0,0,1221309
219527,0,27,0,0,0,0,1222050
219538,0,15,0,0,0,0,1225458
219540,0,15,0,0,0,0,1225464
219541,0,31,0,0,0,0,1225481
219542,0,15,0,0,0,0,1225482
219543,0,15,0,0,0,0,1225484
219546,0,8,0,0,0,0,1225509
219621,0,15,0,0,0,0,1225758
219622,0,15,0,0,0,0,1225759
219623,0,15,0,0,0,0,1225760
219625,0,15,0,0,0,0,1225762
219626,0,15,0,0,0,0,1225763
219628,0,1,262272,0,0,0,1225769
219629,0,1,262272,0,0,0,1225771
219630,0,1,262272,0,0,0,1225772
219632,0,1,262272,0,0,0,1225774
219634,0,0,-2147483648,0,0,0,1219485
219635,0,0,-2147483648,0,0,0,1219291
219636,0,0,-2147483648,0,0,0,1219375
219638,0,0,-2147483648,0,0,0,1219370
219639,0,0,-2147483648,0,0,0,1218587
219640,0,0,-2147483648,0,0,0,1218479
219642,0,0,-2147483648,0,0,0,1218574
219661,0,8,0,0,0,0,1225841
219739,0,0,524288,0,0,0,1221136
219740,0,0,524288,0,0,0,1221135
219813,0,15,0,0,0,0,1226206
219814,0,15,0,0,0,0,1226207
219815,0,15,0,0,0,0,1226208
219816,0,15,0,0,0,0,1226209
219817,0,15,0,0,0,0,1226210
219818,0,15,0,0,0,0,1226211
219819,0,15,0,0,0,0,1226212
219820,0,15,0,0,0,0,1226213
219822,0,31,0,0,0,0,1226215
219823,0,31,0,0,0,0,1226217
219841,0,15,0,0,0,0,1226282
219850,0,0,524288,0,0,0,1218038
219851,0,27,0,0,0,0,1226350
219856,0,15,4106,0,4106,0,1226369
219857,0,15,4106,0,4106,0,1226372
219858,0,15,4106,0,4106,0,1226373
219862,0,1,703501,0,8,0,1226396
219863,0,0,524288,0,0,0,1226406
219866,0,0,524288,0,0,0,1226414
219872,0,47,0,0,0,0,1226402
219900,0,8,0,0,0,0,1226502
219937,0,15,0,0,0,0,1226689
219938,0,15,0,0,0,0,1226690
219953,0,0,-2147483648,0,0,0,1226739
219958,0,0,0,2048,0,0,1221578
219964,0,1,262272,0,0,0,1226808
219965,0,1,262272,0,0,0,1226814
219996,0,47,0,0,0,0,1226800
220020,0,15,0,0,0,0,1227019
220022,0,0,524288,0,0,0,1227024
220048,0,47,0,0,0,0,1227080
220131,0,15,0,0,0,0,1227298
220143,0,15,0,0,0,0,1227421
220180,0,1,0,0,0,0,1227520
220191,0,15,0,0,0,0,1227571
220226,0,13,0,0,0,0,1227700
220232,0,15,0,0,0,0,1227723
220233,0,15,0,0,0,0,1227724
220236,0,41,0,0,0,0,1227736
220341,0,1,0,0,0,0,1228000
220342,0,1,0,0,0,0,1228001
220343,0,1536,0,0,2,0,1228005
220344,0,15,0,0,0,0,1228025
220359,0,1,0,0,0,0,1228046
220366,0,15,0,0,0,0,1228088
220395,0,15,0,0,0,0,1228170
220425,0,1,0,0,0,0,1228294
220451,0,15,0,0,0,0,1228376
220460,0,15,0,0,0,0,1228444
220990,0,15,0,0,0,0,1229114
220991,0,0,0,512,0,0,1228503
220995,0,15,0,0,0,0,1229226
220996,0,33,0,0,0,0,1229236
221000,0,15,128,0,15532,0,1229271
221008,0,15,128,0,0,0,1229305
221009,0,15,128,0,0,0,1229308
221015,0,15,0,0,0,0,1229337
221027,0,47,0,0,0,0,1229402
221032,0,15,0,0,0,0,1229432
221041,0,9,0,0,0,0,1229462
221046,0,15,0,0,0,0,1229504
221048,0,15,0,0,0,0,1229517
221051,0,0,8,0,0,0,1229487
221212,0,15,0,0,0,0,1229705
221213,0,15,0,0,0,0,1229714
221218,0,15,0,0,0,0,1229730
221221,0,0,8,0,0,0,1229736
221222,0,15,0,0,0,0,1229737
221223,0,0,262152,0,0,0,1229739
221225,0,15,0,0,0,0,1229745
221229,0,1,15375,0,0,0,1229754
221554,0,15,0,0,0,0,1230090
221558,0,14,0,0,0,0,1230099
221564,0,15,0,0,0,0,1230117
221566,0,27,0,0,0,0,1230105
221577,0,15,0,0,0,0,1230161
221580,0,15,0,0,0,0,1230171
221593,0,15,0,0,0,0,1230215
221595,0,15,-2146959360,0,0,0,1230228
221607,0,15,0,0,0,0,1230268
221608,0,15,0,0,0,0,1230270
221609,0,15,0,0,0,0,1230271
221610,0,9,0,0,0,0,1230255
221611,0,15,0,0,0,0,1230276
221703,0,13,0,0,0,0,1230438
221779,0,0,541589504,3072,0,0,1230549
221783,0,15,0,0,0,0,1230564
221806,0,27,0,0,0,0,1230633
221808,0,15,0,0,0,0,1230643
221811,0,15,0,0,0,0,1230656
221815,0,15,0,0,0,0,1230671
221979,0,15,0,0,0,0,1230908
222028,0,15,0,0,0,0,1231024
222030,0,0,608698374,0,0,0,1231025
222031,0,15,0,0,0,0,1231040
222049,0,9,0,0,0,0,1231085
222054,0,31,0,0,0,0,1231095
222064,0,47,0,0,0,0,1231123
222066,0,15,0,0,0,0,1231128
222073,0,15,0,0,0,0,1231139
222085,0,15,0,0,0,0,1231164
222097,0,15,0,0,0,0,1231200
222107,0,0,2,0,0,0,1231215
222112,0,1,0,0,0,0,1231249
222118,0,8,0,0,15396,0,1231264
222120,0,4,0,0,0,0,1231280
222122,0,15,0,0,0,0,1231282
222129,0,47,0,0,0,0,1231297
222131,0,0,128,0,0,0,1231301
222136,0,0,0,512,0,0,1230996
222144,0,8,0,0,0,0,1231335
222145,0,15,0,0,0,0,1231338
222147,0,0,-2142765056,512,0,0,1231342
222150,0,9,0,0,0,0,1231355
222158,0,41,0,0,8,0,1231384
222159,0,0,0,512,0,0,1231387
222161,0,9,0,0,0,0,1231389
222164,0,47,0,0,0,0,1231399
222165,0,47,0,0,0,0,1231401
222166,0,47,0,0,0,0,1231400
222172,0,47,0,0,0,0,1231431
222173,0,0,524288,512,0,0,1228509
222174,0,47,0,0,0,0,1231433
222185,0,9,0,0,0,0,1231314
222188,0,47,0,0,0,0,1231488
222190,0,12,0,0,0,0,1231502
222204,0,12,0,0,0,0,1231541
222206,0,47,0,0,0,0,1231511
222207,0,15,0,0,0,0,1231549
222212,0,8,0,0,0,0,1231578
222213,0,15,0,0,0,0,1231582
222214,0,15,0,0,0,0,1231583
222215,0,11,0,0,0,0,1231585
222216,0,15,0,0,0,0,1231588
222217,0,15,0,0,0,0,1231589
222218,0,15,0,0,0,0,1231592
222222,0,15,0,0,0,0,1231618
222225,0,5,0,0,0,0,1231617
222227,0,45,0,0,0,0,1231636
222230,0,8,0,0,0,0,1231648
222232,0,15,0,0,0,0,1231651
222233,0,15,0,0,0,0,1231654
222252,0,47,0,0,0,0,1230203
222254,0,0,-2142765056,0,0,0,1231779
222272,0,0,4718592,0,0,0,1231836
222273,0,0,4718592,0,0,0,1231837
222274,0,44,0,0,0,0,1231840
222282,0,15,0,0,0,0,1230697
222294,0,47,16781312,256,0,0,1231929
222303,0,15,0,0,0,0,1231993
222310,0,15,2,0,0,0,1232013
222320,0,47,0,0,0,0,1232054
222322,0,15,0,0,0,0,1232062
222326,0,47,0,0,0,0,1232077
222327,0,47,0,0,0,0,1232079
222329,0,15,0,0,0,0,1232064
222334,0,41,0,0,0,0,1232117
222336,0,15,0,0,0,0,1232009
222337,0,15,0,0,0,0,1232032
222343,0,15,0,0,0,0,1232172
222344,0,47,0,0,0,0,1232176
222345,0,45,0,0,0,0,1232177
222346,0,0,-2142765056,0,0,0,1232178
222347,0,15,0,0,0,0,1228044
222348,0,8,0,0,4096,0,1232190
222349,0,15,0,0,0,0,1232193
222350,0,8,0,0,0,0,1232203
222383,0,11,0,0,0,0,1232291
222389,0,1,0,0,0,0,1232323
222390,0,1,0,0,0,0,1232326
222402,0,15,0,0,0,0,1232345
222403,0,15,0,0,0,0,1232349
222405,0,15,0,0,0,0,1232351
222406,0,15,0,0,0,0,1232352
222407,0,15,0,0,0,0,1232353
222409,0,15,0,0,0,0,1232355
222410,0,15,0,0,0,0,1232356
222417,0,0,2,0,0,0,1232406
222420,0,47,0,0,16,0,1232438
222421,0,47,0,0,0,0,1230583
222475,0,15,0,0,0,0,1232637
222486,0,0,524288,0,0,0,1232674
222488,0,9,0,0,15420,0,1232678
222491,0,41,0,0,0,0,1232692
222492,0,0,4718592,0,0,0,1232702
222494,0,1,0,0,0,0,1232703
222495,0,9,0,0,0,0,1232706
222497,0,31,0,0,0,0,1232709
222498,0,1,0,0,0,0,1232718
222499,0,15,0,0,0,0,1232734
222501,0,15,0,0,0,0,1232737
222503,0,15,0,0,0,0,1232740
222504,0,15,0,0,0,0,1232741
222505,0,15,0,0,0,0,1232743
222506,0,15,0,0,0,0,1232745
222511,0,15,0,0,0,0,1232758
222512,0,15,0,0,0,0,1232761
222513,0,15,0,0,0,0,1232762
222517,0,11,0,0,0,0,1232770
222538,0,15,0,0,0,0,1232829
222543,0,13,0,0,0,0,1232840
222545,0,8,0,0,0,0,1232842
222572,0,15,0,0,0,0,1231027
222587,0,13,0,0,0,0,1232989
222588,0,13,0,0,0,0,1232990
222589,0,0,2,0,0,0,1232994
222593,0,8,268435456,0,0,0,1233025
222599,0,8,0,0,0,0,1233077
222600,0,8,0,0,0,0,1233078
222601,0,15,0,0,31756,0,1233079
222645,0,47,0,0,0,0,1226001
222684,0,8,0,0,0,0,1233255
222686,0,15,0,0,0,0,1233247
222690,0,13,0,0,0,0,1233291
222691,0,45,0,0,0,0,1233293
222707,0,41,0,0,0,0,1233350
222738,0,27,0,0,0,0,1233444
222776,0,9,0,0,0,0,1233552
222785,0,13,0,0,0,0,1233570
222856,0,0,0,256,0,0,1232052
222860,0,0,0,256,0,0,1230944
222872,0,0,128,0,0,0,1233832
222873,0,15,0,0,0,0,1233840
222876,0,0,128,0,0,0,1233842
222879,0,11,0,0,0,0,1233847
222880,0,9,0,0,0,0,1233852
222881,0,45,0,0,0,0,1233853
222882,0,45,0,0,0,0,1233854
222896,0,15,0,0,0,0,1233880
222898,0,15,0,0,0,0,1233884
222980,0,15,0,0,0,0,1234253
223000,0,0,524288,0,0,0,1234325
223005,0,11,0,0,0,0,1234343
223102,0,0,0,0,4,0,1234580
223105,0,0,4718592,0,0,0,1234584
223109,0,31,0,0,0,0,1234592
223110,0,11,4096,0,0,0,1234595
223183,0,8,0,0,0,0,1234675
223189,0,0,4718592,0,0,0,1234722
223214,0,0,4718592,0,0,0,1234809
223225,0,15,0,0,0,0,1234831
223230,0,0,128,0,0,0,1234862
223231,0,0,128,0,0,0,1234864
223233,0,15,0,0,0,0,1234865
223234,0,11,0,0,0,0,1233069
223268,0,1,0,0,0,0,1234598
223270,0,15,0,0,0,0,1235011
223293,0,15,0,0,15420,0,1235116
223295,0,15,0,0,15420,0,1235119
223298,0,15,0,0,15420,0,1235122
223300,0,31,0,0,0,0,1235126
223320,0,0,524288,0,0,0,1235190
223331,0,31,0,0,0,0,1235230
223333,0,31,0,0,0,0,1235236
223336,0,31,0,0,0,0,1235244
223358,0,15,0,0,0,0,1235317
223359,0,15,0,0,0,0,1235318
223360,0,0,0,512,0,0,1235321
223380,0,8,0,0,0,0,1235421
223484,0,15,0,0,0,0,1235705
223486,0,15,0,0,0,0,1235708
223513,0,15,0,0,0,0,1235777
223543,0,0,0,0,0,128,1235882
223738,0,8,0,0,0,0,1236151
223739,0,15,0,0,0,0,1236153
223740,0,8,0,0,0,0,1236154
223742,0,8,0,0,0,0,1236156
223743,0,41,0,0,0,0,1236159
223744,0,41,0,0,0,0,1236162
223746,0,15,0,0,0,0,1236172
223747,0,15,0,0,0,0,1236173
223748,0,15,2,0,0,0,1236174
223749,0,8,0,0,0,0,1236175
223750,0,8,0,0,0,0,1236179
223752,0,15,0,0,0,0,1236181
223755,0,15,0,0,0,0,1236188
223756,0,9,0,0,0,0,1236190
223773,0,31,0,0,0,0,1236266
223774,0,15,0,0,0,0,1236269
223775,0,0,0,0,15372,0,1236270
223776,0,41,0,0,0,0,1236287
223777,0,15,2,0,0,0,1236290
223778,0,15,0,0,0,0,1236291
223780,0,15,0,0,0,0,1236307
223781,0,8,0,0,0,0,1236308
223782,0,15,0,0,0,0,1236318
223785,0,0,8,0,0,0,1236339
223790,0,0,537395200,1024,0,0,1232030
223791,0,0,537395200,1024,0,0,1232031
223792,0,31,0,0,0,0,1236393
223919,0,0,0,2304,0,0,1229045
223961,0,0,128,0,0,0,1236879
223985,0,0,1024,0,0,0,441785
224033,0,0,4718592,0,0,0,1237045
224039,0,15,0,0,0,0,1237064
224052,0,15,0,0,0,0,758
224053,0,15,0,0,0,0,17949
224054,0,15,0,0,0,0,17947
224055,0,15,0,0,0,0,17945
224072,0,15,0,0,0,0,1237152
224074,0,15,0,0,0,0,1237156
224075,0,15,0,0,0,0,1237159
224103,0,15,0,0,0,0,1237312
224104,0,15,0,0,0,0,1237313
224338,0,7,128,0,0,0,1237632
224453,0,15,0,0,0,0,1237948
224454,0,15,0,0,0,0,1237949
224455,0,15,0,0,0,0,1237950
224456,0,15,0,0,0,0,1237951
224486,0,15,0,0,15420,0,1238097
224508,0,15,0,0,0,0,1232390
224509,0,8,0,0,0,0,1232639
224519,0,8,0,0,0,0,1238214
224520,0,8,0,0,0,0,1238215
224530,0,0,4718592,0,0,0,1233901
224531,0,0,4718592,0,0,0,1234540
224559,0,15,0,0,0,0,1238299
224560,0,15,0,0,0,0,1238300
224564,0,15,0,0,0,0,1238307
224566,0,15,0,0,0,0,1238311
224567,0,15,0,0,0,0,1238309
224568,0,15,0,0,0,0,1238310
224569,0,13,0,0,0,0,1238315
224570,0,15,0,0,0,0,1238316
224571,0,15,0,0,0,0,1238320
224572,0,15,0,0,0,0,1238321
224573,0,15,0,0,0,0,1238322
224613,0,15,0,0,0,0,1238366
224617,0,7,0,0,0,0,1238373
224619,0,7,0,0,0,0,1238376
224835,0,15,0,1048576,0,0,1238640
224867,0,58,0,0,4096,0,1238584
224896,0,15,0,0,31756,0,1238785
224905,0,15,0,0,0,0,1238817
224906,0,15,0,0,0,0,1238818
224907,0,15,0,0,0,0,1238819
224908,0,15,0,0,0,0,1238821
224928,0,15,0,0,0,0,1238891
224940,0,15,0,0,31756,0,1238926
224980,0,15,0,0,0,0,1239100
225025,0,15,0,0,0,0,1239241
225026,0,15,0,0,0,0,1239242
225027,0,15,0,0,0,0,1239243
225123,0,0,524288,0,0,0,1239543
225180,0,15,0,0,0,0,1239696
225181,0,15,0,0,0,0,1239697
225182,0,15,0,0,0,0,1239699
225183,0,15,0,0,0,0,1239700
225282,0,15,0,0,0,0,1240044
225283,0,15,0,0,0,0,1240045
225284,0,15,0,0,0,0,1240046
225285,0,15,0,0,0,0,1240047
225318,0,15,0,0,0,0,1240193
225357,0,15,0,0,0,0,1240345
225437,0,15,0,0,0,0,1240682
225439,0,15,0,0,0,0,1240686
225440,0,13,0,0,0,0,1240692
225442,0,15,0,0,0,0,1240694
225448,0,15,0,0,31756,0,1240720
225449,0,15,0,0,31756,0,1240721
225451,0,15,0,0,31756,0,1240732
225452,0,15,0,0,31756,0,1240733
225453,0,15,0,0,31756,0,1240734
225455,0,15,0,0,31756,0,1240736
225462,0,15,0,0,0,0,1240738
225463,0,15,0,0,0,0,1240750
225468,0,15,0,0,0,0,1240770
225469,0,15,0,0,0,0,1240771
225470,0,15,0,0,0,0,1240772
225471,0,15,0,0,0,0,1240773
225472,0,15,0,0,0,0,1240774
225495,0,0,268435456,0,0,0,1240822
225497,0,15,0,0,268435456,0,1240830
225502,0,0,524288,0,0,0,1240848
225503,0,0,524288,0,0,0,1240849
225509,0,15,2,0,0,0,1240869
225523,0,41,0,0,0,0,1240921
225526,0,45,0,0,0,0,1240938
225627,0,15,0,0,8,0,1241329
225634,0,41,0,0,0,0,1241359
225708,0,43,0,0,0,0,1241501
225710,0,47,0,0,0,0,1241506
225711,0,45,0,0,0,0,1241515
225763,0,11,0,0,0,0,1241695
225805,0,47,0,0,0,0,1241821
225908,0,47,0,0,268435458,0,1242163
225921,0,15,2,0,0,0,1231616
226004,0,15,0,0,0,0,1242393
226017,0,13,0,0,0,0,1242436
226019,0,9,0,0,0,0,1242441
226020,0,9,0,0,0,0,1242442
226021,0,9,0,0,0,0,1242443
226022,0,9,0,0,0,0,1242444
226150,0,15,0,0,0,0,1242971
226151,0,15,0,0,0,0,1242972
226159,0,15,0,0,0,0,1242979
226197,0,15,0,0,0,0,1243064
226199,0,15,0,0,0,0,1243067
226200,0,15,0,0,0,0,1243068
226201,0,15,0,0,0,0,1243070
226202,0,15,0,0,0,0,1243071
226203,0,15,0,0,0,0,1243072
226204,0,15,0,0,0,0,1243073
226205,0,15,0,0,0,0,1243074
226206,0,15,0,0,0,0,1243076
226207,0,15,0,0,0,0,1243077
226208,0,15,0,0,0,0,1243079
226209,0,15,0,0,0,0,1243080
226210,0,15,0,0,0,0,1243081
226211,0,15,0,0,0,0,1243082
226212,0,15,0,0,0,0,1243083
226213,0,15,0,0,0,0,1243084
226215,0,15,0,0,0,0,1243088
226216,0,15,0,0,0,0,1243089
226217,0,15,0,0,0,0,1243090
226279,0,15,0,0,0,0,1243229
226291,0,15,0,0,0,0,1243312
226308,0,31,0,0,0,0,1243356
226337,0,15,0,0,15420,0,1243419
226350,0,15,0,0,15420,0,1243461
226493,0,31,0,0,0,0,1243960
226507,0,15,0,0,0,0,1243974
226615,0,1,262272,0,0,0,1244245
226668,0,15,0,0,0,0,1244396
226674,0,15,0,0,0,0,1244416
226675,0,15,0,0,0,0,1244421
226684,0,15,0,0,0,0,1244431
226685,0,15,0,0,0,0,1244432
226686,0,15,0,0,0,0,1244433
226687,0,15,0,0,0,0,1244434
226688,0,15,0,0,0,0,1244435
226689,0,15,0,0,0,0,1244436
226703,0,15,0,0,0,0,1244493
226758,0,5,0,0,0,0,1244625
226763,0,15,0,0,0,0,1244645
226764,0,15,0,0,0,0,1244646
226765,0,15,0,0,0,0,1244647
226766,0,15,0,0,0,0,1244648
226774,0,8,0,0,0,0,1244863
226775,0,8,0,0,0,0,1244864
226776,0,8,0,0,0,0,1244865
226777,0,8,0,0,0,0,1244866
226778,0,8,0,0,0,0,1244867
226813,0,15,0,0,0,0,1244951
226819,0,15,0,0,0,0,1244960
226823,0,15,0,0,0,0,1244967
226824,0,15,0,0,0,0,1244970
226829,0,15,0,0,0,0,1244981
226868,0,15,0,0,0,0,1245095
226872,0,15,0,0,0,0,1245119
226874,0,15,0,0,0,0,1245130
226881,0,15,0,0,0,0,1245154
226921,0,15,0,0,0,0,1245246
226923,0,15,0,0,0,0,1245250
226956,0,15,0,0,0,0,1245287
226958,0,15,0,0,0,0,1245320
226959,0,15,0,0,0,0,1245321
226960,0,15,0,0,0,0,1245324
226962,0,15,0,0,0,0,1245338
226963,0,15,0,0,0,0,1245340
227089,0,31,0,0,0,0,1245705
227107,0,0,4121,0,0,0,1245747
227137,0,47,0,0,0,0,1245883
227162,0,79,0,0,0,0,1245940
227168,0,47,0,0,0,0,1245956
227203,0,9,0,0,139278,32,1246026
227329,0,31,0,0,0,0,1246455
227552,0,15,0,0,0,0,1247087
227583,0,47,0,0,0,0,1247168
227584,0,15,0,0,0,0,1247169
227677,0,47,0,0,0,0,1247426
227678,0,47,0,0,0,0,1247427
227679,0,47,0,0,0,0,1247428
227680,0,47,0,0,0,0,1247429
227681,0,47,0,0,0,0,1247430
227682,0,47,0,0,0,0,1247431
227683,0,47,0,0,0,0,1247432
227684,0,47,0,0,0,0,1247433
227685,0,47,0,0,0,0,1247434
227686,0,47,0,0,0,0,1247435
227687,0,47,0,0,0,0,1247436
227688,0,47,0,0,0,0,1247437
227689,0,47,0,0,0,0,1247438
227690,0,47,0,0,0,0,1247439
227691,0,47,0,0,0,0,1247440
227692,0,47,0,0,0,0,1247441
227693,0,47,0,0,0,0,1247442
227694,0,47,0,0,0,0,1247443
227697,0,47,0,0,0,0,1247446
227698,0,47,0,0,0,0,1247447
227699,0,47,0,0,0,0,1247448
227700,0,47,0,0,0,0,1247449
227701,0,47,0,0,0,0,1247450
227702,0,47,0,0,0,0,1247451
227703,0,47,0,0,0,0,1247452
227704,0,47,0,0,0,0,1247453
227705,0,47,0,0,0,0,1247454
227706,0,47,0,0,0,0,1247455
227707,0,47,0,0,0,0,1247456
227708,0,47,0,0,0,0,1247457
227719,0,47,0,0,0,0,1247526
227790,0,15,0,0,0,0,1247741
227858,0,15,0,0,0,0,1247998
227895,0,15,0,0,0,0,1248131
227896,0,15,0,0,0,0,1248147
227897,0,15,0,0,0,0,1248148
227900,0,15,0,0,0,0,1248152
227952,0,1,262272,0,0,0,1248377
227953,0,1,262272,0,0,0,1248378
227954,0,1,262272,0,0,0,1248379
227955,0,1,262272,0,0,0,1248380
227956,0,1,262272,0,0,0,1248381
227957,0,1,262272,0,0,0,1248382
227958,0,1,262272,0,0,0,1248383
227959,0,1,262272,0,0,0,1248384
227960,0,1,262272,0,0,0,1248386
227961,0,1,262272,0,0,0,1248387
227962,0,1,262272,0,0,0,1248388
227963,0,1,262272,0,0,0,1248389
227964,0,1,262272,0,0,0,1248390
227965,0,1,262272,0,0,0,1248391
227966,0,1,262272,0,0,0,1248392
227967,0,1,262272,0,0,0,1248393
227968,0,1,262272,0,0,0,1248394
227969,0,1,262272,0,0,0,1248395
227970,0,1,262272,0,0,0,1248396
227971,0,1,262272,0,0,0,1248397
227972,0,1,262272,0,0,0,1248398
227973,0,1,262272,0,0,0,1248399
227974,0,1,262272,0,0,0,1248400
227975,0,1,262272,0,0,0,1248401
228003,0,15,0,0,0,0,1248458
228004,0,15,0,0,0,0,1248459
228005,0,15,0,0,0,0,1248460
228007,0,15,0,0,0,0,1248461
228012,0,15,0,0,0,0,1248473
228044,0,15,0,0,0,0,1248497
228045,0,15,0,0,0,0,1248498
228046,0,15,0,0,0,0,1248500
228047,0,15,0,0,0,0,1248505
228049,0,15,0,0,0,0,1248509
228050,0,15,0,0,0,0,1248510
228051,0,15,0,0,0,0,1248511
228053,0,15,0,0,0,0,1248515
228065,0,15,0,0,0,0,1248528
228130,0,15,0,0,0,0,1248599
228131,0,15,0,0,0,0,1248607
228154,0,15,0,0,0,0,1248636
228156,0,15,0,0,0,0,1248640
228157,0,15,0,0,0,0,1248645
228159,0,15,0,0,0,0,1248650
228165,0,15,0,0,0,0,1248661
228166,0,15,0,0,0,0,1248665
228168,0,15,0,0,0,0,1248668
228179,0,5,0,0,0,0,1248682
228180,0,1,262272,0,0,0,1248687
228184,0,15,0,0,0,0,1248703
228193,0,15,0,0,0,0,1248739
228194,0,15,0,0,0,0,1248745
228196,0,15,0,0,0,0,1248748
228198,0,15,0,0,0,0,1248752
228203,0,15,0,0,0,0,1248754
228204,0,15,0,0,0,0,1248755
228205,0,15,0,0,0,0,1248757
228206,0,15,0,0,0,0,1248760
228224,0,15,0,0,0,0,1248802
228226,0,15,0,0,0,0,1248805
228246,0,15,0,0,0,0,1248947
228253,0,15,0,0,0,0,1248974
228266,0,15,0,0,0,0,1249006
228269,0,15,0,0,0,0,1249015
228274,0,15,0,0,0,0,1249019
228290,0,15,0,0,0,0,1249057
228291,0,15,0,0,0,0,1249058
228292,0,15,0,0,0,0,1249059
228293,0,15,0,0,0,0,1249060
228294,0,15,0,0,0,0,1249061
228295,0,15,0,0,0,0,1249064
228296,0,15,0,0,0,0,1249069
228297,0,15,0,0,0,0,1249070
228298,0,15,0,0,0,0,1249071
228313,0,15,0,0,0,0,1249107
228314,0,15,0,0,0,0,1249112
228315,0,15,0,0,0,0,1249114
228318,0,15,0,0,0,0,1249128
228319,0,15,0,0,0,0,1249152
228321,0,15,0,0,0,0,1249154
228394,0,1,262272,0,0,0,1249500
228395,0,1,262272,0,0,0,1249501
228396,0,1,262272,0,0,0,1249502
228397,0,1,262272,0,0,0,1249503
228398,0,1,262272,0,0,0,1249504
228399,0,1,262272,0,0,0,1249505
228400,0,1,262272,0,0,0,1249506
228401,0,1,262272,0,0,0,1249507
228402,0,1,262272,0,0,0,1249508
228403,0,1,262272,0,0,0,1249509
228404,0,1,262272,0,0,0,1249510
228405,0,1,262272,0,0,0,1249511
228406,0,1,262272,0,0,0,1249512
228407,0,1,262272,0,0,0,1249513
228408,0,1,262272,0,0,0,1249514
228409,0,1,262272,0,0,0,1249515
228410,0,1,262272,0,0,0,1249516
228411,0,1,262272,0,0,0,1249517
228413,0,1,262272,0,0,0,1249522
228442,0,15,0,0,0,0,1249630
228443,0,15,0,0,0,0,1249631
228444,0,15,0,0,0,0,1249632
228445,0,15,0,0,0,0,1249633
228446,0,15,0,0,0,0,1249634
228447,0,15,0,0,0,0,1249637
228488,0,9,0,0,0,0,1249731
228510,0,31,0,0,0,0,1249805
228520,0,0,268435466,0,0,0,258096
228523,0,15,0,0,0,0,1249834
228527,0,15,0,0,0,0,1249845
228530,0,1,262272,0,0,0,1249906
228531,0,1,262272,0,0,0,1249914
228532,0,1,262272,0,0,0,1249915
228533,0,1,262272,0,0,0,1249916
228534,0,1,262272,0,0,0,1249917
228535,0,1,262272,0,0,0,1249918
228536,0,1,262272,0,0,0,1249919
228537,0,1,262272,0,0,0,1249920
228538,0,1,262272,0,0,0,1249921
228539,0,1,262272,0,0,0,1249922
228540,0,1,262272,0,0,0,1249923
228541,0,1,262272,0,0,0,1249924
228542,0,1,262272,0,0,0,1249925
228545,0,1583,0,0,31758,0,1249950
228546,0,15,0,0,0,0,1249957
228547,0,15,0,0,0,0,1249958
228548,0,15,0,0,0,0,1249959
228549,0,15,0,0,0,0,1249960
228550,0,15,0,0,0,0,1249961
228551,0,15,0,0,0,0,1249962
228552,0,15,0,0,0,0,1249963
228553,0,15,0,0,0,0,1249964
228554,0,15,0,0,0,0,1249965
228555,0,15,0,0,0,0,1249966
228556,0,15,0,0,0,0,1249967
228557,0,15,0,0,0,0,1249968
228574,0,31,0,0,0,0,1250013
228575,0,31,0,0,0,0,1250014
228576,0,31,0,0,0,0,1250015
228577,0,31,0,0,0,0,1250016
228613,0,15,0,0,0,0,1250142
228614,0,15,0,0,0,0,1250143
228615,0,15,0,0,0,0,1250144
228616,0,15,0,0,0,0,1250145
228617,0,15,0,0,0,0,1250146
228618,0,15,0,0,0,0,1250147
228619,0,15,0,0,0,0,1250148
228620,0,15,0,0,0,0,1250149
228621,0,15,0,0,0,0,1250150
228622,0,15,0,0,0,0,1250151
228623,0,15,0,0,0,0,1250152
228624,0,15,0,0,0,0,1250153
228625,0,15,0,0,0,0,1250154
228626,0,15,0,0,0,0,1250155
228627,0,15,0,0,0,0,1250156
228628,0,15,0,0,0,0,1250157
228629,0,15,0,0,0,0,1250158
228665,0,13,0,0,0,0,1250266
228726,0,1583,0,0,31758,0,1250419
228729,0,15,0,0,0,0,1250426
228815,0,15,0,0,0,0,1250775
228816,0,15,0,0,0,0,1250776
228817,0,15,0,0,0,0,1250777
228818,0,15,0,0,0,0,1250778
228819,0,15,0,0,0,0,1250779
228820,0,15,0,0,0,0,1250780
228821,0,15,0,0,0,0,1250781
228822,0,15,0,0,0,0,1250782
228823,0,15,0,0,0,0,1250783
228824,0,15,0,0,0,0,1250784
228825,0,15,0,0,0,0,1250785
228826,0,15,0,0,0,0,1250786
228827,0,15,0,0,0,0,1250787
228828,0,15,0,0,0,0,1250788
228829,0,15,0,0,0,0,1250789
228830,0,15,0,0,0,0,1250790
228831,0,15,0,0,0,0,1250791
228832,0,15,0,0,0,0,1250792
228833,0,15,0,0,0,0,1250793
228834,0,15,0,0,0,0,1250794
228835,0,15,0,0,0,0,1250795
228836,0,15,0,0,0,0,1250796
228837,0,15,0,0,0,0,1250797
228838,0,15,0,0,0,0,1250798
228839,0,15,0,0,0,0,1250799
228840,0,15,0,0,0,0,1250800
228841,0,15,0,0,0,0,1250801
228842,0,15,0,0,0,0,1250802
228869,0,0,8,4,0,0,1250889
229131,0,15,0,0,0,0,1251729
229132,0,15,0,0,0,0,1251730
229133,0,15,0,0,0,0,1251731
229134,0,15,0,0,0,0,1251732
229135,0,15,0,0,0,0,1251733
229136,0,15,0,0,0,0,1251734
229137,0,15,0,0,0,0,1251735
229138,0,15,0,0,0,0,1251736
229139,0,15,0,0,0,0,1251737
229140,0,15,0,0,0,0,1251738
229141,0,15,0,0,0,0,1251739
229142,0,15,0,0,0,0,1251740
229143,0,15,0,0,0,0,1251741
229144,0,15,0,0,0,0,1251742
229145,0,15,0,0,0,0,1251743
229146,0,15,0,0,0,0,1251744
229147,0,15,0,0,0,0,1251745
229149,0,15,0,0,0,0,1251747
229150,0,15,0,0,0,0,1251748
229151,0,15,0,0,0,0,1251749
229152,0,15,0,0,0,0,1251750
229153,0,15,0,0,0,0,1251751
229154,0,15,0,0,0,0,1251752
229155,0,15,0,0,0,0,1251753
229239,0,1,262272,0,0,0,1252017
229298,0,15,0,0,0,0,1252229
229299,0,15,0,0,0,0,1252230
229300,0,15,0,0,0,0,1252231
229301,0,15,0,0,0,0,1252232
229302,0,15,0,0,0,0,1252233
229303,0,15,0,0,0,0,1252234
229304,0,15,0,0,0,0,1252235
229305,0,15,0,0,0,0,1252236
229306,0,15,0,0,0,0,1252237
229307,0,15,0,0,0,0,1252238
229308,0,15,0,0,0,0,1252239
229309,0,15,0,0,0,0,1252240
229310,0,15,0,0,0,0,1252241
229311,0,15,0,0,0,0,1252242
229312,0,15,0,0,0,0,1252243
229313,0,15,0,0,0,0,1252244
229314,0,15,0,0,0,0,1252245
229315,0,15,0,0,0,0,1252246
229316,0,15,0,0,0,0,1252247
229317,0,15,0,0,0,0,1252248
229318,0,15,0,0,0,0,1252249
229319,0,15,0,0,0,0,1252250
229320,0,15,0,0,0,0,1252251
229321,0,15,0,0,0,0,1252252
229322,0,15,0,0,0,0,1252253
229323,0,15,0,0,0,0,1252254
229324,0,15,0,0,0,0,1252255
229325,0,15,0,0,0,0,1252256
229326,0,15,0,0,0,0,1252257
229327,0,15,0,0,0,0,1252258
229328,0,15,0,0,0,0,1252259
229329,0,15,0,0,0,0,1252260
229330,0,15,0,0,0,0,1252261
229331,0,15,0,0,0,0,1252262
229332,0,15,0,0,0,0,1252263
229333,0,15,0,0,0,0,1252264
229334,0,15,0,0,0,0,1252265
229335,0,15,0,0,0,0,1252266
229336,0,15,0,0,0,0,1252267
229337,0,15,0,0,0,0,1252268
229338,0,15,0,0,0,0,1252269
229339,0,15,0,0,0,0,1252270
229340,0,15,0,0,0,0,1252271
229341,0,15,0,0,0,0,1252272
229342,0,15,0,0,0,0,1252273
229343,0,15,0,0,0,0,1252274
229344,0,15,0,0,0,0,1252275
229345,0,15,0,0,0,0,1252276
229346,0,15,0,0,0,0,1252277
229347,0,15,0,0,0,0,1252278
229348,0,15,0,0,0,0,1252279
229349,0,15,0,0,0,0,1252280
229350,0,15,0,0,0,0,1252281
229351,0,15,0,0,0,0,1252282
229352,0,15,0,0,0,0,1252283
229353,0,15,0,0,0,0,1252284
229354,0,15,0,0,0,0,1252285
229355,0,15,0,0,0,0,1252286
229356,0,15,0,0,0,0,1252287
229357,0,15,0,0,0,0,1252288
229358,0,15,0,0,0,0,1252289
229359,0,15,0,0,0,0,1252290
229360,0,15,0,0,0,0,1252291
229361,0,15,0,0,0,0,1252292
229362,0,15,0,0,0,0,1252293
229363,0,15,0,0,0,0,1252294
229364,0,15,0,0,0,0,1252295
229365,0,15,0,0,0,0,1252296
229366,0,15,0,0,0,0,1252297
229367,0,15,0,0,0,0,1252298
229368,0,15,0,0,0,0,1252299
229369,0,15,0,0,0,0,1252300
229370,0,15,0,0,0,0,1252301
229371,0,15,0,0,0,0,1252302
229372,0,15,0,0,0,0,1252303
229373,0,15,0,0,0,0,1252304
229374,0,15,0,0,0,0,1252305
229375,0,15,0,0,0,0,1252306
229376,0,15,0,0,0,0,1252307
229377,0,15,0,0,0,0,1252308
229378,0,15,0,0,0,0,1252309
229379,0,15,0,0,0,0,1252310
229380,0,15,0,0,0,0,1252311
229381,0,15,0,0,0,0,1252312
229382,0,15,0,0,0,0,1252313
229383,0,15,0,0,0,0,1252314
229384,0,15,0,0,0,0,1252315
229385,0,15,0,0,0,0,1252316
229386,0,15,0,0,0,0,1252317
229387,0,15,0,0,0,0,1252318
229388,0,15,0,0,0,0,1252319
229389,0,15,0,0,0,0,1252320
229390,0,15,0,0,0,0,1252321
229391,0,15,0,0,0,0,1252322
229392,0,15,0,0,0,0,1252323
229393,0,15,0,0,0,0,1252324
229394,0,15,0,0,0,0,1252325
229395,0,15,0,0,0,0,1252326
229396,0,15,0,0,0,0,1252327
229397,0,15,0,0,0,0,1252328
229398,0,15,0,0,0,0,1252329
229399,0,15,0,0,0,0,1252330
229400,0,15,0,0,0,0,1252331
229401,0,15,0,0,0,0,1252332
229402,0,15,0,0,0,0,1252333
229403,0,15,0,0,0,0,1252334
229404,0,15,0,0,0,0,1252335
229405,0,15,0,0,0,0,1252336
229406,0,15,0,0,0,0,1252337
229407,0,15,0,0,0,0,1252338
229408,0,15,0,0,0,0,1252339
229409,0,15,0,0,0,0,1252340
229410,0,15,0,0,0,0,1252341
229411,0,15,0,0,0,0,1252342
229412,0,15,0,0,0,0,1252343
229413,0,15,0,0,0,0,1252344
229414,0,15,0,0,0,0,1252345
229415,0,15,0,0,0,0,1252346
229416,0,15,0,0,0,0,1252347
229417,0,15,0,0,0,0,1252348
229418,0,15,0,0,0,0,1252349
229419,0,15,0,0,0,0,1252350
229420,0,15,0,0,0,0,1252351
229421,0,15,0,0,0,0,1252352
229422,0,15,0,0,0,0,1252353
229423,0,15,0,0,0,0,1252354
229424,0,15,0,0,0,0,1252355
229425,0,15,0,0,0,0,1252356
229426,0,15,0,0,0,0,1252357
229427,0,15,0,0,0,0,1252358
229428,0,15,0,0,0,0,1252359
229429,0,15,0,0,0,0,1252360
229430,0,15,0,0,0,0,1252361
229431,0,15,0,0,0,0,1252362
229432,0,15,0,0,0,0,1252363
229433,0,15,0,0,0,0,1252364
229434,0,15,0,0,0,0,1252365
229435,0,15,0,0,0,0,1252366
229436,0,15,0,0,0,0,1252367
229437,0,15,0,0,0,0,1252368
229492,0,15,0,0,0,0,1252566
229574,0,0,524288,0,0,0,1252890
229583,0,0,604504064,65536,0,0,1252958
229591,0,15,0,0,0,0,1252979
229592,0,15,0,0,0,0,1252980
229593,0,15,0,0,0,0,1252981
229594,0,15,0,0,0,0,1252982
229595,0,15,0,0,0,0,1252983
229596,0,15,0,0,0,0,1252984
229597,0,15,0,0,0,0,1252985
229598,0,15,0,0,0,0,1252986
229599,0,15,0,0,0,0,1252987
229600,0,15,0,0,0,0,1252988
229601,0,15,0,0,0,0,1252989
229602,0,15,0,0,0,0,1252990
229603,0,15,0,0,0,0,1252991
229604,0,15,0,0,0,0,1252992
229605,0,15,0,0,0,0,1252993
229606,0,15,0,0,0,0,1252995
229607,0,15,0,0,0,0,1252996
229608,0,15,0,0,0,0,1252997
229609,0,15,0,0,0,0,1252998
229610,0,15,0,0,0,0,1252999
229611,0,15,0,0,0,0,1253000
229612,0,15,0,0,0,0,1253001
229613,0,15,0,0,0,0,1253002
229614,0,15,0,0,0,0,1253003
229615,0,15,0,0,0,0,1253004
229616,0,15,0,0,0,0,1253005
229617,0,15,0,0,0,0,1253006
229638,0,1,524288,0,0,0,1253123
229639,0,1,524288,0,0,0,1253124
229640,0,1,524288,0,0,0,1253125
229641,0,1,524288,0,0,0,1253126
229713,0,8,0,0,0,0,1253317
229726,0,15,0,0,0,0,1253351
229728,0,0,524288,0,0,0,1253365
229729,0,0,524288,0,0,0,1253366
229734,0,39,0,0,0,0,1253408
229743,0,0,604504064,65536,0,0,1253427
229781,0,15,0,0,15404,0,1253568
229784,0,1,0,0,0,0,1253552
229858,0,0,1679429660,1056,0,0,1253790
229860,0,63,8,0,8,0,1253772
229881,0,0,524288,0,0,0,1253880
229882,0,0,524288,0,0,0,1253882
229899,0,0,524288,0,0,0,1252807
229901,0,15,0,0,0,0,1253916
229908,0,15,10,0,10,0,1253931
229919,0,6,0,0,0,0,1253958
229930,0,15,0,0,0,0,1253999
229932,0,15,0,0,0,0,1254002
229935,0,15,0,0,0,0,1254017
229937,0,15,0,0,0,0,1254021
229938,0,15,0,0,0,0,1254026
229968,0,0,0,2,0,0,1253348
229969,0,0,4718592,0,0,0,1254114
229970,0,0,4718592,0,0,0,1254115
230026,0,15,0,0,0,0,1254290
230103,0,15,0,0,0,0,1254585
230104,0,15,0,0,0,0,1254586
230174,0,15,0,0,0,0,1254738
230176,0,15,0,0,0,0,1254740
230178,0,15,0,0,0,0,1254742
230183,0,15,0,0,0,0,1254747
230184,0,15,0,0,0,0,1254748
230185,0,15,0,0,0,0,1254750
230192,0,15,0,0,0,0,1254766
230193,0,15,0,0,0,0,1254767
230194,0,15,0,0,0,0,1254768
230195,0,15,0,0,0,0,1254770
230196,0,15,0,0,0,0,1254771
230197,0,15,0,0,0,0,1254772
230212,0,0,4194304,2048,0,0,1254832
230264,0,15,0,0,0,0,1254965
230265,0,15,0,0,0,0,1254966
230266,0,15,0,0,0,0,1254967
230267,0,15,0,0,0,0,1254968
230268,0,15,0,0,0,0,1254969
230269,0,15,0,0,0,0,1254970
230270,0,15,0,0,0,0,1254971
230271,0,15,0,0,0,0,1254972
230272,0,15,0,0,0,0,1254973
230273,0,15,0,0,0,0,1254974
230274,0,15,0,0,0,0,1254975
230275,0,15,0,0,0,0,1254976
230276,0,15,0,0,0,0,1254977
230277,0,15,0,0,0,0,1254978
230278,0,15,0,0,0,0,1254979
230279,0,15,0,0,0,0,1254980
230280,0,15,0,0,0,0,1254981
230281,0,15,0,0,0,0,1254982
230282,0,15,0,0,0,0,1254983
230283,0,15,0,0,0,0,1254984
230284,0,15,0,0,0,0,1254985
230285,0,15,0,0,0,0,1254986
230286,0,15,0,0,0,0,1254987
230287,0,15,0,0,0,0,1254988
230288,0,15,0,0,0,0,1254989
230289,0,15,0,0,0,0,1254990
230290,0,15,0,0,0,0,1254991
230291,0,15,0,0,0,0,1254992
230292,0,15,0,0,0,0,1254993
230293,0,15,0,0,0,0,1254994
230294,0,15,0,0,0,0,1254995
230295,0,15,0,0,0,0,1254996
230296,0,15,0,0,0,0,1254997
230297,0,15,0,0,0,0,1254998
230298,0,15,0,0,0,0,1254999
230299,0,15,0,0,0,0,1255000
230300,0,15,0,0,0,0,1255001
230301,0,15,0,0,0,0,1255002
230302,0,15,0,0,0,0,1255003
230303,0,15,0,0,0,0,1255004
230304,0,15,0,0,0,0,1255005
230305,0,15,0,0,0,0,1255006
230306,0,15,0,0,0,0,1255007
230307,0,15,0,0,0,0,1255008
230308,0,15,0,0,0,0,1255009
230309,0,15,0,0,0,0,1255010
230310,0,15,0,0,0,0,1255011
230311,0,15,0,0,0,0,1255012
230312,0,15,0,0,0,0,1255013
230313,0,15,0,0,0,0,1255014
230314,0,15,0,0,0,0,1255015
230315,0,15,0,0,0,0,1255016
230316,0,15,0,0,0,0,1255017
230317,0,15,0,0,0,0,1255018
230318,0,15,0,0,0,0,1255019
230319,0,15,0,0,0,0,1255020
230320,0,15,0,0,0,0,1255021
230321,0,15,0,0,0,0,1255022
230322,0,15,0,0,0,0,1255023
230323,0,15,0,0,0,0,1255024
230324,0,15,0,0,0,0,1255025
230325,0,15,0,0,0,0,1255026
230326,0,15,0,0,0,0,1255027
230327,0,15,0,0,0,0,1255028
230328,0,15,0,0,0,0,1255029
230329,0,15,0,0,0,0,1255030
230330,0,15,0,0,0,0,1255031
230331,0,15,0,0,0,0,1255032
230332,0,15,0,0,0,0,1255033
230333,0,15,0,0,0,0,1255034
230334,0,15,0,0,0,0,1255035
230335,0,15,0,0,0,0,1255036
230336,0,15,0,0,0,0,1255037
230337,0,15,0,0,0,0,1255038
230338,0,15,0,0,0,0,1255039
230339,0,15,0,0,0,0,1255040
230340,0,15,0,0,0,0,1255041
230341,0,15,0,0,0,0,1255042
230342,0,15,0,0,0,0,1255043
230343,0,15,0,0,0,0,1255044
230344,0,15,0,0,0,0,1255045
230345,0,15,0,0,0,0,1255046
230346,0,15,0,0,0,0,1255047
230347,0,15,0,0,0,0,1255048
230348,0,15,0,0,0,0,1255049
230349,0,15,0,0,0,0,1255050
230350,0,15,0,0,0,0,1255051
230351,0,15,0,0,0,0,1255052
230352,0,15,0,0,0,0,1255053
230353,0,15,0,0,0,0,1255054
230354,0,15,0,0,0,0,1255055
230355,0,15,0,0,0,0,1255056
230356,0,15,0,0,0,0,1255057
230357,0,15,0,0,0,0,1255058
230358,0,15,0,0,0,0,1255059
230359,0,15,0,0,0,0,1255060
230360,0,15,0,0,0,0,1255061
230361,0,15,0,0,0,0,1255062
230362,0,15,0,0,0,0,1255063
230363,0,15,0,0,0,0,1255064
230364,0,15,0,0,0,0,1255065
230365,0,15,0,0,0,0,1255066
230366,0,15,0,0,0,0,1255067
230367,0,15,0,0,0,0,1255068
230368,0,15,0,0,0,0,1255069
230369,0,15,0,0,0,0,1255070
230370,0,15,0,0,0,0,1255071
230372,0,15,0,0,0,0,1255073
230373,0,15,0,0,0,0,1255074
230374,0,15,0,0,0,0,1255075
230375,0,15,0,0,0,0,1255076
230376,0,15,0,0,0,0,1255077
230377,0,15,0,0,0,0,1255078
230378,0,15,0,0,0,0,1255079
230379,0,15,0,0,0,0,1255080
230380,0,15,0,0,0,0,1255081
230381,0,15,0,0,0,0,1255082
230382,0,15,0,0,0,0,1255083
230383,0,15,0,0,0,0,1255084
230384,0,15,0,0,0,0,1255085
230385,0,15,0,0,0,0,1255086
230386,0,15,0,0,0,0,1255087
230387,0,15,0,0,0,0,1255088
230388,0,15,0,0,0,0,1255089
230389,0,15,0,0,0,0,1255090
230390,0,15,0,0,0,0,1255091
230391,0,15,0,0,0,0,1255092
230392,0,15,0,0,0,0,1255093
230394,0,15,0,0,0,0,1255095
230395,0,15,0,0,0,0,1255096
230396,0,15,0,0,0,0,1255097
230397,0,15,0,0,0,0,1255098
230398,0,15,0,0,0,0,1255099
230399,0,15,0,0,0,0,1255100
230400,0,15,0,0,0,0,1255101
230401,0,15,0,0,0,0,1255102
230402,0,15,0,0,0,0,1255103
230403,0,15,0,0,0,0,1255104
230404,0,15,0,0,0,0,1255105
230405,0,15,0,0,0,0,1255106
230406,0,15,0,0,0,0,1255107
230407,0,15,0,0,0,0,1255108
230408,0,15,0,0,0,0,1255109
230409,0,15,0,0,0,0,1255110
230410,0,15,0,0,0,0,1255111
230411,0,15,0,0,0,0,1255112
230412,0,15,0,0,0,0,1255113
230413,0,15,0,0,0,0,1255114
230414,0,15,0,0,0,0,1255115
230415,0,15,0,0,0,0,1255116
230416,0,15,0,0,0,0,1255117
230417,0,15,0,0,0,0,1255118
230418,0,15,0,0,0,0,1255119
230419,0,15,0,0,0,0,1255120
230420,0,15,0,0,0,0,1255121
230422,0,15,0,0,0,0,1255123
230423,0,15,0,0,0,0,1255124
230424,0,15,0,0,0,0,1255125
230425,0,15,0,0,0,0,1255126
230426,0,15,0,0,0,0,1255127
230427,0,15,0,0,0,0,1255128
230428,0,15,0,0,0,0,1255129
230429,0,15,0,0,0,0,1255130
230430,0,15,0,0,0,0,1255131
230431,0,15,0,0,0,0,1255132
230432,0,15,0,0,0,0,1255133
230433,0,15,0,0,0,0,1255134
230434,0,15,0,0,0,0,1255135
230435,0,15,0,0,0,0,1255136
230436,0,15,0,0,0,0,1255137
230437,0,15,0,0,0,0,1255138
230438,0,15,0,0,0,0,1255139
230439,0,15,0,0,0,0,1255140
230440,0,15,0,0,0,0,1255141
230441,0,15,0,0,0,0,1255142
230442,0,15,0,0,0,0,1255143
230443,0,15,0,0,0,0,1255144
230444,0,15,0,0,0,0,1255145
230445,0,15,0,0,0,0,1255146
230473,0,0,-536346624,1026,0,0,1255194
230494,0,15,0,0,0,0,1255241
230498,0,15,0,0,0,0,1255248
230499,0,15,0,0,0,0,1255249
230500,0,15,0,0,0,0,1255250
230501,0,15,0,0,0,0,1255251
230503,0,15,0,0,0,0,1255254
230504,0,15,0,0,0,0,1255255
230505,0,15,0,0,0,0,1255256
230506,0,15,0,0,0,0,1255257
230508,0,15,0,0,0,0,1255259
230509,0,15,0,0,0,0,1255260
230510,0,15,0,0,0,0,1255261
230550,0,1,262272,0,0,0,1255415
230728,0,1,703501,0,8,0,1255924
230733,0,1,703501,0,8,0,1255935
230734,0,5,0,0,0,0,1255938
230786,0,31,0,0,0,0,1256151
230789,0,1,0,0,0,0,1256168
231073,0,0,15367,0,0,0,1256867
231087,0,0,6147,0,0,0,1256991
231089,0,13,0,0,0,0,1257010
231090,0,15,0,0,0,0,1257013
231091,0,31,0,0,0,0,1257014
231092,0,15,0,0,0,0,1257017
231117,0,15,0,0,0,0,1257106
231193,0,15,0,0,0,0,1257368
231194,0,15,0,0,0,0,1257369
231195,0,15,0,0,0,0,1257370
231196,0,15,0,0,0,0,1257371
231197,0,15,0,0,0,0,1257372
231198,0,15,0,0,0,0,1257373
231199,0,15,0,0,0,0,1257374
231200,0,15,0,0,0,0,1257375
231201,0,15,0,0,0,0,1257376
231202,0,15,0,0,0,0,1257377
231203,0,15,0,0,0,0,1257378
231204,0,15,0,0,0,0,1257379
231205,0,15,0,0,0,0,1257380
231206,0,15,0,0,0,0,1257381
231207,0,15,0,0,0,0,1257382
231208,0,15,0,0,0,0,1257383
231209,0,15,0,0,0,0,1257384
231210,0,15,0,0,0,0,1257385
231211,0,15,0,0,0,0,1257386
231212,0,15,0,0,0,0,1257387
231213,0,15,0,0,0,0,1257388
231214,0,15,0,0,0,0,1257389
231215,0,15,0,0,0,0,1257390
231216,0,15,0,0,0,0,1257391
231217,0,15,0,0,0,0,1257392
231218,0,15,0,0,0,0,1257393
231219,0,15,0,0,0,0,1257394
231220,0,15,0,0,0,0,1257395
231221,0,15,0,0,0,0,1257396
231222,0,15,0,0,0,0,1257397
231223,0,15,0,0,0,0,1257398
231224,0,15,0,0,0,0,1257399
231225,0,15,0,0,0,0,1257400
231226,0,15,0,0,0,0,1257401
231227,0,15,0,0,0,0,1257402
231228,0,15,0,0,0,0,1257403
231229,0,15,0,0,0,0,1257404
231230,0,15,0,0,0,0,1257405
231231,0,15,0,0,0,0,1257406
231232,0,15,0,0,0,0,1257407
231233,0,15,0,0,0,0,1257408
231234,0,15,0,0,0,0,1257409
231235,0,15,0,0,0,0,1257410
231236,0,15,0,0,0,0,1257411
231237,0,15,0,0,0,0,1257412
231238,0,15,0,0,0,0,1257413
231239,0,15,0,0,0,0,1257414
231240,0,15,0,0,0,0,1257415
231241,0,15,0,0,0,0,1257416
231242,0,15,0,0,0,0,1257417
231243,0,15,0,0,0,0,1257418
231244,0,15,0,0,0,0,1257419
231245,0,15,0,0,0,0,1257420
231246,0,15,0,0,0,0,1257421
231247,0,15,0,0,0,0,1257422
231248,0,15,0,0,0,0,1257423
231249,0,15,0,0,0,0,1257424
231250,0,15,0,0,0,0,1257425
231251,0,15,0,0,0,0,1257426
231252,0,15,0,0,0,0,1257427
231253,0,15,0,0,0,0,1257428
231254,0,15,0,0,0,0,1257429
231255,0,15,0,0,0,0,1257430
231256,0,15,0,0,0,0,1257431
231257,0,15,0,0,0,0,1257432
231258,0,15,0,0,0,0,1257433
231259,0,15,0,0,0,0,1257434
231260,0,15,0,0,0,0,1257435
231261,0,15,0,0,0,0,1257436
231262,0,15,0,0,0,0,1257437
231263,0,15,0,0,0,0,1257438
231264,0,15,0,0,0,0,1257439
231265,0,15,0,0,0,0,1257440
231266,0,15,0,0,0,0,1257441
231267,0,15,0,0,0,0,1257442
231268,0,15,0,0,0,0,1257443
231269,0,15,0,0,0,0,1257444
231270,0,15,0,0,0,0,1257445
231271,0,15,0,0,0,0,1257446
231272,0,15,0,0,0,0,1257447
231273,0,15,0,0,0,0,1257448
231274,0,15,0,0,0,0,1257449
231275,0,15,0,0,0,0,1257450
231276,0,15,0,0,0,0,1257451
231277,0,15,0,0,0,0,1257452
231278,0,15,0,0,0,0,1257453
231279,0,15,0,0,0,0,1257454
231280,0,15,0,0,0,0,1257455
231281,0,15,0,0,0,0,1257456
231282,0,15,0,0,0,0,1257457
231283,0,15,0,0,0,0,1257458
231284,0,15,0,0,0,0,1257459
231285,0,15,0,0,0,0,1257460
231286,0,15,0,0,0,0,1257461
231287,0,15,0,0,0,0,1257462
231288,0,15,0,0,0,0,1257463
231289,0,15,0,0,0,0,1257464
231290,0,15,0,0,0,0,1257465
231291,0,15,0,0,0,0,1257466
231292,0,15,0,0,0,0,1257467
231293,0,15,0,0,0,0,1257468
231294,0,15,0,0,0,0,1257469
231295,0,15,0,0,0,0,1257470
231296,0,15,0,0,0,0,1257471
231297,0,15,0,0,0,0,1257472
231298,0,15,0,0,0,0,1257473
231299,0,15,0,0,0,0,1257474
231300,0,15,0,0,0,0,1257475
231301,0,15,0,0,0,0,1257476
231302,0,15,0,0,0,0,1257477
231303,0,15,0,0,0,0,1257478
231304,0,15,0,0,0,0,1257479
231305,0,15,0,0,0,0,1257480
231306,0,15,0,0,0,0,1257481
231307,0,15,0,0,0,0,1257482
231308,0,15,0,0,0,0,1257483
231309,0,15,0,0,0,0,1257484
231310,0,15,0,0,0,0,1257485
231311,0,15,0,0,0,0,1257486
231312,0,15,0,0,0,0,1257487
231313,0,15,0,0,0,0,1257488
231314,0,15,0,0,0,0,1257489
231315,0,15,0,0,0,0,1257490
231316,0,15,0,0,0,0,1257491
231317,0,15,0,0,0,0,1257492
231318,0,15,0,0,0,0,1257493
231319,0,15,0,0,0,0,1257494
231320,0,15,0,0,0,0,1257495
231645,0,15,0,0,0,0,1258367
231668,0,1,8,0,8,0,1258447
231691,0,0,4096,0,0,0,1258510
231764,0,47,0,0,0,0,1258784
231769,0,47,0,0,0,0,1258812
231773,0,27,0,0,0,0,1258822
231774,0,27,0,0,0,0,1258773
231830,0,0,4100,0,0,0,1258969
231837,0,47,0,0,0,0,1259002
231881,0,47,0,0,0,0,1259093
231966,0,9,0,0,0,0,1259326
231967,0,9,0,0,0,0,1259330
231968,0,9,0,0,0,0,1259332
231969,0,9,0,0,0,0,1259333
231970,0,9,0,0,0,0,1259334
231972,0,9,0,0,0,0,1259335
231973,0,9,0,0,0,0,1259336
231974,0,9,0,0,0,0,1259337
231977,0,15,0,0,0,0,1259341
231978,0,15,0,0,0,0,1259342
231979,0,15,0,0,0,0,1259343
231980,0,15,0,0,0,0,1259344
231981,0,15,0,0,0,0,1259345
231982,0,15,0,0,0,0,1259347
231983,0,15,0,0,0,0,1259348
231984,0,15,0,0,0,0,1259349
232016,0,15,10,0,10,0,1259412
232023,0,0,655488,8,0,0,1259416
232050,0,31,0,0,0,0,1259487
232053,0,31,0,0,0,0,1259489
232147,0,47,0,0,0,0,1259904
232166,0,47,0,0,0,0,1260031
232188,0,31,4194304,2048,0,0,1260167
232224,0,0,0,0,15374,0,1260270
232278,0,15,0,0,0,0,1260424
232318,0,31,0,0,0,0,1260576
232382,0,47,0,0,0,0,1260645
232562,0,1,0,0,0,0,1261177
232565,0,31,0,0,0,0,1261190
232566,0,31,0,0,0,0,1261191
232640,0,15,0,0,0,0,1261320
232641,0,15,0,0,0,0,1225461
232679,0,15,0,0,0,0,1225470
232680,0,15,0,0,0,0,1225469
232688,0,63,8,0,8,0,1261425
232810,0,47,0,0,0,0,1261692
232907,0,15,0,0,0,0,1225494
232968,0,0,268435456,0,0,0,1262243
232989,0,0,268435456,0,0,0,1262307
232990,0,0,268435456,0,0,0,1262309
232991,0,0,268435456,0,0,0,1262310
232992,0,0,268435456,0,0,0,1262312
232993,0,0,268435456,0,0,0,1262315
232994,0,0,268435456,0,0,0,1262316
232996,0,0,268435456,0,0,0,1262317
233131,0,8,0,0,0,0,1262775
233231,0,15,0,0,0,0,1262975
233234,0,15,0,0,0,0,1262978
233236,0,15,0,0,0,0,1262980
233237,0,15,0,0,0,0,1262982
233238,0,15,0,0,0,0,1262985
233240,0,15,0,0,0,0,1262990
233246,0,15,0,0,0,0,1262996
233247,0,15,0,0,0,0,1262998
233248,0,15,0,0,0,0,1263001
233250,0,15,0,0,0,0,1263005
233270,0,15,0,0,0,0,1263031
233271,0,15,0,0,0,0,1263032
233273,0,15,0,0,0,0,1263034
233280,0,15,0,0,0,0,1263041
233290,0,15,0,0,0,0,1263056
233296,0,15,0,0,0,0,1263067
233297,0,15,0,0,0,0,1263070
233298,0,15,0,0,0,0,1263071
233300,0,15,0,0,0,0,1263073
233302,0,15,0,0,0,0,1263078
233303,0,15,0,0,0,0,1263079
233304,0,15,0,0,0,0,1263080
233305,0,15,0,0,0,0,1263082
233306,0,15,0,0,0,0,1263083
233311,0,15,128,0,0,0,1263095
233312,0,15,0,0,0,0,1263099
233313,0,15,0,0,0,0,1263100
233315,0,15,0,0,0,0,1263102
233317,0,15,0,0,0,0,1263104
233320,0,15,0,0,0,0,1263107
233321,0,15,0,0,0,0,1263109
233322,0,15,0,0,0,0,1263110
233323,0,15,0,0,0,0,1263111
233325,0,15,0,0,0,0,1263113
233326,0,47,524288,16777216,0,0,1263086
233327,0,15,0,0,0,0,1263114
233372,0,0,-2147483648,0,0,0,1263284
233396,0,15,128,0,0,0,1263335
233397,0,0,-2147483648,0,0,0,1263337
233400,0,15,0,0,0,0,1263343
233402,0,15,128,0,0,0,1263349
233403,0,15,0,0,0,0,1263350
233404,0,15,128,0,0,0,1263352
233413,0,47,0,0,0,0,1263364
233426,0,15,0,0,0,0,1263425
233450,0,15,0,0,0,0,1263473
233516,0,9,0,0,0,0,1263640
233546,0,47,0,0,0,0,1263770
233562,0,0,524288,0,0,0,1263807
233620,0,15,0,0,0,0,1263979
233627,0,0,524288,0,0,0,1263999
233628,0,0,524288,0,0,0,1264001
233778,0,0,2,0,0,0,1264437
233788,0,5,0,0,0,0,1264478
233789,0,5,0,0,0,0,1264479
233790,0,5,0,0,0,0,1264480
233791,0,5,0,0,0,0,1264481
233792,0,5,0,0,0,0,1264482
233795,0,0,268435456,0,0,0,1264489
233847,0,47,0,0,0,0,1264600
233861,0,47,0,0,0,0,1264639
233925,0,31,0,0,0,0,1264887
234042,0,15,0,0,0,0,1265220
234045,0,0,4718652,0,0,0,183260
234046,0,0,268566528,0,0,0,1265304
234261,0,47,0,0,0,0,1265776
234285,0,0,8,0,8,0,1265889
234308,0,15,0,0,0,0,1266011
234401,0,15,0,0,0,0,1266271
234429,0,47,0,0,0,0,1266339
234508,0,0,4194304,0,0,0,86458
234509,0,0,4194304,0,0,0,86457
234532,0,15,0,0,0,0,1266642
234538,0,15,0,0,0,0,1266680
234539,0,9,0,0,0,0,1266681
234702,0,15,0,0,0,0,1267143
234726,0,15,0,0,0,0,1266893
234727,0,15,0,0,0,0,1266905
234728,0,15,0,0,0,0,1266907
234729,0,15,0,0,0,0,1266909
234730,0,15,0,0,0,0,1266912
234731,0,15,0,0,0,0,1266914
234732,0,15,0,0,0,0,1266917
234733,0,15,0,0,0,0,1266920
234734,0,15,0,0,0,0,1266921
234735,0,15,0,0,0,0,1266924
234736,0,15,0,0,0,0,1266925
234737,0,15,0,0,0,0,1266926
234738,0,15,0,0,0,0,1266928
234739,0,15,0,0,0,0,1266935
234740,0,15,0,0,0,0,1266936
234741,0,15,0,0,0,0,1266937
234742,0,15,0,0,0,0,1266938
234743,0,15,0,0,0,0,1266939
234744,0,15,0,0,0,0,1266940
234745,0,15,0,0,0,0,1268650
234777,0,47,0,0,0,0,1268774
234785,0,47,0,0,0,0,1268815
234791,0,47,0,0,0,0,1268826
234854,0,15,0,0,0,0,1266906
234855,0,15,0,0,0,0,1266908
234856,0,15,0,0,0,0,1266910
234857,0,15,0,0,0,0,1266911
234858,0,15,0,0,0,0,1266913
234859,0,15,0,0,0,0,1266915
234860,0,15,0,0,0,0,1266916
234861,0,15,0,0,0,0,1266918
234862,0,15,0,0,0,0,1266919
234863,0,15,0,0,0,0,1266923
234864,0,15,0,0,0,0,1266927
234865,0,15,0,0,0,0,1266929
234866,0,15,0,0,0,0,1266930
234867,0,15,0,0,0,0,1266931
234868,0,15,0,0,0,0,1266932
234869,0,15,0,0,0,0,1266933
234870,0,15,0,0,0,0,1266934
234871,0,15,0,0,0,0,1266941
234872,0,15,0,0,0,0,1266942
234873,0,15,0,0,0,0,1266943
234927,0,47,0,0,0,0,1269150
234931,0,5,0,0,0,0,1269161
234940,0,5,0,0,0,0,1269192
234955,0,5,0,0,0,0,1269216
234992,0,47,0,0,0,0,1269045
234993,0,5,0,0,0,0,1269268
234995,0,5,0,0,0,0,1269272
234999,0,5,0,0,0,0,1269278
235013,0,31,0,0,0,0,1269323
235015,0,5,0,0,0,0,1269334
235017,0,5,0,0,0,0,1269337
235018,0,31,0,0,0,0,1269339
235023,0,1,262272,0,0,0,1269354
235046,0,31,0,0,0,0,1269404
235069,0,31,0,0,0,0,1269466
235095,0,15,0,0,0,0,1269555
235107,0,47,0,0,0,0,1269577
235109,0,47,0,0,0,0,1269580
235110,0,47,0,0,0,0,1269581
235111,0,47,0,0,0,0,1269582
235118,0,47,0,0,0,0,1269600
235133,0,15,0,0,0,0,55884
235139,0,47,0,0,0,0,1269670
235141,0,47,0,0,0,0,1269671
235142,0,47,0,0,0,0,1269673
235143,0,47,0,0,0,0,1269675
235155,0,15,0,0,0,0,1269692
235187,0,1,0,0,0,0,1269868
235190,0,1,0,0,0,0,1269874
235193,0,1,0,0,0,0,1269877
235194,0,15,0,0,0,0,1269872
235202,0,15,0,0,0,0,1269904
235218,0,31,0,0,0,0,1269930
235219,0,47,0,0,0,0,1269931
235220,0,47,0,0,0,0,1269934
235245,0,15,0,0,15420,0,1270031
235247,0,0,15366,0,0,0,1270035
235252,0,31,0,0,0,0,1269546
235289,0,0,1572864,1024,0,0,1270173
235290,0,15,0,0,0,0,1270178
235296,0,9,0,0,0,0,1270197
235299,0,15,0,0,0,0,1270201
235312,0,15,0,0,0,0,1270262
235391,0,15,0,0,0,0,1270498
235394,0,47,0,0,0,0,1270518
235428,0,15,10,0,10,0,1270602
235438,0,15,0,0,0,0,1270632
235439,0,15,0,0,0,0,1270633
235441,0,15,0,0,0,0,1270635
235449,0,15,4718592,16777216,0,0,1270650
235450,0,15,0,0,0,0,1270651
235510,0,0,128,0,0,0,1270781
235511,0,8,0,0,0,0,1270782
235523,0,15,0,0,0,0,1259686
235524,0,15,0,0,0,0,1259705
235576,0,31,0,0,0,0,1270940
235577,0,9,0,0,0,0,1270941
235578,0,15,2,0,0,0,1270942
235579,0,15,0,0,0,0,1270943
235580,0,15,2,0,0,0,1270944
235589,0,0,655488,8,0,0,1271020
235608,0,0,655488,8,0,0,1271049
235622,0,9,0,0,48140,0,1271103
235647,0,13,15366,0,0,0,1271266
235665,0,0,8,0,0,0,1271280
235679,0,31,0,0,0,0,1271338
235681,0,31,0,0,0,0,1271344
235682,0,31,0,0,0,0,1271346
235683,0,31,0,0,0,0,1271347
235684,0,31,0,0,0,0,1271348
235685,0,31,0,0,0,0,1271349
235686,0,31,0,0,0,0,1271350
235712,0,0,4718592,16777216,0,0,1271412
235716,0,47,0,0,0,0,1271421
235717,0,47,0,0,0,0,1271422
235718,0,47,0,0,0,0,1271423
235719,0,47,0,0,0,0,1271424
235722,0,47,4718592,16777216,0,0,1271351
235740,0,15,0,0,0,0,1271485
235742,0,15,0,0,0,0,1271487
235767,0,15,0,0,0,0,1271513
235773,0,15,0,0,0,0,1271521
235774,0,15,0,0,0,0,1271522
235785,0,15,4718592,16777216,0,0,1271352
235795,0,0,4718592,16777216,0,0,1271565
235798,0,15,0,0,0,0,1266922
235800,0,15,0,0,0,0,1271593
235810,0,15,0,0,0,0,1271632
235813,0,0,4718592,0,0,0,77747
235830,0,31,0,0,48142,0,1271691
235890,0,31,0,0,0,0,64659
235892,0,0,4718592,0,0,0,1271816
235898,0,47,0,0,0,0,1271868
235939,0,15,0,0,31804,0,1272014
235967,0,31,0,0,48142,0,1272073
235998,0,31,0,0,48142,0,1272222
235999,0,31,0,0,48142,0,1272223
236131,0,47,0,0,0,0,1272771
236133,0,47,0,0,0,0,1272758
236134,0,47,0,0,0,0,1272591
236190,0,47,0,0,0,0,1272941
236320,0,15,0,0,0,0,1273960
236544,0,1544,0,0,0,0,1276047
236637,0,0,0,0,268435456,0,1276379
236640,0,47,0,0,0,0,1276429
236795,0,15,0,0,0,0,1276954
236822,0,15,0,0,0,0,1277050
236829,0,15,0,0,0,0,1277112
236888,0,31,0,0,0,0,1277271
236895,0,31,128,0,0,0,1277329
236896,0,31,128,0,0,0,1277330
236897,0,15,0,0,0,0,1277331
236898,0,15,0,0,0,0,1277332
236899,0,15,0,0,0,0,1277333
236900,0,15,0,0,0,0,1277334
236901,0,15,0,0,0,0,1277335
236902,0,31,128,0,0,0,1277336
236914,0,8,0,0,0,0,1277370
236915,0,8,0,0,0,0,1277371
236916,0,8,0,0,0,0,1277372
236917,0,8,0,0,0,0,1277374
236918,0,8,0,0,0,0,1277376
236919,0,8,0,0,0,0,1277377
236920,0,8,0,0,0,0,1277378
236922,0,47,0,0,268435456,0,1277364
236928,0,31,0,0,0,0,1277397
236930,0,31,0,0,0,0,243819
236931,0,47,0,0,268435456,0,1277417
236935,0,47,0,0,268435456,0,1277431
236941,0,15,2,0,0,0,1277455
236948,0,8,0,0,0,0,1277462
236976,0,8,0,0,0,0,1277634
236979,0,8,0,0,0,0,1277638
236980,0,8,0,0,0,0,1277639
236981,0,8,0,0,0,0,1277640
237037,0,9,0,0,48140,0,1277794
237042,0,31,0,0,0,0,1277808
237065,0,31,0,0,0,0,1277874
237171,0,9,0,0,48140,0,1278028
237172,0,9,0,0,48140,0,1278029
237276,0,31,0,0,0,0,1278934
237279,0,15,0,0,0,0,1278974
237484,0,15,128,0,0,0,1279399
237497,0,0,0,1048576,0,0,5487
237498,0,0,0,1048576,0,0,9634
237499,0,0,0,1048576,0,0,768
237500,0,0,0,1048576,0,0,24858
237501,0,0,33554432,1048576,0,0,775
237516,0,15,0,0,0,0,1279523
237613,0,9,0,0,48140,0,1280003
237629,0,9,0,0,48140,0,1280046
237751,0,15,0,0,0,0,1280356
237771,0,15,0,25165824,0,0,1280468
237773,0,15,0,0,0,0,1280471
237774,0,15,0,0,0,0,1280472
237780,0,9,0,0,0,0,1280481
237791,0,15,0,0,0,0,1280533
237804,0,15,0,0,0,0,1280564
237816,0,9,0,0,0,0,1280634
237827,0,15,0,0,0,0,1280669
237841,0,63,0,0,0,0,1280856
238270,0,31,128,0,0,0,1281530
238296,0,31,0,0,0,0,1281641
238297,0,63,0,0,0,0,1281645
238350,0,9,0,0,0,0,1281765
238554,0,15,0,0,0,0,1282389
238555,0,15,0,0,0,0,1282398
238614,0,31,0,0,0,0,1282576
238626,0,15,0,0,0,0,1282617
238627,0,15,0,0,0,0,1282618
238628,0,15,0,0,0,0,1282619
238629,0,15,0,0,0,0,1282620
238630,0,15,0,0,0,0,1282621
238634,0,15,0,0,0,0,1282628
238636,0,15,0,0,0,0,1282634
238637,0,15,0,0,0,0,1282635
238638,0,15,0,0,0,0,1282636
238639,0,15,0,0,0,0,1282638
238643,0,31,0,0,0,0,1282662
238646,0,15,0,0,15420,0,1282693
238650,0,15,0,0,0,0,1282731
238651,0,15,0,0,0,0,1282732
238652,0,15,0,0,0,0,1282734
238653,0,15,0,0,0,0,1282736
238654,0,15,0,0,0,0,1282737
238655,0,15,0,0,0,0,1282738
238674,0,63,0,0,0,0,1282793
238705,0,31,0,0,0,0,1282951
238746,0,31,0,0,0,0,1283137
238802,0,15,0,0,0,0,1283400
238883,0,1543,0,0,0,0,1283583
238884,0,1543,0,0,0,0,1283523
238935,0,0,0,0,272629763,2048,1283792
238968,0,8,4194304,2048,0,0,1283919
238976,0,31,0,0,0,0,1283932
238996,0,15,0,0,0,0,1284035
239171,0,8,0,0,268439554,0,1284382
239213,0,0,1703936,1024,0,0,1284560
239244,0,15,0,0,0,0,1284701
239263,0,15,0,0,0,0,1284783
239642,0,0,15367,0,0,0,1285372
239803,0,15,0,0,0,0,1285835
239867,0,15,0,0,0,0,1285982
239868,0,15,0,0,0,0,1285983
239882,0,31,128,0,0,0,1286011
239889,0,31,128,0,0,0,1286021
239890,0,31,128,0,0,0,1286022
239891,0,31,128,0,0,0,1286024
239892,0,31,128,0,0,0,1286025
239893,0,31,128,0,0,0,1286026
239941,0,15,0,0,0,0,1286121
239951,0,9,0,0,0,0,1286183
239969,0,8,0,0,0,0,1286257
239978,0,15,0,0,0,0,1286298
239979,0,15,0,0,0,0,1286299
239990,0,0,4097,0,0,0,1286344
239991,0,0,131072,0,0,0,1286345
240029,0,0,15366,0,0,0,1286462
240072,0,1,1342182460,3,0,0,1286582
240094,0,31,0,0,0,0,1286629
240132,0,15,0,0,0,0,1286792
240134,0,15,0,0,0,0,1286796
240138,0,47,0,0,0,0,1286800
240141,0,47,268435456,0,0,0,1286814
240191,0,15,0,0,0,0,1286953
240242,0,31,0,0,0,0,1287099
240274,0,8,0,0,0,0,1287171
240297,0,31,0,0,0,0,1287234
240316,0,31,0,0,0,0,1287321
240384,0,31,0,0,0,0,1287557
240431,0,47,0,0,0,0,1263726
240458,0,8,0,0,0,0,1287768
240465,0,0,524288,0,0,0,134735
240467,0,63,8,0,8,0,1287813
240522,0,13,4718592,16777216,0,0,1287976
240615,0,47,0,0,0,0,1288261
240616,0,47,0,0,0,0,1288237
240617,0,47,0,0,0,0,1288298
240622,0,47,0,0,0,0,1288322
240648,0,15,0,0,0,0,1288387
240649,0,41,0,0,0,0,1288388
240650,0,0,4718592,16777216,0,0,1271357
240651,0,0,4718592,16777216,0,0,1271007
240653,0,0,4718592,16777216,0,0,1271567
240654,0,1,0,0,0,0,1288392
240660,0,7,0,0,0,0,1288447
240670,0,11,0,0,0,0,1288490
240681,0,27,0,0,0,0,1288525
240687,0,47,0,0,0,0,1288548
240690,0,15,0,0,0,0,1288558
240691,0,15,0,0,0,0,1288559
240692,0,15,0,0,0,0,1288560
240693,0,15,0,0,0,0,1288561
240813,0,45,0,0,0,0,1288961
240909,0,9,0,0,0,0,1289129
240910,0,47,0,0,0,0,1289136
240911,0,47,0,0,0,0,1289137
240912,0,9,0,0,0,0,1289139
240913,0,0,4718592,25165824,0,0,1289145
240923,0,47,0,0,0,0,1289195
240924,0,47,0,0,0,0,1289196
240925,0,47,0,0,0,0,1289197
240926,0,47,0,0,0,0,1289198
240927,0,47,0,0,0,0,1289199
240928,0,47,0,0,0,0,1289200
240933,0,55,0,0,0,0,1289210
240941,0,13,0,0,0,0,1289255
240942,0,15,0,0,0,0,1289256
240944,0,31,0,0,0,0,1289248
240964,0,31,0,0,0,0,1289305
240990,0,0,4718592,16777216,0,0,1288908
240991,0,0,524288,0,0,0,1289428
240992,0,15,0,25165824,0,0,1289435
240995,0,15,0,0,0,0,1289447
240996,0,15,0,0,0,0,1289448
240997,0,8,0,0,0,0,1289450
240998,0,9,0,0,0,0,1289451
240999,0,15,0,0,0,0,1289452
241000,0,0,15366,0,0,0,1289453
241001,0,23,0,0,0,0,1289490
241009,0,15,0,0,0,0,1289530
241011,0,15,0,0,0,0,1289531
241015,0,47,0,0,0,0,1289537
241017,0,47,0,0,0,0,1289546
241056,0,11,0,0,0,0,1285990
241065,0,0,8,0,0,0,1289723
241071,0,47,0,0,0,0,1289727
241090,0,47,0,0,0,0,1289422
241119,0,41,0,0,0,0,1289916
241123,0,47,0,0,0,0,1271853
241136,0,15,0,0,0,0,1289998
241167,0,31,0,0,0,0,1290131
241177,0,63,1342182460,3,0,0,1290188
241184,0,5,0,0,0,0,1290242
241242,0,15,0,0,0,0,1290398
241345,0,1,15375,0,0,0,1290708
241347,0,0,1615331328,3072,0,0,1262023
241386,0,1,262272,0,0,0,1290859
241387,0,1,262272,0,0,0,1290860
241388,0,1,262272,0,0,0,1290861
241390,0,0,2,0,15374,0,1290863
241391,0,0,2,0,15374,0,1290865
241392,0,0,2,0,15374,0,1290867
241394,0,8,0,0,0,0,1290875
241509,0,41,0,0,0,0,1291218
241529,0,8,0,0,0,0,1291335
241531,0,15,0,0,0,0,1291341
241603,0,47,0,0,0,0,1289866
241604,0,47,0,0,0,0,19588
241668,0,1,262272,0,0,0,1291782
241714,0,31,0,0,0,0,1291896
241770,0,15,0,0,0,0,1292052
241798,0,15,0,0,0,0,1292139
241813,0,15,0,0,0,0,1292245
241814,0,15,0,0,0,0,1292246
241834,0,15,0,0,0,0,1292332
241857,0,0,268435456,0,0,0,1292399
241908,0,31,0,0,0,0,1292560
241954,0,15,0,0,0,0,1292765
242009,0,15,0,0,0,0,1292920
242010,0,15,0,0,0,0,1292921
242011,0,15,0,0,0,0,1292923
242012,0,15,0,0,0,0,1292924
242013,0,15,0,0,0,0,1292925
242014,0,15,0,0,0,0,1292926
242015,0,15,0,0,0,0,1292927
242016,0,15,0,0,0,0,1292928
242017,0,15,0,0,0,0,1292929
242018,0,15,0,0,0,0,1292930
242019,0,15,0,0,0,0,1292931
242020,0,15,0,0,0,0,1292932
242021,0,15,0,0,0,0,1292933
242022,0,15,0,0,0,0,1292934
242023,0,15,0,0,0,0,1292935
242024,0,15,0,0,0,0,1292936
242025,0,15,0,0,0,0,1292937
242026,0,15,0,0,0,0,1292938
242027,0,15,0,0,0,0,1292939
242028,0,15,0,0,0,0,1292940
242029,0,15,0,0,0,0,1292941
242030,0,15,0,0,0,0,1292942
242031,0,15,0,0,0,0,1292943
242032,0,15,0,0,0,0,1292944
242033,0,15,0,0,0,0,1292945
242034,0,15,0,0,0,0,1292946
242035,0,15,0,0,0,0,1292947
242036,0,15,0,0,0,0,1292948
242037,0,15,0,0,0,0,1292949
242038,0,15,0,0,0,0,1292950
242039,0,15,0,0,0,0,1292951
242040,0,15,0,0,0,0,1292952
242041,0,15,0,0,0,0,1292953
242042,0,15,0,0,0,0,1292954
242043,0,15,0,0,0,0,1292955
242044,0,15,0,0,0,0,1292956
242045,0,15,0,0,0,0,1292957
242046,0,15,0,0,0,0,1292958
242047,0,15,0,0,0,0,1292959
242048,0,15,0,0,0,0,1292960
242049,0,15,0,0,0,0,1292961
242050,0,15,0,0,0,0,1292962
242051,0,15,0,0,0,0,1292963
242052,0,15,0,0,0,0,1292964
242053,0,15,0,0,0,0,1292965
242054,0,15,0,0,0,0,1292966
242055,0,15,0,0,0,0,1292967
242056,0,15,0,0,0,0,1292968
242057,0,15,0,0,0,0,1292969
242058,0,15,0,0,0,0,1292970
242059,0,15,0,0,0,0,1292971
242060,0,15,0,0,0,0,1292972
242061,0,15,0,0,0,0,1292973
242062,0,15,0,0,0,0,1292974
242063,0,15,0,0,0,0,1292975
242064,0,15,0,0,0,0,1292976
242065,0,15,0,0,0,0,1292977
242066,0,15,0,0,0,0,1292978
242067,0,15,0,0,0,0,1292979
242068,0,15,0,0,0,0,1292980
242069,0,15,0,0,0,0,1292981
242070,0,15,0,0,0,0,1292982
242071,0,15,0,0,0,0,1292983
242072,0,15,0,0,0,0,1292984
242073,0,15,0,0,0,0,1292985
242074,0,15,0,0,0,0,1292986
242075,0,15,0,0,0,0,1292987
242076,0,15,0,0,0,0,1292988
242081,0,15,0,0,0,0,1292997
242089,0,15,0,0,0,0,1293020
242111,0,31,0,0,0,0,1293085
242113,0,15,0,0,0,0,1293088
242161,0,15,0,0,0,0,1291345
242165,0,45,0,0,0,0,1293228
242166,0,1,0,0,0,0,1292532
242171,0,15,0,0,0,0,1293242
242179,0,5,0,0,4104,0,1292804
242194,0,15,0,0,0,0,1293327
242195,0,15,128,0,0,0,1293329
242196,0,15,0,0,0,0,1293333
242204,0,15,0,0,0,0,1293342
242210,0,15,0,0,0,0,1293358
242211,0,15,0,0,0,0,1293359
242300,0,15,0,0,0,0,1293559
242301,0,15,0,0,0,0,1293560
242302,0,15,0,0,0,0,1293561
242303,0,15,0,0,0,0,1293562
242329,0,15,0,0,31804,0,1293681
242333,0,15,0,0,0,0,1293693
242334,0,15,0,0,0,0,1293694
242340,0,15,0,0,0,0,1293736
242357,0,15,0,0,0,0,1293800
242358,0,47,0,0,0,0,1293805
242359,0,47,0,0,0,0,1293806
242360,0,47,0,0,0,0,1293807
242361,0,47,0,0,0,0,1293808
242362,0,47,0,0,0,0,1293809
242363,0,15,0,0,0,0,1293812
242364,0,15,0,0,0,0,1293813
242365,0,15,0,0,0,0,1293817
242366,0,15,0,0,0,0,1293818
242371,0,15,0,0,0,0,1293849
242372,0,15,0,0,0,0,1293850
242378,0,7,0,0,0,0,1293874
242388,0,0,4718592,0,0,0,1293885
242389,0,0,4718592,0,0,0,1293886
242432,0,41,0,0,0,0,1293958
242443,0,1,0,0,11272,0,1293986
242446,0,1,262272,0,0,0,1294006
242449,0,15,0,0,0,0,1294014
242455,0,15,0,0,0,0,1294054
242464,0,47,0,0,0,0,1294092
242471,0,15,0,0,0,0,1294112
242474,0,13,0,0,0,0,1294122
242475,0,15,0,0,0,0,1294124
242489,0,15,0,0,0,0,1294171
242493,0,15,0,0,0,0,1294189
242495,0,47,0,0,0,0,1294212
242501,0,15,0,0,0,0,1294234
242507,0,15,0,0,0,0,1294260
242511,0,15,0,0,0,0,1294289
242522,0,9,0,0,0,0,1294331
242524,0,27,0,0,0,0,1294353
242551,0,0,268435456,0,0,0,1294462
242552,0,0,8,0,0,0,1294477
242558,0,0,4718592,16777216,0,0,1294498
242577,0,47,0,0,0,0,1294601
242594,0,9,0,0,0,0,1294674
242601,0,0,4718592,16777216,0,0,1294684
242602,0,0,4718592,16777216,0,0,1294692
242623,0,41,0,0,8,0,1286114
242679,0,0,4718592,16777216,0,0,1294874
242683,0,0,4718592,16777216,0,0,1294888
242688,0,31,128,0,0,0,1294897
242692,0,0,4718592,16777216,0,0,1294915
242702,0,1,703501,0,8,0,1294946
242771,0,15,0,0,0,0,1295197
242780,0,0,33554432,0,0,0,1295267
242791,0,47,0,0,0,0,1295313
242803,0,31,128,0,0,0,1295387
242863,0,15,0,0,0,0,31688
242887,0,31,128,0,0,0,1295678
242889,0,31,128,0,0,0,1295683
242906,0,31,0,0,0,0,1295738
242914,0,15,0,0,0,0,1295778
242915,0,15,0,0,0,0,1295779
242929,0,15,0,0,0,0,1295805
242952,0,15,0,0,0,0,1295834
243006,0,31,0,0,0,0,1296017
243025,0,0,268435458,0,268435458,0,1296059
243048,0,31,0,0,0,0,1296202
243088,0,31,0,0,0,0,1296317
243090,0,0,524288,0,0,0,1296330
243092,0,1,8,0,8,0,1296344
243093,0,31,0,0,0,0,1296347
243094,0,31,0,0,0,0,1296348
243095,0,31,0,0,0,0,1296349
243096,0,31,0,0,0,0,1296350
243097,0,31,0,0,0,0,1296351
243098,0,31,0,0,0,0,1296353
243099,0,31,0,0,0,0,1296354
243113,0,15,0,0,0,0,1296416
243116,0,0,-2142765056,16777728,0,0,1271000
243170,0,8,642777218,1048576,0,0,1296072
243181,0,15,128,0,0,0,1296534
243239,0,0,0,16777216,0,0,1269767
243295,0,15,2,0,0,0,1297068
243307,0,15,0,0,0,0,1297120
243308,0,15,0,0,0,0,1297121
243309,0,15,0,0,0,0,1297122
243310,0,15,0,0,0,0,1297123
243311,0,15,0,0,0,0,1297124
243312,0,15,0,0,0,0,1297125
243313,0,15,0,0,0,0,1297126
243314,0,15,0,0,0,0,1297127
243315,0,15,0,0,0,0,1297128
243316,0,15,0,0,0,0,1297129
243317,0,15,0,0,0,0,1297130
243318,0,15,0,0,0,0,1297131
243319,0,15,0,0,0,0,1297132
243320,0,15,0,0,0,0,1297133
243321,0,15,0,0,0,0,1297134
243322,0,15,0,0,0,0,1297135
243323,0,15,0,0,0,0,1297136
243324,0,15,0,0,0,0,1297137
243325,0,15,0,0,0,0,1297138
243326,0,15,0,0,0,0,1297139
243327,0,15,0,0,0,0,1297140
243328,0,15,0,0,0,0,1297141
243329,0,15,0,0,0,0,1297142
243330,0,15,0,0,0,0,1297143
243395,0,59,1883903164,3075,0,0,1297594
243401,0,31,0,0,0,0,1297608
243424,0,15,0,0,0,0,1297659
243425,0,47,0,0,0,0,1297670
243439,0,1577,5279745,2048,0,0,1297705
243451,0,0,659584,8,0,0,1297762
243489,0,0,524288,0,0,0,1297872
243609,0,15,0,0,0,0,1298392
243622,0,9,0,0,0,0,1298428
243625,0,9,0,0,0,0,1298437
243626,0,9,0,0,0,0,1298438
243631,0,31,128,0,0,0,1298450
243643,0,31,128,0,0,0,1298496
243644,0,47,0,0,4104,0,1298503
243645,0,47,0,0,4104,0,1298506
243654,0,15,0,0,0,0,1298546
243679,0,0,524288,16777218,0,0,1298627
243711,0,47,0,0,0,0,1298774
243717,0,47,0,0,0,0,1298802
243794,0,0,4194304,0,0,0,1299098
243795,0,0,4194304,0,0,0,1299099
243850,0,0,524288,512,0,0,1299303
243863,0,8,0,0,0,0,1299346
243864,0,8,0,0,0,0,1299348
243865,0,0,4098,0,0,0,1299351
243936,0,9,0,0,0,0,1287327
243997,0,15,0,0,0,0,1299914
243998,0,15,0,0,0,0,1299915
243999,0,15,0,0,0,0,1299916
244000,0,15,0,0,0,0,1299917
244074,0,0,15367,0,0,0,1300180
244089,0,15,2,0,0,0,1300241
244152,0,0,4127,0,4127,0,1300424
244229,0,15,0,0,0,0,1300744
244232,0,31,0,0,0,0,1300763
244251,0,15,0,0,0,0,1300821
244287,0,0,4718592,25165824,0,0,1300844
244291,0,0,4718592,25165824,0,0,1300875
244333,0,1,0,0,0,0,1298707
244335,0,1,0,0,0,0,1298445
244361,0,0,268468358,8388626,0,0,1301195
244373,0,15,0,0,0,0,1301234
244434,0,15,0,0,0,0,1301421
244435,0,15,0,0,0,0,1301422
244436,0,15,0,0,0,0,1301423
244437,0,15,0,0,0,0,1301424
244438,0,15,0,0,0,0,1301425
244439,0,15,0,0,0,0,1301426
244440,0,15,0,0,0,0,1301427
244441,0,15,0,0,0,0,1301428
244442,0,15,0,0,0,0,1301429
244443,0,15,0,0,0,0,1301430
244444,0,15,0,0,0,0,1301431
244445,0,15,0,0,0,0,1301432
244446,0,15,0,0,0,0,1301433
244447,0,15,0,0,0,0,1301434
244448,0,15,0,0,0,0,1301435
244449,0,15,0,0,0,0,1301436
244450,0,15,0,0,0,0,1301437
244451,0,15,0,0,0,0,1301438
244452,0,15,0,0,0,0,1301439
244453,0,15,0,0,0,0,1301440
244454,0,15,0,0,0,0,1301441
244455,0,15,0,0,0,0,1301442
244456,0,15,0,0,0,0,1301443
244457,0,15,0,0,0,0,1301444
244458,0,15,0,0,0,0,1301445
244459,0,15,0,0,0,0,1301446
244460,0,15,0,0,0,0,1301447
244461,0,15,0,0,0,0,1301448
244462,0,15,0,0,0,0,1301449
244463,0,15,0,0,0,0,1301450
244464,0,15,0,0,0,0,1301451
244465,0,15,0,0,0,0,1301452
244466,0,15,0,0,0,0,1301453
244467,0,15,0,0,0,0,1301454
244468,0,15,0,0,0,0,1301455
244469,0,15,0,0,0,0,1301456
244470,0,15,0,0,0,0,1301457
244471,0,15,0,0,0,0,1301458
244472,0,15,0,0,0,0,1301459
244473,0,15,0,0,0,0,1301460
244474,0,15,0,0,0,0,1301461
244475,0,15,0,0,0,0,1301462
244476,0,15,0,0,0,0,1301463
244477,0,15,0,0,0,0,1301464
244478,0,15,0,0,0,0,1301465
244479,0,15,0,0,0,0,1301466
244481,0,15,0,0,0,0,1301468
244482,0,15,0,0,0,0,1301469
244502,0,15,0,0,0,0,1301526
244503,0,15,0,0,0,0,1301527
244504,0,15,0,0,0,0,1301528
244505,0,15,0,0,0,0,1301529
244506,0,15,0,0,0,0,1301530
244507,0,15,0,0,0,0,1301531
244508,0,15,0,0,0,0,1301532
244509,0,15,0,0,0,0,1301533
244510,0,15,0,0,0,0,1301534
244511,0,15,0,0,0,0,1301535
244512,0,15,0,0,0,0,1301536
244513,0,15,0,0,0,0,1301537
244514,0,15,0,0,0,0,1301538
244515,0,15,0,0,0,0,1301539
244516,0,15,0,0,0,0,1301540
244517,0,15,0,0,0,0,1301541
244530,0,15,0,0,0,0,1301635
244531,0,31,128,0,0,0,1301636
244543,0,15,0,0,0,0,1301659
244548,0,15,0,0,0,0,1301683
244589,0,15,128,0,0,0,1301784
244601,0,0,0,2,0,0,1301818
244607,0,15,0,0,0,0,1301824
244659,0,15,0,0,0,0,1301968
244682,0,1,262272,0,0,0,1302066
244697,0,1,0,0,8,0,1302112
244710,0,15,0,0,0,0,1302161
244727,0,31,0,0,0,0,1302196
244758,0,31,0,0,0,0,1302285
244759,0,15,0,0,0,0,1302286
244761,0,15,0,0,0,0,1302293
244762,0,15,0,0,0,0,1302294
244763,0,31,0,0,0,0,1302297
244764,0,31,0,0,0,0,1302301
244765,0,31,0,0,0,0,1302303
244766,0,15,0,0,0,0,1302309
244770,0,15,0,0,0,0,1302352
244771,0,0,0,0,8,0,1302353
244772,0,8,0,0,0,0,1302362
244826,0,15,128,0,0,0,1302502
244828,0,31,0,0,0,0,1302508
244829,0,15,0,0,0,0,1302511
244847,0,15,0,0,0,0,1302598
244848,0,15,0,0,0,0,1302604
244862,0,31,0,0,0,0,1302650
244869,0,31,128,0,0,0,1302661
244884,0,15,0,0,0,0,1302696
244899,0,47,0,0,0,0,1302760
244901,0,15,0,0,0,0,1302768
244915,0,0,272765958,2048,0,0,1302834
244919,0,0,0,0,268435456,0,1302852
244924,0,0,0,2048,0,0,1302875
244940,0,1,0,0,11272,0,1302937
244968,0,31,128,0,0,0,1303075
245007,0,15,0,0,0,0,1303209
245008,0,31,128,0,0,0,1303215
245010,0,15,0,0,0,0,1303226
245011,0,15,0,0,0,0,440892
245012,0,15,0,0,0,0,1303227
245013,0,15,0,0,0,0,1303228
245020,0,39,0,0,0,0,1303266
245030,0,31,0,0,0,0,1303304
245032,0,9,0,0,0,0,1303308
245033,0,15,0,0,0,0,1303309
245034,0,0,4718592,0,0,0,1303315
245035,0,9,0,0,0,0,1303317
245048,0,15,0,0,0,0,1303350
245049,0,15,0,0,0,0,1303351
245091,0,15,0,0,0,0,1303459
245106,0,8,0,0,0,0,1303498
245107,0,15,0,0,31756,0,1303499
245111,0,15,0,0,0,0,1303520
245119,0,15,128,0,0,0,1303543
245124,0,15,0,0,0,0,1303551
245129,0,15,0,0,0,0,1303598
245130,0,47,0,0,0,0,1303599
245173,0,47,0,0,0,0,1303755
245178,0,47,0,0,0,0,1303762
245223,0,15,128,0,0,0,1303853
245234,0,47,0,0,0,0,1303869
245236,0,0,524288,0,0,0,1303872
245395,0,15,128,0,0,0,1304277
245396,0,0,524288,0,0,0,1304281
245438,0,31,0,0,0,0,1304401
245460,0,31,0,0,0,0,1304473
245532,0,8,0,0,0,0,1304690
245629,0,0,524288,0,0,0,1304941
245677,0,1,0,0,0,0,1305116
245681,0,0,524288,0,0,0,1305136
245741,0,0,268435456,0,0,0,1305356
245758,0,15,0,0,0,0,1305400
245805,0,15,0,0,0,0,1305748
245822,0,15,0,0,0,0,1305819
245900,0,15,0,0,0,0,1306126
245921,0,15,0,0,0,0,1306224
245922,0,15,0,0,0,0,1306225
245933,0,13,0,0,0,0,1306284
245966,0,15,0,0,0,0,1306384
245968,0,15,0,0,0,0,1306396
246001,0,15,0,0,0,0,1306520
246002,0,15,0,0,0,0,1306521
246003,0,15,0,0,0,0,1306522
246004,0,15,0,0,0,0,1306523
246005,0,15,0,0,0,0,1306524
246006,0,15,0,0,0,0,1306525
246007,0,15,0,0,0,0,1306526
246008,0,15,0,0,0,0,1306527
246009,0,15,0,0,0,0,1306528
246010,0,15,0,0,0,0,1306529
246011,0,15,0,0,0,0,1306530
246012,0,15,0,0,0,0,1306531
246013,0,15,0,0,0,0,1306532
246014,0,15,0,0,0,0,1306533
246015,0,15,0,0,0,0,1306534
246016,0,15,0,0,0,0,1306535
246017,0,15,0,0,0,0,1306536
246018,0,15,0,0,0,0,1306537
246019,0,15,0,0,0,0,1306538
246020,0,15,0,0,0,0,1306539
246021,0,15,0,0,0,0,1306540
246022,0,15,0,0,0,0,1306541
246023,0,15,0,0,0,0,1306542
246024,0,15,0,0,0,0,1306543
246025,0,15,0,0,0,0,1306544
246026,0,15,0,0,0,0,1306545
246027,0,15,0,0,0,0,1306546
246028,0,15,0,0,0,0,1306547
246050,0,31,0,0,0,0,1302227
246053,0,15,0,0,0,0,1306628
246066,0,15,128,0,0,0,1306693
246068,0,15,128,0,0,0,1306695
246069,0,0,524288,0,0,0,1306696
246096,0,0,1074266112,3072,0,0,1306781
246099,0,11,0,0,0,0,1306794
246109,0,15,0,0,0,0,1306811
246124,0,1,0,0,0,0,1306700
246133,0,15,0,0,0,0,1306907
246151,0,15,524288,16777216,0,0,1306983
246153,0,0,4194304,16777216,0,0,1298630
246154,0,0,524288,16777216,0,0,1263129
246162,0,15,0,0,0,0,1307050
246166,0,0,0,0,268435456,0,7083
246167,0,9,0,0,15420,0,1307067
246169,0,0,524288,16777216,0,0,1272962
246170,0,0,524288,16777216,0,0,1272973
246171,0,0,-2142765056,512,0,0,1272982
246191,0,0,15366,0,0,0,1307132
246213,0,15,128,0,0,0,1307172
246214,0,15,128,0,0,0,1307174
246215,0,15,128,0,0,0,1307175
246216,0,15,128,0,0,0,1307176
246218,0,0,4127,0,4127,0,1307178
246233,0,15,128,0,0,0,1307223
246236,0,15,128,0,0,0,1307226
246237,0,15,128,0,0,0,1307227
246239,0,15,128,0,0,0,1307229
246240,0,15,128,0,0,0,1307230
246242,0,15,128,0,0,0,1307234
246244,0,15,128,0,0,0,1307237
246245,0,15,128,0,0,0,1307239
246246,0,15,128,0,0,0,1307240
246248,0,15,128,0,0,0,1307242
246249,0,15,128,0,0,0,1307243
246250,0,15,128,0,0,0,1307244
246251,0,15,128,0,0,0,1307245
246252,0,15,128,0,0,0,1307246
246253,0,15,128,0,0,0,1307247
246254,0,15,128,0,0,0,1307248
246256,0,15,128,0,0,0,1307251
246257,0,15,128,0,0,0,1307252
246258,0,15,128,0,0,0,1307254
246259,0,15,128,0,0,0,1307255
246261,0,15,128,0,0,0,1307257
246262,0,15,128,0,0,0,1307259
246264,0,15,128,0,0,0,1307261
246267,0,15,128,0,0,0,1307264
246268,0,15,128,0,0,0,1307265
246269,0,15,128,0,0,0,1307266
246287,0,0,4718592,0,0,0,1307370
246288,0,15,128,0,0,0,1307385
246289,0,15,128,0,0,0,1307386
246290,0,15,128,0,0,0,1307387
246292,0,15,128,0,0,0,1307391
246293,0,15,128,0,0,0,1307392
246294,0,15,128,0,0,0,1307393
246296,0,15,128,0,0,0,1307395
246297,0,15,128,0,0,0,1307396
246298,0,15,128,0,0,0,1307397
246303,0,0,0,25165824,0,0,1294269
246305,0,1,524288,2048,0,0,1307411
246309,0,15,0,0,1610618890,8389632,1307426
246329,0,15,0,0,0,0,1307520
246357,0,47,0,0,0,0,1270643
246360,0,15,0,0,0,0,1282953
246429,0,7,0,0,0,0,1307882
246537,0,13,0,0,0,0,1283133
246539,0,15,0,0,0,0,1308178
246540,0,15,0,0,0,0,1308179
246541,0,15,0,0,0,0,1308180
246542,0,15,0,0,0,0,1308182
246543,0,15,0,0,0,0,1308183
246544,0,15,0,0,0,0,1308184
246545,0,15,0,0,0,0,1308185
246546,0,15,0,0,0,0,1308186
246559,0,15,0,0,0,0,1308246
246570,0,31,0,0,0,0,1308283
246577,0,15,128,0,0,0,1308302
246586,0,0,0,0,268439554,2097152,1308318
246604,0,31,0,0,0,0,1308379
246605,0,15,0,0,0,0,1308377
246625,0,15,0,0,0,0,1308461
246638,0,15,0,0,1610618890,8389632,1308527
246648,0,15,0,0,0,0,1308568
246665,0,15,0,0,31756,0,1308651
246666,0,15,0,0,0,0,1308652
246685,0,15,0,0,0,0,1308704
246686,0,15,0,0,0,0,1308705
246691,0,15,0,0,0,0,1308733
246726,0,31,0,0,0,0,1308870
246729,0,1,8,0,0,0,1308883
246730,0,1,8,0,0,0,1306267
246777,0,0,1074445319,16,0,0,1309054
246819,0,31,128,0,0,0,1309208
246830,0,31,128,0,0,0,1309268
246831,0,31,128,0,0,0,1309270
246832,0,31,128,0,0,0,1309271
246833,0,31,128,0,0,0,1309272
246835,0,0,8,0,0,0,1309283
246841,0,31,0,0,0,0,1309310
246845,0,31,128,0,0,0,1309346
246846,0,31,128,0,0,0,1309347
246847,0,31,128,0,0,0,1309348
246848,0,31,128,0,0,0,1309349
246849,0,31,128,0,0,0,1309350
246854,0,31,128,0,0,0,1309377
246855,0,31,128,0,0,0,1309379
246856,0,31,128,0,0,0,1309380
246857,0,31,128,0,0,0,1309381
246864,0,31,128,0,0,0,1309405
246865,0,9,268435456,2,8,0,1309410
246870,0,31,0,0,0,0,1309420
246871,0,31,0,0,0,0,1309423
246876,0,31,0,0,0,0,1309436
246877,0,31,0,0,0,0,1309437
246878,0,31,0,0,0,0,1309438
246879,0,31,0,0,0,0,1309439
246880,0,31,0,0,0,0,1309440
246899,0,31,0,0,0,0,1309501
246900,0,31,0,0,0,0,1309503
246901,0,31,0,0,0,0,1309504
246902,0,31,0,0,0,0,1309505
246903,0,31,0,0,0,0,1309506
246904,0,31,0,0,0,0,1309507
246914,0,31,0,0,0,0,1309545
246915,0,31,0,0,0,0,1309546
246916,0,31,0,0,0,0,1309547
246938,0,8,0,0,0,0,1309595
246947,0,31,128,0,0,0,1309618
246953,0,8,0,0,0,0,1309633
246954,0,8,0,0,0,0,1309635
246955,0,8,0,0,0,0,1309636
246983,0,15,0,0,0,0,1309718
246987,0,8,0,0,0,0,1309725
246988,0,31,0,0,0,0,1309730
246990,0,31,0,0,0,0,1309736
246997,0,31,0,0,0,0,1309752
247004,0,31,0,0,0,0,1309788
247012,0,0,0,0,15423,0,45440
247038,0,15,0,0,0,0,66842
247039,0,15,0,0,0,0,66843
247040,0,15,0,0,0,0,66844
247080,0,31,0,0,0,0,1309965
247081,0,31,0,0,0,0,1309973
247085,0,31,0,0,0,0,1309978
247094,0,0,268435456,0,0,0,1310023
247096,0,31,0,0,0,0,1310029
247097,0,31,0,0,0,0,1310030
247099,0,31,0,0,0,0,1310041
247102,0,31,0,0,268439554,2097152,1310046
247114,0,15,0,0,31788,0,1310087
247127,0,15,0,0,0,0,1310132
247128,0,31,0,0,0,0,1310133
247135,0,31,0,0,0,0,1310156
247136,0,41,0,0,0,0,1310161
247137,0,41,0,0,0,0,1310162
247138,0,41,0,0,0,0,1310163
247139,0,41,0,0,0,0,1310164
247140,0,41,0,0,0,0,1310165
247142,0,15,0,0,0,0,1310181
247145,0,7,0,0,0,0,1310196
247146,0,7,0,0,0,0,1310197
247147,0,7,0,0,0,0,1310198
247148,0,7,0,0,0,0,1310199
247149,0,7,0,0,0,0,1310200
247178,0,47,0,0,0,0,1310285
247192,0,31,0,0,0,0,1310329
247193,0,31,0,0,0,0,1310330
247194,0,31,0,0,0,0,1310331
247245,0,31,0,0,0,0,1310491
247255,0,15,0,0,0,0,1310499
247256,0,15,0,0,0,0,1310502
247257,0,8,0,0,0,0,1310503
247277,0,31,0,0,0,0,1310594
247278,0,9,268435456,0,8,0,1310595
247296,0,13,4096,0,0,0,1310655
247305,0,7,0,0,0,0,1310687
247325,0,7,0,0,0,0,1310785
247326,0,7,0,0,0,0,1310786
247375,0,1,0,0,0,0,1310893
247400,0,12,0,0,0,0,1310994
247464,0,1545,0,0,0,0,1311523
247481,0,15,0,0,0,0,1310911
247482,0,15,0,0,0,0,1311590
247483,0,15,0,0,0,0,1311595
247509,0,15,0,0,0,0,1311676
247510,0,15,0,0,0,0,1311677
247512,0,15,0,0,0,0,1311680
247519,0,0,4849664,0,0,0,1311705
247520,0,0,4849664,0,0,0,1311704
247521,0,0,4849664,0,0,0,1311703
247522,0,0,4849664,0,0,0,1311701
247573,0,41,0,0,0,0,1311947
247590,0,15,0,0,0,0,1312002
247592,0,41,0,0,0,0,1312009
247593,0,41,0,0,0,0,1312010
247610,0,15,0,0,0,0,1312052
247667,0,47,0,0,0,0,1312233
247702,0,47,0,0,0,0,1312340
247786,0,31,0,0,0,0,1312643
247791,0,31,0,0,0,0,1312650
247793,0,47,0,0,0,0,1312670
247802,0,8,0,0,0,0,1312698
247803,0,8,0,0,0,0,1312702
247808,0,1,262144,2,0,0,167152
247810,0,1,262144,2,0,0,1312719
247814,0,15,0,0,0,0,1312745
247852,0,31,0,0,0,0,1312880
248028,0,0,524288,0,0,0,1313470
248172,0,31,0,0,0,0,1314120
248182,0,15,0,0,0,0,446448
248480,0,31,0,0,0,0,1315212
248493,0,31,0,0,0,0,1315267
248503,0,47,0,0,0,0,1286043
248506,0,47,0,0,0,0,1315307
248512,0,0,0,25165824,0,0,1289378
248557,0,31,0,0,0,0,1315451
248575,0,15,2,0,31804,0,1315557
248607,0,0,0,25165824,0,0,1294273
248783,0,0,0,0,268439566,0,1316379
248797,0,8,0,0,0,0,1316474
248798,0,9,0,0,0,0,1316480
248816,0,15,0,0,0,0,1316555
248828,0,13,0,0,0,0,1316579
248833,0,47,0,0,0,0,1316591
248834,0,47,0,0,0,0,1316595
248835,0,47,0,0,0,0,1316596
248836,0,47,0,0,0,0,1316597
248837,0,47,0,0,0,0,1316598
248839,0,15,0,0,0,0,1316601
248840,0,13,0,0,0,0,1316612
248866,0,15,0,0,0,0,1316677
248868,0,13,0,0,0,0,1316680
248872,0,15,0,0,31756,0,1316697
248902,0,31,0,0,0,0,1316778
248910,0,31,0,0,0,0,1316794
248970,0,15,0,0,31756,0,1316992
248971,0,15,0,0,31756,0,1316994
248972,0,15,0,0,31756,0,1316995
248978,0,9,0,0,0,0,1317170
249001,0,1,0,0,0,0,1311984
249002,0,15,0,0,0,0,1317269
249003,0,15,0,0,0,0,1317270
249007,0,31,0,0,0,0,1317279
249009,0,0,2,0,15374,0,1302874
249128,0,15,0,0,0,0,1317516
249185,0,0,268439563,0,0,0,1317755
249203,0,0,268439566,2,0,0,1317830
249236,0,15,0,0,0,0,1317958
249237,0,15,0,0,0,0,1317959
249238,0,15,0,0,0,0,1317960
249239,0,15,0,0,0,0,1317961
249240,0,15,0,0,0,0,1317962
249241,0,15,0,0,0,0,1317963
249242,0,15,0,0,0,0,1317964
249277,0,14,0,0,1615337474,8389632,1318110
249295,0,15,0,0,0,0,1318178
249522,0,15,0,0,0,0,1319154
249523,0,15,0,0,0,0,1319155
249524,0,15,0,0,0,0,1319156
249525,0,15,0,0,0,0,1319157
249526,0,15,0,0,0,0,1319158
249527,0,15,0,0,0,0,1319159
249528,0,15,0,0,0,0,1319160
249529,0,15,0,0,0,0,1319161
249530,0,15,0,0,0,0,1319162
249531,0,15,0,0,0,0,1319163
249532,0,15,0,0,0,0,1319164
249533,0,15,0,0,0,0,1319165
249550,0,15,0,0,0,0,1319258
249551,0,0,-2147483648,0,0,0,1319260
249568,0,1,262272,0,0,0,1319311
249569,0,15,0,0,0,0,1319313
249611,0,31,0,0,0,0,1319453
249623,0,0,0,8390912,0,0,1319539
249647,0,15,0,0,268435456,0,1319611
249652,0,15,0,0,0,0,1319632
249664,0,0,0,25165824,0,0,1289133
249665,0,0,268435456,0,0,0,1319666
249666,0,47,0,0,0,0,1272594
249667,0,47,0,0,0,0,1272767
249723,0,31,0,0,0,0,1310681
249755,0,9,0,0,0,0,1320095
249778,0,15,0,0,0,0,1320183
249830,0,47,0,0,0,0,27662
