ID,TraitTreeLoadoutID,SelectedTraitNodeID,SelectedTraitNodeEntryID,NumPoints,OrderIndex
561,11,68611,0,1,59
562,11,68580,0,1,58
563,11,68582,0,2,57
564,11,68582,0,1,56
565,11,68581,0,1,55
566,11,68602,0,1,54
567,11,68601,0,2,53
568,11,68601,0,1,52
569,11,68599,0,1,51
570,11,68600,87619,1,50
571,11,68589,0,1,49
572,11,68596,0,2,48
573,11,68596,0,1,47
574,11,68595,0,1,46
575,11,68597,0,2,45
576,11,68597,0,1,44
577,11,68613,0,1,43
578,11,68578,0,2,42
579,11,68578,0,1,41
580,11,68576,87593,1,40
581,11,68577,0,1,39
582,11,68604,0,1,38
583,11,68594,0,1,37
584,11,68610,0,1,36
585,11,68605,0,1,35
586,11,68593,0,1,34
587,11,68609,0,1,33
588,11,68606,0,1,32
589,11,68608,0,1,31
590,11,68607,0,1,30
591,11,68678,0,1,29
592,11,68684,0,1,28
593,11,68679,0,1,27
594,11,68652,0,1,26
595,11,68650,0,1,25
596,11,68659,0,1,24
597,11,68658,0,1,23
598,11,68680,0,1,22
599,11,68649,0,1,21
600,11,68662,0,1,20
601,11,68661,0,1,19
602,11,68667,0,2,18
603,11,68667,0,1,17
604,11,68685,0,2,16
605,11,68685,0,1,15
606,11,68665,0,1,14
607,11,68683,0,2,13
608,11,68683,0,1,12
609,11,68572,0,1,11
610,11,68672,0,2,10
611,11,68672,0,1,9
612,11,68686,0,1,8
613,11,68687,0,1,7
614,11,68673,0,1,6
615,11,68676,0,1,5
616,11,68681,0,1,4
617,11,68675,0,1,3
618,11,68677,0,2,2
619,11,68677,0,1,1
621,12,68631,0,2,60
622,12,68631,0,1,59
623,12,68615,87636,1,58
624,12,68633,0,2,57
625,12,68633,0,1,56
626,12,68632,0,1,55
627,12,68628,0,1,54
628,12,68647,0,2,53
629,12,68647,0,1,52
630,12,68648,87674,1,51
631,12,68636,0,1,50
632,12,68639,0,2,49
633,12,68639,0,1,48
634,12,68625,0,1,47
635,12,68638,0,1,46
636,12,68637,0,2,45
637,12,68637,0,1,44
638,12,68626,0,2,43
639,12,68626,0,1,42
640,12,68640,0,1,41
641,12,68641,0,1,40
642,12,68642,87667,1,39
643,12,68624,0,2,38
644,12,68624,0,1,37
645,12,68574,0,1,36
646,12,68623,0,1,35
647,12,68646,0,1,34
648,12,68643,0,1,33
649,12,68645,0,1,32
650,12,68644,0,1,31
651,12,68573,0,1,30
652,12,68685,0,2,29
653,12,68685,0,1,28
654,12,68688,0,1,27
655,12,68650,0,1,26
656,12,68659,0,1,25
657,12,68658,0,1,24
658,12,68657,0,1,23
659,12,68649,0,1,22
660,12,68662,0,1,21
661,12,68661,0,1,20
662,12,68674,0,1,19
663,12,68689,0,1,18
664,12,68679,0,2,17
665,12,68679,0,1,16
666,12,68684,0,1,15
667,12,68683,0,2,14
668,12,68683,0,1,13
669,12,68667,0,2,12
670,12,68667,0,1,11
671,12,68666,0,2,10
672,12,68666,0,1,9
673,12,68686,0,1,8
674,12,68570,87586,1,7
675,12,68678,0,1,6
676,12,68677,0,2,5
677,12,68677,0,1,4
678,12,68676,0,1,3
679,12,68675,0,1,2
680,12,68665,0,1,1
681,12,68682,0,1,0
682,11,68688,0,1,0
2559,51,79973,0,1,2
2563,53,79973,0,1,2
2566,54,79973,0,1,2
4614,102,80602,0,2,59
4615,102,80602,0,1,58
4616,102,80718,101537,1,57
4617,102,80721,0,1,56
4618,102,80722,0,1,55
4619,102,80723,0,2,54
4620,102,80723,0,1,53
4621,102,80719,0,1,52
4622,102,80634,0,2,51
4623,102,80634,0,1,50
4624,102,80645,0,1,49
4625,102,80633,0,1,48
4626,102,80644,0,1,47
4627,102,80652,101468,1,46
4628,102,80724,0,1,45
4629,102,80635,101448,1,44
4630,102,80725,101545,1,43
4631,102,80636,101449,1,42
4632,102,80655,0,1,41
4633,102,80650,0,1,40
4634,102,80726,0,1,39
4635,102,80649,0,1,38
4636,102,80647,0,1,37
4637,102,80727,101549,1,36
4638,102,80638,0,2,35
4639,102,80638,0,1,34
4640,102,80639,0,1,33
4641,102,80641,0,1,32
4643,102,80637,0,1,30
4644,102,80702,0,2,29
4645,102,80702,0,1,28
4646,102,80683,0,2,27
4647,102,80683,0,1,26
4648,102,80716,0,1,25
4649,102,80717,0,2,24
4650,102,80717,0,1,23
4651,102,80703,0,2,22
4652,102,80703,0,1,21
4653,102,80700,0,1,20
4654,102,80697,0,1,19
4655,102,80696,0,1,18
4656,102,80684,0,1,17
4657,102,80704,0,1,16
4658,102,80698,0,1,15
4659,102,80694,0,1,14
4660,102,80682,0,1,13
4661,102,80681,101498,1,12
4662,102,80685,101503,1,11
4663,102,80680,0,1,10
4664,102,80686,0,1,9
4665,102,80692,0,1,8
4666,102,80706,0,2,7
4667,102,80706,0,1,6
4668,102,81633,0,1,5
4669,102,80687,0,1,4
4670,102,80688,0,1,3
4671,102,80693,0,1,2
4672,102,80690,0,1,1
6563,134,68615,87636,1,60
6564,134,68633,0,2,59
6565,134,68633,0,1,58
6566,134,68631,0,2,57
6567,134,68631,0,1,56
6568,134,68628,0,1,55
6569,134,68632,0,1,54
6570,134,68637,0,2,53
6571,134,68637,0,1,52
6572,134,68638,0,1,51
6573,134,68626,0,2,50
6574,134,68626,0,1,49
6575,134,68639,0,2,48
6576,134,68639,0,1,47
6577,134,68640,0,1,46
6578,134,68641,0,1,45
6579,134,68642,87667,1,44
6580,134,68625,0,1,43
6581,134,68624,0,2,42
6582,134,68624,0,1,41
6583,134,68622,0,2,40
6584,134,68622,0,1,39
6585,134,68647,0,2,38
6586,134,68647,0,1,37
6587,134,68574,0,1,36
6588,134,68646,0,1,35
6589,134,68623,0,1,34
6590,134,68643,0,1,33
6591,134,68645,0,1,32
6593,134,68674,0,1,30
6594,134,68650,0,1,29
6595,134,68649,0,1,28
6596,134,68662,0,1,27
6597,134,68661,0,1,26
6598,134,68659,0,1,25
6599,134,68658,0,1,24
6600,134,68653,0,1,23
6601,134,68680,0,1,22
6602,134,68679,0,2,21
6603,134,68569,0,1,20
6604,134,68679,0,1,19
6605,134,68670,0,2,18
6606,134,68670,0,1,17
6607,134,68678,0,1,16
6608,134,68686,0,1,15
6609,134,68684,0,1,14
6610,134,68667,0,2,13
6611,134,68667,0,1,12
6612,134,68666,0,2,11
6613,134,68666,0,1,10
6614,134,68665,0,1,9
6615,134,68683,0,2,8
6616,134,68683,0,1,7
6617,134,68677,0,2,6
6618,134,68677,0,1,5
6619,134,68688,0,1,4
6620,134,68676,0,1,3
6621,134,68682,0,1,2
6622,134,68675,0,1,1
6624,135,68665,0,1,60
6625,135,68652,0,1,59
6626,135,68680,0,1,58
6627,135,68650,0,1,57
6628,135,68659,0,1,56
6629,135,68655,0,1,55
6630,135,68656,0,1,54
6631,135,68658,0,1,53
6632,135,68674,0,1,52
6633,135,68657,0,1,51
6634,135,68679,0,2,50
6635,135,68679,0,1,49
6636,135,68573,0,1,48
6637,135,68685,0,2,47
6638,135,68685,0,1,46
6639,135,68684,0,1,45
6640,135,68572,0,1,44
6641,135,68672,0,2,43
6642,135,68672,0,1,42
6643,135,68686,0,1,41
6644,135,68683,0,2,40
6645,135,68683,0,1,39
6646,135,68682,0,1,38
6647,135,68676,0,1,37
6648,135,68681,0,1,36
6649,135,68675,0,1,35
6650,135,68677,0,2,34
6651,135,68677,0,1,33
6652,135,68687,0,1,32
6653,135,68673,0,1,31
6654,135,68688,0,1,30
6655,135,68577,0,1,29
6656,135,68602,0,1,28
6657,135,68601,0,2,27
6658,135,68601,0,1,26
6659,135,68579,0,1,25
6660,135,68580,0,1,24
6661,135,68582,0,2,23
6662,135,68582,0,1,22
6663,135,68581,0,1,21
6664,135,68599,0,1,20
6665,135,68589,0,1,19
6666,135,68596,0,2,18
6667,135,68596,0,1,17
6668,135,68595,0,1,16
6669,135,68597,0,2,15
6670,135,68597,0,1,14
6671,135,68613,0,1,13
6672,135,68612,0,1,12
6673,135,68611,0,2,11
6674,135,68611,0,1,10
6675,135,68603,87624,1,9
6676,135,68604,0,1,8
6677,135,68594,0,1,7
6678,135,68610,0,1,6
6679,135,68593,0,1,5
6680,135,68605,0,1,4
6681,135,68609,0,1,3
6682,135,68608,0,1,2
6683,135,68606,0,1,1
10956,210,80719,0,1,61
10957,210,80634,0,2,60
10958,210,80634,0,1,59
10959,210,80721,0,1,58
10960,210,80722,0,1,57
10961,210,80602,0,2,56
10962,210,80602,0,1,55
10963,210,80728,101551,1,54
10964,210,80729,0,1,53
10965,210,80651,101466,1,52
10966,210,80636,101449,1,51
10967,210,80631,0,1,50
10968,210,80633,0,1,49
10969,210,80635,101448,1,48
10970,210,80652,101467,1,47
10971,210,80655,0,1,46
10972,210,80724,0,1,45
10973,210,80632,101444,1,44
10974,210,80725,101545,1,43
10975,210,80726,0,1,42
10976,210,80650,0,1,41
10977,210,80649,0,1,40
10978,210,80727,101549,1,39
10979,210,92611,0,1,38
10980,210,80647,0,1,37
10981,210,80644,0,1,36
10982,210,80638,0,1,35
10983,210,80641,0,1,34
10984,210,80639,0,1,33
10985,210,80637,0,1,32
10986,210,80696,0,1,31
10987,210,80695,0,1,30
10988,210,80683,0,2,29
10989,210,80683,0,1,28
10990,210,80702,0,2,27
10991,210,80702,0,1,26
10992,210,80716,0,1,25
10993,210,80717,0,2,24
10994,210,80717,0,1,23
10995,210,80703,0,2,22
10996,210,80703,0,1,21
10997,210,81633,0,1,20
10998,210,80697,0,1,19
10999,210,80682,0,1,18
11000,210,80704,0,1,17
11001,210,80698,0,1,16
11002,210,80681,101498,1,15
11003,210,80685,101503,1,14
11004,210,80705,0,2,13
11005,210,80705,0,1,12
11006,210,80694,0,1,11
11007,210,80686,0,1,10
11008,210,80680,0,1,9
11009,210,80687,0,1,8
11010,210,80692,0,2,7
11011,210,80692,0,1,6
11012,210,80706,0,2,5
11013,210,80706,0,1,4
11014,210,80688,0,1,3
11015,210,80693,0,1,2
11016,210,80690,0,1,1
16619,135,68607,0,1,0
16620,134,68689,0,1,0
16621,134,68644,0,1,31
16805,306,68615,0,1,61
16806,306,68630,0,1,60
16807,306,68631,0,1,59
16808,306,68629,0,1,58
16809,306,68575,0,1,57
16810,306,68628,0,1,56
16811,306,93364,0,1,55
16812,306,68639,0,2,54
16813,306,68639,0,1,53
16814,306,68633,0,1,52
16815,306,68624,0,1,51
16816,306,68647,0,2,50
16817,306,68647,0,1,49
16818,306,68626,0,2,48
16819,306,68626,0,1,47
16820,306,68617,87640,1,46
16821,306,68625,0,1,45
16822,306,68638,0,1,44
16823,306,68637,0,2,43
16824,306,68637,0,1,42
16825,306,68640,0,1,41
16826,306,68641,0,1,40
16827,306,68642,87667,1,39
16828,306,68646,0,1,38
16829,306,68645,0,1,37
16830,306,68622,0,2,36
16831,306,68622,0,1,35
16832,306,68623,0,1,34
16833,306,68643,0,1,33
16834,306,68644,0,1,32
16835,306,68678,0,1,31
16836,306,68570,87586,1,30
16837,306,68677,0,2,29
16838,306,68653,0,1,28
16839,306,68650,0,1,27
16840,306,68659,0,1,26
16841,306,68658,0,1,25
16842,306,68680,0,1,24
16843,306,68649,0,1,23
16844,306,68662,0,1,22
16845,306,68661,0,1,21
16846,306,68671,0,1,20
16847,306,68569,0,1,19
16848,306,68684,0,1,18
16849,306,68683,0,2,17
16850,306,68683,0,1,16
16851,306,68667,0,2,15
16852,306,68667,0,1,14
16853,306,68666,0,2,13
16854,306,68666,0,1,12
16855,306,68679,0,2,11
16856,306,68679,0,1,10
16857,306,68686,0,1,9
16858,306,68677,0,1,8
16859,306,68688,0,1,7
16860,306,68689,0,1,6
16861,306,68674,0,1,5
16862,306,68676,0,1,4
16863,306,68675,0,1,3
16864,306,68665,0,1,2
16865,306,68682,0,1,1
17171,314,93542,0,1,61
17172,314,93561,0,1,60
17173,314,93539,115900,1,59
17174,314,93540,0,2,58
17175,314,93540,0,1,57
17176,314,93541,0,1,56
17177,314,93530,115890,1,55
17178,314,93529,0,2,54
17179,314,93529,0,1,53
17180,314,93562,0,1,52
17181,314,93563,0,2,51
17182,314,93563,0,1,50
17183,314,93557,0,1,49
17184,314,93537,0,2,48
17185,314,93537,0,1,47
17186,314,93536,0,1,46
17187,314,93555,0,2,45
17188,314,93555,0,1,44
17189,314,93565,0,2,43
17190,314,93565,0,1,42
17191,314,93559,0,1,41
17192,314,93548,0,1,40
17193,314,93549,0,1,39
17194,314,93556,0,1,38
17195,314,93550,0,1,37
17196,314,93554,0,1,36
17197,314,93551,115912,1,35
17198,314,93567,0,1,34
17199,314,93552,0,1,33
17200,314,93568,0,1,32
17201,314,93650,116026,1,31
17202,314,93641,0,1,30
17203,314,93645,116021,1,29
17204,314,93646,0,2,28
17205,314,93646,0,1,27
17206,314,93642,0,2,26
17207,314,93642,0,1,25
17208,314,93649,0,1,24
17209,314,93643,0,1,23
17210,314,93651,0,1,22
17211,314,93652,0,2,21
17212,314,93652,0,1,20
17213,314,93637,0,1,19
17214,314,93634,0,2,18
17215,314,93634,0,1,17
17216,314,93636,0,2,16
17217,314,93636,0,1,15
17218,314,93635,116008,1,14
17219,314,93625,0,1,13
17220,314,93633,116005,1,12
17221,314,93626,0,1,11
17222,314,93632,0,1,10
17223,314,93653,0,1,9
17224,314,93630,0,1,8
17225,314,93622,0,1,7
17226,314,93654,0,1,6
17227,314,93627,115998,1,5
17228,314,93624,0,2,4
17229,314,93624,0,1,3
17230,314,93655,0,2,2
17231,314,93655,0,1,1
17232,312,93598,0,1,61
17233,312,93599,0,2,60
17234,312,93599,0,1,59
17235,312,93600,0,1,58
17236,312,93596,115964,1,57
17237,312,93593,0,2,56
17238,312,93593,0,1,55
17239,312,93594,0,1,54
17240,312,93592,0,2,53
17241,312,93592,0,1,52
17242,312,93601,0,2,51
17243,312,93601,0,1,50
17244,312,93602,0,2,49
17245,312,93602,0,1,48
17246,312,93572,0,1,47
17247,312,93570,0,2,46
17248,312,93570,0,1,45
17249,312,93569,115933,1,44
17250,312,93576,0,2,43
17251,312,93576,0,1,42
17252,312,93584,115949,1,41
17253,312,93581,0,1,40
17254,312,93571,115936,1,39
17255,312,93577,0,1,38
17256,312,93580,0,1,37
17257,312,93605,115974,1,36
17258,312,93606,115976,1,35
17259,312,93578,0,1,34
17260,312,93579,0,1,33
17261,312,93607,0,1,32
17262,312,93609,0,1,31
17263,312,93650,116026,1,30
17264,312,93649,0,1,29
17265,312,93641,0,1,28
17266,312,93645,116021,1,27
17267,312,93646,0,2,26
17268,312,93646,0,1,25
17269,312,93642,0,2,24
17270,312,93642,0,1,23
17271,312,93643,0,1,22
17272,312,93651,0,1,21
17273,312,93652,0,2,20
17274,312,93652,0,1,19
17275,312,93637,0,1,18
17276,312,93625,0,1,17
17277,312,93634,0,2,16
17278,312,93634,0,1,15
17279,312,93636,0,2,14
17280,312,93636,0,1,13
17281,312,93635,116008,1,12
17282,312,93633,116005,1,11
17283,312,93626,0,1,10
17284,312,93632,0,1,9
17285,312,93653,0,1,8
17286,312,93630,0,1,7
17287,312,93654,0,1,6
17288,312,93627,115998,1,5
17289,312,93624,0,2,4
17290,312,93624,0,1,3
17291,312,93655,0,2,2
17292,312,93655,0,1,1
17293,313,93650,116026,1,61
17294,313,93638,116013,1,60
17295,313,93641,0,1,59
17296,313,93649,0,1,58
17297,313,93645,116021,1,57
17298,313,93642,0,2,56
17299,313,93642,0,1,55
17300,313,93646,0,2,54
17301,313,93646,0,1,53
17302,313,93643,0,1,52
17303,313,93636,0,2,51
17304,313,93636,0,1,50
17305,313,93634,0,2,49
17306,313,93634,0,1,48
17307,313,93651,0,1,47
17308,313,93652,0,2,46
17309,313,93652,0,1,45
17310,313,93637,0,1,44
17311,313,93635,116008,1,43
17312,313,93625,0,1,42
17313,313,93633,116005,1,41
17314,313,93653,0,1,40
17315,313,93630,0,1,39
17316,313,93626,0,1,38
17317,313,93632,0,1,37
17318,313,93654,0,1,36
17319,313,93627,115998,1,35
17320,313,93655,0,2,34
17321,313,93655,0,1,33
17322,313,93624,0,2,32
17323,313,93624,0,1,31
17324,313,93675,0,1,30
17325,313,93676,0,2,29
17326,313,93676,0,1,28
17327,313,93667,116045,1,27
17328,313,93668,0,2,26
17329,313,93668,0,1,25
17330,313,93670,0,1,24
17331,313,93679,0,1,23
17332,313,93671,0,1,22
17333,313,93669,0,1,21
17334,313,93660,0,2,20
17335,313,93660,0,1,19
17336,313,93672,0,2,18
17337,313,93672,0,1,17
17338,313,93612,0,2,16
17339,313,93612,0,1,15
17340,313,93673,0,2,14
17341,313,93673,0,1,13
17342,313,93615,115986,1,12
17343,313,93674,0,1,11
17344,313,93663,116041,1,10
17345,313,93614,0,2,9
17346,313,93614,0,1,8
17347,313,93664,0,2,7
17348,313,93664,0,1,6
17349,313,93613,0,1,5
17350,313,93665,0,1,4
17351,313,93619,0,1,3
17352,313,93666,0,1,2
17353,313,93620,0,1,1
17354,317,93656,0,1,64
17355,317,93670,0,1,63
17356,317,93677,116056,1,62
17357,317,93667,116045,1,61
17358,317,93668,0,2,60
17359,317,93668,0,1,59
17360,317,93678,0,2,58
17361,317,93678,0,1,57
17362,317,93669,0,1,56
17363,317,93679,0,1,55
17364,317,93661,0,2,54
17365,317,93661,0,1,53
17366,317,93617,0,2,52
17367,317,93617,0,1,51
17368,317,93611,0,2,50
17369,317,93611,0,1,49
17370,317,93672,0,2,48
17371,317,93672,0,1,47
17372,317,93673,0,2,46
17373,317,93673,0,1,45
17374,317,93674,0,1,44
17375,317,93664,0,2,43
17376,317,93664,0,1,42
17377,317,93663,116041,1,41
17378,317,93618,0,1,40
17379,317,93665,0,1,39
17380,317,93614,0,2,38
17381,317,93614,0,1,37
17382,317,93613,0,1,36
17383,317,93619,0,1,35
17384,317,93666,0,1,34
17385,317,93620,0,1,33
17386,317,93647,0,1,32
17387,317,93639,0,1,31
17388,317,93644,0,2,30
17389,317,93644,0,1,29
17390,317,93645,116021,1,28
17391,317,93646,0,2,27
17392,317,93646,0,1,26
17393,317,93642,0,2,25
17394,317,93642,0,1,24
17395,317,93649,0,1,23
17396,317,93643,0,1,22
17397,317,93630,0,1,21
17398,317,93627,115998,1,20
17399,317,93652,0,2,19
17400,317,93652,0,1,18
17401,317,93629,0,2,17
17402,317,93629,0,1,16
17403,317,93637,0,1,15
17404,317,93635,116008,1,14
17405,317,93625,0,1,13
17406,317,93653,0,1,10
17407,317,93632,0,1,9
17408,317,93626,0,1,8
17409,317,93623,0,1,7
17410,317,93654,0,1,6
17411,317,93622,0,1,5
17412,317,93624,0,2,4
17413,317,93624,0,1,3
17414,317,93655,0,2,2
17415,317,93655,0,1,1
17416,315,93530,0,1,62
17417,315,93529,0,2,61
17418,315,93529,0,1,60
17419,315,93559,0,1,59
17420,315,93548,0,1,58
17421,315,93562,0,1,57
17422,315,93539,115899,1,56
17423,315,93540,0,2,55
17424,315,93540,0,1,54
17425,315,93541,0,1,53
17426,315,93563,0,2,52
17427,315,93563,0,1,51
17428,315,93557,0,1,50
17429,315,93537,0,2,49
17430,315,93537,0,1,48
17431,315,93536,0,1,47
17432,315,93565,0,2,46
17433,315,93565,0,1,45
17434,315,93554,0,1,44
17435,315,93553,115916,1,43
17436,315,93555,0,2,42
17437,315,93555,0,1,41
17438,315,93556,0,1,40
17439,315,93549,0,1,39
17440,315,93550,0,1,38
17441,315,93533,0,1,37
17442,315,93532,0,1,36
17443,315,93552,0,1,35
17444,315,93567,0,1,34
17445,315,93568,0,1,33
17446,315,93641,0,1,32
17447,315,93644,0,2,31
17448,315,93644,0,1,30
17449,315,93645,116021,1,29
17450,315,93642,0,2,28
17451,315,93642,0,1,27
17452,315,93646,0,2,26
17453,315,93646,0,1,25
17454,315,93649,0,1,24
17455,315,93643,0,1,23
17456,315,93639,0,1,22
17457,315,93637,0,1,21
17458,315,93630,0,1,18
17459,315,93627,115998,1,17
17460,315,93652,0,2,16
17461,315,93652,0,1,15
17462,315,93629,0,2,14
17463,315,93629,0,1,13
17464,315,93635,116008,1,12
17465,315,93625,0,1,11
17466,315,93653,0,1,10
17467,315,93626,0,1,9
17468,315,93632,0,1,8
17469,315,93654,0,1,7
17470,315,93623,0,1,6
17471,315,93622,0,1,5
17472,315,93624,0,2,4
17473,315,93624,0,1,3
17474,315,93655,0,2,2
17475,315,93655,0,1,1
17476,316,93572,0,1,62
17477,316,93596,115964,1,61
17478,316,93593,0,2,60
17479,316,93593,0,1,59
17480,316,93598,0,1,58
17481,316,93599,0,2,57
17482,316,93599,0,1,56
17483,316,93594,0,1,55
17484,316,93600,0,1,54
17485,316,93592,0,2,53
17486,316,93592,0,1,52
17487,316,93601,0,2,51
17488,316,93601,0,1,50
17489,316,93602,0,2,49
17490,316,93602,0,1,48
17491,316,93570,0,2,47
17492,316,93570,0,1,46
17493,316,93571,115936,1,45
17494,316,93576,0,2,44
17495,316,93576,0,1,43
17496,316,93569,115933,1,42
17497,316,93577,0,1,41
17498,316,93578,0,1,40
17499,316,93584,115949,1,39
17500,316,93581,0,1,38
17501,316,93580,0,1,37
17502,316,93579,0,1,36
17503,316,93605,115974,1,35
17504,316,93606,115976,1,34
17505,316,93607,0,1,33
17506,316,93609,0,1,32
17507,316,93639,0,1,31
17508,316,93645,116021,1,30
17509,316,93646,0,2,29
17510,316,93646,0,1,28
17511,316,93642,0,2,27
17512,316,93642,0,1,26
17513,316,93644,0,2,25
17514,316,93644,0,1,24
17515,316,93649,0,1,23
17516,316,93643,0,1,22
17517,316,93652,0,2,21
17518,316,93652,0,1,20
17519,316,93629,0,2,19
17520,316,93629,0,1,18
17521,316,93635,116008,1,17
17522,316,93637,0,1,16
17523,316,93625,0,1,13
17524,316,93626,0,1,12
17525,316,93632,0,1,11
17526,316,93630,0,1,10
17527,316,93627,115998,1,9
17528,316,93653,0,1,8
17529,316,93654,0,1,7
17530,316,93623,0,1,6
17531,316,93622,0,1,5
17532,316,93624,0,2,4
17533,316,93624,0,1,3
17534,316,93655,0,2,2
17535,316,93655,0,1,1
20261,376,94233,0,1,61
20262,376,94243,0,1,60
20263,376,94244,0,1,59
20264,376,94232,0,1,58
20265,376,94231,0,1,57
20266,376,94234,0,1,56
20267,376,94400,0,2,55
20268,376,94400,0,1,54
20269,376,94245,0,1,53
20270,376,94396,0,1,52
20271,376,94252,116768,1,51
20272,376,94246,116759,1,50
20273,376,94401,0,1,49
20274,376,94395,116942,1,48
20275,376,94235,116748,1,47
20276,376,94393,116939,1,46
20277,376,94254,0,1,45
20278,376,94253,0,1,44
20279,376,94249,0,1,43
20280,376,94240,0,1,42
20281,376,94248,0,1,41
20282,376,94237,0,1,40
20283,376,94239,0,1,39
20284,376,94255,0,1,38
20285,376,94257,0,1,37
20286,376,94258,0,1,36
20287,376,94236,0,1,35
20288,376,94238,0,1,34
20289,376,94259,0,1,33
20290,376,94260,0,1,32
20291,376,94424,0,1,31
20292,376,94261,0,1,30
20293,376,94377,116920,1,29
20294,376,94385,0,1,28
20295,376,94379,0,2,27
20296,376,94379,0,1,26
20297,376,94409,0,1,25
20298,376,94339,0,1,24
20299,376,94410,0,1,23
20300,376,94402,0,1,22
20301,376,94428,0,1,21
20302,376,94404,0,1,20
20303,376,94430,0,1,19
20304,376,94361,0,1,18
20305,376,94388,116933,1,17
20306,376,94415,0,1,16
20307,376,94380,0,1,15
20308,376,94381,0,1,14
20309,376,94421,0,1,13
20310,376,94372,0,2,12
20311,376,94372,0,1,11
20312,376,94369,116911,1,10
20313,376,94367,0,1,9
20314,376,94406,0,1,8
20315,376,94363,0,1,7
20316,376,94408,0,1,6
20317,376,94432,0,1,5
20318,376,94389,0,1,4
20319,376,94376,0,1,3
20320,376,94390,0,1,2
20321,367,94419,0,2,61
20322,367,94419,0,1,60
20323,367,94416,0,1,59
20324,367,94409,0,1,58
20325,367,94339,0,1,57
20326,367,94410,0,1,56
20327,367,94411,0,1,55
20328,367,94384,116929,1,54
20329,367,94383,0,1,53
20330,367,94382,0,2,52
20331,367,94382,0,1,51
20332,367,94413,0,2,50
20333,367,94413,0,1,49
20334,367,94420,0,1,48
20335,367,94381,0,1,47
20336,367,94421,0,1,46
20337,367,94415,0,1,45
20338,367,94428,0,1,44
20339,367,94412,0,1,43
20340,367,94430,0,1,42
20341,367,94388,0,1,41
20342,367,94374,0,1,40
20343,367,94390,0,1,39
20344,367,94389,0,1,38
20345,367,94371,0,1,37
20346,367,94433,0,1,36
20347,367,94406,0,1,35
20348,367,94432,0,1,34
20349,367,94408,0,1,33
20350,367,94391,0,1,32
20351,367,94440,116991,1,30
20352,367,94441,0,1,29
20353,367,94442,0,2,28
20354,367,94442,0,1,27
20355,367,94434,116985,1,26
20356,367,94435,0,1,25
20357,367,94342,0,1,24
20358,367,94344,116884,1,23
20359,367,94347,0,2,22
20360,367,94347,0,1,21
20361,367,94335,0,1,20
20362,367,94348,0,1,19
20363,367,94336,0,1,18
20364,367,94330,0,1,17
20365,367,94349,0,1,16
20366,367,94332,0,1,15
20367,367,94333,0,1,14
20368,367,94443,0,1,13
20369,367,94444,0,1,12
20370,367,94334,0,1,11
20371,367,94445,0,1,10
20372,367,94337,0,1,9
20373,367,94340,0,1,8
20374,367,94338,0,1,7
20375,367,94446,0,1,6
20376,367,94447,0,1,5
20377,367,94357,0,1,4
20378,367,94341,0,1,3
20379,367,94358,0,1,2
20380,367,94359,0,1,1
20381,363,94460,0,2,61
20382,363,94265,116784,1,60
20383,363,94453,0,1,59
20384,363,94454,0,1,58
20385,363,94464,0,1,57
20386,363,94463,0,2,55
20387,363,94463,0,1,54
20388,363,94456,0,1,53
20389,363,94457,0,1,52
20390,363,94460,0,1,51
20391,363,94458,0,1,50
20392,363,94315,0,1,49
20393,363,94311,116845,1,48
20394,363,94316,0,1,47
20395,363,94310,0,1,46
20396,363,94313,116848,1,45
20397,363,94312,116847,1,44
20398,363,94314,116851,1,43
20399,363,94459,0,1,42
20400,363,94319,0,1,41
20401,363,94321,0,1,40
20402,363,94306,0,1,39
20403,363,94307,0,1,38
20404,363,94308,0,1,37
20405,363,94323,0,1,36
20406,363,94317,0,1,35
20407,363,94305,116838,1,34
20408,363,94324,0,1,33
20409,363,94325,0,1,32
20410,363,94428,0,1,31
20411,363,94326,0,1,30
20412,363,94414,0,1,29
20413,363,94417,0,1,28
20414,363,94418,0,1,27
20415,363,94419,0,2,26
20416,363,94419,0,1,25
20417,363,94327,116866,1,24
20418,363,94385,0,1,23
20419,363,94386,0,2,22
20420,363,94386,0,1,21
20421,363,94371,0,1,20
20422,363,94429,0,1,19
20423,363,94381,0,1,18
20424,363,94362,0,2,17
20425,363,94362,0,1,16
20426,363,94361,0,1,15
20427,363,94415,0,1,14
20428,363,94406,0,1,13
20429,363,94430,0,1,12
20430,363,94369,116911,1,11
20431,363,94388,0,1,10
20432,363,94389,0,1,9
20433,363,94370,0,1,8
20434,363,94432,0,1,7
20435,363,94407,116955,1,6
20436,363,94422,0,1,5
20437,363,94390,0,1,4
20438,363,94366,0,1,3
20439,363,94408,0,1,2
20440,363,94391,0,1,1
20441,378,94396,0,1,61
20442,378,94242,0,1,60
20443,378,94243,0,1,59
20444,378,94234,0,1,58
20445,378,94231,0,1,57
20446,378,94232,0,1,56
20447,378,94400,0,2,55
20448,378,94400,0,1,54
20449,378,94244,0,1,53
20450,378,94245,0,1,52
20451,378,94395,116942,1,51
20452,378,94252,116768,1,50
20453,378,94251,116767,1,49
20454,378,94401,0,1,48
20455,378,94235,116748,1,47
20456,378,94253,0,1,46
20457,378,94393,116939,1,45
20458,378,94254,0,1,44
20459,378,94249,0,1,43
20460,378,94246,116760,1,42
20461,378,94240,0,1,41
20462,378,94248,0,1,40
20463,378,94236,0,1,39
20464,378,94255,0,1,38
20465,378,94257,0,1,37
20466,378,94258,0,1,36
20467,378,94239,0,1,35
20468,378,94238,0,1,34
20469,378,94259,0,1,33
20470,378,94260,0,1,32
20471,378,94406,0,1,31
20472,378,94409,0,1,30
20473,378,94339,0,1,29
20474,378,94410,0,1,28
20475,378,94402,0,1,27
20476,378,94428,0,1,26
20477,378,94261,0,1,25
20478,378,94377,116920,1,24
20479,378,94385,0,1,23
20480,378,94379,0,2,22
20481,378,94379,0,1,21
20482,378,94421,0,1,20
20483,378,94381,0,1,19
20484,378,94372,0,2,18
20485,378,94372,0,1,17
20486,378,94380,0,1,16
20487,378,94361,0,1,15
20488,378,94415,0,1,14
20489,378,94388,0,1,13
20490,378,94369,116911,1,12
20491,378,94430,0,1,11
20492,378,94432,0,1,10
20493,378,94389,0,1,9
20494,378,94263,0,1,8
20495,378,94367,0,1,7
20496,378,94371,0,1,6
20497,378,94376,0,1,5
20498,378,94390,0,1,4
20499,378,94391,0,1,3
20500,378,94408,0,1,1
20501,379,94343,0,1,61
20502,379,94440,116991,1,60
20503,379,94441,0,1,59
20504,379,94442,0,2,58
20505,379,94442,0,1,57
20506,379,94434,116985,1,56
20507,379,94435,0,1,55
20508,379,94344,116884,1,54
20509,379,94347,0,2,53
20510,379,94347,0,1,52
20511,379,94443,0,1,51
20512,379,94333,0,1,50
20513,379,94332,0,1,49
20514,379,94444,0,1,48
20515,379,94334,0,1,47
20516,379,94331,0,1,46
20517,379,94348,0,1,45
20518,379,94330,0,1,44
20519,379,94336,0,1,43
20520,379,94349,0,1,42
20521,379,94337,0,1,41
20522,379,94445,0,1,40
20523,379,94335,0,1,39
20524,379,94446,0,1,38
20525,379,94338,0,1,37
20526,379,94357,0,1,36
20527,379,94447,0,1,35
20528,379,94341,0,1,34
20529,379,94358,0,1,33
20530,379,94359,0,1,32
20531,379,94430,0,1,31
20532,379,94425,0,1,30
20533,379,94328,0,1,29
20534,379,94426,0,1,28
20535,379,94427,0,2,27
20536,379,94427,0,1,26
20537,379,94416,0,1,25
20538,379,94384,116928,1,24
20539,379,94385,0,1,23
20540,379,94382,0,2,22
20541,379,94382,0,1,21
20542,379,94428,0,1,20
20543,379,94360,116901,1,19
20544,379,94404,0,1,18
20545,379,94413,0,2,17
20546,379,94413,0,1,16
20547,379,94415,0,1,15
20548,379,94361,0,1,14
20549,379,94388,116933,1,13
20550,379,94420,0,1,12
20551,379,94381,0,1,11
20552,379,94421,0,1,10
20553,379,94406,0,1,9
20554,379,94432,0,1,8
20555,379,94371,0,1,7
20556,379,94389,0,1,6
20557,379,94374,0,1,5
20558,379,94390,0,1,4
20559,379,94424,0,1,3
20560,379,94391,0,1,2
20561,379,94433,0,1,1
20562,364,94351,0,1,61
20563,364,94440,116991,1,60
20564,364,94441,0,1,59
20565,364,94442,0,2,58
20566,364,94442,0,1,57
20567,364,94344,116884,1,56
20568,364,94434,116984,1,55
20569,364,94435,0,1,54
20570,364,94347,0,2,53
20571,364,94347,0,1,52
20572,364,94355,0,1,51
20573,364,94348,0,1,50
20574,364,94330,0,1,49
20575,364,94349,0,1,48
20576,364,94336,0,1,47
20577,364,94337,0,1,46
20578,364,94443,0,1,45
20579,364,94444,0,1,44
20580,364,94333,0,1,43
20581,364,94334,0,1,42
20582,364,94445,0,1,41
20583,364,94446,0,1,40
20584,364,94335,0,1,39
20585,364,94447,0,1,38
20586,364,94338,0,1,37
20587,364,94357,0,1,36
20588,364,94340,0,1,35
20589,364,94341,0,1,34
20590,364,94358,0,1,33
20591,364,94359,0,1,32
20592,364,94419,0,2,31
20593,364,94419,0,1,30
20594,364,94409,0,1,29
20595,364,94339,0,1,28
20596,364,94410,0,1,27
20597,364,94411,0,1,26
20598,364,94416,0,1,25
20599,364,94384,116928,1,24
20600,364,94383,0,1,23
20601,364,94382,0,2,22
20602,364,94382,0,1,21
20603,364,94420,0,1,20
20604,364,94374,0,1,19
20605,364,94415,0,1,18
20606,364,94388,0,1,17
20607,364,94428,0,1,16
20608,364,94412,0,1,15
20609,364,94413,0,2,14
20610,364,94413,0,1,13
20611,364,94430,0,1,12
20612,364,94381,0,1,11
20613,364,94421,0,1,10
20614,364,94389,0,1,9
20615,364,94390,0,1,8
20616,364,94371,0,1,7
20617,364,94406,0,1,6
20618,364,94432,0,1,5
20619,364,94408,0,1,4
20620,364,94433,0,1,2
20621,364,94391,0,1,1
20622,368,94440,116991,1,61
20623,368,94441,0,1,60
20624,368,94442,0,2,59
20625,368,94442,0,1,58
20626,368,94342,0,1,57
20627,368,94344,116884,1,56
20628,368,94434,116984,1,55
20629,368,94435,0,1,54
20630,368,94347,0,2,53
20631,368,94347,0,1,52
20632,368,94331,0,1,51
20633,368,94332,0,1,50
20634,368,94443,0,1,49
20635,368,94333,0,1,48
20636,368,94444,0,1,47
20637,368,94334,0,1,46
20638,368,94348,0,1,45
20639,368,94330,0,1,44
20640,368,94336,0,1,43
20641,368,94349,0,1,42
20642,368,94445,0,1,41
20643,368,94337,0,1,40
20644,368,94338,0,1,39
20645,368,94446,0,1,38
20646,368,94335,0,1,37
20647,368,94447,0,1,36
20648,368,94357,0,1,35
20649,368,94341,0,1,34
20650,368,94358,0,1,33
20651,368,94359,0,1,32
20652,368,94425,0,1,31
20653,368,94426,0,1,30
20654,368,94427,0,2,29
20655,368,94427,0,1,28
20656,368,94416,0,1,27
20657,368,94419,0,2,26
20658,368,94419,0,1,25
20659,368,94384,116928,1,24
20660,368,94383,0,1,23
20661,368,94382,0,2,22
20662,368,94382,0,1,21
20663,368,94420,0,1,20
20664,368,94381,0,1,19
20665,368,94421,0,1,18
20666,368,94428,0,1,17
20667,368,94412,0,1,16
20668,368,94360,116901,1,15
20669,368,94413,0,2,14
20670,368,94413,0,1,13
20671,368,94406,0,1,12
20672,368,94415,0,1,11
20673,368,94388,0,1,10
20674,368,94374,0,1,9
20675,368,94390,0,1,8
20676,368,94391,0,1,7
20677,368,94389,0,1,6
20678,368,94371,0,1,5
20679,368,94408,0,1,4
20680,368,94432,0,1,2
20681,368,94433,0,1,1
20682,371,94453,0,1,61
20683,371,94460,0,2,60
20684,371,94454,0,1,59
20685,371,94315,0,1,58
20686,371,94316,0,1,57
20687,371,94464,0,1,56
20688,371,94264,0,1,55
20689,371,94265,116784,1,54
20690,371,94456,0,1,53
20691,371,94457,0,1,52
20692,371,94450,117003,1,51
20693,371,94448,0,1,50
20694,371,94449,0,1,49
20695,371,94313,116848,1,48
20696,371,94312,116847,1,47
20697,371,94460,0,1,46
20698,371,94310,0,1,45
20699,371,94314,116851,1,44
20700,371,94458,0,1,43
20701,371,94459,0,1,42
20702,371,94319,0,1,41
20703,371,94321,0,1,40
20704,371,94306,0,1,39
20705,371,94307,0,1,38
20706,371,94318,0,1,37
20707,371,94323,0,1,36
20708,371,94308,0,1,35
20709,371,94305,0,1,34
20710,371,94324,0,1,33
20711,371,94325,0,1,32
20712,371,94428,0,1,31
20713,371,94414,0,1,30
20714,371,94326,0,1,29
20715,371,94417,0,1,28
20716,371,94418,0,1,27
20717,371,94419,0,2,26
20718,371,94419,0,1,25
20719,371,94327,116866,1,24
20720,371,94385,0,1,23
20721,371,94386,0,2,22
20722,371,94386,0,1,21
20723,371,94407,116955,1,20
20724,371,94408,0,1,19
20725,371,94429,0,1,18
20726,371,94415,0,1,17
20727,371,94361,0,1,16
20728,371,94388,0,1,15
20729,371,94430,0,1,14
20730,371,94369,116911,1,13
20731,371,94381,0,1,12
20732,371,94362,0,2,11
20733,371,94362,0,1,10
20734,371,94406,0,1,9
20735,371,94422,0,1,8
20736,371,94389,0,1,7
20737,371,94370,0,1,6
20738,371,94390,0,1,5
20739,371,94371,0,1,4
20740,371,94391,0,1,3
20741,371,94432,0,1,2
20742,371,94366,0,1,1
20743,375,94345,0,1,61
20744,375,94346,0,1,60
20745,375,94434,116985,1,59
20746,375,94435,0,1,58
20747,375,94343,0,1,57
20748,375,94342,0,1,56
20749,375,94344,116884,1,55
20750,375,94347,0,2,54
20751,375,94347,0,1,53
20752,375,94355,0,1,52
20753,375,94340,0,1,51
20754,375,94443,0,1,50
20755,375,94444,0,1,49
20756,375,94334,0,1,48
20757,375,94332,0,1,47
20758,375,94331,0,1,46
20759,375,94348,0,1,45
20760,375,94330,0,1,44
20761,375,94336,0,1,43
20762,375,94349,0,1,42
20763,375,94337,0,1,41
20764,375,94445,0,1,40
20765,375,94338,0,1,39
20766,375,94357,0,1,38
20767,375,94335,0,1,37
20768,375,94446,0,1,36
20769,375,94447,0,1,35
20770,375,94341,0,1,34
20771,375,94358,0,1,33
20772,375,94359,0,1,32
20773,375,94408,0,1,31
20774,375,94425,0,1,30
20775,375,94328,0,1,29
20776,375,94426,0,1,28
20777,375,94427,0,2,27
20778,375,94427,0,1,26
20779,375,94416,0,1,25
20780,375,94384,116929,1,24
20781,375,94385,0,1,23
20782,375,94382,0,2,22
20783,375,94382,0,1,21
20784,375,94424,0,1,19
20785,375,94428,0,1,18
20786,375,94412,0,1,17
20787,375,94360,116901,1,16
20788,375,94430,0,1,15
20789,375,94381,0,1,14
20790,375,94421,0,1,13
20791,375,94420,0,1,12
20792,375,94361,0,1,11
20793,375,94415,0,1,10
20794,375,94388,0,1,9
20795,375,94389,0,1,8
20796,375,94391,0,1,7
20797,375,94374,0,1,6
20798,375,94390,0,1,5
20799,375,94371,0,1,4
20800,375,94406,0,1,3
20801,375,94432,0,1,2
20802,375,94433,0,1,1
20803,365,94355,0,1,61
20804,365,94440,116991,1,60
20805,365,94441,0,1,59
20806,365,94442,0,2,58
20807,365,94442,0,1,57
20808,365,94344,116884,1,56
20809,365,94434,116984,1,55
20810,365,94435,0,1,54
20811,365,94347,0,2,53
20812,365,94347,0,1,52
20813,365,94340,0,1,51
20814,365,94443,0,1,50
20815,365,94444,0,1,49
20816,365,94333,0,1,48
20817,365,94332,0,1,47
20818,365,94334,0,1,46
20819,365,94348,0,1,45
20820,365,94330,0,1,44
20821,365,94336,0,1,43
20822,365,94349,0,1,42
20823,365,94337,0,1,41
20824,365,94445,0,1,40
20825,365,94446,0,1,39
20826,365,94335,0,1,38
20827,365,94447,0,1,37
20828,365,94338,0,1,36
20829,365,94357,0,1,35
20830,365,94341,0,1,34
20831,365,94358,0,1,33
20832,365,94359,0,1,32
20833,365,94419,0,2,31
20834,365,94419,0,1,30
20835,365,94409,0,1,29
20836,365,94339,0,1,28
20837,365,94410,0,1,27
20838,365,94411,0,1,26
20839,365,94416,0,1,25
20840,365,94384,116928,1,24
20841,365,94383,0,1,23
20842,365,94382,0,2,22
20843,365,94382,0,1,21
20844,365,94420,0,1,20
20845,365,94428,0,1,19
20846,365,94412,0,1,18
20847,365,94413,0,2,17
20848,365,94413,0,1,16
20849,365,94430,0,1,15
20850,365,94415,0,1,14
20851,365,94388,0,1,13
20852,365,94381,0,1,12
20853,365,94421,0,1,11
20854,365,94374,0,1,10
20855,365,94389,0,1,9
20856,365,94390,0,1,8
20857,365,94406,0,1,7
20858,365,94432,0,1,6
20859,365,94408,0,1,5
20860,365,94371,0,1,3
20861,365,94433,0,1,2
20862,365,94391,0,1,1
20863,377,94399,0,1,61
20864,377,94232,0,1,60
20865,377,94234,0,1,59
20866,377,94231,0,1,58
20867,377,94400,0,2,57
20868,377,94400,0,1,56
20869,377,94244,0,1,55
20870,377,94245,0,1,54
20871,377,94246,116760,1,53
20872,377,94240,0,1,52
20873,377,94247,116761,1,51
20874,377,94252,116769,1,50
20875,377,94251,116767,1,49
20876,377,94401,0,1,48
20877,377,94395,116942,1,47
20878,377,94392,0,1,46
20879,377,94235,116748,1,45
20880,377,94393,116938,1,44
20881,377,94253,0,1,43
20882,377,94254,0,1,42
20883,377,94249,0,1,41
20884,377,94248,0,1,40
20885,377,94239,0,1,39
20886,377,94255,0,1,38
20887,377,94257,0,1,37
20888,377,94258,0,1,36
20889,377,94236,0,1,35
20890,377,94238,0,1,34
20891,377,94259,0,1,33
20892,377,94260,0,1,32
20893,377,94424,0,1,31
20894,377,94361,0,1,30
20895,377,94409,0,1,29
20896,377,94339,0,1,28
20897,377,94410,0,1,27
20898,377,94402,0,1,26
20899,377,94261,0,1,25
20900,377,94377,116920,1,24
20901,377,94378,0,1,23
20902,377,94379,0,2,22
20903,377,94379,0,1,21
20904,377,94380,0,1,20
20905,377,94428,0,1,19
20906,377,94404,0,1,18
20907,377,94415,0,1,17
20908,377,94369,116911,1,16
20909,377,94388,0,1,15
20910,377,94421,0,1,14
20911,377,94372,0,2,13
20912,377,94372,0,1,12
20913,377,94376,0,1,11
20914,377,94430,0,1,10
20915,377,94406,0,1,9
20916,377,94432,0,1,8
20917,377,94367,0,1,7
20918,377,94389,0,1,6
20919,377,94390,0,1,5
20920,377,94371,0,1,4
20921,377,94391,0,1,3
20922,377,94408,0,1,1
20923,370,94333,0,1,61
20924,370,94330,0,1,60
20925,370,94345,0,1,59
20926,370,94346,0,1,58
20927,370,94342,0,1,57
20928,370,94434,116984,1,56
20929,370,94435,0,1,55
20930,370,94344,116883,1,54
20931,370,94347,0,2,53
20932,370,94347,0,1,52
20933,370,94349,0,1,51
20934,370,94443,0,1,50
20935,370,94332,0,1,49
20936,370,94331,0,1,48
20937,370,94444,0,1,47
20938,370,94334,0,1,46
20939,370,94348,0,1,45
20940,370,94336,0,1,44
20941,370,94355,0,1,43
20942,370,94445,0,1,42
20943,370,94340,0,1,41
20944,370,94337,0,1,40
20945,370,94338,0,1,39
20946,370,94335,0,1,38
20947,370,94446,0,1,37
20948,370,94447,0,1,36
20949,370,94357,0,1,35
20950,370,94341,0,1,34
20951,370,94358,0,1,33
20952,370,94359,0,1,32
20953,370,94424,0,1,31
20954,370,94416,0,1,30
20955,370,94425,0,1,29
20956,370,94328,0,1,28
20957,370,94426,0,1,27
20958,370,94427,0,2,26
20959,370,94427,0,1,25
20960,370,94384,116929,1,24
20961,370,94385,0,1,23
20962,370,94382,0,2,22
20963,370,94382,0,1,21
20964,370,94408,0,1,20
20965,370,94420,0,1,18
20966,370,94381,0,1,17
20967,370,94421,0,1,16
20968,370,94360,116901,1,15
20969,370,94428,0,1,14
20970,370,94412,0,1,13
20971,370,94430,0,1,12
20972,370,94361,0,1,11
20973,370,94415,0,1,10
20974,370,94388,0,1,9
20975,370,94406,0,1,8
20976,370,94374,0,1,7
20977,370,94390,0,1,6
20978,370,94389,0,1,5
20979,370,94371,0,1,4
20980,370,94432,0,1,3
20981,370,94433,0,1,2
20982,370,94391,0,1,1
20983,374,94463,0,2,61
20984,374,94463,0,1,60
20985,374,94264,0,1,59
20986,374,94265,116784,1,58
20987,374,94456,0,1,57
20988,374,94457,0,2,56
20989,374,94457,0,1,55
20990,374,94450,117003,1,54
20991,374,94315,0,1,51
20992,374,94313,116849,1,50
20993,374,94312,116847,1,49
20994,374,94314,0,1,48
20995,374,94321,0,1,47
20996,374,94458,0,1,46
20997,374,94460,0,2,45
20998,374,94460,0,1,44
20999,374,94459,0,1,43
21000,374,94319,0,1,42
21001,374,94310,0,1,41
21002,374,94306,0,1,40
21003,374,94307,0,1,39
21004,374,94308,0,1,38
21005,374,94323,0,1,37
21006,374,94318,0,1,36
21007,374,94317,0,1,35
21008,374,94305,0,1,34
21009,374,94324,0,1,33
21010,374,94325,0,1,32
21011,374,94326,0,1,31
21012,374,94417,0,1,30
21013,374,94418,0,1,29
21014,374,94414,0,1,28
21015,374,94419,0,2,27
21016,374,94419,0,1,26
21017,374,94327,116866,1,25
21018,374,94385,0,1,24
21019,374,94386,0,2,23
21020,374,94386,0,1,22
21021,374,94381,0,1,21
21022,374,94362,0,2,20
21023,374,94362,0,1,19
21024,374,94408,0,1,18
21025,374,94429,0,1,16
21026,374,94405,116952,1,15
21027,374,94428,0,1,14
21028,374,94415,0,1,13
21029,374,94361,0,1,12
21030,374,94387,0,1,11
21031,374,94388,0,1,10
21032,374,94369,116911,1,9
21033,374,94370,0,1,8
21034,374,94389,0,1,7
21035,374,94422,0,1,6
21036,374,94390,0,1,5
21037,374,94371,0,1,4
21038,374,94406,0,1,3
21039,374,94432,0,1,2
21040,374,94366,0,1,1
21041,366,94355,0,1,61
21042,366,94434,116984,1,60
21043,366,94440,116991,1,59
21044,366,94441,0,1,58
21045,366,94442,0,2,57
21046,366,94442,0,1,56
21047,366,94344,116884,1,55
21048,366,94435,0,1,54
21049,366,94347,0,2,53
21050,366,94347,0,1,52
21051,366,94335,0,1,51
21052,366,94348,0,1,50
21053,366,94349,0,1,49
21054,366,94330,0,1,48
21055,366,94336,0,1,47
21056,366,94332,0,1,46
21057,366,94443,0,1,45
21058,366,94444,0,1,44
21059,366,94333,0,1,43
21060,366,94334,0,1,42
21061,366,94445,0,1,41
21062,366,94337,0,1,40
21063,366,94340,0,1,39
21064,366,94338,0,1,38
21065,366,94446,0,1,37
21066,366,94447,0,1,36
21067,366,94357,0,1,35
21068,366,94341,0,1,34
21069,366,94358,0,1,33
21070,366,94359,0,1,32
21071,366,94419,0,2,31
21072,366,94419,0,1,30
21073,366,94409,0,1,29
21074,366,94339,0,1,28
21075,366,94410,0,1,27
21076,366,94411,0,1,26
21077,366,94416,0,1,25
21078,366,94384,116928,1,24
21079,366,94383,0,1,23
21080,366,94382,0,2,22
21081,366,94382,0,1,21
21082,366,94374,0,1,20
21083,366,94415,0,1,19
21084,366,94428,0,1,18
21085,366,94412,0,1,17
21086,366,94413,0,2,16
21087,366,94413,0,1,15
21088,366,94430,0,1,14
21089,366,94388,0,1,13
21090,366,94420,0,1,12
21091,366,94381,0,1,11
21092,366,94421,0,1,10
21093,366,94389,0,1,9
21094,366,94390,0,1,8
21095,366,94371,0,1,7
21096,366,94406,0,1,6
21097,366,94432,0,1,5
21098,366,94408,0,1,4
21099,366,94433,0,1,2
21100,366,94391,0,1,1
21101,369,94440,116991,1,61
21102,369,94441,0,1,60
21103,369,94442,0,2,59
21104,369,94442,0,1,58
21105,369,94342,0,1,57
21106,369,94434,116984,1,56
21107,369,94435,0,1,55
21108,369,94344,116884,1,54
21109,369,94330,0,1,53
21110,369,94347,0,2,52
21111,369,94347,0,1,51
21112,369,94333,0,1,50
21113,369,94331,0,1,49
21114,369,94443,0,1,48
21115,369,94444,0,1,47
21116,369,94332,0,1,46
21117,369,94348,0,1,45
21118,369,94349,0,1,44
21119,369,94336,0,1,43
21120,369,94337,0,1,42
21121,369,94334,0,1,41
21122,369,94445,0,1,40
21123,369,94446,0,1,39
21124,369,94335,0,1,38
21125,369,94338,0,1,37
21126,369,94447,0,1,36
21127,369,94357,0,1,35
21128,369,94341,0,1,34
21129,369,94358,0,1,33
21130,369,94359,0,1,32
21131,369,94430,0,1,31
21132,369,94425,0,1,30
21133,369,94328,0,1,29
21134,369,94426,0,1,28
21135,369,94427,0,2,27
21136,369,94427,0,1,26
21137,369,94416,0,1,25
21138,369,94384,116928,1,24
21139,369,94383,0,1,23
21140,369,94382,0,2,22
21141,369,94382,0,1,21
21142,369,94428,0,1,20
21143,369,94415,0,1,19
21144,369,94420,0,1,18
21145,369,94388,0,1,17
21146,369,94412,0,1,16
21147,369,94360,116901,1,15
21148,369,94413,0,2,14
21149,369,94413,0,1,13
21150,369,94381,0,1,12
21151,369,94421,0,1,11
21152,369,94374,0,1,10
21153,369,94406,0,1,9
21154,369,94432,0,1,8
21155,369,94389,0,1,7
21156,369,94371,0,1,6
21157,369,94390,0,1,5
21158,369,94391,0,1,4
21159,369,94408,0,1,3
21160,369,94433,0,1,1
21161,372,94460,0,2,61
21162,372,94265,116784,1,60
21163,372,94453,0,1,59
21164,372,94454,0,1,58
21165,372,94464,0,1,57
21166,372,94463,0,2,55
21167,372,94463,0,1,54
21168,372,94456,0,1,53
21169,372,94457,0,1,52
21170,372,94460,0,1,51
21171,372,94315,0,1,50
21172,372,94313,116848,1,49
21173,372,94312,116847,1,48
21174,372,94314,116851,1,47
21175,372,94458,0,1,46
21176,372,94316,0,1,45
21177,372,94459,0,1,44
21178,372,94317,116854,1,43
21179,372,94310,0,1,42
21180,372,94321,0,1,41
21181,372,94319,0,1,40
21182,372,94318,0,1,39
21183,372,94306,0,1,38
21184,372,94307,0,1,37
21185,372,94308,0,1,36
21186,372,94323,0,1,35
21187,372,94305,0,1,34
21188,372,94324,0,1,33
21189,372,94325,0,1,32
21190,372,94427,0,2,31
21191,372,94427,0,1,30
21192,372,94414,0,1,29
21193,372,94417,0,1,28
21194,372,94418,0,1,27
21195,372,94419,0,2,26
21196,372,94419,0,1,25
21197,372,94327,116865,1,24
21198,372,94385,0,1,23
21199,372,94386,0,2,22
21200,372,94386,0,1,21
21201,372,94429,0,1,20
21202,372,94432,0,1,19
21203,372,94430,0,1,18
21204,372,94406,0,1,17
21205,372,94387,0,1,16
21206,372,94381,0,1,15
21207,372,94415,0,1,14
21208,372,94388,0,1,13
21209,372,94362,0,2,12
21210,372,94362,0,1,11
21211,372,94369,116911,1,10
21212,372,94370,0,1,9
21213,372,94371,0,1,8
21214,372,94366,0,1,7
21215,372,94389,0,1,6
21216,372,94422,0,1,5
21217,372,94390,0,1,4
21218,372,94407,116955,1,3
21219,372,94408,0,1,2
21220,372,94391,0,1,1
21221,373,94265,116784,1,61
21222,373,94456,0,1,60
21223,373,94457,0,2,59
21224,373,94457,0,1,58
21225,373,94463,0,2,56
21226,373,94463,0,1,55
21227,373,94315,0,1,52
21228,373,94313,116849,1,51
21229,373,94312,116847,1,50
21230,373,94314,0,1,49
21231,373,94321,0,1,48
21232,373,94460,0,2,47
21233,373,94460,0,1,46
21234,373,94458,0,1,45
21235,373,94316,0,1,44
21236,373,94459,0,1,43
21237,373,94310,0,1,42
21238,373,94319,0,1,41
21239,373,94306,0,1,40
21240,373,94307,0,1,39
21241,373,94308,0,1,38
21242,373,94323,0,1,37
21243,373,94318,0,1,36
21244,373,94317,0,1,35
21245,373,94305,0,1,34
21246,373,94324,0,1,33
21247,373,94325,0,1,32
21248,373,94424,0,1,31
21249,373,94326,0,1,30
21250,373,94417,0,1,29
21251,373,94418,0,1,28
21252,373,94419,0,2,27
21253,373,94419,0,1,26
21254,373,94414,0,1,25
21255,373,94327,116866,1,24
21256,373,94385,0,1,23
21257,373,94386,0,2,22
21258,373,94386,0,1,21
21259,373,94407,116955,1,20
21260,373,94408,0,1,19
21261,373,94415,0,1,18
21262,373,94361,0,1,17
21263,373,94388,116933,1,16
21264,373,94389,0,1,15
21265,373,94430,0,1,14
21266,373,94405,116953,1,13
21267,373,94387,0,1,12
21268,373,94381,0,1,11
21269,373,94362,0,2,10
21270,373,94362,0,1,9
21271,373,94371,0,1,7
21272,373,94391,0,1,6
21273,373,94422,0,1,5
21274,373,94390,0,1,4
21275,373,94406,0,1,3
21276,373,94432,0,1,2
21277,373,94366,0,1,1
21297,393,93876,0,1,0
21298,394,93876,0,1,1
21299,395,79973,0,1,1
22337,413,80573,101376,1,61
22338,413,80571,0,1,60
22339,413,80570,0,2,59
22340,413,80570,0,1,58
22341,413,80576,101382,1,57
22342,413,80558,101357,1,56
22343,413,80592,0,2,55
22344,413,80592,0,1,54
22345,413,80593,101401,1,53
22346,413,80598,101407,1,52
22347,413,80587,0,2,51
22348,413,80587,0,1,50
22349,413,80583,114297,1,49
22350,413,80567,0,1,48
22351,413,80599,115684,1,47
22352,413,80575,101380,1,46
22353,413,80579,0,2,45
22354,413,80579,0,1,44
22355,413,80563,101363,1,43
22356,413,80582,0,1,42
22357,413,80590,101397,1,41
22358,413,80572,0,1,40
22359,413,80584,0,1,39
22360,413,80597,0,1,38
22361,413,80574,101378,1,37
22362,413,80559,0,1,36
22363,413,80589,0,1,35
22364,413,80600,0,1,34
22365,413,80588,0,1,33
22366,413,80568,0,1,32
22367,413,80715,0,1,31
22368,413,80717,0,2,30
22369,413,80717,0,1,29
22370,413,80683,0,2,28
22371,413,80683,0,1,27
22372,413,80713,0,1,26
22373,413,80714,0,2,25
22374,413,80714,0,1,24
22375,413,80707,0,2,23
22376,413,80707,0,1,22
22377,413,80708,0,1,21
22378,413,80603,0,2,20
22379,413,80603,0,1,19
22380,413,80604,0,2,18
22381,413,80604,0,1,17
22382,413,80682,0,1,16
22383,413,80681,101497,1,15
22384,413,80685,101503,1,14
22385,413,80686,0,1,13
22386,413,80680,0,1,12
22387,413,80697,115761,1,11
22388,413,80698,101516,1,10
22389,413,80694,0,1,9
22390,413,80693,0,1,8
22391,413,80687,0,1,7
22392,413,80688,0,1,6
22393,413,80695,0,1,5
22394,413,80712,0,1,4
22395,413,80689,0,1,3
22396,413,80692,0,2,2
22397,413,80692,0,1,1
22947,423,80669,0,1,61
22948,423,80624,0,1,60
22949,423,80665,0,1,59
22950,423,80661,0,1,58
22951,423,80660,0,1,57
22952,423,80662,0,1,56
22953,423,80656,0,1,55
22954,423,80659,0,1,54
22955,423,80667,0,2,53
22956,423,80667,0,1,52
22957,423,80608,0,1,51
22958,423,80657,0,1,50
22959,423,80607,0,1,49
22960,423,80619,0,1,48
22961,423,80618,101429,1,47
22962,423,80627,0,1,46
22963,423,80674,0,1,45
22964,423,80675,0,1,44
22965,423,80677,0,1,43
22966,423,80623,0,1,42
22967,423,80621,0,1,41
22968,423,80611,0,2,40
22969,423,80611,0,1,39
22970,423,80622,0,2,38
22971,423,80622,0,1,37
22972,423,80678,0,1,36
22973,423,80614,0,1,35
22974,423,80612,0,1,34
22975,423,80610,0,1,33
22976,423,80613,0,1,32
22977,423,80717,0,1,31
22978,423,80710,0,2,30
22979,423,80710,0,1,29
22980,423,80697,115761,1,28
22981,423,80682,0,1,27
22982,423,80681,101497,1,26
22983,423,80701,0,1,25
22984,423,80702,0,2,24
22985,423,80702,0,1,23
22986,423,80703,0,2,22
22987,423,80703,0,1,21
22988,423,80680,0,1,20
22989,423,80708,0,1,19
22990,423,80700,0,1,18
22991,423,80698,101516,1,17
22992,423,80694,0,1,16
22993,423,80684,0,1,15
22994,423,80704,115760,1,14
22995,423,80709,101527,1,13
22996,423,80705,0,2,12
22997,423,80705,0,1,11
22998,423,80686,0,1,10
22999,423,80695,0,1,9
23000,423,80711,0,1,8
23001,423,80706,0,2,7
23002,423,80706,0,1,6
23003,423,80688,0,1,5
23004,423,80679,0,1,4
23005,423,80689,0,1,3
23006,423,80712,0,1,2
23007,423,80691,0,1,1
24199,455,95897,0,1,7
24200,455,95899,0,1,6
24201,455,96179,0,1,5
24202,455,96186,0,1,4
24203,455,96180,0,1,3
24204,455,96187,0,1,2
24205,455,96184,0,1,1
24206,455,96188,0,1,0
26353,495,102885,0,2,60
26354,495,102885,0,1,59
26355,495,102862,0,1,58
26356,495,102871,0,1,57
26357,495,102859,0,2,55
26358,495,102859,0,1,54
26359,495,102884,0,1,49
26360,495,102872,0,1,48
26361,495,102865,126979,1,47
26362,495,102839,126949,1,46
26363,495,102863,0,1,45
26364,495,102864,0,1,44
26365,495,102843,0,1,43
26366,495,102845,0,1,42
26367,495,102836,0,1,41
26368,495,102848,126959,1,40
26369,495,102868,0,1,39
26370,495,102849,0,1,38
26371,495,102846,0,1,37
26372,495,102844,0,1,34
26373,495,102840,0,1,33
26374,495,102841,0,1,32
26375,495,102919,127045,1,31
26376,495,102934,0,1,30
26377,495,102922,0,2,29
26378,495,102922,0,1,28
26379,495,102921,0,2,27
26380,495,102921,0,1,26
26381,495,102948,0,1,25
26382,495,102916,0,2,24
26383,495,102916,0,1,23
26384,495,102949,0,1,22
26385,495,102946,127080,1,21
26386,495,102917,127042,1,20
26387,495,102783,0,1,19
26388,495,102938,0,2,18
26389,495,102938,0,1,17
26390,495,102930,127059,1,16
26391,495,102935,0,2,15
26392,495,102935,0,1,14
26393,495,102950,0,1,13
26394,495,102951,0,2,12
26395,495,102951,0,1,11
26396,495,102906,0,2,10
26397,495,102906,0,1,9
26398,495,102925,127053,1,8
26399,495,102926,0,1,7
26400,495,102927,0,1,6
26401,495,102782,126882,1,5
26402,495,102920,0,1,4
26403,495,102952,0,1,3
26404,495,102933,0,1,2
26405,495,102953,0,1,1
26406,494,102825,0,2,61
26407,494,102825,0,1,60
26408,494,102832,0,1,59
26409,494,102833,0,2,58
26410,494,102833,0,1,57
26411,494,102834,126942,1,56
26412,494,102821,126928,1,55
26413,494,102822,0,2,54
26414,494,102822,0,1,53
26415,494,102824,0,1,52
26416,494,102805,126910,1,51
26417,494,102807,0,1,50
26418,494,102827,0,1,49
26419,494,102806,0,2,48
26420,494,102806,0,1,47
26421,494,102828,0,1,46
26422,494,102820,0,1,45
26423,494,102817,0,1,44
26424,494,102830,0,1,43
26425,494,102831,0,1,42
26426,494,102818,0,1,41
26427,494,102808,0,1,40
26428,494,102799,0,2,39
26429,494,102799,0,1,38
26430,494,102809,0,1,37
26431,494,102810,0,2,36
26432,494,102810,0,1,35
26433,494,102800,0,1,34
26434,494,102811,0,1,33
26435,494,102801,0,1,32
26436,494,102782,126882,1,31
26437,494,102951,0,2,30
26438,494,102951,0,1,29
26439,494,102922,0,2,28
26440,494,102922,0,1,27
26441,494,102944,0,2,26
26442,494,102944,0,1,25
26443,494,102919,127045,1,24
26444,494,102949,0,1,23
26445,494,102931,0,2,22
26446,494,102931,0,1,21
26447,494,102926,0,1,20
26448,494,102907,0,1,19
26449,494,102906,0,2,18
26450,494,102906,0,1,17
26451,494,102938,0,2,16
26452,494,102938,0,1,15
26453,494,102924,0,1,14
26454,494,102945,127078,1,13
26455,494,102915,0,2,12
26456,494,102915,0,1,11
26457,494,102916,0,2,10
26458,494,102916,0,1,9
26459,494,102913,0,1,8
26460,494,102933,0,1,7
26461,494,102914,0,1,6
26462,494,102927,0,1,5
26463,494,102920,0,1,4
26464,494,102917,127042,1,3
26465,494,102908,0,1,2
26466,494,102918,0,1,1
26467,493,102898,0,2,61
26468,493,102898,0,1,60
26469,493,102891,127011,1,59
26470,493,102892,0,2,58
26471,493,102892,0,1,57
26472,493,102893,127014,1,56
26473,493,102873,126989,1,55
26474,493,102874,0,2,54
26475,493,102874,0,1,53
26476,493,102875,0,1,52
26477,493,102876,0,2,51
26478,493,102876,0,1,50
26479,493,102899,0,2,49
26480,493,102899,0,1,48
26481,493,102894,0,2,47
26482,493,102894,0,1,46
26483,493,102895,0,1,45
26484,493,102896,0,1,44
26485,493,102900,127022,1,43
26486,493,102901,0,1,42
26487,493,102790,0,1,41
26488,493,102791,0,1,40
26489,493,102792,0,1,39
26490,493,102789,126891,1,38
26491,493,102902,0,1,37
26492,493,102903,127026,1,36
26493,493,102788,0,1,35
26494,493,102786,0,1,34
26495,493,102904,127028,1,33
26496,493,102905,0,1,32
26497,493,102921,0,2,31
26498,493,102921,0,1,30
26499,493,102922,0,2,29
26500,493,102922,0,1,28
26501,493,102944,0,2,27
26502,493,102944,0,1,26
26503,493,102951,0,2,25
26504,493,102951,0,1,24
26505,493,102946,127080,1,23
26506,493,102949,0,1,22
26507,493,102935,0,2,21
26508,493,102935,0,1,20
26509,493,102950,0,1,19
26510,493,102945,127078,1,18
26511,493,102915,0,2,17
26512,493,102915,0,1,16
26513,493,102916,0,2,15
26514,493,102916,0,1,14
26515,493,102906,0,2,13
26516,493,102906,0,1,12
26517,493,102938,0,2,11
26518,493,102938,0,1,10
26519,493,102930,127059,1,9
26520,493,102925,127053,1,8
26521,493,102926,0,1,7
26522,493,102917,127042,1,6
26523,493,102907,0,1,5
26524,493,102933,0,1,4
26525,493,102914,0,1,3
26526,493,102927,0,1,2
26527,493,102920,0,1,1
26528,498,103094,0,2,60
26529,498,103094,0,1,59
26530,498,103071,0,1,58
26531,498,103080,0,1,57
26532,498,103068,0,2,55
26533,498,103068,0,1,54
26534,498,103093,0,1,49
26535,498,103081,0,1,48
26536,498,103074,127235,1,47
26537,498,103048,127205,1,46
26538,498,103072,0,1,45
26539,498,103073,0,1,44
26540,498,103052,0,1,43
26541,498,103054,0,1,42
26542,498,103045,0,1,41
26543,498,103057,127215,1,40
26544,498,103077,0,1,39
26545,498,103058,0,1,38
26546,498,103055,0,1,37
26547,498,103053,0,1,34
26548,498,103049,0,1,33
26549,498,103050,0,1,32
26550,498,103128,127301,1,31
26551,498,103143,0,1,30
26552,498,103131,0,2,29
26553,498,103131,0,1,28
26554,498,103130,0,2,27
26555,498,103130,0,1,26
26556,498,103157,0,1,25
26557,498,103125,0,2,24
26558,498,103125,0,1,23
26559,498,103158,0,1,22
26560,498,103155,127336,1,21
26561,498,103126,127298,1,20
26562,498,102992,0,1,19
26563,498,103147,0,2,18
26564,498,103147,0,1,17
26565,498,103139,127315,1,16
26566,498,103144,0,2,15
26567,498,103144,0,1,14
26568,498,103159,0,1,13
26569,498,103160,0,2,12
26570,498,103160,0,1,11
26571,498,103115,0,2,10
26572,498,103115,0,1,9
26573,498,103134,127309,1,8
26574,498,103135,0,1,7
26575,498,103136,0,1,6
26576,498,102991,127138,1,5
26577,498,103129,0,1,4
26578,498,103161,0,1,3
26579,498,103142,0,1,2
26580,498,103162,0,1,1
26581,497,103034,0,2,61
26582,497,103034,0,1,60
26583,497,103041,0,1,59
26584,497,103042,0,2,58
26585,497,103042,0,1,57
26586,497,103043,127198,1,56
26587,497,103030,127184,1,55
26588,497,103031,0,2,54
26589,497,103031,0,1,53
26590,497,103033,0,1,52
26591,497,103014,127166,1,51
26592,497,103016,0,1,50
26593,497,103036,0,1,49
26594,497,103015,0,2,48
26595,497,103015,0,1,47
26596,497,103037,0,1,46
26597,497,103029,0,1,45
26598,497,103026,0,1,44
26599,497,103039,0,1,43
26600,497,103040,0,1,42
26601,497,103027,0,1,41
26602,497,103017,0,1,40
26603,497,103008,0,2,39
26604,497,103008,0,1,38
26605,497,103018,0,1,37
26606,497,103019,0,2,36
26607,497,103019,0,1,35
26608,497,103009,0,1,34
26609,497,103020,0,1,33
26610,497,103010,0,1,32
26611,497,102991,127138,1,31
26612,497,103160,0,2,30
26613,497,103160,0,1,29
26614,497,103131,0,2,28
26615,497,103131,0,1,27
26616,497,103153,0,2,26
26617,497,103153,0,1,25
26618,497,103128,127301,1,24
26619,497,103158,0,1,23
26620,497,103140,0,2,22
26621,497,103140,0,1,21
26622,497,103135,0,1,20
26623,497,103116,0,1,19
26624,497,103115,0,2,18
26625,497,103115,0,1,17
26626,497,103147,0,2,16
26627,497,103147,0,1,15
26628,497,103133,0,1,14
26629,497,103154,127334,1,13
26630,497,103124,0,2,12
26631,497,103124,0,1,11
26632,497,103125,0,2,10
26633,497,103125,0,1,9
26634,497,103122,0,1,8
26635,497,103142,0,1,7
26636,497,103123,0,1,6
26637,497,103136,0,1,5
26638,497,103129,0,1,4
26639,497,103126,127298,1,3
26640,497,103117,0,1,2
26641,497,103127,0,1,1
26642,496,103107,0,2,61
26643,496,103107,0,1,60
26644,496,103100,127267,1,59
26645,496,103101,0,2,58
26646,496,103101,0,1,57
26647,496,103102,127270,1,56
26648,496,103082,127245,1,55
26649,496,103083,0,2,54
26650,496,103083,0,1,53
26651,496,103084,0,1,52
26652,496,103085,0,2,51
26653,496,103085,0,1,50
26654,496,103108,0,2,49
26655,496,103108,0,1,48
26656,496,103103,0,2,47
26657,496,103103,0,1,46
26658,496,103104,0,1,45
26659,496,103105,0,1,44
26660,496,103109,127278,1,43
26661,496,103110,0,1,42
26662,496,102999,0,1,41
26663,496,103000,0,1,40
26664,496,103001,0,1,39
26665,496,102998,127147,1,38
26666,496,103111,0,1,37
26667,496,103112,127282,1,36
26668,496,102997,0,1,35
26669,496,102995,0,1,34
26670,496,103113,127284,1,33
26671,496,103114,0,1,32
26672,496,103130,0,2,31
26673,496,103130,0,1,30
26674,496,103131,0,2,29
26675,496,103131,0,1,28
26676,496,103153,0,2,27
26677,496,103153,0,1,26
26678,496,103160,0,2,25
26679,496,103160,0,1,24
26680,496,103155,127336,1,23
26681,496,103158,0,1,22
26682,496,103144,0,2,21
26683,496,103144,0,1,20
26684,496,103159,0,1,19
26685,496,103154,127334,1,18
26686,496,103124,0,2,17
26687,496,103124,0,1,16
26688,496,103125,0,2,15
26689,496,103125,0,1,14
26690,496,103115,0,2,13
26691,496,103115,0,1,12
26692,496,103147,0,2,11
26693,496,103147,0,1,10
26694,496,103139,127315,1,9
26695,496,103134,127309,1,8
26696,496,103135,0,1,7
26697,496,103126,127298,1,6
26698,496,103116,0,1,5
26699,496,103142,0,1,4
26700,496,103123,0,1,3
26701,496,103136,0,1,2
26702,496,103129,0,1,1
38017,682,82048,0,1,68
38018,682,82069,0,1,67
38019,682,82072,0,1,66
38020,682,82077,0,1,65
38021,682,82063,0,1,64
38022,682,82064,103120,1,63
38023,682,82052,0,1,62
38024,682,104080,0,1,61
38025,682,82209,0,1,60
38026,682,100177,0,2,59
38027,682,100177,0,1,58
38028,682,82237,103315,1,57
38029,682,100176,0,1,56
38030,682,82231,0,1,55
38031,682,104078,128579,1,54
38032,682,92229,0,1,53
38033,682,82233,0,2,52
38034,682,82233,0,1,51
38035,682,82243,0,2,50
38036,682,82243,0,1,49
38037,682,100175,0,1,48
38038,682,82207,103285,1,47
38039,682,82232,0,1,46
38040,682,82236,0,1,45
38041,682,82235,0,1,44
38042,682,82198,103276,1,43
38043,682,82228,0,1,42
38044,682,104085,0,1,41
38045,682,82240,0,1,40
38046,682,82234,0,1,39
38047,682,82229,128587,1,38
38048,682,82210,0,1,37
38049,682,82206,0,1,36
38050,682,82214,0,2,35
38051,682,82214,0,1,34
38052,682,93714,0,1,33
38053,682,82208,0,1,32
38054,682,91044,0,1,31
38055,682,82219,0,1,30
38056,682,82218,0,1,29
38057,682,82220,0,1,28
38058,682,108666,0,1,27
38059,682,108667,0,2,26
38060,682,108667,0,1,25
38061,682,108668,0,1,24
38062,682,82074,114809,1,23
38063,682,82060,0,1,22
38064,682,82059,0,1,21
38065,682,82056,0,1,20
38066,682,103873,0,1,19
38067,682,82080,0,2,18
38068,682,82080,0,1,17
38069,682,82045,0,1,16
38070,682,82065,0,1,15
38071,682,94535,0,1,14
38072,682,103874,0,1,13
38073,682,82043,0,1,12
38074,682,82057,0,1,11
38075,682,82054,0,1,10
38076,682,82082,0,1,9
38077,682,92674,0,1,8
38078,682,82083,0,1,7
38079,682,104125,0,1,6
38080,682,82055,0,1,5
38081,682,82079,103137,1,4
38082,682,82050,0,1,3
38083,682,82047,0,1,2
38084,682,82049,0,1,1
40219,714,109939,0,1,74
40220,714,109940,0,2,73
40221,714,109940,0,1,72
40222,714,109941,0,1,71
40223,714,101187,124987,1,70
40224,714,101079,0,1,69
40225,714,101081,0,2,68
40226,714,101081,0,1,67
40227,714,101189,0,2,66
40228,714,101189,0,1,65
40229,714,101199,0,1,64
40230,714,101196,136149,1,63
40231,714,109910,0,1,62
40232,714,101075,0,1,61
40233,714,101198,125003,1,60
40234,714,101197,0,1,59
40235,714,101195,0,1,58
40236,714,101193,124996,1,57
40237,714,101188,124988,1,56
40238,714,101190,124992,1,55
40239,714,102004,0,1,54
40240,714,101080,0,1,53
40241,714,101201,0,1,52
40242,714,109882,0,1,51
40243,714,101082,124858,1,50
40244,714,101068,0,1,49
40245,714,101069,0,1,48
40246,714,101067,124841,1,47
40247,714,101076,0,1,46
40248,714,101086,0,1,45
40249,714,101072,0,1,44
40250,714,101202,125008,1,43
40251,714,101085,0,1,42
40252,714,101071,0,1,41
40253,714,109883,0,1,40
40254,714,101087,0,1,39
40255,714,101064,0,1,38
40256,714,101088,0,1,37
40257,714,101172,0,1,36
40258,714,101176,124973,1,35
40259,714,101171,0,1,34
40260,714,101175,0,1,33
40261,714,101178,0,1,32
40262,714,101177,0,1,31
40263,714,101179,0,2,30
40264,714,101179,0,1,29
40265,714,101174,124970,1,28
40266,714,101168,0,1,27
40267,714,101170,0,1,26
40268,714,101169,0,2,25
40269,714,101169,0,1,24
40270,714,101135,124924,1,23
40271,714,101163,0,1,22
40272,714,101158,124951,1,21
40273,714,101184,0,2,20
40274,714,101184,0,1,19
40275,714,101140,0,1,18
40276,714,101181,0,1,17
40277,714,101182,0,1,16
40278,714,101183,124982,1,15
40279,714,101165,0,1,14
40280,714,101173,0,1,13
40281,714,101136,124926,1,12
40282,714,101156,0,1,11
40283,714,102433,126502,1,10
40284,714,101166,0,1,9
40285,714,101167,0,1,8
40286,714,101161,0,1,7
40287,714,101160,0,1,6
40288,714,101145,0,1,5
40289,714,101146,0,1,4
40290,714,101152,0,1,3
40291,714,101153,0,1,2
40292,714,101147,0,1,1
40293,714,109826,0,1,0
40444,717,82555,0,1,68
40445,717,93170,0,1,67
40446,717,82667,0,1,66
40447,717,109925,0,1,65
40448,717,109926,0,2,64
40449,717,109926,0,1,63
40450,717,109927,0,1,62
40451,717,82552,0,1,61
40452,717,82671,0,2,60
40453,717,82671,0,1,59
40454,717,82553,0,1,58
40455,717,82644,0,1,57
40456,717,82648,0,1,56
40457,717,82559,0,1,55
40458,717,109018,0,1,54
40459,717,82669,0,1,53
40460,717,82647,103786,1,52
40461,717,108152,0,1,51
40462,717,82646,0,1,50
40463,717,108007,0,1,49
40464,717,82656,103798,1,48
40465,717,82662,0,1,47
40466,717,108147,0,1,46
40467,717,82657,0,1,45
40468,717,82668,0,1,44
40469,717,82670,0,1,43
40470,717,82653,0,1,42
40471,717,82659,0,1,41
40472,717,82663,0,1,40
40473,717,93171,0,1,39
40474,717,82651,0,1,38
40475,717,109017,136223,1,37
40476,717,82666,0,1,36
40477,717,82665,0,1,35
40478,717,82675,0,1,34
40479,717,82697,0,2,33
40480,717,82697,0,1,32
40481,717,82677,0,1,31
40482,717,82676,135091,1,30
40483,717,109010,0,2,29
40484,717,109010,0,1,28
40485,717,109011,0,1,27
40486,717,82673,0,1,26
40487,717,82685,0,1,25
40488,717,82674,0,1,24
40489,717,109014,0,1,23
40490,717,82686,0,2,22
40491,717,82686,0,1,21
40492,717,82699,0,1,20
40493,717,109917,0,1,19
40494,717,109021,0,1,18
40495,717,109020,0,1,17
40496,717,109012,0,1,16
40497,717,82678,0,1,15
40498,717,82684,0,2,14
40499,717,82684,0,1,13
40500,717,109015,0,1,12
40501,717,82712,0,1,11
40502,717,82690,0,1,10
40503,717,109890,0,1,9
40504,717,82708,103859,1,8
40505,717,82695,114588,1,7
40506,717,82687,0,1,6
40507,717,82715,0,1,5
40508,717,82556,0,1,4
40509,717,109009,0,1,3
40510,717,82672,0,1,2
40511,717,82703,0,1,1
40716,721,108730,0,1,68
40717,721,82675,0,1,67
40718,721,82697,0,2,66
40719,721,82697,0,1,65
40720,721,82677,0,1,64
40721,721,82676,115884,1,63
40722,721,109010,0,2,62
40723,721,109010,0,1,61
40724,721,109011,0,1,60
40725,721,82685,0,1,59
40726,721,82673,0,1,58
40727,721,82674,0,1,57
40728,721,82686,0,2,56
40729,721,82686,0,1,55
40730,721,109015,0,1,54
40731,721,109021,0,1,53
40732,721,109020,0,1,52
40733,721,82684,0,2,51
40734,721,82684,0,1,50
40735,721,109012,0,1,49
40736,721,82696,0,1,48
40737,721,82702,0,1,47
40738,721,109019,0,1,46
40739,721,82678,0,1,45
40740,721,82690,0,1,44
40741,721,82687,0,1,43
40742,721,82556,0,1,42
40743,721,109006,0,1,41
40744,721,82672,0,1,40
40745,721,82703,0,1,39
40746,721,109890,0,1,38
40747,721,82715,0,1,37
40748,721,82719,0,1,36
40749,721,82716,0,1,35
40750,721,82609,0,2,34
40751,721,82608,0,1,33
40752,721,82606,0,1,32
40753,721,82615,0,1,31
40754,721,82609,0,1,30
40755,721,109884,0,1,29
40756,721,109886,0,2,28
40757,721,109886,0,1,27
40758,721,109885,0,1,26
40759,721,103900,0,1,25
40760,721,103914,0,2,24
40761,721,103914,0,1,23
40762,721,82612,0,1,22
40763,721,82610,0,1,21
40764,721,82616,0,1,20
40765,721,82617,0,1,19
40766,721,82618,0,1,18
40767,721,82641,0,1,17
40768,721,82614,0,1,16
40769,721,82627,0,1,15
40770,721,82634,0,1,14
40771,721,103916,0,1,13
40772,721,82622,0,1,12
40773,721,82632,0,1,11
40774,721,82630,0,1,10
40775,721,82631,0,1,9
40776,721,82635,0,1,8
40777,721,82636,103773,1,7
40778,721,82620,0,1,6
40779,721,82619,0,1,5
40780,721,82640,0,1,4
40781,721,82639,0,1,3
40782,721,82637,0,1,2
40783,721,82638,0,1,1
41638,734,109988,0,1,68
41639,734,109990,0,2,67
41640,734,109990,0,1,66
41641,734,109989,0,1,65
41642,734,76033,0,1,64
41643,734,76094,0,1,63
41644,734,76095,0,1,62
41645,734,76105,0,1,61
41646,734,101932,0,1,60
41647,734,101933,0,1,59
41648,734,76123,0,1,58
41649,734,76091,0,1,57
41650,734,76122,0,2,56
41651,734,76122,0,1,55
41652,734,76109,0,1,54
41653,734,76099,0,1,53
41654,734,76092,0,1,52
41655,734,106790,0,1,51
41656,734,76121,0,1,50
41657,734,76106,0,1,49
41658,734,102009,0,1,48
41659,734,101930,0,1,47
41660,734,101931,0,1,46
41661,734,101929,0,1,45
41662,734,76112,0,1,44
41663,734,76113,0,1,43
41664,734,76118,0,1,42
41665,734,76117,0,1,41
41666,734,76103,0,1,40
41667,734,109258,0,1,39
41668,734,76096,0,1,38
41669,734,76114,0,1,37
41670,734,76116,0,1,36
41671,734,76115,0,1,35
41672,734,76053,0,1,34
41673,734,110030,0,1,33
41674,734,102008,0,1,32
41675,734,76079,0,2,31
41676,734,76079,0,1,30
41677,734,102007,0,1,29
41678,734,76080,0,1,28
41679,734,76054,0,2,27
41680,734,76054,0,1,26
41681,734,76056,0,1,25
41682,734,76051,0,1,24
41683,734,76044,0,1,23
41684,734,76058,0,1,22
41685,734,76087,0,1,21
41686,734,76078,0,1,20
41687,734,76064,136526,1,19
41688,734,76046,0,1,18
41689,734,76065,0,1,17
41690,734,76076,0,1,16
41691,734,76061,0,1,15
41692,734,76085,0,1,14
41693,734,76066,0,1,13
41694,734,76083,0,1,12
41695,734,76052,0,2,11
41696,734,76052,0,1,10
41697,734,76068,0,1,9
41698,734,76084,0,1,8
41699,734,76073,0,1,7
41700,734,76072,0,1,6
41701,734,76069,0,2,5
41702,734,76069,0,1,4
41703,734,76067,0,1,3
41704,734,76071,0,1,2
41705,734,76045,0,1,1
41706,735,109928,0,1,68
41707,735,109929,0,2,67
41708,735,109929,0,1,66
41709,735,109930,0,1,65
41710,735,102244,0,1,64
41711,735,76132,0,1,63
41712,735,76041,0,1,62
41713,735,76125,0,1,61
41714,735,76133,0,1,60
41715,735,76131,0,1,59
41716,735,76172,0,1,58
41717,735,76127,0,1,57
41718,735,76128,0,1,56
41719,735,102243,0,1,55
41720,735,76142,0,1,54
41721,735,76141,0,1,53
41722,735,76166,0,1,52
41723,735,76137,0,1,51
41724,735,76043,0,1,50
41725,735,76143,0,1,49
41726,735,76042,136213,1,48
41727,735,76135,0,1,47
41728,735,76130,0,1,46
41729,735,76129,0,1,45
41730,735,76138,0,1,44
41731,735,76146,0,1,43
41732,735,76144,0,1,42
41733,735,76126,0,2,41
41734,735,76126,0,1,40
41735,735,76171,0,1,39
41736,735,76170,0,1,38
41737,735,76173,0,1,37
41738,735,76168,0,1,36
41739,735,76169,0,1,35
41740,735,76055,0,1,34
41741,735,102007,0,1,33
41742,735,102008,0,1,32
41743,735,76088,0,1,31
41744,735,76079,0,2,30
41745,735,76079,0,1,29
41746,735,76080,0,1,28
41747,735,76051,0,1,27
41748,735,76054,0,2,26
41749,735,76054,0,1,25
41750,735,76056,0,1,24
41751,735,76074,96203,1,23
41752,735,76087,0,1,22
41753,735,76064,136526,1,21
41754,735,76078,0,1,20
41755,735,76058,0,1,19
41756,735,76076,0,1,18
41757,735,76061,0,1,17
41758,735,76046,0,1,16
41759,735,76065,0,1,15
41760,735,76085,0,1,14
41761,735,76083,0,1,13
41762,735,76066,0,1,12
41763,735,76069,0,2,11
41764,735,76069,0,1,10
41765,735,76068,0,1,9
41766,735,76052,0,2,8
41767,735,76052,0,1,7
41768,735,76084,0,1,6
41769,735,76073,0,1,5
41770,735,76072,0,1,4
41771,735,76067,0,1,3
41772,735,76045,0,1,2
41773,735,76081,0,1,1
43026,753,101208,0,1,75
43027,753,101046,0,1,74
43028,753,109878,0,1,73
43029,753,109879,0,2,72
43030,753,109879,0,1,71
43031,753,109880,0,1,70
43032,753,101044,124816,1,69
43033,753,101045,0,1,68
43034,753,101209,0,1,67
43035,753,104129,0,1,66
43036,753,104128,0,1,65
43037,753,101210,0,1,64
43038,753,101041,0,1,63
43039,753,101204,0,1,62
43040,753,101040,0,1,61
43041,753,101212,0,1,60
43042,753,101206,0,1,59
43043,753,101203,125010,1,58
43044,753,101211,0,1,57
43045,753,101038,0,1,56
43046,753,101056,0,1,55
43047,753,101214,0,1,54
43048,753,101062,0,1,53
43049,753,101207,125014,1,52
43050,753,101057,124830,1,51
43051,753,101215,0,1,50
43052,753,101216,0,1,49
43053,753,101205,0,1,48
43054,753,101053,0,1,47
43055,753,101055,0,1,46
43056,753,101049,0,1,45
43057,753,101039,0,1,44
43058,753,101054,0,1,43
43059,753,101037,0,1,42
43060,753,101036,0,1,41
43061,753,101217,0,1,40
43062,753,101048,0,1,39
43063,753,101218,0,1,38
43064,753,101176,124973,1,37
43065,753,101171,0,1,36
43066,753,101170,0,1,35
43067,753,101168,0,1,34
43068,753,101169,0,2,33
43069,753,101169,0,1,32
43070,753,110022,136514,1,31
43071,753,101177,0,1,30
43072,753,101178,0,1,29
43073,753,101179,0,2,28
43074,753,101179,0,1,27
43075,753,101174,124970,1,26
43076,753,101175,0,1,25
43077,753,101162,0,1,24
43078,753,110024,0,1,23
43079,753,110025,0,1,22
43080,753,101184,0,2,21
43081,753,101184,0,1,20
43082,753,101137,0,1,19
43083,753,101140,0,1,18
43084,753,101182,0,1,17
43085,753,101183,124982,1,16
43086,753,101165,0,1,15
43087,753,101173,0,1,14
43088,753,101136,124926,1,13
43089,753,101159,0,1,12
43090,753,101166,0,2,11
43091,753,101166,0,1,10
43092,753,101167,0,1,9
43093,753,101160,0,1,8
43094,753,110023,0,1,7
43095,753,101146,0,1,6
43096,753,110098,0,1,5
43097,753,101153,0,1,4
43098,753,101149,124939,1,3
43099,753,101147,0,1,2
43100,753,101185,0,1,1
43101,754,109514,0,1,74
43102,754,109515,0,2,73
43103,754,109515,0,1,72
43104,754,109516,0,1,71
43105,754,101116,0,1,70
43106,754,101115,0,1,69
43107,754,101101,0,1,68
43108,754,101102,128221,1,67
43109,754,101127,0,1,66
43110,754,101123,0,1,65
43111,754,101124,0,2,64
43112,754,101124,0,1,63
43113,754,101117,124900,1,62
43114,754,101114,0,2,61
43115,754,101114,0,1,60
43116,754,101126,0,1,59
43117,754,101113,124895,1,58
43118,754,101092,0,1,57
43119,754,101121,0,1,56
43120,754,101111,0,2,55
43121,754,101111,0,1,54
43122,754,101109,0,1,53
43123,754,101098,124878,1,52
43124,754,101099,0,1,51
43125,754,101095,124874,1,50
43126,754,101093,124871,1,49
43127,754,101128,0,1,48
43128,754,101129,124915,1,47
43129,754,101104,124885,1,46
43130,754,101097,0,1,45
43131,754,101131,124919,1,44
43132,754,101132,0,1,43
43133,754,101110,0,1,42
43134,754,101107,0,1,41
43135,754,101096,0,1,40
43136,754,101133,0,1,39
43137,754,101134,0,1,38
43138,754,101180,0,1,37
43139,754,101171,0,1,36
43140,754,110021,0,1,35
43141,754,101175,0,1,34
43142,754,101177,0,1,33
43143,754,101179,0,2,32
43144,754,101179,0,1,31
43145,754,101174,124970,1,30
43146,754,101170,0,1,29
43147,754,101168,0,1,28
43148,754,101169,0,2,27
43149,754,101169,0,1,26
43150,754,101157,0,1,25
43151,754,101164,124958,1,24
43152,754,101158,124951,1,23
43153,754,110027,0,1,22
43154,754,101089,0,1,21
43155,754,101140,0,1,20
43156,754,101139,0,1,19
43157,754,101182,0,1,18
43158,754,101183,124982,1,17
43159,754,101184,0,2,16
43160,754,101184,0,1,15
43161,754,110019,0,1,14
43162,754,101165,0,1,13
43163,754,101173,0,1,12
43164,754,101136,124926,1,11
43165,754,102432,0,1,10
43166,754,101167,0,1,9
43167,754,101160,0,1,8
43168,754,110026,136516,1,7
43169,754,101146,0,1,6
43170,754,101185,0,1,5
43171,754,101153,0,1,4
43172,754,101147,0,1,3
43173,754,101144,0,1,2
43174,754,101143,0,1,1
44251,770,108627,0,1,75
44252,770,110165,0,2,74
44253,770,110165,0,1,73
44254,770,109871,0,2,72
44255,770,109871,0,1,71
44256,770,110166,0,1,70
44257,770,107345,0,1,69
44258,770,110172,0,1,68
44259,770,110169,0,1,67
44260,770,110168,0,1,66
44261,770,108123,133512,1,65
44262,770,107341,0,1,64
44263,770,108999,0,1,63
44264,770,109000,0,2,62
44265,770,109000,0,1,61
44266,770,109001,0,1,60
44267,770,108143,0,2,59
44268,770,108143,0,1,58
44269,770,107774,0,1,57
44270,770,107338,0,2,56
44271,770,107338,0,1,55
44272,770,108628,0,2,54
44273,770,108628,0,1,53
44274,770,110009,0,1,52
44275,770,108144,0,1,51
44276,770,107775,0,1,50
44277,770,108122,0,1,49
44278,770,107999,0,1,48
44279,770,107342,0,1,47
44280,770,107770,0,1,46
44281,770,107339,0,1,45
44282,770,108726,134279,1,44
44283,770,108727,135730,1,43
44284,770,107340,0,1,42
44285,770,107343,0,1,41
44286,770,107771,0,1,40
44287,770,107344,0,1,39
44288,770,107336,0,1,38
44289,770,110010,0,1,37
44290,770,90996,0,2,36
44291,770,90996,0,1,35
44292,770,90934,0,1,34
44293,770,90997,0,1,33
44294,770,90949,0,2,32
44295,770,90949,0,1,31
44296,770,95149,0,1,30
44297,770,90928,0,1,29
44298,770,91002,0,1,28
44299,770,110011,0,1,27
44300,770,95152,0,1,26
44301,770,90929,0,1,25
44302,770,91000,0,2,24
44303,770,91000,0,1,23
44304,770,90935,0,2,22
44305,770,90935,0,1,21
44306,770,107346,0,1,20
44307,770,90936,0,2,19
44308,770,90936,0,1,18
44309,770,90939,0,1,17
44310,770,91004,0,2,16
44311,770,91004,0,1,15
44312,770,90927,112837,1,14
44313,770,90933,0,1,13
44314,770,90999,0,1,12
44315,770,95150,0,1,11
44316,770,90937,0,1,10
44317,770,95154,0,1,9
44318,770,90938,0,1,8
44319,770,107347,0,1,7
44320,770,90931,0,1,6
44321,770,91007,0,1,5
44322,770,90948,0,1,4
44323,770,90950,0,1,3
44324,770,90941,0,1,2
44325,770,90942,0,1,1
44816,778,93346,0,1,75
44817,778,93347,0,1,74
44818,778,93297,0,1,73
44819,778,93298,0,1,72
44820,778,93715,0,1,71
44821,778,93344,0,1,70
44822,778,93348,0,1,69
44823,778,93307,0,1,68
44824,778,93343,0,1,67
44825,778,93342,0,1,66
44826,778,110065,0,1,65
44827,778,93308,0,1,64
44828,778,93352,0,1,63
44829,778,93345,0,1,62
44830,778,93354,0,1,61
44831,778,93349,0,2,60
44832,778,93349,0,1,59
44833,778,93299,0,1,58
44834,778,93355,0,2,57
44835,778,93355,0,1,56
44836,778,93300,0,1,55
44837,778,93309,0,1,54
44838,778,93353,0,1,53
44839,778,110064,0,1,52
44840,778,93310,0,2,51
44841,778,93310,0,1,50
44842,778,93290,0,1,49
44843,778,93295,0,2,48
44844,778,93350,0,1,47
44845,778,93295,0,1,46
44846,778,93301,0,1,45
44847,778,93302,0,2,44
44848,778,93311,0,1,43
44849,778,93302,0,1,42
44850,778,93289,0,1,41
44851,778,103843,0,1,40
44852,778,93304,0,1,39
44853,778,93321,0,1,38
44854,778,93315,0,1,37
44855,778,93322,0,1,36
44856,778,93313,0,1,35
44857,778,110183,0,1,34
44858,778,110184,0,2,33
44859,778,110184,0,1,32
44860,778,110185,0,1,31
44861,778,93326,0,1,30
44862,778,93365,0,1,29
44863,778,93279,0,1,28
44864,778,93314,0,1,27
44865,778,93366,0,1,26
44866,778,93272,0,1,25
44867,778,93324,0,1,24
44868,778,93325,0,1,23
44869,778,93323,0,1,22
44870,778,93327,0,1,21
44871,778,93317,0,1,20
44872,778,93316,0,1,19
44873,778,93318,115630,1,18
44874,778,93329,0,2,17
44875,778,93329,0,1,16
44876,778,93280,0,1,15
44877,778,93328,0,1,14
44878,778,93281,0,2,13
44879,778,93281,0,1,12
44880,778,93320,0,1,11
44881,778,93319,0,1,10
44882,778,93330,0,1,9
44883,778,93284,0,1,8
44884,778,93273,0,1,7
44885,778,93275,0,1,6
44886,778,93331,0,1,5
44887,778,93332,0,1,4
44888,778,93333,0,1,3
44889,778,93285,0,1,2
44890,778,93334,0,1,1
44891,779,109887,0,1,68
44892,779,109888,0,2,67
44893,779,109888,0,1,66
44894,779,109889,0,1,65
44895,779,109194,0,1,64
44896,779,80949,0,1,63
44897,779,92219,114291,1,62
44898,779,80950,0,2,61
44899,779,80950,0,1,60
44900,779,80951,0,1,59
44901,779,109190,0,1,58
44902,779,109193,0,1,57
44903,779,80962,0,1,56
44904,779,80959,0,1,55
44905,779,109909,0,1,54
44906,779,109192,0,1,53
44907,779,80947,0,1,52
44908,779,80953,0,1,51
44909,779,80954,0,1,50
44910,779,103871,0,1,49
44911,779,80961,0,1,48
44912,779,80944,0,1,47
44913,779,80967,0,1,46
44914,779,80960,0,1,45
44915,779,103642,0,1,44
44916,779,80938,0,1,43
44917,779,80943,0,1,42
44918,779,80939,0,1,41
44919,779,80968,0,1,40
44920,779,80969,0,1,39
44921,779,80974,0,1,38
44922,779,80942,0,1,37
44923,779,80958,0,1,36
44924,779,80941,0,1,35
44925,779,103601,0,1,34
44926,779,103602,0,1,33
44927,779,103625,0,1,32
44928,779,109387,0,1,31
44929,779,109388,0,1,30
44930,779,103587,0,1,29
44931,779,103593,127868,1,28
44932,779,103586,0,1,27
44933,779,103628,0,1,26
44934,779,103615,0,1,25
44935,779,103613,0,1,24
44936,779,103606,0,1,23
44937,779,103617,0,2,22
44938,779,103617,0,1,21
44939,779,103607,127883,1,20
44940,779,103627,0,1,19
44941,779,103618,0,2,18
44942,779,103618,0,1,17
44943,779,103596,0,1,16
44944,779,103590,0,1,15
44945,779,103591,127864,1,14
44946,779,103579,0,1,13
44947,779,110085,0,1,12
44948,779,103582,0,2,11
44949,779,103582,0,1,10
44950,779,103614,0,2,9
44951,779,103614,0,1,8
44952,779,103611,127888,1,7
44953,779,103616,0,1,6
44954,779,103583,0,1,5
44955,779,103581,127854,1,4
44956,779,103605,0,1,3
44957,779,103610,0,1,2
44958,779,103588,0,1,1
45102,782,109994,0,1,68
45103,782,109995,0,2,67
45104,782,109995,0,1,66
45105,782,109996,0,1,65
45106,782,82110,0,2,64
45107,782,82110,0,1,63
45108,782,82093,103153,1,62
45109,782,82095,0,1,61
45110,782,82096,0,1,60
45111,782,82111,134211,1,59
45112,782,82112,0,1,58
45113,782,82114,103178,1,57
45114,782,82115,0,2,56
45115,782,82115,0,1,55
45116,782,82103,0,1,54
45117,782,82107,103169,1,53
45118,782,82100,0,1,52
45119,782,82105,0,1,51
45120,782,82106,0,1,50
45121,782,82104,0,1,49
45122,782,82091,0,1,48
45123,782,82088,0,1,47
45124,782,82117,0,1,46
45125,782,82101,0,1,45
45126,782,82116,0,1,44
45127,782,82118,0,1,43
45128,782,82085,0,1,42
45129,782,82098,103159,1,41
45130,782,82119,0,1,40
45131,782,82120,0,1,39
45132,782,82102,0,1,38
45133,782,82122,0,1,37
45134,782,82123,0,1,36
45135,782,82124,0,1,35
45136,782,82243,0,1,34
45137,782,92229,0,1,33
45138,782,82230,0,1,32
45139,782,104082,0,1,31
45140,782,82237,103316,1,30
45141,782,100176,0,1,29
45142,782,100175,0,1,28
45143,782,104078,128580,1,27
45144,782,82233,0,2,26
45145,782,82233,0,1,25
45146,782,104081,0,1,24
45147,782,82221,0,1,23
45148,782,82209,0,1,22
45149,782,100177,0,2,21
45150,782,82207,128589,1,20
45151,782,100177,0,1,19
45152,782,82235,0,1,18
45153,782,82232,0,1,17
45154,782,82206,0,1,16
45155,782,82234,0,1,15
45156,782,82229,103307,1,14
45157,782,82236,0,1,13
45158,782,82228,0,1,12
45159,782,82198,103275,1,11
45160,782,82242,0,1,10
45161,782,82224,0,1,9
45162,782,82241,0,1,8
45163,782,82218,0,1,7
45164,782,104085,0,1,6
45165,782,82219,0,1,5
45166,782,82220,0,1,4
45167,782,82225,0,2,3
45168,782,82225,0,1,2
45169,782,82239,0,1,1
46271,799,76152,0,2,68
46272,799,76152,0,1,67
46273,799,109456,0,1,66
46274,799,109457,0,2,65
46275,799,109457,0,1,64
46276,799,108125,0,1,63
46277,799,76182,0,1,62
46278,799,76149,0,2,61
46279,799,76149,0,1,60
46280,799,109458,0,1,59
46281,799,76150,0,2,58
46282,799,76150,0,1,57
46283,799,108126,0,1,56
46284,799,110260,0,1,55
46285,799,76184,0,1,54
46286,799,110259,0,1,53
46287,799,76176,96311,1,52
46288,799,76155,0,1,51
46289,799,76193,0,1,50
46290,799,76187,0,1,49
46291,799,101882,0,1,48
46292,799,108151,0,1,47
46293,799,76178,0,1,46
46294,799,76196,0,1,45
46295,799,76148,0,1,44
46296,799,108130,0,1,43
46297,799,76186,133365,1,42
46298,799,76162,0,1,41
46299,799,76185,0,1,40
46300,799,108131,0,1,39
46301,799,108129,0,1,38
46302,799,76191,0,1,37
46303,799,76190,0,1,36
46304,799,76189,0,1,35
46305,799,76044,0,1,34
46306,799,76054,0,2,33
46307,799,76054,0,1,32
46308,799,102007,0,1,31
46309,799,76050,0,1,30
46310,799,76079,0,2,29
46311,799,76079,0,1,28
46312,799,76080,0,1,27
46313,799,76051,0,1,26
46314,799,76055,0,1,25
46315,799,76056,0,1,24
46316,799,76074,96203,1,23
46317,799,76058,0,1,22
46318,799,76087,0,1,21
46319,799,76078,0,1,20
46320,799,76046,0,1,19
46321,799,76064,136526,1,18
46322,799,76065,0,1,17
46323,799,76076,0,1,16
46324,799,76085,0,1,15
46325,799,76068,0,1,14
46326,799,76066,0,1,13
46327,799,76084,0,1,12
46328,799,76052,0,2,11
46329,799,76052,0,1,10
46330,799,76069,0,2,9
46331,799,76069,0,1,8
46332,799,76061,0,1,7
46333,799,110029,0,1,6
46334,799,76045,0,1,5
46335,799,76081,0,1,4
46336,799,76067,0,1,3
46337,799,76071,0,1,2
46338,799,76073,0,1,1
46339,800,82243,0,1,69
46340,800,99807,123295,1,68
46341,800,92586,0,1,67
46342,800,82145,0,1,66
46343,800,82134,0,1,65
46344,800,110068,0,1,64
46345,800,110069,0,2,63
46346,800,110069,0,1,62
46347,800,110070,0,1,61
46348,800,82142,0,1,60
46349,800,82147,103214,1,59
46350,800,82159,0,1,58
46351,800,82135,0,1,57
46352,800,82154,0,2,56
46353,800,82154,0,1,55
46354,800,82136,103201,1,54
46355,800,82161,103231,1,53
46356,800,82148,0,1,52
46357,800,82146,0,2,51
46358,800,82146,0,1,50
46359,800,92587,0,1,49
46360,800,82152,103220,1,48
46361,800,92226,0,1,47
46362,800,82143,0,2,46
46363,800,82143,0,1,45
46364,800,82137,0,1,44
46365,800,109377,135491,1,43
46366,800,82140,0,1,42
46367,800,82160,0,1,41
46368,800,82131,0,1,40
46369,800,92585,136806,1,39
46370,800,82149,0,1,38
46371,800,92227,0,1,37
46372,800,82126,0,1,36
46373,800,82129,0,1,35
46374,800,82127,0,1,34
46375,800,82244,0,1,33
46376,800,104082,0,1,32
46377,800,100174,0,1,31
46378,800,100175,0,1,30
46379,800,92229,0,1,29
46380,800,104080,0,1,28
46381,800,104081,0,1,27
46382,800,82230,0,1,26
46383,800,82231,0,1,25
46384,800,104078,128580,1,24
46385,800,82233,0,2,23
46386,800,82233,0,1,22
46387,800,100176,0,1,21
46388,800,82236,0,1,20
46389,800,82234,0,1,19
46390,800,82229,103307,1,18
46391,800,82207,128589,1,17
46392,800,82232,0,1,16
46393,800,82206,0,1,15
46394,800,82214,0,2,14
46395,800,82214,0,1,13
46396,800,82235,0,1,12
46397,800,82198,103276,1,11
46398,800,82228,0,1,10
46399,800,82242,0,1,9
46400,800,82241,0,1,8
46401,800,82239,0,1,7
46402,800,82199,0,1,6
46403,800,104085,0,1,5
46404,800,82225,0,2,4
46405,800,82225,0,1,3
46406,800,82219,0,1,2
46407,800,82227,0,1,1
46680,805,109918,0,1,68
46681,805,109919,0,2,67
46682,805,109919,0,1,66
46683,805,109920,0,1,65
46684,805,108032,0,1,64
46685,805,88200,0,2,63
46686,805,88200,0,1,62
46687,805,88213,0,1,61
46688,805,88224,109859,1,60
46689,805,88206,109839,1,59
46690,805,88214,0,2,58
46691,805,88214,0,1,57
46692,805,88220,0,1,56
46693,805,88236,109872,1,55
46694,805,110279,136832,1,54
46695,805,103847,0,1,53
46696,805,88222,0,1,52
46697,805,88207,0,2,51
46698,805,88207,0,1,50
46699,805,88227,0,2,49
46700,805,88227,0,1,48
46701,805,88212,0,1,47
46702,805,88219,0,1,46
46703,805,88221,109855,1,45
46704,805,88204,0,1,44
46705,805,88215,0,1,43
46706,805,88209,109843,1,42
46707,805,88208,0,1,41
46708,805,88201,0,1,40
46709,805,91048,0,1,39
46710,805,88203,0,1,38
46711,805,88231,0,1,37
46712,805,88225,0,1,36
46713,805,88223,0,1,35
46714,805,82243,0,1,34
46715,805,82230,0,1,33
46716,805,92229,0,1,32
46717,805,100175,0,1,31
46718,805,82237,103316,1,30
46719,805,104082,0,1,29
46720,805,100176,0,1,28
46721,805,104080,0,1,27
46722,805,104078,128579,1,26
46723,805,82233,0,2,25
46724,805,82233,0,1,24
46725,805,104083,0,1,23
46726,805,82209,0,1,22
46727,805,100177,0,2,21
46728,805,100177,0,1,20
46729,805,82207,128589,1,19
46730,805,82236,0,1,18
46731,805,82234,0,1,17
46732,805,82229,103307,1,16
46733,805,82235,0,1,15
46734,805,82206,0,1,14
46735,805,82232,0,1,13
46736,805,82198,103275,1,12
46737,805,82228,0,1,11
46738,805,100223,0,1,10
46739,805,82210,0,1,9
46740,805,82218,0,1,8
46741,805,82241,0,1,7
46742,805,104085,0,1,6
46743,805,82219,0,1,5
46744,805,82220,0,1,4
46745,805,82214,0,2,3
46746,805,82214,0,1,2
46747,805,93714,0,1,1
46823,807,93197,0,1,68
46824,807,93223,0,1,67
46825,807,93226,0,1,66
46826,807,93369,115686,1,65
46827,807,93232,0,1,64
46828,807,102248,0,1,63
46829,807,93205,0,1,62
46830,807,93229,0,1,61
46831,807,109501,0,1,60
46832,807,109500,0,2,59
46833,807,109500,0,1,58
46834,807,109502,0,1,57
46835,807,93212,0,1,56
46836,807,93207,0,1,55
46837,807,93211,115511,1,54
46838,807,93368,0,1,53
46839,807,93209,0,1,52
46840,807,93206,0,1,51
46841,807,93218,0,1,50
46842,807,93382,0,1,49
46843,807,93225,0,1,48
46844,807,93367,0,1,47
46845,807,93358,0,1,46
46846,807,93195,0,1,45
46847,807,93222,0,1,44
46848,807,93221,115521,1,43
46849,807,93219,0,1,42
46850,807,93234,0,1,41
46851,807,93203,0,1,40
46852,807,93199,0,1,39
46853,807,93208,0,1,38
46854,807,93200,0,1,37
46855,807,93220,0,1,36
46856,807,93198,0,1,35
46857,807,93271,0,1,34
46858,807,93307,0,1,33
46859,807,93348,0,1,32
46860,807,93351,115666,1,31
46861,807,93352,0,1,30
46862,807,93287,0,1,29
46863,807,93288,0,1,28
46864,807,93342,0,1,27
46865,807,93343,0,1,26
46866,807,110065,0,1,25
46867,807,93308,0,1,24
46868,807,93309,0,1,23
46869,807,93299,0,1,22
46870,807,93355,0,2,21
46871,807,93355,0,1,20
46872,807,93354,0,1,19
46873,807,93300,0,1,18
46874,807,93286,0,1,17
46875,807,93349,0,2,16
46876,807,93349,0,1,15
46877,807,93350,0,1,14
46878,807,93310,0,2,13
46879,807,93310,0,1,12
46880,807,93311,0,1,11
46881,807,93312,0,1,10
46882,807,93289,0,1,9
46883,807,103844,0,1,8
46884,807,93290,0,1,7
46885,807,93294,0,1,6
46886,807,93295,0,2,5
46887,807,93295,0,1,4
46888,807,93341,0,1,3
46889,807,93306,0,1,2
46890,807,103843,0,1,1
46891,808,93243,115546,1,68
46892,808,93269,0,1,67
46893,808,99803,0,1,66
46894,808,93268,0,2,65
46895,808,93268,0,1,64
46896,808,99804,0,1,63
46897,808,93236,0,2,62
46898,808,93236,0,1,61
46899,808,93237,0,1,60
46900,808,93267,115573,1,59
46901,808,109467,0,1,58
46902,808,109468,0,2,57
46903,808,109468,0,1,56
46904,808,109459,0,1,55
46905,808,93254,0,2,54
46906,808,93254,0,1,53
46907,808,93255,0,1,52
46908,808,93248,0,1,51
46909,808,93247,0,2,50
46910,808,93247,0,1,49
46911,808,93250,0,1,48
46912,808,93242,115544,1,47
46913,808,93245,0,1,46
46914,808,93258,115563,1,45
46915,808,93257,0,1,44
46916,808,93336,0,1,43
46917,808,93238,0,1,42
46918,808,93253,0,1,41
46919,808,93337,0,1,40
46920,808,93239,0,1,39
46921,808,93241,0,1,38
46922,808,93338,0,1,37
46923,808,93240,0,1,36
46924,808,93339,0,1,35
46925,808,93342,0,1,34
46926,808,93343,0,1,33
46927,808,110065,0,1,32
46928,808,93308,0,1,31
46929,808,93351,115666,1,30
46930,808,93352,0,1,29
46931,808,93287,0,1,28
46932,808,93288,0,1,27
46933,808,93346,0,1,26
46934,808,93347,0,2,25
46935,808,93347,0,1,24
46936,808,93290,0,1,23
46937,808,93271,0,1,22
46938,808,93291,0,1,21
46939,808,93292,0,2,20
46940,808,93292,0,1,19
46941,808,93294,0,1,18
46942,808,93309,0,1,17
46943,808,93355,0,2,16
46944,808,93355,0,1,15
46945,808,93354,0,1,14
46946,808,93300,0,1,13
46947,808,93348,0,1,12
46948,808,93349,0,2,11
46949,808,93349,0,1,10
46950,808,93350,0,1,9
46951,808,93289,0,1,8
46952,808,93311,0,1,7
46953,808,93312,0,1,6
46954,808,93305,0,1,5
46955,808,103843,0,1,4
46956,808,93304,0,1,3
46957,808,93295,0,2,2
46958,808,93295,0,1,1
47027,810,109494,0,1,68
47028,810,109495,0,2,67
47029,810,109495,0,1,66
47030,810,109496,0,1,65
47031,810,102268,0,1,64
47032,810,109312,0,2,63
47033,810,109312,0,1,62
47034,810,102281,0,2,61
47035,810,102281,0,1,60
47036,810,110161,0,1,59
47037,810,109320,0,2,58
47038,810,109320,0,1,57
47039,810,109470,0,1,56
47040,810,109323,0,1,55
47041,810,109307,135498,1,54
47042,810,109305,0,1,53
47043,810,102279,0,1,52
47044,810,102289,0,1,51
47045,810,109310,0,1,50
47046,810,109311,0,1,49
47047,810,102282,126342,1,48
47048,810,109313,0,1,47
47049,810,109319,0,1,46
47050,810,109316,135507,1,45
47051,810,110162,0,1,44
47052,810,109309,135500,1,43
47053,810,109321,0,1,42
47054,810,102272,0,1,41
47055,810,109324,0,1,40
47056,810,102263,0,1,39
47057,810,102285,0,1,38
47058,810,102262,0,1,37
47059,810,102264,0,1,36
47060,810,102255,0,1,35
47061,810,110155,136675,1,34
47062,810,102387,0,1,33
47063,810,102409,0,2,32
47064,810,102409,0,1,31
47065,810,109486,0,1,30
47066,810,110164,136685,1,29
47067,810,102389,0,1,28
47068,810,102416,0,2,27
47069,810,102416,0,1,26
47070,810,102391,0,1,25
47071,810,103989,0,1,24
47072,810,102404,0,1,23
47073,810,102383,0,1,22
47074,810,102384,0,2,21
47075,810,102384,0,1,20
47076,810,102380,0,1,19
47077,810,109483,0,1,18
47078,810,102424,0,1,17
47079,810,109487,0,2,16
47080,810,109487,0,1,15
47081,810,102396,0,2,14
47082,810,102396,0,1,13
47083,810,102390,0,1,12
47084,810,102393,126457,1,11
47085,810,102395,0,1,10
47086,810,102401,0,2,9
47087,810,102401,0,1,8
47088,810,102381,0,1,7
47089,810,110157,0,1,6
47090,810,79837,0,1,5
47091,810,109485,0,1,4
47092,810,102406,0,1,3
47093,810,102423,0,1,2
47094,810,102411,0,1,1
47095,811,110177,0,1,68
47096,811,110178,0,2,67
47097,811,110178,0,1,66
47098,811,110179,0,1,65
47099,811,103952,0,1,64
47100,811,103987,0,1,63
47101,811,103950,0,2,62
47102,811,103950,0,1,61
47103,811,103981,128403,1,60
47104,811,103960,0,1,59
47105,811,103956,0,1,58
47106,811,109938,0,1,57
47107,811,103966,0,1,56
47108,811,103958,128379,1,55
47109,811,104126,0,1,54
47110,811,109491,0,1,53
47111,811,103972,128715,1,52
47112,811,109490,0,1,51
47113,811,103974,0,1,50
47114,811,110208,0,1,49
47115,811,103955,0,1,48
47116,811,103959,128380,1,47
47117,811,103964,0,1,46
47118,811,103984,0,1,45
47119,811,103947,0,1,44
47120,811,103986,128408,1,43
47121,811,104130,0,1,42
47122,811,103975,0,1,41
47123,811,104127,128710,1,40
47124,811,103957,128378,1,39
47125,811,107289,0,1,38
47126,811,103977,0,1,37
47127,811,103961,0,1,36
47128,811,103982,0,1,35
47129,811,102418,0,1,34
47130,811,110155,136675,1,33
47131,811,102387,0,1,32
47132,811,102409,0,2,31
47133,811,102409,0,1,30
47134,811,109486,0,1,29
47135,811,110164,136685,1,28
47136,811,102389,0,1,27
47137,811,102416,0,2,26
47138,811,102416,0,1,25
47139,811,102391,0,1,24
47140,811,109484,0,1,23
47141,811,102384,0,2,22
47142,811,102384,0,1,21
47143,811,109483,0,1,20
47144,811,109487,0,2,19
47145,811,109487,0,1,18
47146,811,102390,0,1,17
47147,811,102424,0,1,16
47148,811,102396,0,2,15
47149,811,102396,0,1,14
47150,811,102404,0,1,13
47151,811,102393,126457,1,12
47152,811,102395,0,1,11
47153,811,102380,0,1,10
47154,811,102401,0,2,9
47155,811,102401,0,1,8
47156,811,102381,0,1,7
47157,811,110157,0,1,6
47158,811,102402,0,1,5
47159,811,109485,0,1,4
47160,811,102406,0,1,3
47161,811,102423,0,1,2
47162,811,102411,0,1,1
47449,816,109875,0,1,68
47450,816,109877,0,2,67
47451,816,109877,0,1,66
47452,816,109876,0,1,65
47453,816,109866,0,1,64
47454,816,109865,0,2,63
47455,816,109865,0,1,62
47456,816,109851,0,1,61
47457,816,109857,0,1,60
47458,816,72033,0,1,59
47459,816,102247,0,1,58
47460,816,109864,0,1,57
47461,816,109863,0,1,56
47462,816,109849,0,1,55
47463,816,72046,0,1,54
47464,816,110269,0,1,53
47465,816,72041,0,1,52
47466,816,72037,91558,1,51
47467,816,72058,0,2,50
47468,816,72058,0,1,49
47469,816,71987,0,1,48
47470,816,109858,0,1,47
47471,816,110270,0,1,46
47472,816,72034,0,1,45
47473,816,72055,0,2,44
47474,816,72055,0,1,43
47475,816,72051,91572,1,42
47476,816,109861,0,1,41
47477,816,72045,91566,1,40
47478,816,72047,0,1,39
47479,816,72032,0,1,38
47480,816,72050,0,1,37
47481,816,109862,0,1,36
47482,816,72049,0,1,35
47483,816,71955,0,1,34
47484,816,71924,0,2,33
47485,816,71924,0,1,32
47486,816,109848,136108,1,31
47487,816,71941,0,1,30
47488,816,71947,91457,1,29
47489,816,71918,0,1,28
47490,816,71926,0,1,27
47491,816,109842,0,2,26
47492,816,109842,0,1,25
47493,816,71956,91467,1,24
47494,816,71948,0,1,23
47495,816,71949,0,1,22
47496,816,71937,91446,1,21
47497,816,71936,0,1,20
47498,816,109845,0,1,19
47499,816,71942,0,1,18
47500,816,110076,0,1,17
47501,816,71923,0,1,16
47502,816,110075,0,1,15
47503,816,110073,0,1,14
47504,816,110074,0,1,13
47505,816,110072,0,1,12
47506,816,109843,0,1,11
47507,816,109840,0,1,10
47508,816,110071,0,1,9
47509,816,109847,0,1,8
47510,816,109844,0,1,7
47511,816,71922,0,1,6
47512,816,71930,0,1,5
47513,816,71950,0,2,4
47514,816,71950,0,1,3
47515,816,71952,0,2,2
47516,816,71952,0,1,1
47517,817,109931,0,1,68
47518,817,109933,0,2,67
47519,817,109933,0,1,66
47520,817,109932,0,1,65
47521,817,101908,0,1,64
47522,817,101886,0,1,63
47523,817,110200,0,1,62
47524,817,101895,125838,1,61
47525,817,109252,0,1,60
47526,817,101903,0,2,59
47527,817,101903,0,1,58
47528,817,109249,0,2,57
47529,817,109249,0,1,56
47530,817,110201,0,1,55
47531,817,101920,0,1,54
47532,817,101892,0,1,53
47533,817,101909,0,1,52
47534,817,109248,0,1,51
47535,817,110193,0,1,50
47536,817,110194,0,1,49
47537,817,101887,0,2,48
47538,817,101887,0,1,47
47539,817,110191,0,1,46
47540,817,101905,0,1,45
47541,817,101914,0,2,44
47542,817,101914,0,1,43
47543,817,109250,0,1,42
47544,817,109257,0,1,41
47545,817,101888,0,1,40
47546,817,101923,0,1,39
47547,817,110195,0,1,38
47548,817,109244,0,1,37
47549,817,101894,0,1,36
47550,817,71917,0,1,35
47551,817,101891,0,1,34
47552,817,71924,0,2,33
47553,817,71924,0,1,32
47554,817,109848,136108,1,31
47555,817,71941,0,1,30
47556,817,71947,91457,1,29
47557,817,71918,0,1,28
47558,817,71926,0,1,27
47559,817,109842,0,2,26
47560,817,109842,0,1,25
47561,817,71956,91467,1,24
47562,817,71916,115459,1,23
47563,817,71937,91446,1,22
47564,817,71936,0,1,21
47565,817,110076,0,1,20
47566,817,71923,0,1,19
47567,817,109845,0,1,18
47568,817,71942,0,1,17
47569,817,110075,0,1,16
47570,817,110073,0,1,15
47571,817,110074,0,1,14
47572,817,109843,0,1,13
47573,817,109840,0,1,12
47574,817,110072,0,1,11
47575,817,110071,0,1,10
47576,817,109844,0,1,9
47577,817,109847,0,1,8
47578,817,71931,0,1,7
47579,817,71922,0,1,6
47580,817,71930,0,1,5
47581,817,71950,0,2,4
47582,817,71950,0,1,3
47583,817,71952,0,2,2
47584,817,71952,0,1,1
47585,818,103615,0,1,68
47586,818,103613,0,1,67
47587,818,103625,0,1,66
47588,818,103587,0,1,65
47589,818,109388,0,1,64
47590,818,109387,0,1,63
47591,818,103593,127868,1,62
47592,818,103586,0,1,61
47593,818,103620,0,1,60
47594,818,103626,127908,1,59
47595,818,103584,0,1,58
47596,818,103594,0,1,57
47597,818,103601,0,1,56
47598,818,103585,0,1,55
47599,818,103607,127883,1,54
47600,818,103627,0,1,53
47601,818,103606,0,1,52
47602,818,103617,0,2,51
47603,818,103617,0,1,50
47604,818,81073,0,1,49
47605,818,103579,0,1,48
47606,818,110085,0,1,47
47607,818,103582,0,2,46
47608,818,103582,0,1,45
47609,818,103611,127888,1,44
47610,818,103616,0,1,43
47611,818,103581,127854,1,42
47612,818,103598,0,1,41
47613,818,103614,0,2,40
47614,818,103614,0,1,39
47615,818,103591,127865,1,38
47616,818,103590,0,1,37
47617,818,103602,0,1,36
47618,818,103596,0,1,35
47619,818,110032,0,1,34
47620,818,110033,0,2,33
47621,818,110033,0,1,32
47622,818,110034,0,1,31
47623,818,81051,0,1,30
47624,818,103427,0,2,29
47625,818,103427,0,1,28
47626,818,80976,0,1,27
47627,818,81043,0,2,26
47628,818,81043,0,1,25
47629,818,81055,0,1,24
47630,818,81042,0,1,23
47631,818,103915,0,1,22
47632,818,81041,0,1,21
47633,818,81037,0,1,20
47634,818,110084,0,1,19
47635,818,81038,0,1,18
47636,818,103429,0,2,17
47637,818,103429,0,1,16
47638,818,81031,101911,1,15
47639,818,81019,0,1,14
47640,818,81048,0,1,13
47641,818,81049,0,1,12
47642,818,81044,0,1,11
47643,818,103432,0,1,10
47644,818,81047,0,1,9
47645,818,103428,0,1,8
47646,818,81040,0,1,7
47647,818,81033,101913,1,6
47648,818,81032,101912,1,5
47649,818,81018,0,1,4
47650,818,81021,0,1,3
47651,818,81022,0,1,2
47652,818,81027,0,1,1
47653,819,103590,0,1,68
47654,819,103628,0,1,67
47655,819,103605,0,1,66
47656,819,103620,0,1,65
47657,819,109388,0,1,64
47658,819,103587,0,1,63
47659,819,109387,0,1,62
47660,819,103625,0,1,61
47661,819,103586,0,1,60
47662,819,103626,127908,1,59
47663,819,103584,0,1,58
47664,819,103585,0,1,57
47665,819,103594,0,1,56
47666,819,103622,0,1,55
47667,819,103607,127883,1,54
47668,819,103627,0,1,53
47669,819,103617,0,2,52
47670,819,103617,0,1,51
47671,819,103618,0,2,50
47672,819,103618,0,1,49
47673,819,103579,0,1,48
47674,819,103591,127865,1,47
47675,819,103610,0,1,46
47676,819,103615,0,1,45
47677,819,110085,0,1,44
47678,819,103611,127888,1,43
47679,819,103614,0,2,42
47680,819,103614,0,1,41
47681,819,103616,0,1,40
47682,819,103582,0,2,39
47683,819,103582,0,1,38
47684,819,103613,0,1,37
47685,819,103581,127854,1,36
47686,819,103583,0,1,35
47687,819,110052,0,1,34
47688,819,110053,0,2,33
47689,819,110053,0,1,32
47690,819,110054,0,1,31
47691,819,80978,0,1,30
47692,819,80993,0,1,29
47693,819,80996,0,1,28
47694,819,80991,0,1,27
47695,819,81012,0,1,26
47696,819,81002,0,1,25
47697,819,81003,0,1,24
47698,819,103640,127921,1,23
47699,819,80992,0,1,22
47700,819,80989,0,1,21
47701,819,81010,0,1,20
47702,819,80999,101872,1,19
47703,819,80995,0,1,18
47704,819,103638,0,1,17
47705,819,103636,0,1,16
47706,819,103631,127913,1,15
47707,819,110066,0,1,14
47708,819,103639,0,1,13
47709,819,81015,0,1,12
47710,819,103633,0,1,11
47711,819,80998,101871,1,10
47712,819,103635,0,1,9
47713,819,80997,0,1,8
47714,819,80990,0,1,7
47715,819,80985,101855,1,6
47716,819,80981,0,1,5
47717,819,80988,0,1,4
47718,819,81000,101874,1,3
47719,819,80983,0,1,2
47720,819,80984,101854,1,1
47721,820,109869,0,1,68
47722,820,109870,0,2,67
47723,820,109870,0,1,66
47724,820,109868,0,1,65
47725,820,93164,0,2,64
47726,820,93164,0,1,63
47727,820,109369,0,1,62
47728,820,93173,0,1,61
47729,820,93160,0,2,60
47730,820,93160,0,1,59
47731,820,92686,0,1,58
47732,820,81549,0,1,57
47733,820,92854,0,1,56
47734,820,81525,0,1,55
47735,820,109374,136809,1,54
47736,820,81534,0,1,53
47737,820,81541,0,1,52
47738,820,81533,115021,1,51
47739,820,81542,0,1,50
47740,820,93190,0,2,49
47741,820,93190,0,1,48
47742,820,92952,0,2,47
47743,820,92952,0,1,46
47744,820,81512,0,1,45
47745,820,81545,0,1,44
47746,820,109371,0,1,43
47747,820,81523,102493,1,42
47748,820,81532,0,1,41
47749,820,92838,115022,1,40
47750,820,81544,0,1,39
47751,820,81521,114828,1,38
47752,820,92689,0,1,37
47753,820,81527,0,1,36
47754,820,81526,0,1,35
47755,820,103862,0,1,34
47756,820,103856,128309,1,33
47757,820,81608,0,1,32
47758,820,103863,0,1,31
47759,820,103861,0,1,30
47760,820,103851,0,2,29
47761,820,103851,0,1,28
47762,820,103864,0,1,27
47763,820,81621,0,2,26
47764,820,81621,0,1,25
47765,820,103867,0,1,24
47766,820,81607,102595,1,23
47767,820,93189,115481,1,22
47768,820,81597,0,1,21
47769,820,81615,0,1,20
47770,820,81609,0,1,19
47771,820,81617,0,1,18
47772,820,81618,128243,1,17
47773,820,81614,0,1,16
47774,820,81616,0,1,15
47775,820,93181,115468,1,14
47776,820,109368,0,1,13
47777,820,93009,0,2,12
47778,820,93009,0,1,11
47779,820,81630,0,2,10
47780,820,81630,0,1,9
47781,820,109867,0,1,8
47782,820,110012,0,1,7
47783,820,81598,0,1,6
47784,820,110093,0,1,5
47785,820,81631,128251,1,4
47786,820,81605,0,1,3
47787,820,81632,0,1,2
47788,820,109999,0,1,1
47789,821,110035,0,1,68
47790,821,110036,0,2,67
47791,821,110036,0,1,66
47792,821,110037,0,1,65
47793,821,81504,0,1,64
47794,821,81472,0,1,63
47795,821,81491,0,1,62
47796,821,81505,102474,1,61
47797,821,81493,102461,1,60
47798,821,81477,0,1,59
47799,821,81471,0,2,58
47800,821,81471,0,1,57
47801,821,103877,0,1,56
47802,821,81484,0,1,55
47803,821,81612,0,1,54
47804,821,81503,102472,1,53
47805,821,81475,0,1,52
47806,821,81490,0,1,51
47807,821,81483,102447,1,50
47808,821,101928,0,1,49
47809,821,81506,0,1,48
47810,821,81474,0,2,47
47811,821,81474,0,1,46
47812,821,81499,0,1,45
47813,821,81492,0,1,44
47814,821,81486,0,1,43
47815,821,81476,0,1,42
47816,821,81481,0,1,41
47817,821,81498,0,1,40
47818,821,81494,102463,1,39
47819,821,81487,0,1,38
47820,821,81469,102430,1,37
47821,821,81489,0,1,36
47822,821,81502,0,1,35
47823,821,81495,0,1,34
47824,821,81608,0,1,33
47825,821,103863,0,1,32
47826,821,103851,0,2,31
47827,821,103851,0,1,30
47828,821,103864,0,1,29
47829,821,103861,0,1,28
47830,821,81621,0,2,27
47831,821,81621,0,1,26
47832,821,103862,0,1,25
47833,821,103867,0,1,24
47834,821,103860,0,1,23
47835,821,81607,102595,1,22
47836,821,81617,0,1,21
47837,821,81615,0,1,20
47838,821,81609,0,1,19
47839,821,81630,0,2,18
47840,821,81630,0,1,17
47841,821,93165,0,1,16
47842,821,93009,0,2,15
47843,821,93009,0,1,14
47844,821,93192,128244,1,13
47845,821,81479,102443,1,12
47846,821,81616,0,1,11
47847,821,81614,0,1,10
47848,821,110006,0,1,9
47849,821,109999,0,1,8
47850,821,93188,0,1,7
47851,821,81507,0,1,6
47852,821,81631,128251,1,5
47853,821,81605,0,1,4
47854,821,81604,0,1,3
47855,821,81603,0,1,2
47856,821,81510,0,1,1
47857,822,108682,0,1,68
47858,822,108683,0,2,67
47859,822,108683,0,1,66
47860,822,108684,0,1,65
47861,822,81558,0,1,64
47862,822,81591,0,1,63
47863,822,81587,0,2,62
47864,822,81587,0,1,61
47865,822,81592,116205,1,60
47866,822,81595,0,1,59
47867,822,81579,0,1,58
47868,822,81554,102533,1,57
47869,822,81581,0,1,56
47870,822,81584,102569,1,55
47871,822,81580,0,1,54
47872,822,102502,126571,1,53
47873,822,81576,0,1,52
47874,822,81574,0,1,51
47875,822,93523,0,1,50
47876,822,81570,0,1,49
47877,822,81583,0,2,48
47878,822,81583,0,1,47
47879,822,81585,0,1,46
47880,822,93522,0,1,45
47881,822,81562,0,1,44
47882,822,81557,0,1,43
47883,822,81564,0,1,42
47884,822,81568,0,1,41
47885,822,81590,0,1,40
47886,822,81567,0,1,39
47887,822,93927,0,1,38
47888,822,81565,0,1,37
47889,822,81569,0,1,36
47890,822,81555,0,1,35
47891,822,93357,0,1,34
47892,822,103863,0,1,33
47893,822,103856,128309,1,32
47894,822,81608,0,1,31
47895,822,103852,0,1,30
47896,822,103867,0,1,29
47897,822,103851,0,1,28
47898,822,103868,0,1,27
47899,822,81621,0,2,26
47900,822,81621,0,1,25
47901,822,103865,128248,1,24
47902,822,81615,0,1,23
47903,822,81617,0,1,22
47904,822,81607,102595,1,21
47905,822,81609,0,1,20
47906,822,93191,128246,1,19
47907,822,93180,115465,1,18
47908,822,81616,0,1,17
47909,822,81614,0,1,16
47910,822,81630,0,2,15
47911,822,81630,0,1,14
47912,822,81496,102465,1,13
47913,822,81605,0,1,12
47914,822,93009,0,2,11
47915,822,93009,0,1,10
47916,822,81631,128251,1,9
47917,822,81510,0,1,8
47918,822,92220,0,1,7
47919,822,81598,0,1,6
47920,822,109999,0,1,5
47921,822,81613,0,1,4
47922,822,103858,0,2,3
47923,822,103858,0,1,2
47924,822,81508,0,1,1
47994,824,82573,0,1,68
47995,824,82586,0,1,67
47996,824,82568,0,2,66
47997,824,82568,0,1,65
47998,824,82571,103696,1,64
47999,824,82572,0,2,63
48000,824,82572,0,1,62
48001,824,86730,0,1,61
48002,824,109383,0,1,60
48003,824,109384,0,2,59
48004,824,109384,0,1,58
48005,824,109385,0,1,57
48006,824,82602,0,1,56
48007,824,82601,0,1,55
48008,824,82576,0,1,54
48009,824,82597,0,1,53
48010,824,82588,103714,1,52
48011,824,82582,0,1,51
48012,824,82581,0,1,50
48013,824,82577,0,1,49
48014,824,82575,0,1,48
48015,824,82566,0,1,47
48016,824,82590,0,1,46
48017,824,82591,103719,1,45
48018,824,82592,0,1,44
48019,824,82598,0,1,43
48020,824,82564,116182,1,42
48021,824,82596,0,1,41
48022,824,82580,0,1,40
48023,824,82579,0,1,39
48024,824,82595,0,1,38
48025,824,82587,0,1,37
48026,824,82593,0,1,36
48027,824,82594,0,1,35
48028,824,82676,135091,1,34
48029,824,82697,0,2,33
48030,824,82697,0,1,32
48031,824,82675,0,1,31
48032,824,82679,0,1,30
48033,824,82682,0,1,29
48034,824,82673,0,1,28
48035,824,82674,0,1,27
48036,824,82685,0,1,26
48037,824,82686,0,2,25
48038,824,82686,0,1,24
48039,824,109021,0,1,23
48040,824,109020,0,1,22
48041,824,108731,0,1,21
48042,824,82556,0,1,20
48043,824,82687,0,1,19
48044,824,109006,0,1,18
48045,824,109015,0,1,17
48046,824,82684,0,2,16
48047,824,82684,0,1,15
48048,824,109012,0,1,14
48049,824,82678,0,1,13
48050,824,82712,0,1,12
48051,824,82690,0,1,11
48052,824,82702,0,1,10
48053,824,82699,0,1,9
48054,824,109890,0,1,8
48055,824,109917,0,1,7
48056,824,82716,0,1,6
48057,824,82715,0,1,5
48058,824,109009,0,1,4
48059,824,82672,0,1,3
48060,824,82701,0,1,2
48061,824,82703,0,1,1
48212,827,90432,112304,1,68
48213,827,90433,0,1,67
48214,827,90435,0,1,66
48215,827,90434,0,1,65
48216,827,90314,0,1,64
48217,827,90317,0,1,63
48218,827,90312,132885,1,62
48219,827,90315,0,1,61
48220,827,107577,0,1,60
48221,827,107578,0,1,59
48222,827,110057,0,1,58
48223,827,110056,0,2,57
48224,827,110056,0,1,56
48225,827,110055,0,1,55
48226,827,107576,0,1,54
48227,827,90319,0,1,53
48228,827,90449,0,1,52
48229,827,90311,0,2,51
48230,827,90311,0,1,50
48231,827,90318,132881,1,49
48232,827,90448,0,1,48
48233,827,90308,0,1,47
48234,827,90309,0,1,46
48235,827,90301,0,1,45
48236,827,90451,0,1,44
48237,827,90302,0,1,43
48238,827,90296,0,1,42
48239,827,90303,0,1,41
48240,827,90306,0,1,40
48241,827,90304,0,1,39
48242,827,90297,0,1,38
48243,827,90305,0,1,37
48244,827,90298,0,1,36
48245,827,90295,0,1,35
48246,827,108542,0,1,34
48247,827,108543,0,1,33
48248,827,90324,0,2,32
48249,827,90324,0,1,31
48250,827,108685,0,1,30
48251,827,90381,0,2,29
48252,827,90381,0,1,28
48253,827,90347,0,1,27
48254,827,90360,0,2,26
48255,827,90360,0,1,25
48256,827,108686,0,1,24
48257,827,95959,0,1,23
48258,827,90355,0,1,22
48259,827,90329,0,1,21
48260,827,90331,0,1,20
48261,827,90382,0,1,19
48262,827,90366,0,2,18
48263,827,90366,0,1,17
48264,827,90348,112210,1,16
48265,827,90368,0,2,15
48266,827,90368,0,1,14
48267,827,95956,0,1,13
48268,827,110119,0,1,12
48269,827,90385,0,1,11
48270,827,90378,0,1,10
48271,827,90375,0,1,9
48272,827,109391,0,1,8
48273,827,90353,0,1,7
48274,827,90346,0,1,6
48275,827,90371,0,1,5
48276,827,90352,0,1,4
48277,827,90326,0,1,3
48278,827,90328,0,1,2
48279,827,90343,0,1,1
48348,829,109685,0,1,68
48349,829,109679,0,1,67
48350,829,90445,0,1,66
48351,829,90438,0,1,65
48352,829,92615,0,1,64
48353,829,90444,0,2,63
48354,829,90444,0,1,62
48355,829,90283,0,2,61
48356,829,90283,0,1,60
48357,829,90441,112314,1,59
48358,829,110061,0,1,58
48359,829,110062,0,2,57
48360,829,110062,0,1,56
48361,829,110063,0,1,55
48362,829,109683,135939,1,54
48363,829,90291,0,1,53
48364,829,109684,0,1,52
48365,829,90293,0,1,51
48366,829,90447,0,2,50
48367,829,90447,0,1,49
48368,829,109687,0,2,48
48369,829,109687,0,1,47
48370,829,109686,135943,1,46
48371,829,90292,0,1,45
48372,829,90282,0,1,44
48373,829,90290,0,1,43
48374,829,90267,0,1,42
48375,829,90279,0,1,41
48376,829,90273,0,1,40
48377,829,90269,0,1,39
48378,829,90276,112128,1,38
48379,829,90274,0,1,37
48380,829,90271,0,1,36
48381,829,90270,0,1,35
48382,829,108542,0,1,34
48383,829,90322,0,2,33
48384,829,90322,0,1,32
48385,829,110118,0,1,31
48386,829,108543,0,1,30
48387,829,90381,0,2,29
48388,829,90381,0,1,28
48389,829,90360,0,2,27
48390,829,90360,0,1,26
48391,829,108686,0,1,25
48392,829,90347,0,1,24
48393,829,90337,0,1,23
48394,829,90374,0,1,22
48395,829,90355,0,1,21
48396,829,90344,0,1,20
48397,829,90382,0,1,19
48398,829,90368,0,2,18
48399,829,90368,0,1,17
48400,829,95956,0,1,16
48401,829,90366,0,2,15
48402,829,90366,0,1,14
48403,829,90348,112210,1,13
48404,829,90331,0,1,12
48405,829,90385,0,1,11
48406,829,110119,0,1,10
48407,829,90375,0,1,9
48408,829,90353,0,1,8
48409,829,90332,0,1,7
48410,829,109391,0,1,6
48411,829,90371,0,1,5
48412,829,90346,0,1,4
48413,829,90352,0,1,3
48414,829,90326,0,1,2
48415,829,90328,0,1,1
48416,830,90410,0,1,68
48417,830,109968,0,1,67
48418,830,109964,0,1,66
48419,830,110203,0,1,65
48420,830,90425,0,2,64
48421,830,90425,0,1,63
48422,830,90421,0,2,62
48423,830,90421,0,1,61
48424,830,90406,0,1,60
48425,830,110058,0,1,59
48426,830,110059,0,2,58
48427,830,110059,0,1,57
48428,830,110060,0,1,56
48429,830,109966,0,1,55
48430,830,90387,0,1,54
48431,830,90412,0,1,53
48432,830,90402,0,1,52
48433,830,90407,0,1,51
48434,830,90405,0,1,50
48435,830,90427,0,1,49
48436,830,90428,0,2,48
48437,830,90428,0,1,47
48438,830,90397,0,2,46
48439,830,90397,0,1,45
48440,830,90430,0,1,44
48441,830,90408,0,1,43
48442,830,90394,112263,1,42
48443,830,90429,0,1,41
48444,830,90395,0,1,40
48445,830,90399,0,1,39
48446,830,90390,0,1,38
48447,830,90398,112267,1,37
48448,830,90396,0,1,36
48449,830,90392,0,1,35
48450,830,108542,0,1,34
48451,830,108543,0,1,33
48452,830,90373,0,2,32
48453,830,90373,0,1,31
48454,830,110118,0,1,30
48455,830,90381,0,2,29
48456,830,90381,0,1,28
48457,830,90347,0,1,27
48458,830,90360,0,2,26
48459,830,90360,0,1,25
48460,830,108686,0,1,24
48461,830,108705,136627,1,23
48462,830,90355,0,1,22
48463,830,90344,0,1,21
48464,830,90382,0,1,20
48465,830,90368,0,2,19
48466,830,90368,0,1,18
48467,830,90366,0,2,17
48468,830,90366,0,1,16
48469,830,90348,112210,1,15
48470,830,95956,0,1,14
48471,830,90331,0,1,13
48472,830,110119,0,1,12
48473,830,90385,0,1,11
48474,830,90378,0,1,10
48475,830,90375,0,1,9
48476,830,90332,0,1,8
48477,830,90352,0,1,7
48478,830,90346,0,1,6
48479,830,90353,0,1,5
48480,830,90337,0,1,4
48481,830,90371,0,1,3
48482,830,90326,0,1,2
48483,830,90328,0,1,1
48484,831,71955,0,1,68
48485,831,71924,0,2,67
48486,831,71924,0,1,66
48487,831,109848,136108,1,65
48488,831,71941,0,1,64
48489,831,71947,91457,1,63
48490,831,71918,0,1,62
48491,831,71926,0,1,61
48492,831,109842,0,2,60
48493,831,109842,0,1,59
48494,831,71956,91467,1,58
48495,831,71917,0,1,57
48496,831,71916,115459,1,56
48497,831,71937,91446,1,55
48498,831,71936,0,1,54
48499,831,109845,0,1,53
48500,831,71942,0,1,52
48501,831,110076,0,1,51
48502,831,71923,0,1,50
48503,831,110075,0,1,49
48504,831,109843,0,1,48
48505,831,110073,0,1,47
48506,831,110074,0,1,46
48507,831,109840,0,1,45
48508,831,110072,0,1,44
48509,831,110071,0,1,43
48510,831,109847,0,1,42
48511,831,109844,0,1,41
48512,831,71930,0,1,40
48513,831,71922,0,1,39
48514,831,71950,0,2,38
48515,831,71950,0,1,37
48516,831,71952,0,2,36
48517,831,71952,0,1,35
48518,831,109991,0,1,34
48519,831,109992,0,2,33
48520,831,109992,0,1,32
48521,831,109993,0,1,31
48522,831,102003,0,1,30
48523,831,71966,0,1,29
48524,831,71975,0,1,28
48525,831,71968,0,1,27
48526,831,71964,0,1,26
48527,831,101992,0,1,25
48528,831,110281,0,2,24
48529,831,110281,0,1,23
48530,831,72066,0,2,22
48531,831,72066,0,1,21
48532,831,71972,0,1,20
48533,831,71982,0,1,19
48534,831,71980,91496,1,18
48535,831,72061,0,1,17
48536,831,71971,91484,1,16
48537,831,72062,0,1,15
48538,831,71969,0,2,14
48539,831,71969,0,1,13
48540,831,71960,91473,1,12
48541,831,71985,0,1,11
48542,831,71983,0,2,10
48543,831,71983,0,1,9
48544,831,72065,0,1,8
48545,831,71979,91494,1,7
48546,831,108680,0,1,6
48547,831,72059,0,1,5
48548,831,72067,0,1,4
48549,831,72068,0,1,3
48550,831,72069,128601,1,2
48551,831,110282,0,1,1
48620,833,108537,0,2,68
48621,833,108537,0,1,67
48622,833,109478,0,1,66
48623,833,108665,0,1,65
48624,833,102472,126542,1,64
48625,833,102480,0,2,63
48626,833,102480,0,1,62
48627,833,109479,0,1,61
48628,833,109480,0,2,60
48629,833,109480,0,1,59
48630,833,109481,0,1,58
48631,833,102454,136465,1,57
48632,833,102470,0,1,56
48633,833,102451,0,1,55
48634,833,108536,0,1,54
48635,833,108535,0,2,53
48636,833,108535,0,1,52
48637,833,102465,134020,1,51
48638,833,108541,0,1,50
48639,833,102453,0,1,49
48640,833,109002,0,1,48
48641,833,102468,0,1,47
48642,833,102446,0,1,46
48643,833,102460,134025,1,45
48644,833,102469,0,1,44
48645,833,104113,0,1,43
48646,833,102449,0,1,42
48647,833,102439,0,1,41
48648,833,102473,0,1,40
48649,833,102445,0,1,39
48650,833,102471,0,1,38
48651,833,108539,0,1,37
48652,833,108538,0,1,36
48653,833,102467,0,1,35
48654,833,62087,134199,1,34
48655,833,62085,0,1,33
48656,833,62086,0,1,32
48657,833,62094,126060,1,31
48658,833,62100,0,1,30
48659,833,108664,0,1,29
48660,833,62091,0,1,28
48661,833,110080,0,1,27
48662,833,110081,0,1,26
48663,833,108658,0,1,25
48664,833,62127,0,1,24
48665,833,62096,0,1,23
48666,833,108657,0,1,22
48667,833,62098,0,1,21
48668,833,62112,0,2,20
48669,833,62112,0,1,19
48670,833,108659,0,1,18
48671,833,93524,0,1,17
48672,833,108661,0,1,16
48673,833,62105,134197,1,15
48674,833,62104,0,1,14
48675,833,101883,125818,1,13
48676,833,62116,0,1,12
48677,833,108660,0,1,11
48678,833,62114,0,2,10
48679,833,62114,0,1,9
48680,833,108654,134182,1,8
48681,833,62102,0,2,7
48682,833,62102,0,1,6
48683,833,62124,0,1,5
48684,833,62123,0,2,4
48685,833,62123,0,1,3
48686,833,62122,0,1,2
48687,833,62115,0,1,1
48688,834,108858,0,2,68
48689,834,108858,0,1,67
48690,834,109912,0,1,66
48691,834,109913,0,2,65
48692,834,109913,0,1,64
48693,834,109914,0,1,63
48694,834,62184,0,1,62
48695,834,108849,0,1,61
48696,834,108850,136839,1,60
48697,834,62185,0,1,59
48698,834,108857,0,1,58
48699,834,108852,0,2,57
48700,834,108852,0,1,56
48701,834,109916,0,1,55
48702,834,108859,0,1,54
48703,834,110258,0,1,53
48704,834,62150,0,1,52
48705,834,108860,0,1,51
48706,834,103771,128077,1,50
48707,834,62151,0,1,49
48708,834,62163,0,1,48
48709,834,62180,0,1,47
48710,834,62179,0,1,46
48711,834,62181,0,1,45
48712,834,62153,0,1,44
48713,834,62170,0,1,43
48714,834,62178,0,1,42
48715,834,108653,134180,1,41
48716,834,62177,0,1,40
48717,834,62157,0,1,39
48718,834,109915,0,1,38
48719,834,62164,0,1,37
48720,834,108864,134421,1,36
48721,834,62176,0,1,35
48722,834,62087,134199,1,34
48723,834,62085,0,1,33
48724,834,62086,0,1,32
48725,834,62094,126060,1,31
48726,834,62100,0,1,30
48727,834,108655,0,1,29
48728,834,62091,0,1,28
48729,834,108657,0,1,27
48730,834,62096,0,1,26
48731,834,110081,0,1,25
48732,834,108658,0,1,24
48733,834,62127,0,1,23
48734,834,62098,0,1,22
48735,834,62112,0,2,21
48736,834,62112,0,1,20
48737,834,108659,0,1,19
48738,834,108661,0,1,18
48739,834,62105,134197,1,17
48740,834,110079,0,1,16
48741,834,62104,0,1,15
48742,834,101883,125818,1,14
48743,834,93524,0,1,13
48744,834,62116,0,1,12
48745,834,62124,0,1,11
48746,834,108660,0,1,10
48747,834,62114,0,2,9
48748,834,62114,0,1,8
48749,834,108654,134182,1,7
48750,834,62102,0,2,6
48751,834,62102,0,1,5
48752,834,62123,0,2,4
48753,834,62123,0,1,3
48754,834,62115,0,1,2
48755,834,62122,0,1,1
48756,835,110088,0,1,68
48757,835,109395,0,1,67
48758,835,109472,0,1,66
48759,835,109471,0,2,65
48760,835,109471,0,1,64
48761,835,109473,0,1,63
48762,835,109404,0,2,62
48763,835,109404,0,1,61
48764,835,101007,124769,1,60
48765,835,100999,0,1,59
48766,835,109393,0,1,58
48767,835,109396,0,1,57
48768,835,101019,0,2,56
48769,835,101019,0,1,55
48770,835,109412,0,2,54
48771,835,109412,0,1,53
48772,835,110086,0,1,52
48773,835,109398,0,1,51
48774,835,109402,0,1,50
48775,835,109399,0,1,49
48776,835,109408,0,1,48
48777,835,101024,0,1,47
48778,835,101009,0,1,46
48779,835,109400,0,1,45
48780,835,101016,0,1,44
48781,835,101021,0,1,43
48782,835,109403,0,1,42
48783,835,101027,0,1,41
48784,835,109407,0,1,40
48785,835,100995,0,1,39
48786,835,109406,0,1,38
48787,835,109409,135602,1,37
48788,835,100989,0,1,36
48789,835,100998,0,1,35
48790,835,62091,0,1,34
48791,835,108656,0,1,33
48792,835,62094,126060,1,32
48793,835,62100,0,1,31
48794,835,62085,0,1,30
48795,835,62087,134199,1,29
48796,835,62086,0,1,28
48797,835,62110,136466,1,27
48798,835,108658,0,1,26
48799,835,110081,0,1,25
48800,835,62096,0,1,24
48801,835,108657,0,1,23
48802,835,62098,0,1,22
48803,835,62127,0,1,21
48804,835,62112,0,1,20
48805,835,108659,0,1,19
48806,835,93524,0,1,18
48807,835,108661,0,1,17
48808,835,110079,0,1,16
48809,835,62105,134197,1,15
48810,835,62104,0,1,14
48811,835,101883,125818,1,13
48812,835,62116,0,1,12
48813,835,62124,0,1,11
48814,835,62123,0,2,10
48815,835,62123,0,1,9
48816,835,108660,0,1,8
48817,835,62114,0,2,7
48818,835,62114,0,1,6
48819,835,108654,134182,1,5
48820,835,62102,0,2,4
48821,835,62102,0,1,3
48822,835,62122,0,1,2
48823,835,62115,0,1,1
48824,836,109979,0,1,68
48825,836,109980,0,2,67
48826,836,109980,0,1,66
48827,836,109981,0,1,65
48828,836,94565,0,1,64
48829,836,90644,0,1,63
48830,836,90653,0,1,62
48831,836,90655,112541,1,61
48832,836,90676,0,2,60
48833,836,90676,0,1,59
48834,836,90677,0,1,58
48835,836,90666,0,2,57
48836,836,90666,0,1,56
48837,836,90667,0,1,55
48838,836,90678,0,2,54
48839,836,90678,0,1,53
48840,836,90654,0,1,52
48841,836,90669,0,1,51
48842,836,90649,0,1,50
48843,836,90668,0,2,49
48844,836,90668,0,1,48
48845,836,90680,0,1,47
48846,836,90679,0,1,46
48847,836,90671,135731,1,45
48848,836,90663,0,1,44
48849,836,90662,0,1,43
48850,836,90681,112569,1,42
48851,836,90647,0,1,41
48852,836,90661,0,1,40
48853,836,90755,0,1,39
48854,836,90645,0,1,38
48855,836,90648,0,1,37
48856,836,90659,0,1,36
48857,836,90683,0,1,35
48858,836,90638,112523,1,34
48859,836,90639,0,2,33
48860,836,90639,0,1,32
48861,836,90640,0,1,31
48862,836,90750,0,1,30
48863,836,90751,0,2,29
48864,836,90751,0,1,28
48865,836,90756,0,1,27
48866,836,90759,0,2,26
48867,836,90759,0,1,25
48868,836,90758,0,1,24
48869,836,90754,0,1,23
48870,836,101714,0,1,22
48871,836,90740,0,1,21
48872,836,90744,0,1,20
48873,836,90741,117740,1,19
48874,836,90760,0,1,18
48875,836,110323,0,1,17
48876,836,90697,0,1,16
48877,836,90763,112656,1,15
48878,836,90752,0,1,14
48879,836,90743,0,1,13
48880,836,90692,117152,1,12
48881,836,94562,0,1,11
48882,836,90747,0,1,10
48883,836,90762,0,1,9
48884,836,90687,0,1,8
48885,836,90745,0,1,7
48886,836,90636,0,1,6
48887,836,90746,0,1,5
48888,836,90686,117143,1,4
48889,836,90695,0,1,3
48890,836,90742,114737,1,2
48891,836,90764,0,1,1
48892,837,109982,0,1,68
48893,837,109983,0,2,67
48894,837,109983,0,1,66
48895,837,109984,0,1,65
48896,837,90776,0,1,64
48897,837,94553,0,1,63
48898,837,90767,112660,1,62
48899,837,90766,0,2,61
48900,837,90766,0,1,60
48901,837,94551,0,1,59
48902,837,90775,0,2,58
48903,837,90775,0,1,57
48904,837,90622,0,1,56
48905,837,90770,0,1,55
48906,837,90772,0,2,54
48907,837,90772,0,1,53
48908,837,90626,0,1,52
48909,837,94555,0,1,51
48910,837,90777,0,1,50
48911,837,90779,0,1,49
48912,837,90768,0,1,48
48913,837,90624,0,2,47
48914,837,90624,0,1,46
48915,837,94554,0,1,45
48916,837,90633,0,1,44
48917,837,90769,0,1,43
48918,837,90634,112519,1,42
48919,837,94556,0,1,41
48920,837,90625,0,1,40
48921,837,90757,0,1,39
48922,837,94557,0,1,38
48923,837,94536,0,1,37
48924,837,90628,0,1,36
48925,837,90783,0,1,35
48926,837,90638,112523,1,34
48927,837,90639,0,2,33
48928,837,90639,0,1,32
48929,837,90640,0,1,31
48930,837,90750,0,1,30
48931,837,90751,0,2,29
48932,837,90751,0,1,28
48933,837,90756,0,1,27
48934,837,90759,0,2,26
48935,837,90759,0,1,25
48936,837,90758,0,1,24
48937,837,90754,0,1,23
48938,837,90744,0,1,22
48939,837,101714,0,1,21
48940,837,90741,117740,1,20
48941,837,90684,0,1,19
48942,837,110323,0,1,18
48943,837,90687,0,1,17
48944,837,90760,0,1,16
48945,837,90763,112656,1,15
48946,837,90752,0,1,14
48947,837,90692,117152,1,13
48948,837,90743,0,1,12
48949,837,94562,0,1,11
48950,837,90747,0,1,10
48951,837,90762,0,1,9
48952,837,90745,0,1,8
48953,837,90636,0,1,7
48954,837,90746,0,1,6
48955,837,90686,117143,1,5
48956,837,90695,0,1,4
48957,837,90697,0,1,3
48958,837,90742,114737,1,2
48959,837,90764,0,1,1
48960,838,109445,0,1,82
48961,838,109448,135659,1,81
48962,838,109454,0,1,80
48963,838,109444,0,1,79
48964,838,109450,136810,1,78
48965,838,109453,0,1,77
48966,838,109443,0,1,76
48967,838,109451,0,1,75
48968,838,109452,0,1,74
48969,838,109442,0,1,73
48970,838,109446,0,1,72
48971,838,109447,0,1,71
48972,838,109455,0,1,70
48973,838,99823,134253,1,69
48974,838,90979,0,1,68
48975,838,90961,0,1,67
48976,838,90962,0,2,66
48977,838,90962,0,1,65
48978,838,90983,0,1,64
48979,838,110013,0,1,63
48980,838,110014,0,2,62
48981,838,110014,0,1,61
48982,838,110015,0,1,60
48983,838,90959,0,1,59
48984,838,90980,0,1,58
48985,838,90981,0,2,57
48986,838,90981,0,1,56
48987,838,90975,0,1,55
48988,838,90956,112870,1,54
48989,838,90978,0,1,53
48990,838,90964,0,1,52
48991,838,90955,0,1,51
48992,838,90987,0,1,50
48993,838,90958,0,2,49
48994,838,90958,0,1,48
48995,838,90974,0,1,47
48996,838,90986,0,1,46
48997,838,90977,0,1,45
48998,838,90971,0,1,44
48999,838,90966,0,1,43
49000,838,90968,0,1,42
49001,838,90988,112904,1,41
49002,838,90967,0,1,40
49003,838,90951,0,1,39
49004,838,90989,0,1,38
49005,838,90970,0,1,37
49006,838,90990,0,1,36
49007,838,90991,0,1,35
49008,838,91001,112919,1,34
49009,838,91002,0,1,33
49010,838,90928,0,1,32
49011,838,90929,0,1,31
49012,838,110010,0,1,30
49013,838,90996,0,2,29
49014,838,90996,0,1,28
49015,838,90934,0,1,27
49016,838,110011,0,1,26
49017,838,95152,0,1,25
49018,838,91007,0,1,24
49019,838,90945,0,1,23
49020,838,95151,0,1,22
49021,838,90937,0,1,21
49022,838,90933,0,1,20
49023,838,90940,0,1,19
49024,838,90994,117768,1,18
49025,838,90935,0,2,17
49026,838,90935,0,1,16
49027,838,91000,0,2,15
49028,838,91000,0,1,14
49029,838,91004,0,2,13
49030,838,91004,0,1,12
49031,838,90936,0,2,11
49032,838,90936,0,1,10
49033,838,95150,0,1,9
49034,838,90938,0,1,8
49035,838,90999,0,1,7
49036,838,90948,0,1,6
49037,838,90950,0,1,5
49038,838,108729,0,1,4
49039,838,90931,0,1,3
49040,838,90941,0,1,2
49041,838,108722,0,1,1
49042,839,94909,0,1,82
49043,839,94916,0,1,81
49044,839,94899,124010,1,80
49045,839,109772,0,1,79
49046,839,109774,0,1,78
49047,839,109773,0,1,77
49048,839,94902,124009,1,76
49049,839,94912,0,1,75
49050,839,94901,0,1,74
49051,839,94904,0,1,73
49052,839,94918,0,1,72
49053,839,94905,0,1,71
49054,839,94913,124011,1,70
49055,839,99824,123329,1,69
49056,839,91035,0,1,68
49057,839,91031,112954,1,67
49058,839,95143,0,1,66
49059,839,95147,0,2,65
49060,839,95147,0,1,64
49061,839,90918,0,1,63
49062,839,91034,0,2,62
49063,839,91034,0,1,61
49064,839,91032,0,1,60
49065,839,91024,117765,1,59
49066,839,110016,0,1,58
49067,839,110017,0,2,57
49068,839,110017,0,1,56
49069,839,110018,0,1,55
49070,839,90917,0,1,54
49071,839,90916,0,1,53
49072,839,91025,0,1,52
49073,839,91013,0,1,51
49074,839,90914,0,1,50
49075,839,91015,0,2,49
49076,839,91015,0,1,48
49077,839,90915,0,1,47
49078,839,90921,0,1,46
49079,839,91026,0,2,45
49080,839,91026,0,1,44
49081,839,90922,0,1,43
49082,839,93015,115246,1,42
49083,839,93016,0,1,41
49084,839,91030,0,1,40
49085,839,91028,0,1,39
49086,839,91017,0,1,38
49087,839,90925,0,1,37
49088,839,90923,0,1,36
49089,839,91018,0,1,35
49090,839,91001,112919,1,34
49091,839,91002,0,1,33
49092,839,90928,0,1,32
49093,839,90929,0,1,31
49094,839,110010,0,1,30
49095,839,90996,0,2,29
49096,839,90996,0,1,28
49097,839,90934,0,1,27
49098,839,110011,0,1,26
49099,839,95152,0,1,25
49100,839,90939,0,1,24
49101,839,91003,0,1,23
49102,839,90945,0,1,22
49103,839,90946,0,1,21
49104,839,90937,0,1,20
49105,839,90935,0,2,19
49106,839,90935,0,1,18
49107,839,91000,0,2,17
49108,839,91000,0,1,16
49109,839,90940,0,1,15
49110,839,95154,0,1,14
49111,839,90927,136502,1,13
49112,839,90933,0,1,12
49113,839,90936,0,2,11
49114,839,90936,0,1,10
49115,839,95150,0,1,9
49116,839,90999,0,1,8
49117,839,90948,0,1,7
49118,839,90950,0,1,6
49119,839,90938,0,1,5
49120,839,90993,0,1,4
49121,839,90931,0,1,3
49122,839,90941,0,1,2
49123,839,91008,0,1,1
49124,840,95116,120132,1,82
49125,840,95133,0,1,81
49126,840,95141,120130,1,80
49127,840,109763,0,1,79
49128,840,109764,0,1,78
49129,840,109765,0,1,77
49130,840,95118,0,1,76
49131,840,95134,117731,1,75
49132,840,95121,0,1,74
49133,840,95115,0,1,73
49134,840,95128,0,1,72
49135,840,95137,117734,1,71
49136,840,95111,0,1,70
49137,840,99842,123370,1,69
49138,840,90720,0,2,68
49139,840,90720,0,1,67
49140,840,90718,0,1,66
49141,840,90730,0,1,65
49142,840,90706,0,2,64
49143,840,90706,0,1,63
49144,840,94580,0,1,62
49145,840,90732,0,2,61
49146,840,90732,0,1,60
49147,840,90707,0,1,59
49148,840,109985,0,1,58
49149,840,109986,0,2,57
49150,840,109986,0,1,56
49151,840,109987,0,1,55
49152,840,90715,0,1,54
49153,840,90716,0,1,53
49154,840,90717,0,1,52
49155,840,90738,0,1,51
49156,840,90737,0,1,50
49157,840,90724,0,1,49
49158,840,101715,0,1,48
49159,840,90734,0,1,47
49160,840,90727,0,1,46
49161,840,90723,0,1,45
49162,840,90722,0,1,44
49163,840,90709,0,1,43
49164,840,90701,136807,1,42
49165,840,90728,112616,1,41
49166,840,90733,112621,1,40
49167,840,94582,0,1,39
49168,840,90710,0,1,38
49169,840,90739,0,1,37
49170,840,90726,0,1,36
49171,840,90690,0,1,35
49172,840,90758,0,1,34
49173,840,90638,112523,1,33
49174,840,90639,0,2,32
49175,840,90639,0,1,31
49176,840,90640,0,1,30
49177,840,90748,0,1,29
49178,840,90749,0,2,28
49179,840,90749,0,1,27
49180,840,90750,0,1,26
49181,840,90751,0,2,25
49182,840,90751,0,1,24
49183,840,101714,0,1,23
49184,840,90754,0,1,22
49185,840,90684,0,1,21
49186,840,90760,0,1,20
49187,840,90763,112656,1,19
49188,840,110324,0,1,18
49189,840,90687,0,1,17
49190,840,110323,0,1,16
49191,840,90744,0,1,15
49192,840,90692,112580,1,14
49193,840,94562,0,1,13
49194,840,90747,0,1,12
49195,840,90752,0,1,11
49196,840,90743,0,1,10
49197,840,90762,0,1,9
49198,840,90746,0,1,8
49199,840,90686,112574,1,7
49200,840,90745,0,1,6
49201,840,90636,0,1,5
49202,840,90742,114737,1,4
49203,840,90695,0,1,3
49204,840,90764,0,1,2
49205,840,90740,0,1,1
49274,842,102371,0,1,68
49275,842,102375,0,1,67
49276,842,102364,0,2,66
49277,842,102364,0,1,65
49278,842,110180,0,1,64
49279,842,110181,0,2,63
49280,842,110181,0,1,62
49281,842,110182,0,1,61
49282,842,102339,126400,1,60
49283,842,102362,0,1,59
49284,842,102336,0,2,58
49285,842,102336,0,1,57
49286,842,102365,0,1,56
49287,842,102345,0,2,55
49288,842,102345,0,1,54
49289,842,102372,0,1,53
49290,842,102353,0,1,52
49291,842,102374,0,1,51
49292,842,102373,0,1,50
49293,842,102337,0,1,49
49294,842,102355,0,1,48
49295,842,102341,0,1,47
49296,842,102342,0,1,46
49297,842,102357,0,1,45
49298,842,102354,0,1,44
49299,842,102340,0,1,43
49300,842,102363,0,1,42
49301,842,102368,0,1,41
49302,842,102376,0,1,40
49303,842,102347,0,1,39
49304,842,102343,0,1,38
49305,842,102377,0,1,37
49306,842,110158,136679,1,36
49307,842,102346,0,1,35
49308,842,102387,0,1,34
49309,842,110164,136685,1,33
49310,842,102416,0,2,32
49311,842,102416,0,1,31
49312,842,102409,0,2,30
49313,842,102409,0,1,29
49314,842,102394,126458,1,28
49315,842,102397,0,1,27
49316,842,102391,0,1,26
49317,842,110155,136674,1,25
49318,842,109486,0,1,24
49319,842,102424,0,1,23
49320,842,102390,0,1,22
49321,842,109483,0,1,21
49322,842,109487,0,2,20
49323,842,109487,0,1,19
49324,842,102396,0,2,18
49325,842,102396,0,1,17
49326,842,102395,0,1,16
49327,842,109484,0,2,15
49328,842,109484,0,1,14
49329,842,102404,0,1,13
49330,842,102380,0,1,12
49331,842,102292,0,1,11
49332,842,102384,0,2,10
49333,842,102384,0,1,9
49334,842,102423,0,1,8
49335,842,109485,0,1,7
49336,842,110157,0,1,6
49337,842,102401,0,2,5
49338,842,102401,0,1,4
49339,842,102406,0,1,3
49340,842,102411,0,1,2
49341,842,102381,0,1,1
