UiMin[0],UiMin[1],UiMax[0],UiMax[1],ID,ParentUiMapID,OrderIndex,ChildUiMapID,OverrideHighlightFdID,OverrideHighlightAtlasID,Flags
0.42,0.35,0.6,0.635,1,947,0,948,462282,0,0
0.3044,0.2096,0.4321,0.3373,2,948,0,276,0,0,0
0.4491018,0.19461077,0.6087824,0.3542914,3,948,1,207,0,0,0
0.185529,0.568862,0.54481,0.928144,4,948,2,194,0,0,0
0.0248503,0.398204,0.274351,0.647705,5,948,3,174,0,0,0
0.5,0.5,1,1,131,946,0,947,0,12261,0
0,0,0.5,0.5,132,946,1,1467,0,12260,0
0.19,0.135,0.338,0.455,165,127,0,125,0,0,0
